Nr,TID,PID,x [micron],y [micron],t [sec],c [idx],I [val],Len [micron],D2S [micron],D2R [micron],D2P [micron],v [micron/sec],α [deg],Δα [deg]
1,1,1,530.633,318.683,0,2,62,0,0,NA,NA,NA,NA,NA
2,1,2,527.6,318.683,300.012,2,26,3.033,3.033,NA,3.033,0.01,180,NA
3,1,3,521.533,312.996,600.023,2,25,11.349,10.731,NA,8.316,0.028,-136.848,43.152
4,1,4,518.121,312.996,900.035,2,88,14.761,13.744,NA,3.412,0.011,180,-43.152
5,1,5,507.504,321.716,1200.046,2,32,28.5,23.327,NA,13.739,0.046,140.599,-39.401
6,1,6,496.129,325.887,1500.058,2,34,40.616,35.248,NA,12.115,0.04,159.864,19.264
7,1,7,494.234,309.583,1800.069,2,28,57.029,37.519,NA,16.414,0.055,-96.633,103.504
8,1,8,497.646,303.138,2100.081,2,59,64.322,36.466,NA,7.293,0.024,-62.103,34.53
9,1,9,502.954,293.659,2400.092,2,70,75.187,37.314,NA,10.864,0.036,-60.751,1.352
10,1,10,503.713,290.625,2700.104,2,64,78.313,38.884,NA,3.127,0.01,-75.964,-15.213
11,1,11,503.713,285.696,3000.115,2,65,83.242,42.577,NA,4.929,0.016,-90,-14.036
12,1,12,511.675,278.113,3300.127,2,103,94.238,44.781,NA,10.996,0.037,-43.603,46.397
13,1,13,507.883,272.426,3600.138,2,160,101.073,51.549,NA,6.835,0.023,-123.69,-80.087
14,1,14,502.196,268.634,3900.15,2,179,107.909,57.564,NA,6.835,0.023,-146.31,-22.62
15,1,15,496.509,268.634,4200.161,2,117,113.596,60.575,NA,5.687,0.019,180,-33.69
16,1,16,495.371,264.084,4500.173,2,148,118.286,64.996,NA,4.69,0.016,-104.036,75.964
17,1,17,491.959,261.809,4800.184,2,177,122.387,68.777,NA,4.101,0.014,-146.31,-42.274
18,1,18,487.03,252.33,5100.196,2,132,133.071,79.397,NA,10.684,0.036,-117.474,28.836
19,1,19,481.721,254.226,5400.207,2,157,138.708,80.914,NA,5.637,0.019,160.346,-82.179
20,1,20,476.792,254.226,5700.219,2,130,143.637,83.985,NA,4.929,0.016,180,19.654
21,1,21,471.484,254.226,6000.23,2,116,148.945,87.483,NA,5.308,0.018,180,0
22,1,22,467.692,256.88,6300.242,2,92,153.573,88.21,NA,4.628,0.015,145.008,-34.992
23,1,23,460.868,254.605,6600.253,2,151,160.767,94.727,NA,7.194,0.024,-161.565,53.427
24,1,24,457.076,254.605,6900.265,2,94,164.559,97.553,NA,3.792,0.013,180,-18.435
25,1,25,448.735,254.605,7200.276,2,55,172.9,103.987,NA,8.341,0.028,180,0
26,1,26,436.222,253.468,7500.288,2,85,185.464,114.745,NA,12.564,0.042,-174.806,5.194
27,1,27,428.26,251.572,7800.299,2,82,193.649,122.41,NA,8.185,0.027,-166.608,8.198
28,1,28,423.331,251.572,8100.311,2,63,198.578,126.561,NA,4.929,0.016,180,-13.392
29,1,29,423.141,247.401,8400.322,2,121,202.753,128.979,NA,4.175,0.014,-92.603,87.397
30,1,30,421.435,246.264,8700.334,2,104,204.804,131.029,NA,2.051,0.007,-146.31,-53.707
31,1,31,414.61,245.695,9000.345,2,80,211.652,137.071,NA,6.849,0.023,-175.236,-28.926
32,1,32,404.942,245.695,9300.357,2,40,221.321,145.346,NA,9.669,0.032,180,-4.764
33,1,33,398.686,237.164,9600.368,2,86,231.9,155.098,NA,10.579,0.035,-126.254,53.746
34,1,34,398.686,237.164,9900.38,2,55,231.9,155.098,NA,0,0,0,126.254
35,1,35,386.173,237.164,10200.391,2,87,244.412,165.873,NA,12.512,0.042,180,180
36,1,36,381.623,237.164,10500.403,2,91,248.962,169.85,NA,4.55,0.015,180,0
37,1,37,371.386,237.164,10800.414,2,81,259.199,178.899,NA,10.237,0.034,180,0
38,1,38,371.386,237.164,11100.426,2,96,259.199,178.899,NA,0,0,0,-180
39,1,39,359.443,237.164,11400.437,2,134,271.143,189.609,NA,11.944,0.04,180,180
40,1,40,352.618,237.164,11700.449,2,99,277.968,195.793,NA,6.825,0.023,180,0
41,1,41,346.93,237.164,12000.46,2,111,283.655,200.978,NA,5.687,0.019,180,0
42,1,42,342.949,234.32,12300.472,2,67,288.548,205.772,NA,4.892,0.016,-144.462,35.538
43,1,43,339.537,230.908,12600.483,2,97,293.374,210.291,NA,4.826,0.016,-135,9.462
44,1,44,331.574,230.908,12900.495,2,94,301.336,217.552,NA,7.962,0.027,180,-45
45,1,45,327.593,231.476,13200.506,2,98,305.358,220.975,NA,4.022,0.013,171.87,-8.13
46,1,46,316.218,231.476,13500.518,2,97,316.732,231.47,NA,11.375,0.038,180,8.13
47,1,47,307.687,230.908,13800.529,2,112,325.282,239.602,NA,8.55,0.028,-176.186,3.814
48,1,48,302,228.633,14100.541,2,90,331.408,245.727,NA,6.125,0.02,-158.199,17.987
49,1,49,295.744,228.633,14400.552,2,110,337.664,251.559,NA,6.256,0.021,180,-21.801
50,1,50,290.625,228.633,14700.564,2,99,342.783,256.345,NA,5.119,0.017,180,0
51,1,51,285.507,228.633,15000.575,2,192,347.901,261.143,NA,5.119,0.017,180,0
52,1,52,281.525,228.064,15300.587,2,133,351.923,265.078,NA,4.022,0.013,-171.87,8.13
53,1,53,280.957,224.652,15600.598,2,118,355.382,266.796,NA,3.459,0.012,-99.462,72.408
54,1,54,272.426,224.652,15900.61,2,158,363.913,274.796,NA,8.531,0.028,180,-80.538
55,1,55,272.426,224.652,16200.621,2,91,363.913,274.796,NA,0,0,0,-180
56,1,56,264.463,224.652,16500.633,2,133,371.876,282.291,NA,7.962,0.027,180,180
57,1,57,262.757,224.652,16800.644,2,84,373.582,283.9,NA,1.706,0.006,180,0
58,1,58,247.97,224.652,17100.656,2,106,388.369,297.893,NA,14.787,0.049,180,0
59,1,59,245.126,226.927,17400.667,2,95,392.011,299.889,NA,3.642,0.012,141.34,-38.66
60,1,60,245.126,226.927,17700.679,2,76,392.011,299.889,NA,0,0,0,-141.34
61,1,61,243.42,231.476,18000.69,2,61,396.87,300.16,NA,4.859,0.016,110.556,110.556
62,1,62,237.164,234.32,18300.702,2,149,403.742,305.354,NA,6.872,0.023,155.556,45
63,1,63,226.358,234.32,18600.713,2,47,414.548,315.754,NA,10.806,0.036,180,24.444
64,1,64,226.358,234.32,18900.725,2,48,414.548,315.754,NA,0,0,0,-180
65,1,65,226.358,233.183,19200.736,2,36,415.686,316.059,NA,1.137,0.004,-90,-90
66,1,66,226.358,229.77,19500.748,2,139,419.098,317,NA,3.412,0.011,-90,0
67,1,67,218.395,229.77,19800.759,2,176,427.06,324.65,NA,7.962,0.027,180,-90
68,1,68,218.395,229.77,20100.771,2,81,427.06,324.65,NA,0,0,0,-180
69,1,69,216.689,232.045,20400.782,2,132,429.904,325.679,NA,2.844,0.009,126.87,126.87
70,1,70,215.552,232.045,20700.794,2,59,431.042,326.775,NA,1.137,0.004,180,53.13
71,1,71,214.414,233.183,21000.805,2,122,432.65,327.574,NA,1.609,0.005,135,-45
72,1,72,210.433,233.183,21300.817,2,119,436.631,331.418,NA,3.981,0.013,180,45
73,1,73,203.608,233.183,21600.828,2,84,443.456,338.017,NA,6.825,0.023,180,0
74,1,74,196.215,228.064,21900.84,2,101,452.449,346.478,NA,8.993,0.03,-145.305,34.695
75,1,75,189.959,228.064,22200.851,2,42,458.705,352.521,NA,6.256,0.021,180,-34.695
76,1,76,182.565,231.476,22500.863,2,54,466.848,358.826,NA,8.143,0.027,155.225,-24.775
77,1,77,176.309,231.476,22800.874,2,107,473.104,364.898,NA,6.256,0.021,180,24.775
78,1,78,175.171,231.476,23100.886,2,94,474.242,366.002,NA,1.137,0.004,180,0
79,1,79,175.171,231.476,23400.897,2,97,474.242,366.002,NA,0,0,0,-180
80,1,80,172.328,230.339,23700.909,2,102,477.304,369.036,NA,3.063,0.01,-158.199,-158.199
81,1,81,167.778,229.77,24000.92,2,147,481.89,373.59,NA,4.585,0.015,-172.875,-14.676
82,1,82,165.503,226.358,24300.932,2,85,485.991,376.622,NA,4.101,0.014,-123.69,49.185
83,1,83,165.503,226.358,24600.943,2,88,485.991,376.622,NA,0,0,0,123.69
84,1,84,164.365,226.358,24900.955,2,68,487.128,377.724,NA,1.137,0.004,180,180
85,1,85,162.09,230.908,25200.966,2,45,492.215,378.851,NA,5.087,0.017,116.565,-63.435
86,1,86,156.403,232.614,25500.978,2,70,498.153,384,NA,5.938,0.02,163.301,46.736
87,1,87,152.422,232.614,25800.989,2,85,502.134,387.881,NA,3.981,0.013,180,16.699
88,1,88,152.422,232.614,26101.001,2,78,502.134,387.881,NA,0,0,0,-180
89,1,89,145.597,232.614,26401.012,2,88,508.959,394.538,NA,6.825,0.023,180,180
90,1,90,138.772,232.614,26701.024,2,57,515.784,401.202,NA,6.825,0.023,180,0
91,1,91,133.085,233.183,27001.035,2,54,521.5,406.638,NA,5.716,0.019,174.289,-5.711
92,1,92,133.085,233.183,27301.047,2,91,521.5,406.638,NA,0,0,0,-174.289
93,1,93,133.085,234.32,27601.058,2,62,522.637,406.401,NA,1.137,0.004,90,90
94,1,94,133.085,236.026,27901.07,2,69,524.344,406.05,NA,1.706,0.006,90,0
95,1,95,133.085,236.026,28201.081,2,108,524.344,406.05,NA,0,0,0,-90
96,1,96,130.241,237.164,28501.093,2,103,527.406,408.606,NA,3.063,0.01,158.199,158.199
97,1,97,130.241,237.164,28801.104,2,73,527.406,408.606,NA,0,0,0,-158.199
98,1,98,122.847,237.164,29101.116,2,38,534.8,415.854,NA,7.394,0.025,180,180
99,1,99,113.179,220.102,29401.128,2,98,554.411,428.936,NA,19.611,0.065,-119.539,60.461
100,1,100,118.866,217.258,29701.139,2,23,560.77,424.074,NA,6.359,0.021,-26.565,92.974
101,1,101,115.454,216.121,30001.151,2,15,564.367,427.659,NA,3.597,0.012,-161.565,-135
102,1,102,109.766,216.121,30301.162,2,26,570.054,433.183,NA,5.687,0.019,180,-18.435
103,1,103,105.217,207.021,30601.174,2,39,580.228,439.827,NA,10.174,0.034,-116.565,63.435
104,1,104,105.217,197.921,30901.185,2,24,589.328,442.224,NA,9.1,0.03,-90,26.565
105,1,105,105.217,197.921,31201.197,2,21,589.328,442.224,NA,0,0,0,90
106,1,106,105.785,193.94,31501.208,2,36,593.349,442.782,NA,4.022,0.013,-81.87,-81.87
107,1,107,104.079,180.859,31801.22,2,27,606.541,448.267,NA,13.192,0.044,-97.431,-15.562
108,1,108,104.079,171.19,32101.231,2,42,616.21,451.334,NA,9.669,0.032,-90,7.431
109,1,109,98.96,171.759,32401.243,2,72,621.36,455.991,NA,5.15,0.017,173.66,-96.34
110,1,110,98.96,161.522,32701.254,2,57,631.597,459.392,NA,10.237,0.034,-90,96.34
111,1,111,98.96,161.522,33001.266,2,20,631.597,459.392,NA,0,0,0,90
112,1,112,85.879,161.522,33301.277,2,25,644.678,471.705,NA,13.081,0.044,180,180
113,1,113,82.467,160.953,33601.289,2,30,648.138,475.112,NA,3.459,0.012,-170.538,9.462
114,1,114,81.33,151.284,33901.3,2,50,657.873,479.474,NA,9.735,0.032,-96.71,73.828
115,1,115,74.505,149.009,34201.312,2,29,665.067,486.664,NA,7.194,0.024,-161.565,-64.855
116,1,116,70.524,142.753,34501.323,2,16,672.482,492.597,NA,7.415,0.025,-122.471,39.094
117,1,117,65.974,138.772,34801.335,2,19,678.528,498.273,NA,6.046,0.02,-138.814,-16.343
118,1,118,63.13,142.185,35101.346,2,25,682.97,499.711,NA,4.442,0.015,129.806,-91.38
119,1,119,63.13,143.322,35401.358,2,16,684.108,499.31,NA,1.137,0.004,90,-39.806
120,1,120,55.168,145.028,35701.369,2,34,692.251,506.185,NA,8.143,0.027,167.905,77.905
121,1,121,55.168,145.028,36001.381,2,12,692.251,506.185,NA,0,0,0,-167.905
122,1,122,50.049,126.829,36301.392,2,16,711.156,517.464,NA,18.906,0.063,-105.709,-105.709
123,1,123,42.087,131.947,36601.404,2,41,720.622,523.018,NA,9.466,0.032,147.265,-107.027
124,1,124,34.693,131.947,36901.415,2,14,728.016,529.931,NA,7.394,0.025,180,32.735
125,1,125,31.849,136.497,37201.427,2,12,733.381,531.015,NA,5.365,0.018,122.005,-57.995
126,1,126,25.593,137.066,37501.438,2,6,739.663,536.703,NA,6.282,0.021,174.806,52.8
127,1,127,10.806,116.591,37801.45,2,39,764.919,557.728,NA,25.256,0.084,-125.838,59.357
128,1,128,6.256,107.112,38101.461,2,37,775.434,565.449,NA,10.514,0.035,-115.641,10.197
129,1,129,1.706,102.562,38401.473,2,26,781.868,571.377,NA,6.435,0.021,-135,-19.359
130,1,130,0.948,92.325,38701.484,2,28,792.133,576.024,NA,10.265,0.034,-94.236,40.764
131,1,131,3.223,73.367,39001.496,2,22,811.227,581.671,NA,19.094,0.064,-83.157,11.079
132,1,132,3.223,60.476,39301.507,2,20,824.119,587.224,NA,12.891,0.043,-90,-6.843
133,1,133,2.465,59.718,39601.519,2,25,825.191,588.239,NA,1.072,0.004,-135,-45
134,1,134,0,59.718,39901.53,2,32,827.656,590.453,NA,2.465,0.008,180,-45
135,1,135,0,69.196,40201.542,2,14,837.135,586.357,NA,9.479,0.032,90,-90
136,2,1,564.188,350.343,0,2,78,0,0,NA,NA,NA,NA,NA
137,2,2,559.07,345.224,300.012,2,82,7.239,7.239,NA,7.239,0.024,-135,NA
138,2,3,554.52,330.437,600.023,2,89,22.71,22.13,NA,15.471,0.052,-107.103,27.897
139,2,4,551.676,325.887,900.035,2,57,28.076,27.471,NA,5.365,0.018,-122.005,-14.903
140,2,5,547.411,322.475,1200.046,2,31,33.538,32.529,NA,5.463,0.018,-141.34,-19.335
141,2,6,543.429,316.218,1500.058,2,30,40.954,39.942,NA,7.415,0.025,-122.471,18.869
142,2,7,538.595,306.55,1800.069,2,12,51.763,50.723,NA,10.81,0.036,-116.565,5.906
143,2,8,536.889,294.606,2100.081,2,44,63.828,62.063,NA,12.065,0.04,-98.13,18.435
144,2,9,540.301,291.763,2400.092,2,43,68.27,63.263,NA,4.442,0.015,-39.806,58.325
145,2,10,547.316,282.663,2700.104,2,72,79.76,69.751,NA,11.49,0.038,-52.374,-12.568
146,2,11,544.283,278.113,3000.115,2,36,85.228,74.922,NA,5.468,0.018,-123.69,-71.316
147,2,12,543.145,272.046,3300.127,2,40,91.4,81.075,NA,6.172,0.021,-100.62,23.07
148,2,13,536.32,264.463,3600.138,2,38,101.602,90.288,NA,10.202,0.034,-131.987,-31.368
149,2,14,536.32,264.084,3900.15,2,57,101.982,90.649,NA,0.379,0.001,-90,41.987
150,2,15,526.841,253.847,4200.161,2,43,115.933,103.471,NA,13.952,0.047,-132.797,-42.797
151,2,16,526.841,241.714,4500.173,2,50,128.066,114.87,NA,12.133,0.04,-90,42.797
152,2,17,526.841,241.714,4800.184,2,58,128.066,114.87,NA,0,0,0,90
153,2,18,523.808,238.301,5100.196,2,47,132.632,119.096,NA,4.566,0.015,-131.634,-131.634
154,2,19,518.5,238.301,5400.207,2,52,137.94,120.999,NA,5.308,0.018,180,-48.366
155,2,20,512.054,238.301,5700.219,2,54,144.386,123.577,NA,6.446,0.021,180,0
156,2,21,504.85,235.268,6000.23,2,50,152.203,129.473,NA,7.817,0.026,-157.166,22.834
157,2,22,504.85,235.268,6300.242,2,19,152.203,129.473,NA,0,0,0,157.166
158,2,23,493.475,234.131,6600.253,2,27,163.634,136.035,NA,11.431,0.038,-174.289,-174.289
159,2,24,492.338,228.064,6900.265,2,38,169.806,141.826,NA,6.172,0.021,-100.62,73.67
160,2,25,486.65,228.064,7200.276,2,50,175.494,144.79,NA,5.687,0.019,180,-79.38
161,2,26,486.65,228.064,7500.288,2,33,175.494,144.79,NA,0,0,0,-180
162,2,27,480.963,228.064,7800.299,2,50,181.181,147.914,NA,5.687,0.019,180,180
163,2,28,474.138,228.443,8100.311,2,122,188.017,151.554,NA,6.835,0.023,176.82,-3.18
164,2,29,463.522,225.031,8400.322,2,47,199.168,160.739,NA,11.151,0.037,-162.181,20.999
165,2,30,463.522,225.031,8700.334,2,37,199.168,160.739,NA,0,0,0,162.181
166,2,31,452.905,225.031,9000.345,2,59,209.784,167.592,NA,10.616,0.035,180,180
167,2,32,446.839,220.102,9300.357,2,52,217.601,175.31,NA,7.817,0.026,-140.906,39.094
168,2,33,445.701,218.206,9600.368,2,46,219.812,177.481,NA,2.211,0.007,-120.964,19.942
169,2,34,445.701,218.206,9900.38,2,40,219.812,177.481,NA,0,0,0,120.964
170,2,35,437.36,219.343,10200.391,2,95,228.23,182.336,NA,8.419,0.028,172.235,172.235
171,2,36,433.189,220.102,10500.403,2,96,232.47,184.726,NA,4.239,0.014,169.695,-2.54
172,2,37,424.468,220.102,10800.414,2,72,241.19,191.009,NA,8.721,0.029,180,10.305
173,2,38,420.677,220.102,11100.426,2,50,244.982,193.8,NA,3.792,0.013,180,0
174,2,39,417.454,218.395,11400.437,2,25,248.628,197.335,NA,3.647,0.012,-152.103,27.897
175,2,40,411.198,218.395,11700.449,2,59,254.885,202.03,NA,6.256,0.021,180,-27.897
176,2,41,406.079,221.239,12000.46,2,65,260.74,204.123,NA,5.856,0.02,150.945,-29.055
177,2,42,404.373,221.239,12300.472,2,98,262.446,205.448,NA,1.706,0.006,180,29.055
178,2,43,397.548,221.239,12600.483,2,107,269.271,210.8,NA,6.825,0.023,180,0
179,2,44,393.567,220.67,12900.495,2,132,273.293,214.305,NA,4.022,0.013,-171.87,8.13
180,2,45,393.567,220.67,13200.506,2,43,273.293,214.305,NA,0,0,0,171.87
181,2,46,382.192,220.67,13500.518,2,78,284.668,223.467,NA,11.375,0.038,180,180
182,2,47,379.348,217.258,13800.529,2,40,289.11,227.766,NA,4.442,0.015,-129.806,50.194
183,2,48,377.642,216.121,14100.541,2,60,291.16,229.815,NA,2.051,0.007,-146.31,-16.504
184,2,49,373.661,213.846,14400.552,2,41,295.745,234.376,NA,4.585,0.015,-150.255,-3.945
185,2,50,373.661,213.846,14700.564,2,54,295.745,234.376,NA,0,0,0,150.255
186,2,51,370.817,210.433,15000.575,2,90,300.187,238.678,NA,4.442,0.015,-129.806,-129.806
187,2,52,362.855,208.727,15300.587,2,43,308.331,246.151,NA,8.143,0.027,-167.905,-38.1
188,2,53,360.011,206.452,15600.598,2,37,311.972,249.786,NA,3.642,0.012,-141.34,26.565
189,2,54,360.011,206.452,15900.61,2,46,311.972,249.786,NA,0,0,0,141.34
190,2,55,346.93,207.021,16200.621,2,23,325.066,260.273,NA,13.093,0.044,177.51,177.51
191,2,56,339.537,207.021,16500.633,2,31,332.459,266.476,NA,7.394,0.025,180,2.49
192,2,57,334.418,207.589,16800.644,2,59,337.609,270.505,NA,5.15,0.017,173.66,-6.34
193,2,58,334.418,207.589,17100.656,2,12,337.609,270.505,NA,0,0,0,-173.66
194,2,59,325.318,213.277,17400.667,2,23,348.34,275.401,NA,10.731,0.036,147.995,147.995
195,2,60,325.318,213.277,17700.679,2,18,348.34,275.401,NA,0,0,0,-147.995
196,2,61,316.787,216.121,18000.69,2,25,357.333,281.466,NA,8.993,0.03,161.565,161.565
197,2,62,308.825,218.395,18300.702,2,35,365.614,287.438,NA,8.281,0.028,164.055,2.49
198,2,63,300.863,218.395,18600.713,2,33,373.576,294.535,NA,7.962,0.027,180,15.945
199,2,64,301.242,218.585,18900.725,2,33,374,294.111,NA,0.424,0.001,26.565,-153.435
200,2,65,294.796,218.585,19200.736,2,30,380.446,299.887,NA,6.446,0.021,180,153.435
201,2,66,294.796,218.585,19500.748,2,44,380.446,299.887,NA,0,0,0,-180
202,2,67,292.9,218.585,19800.759,2,38,382.341,301.591,NA,1.896,0.006,180,180
203,2,68,292.142,218.585,20100.771,2,32,383.1,302.274,NA,0.758,0.003,180,0
204,2,69,292.142,217.827,20400.782,2,44,383.858,302.605,NA,0.758,0.003,-90,90
205,2,70,292.142,217.827,20700.794,2,22,383.858,302.605,NA,0,0,0,90
206,2,71,292.142,221.239,21000.805,2,31,387.271,301.126,NA,3.412,0.011,90,90
207,2,72,290.246,221.618,21300.817,2,32,389.204,302.679,NA,1.933,0.006,168.69,78.69
208,2,73,285.696,221.618,21600.828,2,61,393.754,306.803,NA,4.55,0.015,180,11.31
209,2,74,285.696,221.618,21900.84,2,57,393.754,306.803,NA,0,0,0,-180
210,2,75,280.388,221.618,22200.851,2,41,399.062,311.629,NA,5.308,0.018,180,180
211,2,76,278.492,221.239,22500.863,2,36,400.995,313.512,NA,1.933,0.006,-168.69,11.31
212,2,77,276.596,221.239,22800.874,2,35,402.891,315.241,NA,1.896,0.006,180,-11.31
213,2,78,276.596,223.893,23100.886,2,31,405.545,314.163,NA,2.654,0.009,90,-90
214,2,79,273.184,227.306,23400.897,2,16,410.371,315.946,NA,4.826,0.016,135,45
215,2,80,272.046,227.306,23700.909,2,58,411.509,316.994,NA,1.137,0.004,180,45
216,2,81,272.046,227.306,24000.92,2,37,411.509,316.994,NA,0,0,0,-180
217,2,82,268.255,229.202,24300.932,2,27,415.748,319.768,NA,4.239,0.014,153.435,153.435
218,2,83,262.947,229.581,24600.943,2,37,421.07,324.546,NA,5.322,0.018,175.914,22.479
219,2,84,262.947,229.581,24900.955,2,32,421.07,324.546,NA,0,0,0,-175.914
220,2,85,262.568,229.581,25200.966,2,41,421.449,324.898,NA,0.379,0.001,180,180
221,2,86,259.155,229.581,25500.978,2,21,424.861,328.068,NA,3.412,0.011,180,0
222,2,87,259.155,229.581,25800.989,2,48,424.861,328.068,NA,0,0,0,-180
223,2,88,253.468,229.581,26101.001,2,32,430.548,333.363,NA,5.687,0.019,180,180
224,2,89,250.055,227.685,26401.012,2,81,434.452,337.231,NA,3.904,0.013,-150.945,29.055
225,2,90,249.297,226.547,26701.024,2,54,435.819,338.352,NA,1.367,0.005,-123.69,27.255
226,2,91,244.747,226.547,27001.035,2,50,440.369,342.59,NA,4.55,0.015,180,-56.31
227,2,92,244.747,226.547,27301.047,2,61,440.369,342.59,NA,0,0,0,-180
228,2,93,240.197,223.893,27601.058,2,60,445.637,347.793,NA,5.267,0.018,-149.744,-149.744
229,2,94,235.268,223.893,27901.07,2,34,450.566,352.389,NA,4.929,0.016,180,-30.256
230,2,95,232.614,223.893,28201.081,2,28,453.22,354.868,NA,2.654,0.009,180,0
231,2,96,232.614,223.893,28501.093,2,63,453.22,354.868,NA,0,0,0,-180
232,2,97,232.614,227.685,28801.104,2,44,457.011,353.534,NA,3.792,0.013,90,90
233,2,98,228.822,229.202,29101.116,2,54,461.095,356.575,NA,4.084,0.014,158.199,68.199
234,2,99,228.064,227.685,29401.128,2,32,462.791,357.805,NA,1.696,0.006,-116.565,85.236
235,2,100,224.272,232.614,29701.139,2,38,469.009,359.726,NA,6.219,0.021,127.569,-115.866
236,2,101,223.135,232.614,30001.151,2,31,470.147,360.801,NA,1.137,0.004,180,52.431
237,2,102,221.239,233.751,30301.162,2,63,472.358,362.226,NA,2.211,0.007,149.036,-30.964
238,2,103,215.552,233.751,30601.174,2,28,478.045,367.615,NA,5.687,0.019,180,30.964
239,2,104,213.656,235.268,30901.185,2,29,480.473,368.938,NA,2.428,0.008,141.34,-38.66
240,2,105,212.139,235.268,31201.197,2,47,481.989,370.379,NA,1.517,0.005,180,38.66
241,2,106,209.864,234.889,31501.208,2,45,484.296,372.659,NA,2.306,0.008,-170.538,9.462
242,2,107,206.831,234.889,31801.22,2,45,487.329,375.545,NA,3.033,0.01,180,-9.462
243,2,108,206.831,234.889,32101.231,2,30,487.329,375.545,NA,0,0,0,-180
244,2,109,206.452,231.476,32401.243,2,47,490.763,376.968,NA,3.433,0.011,-96.34,-96.34
245,2,110,203.04,231.476,32701.254,2,49,494.175,380.207,NA,3.412,0.011,180,-83.66
246,2,111,200.006,233.372,33001.266,2,68,497.752,382.506,NA,3.577,0.012,147.995,-32.005
247,2,112,197.352,233.372,33301.277,2,77,500.406,385.034,NA,2.654,0.009,180,32.005
248,2,113,195.836,233.751,33601.289,2,32,501.969,386.364,NA,1.563,0.005,165.964,-14.036
249,2,114,195.836,233.751,33901.3,2,44,501.969,386.364,NA,0,0,0,-165.964
250,2,115,194.698,236.026,34201.312,2,45,504.513,386.77,NA,2.543,0.008,116.565,116.565
251,2,116,192.802,236.785,34501.323,2,67,506.555,388.359,NA,2.042,0.007,158.199,41.634
252,2,117,189.39,236.785,34801.335,2,74,509.967,391.624,NA,3.412,0.011,180,21.801
253,2,118,189.39,236.785,35101.346,2,35,509.967,391.624,NA,0,0,0,-180
254,2,119,187.494,239.06,35401.358,2,42,512.928,392.788,NA,2.961,0.01,129.806,129.806
255,2,120,185.219,239.06,35701.369,2,65,515.203,394.97,NA,2.275,0.008,180,50.194
256,2,121,178.394,239.06,36001.381,2,62,522.028,401.523,NA,6.825,0.023,180,0
257,2,122,178.394,239.06,36301.392,2,32,522.028,401.523,NA,0,0,0,-180
258,2,123,173.465,239.06,36601.404,2,44,526.957,406.262,NA,4.929,0.016,180,180
259,2,124,169.674,238.68,36901.415,2,34,530.768,410.013,NA,3.81,0.013,-174.289,5.711
260,2,125,166.64,238.68,37201.427,2,43,533.801,412.932,NA,3.033,0.01,180,-5.711
261,2,126,166.64,238.68,37501.438,2,27,533.801,412.932,NA,0,0,0,-180
262,2,127,159.436,242.472,37801.45,2,38,541.942,418.88,NA,8.141,0.027,152.241,152.241
263,2,128,156.024,243.61,38101.461,2,39,545.539,421.889,NA,3.597,0.012,161.565,9.324
264,2,129,151.095,243.989,38401.473,2,99,550.483,426.565,NA,4.944,0.016,175.601,14.036
265,2,130,151.095,243.989,38701.484,2,94,550.483,426.565,NA,0,0,0,-175.601
266,2,131,143.891,245.885,39001.496,2,110,557.932,433.084,NA,7.449,0.025,165.256,165.256
267,2,132,143.891,245.885,39301.507,2,51,557.932,433.084,NA,0,0,0,-165.256
268,2,133,143.891,249.676,39601.519,2,75,561.723,432.185,NA,3.792,0.013,90,90
269,2,134,143.891,249.676,39901.53,2,33,561.723,432.185,NA,0,0,0,-90
270,2,135,138.962,254.226,40201.542,2,38,568.431,435.954,NA,6.708,0.022,137.291,137.291
271,2,136,136.308,256.88,40501.553,2,46,572.185,437.969,NA,3.753,0.013,135,-2.291
272,2,137,132.137,256.88,40801.565,2,36,576.356,442.045,NA,4.171,0.014,180,45
273,2,138,131.379,262.188,41101.576,2,57,581.718,441.696,NA,5.362,0.018,98.13,-81.87
274,2,139,130.999,262.188,41401.588,2,28,582.097,442.068,NA,0.379,0.001,180,81.87
275,2,140,129.104,262.188,41701.599,2,57,583.993,443.926,NA,1.896,0.006,180,0
276,2,141,126.07,262.188,42001.611,2,57,587.026,446.899,NA,3.033,0.01,180,0
277,2,142,126.07,262.188,42301.622,2,67,587.026,446.899,NA,0,0,0,-180
278,2,143,126.07,263.326,42601.634,2,62,588.164,446.676,NA,1.137,0.004,90,90
279,2,144,125.691,263.326,42901.645,2,83,588.543,447.048,NA,0.379,0.001,180,90
280,2,145,123.037,263.326,43201.657,2,94,591.197,449.651,NA,2.654,0.009,180,0
281,2,146,123.037,263.326,43501.668,2,89,591.197,449.651,NA,0,0,0,-180
282,2,147,123.037,263.705,43801.68,2,121,591.576,449.578,NA,0.379,0.001,90,90
283,2,148,123.037,271.288,44101.691,2,66,599.159,448.179,NA,7.583,0.025,90,0
284,2,149,119.625,271.288,44401.703,2,67,602.572,451.538,NA,3.412,0.011,180,90
285,2,150,115.075,271.288,44701.714,2,54,607.121,456.018,NA,4.55,0.015,180,0
286,2,151,110.146,271.288,45001.726,2,78,612.051,460.874,NA,4.929,0.016,180,0
287,2,152,110.146,271.288,45301.737,2,101,612.051,460.874,NA,0,0,0,-180
288,2,153,106.354,271.288,45601.749,2,105,615.842,464.609,NA,3.792,0.013,180,180
289,2,154,104.079,271.288,45901.76,2,98,618.117,466.851,NA,2.275,0.008,180,0
290,2,155,101.804,273.184,46201.772,2,65,621.078,468.778,NA,2.961,0.01,140.194,-39.806
291,2,156,99.15,274.701,46501.783,2,67,624.135,471.15,NA,3.057,0.01,150.255,10.061
292,2,157,99.15,274.701,46801.795,2,54,624.135,471.15,NA,0,0,0,-150.255
293,2,158,94.221,278.492,47101.806,2,51,630.354,475.428,NA,6.219,0.021,142.431,142.431
294,2,159,91.567,279.63,47401.818,2,36,633.242,477.882,NA,2.888,0.01,156.801,14.37
295,2,160,90.05,281.525,47701.829,2,57,635.669,479.106,NA,2.428,0.008,128.66,-28.142
296,2,161,87.017,287.592,48001.841,2,93,642.452,481.28,NA,6.783,0.023,116.565,-12.095
297,2,162,82.467,288.35,48301.852,2,37,647.065,485.694,NA,4.613,0.015,170.538,53.973
298,2,163,77.917,289.109,48601.864,2,42,651.677,490.112,NA,4.613,0.015,170.538,0
299,2,164,76.401,290.246,48901.875,2,27,653.573,491.476,NA,1.896,0.006,143.13,-27.408
300,2,165,75.263,294.796,49201.887,2,47,658.263,492.071,NA,4.69,0.016,104.036,-39.094
301,2,166,71.851,299.346,49501.898,2,50,663.95,494.972,NA,5.687,0.019,126.87,22.834
302,2,167,64.647,299.725,49801.91,2,41,671.164,502.1,NA,7.214,0.024,176.987,50.117
303,2,168,62.372,302.758,50101.921,2,64,674.956,504.068,NA,3.792,0.013,126.87,-50.117
304,2,169,61.992,303.517,50401.933,2,43,675.804,504.374,NA,0.848,0.003,116.565,-10.305
305,2,170,61.992,303.517,50701.944,2,21,675.804,504.374,NA,0,0,0,-116.565
306,2,171,60.097,311.1,51001.956,2,25,683.62,505.617,NA,7.817,0.026,104.036,104.036
307,2,172,55.926,311.479,51301.967,2,53,687.808,509.746,NA,4.188,0.014,174.806,70.769
308,2,173,51.755,314.512,51601.979,2,49,692.965,513.684,NA,5.157,0.017,143.973,-30.833
309,2,175,47.964,324.37,51901.99,2,64,703.528,516.878,NA,10.562,0.035,111.038,-32.935
310,3,1,521.912,474.517,0,2,74,0,0,NA,NA,NA,NA,NA
311,3,2,517.741,474.517,300.012,2,43,4.171,4.171,NA,4.171,0.014,180,NA
312,3,3,517.362,465.038,600.023,2,137,13.657,10.514,NA,9.487,0.032,-92.291,87.709
313,3,4,511.296,460.868,900.035,2,36,21.019,17.292,NA,7.362,0.025,-145.491,-53.201
314,3,5,512.054,452.526,1200.046,2,98,29.395,24.1,NA,8.376,0.028,-84.806,60.686
315,3,6,510.158,447.597,1500.058,2,21,34.676,29.374,NA,5.281,0.018,-111.038,-26.232
316,3,7,508.642,439.256,1800.069,2,8,43.154,37.676,NA,8.478,0.028,-100.305,10.733
317,3,8,511.675,433.189,2100.081,2,27,49.937,42.577,NA,6.783,0.023,-63.435,36.87
318,3,9,510.537,425.606,2400.092,2,6,57.605,50.217,NA,7.668,0.026,-98.531,-35.096
319,3,10,510.537,403.615,2700.104,2,36,79.596,71.809,NA,21.991,0.073,-90,8.531
320,3,11,514.329,399.444,3000.115,2,25,85.233,75.455,NA,5.637,0.019,-47.726,42.274
321,3,12,513.571,391.861,3300.127,2,25,92.854,83.076,NA,7.621,0.025,-95.711,-47.984
322,3,13,513.571,391.861,3600.138,2,51,92.854,83.076,NA,0,0,0,95.711
323,3,14,512.812,388.069,3900.15,2,33,96.721,86.926,NA,3.867,0.013,-101.31,-101.31
324,3,15,509.021,379.728,4200.161,2,46,105.883,95.662,NA,9.163,0.031,-114.444,-13.134
325,3,16,505.987,375.178,4500.173,2,32,111.352,100.608,NA,5.468,0.018,-123.69,-9.246
326,3,17,505.608,374.799,4800.184,2,21,111.888,101.043,NA,0.536,0.002,-135,-11.31
327,3,18,501.058,370.628,5100.196,2,33,118.06,105.962,NA,6.172,0.021,-137.49,-2.49
328,3,19,498.025,363.803,5400.207,2,28,125.529,113.262,NA,7.469,0.025,-113.962,23.527
329,3,20,492.717,361.149,5700.219,2,35,131.463,117.067,NA,5.935,0.02,-153.435,-39.472
330,3,21,492.717,361.149,6000.23,2,29,131.463,117.067,NA,0,0,0,153.435
331,3,22,488.546,359.253,6300.242,2,26,136.045,119.996,NA,4.581,0.015,-155.556,-155.556
332,3,23,482.48,350.153,6600.253,2,22,146.981,130.466,NA,10.937,0.036,-123.69,31.866
333,3,24,476.034,349.395,6900.265,2,26,153.472,133.268,NA,6.49,0.022,-173.29,-49.6
334,3,25,476.034,349.395,7200.276,2,21,153.472,133.268,NA,0,0,0,173.29
335,3,26,459.351,345.982,7500.288,2,16,170.5,142.951,NA,17.028,0.057,-168.44,-168.44
336,3,27,455.559,333.849,7800.299,2,27,183.212,155.532,NA,12.712,0.042,-107.354,61.086
337,3,28,455.559,333.849,8100.311,2,21,183.212,155.532,NA,0,0,0,107.354
338,3,29,439.635,333.849,8400.322,2,41,199.136,162.963,NA,15.925,0.053,180,180
339,3,30,430.156,333.849,8700.334,2,39,208.615,167.949,NA,9.479,0.032,180,0
340,3,31,425.985,326.456,9000.345,2,76,217.104,176.421,NA,8.489,0.028,-119.427,60.573
341,3,32,422.004,330.437,9300.357,2,61,222.734,175.331,NA,5.63,0.019,135,-105.573
342,3,33,420.298,330.437,9600.368,2,26,224.441,176.308,NA,1.706,0.006,180,45
343,3,34,418.023,330.437,9900.38,2,14,226.716,177.629,NA,2.275,0.008,180,0
344,3,35,410.629,330.437,10200.391,2,38,234.109,182.052,NA,7.394,0.025,180,0
345,3,36,399.823,327.593,10500.403,2,32,245.283,191.03,NA,11.174,0.037,-165.256,14.744
346,3,37,395.273,324.75,10800.414,2,41,250.649,196.132,NA,5.365,0.018,-147.995,17.262
347,3,38,395.273,324.75,11100.426,2,17,250.649,196.132,NA,0,0,0,147.995
348,3,39,382.761,324.75,11400.437,2,45,263.161,204.434,NA,12.512,0.042,180,180
349,3,40,375.936,324.75,11700.449,2,66,269.986,209.14,NA,6.825,0.023,180,0
350,3,41,367.974,319.631,12000.46,2,35,279.451,218.373,NA,9.466,0.032,-147.265,32.735
351,3,42,367.974,319.631,12300.472,2,64,279.451,218.373,NA,0,0,0,147.265
352,3,43,357.736,319.631,12600.483,2,29,289.689,225.707,NA,10.237,0.034,180,180
353,3,44,349.774,316.218,12900.495,2,17,298.351,233.859,NA,8.663,0.029,-156.801,23.199
354,3,45,345.793,316.218,13200.506,2,58,302.333,236.805,NA,3.981,0.013,180,-23.199
355,3,46,345.224,316.218,13500.518,2,34,302.901,237.228,NA,0.569,0.002,180,0
356,3,47,328.731,314.512,13800.529,2,14,319.483,250.84,NA,16.581,0.055,-174.094,5.906
357,3,48,322.475,305.412,14100.541,2,47,330.526,261.48,NA,11.043,0.037,-124.509,49.585
358,3,49,313.944,305.412,14400.552,2,94,339.057,268.044,NA,8.531,0.028,180,-55.491
359,3,50,308.256,305.412,14700.564,2,74,344.744,272.48,NA,5.687,0.019,180,0
360,3,51,308.825,302.758,15000.575,2,108,347.459,273.692,NA,2.714,0.009,-77.905,102.095
361,3,52,298.208,302.758,15300.587,2,40,358.075,282.036,NA,10.616,0.035,180,-102.095
362,3,53,297.45,302,15600.598,2,47,359.147,283.1,NA,1.072,0.004,-135,45
363,3,54,292.9,302,15900.61,2,45,363.697,286.721,NA,4.55,0.015,180,-45
364,3,55,285.317,302,16200.621,2,48,371.28,292.813,NA,7.583,0.025,180,0
365,3,56,279.25,302,16500.633,2,40,377.347,297.736,NA,6.067,0.02,180,0
366,3,57,279.25,302,16800.644,2,46,377.347,297.736,NA,0,0,0,-180
367,3,58,273.942,302,17100.656,2,31,382.655,302.078,NA,5.308,0.018,180,180
368,3,59,270.909,302,17400.667,2,44,385.689,304.573,NA,3.033,0.01,180,0
369,3,60,262.568,302,17700.679,2,43,394.03,311.483,NA,8.341,0.028,180,0
370,3,61,261.051,302,18000.69,2,54,395.547,312.747,NA,1.517,0.005,180,0
371,3,62,260.293,302,18300.702,2,81,396.305,313.38,NA,0.758,0.003,180,0
372,3,63,256.501,303.517,18600.713,2,64,400.389,315.728,NA,4.084,0.014,158.199,-21.801
373,3,64,248.918,303.517,18900.725,2,32,407.972,322.129,NA,7.583,0.025,180,21.801
374,3,65,248.918,303.517,19200.736,2,33,407.972,322.129,NA,0,0,0,-180
375,3,66,241.335,305.033,19500.748,2,36,415.705,327.794,NA,7.733,0.026,168.69,168.69
376,3,67,240.576,305.033,19800.759,2,57,416.463,328.443,NA,0.758,0.003,180,11.31
377,3,68,232.235,305.792,20100.771,2,28,424.839,335.233,NA,8.376,0.028,174.806,-5.194
378,3,69,232.235,305.792,20400.782,2,30,424.839,335.233,NA,0,0,0,-174.806
379,3,70,232.235,306.55,20700.794,2,57,425.598,334.852,NA,0.758,0.003,90,90
380,3,71,232.235,308.825,21000.805,2,54,427.873,333.717,NA,2.275,0.008,90,0
381,3,72,229.96,308.825,21300.817,2,58,430.148,335.694,NA,2.275,0.008,180,90
382,3,73,226.168,308.825,21600.828,2,75,433.939,338.996,NA,3.792,0.013,180,0
383,3,74,220.102,308.825,21900.84,2,49,440.006,344.301,NA,6.067,0.02,180,0
384,3,75,220.102,308.825,22200.851,2,38,440.006,344.301,NA,0,0,0,-180
385,3,76,216.31,308.825,22500.863,2,41,443.797,347.63,NA,3.792,0.013,180,180
386,3,77,213.277,310.342,22800.874,2,59,447.189,349.585,NA,3.391,0.011,153.435,-26.565
387,3,78,209.485,312.616,23100.886,2,42,451.61,351.884,NA,4.422,0.015,149.036,-4.399
388,3,79,203.419,315.65,23400.897,2,30,458.393,355.917,NA,6.783,0.023,153.435,4.399
389,3,80,203.419,315.65,23700.909,2,33,458.393,355.917,NA,0,0,0,-153.435
390,3,81,198.11,316.408,24000.92,2,62,463.755,360.342,NA,5.362,0.018,171.87,171.87
391,3,82,198.11,317.925,24300.932,2,56,465.272,359.679,NA,1.517,0.005,90,-81.87
392,3,83,198.11,317.925,24600.943,2,27,465.272,359.679,NA,0,0,0,-90
393,3,84,189.011,323.233,24900.955,2,52,475.807,365.664,NA,10.535,0.035,149.744,149.744
394,3,85,188.252,323.233,25200.966,2,33,476.565,366.355,NA,0.758,0.003,180,30.256
395,3,86,185.219,323.233,25500.978,2,46,479.598,369.119,NA,3.033,0.01,180,0
396,3,87,176.119,323.233,25800.989,2,68,488.698,377.438,NA,9.1,0.03,180,0
397,3,88,176.119,323.233,26101.001,2,33,488.698,377.438,NA,0,0,0,-180
398,3,89,170.811,323.233,26401.012,2,34,494.006,382.307,NA,5.308,0.018,180,180
399,3,90,170.811,322.475,26701.024,2,27,494.764,382.608,NA,0.758,0.003,-90,90
400,3,91,161.711,321.716,27001.035,2,21,503.896,391.271,NA,9.131,0.03,-175.236,-85.236
401,3,92,159.436,316.408,27301.047,2,32,509.671,395.458,NA,5.775,0.019,-113.199,62.038
402,3,93,159.436,316.408,27601.058,2,28,509.671,395.458,NA,0,0,0,113.199
403,3,94,155.645,316.408,27901.07,2,24,513.463,398.937,NA,3.792,0.013,180,180
404,3,95,154.128,316.408,28201.081,2,42,514.979,400.329,NA,1.517,0.005,180,0
405,3,96,146.545,316.408,28501.093,2,39,522.562,407.307,NA,7.583,0.025,180,0
406,3,97,143.512,316.408,28801.104,2,37,525.596,410.104,NA,3.033,0.01,180,0
407,3,98,143.512,316.408,29101.116,2,29,525.596,410.104,NA,0,0,0,-180
408,3,99,140.478,316.408,29401.128,2,33,528.629,412.905,NA,3.033,0.01,180,180
409,3,100,133.653,316.408,29701.139,2,18,535.454,419.218,NA,6.825,0.023,180,0
410,3,101,132.137,321.337,30001.151,2,16,540.611,418.795,NA,5.157,0.017,107.103,-72.897
411,3,102,123.795,321.337,30301.162,2,15,548.952,426.569,NA,8.341,0.028,180,72.897
412,3,103,123.037,320.2,30601.174,2,42,550.32,427.686,NA,1.367,0.005,-123.69,56.31
413,3,104,119.625,318.683,30901.185,2,24,554.054,431.416,NA,3.734,0.012,-156.038,-32.347
414,3,105,119.625,318.683,31201.197,2,42,554.054,431.416,NA,0,0,0,156.038
415,3,106,116.971,318.683,31501.208,2,29,556.708,433.892,NA,2.654,0.009,180,180
416,3,107,115.075,318.683,31801.22,2,58,558.604,435.662,NA,1.896,0.006,180,0
417,3,108,113.558,318.683,32101.231,2,37,560.12,437.078,NA,1.517,0.005,180,0
418,3,109,110.525,319.82,32401.243,2,52,563.36,439.512,NA,3.24,0.011,159.444,-20.556
419,3,110,107.871,319.82,32701.254,2,29,566.014,441.997,NA,2.654,0.009,180,20.556
420,3,111,105.596,319.82,33001.266,2,25,568.289,444.129,NA,2.275,0.008,180,0
421,3,112,105.596,319.82,33301.277,2,24,568.289,444.129,NA,0,0,0,-180
422,3,113,100.667,321.337,33601.289,2,47,573.446,448.232,NA,5.157,0.017,162.897,162.897
423,3,114,99.908,322.854,33901.3,2,43,575.142,448.43,NA,1.696,0.006,116.565,-46.332
424,3,115,99.908,325.508,34201.312,2,61,577.796,447.539,NA,2.654,0.009,90,-26.565
425,3,116,99.908,325.508,34501.323,2,90,577.796,447.539,NA,0,0,0,-90
426,3,117,98.013,326.645,34801.335,2,42,580.007,448.951,NA,2.211,0.007,149.036,149.036
427,3,118,93.083,326.645,35101.346,2,22,584.936,453.608,NA,4.929,0.016,180,30.964
428,3,119,89.292,326.645,35401.358,2,40,588.727,457.194,NA,3.792,0.013,180,0
429,3,120,81.709,326.645,35701.369,2,23,596.311,464.376,NA,7.583,0.025,180,0
430,3,121,80.95,334.608,36001.381,2,21,604.309,462.625,NA,7.998,0.027,95.44,-84.56
431,3,122,79.434,334.608,36301.392,2,35,605.826,464.071,NA,1.517,0.005,180,84.56
432,3,123,74.126,334.608,36601.404,2,48,611.134,469.135,NA,5.308,0.018,180,0
433,3,124,70.334,334.608,36901.415,2,31,614.925,472.755,NA,3.792,0.013,180,0
434,3,125,66.163,334.608,37201.427,2,28,619.096,476.741,NA,4.171,0.014,180,0
435,3,126,66.163,334.608,37501.438,2,30,619.096,476.741,NA,0,0,0,-180
436,3,127,54.788,336.883,37801.45,2,23,630.696,486.978,NA,11.6,0.039,168.69,168.69
437,3,128,51.376,336.883,38101.461,2,12,634.109,490.253,NA,3.412,0.011,180,11.31
438,3,129,47.205,339.537,38401.473,2,32,639.052,493.524,NA,4.944,0.016,147.529,-32.471
439,3,130,47.205,339.537,38701.484,2,47,639.052,493.524,NA,0,0,0,-147.529
440,3,131,44.93,339.537,39001.496,2,29,641.327,495.713,NA,2.275,0.008,180,180
441,3,132,44.362,338.399,39301.507,2,23,642.599,496.571,NA,1.272,0.004,-116.565,63.435
442,3,133,41.518,338.399,39601.519,2,18,645.443,499.306,NA,2.844,0.009,180,-63.435
443,3,134,39.243,338.399,39901.53,2,27,647.717,501.495,NA,2.275,0.008,180,0
444,3,135,39.243,338.399,40201.542,2,37,647.717,501.495,NA,0,0,0,-180
445,3,136,38.674,338.399,40501.553,2,25,648.286,502.043,NA,0.569,0.002,180,180
446,3,137,37.537,338.399,40801.565,2,38,649.424,503.138,NA,1.137,0.004,180,0
447,3,138,35.831,338.399,41101.576,2,28,651.13,504.781,NA,1.706,0.006,180,0
448,3,139,32.418,338.399,41401.588,2,16,654.542,508.067,NA,3.412,0.011,180,0
449,3,140,29.574,338.399,41701.599,2,73,657.386,510.808,NA,2.844,0.009,180,0
450,3,141,29.574,338.968,42001.611,2,56,657.955,510.657,NA,0.569,0.002,90,-90
451,3,142,26.731,340.674,42301.622,2,28,661.271,512.951,NA,3.316,0.011,149.036,59.036
452,3,143,26.731,340.674,42601.634,2,29,661.271,512.951,NA,0,0,0,-149.036
453,3,144,22.75,340.674,42901.645,2,48,665.252,516.795,NA,3.981,0.013,180,180
454,3,145,15.925,340.674,43201.657,2,82,672.077,523.39,NA,6.825,0.023,180,0
455,3,146,14.787,338.399,43501.668,2,94,674.621,525.075,NA,2.543,0.008,-116.565,63.435
456,3,147,12.512,338.399,43801.68,2,57,676.896,527.273,NA,2.275,0.008,180,-63.435
457,3,148,12.512,338.968,44101.691,2,73,677.464,527.126,NA,0.569,0.002,90,-90
458,3,149,7.962,344.655,44401.703,2,75,684.748,530.102,NA,7.283,0.024,128.66,38.66
459,3,150,5.119,344.655,44701.714,2,35,687.591,532.86,NA,2.844,0.009,180,51.34
460,3,151,5.119,344.655,45001.726,2,118,687.591,532.86,NA,0,0,0,-180
461,3,152,1.706,347.499,45301.737,2,69,692.033,535.488,NA,4.442,0.015,140.194,140.194
462,4,1,500.679,234.889,12000.46,2,26,0,0,NA,NA,NA,NA,NA
463,4,2,489.684,234.889,12300.472,2,17,10.996,10.996,NA,10.996,0.037,180,NA
464,4,3,480.584,242.851,12600.483,2,20,23.087,21.615,NA,12.092,0.04,138.814,-41.186
465,4,4,474.517,237.543,12900.495,2,13,31.148,26.296,NA,8.061,0.027,-138.814,82.372
466,4,5,474.517,237.543,13200.506,2,19,31.148,26.296,NA,0,0,0,138.814
467,4,6,460.109,237.543,13500.518,2,12,45.556,40.657,NA,14.408,0.048,180,180
468,4,7,444.943,237.543,13800.529,2,63,60.723,55.8,NA,15.166,0.051,180,0
469,4,8,438.876,232.614,14100.541,2,15,68.539,61.845,NA,7.817,0.026,-140.906,39.094
470,4,9,420.298,220.86,14400.552,2,19,90.524,81.597,NA,21.985,0.073,-147.68,-6.774
471,4,10,417.264,203.419,14700.564,2,30,108.227,89.154,NA,17.703,0.059,-99.866,47.815
472,4,11,417.264,196.594,15000.575,2,32,115.052,91.785,NA,6.825,0.023,-90,9.866
473,4,12,417.264,196.594,15300.587,2,21,115.052,91.785,NA,0,0,0,90
474,4,13,423.331,196.594,15600.598,2,25,121.118,86.309,NA,6.067,0.02,0,0
475,4,14,423.331,196.594,15900.61,2,26,121.118,86.309,NA,0,0,0,0
476,4,15,418.402,190.906,16200.621,2,21,128.644,93.295,NA,7.526,0.025,-130.914,-130.914
477,4,16,411.956,174.603,16500.633,2,31,146.176,107.267,NA,17.532,0.058,-111.571,19.343
478,4,17,415.748,171.949,16800.644,2,102,150.804,105.711,NA,4.628,0.015,-34.992,76.579
479,4,18,406.648,159.057,17100.656,2,17,166.584,120.799,NA,15.78,0.053,-125.218,-90.226
480,4,19,401.719,134.412,17400.667,2,20,191.717,141.028,NA,25.133,0.084,-101.31,23.908
481,4,20,396.79,134.033,17700.679,2,40,196.661,144.793,NA,4.944,0.016,-175.601,-74.291
482,4,21,400.202,127.966,18000.69,2,23,203.621,146.725,NA,6.96,0.023,-60.642,114.959
483,4,22,393.756,138.203,18300.702,2,34,215.719,144.155,NA,12.097,0.04,122.196,-177.162
484,4,23,393.377,121.52,18600.713,2,70,232.406,156.097,NA,16.687,0.056,-91.302,146.502
485,4,24,391.861,115.075,18900.725,2,27,239.028,161.855,NA,6.622,0.022,-103.241,-11.939
486,4,25,385.036,115.075,19200.736,2,45,245.853,166.52,NA,6.825,0.023,180,-76.759
487,4,26,385.036,115.075,19500.748,2,20,245.853,166.52,NA,0,0,0,-180
488,4,27,385.415,99.908,19800.759,2,20,261.024,177.498,NA,15.171,0.051,-88.568,-88.568
489,4,28,385.415,87.775,20100.771,2,19,273.157,186.891,NA,12.133,0.04,-90,-1.432
490,4,29,383.14,79.813,20400.782,2,16,281.438,194.587,NA,8.281,0.028,-105.945,-15.945
491,4,30,383.14,72.988,20700.794,2,17,288.263,200.068,NA,6.825,0.023,-90,15.945
492,4,31,372.524,58.011,21000.805,2,40,306.621,218.425,NA,18.358,0.061,-125.331,-35.331
493,4,32,374.799,51.755,21300.817,2,17,313.278,222.225,NA,6.657,0.022,-70.017,55.314
494,4,33,374.799,50.049,21600.828,2,15,314.984,223.633,NA,1.706,0.006,-90,-19.983
495,4,34,374.799,47.205,21900.84,2,29,317.827,225.989,NA,2.844,0.009,-90,0
496,4,35,370.817,44.93,22200.851,2,21,322.413,230.105,NA,4.585,0.015,-150.255,-60.255
497,4,36,369.68,39.812,22500.863,2,19,327.656,234.981,NA,5.244,0.017,-102.529,47.726
498,4,37,363.992,27.868,22800.874,2,12,340.885,248.074,NA,13.229,0.044,-115.463,-12.935
499,4,38,363.424,27.299,23100.886,2,9,341.689,248.862,NA,0.804,0.003,-135,-19.537
500,5,1,471.863,221.239,19200.736,2,18,0,0,NA,NA,NA,NA,NA
501,5,2,465.038,220.481,19500.748,2,17,6.867,6.867,NA,6.867,0.023,-173.66,NA
502,5,3,447.597,216.689,19800.759,2,19,24.716,24.689,NA,17.849,0.059,-167.735,5.925
503,5,4,441.53,206.831,20100.771,2,17,36.291,33.581,NA,11.575,0.039,-121.608,46.128
504,5,5,438.497,199.627,20400.782,2,19,44.107,39.754,NA,7.817,0.026,-112.834,8.774
505,5,6,437.739,187.873,20700.794,2,35,55.886,47.726,NA,11.778,0.039,-93.691,19.142
506,5,7,437.739,174.982,21000.805,2,28,68.777,57.482,NA,12.891,0.043,-90,3.691
507,5,8,437.36,174.982,21300.817,2,12,69.156,57.708,NA,0.379,0.001,180,-90
508,5,9,436.222,168.915,21600.828,2,23,75.328,63.309,NA,6.172,0.021,-100.62,79.38
509,5,10,436.222,168.915,21900.84,2,14,75.328,63.309,NA,0,0,0,100.62
510,5,11,432.81,154.128,22200.851,2,37,90.504,77.647,NA,15.176,0.051,-102.995,-102.995
511,5,12,428.26,145.407,22500.863,2,28,100.341,87.474,NA,9.836,0.033,-117.553,-14.558
512,5,13,427.881,145.028,22800.874,2,24,100.877,87.992,NA,0.536,0.002,-135,-17.447
513,5,14,424.847,136.687,23100.886,2,14,109.753,96.745,NA,8.876,0.03,-109.983,25.017
514,5,15,424.847,136.687,23400.897,2,11,109.753,96.745,NA,0,0,0,109.983
515,5,16,419.16,136.687,23700.909,2,10,115.44,99.633,NA,5.687,0.019,180,180
516,5,17,407.027,132.516,24000.92,2,16,128.27,109.889,NA,12.83,0.043,-161.03,18.97
517,5,18,407.027,129.104,24300.932,2,66,131.682,112.662,NA,3.412,0.011,-90,71.03
518,5,19,407.027,124.933,24600.943,2,18,135.853,116.098,NA,4.171,0.014,-90,0
519,5,20,407.027,124.933,24900.955,2,12,135.853,116.098,NA,0,0,0,90
520,5,21,401.34,121.9,25200.966,2,12,142.299,121.827,NA,6.446,0.021,-151.928,-151.928
521,5,22,414.231,110.146,25500.978,2,57,159.744,125.153,NA,17.445,0.058,-42.357,109.57
522,5,23,415.748,110.146,25800.989,2,47,161.261,124.462,NA,1.517,0.005,0,42.357
523,5,24,416.885,110.146,26101.001,2,12,162.398,123.953,NA,1.137,0.004,0,0
524,5,25,416.885,98.771,26401.012,2,20,173.773,134.243,NA,11.375,0.038,-90,-90
525,5,26,416.885,89.292,26701.024,2,14,183.252,142.943,NA,9.479,0.032,-90,0
526,5,27,416.885,89.292,27001.035,2,15,183.252,142.943,NA,0,0,0,90
527,5,28,414.231,85.879,27301.047,2,16,187.575,147.118,NA,4.323,0.014,-127.875,-127.875
528,5,29,408.544,85.879,27601.058,2,15,193.263,149.438,NA,5.687,0.019,180,-52.125
529,5,30,402.477,85.879,27901.07,2,26,199.329,152.107,NA,6.067,0.02,180,0
530,5,31,401.34,78.296,28201.081,2,15,206.997,159.393,NA,7.668,0.026,-98.531,81.469
531,5,32,405.51,75.642,28501.093,2,20,211.941,160.004,NA,4.944,0.016,-32.471,66.06
532,5,33,403.615,69.955,28801.104,2,17,217.936,165.966,NA,5.995,0.02,-108.435,-75.964
533,5,34,398.686,63.888,29101.116,2,21,225.752,173.535,NA,7.817,0.026,-129.094,-20.659
534,5,35,392.619,63.888,29401.128,2,21,231.819,176.179,NA,6.067,0.02,180,-50.906
535,5,36,392.619,63.888,29701.139,2,12,231.819,176.179,NA,0,0,0,-180
536,5,37,389.207,72.988,30001.151,2,61,241.537,169.737,NA,9.719,0.032,110.556,110.556
537,5,38,385.036,72.988,30301.162,2,15,245.708,171.806,NA,4.171,0.014,180,69.444
538,5,39,366.836,69.576,30601.174,2,17,264.225,184.479,NA,18.517,0.062,-169.38,10.62
539,5,40,362.286,62.751,30901.185,2,10,272.427,192.68,NA,8.202,0.027,-123.69,45.69
540,5,41,353.566,55.926,31201.197,2,16,283.501,203.28,NA,11.074,0.037,-141.953,-18.263
541,5,42,350.912,54.409,31501.208,2,39,286.558,206.062,NA,3.057,0.01,-150.255,-8.302
542,5,43,345.224,54.03,31801.22,2,29,292.258,209.753,NA,5.7,0.019,-176.186,-25.931
543,5,44,345.224,49.859,32101.231,2,15,296.429,213.093,NA,4.171,0.014,-90,86.186
544,5,45,331.195,50.618,32401.243,2,12,310.478,221.132,NA,14.049,0.047,176.906,-93.094
545,5,46,327.783,52.893,32701.254,2,19,314.579,221.585,NA,4.101,0.014,146.31,-30.596
546,5,47,313.754,43.793,33001.266,2,12,331.301,237.667,NA,16.722,0.056,-147.031,66.659
547,5,48,308.446,38.864,33301.277,2,16,338.545,244.88,NA,7.244,0.024,-137.121,9.909
548,5,49,303.138,41.518,33601.289,2,9,344.48,246.512,NA,5.935,0.02,153.435,-69.444
549,5,50,297.45,38.485,33901.3,2,49,350.925,252.625,NA,6.446,0.021,-151.928,54.638
550,5,51,293.659,24.077,34201.312,2,33,365.824,265.763,NA,14.899,0.05,-104.744,47.184
551,5,52,291.384,15.356,34501.323,2,18,374.837,273.79,NA,9.013,0.03,-104.621,0.123
552,5,53,284.938,11.564,34801.335,2,31,382.315,280.9,NA,7.478,0.025,-149.534,-44.914
553,5,54,284.938,11.564,35101.346,2,37,382.315,280.9,NA,0,0,0,149.534
554,5,55,280.009,11.564,35401.358,2,17,387.244,284.204,NA,4.929,0.016,180,180
555,5,56,273.563,11.185,35701.369,2,59,393.701,288.87,NA,6.457,0.022,-176.634,3.366
556,5,57,269.013,5.498,36001.381,2,51,400.984,296.129,NA,7.283,0.024,-128.66,47.974
557,5,58,269.013,5.498,36301.392,2,52,400.984,296.129,NA,0,0,0,128.66
558,5,59,262.188,5.498,36601.404,2,53,407.809,300.845,NA,6.825,0.023,180,180
559,5,60,259.155,5.498,36901.415,2,24,410.842,302.967,NA,3.033,0.01,180,0
560,5,61,258.776,3.981,37201.427,2,38,412.405,304.314,NA,1.563,0.005,-104.036,75.964
561,5,62,253.089,13.081,37501.438,2,72,423.136,301.98,NA,10.731,0.036,122.005,-133.958
562,5,63,248.539,13.081,37801.45,2,15,427.686,305.293,NA,4.55,0.015,180,57.995
563,5,64,234.131,3.223,38101.461,2,18,445.144,322.565,NA,17.458,0.058,-145.62,34.38
564,5,65,229.581,3.223,38401.473,2,54,449.694,325.932,NA,4.55,0.015,180,-34.38
565,5,66,223.135,3.223,38701.484,2,29,456.14,330.752,NA,6.446,0.021,180,0
566,5,67,215.552,3.223,39001.496,2,13,463.723,336.492,NA,7.583,0.025,180,0
567,6,1,570.444,200.385,22200.851,2,105,0,0,NA,NA,NA,NA,NA
568,6,2,570.444,195.077,22500.863,2,128,5.308,5.308,NA,5.308,0.018,-90,NA
569,6,3,562.861,195.077,22800.874,2,115,12.891,9.256,NA,7.583,0.025,180,-90
570,6,4,559.449,199.248,23100.886,2,141,18.28,11.054,NA,5.389,0.018,129.289,-50.711
571,6,5,558.691,199.248,23400.897,2,220,19.039,11.809,NA,0.758,0.003,180,50.711
572,6,6,558.311,199.248,23700.909,2,84,19.418,12.186,NA,0.379,0.001,180,0
573,6,7,557.174,197.352,24000.92,2,84,21.629,13.613,NA,2.211,0.007,-120.964,59.036
574,6,8,557.174,197.352,24300.932,2,74,21.629,13.613,NA,0,0,0,120.964
575,6,9,557.174,196.594,24600.943,2,51,22.387,13.802,NA,0.758,0.003,-90,-90
576,6,10,556.416,192.044,24900.955,2,54,27,16.321,NA,4.613,0.015,-99.462,-9.462
577,6,11,556.416,187.115,25200.966,2,14,31.929,19.311,NA,4.929,0.016,-90,9.462
578,6,12,556.416,187.115,25500.978,2,51,31.929,19.311,NA,0,0,0,90
579,6,13,552.245,187.115,25800.989,2,18,36.099,22.524,NA,4.171,0.014,180,180
580,6,14,552.245,174.603,26101.001,2,12,48.612,31.559,NA,12.512,0.042,-90,90
581,6,15,553.003,163.607,26401.012,2,25,59.633,40.704,NA,11.022,0.037,-86.055,3.945
582,6,16,553.003,163.607,26701.024,2,27,59.633,40.704,NA,0,0,0,86.055
583,6,17,548.453,158.299,27001.035,2,28,66.625,47.486,NA,6.991,0.023,-130.601,-130.601
584,6,18,548.453,148.062,27301.047,2,31,76.862,56.757,NA,10.237,0.034,-90,40.601
585,6,19,542.387,123.416,27601.058,2,14,102.243,81.924,NA,25.381,0.085,-103.829,-13.829
586,6,20,539.733,118.866,27901.07,2,33,107.51,87.113,NA,5.267,0.018,-120.256,-16.428
587,6,21,539.733,114.316,28201.081,2,22,112.06,91.384,NA,4.55,0.015,-90,30.256
588,6,22,540.112,114.316,28501.093,2,23,112.439,91.258,NA,0.379,0.001,0,90
589,6,23,540.112,108.25,28801.104,2,14,118.506,97,NA,6.067,0.02,-90,-90
590,6,24,535.562,108.25,29101.116,2,24,123.056,98.518,NA,4.55,0.015,180,-90
591,6,25,535.941,101.804,29401.128,2,13,129.513,104.445,NA,6.457,0.022,-86.634,93.366
592,6,26,535.941,101.425,29701.139,2,13,129.892,104.803,NA,0.379,0.001,-90,-3.366
593,6,27,538.974,92.704,30001.151,2,13,139.125,112.186,NA,9.233,0.031,-70.821,19.179
594,6,28,537.837,89.671,30301.162,2,5,142.365,115.416,NA,3.24,0.011,-110.556,-39.735
595,6,29,534.045,71.851,30601.174,2,5,160.584,133.589,NA,18.219,0.061,-102.011,8.545
596,6,30,534.045,71.851,30901.185,2,14,160.584,133.589,NA,0,0,0,102.011
597,6,31,531.012,71.851,31201.197,2,7,163.617,134.448,NA,3.033,0.01,180,180
598,6,32,541.628,58.201,31501.208,2,20,180.91,145.075,NA,17.292,0.058,-52.125,127.875
599,6,33,538.216,54.788,31801.22,2,13,185.735,149.121,NA,4.826,0.016,-135,-82.875
600,6,34,530.254,54.788,32101.231,2,13,193.698,151.042,NA,7.962,0.027,180,-45
601,6,35,545.799,53.651,32401.243,2,14,209.285,148.79,NA,15.587,0.052,-4.185,175.815
602,6,36,550.349,53.651,32701.254,2,7,213.835,148.104,NA,4.55,0.015,0,4.185
603,6,37,559.828,47.205,33001.266,2,19,225.298,153.548,NA,11.463,0.038,-34.216,-34.216
604,6,38,554.899,43.793,33301.277,2,10,231.293,157.362,NA,5.995,0.02,-145.305,-111.089
605,6,39,568.17,21.422,33601.289,2,10,257.303,178.977,NA,26.01,0.087,-59.323,85.982
606,6,40,561.345,21.043,33901.3,2,8,264.138,179.573,NA,6.835,0.023,-176.82,-117.497
607,6,41,557.174,7.773,34201.312,2,13,278.049,193.069,NA,13.911,0.046,-107.447,69.373
608,6,42,551.866,2.465,34501.323,2,16,285.556,198.791,NA,7.507,0.025,-135,-27.553
609,8,1,356.22,522.291,12300.472,2,26,0,0,NA,NA,NA,NA,NA
610,8,2,347.499,522.67,12600.483,2,37,8.729,8.729,NA,8.729,0.029,177.51,NA
611,8,3,338.399,523.429,12900.495,2,33,17.86,17.857,NA,9.131,0.03,175.236,-2.274
612,8,4,331.954,514.708,13200.506,2,51,28.704,25.423,NA,10.844,0.036,-126.469,58.294
613,8,5,331.954,515.087,13500.518,2,40,29.084,25.313,NA,0.379,0.001,90,-143.531
614,8,6,318.683,517.362,13800.529,2,73,42.548,37.859,NA,13.464,0.045,170.272,80.272
615,8,7,312.237,517.362,14100.541,2,42,48.993,44.258,NA,6.446,0.021,180,9.728
616,8,8,299.346,517.362,14400.552,2,28,61.885,57.087,NA,12.891,0.043,180,0
617,8,9,296.692,514.708,14700.564,2,31,65.638,60.009,NA,3.753,0.013,-135,45
618,8,10,296.692,514.708,15000.575,2,38,65.638,60.009,NA,0,0,0,135
619,8,11,287.592,515.087,15300.587,2,48,74.746,69.005,NA,9.108,0.03,177.614,177.614
620,8,12,281.146,515.087,15600.598,2,31,81.192,75.418,NA,6.446,0.021,180,2.386
621,8,13,275.08,514.708,15900.61,2,24,87.27,81.494,NA,6.078,0.02,-176.424,3.576
622,8,14,269.392,514.708,16200.621,2,42,92.958,87.158,NA,5.687,0.019,180,-3.576
623,8,15,258.207,516.414,16500.633,2,95,104.272,98.189,NA,11.315,0.038,171.327,-8.673
624,8,16,255.363,516.414,16800.644,2,102,107.116,101.027,NA,2.844,0.009,180,8.673
625,8,17,245.695,512.433,17100.656,2,100,117.572,110.964,NA,10.456,0.035,-157.62,22.38
626,8,18,242.851,510.158,17400.667,2,32,121.214,114.016,NA,3.642,0.012,-141.34,16.28
627,8,19,242.851,510.158,17700.679,2,40,121.214,114.016,NA,0,0,0,141.34
628,8,20,233.183,510.158,18000.69,2,95,130.882,123.634,NA,9.669,0.032,180,180
629,8,21,233.183,503.333,18300.702,2,78,137.707,124.489,NA,6.825,0.023,-90,90
630,8,22,233.183,502.196,18600.713,2,47,138.844,124.667,NA,1.137,0.004,-90,0
631,8,23,233.183,502.196,18900.725,2,31,138.844,124.667,NA,0,0,0,90
632,8,24,221.239,502.196,19200.736,2,64,150.788,136.468,NA,11.944,0.04,180,180
633,8,25,216.689,502.196,19500.748,2,42,155.338,140.97,NA,4.55,0.015,180,0
634,8,26,204.177,510.158,19800.759,2,94,170.169,152.526,NA,14.831,0.049,147.529,-32.471
635,8,27,199.627,509.589,20100.771,2,61,174.754,157.107,NA,4.585,0.015,-172.875,39.596
636,8,28,191.096,501.627,20400.782,2,39,186.424,166.412,NA,11.67,0.039,-136.975,35.9
637,8,29,191.096,501.627,20700.794,2,24,186.424,166.412,NA,0,0,0,136.975
638,8,30,179.153,501.627,21000.805,2,30,198.367,178.269,NA,11.944,0.04,180,180
639,8,31,175.171,501.627,21300.817,2,19,202.348,182.224,NA,3.981,0.013,180,0
640,8,32,168.347,502.196,21600.828,2,39,209.197,188.945,NA,6.849,0.023,175.236,-4.764
641,8,33,164.365,502.196,21900.84,2,27,213.178,192.904,NA,3.981,0.013,180,4.764
642,8,34,159.247,502.196,22200.851,2,30,218.297,197.995,NA,5.119,0.017,180,0
643,8,35,152.232,504.092,22500.863,2,21,225.563,204.798,NA,7.266,0.024,164.876,-15.124
644,8,36,147.303,502.196,22800.874,2,30,230.844,209.881,NA,5.281,0.018,-158.962,36.162
645,8,37,139.72,503.333,23100.886,2,33,238.512,217.328,NA,7.668,0.026,171.469,-29.568
646,8,38,135.928,507.125,23400.897,2,30,243.874,220.813,NA,5.362,0.018,135,-36.469
647,8,39,129.104,507.125,23700.909,2,32,250.699,227.622,NA,6.825,0.023,180,45
648,8,40,129.104,507.125,24000.92,2,28,250.699,227.622,NA,0,0,0,-180
649,8,41,122.658,507.125,24300.932,2,21,257.144,234.054,NA,6.446,0.021,180,180
650,8,42,110.525,505.987,24600.943,2,21,269.331,246.235,NA,12.186,0.041,-174.644,5.356
651,8,43,109.766,502.575,24900.955,2,65,272.826,247.241,NA,3.496,0.012,-102.529,72.115
652,8,44,105.975,502.575,25200.966,2,15,276.618,251.02,NA,3.792,0.013,180,-77.471
653,8,45,89.292,502.575,25500.978,2,17,293.301,267.655,NA,16.683,0.056,180,0
654,8,46,84.742,508.642,25800.989,2,31,300.884,271.821,NA,7.583,0.025,126.87,-53.13
655,8,47,79.055,508.642,26101.001,2,21,306.572,277.501,NA,5.687,0.019,180,53.13
656,8,48,74.505,509.4,26401.012,2,25,311.184,282.01,NA,4.613,0.015,170.538,-9.462
657,8,49,66.542,513.571,26701.024,2,19,320.173,289.809,NA,8.989,0.03,152.354,-18.184
658,8,50,64.267,518.879,27001.035,2,41,325.948,291.972,NA,5.775,0.019,113.199,-39.155
659,8,51,57.063,518.879,27301.047,2,39,333.152,299.176,NA,7.204,0.024,180,66.801
660,8,52,46.068,517.362,27601.058,2,38,344.252,310.191,NA,11.1,0.037,-172.147,7.853
661,8,53,32.797,510.158,27901.07,2,20,359.352,323.65,NA,15.1,0.05,-151.504,20.642
662,8,54,32.797,510.158,28201.081,2,23,359.352,323.65,NA,0,0,0,151.504
663,8,55,17.631,510.158,28501.093,2,44,374.518,338.806,NA,15.166,0.051,180,180
664,8,56,10.806,510.158,28801.104,2,44,381.343,345.627,NA,6.825,0.023,180,0
665,8,57,0.948,510.537,29101.116,2,18,391.208,355.466,NA,9.865,0.033,177.797,-2.203
666,9,1,336.124,489.684,13200.506,2,15,0,0,NA,NA,NA,NA,NA
667,9,2,327.025,489.684,13500.518,2,22,9.1,9.1,NA,9.1,0.03,180,NA
668,9,3,322.475,486.271,13800.529,2,21,14.787,14.07,NA,5.687,0.019,-143.13,36.87
669,9,4,311.1,483.996,14100.541,2,27,26.387,25.663,NA,11.6,0.039,-168.69,-25.56
670,9,5,304.844,483.996,14400.552,2,37,32.643,31.793,NA,6.256,0.021,180,-11.31
671,9,6,294.038,483.996,14700.564,2,26,43.449,42.469,NA,10.806,0.036,180,0
672,9,7,288.919,477.74,15000.575,2,29,51.533,48.693,NA,8.083,0.027,-129.289,50.711
673,9,8,283.232,477.74,15300.587,2,18,57.22,54.224,NA,5.687,0.019,180,-50.711
674,9,9,283.232,477.74,15600.598,2,30,57.22,54.224,NA,0,0,0,-180
675,9,10,277.544,477.74,15900.61,2,39,62.907,59.785,NA,5.687,0.019,180,180
676,9,11,263.326,470.915,16200.621,2,35,78.679,75.179,NA,15.772,0.053,-154.359,25.641
677,9,12,263.326,470.915,16500.633,2,22,78.679,75.179,NA,0,0,0,154.359
678,9,13,238.301,470.915,16800.644,2,16,103.704,99.607,NA,25.024,0.083,180,180
679,9,14,236.595,471.484,17100.656,2,16,105.502,101.179,NA,1.799,0.006,161.565,-18.435
680,9,15,232.614,471.484,17400.667,2,24,109.483,105.098,NA,3.981,0.013,180,18.435
681,9,16,232.045,471.484,17700.679,2,27,110.052,105.658,NA,0.569,0.002,180,0
682,9,17,210.433,471.484,18000.69,2,26,131.664,127.002,NA,21.612,0.072,180,0
683,9,18,208.727,466.365,18300.702,2,43,137.06,129.514,NA,5.396,0.018,-108.435,71.565
684,9,19,200.765,466.365,18600.713,2,31,145.022,137.354,NA,7.962,0.027,180,-71.565
685,9,20,200.765,466.365,18900.725,2,41,145.022,137.354,NA,0,0,0,-180
686,9,21,194.508,466.365,19200.736,2,41,151.278,143.523,NA,6.256,0.021,180,180
687,9,22,188.821,466.365,19500.748,2,33,156.965,149.137,NA,5.687,0.019,180,0
688,9,23,188.821,461.815,19800.759,2,32,161.515,149.916,NA,4.55,0.015,-90,90
689,9,24,176.878,459.541,20100.771,2,18,173.673,162.074,NA,12.158,0.041,-169.216,-79.216
690,9,25,176.878,459.541,20400.782,2,12,173.673,162.074,NA,0,0,0,169.216
691,9,26,163.228,459.541,20700.794,2,58,187.323,175.504,NA,13.65,0.045,180,180
692,9,27,155.266,460.109,21000.805,2,96,195.306,183.261,NA,7.983,0.027,175.914,-4.086
693,9,28,150.147,460.109,21300.817,2,100,200.424,188.314,NA,5.119,0.017,180,4.086
694,9,29,150.716,460.109,21600.828,2,37,200.993,187.753,NA,0.569,0.002,0,-180
695,9,30,134.222,458.403,21900.84,2,109,217.575,204.311,NA,16.581,0.055,-174.094,-174.094
696,9,31,133.085,458.403,22200.851,2,114,218.712,205.435,NA,1.137,0.004,180,-5.906
697,9,32,127.966,459.541,22500.863,2,164,223.956,210.329,NA,5.244,0.017,167.471,-12.529
698,9,33,123.416,459.541,22800.874,2,87,228.506,214.833,NA,4.55,0.015,180,12.529
699,9,34,123.416,457.266,23100.886,2,56,230.78,215.164,NA,2.275,0.008,-90,90
700,9,35,118.866,457.266,23400.897,2,26,235.33,219.663,NA,4.55,0.015,180,-90
701,9,36,112.041,452.147,23700.909,2,8,243.861,227.205,NA,8.531,0.028,-143.13,36.87
702,9,37,92.136,423.141,24000.92,2,32,279.041,252.9,NA,35.179,0.117,-124.461,18.669
703,9,38,79.623,420.866,24300.932,2,13,291.758,265.572,NA,12.717,0.042,-169.695,-45.234
704,9,39,85.879,424.279,24600.943,2,30,298.884,258.651,NA,7.126,0.024,28.61,-161.694
705,9,40,81.33,424.279,24900.955,2,23,303.434,263.055,NA,4.55,0.015,180,151.39
706,9,41,85.879,419.16,25200.966,2,21,310.283,259.992,NA,6.849,0.023,-48.366,131.634
707,9,42,74.505,417.454,25500.978,2,19,321.785,271.407,NA,11.502,0.038,-171.469,-123.103
708,9,43,70.524,420.298,25800.989,2,14,326.677,274.514,NA,4.892,0.016,144.462,-44.068
709,9,44,67.111,420.298,26101.001,2,18,330.09,277.817,NA,3.412,0.011,180,35.538
710,9,45,52.324,404.942,26401.012,2,11,351.408,296.182,NA,21.318,0.071,-133.919,46.081
711,9,46,27.299,396.411,26701.024,2,22,377.846,322.603,NA,26.439,0.088,-161.175,-27.256
712,9,47,5.687,392.429,27001.035,2,15,399.822,344.452,NA,21.976,0.073,-169.563,-8.387
713,9,48,1.706,392.998,27301.047,2,11,403.844,348.114,NA,4.022,0.013,171.87,-18.568
714,10,1,466.365,239.439,6900.265,2,58,0,0,NA,NA,NA,NA,NA
715,10,2,462.953,239.439,7200.276,2,56,3.412,3.412,NA,3.412,0.011,180,NA
716,10,3,454.422,235.458,7500.288,2,41,12.827,12.59,NA,9.414,0.031,-154.983,25.017
717,10,4,451.009,232.614,7800.299,2,100,17.269,16.804,NA,4.442,0.015,-140.194,14.789
718,10,5,451.009,232.614,8100.311,2,45,17.269,16.804,NA,0,0,0,140.194
719,10,6,444.753,232.614,8400.322,2,88,23.525,22.664,NA,6.256,0.021,180,180
720,10,7,441.341,232.614,8700.334,2,67,26.937,25.938,NA,3.412,0.011,180,0
721,10,8,433.947,235.458,9000.345,2,108,34.859,32.662,NA,7.922,0.026,158.962,-21.038
722,10,9,425.985,234.889,9300.357,2,49,42.841,40.636,NA,7.983,0.027,-175.914,25.123
723,10,10,425.985,234.889,9600.368,2,35,42.841,40.636,NA,0,0,0,175.914
724,10,11,416.885,234.889,9900.38,2,76,51.941,49.689,NA,9.1,0.03,180,180
725,10,12,410.06,233.751,10200.391,2,76,58.86,56.592,NA,6.919,0.023,-170.538,9.462
726,10,13,404.373,233.751,10500.403,2,105,64.548,62.253,NA,5.687,0.019,180,-9.462
727,10,14,397.548,232.614,10800.414,2,69,71.467,69.155,NA,6.919,0.023,-170.538,9.462
728,10,15,397.548,232.614,11100.426,2,73,71.467,69.155,NA,0,0,0,170.538
729,10,16,395.842,233.183,11400.437,2,97,73.265,70.8,NA,1.799,0.006,161.565,161.565
730,10,17,391.861,233.183,11700.449,2,48,77.246,74.767,NA,3.981,0.013,180,18.435
731,10,18,381.055,234.889,12000.46,2,136,88.186,85.432,NA,10.94,0.036,171.027,-8.973
732,10,19,381.055,234.889,12300.472,2,46,88.186,85.432,NA,0,0,0,-171.027
733,10,20,371.955,236.026,12600.483,2,71,97.357,94.472,NA,9.171,0.031,172.875,172.875
734,10,21,362.286,236.026,12900.495,2,99,107.025,104.135,NA,9.669,0.032,180,7.125
735,10,22,358.874,240.008,13200.506,2,117,112.269,107.493,NA,5.244,0.017,130.601,-49.399
736,10,23,348.637,241.714,13500.518,2,57,122.647,117.751,NA,10.378,0.035,170.538,39.936
737,10,24,348.637,241.714,13800.529,2,124,122.647,117.751,NA,0,0,0,-170.538
738,10,25,335.556,241.714,14100.541,2,55,135.728,130.83,NA,13.081,0.044,180,180
739,10,26,333.281,239.439,14400.552,2,145,138.946,133.085,NA,3.217,0.011,-135,45
740,10,27,327.025,236.026,14700.564,2,148,146.072,139.383,NA,7.126,0.024,-151.39,-16.39
741,10,28,327.025,236.026,15000.575,2,127,146.072,139.383,NA,0,0,0,151.39
742,10,29,323.043,229.77,15300.587,2,140,153.487,143.648,NA,7.415,0.025,-122.471,-122.471
743,10,30,314.512,221.239,15600.598,2,166,165.552,152.94,NA,12.065,0.04,-135,-12.529
744,10,31,309.962,221.239,15900.61,2,90,170.102,157.458,NA,4.55,0.015,180,-45
745,10,32,302,224.652,16200.621,2,146,178.765,165.029,NA,8.663,0.029,156.801,-23.199
746,10,33,296.881,224.652,16500.633,2,71,183.883,170.128,NA,5.119,0.017,180,23.199
747,10,34,283.8,217.827,16800.644,2,101,198.638,183.84,NA,14.754,0.049,-152.447,27.553
748,10,35,272.426,217.827,17100.656,2,43,210.013,195.14,NA,11.375,0.038,180,-27.553
749,10,36,270.719,217.827,17400.667,2,98,211.719,196.836,NA,1.706,0.006,180,0
750,10,37,265.601,218.964,17700.679,2,72,216.962,201.806,NA,5.244,0.017,167.471,-12.529
751,10,38,265.032,218.964,18000.69,2,127,217.531,202.372,NA,0.569,0.002,180,12.529
752,10,39,262.757,218.395,18300.702,2,138,219.876,204.693,NA,2.345,0.008,-165.964,14.036
753,10,40,262.757,218.395,18600.713,2,99,219.876,204.693,NA,0,0,0,165.964
754,10,41,254.226,218.395,18900.725,2,106,228.407,213.181,NA,8.531,0.028,180,180
755,10,42,252.52,217.827,19200.736,2,57,230.206,214.935,NA,1.799,0.006,-161.565,18.435
756,10,43,247.401,217.827,19500.748,2,101,235.324,220.028,NA,5.119,0.017,180,-18.435
757,10,44,247.401,216.689,19800.759,2,86,236.462,220.143,NA,1.137,0.004,-90,90
758,10,45,246.832,216.689,20100.771,2,89,237.03,220.709,NA,0.569,0.002,180,-90
759,10,46,246.832,216.689,20400.782,2,57,237.03,220.709,NA,0,0,0,-180
760,10,47,244.557,217.258,20700.794,2,58,239.375,222.914,NA,2.345,0.008,165.964,165.964
761,10,48,240.576,217.258,21000.805,2,86,243.357,226.876,NA,3.981,0.013,180,14.036
762,10,49,240.576,218.395,21300.817,2,72,244.494,226.768,NA,1.137,0.004,90,-90
763,10,50,238.301,221.239,21600.828,2,162,248.136,228.789,NA,3.642,0.012,128.66,38.66
764,10,51,238.301,221.239,21900.84,2,189,248.136,228.789,NA,0,0,0,-128.66
765,10,52,229.77,225.789,22200.851,2,85,257.804,236.989,NA,9.669,0.032,151.928,151.928
766,10,53,225.789,225.789,22500.863,2,106,261.786,240.963,NA,3.981,0.013,180,28.072
767,10,54,225.789,225.789,22800.874,2,123,261.786,240.963,NA,0,0,0,-180
768,10,55,225.789,225.789,23100.886,2,83,261.786,240.963,NA,0,0,0,0
769,10,56,221.239,227.495,23400.897,2,82,266.645,245.417,NA,4.859,0.016,159.444,159.444
770,10,57,221.239,227.495,23700.909,2,143,266.645,245.417,NA,0,0,0,-159.444
771,10,58,213.846,228.633,24000.92,2,94,274.125,252.751,NA,7.481,0.025,171.254,171.254
772,10,59,208.727,228.633,24300.932,2,125,279.244,257.865,NA,5.119,0.017,180,8.746
773,10,60,208.727,228.633,24600.943,2,124,279.244,257.865,NA,0,0,0,-180
774,10,61,208.158,232.614,24900.955,2,107,283.266,258.297,NA,4.022,0.013,98.13,98.13
775,10,62,203.04,232.614,25200.966,2,130,288.384,263.414,NA,5.119,0.017,180,81.87
776,10,63,203.04,232.614,25500.978,2,188,288.384,263.414,NA,0,0,0,-180
777,10,64,198.49,237.733,25800.989,2,79,295.233,267.881,NA,6.849,0.023,131.634,131.634
778,10,65,195.077,238.87,26101.001,2,99,298.83,271.289,NA,3.597,0.012,161.565,29.932
779,10,66,193.371,238.87,26401.012,2,75,300.536,272.995,NA,1.706,0.006,180,18.435
780,10,67,193.371,238.87,26701.024,2,71,300.536,272.995,NA,0,0,0,-180
781,10,68,189.959,240.008,27001.035,2,137,304.133,276.407,NA,3.597,0.012,161.565,161.565
782,10,69,189.959,240.008,27301.047,2,121,304.133,276.407,NA,0,0,0,-161.565
783,10,70,185.409,240.008,27601.058,2,61,308.683,280.957,NA,4.55,0.015,180,180
784,10,71,183.702,234.32,27901.07,2,29,314.621,282.709,NA,5.938,0.02,-106.699,73.301
785,10,72,183.702,234.32,28201.081,2,25,314.621,282.709,NA,0,0,0,106.699
786,10,73,181.428,232.045,28501.093,2,21,317.838,285.034,NA,3.217,0.011,-135,-135
787,10,74,181.428,225.22,28801.104,2,11,324.663,285.292,NA,6.825,0.023,-90,45
788,10,75,175.171,224.083,29101.116,2,17,331.022,291.599,NA,6.359,0.021,-169.695,-79.695
789,10,76,175.171,224.083,29401.128,2,22,331.022,291.599,NA,0,0,0,169.695
790,10,77,175.171,214.414,29701.139,2,11,340.69,292.267,NA,9.669,0.032,-90,-90
791,10,78,173.465,199.058,30001.151,2,21,356.141,295.671,NA,15.45,0.051,-96.34,-6.34
792,10,79,168.915,197.921,30301.162,2,40,360.83,300.334,NA,4.69,0.016,-165.964,-69.624
793,10,80,163.797,197.921,30601.174,2,21,365.949,305.404,NA,5.119,0.017,180,-14.036
794,10,81,164.365,205.315,30901.185,2,12,373.365,303.922,NA,7.415,0.025,85.601,-94.399
795,10,82,161.522,205.315,31201.197,2,31,376.208,306.748,NA,2.844,0.009,180,94.399
796,10,83,154.697,204.177,31501.208,2,12,383.127,313.657,NA,6.919,0.023,-170.538,9.462
797,10,84,154.128,204.177,31801.22,2,24,383.696,314.222,NA,0.569,0.002,180,-9.462
798,10,85,150.147,199.058,32101.231,2,7,390.181,318.786,NA,6.485,0.022,-127.875,52.125
799,10,86,150.147,187.115,32401.243,2,32,402.124,320.518,NA,11.944,0.04,-90,37.875
800,10,87,150.147,187.115,32701.254,2,19,402.124,320.518,NA,0,0,0,90
801,10,88,145.597,187.115,33001.266,2,17,406.674,325.008,NA,4.55,0.015,180,180
802,10,89,137.635,185.409,33301.277,2,35,414.817,333.141,NA,8.143,0.027,-167.905,12.095
803,10,90,133.653,178.584,33601.289,2,30,422.718,338.231,NA,7.901,0.026,-120.256,47.649
804,10,91,133.653,178.584,33901.3,2,20,422.718,338.231,NA,0,0,0,120.256
805,10,92,125.691,178.584,34201.312,2,12,430.681,346.067,NA,7.962,0.027,180,180
806,10,93,124.554,178.584,34501.323,2,10,431.818,347.187,NA,1.137,0.004,180,0
807,10,94,123.985,175.171,34801.335,2,6,435.278,348.36,NA,3.459,0.012,-99.462,80.538
808,10,95,121.141,170.621,35101.346,2,17,440.643,352.016,NA,5.365,0.018,-122.005,-22.543
809,10,96,121.141,165.503,35401.358,2,9,445.762,353.053,NA,5.119,0.017,-90,32.005
810,10,97,121.141,162.659,35701.369,2,27,448.605,353.659,NA,2.844,0.009,-90,0
811,10,98,118.866,162.09,36001.381,2,18,450.95,356.003,NA,2.345,0.008,-165.964,-75.964
812,10,99,118.298,152.991,36301.392,2,30,460.068,358.643,NA,9.118,0.03,-93.576,72.387
813,10,100,114.885,150.147,36601.404,2,16,464.51,362.645,NA,4.442,0.015,-140.194,-46.618
814,10,101,109.766,145.597,36901.415,2,10,471.358,368.74,NA,6.849,0.023,-138.366,1.828
815,10,102,104.079,136.497,37201.427,2,31,482.089,376.628,NA,10.731,0.036,-122.005,16.361
816,10,103,101.235,137.066,37501.438,2,51,484.989,379.21,NA,2.9,0.01,168.69,-69.305
817,10,104,100.667,154.128,37801.45,2,12,502.061,375.518,NA,17.072,0.057,91.909,-76.781
818,10,105,90.429,153.559,38101.461,2,6,512.314,385.62,NA,10.253,0.034,-176.82,91.271
819,10,106,83.605,132.516,38401.473,2,39,534.436,397.415,NA,22.122,0.074,-107.969,68.851
820,10,107,78.486,131.947,38701.484,2,51,539.587,402.498,NA,5.15,0.017,-173.66,-65.691
821,10,108,77.348,131.947,39001.496,2,26,540.724,403.595,NA,1.137,0.004,180,-6.34
822,10,109,75.642,131.947,39301.507,2,31,542.43,405.239,NA,1.706,0.006,180,0
823,10,110,72.23,133.653,39601.519,2,47,546.245,408.085,NA,3.815,0.013,153.435,-26.565
824,10,111,73.936,145.028,39901.53,2,34,557.748,403.626,NA,11.502,0.038,81.469,-71.966
825,10,112,70.524,145.028,40201.542,2,24,561.16,406.945,NA,3.412,0.011,180,98.531
826,10,113,50.618,127.397,40501.553,2,32,587.751,430.58,NA,26.591,0.089,-138.468,41.532
827,10,114,47.774,120.004,40801.565,2,37,595.673,435.297,NA,7.922,0.026,-111.038,27.431
828,10,115,46.637,119.435,41101.576,2,36,596.944,436.547,NA,1.272,0.004,-153.435,-42.397
829,10,116,42.655,102.942,41401.588,2,24,613.912,445.154,NA,16.967,0.057,-103.57,49.865
830,10,117,36.968,102.373,41701.599,2,24,619.627,450.743,NA,5.716,0.019,-174.289,-70.719
831,10,118,28.437,102.942,42001.611,2,69,628.177,458.708,NA,8.55,0.028,176.186,-9.525
832,10,119,28.437,102.942,42301.622,2,30,628.177,458.708,NA,0,0,0,-176.186
833,10,120,21.612,102.942,42601.634,2,26,635.002,465.228,NA,6.825,0.023,180,180
834,10,121,13.081,102.942,42901.645,2,15,643.533,473.39,NA,8.531,0.028,180,0
835,10,122,8.531,102.942,43201.657,2,25,648.083,477.749,NA,4.55,0.015,180,0
836,10,123,6.256,102.942,43501.668,2,20,650.358,479.929,NA,2.275,0.008,180,0
837,10,124,5.119,100.667,43801.68,2,37,652.902,481.67,NA,2.543,0.008,-116.565,63.435
838,11,1,212.708,491.39,20700.794,2,21,0,0,NA,NA,NA,NA,NA
839,11,2,201.902,491.39,21000.805,2,25,10.806,10.806,NA,10.806,0.036,180,NA
840,11,3,189.959,484.565,21300.817,2,52,24.562,23.751,NA,13.756,0.046,-150.255,29.745
841,11,4,187.684,476.603,21600.828,2,30,32.843,29.067,NA,8.281,0.028,-105.945,44.31
842,11,5,182.565,476.603,21900.84,2,36,37.962,33.575,NA,5.119,0.017,180,-74.055
843,11,6,180.859,476.603,22200.851,2,50,39.668,35.115,NA,1.706,0.006,180,0
844,11,7,180.859,476.603,22500.863,2,13,39.668,35.115,NA,0,0,0,-180
845,11,8,166.072,476.603,22800.874,2,22,54.455,48.925,NA,14.787,0.049,180,180
846,11,9,152.422,476.603,23100.886,2,16,68.105,62.073,NA,13.65,0.045,180,0
847,11,10,142.185,476.603,23400.897,2,37,78.342,72.057,NA,10.237,0.034,180,0
848,11,11,142.185,476.603,23700.909,2,40,78.342,72.057,NA,0,0,0,-180
849,11,12,130.241,474.328,24000.92,2,101,90.5,84.214,NA,12.158,0.041,-169.216,-169.216
850,11,13,121.71,469.209,24300.932,2,59,100.449,93.662,NA,9.949,0.033,-149.036,20.179
851,11,14,110.335,469.209,24600.943,2,28,111.824,104.748,NA,11.375,0.038,180,-30.964
852,11,15,110.335,469.209,24900.955,2,27,111.824,104.748,NA,0,0,0,-180
853,11,16,100.098,469.209,25200.966,2,25,122.061,114.774,NA,10.237,0.034,180,180
854,11,17,94.979,469.209,25500.978,2,40,127.18,119.8,NA,5.119,0.017,180,0
855,11,18,87.586,474.896,25800.989,2,38,136.508,126.205,NA,9.328,0.031,142.431,-37.569
856,11,19,81.898,477.171,26101.001,2,81,142.633,131.58,NA,6.125,0.02,158.199,15.767
857,11,20,75.642,477.171,26401.012,2,124,148.889,137.801,NA,6.256,0.021,180,21.801
858,11,21,68.817,478.309,26701.024,2,86,155.808,144.484,NA,6.919,0.023,170.538,-9.462
859,11,22,56.305,479.446,27001.035,2,14,168.372,156.858,NA,12.564,0.042,174.806,4.268
860,11,23,23.887,486.271,27301.047,2,15,201.501,188.89,NA,33.129,0.11,168.111,-6.694
861,11,24,15.356,484.565,27601.058,2,28,210.201,197.47,NA,8.7,0.029,-168.69,23.199
862,11,25,2.844,481.153,27901.07,2,8,223.17,210.114,NA,12.969,0.043,-164.745,3.945
863,12,1,311.858,372.524,17700.679,2,19,0,0,NA,NA,NA,NA,NA
864,12,2,300.483,372.524,18000.69,2,28,11.375,11.375,NA,11.375,0.038,180,NA
865,12,3,292.142,366.457,18300.702,2,52,21.689,20.628,NA,10.314,0.034,-143.973,36.027
866,12,4,287.592,361.907,18600.713,2,37,28.124,26.487,NA,6.435,0.021,-135,8.973
867,12,5,287.592,361.907,18900.725,2,39,28.124,26.487,NA,0,0,0,135
868,12,6,283.042,362.665,19200.736,2,93,32.736,30.456,NA,4.613,0.015,170.538,170.538
869,12,7,280.009,362.665,19500.748,2,76,35.769,33.34,NA,3.033,0.01,180,9.462
870,12,8,267.876,362.665,19800.759,2,23,47.903,45.074,NA,12.133,0.04,180,0
871,12,9,263.326,360.39,20100.771,2,22,52.99,50.026,NA,5.087,0.017,-153.435,26.565
872,12,10,256.501,364.182,20400.782,2,11,60.797,55.982,NA,7.807,0.026,150.945,-55.62
873,12,11,249.676,364.182,20700.794,2,37,67.622,62.739,NA,6.825,0.023,180,29.055
874,12,12,233.751,364.182,21000.805,2,49,83.546,78.551,NA,15.925,0.053,180,0
875,12,13,229.202,361.149,21300.817,2,31,89.015,83.436,NA,5.468,0.018,-146.31,33.69
876,12,14,229.202,361.149,21600.828,2,21,89.015,83.436,NA,0,0,0,146.31
877,12,15,223.893,362.665,21900.84,2,41,94.535,88.516,NA,5.521,0.018,164.055,164.055
878,12,16,223.893,362.665,22200.851,2,37,94.535,88.516,NA,0,0,0,-164.055
879,12,17,219.343,367.215,22500.863,2,65,100.97,92.667,NA,6.435,0.021,135,135
880,12,18,206.452,366.457,22800.874,2,12,113.884,105.581,NA,12.914,0.043,-176.634,48.366
881,12,19,206.452,366.457,23100.886,2,11,113.884,105.581,NA,0,0,0,176.634
882,12,20,198.11,364.94,23400.897,2,32,122.362,114,NA,8.478,0.028,-169.695,-169.695
883,12,21,198.11,364.94,23700.909,2,13,122.362,114,NA,0,0,0,169.695
884,12,22,198.11,364.94,24000.92,2,23,122.362,114,NA,0,0,0,0
885,12,23,198.11,364.94,24300.932,2,24,122.362,114,NA,0,0,0,0
886,12,24,194.319,369.49,24600.943,2,23,128.284,117.578,NA,5.923,0.02,129.806,129.806
887,12,25,194.319,369.49,24900.955,2,32,128.284,117.578,NA,0,0,0,-129.806
888,12,26,187.494,369.49,25200.966,2,10,135.109,124.401,NA,6.825,0.023,180,180
889,12,27,176.878,363.424,25500.978,2,16,147.337,135.287,NA,12.228,0.041,-150.255,29.745
890,12,28,174.603,363.424,25800.989,2,22,149.612,137.557,NA,2.275,0.008,180,-29.745
891,12,29,173.844,358.874,26101.001,2,36,154.224,138.687,NA,4.613,0.015,-99.462,80.538
892,12,30,167.778,358.874,26401.012,2,14,160.291,144.725,NA,6.067,0.02,180,-80.538
893,12,31,167.778,358.874,26701.024,2,17,160.291,144.725,NA,0,0,0,-180
894,12,32,167.019,358.874,27001.035,2,24,161.049,145.48,NA,0.758,0.003,180,180
895,12,33,166.261,365.699,27301.047,2,10,167.916,145.757,NA,6.867,0.023,96.34,-83.66
896,12,34,166.261,374.799,27601.058,2,130,177.016,145.615,NA,9.1,0.03,90,-6.34
897,12,35,163.228,380.107,27901.07,2,107,183.13,148.824,NA,6.114,0.02,119.745,29.745
898,12,36,158.678,380.865,28201.081,2,64,187.742,153.407,NA,4.613,0.015,170.538,50.793
899,12,37,156.403,381.623,28501.093,2,103,190.14,155.721,NA,2.398,0.008,161.565,-8.973
900,12,38,151.095,381.623,28801.104,2,52,195.449,161.021,NA,5.308,0.018,180,18.435
901,12,39,151.095,381.623,29101.116,2,31,195.449,161.021,NA,0,0,0,-180
902,12,40,149.578,375.557,29401.128,2,28,201.702,162.308,NA,6.253,0.021,-104.036,-104.036
903,12,41,138.203,375.557,29701.139,2,33,213.077,173.681,NA,11.375,0.038,180,-75.964
904,12,42,128.345,371.007,30001.151,2,52,223.934,183.519,NA,10.857,0.036,-155.225,24.775
905,12,43,101.046,368.732,30301.162,2,22,251.328,210.846,NA,27.394,0.091,-175.236,-20.011
906,12,44,90.429,370.249,30601.174,2,9,262.052,221.44,NA,10.724,0.036,171.87,-12.894
907,12,45,90.429,371.007,30901.185,2,15,262.811,221.434,NA,0.758,0.003,90,-81.87
908,12,46,94.221,379.348,31201.197,2,40,271.974,217.744,NA,9.163,0.031,65.556,-24.444
909,12,47,92.704,379.348,31501.208,2,32,273.49,219.26,NA,1.517,0.005,180,114.444
910,12,48,92.704,379.348,31801.22,2,33,273.49,219.26,NA,0,0,0,-180
911,12,49,82.088,377.832,32101.231,2,24,284.214,229.832,NA,10.724,0.036,-171.87,-171.87
912,12,50,67.68,367.974,32401.243,2,13,301.672,244.221,NA,17.458,0.058,-145.62,26.25
913,12,51,50.239,367.974,32701.254,2,45,319.113,261.659,NA,17.441,0.058,180,-34.38
914,12,52,50.239,367.974,33001.266,2,52,319.113,261.659,NA,0,0,0,-180
915,12,53,26.731,359.632,33301.277,2,30,344.057,285.419,NA,24.944,0.083,-160.463,-160.463
916,12,54,22.75,369.111,33601.289,2,60,354.338,289.129,NA,10.281,0.034,112.782,-86.754
917,12,55,18.2,369.111,33901.3,2,120,358.888,293.678,NA,4.55,0.015,180,67.218
918,12,56,9.1,369.111,34201.312,2,84,367.988,302.778,NA,9.1,0.03,180,0
919,13,1,301.431,440.203,14400.552,2,13,0,0,NA,NA,NA,NA,NA
920,13,2,291.194,438.497,14700.564,2,9,10.378,10.378,NA,10.378,0.035,-170.538,NA
921,13,3,282.663,425.416,15000.575,2,15,25.996,23.894,NA,15.617,0.052,-123.111,47.426
922,13,4,271.857,412.335,15300.587,2,22,42.963,40.636,NA,16.967,0.057,-129.56,-6.448
923,13,5,271.857,412.335,15600.598,2,30,42.963,40.636,NA,0,0,0,129.56
924,13,6,261.62,402.098,15900.61,2,73,57.44,55.109,NA,14.478,0.048,-135,-135
925,13,7,245.695,402.667,16200.621,2,8,73.375,67.198,NA,15.935,0.053,177.955,-47.045
926,13,8,238.301,416.316,16500.633,2,10,88.899,67.498,NA,15.524,0.052,118.443,-59.512
927,13,9,229.202,419.16,16800.644,2,23,98.432,75.233,NA,9.534,0.032,162.646,44.203
928,13,10,216.689,419.16,17100.656,2,63,110.945,87.316,NA,12.512,0.042,180,17.354
929,13,11,203.608,419.16,17400.667,2,22,124.026,100.061,NA,13.081,0.044,180,0
930,13,12,187.684,411.767,17700.679,2,47,141.583,117.248,NA,17.557,0.059,-155.095,24.905
931,13,13,184.271,406.079,18000.69,2,46,148.216,122.028,NA,6.633,0.022,-120.964,34.131
932,13,14,179.721,402.098,18300.702,2,60,154.261,127.536,NA,6.046,0.02,-138.814,-17.85
933,13,15,171.19,402.098,18600.713,2,62,162.792,135.701,NA,8.531,0.028,180,-41.186
934,13,16,162.659,403.804,18900.725,2,27,171.492,143.466,NA,8.7,0.029,168.69,-11.31
935,13,17,154.697,403.804,19200.736,2,12,179.455,151.182,NA,7.962,0.027,180,11.31
936,13,18,141.616,394.136,19500.748,2,30,195.721,166.323,NA,16.266,0.054,-143.531,36.469
937,13,19,135.17,391.482,19800.759,2,19,202.692,173.253,NA,6.971,0.023,-157.62,-14.089
938,13,20,126.829,391.102,20100.771,2,29,211.042,181.375,NA,8.35,0.028,-177.397,-19.778
939,13,21,120.762,387.311,20400.782,2,31,218.196,188.252,NA,7.154,0.024,-147.995,29.403
940,13,22,114.696,379.728,20700.794,2,12,227.907,196.284,NA,9.711,0.032,-128.66,19.335
941,13,23,99.15,366.836,21000.805,2,9,248.102,215.175,NA,20.195,0.067,-140.332,-11.672
942,13,24,91.567,366.836,21300.817,2,19,255.686,222.319,NA,7.583,0.025,180,-39.668
943,13,25,69.386,358.874,21600.828,2,5,279.252,245.885,NA,23.567,0.079,-160.253,19.747
944,13,26,58.011,358.874,21900.84,2,31,290.627,256.647,NA,11.375,0.038,180,-19.747
945,13,27,52.893,354.324,22200.851,2,17,297.476,262.958,NA,6.849,0.023,-138.366,41.634
946,13,28,45.499,349.205,22500.863,2,46,306.468,271.628,NA,8.993,0.03,-145.305,-6.938
947,13,29,35.831,350.343,22800.874,2,12,316.203,280.39,NA,9.735,0.032,173.29,-41.405
948,13,30,25.593,361.149,23100.886,2,18,331.089,286.943,NA,14.885,0.05,133.452,-39.838
949,13,31,10.806,365.13,23400.897,2,26,346.402,300.165,NA,15.314,0.051,164.932,31.48
950,13,32,10.806,365.13,23700.909,2,64,346.402,300.165,NA,0,0,0,-164.932
951,13,33,3.981,362.855,24000.92,2,56,353.596,307.342,NA,7.194,0.024,-161.565,-161.565
952,13,34,3.412,362.855,24300.932,2,30,354.165,307.893,NA,0.569,0.002,180,-18.435
953,14,1,510.917,184.461,25500.978,2,11,0,0,NA,NA,NA,NA,NA
954,14,2,510.158,176.878,25800.989,2,34,7.621,7.621,NA,7.621,0.025,-95.711,NA
955,14,3,510.158,168.915,26101.001,2,28,15.583,15.564,NA,7.962,0.027,-90,5.711
956,14,4,510.158,168.915,26401.012,2,19,15.583,15.564,NA,0,0,0,90
957,14,5,510.158,161.711,26701.024,2,38,22.787,22.762,NA,7.204,0.024,-90,-90
958,14,6,504.471,152.991,27001.035,2,29,33.199,32.124,NA,10.411,0.035,-123.111,-33.111
959,14,7,496.509,149.957,27301.047,2,72,41.719,37.391,NA,8.521,0.028,-159.146,-36.034
960,14,8,496.509,149.957,27601.058,2,33,41.719,37.391,NA,0,0,0,159.146
961,14,9,493.475,153.37,27901.07,2,25,46.285,35.649,NA,4.566,0.015,131.634,131.634
962,14,10,491.579,159.436,28201.081,2,25,52.641,31.625,NA,6.356,0.021,107.354,-24.28
963,14,11,489.684,159.436,28501.093,2,21,54.537,32.819,NA,1.896,0.006,180,72.646
964,14,12,489.684,159.436,28801.104,2,18,54.537,32.819,NA,0,0,0,-180
965,14,13,486.271,159.436,29101.116,2,26,57.949,35.123,NA,3.412,0.011,180,180
966,14,14,483.617,152.232,29401.128,2,86,65.626,42.237,NA,7.677,0.026,-110.225,69.775
967,14,15,483.617,138.962,29701.139,2,24,78.897,53.061,NA,13.271,0.044,-90,20.225
968,14,16,483.617,127.587,30001.151,2,120,90.272,63.086,NA,11.375,0.038,-90,0
969,14,17,486.271,125.691,30301.162,2,27,93.533,63.728,NA,3.262,0.011,-35.538,54.462
970,14,18,480.015,121.71,30601.174,2,21,100.949,69.947,NA,7.415,0.025,-147.529,-111.991
971,14,19,480.015,121.71,30901.185,2,37,100.949,69.947,NA,0,0,0,147.529
972,14,20,480.015,118.298,31201.197,2,56,104.361,73.024,NA,3.412,0.011,-90,-90
973,14,21,477.171,105.785,31501.208,2,14,117.193,85.607,NA,12.831,0.043,-102.804,-12.804
974,14,22,467.503,102.373,31801.22,2,13,127.446,92.861,NA,10.253,0.034,-160.56,-57.756
975,14,23,467.503,102.373,32101.231,2,22,127.446,92.861,NA,0,0,0,160.56
976,14,24,458.972,102.373,32401.243,2,15,135.977,97.143,NA,8.531,0.028,180,180
977,14,25,458.972,97.254,32701.254,2,21,141.095,101.505,NA,5.119,0.017,-90,90
978,14,26,458.972,97.254,33001.266,2,19,141.095,101.505,NA,0,0,0,90
979,14,27,458.403,89.861,33301.277,2,11,148.511,108.198,NA,7.415,0.025,-94.399,-94.399
980,14,28,458.403,89.861,33601.289,2,15,148.511,108.198,NA,0,0,0,94.399
981,14,29,456.697,89.861,33901.3,2,9,150.217,109.037,NA,1.706,0.006,180,180
982,14,30,456.697,89.861,34201.312,2,10,150.217,109.037,NA,0,0,0,-180
983,14,31,456.697,89.861,34501.323,2,9,150.217,109.037,NA,0,0,0,0
984,15,1,496.509,213.277,29701.139,2,16,0,0,NA,NA,NA,NA,NA
985,15,2,496.509,210.433,30001.151,2,15,2.844,2.844,NA,2.844,0.009,-90,NA
986,15,3,495.94,208.158,30301.162,2,20,5.189,5.15,NA,2.345,0.008,-104.036,-14.036
987,15,4,494.802,204.177,30601.174,2,22,9.329,9.258,NA,4.14,0.014,-105.945,-1.909
988,15,5,494.802,196.783,30901.185,2,15,16.723,16.581,NA,7.394,0.025,-90,15.945
989,15,6,495.94,189.959,31201.197,2,12,23.642,23.325,NA,6.919,0.023,-80.538,9.462
990,15,7,494.234,187.684,31501.208,2,21,26.485,25.694,NA,2.844,0.009,-126.87,-46.332
991,15,8,494.234,188.252,31801.22,2,38,27.054,25.128,NA,0.569,0.002,90,-143.13
992,15,9,486.271,188.252,32101.231,2,22,35.016,27.038,NA,7.962,0.027,180,90
993,15,10,481.153,182.565,32401.243,2,14,42.668,34.337,NA,7.652,0.026,-131.987,48.013
994,15,11,478.878,172.896,32701.254,2,16,52.601,44.062,NA,9.933,0.033,-103.241,28.747
995,15,12,476.034,169.484,33001.266,2,29,57.043,48.343,NA,4.442,0.015,-129.806,-26.565
996,15,13,476.034,169.484,33301.277,2,20,57.043,48.343,NA,0,0,0,129.806
997,15,14,470.347,171.759,33601.289,2,27,63.168,49.073,NA,6.125,0.02,158.199,158.199
998,15,15,470.347,171.759,33901.3,2,39,63.168,49.073,NA,0,0,0,-158.199
999,15,16,470.347,168.347,34201.312,2,17,66.581,51.992,NA,3.412,0.011,-90,-90
1000,15,17,469.778,168.347,34501.323,2,13,67.149,52.281,NA,0.569,0.002,180,-90
1001,15,18,478.878,166.072,34801.335,2,9,76.529,50.39,NA,9.38,0.031,-14.036,165.964
1002,15,19,481.153,160.384,35101.346,2,15,82.655,55.077,NA,6.125,0.02,-68.199,-54.162
1003,15,20,481.153,152.422,35401.358,2,38,90.617,62.763,NA,7.962,0.027,-90,-21.801
1004,15,21,486.84,145.597,35701.369,2,51,99.501,68.367,NA,8.884,0.03,-50.194,39.806
1005,15,22,485.134,140.478,36001.381,2,83,104.897,73.682,NA,5.396,0.018,-108.435,-58.241
1006,15,23,484.565,138.772,36301.392,2,52,106.695,75.456,NA,1.799,0.006,-108.435,0
1007,15,24,480.584,138.772,36601.404,2,41,110.676,76.188,NA,3.981,0.013,180,-71.565
1008,15,25,477.171,138.772,36901.415,2,32,114.089,76.973,NA,3.412,0.011,180,0
1009,15,26,477.171,134.791,37201.427,2,31,118.07,80.833,NA,3.981,0.013,-90,90
1010,15,27,477.171,134.791,37501.438,2,48,118.07,80.833,NA,0,0,0,90
1011,15,28,470.915,134.791,37801.45,2,21,124.326,82.553,NA,6.256,0.021,180,180
1012,15,29,470.915,134.791,38101.461,2,21,124.326,82.553,NA,0,0,0,-180
1013,15,30,467.503,138.772,38401.473,2,17,129.569,79.952,NA,5.244,0.017,130.601,130.601
1014,15,31,467.503,135.36,38701.484,2,24,132.982,83.141,NA,3.412,0.011,-90,139.399
1015,15,32,482.29,123.416,39001.496,2,26,151.99,90.979,NA,19.008,0.063,-38.928,51.072
1016,15,33,482.29,117.729,39301.507,2,11,157.677,96.6,NA,5.687,0.019,-90,-51.072
1017,15,34,482.29,117.16,39601.519,2,15,158.246,97.163,NA,0.569,0.002,-90,0
1018,15,35,482.29,114.316,39901.53,2,7,161.09,99.977,NA,2.844,0.009,-90,0
1019,15,36,482.29,114.316,40201.542,2,13,161.09,99.977,NA,0,0,0,90
1020,15,37,477.74,104.079,40501.553,2,12,172.293,110.799,NA,11.203,0.037,-113.962,-113.962
1021,15,38,477.74,97.254,40801.565,2,19,179.118,117.531,NA,6.825,0.023,-90,23.962
1022,15,39,476.603,83.605,41101.576,2,26,192.815,131.191,NA,13.697,0.046,-94.764,-4.764
1023,15,40,461.815,85.879,41401.588,2,20,207.776,132.037,NA,14.961,0.05,171.254,-93.983
1024,15,41,451.578,85.879,41701.599,2,8,218.013,135.088,NA,10.237,0.034,180,8.746
1025,15,42,441.91,75.642,42001.611,2,13,232.094,148.069,NA,14.081,0.047,-133.363,46.637
1026,15,43,441.91,75.642,42301.622,2,8,232.094,148.069,NA,0,0,0,133.363
1027,15,44,431.672,63.13,42601.634,2,30,248.261,163.548,NA,16.167,0.054,-129.289,-129.289
1028,15,45,422.573,55.736,42901.645,2,11,259.986,174.027,NA,11.725,0.039,-140.906,-11.617
1029,15,46,419.729,47.205,43201.657,2,18,268.978,182.961,NA,8.993,0.03,-108.435,32.471
1030,15,47,416.885,47.205,43501.668,2,12,271.822,184.173,NA,2.844,0.009,180,-71.565
1031,15,48,416.885,44.93,43801.68,2,7,274.097,186.227,NA,2.275,0.008,-90,90
1032,15,49,419.729,43.793,44101.691,2,11,277.16,186.064,NA,3.063,0.01,-21.801,68.199
1033,15,50,421.435,71.661,44401.703,2,52,305.08,160.284,NA,27.92,0.093,86.496,108.298
1034,15,51,416.316,71.661,44701.714,2,31,310.199,162.745,NA,5.119,0.017,180,93.504
1035,15,52,411.198,78.486,45001.726,2,13,318.73,159.52,NA,8.531,0.028,126.87,-53.13
1036,15,53,400.392,88.154,45301.737,2,33,333.23,157.778,NA,14.5,0.048,138.18,11.31
1037,15,54,400.392,88.154,45601.749,2,10,333.23,157.778,NA,0,0,0,-138.18
1038,16,1,458.403,211.002,26401.012,2,62,0,0,NA,NA,NA,NA,NA
1039,16,2,458.403,205.883,26701.024,2,38,5.119,5.119,NA,5.119,0.017,-90,NA
1040,16,3,458.403,203.608,27001.035,2,17,7.394,7.394,NA,2.275,0.008,-90,0
1041,16,4,458.403,199.627,27301.047,2,20,11.375,11.375,NA,3.981,0.013,-90,0
1042,16,5,452.147,196.783,27601.058,2,14,18.247,15.534,NA,6.872,0.023,-155.556,-65.556
1043,16,6,452.147,196.783,27901.07,2,22,18.247,15.534,NA,0,0,0,155.556
1044,16,7,445.322,192.802,28201.081,2,39,26.148,22.413,NA,7.901,0.026,-149.744,-149.744
1045,16,8,445.322,191.096,28501.093,2,44,27.854,23.819,NA,1.706,0.006,-90,59.744
1046,16,9,439.635,186.546,28801.104,2,24,35.138,30.828,NA,7.283,0.024,-141.34,-51.34
1047,16,10,439.066,186.546,29101.116,2,35,35.706,31.177,NA,0.569,0.002,180,-38.66
1048,16,11,430.535,186.546,29401.128,2,12,44.237,37.077,NA,8.531,0.028,180,0
1049,16,12,430.535,175.171,29701.139,2,34,55.612,45.392,NA,11.375,0.038,-90,90
1050,16,13,422.573,170.053,30001.151,2,35,65.078,54.412,NA,9.466,0.032,-147.265,-57.265
1051,16,14,422.573,170.053,30301.162,2,18,65.078,54.412,NA,0,0,0,147.265
1052,16,15,416.885,159.247,30601.174,2,21,77.289,66.35,NA,12.211,0.041,-117.759,-117.759
1053,16,16,404.373,151.853,30901.185,2,23,91.823,80.111,NA,14.533,0.048,-149.421,-31.662
1054,16,17,397.548,151.853,31201.197,2,15,98.648,84.864,NA,6.825,0.023,180,-30.579
1055,16,18,397.548,151.853,31501.208,2,11,98.648,84.864,NA,0,0,0,-180
1056,16,19,393.567,151.853,31801.22,2,29,102.629,87.763,NA,3.981,0.013,180,180
1057,16,20,389.586,146.734,32101.231,2,27,109.113,94.16,NA,6.485,0.022,-127.875,52.125
1058,16,21,382.761,146.734,32401.243,2,19,115.938,99.257,NA,6.825,0.023,180,-52.125
1059,16,22,382.761,146.734,32701.254,2,27,115.938,99.257,NA,0,0,0,-180
1060,16,23,382.192,150.716,33001.266,2,39,119.96,97.173,NA,4.022,0.013,98.13,98.13
1061,16,24,376.505,150.147,33301.277,2,47,125.676,102.033,NA,5.716,0.019,-174.289,87.58
1062,16,25,376.505,142.185,33601.289,2,33,133.638,106.973,NA,7.962,0.027,-90,84.289
1063,16,26,377.073,138.203,33901.3,2,58,137.659,109.152,NA,4.022,0.013,-81.87,8.13
1064,16,27,377.073,138.203,34201.312,2,50,137.659,109.152,NA,0,0,0,81.87
1065,16,28,376.505,129.672,34501.323,2,30,146.209,115.42,NA,8.55,0.028,-93.814,-93.814
1066,16,29,376.505,129.672,34801.335,2,21,146.209,115.42,NA,0,0,0,93.814
1067,16,30,376.505,120.004,35101.346,2,14,155.878,122.425,NA,9.669,0.032,-90,-90
1068,16,31,365.13,116.591,35401.358,2,68,167.754,132.715,NA,11.876,0.04,-163.301,-73.301
1069,16,32,362.855,116.591,35701.369,2,34,170.029,134.323,NA,2.275,0.008,180,-16.699
1070,16,33,362.855,116.591,36001.381,2,42,170.029,134.323,NA,0,0,0,-180
1071,16,34,361.718,121.141,36301.392,2,35,174.719,131.996,NA,4.69,0.016,104.036,104.036
1072,16,35,357.736,121.141,36601.404,2,15,178.7,134.94,NA,3.981,0.013,180,75.964
1073,16,36,356.599,121.141,36901.415,2,15,179.837,135.79,NA,1.137,0.004,180,0
1074,16,37,356.599,107.492,37201.427,2,18,193.487,145.184,NA,13.65,0.045,-90,90
1075,16,38,360.58,107.492,37501.438,2,28,197.468,142.421,NA,3.981,0.013,0,90
1076,16,39,360.58,107.492,37801.45,2,12,197.468,142.421,NA,0,0,0,0
1077,16,40,350.912,108.06,38101.461,2,46,207.153,148.833,NA,9.685,0.032,176.634,176.634
1078,16,41,350.912,108.629,38401.473,2,20,207.722,148.441,NA,0.569,0.002,90,-86.634
1079,16,42,342.949,108.629,38701.484,2,21,215.684,154.304,NA,7.962,0.027,180,90
1080,16,43,342.949,108.629,39001.496,2,31,215.684,154.304,NA,0,0,0,-180
1081,16,44,335.556,108.629,39301.507,2,14,223.078,159.912,NA,7.394,0.025,180,180
1082,16,45,329.868,108.629,39601.519,2,16,228.765,164.321,NA,5.687,0.019,180,0
1083,16,46,329.868,108.629,39901.53,2,11,228.765,164.321,NA,0,0,0,-180
1084,16,47,327.593,108.629,40201.542,2,14,231.04,166.107,NA,2.275,0.008,180,180
1085,16,48,327.593,108.629,40501.553,2,6,231.04,166.107,NA,0,0,0,-180
1086,16,49,313.944,108.629,40801.565,2,12,244.69,177.056,NA,13.65,0.045,180,180
1087,16,50,306.929,107.112,41101.576,2,18,251.867,183.677,NA,7.177,0.024,-167.8,12.2
1088,16,51,305.033,107.112,41401.588,2,16,253.762,185.244,NA,1.896,0.006,180,-12.2
1089,16,52,301.242,107.112,41701.599,2,11,257.554,188.395,NA,3.792,0.013,180,0
1090,16,53,297.071,102.183,42001.611,2,11,264.011,194.601,NA,6.457,0.022,-130.236,49.764
1091,16,54,297.071,94.221,42301.622,2,27,271.973,199.163,NA,7.962,0.027,-90,40.236
1092,16,55,290.625,93.083,42601.634,2,49,278.518,205.071,NA,6.545,0.022,-169.992,-79.992
1093,16,56,283.421,79.434,42901.645,2,15,293.953,218.926,NA,15.434,0.051,-117.824,52.168
1094,16,57,276.976,75.642,43201.657,2,13,301.431,226.359,NA,7.478,0.025,-149.534,-31.71
1095,16,58,271.667,75.642,43501.668,2,13,306.739,230.635,NA,5.308,0.018,180,-30.466
1096,16,59,271.667,66.922,43801.68,2,63,315.46,235.859,NA,8.721,0.029,-90,90
1097,16,60,268.255,64.267,44101.691,2,14,319.783,240.182,NA,4.323,0.014,-142.125,-52.125
1098,16,61,266.738,74.884,44401.703,2,29,330.507,235.082,NA,10.724,0.036,98.13,-119.745
1099,16,62,266.359,74.884,44701.714,2,26,330.886,235.391,NA,0.379,0.001,180,81.87
1100,16,63,265.98,82.088,45001.726,2,13,338.1,231.615,NA,7.214,0.024,93.013,-86.987
1101,16,64,271.667,70.713,45301.737,2,12,350.817,233.562,NA,12.717,0.042,-63.435,-156.448
1102,16,65,267.117,61.992,45601.749,2,28,360.654,242.475,NA,9.836,0.033,-117.553,-54.118
1103,16,66,267.117,58.959,45901.76,2,57,363.687,244.351,NA,3.033,0.01,-90,27.553
1104,16,67,267.117,58.959,46201.772,2,37,363.687,244.351,NA,0,0,0,90
1105,16,68,260.293,65.405,46501.783,2,45,373.074,245.858,NA,9.388,0.031,136.637,136.637
1106,16,69,255.743,65.405,46801.795,2,24,377.624,249.539,NA,4.55,0.015,180,43.363
1107,16,70,248.539,69.576,47101.806,2,18,385.949,253.07,NA,8.324,0.028,149.931,-30.069
1108,16,71,246.643,79.813,47401.818,2,15,396.36,249.104,NA,10.411,0.035,100.491,-49.44
1109,17,1,353.186,286.644,21300.817,2,25,0,0,NA,NA,NA,NA,NA
1110,17,2,347.499,279.25,21600.828,2,30,9.328,9.328,NA,9.328,0.031,-127.569,NA
1111,17,3,340.674,279.25,21900.84,2,31,16.153,14.533,NA,6.825,0.023,180,-52.431
1112,17,4,340.674,272.426,22200.851,2,47,22.978,18.94,NA,6.825,0.023,-90,90
1113,17,5,336.693,269.013,22500.863,2,21,28.221,24.143,NA,5.244,0.017,-139.399,-49.399
1114,17,6,335.556,261.051,22800.874,2,22,36.264,31.078,NA,8.043,0.027,-98.13,41.269
1115,17,7,335.556,261.051,23100.886,2,19,36.264,31.078,NA,0,0,0,98.13
1116,17,8,329.299,261.051,23400.897,2,13,42.521,35.009,NA,6.256,0.021,180,180
1117,17,9,329.299,259.913,23700.909,2,7,43.658,35.849,NA,1.137,0.004,-90,90
1118,17,10,328.162,254.795,24000.92,2,25,48.902,40.504,NA,5.244,0.017,-102.529,-12.529
1119,17,11,323.043,254.795,24300.932,2,15,54.02,43.852,NA,5.119,0.017,180,-77.471
1120,17,12,323.043,254.795,24600.943,2,14,54.02,43.852,NA,0,0,0,-180
1121,17,13,323.043,249.107,24900.955,2,22,59.708,48.142,NA,5.687,0.019,-90,-90
1122,17,14,323.043,249.107,25200.966,2,20,59.708,48.142,NA,0,0,0,90
1123,17,15,319.062,247.401,25500.978,2,21,64.039,52.005,NA,4.331,0.014,-156.801,-156.801
1124,17,16,316.787,238.87,25800.989,2,24,72.868,60.06,NA,8.829,0.029,-104.931,51.87
1125,17,17,316.787,238.87,26101.001,2,45,72.868,60.06,NA,0,0,0,104.931
1126,17,18,305.981,238.87,26401.012,2,29,83.674,67.162,NA,10.806,0.036,180,180
1127,17,19,305.981,238.87,26701.024,2,27,83.674,67.162,NA,0,0,0,-180
1128,17,20,305.981,245.126,27001.035,2,26,89.93,62.866,NA,6.256,0.021,90,90
1129,17,21,299.156,245.126,27301.047,2,10,96.755,68.139,NA,6.825,0.023,180,90
1130,17,22,299.156,233.751,27601.058,2,20,108.13,75.61,NA,11.375,0.038,-90,90
1131,17,23,299.156,223.514,27901.07,2,28,118.367,83.094,NA,10.237,0.034,-90,0
1132,17,24,295.175,220.67,28201.081,2,15,123.26,87.851,NA,4.892,0.016,-144.462,-54.462
1133,17,25,295.175,209.864,28501.093,2,23,134.066,96.231,NA,10.806,0.036,-90,54.462
1134,17,26,295.175,207.589,28801.104,2,30,136.341,98.056,NA,2.275,0.008,-90,0
1135,17,27,295.175,204.177,29101.116,2,36,139.753,100.827,NA,3.412,0.011,-90,0
1136,17,28,286.644,204.177,29401.128,2,33,148.284,105.966,NA,8.531,0.028,180,-90
1137,17,29,286.644,204.177,29701.139,2,21,148.284,105.966,NA,0,0,0,-180
1138,17,30,279.819,203.04,30001.151,2,45,155.203,111.232,NA,6.919,0.023,-170.538,-170.538
1139,17,31,279.25,197.921,30301.162,2,65,160.353,115.492,NA,5.15,0.017,-96.34,74.197
1140,17,32,273.563,197.921,30601.174,2,66,166.041,119.213,NA,5.687,0.019,180,-83.66
1141,17,33,273.563,197.921,30901.185,2,26,166.041,119.213,NA,0,0,0,-180
1142,17,34,266.738,197.921,31201.197,2,77,172.866,123.875,NA,6.825,0.023,180,180
1143,17,35,262.757,197.921,31501.208,2,42,176.847,126.686,NA,3.981,0.013,180,0
1144,17,36,262.757,204.177,31801.22,2,92,183.103,122.386,NA,6.256,0.021,90,-90
1145,17,37,259.345,204.177,32101.231,2,43,186.515,124.928,NA,3.412,0.011,180,90
1146,17,38,259.345,204.177,32401.243,2,42,186.515,124.928,NA,0,0,0,-180
1147,17,39,253.089,199.627,32701.254,2,51,194.251,132.633,NA,7.736,0.026,-143.973,-143.973
1148,17,40,245.126,199.627,33001.266,2,29,202.213,138.741,NA,7.962,0.027,180,-36.027
1149,17,41,245.126,201.902,33301.277,2,58,204.488,137.325,NA,2.275,0.008,90,-90
1150,17,42,245.126,201.902,33601.289,2,24,204.488,137.325,NA,0,0,0,-90
1151,17,43,240.008,201.902,33901.3,2,36,209.607,141.388,NA,5.119,0.017,180,180
1152,17,44,236.595,201.902,34201.312,2,22,213.019,144.134,NA,3.412,0.011,180,0
1153,17,45,232.614,201.902,34501.323,2,35,217,147.373,NA,3.981,0.013,180,0
1154,17,46,232.614,201.902,34801.335,2,22,217,147.373,NA,0,0,0,-180
1155,17,47,232.045,197.352,35101.346,2,14,221.586,150.493,NA,4.585,0.015,-97.125,-97.125
1156,17,48,230.339,195.646,35401.358,2,24,223.999,152.88,NA,2.413,0.008,-135,-37.875
1157,17,49,224.083,195.646,35701.369,2,43,230.255,157.951,NA,6.256,0.021,180,-45
1158,17,50,224.083,195.646,36001.381,2,27,230.255,157.951,NA,0,0,0,-180
1159,17,51,218.964,186.546,36301.392,2,42,240.695,167.437,NA,10.441,0.035,-119.358,-119.358
1160,17,52,218.964,179.721,36601.404,2,93,247.52,171.604,NA,6.825,0.023,-90,29.358
1161,17,53,213.846,179.721,36901.415,2,30,252.639,175.637,NA,5.119,0.017,180,-90
1162,17,54,207.589,181.428,37201.427,2,17,259.124,179.636,NA,6.485,0.022,164.745,-15.255
1163,17,55,203.608,182.565,37501.438,2,32,263.264,182.225,NA,4.14,0.014,164.055,-0.69
1164,17,56,200.196,171.759,37801.45,2,47,274.596,191.324,NA,11.332,0.038,-107.526,88.42
1165,17,57,200.196,165.503,38101.461,2,25,280.852,195.144,NA,6.256,0.021,-90,17.526
1166,17,58,200.196,164.934,38401.473,2,10,281.421,195.498,NA,0.569,0.002,-90,0
1167,17,59,200.196,163.228,38701.484,2,18,283.127,196.565,NA,1.706,0.006,-90,0
1168,17,60,200.196,163.228,39001.496,2,20,283.127,196.565,NA,0,0,0,90
1169,17,61,193.94,168.347,39301.507,2,22,291.21,198.378,NA,8.083,0.027,140.711,140.711
1170,17,62,191.665,170.621,39601.519,2,40,294.428,198.873,NA,3.217,0.011,135,-5.711
1171,17,63,191.665,170.621,39901.53,2,21,294.428,198.873,NA,0,0,0,-135
1172,17,64,191.665,178.015,40201.542,2,10,301.821,194.652,NA,7.394,0.025,90,90
1173,17,65,185.977,178.015,40501.553,2,14,307.509,199.397,NA,5.687,0.019,180,90
1174,17,66,185.409,167.778,40801.565,2,13,317.762,205.618,NA,10.253,0.034,-93.18,86.82
1175,17,67,181.996,164.934,41101.576,2,7,322.204,210.046,NA,4.442,0.015,-140.194,-47.015
1176,17,68,176.878,155.266,41401.588,2,16,333.144,219.875,NA,10.94,0.036,-117.897,22.297
1177,17,69,168.347,161.522,41701.599,2,25,343.723,223.207,NA,10.579,0.035,143.746,-98.357
1178,17,70,168.347,158.109,42001.611,2,38,347.135,225.138,NA,3.412,0.011,-90,126.254
1179,17,71,164.934,156.972,42301.622,2,25,350.732,228.591,NA,3.597,0.012,-161.565,-71.565
1180,17,72,164.934,141.616,42601.634,2,16,366.088,237.639,NA,15.356,0.051,-90,71.565
1181,17,73,159.247,141.616,42901.645,2,51,371.776,242.169,NA,5.687,0.019,180,-90
1182,17,74,148.441,141.616,43201.657,2,29,382.582,250.906,NA,10.806,0.036,180,0
1183,17,75,143.891,128.535,43501.668,2,21,396.431,262.304,NA,13.85,0.046,-109.179,70.821
1184,17,76,137.635,126.26,43801.68,2,34,403.088,268.674,NA,6.657,0.022,-160.017,-50.838
1185,17,77,137.635,126.26,44101.691,2,64,403.088,268.674,NA,0,0,0,160.017
1186,17,78,131.947,126.26,44401.703,2,32,408.776,273.258,NA,5.687,0.019,180,180
1187,17,79,130.241,129.104,44701.714,2,53,412.092,272.99,NA,3.316,0.011,120.964,-59.036
1188,17,80,123.985,133.085,45001.726,2,36,419.507,275.887,NA,7.415,0.025,147.529,26.565
1189,17,81,117.16,122.279,45301.737,2,20,432.288,287.619,NA,12.781,0.043,-122.276,90.196
1190,17,82,113.179,117.16,45601.749,2,12,438.773,293.817,NA,6.485,0.022,-127.875,-5.599
1191,17,83,110.335,117.16,45901.76,2,24,441.616,296.144,NA,2.844,0.009,180,-52.125
1192,17,84,110.335,117.16,46201.772,2,30,441.616,296.144,NA,0,0,0,-180
1193,17,85,102.942,121.141,46501.783,2,30,450.014,300.023,NA,8.397,0.028,151.699,151.699
1194,17,86,97.823,121.141,46801.795,2,17,455.132,304.305,NA,5.119,0.017,180,28.301
1195,17,87,97.254,127.397,47101.806,2,20,461.414,301.431,NA,6.282,0.021,95.194,-84.806
1196,17,88,97.254,127.397,47401.818,2,8,461.414,301.431,NA,0,0,0,-95.194
1197,17,89,87.586,128.535,47701.829,2,26,471.15,309.099,NA,9.735,0.032,173.29,173.29
1198,17,90,87.586,127.966,48001.841,2,13,471.718,309.39,NA,0.569,0.002,-90,96.71
1199,17,91,88.154,137.635,48301.852,2,20,481.404,304.049,NA,9.685,0.032,86.634,176.634
1200,17,92,84.742,138.772,48601.864,2,21,485.001,306.478,NA,3.597,0.012,161.565,74.932
1201,17,93,76.78,138.772,48901.875,2,17,492.963,313.475,NA,7.962,0.027,180,18.435
1202,17,94,76.78,138.772,49201.887,2,17,492.963,313.475,NA,0,0,0,-180
1203,17,95,74.505,137.635,49501.898,2,23,495.506,316.018,NA,2.543,0.008,-153.435,-153.435
1204,17,96,75.642,142.185,49801.91,2,13,500.196,312.889,NA,4.69,0.016,75.964,-130.601
1205,17,97,69.386,142.185,50101.921,2,14,506.452,318.451,NA,6.256,0.021,180,104.036
1206,17,98,69.386,142.185,50401.933,2,20,506.452,318.451,NA,0,0,0,-180
1207,17,99,62.561,153.559,50701.944,2,13,519.718,319.648,NA,13.265,0.044,120.964,120.964
1208,17,100,59.149,153.559,51001.956,2,11,523.13,322.753,NA,3.412,0.011,180,59.036
1209,17,101,50.049,165.503,51301.967,2,10,538.145,326.447,NA,15.015,0.05,127.304,-52.696
1210,17,102,46.637,165.503,51601.979,2,21,541.558,329.618,NA,3.412,0.011,180,52.696
1211,17,103,41.518,166.072,51901.99,2,14,546.708,334.178,NA,5.15,0.017,173.66,-6.34
1212,18,1,256.88,413.473,27301.047,2,67,0,0,NA,NA,NA,NA,NA
1213,18,2,247.78,412.714,27601.058,2,66,9.131,9.131,NA,9.131,0.03,-175.236,NA
1214,18,3,242.472,412.714,27901.07,2,30,14.44,14.428,NA,5.308,0.018,180,-4.764
1215,18,4,237.543,407.027,28201.081,2,37,21.966,20.383,NA,7.526,0.025,-130.914,49.086
1216,18,5,216.689,393.756,28501.093,2,49,46.684,44.766,NA,24.718,0.082,-147.529,-16.614
1217,18,6,203.798,387.69,28801.104,2,41,60.931,59.013,NA,14.247,0.047,-154.799,-7.27
1218,18,7,189.769,379.728,29101.116,2,52,77.062,75.117,NA,16.131,0.054,-150.422,4.377
1219,18,8,187.684,375.936,29401.128,2,41,81.389,78.722,NA,4.327,0.014,-118.811,31.611
1220,18,9,175.171,375.936,29701.139,2,10,93.902,89.918,NA,12.512,0.042,180,-61.189
1221,18,10,166.072,382.192,30001.151,2,10,104.945,96.045,NA,11.043,0.037,145.491,-34.509
1222,18,11,164.934,389.017,30301.162,2,32,111.864,95.143,NA,6.919,0.023,99.462,-46.029
1223,18,12,158.678,389.017,30601.174,2,35,118.12,101.202,NA,6.256,0.021,180,80.538
1224,18,13,150.716,389.017,30901.185,2,49,126.082,108.945,NA,7.962,0.027,180,0
1225,18,14,127.966,382.192,31201.197,2,17,149.833,132.655,NA,23.751,0.079,-163.301,16.699
1226,18,15,127.966,382.192,31501.208,2,14,149.833,132.655,NA,0,0,0,163.301
1227,18,16,116.591,382.192,31801.22,2,12,161.208,143.734,NA,11.375,0.038,180,180
1228,18,17,108.629,377.642,32101.231,2,16,170.379,152.52,NA,9.171,0.031,-150.255,29.745
1229,18,18,92.704,358.305,32401.243,2,14,195.429,173.197,NA,25.05,0.083,-129.472,20.783
1230,18,19,92.704,358.305,32701.254,2,7,195.429,173.197,NA,0,0,0,129.472
1231,18,20,94.979,367.974,33001.266,2,56,205.362,168.173,NA,9.933,0.033,76.759,76.759
1232,18,21,92.136,369.111,33301.277,2,79,208.424,170.613,NA,3.063,0.01,158.199,81.439
1233,18,22,92.136,369.111,33601.289,2,33,208.424,170.613,NA,0,0,0,-158.199
1234,18,23,106.923,361.149,33901.3,2,42,225.219,158.824,NA,16.795,0.056,-28.301,-28.301
1235,18,24,104.648,361.149,34201.312,2,58,227.494,160.973,NA,2.275,0.008,180,-151.699
1236,18,25,84.742,361.149,34501.323,2,26,247.4,179.915,NA,19.906,0.066,180,0
1237,18,26,73.367,361.149,34801.335,2,39,258.775,190.827,NA,11.375,0.038,180,0
1238,18,27,72.23,362.855,35101.346,2,38,260.825,191.463,NA,2.051,0.007,123.69,-56.31
1239,18,28,75.073,377.073,35401.358,2,92,275.325,185.415,NA,14.5,0.048,78.69,-45
1240,18,29,67.111,377.073,35701.369,2,15,283.288,193.228,NA,7.962,0.027,180,101.31
1241,18,30,67.111,377.073,36001.381,2,52,283.288,193.228,NA,0,0,0,-180
1242,18,31,67.111,382.761,36301.392,2,49,288.975,192.238,NA,5.687,0.019,90,90
1243,18,32,64.267,382.761,36601.404,2,43,291.819,195.046,NA,2.844,0.009,180,90
1244,18,33,60.286,394.136,36901.415,2,25,303.87,197.543,NA,12.051,0.04,109.29,-70.71
1245,18,34,60.286,394.136,37201.427,2,6,303.87,197.543,NA,0,0,0,-109.29
1246,18,35,59.149,410.06,37501.438,2,30,319.835,197.761,NA,15.965,0.053,94.086,94.086
1247,18,36,47.205,411.767,37801.45,2,93,331.9,209.682,NA,12.065,0.04,171.87,77.784
1248,18,37,32.987,412.904,38101.461,2,27,346.164,223.894,NA,14.264,0.048,175.426,3.556
1249,18,38,28.437,411.767,38401.473,2,15,350.854,228.45,NA,4.69,0.016,-165.964,18.61
1250,18,39,28.437,411.767,38701.484,2,30,350.854,228.45,NA,0,0,0,165.964
1251,18,40,23.318,406.079,39001.496,2,75,358.505,233.679,NA,7.652,0.026,-131.987,-131.987
1252,18,41,17.631,405.51,39301.507,2,84,364.221,239.382,NA,5.716,0.019,-174.289,-42.302
1253,18,42,14.598,385.036,39601.519,2,25,384.919,243.946,NA,20.698,0.069,-98.427,75.862
1254,18,43,3.412,368.542,39901.53,2,15,404.848,257.419,NA,19.928,0.066,-124.144,-25.717
1255,19,1,395.273,207.589,25200.966,2,114,0,0,NA,NA,NA,NA,NA
1256,19,2,387.311,207.589,25500.978,2,56,7.962,7.962,NA,7.962,0.027,180,NA
1257,19,3,384.467,207.589,25800.989,2,52,10.806,10.806,NA,2.844,0.009,180,0
1258,19,4,375.367,207.589,26101.001,2,55,19.906,19.906,NA,9.1,0.03,180,0
1259,19,5,372.524,202.471,26401.012,2,93,25.761,23.318,NA,5.856,0.02,-119.055,60.945
1260,19,6,372.524,202.471,26701.024,2,112,25.761,23.318,NA,0,0,0,119.055
1261,19,7,366.267,204.177,27001.035,2,93,32.246,29.206,NA,6.485,0.022,164.745,164.745
1262,19,8,356.03,198.49,27301.047,2,78,43.957,40.284,NA,11.711,0.039,-150.945,44.31
1263,19,9,349.205,188.821,27601.058,2,27,55.792,49.744,NA,11.835,0.039,-125.218,25.728
1264,19,10,345.224,188.821,27901.07,2,40,59.773,53.452,NA,3.981,0.013,180,-54.782
1265,19,11,337.831,188.821,28201.081,2,150,67.166,60.431,NA,7.394,0.025,180,0
1266,19,12,337.831,188.821,28501.093,2,34,67.166,60.431,NA,0,0,0,-180
1267,19,13,340.674,177.446,28801.104,2,23,78.891,62.367,NA,11.725,0.039,-75.964,-75.964
1268,19,14,343.518,174.603,29101.116,2,32,82.913,61.374,NA,4.022,0.013,-45,30.964
1269,19,15,343.518,174.603,29401.128,2,51,82.913,61.374,NA,0,0,0,45
1270,19,16,343.518,165.503,29701.139,2,51,92.013,66.707,NA,9.1,0.03,-90,-90
1271,19,17,338.968,153.559,30001.151,2,20,104.793,78.035,NA,12.781,0.043,-110.854,-20.854
1272,19,18,338.968,153.559,30301.162,2,17,104.793,78.035,NA,0,0,0,110.854
1273,19,19,330.437,148.441,30601.174,2,13,114.742,87.763,NA,9.949,0.033,-149.036,-149.036
1274,19,20,325.318,142.185,30901.185,2,18,122.826,95.768,NA,8.083,0.027,-129.289,19.747
1275,19,21,326.456,137.066,31201.197,2,20,128.069,98.536,NA,5.244,0.017,-77.471,51.818
1276,19,22,326.456,137.066,31501.208,2,13,128.069,98.536,NA,0,0,0,77.471
1277,19,23,315.081,137.066,31801.22,2,52,139.444,106.791,NA,11.375,0.038,180,180
1278,19,24,308.256,137.066,32101.231,2,30,146.269,112.007,NA,6.825,0.023,180,0
1279,19,25,308.256,137.066,32401.243,2,27,146.269,112.007,NA,0,0,0,-180
1280,19,26,305.981,129.672,32701.254,2,25,154.004,118.508,NA,7.736,0.026,-107.103,-107.103
1281,19,27,297.45,125.691,33001.266,2,34,163.419,127.58,NA,9.414,0.031,-154.983,-47.88
1282,19,28,294.038,125.691,33301.277,2,24,166.831,130.215,NA,3.412,0.011,180,-25.017
1283,19,29,285.507,110.904,33601.289,2,16,183.903,146.276,NA,17.072,0.057,-119.982,60.018
1284,19,30,281.525,107.492,33901.3,2,30,189.146,151.519,NA,5.244,0.017,-139.399,-19.417
1285,19,31,274.701,106.923,34201.312,2,22,195.995,157.072,NA,6.849,0.023,-175.236,-35.838
1286,19,32,274.701,97.254,34501.323,2,66,205.663,163.437,NA,9.669,0.032,-90,85.236
1287,19,33,274.701,97.254,34801.335,2,62,205.663,163.437,NA,0,0,0,90
1288,19,34,272.426,97.254,35101.346,2,64,207.938,165.122,NA,2.275,0.008,180,180
1289,19,35,266.738,95.738,35401.358,2,68,213.824,170.388,NA,5.886,0.02,-165.069,14.931
1290,19,36,262.947,94.979,35701.369,2,69,217.691,173.757,NA,3.867,0.013,-168.69,-3.621
1291,19,37,254.984,94.979,36001.381,2,22,225.653,179.894,NA,7.962,0.027,180,-11.31
1292,19,38,254.984,82.467,36301.392,2,20,238.166,187.98,NA,12.512,0.042,-90,90
1293,19,39,254.984,82.467,36601.404,2,14,238.166,187.98,NA,0,0,0,90
1294,19,40,254.226,76.021,36901.415,2,28,244.656,192.885,NA,6.49,0.022,-96.71,-96.71
1295,19,41,251.572,76.021,37201.427,2,21,247.31,194.834,NA,2.654,0.009,180,-83.29
1296,19,42,245.885,79.055,37501.438,2,8,253.756,197.074,NA,6.446,0.021,151.928,-28.072
1297,20,1,319.062,276.976,29701.139,2,28,0,0,NA,NA,NA,NA,NA
1298,20,2,312.806,276.976,30001.151,2,19,6.256,6.256,NA,6.256,0.021,180,NA
1299,20,3,309.394,278.682,30301.162,2,74,10.071,9.818,NA,3.815,0.013,153.435,-26.565
1300,20,4,307.119,278.682,30601.174,2,32,12.346,12.065,NA,2.275,0.008,180,26.565
1301,20,5,307.119,282.094,30901.185,2,69,15.759,12.994,NA,3.412,0.011,90,-90
1302,20,6,304.275,272.994,31201.197,2,15,25.293,15.314,NA,9.534,0.032,-107.354,162.646
1303,20,7,302.569,270.719,31501.208,2,21,28.136,17.64,NA,2.844,0.009,-126.87,-19.516
1304,20,8,302.569,270.719,31801.22,2,14,28.136,17.64,NA,0,0,0,126.87
1305,20,9,296.313,270.719,32101.231,2,25,34.392,23.594,NA,6.256,0.021,180,180
1306,20,10,287.213,262.757,32401.243,2,14,46.484,34.879,NA,12.092,0.04,-138.814,41.186
1307,20,11,278.113,255.932,32701.254,2,60,57.859,46.04,NA,11.375,0.038,-143.13,-4.316
1308,20,12,278.113,255.932,33001.266,2,81,57.859,46.04,NA,0,0,0,143.13
1309,20,13,275.269,260.482,33301.277,2,36,63.224,46.796,NA,5.365,0.018,122.005,122.005
1310,20,14,275.269,263.895,33601.289,2,18,66.637,45.705,NA,3.412,0.011,90,-32.005
1311,20,15,275.269,263.895,33901.3,2,11,66.637,45.705,NA,0,0,0,-90
1312,20,16,269.582,261.051,34201.312,2,34,72.995,51.98,NA,6.359,0.021,-153.435,-153.435
1313,20,17,269.582,248.539,34501.323,2,16,85.507,57.07,NA,12.512,0.042,-90,63.435
1314,20,18,269.582,237.733,34801.335,2,42,96.313,63.153,NA,10.806,0.036,-90,0
1315,20,19,275.269,234.889,35101.346,2,98,102.672,60.738,NA,6.359,0.021,-26.565,63.435
1316,20,20,274.701,228.633,35401.358,2,11,108.954,65.612,NA,6.282,0.021,-95.194,-68.629
1317,20,21,274.701,228.633,35701.369,2,6,108.954,65.612,NA,0,0,0,95.194
1318,20,22,262.757,243.989,36001.381,2,26,128.408,65.256,NA,19.454,0.065,127.875,127.875
1319,20,23,261.62,243.42,36301.392,2,48,129.68,66.525,NA,1.272,0.004,-153.435,78.69
1320,20,24,261.051,240.008,36601.404,2,20,133.139,68.789,NA,3.459,0.012,-99.462,53.973
1321,20,25,261.051,223.514,36901.415,2,23,149.633,78.889,NA,16.493,0.055,-90,9.462
1322,20,26,261.051,216.121,37201.427,2,58,157.026,84.075,NA,7.394,0.025,-90,0
1323,20,27,261.051,216.121,37501.438,2,61,157.026,84.075,NA,0,0,0,90
1324,20,28,261.051,203.608,37801.45,2,40,169.538,93.531,NA,12.512,0.042,-90,-90
1325,20,29,254.226,203.608,38101.461,2,21,176.363,97.911,NA,6.825,0.023,180,-90
1326,20,30,254.226,203.608,38401.473,2,40,176.363,97.911,NA,0,0,0,-180
1327,20,31,252.52,204.746,38701.484,2,40,178.414,98.209,NA,2.051,0.007,146.31,146.31
1328,20,32,252.52,204.746,39001.496,2,42,178.414,98.209,NA,0,0,0,-146.31
1329,20,33,264.463,204.746,39301.507,2,16,190.357,90.544,NA,11.944,0.04,0,0
1330,20,34,269.582,198.49,39601.519,2,11,198.441,92.781,NA,8.083,0.027,-50.711,-50.711
1331,20,35,272.426,198.49,39901.53,2,8,201.284,91.296,NA,2.844,0.009,0,50.711
1332,20,36,272.426,197.352,40201.542,2,25,202.422,92.276,NA,1.137,0.004,-90,-90
1333,20,37,272.426,188.252,40501.553,2,24,211.522,100.234,NA,9.1,0.03,-90,0
1334,20,38,269.582,184.84,40801.565,2,25,215.964,104.581,NA,4.442,0.015,-129.806,-39.806
1335,20,39,269.582,184.84,41101.576,2,23,215.964,104.581,NA,0,0,0,129.806
1336,20,40,261.62,189.39,41401.588,2,12,225.134,104.742,NA,9.171,0.031,150.255,150.255
1337,20,41,261.62,191.096,41701.599,2,34,226.84,103.32,NA,1.706,0.006,90,-60.255
1338,20,42,259.345,191.096,42001.611,2,18,229.115,104.601,NA,2.275,0.008,180,90
1339,20,43,259.345,190.527,42301.622,2,22,229.684,105.069,NA,0.569,0.002,-90,90
1340,20,44,257.07,190.527,42601.634,2,33,231.959,106.378,NA,2.275,0.008,180,-90
1341,20,45,257.07,190.527,42901.645,2,28,231.959,106.378,NA,0,0,0,-180
1342,20,46,254.795,198.49,43201.657,2,12,240.24,101.441,NA,8.281,0.028,105.945,105.945
1343,20,47,251.382,198.49,43501.668,2,97,243.653,103.637,NA,3.412,0.011,180,74.055
1344,20,48,247.97,196.215,43801.68,2,53,247.754,107.594,NA,4.101,0.014,-146.31,33.69
1345,20,49,247.97,196.215,44101.691,2,62,247.754,107.594,NA,0,0,0,146.31
1346,20,50,246.832,194.508,44401.703,2,58,249.804,109.626,NA,2.051,0.007,-123.69,-123.69
1347,20,51,246.832,193.94,44701.714,2,10,250.373,110.055,NA,0.569,0.002,-90,33.69
1348,20,52,279.819,178.584,45001.726,2,13,286.759,105.929,NA,36.386,0.121,-24.963,65.037
1349,20,53,279.819,175.74,45301.737,2,19,289.603,108.575,NA,2.844,0.009,-90,-65.037
1350,20,54,269.582,175.74,45601.749,2,65,299.84,112.681,NA,10.237,0.034,180,-90
1351,20,55,264.463,172.896,45901.76,2,24,305.696,117.531,NA,5.856,0.02,-150.945,29.055
1352,20,56,264.463,172.896,46201.772,2,10,305.696,117.531,NA,0,0,0,150.945
1353,20,57,253.089,172.896,46501.783,2,12,317.07,123.227,NA,11.375,0.038,180,180
1354,20,58,250.814,160.953,46801.795,2,14,329.229,134.607,NA,12.158,0.041,-100.784,79.216
1355,20,59,250.055,155.645,47101.806,2,16,334.591,139.582,NA,5.362,0.018,-98.13,2.654
1356,20,60,250.055,154.507,47401.818,2,26,335.728,140.572,NA,1.137,0.004,-90,8.13
1357,20,61,248.159,154.507,47701.829,2,25,337.624,141.512,NA,1.896,0.006,180,-90
1358,20,62,247.401,152.232,48001.841,2,28,340.022,143.862,NA,2.398,0.008,-108.435,71.565
1359,20,63,243.61,152.232,48301.852,2,15,343.814,145.787,NA,3.792,0.013,180,-71.565
1360,20,64,246.643,156.024,48601.864,2,23,348.669,140.975,NA,4.856,0.016,51.34,-128.66
1361,20,65,240.576,156.024,48901.875,2,23,354.736,144.185,NA,6.067,0.02,180,128.66
1362,20,66,227.306,146.924,49201.887,2,15,370.826,159.162,NA,16.091,0.054,-145.561,34.439
1363,20,67,223.514,115.833,49501.898,2,31,402.148,187.34,NA,31.321,0.104,-96.953,48.608
1364,20,68,223.514,115.833,49801.91,2,16,402.148,187.34,NA,0,0,0,96.953
1365,20,69,216.31,114.316,50101.921,2,14,409.51,192.395,NA,7.362,0.025,-168.111,-168.111
1366,20,70,201.902,132.895,50401.933,2,26,433.021,185.703,NA,23.511,0.078,127.794,-64.095
1367,20,71,191.665,132.137,50701.944,2,14,443.286,192.895,NA,10.265,0.034,-175.764,56.442
1368,21,1,222.377,336.693,29701.139,2,71,0,0,NA,NA,NA,NA,NA
1369,21,2,216.121,328.731,30001.151,2,79,10.126,10.126,NA,10.126,0.034,-128.157,NA
1370,21,3,212.139,326.456,30301.162,2,75,14.711,14.478,NA,4.585,0.015,-150.255,-22.098
1371,21,4,212.139,326.456,30601.174,2,93,14.711,14.478,NA,0,0,0,150.255
1372,21,5,212.139,323.043,30901.185,2,73,18.124,17.062,NA,3.412,0.011,-90,-90
1373,21,6,212.139,316.787,31201.197,2,20,24.38,22.384,NA,6.256,0.021,-90,0
1374,21,7,205.883,316.787,31501.208,2,30,30.636,25.851,NA,6.256,0.021,180,-90
1375,21,8,205.315,313.375,31801.22,2,35,34.096,28.894,NA,3.459,0.012,-99.462,80.538
1376,21,9,205.315,313.375,32101.231,2,41,34.096,28.894,NA,0,0,0,99.462
1377,21,10,200.765,313.375,32401.243,2,31,38.645,31.793,NA,4.55,0.015,180,180
1378,21,11,200.196,308.825,32701.254,2,29,43.231,35.618,NA,4.585,0.015,-97.125,82.875
1379,21,12,200.196,308.825,33001.266,2,30,43.231,35.618,NA,0,0,0,97.125
1380,21,13,189.39,304.844,33301.277,2,22,54.747,45.853,NA,11.516,0.038,-159.775,-159.775
1381,21,14,189.39,296.881,33601.289,2,78,62.709,51.702,NA,7.962,0.027,-90,69.775
1382,21,15,180.859,292.331,33901.3,2,36,72.378,60.759,NA,9.669,0.032,-151.928,-61.928
1383,21,16,178.584,283.8,34201.312,2,27,81.207,68.669,NA,8.829,0.029,-104.931,46.996
1384,21,17,173.465,282.094,34501.323,2,38,86.602,73.303,NA,5.396,0.018,-161.565,-56.634
1385,21,18,164.365,274.132,34801.335,2,29,98.694,85.318,NA,12.092,0.04,-138.814,22.751
1386,21,19,164.365,274.132,35101.346,2,60,98.694,85.318,NA,0,0,0,138.814
1387,21,20,161.522,269.582,35401.358,2,65,104.059,90.594,NA,5.365,0.018,-122.005,-122.005
1388,21,21,154.128,269.582,35701.369,2,125,111.453,95.717,NA,7.394,0.025,180,-57.995
1389,21,22,150.716,270.719,36001.381,2,90,115.05,97.405,NA,3.597,0.012,161.565,-18.435
1390,21,23,139.91,258.776,36301.392,2,41,131.157,113.454,NA,16.106,0.054,-132.138,66.297
1391,21,24,135.36,250.814,36601.404,2,47,140.327,122.259,NA,9.171,0.031,-119.745,12.393
1392,21,25,131.947,250.814,36901.415,2,18,143.74,124.711,NA,3.412,0.011,180,-60.255
1393,21,26,118.866,238.87,37201.427,2,33,161.453,142.421,NA,17.713,0.059,-137.603,42.397
1394,21,27,112.61,238.87,37501.438,2,11,167.709,147.031,NA,6.256,0.021,180,-42.397
1395,21,28,107.492,228.633,37801.45,2,54,179.155,157.72,NA,11.446,0.038,-116.565,63.435
1396,21,29,100.098,218.395,38101.461,2,41,191.783,170.136,NA,12.628,0.042,-125.838,-9.273
1397,21,30,99.529,217.258,38401.473,2,29,193.054,171.337,NA,1.272,0.004,-116.565,9.273
1398,21,31,97.823,211.571,38701.484,2,34,198.992,176.548,NA,5.938,0.02,-106.699,9.866
1399,21,32,94.411,204.177,39001.496,2,42,207.135,184.217,NA,8.143,0.027,-114.775,-8.076
1400,21,33,94.411,204.746,39301.507,2,71,207.704,183.808,NA,0.569,0.002,90,-155.225
1401,21,34,89.861,204.746,39601.519,2,60,212.254,187.004,NA,4.55,0.015,180,90
1402,21,35,88.723,204.177,39901.53,2,35,213.526,188.212,NA,1.272,0.004,-153.435,26.565
1403,21,36,83.605,204.177,40201.542,2,12,218.644,191.881,NA,5.119,0.017,180,-26.565
1404,21,37,80.192,200.196,40501.553,2,12,223.888,197.099,NA,5.244,0.017,-130.601,49.399
1405,21,38,67.68,189.959,40801.565,2,22,240.054,213.218,NA,16.167,0.054,-140.711,-10.109
1406,21,39,62.561,183.702,41101.576,2,45,248.138,221.24,NA,8.083,0.027,-129.289,11.421
1407,21,40,60.855,176.878,41401.588,2,11,255.173,227.223,NA,7.035,0.023,-104.036,25.253
1408,21,41,61.992,166.64,41701.599,2,23,265.473,233.754,NA,10.3,0.034,-83.66,20.376
1409,21,42,61.992,166.64,42001.611,2,27,265.473,233.754,NA,0,0,0,83.66
1410,21,43,61.992,160.953,42301.622,2,10,271.16,237.924,NA,5.687,0.019,-90,-90
1411,21,44,50.049,157.541,42601.634,2,33,283.582,248.581,NA,12.421,0.041,-164.055,-74.055
1412,21,45,40.949,149.578,42901.645,2,50,295.673,260.63,NA,12.092,0.04,-138.814,25.241
1413,21,46,40.949,149.578,43201.657,2,39,295.673,260.63,NA,0,0,0,138.814
1414,21,47,30.143,149.009,43501.668,2,27,306.494,268.661,NA,10.821,0.036,-176.987,-176.987
1415,21,48,22.181,138.772,43801.68,2,51,319.463,281.516,NA,12.969,0.043,-127.875,49.112
1416,21,49,18.768,138.772,44101.691,2,15,322.876,283.953,NA,3.412,0.011,180,-52.125
1417,21,50,8.531,127.966,44401.703,2,27,337.761,298.826,NA,14.885,0.05,-133.452,46.548
1418,21,51,4.55,127.397,44701.714,2,30,341.783,302.081,NA,4.022,0.013,-171.87,-38.418
1419,22,1,245.695,369.68,33001.266,2,102,0,0,NA,NA,NA,NA,NA
1420,22,2,238.301,367.974,33301.277,2,166,7.588,7.588,NA,7.588,0.025,-167.005,NA
1421,22,3,231.476,367.974,33601.289,2,104,14.413,14.32,NA,6.825,0.023,180,-12.995
1422,22,4,231.476,360.011,33901.3,2,59,22.375,17.194,NA,7.962,0.027,-90,90
1423,22,5,231.476,360.011,34201.312,2,60,22.375,17.194,NA,0,0,0,90
1424,22,6,226.358,360.011,34501.323,2,82,27.494,21.62,NA,5.119,0.017,180,180
1425,22,7,217.258,360.011,34801.335,2,27,36.594,30.036,NA,9.1,0.03,180,0
1426,22,8,216.121,358.305,35101.346,2,40,38.644,31.686,NA,2.051,0.007,-123.69,56.31
1427,22,9,216.121,356.03,35401.358,2,26,40.919,32.572,NA,2.275,0.008,-90,33.69
1428,22,10,216.121,356.03,35701.369,2,12,40.919,32.572,NA,0,0,0,90
1429,22,11,207.589,356.03,36001.381,2,12,49.45,40.476,NA,8.531,0.028,180,180
1430,22,12,200.765,344.087,36301.392,2,32,63.206,51.708,NA,13.756,0.046,-119.745,60.255
1431,22,13,194.508,336.124,36601.404,2,57,73.332,61.205,NA,10.126,0.034,-128.157,-8.412
1432,22,14,194.508,336.124,36901.415,2,43,73.332,61.205,NA,0,0,0,128.157
1433,22,15,188.252,345.224,37201.427,2,39,84.375,62.432,NA,11.043,0.037,124.509,124.509
1434,22,16,188.252,351.48,37501.438,2,38,90.631,60.257,NA,6.256,0.021,90,-34.509
1435,22,17,183.134,351.48,37801.45,2,60,95.75,65.155,NA,5.119,0.017,180,90
1436,22,18,183.134,351.48,38101.461,2,31,95.75,65.155,NA,0,0,0,-180
1437,22,19,180.29,346.362,38401.473,2,37,101.605,69.437,NA,5.856,0.02,-119.055,-119.055
1438,22,20,176.878,341.243,38701.484,2,33,107.757,74.461,NA,6.152,0.021,-123.69,-4.635
1439,22,21,172.896,334.418,39001.496,2,31,115.658,80.889,NA,7.901,0.026,-120.256,3.434
1440,22,22,172.896,334.418,39301.507,2,44,115.658,80.889,NA,0,0,0,120.256
1441,22,23,169.484,325.887,39601.519,2,27,124.847,87.897,NA,9.188,0.031,-111.801,-111.801
1442,22,24,169.484,311.669,39901.53,2,43,139.065,95.778,NA,14.218,0.047,-90,21.801
1443,22,25,162.659,309.394,40201.542,2,48,146.259,102.613,NA,7.194,0.024,-161.565,-71.565
1444,22,26,158.678,307.687,40501.553,2,31,150.591,106.841,NA,4.331,0.014,-156.801,4.764
1445,22,27,147.303,296.313,40801.565,2,12,166.677,122.734,NA,16.086,0.054,-135,21.801
1446,22,28,147.303,279.25,41101.576,2,40,183.739,133.635,NA,17.062,0.057,-90,45
1447,22,29,147.303,270.151,41401.588,2,17,192.839,139.954,NA,9.1,0.03,-90,0
1448,22,30,147.303,267.876,41701.599,2,48,195.114,141.58,NA,2.275,0.008,-90,0
1449,22,31,144.46,265.032,42001.611,2,21,199.135,145.601,NA,4.022,0.013,-135,-45
1450,22,32,142.753,270.151,42301.622,2,26,204.531,143.189,NA,5.396,0.018,108.435,-116.565
1451,22,33,142.753,266.738,42601.634,2,33,207.943,145.581,NA,3.412,0.011,-90,161.565
1452,22,34,142.753,259.345,42901.645,2,49,215.337,150.9,NA,7.394,0.025,-90,0
1453,22,35,142.753,254.226,43201.657,2,60,220.456,154.682,NA,5.119,0.017,-90,0
1454,22,36,131.947,247.97,43501.668,2,30,232.942,166.589,NA,12.486,0.042,-149.931,-59.931
1455,22,37,126.26,228.064,43801.68,2,23,253.644,185.256,NA,20.702,0.069,-105.945,43.986
1456,22,38,126.26,218.964,44101.691,2,43,262.744,192.302,NA,9.1,0.03,-90,15.945
1457,22,39,119.435,214.983,44401.703,2,25,270.645,199.681,NA,7.901,0.026,-149.744,-59.744
1458,22,40,119.435,214.983,44701.714,2,36,270.645,199.681,NA,0,0,0,149.744
1459,22,41,119.435,210.433,45001.726,2,22,275.195,203.227,NA,4.55,0.015,-90,-90
1460,22,42,115.454,213.846,45301.737,2,18,280.439,203.094,NA,5.244,0.017,139.399,-130.601
1461,22,43,115.454,191.096,45601.749,2,17,303.188,221.031,NA,22.75,0.076,-90,130.601
1462,22,44,119.435,184.84,45901.76,2,25,310.604,223.847,NA,7.415,0.025,-57.529,32.471
1463,22,45,119.435,172.328,46201.772,2,17,323.116,234.285,NA,12.512,0.042,-90,-32.471
1464,22,46,115.454,161.522,46501.783,2,25,334.632,245.545,NA,11.516,0.038,-110.225,-20.225
1465,22,47,106.354,161.522,46801.795,2,6,343.732,250.491,NA,9.1,0.03,180,-69.775
1466,22,48,130.241,140.478,47101.806,2,28,375.566,256.638,NA,31.834,0.106,-41.379,138.621
1467,22,49,125.691,136.497,47401.818,2,21,381.612,262.25,NA,6.046,0.02,-138.814,-97.436
1468,22,50,125.691,136.497,47701.829,2,12,381.612,262.25,NA,0,0,0,138.814
1469,22,51,129.672,136.497,48001.841,2,14,385.593,260.452,NA,3.981,0.013,0,0
1470,22,52,123.416,140.478,48301.852,2,10,393.008,259.78,NA,7.415,0.025,147.529,147.529
1471,22,53,114.316,140.478,48601.864,2,17,402.108,264.185,NA,9.1,0.03,180,32.471
1472,22,54,112.041,130.241,48901.875,2,12,412.595,274.216,NA,10.487,0.035,-102.529,77.471
1473,22,55,105.217,95.548,49201.887,2,29,447.953,308.03,NA,35.358,0.118,-101.129,1.4
1474,22,56,97.254,95.548,49501.898,2,61,455.915,311.742,NA,7.962,0.027,180,-78.871
1475,22,57,88.723,95.548,49801.91,2,9,464.447,315.893,NA,8.531,0.028,180,0
1476,22,58,88.723,109.766,50101.921,2,35,478.665,303.636,NA,14.218,0.047,90,-90
1477,22,59,85.311,115.454,50401.933,2,102,485.298,300.589,NA,6.633,0.022,120.964,30.964
1478,22,60,84.742,115.454,50701.944,2,23,485.866,300.893,NA,0.569,0.002,180,59.036
1479,22,61,79.055,115.454,51001.956,2,34,491.554,303.973,NA,5.687,0.019,180,0
1480,22,62,68.249,115.454,51301.967,2,37,502.36,310.029,NA,10.806,0.036,180,0
1481,22,63,51.755,113.748,51601.979,2,32,518.941,321.114,NA,16.581,0.055,-174.094,5.906
1482,22,65,35.831,95.548,51901.99,2,17,543.124,345.241,NA,24.183,0.081,-131.186,42.908
1483,23,1,196.215,440.203,22800.874,2,59,0,0,NA,NA,NA,NA,NA
1484,23,2,178.015,440.203,23100.886,2,26,18.2,18.2,NA,18.2,0.061,180,NA
1485,23,3,156.972,430.535,23400.897,2,36,41.358,40.416,NA,23.158,0.077,-155.323,24.677
1486,23,4,153.559,418.591,23700.909,2,24,53.779,47.818,NA,12.421,0.041,-105.945,49.378
1487,23,5,146.166,418.591,24000.92,2,12,61.173,54.516,NA,7.394,0.025,180,-74.055
1488,23,6,141.616,424.847,24300.932,2,34,68.909,56.717,NA,7.736,0.026,126.027,-53.973
1489,23,7,141.616,428.829,24600.943,2,10,72.89,55.771,NA,3.981,0.013,90,-36.027
1490,23,8,120.573,418.023,24900.955,2,32,96.545,78.827,NA,23.656,0.079,-152.819,117.181
1491,23,9,112.041,415.179,25200.966,2,23,105.538,87.814,NA,8.993,0.03,-161.565,-8.746
1492,23,10,90.429,396.411,25500.978,2,11,134.162,114.492,NA,28.624,0.095,-139.028,22.537
1493,23,11,81.33,390.723,25800.989,2,12,144.893,125.088,NA,10.731,0.036,-147.995,-8.966
1494,23,12,80.192,384.467,26101.001,2,28,151.252,128.716,NA,6.359,0.021,-100.305,47.69
1495,23,13,68.249,380.486,26401.012,2,58,163.841,141.214,NA,12.59,0.042,-161.565,-61.26
1496,23,14,55.736,380.486,26701.024,2,35,176.353,152.645,NA,12.512,0.042,180,-18.435
1497,23,15,42.087,375.936,27001.035,2,23,190.741,166.99,NA,14.388,0.048,-161.565,18.435
1498,23,16,14.218,362.286,27301.047,2,20,221.773,197.974,NA,31.031,0.103,-153.905,7.66
1499,23,17,0.569,356.599,27601.058,2,9,236.56,212.761,NA,14.787,0.049,-157.38,-3.476
1500,24,1,203.04,502.196,23700.909,2,43,0,0,NA,NA,NA,NA,NA
1501,24,2,193.371,502.196,24000.92,2,89,9.669,9.669,NA,9.669,0.032,180,NA
1502,24,3,189.39,501.058,24300.932,2,39,13.809,13.697,NA,4.14,0.014,-164.055,15.945
1503,24,4,177.446,492.527,24600.943,2,21,28.486,27.359,NA,14.677,0.049,-144.462,19.592
1504,24,5,177.446,492.527,24900.955,2,12,28.486,27.359,NA,0,0,0,144.462
1505,24,6,176.309,492.527,25200.966,2,12,29.624,28.426,NA,1.137,0.004,180,180
1506,24,7,171.759,497.646,25500.978,2,13,36.472,31.61,NA,6.849,0.023,131.634,-48.366
1507,24,8,150.716,492.527,25800.989,2,60,58.129,53.21,NA,21.657,0.072,-166.329,62.038
1508,24,9,137.635,480.584,26101.001,2,51,75.843,68.883,NA,17.713,0.059,-137.603,28.726
1509,24,10,137.635,480.584,26401.012,2,28,75.843,68.883,NA,0,0,0,137.603
1510,24,11,127.966,480.584,26701.024,2,37,85.511,78.122,NA,9.669,0.032,180,180
1511,24,12,117.16,473.19,27001.035,2,37,98.604,90.646,NA,13.093,0.044,-145.62,34.38
1512,24,13,116.023,467.503,27301.047,2,63,104.405,93.678,NA,5.8,0.019,-101.31,44.31
1513,24,14,114.885,468.64,27601.058,2,42,106.013,94.325,NA,1.609,0.005,135,-123.69
1514,24,15,112.041,470.915,27901.07,2,53,109.655,96.224,NA,3.642,0.012,141.34,6.34
1515,24,16,112.041,470.915,28201.081,2,150,109.655,96.224,NA,0,0,0,-141.34
1516,24,17,102.942,470.915,28501.093,2,20,118.755,104.872,NA,9.1,0.03,180,180
1517,24,18,94.411,469.778,28801.104,2,30,127.361,113.363,NA,8.607,0.029,-172.405,7.595
1518,24,19,82.467,464.09,29101.116,2,52,140.59,126.451,NA,13.229,0.044,-154.537,17.869
1519,24,20,66.542,464.09,29401.128,2,37,156.514,141.716,NA,15.925,0.053,180,-25.463
1520,24,21,59.149,461.815,29701.139,2,98,164.25,149.449,NA,7.736,0.026,-162.897,17.103
1521,24,22,54.03,461.815,30001.151,2,145,169.369,154.384,NA,5.119,0.017,180,-17.103
1522,24,23,54.03,461.815,30301.162,2,95,169.369,154.384,NA,0,0,0,-180
1523,24,24,43.793,461.815,30601.174,2,52,179.606,164.287,NA,10.237,0.034,180,180
1524,24,25,40.949,467.503,30901.185,2,29,185.965,165.762,NA,6.359,0.021,116.565,-63.435
1525,24,26,37.537,469.209,31201.197,2,21,189.78,168.758,NA,3.815,0.013,153.435,36.87
1526,24,27,37.537,469.209,31501.208,2,12,189.78,168.758,NA,0,0,0,-153.435
1527,24,28,21.612,469.778,31801.22,2,13,205.715,184.301,NA,15.935,0.053,177.955,177.955
1528,24,29,6.256,468.072,32101.231,2,31,221.165,199.72,NA,15.45,0.051,-173.66,8.386
1529,24,30,1.137,462.953,32401.243,2,95,228.404,205.68,NA,7.239,0.024,-135,38.66
1530,24,31,0.569,461.247,32701.254,2,41,230.203,206.57,NA,1.799,0.006,-108.435,26.565
1531,25,1,159.247,401.529,41101.576,2,43,0,0,NA,NA,NA,NA,NA
1532,25,2,151.284,401.529,41401.588,2,88,7.962,7.962,NA,7.962,0.027,180,NA
1533,25,3,146.734,401.529,41701.599,2,27,12.512,12.512,NA,4.55,0.015,180,0
1534,25,4,131.947,401.529,42001.611,2,39,27.299,27.299,NA,14.787,0.049,180,0
1535,25,5,123.416,407.217,42301.622,2,53,37.553,36.279,NA,10.253,0.034,146.31,-33.69
1536,25,6,117.16,404.942,42601.634,2,26,44.209,42.225,NA,6.657,0.022,-160.017,53.673
1537,25,7,108.629,404.942,42901.645,2,34,52.74,50.733,NA,8.531,0.028,180,-19.983
1538,25,8,100.667,399.254,43201.657,2,67,62.525,58.624,NA,9.785,0.033,-144.462,35.538
1539,25,9,88.723,391.292,43501.668,2,65,76.88,71.263,NA,14.354,0.048,-146.31,-1.848
1540,25,10,65.405,390.154,43801.68,2,44,100.226,94.529,NA,23.346,0.078,-177.207,-30.897
1541,25,11,54.03,365.699,44101.691,2,30,127.197,111.15,NA,26.972,0.09,-114.944,62.263
1542,25,12,37.537,350.912,44401.703,2,20,149.349,131.816,NA,22.152,0.074,-138.122,-23.178
1543,26,1,224.652,341.812,28201.081,2,32,0,0,NA,NA,NA,NA,NA
1544,26,2,217.258,341.812,28501.093,2,23,7.394,7.394,NA,7.394,0.025,180,NA
1545,26,3,214.414,341.812,28801.104,2,36,10.237,10.237,NA,2.844,0.009,180,0
1546,26,4,211.571,341.812,29101.116,2,53,13.081,13.081,NA,2.844,0.009,180,0
1547,26,5,211.571,337.262,29401.128,2,32,17.631,13.85,NA,4.55,0.015,-90,90
1548,26,6,207.021,337.262,29701.139,2,44,22.181,18.209,NA,4.55,0.015,180,-90
1549,26,7,207.021,340.105,30001.151,2,35,25.024,17.713,NA,2.844,0.009,90,-90
1550,26,8,207.021,340.105,30301.162,2,45,25.024,17.713,NA,0,0,0,-90
1551,26,9,197.921,340.105,30601.174,2,52,34.124,26.785,NA,9.1,0.03,180,180
1552,26,10,196.215,339.537,30901.185,2,54,35.923,28.528,NA,1.799,0.006,-161.565,18.435
1553,26,11,195.646,337.262,31201.197,2,18,38.268,29.36,NA,2.345,0.008,-104.036,57.529
1554,26,12,189.959,337.262,31501.208,2,54,43.955,34.99,NA,5.687,0.019,180,-75.964
1555,26,13,186.546,337.262,31801.22,2,63,47.368,38.376,NA,3.412,0.011,180,0
1556,26,14,186.546,337.262,32101.231,2,35,47.368,38.376,NA,0,0,0,-180
1557,26,15,181.428,341.243,32401.243,2,49,53.852,43.228,NA,6.485,0.022,142.125,142.125
1558,26,16,179.153,341.243,32701.254,2,41,56.127,45.503,NA,2.275,0.008,180,37.875
1559,26,17,176.878,340.105,33001.266,2,67,58.671,47.804,NA,2.543,0.008,-153.435,26.565
1560,26,18,170.621,340.105,33301.277,2,36,64.927,54.057,NA,6.256,0.021,180,-26.565
1561,26,19,170.621,340.105,33601.289,2,68,64.927,54.057,NA,0,0,0,-180
1562,26,20,164.365,336.124,33901.3,2,42,72.342,60.554,NA,7.415,0.025,-147.529,-147.529
1563,26,21,164.365,335.556,34201.312,2,35,72.911,60.61,NA,0.569,0.002,-90,57.529
1564,26,22,163.228,335.556,34501.323,2,33,74.048,61.742,NA,1.137,0.004,180,-90
1565,26,23,158.678,335.556,34801.335,2,18,78.598,66.27,NA,4.55,0.015,180,0
1566,26,24,158.678,335.556,35101.346,2,28,78.598,66.27,NA,0,0,0,-180
1567,26,25,154.128,335.556,35401.358,2,46,83.148,70.8,NA,4.55,0.015,180,180
1568,26,26,150.716,335.556,35701.369,2,30,86.561,74.2,NA,3.412,0.011,180,0
1569,26,27,148.441,336.693,36001.381,2,50,89.104,76.383,NA,2.543,0.008,153.435,-26.565
1570,26,28,148.441,336.693,36301.392,2,26,89.104,76.383,NA,0,0,0,-153.435
1571,26,29,148.441,336.693,36601.404,2,71,89.104,76.383,NA,0,0,0,0
1572,26,30,148.441,336.693,36901.415,2,60,89.104,76.383,NA,0,0,0,0
1573,26,31,145.597,338.399,37201.427,2,98,92.42,79.128,NA,3.316,0.011,149.036,149.036
1574,26,32,141.616,338.399,37501.438,2,70,96.402,83.106,NA,3.981,0.013,180,30.964
1575,26,33,138.772,341.243,37801.45,2,110,100.423,85.881,NA,4.022,0.013,135,-45
1576,26,34,133.653,349.774,38101.461,2,45,110.372,91.346,NA,9.949,0.033,120.964,-14.036
1577,26,35,131.379,349.774,38401.473,2,47,112.647,93.612,NA,2.275,0.008,180,59.036
1578,26,36,131.379,348.068,38701.484,2,71,114.353,93.483,NA,1.706,0.006,-90,90
1579,26,37,131.379,348.068,39001.496,2,77,114.353,93.483,NA,0,0,0,90
1580,26,38,126.26,348.068,39301.507,2,48,119.472,98.59,NA,5.119,0.017,180,180
1581,26,39,126.26,348.068,39601.519,2,49,119.472,98.59,NA,0,0,0,-180
1582,26,40,126.26,347.499,39901.53,2,87,120.041,98.556,NA,0.569,0.002,-90,-90
1583,26,41,120.004,349.774,40201.542,2,63,126.697,104.95,NA,6.657,0.022,160.017,-109.983
1584,26,42,117.16,352.049,40501.553,2,38,130.339,107.978,NA,3.642,0.012,141.34,-18.677
1585,26,43,110.904,352.049,40801.565,2,48,136.595,114.207,NA,6.256,0.021,180,38.66
1586,26,44,105.785,355.461,41101.576,2,81,142.747,119.647,NA,6.152,0.021,146.31,-33.69
1587,26,45,101.804,358.874,41401.588,2,32,147.991,124.027,NA,5.244,0.017,139.399,-6.911
1588,26,46,101.804,358.874,41701.599,2,45,147.991,124.027,NA,0,0,0,-139.399
1589,26,47,99.529,370.249,42001.611,2,64,159.591,128.313,NA,11.6,0.039,101.31,101.31
1590,26,48,90.429,367.405,42301.622,2,36,169.124,136.64,NA,9.534,0.032,-162.646,96.044
1591,26,49,80.192,365.13,42601.634,2,26,179.611,146.329,NA,10.487,0.035,-167.471,-4.825
1592,26,50,77.348,354.324,42901.645,2,24,190.785,147.834,NA,11.174,0.037,-104.744,62.728
1593,26,51,77.348,354.324,43201.657,2,30,190.785,147.834,NA,0,0,0,104.744
1594,26,52,68.249,354.324,43501.668,2,15,199.885,156.903,NA,9.1,0.03,180,180
1595,26,53,68.249,342.949,43801.68,2,31,211.26,156.407,NA,11.375,0.038,-90,90
1596,26,54,62.561,341.812,44101.691,2,21,217.06,162.09,NA,5.8,0.019,-168.69,-78.69
1597,26,55,62.561,341.812,44401.703,2,18,217.06,162.09,NA,0,0,0,168.69
1598,26,56,62.561,323.043,44701.714,2,28,235.828,163.173,NA,18.768,0.063,-90,-90
1599,26,57,54.599,323.043,45001.726,2,60,243.791,171.085,NA,7.962,0.027,180,-90
1600,26,58,54.599,317.925,45301.737,2,27,248.909,171.722,NA,5.119,0.017,-90,90
1601,26,59,62.561,304.275,45601.749,2,42,264.712,166.38,NA,15.802,0.053,-59.744,30.256
1602,26,60,62.561,298.588,45901.76,2,16,270.399,167.755,NA,5.687,0.019,-90,-30.256
1603,26,61,61.992,306.55,46201.772,2,52,278.382,166.437,NA,7.983,0.027,94.086,-175.914
1604,26,62,51.186,310.531,46501.783,2,56,289.898,176.263,NA,11.516,0.038,159.775,65.69
1605,26,63,47.774,308.256,46801.795,2,38,293.999,180.032,NA,4.101,0.014,-146.31,53.915
1606,26,64,47.774,294.038,47101.806,2,19,308.217,183.216,NA,14.218,0.047,-90,56.31
1607,26,65,47.774,294.038,47401.818,2,21,308.217,183.216,NA,0,0,0,90
1608,26,66,47.774,294.038,47701.829,2,18,308.217,183.216,NA,0,0,0,0
1609,26,67,40.949,292.331,48001.841,2,37,315.252,190.25,NA,7.035,0.023,-165.964,-165.964
1610,26,68,33.556,283.232,48301.852,2,13,326.977,199.873,NA,11.725,0.039,-129.094,36.87
1611,26,69,18.2,292.331,48601.864,2,16,344.827,212.299,NA,17.85,0.059,149.349,-81.557
1612,26,70,21.043,284.938,48901.875,2,59,352.748,211.402,NA,7.922,0.026,-68.962,141.688
1613,26,71,15.356,284.938,49201.887,2,44,358.436,216.885,NA,5.687,0.019,180,-111.038
1614,26,72,13.65,287.782,49501.898,2,59,361.752,217.81,NA,3.316,0.011,120.964,-59.036
1615,26,73,8.531,279.819,49801.91,2,54,371.218,224.836,NA,9.466,0.032,-122.735,116.301
1616,26,74,7.394,273.563,50101.921,2,17,377.577,227.726,NA,6.359,0.021,-100.305,22.43
1617,26,75,2.275,290.057,50401.933,2,29,394.846,228.32,NA,17.269,0.058,107.241,-152.454
1618,26,76,6.825,300.863,50701.944,2,66,406.571,221.642,NA,11.725,0.039,67.166,-40.075
1619,26,77,7.394,279.819,51001.956,2,20,427.622,225.929,NA,21.051,0.07,-88.452,-155.618
1620,26,78,6.256,276.407,51301.967,2,39,431.219,227.979,NA,3.597,0.012,-108.435,-19.983
1621,26,79,3.412,267.876,51601.979,2,12,440.211,233.267,NA,8.993,0.03,-108.435,0
1622,26,80,0,265.032,51901.99,2,19,444.653,237.41,NA,4.442,0.015,-140.194,-31.759
1623,27,1,217.258,327.593,45001.726,2,55,0,0,NA,NA,NA,NA,NA
1624,27,2,207.589,319.631,45301.737,2,14,12.525,12.525,NA,12.525,0.042,-140.528,NA
1625,27,3,207.021,303.138,45601.749,2,33,29.028,26.512,NA,16.503,0.055,-91.975,48.553
1626,27,4,207.021,303.138,45901.76,2,33,29.028,26.512,NA,0,0,0,91.975
1627,27,5,193.94,303.138,46201.772,2,33,42.109,33.791,NA,13.081,0.044,180,180
1628,27,6,189.39,301.431,46501.783,2,79,46.969,38.224,NA,4.859,0.016,-159.444,20.556
1629,27,7,189.39,299.156,46801.795,2,27,49.244,39.816,NA,2.275,0.008,-90,69.444
1630,27,8,189.39,299.156,47101.806,2,19,49.244,39.816,NA,0,0,0,90
1631,27,9,179.153,292.9,47401.818,2,26,61.241,51.533,NA,11.998,0.04,-148.57,-148.57
1632,27,10,179.153,277.544,47701.829,2,13,76.597,62.904,NA,15.356,0.051,-90,58.57
1633,27,11,170.053,277.544,48001.841,2,15,85.697,68.799,NA,9.1,0.03,180,-90
1634,27,12,148.441,277.544,48301.852,2,36,107.309,85.092,NA,21.612,0.072,180,0
1635,27,13,148.441,277.544,48601.864,2,9,107.309,85.092,NA,0,0,0,-180
1636,27,14,143.322,283.8,48901.875,2,39,115.392,85.932,NA,8.083,0.027,129.289,129.289
1637,27,15,132.516,283.8,49201.887,2,35,126.198,95.389,NA,10.806,0.036,180,50.711
1638,27,16,132.516,272.994,49501.898,2,33,137.004,100.808,NA,10.806,0.036,-90,90
1639,27,17,134.791,269.013,49801.91,2,20,141.59,101.156,NA,4.585,0.015,-60.255,29.745
1640,27,18,134.791,261.62,50101.921,2,18,148.983,105.609,NA,7.394,0.025,-90,-29.745
1641,27,19,130.81,261.62,50401.933,2,26,152.964,108.747,NA,3.981,0.013,180,-90
1642,27,20,128.535,259.345,50701.944,2,22,156.182,111.936,NA,3.217,0.011,-135,45
1643,27,21,123.985,245.695,51001.956,2,31,170.57,124.126,NA,14.388,0.048,-108.435,26.565
1644,27,22,123.985,236.595,51301.967,2,16,179.67,130.309,NA,9.1,0.03,-90,18.435
1645,27,23,116.591,250.814,51601.979,2,35,195.695,126.605,NA,16.026,0.053,117.474,-152.526
1646,27,25,113.179,255.932,51901.99,2,21,201.847,126.364,NA,6.152,0.021,123.69,6.216
