Nr,TID,PID,x [micron],y [micron],t [sec],c [idx],I [val],Len [micron],D2S [micron],D2R [micron],D2P [micron],v [micron/sec],α [deg],Δα [deg]
1,1,1,455.808,621.97,5700.19,2,65,0,0,NA,NA,NA,NA,NA
2,1,2,445.202,620.96,6000.2,2,125,10.654,10.654,NA,10.654,0.036,-174.56,NA
3,1,3,440.657,616.414,6300.21,2,255,17.082,16.138,NA,6.428,0.021,-135,39.56
4,1,4,434.091,616.414,6600.22,2,255,23.648,22.417,NA,6.566,0.022,180,-45
5,1,5,434.091,616.414,6900.23,2,247,23.648,22.417,NA,0,0,0,-180
6,1,6,428.535,616.414,7200.24,2,221,29.204,27.833,NA,5.556,0.019,180,180
7,1,7,427.02,612.374,7500.25,2,249,33.519,30.345,NA,4.315,0.014,-110.556,69.444
8,1,8,427.02,612.374,7800.26,2,254,33.519,30.345,NA,0,0,0,110.556
9,1,9,427.02,612.374,8100.27,2,235,33.519,30.345,NA,0,0,0,0
10,1,10,427.02,612.374,8400.28,2,255,33.519,30.345,NA,0,0,0,0
11,1,11,427.02,612.374,8700.29,2,255,33.519,30.345,NA,0,0,0,0
12,1,12,427.02,612.374,9000.3,2,255,33.519,30.345,NA,0,0,0,0
13,1,13,425,617.424,9300.31,2,255,38.958,31.142,NA,5.44,0.018,111.801,111.801
14,1,14,415.909,617.424,9600.32,2,255,48.049,40.157,NA,9.091,0.03,180,68.199
15,1,15,409.848,621.97,9900.33,2,255,55.625,45.96,NA,7.576,0.025,143.13,-36.87
16,1,16,403.283,626.01,10200.34,2,255,63.334,52.68,NA,7.709,0.026,148.392,5.262
17,1,17,403.283,626.01,10500.35,2,255,63.334,52.68,NA,0,0,0,-148.392
18,1,18,396.212,626.01,10800.36,2,255,70.405,59.733,NA,7.071,0.024,180,180
19,1,19,396.212,620.455,11100.37,2,255,75.96,59.615,NA,5.556,0.019,-90,90
20,1,20,396.212,620.455,11400.38,2,255,75.96,59.615,NA,0,0,0,90
21,1,21,393.182,620.455,11700.39,2,255,78.991,62.645,NA,3.03,0.01,180,180
22,1,22,393.182,620.455,12000.4,2,255,78.991,62.645,NA,0,0,0,-180
23,1,23,393.182,620.455,12300.41,2,255,78.991,62.645,NA,0,0,0,0
24,1,24,394.192,616.414,12600.42,2,255,83.155,61.866,NA,4.165,0.014,-75.964,-75.964
25,1,25,394.192,616.414,12900.43,2,255,83.155,61.866,NA,0,0,0,75.964
26,1,26,389.646,613.889,13200.44,2,255,88.355,66.653,NA,5.2,0.017,-150.945,-150.945
27,1,27,383.081,613.889,13500.45,2,255,94.921,73.175,NA,6.566,0.022,180,-29.055
28,1,28,378.03,613.889,13800.46,2,255,99.971,78.196,NA,5.051,0.017,180,0
29,1,29,373.485,613.889,14100.47,2,255,104.517,82.719,NA,4.545,0.015,180,0
30,1,30,365.404,613.889,14400.48,2,255,112.598,90.764,NA,8.081,0.027,180,0
31,1,31,365.404,613.889,14700.49,2,255,112.598,90.764,NA,0,0,0,-180
32,1,32,351.263,612.374,15000.5,2,255,126.82,104.985,NA,14.222,0.047,-173.884,-173.884
33,1,33,345.202,612.374,15300.51,2,255,132.881,111.022,NA,6.061,0.02,180,-6.116
34,1,34,342.677,612.374,15600.521,2,255,135.406,113.538,NA,2.525,0.008,180,0
35,1,35,335.606,608.838,15900.531,2,255,143.311,120.917,NA,7.905,0.026,-153.435,26.565
36,1,36,335.606,608.838,16200.541,2,255,143.311,120.917,NA,0,0,0,153.435
37,1,37,328.535,608.333,16500.551,2,255,150.4,128.001,NA,7.089,0.024,-175.914,-175.914
38,1,38,325.505,611.364,16800.561,2,255,154.685,130.734,NA,4.285,0.014,135,-49.086
39,1,39,319.949,611.364,17100.571,2,255,160.241,136.272,NA,5.556,0.019,180,45
40,1,40,315.909,609.343,17400.581,2,255,164.758,140.468,NA,4.517,0.015,-153.435,26.565
41,1,41,326.515,608.838,17700.591,2,255,175.376,129.958,NA,10.618,0.035,-2.726,150.709
42,1,42,330.051,605.303,18000.601,2,255,180.376,126.857,NA,5,0.017,-45,-42.274
43,1,43,335.606,605.303,18300.611,2,255,185.932,121.352,NA,5.556,0.019,0,45
44,1,44,335.606,603.788,18600.621,2,255,187.447,121.569,NA,1.515,0.005,-90,-90
45,1,45,338.131,603.788,18900.631,2,255,189.972,119.073,NA,2.525,0.008,0,90
46,1,46,338.131,603.788,19200.641,2,255,189.972,119.073,NA,0,0,0,0
47,1,47,335.101,602.273,19500.651,2,255,193.36,122.304,NA,3.388,0.011,-153.435,-153.435
48,1,48,330.556,601.263,19800.661,2,255,198.016,126.953,NA,4.656,0.016,-167.471,-14.036
49,1,49,330.556,601.263,20100.671,2,255,198.016,126.953,NA,0,0,0,167.471
50,1,50,332.576,596.212,20400.681,2,255,203.456,125.895,NA,5.44,0.018,-68.199,-68.199
51,1,51,332.576,595.707,20700.691,2,255,203.961,126,NA,0.505,0.002,-90,-21.801
52,1,52,332.576,595.707,21000.701,2,255,203.961,126,NA,0,0,0,90
53,1,53,332.576,595.707,21300.711,2,255,203.961,126,NA,0,0,0,0
54,1,54,335.606,595.707,21600.721,2,255,206.991,123.038,NA,3.03,0.01,0,0
55,1,55,337.121,594.697,21900.731,2,255,208.812,121.78,NA,1.821,0.006,-33.69,-33.69
56,1,56,340.657,592.677,22200.741,2,255,212.884,118.819,NA,4.072,0.014,-29.745,3.945
57,1,57,340.657,592.677,22500.751,2,255,212.884,118.819,NA,0,0,0,29.745
58,1,58,340.657,585.606,22800.761,2,255,219.955,120.757,NA,7.071,0.024,-90,-90
59,1,59,340.657,585.606,23100.771,2,255,219.955,120.757,NA,0,0,0,90
60,1,60,340.657,582.071,23400.781,2,255,223.49,121.868,NA,3.535,0.012,-90,-90
61,1,61,340.657,578.535,23700.791,2,255,227.026,123.071,NA,3.535,0.012,-90,0
62,1,62,339.646,574.495,24000.801,2,255,231.19,125.489,NA,4.165,0.014,-104.036,-14.036
63,1,63,339.646,574.495,24300.811,2,255,231.19,125.489,NA,0,0,0,104.036
64,1,64,339.646,574.495,24600.821,2,255,231.19,125.489,NA,0,0,0,0
65,1,65,339.646,574.495,24900.831,2,255,231.19,125.489,NA,0,0,0,0
66,1,66,338.636,567.929,25200.841,2,255,237.833,129.033,NA,6.643,0.022,-98.746,-98.746
67,1,67,338.636,567.929,25500.851,2,39,237.833,129.033,NA,0,0,0,98.746
68,1,68,323.99,584.596,25800.861,2,255,260.021,137.014,NA,22.188,0.074,131.309,131.309
69,1,69,320.455,584.596,26100.871,2,255,263.556,140.419,NA,3.535,0.012,180,48.691
70,1,70,320.455,584.596,26400.881,2,255,263.556,140.419,NA,0,0,0,-180
71,1,71,312.374,584.596,26700.891,2,255,271.637,148.224,NA,8.081,0.027,180,180
72,1,72,312.374,584.596,27000.901,2,255,271.637,148.224,NA,0,0,0,-180
73,1,73,306.313,584.596,27300.911,2,255,277.698,154.096,NA,6.061,0.02,180,180
74,1,74,299.242,586.616,27600.921,2,255,285.051,160.508,NA,7.354,0.025,164.055,-15.945
75,1,75,299.242,586.616,27900.931,2,255,285.051,160.508,NA,0,0,0,-164.055
76,1,76,299.242,586.616,28200.941,2,255,285.051,160.508,NA,0,0,0,0
77,1,77,299.242,586.616,28500.951,2,255,285.051,160.508,NA,0,0,0,0
78,1,78,299.242,586.616,28800.961,2,255,285.051,160.508,NA,0,0,0,0
79,1,79,304.798,601.263,29100.971,2,255,300.716,152.423,NA,15.665,0.052,69.228,69.228
80,1,80,299.242,614.394,29400.981,2,255,314.974,156.749,NA,14.258,0.048,112.932,43.704
81,1,81,291.667,622.98,29700.991,2,255,326.425,164.145,NA,11.45,0.038,131.424,18.492
82,1,82,278.535,623.485,30001.001,2,255,339.566,177.279,NA,13.141,0.044,177.797,46.374
83,1,83,275.505,631.061,30301.011,2,255,347.725,180.532,NA,8.159,0.027,111.801,-65.996
84,1,84,267.424,631.061,30601.021,2,255,355.806,188.603,NA,8.081,0.027,180,68.199
85,1,85,263.384,630.556,30901.031,2,255,359.878,192.616,NA,4.072,0.014,-172.875,7.125
86,1,86,261.869,629.545,31201.041,2,255,361.699,194.087,NA,1.821,0.006,-146.31,26.565
87,1,87,261.869,629.545,31501.051,2,255,361.699,194.087,NA,0,0,0,146.31
88,1,88,268.434,629.545,31801.061,2,255,368.264,187.527,NA,6.566,0.022,0,0
89,1,89,268.434,623.99,32101.071,2,255,373.82,187.385,NA,5.556,0.019,-90,-90
90,1,90,271.465,623.99,32401.081,2,255,376.85,184.355,NA,3.03,0.01,0,90
91,1,91,280.051,626.515,32701.091,2,255,385.8,175.816,NA,8.95,0.03,16.39,16.39
92,1,92,288.131,633.081,33001.101,2,255,396.211,168.045,NA,10.412,0.035,39.094,22.704
93,1,93,273.99,638.131,33301.111,2,255,411.228,182.535,NA,15.016,0.05,160.346,121.252
94,1,94,268.434,638.131,33601.121,2,255,416.783,188.069,NA,5.556,0.019,180,19.654
95,1,95,265.909,635.606,33901.131,2,255,420.355,190.388,NA,3.571,0.012,-135,45
96,1,96,265.404,630.051,34201.141,2,255,425.933,190.575,NA,5.578,0.019,-95.194,39.806
97,1,97,255.303,620.455,34501.151,2,255,439.865,200.511,NA,13.932,0.046,-136.469,-41.274
98,1,98,250.758,610.354,34801.161,2,255,450.942,205.379,NA,11.077,0.037,-114.228,22.241
99,1,99,250.758,610.354,35101.171,2,14,450.942,205.379,NA,0,0,0,114.228
100,1,100,231.061,610.354,35401.181,2,255,470.639,225.047,NA,19.697,0.066,180,180
101,1,101,230.051,593.687,35701.191,2,255,487.336,227.522,NA,16.697,0.056,-93.468,86.532
102,1,102,221.465,593.687,36001.201,2,255,495.922,236.044,NA,8.586,0.029,180,-86.532
103,1,103,220.96,593.687,36301.211,2,255,496.427,236.545,NA,0.505,0.002,180,0
104,1,104,214.899,598.737,36601.221,2,255,504.316,242.027,NA,7.889,0.026,140.194,-39.806
105,1,105,204.293,598.737,36901.231,2,255,514.922,252.586,NA,10.606,0.035,180,39.806
106,1,106,203.788,591.162,37201.241,2,255,522.515,253.896,NA,7.593,0.025,-93.814,86.186
107,1,107,199.242,589.646,37501.251,2,255,527.306,258.594,NA,4.791,0.016,-161.565,-67.751
108,1,108,199.242,589.646,37801.261,2,255,527.306,258.594,NA,0,0,0,161.565
109,1,109,199.242,588.131,38101.271,2,255,528.821,258.788,NA,1.515,0.005,-90,-90
110,1,110,192.677,580.556,38401.281,2,255,538.846,266.37,NA,10.025,0.033,-130.914,-40.914
111,1,111,180.051,579.545,38701.291,2,255,551.513,279.002,NA,12.667,0.042,-175.426,-44.512
112,1,112,180.051,579.545,39001.301,2,255,551.513,279.002,NA,0,0,0,175.426
113,1,113,176.515,573.485,39301.311,2,255,558.529,283.47,NA,7.016,0.023,-120.256,-120.256
114,1,114,177.02,573.485,39601.321,2,255,559.034,282.973,NA,0.505,0.002,0,120.256
115,1,115,178.03,573.485,39901.331,2,255,560.045,281.977,NA,1.01,0.003,0,0
116,1,116,175,571.465,40201.341,2,255,563.686,285.314,NA,3.642,0.012,-146.31,-146.31
117,1,117,175,556.818,40501.351,2,255,578.333,288.267,NA,14.646,0.049,-90,56.31
118,1,118,175,556.818,40801.361,2,255,578.333,288.267,NA,0,0,0,90
119,1,119,165.909,554.798,41101.371,2,255,587.646,297.579,NA,9.313,0.031,-167.471,-167.471
120,1,120,165.909,570.96,41401.381,2,255,603.807,294.353,NA,16.162,0.054,90,-102.529
121,1,121,152.778,570.96,41701.391,2,255,616.939,307.294,NA,13.131,0.044,180,90
122,1,122,146.212,570.96,42001.401,2,255,623.504,313.77,NA,6.566,0.022,180,0
123,1,123,146.212,570.96,42301.411,2,255,623.504,313.77,NA,0,0,0,-180
124,1,124,141.667,560.859,42601.421,2,255,634.581,320.03,NA,11.077,0.037,-114.228,-114.228
125,1,125,130.051,560.859,42901.431,2,255,646.197,331.44,NA,11.616,0.039,180,-65.772
126,1,126,133.586,561.869,43201.441,2,255,649.874,327.779,NA,3.677,0.012,15.945,-164.055
127,1,127,123.99,557.323,43501.451,2,255,660.492,338.057,NA,10.618,0.035,-154.654,-170.599
128,1,128,122.475,556.313,43801.461,2,255,662.313,339.738,NA,1.821,0.006,-146.31,8.344
129,1,129,122.475,556.313,44101.471,2,255,662.313,339.738,NA,0,0,0,146.31
130,1,130,125.505,558.333,44401.481,2,255,665.955,336.377,NA,3.642,0.012,33.69,33.69
131,1,131,125.505,566.919,44701.491,2,255,674.541,334.859,NA,8.586,0.029,90,56.31
132,1,132,151.263,561.364,45001.501,2,255,700.891,310.517,NA,26.35,0.088,-12.171,-102.171
133,1,133,169.949,569.444,45301.511,2,255,721.25,290.644,NA,20.359,0.068,23.385,35.557
134,1,134,181.061,586.616,45601.521,2,255,741.703,277.013,NA,20.453,0.068,57.095,33.71
135,1,135,165.909,582.071,45901.531,2,255,757.521,292.632,NA,15.819,0.053,-163.301,139.604
136,1,136,161.869,578.535,46201.542,2,255,762.89,297.131,NA,5.369,0.018,-138.814,24.487
137,1,137,161.869,578.535,46501.552,2,255,762.89,297.131,NA,0,0,0,138.814
138,1,138,155.303,578.535,46801.562,2,255,769.456,303.628,NA,6.566,0.022,180,180
139,1,139,149.242,578.535,47101.572,2,255,775.517,309.627,NA,6.061,0.02,180,0
140,1,140,132.576,578.535,47401.582,2,255,792.183,326.138,NA,16.667,0.056,180,0
141,1,141,120.96,577.525,47701.592,2,255,803.843,337.785,NA,11.66,0.039,-175.03,4.97
142,1,142,109.848,577.525,48001.602,2,255,814.954,348.803,NA,11.111,0.037,180,-4.97
143,1,143,109.848,570.96,48301.612,2,255,821.52,349.7,NA,6.566,0.022,-90,90
144,1,144,115.909,570.96,48601.622,2,255,827.581,343.705,NA,6.061,0.02,0,90
145,1,145,114.394,564.899,48901.632,2,255,833.828,346.151,NA,6.247,0.021,-104.036,-104.036
146,1,146,111.364,558.838,49201.642,2,255,840.604,350.182,NA,6.776,0.023,-116.565,-12.529
147,1,147,111.364,558.838,49501.652,2,255,840.604,350.182,NA,0,0,0,116.565
148,1,148,101.263,558.838,49801.662,2,255,850.705,360.122,NA,10.101,0.034,180,180
149,1,149,95.707,557.323,50101.672,2,255,856.463,365.858,NA,5.758,0.019,-164.745,15.255
150,1,150,85.606,557.323,50401.682,2,255,866.564,375.804,NA,10.101,0.034,180,-15.255
151,1,151,80.051,556.313,50701.692,2,255,872.211,381.451,NA,5.647,0.019,-169.695,10.305
152,1,152,80.051,556.313,51001.702,2,255,872.211,381.451,NA,0,0,0,169.695
153,1,153,80.051,562.879,51301.712,2,255,878.776,380.375,NA,6.566,0.022,90,90
154,1,154,63.889,562.879,51601.722,2,255,894.938,396.349,NA,16.162,0.054,180,90
155,1,155,61.364,557.323,51901.732,2,255,901.041,399.707,NA,6.103,0.02,-114.444,65.556
156,1,156,45.707,562.374,52201.742,2,255,917.492,414.409,NA,16.451,0.055,162.121,-83.435
157,1,157,39.141,575.505,52501.752,2,255,932.173,419.249,NA,14.681,0.049,116.565,-45.556
158,1,158,33.081,573.99,52801.762,2,255,938.42,425.441,NA,6.247,0.021,-165.964,77.471
159,1,159,40.657,574.495,53101.772,2,255,946.013,417.857,NA,7.593,0.025,3.814,169.778
160,1,160,50.758,588.131,53401.782,2,255,962.983,406.461,NA,16.97,0.057,53.471,49.657
161,1,161,53.788,617.424,53701.792,2,255,992.432,402.046,NA,29.449,0.098,84.094,30.623
162,1,162,39.646,626.515,54001.802,2,255,1009.243,416.186,NA,16.811,0.056,147.265,63.171
163,2,1,410.985,770.455,6900.23,2,101,0,0,NA,NA,NA,NA,NA
164,2,2,404.167,776.136,7200.24,2,65,8.875,8.875,NA,8.875,0.03,140.194,NA
165,2,3,397.727,781.818,7500.25,2,79,17.463,17.461,NA,8.588,0.029,138.576,-1.618
166,2,4,391.667,781.818,7800.26,2,122,23.524,22.413,NA,6.061,0.02,180,41.424
167,2,5,385.985,781.818,8100.27,2,133,29.205,27.461,NA,5.682,0.019,180,0
168,2,6,381.061,784.848,8400.28,2,161,34.987,33.206,NA,5.782,0.019,148.392,-31.608
169,2,7,375,789.015,8700.29,2,180,42.342,40.49,NA,7.355,0.025,145.491,-2.901
170,2,8,370.076,789.773,9000.3,2,101,47.324,45.241,NA,4.982,0.017,171.254,25.762
171,2,9,369.697,789.394,9300.31,2,149,47.86,45.425,NA,0.536,0.002,-135,53.746
172,2,10,369.697,789.394,9600.32,2,147,47.86,45.425,NA,0,0,0,135
173,2,11,369.318,790.152,9900.33,2,174,48.707,46.088,NA,0.847,0.003,116.565,116.565
174,2,12,368.561,797.727,10200.34,2,142,56.321,50.434,NA,7.614,0.025,95.711,-20.854
175,2,13,366.288,799.242,10500.35,2,170,59.052,53.165,NA,2.731,0.009,146.31,50.599
176,2,14,366.288,799.242,10800.36,2,110,59.052,53.165,NA,0,0,0,-146.31
177,2,15,366.288,799.242,11100.37,2,129,59.052,53.165,NA,0,0,0,0
178,2,16,366.288,799.242,11400.38,2,135,59.052,53.165,NA,0,0,0,0
179,2,17,366.288,799.242,11700.39,2,179,59.052,53.165,NA,0,0,0,0
180,2,18,366.288,808.333,12000.4,2,143,68.143,58.589,NA,9.091,0.03,90,90
181,2,19,366.288,808.333,12300.41,2,152,68.143,58.589,NA,0,0,0,-90
182,2,20,362.5,814.394,12600.42,2,134,75.29,65.433,NA,7.147,0.024,122.005,122.005
183,2,21,361.869,815.909,12900.43,2,163,76.931,66.922,NA,1.641,0.005,112.62,-9.386
184,2,22,358.838,815.909,13200.44,2,192,79.962,69.176,NA,3.03,0.01,180,67.38
185,2,23,352.273,820.96,13500.45,2,112,88.245,77.446,NA,8.283,0.028,142.431,-37.569
186,2,24,347.222,820.96,13800.46,2,133,93.296,81.341,NA,5.051,0.017,180,37.569
187,2,25,340.657,820.96,14100.47,2,138,99.861,86.584,NA,6.566,0.022,180,0
188,2,26,339.646,818.939,14400.48,2,104,102.12,86.255,NA,2.259,0.008,-116.565,63.435
189,2,27,336.616,812.374,14700.49,2,119,109.351,85.369,NA,7.231,0.024,-114.775,1.79
190,2,28,336.616,812.374,15000.5,2,255,109.351,85.369,NA,0,0,0,114.775
191,2,29,326.515,806.313,15300.51,2,95,121.131,91.766,NA,11.78,0.039,-149.036,-149.036
192,2,30,325,809.343,15600.521,2,111,124.519,94.37,NA,3.388,0.011,116.565,-94.399
193,2,31,325,818.434,15900.531,2,156,133.61,98.466,NA,9.091,0.03,90,-26.565
194,2,32,329.545,820.455,16200.541,2,140,138.584,95.563,NA,4.974,0.017,23.962,-66.038
195,2,33,326.515,820.455,16500.551,2,94,141.614,98.159,NA,3.03,0.01,180,156.038
196,2,34,330.051,816.414,16800.561,2,150,146.983,93.073,NA,5.369,0.018,-48.814,131.186
197,2,35,330.051,813.889,17100.571,2,177,149.508,91.853,NA,2.525,0.008,-90,-41.186
198,2,36,324.495,813.889,17400.581,2,85,155.064,96.783,NA,5.556,0.019,180,-90
199,2,37,322.475,812.374,17700.591,2,109,157.589,97.935,NA,2.525,0.008,-143.13,36.87
200,2,38,322.98,808.333,18000.601,2,132,161.661,95.811,NA,4.072,0.014,-82.875,60.255
201,2,39,324.495,808.333,18300.611,2,100,163.176,94.421,NA,1.515,0.005,0,82.875
202,2,40,321.465,808.333,18600.621,2,95,166.206,97.204,NA,3.03,0.01,180,180
203,2,41,321.465,812.879,18900.631,2,254,170.752,99.064,NA,4.545,0.015,90,-90
204,2,42,313.889,812.879,19200.641,2,179,178.327,105.96,NA,7.576,0.025,180,90
205,2,43,311.869,818.939,19500.651,2,128,184.716,110.339,NA,6.388,0.021,108.435,-71.565
206,2,44,316.414,833.586,19800.661,2,123,200.051,113.707,NA,15.336,0.051,72.759,-35.676
207,2,45,309.343,833.586,20100.671,2,203,207.122,119.652,NA,7.071,0.024,180,107.241
208,2,46,309.343,820.96,20400.681,2,171,219.748,113.498,NA,12.626,0.042,-90,90
209,2,47,317.929,818.939,20700.691,2,129,228.569,104.929,NA,8.82,0.029,-13.241,76.759
210,2,48,326.01,816.919,21000.701,2,188,236.898,96.849,NA,8.33,0.028,-14.036,-0.796
211,2,49,326.01,827.525,21300.711,2,147,247.504,102.361,NA,10.606,0.035,90,104.036
212,2,50,326.01,828.535,21600.721,2,133,248.514,102.928,NA,1.01,0.003,90,0
213,2,51,326.01,828.535,21900.731,2,214,248.514,102.928,NA,0,0,0,-90
214,2,52,332.071,839.141,22200.741,2,140,260.73,104.62,NA,12.216,0.041,60.255,60.255
215,2,53,332.071,839.646,22500.751,2,149,261.235,104.952,NA,0.505,0.002,90,29.745
216,2,54,332.071,839.646,22800.761,2,106,261.235,104.952,NA,0,0,0,-90
217,2,55,332.071,839.646,23100.771,2,143,261.235,104.952,NA,0,0,0,0
218,2,56,332.071,839.646,23400.781,2,196,261.235,104.952,NA,0,0,0,0
219,2,57,324.495,841.162,23700.791,2,189,268.961,111.714,NA,7.726,0.026,168.69,168.69
220,2,58,306.818,859.848,24000.801,2,80,294.684,137.266,NA,25.723,0.086,133.409,-35.281
221,2,59,305.808,870.455,24300.811,2,126,305.338,145.128,NA,10.654,0.036,95.44,-37.969
222,2,60,301.768,880.556,24600.821,2,104,316.217,155.083,NA,10.879,0.036,111.801,16.361
223,2,61,298.737,898.737,24900.831,2,181,334.649,170.458,NA,18.433,0.061,99.462,-12.339
224,2,62,298.737,898.737,25200.841,2,87,334.649,170.458,NA,0,0,0,-99.462
225,2,63,298.232,898.232,25500.851,2,98,335.364,170.412,NA,0.714,0.002,-135,-135
226,2,64,286.616,898.232,25800.861,2,195,346.98,178.311,NA,11.616,0.039,180,-45
227,2,65,286.616,898.232,26100.871,2,232,346.98,178.311,NA,0,0,0,-180
228,2,66,286.616,902.273,26400.881,2,104,351.02,181.228,NA,4.04,0.013,90,90
229,2,67,286.616,914.899,26700.891,2,101,363.647,190.609,NA,12.626,0.042,90,0
230,2,68,280.051,914.899,27000.901,2,143,370.212,194.956,NA,6.566,0.022,180,90
231,2,69,280.051,926.515,27300.911,2,141,381.828,203.712,NA,11.616,0.039,90,-90
232,2,70,275,930.051,27600.921,2,217,387.993,209.673,NA,6.165,0.021,145.008,55.008
233,2,71,273.485,935.101,27900.931,2,183,393.266,214.51,NA,5.273,0.018,106.699,-38.309
234,2,72,277.525,935.101,28200.941,2,193,397.307,211.943,NA,4.04,0.013,0,-106.699
235,2,73,275.505,947.222,28500.951,2,254,409.595,222.714,NA,12.288,0.041,99.462,99.462
236,2,74,274.495,947.222,28800.961,2,181,410.605,223.33,NA,1.01,0.003,180,80.538
237,2,75,275,942.677,29100.971,2,204,415.179,219.436,NA,4.573,0.015,-83.66,96.34
238,2,76,275,942.677,29400.981,2,160,415.179,219.436,NA,0,0,0,83.66
239,2,77,275,942.677,29700.991,2,255,415.179,219.436,NA,0,0,0,0
240,2,78,272.475,942.677,30001.001,2,201,417.704,221.01,NA,2.525,0.008,180,180
241,2,79,272.98,945.707,30301.011,2,199,420.776,223.067,NA,3.072,0.01,80.538,-99.462
242,2,80,272.98,948.737,30601.021,2,215,423.806,225.455,NA,3.03,0.01,90,9.462
243,2,81,267.929,946.212,30901.031,2,204,429.453,226.618,NA,5.647,0.019,-153.435,116.565
244,2,82,261.364,946.212,31201.041,2,137,436.018,230.819,NA,6.566,0.022,180,-26.565
245,2,83,261.364,946.212,31501.051,2,184,436.018,230.819,NA,0,0,0,-180
246,2,84,261.364,946.212,31801.061,2,164,436.018,230.819,NA,0,0,0,0
247,2,85,257.323,946.212,32101.071,2,159,440.059,233.458,NA,4.04,0.013,180,180
248,2,86,251.263,946.717,32401.081,2,176,446.141,237.865,NA,6.082,0.02,175.236,-4.764
249,2,87,247.727,948.737,32701.091,2,165,450.212,241.739,NA,4.072,0.014,150.255,-24.981
250,2,88,247.727,948.737,33001.101,2,131,450.212,241.739,NA,0,0,0,-150.255
251,2,89,247.727,951.263,33301.111,2,119,452.738,243.607,NA,2.525,0.008,90,90
252,2,90,240.152,955.808,33601.121,2,151,461.572,252.071,NA,8.835,0.029,149.036,59.036
253,2,91,233.586,959.343,33901.131,2,166,469.029,259.132,NA,7.457,0.025,151.699,2.663
254,2,92,231.061,962.879,34201.141,2,121,473.374,263.438,NA,4.345,0.014,125.538,-26.162
255,2,93,231.061,962.879,34501.151,2,145,473.374,263.438,NA,0,0,0,-125.538
256,2,94,227.02,967.929,34801.161,2,152,479.842,269.888,NA,6.468,0.022,128.66,128.66
257,2,95,222.475,967.929,35101.171,2,166,484.387,273.006,NA,4.545,0.015,180,51.34
258,2,96,219.949,967.929,35401.181,2,224,486.912,274.756,NA,2.525,0.008,180,0
259,2,97,214.899,967.929,35701.191,2,128,491.963,278.291,NA,5.051,0.017,180,0
260,2,98,205.303,967.929,36001.201,2,200,501.559,285.134,NA,9.596,0.032,180,0
261,2,99,205.303,967.929,36301.211,2,80,501.559,285.134,NA,0,0,0,-180
262,2,100,195.202,967.929,36601.221,2,145,511.66,292.504,NA,10.101,0.034,180,180
263,2,101,193.687,962.879,36901.231,2,157,516.933,290.251,NA,5.273,0.018,-106.699,73.301
264,2,102,185.606,962.879,37201.241,2,145,525.014,296.349,NA,8.081,0.027,180,-73.301
265,2,103,185.606,962.879,37501.251,2,124,525.014,296.349,NA,0,0,0,-180
266,2,104,173.99,963.384,37801.261,2,121,536.641,305.595,NA,11.627,0.039,177.51,177.51
267,2,105,169.444,963.384,38101.271,2,89,541.186,309.133,NA,4.545,0.015,180,2.49
268,2,106,163.384,966.414,38401.281,2,139,547.962,315.763,NA,6.776,0.023,153.435,-26.565
269,2,107,158.838,958.333,38701.291,2,133,557.234,314.446,NA,9.271,0.031,-119.358,87.207
270,2,108,150.758,958.333,39001.301,2,102,565.315,320.962,NA,8.081,0.027,180,-60.642
271,2,109,143.939,954.167,39301.311,2,142,573.305,324.135,NA,7.991,0.027,-148.57,31.43
272,2,110,133.712,947.348,39601.321,2,167,585.597,328.895,NA,12.292,0.041,-146.31,2.261
273,2,111,124.621,944.697,39901.331,2,90,595.066,335.208,NA,9.47,0.032,-163.74,-17.43
274,2,112,115.909,943.182,40201.341,2,144,603.909,341.913,NA,8.843,0.029,-170.134,-6.394
275,2,113,115.909,943.182,40501.351,2,123,603.909,341.913,NA,0,0,0,170.134
276,2,114,101.894,940.152,40801.361,2,153,618.248,352.611,NA,14.339,0.048,-167.8,-167.8
277,2,115,98.485,931.818,41101.371,2,165,627.252,351.702,NA,9.004,0.03,-112.249,55.551
278,2,116,95.455,921.212,41401.381,2,92,638.282,349.696,NA,11.03,0.037,-105.945,6.304
279,2,117,87.879,913.636,41701.391,2,143,648.996,353.41,NA,10.714,0.036,-135,-29.055
280,2,118,79.924,907.576,42001.401,2,93,658.996,358.334,NA,10,0.033,-142.696,-7.696
281,2,119,80.682,900,42301.411,2,104,666.61,354.799,NA,7.614,0.025,-84.289,58.407
282,2,120,81.818,896.97,42601.421,2,93,669.846,352.643,NA,3.236,0.011,-69.444,14.845
283,2,121,81.061,892.424,42901.431,2,137,674.455,351.748,NA,4.608,0.015,-99.462,-30.018
284,2,122,86.364,893.182,43201.441,2,165,679.811,347.046,NA,5.357,0.018,8.13,107.592
285,2,123,80.303,889.773,43501.451,2,122,686.765,351.55,NA,6.954,0.023,-150.642,-158.772
286,2,124,92.803,879.167,43801.461,2,151,703.158,336.241,NA,16.393,0.055,-40.314,110.328
287,2,125,98.106,876.894,44101.471,2,152,708.928,330.488,NA,5.77,0.019,-23.199,17.116
288,2,126,98.106,876.894,44401.481,2,70,708.928,330.488,NA,0,0,0,23.199
289,2,127,97.348,890.909,44701.491,2,2,722.963,335.972,NA,14.036,0.047,93.094,93.094
290,2,128,77.273,889.015,45001.501,2,169,743.128,354.147,NA,20.165,0.067,-174.611,92.295
291,2,129,69.318,889.015,45301.511,2,54,751.083,361.653,NA,7.955,0.027,180,-5.389
292,2,130,69.318,889.015,45601.521,2,176,751.083,361.653,NA,0,0,0,-180
293,2,131,58.712,888.258,45901.531,2,111,761.716,371.448,NA,10.633,0.035,-175.914,-175.914
294,2,132,46.591,878.409,46201.542,2,118,777.334,380.049,NA,15.618,0.052,-140.906,35.008
295,2,133,32.197,861.742,46501.552,2,24,799.356,389.633,NA,22.022,0.073,-130.815,10.091
296,2,134,22.348,858.712,46801.562,2,122,809.66,398.532,NA,10.304,0.034,-162.897,-32.082
297,3,1,493.182,631.061,13800.46,2,250,0,0,NA,NA,NA,NA,NA
298,3,2,484.596,631.061,14100.47,2,255,8.586,8.586,NA,8.586,0.029,180,NA
299,3,3,477.02,638.131,14400.48,2,255,18.949,17.641,NA,10.363,0.035,136.975,-43.025
300,3,4,477.02,640.657,14700.49,2,255,21.474,18.796,NA,2.525,0.008,90,-46.975
301,3,5,473.99,640.657,15000.5,2,255,24.504,21.457,NA,3.03,0.01,180,90
302,3,6,473.99,640.657,15300.51,2,255,24.504,21.457,NA,0,0,0,-180
303,3,7,472.475,640.657,15600.521,2,255,26.019,22.822,NA,1.515,0.005,180,180
304,3,8,467.424,651.768,15900.531,2,255,38.224,33.049,NA,12.205,0.041,114.444,-65.556
305,3,9,467.424,652.273,16200.541,2,255,38.729,33.368,NA,0.505,0.002,90,-24.444
306,3,10,465.404,660.354,16500.551,2,255,47.059,40.369,NA,8.33,0.028,104.036,14.036
307,3,11,465.404,660.354,16800.561,2,255,47.059,40.369,NA,0,0,0,-104.036
308,3,12,465.404,660.354,17100.571,2,255,47.059,40.369,NA,0,0,0,0
309,3,13,465.404,660.354,17400.581,2,255,47.059,40.369,NA,0,0,0,0
310,3,14,461.364,661.364,17700.591,2,255,51.224,43.939,NA,4.165,0.014,165.964,165.964
311,3,15,456.313,665.404,18000.601,2,255,57.692,50.386,NA,6.468,0.022,141.34,-24.624
312,3,16,454.798,667.424,18300.611,2,255,60.217,52.874,NA,2.525,0.008,126.87,-14.47
313,3,17,448.232,667.424,18600.621,2,255,66.782,57.817,NA,6.566,0.022,180,53.13
314,3,18,447.727,667.424,18900.631,2,255,67.288,58.21,NA,0.505,0.002,180,0
315,3,19,437.626,670.96,19200.641,2,255,77.989,68.398,NA,10.702,0.036,160.71,-19.29
316,3,20,432.071,670.96,19500.651,2,255,83.545,72.983,NA,5.556,0.019,180,19.29
317,3,21,432.071,664.394,19800.661,2,255,90.111,69.611,NA,6.566,0.022,-90,90
318,3,22,431.566,660.354,20100.671,2,255,94.182,68.225,NA,4.072,0.014,-97.125,-7.125
319,3,23,431.566,654.293,20400.681,2,255,100.243,65.851,NA,6.061,0.02,-90,7.125
320,3,24,430.051,654.293,20700.691,2,255,101.758,67.27,NA,1.515,0.005,180,-90
321,3,25,430.051,654.293,21000.701,2,255,101.758,67.27,NA,0,0,0,-180
322,3,26,429.545,651.768,21300.711,2,255,104.333,66.921,NA,2.575,0.009,-101.31,-101.31
323,3,27,433.586,650.253,21600.721,2,255,108.649,62.61,NA,4.315,0.014,-20.556,80.754
324,3,28,439.646,650.253,21900.731,2,255,114.709,56.871,NA,6.061,0.02,0,20.556
325,3,29,439.646,649.242,22200.741,2,255,115.719,56.539,NA,1.01,0.003,-90,-90
326,3,30,437.626,633.081,22500.751,2,255,132.007,55.592,NA,16.287,0.054,-97.125,-7.125
327,3,31,418.939,630.051,22800.761,2,255,150.938,74.249,NA,18.931,0.063,-170.789,-73.664
328,3,32,415.404,625,23100.771,2,255,157.103,78.014,NA,6.165,0.021,-124.992,45.797
329,3,33,409.848,620.455,23400.781,2,255,164.281,84.006,NA,7.178,0.024,-140.711,-15.719
330,3,34,409.848,620.455,23700.791,2,255,164.281,84.006,NA,0,0,0,140.711
331,3,35,393.687,620.455,24000.801,2,255,180.442,100.059,NA,16.162,0.054,180,180
332,3,36,391.162,620.455,24300.811,2,255,182.968,102.57,NA,2.525,0.008,180,0
333,3,37,392.677,632.576,24600.821,2,255,195.183,100.516,NA,12.216,0.041,82.875,-97.125
334,3,38,396.212,632.576,24900.831,2,255,198.718,96.982,NA,3.535,0.012,0,-82.875
335,3,39,387.121,632.576,25200.841,2,255,207.809,106.071,NA,9.091,0.03,180,180
336,3,40,390.152,623.99,25500.851,2,255,216.914,103.273,NA,9.105,0.03,-70.56,109.44
337,3,41,398.232,623.99,25800.861,2,255,224.995,95.212,NA,8.081,0.027,0,70.56
338,3,42,399.242,623.99,26100.871,2,255,226.005,94.205,NA,1.01,0.003,0,0
339,3,43,399.242,623.99,26400.881,2,255,226.005,94.205,NA,0,0,0,0
340,3,44,399.242,623.99,26700.891,2,255,226.005,94.205,NA,0,0,0,0
341,3,45,392.677,620.455,27000.901,2,255,233.462,101.063,NA,7.457,0.025,-151.699,-151.699
342,3,46,389.141,615.909,27300.911,2,255,239.221,105.138,NA,5.758,0.019,-127.875,23.824
343,3,47,388.636,620.455,27600.921,2,255,243.794,105.082,NA,4.573,0.015,96.34,-135.785
344,3,48,385.101,620.455,27900.931,2,255,247.329,108.6,NA,3.535,0.012,180,83.66
345,3,49,385.101,620.455,28200.941,2,255,247.329,108.6,NA,0,0,0,-180
346,3,50,385.101,620.455,28500.951,2,255,247.329,108.6,NA,0,0,0,0
347,3,51,371.97,623.99,28800.961,2,255,260.928,121.418,NA,13.599,0.045,164.932,164.932
348,3,52,352.273,621.97,29100.971,2,255,280.729,141.202,NA,19.8,0.066,-174.144,20.925
349,3,53,342.677,621.97,29400.981,2,255,290.325,150.779,NA,9.596,0.032,180,-5.856
350,3,54,342.677,621.97,29700.991,2,255,290.325,150.779,NA,0,0,0,-180
351,3,55,349.747,615.909,30001.001,2,255,299.637,144.232,NA,9.313,0.031,-40.601,-40.601
352,3,56,349.747,615.909,30301.011,2,255,299.637,144.232,NA,0,0,0,40.601
353,3,57,355.808,615.909,30601.021,2,255,305.698,138.207,NA,6.061,0.02,0,0
354,3,58,355.808,612.374,30901.031,2,255,309.233,138.639,NA,3.535,0.012,-90,-90
355,3,59,355.303,611.869,31201.041,2,255,309.947,139.208,NA,0.714,0.002,-135,-45
356,3,60,355.303,604.293,31501.051,2,255,317.523,140.453,NA,7.576,0.025,-90,45
357,3,61,352.273,613.384,31801.061,2,255,327.106,142.014,NA,9.583,0.032,108.435,-161.565
358,3,62,352.273,613.384,32101.071,2,255,327.106,142.014,NA,0,0,0,-108.435
359,3,63,328.535,613.384,32401.081,2,255,350.843,165.593,NA,23.737,0.079,180,180
360,3,64,323.485,609.848,32701.091,2,255,357.008,171.018,NA,6.165,0.021,-145.008,34.992
361,3,65,323.485,609.848,33001.101,2,255,357.008,171.018,NA,0,0,0,145.008
362,3,66,329.04,606.818,33301.111,2,255,363.336,165.922,NA,6.328,0.021,-28.61,-28.61
363,3,67,329.04,594.697,33601.121,2,255,375.458,168.121,NA,12.121,0.04,-90,-61.39
364,3,68,329.04,588.636,33901.131,2,255,381.518,169.535,NA,6.061,0.02,-90,0
365,3,69,329.04,588.636,34201.141,2,255,381.518,169.535,NA,0,0,0,90
366,3,70,326.515,606.818,34501.151,2,255,399.875,168.421,NA,18.356,0.061,97.907,97.907
367,3,71,318.939,605.808,34801.161,2,255,407.517,176.063,NA,7.643,0.025,-172.405,89.687
368,3,72,324.495,601.768,35101.171,2,255,414.387,171.211,NA,6.869,0.023,-36.027,136.378
369,3,73,324.495,601.768,35401.181,2,255,414.387,171.211,NA,0,0,0,36.027
370,3,74,324.495,601.768,35701.191,2,255,414.387,171.211,NA,0,0,0,0
371,3,75,319.949,601.768,36001.201,2,255,418.932,175.692,NA,4.545,0.015,180,180
372,3,76,319.949,601.768,36301.211,2,255,418.932,175.692,NA,0,0,0,-180
373,3,77,322.98,600.758,36601.221,2,255,422.127,172.879,NA,3.194,0.011,-18.435,-18.435
374,3,78,322.98,600.758,36901.231,2,255,422.127,172.879,NA,0,0,0,18.435
375,3,79,311.869,600.758,37201.241,2,255,433.238,183.828,NA,11.111,0.037,180,180
376,3,80,299.242,600.758,37501.251,2,255,445.864,196.293,NA,12.626,0.042,180,0
377,3,81,299.242,600.758,37801.261,2,255,445.864,196.293,NA,0,0,0,-180
378,3,82,299.242,600.758,38101.271,2,255,445.864,196.293,NA,0,0,0,0
379,3,83,299.242,600.758,38401.281,2,255,445.864,196.293,NA,0,0,0,0
380,3,84,289.141,612.879,38701.291,2,255,461.642,204.849,NA,15.778,0.053,129.806,129.806
381,3,85,285.606,612.879,39001.301,2,140,465.178,208.371,NA,3.535,0.012,180,50.194
382,3,86,279.545,612.879,39301.311,2,244,471.238,214.409,NA,6.061,0.02,180,0
383,3,87,268.939,612.879,39601.321,2,255,481.844,224.978,NA,10.606,0.035,180,0
384,3,88,268.939,619.444,39901.331,2,255,488.41,224.543,NA,6.566,0.022,90,-90
385,3,89,269.949,619.444,40201.341,2,255,489.42,223.534,NA,1.01,0.003,0,-90
386,3,90,258.838,617.929,40501.351,2,255,500.634,234.711,NA,11.214,0.037,-172.235,-172.235
387,3,91,254.293,603.788,40801.361,2,255,515.488,240.441,NA,14.854,0.05,-107.819,64.416
388,3,92,254.293,603.788,41101.371,2,255,515.488,240.441,NA,0,0,0,107.819
389,3,93,231.061,624.495,41401.381,2,255,546.609,262.203,NA,31.121,0.104,138.289,138.289
390,3,94,230.051,623.99,41701.391,2,255,547.738,263.226,NA,1.129,0.004,-153.435,68.276
391,3,95,228.535,623.99,42001.401,2,255,549.253,264.741,NA,1.515,0.005,180,-26.565
392,3,96,228.535,617.929,42301.411,2,255,555.314,264.972,NA,6.061,0.02,-90,90
393,3,97,228.535,612.879,42601.421,2,255,560.365,265.27,NA,5.051,0.017,-90,0
394,3,98,228.03,610.354,42901.431,2,255,562.94,265.959,NA,2.575,0.009,-101.31,-11.31
395,3,99,228.03,609.848,43201.441,2,255,563.445,265.999,NA,0.505,0.002,-90,11.31
396,3,100,224.495,606.818,43501.451,2,255,568.101,269.778,NA,4.656,0.016,-139.399,-49.399
397,3,101,196.212,629.545,43801.461,2,255,604.384,296.974,NA,36.283,0.121,141.216,-79.386
398,3,102,179.545,665.909,44101.471,2,255,644.385,315.566,NA,40.001,0.133,114.624,-26.592
399,3,103,178.03,662.879,44401.481,2,255,647.773,316.754,NA,3.388,0.011,-116.565,128.811
400,3,104,171.465,662.879,44701.491,2,255,654.339,323.287,NA,6.566,0.022,180,-63.435
401,3,105,167.424,662.879,45001.501,2,255,658.379,327.308,NA,4.04,0.013,180,0
402,3,106,154.293,669.949,45301.511,2,255,673.293,341.113,NA,14.914,0.05,151.699,-28.301
403,3,107,128.535,671.465,45601.521,2,255,699.095,366.878,NA,25.802,0.086,176.634,24.934
404,3,108,108.333,680.051,45901.531,2,255,721.046,387.954,NA,21.951,0.073,156.975,-19.659
405,3,109,87.121,687.626,46201.542,2,255,743.571,409.982,NA,22.524,0.075,160.346,3.372
406,3,110,60.859,709.848,46501.552,2,255,777.973,439.444,NA,34.403,0.115,139.764,-20.583
407,3,111,92.172,694.697,46801.562,2,255,812.76,406.028,NA,34.786,0.116,-25.821,-165.585
408,4,1,481.061,625,8100.27,2,255,0,0,NA,NA,NA,NA,NA
409,4,2,481.061,618.939,8400.28,2,160,6.061,6.061,NA,6.061,0.02,-90,NA
410,4,3,481.061,618.939,8700.29,2,122,6.061,6.061,NA,0,0,0,90
411,4,4,481.061,615.909,9000.3,2,236,9.091,9.091,NA,3.03,0.01,-90,-90
412,4,5,481.061,613.889,9300.31,2,254,11.111,11.111,NA,2.02,0.007,-90,0
413,4,6,481.061,609.848,9600.32,2,181,15.152,15.152,NA,4.04,0.013,-90,0
414,4,7,483.081,610.859,9900.33,2,255,17.41,14.285,NA,2.259,0.008,26.565,116.565
415,4,8,483.081,613.889,10200.34,2,255,20.44,11.293,NA,3.03,0.01,90,63.435
416,4,9,480.051,620.455,10500.35,2,255,27.672,4.656,NA,7.231,0.024,114.775,24.775
417,4,10,478.535,620.455,10800.36,2,255,29.187,5.2,NA,1.515,0.005,180,65.225
418,4,11,477.525,623.99,11100.37,2,255,32.864,3.677,NA,3.677,0.012,105.945,-74.055
419,4,12,477.02,623.99,11400.38,2,255,33.369,4.165,NA,0.505,0.002,180,74.055
420,4,13,477.02,623.99,11700.39,2,255,33.369,4.165,NA,0,0,0,-180
421,4,14,477.02,623.485,12000.4,2,255,33.874,4.315,NA,0.505,0.002,-90,-90
422,4,15,477.02,614.899,12300.41,2,255,42.46,10.879,NA,8.586,0.029,-90,0
423,4,16,481.061,611.364,12600.42,2,255,47.828,13.636,NA,5.369,0.018,-41.186,48.814
424,4,17,481.061,611.364,12900.43,2,255,47.828,13.636,NA,0,0,0,41.186
425,4,18,481.061,609.848,13200.44,2,255,49.344,15.152,NA,1.515,0.005,-90,-90
426,4,19,481.061,597.222,13500.45,2,255,61.97,27.778,NA,12.626,0.042,-90,0
427,4,20,481.061,597.222,13800.46,2,255,61.97,27.778,NA,0,0,0,90
428,4,21,481.061,601.263,14100.47,2,255,66.01,23.737,NA,4.04,0.013,90,90
429,4,22,481.061,601.263,14400.48,2,255,66.01,23.737,NA,0,0,0,-90
430,4,23,481.061,601.263,14700.49,2,255,66.01,23.737,NA,0,0,0,0
431,4,24,476.515,602.778,15000.5,2,255,70.802,22.682,NA,4.791,0.016,161.565,161.565
432,4,25,476.515,602.778,15300.51,2,255,70.802,22.682,NA,0,0,0,-161.565
433,4,26,476.515,605.808,15600.521,2,255,73.832,19.723,NA,3.03,0.01,90,90
434,4,27,476.515,605.808,15900.531,2,255,73.832,19.723,NA,0,0,0,-90
435,4,28,482.071,608.838,16200.541,2,255,80.16,16.193,NA,6.328,0.021,28.61,28.61
436,4,29,485.101,614.899,16500.551,2,255,86.936,10.879,NA,6.776,0.023,63.435,34.824
437,4,30,491.162,614.899,16800.561,2,255,92.997,14.285,NA,6.061,0.02,0,-63.435
438,4,31,497.727,616.919,17100.571,2,255,99.866,18.522,NA,6.869,0.023,17.103,17.103
439,4,32,497.727,616.919,17400.581,2,255,99.866,18.522,NA,0,0,0,-17.103
440,4,33,493.182,618.939,17700.591,2,255,104.84,13.552,NA,4.974,0.017,156.038,156.038
441,4,34,490.152,623.99,18000.601,2,255,110.73,9.147,NA,5.89,0.02,120.964,-35.074
442,4,35,486.111,623.99,18300.611,2,255,114.771,5.151,NA,4.04,0.013,180,59.036
443,4,36,486.111,632.576,18600.621,2,255,123.356,9.105,NA,8.586,0.029,90,-90
444,4,37,486.111,632.576,18900.631,2,255,123.356,9.105,NA,0,0,0,-90
445,4,38,484.091,632.576,19200.641,2,255,125.377,8.159,NA,2.02,0.007,180,180
446,4,39,479.04,631.566,19500.651,2,255,130.527,6.869,NA,5.151,0.017,-168.69,11.31
447,4,40,475.505,630.556,19800.661,2,255,134.204,7.857,NA,3.677,0.012,-164.055,4.635
448,4,41,475.505,621.97,20100.671,2,255,142.79,6.328,NA,8.586,0.029,-90,74.055
449,4,42,474.495,617.424,20400.681,2,255,147.446,10.025,NA,4.656,0.016,-102.529,-12.529
450,4,43,474.495,616.919,20700.691,2,255,147.951,10.412,NA,0.505,0.002,-90,12.529
451,4,44,466.919,616.919,21000.701,2,255,155.527,16.287,NA,7.576,0.025,180,-90
452,4,45,466.414,610.354,21300.711,2,255,162.112,20.713,NA,6.585,0.022,-94.399,85.601
453,4,46,466.414,610.354,21600.721,2,255,162.112,20.713,NA,0,0,0,94.399
454,4,47,459.848,610.354,21900.731,2,255,168.678,25.777,NA,6.566,0.022,180,180
455,4,48,459.848,610.354,22200.741,2,255,168.678,25.777,NA,0,0,0,-180
456,4,49,450.253,597.727,22500.751,2,255,184.537,41.145,NA,15.859,0.053,-127.235,-127.235
457,4,50,446.212,594.192,22800.761,2,255,189.905,46.514,NA,5.369,0.018,-138.814,-11.579
458,4,51,444.697,594.192,23100.771,2,255,191.42,47.66,NA,1.515,0.005,180,-41.186
459,4,52,444.192,594.192,23400.781,2,255,191.926,48.046,NA,0.505,0.002,180,0
460,4,53,444.192,594.192,23700.791,2,255,191.926,48.046,NA,0,0,0,-180
461,4,54,439.141,593.687,24000.801,2,255,197.001,52.323,NA,5.076,0.017,-174.289,-174.289
462,4,55,429.545,591.667,24300.811,2,255,206.808,61.359,NA,9.806,0.033,-168.111,6.178
463,4,56,429.545,584.596,24600.821,2,255,213.878,65.47,NA,7.071,0.024,-90,78.111
464,4,57,429.545,584.596,24900.831,2,255,213.878,65.47,NA,0,0,0,90
465,4,58,429.545,579.545,25200.841,2,255,218.929,68.702,NA,5.051,0.017,-90,-90
466,4,59,428.03,578.03,25500.851,2,255,221.071,70.84,NA,2.143,0.007,-135,-45
467,4,60,425,573.485,25800.861,2,255,226.534,76.135,NA,5.463,0.018,-123.69,11.31
468,4,61,419.949,570.96,26100.871,2,255,232.181,81.578,NA,5.647,0.019,-153.435,-29.745
469,4,62,419.949,570.96,26400.881,2,255,232.181,81.578,NA,0,0,0,153.435
470,4,63,413.384,570.96,26700.891,2,255,238.747,86.605,NA,6.566,0.022,180,180
471,4,64,409.343,570.96,27000.901,2,255,242.787,89.798,NA,4.04,0.013,180,0
472,4,65,397.727,570.96,27300.911,2,255,254.403,99.322,NA,11.616,0.039,180,0
473,4,66,380.556,571.465,27600.921,2,255,271.582,113.874,NA,17.179,0.057,178.315,-1.685
474,4,67,380.556,571.465,27900.931,2,255,271.582,113.874,NA,0,0,0,-178.315
475,4,68,380.556,571.465,28200.941,2,255,271.582,113.874,NA,0,0,0,0
476,4,69,380.556,571.465,28500.951,2,255,271.582,113.874,NA,0,0,0,0
477,4,70,390.657,571.465,28800.961,2,255,281.683,105.066,NA,10.101,0.034,0,0
478,4,71,390.657,577.525,29100.971,2,255,287.744,102.111,NA,6.061,0.02,90,90
479,4,72,390.657,582.071,29400.981,2,255,292.29,100.079,NA,4.545,0.015,90,0
480,4,73,387.626,581.061,29700.991,2,255,295.484,103.25,NA,3.194,0.011,-161.565,108.435
481,4,74,380.556,581.061,30001.001,2,255,302.554,109.69,NA,7.071,0.024,180,-18.435
482,4,75,378.03,579.545,30301.011,2,255,305.499,112.612,NA,2.945,0.01,-149.036,30.964
483,4,76,378.03,571.465,30601.021,2,255,313.58,116.109,NA,8.081,0.027,-90,59.036
484,4,77,376.515,570.96,30901.031,2,255,315.177,117.687,NA,1.597,0.005,-161.565,-71.565
485,4,78,376.515,567.424,31201.041,2,255,318.713,119.351,NA,3.535,0.012,-90,71.565
486,4,79,375.505,563.889,31501.051,2,255,322.389,121.969,NA,3.677,0.012,-105.945,-15.945
487,4,80,375.505,563.889,31801.061,2,255,322.389,121.969,NA,0,0,0,105.945
488,4,81,375.505,558.333,32101.071,2,255,327.945,124.846,NA,5.556,0.019,-90,-90
489,4,82,369.444,558.838,32401.081,2,255,334.027,129.752,NA,6.082,0.02,175.236,-94.764
490,4,83,349.747,569.444,32701.091,2,255,356.398,142.582,NA,22.371,0.075,151.699,-23.537
491,4,84,345.707,571.465,33001.101,2,255,360.915,145.556,NA,4.517,0.015,153.435,1.736
492,4,85,345.707,571.465,33301.111,2,255,360.915,145.556,NA,0,0,0,-153.435
493,4,86,345.707,571.465,33601.121,2,255,360.915,145.556,NA,0,0,0,0
494,4,87,345.707,567.424,33901.131,2,255,364.955,147.09,NA,4.04,0.013,-90,-90
495,4,88,345.707,567.424,34201.141,2,255,364.955,147.09,NA,0,0,0,90
496,4,89,345.707,567.424,34501.151,2,255,364.955,147.09,NA,0,0,0,0
497,4,90,345.707,567.424,34801.161,2,255,364.955,147.09,NA,0,0,0,0
498,4,91,345.707,567.424,35101.171,2,255,364.955,147.09,NA,0,0,0,0
499,4,92,344.192,567.424,35401.181,2,255,366.47,148.486,NA,1.515,0.005,180,180
500,4,93,337.626,570.96,35701.191,2,255,373.927,153.277,NA,7.457,0.025,151.699,-28.301
501,4,94,329.545,578.03,36001.201,2,255,384.665,158.628,NA,10.738,0.036,138.814,-12.885
502,4,95,329.545,578.03,36301.211,2,255,384.665,158.628,NA,0,0,0,-138.814
503,4,96,321.97,576.01,36601.221,2,12,392.505,166.463,NA,7.84,0.026,-165.069,-165.069
504,4,97,293.182,589.646,36901.231,2,255,424.36,191.176,NA,31.854,0.106,154.654,-40.278
505,4,98,292.677,589.646,37201.241,2,255,424.865,191.672,NA,0.505,0.002,180,25.346
506,4,99,278.03,589.646,37501.251,2,255,439.511,206.085,NA,14.646,0.049,180,0
507,4,100,271.97,589.646,37801.261,2,255,445.572,212.059,NA,6.061,0.02,180,0
508,4,101,271.97,594.697,38101.271,2,255,450.622,211.275,NA,5.051,0.017,90,-90
509,4,102,271.97,598.737,38401.281,2,255,454.663,210.734,NA,4.04,0.013,90,0
510,4,103,271.97,598.737,38701.291,2,255,454.663,210.734,NA,0,0,0,-90
511,4,104,267.424,598.737,39001.301,2,255,459.208,215.245,NA,4.545,0.015,180,180
512,4,105,262.879,596.717,39301.311,2,255,464.182,220.007,NA,4.974,0.017,-156.038,23.962
513,4,106,260.354,591.162,39601.321,2,255,470.285,223.286,NA,6.103,0.02,-114.444,41.594
514,4,107,260.354,591.162,39901.331,2,255,470.285,223.286,NA,0,0,0,114.444
515,4,108,243.182,586.111,40201.341,2,255,488.184,241.037,NA,17.899,0.06,-163.61,-163.61
516,4,109,218.939,569.949,40501.351,2,255,517.32,267.84,NA,29.136,0.097,-146.31,17.301
517,4,110,192.677,557.323,40801.361,2,255,546.46,296.218,NA,29.14,0.097,-154.323,-8.013
518,4,111,185.101,557.323,41101.371,2,255,554.036,303.599,NA,7.576,0.025,180,-25.677
519,4,112,185.101,557.323,41401.381,2,255,554.036,303.599,NA,0,0,0,-180
520,4,113,185.101,557.323,41701.391,2,255,554.036,303.599,NA,0,0,0,0
521,4,114,185.101,566.414,42001.401,2,255,563.126,301.702,NA,9.091,0.03,90,90
522,4,115,185.101,566.414,42301.411,2,255,563.126,301.702,NA,0,0,0,-90
523,4,116,178.03,576.01,42601.421,2,255,575.046,306.965,NA,11.92,0.04,126.384,126.384
524,4,117,166.414,578.535,42901.431,2,255,586.934,318.059,NA,11.887,0.04,167.735,41.351
525,4,118,165.909,578.535,43201.441,2,255,587.439,318.558,NA,0.505,0.002,180,12.265
526,4,119,157.323,563.889,43501.451,2,255,604.416,329.455,NA,16.978,0.057,-120.379,59.621
527,4,120,150.253,552.778,43801.461,2,255,617.586,338.6,NA,13.17,0.044,-122.471,-2.092
528,4,121,135.606,543.687,44101.471,2,255,634.825,354.895,NA,17.238,0.057,-148.173,-25.701
529,4,122,132.576,540.657,44401.481,2,255,639.11,358.546,NA,4.285,0.014,-135,13.173
530,4,123,128.535,539.141,44701.491,2,255,643.425,362.83,NA,4.315,0.014,-159.444,-24.444
531,4,124,128.535,526.515,45001.501,2,255,656.052,366.024,NA,12.626,0.042,-90,69.444
532,4,125,132.071,512.879,45301.511,2,255,670.139,366.558,NA,14.087,0.047,-75.466,14.534
533,4,126,142.677,538.636,45601.521,2,255,697.995,349.231,NA,27.856,0.093,67.62,143.085
534,4,127,129.04,539.646,45901.531,2,255,711.668,362.22,NA,13.674,0.046,175.764,108.144
535,4,128,126.515,537.121,46201.542,2,255,715.239,365.274,NA,3.571,0.012,-135,49.236
536,4,129,115.909,537.121,46501.552,2,255,725.846,375.577,NA,10.606,0.035,180,-45
537,4,130,115.909,537.121,46801.562,2,255,725.846,375.577,NA,0,0,0,-180
538,4,131,138.636,528.535,47101.572,2,255,750.141,355.752,NA,24.295,0.081,-20.695,-20.695
539,4,132,133.081,525,47401.582,2,255,756.726,362.063,NA,6.585,0.022,-147.529,-126.833
540,4,133,125.505,513.889,47701.592,2,255,770.174,372.512,NA,13.448,0.045,-124.287,23.242
541,4,134,110.859,502.778,48001.602,2,255,788.558,389.856,NA,18.384,0.061,-142.815,-18.528
542,4,135,105.808,497.727,48301.612,2,255,795.7,396.248,NA,7.142,0.024,-135,7.815
543,4,136,92.677,517.424,48601.622,2,255,819.373,403.007,NA,23.673,0.079,123.69,-101.31
544,4,137,84.596,512.879,48901.632,2,255,828.644,412.014,NA,9.271,0.031,-150.642,85.668
545,4,138,84.596,512.879,49201.642,2,255,828.644,412.014,NA,0,0,0,150.642
546,4,139,84.596,512.879,49501.652,2,255,828.644,412.014,NA,0,0,0,0
547,4,140,84.596,512.879,49801.662,2,255,828.644,412.014,NA,0,0,0,0
548,4,141,81.061,504.798,50101.672,2,255,837.465,417.67,NA,8.82,0.029,-113.629,-113.629
549,4,142,81.061,504.798,50401.682,2,255,837.465,417.67,NA,0,0,0,113.629
550,4,143,78.03,498.737,50701.692,2,255,844.241,422.345,NA,6.776,0.023,-116.565,-116.565
551,4,144,78.03,483.586,51001.702,2,255,859.392,427.12,NA,15.152,0.051,-90,26.565
552,4,145,80.556,489.646,51301.712,2,255,865.958,422.759,NA,6.566,0.022,67.38,157.38
553,4,146,80.556,489.646,51601.722,2,255,865.958,422.759,NA,0,0,0,-67.38
554,4,147,78.535,497.727,51901.732,2,255,874.287,422.167,NA,8.33,0.028,104.036,104.036
555,4,148,71.465,505.303,52201.742,2,255,884.65,426.727,NA,10.363,0.035,133.025,28.989
556,4,149,46.212,497.727,52501.752,2,33,911.015,453.091,NA,26.364,0.088,-163.301,63.674
557,4,150,40.152,492.172,52801.762,2,255,919.236,460.483,NA,8.222,0.027,-137.49,25.811
558,4,151,35.101,485.606,53101.772,2,255,927.52,467.237,NA,8.283,0.028,-127.569,9.921
559,4,152,31.566,476.515,53401.782,2,183,937.274,473.385,NA,9.754,0.033,-111.251,16.318
560,4,153,41.162,473.485,53701.792,2,255,947.337,465.261,NA,10.063,0.034,-17.526,93.725
561,4,154,49.242,483.081,54001.802,2,255,959.882,454.542,NA,12.545,0.042,49.899,67.425
562,4,155,48.737,474.495,54301.812,2,255,968.483,457.772,NA,8.601,0.029,-93.366,-143.266
563,4,156,45.202,474.495,54601.822,2,255,972.018,461.112,NA,3.535,0.012,180,-86.634
564,4,157,39.646,474.495,54901.832,2,255,977.574,466.367,NA,5.556,0.019,180,0
565,4,158,45.202,467.929,55201.842,2,255,986.174,463.297,NA,8.601,0.029,-49.764,130.236
566,4,159,43.687,467.929,55501.852,2,255,987.69,464.722,NA,1.515,0.005,180,-130.236
567,4,160,38.131,467.929,55801.862,2,255,993.245,469.955,NA,5.556,0.019,180,0
568,4,161,38.131,466.414,56101.872,2,255,994.76,470.463,NA,1.515,0.005,-90,90
569,4,162,31.061,473.99,56401.882,2,255,1005.123,474.662,NA,10.363,0.035,133.025,-136.975
570,4,163,30.556,473.99,56701.892,2,255,1005.628,475.141,NA,0.505,0.002,180,46.975
571,4,164,30.556,473.99,57001.902,2,255,1005.628,475.141,NA,0,0,0,-180
572,4,165,20.455,479.545,57301.912,2,255,1017.156,483.027,NA,11.528,0.038,151.189,151.189
573,4,166,16.919,487.121,57601.922,2,255,1025.516,484.188,NA,8.36,0.028,115.017,-36.172
574,4,167,16.919,507.323,57901.932,2,255,1045.718,478.827,NA,20.202,0.067,90,-25.017
575,4,168,9.848,553.788,58201.942,2,255,1092.718,476.563,NA,47,0.157,98.653,8.653
576,4,169,2.778,563.384,58501.952,2,255,1104.637,482.235,NA,11.92,0.04,126.384,27.732
577,4,170,1.768,567.929,58801.962,2,255,1109.294,482.679,NA,4.656,0.016,102.529,-23.856
578,5,1,592.172,1068.939,12900.43,2,72,0,0,NA,NA,NA,NA,NA
579,5,2,591.162,1076.01,13200.44,2,191,7.142,7.142,NA,7.142,0.024,98.13,NA
580,5,3,591.162,1076.01,13500.45,2,194,7.142,7.142,NA,0,0,0,-98.13
581,5,4,591.162,1076.01,13800.46,2,245,7.142,7.142,NA,0,0,0,0
582,5,5,584.596,1076.01,14100.47,2,166,13.708,10.363,NA,6.566,0.022,180,180
583,5,6,584.596,1076.01,14400.48,2,191,13.708,10.363,NA,0,0,0,-180
584,5,7,585.101,1081.061,14700.49,2,165,18.784,14.033,NA,5.076,0.017,84.289,84.289
585,5,8,585.101,1091.667,15000.5,2,108,29.39,23.802,NA,10.606,0.035,90,5.711
586,5,9,585.101,1091.667,15300.51,2,211,29.39,23.802,NA,0,0,0,-90
587,5,10,585.101,1091.667,15600.521,2,94,29.39,23.802,NA,0,0,0,0
588,5,11,585.101,1093.182,15900.531,2,139,30.905,25.253,NA,1.515,0.005,90,90
589,5,12,585.101,1103.283,16200.541,2,173,41.006,35.064,NA,10.101,0.034,90,0
590,5,13,578.03,1103.283,16500.551,2,140,48.077,37.141,NA,7.071,0.024,180,90
591,5,14,568.434,1103.283,16800.561,2,255,57.673,41.748,NA,9.596,0.032,180,0
592,5,15,566.414,1111.364,17100.571,2,97,66.002,49.631,NA,8.33,0.028,104.036,-75.964
593,5,16,566.414,1111.364,17400.581,2,195,66.002,49.631,NA,0,0,0,-104.036
594,5,17,566.414,1111.364,17700.591,2,244,66.002,49.631,NA,0,0,0,0
595,5,18,553.283,1111.364,18000.601,2,230,79.134,57.551,NA,13.131,0.044,180,180
596,5,19,553.283,1111.364,18300.611,2,255,79.134,57.551,NA,0,0,0,-180
597,5,20,548.737,1109.343,18600.621,2,255,84.108,59.321,NA,4.974,0.017,-156.038,-156.038
598,5,21,546.717,1109.343,18900.631,2,255,86.128,60.816,NA,2.02,0.007,180,-23.962
599,5,22,537.626,1121.465,19200.641,2,255,101.279,75.724,NA,15.152,0.051,126.87,-53.13
600,5,23,526.515,1126.01,19500.651,2,219,113.284,86.993,NA,12.005,0.04,157.751,30.881
601,5,24,526.515,1126.01,19800.661,2,226,113.284,86.993,NA,0,0,0,-157.751
602,5,25,526.515,1126.01,20100.671,2,255,113.284,86.993,NA,0,0,0,0
603,5,26,526.515,1126.01,20400.681,2,194,113.284,86.993,NA,0,0,0,0
604,5,27,526.515,1126.01,20700.691,2,168,113.284,86.993,NA,0,0,0,0
605,5,28,519.444,1126.515,21000.701,2,255,120.373,92.759,NA,7.089,0.024,175.914,175.914
606,5,29,508.333,1130.051,21300.711,2,255,132.033,103.747,NA,11.66,0.039,162.35,-13.565
607,5,30,498.737,1130.051,21600.721,2,165,141.629,111.645,NA,9.596,0.032,180,17.65
608,5,31,498.737,1130.051,21900.731,2,151,141.629,111.645,NA,0,0,0,-180
609,5,32,501.263,1135.101,22200.741,2,255,147.276,112.436,NA,5.647,0.019,63.435,63.435
610,5,33,501.263,1143.182,22500.751,2,255,155.356,117.373,NA,8.081,0.027,90,26.565
611,5,34,489.141,1148.232,22800.761,2,212,168.488,130.01,NA,13.131,0.044,157.38,67.38
612,5,35,489.141,1148.232,23100.771,2,255,168.488,130.01,NA,0,0,0,-157.38
613,5,36,489.141,1156.818,23400.781,2,255,177.074,135.418,NA,8.586,0.029,90,90
614,5,37,489.141,1166.414,23700.791,2,158,186.67,141.833,NA,9.596,0.032,90,0
615,5,38,485.101,1168.939,24000.801,2,188,191.434,146.506,NA,4.765,0.016,147.995,57.995
616,5,39,484.596,1172.475,24300.811,2,231,195.005,149.305,NA,3.571,0.012,98.13,-49.865
617,5,40,481.566,1181.566,24600.821,2,222,204.588,157.856,NA,9.583,0.032,108.435,10.305
618,5,41,476.01,1190.152,24900.831,2,209,214.815,167.887,NA,10.226,0.034,122.905,14.47
619,5,42,475.505,1203.788,25200.841,2,174,228.46,178.312,NA,13.646,0.045,92.121,-30.784
620,5,43,468.434,1205.808,25500.851,2,138,235.814,184.51,NA,7.354,0.025,164.055,71.934
621,5,44,465.909,1205.808,25800.861,2,235,238.339,186.213,NA,2.525,0.008,180,15.945
622,5,45,458.333,1205.808,26100.871,2,245,245.915,191.431,NA,7.576,0.025,180,0
623,5,46,450.253,1211.869,26400.881,2,114,256.016,201.42,NA,10.101,0.034,143.13,-36.87
624,5,47,437.121,1224.495,26700.891,2,85,274.233,219.632,NA,18.217,0.061,136.123,-7.007
625,5,48,429.04,1228.535,27000.901,2,185,283.267,228.216,NA,9.035,0.03,153.435,17.312
626,5,49,415.404,1233.586,27300.911,2,152,297.809,241.568,NA,14.542,0.048,159.677,6.242
627,5,50,415.404,1233.586,27600.921,2,242,297.809,241.568,NA,0,0,0,-159.677
628,5,51,415.404,1235.101,27900.931,2,197,299.324,242.604,NA,1.515,0.005,90,90
629,5,52,407.828,1236.616,28200.941,2,250,307.05,249.195,NA,7.726,0.026,168.69,78.69
630,5,53,407.828,1236.616,28500.951,2,171,307.05,249.195,NA,0,0,0,-168.69
631,5,54,407.323,1236.616,28800.961,2,244,307.555,249.569,NA,0.505,0.002,180,180
632,5,55,404.293,1236.616,29100.971,2,227,310.585,251.821,NA,3.03,0.01,180,0
633,5,56,391.667,1240.152,29400.981,2,255,323.697,263.659,NA,13.112,0.044,164.358,-15.642
634,5,57,391.667,1240.152,29700.991,2,255,323.697,263.659,NA,0,0,0,-164.358
635,5,58,391.667,1247.222,30001.001,2,255,330.768,268.304,NA,7.071,0.024,90,90
636,5,59,389.646,1248.232,30301.011,2,207,333.027,270.486,NA,2.259,0.008,153.435,63.435
637,5,60,382.071,1244.697,30601.021,2,170,341.387,273.922,NA,8.36,0.028,-154.983,51.582
638,5,61,382.071,1244.192,30901.031,2,226,341.892,273.598,NA,0.505,0.002,-90,64.983
639,5,62,380.556,1235.606,31201.041,2,242,350.61,269.368,NA,8.719,0.029,-100.008,-10.008
640,5,63,380.556,1234.596,31501.051,2,255,351.62,268.744,NA,1.01,0.003,-90,10.008
641,5,64,380.556,1228.03,31801.061,2,250,358.186,264.748,NA,6.566,0.022,-90,0
642,5,65,380.556,1228.03,32101.071,2,217,358.186,264.748,NA,0,0,0,90
643,5,66,380.556,1230.556,32401.081,2,212,360.711,266.273,NA,2.525,0.008,90,90
644,5,67,369.949,1236.111,32701.091,2,255,372.684,278.081,NA,11.973,0.04,152.354,62.354
645,5,68,369.949,1236.111,33001.101,2,157,372.684,278.081,NA,0,0,0,-152.354
646,5,69,369.949,1236.111,33301.111,2,215,372.684,278.081,NA,0,0,0,0
647,5,70,376.515,1245.707,33601.121,2,255,384.311,278.845,NA,11.627,0.039,55.62,55.62
648,5,71,381.061,1246.212,33901.131,2,255,388.885,275.669,NA,4.573,0.015,6.34,-49.279
649,5,72,381.061,1246.212,34201.141,2,142,388.885,275.669,NA,0,0,0,-6.34
650,5,73,381.061,1246.212,34501.151,2,208,388.885,275.669,NA,0,0,0,0
651,5,74,381.061,1246.212,34801.161,2,176,388.885,275.669,NA,0,0,0,0
652,5,75,381.061,1246.212,35101.171,2,210,388.885,275.669,NA,0,0,0,0
653,5,76,381.061,1246.212,35401.181,2,190,388.885,275.669,NA,0,0,0,0
654,5,77,381.061,1246.212,35701.191,2,146,388.885,275.669,NA,0,0,0,0
655,5,78,373.99,1246.212,36001.201,2,184,395.956,281.121,NA,7.071,0.024,180,180
656,5,79,370.96,1246.212,36301.211,2,153,398.986,283.479,NA,3.03,0.01,180,0
657,5,80,364.394,1247.222,36601.221,2,212,405.629,289.253,NA,6.643,0.022,171.254,-8.746
658,5,81,357.828,1252.273,36901.231,2,196,413.912,297.536,NA,8.283,0.028,142.431,-28.822
659,5,82,355.303,1254.293,37201.241,2,78,417.146,300.77,NA,3.234,0.011,141.34,-1.091
660,5,83,355.303,1254.293,37501.251,2,154,417.146,300.77,NA,0,0,0,-141.34
661,5,84,355.303,1254.293,37801.261,2,145,417.146,300.77,NA,0,0,0,0
662,5,85,348.737,1258.838,38101.271,2,146,425.132,308.742,NA,7.986,0.027,145.305,145.305
663,5,86,336.616,1261.364,38401.281,2,138,437.513,319.9,NA,12.381,0.041,168.232,22.927
664,5,87,335.606,1261.364,38701.291,2,225,438.523,320.707,NA,1.01,0.003,180,11.768
665,5,88,335.606,1261.364,39001.301,2,182,438.523,320.707,NA,0,0,0,-180
666,5,89,335.606,1261.364,39301.311,2,168,438.523,320.707,NA,0,0,0,0
667,5,90,319.444,1263.384,39601.321,2,177,454.811,334.946,NA,16.287,0.054,172.875,172.875
668,5,91,316.414,1262.879,39901.331,2,106,457.883,337.127,NA,3.072,0.01,-170.538,16.587
669,5,92,316.414,1262.879,40201.341,2,151,457.883,337.127,NA,0,0,0,170.538
670,5,93,316.414,1262.879,40501.351,2,110,457.883,337.127,NA,0,0,0,0
671,5,94,316.919,1270.96,40801.361,2,195,465.979,341.432,NA,8.097,0.027,86.424,86.424
672,5,95,316.919,1270.96,41101.371,2,158,465.979,341.432,NA,0,0,0,-86.424
673,5,96,316.919,1270.96,41401.381,2,117,465.979,341.432,NA,0,0,0,0
674,5,97,316.919,1270.96,41701.391,2,9,465.979,341.432,NA,0,0,0,0
675,5,98,316.919,1251.263,42001.401,2,67,485.676,330.16,NA,19.697,0.066,-90,-90
676,6,1,656.061,1089.394,5400.18,2,81,0,0,NA,NA,NA,NA,NA
677,6,2,656.061,1093.182,5700.19,2,108,3.788,3.788,NA,3.788,0.013,90,NA
678,6,3,656.061,1093.182,6000.2,2,129,3.788,3.788,NA,0,0,0,-90
679,6,4,656.818,1093.182,6300.21,2,204,4.545,3.863,NA,0.758,0.003,0,0
680,6,5,664.394,1090.152,6600.22,2,84,12.705,8.368,NA,8.159,0.027,-21.801,-21.801
681,6,6,664.394,1098.232,6900.23,2,218,20.786,12.147,NA,8.081,0.027,90,111.801
682,6,7,664.394,1098.232,7200.24,2,249,20.786,12.147,NA,0,0,0,-90
683,6,8,664.394,1098.232,7500.25,2,255,20.786,12.147,NA,0,0,0,0
684,6,9,662.374,1101.263,7800.26,2,255,24.428,13.443,NA,3.642,0.012,123.69,123.69
685,6,10,662.374,1105.303,8100.27,2,215,28.468,17.116,NA,4.04,0.013,90,-33.69
686,6,11,658.838,1108.838,8400.28,2,255,33.468,19.642,NA,5,0.017,135,45
687,6,12,658.838,1110.354,8700.29,2,217,34.983,21.143,NA,1.515,0.005,90,-45
688,6,13,650.253,1115.404,9000.3,2,255,44.944,26.651,NA,9.961,0.033,149.534,59.534
689,6,14,647.727,1125.505,9300.31,2,232,55.356,37.06,NA,10.412,0.035,104.036,-45.498
690,6,15,647.727,1125.505,9600.32,2,243,55.356,37.06,NA,0,0,0,-104.036
691,6,16,651.768,1133.586,9900.33,2,217,64.391,44.4,NA,9.035,0.03,63.435,63.435
692,6,17,651.768,1133.586,10200.34,2,223,64.391,44.4,NA,0,0,0,-63.435
693,6,18,651.768,1133.586,10500.35,2,214,64.391,44.4,NA,0,0,0,0
694,6,19,651.768,1133.586,10800.36,2,185,64.391,44.4,NA,0,0,0,0
695,6,20,651.768,1133.586,11100.37,2,90,64.391,44.4,NA,0,0,0,0
696,6,21,651.768,1133.586,11400.38,2,255,64.391,44.4,NA,0,0,0,0
697,6,22,651.768,1133.586,11700.39,2,161,64.391,44.4,NA,0,0,0,0
698,6,23,654.293,1131.566,12000.4,2,231,67.624,42.209,NA,3.234,0.011,-38.66,-38.66
699,6,24,656.818,1131.566,12300.41,2,218,70.15,42.179,NA,2.525,0.008,0,38.66
700,6,25,656.818,1131.566,12600.42,2,185,70.15,42.179,NA,0,0,0,0
701,6,26,656.818,1131.566,12900.43,2,255,70.15,42.179,NA,0,0,0,0
702,6,27,657.828,1131.566,13200.44,2,255,71.16,42.209,NA,1.01,0.003,0,0
703,6,28,657.828,1139.646,13500.45,2,209,79.241,50.284,NA,8.081,0.027,90,90
704,6,29,657.828,1139.646,13800.46,2,160,79.241,50.284,NA,0,0,0,-90
705,6,30,653.788,1140.657,14100.47,2,193,83.405,51.313,NA,4.165,0.014,165.964,165.964
706,6,31,653.788,1140.657,14400.48,2,210,83.405,51.313,NA,0,0,0,-165.964
707,6,32,644.697,1142.677,14700.49,2,247,92.718,54.481,NA,9.313,0.031,167.471,167.471
708,6,33,635.101,1146.717,15000.5,2,158,103.13,61.035,NA,10.412,0.035,157.166,-10.305
709,6,34,635.101,1157.323,15300.51,2,171,113.736,71.089,NA,10.606,0.035,90,-67.166
710,6,35,635.101,1156.818,15600.521,2,255,114.241,70.607,NA,0.505,0.002,-90,-180
711,6,36,635.101,1156.818,15900.531,2,255,114.241,70.607,NA,0,0,0,90
712,6,37,635.101,1156.818,16200.541,2,255,114.241,70.607,NA,0,0,0,0
713,6,38,635.101,1156.818,16500.551,2,165,114.241,70.607,NA,0,0,0,0
714,6,39,635.101,1165.404,16800.561,2,255,122.827,78.847,NA,8.586,0.029,90,90
715,6,40,635.101,1165.404,17100.571,2,230,122.827,78.847,NA,0,0,0,-90
716,6,41,635.101,1165.404,17400.581,2,152,122.827,78.847,NA,0,0,0,0
717,6,42,633.081,1165.404,17700.591,2,175,124.847,79.408,NA,2.02,0.007,180,180
718,6,43,632.071,1168.939,18000.601,2,126,128.524,83.084,NA,3.677,0.012,105.945,-74.055
719,6,44,623.485,1179.545,18300.611,2,239,142.17,95.857,NA,13.646,0.045,128.991,23.046
720,6,45,618.434,1179.545,18600.621,2,193,147.22,97.688,NA,5.051,0.017,180,51.009
721,6,46,618.434,1179.545,18900.631,2,213,147.22,97.688,NA,0,0,0,-180
722,6,47,613.889,1179.545,19200.641,2,255,151.766,99.528,NA,4.545,0.015,180,180
723,6,48,607.828,1179.545,19500.651,2,184,157.826,102.243,NA,6.061,0.02,180,0
724,6,49,607.828,1179.545,19800.661,2,181,157.826,102.243,NA,0,0,0,-180
725,6,50,603.788,1186.111,20100.671,2,228,165.535,109.939,NA,7.709,0.026,121.608,121.608
726,6,51,603.788,1186.111,20400.681,2,187,165.535,109.939,NA,0,0,0,-121.608
727,6,52,602.273,1186.111,20700.691,2,191,167.051,110.668,NA,1.515,0.005,180,180
728,6,53,600.253,1186.111,21000.701,2,226,169.071,111.664,NA,2.02,0.007,180,0
729,6,54,596.717,1190.152,21300.711,2,170,174.44,116.935,NA,5.369,0.018,131.186,-48.814
730,6,55,581.566,1195.707,21600.721,2,255,190.577,129.815,NA,16.138,0.054,159.864,28.678
731,6,56,581.061,1195.707,21900.731,2,255,191.083,130.106,NA,0.505,0.002,180,20.136
732,6,57,581.061,1195.707,22200.741,2,208,191.083,130.106,NA,0,0,0,-180
733,6,58,581.061,1195.707,22500.751,2,255,191.083,130.106,NA,0,0,0,0
734,6,59,581.061,1195.707,22800.761,2,186,191.083,130.106,NA,0,0,0,0
735,6,60,577.02,1202.778,23100.771,2,197,199.226,138.215,NA,8.144,0.027,119.745,119.745
736,6,61,577.02,1211.869,23400.781,2,235,208.317,145.765,NA,9.091,0.03,90,-29.745
737,6,62,577.02,1211.869,23700.791,2,139,208.317,145.765,NA,0,0,0,-90
738,6,63,577.02,1211.869,24000.801,2,215,208.317,145.765,NA,0,0,0,0
739,6,64,569.949,1211.869,24300.811,2,255,215.388,149.717,NA,7.071,0.024,180,180
740,6,65,560.859,1211.869,24600.821,2,159,224.479,155.124,NA,9.091,0.03,180,0
741,6,66,562.879,1208.333,24900.831,2,255,228.551,151.094,NA,4.072,0.014,-60.255,119.745
742,6,67,562.879,1208.333,25200.841,2,249,228.551,151.094,NA,0,0,0,60.255
743,6,68,562.879,1208.333,25500.851,2,164,228.551,151.094,NA,0,0,0,0
744,6,69,556.313,1205.808,25800.861,2,246,235.585,153.303,NA,7.035,0.023,-158.962,-158.962
745,6,70,554.293,1209.343,26100.871,2,160,239.657,157.304,NA,4.072,0.014,119.745,-81.293
746,6,71,554.293,1213.384,26400.881,2,214,243.697,160.406,NA,4.04,0.013,90,-29.745
747,6,72,554.293,1218.939,26700.891,2,255,249.253,164.738,NA,5.556,0.019,90,0
748,6,73,549.747,1239.141,27000.901,2,199,269.96,183.649,NA,20.707,0.069,102.68,12.68
749,6,74,548.737,1243.687,27300.911,2,197,274.616,187.948,NA,4.656,0.016,102.529,-0.152
750,6,75,552.273,1242.172,27600.921,2,250,278.463,184.697,NA,3.846,0.013,-23.199,-125.727
751,6,76,548.737,1242.172,27900.931,2,179,281.998,186.707,NA,3.535,0.012,180,-156.801
752,6,77,545.707,1242.172,28200.941,2,255,285.028,188.465,NA,3.03,0.01,180,0
753,6,78,545.202,1242.172,28500.951,2,245,285.533,188.761,NA,0.505,0.002,180,0
754,6,79,540.657,1242.172,28800.961,2,255,290.079,191.466,NA,4.545,0.015,180,0
755,6,80,540.657,1248.232,29100.971,2,154,296.139,196.336,NA,6.061,0.02,90,-90
756,6,81,540.657,1248.232,29400.981,2,159,296.139,196.336,NA,0,0,0,-90
757,6,82,540.657,1248.232,29700.991,2,251,296.139,196.336,NA,0,0,0,0
758,6,83,524.495,1253.283,30001.001,2,219,313.072,210.164,NA,16.932,0.056,162.646,162.646
759,6,84,523.485,1253.283,30301.011,2,225,314.082,210.798,NA,1.01,0.003,180,17.354
760,6,85,523.485,1257.323,30601.021,2,229,318.122,213.955,NA,4.04,0.013,90,-90
761,6,86,519.444,1257.323,30901.031,2,255,322.163,216.481,NA,4.04,0.013,180,90
762,6,87,519.444,1257.323,31201.041,2,201,322.163,216.481,NA,0,0,0,-180
763,6,88,509.848,1267.929,31501.051,2,225,336.466,230.766,NA,14.303,0.048,132.138,132.138
764,6,89,509.848,1267.929,31801.061,2,255,336.466,230.766,NA,0,0,0,-132.138
765,6,90,525.505,1262.374,32101.071,2,255,353.079,216.718,NA,16.613,0.055,-19.537,-19.537
766,6,91,527.02,1262.374,32401.081,2,255,354.594,215.809,NA,1.515,0.005,0,19.537
767,6,92,527.02,1262.374,32701.091,2,255,354.594,215.809,NA,0,0,0,0
768,6,93,527.02,1262.374,33001.101,2,193,354.594,215.809,NA,0,0,0,0
769,6,94,527.02,1262.374,33301.111,2,206,354.594,215.809,NA,0,0,0,0
770,6,95,527.02,1262.374,33601.121,2,255,354.594,215.809,NA,0,0,0,0
771,6,96,527.02,1262.374,33901.131,2,153,354.594,215.809,NA,0,0,0,0
772,6,97,521.465,1262.374,34201.141,2,174,360.149,219.176,NA,5.556,0.019,180,180
773,6,98,521.465,1262.374,34501.151,2,212,360.149,219.176,NA,0,0,0,-180
774,6,99,515.404,1262.374,34801.161,2,244,366.21,222.949,NA,6.061,0.02,180,180
775,6,100,509.343,1260.859,35101.171,2,248,372.457,225.668,NA,6.247,0.021,-165.964,14.036
776,6,101,509.343,1258.333,35401.181,2,255,374.982,223.755,NA,2.525,0.008,-90,75.964
777,6,102,510.354,1258.333,35701.191,2,193,375.992,223.094,NA,1.01,0.003,0,90
778,6,103,510.354,1265.404,36001.201,2,246,383.063,228.495,NA,7.071,0.024,90,90
779,6,104,510.354,1265.404,36301.211,2,199,383.063,228.495,NA,0,0,0,-90
780,6,105,510.354,1265.404,36601.221,2,255,383.063,228.495,NA,0,0,0,0
781,6,106,510.354,1265.404,36901.231,2,255,383.063,228.495,NA,0,0,0,0
782,6,107,510.354,1265.404,37201.241,2,255,383.063,228.495,NA,0,0,0,0
783,6,108,505.303,1269.949,37501.251,2,255,389.858,235.219,NA,6.795,0.023,138.013,138.013
784,6,109,504.798,1269.949,37801.261,2,255,390.363,235.543,NA,0.505,0.002,180,41.987
785,6,110,504.798,1271.97,38101.271,2,205,392.383,237.096,NA,2.02,0.007,90,-90
786,6,111,509.848,1275,38401.281,2,255,398.273,236.279,NA,5.89,0.02,30.964,-59.036
787,6,112,515.404,1282.071,38701.291,2,255,407.265,238.555,NA,8.992,0.03,51.843,20.879
788,6,113,515.404,1282.071,39001.301,2,255,407.265,238.555,NA,0,0,0,-51.843
789,6,114,515.404,1284.596,39301.311,2,242,409.79,240.599,NA,2.525,0.008,90,90
790,6,115,518.434,1288.131,39601.321,2,241,414.447,241.739,NA,4.656,0.016,49.399,-40.601
791,6,116,521.465,1292.172,39901.331,2,145,419.497,243.382,NA,5.051,0.017,53.13,3.731
792,6,117,521.465,1292.172,40201.341,2,209,419.497,243.382,NA,0,0,0,-53.13
793,6,118,523.485,1296.212,40501.351,2,172,424.015,245.663,NA,4.517,0.015,63.435,63.435
794,6,119,523.485,1296.212,40801.361,2,255,424.015,245.663,NA,0,0,0,-63.435
795,6,120,523.485,1296.212,41101.371,2,199,424.015,245.663,NA,0,0,0,0
796,6,121,523.99,1298.737,41401.381,2,196,426.59,247.522,NA,2.575,0.009,78.69,78.69
797,6,122,523.99,1303.283,41701.391,2,179,431.135,251.378,NA,4.545,0.015,90,11.31
798,6,123,523.99,1303.283,42001.401,2,58,431.135,251.378,NA,0,0,0,-90
799,6,124,532.071,1311.364,42301.411,2,173,442.563,254.252,NA,11.428,0.038,45,45
800,6,125,532.071,1318.434,42601.421,2,139,449.634,260.448,NA,7.071,0.024,90,45
801,6,126,532.071,1318.434,42901.431,2,123,449.634,260.448,NA,0,0,0,-90
802,6,127,532.071,1318.434,43201.441,2,109,449.634,260.448,NA,0,0,0,0
803,6,128,532.071,1318.434,43501.451,2,193,449.634,260.448,NA,0,0,0,0
804,6,129,531.061,1319.949,43801.461,2,235,451.455,262.261,NA,1.821,0.006,123.69,123.69
805,6,130,525.505,1321.97,44101.471,2,72,457.366,266.714,NA,5.911,0.02,160.017,36.327
806,6,131,521.465,1325,44401.481,2,113,462.417,271.342,NA,5.051,0.017,143.13,-16.887
807,6,132,516.919,1326.01,44701.491,2,187,467.073,274.495,NA,4.656,0.016,167.471,24.341
808,6,133,513.889,1331.566,45001.501,2,143,473.401,280.82,NA,6.328,0.021,118.61,-48.861
809,6,134,507.828,1346.212,45301.511,2,159,489.252,296.527,NA,15.851,0.053,112.479,-6.131
810,6,135,500.253,1359.343,45601.521,2,100,504.412,311.687,NA,15.16,0.051,119.982,7.502
811,6,136,489.141,1376.515,45901.531,2,167,524.865,332.115,NA,20.453,0.068,122.905,2.924
812,6,137,470.455,1395.202,46201.542,2,44,551.293,357.726,NA,26.427,0.088,135,12.095
813,6,138,467.929,1405.808,46501.552,2,255,562.195,368.119,NA,10.903,0.036,103.392,-31.608
814,6,139,465.909,1406.313,46801.562,2,182,564.277,369.588,NA,2.082,0.007,165.964,62.571
815,6,140,460.354,1430.051,47101.572,2,215,588.656,392.872,NA,24.379,0.081,103.173,-62.791
816,6,141,460.354,1437.121,47401.582,2,53,595.727,399.018,NA,7.071,0.024,90,-13.173
817,6,142,461.869,1434.596,47701.592,2,123,598.672,396.074,NA,2.945,0.01,-59.036,-149.036
818,6,143,465.404,1432.071,48001.602,2,249,603.016,392.144,NA,4.345,0.014,-35.538,23.499
819,6,144,465.404,1430.051,48301.612,2,253,605.037,390.38,NA,2.02,0.007,-90,-54.462
820,6,145,465.404,1430.051,48601.622,2,255,605.037,390.38,NA,0,0,0,90
821,6,146,466.919,1430.051,48901.632,2,251,606.552,389.643,NA,1.515,0.005,0,0
822,6,147,466.919,1430.051,49201.642,2,255,606.552,389.643,NA,0,0,0,0
823,6,148,466.919,1430.051,49501.652,2,255,606.552,389.643,NA,0,0,0,0
824,6,149,462.879,1430.051,49801.662,2,112,610.592,391.62,NA,4.04,0.013,180,180
825,6,150,460.354,1430.051,50101.672,2,249,613.117,392.872,NA,2.525,0.008,180,0
826,6,151,460.354,1430.051,50401.682,2,255,613.117,392.872,NA,0,0,0,-180
827,6,152,460.354,1430.051,50701.692,2,255,613.117,392.872,NA,0,0,0,0
828,6,153,460.354,1430.051,51001.702,2,255,613.117,392.872,NA,0,0,0,0
829,6,154,456.313,1430.051,51301.712,2,255,617.158,394.9,NA,4.04,0.013,180,180
830,6,155,456.313,1430.051,51601.722,2,244,617.158,394.9,NA,0,0,0,-180
831,6,156,456.313,1430.051,51901.732,2,255,617.158,394.9,NA,0,0,0,0
832,6,157,456.313,1430.051,52201.742,2,224,617.158,394.9,NA,0,0,0,0
833,6,158,456.313,1430.051,52501.752,2,197,617.158,394.9,NA,0,0,0,0
834,6,159,456.313,1430.051,52801.762,2,255,617.158,394.9,NA,0,0,0,0
835,6,160,456.313,1430.051,53101.772,2,255,617.158,394.9,NA,0,0,0,0
836,6,161,453.788,1428.535,53401.782,2,213,620.103,394.881,NA,2.945,0.01,-149.036,-149.036
837,6,162,453.788,1428.535,53701.792,2,255,620.103,394.881,NA,0,0,0,149.036
838,6,163,458.838,1428.535,54001.802,2,212,625.153,392.318,NA,5.051,0.017,0,0
839,6,164,461.869,1433.586,54301.812,2,255,631.043,395.194,NA,5.89,0.02,59.036,59.036
840,6,165,461.869,1435.101,54601.822,2,255,632.558,396.515,NA,1.515,0.005,90,30.964
841,6,166,461.869,1435.101,54901.832,2,255,632.558,396.515,NA,0,0,0,-90
842,6,167,463.384,1434.596,55201.842,2,255,634.155,395.334,NA,1.597,0.005,-18.435,-18.435
843,6,168,463.384,1434.596,55501.852,2,232,634.155,395.334,NA,0,0,0,18.435
844,6,169,463.384,1434.596,55801.862,2,208,634.155,395.334,NA,0,0,0,0
845,6,170,463.889,1438.636,56101.872,2,255,638.227,398.623,NA,4.072,0.014,82.875,82.875
846,6,171,467.424,1438.636,56401.882,2,255,641.763,396.931,NA,3.535,0.012,0,-82.875
847,6,172,471.465,1438.636,56701.892,2,182,645.803,395.027,NA,4.04,0.013,0,0
848,6,173,477.02,1438.131,57001.902,2,255,651.382,392.012,NA,5.578,0.019,-5.194,-5.194
849,6,174,477.02,1438.131,57301.912,2,166,651.382,392.012,NA,0,0,0,5.194
850,6,175,488.131,1438.131,57601.922,2,250,662.493,387.063,NA,11.111,0.037,0,0
851,6,176,490.657,1438.131,57901.932,2,246,665.018,385.974,NA,2.525,0.008,0,0
852,6,177,493.687,1441.162,58201.942,2,253,669.303,387.435,NA,4.285,0.014,45,45
853,6,178,493.687,1441.162,58501.952,2,240,669.303,387.435,NA,0,0,0,-45
854,6,179,495.202,1445.707,58801.962,2,254,674.095,390.941,NA,4.791,0.016,71.565,71.565
855,6,180,495.202,1449.747,59101.972,2,196,678.135,394.627,NA,4.04,0.013,90,18.435
856,6,181,483.081,1449.747,59401.982,2,193,690.256,399.721,NA,12.121,0.04,180,90
857,6,182,475,1449.747,59701.992,2,253,698.337,403.284,NA,8.081,0.027,180,0
858,6,183,474.495,1446.212,60002.002,2,223,701.908,400.356,NA,3.571,0.012,-98.13,81.87
859,6,184,468.939,1446.212,60302.012,2,255,707.464,402.906,NA,5.556,0.019,180,-81.87
860,6,185,468.939,1446.717,60602.022,2,255,707.969,403.354,NA,0.505,0.002,90,-90
861,6,186,468.939,1447.222,60902.032,2,255,708.474,403.801,NA,0.505,0.002,90,0
862,6,187,454.293,1447.222,61202.042,2,222,723.12,410.793,NA,14.646,0.049,180,90
863,6,188,453.788,1447.222,61502.052,2,205,723.626,411.042,NA,0.505,0.002,180,0
864,6,189,453.788,1447.222,61802.062,2,237,723.626,411.042,NA,0,0,0,-180
865,6,190,453.788,1447.222,62102.072,2,194,723.626,411.042,NA,0,0,0,0
866,6,191,453.788,1447.222,62402.082,2,255,723.626,411.042,NA,0,0,0,0
867,6,192,453.788,1447.222,62702.092,2,254,723.626,411.042,NA,0,0,0,0
868,6,193,453.788,1447.222,63002.102,2,171,723.626,411.042,NA,0,0,0,0
869,6,194,453.788,1447.222,63302.112,2,164,723.626,411.042,NA,0,0,0,0
870,6,195,451.768,1452.778,63602.122,2,246,729.537,416.873,NA,5.911,0.02,109.983,109.983
871,6,196,448.737,1460.859,63902.132,2,172,738.167,425.404,NA,8.63,0.029,110.556,0.573
872,6,197,448.737,1460.859,64202.142,2,209,738.167,425.404,NA,0,0,0,-110.556
873,6,198,448.737,1460.859,64502.152,2,208,738.167,425.404,NA,0,0,0,0
874,6,199,448.737,1460.859,64802.162,2,238,738.167,425.404,NA,0,0,0,0
875,6,200,437.626,1460.859,65102.172,2,254,749.278,430.929,NA,11.111,0.037,180,180
876,6,201,437.626,1460.859,65402.182,2,235,749.278,430.929,NA,0,0,0,-180
877,6,202,437.626,1460.859,65702.192,2,199,749.278,430.929,NA,0,0,0,0
878,6,203,437.626,1465.909,66002.202,2,255,754.329,435.29,NA,5.051,0.017,90,90
879,6,204,437.626,1465.909,66302.212,2,255,754.329,435.29,NA,0,0,0,-90
880,6,205,437.626,1465.909,66602.222,2,227,754.329,435.29,NA,0,0,0,0
881,6,206,437.626,1465.909,66902.232,2,207,754.329,435.29,NA,0,0,0,0
882,6,207,437.626,1465.909,67202.242,2,124,754.329,435.29,NA,0,0,0,0
883,6,208,437.626,1467.424,67502.252,2,148,755.844,436.601,NA,1.515,0.005,90,90
884,6,209,431.566,1470.96,67802.262,2,222,762.86,442.708,NA,7.016,0.023,149.744,59.744
885,6,210,428.03,1470.96,68102.272,2,182,766.396,444.511,NA,3.535,0.012,180,30.256
886,6,211,424.495,1470.96,68402.282,2,218,769.931,446.335,NA,3.535,0.012,180,0
887,6,212,424.495,1470.96,68702.292,2,255,769.931,446.335,NA,0,0,0,-180
888,6,213,424.495,1471.97,69002.302,2,220,770.941,447.199,NA,1.01,0.003,90,90
889,6,214,418.434,1478.535,69302.312,2,255,779.877,455.958,NA,8.935,0.03,132.709,42.709
890,6,215,418.434,1478.535,69602.322,2,248,779.877,455.958,NA,0,0,0,-132.709
891,6,216,418.434,1482.576,69902.332,2,130,783.917,459.411,NA,4.04,0.013,90,90
892,6,217,418.434,1487.121,70202.342,2,249,788.462,463.307,NA,4.545,0.015,90,0
893,6,218,418.434,1487.121,70502.352,2,162,788.462,463.307,NA,0,0,0,-90
894,6,219,415.909,1495.707,70802.362,2,133,797.412,471.978,NA,8.95,0.03,106.39,106.39
895,6,220,410.859,1503.788,71102.372,2,210,806.941,481.504,NA,9.529,0.032,122.005,15.616
896,6,221,408.838,1503.788,71402.382,2,153,808.961,482.536,NA,2.02,0.007,180,57.995
897,6,222,397.222,1503.788,71702.392,2,255,820.578,488.589,NA,11.616,0.039,180,0
898,6,224,391.667,1504.798,72002.402,2,221,826.224,492.407,NA,5.647,0.019,169.695,-10.305
899,7,1,673.99,1101.263,14700.49,2,134,0,0,NA,NA,NA,NA,NA
900,7,2,674.495,1107.828,15000.5,2,203,6.585,6.585,NA,6.585,0.022,85.601,NA
901,7,3,674.495,1107.828,15300.51,2,222,6.585,6.585,NA,0,0,0,-85.601
902,7,4,679.04,1107.828,15600.521,2,211,11.131,8.283,NA,4.545,0.015,0,0
903,7,5,683.081,1107.323,15900.531,2,255,15.202,10.926,NA,4.072,0.014,-7.125,-7.125
904,7,6,683.586,1107.323,16200.541,2,215,15.707,11.35,NA,0.505,0.002,0,7.125
905,7,7,690.152,1111.364,16500.551,2,213,23.417,19.059,NA,7.709,0.026,31.608,31.608
906,7,8,698.737,1117.929,16800.561,2,255,34.225,29.836,NA,10.809,0.036,37.405,5.798
907,7,9,702.778,1124.495,17100.571,2,101,41.934,36.993,NA,7.709,0.026,58.392,20.987
908,7,10,710.354,1131.566,17400.581,2,255,52.297,47.335,NA,10.363,0.035,43.025,-15.367
909,7,11,702.273,1131.566,17700.591,2,255,60.378,41.451,NA,8.081,0.027,180,136.975
910,7,12,702.273,1131.566,18000.601,2,224,60.378,41.451,NA,0,0,0,-180
911,7,13,702.273,1131.566,18300.611,2,237,60.378,41.451,NA,0,0,0,0
912,7,14,712.374,1136.111,18600.621,2,177,71.455,51.843,NA,11.077,0.037,24.228,24.228
913,7,15,726.515,1137.626,18900.631,2,180,85.677,63.884,NA,14.222,0.047,6.116,-18.112
914,7,16,726.515,1137.626,19200.641,2,248,85.677,63.884,NA,0,0,0,-6.116
915,7,17,726.515,1137.626,19500.651,2,255,85.677,63.884,NA,0,0,0,0
916,7,18,726.515,1137.626,19800.661,2,255,85.677,63.884,NA,0,0,0,0
917,7,19,723.485,1148.232,20100.671,2,255,96.708,68.234,NA,11.03,0.037,105.945,105.945
918,7,20,723.485,1154.293,20400.681,2,255,102.768,72.539,NA,6.061,0.02,90,-15.945
919,7,21,730.556,1161.364,20700.691,2,252,112.768,82.534,NA,9.999,0.033,45,-45
920,7,22,733.081,1168.939,21000.701,2,255,120.753,89.844,NA,7.986,0.027,71.565,26.565
921,7,23,737.121,1168.939,21300.711,2,187,124.794,92.551,NA,4.04,0.013,0,-71.565
922,7,24,737.121,1168.939,21600.721,2,255,124.794,92.551,NA,0,0,0,0
923,7,25,737.121,1168.939,21900.731,2,255,124.794,92.551,NA,0,0,0,0
924,7,26,737.121,1168.939,22200.741,2,255,124.794,92.551,NA,0,0,0,0
925,7,27,737.626,1168.939,22500.751,2,113,125.299,92.896,NA,0.505,0.002,0,0
926,7,28,750.253,1170.96,22800.761,2,255,138.085,103.313,NA,12.787,0.043,9.09,9.09
927,7,29,762.879,1170.96,23100.771,2,234,150.712,112.955,NA,12.626,0.042,0,-9.09
928,7,30,762.879,1170.96,23400.781,2,169,150.712,112.955,NA,0,0,0,0
929,7,31,766.919,1171.97,23700.791,2,232,154.876,116.77,NA,4.165,0.014,14.036,14.036
930,7,32,772.98,1171.97,24000.801,2,255,160.937,121.649,NA,6.061,0.02,0,-14.036
931,7,33,788.131,1172.475,24300.811,2,228,176.097,134.534,NA,15.16,0.051,1.909,1.909
932,7,34,802.273,1183.081,24600.821,2,228,193.774,152.154,NA,17.677,0.059,36.87,34.961
933,7,35,811.869,1184.596,24900.831,2,67,203.489,161.106,NA,9.715,0.032,8.973,-27.897
934,7,36,822.98,1189.141,25200.841,2,252,215.494,172.976,NA,12.005,0.04,22.249,13.276
935,7,37,822.98,1195.202,25500.851,2,255,221.554,176.132,NA,6.061,0.02,90,67.751
936,7,38,821.465,1198.232,25800.861,2,255,224.942,176.499,NA,3.388,0.011,116.565,26.565
937,7,39,828.535,1195.202,26100.871,2,255,232.635,180.856,NA,7.693,0.026,-23.199,-139.764
938,7,40,835.101,1193.687,26400.881,2,255,239.373,185.739,NA,6.738,0.022,-12.995,10.204
939,7,41,841.162,1191.667,26700.891,2,255,245.761,190.051,NA,6.388,0.021,-18.435,-5.44
940,7,42,841.162,1191.667,27000.901,2,236,245.761,190.051,NA,0,0,0,18.435
941,7,43,844.697,1185.101,27300.911,2,222,253.218,190.184,NA,7.457,0.025,-61.699,-61.699
942,7,44,852.273,1178.03,27600.921,2,244,263.581,194.108,NA,10.363,0.035,-43.025,18.674
943,7,45,867.929,1177.525,27900.931,2,180,279.246,208.395,NA,15.665,0.052,-1.848,41.177
944,7,46,867.929,1177.525,28200.941,2,255,279.246,208.395,NA,0,0,0,1.848
945,7,47,867.929,1177.525,28500.951,2,255,279.246,208.395,NA,0,0,0,0
946,7,48,879.545,1179.04,28800.961,2,240,290.96,219.778,NA,11.715,0.039,7.431,7.431
947,7,49,889.646,1179.04,29100.971,2,255,301.062,229.253,NA,10.101,0.034,0,-7.431
948,7,50,889.141,1179.04,29400.981,2,255,301.567,228.778,NA,0.505,0.002,180,180
949,7,51,894.697,1184.596,29700.991,2,255,309.423,235.915,NA,7.857,0.026,45,-135
950,7,52,918.434,1200.758,30001.001,2,255,338.14,263.917,NA,28.717,0.096,34.249,-10.751
951,7,53,918.434,1200.758,30301.011,2,255,338.14,263.917,NA,0,0,0,-34.249
952,7,54,920.455,1201.768,30601.021,2,255,340.399,266.169,NA,2.259,0.008,26.565,26.565
953,7,55,911.869,1201.768,30901.031,2,129,348.985,258.239,NA,8.586,0.029,180,153.435
954,7,56,900.253,1208.333,31201.041,2,202,362.328,250.318,NA,13.343,0.044,150.524,-29.476
955,7,57,895.202,1219.444,31501.051,2,255,374.533,250.802,NA,12.205,0.041,114.444,-36.08
956,7,58,878.03,1239.646,31801.061,2,255,401.047,246.541,NA,26.514,0.088,130.365,15.921
957,7,59,877.02,1248.737,32101.071,2,143,410.194,250.938,NA,9.147,0.03,96.34,-34.024
958,7,60,877.02,1248.737,32401.081,2,210,410.194,250.938,NA,0,0,0,-96.34
959,7,61,877.02,1248.737,32701.091,2,238,410.194,250.938,NA,0,0,0,0
960,7,62,888.131,1248.737,33001.101,2,255,421.305,260.01,NA,11.111,0.037,0,0
961,7,63,894.192,1252.273,33301.111,2,255,428.321,267.007,NA,7.016,0.023,30.256,30.256
962,7,64,894.192,1252.273,33601.121,2,255,428.321,267.007,NA,0,0,0,-30.256
963,7,65,894.697,1259.848,33901.131,2,255,435.914,271.774,NA,7.593,0.025,86.186,86.186
964,7,66,901.768,1269.444,34201.141,2,252,447.834,283.139,NA,11.92,0.04,53.616,-32.57
965,7,67,904.293,1269.444,34501.151,2,255,450.359,285.175,NA,2.525,0.008,0,-53.616
966,7,68,903.788,1269.444,34801.161,2,255,450.864,284.767,NA,0.505,0.002,180,180
967,7,69,908.333,1272.475,35101.171,2,255,456.327,290.225,NA,5.463,0.018,33.69,-146.31
968,7,70,911.869,1275,35401.181,2,246,460.671,294.569,NA,4.345,0.014,35.538,1.848
969,7,71,912.879,1288.131,35701.191,2,243,473.842,303.295,NA,13.17,0.044,85.601,50.064
970,7,72,912.879,1288.131,36001.201,2,240,473.842,303.295,NA,0,0,0,-85.601
971,7,73,924.495,1295.707,36301.211,2,202,487.71,317.114,NA,13.868,0.046,33.111,33.111
972,7,74,934.091,1301.263,36601.221,2,255,498.798,328.104,NA,11.088,0.037,30.069,-3.043
973,7,75,947.727,1307.323,36901.231,2,240,513.72,342.627,NA,14.923,0.05,23.962,-6.106
974,7,76,947.727,1307.323,37201.241,2,255,513.72,342.627,NA,0,0,0,-23.962
975,7,77,947.727,1316.919,37501.251,2,255,523.316,348.482,NA,9.596,0.032,90,90
976,7,78,948.232,1316.919,37801.261,2,255,523.821,348.879,NA,0.505,0.002,0,-90
977,7,79,956.313,1319.444,38101.271,2,255,532.288,356.805,NA,8.466,0.028,17.354,17.354
978,7,80,948.232,1304.798,38401.281,2,255,549.015,341.519,NA,16.728,0.056,-118.887,-136.241
979,7,81,948.232,1304.798,38701.291,2,255,549.015,341.519,NA,0,0,0,118.887
980,7,82,948.232,1309.848,39001.301,2,255,554.066,344.553,NA,5.051,0.017,90,90
981,7,83,947.727,1313.889,39301.311,2,255,558.138,346.615,NA,4.072,0.014,97.125,7.125
982,7,84,947.727,1321.465,39601.321,2,255,565.713,351.313,NA,7.576,0.025,90,-7.125
983,7,85,944.697,1331.061,39901.331,2,255,575.777,355.091,NA,10.063,0.034,107.526,17.526
984,7,86,945.202,1325,40201.341,2,255,581.858,351.588,NA,6.082,0.02,-85.236,167.238
985,7,87,942.172,1332.071,40501.351,2,255,589.551,353.827,NA,7.693,0.026,113.199,-161.565
986,7,88,934.596,1340.657,40801.361,2,186,601.001,353.871,NA,11.45,0.038,131.424,18.225
987,7,89,923.485,1353.283,41101.371,2,255,617.82,354.629,NA,16.819,0.056,131.348,-0.076
988,7,90,903.788,1366.919,41401.381,2,255,641.777,351.256,NA,23.957,0.08,145.305,13.957
989,7,91,901.263,1375.505,41701.391,2,255,650.726,356.177,NA,8.95,0.03,106.39,-38.915
990,7,92,901.263,1380.051,42001.401,2,255,655.272,359.688,NA,4.545,0.015,90,-16.39
991,7,93,899.242,1391.667,42301.411,2,219,667.062,367.523,NA,11.791,0.039,99.866,9.866
992,7,94,891.667,1416.919,42601.421,2,255,693.427,383.435,NA,26.364,0.088,106.699,6.833
993,7,95,891.667,1423.99,42901.431,2,255,700.497,389.276,NA,7.071,0.024,90,-16.699
994,7,96,892.172,1431.566,43201.441,2,144,708.09,395.858,NA,7.593,0.025,86.186,-3.814
995,7,97,881.061,1457.323,43501.451,2,255,736.142,411.895,NA,28.052,0.094,113.334,27.148
996,7,98,875.505,1459.848,43801.461,2,235,742.244,411.33,NA,6.103,0.02,155.556,42.222
997,7,99,876.01,1468.434,44101.471,2,116,750.845,419.079,NA,8.601,0.029,86.634,-68.923
998,7,100,885.101,1475,44401.481,2,255,762.059,429.241,NA,11.214,0.037,35.838,-50.796
999,7,101,885.101,1475,44701.491,2,197,762.059,429.241,NA,0,0,0,-35.838
1000,7,102,886.111,1475,45001.501,2,255,763.069,429.738,NA,1.01,0.003,0,0
1001,7,103,890.657,1469.444,45301.511,2,255,770.247,427.203,NA,7.178,0.024,-50.711,-50.711
1002,7,104,893.687,1466.414,45601.521,2,255,774.533,426.148,NA,4.285,0.014,-45,5.711
1003,7,105,897.222,1465.404,45901.531,2,226,778.21,427.12,NA,3.677,0.012,-15.945,29.055
1004,7,106,890.152,1483.586,46201.542,2,255,797.718,439.2,NA,19.508,0.065,111.251,127.196
1005,7,107,880.556,1491.667,46501.552,2,255,810.263,441.684,NA,12.545,0.042,139.899,28.649
1006,7,108,877.525,1500.253,46801.562,2,227,819.368,447.906,NA,9.105,0.03,109.44,-30.459
1007,7,109,876.01,1512.374,47101.572,2,255,831.584,458.066,NA,12.216,0.041,97.125,-12.315
1008,7,110,876.515,1521.465,47401.582,2,168,840.689,466.461,NA,9.105,0.03,86.82,-10.305
1009,7,111,876.515,1525,47701.592,2,224,844.224,469.649,NA,3.535,0.012,90,3.18
1010,7,112,869.444,1540.152,48001.602,2,63,860.944,480.443,NA,16.72,0.056,115.017,25.017
1011,7,113,858.838,1542.172,48301.612,2,146,871.741,478.09,NA,10.797,0.036,169.216,54.199
1012,8,1,1072.475,805.303,22500.751,2,58,0,0,NA,NA,NA,NA,NA
1013,8,2,1076.01,800.758,22800.761,2,100,5.758,5.758,NA,5.758,0.019,-52.125,NA
1014,8,3,1076.01,796.212,23100.771,2,244,10.304,9.754,NA,4.545,0.015,-90,-37.875
1015,8,4,1089.141,795.707,23400.781,2,255,23.445,19.232,NA,13.141,0.044,-2.203,87.797
1016,8,5,1100.253,800.758,23700.791,2,158,35.65,28.147,NA,12.205,0.041,24.444,26.647
1017,8,6,1106.818,800.253,24000.801,2,255,42.235,34.713,NA,6.585,0.022,-4.399,-28.843
1018,8,7,1113.889,808.333,24300.811,2,255,52.973,41.525,NA,10.738,0.036,48.814,53.213
1019,8,8,1122.475,805.303,24600.821,2,255,62.078,50,NA,9.105,0.03,-19.44,-68.254
1020,8,9,1124.495,805.303,24900.831,2,255,64.098,52.02,NA,2.02,0.007,0,19.44
1021,8,10,1124.495,805.303,25200.841,2,255,64.098,52.02,NA,0,0,0,0
1022,8,11,1124.495,805.303,25500.851,2,255,64.098,52.02,NA,0,0,0,0
1023,8,12,1124.495,805.303,25800.861,2,255,64.098,52.02,NA,0,0,0,0
1024,8,13,1136.111,808.838,26100.871,2,255,76.24,63.734,NA,12.142,0.04,16.928,16.928
1025,8,14,1154.293,808.838,26400.881,2,255,94.422,81.895,NA,18.182,0.061,0,-16.928
1026,8,15,1154.293,808.838,26700.891,2,255,94.422,81.895,NA,0,0,0,0
1027,8,16,1154.293,814.899,27000.901,2,255,100.482,82.379,NA,6.061,0.02,90,90
1028,8,17,1154.293,818.434,27300.911,2,247,104.018,82.865,NA,3.535,0.012,90,0
1029,8,18,1159.848,818.939,27600.921,2,228,109.596,88.431,NA,5.578,0.019,5.194,-84.806
1030,8,19,1183.081,810.859,27900.931,2,251,134.194,110.745,NA,24.598,0.082,-19.179,-24.373
1031,8,20,1201.263,808.333,28200.941,2,196,152.55,128.824,NA,18.356,0.061,-7.907,11.272
1032,8,21,1201.263,801.263,28500.951,2,255,159.621,128.851,NA,7.071,0.024,-90,-82.093
1033,8,22,1204.293,801.263,28800.961,2,251,162.651,131.88,NA,3.03,0.01,0,90
1034,8,23,1204.293,801.263,29100.971,2,255,162.651,131.88,NA,0,0,0,0
1035,8,24,1213.889,795.707,29400.981,2,255,173.739,141.739,NA,11.088,0.037,-30.069,-30.069
1036,8,25,1213.889,795.707,29700.991,2,242,173.739,141.739,NA,0,0,0,30.069
1037,8,26,1236.616,795.202,30001.001,2,245,196.472,164.452,NA,22.733,0.076,-1.273,-1.273
1038,8,27,1261.869,797.222,30301.011,2,155,221.805,189.566,NA,25.333,0.084,4.574,5.847
1039,8,28,1252.273,801.263,30601.021,2,255,232.217,179.843,NA,10.412,0.035,157.166,152.592
1040,8,29,1252.273,801.263,30901.031,2,255,232.217,179.843,NA,0,0,0,-157.166
1041,8,30,1252.273,801.263,31201.041,2,255,232.217,179.843,NA,0,0,0,0
1042,8,31,1252.273,801.263,31501.051,2,255,232.217,179.843,NA,0,0,0,0
1043,8,32,1252.273,801.263,31801.061,2,255,232.217,179.843,NA,0,0,0,0
1044,8,33,1252.273,801.263,32101.071,2,255,232.217,179.843,NA,0,0,0,0
1045,8,34,1265.404,801.263,32401.081,2,255,245.349,192.972,NA,13.131,0.044,0,0
1046,8,35,1265.404,801.263,32701.091,2,244,245.349,192.972,NA,0,0,0,0
1047,8,36,1265.404,801.263,33001.101,2,222,245.349,192.972,NA,0,0,0,0
1048,8,37,1280.556,797.222,33301.111,2,255,261.03,208.238,NA,15.681,0.052,-14.931,-14.931
1049,8,38,1281.061,797.222,33601.121,2,255,261.535,208.742,NA,0.505,0.002,0,14.931
1050,8,39,1283.081,799.242,33901.131,2,255,264.392,210.693,NA,2.857,0.01,45,45
1051,8,40,1283.586,799.242,34201.141,2,253,264.897,211.198,NA,0.505,0.002,0,-45
1052,8,41,1290.152,799.242,34501.151,2,255,271.462,217.761,NA,6.566,0.022,0,0
1053,8,42,1290.152,799.242,34801.161,2,255,271.462,217.761,NA,0,0,0,0
1054,8,43,1290.152,799.242,35101.171,2,255,271.462,217.761,NA,0,0,0,0
1055,8,44,1290.152,799.242,35401.181,2,255,271.462,217.761,NA,0,0,0,0
1056,8,45,1290.152,806.818,35701.191,2,255,279.038,217.682,NA,7.576,0.025,90,90
1057,8,46,1292.172,823.485,36001.201,2,255,295.827,220.448,NA,16.789,0.056,83.089,-6.911
1058,8,47,1296.212,830.556,36301.211,2,255,303.97,225.158,NA,8.144,0.027,60.255,-22.834
1059,8,48,1296.212,830.556,36601.221,2,255,303.97,225.158,NA,0,0,0,-60.255
1060,8,49,1296.212,830.556,36901.231,2,255,303.97,225.158,NA,0,0,0,0
1061,8,50,1292.677,846.717,37201.241,2,230,320.514,224.063,NA,16.544,0.055,102.339,102.339
1062,8,51,1291.667,846.717,37501.251,2,238,321.524,223.07,NA,1.01,0.003,180,77.661
1063,8,52,1287.626,846.717,37801.261,2,255,325.565,219.101,NA,4.04,0.013,180,0
1064,8,53,1286.111,846.717,38101.271,2,255,327.08,217.613,NA,1.515,0.005,180,0
1065,8,54,1286.111,846.717,38401.281,2,255,327.08,217.613,NA,0,0,0,-180
1066,8,55,1292.172,845.707,38701.291,2,242,333.224,223.381,NA,6.144,0.02,-9.462,-9.462
1067,8,56,1302.778,845.707,39001.301,2,255,343.83,233.82,NA,10.606,0.035,0,9.462
1068,8,57,1311.869,845.707,39301.311,2,255,352.921,242.78,NA,9.091,0.03,0,0
1069,8,58,1311.869,845.707,39601.321,2,184,352.921,242.78,NA,0,0,0,0
1070,8,59,1320.455,854.293,39901.331,2,255,365.063,252.773,NA,12.142,0.04,45,45
1071,8,60,1325.505,863.889,40201.341,2,234,375.907,259.724,NA,10.844,0.036,62.241,17.241
1072,8,61,1335.101,873.99,40501.351,2,186,389.84,271.46,NA,13.932,0.046,46.469,-15.773
1073,8,62,1351.263,887.121,40801.361,2,250,410.663,290.546,NA,20.824,0.069,39.094,-7.375
1074,8,63,1364.394,887.121,41101.371,2,255,423.795,303.168,NA,13.131,0.044,0,-39.094
1075,8,64,1364.394,887.121,41401.381,2,255,423.795,303.168,NA,0,0,0,0
1076,8,65,1364.394,887.121,41701.391,2,234,423.795,303.168,NA,0,0,0,0
1077,8,66,1367.424,895.202,42001.401,2,202,432.425,308.346,NA,8.63,0.029,69.444,69.444
1078,8,67,1383.081,888.636,42301.411,2,255,449.402,321.591,NA,16.978,0.057,-22.751,-92.195
1079,8,68,1382.576,889.646,42601.421,2,255,450.532,321.367,NA,1.129,0.004,116.565,139.316
1080,8,69,1386.616,889.141,42901.431,2,255,454.604,325.136,NA,4.072,0.014,-7.125,-123.69
1081,8,70,1392.172,889.141,43201.441,2,255,460.159,330.507,NA,5.556,0.019,0,7.125
1082,8,71,1403.788,889.141,43501.451,2,255,471.775,341.756,NA,11.616,0.039,0,0
1083,8,72,1405.808,889.141,43801.461,2,207,473.796,343.715,NA,2.02,0.007,0,0
1084,8,73,1405.808,889.141,44101.471,2,161,473.796,343.715,NA,0,0,0,0
1085,8,74,1405.808,889.141,44401.481,2,70,473.796,343.715,NA,0,0,0,0
1086,8,75,1397.727,889.141,44701.491,2,251,481.876,335.884,NA,8.081,0.027,180,180
1087,8,76,1391.667,889.141,45001.501,2,255,487.937,330.019,NA,6.061,0.02,180,0
1088,8,77,1386.111,889.141,45301.511,2,255,493.493,324.648,NA,5.556,0.019,180,0
1089,8,78,1385.606,890.152,45601.521,2,255,494.622,324.423,NA,1.129,0.004,116.565,-63.435
1090,8,79,1385.606,890.152,45901.531,2,255,494.622,324.423,NA,0,0,0,-116.565
1091,8,80,1385.606,890.152,46201.542,2,255,494.622,324.423,NA,0,0,0,0
1092,8,81,1385.606,891.162,46501.552,2,255,495.632,324.689,NA,1.01,0.003,90,90
1093,8,82,1380.051,891.667,46801.562,2,255,501.21,319.471,NA,5.578,0.019,174.806,84.806
1094,8,83,1380.051,891.667,47101.572,2,203,501.21,319.471,NA,0,0,0,-174.806
1095,8,84,1389.646,891.667,47401.582,2,255,510.806,328.72,NA,9.596,0.032,0,0
1096,8,85,1392.172,891.667,47701.592,2,255,513.332,331.157,NA,2.525,0.008,0,0
1097,8,86,1392.172,891.667,48001.602,2,209,513.332,331.157,NA,0,0,0,0
1098,8,87,1404.293,891.667,48301.612,2,222,525.453,342.873,NA,12.121,0.04,0,0
1099,8,88,1427.02,891.667,48601.622,2,255,548.18,364.913,NA,22.727,0.076,0,0
1100,8,89,1431.566,889.646,48901.632,2,236,553.154,368.863,NA,4.974,0.017,-23.962,-23.962
1101,8,90,1438.636,885.606,49201.642,2,253,561.298,374.864,NA,8.144,0.027,-29.745,-5.782
1102,8,91,1438.636,885.606,49501.652,2,255,561.298,374.864,NA,0,0,0,29.745
1103,8,92,1444.192,890.657,49801.662,2,255,568.806,381.391,NA,7.508,0.025,42.274,42.274
1104,8,93,1444.192,890.657,50101.672,2,255,568.806,381.391,NA,0,0,0,-42.274
1105,8,94,1444.192,890.657,50401.682,2,255,568.806,381.391,NA,0,0,0,0
1106,8,95,1444.192,890.657,50701.692,2,255,568.806,381.391,NA,0,0,0,0
1107,8,96,1444.192,890.657,51001.702,2,255,568.806,381.391,NA,0,0,0,0
1108,8,97,1444.192,890.657,51301.712,2,200,568.806,381.391,NA,0,0,0,0
1109,8,98,1445.202,889.646,51601.722,2,255,570.235,382.151,NA,1.428,0.005,-45,-45
1110,8,99,1449.242,889.646,51901.732,2,255,574.275,386.093,NA,4.04,0.013,0,45
1111,8,100,1449.242,889.646,52201.742,2,255,574.275,386.093,NA,0,0,0,0
1112,8,101,1453.283,886.616,52501.752,2,206,579.326,389.393,NA,5.051,0.017,-36.87,-36.87
1113,8,102,1461.364,886.616,52801.762,2,255,587.406,397.299,NA,8.081,0.027,0,36.87
1114,8,103,1453.788,885.101,53101.772,2,255,595.132,389.573,NA,7.726,0.026,-168.69,-168.69
1115,8,104,1453.788,884.596,53401.782,2,255,595.637,389.47,NA,0.505,0.002,-90,78.69
1116,8,105,1459.848,884.596,53701.792,2,255,601.698,395.406,NA,6.061,0.02,0,90
1117,8,106,1459.848,884.596,54001.802,2,245,601.698,395.406,NA,0,0,0,0
1118,8,107,1459.848,884.596,54301.812,2,230,601.698,395.406,NA,0,0,0,0
1119,8,108,1459.848,895.707,54601.822,2,148,612.809,397.783,NA,11.111,0.037,90,90
1120,8,109,1459.848,904.293,54901.832,2,255,621.395,399.822,NA,8.586,0.029,90,0
1121,8,110,1451.263,891.162,55201.842,2,255,637.084,388.397,NA,15.689,0.052,-123.179,146.821
1122,8,111,1453.788,891.162,55501.852,2,255,639.609,390.86,NA,2.525,0.008,0,123.179
1123,8,112,1453.788,891.162,55801.862,2,255,639.609,390.86,NA,0,0,0,0
1124,8,113,1461.869,897.727,56101.872,2,255,650.021,400.212,NA,10.412,0.035,39.094,39.094
1125,8,114,1456.818,890.152,56401.882,2,255,659.126,393.598,NA,9.105,0.03,-123.69,-162.784
1126,8,115,1455.808,886.616,56701.892,2,255,662.803,391.863,NA,3.677,0.012,-105.945,17.745
1127,8,116,1445.707,888.131,57001.902,2,255,673.017,382.313,NA,10.214,0.034,171.469,-82.585
1128,8,117,1450.758,886.616,57301.912,2,250,678.29,386.923,NA,5.273,0.018,-16.699,171.832
1129,8,118,1454.798,886.616,57601.922,2,218,682.33,390.875,NA,4.04,0.013,0,16.699
1130,8,119,1454.798,889.141,57901.932,2,255,684.855,391.408,NA,2.525,0.008,90,90
1131,8,120,1454.798,889.141,58201.942,2,255,684.855,391.408,NA,0,0,0,-90
1132,8,121,1454.798,889.141,58501.952,2,255,684.855,391.408,NA,0,0,0,0
1133,8,122,1454.798,889.141,58801.962,2,197,684.855,391.408,NA,0,0,0,0
1134,8,123,1460.354,891.162,59101.972,2,224,690.767,397.268,NA,5.911,0.02,19.983,19.983
1135,8,124,1464.394,900.253,59401.982,2,253,700.715,403.257,NA,9.948,0.033,66.038,46.054
1136,8,125,1465.404,900.758,59701.992,2,124,701.844,404.358,NA,1.129,0.004,26.565,-39.472
1137,8,126,1465.404,893.687,60002.002,2,255,708.915,402.747,NA,7.071,0.024,-90,-116.565
1138,8,127,1465.404,893.687,60302.012,2,159,708.915,402.747,NA,0,0,0,90
1139,8,128,1477.02,892.172,60602.022,2,238,720.63,413.767,NA,11.715,0.039,-7.431,-7.431
1140,8,129,1482.071,887.121,60902.032,2,255,727.772,417.688,NA,7.142,0.024,-45,-37.569
1141,8,130,1467.424,884.091,61202.042,2,255,742.729,402.731,NA,14.957,0.05,-168.311,-123.311
1142,8,131,1467.929,881.566,61502.052,2,255,745.304,402.741,NA,2.575,0.009,-78.69,89.621
1143,8,132,1456.313,881.566,61802.062,2,217,756.92,391.341,NA,11.616,0.039,180,-101.31
1144,8,133,1452.778,883.081,62102.072,2,255,760.767,388.175,NA,3.846,0.013,156.801,-23.199
1145,8,134,1441.667,874.495,62402.082,2,237,774.808,375.62,NA,14.042,0.047,-142.306,60.893
1146,8,135,1431.566,864.899,62702.092,2,255,788.741,364.003,NA,13.932,0.046,-136.469,5.837
1147,8,136,1428.535,862.879,63002.102,2,245,792.383,360.686,NA,3.642,0.012,-146.31,-9.841
1148,8,137,1434.596,855.303,63302.112,2,255,802.085,365.557,NA,9.702,0.032,-51.34,94.97
1149,8,138,1446.212,852.273,63602.122,2,204,814.09,376.677,NA,12.005,0.04,-14.621,36.719
1150,8,139,1448.232,854.293,63902.132,2,255,816.947,378.938,NA,2.857,0.01,45,59.621
1151,8,140,1448.232,864.394,64202.142,2,232,827.048,380.375,NA,10.101,0.034,90,45
1152,8,141,1446.212,875,64502.152,2,229,837.844,380.181,NA,10.797,0.036,100.784,10.784
1153,8,142,1455.303,887.121,64802.162,2,255,852.996,391.474,NA,15.152,0.051,53.13,-47.654
1154,8,143,1476.01,892.172,65102.172,2,255,874.31,412.78,NA,21.314,0.071,13.707,-39.423
1155,8,144,1510.859,897.222,65402.182,2,178,909.522,447.917,NA,35.213,0.117,8.246,-5.461
1156,8,145,1531.566,904.798,65702.192,2,218,931.572,469.749,NA,22.049,0.073,20.095,11.849
1157,8,146,1541.667,892.172,66002.202,2,136,947.741,477.166,NA,16.17,0.054,-51.34,-71.435
1158,8,147,1544.697,885.101,66302.212,2,185,955.434,478.917,NA,7.693,0.026,-66.801,-15.461
1159,8,148,1548.737,869.949,66602.222,2,136,971.115,480.63,NA,15.681,0.052,-75.069,-8.267
1160,9,1,1027.273,946.212,34201.141,2,132,0,0,NA,NA,NA,NA,NA
1161,9,2,1036.364,964.394,34501.151,2,106,20.328,20.328,NA,20.328,0.068,63.435,NA
1162,9,3,1053.03,971.97,34801.161,2,255,38.636,36.427,NA,18.308,0.061,24.444,-38.991
1163,9,4,1061.364,978.03,35101.171,2,255,48.94,46.632,NA,10.304,0.034,36.027,11.583
1164,9,5,1061.364,959.848,35401.181,2,209,67.121,36.717,NA,18.182,0.061,-90,-126.027
1165,9,6,1061.364,959.848,35701.191,2,255,67.121,36.717,NA,0,0,0,90
1166,9,7,1073.485,959.848,36001.201,2,255,79.243,48.182,NA,12.121,0.04,0,0
1167,9,8,1095.455,959.848,36301.211,2,255,101.212,69.532,NA,21.97,0.073,0,0
1168,9,9,1095.455,959.848,36601.221,2,218,101.212,69.532,NA,0,0,0,0
1169,9,10,1095.455,973.485,36901.231,2,250,114.849,73.434,NA,13.636,0.045,90,90
1170,9,11,1102.273,973.485,37201.241,2,252,121.667,79.805,NA,6.818,0.023,0,-90
1171,9,12,1109.091,977.273,37501.251,2,255,129.467,87.516,NA,7.8,0.026,29.055,29.055
1172,9,13,1109.091,977.273,37801.261,2,217,129.467,87.516,NA,0,0,0,-29.055
1173,9,14,1134.848,977.273,38101.271,2,255,155.224,111.97,NA,25.758,0.086,0,0
1174,9,15,1130.303,968.939,38401.281,2,255,164.717,105.507,NA,9.492,0.032,-118.61,-118.61
1175,9,16,1130.303,968.939,38701.291,2,222,164.717,105.507,NA,0,0,0,118.61
1176,9,17,1117.424,970.455,39001.301,2,255,177.684,93.354,NA,12.968,0.043,173.29,173.29
1177,9,18,1117.424,984.848,39301.311,2,255,192.078,98.082,NA,14.394,0.048,90,-83.29
1178,9,19,1115.152,996.212,39601.321,2,255,203.667,101.107,NA,11.589,0.039,101.31,11.31
1179,9,20,1115.909,996.212,39901.331,2,255,204.424,101.766,NA,0.758,0.003,0,-101.31
1180,9,21,1115.909,996.212,40201.341,2,255,204.424,101.766,NA,0,0,0,0
1181,9,22,1115.909,996.212,40501.351,2,255,204.424,101.766,NA,0,0,0,0
1182,9,23,1115.909,996.212,40801.361,2,252,204.424,101.766,NA,0,0,0,0
1183,9,24,1115.909,996.212,41101.371,2,255,204.424,101.766,NA,0,0,0,0
1184,9,25,1115.909,996.212,41401.381,2,255,204.424,101.766,NA,0,0,0,0
1185,9,26,1115.909,996.212,41701.391,2,255,204.424,101.766,NA,0,0,0,0
1186,9,27,1121.212,1000,42001.401,2,230,210.941,108.249,NA,6.517,0.022,35.538,35.538
1187,9,28,1132.576,1000,42301.411,2,250,222.305,118.245,NA,11.364,0.038,0,-35.538
1188,9,29,1132.576,992.424,42601.421,2,255,229.881,114.997,NA,7.576,0.025,-90,-90
1189,9,30,1132.576,992.424,42901.431,2,255,229.881,114.997,NA,0,0,0,90
1190,9,31,1132.576,992.424,43201.441,2,255,229.881,114.997,NA,0,0,0,0
1191,9,32,1132.576,992.424,43501.451,2,255,229.881,114.997,NA,0,0,0,0
1192,9,33,1137.121,992.424,43801.461,2,255,234.426,119.173,NA,4.545,0.015,0,0
1193,9,34,1138.636,991.667,44101.471,2,255,236.12,120.283,NA,1.694,0.006,-26.565,-26.565
1194,9,35,1140.152,991.667,44401.481,2,255,237.635,121.687,NA,1.515,0.005,0,26.565
1195,9,36,1143.939,991.667,44701.491,2,255,241.423,125.209,NA,3.788,0.013,0,0
1196,9,37,1137.121,983.333,45001.501,2,255,252.19,115.951,NA,10.767,0.036,-129.289,-129.289
1197,9,38,1137.121,983.333,45301.511,2,245,252.19,115.951,NA,0,0,0,129.289
1198,9,39,1137.121,983.333,45601.521,2,179,252.19,115.951,NA,0,0,0,0
1199,9,40,1143.182,979.545,45901.531,2,253,259.337,120.607,NA,7.147,0.024,-32.005,-32.005
1200,9,41,1143.939,979.545,46201.542,2,255,260.095,121.335,NA,0.758,0.003,0,32.005
1201,9,42,1148.485,979.545,46501.552,2,231,264.64,125.712,NA,4.545,0.015,0,0
1202,9,43,1148.485,979.545,46801.562,2,255,264.64,125.712,NA,0,0,0,0
1203,9,44,1148.485,984.091,47101.572,2,255,269.186,126.993,NA,4.545,0.015,90,90
1204,9,45,1148.485,984.091,47401.582,2,235,269.186,126.993,NA,0,0,0,-90
1205,9,46,1148.485,984.091,47701.592,2,247,269.186,126.993,NA,0,0,0,0
1206,9,47,1148.485,990.152,48001.602,2,255,275.246,128.93,NA,6.061,0.02,90,90
1207,9,48,1151.515,997.727,48301.612,2,236,283.406,134.499,NA,8.159,0.027,68.199,-21.801
1208,9,49,1151.515,997.727,48601.622,2,255,283.406,134.499,NA,0,0,0,-68.199
1209,9,50,1161.364,997.727,48901.632,2,237,293.254,143.646,NA,9.848,0.033,0,0
1210,9,51,1161.364,997.727,49201.642,2,252,293.254,143.646,NA,0,0,0,0
1211,9,52,1161.364,1006.818,49501.652,2,255,302.345,147.151,NA,9.091,0.03,90,90
1212,9,53,1163.636,1019.697,49801.662,2,255,315.423,154.903,NA,13.078,0.044,79.992,-10.008
1213,9,54,1165.909,1041.667,50101.672,2,255,337.51,168.32,NA,22.087,0.074,84.094,4.102
1214,9,55,1168.939,1042.424,50401.682,2,235,340.633,171.249,NA,3.124,0.01,14.036,-70.058
1215,9,56,1168.939,1042.424,50701.692,2,255,340.633,171.249,NA,0,0,0,-14.036
1216,9,57,1168.939,1042.424,51001.702,2,194,340.633,171.249,NA,0,0,0,0
1217,9,58,1169.697,1047.727,51301.712,2,255,345.99,174.9,NA,5.357,0.018,81.87,81.87
1218,9,59,1175,1064.394,51601.722,2,255,363.48,189.183,NA,17.49,0.058,72.35,-9.52
1219,9,60,1178.535,1065.909,51901.732,2,255,367.327,192.893,NA,3.846,0.013,23.199,-49.151
1220,9,61,1172.98,1069.949,52201.742,2,242,374.196,191.158,NA,6.869,0.023,143.973,120.774
1221,9,62,1172.98,1069.949,52501.752,2,255,374.196,191.158,NA,0,0,0,-143.973
1222,9,63,1172.98,1073.99,52801.762,2,255,378.237,193.798,NA,4.04,0.013,90,90
1223,9,64,1176.515,1075,53101.772,2,176,381.913,197.128,NA,3.677,0.012,15.945,-74.055
1224,9,65,1182.576,1089.141,53401.782,2,2,397.299,211.064,NA,15.385,0.051,66.801,50.856
1225,9,66,1194.697,1106.313,53701.792,2,236,418.318,231.653,NA,21.019,0.07,54.782,-12.019
1226,9,67,1203.788,1122.475,54001.802,2,243,436.861,249.452,NA,18.543,0.062,60.642,5.86
1227,9,68,1203.788,1122.475,54301.812,2,255,436.861,249.452,NA,0,0,0,-60.642
1228,9,69,1203.788,1137.121,54601.822,2,255,451.507,260.007,NA,14.646,0.049,90,90
1229,9,70,1205.303,1137.121,54901.832,2,221,453.022,261.038,NA,1.515,0.005,0,-90
1230,9,71,1212.374,1141.667,55201.842,2,255,461.428,269.193,NA,8.406,0.028,32.735,32.735
1231,9,72,1212.374,1141.667,55501.852,2,255,461.428,269.193,NA,0,0,0,-32.735
1232,9,73,1212.374,1141.667,55801.862,2,255,461.428,269.193,NA,0,0,0,0
1233,9,74,1211.869,1150.253,56101.872,2,255,470.029,275.151,NA,8.601,0.029,93.366,93.366
1234,9,75,1208.838,1153.788,56401.882,2,255,474.685,275.779,NA,4.656,0.016,130.601,37.235
1235,9,76,1208.838,1153.788,56701.892,2,209,474.685,275.779,NA,0,0,0,-130.601
1236,9,77,1221.465,1153.788,57001.902,2,255,487.311,284.25,NA,12.626,0.042,0,0
1237,9,78,1222.475,1154.293,57301.912,2,253,488.441,285.309,NA,1.129,0.004,26.565,26.565
1238,9,79,1229.545,1154.293,57601.922,2,255,495.511,290.193,NA,7.071,0.024,0,-26.565
1239,9,80,1237.626,1162.374,57901.932,2,255,506.939,301.62,NA,11.428,0.038,45,45
1240,9,81,1237.626,1162.374,58201.942,2,255,506.939,301.62,NA,0,0,0,-45
1241,9,82,1237.626,1162.374,58501.952,2,255,506.939,301.62,NA,0,0,0,0
1242,9,83,1237.626,1162.374,58801.962,2,238,506.939,301.62,NA,0,0,0,0
1243,9,84,1241.667,1166.919,59101.972,2,255,513.021,307.695,NA,6.082,0.02,48.366,48.366
1244,9,85,1241.667,1166.919,59401.982,2,255,513.021,307.695,NA,0,0,0,-48.366
1245,9,86,1241.667,1166.919,59701.992,2,255,513.021,307.695,NA,0,0,0,0
1246,9,87,1241.667,1166.919,60002.002,2,255,513.021,307.695,NA,0,0,0,0
1247,9,88,1241.667,1166.919,60302.012,2,255,513.021,307.695,NA,0,0,0,0
1248,9,89,1241.667,1166.919,60602.022,2,222,513.021,307.695,NA,0,0,0,0
1249,9,90,1241.667,1166.919,60902.032,2,255,513.021,307.695,NA,0,0,0,0
1250,9,91,1239.141,1170.96,61202.042,2,255,517.785,308.869,NA,4.765,0.016,122.005,122.005
1251,9,92,1234.091,1183.586,61502.052,2,246,531.384,314.833,NA,13.599,0.045,111.801,-10.204
1252,9,93,1236.616,1195.202,61802.062,2,255,543.272,325.301,NA,11.887,0.04,77.735,-34.066
1253,9,94,1236.616,1202.273,62102.072,2,255,550.343,330.744,NA,7.071,0.024,90,12.265
1254,9,95,1236.616,1203.283,62402.082,2,239,551.353,331.527,NA,1.01,0.003,90,0
1255,9,96,1248.232,1240.657,62702.092,2,255,590.49,368.131,NA,39.137,0.13,72.734,-17.266
1256,9,97,1270.455,1245.707,63002.102,2,255,613.279,385.791,NA,22.789,0.076,12.804,-59.93
1257,9,98,1301.768,1245.707,63302.112,2,255,644.592,406.257,NA,31.313,0.104,0,-12.804
1258,9,99,1327.525,1245.202,63602.122,2,255,670.355,423.729,NA,25.763,0.086,-1.123,-1.123
1259,9,100,1355.808,1245.202,63902.132,2,255,698.637,444.219,NA,28.283,0.094,0,1.123
1260,9,101,1373.485,1256.313,64202.142,2,255,719.516,464.785,NA,20.879,0.07,32.152,32.152
1261,9,102,1375,1273.99,64502.152,2,239,737.258,477.862,NA,17.742,0.059,85.101,52.949
1262,9,103,1375,1287.626,64802.162,2,235,750.894,487.317,NA,13.636,0.045,90,4.899
1263,9,104,1384.091,1302.778,65102.172,2,255,768.564,504.439,NA,17.67,0.059,59.036,-30.964
1264,9,105,1398.232,1320.96,65402.182,2,255,791.598,527.301,NA,23.034,0.077,52.125,-6.911
1265,9,106,1412.879,1335.606,65702.192,2,255,812.311,548.014,NA,20.713,0.069,45,-7.125
1266,9,107,1414.899,1352.273,66002.202,2,247,829.099,561.373,NA,16.789,0.056,83.089,38.089
1267,9,108,1418.939,1354.293,66302.212,2,248,833.617,565.626,NA,4.517,0.015,26.565,-56.524
1268,9,109,1418.939,1354.293,66602.222,2,253,833.617,565.626,NA,0,0,0,-26.565
1269,9,110,1430.556,1368.434,66902.232,2,255,851.917,583.874,NA,18.301,0.061,50.599,50.599
1270,9,111,1431.566,1372.475,67202.242,2,251,856.082,587.497,NA,4.165,0.014,75.964,25.364
1271,9,112,1433.586,1384.091,67502.252,2,245,867.873,597.351,NA,11.791,0.039,80.134,4.17
1272,9,113,1424.495,1381.566,67802.262,2,214,877.308,589.337,NA,9.435,0.031,-164.476,115.39
1273,9,114,1424.495,1381.566,68102.272,2,189,877.308,589.337,NA,0,0,0,164.476
1274,9,115,1425,1381.566,68402.282,2,200,877.813,589.678,NA,0.505,0.002,0,0
1275,9,116,1437.626,1383.586,68702.292,2,255,890.6,599.738,NA,12.787,0.043,9.09,9.09
1276,9,117,1447.222,1390.657,69002.302,2,255,902.519,611.464,NA,11.92,0.04,36.384,27.294
1277,9,118,1453.283,1406.818,69302.312,2,210,919.78,627.409,NA,17.261,0.058,69.444,33.06
1278,9,119,1459.848,1421.465,69602.322,2,97,935.831,642.64,NA,16.051,0.054,65.854,-3.589
1279,9,120,1461.364,1449.242,69902.332,2,146,963.65,664.435,NA,27.819,0.093,86.878,21.023
1280,9,121,1461.364,1471.465,70202.342,2,255,985.872,681.414,NA,22.222,0.074,90,3.122
1281,10,1,861.364,348.485,8100.27,2,255,0,0,NA,NA,NA,NA,NA
1282,10,2,861.364,345.455,8400.28,2,255,3.03,3.03,NA,3.03,0.01,-90,NA
1283,10,3,867.424,340.152,8700.29,2,255,11.083,10.304,NA,8.053,0.027,-41.186,48.814
1284,10,4,867.424,340.152,9000.3,2,255,11.083,10.304,NA,0,0,0,41.186
1285,10,5,867.424,340.152,9300.31,2,255,11.083,10.304,NA,0,0,0,0
1286,10,6,867.424,340.152,9600.32,2,255,11.083,10.304,NA,0,0,0,0
1287,10,7,873.485,330.303,9900.33,2,255,22.647,21.852,NA,11.564,0.039,-58.392,-58.392
1288,10,8,874.242,330.303,10200.34,2,255,23.405,22.281,NA,0.758,0.003,0,58.392
1289,10,9,874.242,328.03,10500.35,2,255,25.678,24.171,NA,2.273,0.008,-90,-90
1290,10,10,874.242,328.03,10800.36,2,255,25.678,24.171,NA,0,0,0,90
1291,10,11,879.545,325,11100.37,2,255,31.785,29.7,NA,6.108,0.02,-29.745,-29.745
1292,10,12,879.545,325,11400.38,2,255,31.785,29.7,NA,0,0,0,29.745
1293,10,13,879.545,325,11700.39,2,255,31.785,29.7,NA,0,0,0,0
1294,10,14,879.545,325,12000.4,2,255,31.785,29.7,NA,0,0,0,0
1295,10,15,879.545,325,12300.41,2,255,31.785,29.7,NA,0,0,0,0
1296,10,16,881.818,321.212,12600.42,2,255,36.203,34.091,NA,4.417,0.015,-59.036,-59.036
1297,10,17,881.818,321.212,12900.43,2,255,36.203,34.091,NA,0,0,0,59.036
1298,10,18,881.818,321.212,13200.44,2,255,36.203,34.091,NA,0,0,0,0
1299,10,19,883.333,319.697,13500.45,2,255,38.346,36.213,NA,2.143,0.007,-45,-45
1300,10,20,885.606,314.394,13800.46,2,255,44.115,41.832,NA,5.77,0.019,-66.801,-21.801
1301,10,21,885.606,313.636,14100.47,2,255,44.873,42.451,NA,0.758,0.003,-90,-23.199
1302,10,22,885.606,307.576,14400.48,2,255,50.933,47.553,NA,6.061,0.02,-90,0
1303,10,23,885.606,303.03,14700.49,2,255,55.479,51.515,NA,4.545,0.015,-90,0
1304,10,24,885.606,303.03,15000.5,2,255,55.479,51.515,NA,0,0,0,90
1305,10,25,885.606,296.97,15300.51,2,255,61.539,56.934,NA,6.061,0.02,-90,-90
1306,10,26,885.606,293.182,15600.521,2,255,65.327,60.383,NA,3.788,0.013,-90,0
1307,10,27,885.606,293.182,15900.531,2,255,65.327,60.383,NA,0,0,0,90
1308,10,28,885.606,293.182,16200.541,2,255,65.327,60.383,NA,0,0,0,0
1309,10,29,885.606,291.667,16500.551,2,255,66.842,61.774,NA,1.515,0.005,-90,-90
1310,10,30,885.606,291.667,16800.561,2,255,66.842,61.774,NA,0,0,0,90
1311,10,31,885.606,291.667,17100.571,2,255,66.842,61.774,NA,0,0,0,0
1312,10,32,885.606,291.667,17400.581,2,255,66.842,61.774,NA,0,0,0,0
1313,10,33,892.424,308.333,17700.591,2,255,84.85,50.763,NA,18.007,0.06,67.751,67.751
1314,10,34,900,308.333,18000.601,2,255,92.425,55.722,NA,7.576,0.025,0,-67.751
1315,10,35,900,312.879,18300.611,2,255,96.971,52.541,NA,4.545,0.015,90,90
1316,10,36,900,312.879,18600.621,2,255,96.971,52.541,NA,0,0,0,-90
1317,10,37,900,312.879,18900.631,2,255,96.971,52.541,NA,0,0,0,0
1318,10,38,900,312.879,19200.641,2,255,96.971,52.541,NA,0,0,0,0
1319,10,39,900,306.061,19500.651,2,255,103.789,57.381,NA,6.818,0.023,-90,-90
1320,10,40,900,302.273,19800.661,2,255,107.577,60.236,NA,3.788,0.013,-90,0
1321,10,41,898.485,301.515,20100.671,2,255,109.271,59.868,NA,1.694,0.006,-153.435,-63.435
1322,10,42,900,301.515,20400.681,2,255,110.786,60.819,NA,1.515,0.005,0,153.435
1323,10,43,900,301.515,20700.691,2,255,110.786,60.819,NA,0,0,0,0
1324,10,44,900,301.515,21000.701,2,255,110.786,60.819,NA,0,0,0,0
1325,10,45,900,301.515,21300.711,2,255,110.786,60.819,NA,0,0,0,0
1326,10,46,900,301.515,21600.721,2,255,110.786,60.819,NA,0,0,0,0
1327,10,47,893.182,309.848,21900.731,2,255,121.553,50.052,NA,10.767,0.036,129.289,129.289
1328,10,48,893.182,309.848,22200.741,2,255,121.553,50.052,NA,0,0,0,-129.289
1329,10,49,893.939,309.848,22500.751,2,255,122.311,50.537,NA,0.758,0.003,0,0
1330,10,50,893.939,309.848,22800.761,2,255,122.311,50.537,NA,0,0,0,0
1331,10,51,896.97,309.091,23100.771,2,255,125.434,53.101,NA,3.124,0.01,-14.036,-14.036
1332,10,52,903.03,313.636,23400.781,2,255,133.01,54.319,NA,7.576,0.025,36.87,50.906
1333,10,53,903.03,313.636,23700.791,2,255,133.01,54.319,NA,0,0,0,-36.87
1334,10,54,903.03,313.636,24000.801,2,255,133.01,54.319,NA,0,0,0,0
1335,10,55,903.03,309.091,24300.811,2,255,137.556,57.341,NA,4.545,0.015,-90,-90
1336,10,56,903.03,301.515,24600.821,2,255,145.131,62.787,NA,7.576,0.025,-90,0
1337,10,57,901.515,301.515,24900.831,2,255,146.647,61.792,NA,1.515,0.005,180,-90
1338,10,58,906.061,301.515,25200.841,2,255,151.192,64.838,NA,4.545,0.015,0,-180
1339,10,59,906.061,301.515,25500.851,2,255,151.192,64.838,NA,0,0,0,0
1340,10,60,906.061,301.515,25800.861,2,255,151.192,64.838,NA,0,0,0,0
1341,10,61,900,301.515,26100.871,2,255,157.253,60.819,NA,6.061,0.02,180,180
1342,10,62,900,293.939,26400.881,2,255,164.828,66.843,NA,7.576,0.025,-90,90
1343,10,63,900,293.939,26700.891,2,255,164.828,66.843,NA,0,0,0,90
1344,10,64,897.727,287.879,27000.901,2,255,171.301,70.678,NA,6.473,0.022,-110.556,-110.556
1345,10,65,897.727,287.879,27300.911,2,255,171.301,70.678,NA,0,0,0,110.556
1346,10,66,897.727,282.576,27600.921,2,255,176.604,75.275,NA,5.303,0.018,-90,-90
1347,10,67,897.727,276.515,27900.931,2,255,182.665,80.635,NA,6.061,0.02,-90,0
1348,10,68,897.727,276.515,28200.941,2,255,182.665,80.635,NA,0,0,0,90
1349,10,69,897.727,265.152,28500.951,2,255,194.028,90.922,NA,11.364,0.038,-90,-90
1350,10,70,897.727,265.152,28800.961,2,255,194.028,90.922,NA,0,0,0,90
1351,10,71,896.212,261.364,29100.971,2,255,198.108,93.832,NA,4.08,0.014,-111.801,-111.801
1352,10,72,896.212,261.364,29400.981,2,255,198.108,93.832,NA,0,0,0,111.801
1353,10,73,896.212,266.667,29700.991,2,255,203.411,88.93,NA,5.303,0.018,90,90
1354,10,74,889.394,266.667,30001.001,2,255,210.229,86.486,NA,6.818,0.023,180,90
1355,10,75,889.394,266.667,30301.011,2,255,210.229,86.486,NA,0,0,0,-180
1356,10,76,889.394,266.667,30601.021,2,255,210.229,86.486,NA,0,0,0,0
1357,10,77,889.394,266.667,30901.031,2,255,210.229,86.486,NA,0,0,0,0
1358,10,78,889.394,266.667,31201.041,2,255,210.229,86.486,NA,0,0,0,0
1359,10,79,889.394,259.091,31501.051,2,255,217.805,93.686,NA,7.576,0.025,-90,-90
1360,10,80,888.636,247.727,31801.061,2,255,229.194,104.383,NA,11.389,0.038,-93.814,-3.814
1361,10,81,888.636,247.727,32101.071,2,255,229.194,104.383,NA,0,0,0,93.814
1362,10,82,888.636,237.121,32401.081,2,255,239.8,114.655,NA,10.606,0.035,-90,-90
1363,10,83,888.636,232.576,32701.091,2,255,244.345,119.074,NA,4.545,0.015,-90,0
1364,10,84,888.636,231.061,33001.101,2,255,245.861,120.55,NA,1.515,0.005,-90,0
1365,10,85,890.152,230.303,33301.111,2,255,247.555,121.638,NA,1.694,0.006,-26.565,63.435
1366,10,86,893.182,226.515,33601.121,2,255,252.405,126.052,NA,4.851,0.016,-51.34,-24.775
1367,10,87,893.182,226.515,33901.131,2,255,252.405,126.052,NA,0,0,0,51.34
1368,10,88,893.182,218.182,34201.141,2,255,260.739,134.132,NA,8.333,0.028,-90,-90
1369,10,89,892.424,212.879,34501.151,2,255,266.096,139.118,NA,5.357,0.018,-98.13,-8.13
1370,10,90,892.424,206.818,34801.161,2,255,272.156,145.032,NA,6.061,0.02,-90,8.13
1371,10,91,892.424,206.818,35101.171,2,147,272.156,145.032,NA,0,0,0,90
1372,10,92,892.424,193.939,35401.181,2,255,285.035,157.636,NA,12.879,0.043,-90,-90
1373,10,93,892.424,183.333,35701.191,2,255,295.641,168.047,NA,10.606,0.035,-90,0
1374,10,94,893.939,178.788,36001.201,2,255,300.432,172.795,NA,4.791,0.016,-71.565,18.435
1375,10,95,894.697,175,36301.211,2,255,304.295,176.658,NA,3.863,0.013,-78.69,-7.125
1376,10,96,896.212,175,36601.221,2,255,305.81,176.95,NA,1.515,0.005,0,78.69
1377,10,97,900,168.939,36901.231,2,255,312.957,183.655,NA,7.147,0.024,-57.995,-57.995
1378,10,98,905.303,159.848,37201.241,2,255,323.482,193.686,NA,10.525,0.035,-59.744,-1.749
1379,10,99,905.303,159.848,37501.251,2,255,323.482,193.686,NA,0,0,0,59.744
1380,10,100,905.303,159.848,37801.261,2,255,323.482,193.686,NA,0,0,0,0
1381,10,101,913.889,161.869,38101.271,2,255,332.302,193.867,NA,8.82,0.029,13.241,13.241
1382,10,102,914.899,155.808,38401.281,2,255,338.446,199.976,NA,6.144,0.02,-80.538,-93.778
1383,10,103,914.899,155.808,38701.291,2,255,338.446,199.976,NA,0,0,0,80.538
1384,10,104,917.929,155.808,39001.301,2,255,341.477,200.808,NA,3.03,0.01,0,0
1385,10,105,917.929,155.808,39301.311,2,255,341.477,200.808,NA,0,0,0,0
1386,10,106,916.919,153.283,39601.321,2,255,344.197,202.954,NA,2.72,0.009,-111.801,-111.801
1387,10,107,913.384,148.232,39901.331,2,255,350.362,206.899,NA,6.165,0.021,-124.992,-13.191
1388,10,108,913.384,148.232,40201.341,2,255,350.362,206.899,NA,0,0,0,124.992
1389,10,109,913.384,141.667,40501.351,2,255,356.927,213.26,NA,6.566,0.022,-90,-90
1390,10,110,913.384,141.667,40801.361,2,255,356.927,213.26,NA,0,0,0,90
1391,10,111,912.374,141.667,41101.371,2,255,357.937,213.016,NA,1.01,0.003,180,180
1392,10,112,909.848,139.141,41401.381,2,255,361.509,214.885,NA,3.571,0.012,-135,45
1393,10,113,909.848,139.141,41701.391,2,255,361.509,214.885,NA,0,0,0,135
1394,10,114,909.848,130.556,42001.401,2,255,370.094,223.258,NA,8.586,0.029,-90,-90
1395,10,115,909.848,130.556,42301.411,2,255,370.094,223.258,NA,0,0,0,90
1396,10,116,910.354,130.051,42601.421,2,255,370.809,223.861,NA,0.714,0.002,-45,-45
1397,10,117,911.364,129.04,42901.431,2,255,372.237,225.069,NA,1.428,0.005,-45,0
1398,10,118,911.364,122.98,43201.441,2,255,378.298,230.982,NA,6.061,0.02,-90,-45
1399,10,119,911.364,122.98,43501.451,2,255,378.298,230.982,NA,0,0,0,90
1400,10,120,912.374,116.919,43801.461,2,255,384.442,237.117,NA,6.144,0.02,-80.538,-80.538
1401,10,121,912.879,114.394,44101.471,2,255,387.017,239.692,NA,2.575,0.009,-78.69,1.848
1402,10,122,916.414,107.828,44401.481,2,255,394.474,246.873,NA,7.457,0.025,-61.699,16.991
1403,10,123,923.485,106.818,44701.491,2,255,401.617,249.523,NA,7.142,0.024,-8.13,53.569
1404,10,124,923.485,106.818,45001.501,2,255,401.617,249.523,NA,0,0,0,8.13
1405,10,125,923.485,106.818,45301.511,2,255,401.617,249.523,NA,0,0,0,0
1406,10,126,925,100.253,45601.521,2,255,408.355,256.259,NA,6.738,0.022,-77.005,-77.005
1407,10,127,927.02,98.232,45901.531,2,255,411.212,258.722,NA,2.857,0.01,-45,32.005
1408,10,128,927.02,98.232,46201.542,2,255,411.212,258.722,NA,0,0,0,45
1409,10,129,939.141,88.636,46501.552,2,255,426.672,271.239,NA,15.46,0.052,-38.367,-38.367
1410,10,130,930.556,88.636,46801.562,2,255,435.258,268.903,NA,8.586,0.029,180,-141.633
1411,10,131,929.04,88.636,47101.572,2,255,436.773,268.517,NA,1.515,0.005,180,0
1412,10,132,929.04,86.111,47401.582,2,255,439.298,270.961,NA,2.525,0.008,-90,90
1413,10,133,929.04,84.091,47701.592,2,255,441.318,272.918,NA,2.02,0.007,-90,0
1414,10,134,929.04,84.091,48001.602,2,255,441.318,272.918,NA,0,0,0,90
1415,10,135,930.556,83.586,48301.612,2,255,442.915,273.786,NA,1.597,0.005,-18.435,-18.435
1416,10,136,938.636,88.131,48601.622,2,255,452.187,271.579,NA,9.271,0.031,29.358,47.793
1417,10,137,938.131,88.131,48901.632,2,255,452.692,271.436,NA,0.505,0.002,180,150.642
1418,10,138,933.586,88.131,49201.642,2,255,457.237,270.185,NA,4.545,0.015,180,0
1419,10,139,933.586,81.566,49501.652,2,255,463.803,276.517,NA,6.566,0.022,-90,90
1420,10,140,929.04,78.03,49801.662,2,255,469.561,278.793,NA,5.758,0.019,-142.125,-52.125
1421,10,141,928.03,69.949,50101.672,2,255,477.705,286.402,NA,8.144,0.027,-97.125,45
1422,10,142,928.03,69.949,50401.682,2,255,477.705,286.402,NA,0,0,0,97.125
1423,10,143,926.01,61.364,50701.692,2,255,486.525,294.309,NA,8.82,0.029,-103.241,-103.241
1424,10,144,926.01,61.364,51001.702,2,255,486.525,294.309,NA,0,0,0,103.241
1425,10,145,926.01,61.364,51301.712,2,255,486.525,294.309,NA,0,0,0,0
1426,10,146,926.01,61.364,51601.722,2,255,486.525,294.309,NA,0,0,0,0
1427,10,147,936.616,51.768,51901.732,2,255,500.828,306.111,NA,14.303,0.048,-42.138,-42.138
1428,10,148,940.657,48.737,52201.742,2,255,505.879,310.058,NA,5.051,0.017,-36.87,5.268
1429,10,149,940.152,43.182,52501.752,2,255,511.457,315.305,NA,5.578,0.019,-95.194,-58.325
1430,10,150,940.152,43.182,52801.762,2,255,511.457,315.305,NA,0,0,0,95.194
1431,10,151,933.586,39.646,53101.772,2,255,518.914,317.171,NA,7.457,0.025,-151.699,-151.699
1432,10,152,933.081,33.081,53401.782,2,255,525.499,323.455,NA,6.585,0.022,-94.399,57.301
1433,10,153,933.081,33.586,53701.792,2,255,526.004,322.962,NA,0.505,0.002,90,-175.601
1434,10,154,933.081,26.515,54001.802,2,255,533.075,329.86,NA,7.071,0.024,-90,-180
1435,10,155,933.081,21.97,54301.812,2,255,537.62,334.299,NA,4.545,0.015,-90,0
1436,10,156,928.535,21.97,54601.822,2,255,542.166,333.353,NA,4.545,0.015,180,-90
1437,10,157,918.434,12.879,54901.832,2,255,555.755,340.424,NA,13.59,0.045,-138.013,41.987
1438,10,158,918.939,10.354,55201.842,2,255,558.331,342.998,NA,2.575,0.009,-78.69,59.323
1439,10,159,918.939,2.778,55501.852,2,255,565.906,350.469,NA,7.576,0.025,-90,-11.31
1440,11,1,526.515,557.828,11700.39,2,209,0,0,NA,NA,NA,NA,NA
1441,11,2,519.444,556.818,12000.4,2,240,7.142,7.142,NA,7.142,0.024,-171.87,NA
1442,11,3,519.444,556.818,12300.41,2,156,7.142,7.142,NA,0,0,0,171.87
1443,11,4,519.444,556.818,12600.42,2,234,7.142,7.142,NA,0,0,0,0
1444,11,5,519.444,556.818,12900.43,2,255,7.142,7.142,NA,0,0,0,0
1445,11,6,519.444,556.818,13200.44,2,255,7.142,7.142,NA,0,0,0,0
1446,11,7,514.899,556.818,13500.45,2,255,11.688,11.66,NA,4.545,0.015,180,180
1447,11,8,514.899,556.818,13800.46,2,255,11.688,11.66,NA,0,0,0,-180
1448,11,9,514.899,559.343,14100.47,2,255,14.213,11.715,NA,2.525,0.008,90,90
1449,11,10,515.404,559.343,14400.48,2,130,14.718,11.214,NA,0.505,0.002,0,-90
1450,11,11,518.434,559.343,14700.49,2,209,17.749,8.222,NA,3.03,0.01,0,0
1451,11,12,518.434,552.778,15000.5,2,163,24.314,9.529,NA,6.566,0.022,-90,-90
1452,11,13,526.01,552.273,15300.51,2,255,31.907,5.578,NA,7.593,0.025,-3.814,86.186
1453,11,14,526.01,552.273,15600.521,2,255,31.907,5.578,NA,0,0,0,3.814
1454,11,15,526.01,552.273,15900.531,2,255,31.907,5.578,NA,0,0,0,0
1455,11,16,526.01,549.242,16200.541,2,255,34.937,8.601,NA,3.03,0.01,-90,-90
1456,11,17,525,547.222,16500.551,2,214,37.196,10.714,NA,2.259,0.008,-116.565,-26.565
1457,11,18,525,547.222,16800.561,2,205,37.196,10.714,NA,0,0,0,116.565
1458,11,19,525,549.242,17100.571,2,255,39.216,8.719,NA,2.02,0.007,90,90
1459,11,20,524.495,562.879,17400.581,2,255,52.862,5.44,NA,13.646,0.045,92.121,2.121
1460,11,21,524.495,562.879,17700.591,2,255,52.862,5.44,NA,0,0,0,-92.121
1461,11,22,524.495,562.879,18000.601,2,255,52.862,5.44,NA,0,0,0,0
1462,11,23,524.495,562.879,18300.611,2,250,52.862,5.44,NA,0,0,0,0
1463,11,24,528.535,562.879,18600.621,2,255,56.902,5.44,NA,4.04,0.013,0,0
1464,11,25,529.545,562.879,18900.631,2,255,57.912,5.89,NA,1.01,0.003,0,0
1465,11,26,529.545,562.879,19200.641,2,255,57.912,5.89,NA,0,0,0,0
1466,11,27,526.515,565.909,19500.651,2,255,62.198,8.081,NA,4.285,0.014,135,135
1467,11,28,526.515,569.949,19800.661,2,255,66.238,12.121,NA,4.04,0.013,90,-45
1468,11,29,526.515,572.98,20100.671,2,255,69.268,15.152,NA,3.03,0.01,90,0
1469,11,30,526.515,572.98,20400.681,2,255,69.268,15.152,NA,0,0,0,-90
1470,11,31,526.515,573.485,20700.691,2,255,69.773,15.657,NA,0.505,0.002,90,90
1471,11,32,526.515,577.02,21000.701,2,255,73.309,19.192,NA,3.535,0.012,90,0
1472,11,33,526.515,577.02,21300.711,2,255,73.309,19.192,NA,0,0,0,-90
1473,11,34,526.515,577.02,21600.721,2,255,73.309,19.192,NA,0,0,0,0
1474,11,35,526.515,577.02,21900.731,2,255,73.309,19.192,NA,0,0,0,0
1475,11,36,519.949,574.495,22200.741,2,255,80.343,17.913,NA,7.035,0.023,-158.962,-158.962
1476,11,37,519.949,563.384,22500.751,2,255,91.454,8.601,NA,11.111,0.037,-90,68.962
1477,11,38,514.899,560.354,22800.761,2,255,97.344,11.887,NA,5.89,0.02,-149.036,-59.036
1478,11,39,514.899,558.333,23100.771,2,255,99.364,11.627,NA,2.02,0.007,-90,59.036
1479,11,40,514.899,558.333,23400.781,2,255,99.364,11.627,NA,0,0,0,90
1480,11,41,514.899,558.333,23700.791,2,255,99.364,11.627,NA,0,0,0,0
1481,11,42,514.899,558.333,24000.801,2,255,99.364,11.627,NA,0,0,0,0
1482,11,43,514.899,558.333,24300.811,2,255,99.364,11.627,NA,0,0,0,0
1483,11,44,514.899,558.333,24600.821,2,255,99.364,11.627,NA,0,0,0,0
1484,11,45,514.899,558.333,24900.831,2,255,99.364,11.627,NA,0,0,0,0
1485,11,46,514.899,558.333,25200.841,2,255,99.364,11.627,NA,0,0,0,0
1486,11,47,513.889,561.869,25500.851,2,255,103.041,13.257,NA,3.677,0.012,105.945,105.945
1487,11,48,504.293,562.374,25800.861,2,255,112.651,22.682,NA,9.609,0.032,176.987,71.042
1488,11,49,496.717,562.374,26100.871,2,255,120.226,30.143,NA,7.576,0.025,180,3.013
1489,11,50,482.071,562.374,26400.881,2,255,134.873,44.676,NA,14.646,0.049,180,0
1490,11,51,475.505,555.303,26700.891,2,255,144.522,51.073,NA,9.649,0.032,-132.879,47.121
1491,11,52,474.495,555.303,27000.901,2,207,145.532,52.081,NA,1.01,0.003,180,-47.121
1492,11,53,448.737,555.303,27300.911,2,255,171.289,77.819,NA,25.758,0.086,180,0
1493,11,54,444.192,553.283,27600.921,2,255,176.264,82.449,NA,4.974,0.017,-156.038,23.962
1494,11,55,439.141,551.263,27900.931,2,255,181.703,87.62,NA,5.44,0.018,-158.199,-2.161
1495,11,56,420.455,551.768,28200.941,2,255,200.397,106.234,NA,18.694,0.062,178.452,-23.35
1496,11,57,415.909,543.182,28500.951,2,255,210.112,111.572,NA,9.715,0.032,-117.897,63.651
1497,11,58,409.848,543.182,28800.961,2,255,216.172,117.582,NA,6.061,0.02,180,-62.103
1498,11,59,415.909,540.657,29100.971,2,255,222.738,111.931,NA,6.566,0.022,-22.62,157.38
1499,11,60,420.455,540.152,29400.981,2,255,227.311,107.524,NA,4.573,0.015,-6.34,16.28
1500,11,61,415.404,540.152,29700.991,2,255,232.362,112.508,NA,5.051,0.017,180,-173.66
1501,11,62,406.313,540.152,30001.001,2,255,241.453,121.495,NA,9.091,0.03,180,0
1502,11,63,406.313,540.152,30301.011,2,255,241.453,121.495,NA,0,0,0,-180
1503,11,64,406.313,540.152,30601.021,2,255,241.453,121.495,NA,0,0,0,0
1504,11,65,406.313,537.626,30901.031,2,255,243.978,121.888,NA,2.525,0.008,-90,-90
1505,11,66,406.313,534.596,31201.041,2,255,247.008,122.427,NA,3.03,0.01,-90,0
1506,11,67,414.899,534.596,31501.051,2,255,255.594,114.008,NA,8.586,0.029,0,90
1507,11,68,414.899,545.202,31801.061,2,255,266.2,112.328,NA,10.606,0.035,90,90
1508,11,69,413.384,554.798,32101.071,2,223,275.915,113.172,NA,9.715,0.032,98.973,8.973
1509,11,70,396.717,552.273,32401.081,2,255,292.772,129.917,NA,16.857,0.056,-171.384,89.643
1510,11,71,385.101,552.273,32701.091,2,255,304.388,141.523,NA,11.616,0.039,180,-8.616
1511,11,72,385.101,552.273,33001.101,2,255,304.388,141.523,NA,0,0,0,-180
1512,11,73,372.98,552.273,33301.111,2,255,316.509,153.636,NA,12.121,0.04,180,180
1513,11,74,370.96,547.727,33601.121,2,255,321.484,155.883,NA,4.974,0.017,-113.962,66.038
1514,11,75,370.96,547.727,33901.131,2,255,321.484,155.883,NA,0,0,0,113.962
1515,11,76,363.889,547.727,34201.141,2,255,328.554,162.94,NA,7.071,0.024,180,180
1516,11,77,363.889,547.727,34501.151,2,255,328.554,162.94,NA,0,0,0,-180
1517,11,78,363.889,547.727,34801.161,2,255,328.554,162.94,NA,0,0,0,0
1518,11,79,363.889,547.727,35101.171,2,255,328.554,162.94,NA,0,0,0,0
1519,11,80,357.828,547.727,35401.181,2,255,334.615,168.989,NA,6.061,0.02,180,180
1520,11,81,346.212,557.323,35701.191,2,255,349.682,180.304,NA,15.067,0.05,140.44,-39.56
1521,11,82,298.737,557.323,36001.201,2,255,397.157,227.778,NA,47.475,0.158,180,39.56
1522,11,83,293.687,565.404,36301.211,2,255,406.686,232.952,NA,9.529,0.032,122.005,-57.995
1523,11,84,290.152,568.939,36601.221,2,255,411.686,236.625,NA,5,0.017,135,12.995
1524,11,85,285.101,568.939,36901.231,2,255,416.736,241.67,NA,5.051,0.017,180,45
1525,11,86,285.101,568.939,37201.241,2,255,416.736,241.67,NA,0,0,0,-180
1526,11,87,285.101,568.939,37501.251,2,255,416.736,241.67,NA,0,0,0,0
1527,11,88,285.101,568.939,37801.261,2,255,416.736,241.67,NA,0,0,0,0
1528,11,89,291.162,564.394,38101.271,2,255,424.312,235.445,NA,7.576,0.025,-36.87,-36.87
1529,11,90,293.687,550.253,38401.281,2,255,438.677,232.952,NA,14.365,0.048,-79.875,-43.005
1530,11,91,300.758,514.899,38701.291,2,153,474.731,229.803,NA,36.054,0.12,-78.69,1.185
1531,11,92,308.333,511.364,39001.301,2,255,483.091,223.075,NA,8.36,0.028,-25.017,53.673
1532,11,93,308.333,502.778,39301.311,2,255,491.677,225.02,NA,8.586,0.029,-90,-64.983
1533,11,94,308.333,511.364,39601.321,2,255,500.263,223.075,NA,8.586,0.029,90,180
1534,11,95,308.333,511.364,39901.331,2,255,500.263,223.075,NA,0,0,0,-90
1535,11,96,308.333,511.364,40201.341,2,255,500.263,223.075,NA,0,0,0,0
1536,11,97,305.808,512.374,40501.351,2,255,502.982,225.339,NA,2.72,0.009,158.199,158.199
1537,11,98,296.717,509.848,40801.361,2,255,512.417,234.753,NA,9.435,0.031,-164.476,37.326
1538,11,99,284.596,503.788,41101.371,2,255,525.969,247.882,NA,13.552,0.045,-153.435,11.041
1539,11,100,274.495,503.788,41401.381,2,255,536.07,257.749,NA,10.101,0.034,180,-26.565
1540,11,101,242.172,512.879,41701.391,2,255,569.648,287.874,NA,33.577,0.112,164.291,-15.709
1541,11,102,199.242,519.444,42001.401,2,255,613.076,329.516,NA,43.428,0.145,171.304,7.013
1542,11,103,167.424,518.434,42301.411,2,255,644.91,361.245,NA,31.834,0.106,-178.182,10.514
1543,11,104,154.798,522.98,42601.421,2,255,658.33,373.347,NA,13.42,0.045,160.201,-21.617
1544,11,105,148.737,519.444,42901.431,2,255,665.346,379.723,NA,7.016,0.023,-149.744,50.055
1545,11,106,148.737,519.444,43201.441,2,255,665.346,379.723,NA,0,0,0,149.744
1546,11,107,138.131,527.02,43501.451,2,255,678.38,389.604,NA,13.034,0.043,144.462,144.462
1547,11,108,120.96,527.02,43801.461,2,255,695.552,406.724,NA,17.172,0.057,180,35.538
1548,11,109,106.818,516.414,44101.471,2,255,713.229,421.735,NA,17.677,0.059,-143.13,36.87
1549,11,110,92.677,497.222,44401.481,2,255,737.068,438.051,NA,23.839,0.079,-126.384,16.746
1550,11,111,81.061,485.606,44701.491,2,113,753.496,451.271,NA,16.428,0.055,-135,-8.616
1551,11,112,66.919,474.495,45001.501,2,255,771.48,467.09,NA,17.984,0.06,-141.843,-6.843
1552,11,113,65.909,473.485,45301.511,2,255,772.908,468.265,NA,1.428,0.005,-135,6.843
1553,11,114,65.909,473.485,45601.521,2,255,772.908,468.265,NA,0,0,0,135
1554,11,115,60.859,476.01,45901.531,2,255,778.555,472.79,NA,5.647,0.019,153.435,153.435
1555,11,116,60.859,476.01,46201.542,2,255,778.555,472.79,NA,0,0,0,-153.435
1556,11,117,68.939,481.061,46501.552,2,255,788.084,463.971,NA,9.529,0.032,32.005,32.005
1557,11,118,68.939,481.061,46801.562,2,255,788.084,463.971,NA,0,0,0,-32.005
1558,11,119,71.465,470.96,47101.572,2,255,798.496,463.268,NA,10.412,0.035,-75.964,-75.964
1559,11,120,67.424,470.96,47401.582,2,255,802.537,467.237,NA,4.04,0.013,180,-104.036
1560,11,121,61.869,467.424,47701.592,2,255,809.122,473.36,NA,6.585,0.022,-147.529,32.471
1561,11,122,57.828,463.384,48001.602,2,255,814.836,478.108,NA,5.714,0.019,-135,12.529
1562,11,123,57.828,454.293,48301.612,2,255,823.927,479.986,NA,9.091,0.03,-90,45
1563,11,124,57.828,454.293,48601.622,2,255,823.927,479.986,NA,0,0,0,90
1564,11,125,57.828,454.293,48901.632,2,255,823.927,479.986,NA,0,0,0,0
1565,11,126,57.828,465.404,49201.642,2,255,835.038,477.713,NA,11.111,0.037,90,90
1566,11,127,57.828,465.404,49501.652,2,255,835.038,477.713,NA,0,0,0,-90
1567,11,128,57.828,465.404,49801.662,2,255,835.038,477.713,NA,0,0,0,0
1568,11,129,62.879,465.404,50101.672,2,255,840.088,472.759,NA,5.051,0.017,0,0
1569,11,130,62.879,465.404,50401.682,2,255,840.088,472.759,NA,0,0,0,0
1570,11,131,62.879,465.404,50701.692,2,255,840.088,472.759,NA,0,0,0,0
1571,11,132,62.879,462.374,51001.702,2,255,843.118,473.361,NA,3.03,0.01,-90,-90
1572,11,133,62.879,457.323,51301.712,2,255,848.169,474.405,NA,5.051,0.017,-90,0
1573,11,134,69.949,457.323,51601.722,2,255,855.24,467.497,NA,7.071,0.024,0,90
1574,11,135,77.525,451.768,51901.732,2,255,864.634,461.347,NA,9.394,0.031,-36.254,-36.254
1575,11,136,77.525,451.768,52201.742,2,255,864.634,461.347,NA,0,0,0,36.254
1576,11,137,77.525,451.768,52501.752,2,255,864.634,461.347,NA,0,0,0,0
1577,11,138,77.525,451.768,52801.762,2,255,864.634,461.347,NA,0,0,0,0
1578,11,139,70.96,444.697,53101.772,2,255,874.283,469.393,NA,9.649,0.032,-132.879,-132.879
1579,11,140,70.96,443.687,53401.782,2,255,875.293,469.637,NA,1.01,0.003,-90,42.879
1580,11,141,70.96,440.152,53701.792,2,255,878.829,470.509,NA,3.535,0.012,-90,0
1581,11,142,76.01,432.576,54001.802,2,255,887.934,467.593,NA,9.105,0.03,-56.31,33.69
1582,11,143,76.01,426.01,54301.812,2,255,894.499,469.394,NA,6.566,0.022,-90,-33.69
1583,11,144,76.01,426.01,54601.822,2,255,894.499,469.394,NA,0,0,0,90
1584,11,145,83.081,421.97,54901.832,2,255,902.643,463.78,NA,8.144,0.027,-29.745,-29.745
1585,11,146,83.586,419.444,55201.842,2,255,905.218,464.044,NA,2.575,0.009,-78.69,-48.945
1586,11,147,84.596,419.444,55501.852,2,255,906.228,463.08,NA,1.01,0.003,0,78.69
1587,11,148,95.202,407.323,55801.862,2,255,922.335,456.818,NA,16.106,0.054,-48.814,-48.814
1588,11,149,108.838,394.697,56101.872,2,255,940.919,448.404,NA,18.584,0.062,-42.797,6.017
1589,11,150,110.859,387.121,56401.882,2,255,948.759,449.345,NA,7.84,0.026,-75.069,-32.271
1590,11,151,111.364,386.111,56701.892,2,255,949.889,449.263,NA,1.129,0.004,-63.435,11.634
1591,11,152,113.889,386.111,57001.902,2,255,952.414,446.931,NA,2.525,0.008,0,63.435
1592,11,153,113.889,386.111,57301.912,2,255,952.414,446.931,NA,0,0,0,0
1593,11,154,113.384,379.545,57601.922,2,255,958.999,449.958,NA,6.585,0.022,-94.399,-94.399
1594,11,155,111.364,376.01,57901.932,2,255,963.071,453.22,NA,4.072,0.014,-119.745,-25.346
1595,11,156,103.788,361.364,58201.942,2,255,979.56,466.151,NA,16.49,0.055,-117.35,2.395
1596,11,157,98.232,361.364,58501.952,2,255,985.116,471.195,NA,5.556,0.019,180,-62.65
1597,11,158,90.657,356.313,58801.962,2,255,994.221,480.189,NA,9.105,0.03,-146.31,33.69
1598,11,159,82.071,347.727,59101.972,2,255,1006.363,491.603,NA,12.142,0.04,-135,11.31
1599,11,160,78.03,347.222,59401.982,2,255,1010.435,495.473,NA,4.072,0.014,-172.875,-37.875
1600,12,1,1067.929,719.949,20400.681,2,173,0,0,NA,NA,NA,NA,NA
1601,12,2,1067.929,719.949,20700.691,2,179,0,0,NA,0,0,0,NA
1602,12,3,1077.02,712.879,21000.701,2,167,11.517,11.517,NA,11.517,0.038,-37.875,-37.875
1603,12,4,1082.576,711.869,21300.711,2,125,17.164,16.728,NA,5.647,0.019,-10.305,27.57
1604,12,5,1095.202,711.869,21600.721,2,123,29.79,28.445,NA,12.626,0.042,0,10.305
1605,12,6,1095.202,711.869,21900.731,2,143,29.79,28.445,NA,0,0,0,0
1606,12,7,1095.202,711.869,22200.741,2,122,29.79,28.445,NA,0,0,0,0
1607,12,8,1107.828,702.273,22500.751,2,255,45.649,43.639,NA,15.859,0.053,-37.235,-37.235
1608,12,9,1108.838,702.273,22800.761,2,111,46.659,44.565,NA,1.01,0.003,0,37.235
1609,12,10,1111.364,702.273,23100.771,2,247,49.184,46.894,NA,2.525,0.008,0,0
1610,12,11,1111.364,702.273,23400.781,2,255,49.184,46.894,NA,0,0,0,0
1611,12,12,1114.394,702.778,23700.791,2,255,52.256,49.536,NA,3.072,0.01,9.462,9.462
1612,12,13,1125,703.283,24000.801,2,247,62.874,59.455,NA,10.618,0.035,2.726,-6.736
1613,12,14,1119.949,711.364,24300.811,2,173,72.404,52.724,NA,9.529,0.032,122.005,119.279
1614,12,15,1125.505,711.364,24600.821,2,117,77.959,58.212,NA,5.556,0.019,0,-122.005
1615,12,16,1131.566,711.364,24900.831,2,227,84.02,64.213,NA,6.061,0.02,0,0
1616,12,17,1131.566,711.364,25200.841,2,255,84.02,64.213,NA,0,0,0,0
1617,12,18,1131.566,711.364,25500.851,2,212,84.02,64.213,NA,0,0,0,0
1618,12,19,1131.566,711.364,25800.861,2,113,84.02,64.213,NA,0,0,0,0
1619,12,20,1133.081,708.838,26100.871,2,245,86.965,66.092,NA,2.945,0.01,-59.036,-59.036
1620,12,21,1129.04,707.828,26400.881,2,204,91.129,62.302,NA,4.165,0.014,-165.964,-106.928
1621,12,22,1129.04,707.828,26700.891,2,181,91.129,62.302,NA,0,0,0,165.964
1622,12,23,1129.04,707.828,27000.901,2,255,91.129,62.302,NA,0,0,0,0
1623,12,24,1124.495,706.313,27300.911,2,238,95.921,58.186,NA,4.791,0.016,-161.565,-161.565
1624,12,25,1123.99,706.313,27600.921,2,255,96.426,57.695,NA,0.505,0.002,180,-18.435
1625,12,26,1123.99,701.263,27900.931,2,255,101.476,59.093,NA,5.051,0.017,-90,90
1626,12,27,1124.495,701.263,28200.941,2,210,101.981,59.572,NA,0.505,0.002,0,90
1627,12,28,1138.636,701.263,28500.951,2,255,116.123,73.135,NA,14.141,0.047,0,0
1628,12,29,1147.727,698.232,28800.961,2,229,125.705,82.7,NA,9.583,0.032,-18.435,-18.435
1629,12,30,1147.727,698.232,29100.971,2,209,125.705,82.7,NA,0,0,0,18.435
1630,12,31,1147.727,695.202,29400.981,2,234,128.736,83.547,NA,3.03,0.01,-90,-90
1631,12,32,1155.808,687.121,29700.991,2,107,140.164,93.81,NA,11.428,0.038,-45,45
1632,12,33,1164.899,677.525,30001.001,2,187,153.382,105.844,NA,13.218,0.044,-46.548,-1.548
1633,12,34,1164.899,677.525,30301.011,2,244,153.382,105.844,NA,0,0,0,46.548
1634,12,35,1175,667.929,30601.021,2,219,167.315,119.039,NA,13.932,0.046,-43.531,-43.531
1635,12,36,1176.01,662.374,30901.031,2,255,172.961,122.46,NA,5.647,0.019,-79.695,-36.164
1636,12,37,1179.545,655.808,31201.041,2,234,180.418,128.733,NA,7.457,0.025,-61.699,17.996
1637,12,38,1186.616,653.283,31501.051,2,191,187.926,136.129,NA,7.508,0.025,-19.654,42.045
1638,12,39,1202.778,655.303,31801.061,2,171,204.214,149.544,NA,16.287,0.054,7.125,26.779
1639,12,40,1213.384,653.788,32101.071,2,255,214.927,159.795,NA,10.714,0.036,-8.13,-15.255
1640,12,41,1213.384,653.788,32401.081,2,255,214.927,159.795,NA,0,0,0,8.13
1641,12,42,1213.384,653.788,32701.091,2,250,214.927,159.795,NA,0,0,0,0
1642,12,43,1213.384,653.788,33001.101,2,216,214.927,159.795,NA,0,0,0,0
1643,12,44,1225,652.273,33301.111,2,220,226.642,171.03,NA,11.715,0.039,-7.431,-7.431
1644,12,45,1245.707,652.273,33601.121,2,221,247.349,190.224,NA,20.707,0.069,0,7.431
1645,12,46,1249.747,656.818,33901.131,2,175,253.431,192.467,NA,6.082,0.02,48.366,48.366
1646,12,47,1260.859,656.818,34201.141,2,152,264.542,202.996,NA,11.111,0.037,0,-48.366
1647,12,48,1269.444,656.818,34501.151,2,255,273.128,211.173,NA,8.586,0.029,0,0
1648,12,49,1272.98,656.818,34801.161,2,153,276.663,214.549,NA,3.535,0.012,0,0
1649,12,50,1272.98,656.818,35101.171,2,148,276.663,214.549,NA,0,0,0,0
1650,12,51,1286.111,656.313,35401.181,2,201,289.804,227.273,NA,13.141,0.044,-2.203,-2.203
1651,12,52,1293.687,654.293,35701.191,2,186,297.644,235.111,NA,7.84,0.026,-14.931,-12.729
1652,12,53,1298.232,654.293,36001.201,2,141,302.19,239.479,NA,4.545,0.015,0,14.931
1653,12,54,1298.232,654.293,36301.211,2,237,302.19,239.479,NA,0,0,0,0
1654,12,55,1314.899,643.182,36601.221,2,236,322.221,258.626,NA,20.031,0.067,-33.69,-33.69
1655,12,56,1320.455,635.606,36901.231,2,175,331.615,266.238,NA,9.394,0.031,-53.746,-20.056
1656,12,57,1325.505,635.606,37201.241,2,184,336.666,271.033,NA,5.051,0.017,0,53.746
1657,12,58,1329.545,631.061,37501.251,2,215,342.747,276.305,NA,6.082,0.02,-48.366,-48.366
1658,12,59,1329.545,631.061,37801.261,2,255,342.747,276.305,NA,0,0,0,48.366
1659,12,60,1340.657,621.97,38101.271,2,105,357.104,289.793,NA,14.356,0.048,-39.289,-39.289
1660,12,61,1354.293,625.505,38401.281,2,250,371.191,301.536,NA,14.087,0.047,14.534,53.824
1661,12,62,1359.343,633.081,38701.291,2,182,380.296,304.086,NA,9.105,0.03,56.31,41.775
1662,12,63,1365.909,635.606,39001.301,2,252,387.33,309.687,NA,7.035,0.023,21.038,-35.272
1663,12,64,1365.909,635.606,39301.311,2,255,387.33,309.687,NA,0,0,0,-21.038
1664,12,65,1365.909,635.606,39601.321,2,255,387.33,309.687,NA,0,0,0,0
1665,12,66,1365.909,629.545,39901.331,2,255,393.391,311.392,NA,6.061,0.02,-90,-90
1666,12,67,1365.909,626.01,40201.341,2,255,396.926,312.437,NA,3.535,0.012,-90,0
1667,12,68,1365.909,622.475,40501.351,2,219,400.462,313.518,NA,3.535,0.012,-90,0
1668,12,69,1370.455,618.939,40801.361,2,255,406.22,318.943,NA,5.758,0.019,-37.875,52.125
1669,12,70,1373.99,618.434,41101.371,2,255,409.791,322.457,NA,3.571,0.012,-8.13,29.745
1670,12,71,1373.99,618.434,41401.381,2,255,409.791,322.457,NA,0,0,0,8.13
1671,12,72,1373.99,618.434,41701.391,2,255,409.791,322.457,NA,0,0,0,0
1672,12,73,1373.99,618.434,42001.401,2,240,409.791,322.457,NA,0,0,0,0
1673,12,74,1373.99,620.455,42301.411,2,255,411.812,321.827,NA,2.02,0.007,90,90
1674,12,75,1373.99,619.949,42601.421,2,255,412.317,321.983,NA,0.505,0.002,-90,-180
1675,12,76,1373.99,618.939,42901.431,2,232,413.327,322.298,NA,1.01,0.003,-90,0
1676,12,77,1368.939,618.939,43201.441,2,217,418.377,317.506,NA,5.051,0.017,180,-90
1677,12,78,1368.939,626.01,43501.451,2,255,425.448,315.328,NA,7.071,0.024,90,-90
1678,12,79,1368.939,626.01,43801.461,2,255,425.448,315.328,NA,0,0,0,-90
1679,12,80,1375,626.01,44101.471,2,255,431.508,321.118,NA,6.061,0.02,0,0
1680,12,81,1375,626.01,44401.481,2,255,431.508,321.118,NA,0,0,0,0
1681,12,82,1380.051,623.485,44701.491,2,255,437.155,326.688,NA,5.647,0.019,-26.565,-26.565
1682,12,83,1380.051,625,45001.501,2,164,438.67,326.244,NA,1.515,0.005,90,116.565
1683,12,84,1389.646,625,45301.511,2,208,448.266,335.436,NA,9.596,0.032,0,-90
1684,12,85,1390.152,632.071,45601.521,2,255,455.355,333.991,NA,7.089,0.024,85.914,85.914
1685,12,86,1391.667,631.061,45901.531,2,209,457.176,335.719,NA,1.821,0.006,-33.69,-119.604
1686,12,87,1406.313,635.101,46201.542,2,233,472.369,348.859,NA,15.194,0.051,15.422,49.112
1687,12,88,1413.384,640.657,46501.552,2,255,481.362,354.438,NA,8.992,0.03,38.157,22.735
1688,12,89,1413.384,640.657,46801.562,2,255,481.362,354.438,NA,0,0,0,-38.157
1689,12,90,1411.869,644.192,47101.572,2,196,485.208,352.184,NA,3.846,0.013,113.199,113.199
1690,12,91,1411.869,673.485,47401.582,2,255,514.501,347.064,NA,29.293,0.098,90,-23.199
1691,12,92,1415.909,681.566,47701.592,2,208,523.536,350.09,NA,9.035,0.03,63.435,-26.565
1692,12,93,1430.556,703.283,48001.602,2,237,549.73,363.009,NA,26.195,0.087,56.004,-7.431
1693,12,94,1438.131,705.808,48301.612,2,215,557.716,370.472,NA,7.986,0.027,18.435,-37.569
1694,12,95,1438.131,708.333,48601.622,2,255,560.241,370.384,NA,2.525,0.008,90,71.565
1695,12,96,1438.131,713.384,48901.632,2,255,565.291,370.26,NA,5.051,0.017,90,0
1696,12,97,1438.131,721.97,49201.642,2,114,573.877,370.208,NA,8.586,0.029,90,0
1697,12,98,1429.545,718.939,49501.652,2,232,582.982,361.618,NA,9.105,0.03,-160.56,109.44
1698,12,99,1429.545,718.434,49801.662,2,255,583.487,361.619,NA,0.505,0.002,-90,70.56
1699,12,100,1429.545,718.434,50101.672,2,255,583.487,361.619,NA,0,0,0,90
1700,12,101,1429.545,722.98,50401.682,2,133,588.033,361.629,NA,4.545,0.015,90,90
1701,12,102,1433.586,724.495,50701.692,2,141,592.348,365.685,NA,4.315,0.014,20.556,-69.444
1702,12,103,1445.202,724.495,51001.702,2,255,603.964,377.3,NA,11.616,0.039,0,-20.556
1703,12,104,1448.232,724.495,51301.712,2,254,606.994,380.33,NA,3.03,0.01,0,0
1704,12,105,1448.232,720.96,51601.722,2,244,610.53,380.304,NA,3.535,0.012,-90,-90
1705,12,106,1459.848,713.384,51901.732,2,199,624.398,391.974,NA,13.868,0.046,-33.111,56.889
1706,12,107,1473.485,704.798,52201.742,2,163,640.512,405.838,NA,16.114,0.054,-32.196,0.916
1707,12,108,1481.566,704.798,52501.752,2,224,648.593,413.914,NA,8.081,0.027,0,32.196
1708,12,109,1481.566,704.798,52801.762,2,255,648.593,413.914,NA,0,0,0,0
1709,12,110,1491.667,703.788,53101.772,2,109,658.744,424.045,NA,10.151,0.034,-5.711,-5.711
1710,12,111,1499.747,703.788,53401.782,2,210,666.825,432.121,NA,8.081,0.027,0,5.711
1711,12,112,1510.859,729.545,53701.792,2,163,694.877,443.033,NA,28.052,0.094,66.666,66.666
1712,12,113,1511.364,739.646,54001.802,2,193,704.991,443.872,NA,10.114,0.034,87.138,20.472
1713,12,114,1511.364,739.646,54301.812,2,118,704.991,443.872,NA,0,0,0,-87.138
1714,12,115,1522.475,739.646,54601.822,2,201,716.102,454.972,NA,11.111,0.037,0,0
1715,12,116,1529.545,739.646,54901.832,2,168,723.172,462.036,NA,7.071,0.024,0,0
1716,12,117,1536.616,737.626,55201.842,2,222,730.526,469.02,NA,7.354,0.025,-15.945,-15.945
1717,12,118,1538.131,738.131,55501.852,2,97,732.123,470.553,NA,1.597,0.005,18.435,34.38
1718,12,119,1541.667,753.283,55801.862,2,176,747.682,474.909,NA,15.559,0.052,76.866,58.431
1719,12,120,1543.687,755.808,56101.872,2,206,750.916,477.107,NA,3.234,0.011,51.34,-25.526
1720,12,121,1546.717,762.374,56401.882,2,226,758.147,480.664,NA,7.231,0.024,65.225,13.885
1721,13,1,1037.121,456.818,18900.631,2,207,0,0,NA,NA,NA,NA,NA
1722,13,2,1037.626,451.768,19200.641,2,192,5.076,5.076,NA,5.076,0.017,-84.289,NA
1723,13,3,1039.646,451.768,19500.651,2,213,7.096,5.647,NA,2.02,0.007,0,84.289
1724,13,4,1045.202,451.768,19800.661,2,255,12.651,9.529,NA,5.556,0.019,0,0
1725,13,5,1048.232,445.707,20100.671,2,229,19.427,15.713,NA,6.776,0.023,-63.435,-63.435
1726,13,6,1053.788,444.192,20400.681,2,233,25.186,20.909,NA,5.758,0.019,-15.255,48.18
1727,13,7,1053.788,444.192,20700.691,2,146,25.186,20.909,NA,0,0,0,15.255
1728,13,8,1072.98,434.091,21000.701,2,222,46.874,42.454,NA,21.688,0.072,-27.759,-27.759
1729,13,9,1081.566,434.091,21300.711,2,202,55.46,49.918,NA,8.586,0.029,0,27.759
1730,13,10,1087.626,437.626,21600.721,2,255,62.476,54.029,NA,7.016,0.023,30.256,30.256
1731,13,11,1087.626,437.626,21900.731,2,246,62.476,54.029,NA,0,0,0,-30.256
1732,13,12,1092.677,431.566,22200.741,2,255,70.365,61.025,NA,7.889,0.026,-50.194,-50.194
1733,13,13,1092.677,431.566,22500.751,2,255,70.365,61.025,NA,0,0,0,50.194
1734,13,14,1098.232,430.051,22800.761,2,246,76.124,66.716,NA,5.758,0.019,-15.255,-15.255
1735,13,15,1116.919,430.051,23100.771,2,255,94.81,84.168,NA,18.687,0.062,0,15.255
1736,13,16,1116.919,430.051,23400.781,2,255,94.81,84.168,NA,0,0,0,0
1737,13,17,1118.434,426.515,23700.791,2,255,98.657,86.776,NA,3.846,0.013,-66.801,-66.801
1738,13,18,1118.434,426.515,24000.801,2,255,98.657,86.776,NA,0,0,0,66.801
1739,13,19,1118.939,418.939,24300.811,2,235,106.249,90.161,NA,7.593,0.025,-86.186,-86.186
1740,13,20,1118.939,408.838,24600.821,2,255,116.35,94.849,NA,10.101,0.034,-90,-3.814
1741,13,21,1128.03,403.788,24900.831,2,255,126.75,105.246,NA,10.4,0.035,-29.055,60.945
1742,13,22,1128.03,404.798,25200.841,2,255,127.76,104.74,NA,1.01,0.003,90,119.055
1743,13,23,1136.111,394.697,25500.851,2,255,140.696,116.868,NA,12.936,0.043,-51.34,-141.34
1744,13,24,1136.111,394.697,25800.861,2,255,140.696,116.868,NA,0,0,0,51.34
1745,13,25,1136.111,394.697,26100.871,2,255,140.696,116.868,NA,0,0,0,0
1746,13,26,1136.111,394.697,26400.881,2,255,140.696,116.868,NA,0,0,0,0
1747,13,27,1136.111,394.697,26700.891,2,255,140.696,116.868,NA,0,0,0,0
1748,13,28,1136.111,394.697,27000.901,2,255,140.696,116.868,NA,0,0,0,0
1749,13,29,1120.96,385.606,27300.911,2,255,158.365,110,NA,17.67,0.059,-149.036,-149.036
1750,13,30,1120.96,380.051,27600.921,2,255,163.921,113.676,NA,5.556,0.019,-90,59.036
1751,13,31,1120.96,372.475,27900.931,2,255,171.497,118.923,NA,7.576,0.025,-90,0
1752,13,32,1120.96,372.475,28200.941,2,255,171.497,118.923,NA,0,0,0,90
1753,13,33,1120.96,368.434,28500.951,2,255,175.537,121.822,NA,4.04,0.013,-90,-90
1754,13,34,1120.96,358.333,28800.961,2,255,185.638,129.337,NA,10.101,0.034,-90,0
1755,13,35,1120.96,327.02,29100.971,2,255,216.951,154.52,NA,31.313,0.104,-90,0
1756,13,36,1116.667,327.273,29400.981,2,255,221.251,152.018,NA,4.3,0.014,176.634,-93.366
1757,13,37,1116.667,326.515,29700.991,2,255,222.009,152.664,NA,0.758,0.003,-90,93.366
1758,13,38,1117.424,325.758,30001.001,2,255,223.08,153.706,NA,1.071,0.004,-45,45
1759,13,39,1117.424,318.182,30301.011,2,255,230.656,160.214,NA,7.576,0.025,-90,-45
1760,13,40,1118.182,298.485,30601.021,2,255,250.368,177.877,NA,19.712,0.066,-87.797,2.203
1761,13,41,1118.182,298.485,30901.031,2,255,250.368,177.877,NA,0,0,0,87.797
1762,13,42,1118.182,287.879,31201.041,2,255,260.974,187.38,NA,10.606,0.035,-90,-90
1763,13,43,1118.182,281.061,31501.051,2,255,267.792,193.55,NA,6.818,0.023,-90,0
1764,13,44,1118.182,268.182,31801.061,2,255,280.671,205.316,NA,12.879,0.043,-90,0
1765,13,45,1120.455,260.606,32101.071,2,255,288.58,213.175,NA,7.909,0.026,-73.301,16.699
1766,13,46,1120.455,260.606,32401.081,2,255,288.58,213.175,NA,0,0,0,73.301
1767,13,47,1115.909,253.03,32701.091,2,255,297.415,218.488,NA,8.835,0.029,-120.964,-120.964
1768,13,48,1115.909,255.303,33001.101,2,255,299.688,216.37,NA,2.273,0.008,90,-149.036
1769,13,49,1115.909,234.091,33301.111,2,255,320.9,236.252,NA,21.212,0.071,-90,-180
1770,13,50,1112.121,226.515,33601.121,2,255,329.37,242.208,NA,8.47,0.028,-116.565,-26.565
1771,13,51,1112.121,226.515,33901.131,2,255,329.37,242.208,NA,0,0,0,116.565
1772,13,52,1109.091,215.152,34201.141,2,255,341.13,252.156,NA,11.761,0.039,-104.931,-104.931
1773,13,53,1121.212,212.121,34501.151,2,255,353.625,258.743,NA,12.494,0.042,-14.036,90.895
1774,13,54,1118.182,212.121,34801.161,2,255,356.655,257.774,NA,3.03,0.01,180,-165.964
1775,13,55,1118.182,212.121,35101.171,2,255,356.655,257.774,NA,0,0,0,-180
1776,13,56,1107.576,211.364,35401.181,2,255,367.288,255.366,NA,10.633,0.035,-175.914,-175.914
1777,13,57,1107.576,205.303,35701.191,2,255,373.349,261.197,NA,6.061,0.02,-90,85.914
1778,13,58,1107.576,205.303,36001.201,2,252,373.349,261.197,NA,0,0,0,90
1779,13,59,1107.576,198.485,36301.211,2,255,380.167,267.768,NA,6.818,0.023,-90,-90
1780,13,60,1107.576,193.182,36601.221,2,255,385.47,272.888,NA,5.303,0.018,-90,0
1781,13,61,1112.121,192.424,36901.231,2,255,390.078,274.826,NA,4.608,0.015,-9.462,80.538
1782,13,62,1113.636,192.424,37201.241,2,255,391.593,275.243,NA,1.515,0.005,0,9.462
1783,13,63,1136.364,192.424,37501.251,2,255,414.32,282.406,NA,22.727,0.076,0,0
1784,13,64,1134.091,190.909,37801.261,2,255,417.052,283.038,NA,2.731,0.009,-146.31,-146.31
1785,13,65,1135.606,180.303,38101.271,2,255,427.766,293.53,NA,10.714,0.036,-81.87,64.44
1786,13,66,1135.606,180.303,38401.281,2,255,427.766,293.53,NA,0,0,0,81.87
1787,13,67,1151.515,181.818,38701.291,2,255,443.747,297.844,NA,15.981,0.053,5.44,5.44
1788,13,68,1151.515,181.818,39001.301,2,233,443.747,297.844,NA,0,0,0,-5.44
1789,13,69,1156.061,191.667,39301.311,2,172,454.593,290.606,NA,10.847,0.036,65.225,65.225
1790,13,70,1162.879,193.182,39601.321,2,255,461.578,292.094,NA,6.985,0.023,12.529,-52.696
1791,13,71,1176.515,219.697,39901.331,2,255,491.394,275.058,NA,29.816,0.099,62.784,50.255
1792,13,72,1180.303,219.697,40201.341,2,255,495.182,276.997,NA,3.788,0.013,0,-62.784
1793,13,73,1180.303,219.697,40501.351,2,255,495.182,276.997,NA,0,0,0,0
1794,13,74,1187.121,219.697,40801.361,2,255,502,280.582,NA,6.818,0.023,0,0
1795,13,75,1202.273,219.697,41101.371,2,255,517.152,288.966,NA,15.152,0.051,0,0
1796,13,76,1212.879,225.758,41401.381,2,255,529.367,290.31,NA,12.216,0.041,29.745,29.745
1797,13,77,1225,225.758,41701.391,2,255,541.488,297.804,NA,12.121,0.04,0,-29.745
1798,13,78,1233.333,223.485,42001.401,2,255,550.126,304.867,NA,8.638,0.029,-15.255,-15.255
1799,13,79,1233.333,223.485,42301.411,2,255,550.126,304.867,NA,0,0,0,15.255
1800,13,80,1256.818,217.424,42601.421,2,255,574.38,324.925,NA,24.254,0.081,-14.47,-14.47
1801,13,81,1256.818,212.121,42901.431,2,255,579.683,328.852,NA,5.303,0.018,-90,-75.53
1802,13,82,1253.03,209.848,43201.441,2,255,584.101,328.041,NA,4.417,0.015,-149.036,-59.036
1803,13,83,1253.03,196.212,43501.451,2,231,597.737,338.426,NA,13.636,0.045,-90,59.036
1804,13,84,1262.879,178.03,43801.461,2,174,618.415,358.733,NA,20.678,0.069,-61.557,28.443
1805,13,85,1268.939,162.121,44101.471,2,255,635.439,374.948,NA,17.024,0.057,-69.146,-7.588
1806,14,1,1086.364,592.424,14700.49,2,148,0,0,NA,NA,NA,NA,NA
1807,14,2,1094.697,592.424,15000.5,2,242,8.333,8.333,NA,8.333,0.028,0,NA
1808,14,3,1094.697,592.424,15300.51,2,233,8.333,8.333,NA,0,0,0,0
1809,14,4,1094.697,592.424,15600.521,2,255,8.333,8.333,NA,0,0,0,0
1810,14,5,1094.697,592.424,15900.531,2,244,8.333,8.333,NA,0,0,0,0
1811,14,6,1097.727,592.424,16200.541,2,255,11.364,11.364,NA,3.03,0.01,0,0
1812,14,7,1112.121,592.424,16500.551,2,236,25.758,25.758,NA,14.394,0.048,0,0
1813,14,8,1112.121,592.424,16800.561,2,254,25.758,25.758,NA,0,0,0,0
1814,14,9,1112.121,592.424,17100.571,2,227,25.758,25.758,NA,0,0,0,0
1815,14,10,1111.364,583.333,17400.581,2,188,34.88,26.602,NA,9.122,0.03,-94.764,-94.764
1816,14,11,1111.364,583.333,17700.591,2,235,34.88,26.602,NA,0,0,0,94.764
1817,14,12,1111.364,583.333,18000.601,2,239,34.88,26.602,NA,0,0,0,0
1818,14,13,1110.606,587.121,18300.611,2,203,38.743,24.816,NA,3.863,0.013,101.31,101.31
1819,14,14,1113.636,591.667,18600.621,2,255,44.206,27.283,NA,5.463,0.018,56.31,-45
1820,14,15,1113.636,595.455,18900.631,2,255,47.994,27.441,NA,3.788,0.013,90,33.69
1821,14,16,1113.636,595.455,19200.641,2,255,47.994,27.441,NA,0,0,0,-90
1822,14,17,1114.394,594.697,19500.651,2,255,49.065,28.122,NA,1.071,0.004,-45,-45
1823,14,18,1118.939,595.455,19800.661,2,196,53.673,32.716,NA,4.608,0.015,9.462,54.462
1824,14,19,1118.939,608.333,20100.671,2,255,66.552,36.253,NA,12.879,0.043,90,80.538
1825,14,20,1118.939,608.333,20400.681,2,215,66.552,36.253,NA,0,0,0,-90
1826,14,21,1118.939,611.364,20700.691,2,242,69.582,37.681,NA,3.03,0.01,90,90
1827,14,22,1115.152,612.121,21000.701,2,255,73.445,34.881,NA,3.863,0.013,168.69,78.69
1828,14,23,1115.152,612.121,21300.711,2,255,73.445,34.881,NA,0,0,0,-168.69
1829,14,24,1115.152,621.97,21600.721,2,255,83.294,41.251,NA,9.848,0.033,90,90
1830,14,25,1115.152,626.515,21900.731,2,246,87.839,44.62,NA,4.545,0.015,90,0
1831,14,26,1115.152,626.515,22200.741,2,255,87.839,44.62,NA,0,0,0,-90
1832,14,27,1124.242,633.333,22500.751,2,255,99.203,55.753,NA,11.364,0.038,36.87,36.87
1833,14,28,1133.333,636.364,22800.761,2,255,108.785,64.318,NA,9.583,0.032,18.435,-18.435
1834,14,29,1144.697,636.364,23100.771,2,227,120.149,73.03,NA,11.364,0.038,0,-18.435
1835,14,30,1152.273,638.636,23400.781,2,255,128.058,80.496,NA,7.909,0.026,16.699,16.699
1836,14,31,1169.697,648.485,23700.791,2,255,148.073,100.435,NA,20.015,0.067,29.476,12.777
1837,14,32,1181.818,649.242,24000.801,2,239,160.218,111.085,NA,12.145,0.04,3.576,-25.9
1838,14,33,1181.818,649.242,24300.811,2,255,160.218,111.085,NA,0,0,0,-3.576
1839,14,34,1192.424,659.848,24600.821,2,255,175.217,125.678,NA,14.999,0.05,45,45
1840,14,35,1192.424,659.848,24900.831,2,255,175.217,125.678,NA,0,0,0,-45
1841,14,36,1192.424,659.848,25200.841,2,255,175.217,125.678,NA,0,0,0,0
1842,14,37,1192.424,669.697,25500.851,2,255,185.066,131.225,NA,9.848,0.033,90,90
1843,14,38,1189.394,671.212,25800.861,2,255,188.454,129.703,NA,3.388,0.011,153.435,63.435
1844,14,39,1187.121,671.212,26100.871,2,255,190.727,127.905,NA,2.273,0.008,180,26.565
1845,14,40,1187.121,671.212,26400.881,2,217,190.727,127.905,NA,0,0,0,-180
1846,14,41,1187.121,675,26700.891,2,255,194.515,130.272,NA,3.788,0.013,90,90
1847,14,42,1188.636,675,27000.901,2,255,196.03,131.448,NA,1.515,0.005,0,-90
1848,14,43,1196.212,675,27300.911,2,241,203.605,137.424,NA,7.576,0.025,0,0
1849,14,44,1209.091,675,27600.921,2,255,216.484,147.921,NA,12.879,0.043,0,0
1850,14,45,1209.848,672.727,27900.931,2,241,218.88,147.299,NA,2.396,0.008,-71.565,-71.565
1851,14,46,1209.848,671.97,28200.941,2,244,219.637,146.888,NA,0.758,0.003,-90,-18.435
1852,14,47,1213.636,671.97,28500.951,2,255,223.425,150.086,NA,3.788,0.013,0,90
1853,14,48,1226.01,669.444,28800.961,2,255,236.054,159.478,NA,12.629,0.042,-11.535,-11.535
1854,14,49,1226.01,669.444,29100.971,2,255,236.054,159.478,NA,0,0,0,11.535
1855,14,50,1226.01,669.444,29400.981,2,255,236.054,159.478,NA,0,0,0,0
1856,14,51,1220.96,669.444,29700.991,2,238,241.105,155.075,NA,5.051,0.017,180,180
1857,14,52,1220.96,679.545,30001.001,2,255,251.206,160.331,NA,10.101,0.034,90,-90
1858,14,53,1223.485,684.091,30301.011,2,255,256.405,164.939,NA,5.2,0.017,60.945,-29.055
1859,14,54,1231.566,687.626,30601.021,2,255,265.226,173.629,NA,8.82,0.029,23.629,-37.316
1860,14,55,1237.626,686.616,30901.031,2,255,271.37,178.192,NA,6.144,0.02,-9.462,-33.092
1861,14,56,1246.212,686.616,31201.041,2,235,279.956,185.536,NA,8.586,0.029,0,9.462
1862,14,57,1249.747,685.606,31501.051,2,255,283.633,188.088,NA,3.677,0.012,-15.945,-15.945
1863,14,58,1252.273,685.606,31801.061,2,229,286.158,190.286,NA,2.525,0.008,0,15.945
1864,14,59,1243.182,678.03,32101.071,2,255,297.992,178.663,NA,11.834,0.039,-140.194,-140.194
1865,14,60,1243.182,677.525,32401.081,2,255,298.497,178.421,NA,0.505,0.002,-90,50.194
1866,14,61,1243.182,677.525,32701.091,2,253,298.497,178.421,NA,0,0,0,90
1867,14,62,1250.758,681.061,33001.101,2,255,306.857,186.767,NA,8.36,0.028,25.017,25.017
1868,14,63,1251.768,685.606,33301.111,2,255,311.513,189.846,NA,4.656,0.016,77.471,52.454
1869,14,64,1255.303,693.182,33601.121,2,255,319.873,196.704,NA,8.36,0.028,64.983,-12.488
1870,14,65,1272.475,708.838,33901.131,2,226,343.111,219.521,NA,23.238,0.077,42.357,-22.626
1871,14,66,1275,714.899,34201.141,2,255,349.677,224.908,NA,6.566,0.022,67.38,25.023
1872,14,67,1276.515,714.899,34501.151,2,255,351.192,226.181,NA,1.515,0.005,0,-67.38
1873,14,68,1282.071,714.899,34801.161,2,255,356.747,230.871,NA,5.556,0.019,0,0
1874,14,69,1282.576,714.899,35101.171,2,255,357.252,231.299,NA,0.505,0.002,0,0
1875,14,70,1291.667,714.899,35401.181,2,255,366.343,239.059,NA,9.091,0.03,0,0
1876,14,71,1291.667,714.899,35701.191,2,226,366.343,239.059,NA,0,0,0,0
1877,14,72,1298.232,708.838,36001.201,2,255,375.279,241.745,NA,8.935,0.03,-42.709,-42.709
1878,14,73,1297.727,703.283,36301.211,2,255,380.857,238.672,NA,5.578,0.019,-95.194,-52.485
1879,14,74,1295.707,701.263,36601.221,2,255,383.714,235.946,NA,2.857,0.01,-135,-39.806
1880,14,75,1291.667,701.263,36901.231,2,255,387.754,232.369,NA,4.04,0.013,180,-45
1881,14,76,1291.667,708.333,37201.241,2,255,394.825,235.763,NA,7.071,0.024,90,-90
1882,14,77,1289.646,708.333,37501.251,2,255,396.845,234.006,NA,2.02,0.007,180,90
1883,14,78,1289.646,699.747,37801.261,2,255,405.431,229.874,NA,8.586,0.029,-90,90
1884,14,79,1289.646,695.707,38101.271,2,255,409.472,228.016,NA,4.04,0.013,-90,0
1885,14,80,1293.182,695.707,38401.281,2,255,413.007,231.173,NA,3.535,0.012,0,90
1886,14,81,1298.737,695.707,38701.291,2,255,418.563,236.157,NA,5.556,0.019,0,0
1887,14,82,1298.737,694.192,39001.301,2,255,420.078,235.498,NA,1.515,0.005,-90,-90
1888,14,83,1298.737,693.687,39301.311,2,255,420.583,235.28,NA,0.505,0.002,-90,0
1889,14,84,1298.737,693.687,39601.321,2,255,420.583,235.28,NA,0,0,0,90
1890,14,85,1298.737,701.263,39901.331,2,255,428.158,238.639,NA,7.576,0.025,90,90
1891,14,86,1305.808,701.263,40201.341,2,255,435.229,244.952,NA,7.071,0.024,0,-90
1892,14,87,1305.808,701.263,40501.351,2,255,435.229,244.952,NA,0,0,0,0
1893,14,88,1313.889,714.394,40801.361,2,255,450.648,258.156,NA,15.419,0.051,58.392,58.392
1894,14,89,1314.394,715.404,41101.371,2,255,451.777,259.079,NA,1.129,0.004,63.435,5.042
1895,14,90,1325,715.404,41401.381,2,255,462.383,268.461,NA,10.606,0.035,0,-63.435
1896,14,91,1325,715.404,41701.391,2,255,462.383,268.461,NA,0,0,0,0
1897,14,92,1329.545,715.404,42001.401,2,255,466.929,272.509,NA,4.545,0.015,0,0
1898,14,93,1329.545,715.404,42301.411,2,255,466.929,272.509,NA,0,0,0,0
1899,14,94,1329.545,714.394,42601.421,2,255,467.939,272.055,NA,1.01,0.003,-90,-90
1900,14,95,1338.636,714.394,42901.431,2,255,477.03,280.211,NA,9.091,0.03,0,90
1901,14,96,1328.03,714.899,43201.441,2,255,487.648,270.93,NA,10.618,0.035,177.274,177.274
1902,14,97,1328.03,721.465,43501.451,2,255,494.213,273.96,NA,6.566,0.022,90,-87.274
1903,14,98,1328.03,725,43801.461,2,255,497.749,275.643,NA,3.535,0.012,90,0
1904,14,99,1328.03,725,44101.471,2,255,497.749,275.643,NA,0,0,0,-90
1905,14,100,1328.03,728.03,44401.481,2,255,500.779,277.113,NA,3.03,0.01,90,90
1906,14,101,1328.03,728.03,44701.491,2,255,500.779,277.113,NA,0,0,0,-90
1907,14,102,1328.03,728.03,45001.501,2,255,500.779,277.113,NA,0,0,0,0
1908,14,103,1328.03,731.061,45301.511,2,255,503.809,278.609,NA,3.03,0.01,90,90
1909,14,104,1331.061,731.061,45601.521,2,255,506.84,281.241,NA,3.03,0.01,0,-90
1910,14,105,1331.566,731.061,45901.531,2,255,507.345,281.681,NA,0.505,0.002,0,0
1911,14,106,1335.606,738.636,46201.542,2,224,515.93,288.963,NA,8.586,0.029,61.928,61.928
1912,14,107,1335.606,738.636,46501.552,2,248,515.93,288.963,NA,0,0,0,-61.928
1913,14,108,1330.051,738.636,46801.562,2,255,521.486,284.185,NA,5.556,0.019,180,180
1914,14,109,1327.525,738.636,47101.572,2,248,524.011,282.023,NA,2.525,0.008,180,0
1915,14,110,1327.525,740.657,47401.582,2,246,526.031,283.076,NA,2.02,0.007,90,-90
1916,14,111,1327.525,747.222,47701.592,2,190,532.597,286.568,NA,6.566,0.022,90,0
1917,14,112,1327.525,747.222,48001.602,2,255,532.597,286.568,NA,0,0,0,-90
1918,14,113,1318.434,731.566,48301.612,2,255,550.702,270.587,NA,18.104,0.06,-120.141,-120.141
1919,14,114,1318.434,731.566,48601.622,2,255,550.702,270.587,NA,0,0,0,120.141
1920,14,115,1318.434,727.525,48901.632,2,255,554.742,268.531,NA,4.04,0.013,-90,-90
1921,14,116,1321.465,726.01,49201.642,2,255,558.13,270.403,NA,3.388,0.011,-26.565,63.435
1922,14,117,1321.465,739.646,49501.652,2,255,571.766,277.393,NA,13.636,0.045,90,116.565
1923,14,118,1332.071,742.172,49801.662,2,255,582.669,287.743,NA,10.903,0.036,13.392,-76.608
1924,14,119,1332.071,750.253,50101.672,2,255,590.75,292.03,NA,8.081,0.027,90,76.608
1925,14,120,1328.535,755.303,50401.682,2,255,596.915,291.85,NA,6.165,0.021,124.992,34.992
1926,14,121,1328.535,755.303,50701.692,2,255,596.915,291.85,NA,0,0,0,-124.992
1927,14,122,1332.071,761.869,51001.702,2,255,604.372,298.468,NA,7.457,0.025,61.699,61.699
1928,14,123,1342.677,773.99,51301.712,2,242,620.478,314.106,NA,16.106,0.054,48.814,-12.885
1929,14,124,1342.677,773.99,51601.722,2,255,620.478,314.106,NA,0,0,0,-48.814
1930,14,125,1348.737,773.99,51901.732,2,255,626.539,319.071,NA,6.061,0.02,0,0
1931,14,126,1355.808,778.03,52201.742,2,252,634.682,327.185,NA,8.144,0.027,29.745,29.745
1932,14,127,1356.818,776.515,52501.752,2,255,636.503,327.162,NA,1.821,0.006,-56.31,-86.055
1933,14,128,1361.364,778.03,52801.762,2,255,641.295,331.775,NA,4.791,0.016,18.435,74.745
1934,14,129,1350.758,770.455,53101.772,2,255,654.328,318.746,NA,13.034,0.043,-144.462,-162.897
1935,14,130,1345.707,769.444,53401.782,2,255,659.479,313.999,NA,5.151,0.017,-168.69,-24.228
1936,14,131,1344.192,766.414,53701.792,2,255,662.867,311.043,NA,3.388,0.011,-116.565,52.125
1937,14,132,1338.636,766.414,54001.802,2,255,668.422,306.454,NA,5.556,0.019,180,-63.435
1938,14,133,1338.636,766.414,54301.812,2,255,668.422,306.454,NA,0,0,0,-180
1939,14,134,1339.141,770.455,54601.822,2,255,672.494,309.179,NA,4.072,0.014,82.875,82.875
1940,14,135,1354.293,773.99,54901.832,2,254,688.053,323.654,NA,15.559,0.052,13.134,-69.741
1941,14,136,1361.364,775,55201.842,2,255,695.195,330.089,NA,7.142,0.024,8.13,-5.004
1942,14,137,1361.364,775,55501.852,2,255,695.195,330.089,NA,0,0,0,-8.13
1943,14,138,1364.394,770.96,55801.862,2,255,700.246,330.417,NA,5.051,0.017,-53.13,-53.13
1944,14,139,1370.455,764.394,56101.872,2,255,709.181,332.086,NA,8.935,0.03,-47.291,5.839
1945,14,140,1377.525,763.384,56401.882,2,255,716.324,337.642,NA,7.142,0.024,-8.13,39.161
1946,14,141,1377.525,769.444,56701.892,2,255,722.384,340.751,NA,6.061,0.02,90,98.13
1947,14,142,1376.515,771.97,57001.902,2,255,725.104,341.21,NA,2.72,0.009,111.801,21.801
1948,14,143,1368.434,771.97,57301.912,2,255,733.185,334.366,NA,8.081,0.027,180,68.199
1949,14,144,1368.434,771.97,57601.922,2,255,733.185,334.366,NA,0,0,0,-180
1950,14,145,1368.434,771.97,57901.932,2,255,733.185,334.366,NA,0,0,0,0
1951,14,146,1368.434,771.97,58201.942,2,255,733.185,334.366,NA,0,0,0,0
1952,14,147,1373.99,766.414,58501.952,2,255,741.041,336.157,NA,7.857,0.026,-45,-45
1953,14,148,1381.061,766.414,58801.962,2,255,748.112,342.226,NA,7.071,0.024,0,45
1954,14,149,1391.162,767.929,59101.972,2,255,758.326,351.716,NA,10.214,0.034,8.531,8.531
1955,14,150,1391.162,767.929,59401.982,2,255,758.326,351.716,NA,0,0,0,-8.531
1956,14,151,1394.697,770.455,59701.992,2,255,762.671,356.04,NA,4.345,0.014,35.538,35.538
1957,14,152,1395.707,775,60002.002,2,255,767.327,359.204,NA,4.656,0.016,77.471,41.934
1958,14,153,1395.707,775,60302.012,2,255,767.327,359.204,NA,0,0,0,-77.471
1959,14,154,1396.717,775,60602.022,2,255,768.337,360.074,NA,1.01,0.003,0,0
1960,14,155,1396.717,775,60902.032,2,255,768.337,360.074,NA,0,0,0,0
1961,14,156,1396.717,775,61202.042,2,255,768.337,360.074,NA,0,0,0,0
1962,14,157,1396.717,775,61502.052,2,255,768.337,360.074,NA,0,0,0,0
1963,14,158,1396.717,775,61802.062,2,255,768.337,360.074,NA,0,0,0,0
1964,14,159,1396.717,775,62102.072,2,255,768.337,360.074,NA,0,0,0,0
1965,14,160,1402.273,775,62402.082,2,255,773.893,364.873,NA,5.556,0.019,0,0
1966,14,161,1402.273,775,62702.092,2,255,773.893,364.873,NA,0,0,0,0
1967,14,162,1402.273,775,63002.102,2,255,773.893,364.873,NA,0,0,0,0
1968,14,163,1402.273,775,63302.112,2,255,773.893,364.873,NA,0,0,0,0
1969,14,164,1402.273,775,63602.122,2,255,773.893,364.873,NA,0,0,0,0
1970,14,165,1402.273,775,63902.132,2,161,773.893,364.873,NA,0,0,0,0
1971,14,166,1402.273,775,64202.142,2,255,773.893,364.873,NA,0,0,0,0
1972,14,167,1402.273,775,64502.152,2,239,773.893,364.873,NA,0,0,0,0
1973,14,168,1402.273,775,64802.162,2,255,773.893,364.873,NA,0,0,0,0
1974,14,169,1405.303,771.465,65102.172,2,255,778.549,365.756,NA,4.656,0.016,-49.399,-49.399
1975,14,170,1408.838,770.455,65402.182,2,255,782.226,368.354,NA,3.677,0.012,-15.945,33.453
1976,14,171,1411.869,767.929,65702.192,2,255,786.17,369.805,NA,3.945,0.013,-39.806,-23.86
1977,14,172,1411.869,767.929,66002.202,2,255,786.17,369.805,NA,0,0,0,39.806
1978,14,173,1418.939,763.384,66302.212,2,255,794.576,373.944,NA,8.406,0.028,-32.735,-32.735
1979,14,174,1420.96,763.384,66602.222,2,255,796.596,375.741,NA,2.02,0.007,0,32.735
1980,14,175,1425.505,764.394,66902.232,2,255,801.253,380.251,NA,4.656,0.016,12.529,12.529
1981,14,176,1425.505,764.394,67202.242,2,255,801.253,380.251,NA,0,0,0,-12.529
1982,14,177,1431.566,764.394,67502.252,2,255,807.313,385.666,NA,6.061,0.02,0,0
1983,14,178,1438.131,764.394,67802.262,2,182,813.879,391.553,NA,6.566,0.022,0,0
1984,14,179,1438.131,764.394,68102.272,2,255,813.879,391.553,NA,0,0,0,0
1985,14,180,1439.141,767.929,68402.282,2,255,817.556,394.023,NA,3.677,0.012,74.055,74.055
1986,14,181,1451.768,776.01,68702.292,2,240,832.547,408.93,NA,14.991,0.05,32.619,-41.435
1987,14,182,1446.717,783.081,69002.302,2,88,841.236,407.682,NA,8.689,0.029,125.538,92.918
1988,14,183,1446.717,783.081,69302.312,2,255,841.236,407.682,NA,0,0,0,-125.538
1989,14,184,1446.717,785.101,69602.322,2,255,843.256,408.631,NA,2.02,0.007,90,90
1990,14,185,1455.303,781.566,69902.332,2,125,852.541,414.597,NA,9.285,0.031,-22.38,-112.38
1991,14,186,1460.354,786.616,70202.342,2,79,859.684,421.401,NA,7.142,0.024,45,67.38
1992,14,187,1477.02,786.616,70502.352,2,236,876.35,436.26,NA,16.667,0.056,0,-45
1993,14,188,1477.02,786.616,70802.362,2,152,876.35,436.26,NA,0,0,0,0
1994,14,189,1490.152,786.616,71102.372,2,151,889.482,448.057,NA,13.131,0.044,0,0
1995,14,190,1497.222,786.616,71402.382,2,255,896.552,454.44,NA,7.071,0.024,0,0
1996,14,191,1501.768,799.747,71702.392,2,177,910.448,464.267,NA,13.896,0.046,70.907,70.907
1997,14,192,1510.859,806.313,72002.402,2,110,921.662,475.336,NA,11.214,0.037,35.838,-35.069
1998,15,1,1092.677,629.545,22500.751,2,255,0,0,NA,NA,NA,NA,NA
1999,15,2,1096.717,629.545,22800.761,2,206,4.04,4.04,NA,4.04,0.013,0,NA
2000,15,3,1104.798,634.596,23100.771,2,255,13.57,13.131,NA,9.529,0.032,32.005,32.005
2001,15,4,1113.889,634.596,23400.781,2,255,22.661,21.805,NA,9.091,0.03,0,-32.005
2002,15,5,1117.424,634.091,23700.791,2,255,26.232,25.161,NA,3.571,0.012,-8.13,-8.13
2003,15,6,1120.455,634.091,24000.801,2,255,29.262,28.147,NA,3.03,0.01,0,8.13
2004,15,7,1120.455,634.091,24300.811,2,243,29.262,28.147,NA,0,0,0,0
2005,15,8,1130.556,634.091,24600.821,2,239,39.363,38.151,NA,10.101,0.034,0,0
2006,15,9,1141.667,634.091,24900.831,2,248,50.474,49.2,NA,11.111,0.037,0,0
2007,15,10,1149.747,630.556,25200.841,2,220,59.295,57.08,NA,8.82,0.029,-23.629,-23.629
2008,15,11,1156.313,633.586,25500.851,2,158,66.526,63.765,NA,7.231,0.024,24.775,48.405
2009,15,12,1164.899,639.646,25800.861,2,240,77.035,72.925,NA,10.509,0.035,35.218,10.442
2010,15,13,1179.04,641.162,26100.871,2,146,91.258,87.141,NA,14.222,0.047,6.116,-29.102
2011,15,14,1187.121,646.212,26400.881,2,229,100.787,95.904,NA,9.529,0.032,32.005,25.89
2012,15,15,1189.141,646.212,26700.891,2,242,102.807,97.894,NA,2.02,0.007,0,-32.005
2013,15,16,1199.747,648.232,27000.901,2,255,113.604,108.689,NA,10.797,0.036,10.784,10.784
2014,15,17,1211.364,648.232,27300.911,2,255,125.22,120.149,NA,11.616,0.039,0,-10.784
2015,15,18,1217.929,650.253,27600.921,2,109,132.089,126.953,NA,6.869,0.023,17.103,17.103
2016,15,19,1234.596,659.848,27900.931,2,101,151.321,145.118,NA,19.232,0.064,29.932,12.829
2017,15,20,1272.98,669.444,28200.941,2,243,190.886,184.665,NA,39.565,0.132,14.036,-15.895
2018,15,21,1282.071,671.97,28500.951,2,177,200.321,194.087,NA,9.435,0.031,15.524,1.488
2019,15,22,1283.081,671.465,28800.961,2,255,201.451,194.964,NA,1.129,0.004,-26.565,-42.089
2020,15,23,1283.081,671.465,29100.971,2,252,201.451,194.964,NA,0,0,0,26.565
2021,15,24,1283.081,668.434,29400.981,2,220,204.481,194.335,NA,3.03,0.01,-90,-90
2022,15,25,1291.667,668.434,29700.991,2,255,213.067,202.754,NA,8.586,0.029,0,90
2023,15,26,1293.687,669.949,30001.001,2,255,215.592,205.031,NA,2.525,0.008,36.87,36.87
2024,15,27,1293.687,669.949,30301.011,2,211,215.592,205.031,NA,0,0,0,-36.87
2025,15,28,1293.687,679.545,30601.021,2,255,225.188,207.135,NA,9.596,0.032,90,90
2026,15,29,1307.323,684.091,30901.031,2,186,239.562,221.469,NA,14.374,0.048,18.435,-71.565
2027,15,30,1320.96,694.697,31201.041,2,255,256.837,237.398,NA,17.275,0.058,37.875,19.44
2028,15,31,1321.465,694.697,31501.051,2,160,257.343,237.884,NA,0.505,0.002,0,-37.875
2029,15,32,1338.131,704.293,31801.061,2,224,276.574,256.584,NA,19.232,0.064,29.932,29.932
2030,15,33,1365.404,708.333,32101.071,2,180,304.145,283.88,NA,27.57,0.092,8.427,-21.505
2031,15,34,1374.495,709.343,32401.081,2,241,313.292,292.898,NA,9.147,0.03,6.34,-2.087
2032,15,35,1384.596,709.343,32701.091,2,255,323.393,302.629,NA,10.101,0.034,0,-6.34
2033,15,36,1384.596,709.343,33001.101,2,255,323.393,302.629,NA,0,0,0,0
2034,15,37,1384.596,709.343,33301.111,2,255,323.393,302.629,NA,0,0,0,0
2035,15,38,1389.141,707.323,33601.121,2,255,328.367,306.497,NA,4.974,0.017,-23.962,-23.962
2036,15,39,1396.212,715.909,33901.131,2,255,339.489,315.583,NA,11.123,0.037,50.528,74.49
2037,15,40,1403.283,721.97,34201.141,2,250,348.802,324.065,NA,9.313,0.031,40.601,-9.926
2038,15,41,1406.818,727.525,34501.151,2,254,355.387,329.067,NA,6.585,0.022,57.529,16.928
2039,15,42,1413.384,730.051,34801.161,2,253,362.422,336.087,NA,7.035,0.023,21.038,-36.491
2040,15,43,1426.515,734.091,35101.171,2,255,376.16,349.825,NA,13.739,0.046,17.103,-3.935
2041,15,44,1430.556,740.657,35401.181,2,255,383.87,355.679,NA,7.709,0.026,58.392,41.29
2042,15,45,1440.657,746.717,35701.191,2,255,395.649,367.177,NA,11.78,0.039,30.964,-27.429
2043,15,46,1456.313,750.253,36001.201,2,255,411.7,383.147,NA,16.051,0.054,12.724,-18.239
2044,15,47,1473.99,751.768,36301.211,2,255,429.442,400.422,NA,17.742,0.059,4.899,-7.825
2045,15,48,1480.556,752.273,36601.221,2,255,436.027,406.832,NA,6.585,0.022,4.399,-0.5
2046,15,49,1487.626,752.273,36901.231,2,255,443.097,413.578,NA,7.071,0.024,0,-4.399
2047,15,50,1494.192,752.273,37201.241,2,255,449.663,419.853,NA,6.566,0.022,0,0
2048,15,51,1494.192,752.273,37501.251,2,255,449.663,419.853,NA,0,0,0,0
2049,15,52,1494.192,752.273,37801.261,2,255,449.663,419.853,NA,0,0,0,0
2050,15,53,1494.192,759.848,38101.271,2,255,457.239,422.129,NA,7.576,0.025,90,90
2051,15,54,1487.626,759.848,38401.281,2,255,463.805,415.889,NA,6.566,0.022,180,90
2052,15,55,1487.626,762.879,38701.291,2,255,466.835,416.849,NA,3.03,0.01,90,-90
2053,15,56,1487.626,763.384,39001.301,2,239,467.34,417.011,NA,0.505,0.002,90,0
2054,15,57,1487.626,766.919,39301.311,2,255,470.875,418.159,NA,3.535,0.012,90,0
2055,15,58,1487.626,766.919,39601.321,2,241,470.875,418.159,NA,0,0,0,-90
2056,15,59,1490.657,768.939,39901.331,2,255,474.517,421.685,NA,3.642,0.012,33.69,33.69
2057,15,60,1491.667,769.444,40201.341,2,255,475.647,422.806,NA,1.129,0.004,26.565,-7.125
2058,15,61,1495.707,767.929,40501.351,2,248,479.962,426.126,NA,4.315,0.014,-20.556,-47.121
2059,15,62,1499.747,772.98,40801.361,2,255,486.43,431.602,NA,6.468,0.022,51.34,71.896
2060,15,63,1504.798,781.566,41101.371,2,255,496.391,439.265,NA,9.961,0.033,59.534,8.194
2061,15,64,1504.798,781.566,41401.381,2,255,496.391,439.265,NA,0,0,0,-59.534
2062,15,65,1504.798,781.566,41701.391,2,255,496.391,439.265,NA,0,0,0,0
2063,15,66,1515.909,781.566,42001.401,2,246,507.502,449.706,NA,11.111,0.037,0,0
2064,15,67,1525,781.566,42301.411,2,191,516.593,458.272,NA,9.091,0.03,0,0
2065,15,68,1524.495,791.667,42601.421,2,255,526.706,461.249,NA,10.114,0.034,92.862,92.862
2066,15,69,1524.495,791.667,42901.431,2,255,526.706,461.249,NA,0,0,0,-92.862
2067,15,70,1527.02,791.667,43201.441,2,223,529.232,463.614,NA,2.525,0.008,0,0
2068,15,71,1526.515,794.697,43501.451,2,255,532.304,464.21,NA,3.072,0.01,99.462,99.462
2069,15,72,1531.566,798.737,43801.461,2,235,538.771,470.372,NA,6.468,0.022,38.66,-60.803
2070,15,73,1541.667,798.737,44101.471,2,255,548.872,479.81,NA,10.101,0.034,0,-38.66
2071,15,74,1549.242,794.192,44401.481,2,212,557.707,485.346,NA,8.835,0.029,-30.964,-30.964
2072,16,1,1056.818,680.556,24300.811,2,61,0,0,NA,NA,NA,NA,NA
2073,16,2,1065.404,682.576,24600.821,2,168,8.82,8.82,NA,8.82,0.029,13.241,NA
2074,16,3,1072.475,689.646,24900.831,2,102,18.82,18.104,NA,9.999,0.033,45,31.759
2075,16,4,1072.475,687.121,25200.841,2,102,21.345,16.978,NA,2.525,0.008,-90,-135
2076,16,5,1080.051,687.121,25500.851,2,117,28.921,24.142,NA,7.576,0.025,0,90
2077,16,6,1090.152,686.111,25800.861,2,220,39.072,33.793,NA,10.151,0.034,-5.711,-5.711
2078,16,7,1096.212,685.606,26100.871,2,140,45.154,39.716,NA,6.082,0.02,-4.764,0.947
2079,16,8,1101.768,685.101,26400.881,2,44,50.732,45.179,NA,5.578,0.019,-5.194,-0.431
2080,16,9,1143.687,686.111,26700.891,2,151,92.664,87.046,NA,41.931,0.14,1.38,6.575
2081,16,10,1153.788,678.535,27000.901,2,255,105.29,96.991,NA,12.626,0.042,-36.87,-38.25
2082,16,11,1160.354,675.505,27300.911,2,221,112.521,103.658,NA,7.231,0.024,-24.775,12.095
2083,16,12,1176.515,675.505,27600.921,2,234,128.683,119.803,NA,16.162,0.054,0,24.775
2084,16,13,1176.515,667.929,27900.931,2,255,136.259,120.361,NA,7.576,0.025,-90,-90
2085,16,14,1192.172,664.899,28200.941,2,170,152.206,136.256,NA,15.947,0.053,-10.954,79.046
2086,16,15,1195.707,658.333,28500.951,2,255,159.663,140.655,NA,7.457,0.025,-61.699,-50.745
2087,16,16,1198.232,645.202,28800.961,2,255,173.035,145.766,NA,13.372,0.045,-79.114,-17.415
2088,16,17,1210.859,645.202,29100.971,2,174,185.661,158.045,NA,12.626,0.042,0,79.114
2089,16,18,1226.01,644.697,29400.981,2,175,200.821,172.95,NA,15.16,0.051,-1.909,-1.909
2090,16,19,1238.636,646.717,29700.991,2,236,213.608,184.94,NA,12.787,0.043,9.09,10.999
2091,16,20,1256.818,639.646,30001.001,2,229,233.116,204.141,NA,19.508,0.065,-21.251,-30.341
2092,16,21,1256.818,639.646,30301.011,2,170,233.116,204.141,NA,0,0,0,21.251
2093,16,22,1263.889,633.586,30601.021,2,255,242.429,212.331,NA,9.313,0.031,-40.601,-40.601
2094,16,23,1267.424,633.586,30901.031,2,254,245.964,215.78,NA,3.535,0.012,0,40.601
2095,16,24,1290.657,630.556,31201.041,2,175,269.393,239.124,NA,23.429,0.078,-7.431,-7.431
2096,16,25,1296.717,622.98,31501.051,2,255,279.095,246.711,NA,9.702,0.032,-51.34,-43.909
2097,16,26,1324.495,622.475,31801.061,2,164,306.877,273.906,NA,27.782,0.093,-1.042,50.299
2098,16,27,1341.667,619.444,32101.071,2,224,324.314,291.33,NA,17.437,0.058,-10.008,-8.966
2099,16,28,1354.798,615.909,32401.081,2,210,337.913,304.912,NA,13.599,0.045,-15.068,-5.061
2100,16,29,1370.96,615.909,32701.091,2,186,354.075,320.724,NA,16.162,0.054,0,15.068
2101,16,30,1378.03,615.909,33001.101,2,203,361.145,327.653,NA,7.071,0.024,0,0
2102,16,31,1400.253,604.293,33301.111,2,229,386.221,351.8,NA,25.075,0.084,-27.597,-27.597
2103,16,32,1412.879,596.212,33601.121,2,255,401.211,365.914,NA,14.991,0.05,-32.619,-5.022
2104,16,33,1420.96,601.263,33901.131,2,189,410.741,372.675,NA,9.529,0.032,32.005,64.625
2105,16,34,1425,611.869,34201.141,2,255,422.09,374.534,NA,11.35,0.038,69.146,37.14
2106,16,35,1425.505,611.869,34501.151,2,255,422.595,375.031,NA,0.505,0.002,0,-69.146
2107,16,36,1414.394,617.424,34801.161,2,255,435.018,363.106,NA,12.423,0.041,153.435,153.435
2108,16,37,1400.758,616.919,35101.171,2,255,448.663,349.777,NA,13.646,0.045,-177.879,28.686
2109,16,38,1394.697,616.919,35401.181,2,255,454.724,343.819,NA,6.061,0.02,180,-2.121
2110,16,39,1394.697,616.919,35701.191,2,251,454.724,343.819,NA,0,0,0,-180
2111,16,40,1384.596,614.394,36001.201,2,255,465.136,334.388,NA,10.412,0.035,-165.964,-165.964
2112,16,41,1381.061,608.838,36301.211,2,255,471.721,332.079,NA,6.585,0.022,-122.471,43.493
2113,16,42,1381.061,608.838,36601.221,2,251,471.721,332.079,NA,0,0,0,122.471
2114,16,43,1379.545,609.343,36901.231,2,228,473.318,330.491,NA,1.597,0.005,161.565,161.565
2115,16,44,1379.545,609.343,37201.241,2,255,473.318,330.491,NA,0,0,0,-161.565
2116,16,45,1383.586,620.455,37501.251,2,250,485.141,332.249,NA,11.823,0.039,70.017,70.017
2117,16,46,1382.576,623.99,37801.261,2,255,488.818,330.632,NA,3.677,0.012,105.945,35.929
2118,16,47,1382.576,623.99,38101.271,2,255,488.818,330.632,NA,0,0,0,-105.945
2119,16,48,1382.576,623.99,38401.281,2,235,488.818,330.632,NA,0,0,0,0
2120,16,49,1382.576,618.434,38701.291,2,255,494.373,331.628,NA,5.556,0.019,-90,-90
2121,16,50,1392.677,618.434,39001.301,2,245,504.474,341.555,NA,10.101,0.034,0,90
2122,16,51,1401.768,618.434,39301.311,2,255,513.565,350.499,NA,9.091,0.03,0,0
2123,16,52,1401.768,618.434,39601.321,2,255,513.565,350.499,NA,0,0,0,0
2124,16,53,1401.768,618.434,39901.331,2,255,513.565,350.499,NA,0,0,0,0
2125,16,54,1413.384,618.434,40201.341,2,201,525.182,361.937,NA,11.616,0.039,0,0
2126,16,55,1411.364,616.414,40501.351,2,219,528.039,360.301,NA,2.857,0.01,-135,-135
2127,16,56,1414.899,626.515,40801.361,2,255,538.74,362.136,NA,10.702,0.036,70.71,-154.29
2128,16,57,1425,626.01,41101.371,2,228,548.854,372.2,NA,10.114,0.034,-2.862,-73.572
2129,16,58,1427.02,618.939,41401.381,2,187,556.208,375.295,NA,7.354,0.025,-74.055,-71.192
2130,16,59,1427.02,617.929,41701.391,2,255,557.218,375.462,NA,1.01,0.003,-90,-15.945
2131,16,60,1427.02,617.929,42001.401,2,255,557.218,375.462,NA,0,0,0,90
2132,16,61,1427.02,617.929,42301.411,2,247,557.218,375.462,NA,0,0,0,0
2133,16,62,1427.02,617.929,42601.421,2,199,557.218,375.462,NA,0,0,0,0
2134,16,63,1427.02,630.051,42901.431,2,216,569.339,373.631,NA,12.121,0.04,90,90
2135,16,64,1427.02,635.606,43201.441,2,255,574.894,372.921,NA,5.556,0.019,90,0
2136,16,65,1440.657,635.606,43501.451,2,249,588.531,386.461,NA,13.636,0.045,0,-90
2137,16,66,1449.747,635.606,43801.461,2,255,597.622,395.492,NA,9.091,0.03,0,0
2138,16,67,1459.343,635.606,44101.471,2,255,607.218,405.027,NA,9.596,0.032,0,0
2139,16,68,1462.879,635.606,44401.481,2,255,610.753,408.541,NA,3.535,0.012,0,0
2140,16,69,1471.97,635.606,44701.491,2,194,619.844,417.578,NA,9.091,0.03,0,0
2141,16,70,1485.606,631.061,45001.501,2,255,634.218,431.635,NA,14.374,0.048,-18.435,-18.435
2142,16,71,1485.606,627.02,45301.511,2,255,638.258,432.117,NA,4.04,0.013,-90,-71.565
2143,16,72,1486.111,627.02,45601.521,2,255,638.763,432.618,NA,0.505,0.002,0,90
2144,16,73,1486.111,624.495,45901.531,2,255,641.289,432.938,NA,2.525,0.008,-90,-90
2145,16,74,1486.616,624.495,46201.542,2,255,641.794,433.439,NA,0.505,0.002,0,90
2146,16,75,1476.01,624.495,46501.552,2,255,652.4,422.924,NA,10.606,0.035,180,180
2147,16,76,1475.505,628.03,46801.562,2,255,655.971,421.969,NA,3.571,0.012,98.13,-81.87
2148,16,77,1475.505,628.03,47101.572,2,255,655.971,421.969,NA,0,0,0,-98.13
2149,16,78,1475.505,628.03,47401.582,2,255,655.971,421.969,NA,0,0,0,0
2150,16,79,1475.505,628.03,47701.592,2,232,655.971,421.969,NA,0,0,0,0
2151,16,80,1480.556,630.556,48001.602,2,255,661.618,426.677,NA,5.647,0.019,26.565,26.565
2152,16,81,1480.556,630.556,48301.612,2,255,661.618,426.677,NA,0,0,0,-26.565
2153,16,82,1483.081,632.576,48601.622,2,255,664.852,428.954,NA,3.234,0.011,38.66,38.66
2154,16,83,1483.081,632.576,48901.632,2,255,664.852,428.954,NA,0,0,0,-38.66
2155,16,84,1489.646,631.566,49201.642,2,255,671.494,435.592,NA,6.643,0.022,-8.746,-8.746
2156,16,85,1494.697,631.566,49501.652,2,255,676.545,440.611,NA,5.051,0.017,0,8.746
2157,16,86,1502.778,630.556,49801.662,2,255,684.689,448.754,NA,8.144,0.027,-7.125,-7.125
2158,16,87,1502.778,630.556,50101.672,2,255,684.689,448.754,NA,0,0,0,7.125
2159,16,88,1511.869,630.556,50401.682,2,255,693.78,457.789,NA,9.091,0.03,0,0
2160,16,89,1511.869,638.636,50701.692,2,255,701.86,456.977,NA,8.081,0.027,90,90
2161,16,90,1513.889,637.121,51001.702,2,219,704.386,459.13,NA,2.525,0.008,-36.87,-126.87
2162,16,91,1533.586,637.121,51301.712,2,255,724.083,478.742,NA,19.697,0.066,0,36.87
2163,16,92,1544.192,643.687,51601.722,2,254,736.556,488.766,NA,12.474,0.042,31.759,31.759
2164,16,93,1547.222,646.212,51901.732,2,255,740.501,491.605,NA,3.945,0.013,39.806,8.046
2165,16,94,1547.222,646.212,52201.742,2,255,740.501,491.605,NA,0,0,0,-39.806
2166,16,95,1547.222,646.212,52501.752,2,249,740.501,491.605,NA,0,0,0,0
2167,16,96,1547.222,646.212,52801.762,2,239,740.501,491.605,NA,0,0,0,0
2168,16,97,1547.222,640.152,53101.772,2,255,746.562,492.066,NA,6.061,0.02,-90,-90
2169,16,98,1542.172,634.596,53401.782,2,255,754.07,487.525,NA,7.508,0.025,-132.274,-42.274
2170,16,99,1542.172,634.596,53701.792,2,195,754.07,487.525,NA,0,0,0,132.274
2171,16,100,1542.172,634.596,54001.802,2,176,754.07,487.525,NA,0,0,0,0
2172,16,101,1542.172,634.596,54301.812,2,249,754.07,487.525,NA,0,0,0,0
2173,16,102,1542.172,637.626,54601.822,2,246,757.1,487.248,NA,3.03,0.01,90,90
2174,16,103,1542.172,637.626,54901.832,2,255,757.1,487.248,NA,0,0,0,-90
2175,16,104,1542.172,645.707,55201.842,2,255,765.181,486.603,NA,8.081,0.027,90,90
2176,17,1,711.364,353.788,11700.39,2,255,0,0,NA,NA,NA,NA,NA
2177,17,2,711.364,353.788,12000.4,2,255,0,0,NA,0,0,0,NA
2178,17,3,711.364,362.879,12300.41,2,233,9.091,9.091,NA,9.091,0.03,90,90
2179,17,4,711.364,357.576,12600.42,2,255,14.394,3.788,NA,5.303,0.018,-90,-180
2180,17,5,711.364,357.576,12900.43,2,255,14.394,3.788,NA,0,0,0,90
2181,17,6,698.485,357.576,13200.44,2,255,27.273,13.424,NA,12.879,0.043,180,180
2182,17,7,696.97,357.576,13500.45,2,255,28.788,14.884,NA,1.515,0.005,180,0
2183,17,8,693.939,359.091,13800.46,2,255,32.176,18.213,NA,3.388,0.011,153.435,-26.565
2184,17,9,689.394,351.515,14100.47,2,255,41.011,22.087,NA,8.835,0.029,-120.964,85.601
2185,17,10,689.394,351.515,14400.48,2,255,41.011,22.087,NA,0,0,0,120.964
2186,17,11,687.879,345.455,14700.49,2,255,47.258,24.92,NA,6.247,0.021,-104.036,-104.036
2187,17,12,682.576,340.152,15000.5,2,255,54.757,31.854,NA,7.5,0.025,-135,-30.964
2188,17,13,682.576,333.333,15300.51,2,255,61.576,35.315,NA,6.818,0.023,-90,45
2189,17,14,682.576,331.818,15600.521,2,255,63.091,36.213,NA,1.515,0.005,-90,0
2190,17,15,682.576,319.697,15900.531,2,255,75.212,44.62,NA,12.121,0.04,-90,0
2191,17,16,693.182,319.697,16200.541,2,255,85.818,38.636,NA,10.606,0.035,0,90
2192,17,17,693.182,321.97,16500.551,2,255,88.091,36.647,NA,2.273,0.008,90,90
2193,17,18,687.121,324.242,16800.561,2,255,94.563,38.218,NA,6.473,0.022,159.444,69.444
2194,17,19,684.848,327.273,17100.571,2,255,98.351,37.498,NA,3.788,0.013,126.87,-32.574
2195,17,20,678.788,327.273,17400.581,2,255,104.412,42.003,NA,6.061,0.02,180,53.13
2196,17,21,673.485,326.515,17700.591,2,255,109.769,46.676,NA,5.357,0.018,-171.87,8.13
2197,17,22,673.485,328.788,18000.601,2,255,112.042,45.385,NA,2.273,0.008,90,-98.13
2198,17,23,684.848,329.545,18300.611,2,255,123.43,35.927,NA,11.389,0.038,3.814,-86.186
2199,17,24,684.848,331.061,18600.621,2,255,124.946,34.923,NA,1.515,0.005,90,86.186
2200,17,25,684.848,340.152,18900.631,2,255,134.036,29.816,NA,9.091,0.03,90,0
2201,17,26,684.848,340.152,19200.641,2,255,134.036,29.816,NA,0,0,0,-90
2202,17,27,684.848,340.909,19500.651,2,255,134.794,29.477,NA,0.758,0.003,90,90
2203,17,28,684.848,340.152,19800.661,2,255,135.552,29.816,NA,0.758,0.003,-90,-180
2204,17,29,687.121,328.788,20100.671,2,255,147.14,34.824,NA,11.589,0.039,-78.69,11.31
2205,17,30,687.121,325.758,20400.681,2,255,150.171,37.059,NA,3.03,0.01,-90,-11.31
2206,17,31,693.182,325.758,20700.691,2,255,156.231,33.411,NA,6.061,0.02,0,90
2207,17,32,693.182,324.242,21000.701,2,255,157.746,34.692,NA,1.515,0.005,-90,-90
2208,17,33,693.182,314.394,21300.711,2,255,167.595,43.387,NA,9.848,0.033,-90,0
2209,17,34,694.697,309.091,21600.721,2,255,173.11,47.703,NA,5.515,0.018,-74.055,15.945
2210,17,35,694.697,299.242,21900.731,2,255,182.959,57.035,NA,9.848,0.033,-90,-15.945
2211,17,36,694.697,299.242,22200.741,2,255,182.959,57.035,NA,0,0,0,90
2212,17,37,696.212,299.242,22500.751,2,255,184.474,56.611,NA,1.515,0.005,0,0
2213,17,38,696.212,289.394,22800.761,2,255,194.322,66.152,NA,9.848,0.033,-90,-90
2214,17,39,696.212,289.394,23100.771,2,255,194.322,66.152,NA,0,0,0,90
2215,17,40,696.212,289.394,23400.781,2,255,194.322,66.152,NA,0,0,0,0
2216,17,41,696.212,289.394,23700.791,2,255,194.322,66.152,NA,0,0,0,0
2217,17,42,696.97,289.394,24000.801,2,255,195.08,65.983,NA,0.758,0.003,0,0
2218,17,43,696.97,289.394,24300.811,2,255,195.08,65.983,NA,0,0,0,0
2219,17,44,696.97,280.303,24600.821,2,255,204.171,74.881,NA,9.091,0.03,-90,-90
2220,17,45,706.061,263.636,24900.831,2,255,223.155,90.307,NA,18.985,0.063,-61.39,28.61
2221,17,46,719.697,238.636,25200.841,2,255,251.633,115.453,NA,28.477,0.095,-61.39,0
2222,17,47,720.455,233.333,25500.851,2,255,256.99,120.797,NA,5.357,0.018,-81.87,-20.48
2223,17,48,713.636,234.091,25800.861,2,255,263.85,119.719,NA,6.86,0.023,173.66,-104.47
2224,17,49,712.121,240.909,26100.871,2,255,270.834,112.881,NA,6.985,0.023,102.529,-71.131
2225,17,50,703.788,240.909,26400.881,2,255,279.168,113.133,NA,8.333,0.028,180,77.471
2226,17,51,703.788,236.364,26700.891,2,255,283.713,117.668,NA,4.545,0.015,-90,90
2227,17,52,703.788,236.364,27000.901,2,255,283.713,117.668,NA,0,0,0,90
2228,17,53,704.545,235.606,27300.911,2,255,284.784,118.378,NA,1.071,0.004,-45,-45
2229,17,54,704.545,232.576,27600.921,2,255,287.815,121.404,NA,3.03,0.01,-90,-45
2230,17,55,708.333,228.03,27900.931,2,255,293.731,125.794,NA,5.917,0.02,-50.194,39.806
2231,17,56,708.333,220.455,28200.941,2,255,301.307,133.368,NA,7.576,0.025,-90,-39.806
2232,17,57,711.364,228.788,28500.951,2,255,310.174,125,NA,8.867,0.03,70.017,160.017
2233,17,58,711.364,229.545,28800.961,2,255,310.932,124.242,NA,0.758,0.003,90,19.983
2234,17,59,712.879,237.121,29100.971,2,255,318.658,116.677,NA,7.726,0.026,78.69,-11.31
2235,17,60,712.879,223.485,29400.981,2,255,332.294,130.312,NA,13.636,0.045,-90,-168.69
2236,17,61,714.394,221.97,29700.991,2,255,334.437,131.853,NA,2.143,0.007,-45,45
2237,17,62,722.727,221.212,30001.001,2,255,342.805,133.062,NA,8.368,0.028,-5.194,39.806
2238,17,63,722.727,221.212,30301.011,2,255,342.805,133.062,NA,0,0,0,5.194
2239,17,64,722.727,215.152,30601.021,2,255,348.865,139.101,NA,6.061,0.02,-90,-90
2240,17,65,729.545,209.848,30901.031,2,255,357.503,145.083,NA,8.638,0.029,-37.875,52.125
2241,17,66,729.545,202.273,31201.041,2,255,365.079,152.602,NA,7.576,0.025,-90,-52.125
2242,17,67,731.818,190.909,31501.051,2,255,376.667,164.158,NA,11.589,0.039,-78.69,11.31
2243,17,68,744.697,163.636,31801.061,2,255,406.828,193.051,NA,30.161,0.101,-64.722,13.968
2244,17,69,744.697,154.545,32101.071,2,255,415.919,202.012,NA,9.091,0.03,-90,-25.278
2245,17,70,742.424,152.273,32401.081,2,255,419.133,203.895,NA,3.214,0.011,-135,-45
2246,17,71,736.364,146.97,32701.091,2,255,427.186,208.324,NA,8.053,0.027,-138.814,-3.814
2247,17,72,736.364,146.97,33001.101,2,255,427.186,208.324,NA,0,0,0,138.814
2248,17,73,730.303,143.182,33301.111,2,255,434.333,211.456,NA,7.147,0.024,-147.995,-147.995
2249,17,74,730.303,134.091,33601.121,2,255,443.424,220.512,NA,9.091,0.03,-90,57.995
2250,17,75,730.303,128.03,33901.131,2,255,449.485,226.551,NA,6.061,0.02,-90,0
2251,17,76,730.303,128.03,34201.141,2,255,449.485,226.551,NA,0,0,0,90
2252,17,77,739.394,128.03,34501.151,2,255,458.576,227.491,NA,9.091,0.03,0,0
2253,17,78,750.758,120.455,34801.161,2,255,472.233,236.635,NA,13.657,0.046,-33.69,-33.69
2254,17,79,765.152,112.121,35101.171,2,255,488.865,247.58,NA,16.632,0.055,-30.069,3.621
2255,17,80,764.394,112.121,35401.181,2,255,489.623,247.417,NA,0.758,0.003,180,-149.931
2256,17,81,767.424,103.788,35701.191,2,255,498.49,256.208,NA,8.867,0.03,-70.017,109.983
2257,17,82,767.424,103.788,36001.201,2,255,498.49,256.208,NA,0,0,0,70.017
2258,17,83,768.182,96.212,36301.211,2,255,506.103,263.768,NA,7.614,0.025,-84.289,-84.289
2259,17,84,779.545,94.697,36601.221,2,255,517.568,267.912,NA,11.464,0.038,-7.595,76.695
2260,17,85,772.727,93.182,36901.231,2,255,524.552,267.733,NA,6.985,0.023,-167.471,-159.877
2261,17,86,772.727,94.697,37201.241,2,255,526.067,266.259,NA,1.515,0.005,90,-102.529
2262,17,87,772.727,94.697,37501.251,2,255,526.067,266.259,NA,0,0,0,-90
2263,17,88,771.97,91.667,37801.261,2,255,529.191,269.036,NA,3.124,0.01,-104.036,-104.036
2264,17,89,773.485,87.121,38101.271,2,255,533.982,273.807,NA,4.791,0.016,-71.565,32.471
2265,17,90,780.303,82.576,38401.281,2,255,542.177,279.837,NA,8.194,0.027,-33.69,37.875
2266,17,91,786.364,82.576,38701.291,2,255,548.237,281.391,NA,6.061,0.02,0,33.69
2267,17,92,786.364,82.576,39001.301,2,255,548.237,281.391,NA,0,0,0,0
2268,17,93,786.364,82.576,39301.311,2,255,548.237,281.391,NA,0,0,0,0
2269,17,94,786.364,82.576,39601.321,2,255,548.237,281.391,NA,0,0,0,0
2270,17,95,786.364,84.848,39901.331,2,255,550.51,279.201,NA,2.273,0.008,90,90
2271,17,96,801.515,83.333,40201.341,2,255,565.737,285.084,NA,15.227,0.051,-5.711,-95.711
2272,17,97,823.485,62.121,40501.351,2,255,596.276,312.475,NA,30.539,0.102,-43.995,-38.284
2273,17,98,823.485,53.03,40801.361,2,250,605.367,320.977,NA,9.091,0.03,-90,-46.005
2274,17,99,827.273,39.394,41101.371,2,255,619.52,335.08,NA,14.153,0.047,-74.476,15.524
2275,17,100,827.273,35.606,41401.381,2,255,623.307,338.636,NA,3.788,0.013,-90,-15.524
2276,17,101,831.061,28.03,41701.391,2,255,631.777,347.052,NA,8.47,0.028,-63.435,26.565
2277,18,1,507.828,496.212,13200.44,2,255,0,0,NA,NA,NA,NA,NA
2278,18,2,505.808,496.212,13500.45,2,220,2.02,2.02,NA,2.02,0.007,180,NA
2279,18,3,505.303,496.212,13800.46,2,255,2.525,2.525,NA,0.505,0.002,180,0
2280,18,4,505.303,496.212,14100.47,2,255,2.525,2.525,NA,0,0,0,-180
2281,18,5,503.283,496.212,14400.48,2,255,4.545,4.545,NA,2.02,0.007,180,180
2282,18,6,503.283,496.717,14700.49,2,255,5.051,4.573,NA,0.505,0.002,90,-90
2283,18,7,503.283,496.717,15000.5,2,255,5.051,4.573,NA,0,0,0,-90
2284,18,8,503.283,496.717,15300.51,2,255,5.051,4.573,NA,0,0,0,0
2285,18,9,506.313,495.707,15600.521,2,255,8.245,1.597,NA,3.194,0.011,-18.435,-18.435
2286,18,10,506.818,490.657,15900.531,2,255,13.32,5.647,NA,5.076,0.017,-84.289,-65.854
2287,18,11,506.818,490.657,16200.541,2,255,13.32,5.647,NA,0,0,0,84.289
2288,18,12,506.818,490.657,16500.551,2,255,13.32,5.647,NA,0,0,0,0
2289,18,13,502.778,490.657,16800.561,2,255,17.361,7.508,NA,4.04,0.013,180,180
2290,18,14,500.758,488.636,17100.571,2,255,20.218,10.363,NA,2.857,0.01,-135,45
2291,18,15,500.758,488.636,17400.581,2,252,20.218,10.363,NA,0,0,0,135
2292,18,16,496.717,488.636,17700.591,2,255,24.258,13.448,NA,4.04,0.013,180,180
2293,18,17,496.717,488.636,18000.601,2,255,24.258,13.448,NA,0,0,0,-180
2294,18,18,496.717,488.636,18300.611,2,255,24.258,13.448,NA,0,0,0,0
2295,18,19,497.727,479.545,18600.621,2,255,33.405,19.489,NA,9.147,0.03,-83.66,-83.66
2296,18,20,497.727,469.949,18900.631,2,213,43.001,28.138,NA,9.596,0.032,-90,-6.34
2297,18,21,495.202,455.808,19200.641,2,255,57.366,42.331,NA,14.365,0.048,-100.125,-10.125
2298,18,22,495.202,455.808,19500.651,2,255,57.366,42.331,NA,0,0,0,100.125
2299,18,23,486.111,454.293,19800.661,2,255,66.582,47.211,NA,9.216,0.031,-170.538,-170.538
2300,18,24,478.535,454.293,20100.671,2,255,74.158,51.14,NA,7.576,0.025,180,-9.462
2301,18,25,475.505,457.828,20400.681,2,255,78.815,50.181,NA,4.656,0.016,130.601,-49.399
2302,18,26,457.828,455.303,20700.691,2,255,96.671,64.603,NA,17.856,0.06,-171.87,57.529
2303,18,27,454.798,451.263,21000.701,2,255,101.721,69.517,NA,5.051,0.017,-126.87,45
2304,18,28,446.212,441.667,21300.711,2,255,114.598,82.291,NA,12.876,0.043,-131.82,-4.95
2305,18,29,439.646,434.596,21600.721,2,255,124.247,91.898,NA,9.649,0.032,-132.879,-1.059
2306,18,30,438.131,432.071,21900.731,2,255,127.192,94.72,NA,2.945,0.01,-120.964,11.915
2307,18,31,438.131,439.646,22200.741,2,255,134.767,89.763,NA,7.576,0.025,90,-149.036
2308,18,32,438.131,441.667,22500.751,2,255,136.787,88.504,NA,2.02,0.007,90,0
2309,18,33,432.071,439.646,22800.761,2,255,143.176,94.546,NA,6.388,0.021,-161.565,108.435
2310,18,34,432.071,439.646,23100.771,2,255,143.176,94.546,NA,0,0,0,161.565
2311,18,35,417.929,439.646,23400.781,2,255,157.317,106.214,NA,14.141,0.047,180,180
2312,18,36,416.919,443.182,23700.791,2,255,160.994,105.246,NA,3.677,0.012,105.945,-74.055
2313,18,37,416.919,443.182,24000.801,2,255,160.994,105.246,NA,0,0,0,-105.945
2314,18,38,416.919,452.273,24300.811,2,255,170.085,100.971,NA,9.091,0.03,90,90
2315,18,39,416.919,458.838,24600.821,2,255,176.651,98.292,NA,6.566,0.022,90,0
2316,18,40,426.01,441.162,24900.831,2,255,196.528,98.614,NA,19.877,0.066,-62.784,-152.784
2317,18,41,426.01,441.162,25200.841,2,255,196.528,98.614,NA,0,0,0,62.784
2318,18,42,425,441.162,25500.851,2,255,197.538,99.454,NA,1.01,0.003,180,180
2319,18,43,425,434.596,25800.861,2,255,204.104,103.233,NA,6.566,0.022,-90,90
2320,18,44,429.04,438.636,26100.871,2,255,209.818,97.583,NA,5.714,0.019,45,135
2321,18,45,429.04,442.172,26400.881,2,255,213.353,95.54,NA,3.535,0.012,90,45
2322,18,46,428.03,446.212,26700.891,2,255,217.518,94.169,NA,4.165,0.014,104.036,14.036
2323,18,47,426.515,446.212,27000.901,2,255,219.033,95.456,NA,1.515,0.005,180,75.964
2324,18,48,426.515,455.808,27300.911,2,255,228.629,90.798,NA,9.596,0.032,90,-90
2325,18,49,426.515,455.808,27600.921,2,255,228.629,90.798,NA,0,0,0,-90
2326,18,50,421.465,447.222,27900.931,2,255,238.59,99.291,NA,9.961,0.033,-120.466,-120.466
2327,18,51,417.424,444.192,28200.941,2,255,243.641,104.302,NA,5.051,0.017,-143.13,-22.665
2328,18,52,415.404,443.182,28500.951,2,255,245.899,106.557,NA,2.259,0.008,-153.435,-10.305
2329,18,53,415.404,447.222,28800.961,2,255,249.94,104.605,NA,4.04,0.013,90,-116.565
2330,18,54,414.394,450.253,29100.971,2,255,253.134,104.126,NA,3.194,0.011,108.435,18.435
2331,18,55,414.394,450.253,29400.981,2,255,253.134,104.126,NA,0,0,0,-108.435
2332,18,56,407.828,449.747,29700.991,2,255,259.719,110.268,NA,6.585,0.022,-175.601,-175.601
2333,18,57,407.828,457.323,30001.001,2,255,267.295,107.296,NA,7.576,0.025,90,-94.399
2334,18,58,397.727,456.818,30301.011,2,255,277.408,116.936,NA,10.114,0.034,-177.138,92.862
2335,18,59,392.677,456.818,30601.021,2,255,282.459,121.704,NA,5.051,0.017,180,-2.862
2336,18,60,392.677,453.788,30901.031,2,255,285.489,122.718,NA,3.03,0.01,-90,90
2337,18,61,390.152,453.283,31201.041,2,255,288.065,125.263,NA,2.575,0.009,-168.69,-78.69
2338,18,62,390.152,453.283,31501.051,2,255,288.065,125.263,NA,0,0,0,168.69
2339,18,63,393.182,448.232,31801.061,2,255,293.954,124.281,NA,5.89,0.02,-59.036,-59.036
2340,18,64,395.707,451.768,32101.071,2,255,298.299,120.609,NA,4.345,0.014,54.462,113.499
2341,18,65,395.707,459.848,32401.081,2,255,306.38,117.871,NA,8.081,0.027,90,35.538
2342,18,66,383.586,459.848,32701.091,2,255,318.501,129.455,NA,12.121,0.04,180,90
2343,18,67,383.586,466.414,33001.101,2,255,325.067,127.766,NA,6.566,0.022,90,-90
2344,18,68,390.152,464.899,33301.111,2,255,331.805,121.772,NA,6.738,0.022,-12.995,-102.995
2345,18,69,397.727,455.808,33601.121,2,255,343.639,117.281,NA,11.834,0.039,-50.194,-37.2
2346,18,70,398.232,452.778,33901.131,2,255,346.711,117.889,NA,3.072,0.01,-80.538,-30.343
2347,18,71,399.242,457.828,34201.141,2,255,351.861,115.17,NA,5.151,0.017,78.69,159.228
2348,18,72,407.323,469.444,34501.151,2,255,366.012,104.009,NA,14.15,0.047,55.176,-23.515
2349,18,73,407.828,469.444,34801.161,2,255,366.517,103.521,NA,0.505,0.002,0,-55.176
2350,18,74,407.828,460.354,35101.171,2,255,375.608,106.235,NA,9.091,0.03,-90,-90
2351,18,75,407.828,456.818,35401.181,2,255,379.143,107.48,NA,3.535,0.012,-90,0
2352,18,76,397.222,454.798,35701.191,2,255,389.94,118.105,NA,10.797,0.036,-169.216,-79.216
2353,18,77,389.646,454.293,36001.201,2,255,397.532,125.396,NA,7.593,0.025,-176.186,-6.97
2354,18,78,383.586,448.232,36301.211,2,255,406.103,133.185,NA,8.571,0.029,-135,41.186
2355,18,79,373.99,434.091,36601.221,2,255,423.193,147.553,NA,17.09,0.057,-124.16,10.84
2356,18,80,370.96,428.535,36901.231,2,255,429.521,152.687,NA,6.328,0.021,-118.61,5.549
2357,18,81,369.949,430.051,37201.241,2,255,431.342,152.931,NA,1.821,0.006,123.69,-117.699
2358,18,82,366.414,430.051,37501.251,2,255,434.878,156.126,NA,3.535,0.012,180,56.31
2359,18,83,366.414,420.96,37801.261,2,255,443.969,160.19,NA,9.091,0.03,-90,90
2360,18,84,365.404,413.889,38101.271,2,255,451.111,164.505,NA,7.142,0.024,-98.13,-8.13
2361,18,85,365.404,413.889,38401.281,2,255,451.111,164.505,NA,0,0,0,98.13
2362,18,86,362.374,407.323,38701.291,2,255,458.342,170.465,NA,7.231,0.024,-114.775,-114.775
2363,18,87,355.808,407.323,39001.301,2,255,464.908,176.1,NA,6.566,0.022,180,-65.225
2364,18,88,355.808,407.323,39301.311,2,255,464.908,176.1,NA,0,0,0,-180
2365,18,89,355.303,396.717,39601.321,2,255,475.526,182.108,NA,10.618,0.035,-92.726,-92.726
2366,18,90,358.333,391.162,39901.331,2,255,481.854,182.714,NA,6.328,0.021,-61.39,31.337
2367,18,91,358.333,374.495,40201.341,2,255,498.521,192.779,NA,16.667,0.056,-90,-28.61
2368,18,92,358.333,374.495,40501.351,2,255,498.521,192.779,NA,0,0,0,90
2369,18,93,362.374,370.96,40801.361,2,255,503.89,191.951,NA,5.369,0.018,-41.186,-41.186
2370,18,94,362.374,373.99,41101.371,2,255,506.92,189.988,NA,3.03,0.01,90,131.186
2371,18,95,351.263,373.485,41401.381,2,255,518.043,198.934,NA,11.123,0.037,-177.397,92.603
2372,18,96,347.222,368.434,41701.391,2,255,524.51,205.235,NA,6.468,0.022,-128.66,48.738
2373,18,97,344.192,358.838,42001.401,2,255,534.574,213.655,NA,10.063,0.034,-107.526,21.134
2374,18,98,344.192,358.838,42301.411,2,255,534.574,213.655,NA,0,0,0,107.526
2375,18,99,333.081,350.758,42601.421,2,255,548.312,227.362,NA,13.739,0.046,-143.973,-143.973
2376,18,100,323.99,349.242,42901.431,2,255,557.529,235.365,NA,9.216,0.031,-170.538,-26.565
2377,18,101,311.869,353.283,43201.441,2,255,570.306,242.547,NA,12.777,0.043,161.565,-27.897
2378,18,102,300.758,357.323,43501.451,2,255,582.129,249.336,NA,11.823,0.039,160.017,-1.548
2379,18,103,290.152,357.828,43801.461,2,255,592.747,257.94,NA,10.618,0.035,177.274,17.257
2380,18,104,282.071,350.253,44101.471,2,255,603.823,268.832,NA,11.077,0.037,-136.848,45.879
2381,18,105,280.051,338.636,44401.481,2,255,615.614,276.971,NA,11.791,0.039,-99.866,36.982
2382,18,106,265.909,328.535,44701.491,2,255,632.992,294.347,NA,17.378,0.058,-144.462,-44.597
2383,18,107,255.303,328.535,45001.501,2,255,643.598,303.125,NA,10.606,0.035,180,-35.538
2384,18,108,254.798,325,45301.511,2,255,647.169,305.513,NA,3.571,0.012,-98.13,81.87
2385,18,109,263.384,319.444,45601.521,2,255,657.396,301.662,NA,10.226,0.034,-32.905,65.225
2386,18,110,275,301.768,45901.531,2,255,678.548,303.344,NA,21.152,0.071,-56.689,-23.784
2387,18,111,297.727,259.848,46201.542,2,255,726.232,316.244,NA,47.684,0.159,-61.535,-4.845
2388,18,112,297.222,253.283,46501.552,2,255,732.817,321.511,NA,6.585,0.022,-94.399,-32.864
2389,18,113,295.707,245.707,46801.562,2,255,740.543,328.25,NA,7.726,0.026,-101.31,-6.911
2390,18,114,293.182,244.697,47101.572,2,255,743.262,330.655,NA,2.72,0.009,-158.199,-56.889
2391,18,115,303.283,244.697,47401.582,2,255,753.363,324.189,NA,10.101,0.034,0,158.199
2392,18,116,316.919,237.626,47701.592,2,255,768.724,321.423,NA,15.361,0.051,-27.408,-27.408
2393,18,117,321.465,236.111,48001.602,2,255,773.515,319.975,NA,4.791,0.016,-18.435,8.973
2394,18,118,321.465,236.111,48301.612,2,255,773.515,319.975,NA,0,0,0,18.435
2395,18,119,336.616,223.99,48601.622,2,255,792.919,321.588,NA,19.403,0.065,-38.66,-38.66
2396,18,120,352.778,214.899,48901.632,2,255,811.462,321.213,NA,18.543,0.062,-29.358,9.302
2397,18,121,355.808,204.293,49201.642,2,255,822.492,329.131,NA,11.03,0.037,-74.055,-44.697
2398,18,122,355.808,204.293,49501.652,2,255,822.492,329.131,NA,0,0,0,74.055
2399,18,123,355.808,204.293,49801.662,2,255,822.492,329.131,NA,0,0,0,0
2400,18,124,355.808,204.293,50101.672,2,255,822.492,329.131,NA,0,0,0,0
2401,18,125,340.657,204.293,50401.682,2,255,837.644,336.397,NA,15.152,0.051,180,180
2402,18,126,341.162,204.293,50701.692,2,255,838.149,336.147,NA,0.505,0.002,0,-180
2403,18,127,341.162,213.889,51001.702,2,255,847.745,327.848,NA,9.596,0.032,90,90
2404,18,128,344.192,213.889,51301.712,2,255,850.775,326.318,NA,3.03,0.01,0,-90
2405,18,129,344.192,213.889,51601.722,2,255,850.775,326.318,NA,0,0,0,0
2406,18,130,344.192,207.828,51901.732,2,255,856.835,331.575,NA,6.061,0.02,-90,-90
2407,18,131,344.192,205.303,52201.742,2,255,859.361,333.774,NA,2.525,0.008,-90,0
2408,18,132,328.03,205.303,52501.752,2,255,875.522,341.987,NA,16.162,0.054,180,-90
2409,18,133,328.03,205.303,52801.762,2,255,875.522,341.987,NA,0,0,0,-180
2410,18,134,321.97,214.394,53101.772,2,255,886.448,337.587,NA,10.926,0.036,123.69,123.69
2411,18,135,298.232,197.727,53401.782,2,255,915.452,364.724,NA,29.004,0.097,-144.926,91.384
2412,18,136,297.727,197.222,53701.792,2,255,916.167,365.428,NA,0.714,0.002,-135,9.926
2413,18,137,297.727,185.606,54001.802,2,255,927.783,374.991,NA,11.616,0.039,-90,45
2414,18,138,297.727,168.434,54301.812,2,255,944.955,389.334,NA,17.172,0.057,-90,0
2415,18,139,297.727,168.434,54601.822,2,168,944.955,389.334,NA,0,0,0,90
2416,18,140,297.727,145.707,54901.832,2,255,967.682,408.652,NA,22.727,0.076,-90,-90
2417,18,141,297.727,133.586,55201.842,2,255,979.803,419.095,NA,12.121,0.04,-90,0
2418,19,1,1062.879,446.717,15300.51,2,255,0,0,NA,NA,NA,NA,NA
2419,19,2,1072.98,446.717,15600.521,2,247,10.101,10.101,NA,10.101,0.034,0,NA
2420,19,3,1078.03,446.717,15900.531,2,186,15.152,15.152,NA,5.051,0.017,0,0
2421,19,4,1081.061,455.808,16200.541,2,255,24.734,20.328,NA,9.583,0.032,71.565,71.565
2422,19,5,1081.566,455.808,16500.551,2,255,25.239,20.781,NA,0.505,0.002,0,-71.565
2423,19,6,1081.566,455.808,16800.561,2,255,25.239,20.781,NA,0,0,0,0
2424,19,7,1081.566,455.808,17100.571,2,251,25.239,20.781,NA,0,0,0,0
2425,19,8,1083.586,456.313,17400.581,2,255,27.322,22.822,NA,2.082,0.007,14.036,14.036
2426,19,9,1083.586,456.313,17700.591,2,255,27.322,22.822,NA,0,0,0,-14.036
2427,19,10,1083.586,456.313,18000.601,2,255,27.322,22.822,NA,0,0,0,0
2428,19,11,1083.586,459.343,18300.611,2,255,30.352,24.253,NA,3.03,0.01,90,90
2429,19,12,1079.545,461.364,18600.621,2,255,34.869,22.188,NA,4.517,0.015,153.435,63.435
2430,19,13,1079.545,467.424,18900.631,2,255,40.93,26.581,NA,6.061,0.02,90,-63.435
2431,19,14,1079.545,469.444,19200.641,2,255,42.95,28.183,NA,2.02,0.007,90,0
2432,19,15,1079.545,469.444,19500.651,2,255,42.95,28.183,NA,0,0,0,-90
2433,19,16,1079.545,469.444,19800.661,2,255,42.95,28.183,NA,0,0,0,0
2434,19,17,1079.545,469.444,20100.671,2,255,42.95,28.183,NA,0,0,0,0
2435,19,18,1082.576,469.444,20400.681,2,255,45.98,30.075,NA,3.03,0.01,0,0
2436,19,19,1087.626,469.444,20700.691,2,193,51.031,33.6,NA,5.051,0.017,0,0
2437,19,20,1087.121,469.444,21000.701,2,255,51.536,33.23,NA,0.505,0.002,180,180
2438,19,21,1093.687,469.444,21300.711,2,255,58.102,38.284,NA,6.566,0.022,0,-180
2439,19,22,1104.293,469.444,21600.721,2,255,68.708,47.24,NA,10.606,0.035,0,0
2440,19,23,1104.293,469.444,21900.731,2,255,68.708,47.24,NA,0,0,0,0
2441,19,24,1110.354,468.434,22200.741,2,255,74.852,52.206,NA,6.144,0.02,-9.462,-9.462
2442,19,25,1114.394,467.424,22500.751,2,244,79.017,55.521,NA,4.165,0.014,-14.036,-4.574
2443,19,26,1120.455,467.424,22800.761,2,246,85.077,61.186,NA,6.061,0.02,0,14.036
2444,19,27,1120.455,467.424,23100.771,2,255,85.077,61.186,NA,0,0,0,0
2445,19,28,1124.495,467.424,23400.781,2,255,89.118,65.003,NA,4.04,0.013,0,0
2446,19,29,1136.111,475.505,23700.791,2,182,103.268,78.687,NA,14.15,0.047,34.824,34.824
2447,19,30,1135.101,500.758,24000.801,2,255,128.541,90.202,NA,25.273,0.084,92.291,57.466
2448,19,31,1135.606,514.899,24300.811,2,255,142.691,99.69,NA,14.15,0.047,87.955,-4.336
2449,19,32,1138.636,517.424,24600.821,2,255,146.636,103.628,NA,3.945,0.013,39.806,-48.149
2450,19,33,1150.253,524.495,24900.831,2,255,160.235,116.977,NA,13.599,0.045,31.329,-8.477
2451,19,34,1150.253,524.495,25200.841,2,244,160.235,116.977,NA,0,0,0,-31.329
2452,19,35,1156.313,521.465,25500.851,2,180,167.011,119.654,NA,6.776,0.023,-26.565,-26.565
2453,19,36,1156.313,521.465,25800.861,2,255,167.011,119.654,NA,0,0,0,26.565
2454,19,37,1159.343,515.909,26100.871,2,255,173.339,118.714,NA,6.328,0.021,-61.39,-61.39
2455,19,38,1160.354,510.354,26400.881,2,255,178.985,116.408,NA,5.647,0.019,-79.695,-18.306
2456,19,39,1163.384,506.818,26700.891,2,255,183.642,117.104,NA,4.656,0.016,-49.399,30.296
2457,19,40,1163.384,506.313,27000.901,2,255,184.147,116.846,NA,0.505,0.002,-90,-40.601
2458,19,41,1168.434,498.737,27300.911,2,255,193.252,117.678,NA,9.105,0.03,-56.31,33.69
2459,19,42,1168.434,498.737,27600.921,2,255,193.252,117.678,NA,0,0,0,56.31
2460,19,43,1168.434,492.172,27900.931,2,255,199.817,114.926,NA,6.566,0.022,-90,-90
2461,19,44,1168.434,492.172,28200.941,2,255,199.817,114.926,NA,0,0,0,90
2462,19,45,1168.434,489.646,28500.951,2,255,202.343,113.951,NA,2.525,0.008,-90,-90
2463,19,46,1170.96,489.646,28800.961,2,255,204.868,116.294,NA,2.525,0.008,0,90
2464,19,47,1170.96,493.687,29100.971,2,255,208.908,117.846,NA,4.04,0.013,90,90
2465,19,48,1176.01,492.677,29400.981,2,235,214.059,122.111,NA,5.151,0.017,-11.31,-101.31
2466,19,49,1181.061,487.121,29700.991,2,205,221.567,124.898,NA,7.508,0.025,-47.726,-36.416
2467,19,50,1181.061,487.121,30001.001,2,255,221.567,124.898,NA,0,0,0,47.726
2468,19,51,1181.061,487.121,30301.011,2,2,221.567,124.898,NA,0,0,0,0
2469,19,52,1201.768,478.535,30601.021,2,255,243.984,142.487,NA,22.417,0.075,-22.521,-22.521
2470,19,53,1201.768,478.535,30901.031,2,248,243.984,142.487,NA,0,0,0,22.521
2471,19,54,1207.323,472.475,31201.041,2,255,252.205,146.723,NA,8.222,0.027,-47.49,-47.49
2472,19,55,1208.838,462.374,31501.051,2,255,262.419,146.797,NA,10.214,0.034,-81.469,-33.98
2473,19,56,1210.354,461.869,31801.061,2,255,264.016,148.251,NA,1.597,0.005,-18.435,63.034
2474,19,57,1209.848,454.798,32101.071,2,255,271.105,147.192,NA,7.089,0.024,-94.086,-75.651
2475,19,58,1215.909,444.697,32401.081,2,255,282.885,153.044,NA,11.78,0.039,-59.036,35.049
2476,19,59,1215.909,444.697,32701.091,2,236,282.885,153.044,NA,0,0,0,59.036
2477,19,60,1215.909,441.162,33001.101,2,255,286.42,153.131,NA,3.535,0.012,-90,-90
2478,19,61,1215.909,436.111,33301.111,2,255,291.471,153.397,NA,5.051,0.017,-90,0
2479,19,62,1222.475,433.081,33601.121,2,255,298.702,160.177,NA,7.231,0.024,-24.775,65.225
2480,19,63,1222.475,433.081,33901.131,2,255,298.702,160.177,NA,0,0,0,24.775
2481,19,64,1210.354,426.01,34201.141,2,255,312.735,148.921,NA,14.033,0.047,-149.744,-149.744
2482,19,65,1210.354,426.01,34501.151,2,255,312.735,148.921,NA,0,0,0,149.744
2483,19,66,1203.788,426.01,34801.161,2,255,319.3,142.422,NA,6.566,0.022,180,180
2484,19,67,1206.818,431.061,35101.171,2,255,325.19,144.788,NA,5.89,0.02,59.036,-120.964
2485,19,68,1210.859,422.475,35401.181,2,255,334.679,149.952,NA,9.489,0.032,-64.799,-123.835
2486,19,69,1229.545,423.485,35701.191,2,227,353.393,168.278,NA,18.714,0.062,3.094,67.893
2487,19,70,1239.646,430.051,36001.201,2,255,365.441,177.552,NA,12.047,0.04,33.024,29.93
2488,19,71,1245.707,431.061,36301.211,2,255,371.585,183.497,NA,6.144,0.02,9.462,-23.562
2489,19,72,1234.091,426.515,36601.221,2,255,384.059,172.4,NA,12.474,0.042,-158.629,-168.092
2490,19,73,1234.091,420.455,36901.231,2,255,390.119,173.215,NA,6.061,0.02,-90,68.629
2491,19,74,1234.091,410.859,37201.241,2,255,399.715,174.927,NA,9.596,0.032,-90,0
2492,19,75,1234.091,410.859,37501.251,2,255,399.715,174.927,NA,0,0,0,90
2493,19,76,1226.515,401.768,37801.261,2,254,411.549,169.698,NA,11.834,0.039,-129.806,-129.806
2494,19,77,1230.556,386.616,38101.271,2,255,427.23,178.123,NA,15.681,0.052,-75.069,54.737
2495,19,78,1230.556,386.616,38401.281,2,255,427.23,178.123,NA,0,0,0,75.069
2496,19,79,1232.576,381.566,38701.291,2,255,432.669,181.774,NA,5.44,0.018,-68.199,-68.199
2497,19,80,1251.768,381.566,39001.301,2,255,451.861,199.809,NA,19.192,0.064,0,68.199
2498,19,81,1263.889,381.566,39301.311,2,255,463.983,211.305,NA,12.121,0.04,0,0
2499,19,82,1269.949,397.222,39601.321,2,255,480.771,212.904,NA,16.789,0.056,68.839,68.839
2500,19,83,1269.949,382.576,39901.331,2,255,495.418,216.777,NA,14.646,0.049,-90,-158.839
2501,19,84,1259.848,377.02,40201.341,2,255,506.946,208.937,NA,11.528,0.038,-151.189,-61.189
2502,19,85,1258.333,368.434,40501.351,2,255,515.664,210.549,NA,8.719,0.029,-100.008,51.181
2503,19,86,1258.333,368.434,40801.361,2,255,515.664,210.549,NA,0,0,0,100.008
2504,19,87,1258.333,351.768,41101.371,2,255,532.331,217.297,NA,16.667,0.056,-90,-90
2505,19,88,1272.475,349.242,41401.381,2,216,546.696,231.153,NA,14.365,0.048,-10.125,79.875
2506,19,89,1288.636,340.152,41701.391,2,255,565.239,249.645,NA,18.543,0.062,-29.358,-19.233
2507,19,90,1296.717,331.566,42001.401,2,255,577.029,260.654,NA,11.791,0.039,-46.736,-17.378
2508,19,91,1300.253,326.515,42301.411,2,255,583.194,266.073,NA,6.165,0.021,-55.008,-8.272
2509,19,92,1300.253,326.515,42601.421,2,255,583.194,266.073,NA,0,0,0,55.008
2510,19,93,1319.949,305.808,42901.431,2,255,611.773,293.156,NA,28.579,0.095,-46.432,-46.432
2511,19,94,1336.616,298.737,43201.441,2,255,629.878,311.175,NA,18.104,0.06,-22.989,23.443
2512,19,95,1336.616,298.737,43501.451,2,242,629.878,311.175,NA,0,0,0,22.989
2513,19,96,1345.202,296.212,43801.461,2,255,638.827,319.935,NA,8.95,0.03,-16.39,-16.39
2514,19,97,1354.293,296.212,44101.471,2,255,647.918,327.985,NA,9.091,0.03,0,16.39
2515,19,98,1351.263,284.091,44401.481,2,255,660.412,331.078,NA,12.494,0.042,-104.036,-104.036
2516,19,99,1351.263,276.515,44701.491,2,255,667.988,334.864,NA,7.576,0.025,-90,14.036
2517,19,100,1351.263,276.515,45001.501,2,255,667.988,334.864,NA,0,0,0,90
2518,19,101,1355.303,276.515,45301.511,2,248,672.029,338.35,NA,4.04,0.013,0,0
2519,19,102,1365.909,284.596,45601.521,2,255,685.362,343.672,NA,13.334,0.044,37.304,37.304
2520,19,103,1362.374,287.121,45901.531,2,255,689.707,339.364,NA,4.345,0.014,144.462,107.158
2521,19,104,1362.374,288.636,46201.542,2,255,691.222,338.654,NA,1.515,0.005,90,-54.462
2522,19,105,1370.96,303.788,46501.552,2,235,708.637,339.621,NA,17.415,0.058,60.461,-29.539
2523,19,106,1370.96,303.788,46801.562,2,255,708.637,339.621,NA,0,0,0,-60.461
2524,19,107,1376.515,302.778,47101.572,2,219,714.284,345.089,NA,5.647,0.019,-10.305,-10.305
2525,19,108,1417.424,286.111,47401.582,2,193,758.458,389.226,NA,44.174,0.147,-22.166,-11.861
2526,19,109,1427.525,278.03,47701.592,2,250,771.393,401.774,NA,12.936,0.043,-38.66,-16.493
2527,20,1,1085.101,528.03,29700.991,2,107,0,0,NA,NA,NA,NA,NA
2528,20,2,1093.687,533.586,30001.001,2,106,10.226,10.226,NA,10.226,0.034,32.905,NA
2529,20,3,1099.242,540.152,30301.011,2,197,18.827,18.625,NA,8.601,0.029,49.764,16.858
2530,20,4,1111.869,534.091,30601.021,2,255,32.833,27.445,NA,14.005,0.047,-25.641,-75.405
2531,20,5,1127.02,530.051,30901.031,2,255,48.514,41.968,NA,15.681,0.052,-14.931,10.71
2532,20,6,1127.02,530.051,31201.041,2,255,48.514,41.968,NA,0,0,0,14.931
2533,20,7,1157.828,550.758,31501.051,2,255,85.634,76.196,NA,37.12,0.124,33.906,33.906
2534,20,8,1167.424,550.253,31801.061,2,227,95.243,85.27,NA,9.609,0.032,-3.013,-36.919
2535,20,9,1169.949,538.131,32101.071,2,130,107.625,85.448,NA,12.381,0.041,-78.232,-75.219
2536,20,10,1172.475,537.121,32401.081,2,181,110.344,87.845,NA,2.72,0.009,-21.801,56.43
2537,20,11,1172.475,537.121,32701.091,2,255,110.344,87.845,NA,0,0,0,21.801
2538,20,12,1185.101,533.081,33001.101,2,255,123.601,100.127,NA,13.257,0.044,-17.745,-17.745
2539,20,13,1188.131,539.141,33301.111,2,238,130.377,103.628,NA,6.776,0.023,63.435,81.18
2540,20,14,1199.242,530.051,33601.121,2,255,144.734,114.159,NA,14.356,0.048,-39.289,-102.724
2541,20,15,1209.343,524.495,33901.131,2,255,156.262,124.293,NA,11.528,0.038,-28.811,10.479
2542,20,16,1203.283,519.949,34201.141,2,157,163.837,118.458,NA,7.576,0.025,-143.13,-114.319
2543,20,17,1206.818,519.444,34501.151,2,255,167.409,122.02,NA,3.571,0.012,-8.13,135
2544,20,18,1226.01,517.929,34801.161,2,255,186.66,141.271,NA,19.252,0.064,-4.514,3.616
2545,20,19,1234.091,523.485,35101.171,2,235,196.467,149.059,NA,9.806,0.033,34.509,39.023
2546,20,20,1245.707,523.485,35401.181,2,255,208.083,160.67,NA,11.616,0.039,0,-34.509
2547,20,21,1245.707,523.485,35701.191,2,207,208.083,160.67,NA,0,0,0,0
2548,20,22,1252.273,532.071,36001.201,2,255,218.891,167.221,NA,10.809,0.036,52.595,52.595
2549,20,23,1275.505,543.687,36301.211,2,200,244.866,191.047,NA,25.975,0.087,26.565,-26.03
2550,20,24,1283.586,541.667,36601.221,2,255,253.195,198.953,NA,8.33,0.028,-14.036,-40.601
2551,20,25,1289.646,540.152,36901.231,2,255,259.442,204.904,NA,6.247,0.021,-14.036,0
2552,20,26,1289.646,540.152,37201.241,2,213,259.442,204.904,NA,0,0,0,14.036
2553,20,27,1301.768,550.758,37501.251,2,255,275.549,217.855,NA,16.106,0.054,41.186,41.186
2554,20,28,1301.768,550.758,37801.261,2,255,275.549,217.855,NA,0,0,0,-41.186
2555,20,29,1320.96,550.758,38101.271,2,228,294.741,236.951,NA,19.192,0.064,0,0
2556,20,30,1325,541.667,38401.281,2,255,304.689,240.286,NA,9.948,0.033,-66.038,-66.038
2557,20,31,1341.162,541.162,38701.291,2,255,320.859,256.397,NA,16.17,0.054,-1.79,64.248
2558,20,32,1351.768,538.636,39001.301,2,255,331.761,266.877,NA,10.903,0.036,-13.392,-11.603
2559,20,33,1357.323,538.131,39301.311,2,255,337.34,272.41,NA,5.578,0.019,-5.194,8.198
2560,20,34,1359.343,538.131,39601.321,2,255,339.36,274.428,NA,2.02,0.007,0,5.194
2561,20,35,1359.343,538.131,39901.331,2,223,339.36,274.428,NA,0,0,0,0
2562,20,36,1359.343,544.192,40201.341,2,255,345.42,274.718,NA,6.061,0.02,90,90
2563,20,37,1354.798,546.717,40501.351,2,255,350.62,270.344,NA,5.2,0.017,150.945,60.945
2564,20,38,1354.798,561.364,40801.361,2,150,365.267,271.749,NA,14.646,0.049,90,-60.945
2565,20,39,1362.879,564.899,41101.371,2,255,374.087,280.214,NA,8.82,0.029,23.629,-66.371
2566,20,40,1364.899,568.939,41401.381,2,255,378.604,282.773,NA,4.517,0.015,63.435,39.806
2567,20,41,1380.556,585.101,41701.391,2,255,401.106,300.916,NA,22.502,0.075,45.909,-17.526
2568,20,42,1390.152,610.354,42001.401,2,255,428.12,315.963,NA,27.014,0.09,69.193,23.284
2569,20,43,1399.747,630.556,42301.411,2,236,450.485,330.929,NA,22.365,0.075,64.592,-4.601
2570,20,44,1399.747,630.556,42601.421,2,213,450.485,330.929,NA,0,0,0,-64.592
2571,20,45,1406.313,630.556,42901.431,2,220,457.051,337.177,NA,6.566,0.022,0,0
2572,20,46,1406.313,630.556,43201.441,2,255,457.051,337.177,NA,0,0,0,0
2573,20,47,1412.879,655.808,43501.451,2,214,483.143,351.803,NA,26.092,0.087,75.426,75.426
2574,20,48,1421.97,669.444,43801.461,2,166,499.532,365.347,NA,16.389,0.055,56.31,-19.116
2575,20,49,1422.475,659.848,44101.471,2,249,509.141,362.211,NA,9.609,0.032,-86.987,-143.297
2576,20,50,1422.475,659.848,44401.481,2,255,509.141,362.211,NA,0,0,0,86.987
2577,20,51,1456.818,685.101,44701.491,2,255,551.77,403.54,NA,42.628,0.142,36.327,36.327
2578,20,52,1462.374,683.586,45001.501,2,255,557.528,408.084,NA,5.758,0.019,-15.255,-51.582
2579,20,53,1462.879,684.091,45301.511,2,237,558.242,408.743,NA,0.714,0.002,45,60.255
2580,20,54,1477.525,720.455,45601.521,2,240,597.445,437.063,NA,39.202,0.131,68.062,23.062
2581,20,55,1480.051,723.99,45901.531,2,255,601.789,440.891,NA,4.345,0.014,54.462,-13.599
2582,20,56,1493.182,730.051,46201.542,2,255,616.252,455.348,NA,14.462,0.048,24.775,-29.687
2583,20,57,1505.303,730.051,46501.552,2,255,628.373,466.242,NA,12.121,0.04,0,-24.775
2584,20,58,1505.303,730.051,46801.562,2,255,628.373,466.242,NA,0,0,0,0
2585,20,59,1505.303,742.172,47101.572,2,255,640.494,471.621,NA,12.121,0.04,90,90
2586,20,60,1521.97,761.364,47401.582,2,252,665.913,495.276,NA,25.419,0.085,49.028,-40.972
2587,20,61,1543.182,765.404,47701.592,2,255,687.506,515.931,NA,21.593,0.072,10.784,-38.244
2588,21,1,752.273,443.939,11400.38,2,255,0,0,NA,NA,NA,NA,NA
2589,21,2,752.273,438.636,11700.39,2,255,5.303,5.303,NA,5.303,0.018,-90,NA
2590,21,3,752.273,432.576,12000.4,2,255,11.364,11.364,NA,6.061,0.02,-90,0
2591,21,4,752.273,432.576,12300.41,2,255,11.364,11.364,NA,0,0,0,90
2592,21,5,759.091,432.576,12600.42,2,255,18.182,13.252,NA,6.818,0.023,0,0
2593,21,6,759.091,431.061,12900.43,2,255,19.697,14.572,NA,1.515,0.005,-90,-90
2594,21,7,757.576,431.061,13200.44,2,255,21.212,13.928,NA,1.515,0.005,180,-90
2595,21,8,757.576,426.515,13500.45,2,255,25.758,18.213,NA,4.545,0.015,-90,90
2596,21,9,757.576,426.515,13800.46,2,255,25.758,18.213,NA,0,0,0,90
2597,21,10,753.03,426.515,14100.47,2,255,30.303,17.441,NA,4.545,0.015,180,180
2598,21,11,748.485,426.515,14400.48,2,255,34.848,17.831,NA,4.545,0.015,180,0
2599,21,12,748.485,426.515,14700.49,2,255,34.848,17.831,NA,0,0,0,-180
2600,21,13,748.485,426.515,15000.5,2,255,34.848,17.831,NA,0,0,0,0
2601,21,14,748.485,426.515,15300.51,2,255,34.848,17.831,NA,0,0,0,0
2602,21,15,748.485,426.515,15600.521,2,255,34.848,17.831,NA,0,0,0,0
2603,21,16,748.485,421.97,15900.531,2,255,39.394,22.294,NA,4.545,0.015,-90,-90
2604,21,17,750,420.455,16200.541,2,255,41.537,23.595,NA,2.143,0.007,-45,45
2605,21,18,750,420.455,16500.551,2,255,41.537,23.595,NA,0,0,0,45
2606,21,19,743.182,420.455,16800.561,2,255,48.355,25.183,NA,6.818,0.023,180,180
2607,21,20,743.182,420.455,17100.571,2,255,48.355,25.183,NA,0,0,0,-180
2608,21,21,739.394,420.455,17400.581,2,255,52.143,26.784,NA,3.788,0.013,180,180
2609,21,22,738.636,418.939,17700.591,2,255,53.837,28.477,NA,1.694,0.006,-116.565,63.435
2610,21,23,738.636,412.121,18000.601,2,255,60.655,34.617,NA,6.818,0.023,-90,26.565
2611,21,24,738.636,412.121,18300.611,2,255,60.655,34.617,NA,0,0,0,90
2612,21,25,738.636,412.121,18600.621,2,255,60.655,34.617,NA,0,0,0,0
2613,21,26,738.636,412.121,18900.631,2,255,60.655,34.617,NA,0,0,0,0
2614,21,27,733.333,412.121,19200.641,2,255,65.958,37.028,NA,5.303,0.018,180,180
2615,21,28,734.848,412.121,19500.651,2,255,67.473,36.277,NA,1.515,0.005,0,-180
2616,21,29,746.212,412.121,19800.661,2,255,78.837,32.39,NA,11.364,0.038,0,0
2617,21,30,746.212,412.121,20100.671,2,255,78.837,32.39,NA,0,0,0,0
2618,21,31,744.697,412.879,20400.681,2,255,80.531,31.971,NA,1.694,0.006,153.435,153.435
2619,21,32,740.152,415.152,20700.691,2,255,85.613,31.236,NA,5.082,0.017,153.435,0
2620,21,33,740.152,415.152,21000.701,2,255,85.613,31.236,NA,0,0,0,-153.435
2621,21,34,743.182,415.152,21300.711,2,255,88.643,30.189,NA,3.03,0.01,0,0
2622,21,35,743.182,403.03,21600.721,2,255,100.764,41.907,NA,12.121,0.04,-90,-90
2623,21,36,737.121,403.03,21900.731,2,255,106.825,43.625,NA,6.061,0.02,180,-90
2624,21,37,737.121,394.697,22200.741,2,255,115.158,51.521,NA,8.333,0.028,-90,90
2625,21,38,737.121,394.697,22500.751,2,255,115.158,51.521,NA,0,0,0,90
2626,21,39,737.121,385.606,22800.761,2,255,124.249,60.269,NA,9.091,0.03,-90,-90
2627,21,40,734.848,371.212,23100.771,2,255,138.821,74.785,NA,14.572,0.049,-98.973,-8.973
2628,21,41,734.848,371.212,23400.781,2,2,138.821,74.785,NA,0,0,0,98.973
2629,21,42,731.061,331.061,23700.791,2,73,179.151,114.855,NA,40.33,0.134,-95.389,-95.389
2630,21,43,721.212,305.303,24000.801,2,255,206.727,142.073,NA,27.576,0.092,-110.925,-15.535
2631,21,44,720.455,305.303,24300.811,2,255,207.485,142.241,NA,0.758,0.003,180,-69.075
2632,21,45,716.667,312.121,24600.821,2,255,215.285,136.542,NA,7.8,0.026,119.055,-60.945
2633,21,46,716.667,312.121,24900.831,2,255,215.285,136.542,NA,0,0,0,-119.055
2634,21,47,716.667,312.121,25200.841,2,255,215.285,136.542,NA,0,0,0,0
2635,21,48,713.636,305.303,25500.851,2,255,222.746,143.919,NA,7.461,0.025,-113.962,-113.962
2636,21,49,705.303,304.545,25800.861,2,255,231.114,147.095,NA,8.368,0.028,-174.806,-60.843
2637,21,50,697.727,302.273,26100.871,2,255,239.023,151.805,NA,7.909,0.026,-163.301,11.505
2638,21,51,697.727,302.273,26400.881,2,255,239.023,151.805,NA,0,0,0,163.301
2639,21,52,698.485,300,26700.891,2,255,241.419,153.661,NA,2.396,0.008,-71.565,-71.565
2640,21,53,707.576,299.242,27000.901,2,255,250.541,151.443,NA,9.122,0.03,-4.764,66.801
2641,21,54,716.667,279.545,27300.911,2,255,272.235,168.206,NA,21.694,0.072,-65.225,-60.461
2642,21,55,734.091,258.333,27600.921,2,255,299.686,186.494,NA,27.451,0.092,-50.599,14.626
2643,21,56,734.091,259.848,27900.931,2,255,301.201,184.987,NA,1.515,0.005,90,140.599
2644,21,57,734.848,259.848,28200.941,2,255,301.958,184.914,NA,0.758,0.003,0,-90
2645,21,58,737.121,259.848,28500.951,2,255,304.231,184.713,NA,2.273,0.008,0,0
2646,21,59,746.97,256.061,28800.961,2,255,314.783,187.954,NA,10.552,0.035,-21.038,-21.038
2647,21,60,746.97,256.061,29100.971,2,255,314.783,187.954,NA,0,0,0,21.038
2648,21,61,756.061,238.636,29400.981,2,255,334.436,205.338,NA,19.653,0.066,-62.447,-62.447
2649,21,62,759.091,244.697,29700.991,2,255,341.212,199.359,NA,6.776,0.023,63.435,125.882
2650,21,63,759.091,244.697,30001.001,2,255,341.212,199.359,NA,0,0,0,-63.435
2651,21,64,763.636,235.606,30301.011,2,255,351.376,208.643,NA,10.164,0.034,-63.435,-63.435
2652,21,65,763.636,233.333,30601.021,2,255,353.649,210.912,NA,2.273,0.008,-90,-26.565
2653,21,66,763.636,233.333,30901.031,2,255,353.649,210.912,NA,0,0,0,90
2654,21,67,763.636,233.333,31201.041,2,255,353.649,210.912,NA,0,0,0,0
2655,21,68,761.364,233.333,31501.051,2,255,355.921,210.802,NA,2.273,0.008,180,180
2656,21,69,762.121,232.576,31801.061,2,255,356.993,211.593,NA,1.071,0.004,-45,135
2657,21,70,762.121,232.576,32101.071,2,255,356.993,211.593,NA,0,0,0,45
2658,21,71,770.455,231.818,32401.081,2,255,365.361,212.899,NA,8.368,0.028,-5.194,-5.194
2659,21,72,770.455,237.121,32701.091,2,255,370.664,207.616,NA,5.303,0.018,90,95.194
2660,21,73,774.242,237.121,33001.101,2,255,374.451,207.982,NA,3.788,0.013,0,-90
2661,21,74,772.727,240.909,33301.111,2,255,378.531,204.058,NA,4.08,0.014,111.801,111.801
2662,21,75,775.758,240.909,33601.121,2,255,381.561,204.384,NA,3.03,0.01,0,-111.801
2663,21,76,788.636,240.909,33901.131,2,255,394.44,206.261,NA,12.879,0.043,0,0
2664,21,77,788.636,240.909,34201.141,2,255,394.44,206.261,NA,0,0,0,0
2665,21,78,809.091,241.667,34501.151,2,255,414.909,210.101,NA,20.469,0.068,2.121,2.121
2666,21,79,809.091,241.667,34801.161,2,255,414.909,210.101,NA,0,0,0,-2.121
2667,21,80,809.091,245.455,35101.171,2,255,418.697,206.457,NA,3.788,0.013,90,90
2668,21,81,809.091,253.03,35401.181,2,255,426.272,199.185,NA,7.576,0.025,90,0
2669,21,82,809.091,253.03,35701.191,2,255,426.272,199.185,NA,0,0,0,-90
2670,21,83,813.636,253.03,36001.201,2,255,430.818,200.529,NA,4.545,0.015,0,0
2671,21,84,813.636,253.03,36301.211,2,255,430.818,200.529,NA,0,0,0,0
2672,21,85,813.636,250.758,36601.221,2,255,433.091,202.694,NA,2.273,0.008,-90,-90
2673,21,86,820.455,247.727,36901.231,2,255,440.552,207.721,NA,7.461,0.025,-23.962,66.038
2674,21,87,820.455,247.727,37201.241,2,255,440.552,207.721,NA,0,0,0,23.962
2675,21,88,812.121,237.121,37501.251,2,255,454.04,215.304,NA,13.488,0.045,-128.157,-128.157
2676,21,89,811.364,232.576,37801.261,2,255,458.648,219.468,NA,4.608,0.015,-99.462,28.695
2677,21,90,811.364,220.455,38101.271,2,255,470.769,231.165,NA,12.121,0.04,-90,9.462
2678,21,91,824.242,210.606,38401.281,2,255,486.982,244.18,NA,16.213,0.054,-37.405,52.595
2679,21,92,824.242,206.818,38701.291,2,255,490.77,247.803,NA,3.788,0.013,-90,-52.595
2680,21,93,824.242,206.818,39001.301,2,255,490.77,247.803,NA,0,0,0,90
2681,21,94,815.152,196.212,39301.311,2,255,504.739,255.583,NA,13.969,0.047,-130.601,-130.601
2682,21,95,810.606,188.636,39601.321,2,255,513.574,261.882,NA,8.835,0.029,-120.964,9.638
2683,21,96,810.606,187.121,39901.331,2,255,515.089,263.36,NA,1.515,0.005,-90,30.964
2684,21,97,808.333,184.091,40201.341,2,255,518.877,265.827,NA,3.788,0.013,-126.87,-36.87
2685,21,98,808.333,184.091,40501.351,2,255,518.877,265.827,NA,0,0,0,126.87
2686,21,99,808.333,184.091,40801.361,2,255,518.877,265.827,NA,0,0,0,0
2687,21,100,808.333,184.091,41101.371,2,255,518.877,265.827,NA,0,0,0,0
2688,21,101,808.333,180.303,41401.381,2,255,522.665,269.531,NA,3.788,0.013,-90,-90
2689,21,102,792.424,181.061,41701.391,2,255,538.592,265.927,NA,15.927,0.053,177.274,-92.726
2690,21,103,788.636,181.061,42001.401,2,255,542.38,265.382,NA,3.788,0.013,180,2.726
2691,21,104,788.636,181.061,42301.411,2,255,542.38,265.382,NA,0,0,0,-180
2692,21,105,788.636,181.061,42601.421,2,255,542.38,265.382,NA,0,0,0,0
2693,21,106,794.697,175.758,42901.431,2,255,550.433,271.517,NA,8.053,0.027,-41.186,-41.186
2694,21,107,794.697,175.758,43201.441,2,255,550.433,271.517,NA,0,0,0,41.186
2695,21,108,794.697,175.758,43501.451,2,255,550.433,271.517,NA,0,0,0,0
2696,21,109,800.758,184.848,43801.461,2,255,561.359,263.588,NA,10.926,0.036,56.31,56.31
2697,21,110,800.758,191.667,44101.471,2,255,568.177,256.89,NA,6.818,0.023,90,33.69
2698,21,111,800.758,199.242,44401.481,2,255,575.753,249.454,NA,7.576,0.025,90,0
2699,21,112,800.758,202.273,44701.491,2,255,578.783,246.482,NA,3.03,0.01,90,0
2700,21,113,800.758,202.273,45001.501,2,255,578.783,246.482,NA,0,0,0,-90
2701,21,114,800.758,202.273,45301.511,2,255,578.783,246.482,NA,0,0,0,0
2702,21,115,802.273,198.485,45601.521,2,255,582.863,250.495,NA,4.08,0.014,-68.199,-68.199
2703,21,116,803.788,198.485,45901.531,2,255,584.378,250.802,NA,1.515,0.005,0,68.199
2704,21,117,812.121,193.939,46201.542,2,255,593.87,257.064,NA,9.492,0.032,-28.61,-28.61
2705,21,118,808.333,190.909,46501.552,2,255,598.721,259.166,NA,4.851,0.016,-141.34,-112.73
2706,21,119,803.03,175.758,46801.562,2,255,614.774,272.943,NA,16.053,0.054,-109.29,32.05
2707,21,120,803.03,175.758,47101.572,2,255,614.774,272.943,NA,0,0,0,109.29
2708,21,121,803.03,165.909,47401.582,2,255,624.622,282.626,NA,9.848,0.033,-90,-90
2709,21,122,803.03,150,47701.592,2,255,640.532,298.29,NA,15.909,0.053,-90,0
2710,21,123,800,130.303,48001.602,2,255,660.46,317.247,NA,19.929,0.066,-98.746,-8.746
2711,21,124,800,130.303,48301.612,2,255,660.46,317.247,NA,0,0,0,98.746
2712,21,125,800,111.364,48601.622,2,255,679.4,335.983,NA,18.939,0.063,-90,-90
2713,21,126,809.091,85.606,48901.632,2,149,706.714,362.81,NA,27.315,0.091,-70.56,19.44
2714,21,127,827.273,66.667,49201.642,2,255,732.969,384.655,NA,26.254,0.088,-46.169,24.391
2715,21,128,813.636,56.818,49501.652,2,255,749.789,391.954,NA,16.821,0.056,-144.162,-97.993
2716,21,129,813.636,56.061,49801.662,2,255,750.547,392.703,NA,0.758,0.003,-90,54.162
2717,21,130,801.515,55.303,50101.672,2,255,762.692,391.744,NA,12.145,0.04,-176.424,-86.424
2718,21,131,772.727,46.97,50401.682,2,255,792.662,397.496,NA,29.97,0.1,-163.856,12.568
2719,21,132,762.121,28.788,50701.692,2,255,813.711,415.268,NA,21.049,0.07,-120.256,43.599
2720,21,133,756.061,21.212,51001.702,2,150,823.413,422.744,NA,9.702,0.032,-128.66,-8.403
2721,21,134,746.212,14.394,51301.712,2,255,835.391,429.588,NA,11.978,0.04,-145.305,-16.645
2722,22,1,759.343,362.879,7500.25,2,198,0,0,NA,NA,NA,NA,NA
2723,22,2,759.343,348.737,7800.26,2,240,14.141,14.141,NA,14.141,0.047,-90,NA
2724,22,3,759.343,348.737,8100.27,2,255,14.141,14.141,NA,0,0,0,90
2725,22,4,759.343,348.737,8400.28,2,255,14.141,14.141,NA,0,0,0,0
2726,22,5,759.343,348.737,8700.29,2,255,14.141,14.141,NA,0,0,0,0
2727,22,6,759.343,348.737,9000.3,2,255,14.141,14.141,NA,0,0,0,0
2728,22,7,767.424,348.737,9300.31,2,255,22.222,16.287,NA,8.081,0.027,0,0
2729,22,8,767.424,348.737,9600.32,2,255,22.222,16.287,NA,0,0,0,0
2730,22,9,767.424,346.717,9900.33,2,255,24.242,18.069,NA,2.02,0.007,-90,-90
2731,22,10,767.424,340.657,10200.34,2,255,30.303,23.646,NA,6.061,0.02,-90,0
2732,22,11,767.424,340.657,10500.35,2,255,30.303,23.646,NA,0,0,0,90
2733,22,12,776.515,334.596,10800.36,2,255,41.229,33.088,NA,10.926,0.036,-33.69,-33.69
2734,22,13,776.515,334.596,11100.37,2,255,41.229,33.088,NA,0,0,0,33.69
2735,22,14,776.515,334.596,11400.38,2,255,41.229,33.088,NA,0,0,0,0
2736,22,15,784.596,328.535,11700.39,2,255,51.33,42.628,NA,10.101,0.034,-36.87,-36.87
2737,22,16,784.596,322.475,12000.4,2,255,57.391,47.646,NA,6.061,0.02,-90,-53.13
2738,22,17,784.596,322.475,12300.41,2,255,57.391,47.646,NA,0,0,0,90
2739,22,18,776.515,322.475,12600.42,2,255,65.471,43.902,NA,8.081,0.027,180,180
2740,22,19,776.515,318.434,12900.43,2,255,69.512,47.646,NA,4.04,0.013,-90,90
2741,22,20,764.394,318.434,13200.44,2,255,81.633,44.73,NA,12.121,0.04,180,-90
2742,22,21,764.394,314.394,13500.45,2,255,85.673,48.747,NA,4.04,0.013,-90,90
2743,22,22,764.394,307.323,13800.46,2,255,92.744,55.785,NA,7.071,0.024,-90,0
2744,22,23,764.394,307.323,14100.47,2,255,92.744,55.785,NA,0,0,0,90
2745,22,24,764.394,307.323,14400.48,2,255,92.744,55.785,NA,0,0,0,0
2746,22,25,769.444,307.323,14700.49,2,255,97.795,56.466,NA,5.051,0.017,0,0
2747,22,26,773.485,307.323,15000.5,2,255,101.835,57.327,NA,4.04,0.013,0,0
2748,22,27,773.485,307.323,15300.51,2,255,101.835,57.327,NA,0,0,0,0
2749,22,28,773.485,318.434,15600.521,2,255,112.946,46.64,NA,11.111,0.037,90,90
2750,22,29,773.485,305.303,15900.531,2,255,126.077,59.287,NA,13.131,0.044,-90,-180
2751,22,30,773.485,305.303,16200.541,2,255,126.077,59.287,NA,0,0,0,90
2752,22,31,773.485,305.303,16500.551,2,255,126.077,59.287,NA,0,0,0,0
2753,22,32,773.485,305.303,16800.561,2,255,126.077,59.287,NA,0,0,0,0
2754,22,33,763.384,299.242,17100.571,2,255,137.857,63.765,NA,11.78,0.039,-149.036,-149.036
2755,22,34,763.384,299.242,17400.581,2,255,137.857,63.765,NA,0,0,0,149.036
2756,22,35,763.384,297.222,17700.591,2,255,139.877,65.781,NA,2.02,0.007,-90,-90
2757,22,36,763.384,293.182,18000.601,2,255,143.918,69.814,NA,4.04,0.013,-90,0
2758,22,37,772.475,293.182,18300.611,2,255,153.009,70.923,NA,9.091,0.03,0,90
2759,22,38,786.616,293.182,18600.621,2,255,167.15,74.843,NA,14.141,0.047,0,0
2760,22,39,785.606,293.182,18900.631,2,255,168.16,74.481,NA,1.01,0.003,180,180
2761,22,40,790.657,292.172,19200.641,2,255,173.311,77.33,NA,5.151,0.017,-11.31,168.69
2762,22,41,790.657,292.172,19500.651,2,255,173.311,77.33,NA,0,0,0,11.31
2763,22,42,781.566,293.182,19800.661,2,255,182.458,73.154,NA,9.147,0.03,173.66,173.66
2764,22,43,781.566,300.253,20100.671,2,255,189.528,66.452,NA,7.071,0.024,90,-83.66
2765,22,44,782.576,286.111,20400.681,2,255,203.706,80.206,NA,14.177,0.047,-85.914,-175.914
2766,22,45,802.778,284.091,20700.691,2,255,224.008,89.967,NA,20.303,0.068,-5.711,80.204
2767,22,46,814.899,284.091,21000.701,2,255,236.13,96.405,NA,12.121,0.04,0,5.711
2768,22,47,814.899,284.091,21300.711,2,255,236.13,96.405,NA,0,0,0,0
2769,22,48,814.899,282.071,21600.721,2,255,238.15,98.063,NA,2.02,0.007,-90,-90
2770,22,49,803.788,282.071,21900.731,2,255,249.261,92.224,NA,11.111,0.037,180,-90
2771,22,50,793.687,282.071,22200.741,2,255,259.362,87.803,NA,10.101,0.034,180,0
2772,22,51,793.687,273.99,22500.751,2,255,267.443,95.293,NA,8.081,0.027,-90,90
2773,22,52,807.828,273.99,22800.761,2,255,281.584,101.252,NA,14.141,0.047,0,90
2774,22,53,817.929,266.919,23100.771,2,253,293.914,112.43,NA,12.33,0.041,-34.992,-34.992
2775,22,54,817.929,266.919,23400.781,2,255,293.914,112.43,NA,0,0,0,34.992
2776,22,55,817.929,265.909,23700.791,2,255,294.924,113.294,NA,1.01,0.003,-90,-90
2777,22,56,826.01,263.889,24000.801,2,255,303.254,119.346,NA,8.33,0.028,-14.036,75.964
2778,22,57,828.03,256.818,24300.811,2,255,310.607,126.36,NA,7.354,0.025,-74.055,-60.018
2779,22,58,838.131,255.808,24600.821,2,255,320.759,132.935,NA,10.151,0.034,-5.711,68.344
2780,22,59,845.202,253.788,24900.831,2,255,328.112,138.826,NA,7.354,0.025,-15.945,-10.235
2781,22,60,845.202,253.788,25200.841,2,255,328.112,138.826,NA,0,0,0,15.945
2782,22,61,854.293,235.606,25500.851,2,255,348.44,158.788,NA,20.328,0.068,-63.435,-63.435
2783,22,62,854.293,223.485,25800.861,2,255,360.561,168.66,NA,12.121,0.04,-90,-26.565
2784,22,63,854.293,207.323,26100.871,2,255,376.723,182.244,NA,16.162,0.054,-90,0
2785,22,64,854.293,207.323,26400.881,2,255,376.723,182.244,NA,0,0,0,90
2786,22,65,854.293,207.323,26700.891,2,255,376.723,182.244,NA,0,0,0,0
2787,22,66,854.293,205.303,27000.901,2,255,378.743,183.972,NA,2.02,0.007,-90,-90
2788,22,67,848.232,203.283,27300.911,2,255,385.132,182.68,NA,6.388,0.021,-161.565,-71.565
2789,22,68,837.121,203.283,27600.921,2,255,396.243,177.539,NA,11.111,0.037,180,-18.435
2790,22,69,830.051,203.283,27900.931,2,255,403.314,174.558,NA,7.071,0.024,180,0
2791,22,70,838.131,196.212,28200.941,2,255,414.051,184.351,NA,10.738,0.036,-41.186,138.814
2792,22,71,837.121,196.212,28500.951,2,255,415.061,183.922,NA,1.01,0.003,180,-138.814
2793,22,72,837.121,196.212,28800.961,2,255,415.061,183.922,NA,0,0,0,-180
2794,22,73,854.293,196.212,29100.971,2,255,432.233,191.815,NA,17.172,0.057,0,0
2795,22,74,853.283,196.212,29400.981,2,255,433.243,191.318,NA,1.01,0.003,180,180
2796,22,75,837.121,196.212,29700.991,2,255,449.405,183.922,NA,16.162,0.054,180,0
2797,22,76,842.172,196.212,30001.001,2,255,454.455,186.114,NA,5.051,0.017,0,-180
2798,22,77,842.172,196.212,30301.011,2,255,454.455,186.114,NA,0,0,0,0
2799,22,78,845.202,183.081,30601.021,2,255,467.932,199.246,NA,13.476,0.045,-77.005,-77.005
2800,22,79,852.273,183.081,30901.031,2,255,475.002,202.394,NA,7.071,0.024,0,77.005
2801,22,80,852.273,183.081,31201.041,2,255,475.002,202.394,NA,0,0,0,0
2802,22,81,852.273,186.111,31501.051,2,255,478.033,199.706,NA,3.03,0.01,90,90
2803,22,82,852.273,186.111,31801.061,2,255,478.033,199.706,NA,0,0,0,-90
2804,22,83,852.273,186.111,32101.071,2,255,478.033,199.706,NA,0,0,0,0
2805,22,84,852.273,186.111,32401.081,2,255,478.033,199.706,NA,0,0,0,0
2806,22,85,852.273,193.182,32701.091,2,255,485.103,193.476,NA,7.071,0.024,90,90
2807,22,86,845.202,193.182,33001.101,2,255,492.174,190.181,NA,7.071,0.024,180,90
2808,22,87,845.202,193.182,33301.111,2,255,492.174,190.181,NA,0,0,0,-180
2809,22,88,838.131,191.162,33601.121,2,255,499.528,188.929,NA,7.354,0.025,-164.055,-164.055
2810,22,89,838.131,186.111,33901.131,2,255,504.578,193.531,NA,5.051,0.017,-90,74.055
2811,22,90,838.131,186.111,34201.141,2,255,504.578,193.531,NA,0,0,0,90
2812,22,91,843.182,183.081,34501.151,2,255,510.468,198.384,NA,5.89,0.02,-30.964,-30.964
2813,22,92,845.202,178.03,34801.161,2,255,515.908,203.815,NA,5.44,0.018,-68.199,-37.235
2814,22,93,853.283,166.919,35101.171,2,255,529.646,217.313,NA,13.739,0.046,-53.973,14.226
2815,22,94,853.283,167.929,35401.181,2,255,530.656,216.402,NA,1.01,0.003,90,143.973
2816,22,95,860.354,147.727,35701.191,2,166,552.06,237.683,NA,21.404,0.071,-70.71,-160.71
2817,22,96,871.465,147.727,36001.201,2,255,563.171,242.614,NA,11.111,0.037,0,70.71
2818,22,97,873.485,146.717,36301.211,2,255,565.43,244.447,NA,2.259,0.008,-26.565,-26.565
2819,22,98,873.485,149.747,36601.221,2,255,568.46,241.771,NA,3.03,0.01,90,116.565
2820,22,99,873.485,149.747,36901.231,2,255,568.46,241.771,NA,0,0,0,-90
2821,22,100,874.495,140.657,37201.241,2,255,577.607,250.285,NA,9.147,0.03,-83.66,-83.66
2822,22,101,877.525,132.576,37501.251,2,255,586.237,258.856,NA,8.63,0.029,-69.444,14.216
2823,22,102,883.586,123.485,37801.261,2,255,597.163,269.714,NA,10.926,0.036,-56.31,13.134
2824,22,103,870.455,123.485,38101.271,2,255,610.295,263.923,NA,13.131,0.044,180,-123.69
2825,22,104,870.455,131.566,38401.281,2,255,618.375,256.615,NA,8.081,0.027,90,-90
2826,22,105,867.424,131.566,38701.291,2,255,621.406,255.318,NA,3.03,0.01,180,90
2827,22,106,867.424,129.545,39001.301,2,255,623.426,257.15,NA,2.02,0.007,-90,90
2828,22,107,867.424,129.545,39301.311,2,255,623.426,257.15,NA,0,0,0,90
2829,22,108,867.424,129.545,39601.321,2,255,623.426,257.15,NA,0,0,0,0
2830,22,109,865.404,129.545,39901.331,2,255,625.446,256.307,NA,2.02,0.007,180,180
2831,22,110,865.404,129.545,40201.341,2,255,625.446,256.307,NA,0,0,0,-180
2832,22,111,865.404,129.545,40501.351,2,255,625.446,256.307,NA,0,0,0,0
2833,22,112,865.404,129.545,40801.361,2,255,625.446,256.307,NA,0,0,0,0
2834,22,113,865.404,129.545,41101.371,2,255,625.446,256.307,NA,0,0,0,0
2835,22,114,869.444,119.444,41401.381,2,255,636.325,267.175,NA,10.879,0.036,-68.199,-68.199
2836,22,115,869.444,110.354,41701.391,2,255,645.416,275.484,NA,9.091,0.03,-90,-21.801
2837,22,116,869.444,110.354,42001.401,2,255,645.416,275.484,NA,0,0,0,90
2838,22,117,847.222,110.354,42301.411,2,255,667.638,267.379,NA,22.222,0.074,180,180
2839,22,118,843.182,104.293,42601.421,2,255,674.922,271.837,NA,7.284,0.024,-123.69,56.31
2840,22,119,850.253,94.192,42901.431,2,255,687.252,283.65,NA,12.33,0.041,-55.008,68.682
2841,22,120,860.354,90.152,43201.441,2,255,698.131,290.832,NA,10.879,0.036,-21.801,33.207
2842,22,121,860.354,87.121,43501.451,2,255,701.162,293.675,NA,3.03,0.01,-90,-68.199
2843,22,122,860.354,73.99,43801.461,2,255,714.293,306.039,NA,13.131,0.044,-90,0
2844,22,123,860.354,76.01,44101.471,2,89,716.313,304.133,NA,2.02,0.007,90,180
2845,22,124,855.303,40.657,44401.481,2,255,752.026,336.207,NA,35.712,0.119,-98.13,171.87
2846,22,125,844.192,30.556,44701.491,2,255,767.042,342.984,NA,15.016,0.05,-137.726,-39.596
2847,22,126,837.121,2.273,45001.501,2,255,796.195,368.899,NA,29.153,0.097,-104.036,33.69
2848,23,1,447.727,807.576,25200.841,2,255,0,0,NA,NA,NA,NA,NA
2849,23,2,446.212,810.606,25500.851,2,255,3.388,3.388,NA,3.388,0.011,116.565,NA
2850,23,3,446.212,806.818,25800.861,2,255,7.176,1.694,NA,3.788,0.013,-90,153.435
2851,23,4,446.212,805.303,26100.871,2,246,8.691,2.731,NA,1.515,0.005,-90,0
2852,23,5,442.424,805.303,26400.881,2,246,12.479,5.77,NA,3.788,0.013,180,-90
2853,23,6,434.848,805.303,26700.891,2,255,20.055,13.078,NA,7.576,0.025,180,0
2854,23,7,434.848,805.303,27000.901,2,255,20.055,13.078,NA,0,0,0,-180
2855,23,8,412.121,805.303,27300.911,2,255,42.782,35.679,NA,22.727,0.076,180,180
2856,23,9,400.758,815.152,27600.921,2,249,57.819,47.577,NA,15.037,0.05,139.086,-40.914
2857,23,10,400,818.182,27900.931,2,255,60.943,48.892,NA,3.124,0.01,104.036,-35.049
2858,23,11,389.394,828.03,28200.941,2,255,75.416,61.816,NA,14.473,0.048,137.121,33.085
2859,23,12,387.879,828.03,28500.951,2,178,76.932,63.247,NA,1.515,0.005,180,42.879
2860,23,13,353.788,819.697,28800.961,2,255,112.026,94.718,NA,35.095,0.117,-166.264,13.736
2861,23,14,353.788,815.909,29100.971,2,255,115.814,94.308,NA,3.788,0.013,-90,76.264
2862,23,15,359.091,818.182,29400.981,2,255,121.584,89.269,NA,5.77,0.019,23.199,113.199
2863,23,16,349.242,836.364,29700.991,2,255,142.261,102.606,NA,20.678,0.069,118.443,95.244
2864,23,17,349.242,836.364,30001.001,2,255,142.261,102.606,NA,0,0,0,-118.443
2865,23,18,333.333,846.212,30301.011,2,255,160.972,120.742,NA,18.711,0.062,148.241,148.241
2866,23,19,333.333,846.212,30601.021,2,255,160.972,120.742,NA,0,0,0,-148.241
2867,23,20,317.424,853.03,30901.031,2,255,178.281,138.004,NA,17.309,0.058,156.801,156.801
2868,23,21,310.606,861.364,31201.041,2,255,189.048,147.293,NA,10.767,0.036,129.289,-27.512
2869,23,22,310.606,861.364,31501.051,2,255,189.048,147.293,NA,0,0,0,-129.289
2870,23,23,284.091,865.909,31801.061,2,255,215.95,173.723,NA,26.902,0.09,170.272,170.272
2871,23,24,280.303,898.485,32101.071,2,255,248.745,190.513,NA,32.795,0.109,96.633,-73.64
2872,23,25,271.212,898.485,32401.081,2,255,257.836,198.55,NA,9.091,0.03,180,83.367
2873,23,26,270.455,898.485,32701.091,2,255,258.594,199.224,NA,0.758,0.003,180,0
2874,23,27,259.091,896.97,33001.101,2,255,270.058,208.746,NA,11.464,0.038,-172.405,7.595
2875,23,28,234.091,921.97,33301.111,2,255,305.413,242.335,NA,35.355,0.118,135,-52.595
2876,23,29,246.212,923.485,33601.121,2,255,317.629,232.472,NA,12.216,0.041,7.125,-127.875
2877,23,30,246.97,934.091,33901.131,2,255,328.262,237.297,NA,10.633,0.035,85.914,78.789
2878,23,31,243.182,927.273,34201.141,2,255,336.061,236.994,NA,7.8,0.026,-119.055,155.031
2879,23,32,226.515,927.273,34501.151,2,255,352.728,251.52,NA,16.667,0.056,180,-60.945
2880,23,33,228.788,917.424,34801.161,2,255,362.835,244.951,NA,10.107,0.034,-77.005,102.995
2881,23,34,220.455,917.424,35101.171,2,255,371.169,252.427,NA,8.333,0.028,180,-102.995
2882,23,35,227.273,912.121,35401.181,2,171,379.806,243.988,NA,8.638,0.029,-37.875,142.125
2883,23,36,221.97,905.303,35701.191,2,217,388.444,246.002,NA,8.638,0.029,-127.875,-90
2884,23,37,201.515,898.485,36001.201,2,255,410.005,262.459,NA,21.561,0.072,-161.565,-33.69
2885,23,38,185.606,871.212,36301.211,2,255,441.579,269.735,NA,31.574,0.105,-120.256,41.309
2886,23,39,178.03,868.182,36601.221,2,255,449.738,276.423,NA,8.159,0.027,-158.199,-37.942
2887,23,40,178.03,868.182,36901.231,2,255,449.738,276.423,NA,0,0,0,158.199
2888,23,41,162.879,868.182,37201.241,2,255,464.89,291.225,NA,15.152,0.051,180,180
2889,23,42,146.212,853.788,37501.251,2,255,486.912,305.036,NA,22.022,0.073,-139.185,40.815
2890,23,43,146.212,852.273,37801.261,2,255,488.427,304.81,NA,1.515,0.005,-90,49.185
2891,23,44,146.97,845.455,38101.271,2,255,495.287,303.134,NA,6.86,0.023,-83.66,6.34
2892,23,45,146.97,845.455,38401.281,2,255,495.287,303.134,NA,0,0,0,83.66
2893,23,46,146.97,845.455,38701.291,2,255,495.287,303.134,NA,0,0,0,0
2894,23,47,146.97,845.455,39001.301,2,255,495.287,303.134,NA,0,0,0,0
2895,23,48,146.97,845.455,39301.311,2,255,495.287,303.134,NA,0,0,0,0
2896,23,49,146.97,845.455,39601.321,2,255,495.287,303.134,NA,0,0,0,0
2897,23,50,146.97,845.455,39901.331,2,255,495.287,303.134,NA,0,0,0,0
2898,23,51,146.97,845.455,40201.341,2,255,495.287,303.134,NA,0,0,0,0
2899,23,52,146.97,845.455,40501.351,2,255,495.287,303.134,NA,0,0,0,0
2900,23,53,137.121,840.909,40801.361,2,255,506.134,312.39,NA,10.847,0.036,-155.225,-155.225
2901,23,54,143.939,834.091,41101.371,2,255,515.776,304.943,NA,9.642,0.032,-45,110.225
2902,23,55,140.152,834.091,41401.381,2,255,519.564,308.717,NA,3.788,0.013,180,-135
2903,23,56,140.152,834.848,41701.391,2,255,520.322,308.783,NA,0.758,0.003,90,-90
2904,23,57,140.152,834.848,42001.401,2,255,520.322,308.783,NA,0,0,0,-90
2905,23,58,140.152,834.848,42301.411,2,255,520.322,308.783,NA,0,0,0,0
2906,23,59,140.152,834.848,42601.421,2,255,520.322,308.783,NA,0,0,0,0
2907,23,60,135.606,834.091,42901.431,2,255,524.93,313.245,NA,4.608,0.015,-170.538,-170.538
2908,23,61,130.303,833.333,43201.441,2,255,530.287,318.468,NA,5.357,0.018,-171.87,-1.332
2909,23,62,130.303,833.333,43501.451,2,255,530.287,318.468,NA,0,0,0,171.87
2910,23,63,128.03,833.333,43801.461,2,255,532.559,320.733,NA,2.273,0.008,180,180
2911,23,64,128.03,835.606,44101.471,2,255,534.832,320.923,NA,2.273,0.008,90,-90
2912,23,65,128.03,835.606,44401.481,2,255,534.832,320.923,NA,0,0,0,-90
2913,23,66,138.636,835.606,44701.491,2,255,545.438,310.359,NA,10.606,0.035,0,0
2914,23,67,138.636,838.636,45001.501,2,255,548.468,310.648,NA,3.03,0.01,90,90
2915,23,68,138.636,838.636,45301.511,2,255,548.468,310.648,NA,0,0,0,-90
2916,23,69,138.636,838.636,45601.521,2,255,548.468,310.648,NA,0,0,0,0
2917,23,70,138.636,838.636,45901.531,2,255,548.468,310.648,NA,0,0,0,0
2918,23,71,131.061,838.636,46201.542,2,255,556.044,318.186,NA,7.576,0.025,180,180
2919,23,72,130.303,837.121,46501.552,2,255,557.738,318.796,NA,1.694,0.006,-116.565,63.435
2920,23,73,128.03,837.121,46801.562,2,255,560.011,321.059,NA,2.273,0.008,180,-63.435
2921,23,74,118.182,837.121,47101.572,2,255,569.859,330.867,NA,9.848,0.033,180,0
2922,23,75,118.182,837.121,47401.582,2,255,569.859,330.867,NA,0,0,0,-180
2923,23,76,104.545,837.121,47701.592,2,255,583.496,344.451,NA,13.636,0.045,180,180
2924,23,77,103.788,837.121,48001.602,2,255,584.253,345.206,NA,0.758,0.003,180,0
2925,23,78,92.424,837.121,48301.612,2,255,595.617,356.529,NA,11.364,0.038,180,0
2926,23,79,90.152,837.121,48601.622,2,255,597.89,358.794,NA,2.273,0.008,180,0
2927,23,80,90.152,837.121,48901.632,2,255,597.89,358.794,NA,0,0,0,-180
2928,23,81,90.152,845.455,49201.642,2,255,606.223,359.576,NA,8.333,0.028,90,90
2929,23,82,96.97,845.455,49501.652,2,255,613.041,352.797,NA,6.818,0.023,0,-90
2930,23,83,96.97,845.455,49801.662,2,255,613.041,352.797,NA,0,0,0,0
2931,23,84,87.121,845.455,50101.672,2,255,622.89,362.59,NA,9.848,0.033,180,180
2932,23,85,78.788,845.455,50401.682,2,255,631.223,370.879,NA,8.333,0.028,180,0
2933,23,86,74.242,850.758,50701.692,2,255,638.207,375.973,NA,6.985,0.023,130.601,-49.399
2934,23,87,60.606,850.758,51001.702,2,255,651.844,389.522,NA,13.636,0.045,180,49.399
2935,23,88,55.303,850,51301.712,2,255,657.201,394.711,NA,5.357,0.018,-171.87,8.13
2936,23,89,40.152,850,51601.722,2,255,672.352,409.778,NA,15.152,0.051,180,-8.13
2937,23,90,65.909,866.667,51901.732,2,255,703.032,386.364,NA,30.679,0.102,32.905,-147.095
2938,23,91,82.576,863.636,52201.742,2,255,719.972,369.43,NA,16.94,0.056,-10.305,-43.21
2939,23,92,86.364,863.636,52501.752,2,255,723.76,365.686,NA,3.788,0.013,0,10.305
2940,23,93,93.182,878.788,52801.762,2,255,740.374,361.626,NA,16.615,0.055,65.772,65.772
2941,23,94,93.182,890.152,53101.772,2,255,751.738,364.035,NA,11.364,0.038,90,24.228
2942,23,95,78.03,890.152,53401.782,2,255,766.89,378.807,NA,15.152,0.051,180,90
2943,23,96,61.364,890.152,53701.792,2,255,783.556,395.089,NA,16.667,0.056,180,0
2944,23,97,46.212,890.152,54001.802,2,255,798.708,409.918,NA,15.152,0.051,180,0
2945,23,98,46.212,901.515,54301.812,2,242,810.071,412.358,NA,11.364,0.038,90,-90
2946,23,99,28.03,917.424,54601.822,2,255,834.231,433.834,NA,24.159,0.081,138.814,48.814
2947,23,100,17.424,915.909,54901.832,2,255,844.945,443.731,NA,10.714,0.036,-171.87,49.316
2948,23,101,3.788,895.455,55201.842,2,107,869.528,452.554,NA,24.583,0.082,-123.69,48.18
2949,24,1,486.364,1046.97,25200.841,2,255,0,0,NA,NA,NA,NA,NA
2950,24,2,486.364,1059.848,25500.851,2,255,12.879,12.879,NA,12.879,0.043,90,NA
2951,24,3,486.364,1059.848,25800.861,2,255,12.879,12.879,NA,0,0,0,-90
2952,24,4,486.364,1059.848,26100.871,2,255,12.879,12.879,NA,0,0,0,0
2953,24,5,481.818,1075.758,26400.881,2,156,29.424,29.145,NA,16.546,0.055,105.945,105.945
2954,24,6,481.061,1081.061,26700.891,2,255,34.781,34.501,NA,5.357,0.018,98.13,-7.815
2955,24,7,481.061,1081.061,27000.901,2,255,34.781,34.501,NA,0,0,0,-98.13
2956,24,8,481.061,1088.636,27300.911,2,255,42.357,42.003,NA,7.576,0.025,90,90
2957,24,9,481.061,1088.636,27600.921,2,255,42.357,42.003,NA,0,0,0,-90
2958,24,10,487.879,1088.636,27900.931,2,255,49.175,41.694,NA,6.818,0.023,0,0
2959,24,11,487.879,1090.909,28200.941,2,255,51.448,43.966,NA,2.273,0.008,90,90
2960,24,12,487.879,1090.909,28500.951,2,255,51.448,43.966,NA,0,0,0,-90
2961,24,13,487.879,1090.909,28800.961,2,255,51.448,43.966,NA,0,0,0,0
2962,24,14,493.182,1091.667,29100.971,2,255,56.805,45.214,NA,5.357,0.018,8.13,8.13
2963,24,15,497.727,1096.97,29400.981,2,255,63.789,51.275,NA,6.985,0.023,49.399,41.269
2964,24,16,497.727,1096.97,29700.991,2,255,63.789,51.275,NA,0,0,0,-49.399
2965,24,17,500.758,1104.545,30001.001,2,255,71.949,59.348,NA,8.159,0.027,68.199,68.199
2966,24,18,503.788,1104.545,30301.011,2,255,74.979,60.155,NA,3.03,0.01,0,-68.199
2967,24,19,507.576,1104.545,30601.021,2,255,78.767,61.359,NA,3.788,0.013,0,0
2968,24,20,509.848,1097.727,30901.031,2,255,85.954,55.927,NA,7.187,0.024,-71.565,-71.565
2969,24,21,509.848,1096.212,31201.041,2,255,87.469,54.556,NA,1.515,0.005,-90,-18.435
2970,24,22,506.818,1096.212,31501.051,2,255,90.499,53.322,NA,3.03,0.01,180,-90
2971,24,23,511.364,1096.212,31801.061,2,255,95.045,55.225,NA,4.545,0.015,0,-180
2972,24,24,511.364,1096.212,32101.071,2,255,95.045,55.225,NA,0,0,0,0
2973,24,25,514.394,1093.939,32401.081,2,255,98.833,54.698,NA,3.788,0.013,-36.87,-36.87
2974,24,26,518.939,1093.939,32701.091,2,255,103.378,57.161,NA,4.545,0.015,0,36.87
2975,24,27,522.727,1093.939,33001.101,2,255,107.166,59.401,NA,3.788,0.013,0,0
2976,24,28,516.667,1098.485,33301.111,2,255,114.742,59.767,NA,7.576,0.025,143.13,143.13
2977,24,29,506.061,1101.515,33601.121,2,255,125.772,57.993,NA,11.03,0.037,164.055,20.925
2978,24,30,499.242,1112.879,33901.131,2,255,139.024,67.156,NA,13.252,0.044,120.964,-43.091
2979,24,31,493.939,1112.879,34201.141,2,227,144.327,66.343,NA,5.303,0.018,180,59.036
2980,24,32,493.939,1139.394,34501.151,2,241,170.843,92.734,NA,26.515,0.088,90,-90
2981,24,33,495.455,1156.061,34801.161,2,255,187.578,109.469,NA,16.735,0.056,84.806,-5.194
2982,24,34,496.212,1156.818,35101.171,2,255,188.649,110.289,NA,1.071,0.004,45,-39.806
2983,24,35,495.455,1156.818,35401.181,2,255,189.407,110.224,NA,0.758,0.003,180,135
2984,24,36,492.424,1154.545,35701.191,2,255,193.195,107.746,NA,3.788,0.013,-143.13,36.87
2985,24,37,453.788,1154.545,36001.201,2,255,231.831,112.4,NA,38.636,0.129,180,-36.87
2986,24,38,453.03,1154.545,36301.211,2,255,232.589,112.622,NA,0.758,0.003,180,0
2987,24,39,442.424,1148.485,36601.221,2,255,244.804,110.616,NA,12.216,0.041,-150.255,29.745
2988,24,40,424.242,1146.212,36901.231,2,255,263.128,117.082,NA,18.323,0.061,-172.875,-22.62
2989,24,41,402.273,1144.697,37201.241,2,255,285.15,128.926,NA,22.022,0.073,-176.055,-3.18
2990,24,42,400.758,1143.939,37501.251,2,255,286.844,129.35,NA,1.694,0.006,-153.435,22.62
2991,24,43,400.758,1139.394,37801.261,2,255,291.389,125.979,NA,4.545,0.015,-90,63.435
2992,24,44,400.758,1136.364,38101.271,2,255,294.419,123.773,NA,3.03,0.01,-90,0
2993,24,45,400.758,1136.364,38401.281,2,255,294.419,123.773,NA,0,0,0,90
2994,24,46,400.758,1136.364,38701.291,2,255,294.419,123.773,NA,0,0,0,0
2995,24,47,390.152,1134.848,39001.301,2,255,305.133,130.305,NA,10.714,0.036,-171.87,-171.87
2996,24,48,367.424,1128.788,39301.311,2,255,328.654,144.363,NA,23.521,0.078,-165.069,6.801
2997,24,49,367.424,1128.03,39601.321,2,255,329.412,143.935,NA,0.758,0.003,-90,75.069
2998,24,50,365.909,1126.515,39901.331,2,255,331.555,144.349,NA,2.143,0.007,-135,-45
2999,24,51,365.909,1126.515,40201.341,2,255,331.555,144.349,NA,0,0,0,135
3000,24,52,366.667,1149.242,40501.351,2,255,354.295,157.439,NA,22.74,0.076,88.091,88.091
3001,24,53,373.485,1147.727,40801.361,2,255,361.279,151.307,NA,6.985,0.023,-12.529,-100.62
3002,24,54,382.576,1163.636,41101.371,2,255,379.603,156.151,NA,18.323,0.061,60.255,72.784
3003,24,55,382.576,1163.636,41401.381,2,255,379.603,156.151,NA,0,0,0,-60.255
3004,24,56,389.394,1176.515,41701.391,2,255,394.175,161.818,NA,14.572,0.049,62.103,62.103
3005,24,57,390.909,1188.636,42001.401,2,255,406.39,170.825,NA,12.216,0.041,82.875,20.772
3006,24,58,390.909,1196.212,42301.411,2,255,413.966,177.158,NA,7.576,0.025,90,7.125
3007,24,59,390.909,1196.212,42601.421,2,255,413.966,177.158,NA,0,0,0,-90
3008,24,60,401.515,1209.848,42901.431,2,255,431.241,183.654,NA,17.275,0.058,52.125,52.125
3009,24,61,409.848,1218.939,43201.441,2,255,443.574,188.224,NA,12.332,0.041,47.49,-4.635
3010,24,62,410.606,1230.303,43501.451,2,137,454.963,198.369,NA,11.389,0.038,86.186,38.696
3011,24,63,410.606,1255.303,43801.461,2,255,479.963,221.68,NA,25,0.083,90,3.814
3012,24,64,406.061,1260.606,44101.471,2,255,486.947,228.23,NA,6.985,0.023,130.601,40.601
3013,24,65,407.576,1257.576,44401.481,2,255,490.335,224.861,NA,3.388,0.011,-63.435,165.964
3014,24,66,400,1256.061,44701.491,2,255,498.061,226.225,NA,7.726,0.026,-168.69,-105.255
3015,24,67,400,1255.303,45001.501,2,255,498.819,225.525,NA,0.758,0.003,-90,78.69
3016,24,68,393.939,1254.545,45301.511,2,255,504.926,227.222,NA,6.108,0.02,-172.875,-82.875
3017,24,69,382.576,1254.545,45601.521,2,255,516.29,232.077,NA,11.364,0.038,180,-7.125
3018,24,70,363.636,1250,45901.531,2,255,535.767,237.241,NA,19.477,0.065,-166.504,13.496
3019,24,71,348.485,1250,46201.542,2,255,550.919,245.422,NA,15.152,0.051,180,-13.496
3020,24,72,339.394,1250,46501.552,2,255,560.01,250.642,NA,9.091,0.03,180,0
3021,24,73,339.394,1250,46801.562,2,255,560.01,250.642,NA,0,0,0,-180
3022,24,74,339.394,1256.818,47101.572,2,255,566.828,256.196,NA,6.818,0.023,90,90
3023,24,75,339.394,1268.939,47401.582,2,255,578.949,266.215,NA,12.121,0.04,90,0
3024,24,76,326.515,1288.636,47701.592,2,255,602.483,289.749,NA,23.534,0.078,123.179,33.179
3025,24,77,309.091,1288.636,48001.602,2,255,619.907,299.714,NA,17.424,0.058,180,56.821
3026,24,78,294.697,1288.636,48301.612,2,255,634.301,308.446,NA,14.394,0.048,180,0
3027,24,79,294.697,1290.909,48601.622,2,255,636.574,310.23,NA,2.273,0.008,90,-90
3028,24,80,300,1295.455,48901.632,2,255,643.558,310.606,NA,6.985,0.023,40.601,-49.399
3029,24,81,300,1295.455,49201.642,2,255,643.558,310.606,NA,0,0,0,-40.601
3030,24,82,305.303,1295.455,49501.652,2,255,648.861,307.454,NA,5.303,0.018,0,0
3031,24,83,303.03,1300,49801.662,2,255,653.943,312.467,NA,5.082,0.017,116.565,116.565
3032,24,84,303.03,1312.121,50101.672,2,255,666.064,322.361,NA,12.121,0.04,90,-26.565
3033,24,85,284.091,1313.636,50401.682,2,255,685.064,334.702,NA,19,0.063,175.426,85.426
3034,24,86,271.97,1313.636,50701.692,2,255,697.185,342.164,NA,12.121,0.04,180,4.574
3035,24,87,271.97,1313.636,51001.702,2,255,697.185,342.164,NA,0,0,0,-180
3036,24,88,264.394,1315.152,51301.712,2,255,704.911,348.126,NA,7.726,0.026,168.69,168.69
3037,24,89,256.818,1331.818,51601.722,2,195,723.219,365.828,NA,18.308,0.061,114.444,-54.246
3038,24,90,242.424,1340.909,51901.732,2,212,740.243,381.977,NA,17.024,0.057,147.724,33.28
3039,24,91,225.758,1352.273,52201.742,2,255,760.415,401.404,NA,20.172,0.067,145.713,-2.011
3040,24,92,219.697,1359.848,52501.752,2,255,770.117,411.101,NA,9.702,0.032,128.66,-17.053
3041,24,93,216.667,1368.182,52801.762,2,189,778.984,419.421,NA,8.867,0.03,109.983,-18.677
3042,24,94,223.485,1393.939,53101.772,2,239,805.629,435.308,NA,26.645,0.089,75.174,-34.81
3043,24,95,223.485,1411.364,53401.782,2,255,823.053,449.32,NA,17.424,0.058,90,14.826
3044,24,96,218.182,1432.576,53701.792,2,255,844.918,469.695,NA,21.865,0.073,104.036,14.036
3045,24,97,217.424,1433.333,54001.802,2,250,845.989,470.75,NA,1.071,0.004,135,30.964
3046,25,1,925.758,1143.939,32401.081,2,96,0,0,NA,NA,NA,NA,NA
3047,25,2,932.576,1157.576,32701.091,2,255,15.246,15.246,NA,15.246,0.051,63.435,NA
3048,25,3,941.667,1162.879,33001.101,2,255,25.77,24.735,NA,10.525,0.035,30.256,-33.179
3049,25,4,943.939,1162.879,33301.111,2,255,28.043,26.254,NA,2.273,0.008,0,-30.256
3050,25,5,953.788,1162.879,33601.121,2,255,37.892,33.829,NA,9.848,0.033,0,0
3051,25,6,958.333,1168.939,33901.131,2,255,45.467,41.063,NA,7.576,0.025,53.13,53.13
3052,25,7,971.212,1172.727,34201.141,2,246,58.892,53.804,NA,13.424,0.045,16.39,-36.741
3053,25,8,992.424,1181.818,34501.151,2,255,81.97,76.676,NA,23.078,0.077,23.199,6.809
3054,25,9,1000.758,1190.152,34801.161,2,255,93.755,88.094,NA,11.785,0.039,45,21.801
3055,25,10,1000.758,1190.152,35101.171,2,255,93.755,88.094,NA,0,0,0,-45
3056,25,11,1000,1203.788,35401.181,2,252,107.412,95.361,NA,13.657,0.046,93.18,93.18
3057,25,12,991.667,1203.788,35701.191,2,255,115.746,89.027,NA,8.333,0.028,180,86.82
3058,25,13,994.697,1213.636,36001.201,2,255,126.05,98.032,NA,10.304,0.034,72.897,-107.103
3059,25,14,1024.242,1214.394,36301.211,2,255,155.605,121.091,NA,29.555,0.099,1.469,-71.428
3060,25,15,1031.061,1214.394,36601.221,2,250,162.423,126.699,NA,6.818,0.023,0,-1.469
3061,25,16,1031.818,1214.394,36901.231,2,255,163.181,127.329,NA,0.758,0.003,0,0
3062,25,17,1043.939,1218.182,37201.241,2,255,175.88,139.567,NA,12.699,0.042,17.354,17.354
3063,25,18,1056.818,1229.545,37501.251,2,219,193.055,156.542,NA,17.175,0.057,41.424,24.07
3064,25,19,1068.182,1244.697,37801.261,2,90,211.995,174.461,NA,18.939,0.063,53.13,11.706
3065,25,20,1071.212,1251.515,38101.271,2,162,219.456,180.913,NA,7.461,0.025,66.038,12.907
3066,25,21,1075.758,1265.909,38401.281,2,209,234.551,193.33,NA,15.095,0.05,72.474,6.437
3067,25,22,1085.606,1278.03,38701.291,2,221,250.169,208.643,NA,15.618,0.052,50.906,-21.568
3068,25,23,1085.606,1293.182,39001.301,2,200,265.32,218.689,NA,15.152,0.051,90,39.094
3069,25,24,1084.848,1300.758,39301.311,2,162,272.934,223.387,NA,7.614,0.025,95.711,5.711
3070,25,25,1084.091,1319.697,39601.321,2,182,291.888,236.559,NA,18.955,0.063,92.291,-3.42
3071,25,26,1085.606,1340.909,39901.331,2,242,313.154,253.67,NA,21.266,0.071,85.914,-6.376
3072,25,27,1101.515,1351.515,40201.341,2,255,332.275,271.99,NA,19.12,0.064,33.69,-52.224
3073,25,28,1104.545,1362.121,40501.351,2,255,343.305,282.079,NA,11.03,0.037,74.055,40.365
3074,25,29,1104.545,1362.121,40801.361,2,222,343.305,282.079,NA,0,0,0,-74.055
3075,25,30,1104.545,1362.121,41101.371,2,255,343.305,282.079,NA,0,0,0,0
3076,25,31,1104.545,1362.121,41401.381,2,255,343.305,282.079,NA,0,0,0,0
3077,25,32,1106.061,1360.606,41701.391,2,199,345.448,281.875,NA,2.143,0.007,-45,-45
3078,25,33,1116.667,1360.606,42001.401,2,203,356.054,288.775,NA,10.606,0.035,0,45
3079,25,34,1121.212,1363.636,42301.411,2,243,361.517,294.057,NA,5.463,0.018,33.69,33.69
3080,25,35,1112.879,1363.636,42601.421,2,243,369.85,288.585,NA,8.333,0.028,180,146.31
3081,25,36,1112.879,1363.636,42901.431,2,237,369.85,288.585,NA,0,0,0,-180
3082,25,37,1112.879,1363.636,43201.441,2,255,369.85,288.585,NA,0,0,0,0
3083,25,38,1121.97,1375,43501.451,2,143,384.403,303.131,NA,14.553,0.049,51.34,51.34
3084,25,39,1121.97,1375,43801.461,2,255,384.403,303.131,NA,0,0,0,-51.34
3085,25,40,1131.061,1380.303,44101.471,2,236,394.927,313.077,NA,10.525,0.035,30.256,30.256
3086,25,41,1138.636,1385.606,44401.481,2,246,404.175,322.056,NA,9.247,0.031,34.992,4.736
3087,25,42,1143.182,1403.788,44701.491,2,167,422.916,338.813,NA,18.741,0.062,75.964,40.972
3088,25,43,1164.394,1435.606,45001.501,2,156,461.157,376.851,NA,38.241,0.127,56.31,-19.654
3089,25,44,1163.636,1438.636,45301.511,2,175,464.28,378.725,NA,3.124,0.01,104.036,47.726
3090,25,45,1163.636,1438.636,45601.521,2,255,464.28,378.725,NA,0,0,0,-104.036
3091,25,46,1163.636,1443.939,45901.531,2,230,469.583,382.866,NA,5.303,0.018,90,90
3092,25,47,1161.364,1443.939,46201.542,2,138,471.856,381.458,NA,2.273,0.008,180,90
3093,25,48,1161.364,1452.273,46501.552,2,87,480.189,388.046,NA,8.333,0.028,90,-90
3094,25,49,1161.364,1461.364,46801.562,2,30,489.28,395.308,NA,9.091,0.03,90,0
3095,25,50,1161.364,1461.364,47101.572,2,93,489.28,395.308,NA,0,0,0,-90
3096,25,51,1161.364,1466.667,47401.582,2,74,494.583,399.579,NA,5.303,0.018,90,90
3097,25,52,1161.364,1466.667,47701.592,2,136,494.583,399.579,NA,0,0,0,-90
3098,25,53,1161.364,1470.455,48001.602,2,158,498.371,402.644,NA,3.788,0.013,90,90
3099,25,54,1167.424,1478.03,48301.612,2,82,508.073,412.334,NA,9.702,0.032,51.34,-38.66
3100,25,55,1167.424,1481.061,48601.622,2,67,511.103,414.793,NA,3.03,0.01,90,38.66
3101,25,56,1167.424,1484.848,48901.632,2,237,514.891,417.878,NA,3.788,0.013,90,0
3102,25,57,1167.424,1487.121,49201.642,2,133,517.164,419.734,NA,2.273,0.008,90,0
3103,26,1,1049.242,1015.152,36001.201,2,248,0,0,NA,NA,NA,NA,NA
3104,26,2,1054.545,1021.97,36301.211,2,186,8.638,8.638,NA,8.638,0.029,52.125,NA
3105,26,3,1067.424,1027.273,36601.221,2,223,22.566,21.852,NA,13.928,0.046,22.38,-29.745
3106,26,4,1077.273,1038.636,36901.231,2,235,37.603,36.568,NA,15.037,0.05,49.086,26.705
3107,26,5,1077.273,1039.394,37201.241,2,229,38.361,37.059,NA,0.758,0.003,90,40.914
3108,26,6,1081.061,1046.212,37501.251,2,226,46.16,44.465,NA,7.8,0.026,60.945,-29.055
3109,26,7,1091.667,1046.212,37801.261,2,255,56.766,52.579,NA,10.606,0.035,0,-60.945
3110,26,8,1095.455,1050.758,38101.271,2,223,62.683,58.338,NA,5.917,0.02,50.194,50.194
3111,26,9,1084.091,1050.758,38401.281,2,182,74.047,49.822,NA,11.364,0.038,180,129.806
3112,26,10,1100.758,1050.758,38701.291,2,226,90.714,62.623,NA,16.667,0.056,0,-180
3113,26,11,1120.455,1043.939,39001.301,2,255,111.557,76.811,NA,20.844,0.069,-19.093,-19.093
3114,26,12,1120.455,1043.939,39301.311,2,246,111.557,76.811,NA,0,0,0,19.093
3115,26,13,1128.03,1051.515,39601.321,2,255,122.271,86.775,NA,10.714,0.036,45,45
3116,26,14,1144.697,1051.515,39901.331,2,105,138.938,102.146,NA,16.667,0.056,0,-45
3117,26,15,1156.818,1051.515,40201.341,2,255,151.059,113.556,NA,12.121,0.04,0,0
3118,26,16,1156.818,1051.515,40501.351,2,245,151.059,113.556,NA,0,0,0,0
3119,26,17,1166.667,1042.424,40801.361,2,224,164.462,120.55,NA,13.403,0.045,-42.709,-42.709
3120,26,18,1193.939,1011.364,41101.371,2,207,205.796,144.747,NA,41.335,0.138,-48.715,-6.006
3121,26,19,1207.576,1007.576,41401.381,2,242,219.949,158.514,NA,14.153,0.047,-15.524,33.191
3122,26,20,1209.091,1012.879,41701.391,2,255,225.464,159.865,NA,5.515,0.018,74.055,89.579
3123,26,21,1214.394,1024.242,42001.401,2,255,238.004,165.402,NA,12.54,0.042,64.983,-9.071
3124,26,22,1220.455,1029.545,42301.411,2,226,246.058,171.816,NA,8.053,0.027,41.186,-23.797
3125,26,23,1220.455,1029.545,42601.421,2,230,246.058,171.816,NA,0,0,0,-41.186
3126,26,24,1229.545,1029.545,42901.431,2,152,255.149,180.877,NA,9.091,0.03,0,0
3127,26,25,1220.455,1029.545,43201.441,2,255,264.239,171.816,NA,9.091,0.03,180,180
3128,26,26,1220.455,1035.606,43501.451,2,255,270.3,172.43,NA,6.061,0.02,90,-90
3129,26,27,1220.455,1044.697,43801.461,2,248,279.391,173.743,NA,9.091,0.03,90,0
3130,26,28,1220.455,1044.697,44101.471,2,234,279.391,173.743,NA,0,0,0,-90
3131,26,29,1218.939,1044.697,44401.481,2,145,280.906,172.25,NA,1.515,0.005,180,180
3132,26,30,1215.152,1037.879,44701.491,2,228,288.706,167.459,NA,7.8,0.026,-119.055,60.945
3133,26,31,1215.152,1032.576,45001.501,2,255,294.009,166.822,NA,5.303,0.018,-90,29.055
3134,26,32,1230.303,1032.576,45301.511,2,255,309.16,181.897,NA,15.152,0.051,0,90
3135,26,33,1230.303,1032.576,45601.521,2,255,309.16,181.897,NA,0,0,0,0
3136,26,34,1230.303,1040.152,45901.531,2,224,316.736,182.778,NA,7.576,0.025,90,90
3137,26,35,1217.424,1050.758,46201.542,2,227,333.42,171.91,NA,16.684,0.056,140.528,50.528
3138,26,36,1217.424,1059.848,46501.552,2,255,342.511,174.02,NA,9.091,0.03,90,-50.528
3139,26,37,1215.909,1063.636,46801.562,2,255,346.591,173.576,NA,4.08,0.014,111.801,21.801
3140,26,38,1212.121,1063.636,47101.572,2,255,350.378,169.942,NA,3.788,0.013,180,68.199
3141,26,39,1215.909,1053.03,47401.582,2,249,361.641,170.917,NA,11.262,0.038,-70.346,109.654
3142,26,40,1215.909,1042.424,47701.592,2,255,372.247,168.883,NA,10.606,0.035,-90,-19.654
3143,26,41,1221.212,1042.424,48001.602,2,238,377.55,174.119,NA,5.303,0.018,0,90
3144,26,42,1230.303,1043.182,48301.612,2,255,386.672,183.217,NA,9.122,0.03,4.764,4.764
3145,26,43,1231.061,1046.212,48601.622,2,255,389.796,184.452,NA,3.124,0.01,75.964,71.2
3146,26,44,1231.061,1054.545,48901.632,2,152,398.129,186.037,NA,8.333,0.028,90,14.036
3147,26,45,1231.061,1066.667,49201.642,2,255,410.25,188.975,NA,12.121,0.04,90,0
3148,26,46,1230.303,1078.788,49501.652,2,255,422.395,191.918,NA,12.145,0.04,93.576,3.576
3149,26,47,1212.121,1078.788,49801.662,2,255,440.577,174.869,NA,18.182,0.061,180,86.424
3150,26,48,1212.121,1078.788,50101.672,2,255,440.577,174.869,NA,0,0,0,-180
3151,26,49,1212.121,1078.788,50401.682,2,199,440.577,174.869,NA,0,0,0,0
3152,26,50,1218.939,1069.697,50701.692,2,202,451.941,178.248,NA,11.364,0.038,-53.13,-53.13
3153,26,51,1219.697,1065.909,51001.702,2,173,455.803,177.851,NA,3.863,0.013,-78.69,-25.56
3154,26,52,1230.303,1060.606,51301.712,2,200,467.661,186.679,NA,11.858,0.04,-26.565,52.125
3155,26,53,1230.303,1053.788,51601.722,2,197,474.48,185.137,NA,6.818,0.023,-90,-63.435
3156,26,54,1230.303,1053.788,51901.732,2,193,474.48,185.137,NA,0,0,0,90
3157,26,55,1230.303,1049.242,52201.742,2,207,479.025,184.242,NA,4.545,0.015,-90,-90
3158,26,56,1230.303,1045.455,52501.752,2,248,482.813,183.579,NA,3.788,0.013,-90,0
3159,26,57,1239.394,1044.697,52801.762,2,200,491.935,192.433,NA,9.122,0.03,-4.764,85.236
3160,26,58,1240.909,1043.939,53101.772,2,251,493.629,193.817,NA,1.694,0.006,-26.565,-21.801
3161,26,59,1238.636,1040.152,53401.782,2,236,498.047,191.037,NA,4.417,0.015,-120.964,-94.399
3162,26,60,1238.636,1032.576,53701.792,2,172,505.622,190.194,NA,7.576,0.025,-90,30.964
3163,26,61,1252.273,1019.697,54001.802,2,254,524.379,203.081,NA,18.757,0.063,-43.363,46.637
3164,26,62,1253.03,1006.818,54301.812,2,255,537.28,203.958,NA,12.901,0.043,-86.634,-43.27
3165,26,63,1256.818,1006.818,54601.822,2,248,541.068,207.743,NA,3.788,0.013,0,86.634
3166,26,64,1261.364,1006.818,54901.832,2,255,545.614,212.285,NA,4.545,0.015,0,0
3167,26,65,1261.364,1009.091,55201.842,2,255,547.886,212.208,NA,2.273,0.008,90,90
3168,26,66,1261.364,1022.727,55501.852,2,176,561.523,212.256,NA,13.636,0.045,90,0
3169,26,67,1255.303,1010.606,55801.862,2,251,575.075,206.111,NA,13.552,0.045,-116.565,153.435
3170,26,68,1248.485,1010.606,56101.872,2,255,581.893,199.294,NA,6.818,0.023,180,-63.435
3171,26,69,1247.727,1013.636,56401.882,2,201,585.016,198.491,NA,3.124,0.01,104.036,-75.964
3172,26,70,1246.212,1022.727,56701.892,2,255,594.233,197.115,NA,9.216,0.031,99.462,-4.574
3173,26,71,1246.212,1031.818,57001.902,2,255,603.324,197.674,NA,9.091,0.03,90,-9.462
3174,26,72,1246.212,1031.818,57301.912,2,255,603.324,197.674,NA,0,0,0,-90
3175,26,73,1258.333,1031.818,57601.922,2,255,615.445,209.754,NA,12.121,0.04,0,0
3176,26,74,1265.909,1021.97,57901.932,2,235,627.87,216.774,NA,12.425,0.041,-52.431,-52.431
3177,26,75,1265.909,1012.121,58201.942,2,248,637.718,216.688,NA,9.848,0.033,-90,-37.569
3178,26,76,1265.909,1012.121,58501.952,2,127,637.718,216.688,NA,0,0,0,90
3179,26,77,1265.909,1012.121,58801.962,2,122,637.718,216.688,NA,0,0,0,0
3180,26,78,1265.909,1012.121,59101.972,2,231,637.718,216.688,NA,0,0,0,0
3181,26,79,1254.545,1007.576,59401.982,2,217,649.957,205.443,NA,12.239,0.041,-158.199,-158.199
3182,26,80,1254.545,1007.576,59701.992,2,255,649.957,205.443,NA,0,0,0,158.199
3183,26,81,1254.545,1007.576,60002.002,2,225,649.957,205.443,NA,0,0,0,0
3184,26,82,1260.606,1015.909,60302.012,2,255,660.262,211.365,NA,10.304,0.034,53.973,53.973
3185,26,83,1267.424,1015.909,60602.022,2,255,667.08,218.183,NA,6.818,0.023,0,-53.973
3186,26,84,1267.424,1015.909,60902.032,2,255,667.08,218.183,NA,0,0,0,0
3187,26,85,1267.424,1008.333,61202.042,2,200,674.655,218.288,NA,7.576,0.025,-90,-90
3188,26,86,1267.424,992.424,61502.052,2,119,690.565,219.362,NA,15.909,0.053,-90,0
3189,26,87,1267.424,992.424,61802.062,2,61,690.565,219.362,NA,0,0,0,90
3190,26,88,1254.545,1004.545,62102.072,2,218,708.25,205.577,NA,17.686,0.059,136.736,136.736
3191,26,89,1249.242,1004.545,62402.082,2,237,713.553,200.281,NA,5.303,0.018,180,43.264
3192,26,90,1256.061,1006.061,62702.092,2,204,720.538,207.018,NA,6.985,0.023,12.529,-167.471
3193,26,91,1263.636,1006.061,63002.102,2,255,728.114,214.587,NA,7.576,0.025,0,-12.529
3194,26,92,1263.636,994.697,63302.112,2,240,739.477,215.367,NA,11.364,0.038,-90,-90
3195,26,93,1253.788,994.697,63602.122,2,255,749.326,205.566,NA,9.848,0.033,180,-90
3196,26,94,1253.788,999.242,63902.132,2,145,753.871,205.163,NA,4.545,0.015,90,-90
3197,26,95,1248.485,1000.758,64202.142,2,214,759.386,199.762,NA,5.515,0.018,164.055,74.055
3198,26,96,1258.333,1015.152,64502.152,2,199,776.827,209.091,NA,17.441,0.058,55.62,-108.435
3199,26,97,1266.667,1016.667,64802.162,2,250,785.297,217.43,NA,8.47,0.028,10.305,-45.315
3200,26,98,1266.667,1016.667,65102.172,2,135,785.297,217.43,NA,0,0,0,-10.305
3201,26,99,1266.667,1004.545,65402.182,2,248,797.418,217.683,NA,12.121,0.04,-90,-90
3202,26,100,1266.667,987.879,65702.192,2,171,814.085,219.128,NA,16.667,0.056,-90,0
3203,26,101,1277.273,984.848,66002.202,2,140,825.115,230.035,NA,11.03,0.037,-15.945,74.055
3204,26,102,1277.273,984.848,66302.212,2,230,825.115,230.035,NA,0,0,0,15.945
3205,26,103,1277.273,978.788,66602.222,2,230,831.176,230.912,NA,6.061,0.02,-90,-90
3206,26,104,1291.667,974.242,66902.232,2,255,846.271,245.852,NA,15.095,0.05,-17.526,72.474
3207,26,105,1303.03,974.242,67202.242,2,158,857.634,257.064,NA,11.364,0.038,0,17.526
3208,26,106,1302.273,980.303,67502.252,2,255,863.742,255.419,NA,6.108,0.02,97.125,97.125
3209,26,107,1311.364,980.303,67802.262,2,186,872.833,264.428,NA,9.091,0.03,0,-97.125
3210,26,108,1319.697,980.303,68102.272,2,129,881.166,272.69,NA,8.333,0.028,0,0
3211,26,109,1325.758,980.303,68402.282,2,255,887.227,278.702,NA,6.061,0.02,0,0
3212,26,110,1333.333,984.848,68702.292,2,226,896.062,285.702,NA,8.835,0.029,30.964,30.964
3213,26,111,1333.333,984.848,69002.302,2,181,896.062,285.702,NA,0,0,0,-30.964
3214,26,112,1333.333,984.848,69302.312,2,189,896.062,285.702,NA,0,0,0,0
3215,26,113,1347.727,984.848,69602.322,2,104,910.456,300.019,NA,14.394,0.048,0,0
3216,26,114,1371.212,983.333,69902.332,2,138,933.989,323.538,NA,23.534,0.078,-3.691,-3.691
3217,26,115,1400,981.061,70202.342,2,153,962.867,352.41,NA,28.877,0.096,-4.514,-0.823
3218,26,116,1404.545,978.03,70502.352,2,113,968.33,357.237,NA,5.463,0.018,-33.69,-29.176
3219,26,117,1412.879,982.576,70802.362,2,109,977.822,365.093,NA,9.492,0.032,28.61,62.301
3220,26,118,1412.879,996.212,71102.372,2,113,991.458,364.129,NA,13.636,0.045,90,61.39
3221,26,119,1417.424,1008.333,71402.382,2,164,1004.404,368.245,NA,12.945,0.043,69.444,-20.556
3222,26,120,1421.212,1010.606,71702.392,2,160,1008.821,371.997,NA,4.417,0.015,30.964,-38.48
3223,26,122,1446.97,1035.606,72002.402,2,149,1044.716,398.253,NA,35.895,0.12,44.145,13.181
3224,27,1,464.394,852.778,25800.861,2,74,0,0,NA,NA,NA,NA,NA
3225,27,2,462.374,855.808,26100.871,2,135,3.642,3.642,NA,3.642,0.012,123.69,NA
3226,27,3,461.364,855.808,26400.881,2,144,4.652,4.285,NA,1.01,0.003,180,56.31
3227,27,4,456.313,855.808,26700.891,2,171,9.703,8.63,NA,5.051,0.017,180,0
3228,27,5,456.313,860.354,27000.901,2,170,14.248,11.077,NA,4.545,0.015,90,-90
3229,27,6,456.313,866.414,27300.911,2,255,20.309,15.851,NA,6.061,0.02,90,0
3230,27,7,456.313,866.414,27600.921,2,255,20.309,15.851,NA,0,0,0,-90
3231,27,8,455.808,866.414,27900.931,2,207,20.814,16.114,NA,0.505,0.002,180,180
3232,27,9,455.808,866.414,28200.941,2,255,20.814,16.114,NA,0,0,0,-180
3233,27,10,453.788,866.414,28500.951,2,243,22.834,17.275,NA,2.02,0.007,180,180
3234,27,11,446.717,866.414,28800.961,2,255,29.905,22.325,NA,7.071,0.024,180,0
3235,27,12,434.091,873.485,29100.971,2,255,44.376,36.702,NA,14.471,0.048,150.751,-29.249
3236,27,13,414.394,883.081,29400.981,2,255,66.286,58.466,NA,21.91,0.073,154.026,3.274
3237,27,14,406.313,887.626,29700.991,2,255,75.557,67.733,NA,9.271,0.031,150.642,-3.383
3238,27,15,404.798,895.707,30001.001,2,255,83.779,73.448,NA,8.222,0.027,100.62,-50.023
3239,27,16,390.657,895.707,30301.011,2,255,97.921,85.324,NA,14.141,0.047,180,79.38
3240,27,17,384.091,898.232,30601.021,2,255,104.955,92.275,NA,7.035,0.023,158.962,-21.038
3241,27,18,371.97,902.778,30901.031,2,255,117.901,105.082,NA,12.945,0.043,159.444,0.481
3242,27,19,365.404,904.798,31201.041,2,255,124.77,111.826,NA,6.869,0.023,162.897,3.453
3243,27,20,365.404,904.798,31501.051,2,255,124.77,111.826,NA,0,0,0,-162.897
3244,27,21,367.929,895.707,31801.061,2,255,134.205,105.586,NA,9.435,0.031,-74.476,-74.476
3245,27,22,370.96,895.707,32101.071,2,255,137.235,102.825,NA,3.03,0.01,0,74.476
3246,27,23,370.96,895.707,32401.081,2,255,137.235,102.825,NA,0,0,0,0
3247,27,24,370.96,895.707,32701.091,2,255,137.235,102.825,NA,0,0,0,0
3248,27,25,354.798,895.707,33001.101,2,255,153.397,117.704,NA,16.162,0.054,180,180
3249,27,26,317.424,919.444,33301.111,2,255,197.672,161.383,NA,44.275,0.148,147.579,-32.421
3250,27,27,323.99,917.929,33601.121,2,255,204.41,154.784,NA,6.738,0.022,-12.995,-160.574
3251,27,28,322.475,918.434,33901.131,2,255,206.007,156.371,NA,1.597,0.005,161.565,174.56
3252,27,29,331.061,918.434,34201.141,2,255,214.593,148.622,NA,8.586,0.029,0,-161.565
3253,27,30,331.061,922.475,34501.151,2,255,218.633,150.451,NA,4.04,0.013,90,90
3254,27,31,331.061,922.475,34801.161,2,255,218.633,150.451,NA,0,0,0,-90
3255,27,32,326.515,918.939,35101.171,2,255,224.392,152.931,NA,5.758,0.019,-142.125,-142.125
3256,27,33,313.889,918.434,35401.181,2,255,237.028,164.203,NA,12.636,0.042,-177.709,-35.584
3257,27,34,312.374,910.859,35701.191,2,255,244.754,162.738,NA,7.726,0.026,-101.31,76.399
3258,27,35,302.778,910.859,36001.201,2,255,254.35,171.736,NA,9.596,0.032,180,-78.69
3259,27,36,295.202,931.566,36301.211,2,255,276.399,186.637,NA,22.049,0.073,110.095,-69.905
3260,27,37,295.202,939.646,36601.221,2,255,284.48,190.19,NA,8.081,0.027,90,-20.095
3261,27,38,289.141,926.515,36901.231,2,255,298.943,190.133,NA,14.462,0.048,-114.775,155.225
3262,27,39,288.131,925.505,37201.241,2,255,300.371,190.677,NA,1.428,0.005,-135,-20.225
3263,27,40,282.071,925.505,37501.251,2,255,306.432,196.293,NA,6.061,0.02,180,-45
3264,27,41,257.828,925.505,37801.261,2,255,330.674,218.995,NA,24.242,0.081,180,0
3265,27,42,238.131,922.98,38101.271,2,33,350.532,236.903,NA,19.858,0.066,-172.694,7.306
3266,27,43,265.404,925,38401.281,2,255,377.88,211.691,NA,27.347,0.091,4.236,176.931
3267,27,44,264.394,928.03,38701.291,2,255,381.074,213.689,NA,3.194,0.011,108.435,104.199
3268,27,45,254.798,928.03,39001.301,2,255,390.67,222.696,NA,9.596,0.032,180,71.565
3269,27,46,246.717,931.566,39301.311,2,255,399.49,231.497,NA,8.82,0.029,156.371,-23.629
3270,27,47,233.081,932.576,39601.321,2,255,413.164,244.691,NA,13.674,0.046,175.764,19.393
3271,27,48,223.485,932.576,39901.331,2,255,422.76,253.781,NA,9.596,0.032,180,4.236
3272,27,49,219.444,944.697,40201.341,2,255,435.537,261.628,NA,12.777,0.043,108.435,-71.565
3273,27,50,225,944.697,40501.351,2,255,441.092,256.434,NA,5.556,0.019,0,-108.435
3274,27,51,229.545,946.717,40801.361,2,255,446.067,252.94,NA,4.974,0.017,23.962,23.962
3275,27,52,229.04,942.172,41101.371,2,255,450.64,251.759,NA,4.573,0.015,-96.34,-120.303
3276,27,53,211.869,938.636,41401.381,2,255,468.172,266.722,NA,17.532,0.058,-168.366,-72.026
3277,27,54,211.869,926.01,41701.391,2,255,480.798,262.93,NA,12.626,0.042,-90,78.366
3278,27,55,211.869,926.01,42001.401,2,255,480.798,262.93,NA,0,0,0,90
3279,27,56,205.303,926.01,42301.411,2,255,487.364,269.242,NA,6.566,0.022,180,180
3280,27,57,195.707,910.354,42601.421,2,255,505.727,274.786,NA,18.363,0.061,-121.504,58.496
3281,27,58,191.667,890.152,42901.431,2,255,526.329,275.276,NA,20.602,0.069,-101.31,20.194
3282,27,59,191.667,890.152,43201.441,2,255,526.329,275.276,NA,0,0,0,101.31
3283,27,60,183.081,890.152,43501.451,2,255,534.915,283.785,NA,8.586,0.029,180,180
3284,27,61,181.061,878.535,43801.461,2,255,546.706,284.502,NA,11.791,0.039,-99.866,80.134
3285,27,62,181.061,878.535,44101.471,2,255,546.706,284.502,NA,0,0,0,99.866
3286,27,63,181.061,878.535,44401.481,2,255,546.706,284.502,NA,0,0,0,0
3287,27,64,179.545,893.182,44701.491,2,255,561.43,287.7,NA,14.725,0.049,95.906,95.906
3288,27,65,166.919,889.141,45001.501,2,255,574.687,299.689,NA,13.257,0.044,-162.255,101.839
3289,27,66,157.828,896.717,45301.511,2,255,586.521,309.699,NA,11.834,0.039,140.194,-57.55
3290,27,67,155.808,897.222,45601.521,2,255,588.603,311.77,NA,2.082,0.007,165.964,25.769
3291,27,68,147.727,897.222,45901.531,2,255,596.684,319.77,NA,8.081,0.027,180,14.036
3292,27,69,145.202,906.313,46201.542,2,255,606.119,323.65,NA,9.435,0.031,105.524,-74.476
3293,27,70,134.596,907.828,46501.552,2,255,616.833,334.361,NA,10.714,0.036,171.87,66.346
3294,27,71,134.596,907.828,46801.562,2,255,616.833,334.361,NA,0,0,0,-171.87
3295,27,72,123.99,914.394,47101.572,2,255,629.307,345.936,NA,12.474,0.042,148.241,148.241
3296,27,73,123.99,914.394,47401.582,2,255,629.307,345.936,NA,0,0,0,-148.241
3297,27,74,123.99,914.394,47701.592,2,255,629.307,345.936,NA,0,0,0,0
3298,27,75,117.424,914.394,48001.602,2,255,635.872,352.398,NA,6.566,0.022,180,180
3299,27,76,117.424,926.515,48301.612,2,255,647.994,354.718,NA,12.121,0.04,90,-90
3300,27,77,117.424,926.515,48601.622,2,255,647.994,354.718,NA,0,0,0,-90
3301,27,78,125.505,927.525,48901.632,2,255,656.137,347.034,NA,8.144,0.027,7.125,7.125
3302,27,79,120.455,933.081,49201.642,2,255,663.645,353.19,NA,7.508,0.025,132.274,125.149
3303,27,80,101.263,933.081,49501.652,2,255,682.837,371.904,NA,19.192,0.064,180,47.726
3304,27,81,97.727,926.01,49801.662,2,255,690.743,373.908,NA,7.905,0.026,-116.565,63.435
3305,27,82,83.586,914.394,50101.672,2,255,709.043,385.761,NA,18.301,0.061,-140.599,-24.034
3306,27,83,82.576,913.889,50401.682,2,255,710.173,386.678,NA,1.129,0.004,-153.435,-12.836
3307,27,84,78.03,910.354,50701.692,2,7,715.931,390.63,NA,5.758,0.019,-142.125,11.31
3308,27,85,38.131,910.354,51001.702,2,255,755.83,430.133,NA,39.899,0.133,180,-37.875
3309,27,86,19.949,906.818,51301.712,2,255,774.352,447.718,NA,18.522,0.062,-168.996,11.004
3310,27,87,8.838,904.798,51601.722,2,255,785.646,458.516,NA,11.293,0.038,-169.695,-0.699
3311,27,88,5.808,889.646,51901.732,2,255,801.097,460.066,NA,15.452,0.052,-101.31,68.385
3312,27,89,3.283,892.677,52201.742,2,255,805.042,462.834,NA,3.945,0.013,129.806,-128.884
3313,28,1,513.258,1069.318,31501.051,2,156,0,0,NA,NA,NA,NA,NA
3314,28,2,495.833,1087.5,31801.061,2,123,25.183,25.183,NA,25.183,0.084,133.781,NA
3315,28,3,485.985,1089.773,32101.071,2,176,35.29,34.091,NA,10.107,0.034,167.005,33.224
3316,28,4,485.985,1089.773,32401.081,2,252,35.29,34.091,NA,0,0,0,-167.005
3317,28,5,485.985,1098.106,32701.091,2,143,43.624,39.655,NA,8.333,0.028,90,90
3318,28,6,450.379,1094.318,33001.101,2,103,79.431,67.666,NA,35.807,0.119,-173.928,96.072
3319,28,7,431.439,1091.667,33301.111,2,106,98.555,84.816,NA,19.124,0.064,-172.03,1.897
3320,28,8,411.742,1086.742,33601.121,2,255,118.858,103,NA,20.303,0.068,-165.964,6.067
3321,28,9,386.364,1075,33901.131,2,210,146.822,127.021,NA,27.964,0.093,-155.171,10.793
3322,28,10,396.97,1078.03,34201.141,2,255,157.852,116.614,NA,11.03,0.037,15.945,171.116
3323,28,11,389.773,1078.03,34501.151,2,230,165.049,123.792,NA,7.197,0.024,180,164.055
3324,28,12,384.848,1076.515,34801.161,2,203,170.201,128.611,NA,5.152,0.017,-162.897,17.103
3325,28,13,371.591,1076.515,35101.171,2,250,183.459,141.849,NA,13.258,0.044,180,-17.103
3326,28,14,349.621,1085.227,35401.181,2,245,207.093,164.408,NA,23.634,0.079,158.369,-21.631
3327,28,15,348.864,1085.606,35701.191,2,255,207.94,165.199,NA,0.847,0.003,153.435,-4.934
3328,28,16,338.258,1092.424,36001.201,2,179,220.548,176.519,NA,12.609,0.042,147.265,-6.17
3329,28,17,336.742,1090.53,36301.211,2,150,222.974,177.785,NA,2.425,0.008,-128.66,84.075
3330,28,18,329.924,1090.152,36601.221,2,159,229.802,184.513,NA,6.829,0.023,-176.82,-48.16
3331,28,19,329.924,1090.152,36901.231,2,255,229.802,184.513,NA,0,0,0,176.82
3332,28,20,323.864,1090.909,37201.241,2,255,235.91,190.621,NA,6.108,0.02,172.875,172.875
3333,28,21,322.727,1091.288,37501.251,2,255,237.108,191.793,NA,1.198,0.004,161.565,-11.31
3334,28,22,322.727,1076.515,37801.261,2,208,251.881,190.666,NA,14.773,0.049,-90,108.435
3335,28,23,329.924,1075.758,38101.271,2,133,259.117,183.446,NA,7.237,0.024,-6.009,83.991
3336,28,24,331.439,1067.045,38401.281,2,222,267.96,181.832,NA,8.843,0.029,-80.134,-74.125
3337,28,25,337.121,1065.152,38701.291,2,212,273.95,176.186,NA,5.989,0.02,-18.435,61.699
3338,28,26,337.121,1073.485,39001.301,2,255,282.283,176.186,NA,8.333,0.028,90,108.435
3339,28,27,339.015,1079.924,39301.311,2,252,288.995,174.565,NA,6.712,0.022,73.61,-16.39
3340,28,28,342.424,1079.924,39601.321,2,255,292.404,171.162,NA,3.409,0.011,0,-73.61
3341,28,29,337.879,1089.394,39901.331,2,204,302.908,176.524,NA,10.504,0.035,115.641,115.641
3342,28,30,337.879,1100,40201.341,2,255,313.514,178.042,NA,10.606,0.035,90,-25.641
3343,28,31,337.879,1100,40501.351,2,243,313.514,178.042,NA,0,0,0,-90
3344,28,32,337.879,1114.394,40801.361,2,248,327.908,181.079,NA,14.394,0.048,90,90
3345,28,33,331.061,1118.182,41101.371,2,205,335.708,188.636,NA,7.8,0.026,150.945,60.945
3346,28,34,325,1118.561,41401.381,2,207,341.78,194.591,NA,6.072,0.02,176.424,25.478
3347,28,35,322.348,1124.242,41701.391,2,240,348.05,198.653,NA,6.27,0.021,115.017,-61.407
3348,28,36,322.348,1124.242,42001.401,2,190,348.05,198.653,NA,0,0,0,-115.017
3349,28,37,322.348,1124.242,42301.411,2,207,348.05,198.653,NA,0,0,0,0
3350,28,38,322.348,1124.242,42601.421,2,243,348.05,198.653,NA,0,0,0,0
3351,28,39,323.485,1124.242,42901.431,2,253,349.187,197.561,NA,1.136,0.004,0,0
3352,28,40,331.818,1124.621,43201.441,2,199,357.529,189.68,NA,8.342,0.028,2.603,2.603
3353,28,41,331.818,1117.803,43501.451,2,101,364.347,187.806,NA,6.818,0.023,-90,-92.603
3354,28,42,339.015,1117.045,43801.461,2,246,371.584,180.661,NA,7.237,0.024,-6.009,83.991
3355,28,43,339.015,1110.985,44101.471,2,255,377.644,179.155,NA,6.061,0.02,-90,-83.991
3356,28,44,339.015,1105.682,44401.481,2,220,382.947,177.996,NA,5.303,0.018,-90,0
3357,28,45,339.015,1105.682,44701.491,2,191,382.947,177.996,NA,0,0,0,90
3358,28,46,339.015,1105.682,45001.501,2,211,382.947,177.996,NA,0,0,0,0
3359,28,47,345.076,1114.015,45301.511,2,106,393.251,174.02,NA,10.304,0.034,53.973,53.973
3360,28,48,352.652,1119.318,45601.521,2,201,402.499,168.209,NA,9.247,0.031,34.992,-18.981
3361,28,49,353.409,1123.485,45901.531,2,140,406.734,168.777,NA,4.235,0.014,79.695,44.703
3362,28,50,353.409,1133.712,46201.542,2,151,416.961,172.331,NA,10.227,0.034,90,10.305
3363,28,51,342.803,1139.394,46501.552,2,201,428.993,184.297,NA,12.032,0.04,151.821,61.821
3364,28,52,332.576,1156.439,46801.562,2,87,448.871,200.589,NA,19.878,0.066,120.964,-30.858
3365,28,53,309.091,1171.591,47101.572,2,121,476.82,228.35,NA,27.948,0.093,147.171,26.208
3366,28,54,293.687,1178.535,47401.582,2,200,493.717,245.234,NA,16.897,0.056,155.733,8.562
3367,28,55,288.131,1191.162,47701.592,2,89,507.511,255.984,NA,13.794,0.046,113.749,-41.984
3368,28,56,264.394,1221.97,48001.602,2,255,546.403,291.951,NA,38.892,0.13,127.614,13.864
3369,28,57,257.323,1222.98,48301.612,2,192,553.546,298.52,NA,7.142,0.024,171.87,44.256
3370,28,58,248.737,1237.121,48601.622,2,197,570.09,313.255,NA,16.544,0.055,121.264,-50.606
3371,28,59,229.04,1236.616,48901.632,2,106,589.793,329.8,NA,19.703,0.066,-178.531,60.205
3372,28,60,210.859,1267.424,49201.642,2,194,625.566,361.512,NA,35.773,0.119,120.548,-60.921
3373,28,61,208.838,1278.03,49501.652,2,219,636.363,369.096,NA,10.797,0.036,100.784,-19.763
3374,28,62,204.293,1268.939,49801.662,2,167,646.527,367.842,NA,10.164,0.034,-116.565,142.651
3375,28,63,212.879,1266.414,50101.672,2,255,655.476,359.269,NA,8.95,0.03,-16.39,100.176
3376,28,64,221.97,1277.02,50401.682,2,150,669.445,357.755,NA,13.969,0.047,49.399,65.788
3377,28,65,215.909,1288.131,50701.692,2,243,682.102,369.182,NA,12.657,0.042,118.61,69.212
3378,28,66,197.222,1297.727,51001.702,2,255,703.109,389.935,NA,21.007,0.07,152.819,34.208
3379,28,67,178.03,1297.727,51301.712,2,221,722.301,405.645,NA,19.192,0.064,180,27.181
3380,28,68,170.96,1312.374,51601.722,2,104,738.564,419.814,NA,16.264,0.054,115.769,-64.231
3381,28,69,170.96,1312.374,51901.732,2,172,738.564,419.814,NA,0,0,0,-115.769
3382,28,70,159.848,1323.99,52201.742,2,93,754.639,435.61,NA,16.075,0.054,133.727,133.727
3383,28,71,156.313,1332.071,52501.752,2,74,763.459,443.225,NA,8.82,0.029,113.629,-20.098
3384,29,1,486.111,671.97,19500.651,2,255,0,0,NA,NA,NA,NA,NA
3385,29,2,480.556,676.515,19800.661,2,255,7.178,7.178,NA,7.178,0.024,140.711,NA
3386,29,3,480.556,684.091,20100.671,2,255,14.754,13.334,NA,7.576,0.025,90,-50.711
3387,29,4,478.03,684.091,20400.681,2,255,17.279,14.568,NA,2.525,0.008,180,90
3388,29,5,478.03,691.667,20700.691,2,255,24.855,21.29,NA,7.576,0.025,90,-90
3389,29,6,472.98,692.172,21000.701,2,255,29.931,24.095,NA,5.076,0.017,174.289,84.289
3390,29,7,472.98,692.172,21300.711,2,255,29.931,24.095,NA,0,0,0,-174.289
3391,29,8,472.98,692.172,21600.721,2,255,29.931,24.095,NA,0,0,0,0
3392,29,9,465.909,692.677,21900.731,2,255,37.019,28.929,NA,7.089,0.024,175.914,175.914
3393,29,10,465.404,692.677,22200.741,2,255,37.524,29.284,NA,0.505,0.002,180,4.086
3394,29,11,460.354,690.657,22500.751,2,255,42.964,31.822,NA,5.44,0.018,-158.199,21.801
3395,29,12,457.323,690.152,22800.761,2,255,46.036,34.049,NA,3.072,0.01,-170.538,-12.339
3396,29,13,450.758,690.152,23100.771,2,255,52.602,39.755,NA,6.566,0.022,180,-9.462
3397,29,14,450.758,690.152,23400.781,2,255,52.602,39.755,NA,0,0,0,-180
3398,29,15,440.152,690.152,23700.791,2,255,63.208,49.425,NA,10.606,0.035,180,180
3399,29,16,440.152,690.152,24000.801,2,255,63.208,49.425,NA,0,0,0,-180
3400,29,17,439.646,694.697,24300.811,2,255,67.781,51.725,NA,4.573,0.015,96.34,96.34
3401,29,18,439.646,694.697,24600.821,2,255,67.781,51.725,NA,0,0,0,-96.34
3402,29,19,439.646,694.697,24900.831,2,255,67.781,51.725,NA,0,0,0,0
3403,29,20,439.646,694.697,25200.841,2,255,67.781,51.725,NA,0,0,0,0
3404,29,21,433.081,704.798,25500.851,2,255,79.828,62.369,NA,12.047,0.04,123.024,123.024
3405,29,22,433.081,704.798,25800.861,2,255,79.828,62.369,NA,0,0,0,-123.024
3406,29,23,433.081,704.798,26100.871,2,255,79.828,62.369,NA,0,0,0,0
3407,29,24,417.929,704.798,26400.881,2,255,94.98,75.673,NA,15.152,0.051,180,180
3408,29,25,411.869,704.798,26700.891,2,255,101.041,81.177,NA,6.061,0.02,180,0
3409,29,26,402.778,704.798,27000.901,2,255,110.132,89.566,NA,9.091,0.03,180,0
3410,29,27,402.778,704.798,27300.911,2,255,110.132,89.566,NA,0,0,0,-180
3411,29,28,402.778,692.172,27600.921,2,255,122.758,85.747,NA,12.626,0.042,-90,-90
3412,29,29,397.727,685.101,27900.931,2,255,131.447,89.354,NA,8.689,0.029,-125.538,-35.538
3413,29,30,394.697,682.071,28200.941,2,255,135.732,91.971,NA,4.285,0.014,-135,-9.462
3414,29,31,394.697,682.071,28500.951,2,255,135.732,91.971,NA,0,0,0,135
3415,29,32,386.616,672.98,28800.961,2,255,147.896,99.5,NA,12.163,0.041,-131.634,-131.634
3416,29,33,389.141,671.465,29100.971,2,255,150.841,96.971,NA,2.945,0.01,-30.964,100.67
3417,29,34,389.141,671.465,29400.981,2,255,150.841,96.971,NA,0,0,0,30.964
3418,29,35,389.141,660.354,29700.991,2,255,161.952,97.663,NA,11.111,0.037,-90,-90
3419,29,36,389.141,660.354,30001.001,2,255,161.952,97.663,NA,0,0,0,90
3420,29,37,383.586,657.828,30301.011,2,255,168.054,103.496,NA,6.103,0.02,-155.556,-155.556
3421,29,38,385.101,657.828,30601.021,2,255,169.569,101.995,NA,1.515,0.005,0,155.556
3422,29,39,385.101,657.828,30901.031,2,255,169.569,101.995,NA,0,0,0,0
3423,29,40,391.162,657.323,31201.041,2,255,175.651,96.073,NA,6.082,0.02,-4.764,-4.764
3424,29,41,397.727,651.263,31501.051,2,255,184.586,90.777,NA,8.935,0.03,-42.709,-37.946
3425,29,42,397.727,651.263,31801.061,2,255,184.586,90.777,NA,0,0,0,42.709
3426,29,43,397.727,651.263,32101.071,2,255,184.586,90.777,NA,0,0,0,0
3427,29,44,379.545,650.758,32401.081,2,255,202.775,108.656,NA,18.189,0.061,-178.409,-178.409
3428,29,45,368.434,650.758,32701.091,2,255,213.886,119.573,NA,11.111,0.037,180,-1.591
3429,29,46,369.949,647.727,33001.101,2,255,217.274,118.664,NA,3.388,0.011,-63.435,116.565
3430,29,47,364.899,646.717,33301.111,2,255,222.425,123.815,NA,5.151,0.017,-168.69,-105.255
3431,29,48,364.899,638.636,33601.121,2,255,230.506,125.712,NA,8.081,0.027,-90,78.69
3432,29,49,364.899,638.636,33901.131,2,255,230.506,125.712,NA,0,0,0,90
3433,29,50,370.96,638.636,34201.141,2,255,236.566,119.879,NA,6.061,0.02,0,0
3434,29,51,370.96,638.636,34501.151,2,255,236.566,119.879,NA,0,0,0,0
3435,29,52,370.96,638.636,34801.161,2,255,236.566,119.879,NA,0,0,0,0
3436,29,53,370.96,638.636,35101.171,2,255,236.566,119.879,NA,0,0,0,0
3437,29,54,365.909,635.606,35401.181,2,255,242.456,125.582,NA,5.89,0.02,-149.036,-149.036
3438,29,55,365.909,635.606,35701.191,2,255,242.456,125.582,NA,0,0,0,149.036
3439,29,56,365.909,635.606,36001.201,2,255,242.456,125.582,NA,0,0,0,0
3440,29,57,346.212,637.626,36301.211,2,255,262.256,144.053,NA,19.8,0.066,174.144,174.144
3441,29,58,341.162,633.081,36601.221,2,255,269.051,150.076,NA,6.795,0.023,-138.013,47.843
3442,29,59,314.394,632.576,36901.231,2,255,295.824,176.178,NA,26.772,0.089,-178.919,-40.906
3443,29,60,297.222,631.061,37201.241,2,255,313.062,193.268,NA,17.238,0.057,-174.958,3.962
3444,29,61,296.212,631.061,37501.251,2,255,314.072,194.255,NA,1.01,0.003,180,-5.042
3445,29,62,296.212,631.061,37801.261,2,255,314.072,194.255,NA,0,0,0,-180
3446,29,63,296.212,631.061,38101.271,2,255,314.072,194.255,NA,0,0,0,0
3447,29,64,293.687,634.596,38401.281,2,255,318.417,196.02,NA,4.345,0.014,125.538,125.538
3448,29,65,295.707,641.162,38701.291,2,255,325.286,192.88,NA,6.869,0.023,72.897,-52.64
3449,29,66,295.202,645.202,39001.301,2,255,329.358,192.777,NA,4.072,0.014,97.125,24.228
3450,29,67,277.525,645.202,39301.311,2,255,347.035,210.296,NA,17.677,0.059,180,82.875
3451,29,68,279.04,640.657,39601.321,2,255,351.826,209.425,NA,4.791,0.016,-71.565,108.435
3452,29,69,279.04,640.657,39901.331,2,255,351.826,209.425,NA,0,0,0,71.565
3453,29,70,279.04,640.657,40201.341,2,255,351.826,209.425,NA,0,0,0,0
3454,29,71,279.04,640.657,40501.351,2,255,351.826,209.425,NA,0,0,0,0
3455,29,72,279.04,629.545,40801.361,2,255,362.937,211.372,NA,11.111,0.037,-90,-90
3456,29,73,279.04,629.04,41101.371,2,255,363.442,211.474,NA,0.505,0.002,-90,0
3457,29,74,279.04,628.535,41401.381,2,255,363.947,211.577,NA,0.505,0.002,-90,0
3458,29,75,285.606,638.636,41701.391,2,255,375.995,203.257,NA,12.047,0.04,56.976,146.976
3459,29,76,280.556,638.636,42001.401,2,255,381.045,208.241,NA,5.051,0.017,180,123.024
3460,29,77,251.263,637.626,42301.411,2,255,410.355,237.346,NA,29.31,0.098,-178.025,1.975
3461,29,78,239.141,630.556,42601.421,2,255,424.388,250.418,NA,14.033,0.047,-149.744,28.282
3462,29,79,239.141,630.556,42901.431,2,255,424.388,250.418,NA,0,0,0,149.744
3463,29,80,246.212,630.556,43201.441,2,255,431.459,243.447,NA,7.071,0.024,0,0
3464,29,81,247.222,630.051,43501.451,2,255,432.588,242.539,NA,1.129,0.004,-26.565,-26.565
3465,29,82,251.768,630.051,43801.461,2,255,437.134,238.063,NA,4.545,0.015,0,26.565
3466,29,83,247.222,635.606,44101.471,2,243,444.312,241.641,NA,7.178,0.024,129.289,129.289
3467,29,84,239.141,652.778,44401.481,2,255,463.29,247.714,NA,18.978,0.063,115.201,-14.088
3468,29,85,239.141,655.808,44701.491,2,255,466.32,247.498,NA,3.03,0.01,90,-25.201
3469,29,86,239.141,655.808,45001.501,2,6,466.32,247.498,NA,0,0,0,-90
3470,29,87,210.859,671.465,45301.511,2,255,498.647,275.253,NA,32.327,0.108,151.032,151.032
3471,29,88,184.091,663.889,45601.521,2,255,526.466,302.128,NA,27.819,0.093,-164.197,44.77
3472,29,89,153.788,663.384,45901.531,2,255,556.774,332.434,NA,30.307,0.101,-179.045,-14.848
3473,29,90,127.525,663.889,46201.542,2,255,583.041,358.677,NA,26.267,0.088,178.898,-2.057
3474,29,91,92.677,682.071,46501.552,2,255,622.348,393.564,NA,39.306,0.131,152.447,-26.451
3475,29,92,88.636,678.535,46801.562,2,255,627.716,397.529,NA,5.369,0.018,-138.814,68.739
3476,29,93,88.131,676.01,47101.572,2,255,630.292,398,NA,2.575,0.009,-101.31,37.504
3477,29,94,84.091,669.444,47401.582,2,255,638.001,402.028,NA,7.709,0.026,-121.608,-20.298
3478,29,95,79.545,661.364,47701.592,2,255,647.272,406.704,NA,9.271,0.031,-119.358,2.25
3479,29,96,59.848,659.848,48001.602,2,255,667.028,426.435,NA,19.755,0.066,-175.601,-56.244
3480,29,97,50.758,659.848,48301.612,2,255,676.118,435.522,NA,9.091,0.03,180,-4.399
3481,29,98,50.758,659.848,48601.622,2,255,676.118,435.522,NA,0,0,0,-180
3482,29,99,53.788,659.848,48901.632,2,255,679.149,432.493,NA,3.03,0.01,0,0
3483,29,100,53.788,659.848,49201.642,2,255,679.149,432.493,NA,0,0,0,0
3484,29,101,53.788,659.848,49501.652,2,255,679.149,432.493,NA,0,0,0,0
3485,29,102,56.313,643.687,49801.662,2,255,695.506,430.728,NA,16.358,0.055,-81.119,-81.119
3486,29,103,62.374,643.687,50101.672,2,255,701.567,424.68,NA,6.061,0.02,0,81.119
3487,29,104,61.869,639.646,50401.682,2,255,705.639,425.472,NA,4.072,0.014,-97.125,-97.125
3488,29,105,55.808,628.03,50701.692,2,255,718.741,432.541,NA,13.102,0.044,-117.553,-20.428
3489,29,106,41.162,613.889,51001.702,2,255,739.1,448.724,NA,20.359,0.068,-136.005,-18.452
3490,29,107,36.111,613.889,51301.712,2,255,744.151,453.733,NA,5.051,0.017,180,-43.995
3491,29,108,29.04,619.949,51601.722,2,255,753.463,460.021,NA,9.313,0.031,139.399,-40.601
3492,29,109,35.606,631.061,51901.732,2,255,766.369,452.359,NA,12.906,0.043,59.421,-79.978
3493,29,110,23.485,620.455,52201.742,2,255,782.476,465.486,NA,16.106,0.054,-138.814,161.765
3494,29,111,22.475,607.323,52501.752,2,255,795.646,468.122,NA,13.17,0.044,-94.399,44.415
3495,29,112,16.919,601.768,52801.762,2,255,803.503,474.415,NA,7.857,0.026,-135,-40.601
3496,29,113,23.485,598.737,53101.772,2,255,810.734,468.387,NA,7.231,0.024,-24.775,110.225
3497,30,1,450,943.939,30001.001,2,85,0,0,NA,NA,NA,NA,NA
3498,30,2,445.455,944.697,30301.011,2,143,4.608,4.608,NA,4.608,0.015,170.538,NA
3499,30,3,445.455,944.697,30601.021,2,182,4.608,4.608,NA,0,0,0,-170.538
3500,30,4,436.364,948.485,30901.031,2,247,14.457,14.374,NA,9.848,0.033,157.38,157.38
3501,30,5,419.697,948.485,31201.041,2,126,31.123,30.642,NA,16.667,0.056,180,22.62
3502,30,6,418.939,948.485,31501.051,2,197,31.881,31.391,NA,0.758,0.003,180,0
3503,30,7,412.121,947.727,31801.061,2,163,38.741,38.068,NA,6.86,0.023,-173.66,6.34
3504,30,8,409.091,937.121,32101.071,2,221,49.771,41.473,NA,11.03,0.037,-105.945,67.714
3505,30,9,396.212,937.121,32401.081,2,255,62.65,54.218,NA,12.879,0.043,180,-74.055
3506,30,10,390.909,938.636,32701.091,2,190,68.166,59.328,NA,5.515,0.018,164.055,-15.945
3507,30,11,386.364,943.939,33001.101,2,255,75.15,63.636,NA,6.985,0.023,130.601,-33.453
3508,30,12,374.242,965.152,33301.111,2,172,99.581,78.671,NA,24.431,0.081,119.745,-10.856
3509,30,13,356.061,962.879,33601.121,2,255,117.904,95.83,NA,18.323,0.061,-172.875,67.38
3510,30,14,354.545,962.879,33901.131,2,184,119.42,97.315,NA,1.515,0.005,180,-7.125
3511,30,15,341.667,973.485,34201.141,2,144,136.103,112.29,NA,16.684,0.056,140.528,-39.472
3512,30,16,319.697,978.788,34501.151,2,237,158.704,134.883,NA,22.601,0.075,166.43,25.902
3513,30,17,307.323,986.616,34801.161,2,209,173.346,148.923,NA,14.642,0.049,147.68,-18.749
3514,30,18,297.222,986.616,35101.171,2,255,183.447,158.626,NA,10.101,0.034,180,32.32
3515,30,19,282.071,992.172,35401.181,2,252,199.585,174.719,NA,16.138,0.054,159.864,-20.136
3516,30,20,280.051,1004.798,35701.191,2,255,212.372,180.518,NA,12.787,0.043,99.09,-60.773
3517,30,21,277.02,1013.889,36001.201,2,255,221.955,186.588,NA,9.583,0.032,108.435,9.345
3518,30,22,277.02,1023.99,36301.211,2,249,232.056,190.605,NA,10.101,0.034,90,-18.435
3519,30,23,271.97,1042.172,36601.221,2,255,250.926,203.333,NA,18.87,0.063,105.524,15.524
3520,30,24,257.828,1053.283,36901.231,2,195,268.91,221.102,NA,17.984,0.06,141.843,36.319
3521,30,25,240.152,1067.424,37201.241,2,233,291.548,243.485,NA,22.637,0.075,141.34,-0.503
3522,30,26,217.929,1067.424,37501.251,2,221,313.77,262.879,NA,22.222,0.074,180,38.66
3523,30,27,203.788,1076.515,37801.261,2,235,330.581,279.637,NA,16.811,0.056,147.265,-32.735
3524,30,28,210.354,1097.727,38101.271,2,255,352.786,284.748,NA,22.205,0.074,72.801,-74.463
3525,30,29,197.222,1104.798,38401.281,2,166,367.7,299.62,NA,14.914,0.05,151.699,78.898
3526,30,30,191.667,1102.273,38701.291,2,191,373.803,302.994,NA,6.103,0.02,-155.556,52.745
3527,30,31,190.657,1096.212,39001.301,2,255,379.947,300.742,NA,6.144,0.02,-99.462,56.094
3528,30,32,182.071,1096.212,39301.311,2,227,388.533,308.177,NA,8.586,0.029,180,-80.538
3529,30,33,183.081,1103.788,39601.321,2,255,396.176,311.123,NA,7.643,0.025,82.405,-97.595
3530,30,34,185.101,1103.788,39901.331,2,255,398.196,309.391,NA,2.02,0.007,0,-82.405
3531,30,35,185.101,1103.788,40201.341,2,255,398.196,309.391,NA,0,0,0,0
3532,30,36,178.535,1102.273,40501.351,2,254,404.934,314.265,NA,6.738,0.022,-167.005,-167.005
3533,30,37,160.859,1102.778,40801.361,2,255,422.618,329.898,NA,17.684,0.059,178.363,-14.631
3534,30,38,154.293,1102.778,41101.371,2,154,429.184,335.667,NA,6.566,0.022,180,1.637
3535,30,39,138.636,1112.879,41401.381,2,235,447.816,354.243,NA,18.632,0.062,147.171,-32.829
3536,30,40,123.99,1117.929,41701.391,2,255,463.309,369.534,NA,15.493,0.052,160.974,13.803
3537,30,41,114.899,1123.485,42001.401,2,78,473.963,380.17,NA,10.654,0.036,148.57,-12.404
3538,30,42,107.323,1140.657,42301.411,2,169,492.731,395.127,NA,18.769,0.063,113.806,-34.764
3539,30,43,98.737,1143.687,42601.421,2,102,501.836,404.085,NA,9.105,0.03,160.56,46.754
3540,31,1,659.848,1106.818,12000.4,2,190,0,0,NA,NA,NA,NA,NA
3541,31,2,658.333,1107.323,12300.41,2,101,1.597,1.597,NA,1.597,0.005,161.565,NA
3542,31,3,658.333,1107.323,12600.42,2,155,1.597,1.597,NA,0,0,0,-161.565
3543,31,4,672.475,1107.323,12900.43,2,157,15.739,12.636,NA,14.141,0.047,0,0
3544,31,5,672.475,1107.323,13200.44,2,139,15.739,12.636,NA,0,0,0,0
3545,31,6,669.444,1110.354,13500.45,2,103,20.024,10.226,NA,4.285,0.014,135,135
3546,31,7,663.889,1112.374,13800.46,2,157,25.935,6.869,NA,5.911,0.02,160.017,25.017
3547,31,8,658.333,1112.374,14100.47,2,244,31.491,5.758,NA,5.556,0.019,180,19.983
3548,31,9,657.828,1112.374,14400.48,2,255,31.996,5.911,NA,0.505,0.002,180,0
3549,31,10,653.788,1112.374,14700.49,2,207,36.036,8.222,NA,4.04,0.013,180,0
3550,31,11,653.788,1118.939,15000.5,2,219,42.602,13.552,NA,6.566,0.022,90,-90
3551,31,12,653.788,1118.939,15300.51,2,178,42.602,13.552,NA,0,0,0,-90
3552,31,13,653.788,1114.899,15600.521,2,252,46.643,10.101,NA,4.04,0.013,-90,-90
3553,31,14,647.727,1114.899,15900.531,2,247,52.703,14.568,NA,6.061,0.02,180,-90
3554,31,15,641.667,1114.899,16200.541,2,252,58.764,19.897,NA,6.061,0.02,180,0
3555,31,16,641.162,1114.899,16500.551,2,195,59.269,20.359,NA,0.505,0.002,180,0
3556,31,17,639.646,1103.788,16800.561,2,198,70.483,20.428,NA,11.214,0.037,-97.765,82.235
3557,31,18,640.152,1103.283,17100.571,2,247,71.197,20.012,NA,0.714,0.002,-45,52.765
3558,31,19,628.535,1108.838,17400.581,2,226,84.073,31.378,NA,12.876,0.043,154.44,-160.56
3559,31,20,628.535,1108.838,17700.591,2,255,84.073,31.378,NA,0,0,0,-154.44
3560,31,21,628.535,1108.838,18000.601,2,190,84.073,31.378,NA,0,0,0,0
3561,31,22,628.535,1108.838,18300.611,2,247,84.073,31.378,NA,0,0,0,0
3562,31,23,628.535,1108.838,18600.621,2,192,84.073,31.378,NA,0,0,0,0
3563,31,24,628.535,1108.838,18900.631,2,140,84.073,31.378,NA,0,0,0,0
3564,31,25,635.606,1112.374,19200.641,2,203,91.979,24.871,NA,7.905,0.026,26.565,26.565
3565,31,26,641.162,1120.455,19500.651,2,189,101.785,23.133,NA,9.806,0.033,55.491,28.926
3566,31,27,641.162,1120.455,19800.661,2,245,101.785,23.133,NA,0,0,0,-55.491
3567,31,28,639.141,1126.515,20100.671,2,111,108.173,28.579,NA,6.388,0.021,108.435,108.435
3568,31,29,639.141,1127.525,20400.681,2,200,109.183,29.284,NA,1.01,0.003,90,-18.435
3569,31,30,639.141,1135.606,20700.691,2,153,117.264,35.462,NA,8.081,0.027,90,0
3570,31,31,639.141,1135.606,21000.701,2,193,117.264,35.462,NA,0,0,0,-90
3571,31,32,639.141,1154.798,21300.711,2,190,136.456,52.257,NA,19.192,0.064,90,90
3572,31,33,627.02,1151.263,21600.721,2,153,149.082,55.254,NA,12.626,0.042,-163.74,106.26
3573,31,34,627.02,1146.717,21900.731,2,253,153.628,51.668,NA,4.545,0.015,-90,73.74
3574,31,35,627.525,1146.717,22200.741,2,255,154.133,51.349,NA,0.505,0.002,0,90
3575,31,36,637.626,1146.717,22500.751,2,255,164.234,45.67,NA,10.101,0.034,0,0
3576,31,37,637.626,1146.717,22800.761,2,255,164.234,45.67,NA,0,0,0,0
3577,31,38,634.091,1153.283,23100.771,2,167,171.691,53.126,NA,7.457,0.025,118.301,118.301
3578,31,39,621.465,1151.768,23400.781,2,228,184.408,59.108,NA,12.717,0.042,-173.157,68.542
3579,31,40,616.414,1152.273,23700.791,2,255,189.483,62.87,NA,5.076,0.017,174.289,-12.553
3580,31,41,616.414,1141.162,24000.801,2,125,200.595,55.372,NA,11.111,0.037,-90,95.711
3581,31,42,616.414,1141.162,24300.811,2,174,200.595,55.372,NA,0,0,0,90
3582,31,43,616.414,1145.707,24600.821,2,199,205.14,58.3,NA,4.545,0.015,90,90
3583,31,44,622.98,1146.717,24900.831,2,238,211.783,54.325,NA,6.643,0.022,8.746,-81.254
3584,31,45,622.98,1152.273,25200.841,2,134,217.339,58.527,NA,5.556,0.019,90,81.254
3585,31,46,627.02,1159.848,25500.851,2,166,225.924,62.369,NA,8.586,0.029,61.928,-28.072
3586,31,47,627.02,1159.848,25800.861,2,148,225.924,62.369,NA,0,0,0,-61.928
3587,31,48,629.04,1157.323,26100.871,2,140,229.158,59.16,NA,3.234,0.011,-51.34,-51.34
3588,31,49,642.172,1153.788,26400.881,2,255,242.757,50.186,NA,13.599,0.045,-15.068,36.272
3589,31,50,645.707,1164.394,26700.891,2,211,253.937,59.287,NA,11.18,0.037,71.565,86.634
3590,31,51,645.707,1164.394,27000.901,2,142,253.937,59.287,NA,0,0,0,-71.565
3591,31,52,645.707,1164.394,27300.911,2,110,253.937,59.287,NA,0,0,0,0
3592,31,53,638.131,1164.899,27600.921,2,202,261.53,62.008,NA,7.593,0.025,176.186,176.186
3593,31,54,642.172,1178.535,27900.931,2,153,275.752,73.864,NA,14.222,0.047,73.496,-102.69
3594,31,55,642.172,1178.535,28200.941,2,62,275.752,73.864,NA,0,0,0,-73.496
3595,31,56,643.687,1178.03,28500.951,2,227,277.349,73.023,NA,1.597,0.005,-18.435,-18.435
3596,31,57,645.202,1178.03,28800.961,2,228,278.864,72.703,NA,1.515,0.005,0,18.435
3597,31,58,645.202,1178.03,29100.971,2,255,278.864,72.703,NA,0,0,0,0
3598,31,59,645.202,1178.03,29400.981,2,217,278.864,72.703,NA,0,0,0,0
3599,31,60,664.394,1175.505,29700.991,2,185,298.221,68.837,NA,19.357,0.065,-7.496,-7.496
3600,31,61,669.949,1174.495,30001.001,2,173,303.868,68.426,NA,5.647,0.019,-10.305,-2.809
3601,31,62,659.848,1171.97,30301.011,2,143,314.28,65.152,NA,10.412,0.035,-165.964,-155.659
3602,31,63,659.848,1168.434,30601.021,2,145,317.815,61.616,NA,3.535,0.012,-90,75.964
3603,31,64,659.848,1168.434,30901.031,2,144,317.815,61.616,NA,0,0,0,90
3604,31,65,659.848,1168.434,31201.041,2,165,317.815,61.616,NA,0,0,0,0
3605,31,66,670.455,1169.444,31501.051,2,96,328.469,63.518,NA,10.654,0.036,5.44,5.44
3606,31,67,670.455,1167.424,31801.061,2,142,330.49,61.527,NA,2.02,0.007,-90,-95.44
3607,31,68,673.485,1167.424,32101.071,2,221,333.52,62.121,NA,3.03,0.01,0,90
3608,31,69,673.485,1167.424,32401.081,2,106,333.52,62.121,NA,0,0,0,0
3609,31,70,666.919,1167.424,32701.091,2,236,340.086,61.017,NA,6.566,0.022,180,180
3610,31,71,681.566,1197.222,33001.101,2,99,373.289,92.976,NA,33.203,0.111,63.825,-116.175
3611,31,72,681.566,1197.222,33301.111,2,189,373.289,92.976,NA,0,0,0,-63.825
3612,31,73,681.566,1210.354,33601.121,2,168,386.42,105.788,NA,13.131,0.044,90,90
3613,31,74,681.566,1216.919,33901.131,2,161,392.986,112.222,NA,6.566,0.022,90,0
3614,31,75,694.697,1220.96,34201.141,2,248,406.724,119.343,NA,13.739,0.046,17.103,-72.897
3615,31,76,707.828,1220.96,34501.151,2,196,419.856,123.816,NA,13.131,0.044,0,-17.103
3616,31,77,707.828,1220.96,34801.161,2,146,419.856,123.816,NA,0,0,0,0
3617,31,78,719.949,1220.96,35101.171,2,223,431.977,128.998,NA,12.121,0.04,0,0
3618,31,79,719.949,1220.96,35401.181,2,255,431.977,128.998,NA,0,0,0,0
3619,31,80,719.949,1220.96,35701.191,2,238,431.977,128.998,NA,0,0,0,0
3620,31,81,723.99,1225,36001.201,2,255,437.691,134.466,NA,5.714,0.019,45,45
3621,31,82,725,1229.04,36301.211,2,210,441.856,138.503,NA,4.165,0.014,75.964,30.964
3622,31,83,725,1229.04,36601.221,2,255,441.856,138.503,NA,0,0,0,-75.964
3623,31,84,730.051,1234.091,36901.231,2,255,448.998,145.35,NA,7.142,0.024,45,45
3624,31,85,734.091,1237.626,37201.241,2,229,454.367,150.408,NA,5.369,0.018,41.186,-3.814
3625,31,86,734.091,1250.253,37501.251,2,249,466.993,161.51,NA,12.626,0.042,90,48.814
3626,31,87,734.091,1250.253,37801.261,2,253,466.993,161.51,NA,0,0,0,-90
3627,31,88,734.091,1250.253,38101.271,2,255,466.993,161.51,NA,0,0,0,0
3628,31,89,734.091,1250.253,38401.281,2,255,466.993,161.51,NA,0,0,0,0
3629,31,90,734.091,1250.253,38701.291,2,231,466.993,161.51,NA,0,0,0,0
3630,31,91,742.172,1257.828,39001.301,2,152,478.07,171.992,NA,11.077,0.037,43.152,43.152
3631,31,92,742.677,1259.343,39301.311,2,209,479.667,173.564,NA,1.597,0.005,71.565,28.413
3632,31,93,742.677,1259.343,39601.321,2,216,479.667,173.564,NA,0,0,0,-71.565
3633,31,94,751.263,1259.343,39901.331,2,255,488.253,177.822,NA,8.586,0.029,0,0
3634,31,95,751.263,1259.343,40201.341,2,255,488.253,177.822,NA,0,0,0,0
3635,31,96,751.263,1259.343,40501.351,2,255,488.253,177.822,NA,0,0,0,0
3636,31,97,751.263,1267.424,40801.361,2,224,496.334,184.799,NA,8.081,0.027,90,90
3637,31,98,750.253,1267.424,41101.371,2,255,497.344,184.302,NA,1.01,0.003,180,90
3638,31,99,748.737,1267.929,41401.381,2,255,498.941,184.006,NA,1.597,0.005,161.565,-18.435
3639,31,100,746.717,1274.495,41701.391,2,255,505.81,188.843,NA,6.869,0.023,107.103,-54.462
3640,31,101,746.717,1274.495,42001.401,2,255,505.81,188.843,NA,0,0,0,-107.103
3641,31,102,738.636,1276.01,42301.411,2,251,514.032,186.637,NA,8.222,0.027,169.38,169.38
3642,31,103,739.646,1276.515,42601.421,2,180,515.161,187.523,NA,1.129,0.004,26.565,-142.815
3643,31,104,745.707,1280.051,42901.431,2,229,522.178,193.342,NA,7.016,0.023,30.256,3.691
3644,31,105,745.202,1280.051,43201.441,2,255,522.683,193.118,NA,0.505,0.002,180,149.744
3645,31,106,745.202,1282.071,43501.451,2,255,524.703,194.932,NA,2.02,0.007,90,-90
3646,31,107,745.202,1282.071,43801.461,2,255,524.703,194.932,NA,0,0,0,-90
3647,31,108,745.202,1282.071,44101.471,2,250,524.703,194.932,NA,0,0,0,0
3648,31,109,741.667,1286.616,44401.481,2,255,530.461,197.539,NA,5.758,0.019,127.875,127.875
3649,31,110,740.657,1288.636,44701.491,2,255,532.72,198.967,NA,2.259,0.008,116.565,-11.31
3650,31,111,736.616,1288.636,45001.501,2,255,536.76,197.36,NA,4.04,0.013,180,63.435
3651,31,112,736.616,1288.636,45301.511,2,190,536.76,197.36,NA,0,0,0,-180
3652,31,113,743.687,1294.697,45601.521,2,255,546.073,205.736,NA,9.313,0.031,40.601,40.601
3653,31,114,743.687,1300.758,45901.531,2,255,552.134,211.285,NA,6.061,0.02,90,49.399
3654,31,115,735.101,1300.758,46201.542,2,185,560.719,208.027,NA,8.586,0.029,180,90
3655,31,116,738.131,1304.798,46501.552,2,255,565.77,212.895,NA,5.051,0.017,53.13,-126.87
3656,31,117,738.131,1304.798,46801.562,2,232,565.77,212.895,NA,0,0,0,-53.13
3657,31,118,745.202,1309.848,47101.572,2,255,574.459,220.242,NA,8.689,0.029,35.538,35.538
3658,31,119,746.212,1314.899,47401.582,2,255,579.61,225.292,NA,5.151,0.017,78.69,43.152
3659,31,120,746.212,1313.384,47701.592,2,184,581.125,223.893,NA,1.515,0.005,-90,-168.69
3660,31,121,742.677,1320.96,48001.602,2,255,589.485,229.602,NA,8.36,0.028,115.017,-154.983
3661,31,122,742.677,1320.96,48301.612,2,255,589.485,229.602,NA,0,0,0,-115.017
3662,31,123,742.677,1320.96,48601.622,2,225,589.485,229.602,NA,0,0,0,0
3663,31,124,742.677,1331.061,48901.632,2,255,599.586,239.051,NA,10.101,0.034,90,90
3664,31,125,742.677,1345.707,49201.642,2,255,614.232,252.841,NA,14.646,0.049,90,0
3665,31,126,730.556,1352.273,49501.652,2,86,628.018,255.436,NA,13.785,0.046,151.557,61.557
3666,31,127,731.061,1352.273,49801.662,2,122,628.523,255.576,NA,0.505,0.002,0,-151.557
3667,31,128,737.626,1355.303,50101.672,2,228,635.754,260.373,NA,7.231,0.024,24.775,24.775
3668,31,129,746.212,1357.828,50401.682,2,242,644.703,265.452,NA,8.95,0.03,16.39,-8.386
3669,31,130,756.313,1364.394,50701.692,2,240,656.751,275.047,NA,12.047,0.04,33.024,16.634
3670,31,131,758.333,1370.455,51001.702,2,196,663.139,281.431,NA,6.388,0.021,71.565,38.541
3671,31,132,758.333,1380.051,51301.712,2,241,672.735,290.44,NA,9.596,0.032,90,18.435
3672,31,133,758.333,1390.657,51601.722,2,255,683.341,300.439,NA,10.606,0.035,90,0
3673,31,134,758.333,1390.657,51901.732,2,255,683.341,300.439,NA,0,0,0,-90
3674,31,135,757.323,1395.202,52201.742,2,238,687.998,304.412,NA,4.656,0.016,102.529,102.529
3675,31,136,749.242,1401.263,52501.752,2,255,698.099,307.715,NA,10.101,0.034,143.13,40.601
3676,31,137,749.242,1403.283,52801.762,2,246,700.119,309.649,NA,2.02,0.007,90,-53.13
3677,31,138,729.545,1405.808,53101.772,2,128,719.977,307.006,NA,19.858,0.066,172.694,82.694
3678,31,139,727.525,1418.434,53401.782,2,90,732.764,318.881,NA,12.787,0.043,99.09,-73.604
3679,31,140,719.444,1430.051,53701.792,2,201,746.914,328.68,NA,14.15,0.047,124.824,25.734
3680,31,141,709.343,1441.667,54001.802,2,235,762.308,338.487,NA,15.394,0.051,131.009,6.185
3681,31,142,709.343,1441.667,54301.812,2,232,762.308,338.487,NA,0,0,0,-131.009
3682,31,143,709.343,1441.667,54601.822,2,215,762.308,338.487,NA,0,0,0,0
3683,31,144,709.343,1441.667,54901.832,2,241,762.308,338.487,NA,0,0,0,0
3684,31,145,699.242,1459.343,55201.842,2,218,782.667,354.72,NA,20.359,0.068,119.745,119.745
3685,31,146,699.242,1459.343,55501.852,2,255,782.667,354.72,NA,0,0,0,-119.745
3686,31,147,711.364,1448.737,55801.862,2,255,798.773,345.778,NA,16.106,0.054,-41.186,-41.186
3687,31,148,716.414,1448.232,56101.872,2,226,803.849,346.068,NA,5.076,0.017,-5.711,35.475
3688,31,149,716.414,1441.162,56401.882,2,108,810.92,339.095,NA,7.071,0.024,-90,-84.289
3689,31,150,704.798,1441.162,56701.892,2,201,822.536,337.351,NA,11.616,0.039,180,-90
3690,31,151,699.747,1441.162,57001.902,2,173,827.586,336.716,NA,5.051,0.017,180,0
3691,31,152,699.747,1431.566,57301.912,2,161,837.182,327.189,NA,9.596,0.032,-90,90
3692,31,153,699.747,1432.071,57601.922,2,157,837.687,327.691,NA,0.505,0.002,90,180
3693,31,154,696.212,1439.646,57901.932,2,157,846.048,334.809,NA,8.36,0.028,115.017,25.017
3694,31,155,691.667,1443.687,58201.942,2,189,852.129,338.368,NA,6.082,0.02,138.366,23.35
3695,31,156,692.677,1456.313,58501.952,2,198,864.796,351.033,NA,12.667,0.042,85.426,-52.94
3696,31,157,686.111,1456.818,58801.962,2,181,871.381,350.984,NA,6.585,0.022,175.601,90.175
3697,31,158,693.687,1456.818,59101.972,2,138,878.957,351.632,NA,7.576,0.025,0,-175.601
3698,31,159,693.687,1462.374,59401.982,2,149,884.512,357.162,NA,5.556,0.019,90,90
3699,31,160,699.242,1478.535,59701.992,2,115,901.602,373.799,NA,17.09,0.057,71.03,-18.97
3700,31,161,699.747,1479.04,60002.002,2,168,902.316,374.355,NA,0.714,0.002,45,-26.03
3701,31,162,705.808,1482.071,60302.012,2,119,909.092,378.057,NA,6.776,0.023,26.565,-18.435
3702,31,163,704.293,1484.596,60602.022,2,157,912.037,380.383,NA,2.945,0.01,120.964,94.399
3703,31,164,716.919,1499.242,60902.032,2,63,931.375,396.552,NA,19.338,0.064,49.236,-71.727
3704,31,165,725,1512.879,61202.042,2,136,947.226,411.254,NA,15.851,0.053,59.349,10.113
3705,31,166,739.141,1524.495,61502.052,2,186,965.526,425.137,NA,18.301,0.061,39.401,-19.949
3706,31,167,751.263,1529.04,61802.062,2,219,978.472,432.005,NA,12.945,0.043,20.556,-18.845
3707,31,168,749.242,1537.121,62102.072,2,187,986.801,439.491,NA,8.33,0.028,104.036,83.48
3708,31,169,741.667,1538.131,62402.082,2,205,994.444,439.005,NA,7.643,0.025,172.405,68.369
3709,31,170,738.131,1541.162,62702.092,2,181,999.1,441.342,NA,4.656,0.016,139.399,-33.007
3710,31,171,727.02,1547.727,63002.102,2,129,1012.006,445.996,NA,12.906,0.043,149.421,10.022
3711,32,1,710.859,1090.152,18000.601,2,167,0,0,NA,NA,NA,NA,NA
3712,32,2,713.889,1092.677,18300.611,2,131,3.945,3.945,NA,3.945,0.013,39.806,NA
3713,32,3,713.889,1094.192,18600.621,2,135,5.46,5.051,NA,1.515,0.005,90,50.194
3714,32,4,713.889,1095.707,18900.631,2,159,6.975,6.328,NA,1.515,0.005,90,0
3715,32,5,715.404,1101.768,19200.641,2,135,13.222,12.474,NA,6.247,0.021,75.964,-14.036
3716,32,6,715.909,1101.768,19500.651,2,131,13.727,12.667,NA,0.505,0.002,0,-75.964
3717,32,7,716.414,1101.768,19800.661,2,136,14.232,12.876,NA,0.505,0.002,0,0
3718,32,8,719.949,1101.768,20100.671,2,97,17.767,14.751,NA,3.535,0.012,0,0
3719,32,9,719.949,1101.768,20400.681,2,252,17.767,14.751,NA,0,0,0,0
3720,32,10,719.949,1105.808,20700.691,2,119,21.808,18.104,NA,4.04,0.013,90,90
3721,32,11,719.949,1107.323,21000.701,2,108,23.323,19.43,NA,1.515,0.005,90,0
3722,32,12,719.949,1107.323,21300.711,2,224,23.323,19.43,NA,0,0,0,-90
3723,32,13,717.929,1107.828,21600.721,2,145,25.405,19.038,NA,2.082,0.007,165.964,165.964
3724,32,14,717.929,1108.333,21900.731,2,126,25.91,19.508,NA,0.505,0.002,90,-75.964
3725,32,15,717.929,1112.374,22200.741,2,172,29.951,23.32,NA,4.04,0.013,90,0
3726,32,16,717.929,1112.879,22500.751,2,194,30.456,23.802,NA,0.505,0.002,90,0
3727,32,17,720.455,1112.879,22800.761,2,117,32.981,24.67,NA,2.525,0.008,0,-90
3728,32,18,720.455,1112.879,23100.771,2,119,32.981,24.67,NA,0,0,0,0
3729,32,19,723.99,1114.899,23400.781,2,188,37.053,28.016,NA,4.072,0.014,29.745,29.745
3730,32,20,723.99,1112.374,23700.791,2,123,39.578,25.812,NA,2.525,0.008,-90,-119.745
3731,32,21,723.99,1110.859,24000.801,2,176,41.093,24.52,NA,1.515,0.005,-90,0
3732,32,22,724.495,1110.859,24300.811,2,133,41.598,24.794,NA,0.505,0.002,0,90
3733,32,23,724.495,1110.859,24600.821,2,114,41.598,24.794,NA,0,0,0,0
3734,32,24,724.495,1110.859,24900.831,2,158,41.598,24.794,NA,0,0,0,0
3735,32,25,727.525,1110.859,25200.841,2,115,44.629,26.581,NA,3.03,0.01,0,0
3736,32,26,727.525,1118.434,25500.851,2,127,52.205,32.828,NA,7.576,0.025,90,90
3737,32,27,727.525,1118.434,25800.861,2,111,52.205,32.828,NA,0,0,0,-90
3738,32,28,727.525,1118.434,26100.871,2,116,52.205,32.828,NA,0,0,0,0
3739,32,29,727.525,1118.434,26400.881,2,164,52.205,32.828,NA,0,0,0,0
3740,32,30,721.97,1118.434,26700.891,2,140,57.76,30.387,NA,5.556,0.019,180,180
3741,32,31,721.97,1118.434,27000.901,2,125,57.76,30.387,NA,0,0,0,-180
3742,32,32,721.97,1119.949,27300.911,2,162,59.275,31.802,NA,1.515,0.005,90,90
3743,32,33,721.97,1119.949,27600.921,2,197,59.275,31.802,NA,0,0,0,-90
3744,32,34,721.97,1116.414,27900.931,2,157,62.811,28.516,NA,3.535,0.012,-90,-90
3745,32,35,721.97,1109.848,28200.941,2,125,69.376,22.615,NA,6.566,0.022,-90,0
3746,32,36,721.97,1109.343,28500.951,2,126,69.881,22.176,NA,0.505,0.002,-90,0
3747,32,37,721.97,1106.313,28800.961,2,106,72.912,19.613,NA,3.03,0.01,-90,0
3748,32,38,718.434,1103.283,29100.971,2,127,77.568,15.16,NA,4.656,0.016,-139.399,-49.399
3749,32,39,718.434,1103.788,29400.981,2,195,78.073,15.599,NA,0.505,0.002,90,-130.601
3750,32,40,715.404,1104.798,29700.991,2,133,81.267,15.336,NA,3.194,0.011,161.565,71.565
3751,32,41,712.374,1105.808,30001.001,2,73,84.461,15.73,NA,3.194,0.011,161.565,0
3752,32,42,712.374,1105.808,30301.011,2,46,84.461,15.73,NA,0,0,0,-161.565
3753,32,43,712.374,1105.808,30601.021,2,111,84.461,15.73,NA,0,0,0,0
3754,32,44,717.424,1110.354,30901.031,2,132,91.256,21.242,NA,6.795,0.023,41.987,41.987
3755,32,45,717.424,1116.414,31201.041,2,168,97.317,27.071,NA,6.061,0.02,90,48.013
3756,32,46,720.455,1118.434,31501.051,2,151,100.959,29.866,NA,3.642,0.012,33.69,-56.31
3757,32,47,723.99,1118.434,31801.061,2,101,104.494,31.183,NA,3.535,0.012,0,-33.69
3758,32,48,723.99,1118.434,32101.071,2,137,104.494,31.183,NA,0,0,0,0
3759,32,49,723.99,1114.899,32401.081,2,70,108.029,28.016,NA,3.535,0.012,-90,-90
3760,32,50,723.99,1109.343,32701.091,2,100,113.585,23.254,NA,5.556,0.019,-90,0
3761,32,51,723.99,1109.343,33001.101,2,102,113.585,23.254,NA,0,0,0,90
3762,32,52,723.99,1113.384,33301.111,2,112,117.625,26.687,NA,4.04,0.013,90,90
3763,32,53,723.99,1118.434,33601.121,2,119,122.676,31.183,NA,5.051,0.017,90,0
3764,32,54,723.99,1122.475,33901.131,2,136,126.716,34.889,NA,4.04,0.013,90,0
3765,32,55,723.485,1122.475,34201.141,2,115,127.221,34.702,NA,0.505,0.002,180,90
3766,32,56,722.475,1125,34501.151,2,249,129.941,36.734,NA,2.72,0.009,111.801,-68.199
3767,32,57,722.475,1132.576,34801.161,2,144,137.517,43.986,NA,7.576,0.025,90,-21.801
3768,32,58,722.475,1132.576,35101.171,2,160,137.517,43.986,NA,0,0,0,-90
3769,32,59,722.475,1132.576,35401.181,2,195,137.517,43.986,NA,0,0,0,0
3770,32,60,718.434,1137.121,35701.191,2,160,143.599,47.577,NA,6.082,0.02,131.634,131.634
3771,32,61,718.434,1147.222,36001.201,2,241,153.7,57.571,NA,10.101,0.034,90,-41.634
3772,32,62,730.051,1147.727,36301.211,2,182,165.327,60.69,NA,11.627,0.039,2.49,-87.51
3773,32,63,730.051,1157.828,36601.221,2,131,175.428,70.345,NA,10.101,0.034,90,87.51
3774,32,64,736.616,1164.899,36901.231,2,155,185.077,79.061,NA,9.649,0.032,47.121,-42.879
3775,32,65,736.616,1164.899,37201.241,2,152,185.077,79.061,NA,0,0,0,-47.121
3776,32,66,737.626,1177.525,37501.251,2,2,197.743,91.382,NA,12.667,0.042,85.426,85.426
3777,32,67,764.899,1208.838,37801.261,2,103,239.268,130.411,NA,41.525,0.138,48.945,-36.481
3778,32,68,757.828,1213.889,38101.271,2,135,247.957,132.352,NA,8.689,0.029,144.462,95.517
3779,32,69,748.232,1213.889,38401.281,2,193,257.553,129.258,NA,9.596,0.032,180,35.538
3780,32,70,743.182,1204.798,38701.291,2,124,267.953,119.116,NA,10.4,0.035,-119.055,60.945
3781,32,71,735.101,1204.798,39001.301,2,133,276.034,117.182,NA,8.081,0.027,180,-60.945
3782,32,72,709.343,1204.798,39301.311,2,113,301.791,114.656,NA,25.758,0.086,180,0
3783,32,73,702.778,1195.202,39601.321,2,126,313.418,105.361,NA,11.627,0.039,-124.38,55.62
3784,32,74,702.778,1192.677,39901.331,2,126,315.944,102.843,NA,2.525,0.008,-90,34.38
3785,32,75,711.869,1198.232,40201.341,2,255,326.598,108.086,NA,10.654,0.036,31.43,121.43
3786,32,76,711.869,1209.343,40501.351,2,207,337.709,119.196,NA,11.111,0.037,90,58.57
3787,32,77,712.374,1214.394,40801.361,2,196,342.785,124.252,NA,5.076,0.017,84.289,-5.711
3788,32,78,738.131,1225.505,41101.371,2,112,370.836,138.074,NA,28.052,0.094,23.334,-60.955
3789,32,79,740.152,1230.556,41401.381,2,137,376.276,143.427,NA,5.44,0.018,68.199,44.865
3790,32,80,740.152,1236.616,41701.391,2,139,382.337,149.365,NA,6.061,0.02,90,21.801
3791,32,81,730.556,1236.616,42001.401,2,202,391.933,147.783,NA,9.596,0.032,180,90
3792,32,82,727.525,1236.616,42301.411,2,187,394.963,147.41,NA,3.03,0.01,180,0
3793,32,83,726.515,1254.798,42601.421,2,172,413.173,165.389,NA,18.21,0.061,93.18,-86.82
3794,32,84,723.485,1259.848,42901.431,2,229,419.063,170.166,NA,5.89,0.02,120.964,27.784
3795,32,85,721.465,1261.869,43201.441,2,157,421.92,172.044,NA,2.857,0.01,135,14.036
3796,32,86,721.465,1261.869,43501.451,2,100,421.92,172.044,NA,0,0,0,-135
3797,32,87,710.859,1270.455,43801.461,2,198,435.565,180.303,NA,13.646,0.045,141.009,141.009
3798,32,88,710.859,1276.01,44101.471,2,148,441.121,185.859,NA,5.556,0.019,90,-51.009
3799,32,89,711.869,1270.96,44401.481,2,141,446.271,180.811,NA,5.151,0.017,-78.69,-168.69
3800,32,90,715.404,1270.96,44701.491,2,130,449.807,180.865,NA,3.535,0.012,0,78.69
3801,32,91,710.354,1276.01,45001.501,2,182,456.949,185.859,NA,7.142,0.024,135,135
3802,32,92,710.354,1276.01,45301.511,2,225,456.949,185.859,NA,0,0,0,-135
3803,32,93,710.354,1276.01,45601.521,2,177,456.949,185.859,NA,0,0,0,0
3804,32,94,710.354,1276.01,45901.531,2,169,456.949,185.859,NA,0,0,0,0
3805,32,95,700.758,1278.535,46201.542,2,222,466.872,188.654,NA,9.923,0.033,165.256,165.256
3806,32,96,696.212,1279.04,46501.552,2,156,471.445,189.456,NA,4.573,0.015,173.66,8.403
3807,32,97,696.212,1279.04,46801.562,2,116,471.445,189.456,NA,0,0,0,-173.66
3808,32,98,696.212,1295.707,47101.572,2,255,488.112,206.077,NA,16.667,0.056,90,90
3809,32,99,696.212,1295.707,47401.582,2,167,488.112,206.077,NA,0,0,0,-90
3810,32,100,693.182,1298.737,47701.592,2,176,492.397,209.334,NA,4.285,0.014,135,135
3811,32,101,687.626,1303.283,48001.602,2,105,499.576,214.394,NA,7.178,0.024,140.711,5.711
3812,32,102,687.626,1304.798,48301.612,2,111,501.091,215.9,NA,1.515,0.005,90,-50.711
3813,32,103,687.626,1327.02,48601.622,2,131,523.313,238.005,NA,22.222,0.074,90,0
3814,32,104,680.051,1337.121,48901.632,2,114,535.939,248.884,NA,12.626,0.042,126.87,36.87
3815,32,105,676.515,1341.162,49201.642,2,255,541.308,253.349,NA,5.369,0.018,131.186,4.316
3816,32,106,668.939,1352.273,49501.652,2,217,554.756,265.452,NA,13.448,0.045,124.287,-6.899
3817,32,107,664.394,1371.465,49801.662,2,205,574.479,285.125,NA,19.723,0.066,103.325,-20.962
3818,32,108,653.788,1382.576,50101.672,2,100,589.839,297.941,NA,15.361,0.051,133.668,30.343
3819,32,109,657.828,1394.192,50401.682,2,180,602.138,308.63,NA,12.299,0.041,70.821,-62.847
3820,32,110,656.818,1395.707,50701.692,2,108,603.959,310.298,NA,1.821,0.006,123.69,52.869
3821,32,111,649.747,1391.162,51001.702,2,204,612.365,307.151,NA,8.406,0.028,-147.265,89.045
3822,32,112,645.202,1391.162,51301.712,2,199,616.91,308.087,NA,4.545,0.015,180,-32.735
3823,32,113,645.202,1402.778,51601.722,2,128,628.526,319.446,NA,11.616,0.039,90,-90
3824,32,114,639.141,1402.778,51901.732,2,255,634.587,320.747,NA,6.061,0.02,180,90
3825,32,115,648.737,1395.707,52201.742,2,141,646.507,311.806,NA,11.92,0.04,-36.384,143.616
3826,32,116,648.737,1395.707,52501.752,2,255,646.507,311.806,NA,0,0,0,36.384
3827,32,117,648.737,1395.707,52801.762,2,26,646.507,311.806,NA,0,0,0,0
3828,32,118,648.232,1421.465,53101.772,2,44,672.269,337.18,NA,25.763,0.086,91.123,91.123
3829,32,119,645.707,1421.465,53401.782,2,228,674.794,337.658,NA,2.525,0.008,180,88.877
3830,32,120,646.212,1429.04,53701.792,2,117,682.387,345,NA,7.593,0.025,86.186,-93.814
3831,32,121,647.727,1438.131,54001.802,2,181,691.603,353.66,NA,9.216,0.031,80.538,-5.648
3832,32,122,647.727,1438.131,54301.812,2,153,691.603,353.66,NA,0,0,0,-80.538
3833,32,123,641.667,1438.131,54601.822,2,255,697.664,354.792,NA,6.061,0.02,180,180
3834,32,124,641.667,1438.131,54901.832,2,156,697.664,354.792,NA,0,0,0,-180
3835,32,125,641.667,1438.131,55201.842,2,200,697.664,354.792,NA,0,0,0,0
3836,32,126,641.667,1442.677,55501.852,2,131,702.209,359.251,NA,4.545,0.015,90,90
3837,32,127,641.667,1445.707,55801.862,2,138,705.24,362.225,NA,3.03,0.01,90,0
3838,32,128,641.667,1445.707,56101.872,2,215,705.24,362.225,NA,0,0,0,-90
3839,32,129,641.667,1445.707,56401.882,2,146,705.24,362.225,NA,0,0,0,0
3840,32,130,641.667,1445.707,56701.892,2,116,705.24,362.225,NA,0,0,0,0
3841,32,131,641.667,1445.707,57001.902,2,87,705.24,362.225,NA,0,0,0,0
3842,32,132,636.616,1445.707,57301.912,2,140,710.29,363.224,NA,5.051,0.017,180,180
3843,32,133,630.051,1445.707,57601.922,2,177,716.856,364.623,NA,6.566,0.022,180,0
3844,32,134,630.051,1449.747,57901.932,2,64,720.896,368.564,NA,4.04,0.013,90,-90
3845,32,135,630.051,1449.747,58201.942,2,80,720.896,368.564,NA,0,0,0,-90
3846,32,136,627.525,1456.818,58501.952,2,135,728.404,376.017,NA,7.508,0.025,109.654,109.654
3847,32,137,627.02,1461.364,58801.962,2,207,732.978,380.562,NA,4.573,0.015,96.34,-13.314
3848,32,138,625,1462.879,59101.972,2,147,735.503,382.488,NA,2.525,0.008,143.13,46.79
3849,32,139,621.97,1471.97,59401.982,2,208,745.086,392.029,NA,9.583,0.032,108.435,-34.695
3850,32,140,621.97,1471.97,59701.992,2,85,745.086,392.029,NA,0,0,0,-108.435
3851,32,141,617.424,1483.081,60002.002,2,192,757.091,403.885,NA,12.005,0.04,112.249,112.249
3852,32,142,634.596,1483.081,60302.012,2,229,774.262,400.262,NA,17.172,0.057,0,-112.249
3853,32,143,634.596,1482.576,60602.022,2,198,774.767,399.766,NA,0.505,0.002,-90,-90
3854,32,144,634.596,1472.98,60902.032,2,143,784.363,390.35,NA,9.596,0.032,-90,0
3855,32,145,635.606,1472.98,61202.042,2,146,785.373,390.154,NA,1.01,0.003,0,90
3856,32,146,640.657,1472.98,61502.052,2,140,790.424,389.212,NA,5.051,0.017,0,0
3857,32,147,640.657,1472.98,61802.062,2,128,790.424,389.212,NA,0,0,0,0
3858,32,148,654.798,1475,62102.072,2,176,804.709,388.91,NA,14.285,0.048,8.13,8.13
3859,32,149,662.374,1475,62402.082,2,93,812.285,387.891,NA,7.576,0.025,0,-8.13
3860,32,150,662.374,1475,62702.092,2,193,812.285,387.891,NA,0,0,0,0
3861,32,151,662.374,1475,63002.102,2,29,812.285,387.891,NA,0,0,0,0
3862,32,152,662.374,1473.99,63302.112,2,112,813.295,386.888,NA,1.01,0.003,-90,-90
3863,32,153,662.374,1473.99,63602.122,2,184,813.295,386.888,NA,0,0,0,90
3864,32,154,662.374,1477.525,63902.132,2,178,816.83,390.396,NA,3.535,0.012,90,90
3865,32,155,662.374,1493.182,64202.142,2,147,832.487,405.936,NA,15.657,0.052,90,0
3866,32,156,662.374,1493.182,64502.152,2,56,832.487,405.936,NA,0,0,0,-90
3867,32,157,663.384,1499.242,64802.162,2,165,838.631,411.836,NA,6.144,0.02,80.538,80.538
3868,32,158,665.909,1501.263,65102.172,2,241,841.865,413.561,NA,3.234,0.011,38.66,-41.878
3869,32,159,665.909,1501.263,65402.182,2,193,841.865,413.561,NA,0,0,0,-38.66
3870,32,160,656.313,1501.263,65702.192,2,151,851.461,414.714,NA,9.596,0.032,180,180
3871,32,161,645.202,1501.263,66002.202,2,159,862.572,416.321,NA,11.111,0.037,180,0
3872,32,162,645.202,1502.273,66302.212,2,98,863.582,417.318,NA,1.01,0.003,90,-90
3873,32,163,633.081,1508.333,66602.222,2,188,877.134,425.353,NA,13.552,0.045,153.435,63.435
3874,32,164,633.081,1513.384,66902.232,2,207,882.184,430.32,NA,5.051,0.017,90,-63.435
3875,32,165,638.636,1519.949,67202.242,2,120,890.785,435.824,NA,8.601,0.029,49.764,-40.236
3876,32,166,638.636,1519.949,67502.252,2,150,890.785,435.824,NA,0,0,0,-49.764
3877,32,167,638.636,1527.02,67802.262,2,101,897.856,442.798,NA,7.071,0.024,90,90
3878,32,168,638.636,1537.626,68102.272,2,151,908.462,453.266,NA,10.606,0.035,90,0
3879,32,169,638.636,1537.626,68402.282,2,124,908.462,453.266,NA,0,0,0,-90
3880,32,170,638.636,1542.172,68702.292,2,93,913.007,457.754,NA,4.545,0.015,90,90
3881,32,171,633.081,1542.172,69002.302,2,111,918.563,458.663,NA,5.556,0.019,180,90
3882,32,172,633.081,1542.172,69302.312,2,81,918.563,458.663,NA,0,0,0,-180
3883,32,173,618.939,1542.172,69602.322,2,178,932.704,461.272,NA,14.141,0.047,180,180
3884,32,174,615.909,1544.697,69902.332,2,103,936.649,464.357,NA,3.945,0.013,140.194,-39.806
3885,32,175,613.384,1545.202,70202.342,2,98,939.224,465.373,NA,2.575,0.009,168.69,28.496
3886,32,176,613.384,1546.717,70502.352,2,65,940.739,466.855,NA,1.515,0.005,90,-78.69
3887,33,1,687.626,1107.323,30301.011,2,112,0,0,NA,NA,NA,NA,NA
3888,33,2,687.626,1107.323,30601.021,2,104,0,0,NA,0,0,0,NA
3889,33,3,687.626,1110.354,30901.031,2,106,3.03,3.03,NA,3.03,0.01,90,90
3890,33,4,687.121,1114.394,31201.041,2,242,7.102,7.089,NA,4.072,0.014,97.125,7.125
3891,33,5,683.081,1118.939,31501.051,2,144,13.184,12.474,NA,6.082,0.02,131.634,34.509
3892,33,6,679.545,1123.485,31801.061,2,196,18.942,18.069,NA,5.758,0.019,127.875,-3.759
3893,33,7,678.535,1123.485,32101.071,2,227,19.952,18.543,NA,1.01,0.003,180,52.125
3894,33,8,678.535,1123.485,32401.081,2,223,19.952,18.543,NA,0,0,0,-180
3895,33,9,678.535,1126.515,32701.091,2,247,22.983,21.236,NA,3.03,0.01,90,90
3896,33,10,678.535,1128.03,33001.101,2,220,24.498,22.615,NA,1.515,0.005,90,0
3897,33,11,678.535,1128.03,33301.111,2,158,24.498,22.615,NA,0,0,0,-90
3898,33,12,673.485,1137.121,33601.121,2,155,34.897,32.983,NA,10.4,0.035,119.055,119.055
3899,33,13,674.495,1145.707,33901.131,2,237,43.542,40.568,NA,8.645,0.029,83.29,-35.764
3900,33,14,679.04,1145.707,34201.141,2,180,48.088,39.332,NA,4.545,0.015,0,-83.29
3901,33,15,679.04,1145.707,34501.151,2,255,48.088,39.332,NA,0,0,0,0
3902,33,16,673.99,1140.152,34801.161,2,255,55.596,35.548,NA,7.508,0.025,-132.274,-132.274
3903,33,17,668.434,1140.152,35101.171,2,230,61.152,38.027,NA,5.556,0.019,180,-47.726
3904,33,18,668.434,1146.212,35401.181,2,73,67.212,43.367,NA,6.061,0.02,90,-90
3905,33,19,670.96,1159.848,35701.191,2,115,81.08,55.106,NA,13.868,0.046,79.509,-10.491
3906,33,20,670.96,1159.848,36001.201,2,205,81.08,55.106,NA,0,0,0,-79.509
3907,33,21,680.556,1159.848,36301.211,2,195,90.676,52.999,NA,9.596,0.032,0,0
3908,33,22,680.556,1155.303,36601.221,2,136,95.222,48.498,NA,4.545,0.015,-90,-90
3909,33,23,681.061,1160.859,36901.231,2,104,100.8,53.936,NA,5.578,0.019,84.806,174.806
3910,33,24,681.061,1163.384,37201.241,2,167,103.326,56.444,NA,2.525,0.008,90,5.194
3911,33,25,681.061,1173.99,37501.251,2,246,113.932,66.989,NA,10.606,0.035,90,0
3912,33,26,681.061,1193.687,37801.261,2,138,133.629,86.613,NA,19.697,0.066,90,0
3913,33,27,673.485,1216.919,38101.271,2,147,158.065,110.505,NA,24.436,0.081,108.06,18.06
3914,33,28,673.485,1227.02,38401.281,2,138,168.166,120.529,NA,10.101,0.034,90,-18.06
3915,33,29,673.485,1237.121,38701.291,2,113,178.267,130.566,NA,10.101,0.034,90,0
3916,33,30,680.556,1256.818,39001.301,2,219,199.195,149.662,NA,20.928,0.07,70.253,-19.747
3917,33,31,680.556,1268.434,39301.311,2,96,210.811,161.266,NA,11.616,0.039,90,19.747
3918,33,32,684.596,1276.515,39601.321,2,226,219.845,169.219,NA,9.035,0.03,63.435,-26.565
3919,33,33,684.596,1276.515,39901.331,2,156,219.845,169.219,NA,0,0,0,-63.435
3920,33,34,690.152,1275,40201.341,2,255,225.604,167.696,NA,5.758,0.019,-15.255,-15.255
3921,33,35,690.152,1313.384,40501.351,2,255,263.988,206.076,NA,38.384,0.128,90,105.255
3922,33,36,683.586,1321.465,40801.361,2,163,274.399,214.18,NA,10.412,0.035,129.094,39.094
3923,33,37,683.586,1321.465,41101.371,2,189,274.399,214.18,NA,0,0,0,-129.094
3924,33,38,683.586,1321.465,41401.381,2,209,274.399,214.18,NA,0,0,0,0
3925,33,39,683.586,1340.152,41701.391,2,143,293.086,232.863,NA,18.687,0.062,90,90
3926,33,40,675.505,1346.212,42001.401,2,205,303.187,239.196,NA,10.101,0.034,143.13,53.13
3927,33,41,675.505,1346.212,42301.411,2,216,303.187,239.196,NA,0,0,0,-143.13
3928,33,42,675.505,1332.576,42601.421,2,239,316.824,225.578,NA,13.636,0.045,-90,-90
3929,33,43,675.505,1332.576,42901.431,2,43,316.824,225.578,NA,0,0,0,90
3930,33,44,675.505,1353.283,43201.441,2,158,337.531,246.258,NA,20.707,0.069,90,90
3931,33,45,675.505,1359.848,43501.451,2,227,344.096,252.816,NA,6.566,0.022,90,0
3932,33,46,681.566,1361.364,43801.461,2,184,350.344,254.113,NA,6.247,0.021,14.036,-75.964
3933,33,47,691.667,1370.96,44101.471,2,206,364.276,263.667,NA,13.932,0.046,43.531,29.495
3934,33,48,699.747,1383.586,44401.481,2,234,379.267,276.528,NA,14.991,0.05,57.381,13.85
3935,33,49,707.828,1391.667,44701.491,2,215,390.695,285.06,NA,11.428,0.038,45,-12.381
3936,33,50,704.798,1410.859,45001.501,2,90,410.124,304.021,NA,19.43,0.065,98.973,53.973
3937,33,51,702.273,1423.99,45301.511,2,146,423.496,317.005,NA,13.372,0.045,100.886,1.913
3938,33,52,699.747,1432.576,45601.521,2,255,432.446,325.478,NA,8.95,0.03,106.39,5.504
3939,33,53,699.747,1432.576,45901.531,2,255,432.446,325.478,NA,0,0,0,-106.39
3940,33,54,694.192,1478.03,46201.542,2,104,478.239,370.765,NA,45.793,0.153,96.968,96.968
3941,33,55,683.081,1486.616,46501.552,2,195,492.281,379.32,NA,14.042,0.047,142.306,45.338
3942,33,56,678.535,1487.121,46801.562,2,90,496.854,379.907,NA,4.573,0.015,173.66,31.354
3943,33,57,690.657,1508.333,47101.572,2,137,521.285,401.022,NA,24.431,0.081,60.255,-113.405
3944,33,58,699.242,1517.424,47401.582,2,255,533.789,410.265,NA,12.504,0.042,46.637,-13.619
3945,33,59,702.273,1521.97,47701.592,2,192,539.252,414.905,NA,5.463,0.018,56.31,9.673
3946,33,60,702.273,1521.97,48001.602,2,255,539.252,414.905,NA,0,0,0,-56.31
3947,33,61,702.273,1521.97,48301.612,2,225,539.252,414.905,NA,0,0,0,0
3948,33,62,702.273,1521.97,48601.622,2,248,539.252,414.905,NA,0,0,0,0
3949,33,63,702.273,1529.545,48901.632,2,113,546.828,422.476,NA,7.576,0.025,90,90
3950,33,64,703.283,1536.111,49201.642,2,110,553.471,429.074,NA,6.643,0.022,81.254,-8.746
3951,33,65,705.808,1550,49501.652,2,182,567.588,443.05,NA,14.117,0.047,79.695,-1.559
3952,33,66,692.172,1549.242,49801.662,2,165,581.245,441.943,NA,13.657,0.046,-176.82,103.485
3953,34,1,540.152,473.485,17700.591,2,255,0,0,NA,NA,NA,NA,NA
3954,34,2,538.131,470.96,18000.601,2,255,3.234,3.234,NA,3.234,0.011,-128.66,NA
3955,34,3,533.081,462.879,18300.611,2,255,12.763,12.747,NA,9.529,0.032,-122.005,6.654
3956,34,4,533.081,462.374,18600.621,2,255,13.268,13.17,NA,0.505,0.002,-90,32.005
3957,34,5,533.081,462.374,18900.631,2,255,13.268,13.17,NA,0,0,0,90
3958,34,6,533.081,462.374,19200.641,2,255,13.268,13.17,NA,0,0,0,0
3959,34,7,533.081,462.374,19500.651,2,255,13.268,13.17,NA,0,0,0,0
3960,34,8,533.081,458.838,19800.661,2,255,16.804,16.264,NA,3.535,0.012,-90,-90
3961,34,9,533.081,458.838,20100.671,2,255,16.804,16.264,NA,0,0,0,90
3962,34,10,533.081,458.838,20400.681,2,255,16.804,16.264,NA,0,0,0,0
3963,34,11,533.081,458.838,20700.691,2,255,16.804,16.264,NA,0,0,0,0
3964,34,12,530.556,455.808,21000.701,2,255,20.748,20.113,NA,3.945,0.013,-129.806,-129.806
3965,34,13,530.556,455.808,21300.711,2,255,20.748,20.113,NA,0,0,0,129.806
3966,34,14,522.98,455.808,21600.721,2,255,28.324,24.644,NA,7.576,0.025,180,180
3967,34,15,522.98,455.808,21900.731,2,255,28.324,24.644,NA,0,0,0,-180
3968,34,16,522.98,445.707,22200.741,2,255,38.425,32.657,NA,10.101,0.034,-90,-90
3969,34,17,522.98,445.707,22500.751,2,255,38.425,32.657,NA,0,0,0,90
3970,34,18,522.98,445.707,22800.761,2,255,38.425,32.657,NA,0,0,0,0
3971,34,19,522.98,438.131,23100.771,2,255,46.001,39.303,NA,7.576,0.025,-90,-90
3972,34,20,517.424,437.121,23400.781,2,255,51.647,42.882,NA,5.647,0.019,-169.695,-79.695
3973,34,21,517.424,437.121,23700.791,2,255,51.647,42.882,NA,0,0,0,169.695
3974,34,22,503.283,437.121,24000.801,2,255,65.789,51.784,NA,14.141,0.047,180,180
3975,34,23,498.232,442.677,24300.811,2,255,73.297,52.023,NA,7.508,0.025,132.274,-47.726
3976,34,24,479.545,442.677,24600.821,2,255,91.984,67.987,NA,18.687,0.062,180,47.726
3977,34,25,477.02,446.212,24900.831,2,255,96.328,68.77,NA,4.345,0.014,125.538,-54.462
3978,34,26,471.97,447.727,25200.841,2,255,101.601,72.885,NA,5.273,0.018,163.301,37.763
3979,34,27,471.97,447.727,25500.851,2,255,101.601,72.885,NA,0,0,0,-163.301
3980,34,28,465.404,447.727,25800.861,2,255,108.167,79.061,NA,6.566,0.022,180,180
3981,34,29,464.394,447.727,26100.871,2,255,109.177,80.017,NA,1.01,0.003,180,0
3982,34,30,459.848,447.727,26400.881,2,255,113.722,84.333,NA,4.545,0.015,180,0
3983,34,31,452.273,445.202,26700.891,2,255,121.708,92.318,NA,7.986,0.027,-161.565,18.435
3984,34,32,452.273,445.202,27000.901,2,255,121.708,92.318,NA,0,0,0,161.565
3985,34,33,450.758,438.636,27300.911,2,255,128.446,95.946,NA,6.738,0.022,-102.995,-102.995
3986,34,34,450.758,438.636,27600.921,2,255,128.446,95.946,NA,0,0,0,102.995
3987,34,35,442.677,430.556,27900.931,2,255,139.874,106.509,NA,11.428,0.038,-135,-135
3988,34,36,435.606,430.556,28200.941,2,255,146.945,113.016,NA,7.071,0.024,180,-45
3989,34,37,435.606,430.556,28500.951,2,255,146.945,113.016,NA,0,0,0,-180
3990,34,38,425,430.556,28800.961,2,255,157.551,122.893,NA,10.606,0.035,180,180
3991,34,39,415.404,430.556,29100.971,2,255,167.147,131.927,NA,9.596,0.032,180,0
3992,34,40,414.394,425.505,29400.981,2,255,172.297,134.6,NA,5.151,0.017,-101.31,78.69
3993,34,41,414.394,425.505,29700.991,2,255,172.297,134.6,NA,0,0,0,101.31
3994,34,42,408.333,422.475,30001.001,2,255,179.073,141.344,NA,6.776,0.023,-153.435,-153.435
3995,34,43,408.333,419.444,30301.011,2,255,182.104,142.465,NA,3.03,0.01,-90,63.435
3996,34,44,399.747,410.859,30601.021,2,255,194.246,153.738,NA,12.142,0.04,-135,-45
3997,34,45,399.747,410.859,30901.031,2,255,194.246,153.738,NA,0,0,0,135
3998,34,46,393.687,407.828,31201.041,2,255,201.022,160.508,NA,6.776,0.023,-153.435,-153.435
3999,34,47,384.596,398.232,31501.051,2,255,214.24,172.802,NA,13.218,0.044,-133.452,19.983
4000,34,48,384.596,388.131,31801.061,2,255,224.341,177.434,NA,10.101,0.034,-90,43.452
4001,34,49,384.596,388.131,32101.071,2,255,224.341,177.434,NA,0,0,0,90
4002,34,50,392.172,385.101,32401.081,2,255,232.501,172.365,NA,8.159,0.027,-21.801,-21.801
4003,34,51,402.778,373.99,32701.091,2,255,247.861,169.62,NA,15.361,0.051,-46.332,-24.531
4004,34,52,402.778,373.99,33001.101,2,255,247.861,169.62,NA,0,0,0,46.332
4005,34,53,393.687,372.98,33301.111,2,255,257.008,177.632,NA,9.147,0.03,-173.66,-173.66
4006,34,54,377.525,372.98,33601.121,2,255,273.17,191.177,NA,16.162,0.054,180,-6.34
4007,34,55,369.949,382.071,33901.131,2,255,285.003,193.197,NA,11.834,0.039,129.806,-50.194
4008,34,56,367.424,385.101,34201.141,2,255,288.948,194.027,NA,3.945,0.013,129.806,0
4009,34,57,367.424,385.101,34501.151,2,255,288.948,194.027,NA,0,0,0,-129.806
4010,34,58,357.323,387.121,34801.161,2,255,299.249,202.2,NA,10.301,0.034,168.69,168.69
4011,34,59,352.273,386.111,35101.171,2,255,304.4,207.202,NA,5.151,0.017,-168.69,22.62
4012,34,60,342.677,386.111,35401.181,2,255,313.995,215.941,NA,9.596,0.032,180,-11.31
4013,34,61,342.677,386.111,35701.191,2,255,313.995,215.941,NA,0,0,0,-180
4014,34,62,341.162,389.646,36001.201,2,255,317.842,215.93,NA,3.846,0.013,113.199,113.199
4015,34,63,341.162,361.364,36301.211,2,255,346.125,228.403,NA,28.283,0.094,-90,156.801
4016,34,64,333.081,353.283,36601.221,2,255,357.553,239.43,NA,11.428,0.038,-135,-45
4017,34,65,333.081,353.283,36901.231,2,255,357.553,239.43,NA,0,0,0,135
4018,34,66,326.515,351.768,37201.241,2,255,364.291,245.877,NA,6.738,0.022,-167.005,-167.005
4019,34,67,326.515,351.768,37501.251,2,255,364.291,245.877,NA,0,0,0,167.005
4020,34,68,325.505,356.313,37801.261,2,255,368.947,244.545,NA,4.656,0.016,102.529,102.529
4021,34,69,317.424,356.313,38101.271,2,255,377.028,251.668,NA,8.081,0.027,180,77.471
4022,34,70,317.424,356.313,38401.281,2,255,377.028,251.668,NA,0,0,0,-180
4023,34,71,306.818,356.313,38701.291,2,255,387.634,261.101,NA,10.606,0.035,180,180
4024,34,72,306.313,356.313,39001.301,2,255,388.139,261.552,NA,0.505,0.002,180,0
4025,34,73,306.313,368.434,39301.311,2,255,400.26,256.351,NA,12.121,0.04,90,-90
4026,34,74,306.313,368.434,39601.321,2,255,400.26,256.351,NA,0,0,0,-90
4027,34,75,314.394,357.323,39901.331,2,255,413.999,253.89,NA,13.739,0.046,-53.973,-53.973
4028,34,76,314.394,329.545,40201.341,2,255,441.777,267.741,NA,27.778,0.093,-90,-36.027
4029,34,77,297.727,323.485,40501.351,2,255,459.511,285.078,NA,17.734,0.059,-160.017,-70.017
4030,34,78,275.505,296.212,40801.361,2,255,494.691,318.533,NA,35.18,0.117,-129.174,30.843
4031,34,79,268.434,293.687,41101.371,2,255,502.199,325.818,NA,7.508,0.025,-160.346,-31.173
4032,34,80,268.434,293.687,41401.381,2,255,502.199,325.818,NA,0,0,0,160.346
4033,34,81,263.384,293.687,41701.391,2,255,507.25,330.042,NA,5.051,0.017,180,180
4034,34,82,263.384,300.758,42001.401,2,255,514.321,326.244,NA,7.071,0.024,90,-90
4035,34,83,250.253,293.687,42301.411,2,255,529.235,341.129,NA,14.914,0.05,-151.699,118.301
4036,34,84,249.242,291.162,42601.421,2,255,531.954,343.322,NA,2.72,0.009,-111.801,39.898
4037,34,85,249.242,291.162,42901.431,2,255,531.954,343.322,NA,0,0,0,111.801
4038,34,86,248.232,279.04,43201.441,2,255,544.118,350.75,NA,12.163,0.041,-94.764,-94.764
4039,34,87,247.222,276.01,43501.451,2,255,547.312,353.276,NA,3.194,0.011,-108.435,-13.671
4040,34,88,247.222,275.505,43801.461,2,255,547.817,353.558,NA,0.505,0.002,-90,18.435
4041,34,89,242.677,274.495,44101.471,2,255,552.473,357.894,NA,4.656,0.016,-167.471,-77.471
4042,35,1,564.394,458.838,19200.641,2,255,0,0,NA,NA,NA,NA,NA
4043,35,2,564.394,458.838,19500.651,2,255,0,0,NA,0,0,0,NA
4044,35,3,564.394,458.838,19800.661,2,255,0,0,NA,0,0,0,0
4045,35,4,558.838,458.838,20100.671,2,255,5.556,5.556,NA,5.556,0.019,180,180
4046,35,5,558.838,458.838,20400.681,2,255,5.556,5.556,NA,0,0,0,-180
4047,35,6,558.838,458.838,20700.691,2,255,5.556,5.556,NA,0,0,0,0
4048,35,7,558.838,458.838,21000.701,2,255,5.556,5.556,NA,0,0,0,0
4049,35,8,558.838,453.788,21300.711,2,255,10.606,7.508,NA,5.051,0.017,-90,-90
4050,35,9,558.838,448.737,21600.721,2,255,15.657,11.528,NA,5.051,0.017,-90,0
4051,35,10,558.333,444.697,21900.731,2,255,19.728,15.385,NA,4.072,0.014,-97.125,-7.125
4052,35,11,558.333,444.697,22200.741,2,255,19.728,15.385,NA,0,0,0,97.125
4053,35,12,558.333,444.697,22500.751,2,255,19.728,15.385,NA,0,0,0,0
4054,35,13,558.333,444.697,22800.761,2,255,19.728,15.385,NA,0,0,0,0
4055,35,14,557.323,444.697,23100.771,2,255,20.739,15.811,NA,1.01,0.003,180,180
4056,35,15,557.323,444.697,23400.781,2,255,20.739,15.811,NA,0,0,0,-180
4057,35,16,557.323,444.697,23700.791,2,255,20.739,15.811,NA,0,0,0,0
4058,35,17,557.323,444.697,24000.801,2,255,20.739,15.811,NA,0,0,0,0
4059,35,18,550.253,443.687,24300.811,2,255,27.881,20.726,NA,7.142,0.024,-171.87,-171.87
4060,35,19,549.747,443.182,24600.821,2,255,28.595,21.439,NA,0.714,0.002,-135,36.87
4061,35,20,549.747,443.182,24900.831,2,255,28.595,21.439,NA,0,0,0,135
4062,35,21,548.232,443.182,25200.841,2,255,30.11,22.502,NA,1.515,0.005,180,180
4063,35,22,546.212,437.626,25500.851,2,255,36.022,27.938,NA,5.911,0.02,-109.983,70.017
4064,35,23,546.212,437.626,25800.861,2,255,36.022,27.938,NA,0,0,0,109.983
4065,35,24,545.202,441.162,26100.871,2,255,39.699,26.092,NA,3.677,0.012,105.945,105.945
4066,35,25,538.636,441.162,26400.881,2,255,46.264,31.24,NA,6.566,0.022,180,74.055
4067,35,26,533.081,441.162,26700.891,2,255,51.82,35.958,NA,5.556,0.019,180,0
4068,35,27,533.081,441.162,27000.901,2,255,51.82,35.958,NA,0,0,0,-180
4069,35,28,534.091,436.616,27300.911,2,255,56.476,37.578,NA,4.656,0.016,-77.471,-77.471
4070,35,29,534.596,436.616,27600.921,2,255,56.981,37.172,NA,0.505,0.002,0,77.471
4071,35,30,534.596,436.616,27900.931,2,255,56.981,37.172,NA,0,0,0,0
4072,35,31,534.596,436.616,28200.941,2,255,56.981,37.172,NA,0,0,0,0
4073,35,32,536.616,439.646,28500.951,2,255,60.623,33.763,NA,3.642,0.012,56.31,56.31
4074,35,33,536.616,437.121,28800.961,2,255,63.149,35.26,NA,2.525,0.008,-90,-146.31
4075,35,34,536.616,437.121,29100.971,2,255,63.149,35.26,NA,0,0,0,90
4076,35,35,536.616,437.121,29400.981,2,255,63.149,35.26,NA,0,0,0,0
4077,35,36,536.616,445.202,29700.991,2,255,71.229,30.944,NA,8.081,0.027,90,90
4078,35,37,536.616,448.737,30001.001,2,255,74.765,29.557,NA,3.535,0.012,90,0
4079,35,38,542.172,452.778,30301.011,2,255,81.634,23.034,NA,6.869,0.023,36.027,-53.973
4080,35,39,542.172,445.707,30601.021,2,255,88.705,25.812,NA,7.071,0.024,-90,-126.027
4081,35,40,542.172,445.707,30901.031,2,255,88.705,25.812,NA,0,0,0,90
4082,35,41,542.172,445.707,31201.041,2,255,88.705,25.812,NA,0,0,0,0
4083,35,42,542.172,439.646,31501.051,2,255,94.765,29.363,NA,6.061,0.02,-90,-90
4084,35,43,536.111,432.071,31801.061,2,255,104.467,38.941,NA,9.702,0.032,-128.66,-38.66
4085,35,44,533.586,429.545,32101.071,2,255,108.038,42.511,NA,3.571,0.012,-135,-6.34
4086,35,45,535.606,427.525,32401.081,2,255,110.895,42.535,NA,2.857,0.01,-45,90
4087,35,46,535.606,427.525,32701.091,2,255,110.895,42.535,NA,0,0,0,45
4088,35,47,541.162,433.081,33001.101,2,255,118.752,34.687,NA,7.857,0.026,45,45
4089,35,48,541.667,426.01,33301.111,2,255,125.841,39.928,NA,7.089,0.024,-85.914,-130.914
4090,35,49,541.667,426.01,33601.121,2,255,125.841,39.928,NA,0,0,0,85.914
4091,35,50,541.667,426.01,33901.131,2,255,125.841,39.928,NA,0,0,0,0
4092,35,51,528.535,429.545,34201.141,2,255,139.44,46.302,NA,13.599,0.045,164.932,164.932
4093,35,52,516.919,430.051,34501.151,2,255,151.067,55.521,NA,11.627,0.039,177.51,12.579
4094,35,53,516.919,437.121,34801.161,2,255,158.138,52.206,NA,7.071,0.024,90,-87.51
4095,35,54,503.788,435.606,35101.171,2,255,171.356,64.906,NA,13.218,0.044,-173.418,96.582
4096,35,55,498.737,433.081,35401.181,2,255,177.003,70.528,NA,5.647,0.019,-153.435,19.983
4097,35,56,498.737,433.081,35701.191,2,255,177.003,70.528,NA,0,0,0,153.435
4098,35,57,505.808,429.04,36001.201,2,255,185.146,65.728,NA,8.144,0.027,-29.745,-29.745
4099,35,58,508.838,432.576,36301.211,2,255,189.803,61.45,NA,4.656,0.016,49.399,79.144
4100,35,59,508.838,438.131,36601.221,2,255,195.358,59.289,NA,5.556,0.019,90,40.601
4101,35,60,508.838,430.051,36901.231,2,255,203.439,62.571,NA,8.081,0.027,-90,-180
4102,35,61,502.273,430.051,37201.241,2,255,210.005,68.467,NA,6.566,0.022,180,-90
4103,35,62,502.273,431.566,37501.251,2,255,211.52,67.844,NA,1.515,0.005,90,-90
4104,35,63,502.273,431.566,37801.261,2,255,211.52,67.844,NA,0,0,0,-90
4105,35,64,502.273,431.566,38101.271,2,255,211.52,67.844,NA,0,0,0,0
4106,35,65,502.273,434.091,38401.281,2,255,214.045,66.869,NA,2.525,0.008,90,90
4107,35,66,502.273,435.101,38701.291,2,255,215.055,66.502,NA,1.01,0.003,90,0
4108,35,67,502.273,435.101,39001.301,2,255,215.055,66.502,NA,0,0,0,-90
4109,35,68,509.343,431.061,39301.311,2,255,223.199,61.662,NA,8.144,0.027,-29.745,-29.745
4110,35,69,509.343,429.545,39601.321,2,255,224.714,62.359,NA,1.515,0.005,-90,-60.255
4111,35,70,491.667,422.98,39901.331,2,255,243.571,81.087,NA,18.857,0.063,-159.624,-69.624
4112,35,71,475,414.899,40201.341,2,255,262.093,99.609,NA,18.522,0.062,-154.134,5.49
4113,35,72,473.99,410.859,40501.351,2,255,266.258,102.347,NA,4.165,0.014,-104.036,50.097
4114,35,73,471.465,401.263,40801.361,2,255,276.181,109.32,NA,9.923,0.033,-104.744,-0.707
4115,35,74,478.535,400.758,41101.371,2,255,283.269,103.658,NA,7.089,0.024,-4.086,100.658
4116,35,75,478.535,400.758,41401.381,2,255,283.269,103.658,NA,0,0,0,4.086
4117,35,76,477.02,394.697,41701.391,2,255,289.516,108.39,NA,6.247,0.021,-104.036,-104.036
4118,35,77,478.03,394.697,42001.401,2,255,290.526,107.577,NA,1.01,0.003,0,104.036
4119,35,78,478.535,386.111,42301.411,2,255,299.127,112.521,NA,8.601,0.029,-86.634,-86.634
4120,35,79,478.535,386.111,42601.421,2,255,299.127,112.521,NA,0,0,0,86.634
4121,35,80,478.535,376.01,42901.431,2,255,309.228,119.299,NA,10.101,0.034,-90,-90
4122,35,81,470.455,367.929,43201.441,2,255,320.656,130.725,NA,11.428,0.038,-135,-45
4123,35,82,467.929,367.929,43501.451,2,255,323.181,132.551,NA,2.525,0.008,180,-45
4124,35,83,467.929,367.929,43801.461,2,255,323.181,132.551,NA,0,0,0,-180
4125,35,84,457.323,368.434,44101.471,2,255,333.8,140.132,NA,10.618,0.035,177.274,177.274
4126,35,85,443.182,360.354,44401.481,2,255,350.087,156.178,NA,16.287,0.054,-150.255,32.471
4127,35,86,423.485,344.697,44701.491,2,255,375.248,181.338,NA,25.161,0.084,-141.52,8.735
4128,35,87,417.424,338.636,45001.501,2,255,383.819,189.865,NA,8.571,0.029,-135,6.52
4129,35,88,416.414,327.525,45301.511,2,255,394.976,197.841,NA,11.157,0.037,-95.194,39.806
4130,35,89,415.909,327.525,45601.521,2,255,395.481,198.219,NA,0.505,0.002,180,-84.806
4131,35,90,406.818,315.909,45901.531,2,255,410.232,212.741,NA,14.751,0.049,-128.047,51.953
4132,35,91,397.727,313.384,46201.542,2,255,419.667,221.212,NA,9.435,0.031,-164.476,-36.429
4133,35,92,385.606,313.384,46501.552,2,255,431.788,230.482,NA,12.121,0.04,180,-15.524
4134,35,93,377.02,301.768,46801.562,2,255,446.233,244.5,NA,14.445,0.048,-126.469,53.531
4135,35,94,367.929,291.162,47101.572,2,255,460.202,258.29,NA,13.969,0.047,-130.601,-4.132
4136,35,95,367.929,276.515,47401.582,2,255,474.849,268.03,NA,14.646,0.049,-90,40.601
4137,35,96,361.364,277.02,47701.592,2,255,481.434,272.542,NA,6.585,0.022,175.601,-94.399
4138,35,97,348.737,281.061,48001.602,2,255,494.691,279.486,NA,13.257,0.044,162.255,-13.346
4139,35,98,351.768,280.051,48301.612,2,255,497.885,277.804,NA,3.194,0.011,-18.435,179.31
4140,35,99,350.758,275.505,48601.622,2,255,502.541,281.517,NA,4.656,0.016,-102.529,-84.094
4141,35,100,347.727,262.374,48901.632,2,255,516.018,292.477,NA,13.476,0.045,-102.995,-0.466
4142,35,101,346.717,251.768,49201.642,2,255,526.672,300.435,NA,10.654,0.036,-95.44,7.554
4143,35,102,346.717,251.768,49501.652,2,255,526.672,300.435,NA,0,0,0,95.44
4144,35,103,346.717,251.768,49801.662,2,255,526.672,300.435,NA,0,0,0,0
4145,35,104,346.717,264.899,50101.672,2,255,539.803,291.54,NA,13.131,0.044,90,90
4146,35,105,354.293,264.899,50401.682,2,255,547.379,285.928,NA,7.576,0.025,0,-90
4147,35,106,360.354,259.848,50701.692,2,255,555.268,285.008,NA,7.889,0.026,-39.806,-39.806
4148,35,107,360.354,247.727,51001.702,2,255,567.389,293.599,NA,12.121,0.04,-90,-50.194
4149,35,108,347.222,247.727,51301.712,2,255,580.52,302.872,NA,13.131,0.044,180,-90
4150,35,109,341.667,242.172,51601.722,2,255,588.377,310.728,NA,7.857,0.026,-135,45
4151,35,110,335.101,241.162,51901.732,2,255,595.02,316.162,NA,6.643,0.022,-171.254,-36.254
4152,35,111,335.101,241.162,52201.742,2,255,595.02,316.162,NA,0,0,0,171.254
4153,35,112,311.869,244.697,52501.752,2,255,618.52,331.097,NA,23.5,0.078,171.347,171.347
4154,35,113,301.263,247.727,52801.762,2,255,629.55,337.351,NA,11.03,0.037,164.055,-7.293
4155,35,114,299.242,265.909,53101.772,2,255,647.844,327.913,NA,18.294,0.061,96.34,-67.714
4156,35,115,293.182,261.869,53401.782,2,255,655.128,335.191,NA,7.284,0.024,-146.31,117.35
4157,35,116,280.556,260.354,53701.792,2,255,667.845,346.353,NA,12.717,0.042,-173.157,-26.847
4158,35,117,272.475,257.828,54001.802,2,255,676.311,354.432,NA,8.466,0.028,-162.646,10.511
4159,35,118,253.788,262.374,54301.812,2,255,695.543,367.525,NA,19.232,0.064,166.329,-31.025
4160,35,119,237.121,260.354,54601.822,2,255,712.331,382.758,NA,16.789,0.056,-173.089,20.583
4161,35,120,225,249.747,54901.832,2,255,728.438,398.632,NA,16.106,0.054,-138.814,34.275
4162,35,121,214.394,230.051,55201.842,2,255,750.809,418.143,NA,22.371,0.075,-118.301,20.513
4163,35,122,211.869,220.455,55501.852,2,255,760.731,425.56,NA,9.923,0.033,-104.744,13.557
4164,35,123,211.869,220.455,55801.862,2,255,760.731,425.56,NA,0,0,0,104.744
4165,36,1,512.374,631.566,20700.691,2,154,0,0,NA,NA,NA,NA,NA
4166,36,2,506.313,627.02,21000.701,2,205,7.576,7.576,NA,7.576,0.025,-143.13,NA
4167,36,3,506.313,620.455,21300.711,2,219,14.141,12.657,NA,6.566,0.022,-90,53.13
4168,36,4,506.313,620.455,21600.721,2,250,14.141,12.657,NA,0,0,0,90
4169,36,5,485.606,610.859,21900.731,2,233,36.964,33.842,NA,22.822,0.076,-155.136,-155.136
4170,36,6,470.455,580.556,22200.741,2,234,70.844,66.025,NA,33.88,0.113,-116.565,38.571
4171,36,7,455.808,564.899,22500.751,2,201,92.283,87.431,NA,21.439,0.071,-133.091,-16.526
4172,36,8,442.677,550.253,22800.761,2,255,111.954,107.096,NA,19.671,0.066,-131.878,1.213
4173,36,9,442.172,549.242,23100.771,2,201,113.083,108.192,NA,1.129,0.004,-116.565,15.313
4174,36,10,436.111,542.677,23400.781,2,255,122.019,117.121,NA,8.935,0.03,-132.709,-16.144
4175,36,11,425,529.545,23700.791,2,210,139.22,134.322,NA,17.201,0.057,-130.236,2.473
4176,36,12,418.434,523.485,24000.801,2,161,148.155,143.199,NA,8.935,0.03,-137.291,-7.054
4177,36,13,418.434,522.475,24300.811,2,255,149.165,143.963,NA,1.01,0.003,-90,47.291
4178,36,14,418.434,524.495,24600.821,2,255,151.186,142.439,NA,2.02,0.007,90,180
4179,36,15,418.434,524.495,24900.831,2,255,151.186,142.439,NA,0,0,0,-90
4180,36,16,423.485,516.414,25200.841,2,255,160.715,145.469,NA,9.529,0.032,-57.995,-57.995
4181,36,17,423.485,510.354,25500.851,2,249,166.776,150.312,NA,6.061,0.02,-90,-32.005
4182,36,18,423.485,510.354,25800.861,2,249,166.776,150.312,NA,0,0,0,90
4183,36,19,423.485,510.354,26100.871,2,217,166.776,150.312,NA,0,0,0,0
4184,36,20,401.263,495.707,26400.881,2,208,193.39,175.509,NA,26.615,0.089,-146.611,-146.611
4185,36,21,391.162,495.202,26700.891,2,255,203.504,182.448,NA,10.114,0.034,-177.138,-30.526
4186,36,22,390.657,495.202,27000.901,2,255,204.009,182.784,NA,0.505,0.002,180,-2.862
4187,36,23,389.141,486.616,27300.911,2,255,212.728,190.254,NA,8.719,0.029,-100.008,79.992
4188,36,24,378.535,474.495,27600.921,2,235,228.834,206.359,NA,16.106,0.054,-131.186,-31.178
4189,36,25,381.566,459.848,27900.931,2,222,243.79,215.865,NA,14.957,0.05,-78.311,52.875
4190,36,26,382.071,449.242,28200.941,2,139,254.409,224.1,NA,10.618,0.035,-87.274,-8.963
4191,36,27,380.051,451.263,28500.951,2,235,257.266,223.648,NA,2.857,0.01,135,-137.726
4192,36,28,365.404,451.263,28800.961,2,224,271.912,232.614,NA,14.646,0.049,180,45
4193,36,29,363.384,445.202,29100.971,2,184,278.3,238.599,NA,6.388,0.021,-108.435,71.565
4194,36,30,358.333,442.677,29400.981,2,244,283.947,243.736,NA,5.647,0.019,-153.435,-45
4195,36,31,356.313,441.162,29700.991,2,255,286.472,246.188,NA,2.525,0.008,-143.13,10.305
4196,36,32,348.737,434.596,30001.001,2,255,296.497,256.074,NA,10.025,0.033,-139.086,4.044
4197,36,33,352.778,425.505,30301.011,2,255,306.446,260.637,NA,9.948,0.033,-66.038,73.048
4198,36,34,352.778,410.354,30601.021,2,255,321.597,272.774,NA,15.152,0.051,-90,-23.962
4199,36,35,355.303,393.687,30901.031,2,212,338.454,285.057,NA,16.857,0.056,-81.384,8.616
4200,36,36,355.303,393.687,31201.041,2,252,338.454,285.057,NA,0,0,0,81.384
4201,36,37,360.354,387.121,31501.051,2,255,346.737,287.86,NA,8.283,0.028,-52.431,-52.431
4202,36,38,359.343,381.061,31801.061,2,225,352.882,293.549,NA,6.144,0.02,-99.462,-47.031
4203,36,39,351.768,362.374,32101.071,2,65,373.046,313.462,NA,20.164,0.067,-112.068,-12.606
4204,36,40,340.657,356.313,32401.081,2,187,385.702,324.424,NA,12.657,0.042,-151.39,-39.322
4205,36,41,340.657,356.313,32701.091,2,255,385.702,324.424,NA,0,0,0,151.39
4206,36,42,310.354,334.091,33001.101,2,229,423.28,359.588,NA,37.578,0.125,-143.746,-143.746
4207,36,43,295.202,329.545,33301.111,2,253,439.099,371.994,NA,15.819,0.053,-163.301,-19.555
4208,36,44,294.697,329.545,33601.121,2,255,439.604,372.289,NA,0.505,0.002,180,-16.699
4209,36,45,294.697,321.465,33901.131,2,255,447.685,378.874,NA,8.081,0.027,-90,90
4210,36,46,294.697,321.465,34201.141,2,255,447.685,378.874,NA,0,0,0,90
4211,36,47,294.697,321.465,34501.151,2,250,447.685,378.874,NA,0,0,0,0
4212,36,48,294.697,310.354,34801.161,2,198,458.796,388.021,NA,11.111,0.037,-90,-90
4213,36,49,292.677,310.354,35101.171,2,208,460.816,389.158,NA,2.02,0.007,180,-90
4214,36,50,292.172,310.354,35401.181,2,227,461.321,389.443,NA,0.505,0.002,180,0
4215,36,51,286.616,309.848,35701.191,2,215,466.9,393.025,NA,5.578,0.019,-174.806,5.194
4216,36,52,285.606,310.354,36001.201,2,151,468.029,393.193,NA,1.129,0.004,153.435,-31.759
4217,36,53,285.606,300.253,36301.211,2,253,478.13,401.487,NA,10.101,0.034,-90,116.565
4218,36,54,285.606,300.253,36601.221,2,188,478.13,401.487,NA,0,0,0,90
4219,36,55,285.606,300.253,36901.231,2,255,478.13,401.487,NA,0,0,0,0
4220,36,56,275.505,302.273,37201.241,2,115,488.431,405.636,NA,10.301,0.034,168.69,168.69
4221,36,57,277.02,313.889,37501.251,2,182,500.146,395.36,NA,11.715,0.039,82.569,-86.121
4222,36,58,263.889,313.889,37801.261,2,220,513.277,403.315,NA,13.131,0.044,180,97.431
4223,36,59,263.889,313.889,38101.271,2,2,513.277,403.315,NA,0,0,0,-180
4224,36,60,251.768,292.172,38401.281,2,255,538.148,427.906,NA,24.871,0.083,-119.168,-119.168
4225,37,1,799.242,1136.111,31201.041,2,253,0,0,NA,NA,NA,NA,NA
4226,37,2,792.677,1136.111,31501.051,2,182,6.566,6.566,NA,6.566,0.022,180,NA
4227,37,3,792.677,1140.657,31801.061,2,220,11.111,7.986,NA,4.545,0.015,90,-90
4228,37,4,792.677,1144.697,32101.071,2,211,15.152,10.809,NA,4.04,0.013,90,0
4229,37,5,797.727,1145.202,32401.081,2,142,20.227,9.216,NA,5.076,0.017,5.711,-84.289
4230,37,6,803.283,1150.758,32701.091,2,249,28.084,15.194,NA,7.857,0.026,45,39.289
4231,37,7,829.04,1166.919,33001.101,2,223,58.492,42.861,NA,30.408,0.101,32.106,-12.894
4232,37,8,829.04,1166.919,33301.111,2,192,58.492,42.861,NA,0,0,0,-32.106
4233,37,9,833.586,1166.919,33601.121,2,249,63.037,46.137,NA,4.545,0.015,0,0
4234,37,10,833.586,1159.343,33901.131,2,242,70.613,41.463,NA,7.576,0.025,-90,-90
4235,37,11,833.586,1159.343,34201.141,2,146,70.613,41.463,NA,0,0,0,90
4236,37,12,832.071,1171.97,34501.151,2,255,83.33,48.616,NA,12.717,0.042,96.843,96.843
4237,37,13,847.727,1184.596,34801.161,2,139,103.444,68.568,NA,20.113,0.067,38.884,-57.958
4238,37,14,855.303,1192.677,35101.171,2,255,114.52,79.64,NA,11.077,0.037,46.848,7.963
4239,37,15,866.919,1214.394,35401.181,2,255,139.149,103.481,NA,24.629,0.082,61.858,15.011
4240,37,16,863.384,1221.97,35701.191,2,240,147.509,107.172,NA,8.36,0.028,115.017,53.158
4241,37,17,862.374,1223.99,36001.201,2,255,149.768,108.205,NA,2.259,0.008,116.565,1.548
4242,37,18,857.828,1229.545,36301.211,2,255,156.946,110.283,NA,7.178,0.024,129.289,12.724
4243,37,19,857.828,1235.606,36601.221,2,255,163.006,115.462,NA,6.061,0.02,90,-39.289
4244,37,20,850.758,1258.333,36901.231,2,232,186.808,132.635,NA,23.802,0.079,107.281,17.281
4245,37,21,849.747,1271.465,37201.241,2,255,199.978,144.469,NA,13.17,0.044,94.399,-12.883
4246,37,22,829.545,1291.667,37501.251,2,248,228.548,158.48,NA,28.57,0.095,135,40.601
4247,37,23,829.545,1298.232,37801.261,2,220,235.114,164.929,NA,6.566,0.022,90,-45
4248,37,24,816.919,1310.859,38101.271,2,237,252.97,175.639,NA,17.856,0.06,135,45
4249,37,25,814.394,1337.626,38401.281,2,27,279.857,202.084,NA,26.887,0.09,95.389,-39.611
4250,37,26,816.414,1351.263,38701.291,2,234,293.642,215.836,NA,13.785,0.046,81.573,-13.816
4251,37,27,808.838,1349.747,39001.301,2,139,301.367,213.852,NA,7.726,0.026,-168.69,109.737
4252,37,28,802.273,1342.172,39301.311,2,247,311.392,206.083,NA,10.025,0.033,-130.914,37.776
4253,37,29,779.04,1351.263,39601.321,2,255,336.34,216.098,NA,24.948,0.083,158.629,-70.456
4254,37,30,777.02,1347.727,39901.331,2,255,340.412,212.78,NA,4.072,0.014,-119.745,81.626
4255,37,31,786.111,1346.212,40201.341,2,255,349.628,210.511,NA,9.216,0.031,-9.462,110.283
4256,37,32,786.111,1344.192,40501.351,2,247,351.648,208.495,NA,2.02,0.007,-90,-80.538
4257,37,33,775.505,1338.636,40801.361,2,248,363.621,203.912,NA,11.973,0.04,-152.354,-62.354
4258,37,34,765.909,1338.131,41101.371,2,255,373.231,204.752,NA,9.609,0.032,-176.987,-24.633
4259,37,35,765.909,1350.253,41401.381,2,244,385.352,216.72,NA,12.121,0.04,90,-93.013
4260,37,36,765.909,1350.253,41701.391,2,255,385.352,216.72,NA,0,0,0,-90
4261,37,37,759.343,1357.828,42001.401,2,240,395.377,225.279,NA,10.025,0.033,130.914,130.914
4262,37,38,760.859,1366.919,42301.411,2,227,404.593,233.978,NA,9.216,0.031,80.538,-50.377
4263,37,39,770.455,1378.535,42601.421,2,255,419.66,244.128,NA,15.067,0.05,50.44,-30.097
4264,37,40,770.455,1397.222,42901.431,2,255,438.347,262.693,NA,18.687,0.062,90,39.56
4265,37,41,769.949,1412.374,43201.441,2,255,453.507,277.811,NA,15.16,0.051,91.909,1.909
4266,37,42,769.949,1412.374,43501.451,2,233,453.507,277.811,NA,0,0,0,-91.909
4267,37,43,776.01,1435.101,43801.461,2,255,477.029,299.891,NA,23.521,0.078,75.069,75.069
4268,37,44,775,1441.162,44101.471,2,228,483.173,306.012,NA,6.144,0.02,99.462,24.394
4269,37,45,773.99,1454.798,44401.481,2,255,496.847,319.686,NA,13.674,0.046,94.236,-5.226
4270,37,46,773.99,1454.798,44701.491,2,207,496.847,319.686,NA,0,0,0,-94.236
4271,37,47,773.99,1474.495,45001.501,2,34,516.543,339.325,NA,19.697,0.066,90,90
4272,37,48,756.313,1499.242,45301.511,2,192,546.956,365.66,NA,30.412,0.101,125.538,35.538
4273,37,49,767.929,1507.828,45601.521,2,213,561.401,373.034,NA,14.445,0.048,36.469,-89.068
4274,37,50,782.576,1508.838,45901.531,2,224,576.082,373.1,NA,14.681,0.049,3.945,-32.524
4275,37,51,786.616,1539.141,46201.542,2,190,606.653,403.228,NA,30.571,0.102,82.405,78.46
4276,38,1,768.939,1130.682,32101.071,2,111,0,0,NA,NA,NA,NA,NA
4277,38,2,765.152,1137.5,32401.081,2,133,7.8,7.8,NA,7.8,0.026,119.055,NA
4278,38,3,761.742,1137.5,32701.091,2,126,11.209,9.914,NA,3.409,0.011,180,60.945
4279,38,4,757.576,1139.773,33001.101,2,201,15.955,14.553,NA,4.746,0.016,151.39,-28.61
4280,38,5,758.333,1144.697,33301.111,2,120,20.937,17.576,NA,4.982,0.017,81.254,-70.136
4281,38,6,758.333,1144.697,33601.121,2,202,20.937,17.576,NA,0,0,0,-81.254
4282,38,7,762.121,1152.273,33901.131,2,149,29.407,22.642,NA,8.47,0.028,63.435,63.435
4283,38,8,762.121,1152.273,34201.141,2,126,29.407,22.642,NA,0,0,0,-63.435
4284,38,9,764.773,1145.455,34501.151,2,135,36.723,15.349,NA,7.316,0.024,-68.749,-68.749
4285,38,10,760.227,1145.455,34801.161,2,86,41.268,17.15,NA,4.545,0.015,180,-111.251
4286,38,11,760.985,1145.455,35101.171,2,118,42.026,16.778,NA,0.758,0.003,0,-180
4287,38,12,760.985,1145.455,35401.181,2,155,42.026,16.778,NA,0,0,0,0
4288,38,13,756.061,1145.455,35701.191,2,126,46.95,19.598,NA,4.924,0.016,180,180
4289,38,14,759.47,1141.288,36001.201,2,130,52.334,14.218,NA,5.384,0.018,-50.711,129.289
4290,38,15,759.091,1138.258,36301.211,2,133,55.387,12.425,NA,3.054,0.01,-97.125,-46.414
4291,38,16,753.03,1138.258,36601.221,2,96,61.448,17.621,NA,6.061,0.02,180,-82.875
4292,38,17,752.652,1138.258,36901.231,2,106,61.827,17.963,NA,0.379,0.001,180,0
4293,38,18,748.864,1135.227,37201.241,2,101,66.678,20.584,NA,4.851,0.016,-141.34,38.66
4294,38,19,743.939,1135.227,37501.251,2,164,71.602,25.41,NA,4.924,0.016,180,-38.66
4295,38,20,743.939,1139.773,37801.261,2,145,76.147,26.602,NA,4.545,0.015,90,-90
4296,38,21,741.288,1146.212,38101.271,2,116,83.111,31.714,NA,6.964,0.023,112.38,22.38
4297,38,22,741.288,1146.212,38401.281,2,148,83.111,31.714,NA,0,0,0,-112.38
4298,38,23,732.576,1152.273,38701.291,2,217,93.724,42.29,NA,10.613,0.035,145.176,145.176
4299,38,24,742.424,1152.273,39001.301,2,101,103.573,34.194,NA,9.848,0.033,0,-145.176
4300,38,25,743.182,1151.894,39301.311,2,130,104.42,33.368,NA,0.847,0.003,-26.565,-26.565
4301,38,26,745.833,1152.273,39601.321,2,222,107.098,31.624,NA,2.678,0.009,8.13,34.695
4302,38,27,745.833,1163.636,39901.331,2,77,118.462,40.248,NA,11.364,0.038,90,81.87
4303,38,28,745.833,1163.636,40201.341,2,152,118.462,40.248,NA,0,0,0,-90
4304,38,29,743.182,1163.636,40501.351,2,90,121.113,41.826,NA,2.652,0.009,180,180
4305,38,30,743.182,1163.258,40801.361,2,109,121.492,41.529,NA,0.379,0.001,-90,90
4306,38,31,739.394,1163.258,41101.371,2,194,125.28,43.979,NA,3.788,0.013,180,-90
4307,38,32,735.227,1170.455,41401.381,2,71,133.596,52.138,NA,8.316,0.028,120.069,-59.931
4308,38,33,731.439,1173.485,41701.391,2,84,138.447,56.906,NA,4.851,0.016,141.34,21.272
4309,38,34,740.909,1164.394,42001.401,2,90,151.574,43.843,NA,13.127,0.044,-43.831,174.829
4310,38,35,745.076,1165.152,42301.411,2,80,155.809,41.924,NA,4.235,0.014,10.305,54.136
4311,38,36,742.803,1165.152,42601.421,2,127,158.082,43.258,NA,2.273,0.008,180,169.695
4312,38,37,742.803,1165.152,42901.431,2,172,158.082,43.258,NA,0,0,0,-180
4313,38,38,742.424,1160.227,43201.441,2,143,163.02,39.699,NA,4.939,0.016,-94.399,-94.399
4314,38,39,738.258,1160.227,43501.451,2,43,167.187,42.595,NA,4.167,0.014,180,-85.601
4315,38,40,738.258,1179.545,43801.461,2,75,186.505,57.698,NA,19.318,0.064,90,-90
4316,38,41,734.091,1191.667,44101.471,2,120,199.323,70.239,NA,12.817,0.043,108.97,18.97
4317,38,42,735.606,1204.924,44401.481,2,255,212.667,81.382,NA,13.344,0.044,83.48,-25.49
4318,38,43,732.955,1235.985,44701.491,2,211,243.84,111.282,NA,31.174,0.104,94.879,11.399
4319,38,44,739.015,1256.439,45001.501,2,213,265.174,129.269,NA,21.334,0.071,73.496,-21.384
4320,38,45,740.53,1260.985,45301.511,2,254,269.965,133.364,NA,4.791,0.016,71.565,-1.931
4321,38,46,738.258,1264.773,45601.521,2,255,274.382,137.556,NA,4.417,0.015,120.964,49.399
4322,38,47,736.742,1264.773,45901.531,2,208,275.897,137.902,NA,1.515,0.005,180,59.036
4323,38,48,725.379,1281.061,46201.542,2,246,295.758,156.561,NA,19.86,0.066,124.902,-55.098
4324,38,49,725,1292.424,46501.552,2,218,307.128,167.605,NA,11.37,0.038,91.909,-32.993
4325,38,50,725,1306.818,46801.562,2,225,321.522,181.534,NA,14.394,0.048,90,-1.909
4326,38,51,720.833,1331.818,47101.572,2,233,346.866,206.809,NA,25.345,0.084,99.462,9.462
4327,38,52,720.455,1340.53,47401.582,2,255,355.587,215.377,NA,8.72,0.029,92.49,-6.973
4328,38,53,720.455,1354.545,47701.592,2,121,369.602,229.054,NA,14.015,0.047,90,-2.49
4329,38,54,709.848,1356.439,48001.602,2,206,380.376,233.363,NA,10.774,0.036,169.875,79.875
4330,38,55,706.061,1359.848,48301.612,2,187,385.472,237.636,NA,5.096,0.017,138.013,-31.863
4331,38,56,706.061,1359.848,48601.622,2,193,385.472,237.636,NA,0,0,0,-138.013
4332,38,57,698.864,1372.727,48901.632,2,189,400.225,251.985,NA,14.753,0.049,119.197,119.197
4333,38,58,698.864,1379.545,49201.642,2,131,407.043,258.542,NA,6.818,0.023,90,-29.197
4334,38,59,688.258,1384.848,49501.652,2,255,418.901,266.665,NA,11.858,0.04,153.435,63.435
4335,38,60,688.258,1384.848,49801.662,2,58,418.901,266.665,NA,0,0,0,-153.435
4336,38,61,680.303,1409.47,50101.672,2,130,444.776,292.539,NA,25.874,0.086,107.904,107.904
4337,38,62,681.439,1422.348,50401.682,2,252,457.704,304.509,NA,12.929,0.043,84.958,-22.947
4338,38,63,691.288,1444.318,50701.692,2,164,481.78,323.106,NA,24.076,0.08,65.854,-19.103
4339,38,64,688.636,1471.591,51001.702,2,130,509.182,350.239,NA,27.401,0.091,95.553,29.699
4340,38,65,679.167,1473.864,51301.712,2,204,518.92,354.729,NA,9.739,0.032,166.504,70.951
4341,38,66,666.667,1489.015,51601.722,2,193,538.563,372.643,NA,19.642,0.065,129.523,-36.982
4342,38,67,660.227,1512.121,51901.732,2,184,562.549,396.629,NA,23.987,0.08,105.573,-23.95
4343,38,68,655.303,1531.818,52201.742,2,246,582.852,416.922,NA,20.303,0.068,104.036,-1.536
4344,38,69,647.727,1547.348,52501.752,2,141,600.132,433.939,NA,17.28,0.058,116.003,11.967
4345,39,1,851.515,1147.348,34801.161,2,112,0,0,NA,NA,NA,NA,NA
4346,39,2,853.409,1156.061,35101.171,2,106,8.916,8.916,NA,8.916,0.03,77.735,NA
4347,39,3,859.091,1171.97,35401.181,2,67,25.809,25.76,NA,16.893,0.056,70.346,-7.389
4348,39,4,865.909,1188.636,35701.191,2,103,43.816,43.725,NA,18.007,0.06,67.751,-2.595
4349,39,5,866.288,1189.015,36001.201,2,184,44.352,44.208,NA,0.536,0.002,45,-22.751
4350,39,6,861.742,1189.015,36301.211,2,184,48.897,42.903,NA,4.545,0.015,180,135
4351,39,7,859.848,1192.803,36601.221,2,89,53.132,46.212,NA,4.235,0.014,116.565,-63.435
4352,39,8,861.364,1207.955,36901.231,2,213,68.359,61.401,NA,15.227,0.051,84.289,-32.276
4353,39,9,869.318,1218.561,37201.241,2,165,81.617,73.404,NA,13.258,0.044,53.13,-31.159
4354,39,10,869.318,1218.561,37501.251,2,147,81.617,73.404,NA,0,0,0,-53.13
4355,39,11,881.061,1223.485,37801.261,2,217,94.35,81.668,NA,12.733,0.042,22.751,22.751
4356,39,12,876.136,1231.439,38101.271,2,137,103.706,87.621,NA,9.355,0.031,121.759,99.009
4357,39,13,871.97,1234.091,38401.281,2,150,108.644,89.121,NA,4.939,0.016,147.529,25.769
4358,39,14,871.212,1250,38701.291,2,141,124.571,104.524,NA,15.927,0.053,92.726,-54.802
4359,39,15,858.712,1258.712,39001.301,2,219,139.808,111.596,NA,15.237,0.051,145.125,52.398
4360,39,16,858.712,1269.697,39301.311,2,228,150.793,122.56,NA,10.985,0.037,90,-55.125
4361,39,17,858.333,1271.591,39601.321,2,126,152.724,124.429,NA,1.931,0.006,101.31,11.31
4362,39,18,854.924,1289.773,39901.331,2,117,171.223,142.465,NA,18.499,0.062,100.62,-0.69
4363,39,19,856.818,1300.379,40201.341,2,105,181.997,153.122,NA,10.774,0.036,79.875,-20.744
4364,39,20,863.258,1321.97,40501.351,2,131,204.527,175.016,NA,22.531,0.075,73.393,-6.482
4365,39,21,864.773,1332.955,40801.361,2,157,215.616,186.079,NA,11.089,0.037,82.147,8.754
4366,39,22,864.773,1346.212,41101.371,2,186,228.874,199.305,NA,13.258,0.044,90,7.853
4367,39,23,865.53,1353.03,41401.381,2,255,235.734,206.159,NA,6.86,0.023,83.66,-6.34
4368,39,24,865.53,1353.03,41701.391,2,255,235.734,206.159,NA,0,0,0,-83.66
4369,39,25,867.424,1345.076,42001.401,2,211,243.911,198.366,NA,8.177,0.027,-76.608,-76.608
4370,39,26,871.212,1346.212,42301.411,2,255,247.866,199.837,NA,3.955,0.013,16.699,93.307
4371,39,27,871.212,1356.818,42601.421,2,243,258.472,210.394,NA,10.606,0.035,90,73.301
4372,39,28,864.394,1367.803,42901.431,2,115,271.4,220.83,NA,12.929,0.043,121.827,31.827
4373,39,29,858.712,1367.803,43201.441,2,255,277.082,220.572,NA,5.682,0.019,180,58.173
4374,39,30,864.773,1367.803,43501.451,2,203,283.143,220.853,NA,6.061,0.02,0,-180
4375,39,31,864.773,1367.803,43801.461,2,255,283.143,220.853,NA,0,0,0,0
4376,39,32,860.606,1374.242,44101.471,2,187,290.813,227.076,NA,7.67,0.026,122.905,122.905
4377,39,33,850.379,1382.576,44401.481,2,255,304.005,235.23,NA,13.192,0.044,140.826,17.921
4378,39,34,848.864,1396.212,44701.491,2,235,317.726,248.878,NA,13.72,0.046,96.34,-44.486
4379,39,35,846.212,1397.348,45001.501,2,140,320.61,250.056,NA,2.885,0.01,156.801,60.461
4380,39,36,841.288,1400.758,45301.511,2,190,326.599,253.615,NA,5.989,0.02,145.305,-11.497
4381,39,37,835.606,1401.136,45601.521,2,255,332.294,254.286,NA,5.694,0.019,176.186,30.881
4382,39,38,835.985,1409.47,45901.531,2,225,340.636,262.581,NA,8.342,0.028,87.397,-88.788
4383,39,39,831.818,1415.152,46201.542,2,131,347.682,268.526,NA,7.046,0.023,126.254,38.856
4384,39,40,824.242,1426.136,46501.552,2,203,361.026,280.119,NA,13.344,0.044,124.592,-1.662
4385,39,41,817.803,1435.227,46801.562,2,211,372.166,289.846,NA,11.14,0.037,125.311,0.719
4386,39,42,817.424,1441.288,47101.572,2,255,378.238,295.91,NA,6.072,0.02,93.576,-31.735
4387,39,43,817.424,1441.288,47401.582,2,255,378.238,295.91,NA,0,0,0,-93.576
4388,39,44,822.348,1446.212,47701.592,2,200,385.202,300.283,NA,6.964,0.023,45,45
4389,39,45,815.152,1451.515,48001.602,2,255,394.142,306.333,NA,8.94,0.03,143.616,98.616
4390,39,46,811.742,1465.53,48301.612,2,246,408.566,320.658,NA,14.424,0.048,103.671,-39.944
4391,39,47,811.742,1472.348,48601.622,2,232,415.384,327.425,NA,6.818,0.023,90,-13.671
4392,39,48,811.742,1481.818,48901.632,2,223,424.854,336.826,NA,9.47,0.032,90,0
4393,39,49,800.758,1482.197,49201.642,2,238,435.845,338.674,NA,10.991,0.037,178.025,88.025
4394,39,50,789.394,1481.818,49501.652,2,255,447.215,340.19,NA,11.37,0.038,-178.091,3.884
4395,39,51,787.121,1482.576,49801.662,2,255,449.611,341.356,NA,2.396,0.008,161.565,-20.344
4396,39,52,787.121,1491.288,50101.672,2,230,458.323,349.916,NA,8.712,0.029,90,-71.565
4397,39,53,787.121,1491.288,50401.682,2,237,458.323,349.916,NA,0,0,0,-90
4398,39,54,796.97,1491.667,50701.692,2,255,468.179,348.612,NA,9.856,0.033,2.203,2.203
4399,39,55,793.182,1499.621,51001.702,2,158,476.989,357.07,NA,8.81,0.029,115.463,113.261
4400,39,56,783.712,1498.864,51301.712,2,255,486.489,357.995,NA,9.5,0.032,-175.426,69.111
4401,39,57,783.333,1498.485,51601.722,2,255,487.025,357.695,NA,0.536,0.002,-135,40.426
4402,39,58,782.955,1499.242,51901.732,2,255,487.872,358.511,NA,0.847,0.003,116.565,-108.435
4403,39,59,782.955,1505.682,52201.742,2,255,494.311,364.833,NA,6.439,0.021,90,-26.565
4404,39,60,787.879,1510.985,52501.752,2,255,501.548,369.163,NA,7.237,0.024,47.121,-42.879
4405,39,61,787.879,1511.364,52801.762,2,255,501.927,369.536,NA,0.379,0.001,90,42.879
4406,39,62,787.879,1511.364,53101.772,2,241,501.927,369.536,NA,0,0,0,-90
4407,39,63,787.879,1517.803,53401.782,2,255,508.366,375.881,NA,6.439,0.021,90,90
4408,39,64,794.318,1518.561,53701.792,2,255,514.85,375.593,NA,6.484,0.022,6.71,-83.29
4409,39,65,795.833,1518.182,54001.802,2,146,516.412,374.99,NA,1.562,0.005,-14.036,-20.746
4410,39,66,783.333,1522.348,54301.812,2,255,529.588,381.148,NA,13.176,0.044,161.565,175.601
4411,39,67,776.894,1522.348,54601.822,2,249,536.027,382.352,NA,6.439,0.021,180,18.435
4412,39,68,766.288,1522.348,54901.832,2,226,546.633,384.563,NA,10.606,0.035,180,0
4413,39,69,773.864,1522.348,55201.842,2,255,554.209,382.955,NA,7.576,0.025,0,-180
4414,39,70,773.864,1522.348,55501.852,2,215,554.209,382.955,NA,0,0,0,0
4415,39,71,775,1528.03,55801.862,2,255,560.003,388.295,NA,5.794,0.019,78.69,78.69
4416,39,72,775,1532.955,56101.872,2,255,564.928,393.124,NA,4.924,0.016,90,11.31
4417,39,73,775,1532.955,56401.882,2,255,564.928,393.124,NA,0,0,0,-90
4418,39,74,775,1532.955,56701.892,2,255,564.928,393.124,NA,0,0,0,0
4419,39,75,774.621,1539.394,57001.902,2,255,571.378,399.515,NA,6.451,0.022,93.366,93.366
4420,39,76,771.212,1539.773,57301.912,2,254,574.808,400.556,NA,3.43,0.011,173.66,80.293
4421,39,77,771.212,1542.045,57601.922,2,222,577.081,402.783,NA,2.273,0.008,90,-83.66
4422,40,1,1026.515,439.394,24300.811,2,154,0,0,NA,NA,NA,NA,NA
4423,40,2,1026.515,436.364,24600.821,2,171,3.03,3.03,NA,3.03,0.01,-90,NA
4424,40,3,1031.061,435.606,24900.831,2,190,7.638,5.917,NA,4.608,0.015,-9.462,80.538
4425,40,4,1032.576,435.606,25200.841,2,153,9.154,7.147,NA,1.515,0.005,0,9.462
4426,40,5,1034.091,433.333,25500.851,2,160,11.885,9.702,NA,2.731,0.009,-56.31,-56.31
4427,40,6,1034.091,424.242,25800.861,2,239,20.976,16.94,NA,9.091,0.03,-90,-33.69
4428,40,7,1041.667,428.03,26100.871,2,187,29.446,18.939,NA,8.47,0.028,26.565,116.565
4429,40,8,1041.667,428.03,26400.881,2,241,29.446,18.939,NA,0,0,0,-26.565
4430,40,9,1046.212,425,26700.891,2,207,34.909,24.396,NA,5.463,0.018,-33.69,-33.69
4431,40,10,1047.727,423.99,27000.901,2,243,36.73,26.215,NA,1.821,0.006,-33.69,0
4432,40,11,1050.253,420.455,27300.911,2,255,41.075,30.367,NA,4.345,0.014,-54.462,-20.772
4433,40,12,1050.253,420.455,27600.921,2,255,41.075,30.367,NA,0,0,0,54.462
4434,40,13,1046.717,419.949,27900.931,2,220,44.646,28.039,NA,3.571,0.012,-171.87,-171.87
4435,40,14,1046.717,414.394,28200.941,2,168,50.201,32.142,NA,5.556,0.019,-90,81.87
4436,40,15,1063.384,398.232,28500.951,2,226,73.417,55.259,NA,23.216,0.077,-44.119,45.881
4437,40,16,1063.889,397.727,28800.961,2,219,74.131,55.972,NA,0.714,0.002,-45,-0.881
4438,40,17,1063.889,395.707,29100.971,2,255,76.152,57.492,NA,2.02,0.007,-90,-45
4439,40,18,1063.889,395.707,29400.981,2,239,76.152,57.492,NA,0,0,0,90
4440,40,19,1077.525,384.091,29700.991,2,255,94.065,75.236,NA,17.913,0.06,-40.426,-40.426
4441,40,20,1077.525,384.091,30001.001,2,203,94.065,75.236,NA,0,0,0,40.426
4442,40,21,1086.616,383.586,30301.011,2,164,103.17,82.016,NA,9.105,0.03,-3.18,-3.18
4443,40,22,1086.616,373.99,30601.021,2,245,112.766,88.825,NA,9.596,0.032,-90,-86.82
4444,40,23,1086.616,373.99,30901.031,2,69,112.766,88.825,NA,0,0,0,90
4445,40,24,1098.737,359.343,31201.041,2,255,131.777,107.815,NA,19.012,0.063,-50.389,-50.389
4446,40,25,1099.747,358.333,31501.051,2,214,133.206,109.242,NA,1.428,0.005,-45,5.389
4447,40,26,1103.283,351.768,31801.061,2,255,140.663,116.497,NA,7.457,0.025,-61.699,-16.699
4448,40,27,1103.283,347.222,32101.071,2,198,145.208,119.954,NA,4.545,0.015,-90,-28.301
4449,40,28,1103.283,346.717,32401.081,2,126,145.713,120.342,NA,0.505,0.002,-90,0
4450,40,29,1103.283,333.586,32701.091,2,255,158.845,130.723,NA,13.131,0.044,-90,0
4451,40,30,1106.818,332.071,33001.101,2,219,162.691,134.04,NA,3.846,0.013,-23.199,66.801
4452,40,31,1106.818,339.646,33301.111,2,255,170.267,128.055,NA,7.576,0.025,90,113.199
4453,40,32,1111.364,334.596,33601.121,2,255,177.062,134.84,NA,6.795,0.023,-48.013,-138.013
4454,40,33,1111.364,334.596,33901.131,2,255,177.062,134.84,NA,0,0,0,48.013
4455,40,34,1111.364,327.525,34201.141,2,187,184.132,140.406,NA,7.071,0.024,-90,-90
4456,40,35,1110.859,311.869,34501.151,2,227,199.797,152.894,NA,15.665,0.052,-91.848,-1.848
4457,40,36,1110.859,311.869,34801.161,2,184,199.797,152.894,NA,0,0,0,91.848
4458,40,37,1114.899,314.394,35101.171,2,252,204.562,153.091,NA,4.765,0.016,32.005,32.005
4459,40,38,1119.444,308.333,35401.181,2,255,212.137,160.663,NA,7.576,0.025,-53.13,-85.135
4460,40,39,1123.99,308.333,35701.191,2,236,216.683,163.335,NA,4.545,0.015,0,53.13
4461,40,40,1137.121,298.232,36001.201,2,255,233.25,179.333,NA,16.567,0.055,-37.569,-37.569
4462,40,41,1156.818,280.556,36301.211,2,255,259.716,205.447,NA,26.466,0.088,-41.906,-4.337
4463,40,42,1168.939,275.505,36601.221,2,255,272.847,217.127,NA,13.131,0.044,-22.62,19.286
4464,40,43,1168.939,275.505,36901.231,2,255,272.847,217.127,NA,0,0,0,22.62
4465,40,44,1170.455,275.505,37201.241,2,255,274.362,218.124,NA,1.515,0.005,0,0
4466,40,45,1171.97,273.485,37501.251,2,255,276.887,220.642,NA,2.525,0.008,-53.13,-53.13
4467,40,46,1176.515,273.485,37801.261,2,251,281.433,223.665,NA,4.545,0.015,0,53.13
4468,40,47,1184.596,273.485,38101.271,2,255,289.514,229.162,NA,8.081,0.027,0,0
4469,40,48,1195.707,271.465,38401.281,2,255,300.807,238.382,NA,11.293,0.038,-10.305,-10.305
4470,40,49,1203.283,263.889,38701.291,2,197,311.521,249.096,NA,10.714,0.036,-45,-34.695
4471,40,50,1207.828,278.03,39001.301,2,214,326.375,242.719,NA,14.854,0.05,72.181,117.181
4472,40,51,1213.889,280.051,39301.311,2,200,332.763,245.966,NA,6.388,0.021,18.435,-53.746
4473,40,52,1216.414,280.556,39601.321,2,255,335.338,247.571,NA,2.575,0.009,11.31,-7.125
4474,40,53,1237.626,280.556,39901.331,2,204,356.55,264.192,NA,21.212,0.071,0,-11.31
4475,40,54,1236.111,280.051,40201.341,2,210,358.147,263.288,NA,1.597,0.005,-161.565,-161.565
4476,40,55,1238.131,284.596,40501.351,2,255,363.122,262.19,NA,4.974,0.017,66.038,-132.397
4477,40,56,1247.222,275,40801.361,2,255,376.34,275.204,NA,13.218,0.044,-46.548,-112.586
4478,40,57,1247.222,271.97,41101.371,2,255,379.37,277.024,NA,3.03,0.01,-90,-43.452
4479,40,58,1247.222,271.97,41401.381,2,255,379.37,277.024,NA,0,0,0,90
4480,40,59,1247.222,271.97,41701.391,2,255,379.37,277.024,NA,0,0,0,0
4481,40,60,1251.768,271.97,42001.401,2,255,383.916,280.659,NA,4.545,0.015,0,0
4482,40,61,1266.919,275,42301.411,2,255,399.367,291.238,NA,15.452,0.052,11.31,11.31
4483,40,62,1266.919,275,42601.421,2,255,399.367,291.238,NA,0,0,0,-11.31
4484,40,63,1267.424,267.424,42901.431,2,255,406.96,295.991,NA,7.593,0.025,-86.186,-86.186
4485,40,64,1274.495,259.848,43201.441,2,255,417.323,306.154,NA,10.363,0.035,-46.975,39.211
4486,40,65,1274.495,258.333,43501.451,2,255,418.838,307.045,NA,1.515,0.005,-90,-43.025
4487,40,66,1277.525,248.232,43801.461,2,165,429.384,315.514,NA,10.546,0.035,-73.301,16.699
4488,40,67,1287.121,233.586,44101.471,2,255,446.894,332.073,NA,17.51,0.058,-56.768,16.532
4489,40,68,1287.626,229.545,44401.481,2,255,450.966,334.986,NA,4.072,0.014,-82.875,-26.107
4490,40,69,1292.172,219.949,44701.491,2,157,461.584,344.571,NA,10.618,0.035,-64.654,18.221
4491,40,70,1299.242,205.303,45001.501,2,255,477.847,359.414,NA,16.264,0.054,-64.231,0.423
4492,40,71,1303.283,191.162,45301.511,2,255,492.555,371.779,NA,14.707,0.049,-74.055,-9.824
4493,40,72,1297.222,161.869,45601.521,2,255,522.468,387.689,NA,29.913,0.1,-101.689,-27.635
4494,41,1,996.717,413.384,24600.821,2,235,0,0,NA,NA,NA,NA,NA
4495,41,2,1000.253,411.364,24900.831,2,242,4.072,4.072,NA,4.072,0.014,-29.745,NA
4496,41,3,1000.253,411.364,25200.841,2,255,4.072,4.072,NA,0,0,0,29.745
4497,41,4,1010.354,411.364,25500.851,2,185,14.173,13.785,NA,10.101,0.034,0,0
4498,41,5,1011.364,410.354,25800.861,2,194,15.601,14.957,NA,1.428,0.005,-45,-45
4499,41,6,1011.869,406.818,26100.871,2,145,19.173,16.513,NA,3.571,0.012,-81.87,-36.87
4500,41,7,1014.394,406.313,26400.881,2,102,21.748,19.038,NA,2.575,0.009,-11.31,70.56
4501,41,8,1019.949,406.313,26700.891,2,255,27.303,24.284,NA,5.556,0.019,0,11.31
4502,41,9,1009.848,397.727,27000.901,2,162,40.56,20.434,NA,13.257,0.044,-139.635,-139.635
4503,41,10,1011.364,394.697,27300.911,2,255,43.948,23.743,NA,3.388,0.011,-63.435,76.201
4504,41,11,1015.404,394.697,27600.921,2,255,47.989,26.427,NA,4.04,0.013,0,63.435
4505,41,12,1018.434,382.071,27900.931,2,243,60.974,38.107,NA,12.985,0.043,-76.504,-76.504
4506,41,13,1018.434,382.576,28200.941,2,254,61.479,37.693,NA,0.505,0.002,90,166.504
4507,41,14,1019.949,372.98,28500.951,2,255,71.193,46.607,NA,9.715,0.032,-81.027,-171.027
4508,41,15,1026.01,366.414,28800.961,2,255,80.129,55.355,NA,8.935,0.03,-47.291,33.737
4509,41,16,1030.556,359.848,29100.971,2,255,88.114,63.333,NA,7.986,0.027,-55.305,-8.014
4510,41,17,1030.556,359.848,29400.981,2,255,88.114,63.333,NA,0,0,0,55.305
4511,41,18,1030.556,340.152,29700.991,2,255,107.811,80.672,NA,19.697,0.066,-90,-90
4512,41,19,1034.091,330.051,30001.001,2,255,118.513,91.33,NA,10.702,0.036,-70.71,19.29
4513,41,20,1037.626,311.364,30301.011,2,255,137.531,109.917,NA,19.018,0.063,-79.287,-8.577
4514,41,21,1037.626,311.364,30601.021,2,255,137.531,109.917,NA,0,0,0,79.287
4515,41,22,1038.131,296.717,30901.031,2,255,152.187,123.799,NA,14.655,0.049,-88.025,-88.025
4516,41,23,1041.667,294.697,31201.041,2,255,156.258,126.913,NA,4.072,0.014,-29.745,58.28
4517,41,24,1044.697,280.556,31501.051,2,255,170.721,141.228,NA,14.462,0.048,-77.905,-48.16
4518,41,25,1046.212,263.889,31801.061,2,255,187.456,157.475,NA,16.735,0.056,-84.806,-6.9
4519,41,26,1046.212,262.879,32101.071,2,255,188.466,158.435,NA,1.01,0.003,-90,-5.194
4520,41,27,1050.253,253.788,32401.081,2,255,198.415,168.336,NA,9.948,0.033,-66.038,23.962
4521,41,28,1051.768,249.747,32701.091,2,255,202.73,172.648,NA,4.315,0.014,-69.444,-3.406
4522,41,29,1055.808,238.636,33001.101,2,255,214.553,184.468,NA,11.823,0.039,-70.017,-0.573
4523,41,30,1068.939,220.455,33301.111,2,234,236.981,206.004,NA,22.428,0.075,-54.162,15.855
4524,41,31,1090.152,207.828,33601.121,2,255,261.666,225.794,NA,24.686,0.082,-30.763,23.4
4525,41,32,1094.192,197.727,33901.131,2,218,272.545,236.662,NA,10.879,0.036,-68.199,-37.436
4526,41,33,1094.192,197.727,34201.141,2,255,272.545,236.662,NA,0,0,0,68.199
4527,41,34,1094.192,197.727,34501.151,2,255,272.545,236.662,NA,0,0,0,0
4528,41,35,1093.687,197.727,34801.161,2,255,273.05,236.455,NA,0.505,0.002,180,180
4529,41,36,1091.162,194.697,35101.171,2,255,276.995,238.209,NA,3.945,0.013,-129.806,50.194
4530,41,37,1091.162,194.192,35401.181,2,255,277.5,238.673,NA,0.505,0.002,-90,39.806
4531,41,38,1079.04,194.192,35701.191,2,255,289.621,234.141,NA,12.121,0.04,180,-90
4532,41,39,1081.061,188.131,36001.201,2,255,296.01,240.525,NA,6.388,0.021,-71.565,108.435
4533,41,40,1081.061,188.131,36301.211,2,255,296.01,240.525,NA,0,0,0,71.565
4534,41,41,1081.061,188.131,36601.221,2,255,296.01,240.525,NA,0,0,0,0
4535,41,42,1086.111,181.566,36901.231,2,255,304.293,248.457,NA,8.283,0.028,-52.431,-52.431
4536,41,43,1086.111,181.566,37201.241,2,255,304.293,248.457,NA,0,0,0,52.431
4537,41,44,1085.101,181.566,37501.251,2,255,305.303,248.095,NA,1.01,0.003,180,180
4538,41,45,1091.667,181.566,37801.261,2,244,311.869,250.51,NA,6.566,0.022,0,-180
4539,41,46,1099.747,190.152,38101.271,2,255,323.659,245.862,NA,11.791,0.039,46.736,46.736
4540,41,47,1099.747,190.152,38401.281,2,255,323.659,245.862,NA,0,0,0,-46.736
4541,41,48,1099.747,190.152,38701.291,2,255,323.659,245.862,NA,0,0,0,0
4542,41,49,1099.747,190.152,39001.301,2,255,323.659,245.862,NA,0,0,0,0
4543,41,50,1102.273,195.707,39301.311,2,255,329.762,241.92,NA,6.103,0.02,65.556,65.556
4544,41,51,1102.273,195.707,39601.321,2,255,329.762,241.92,NA,0,0,0,-65.556
4545,41,52,1102.273,195.707,39901.331,2,255,329.762,241.92,NA,0,0,0,0
4546,41,53,1102.273,183.081,40201.341,2,255,342.388,253.341,NA,12.626,0.042,-90,-90
4547,41,54,1102.273,171.97,40501.351,2,255,353.499,263.482,NA,11.111,0.037,-90,0
4548,41,55,1102.273,171.97,40801.361,2,255,353.499,263.482,NA,0,0,0,90
4549,41,56,1102.273,158.838,41101.371,2,255,366.631,275.564,NA,13.131,0.044,-90,-90
4550,41,57,1102.273,157.828,41401.381,2,255,367.641,276.497,NA,1.01,0.003,-90,0
4551,41,58,1099.242,132.071,41701.391,2,255,393.576,299.414,NA,25.935,0.086,-96.71,-6.71
4552,41,59,1098.232,114.899,42001.401,2,255,410.777,315.275,NA,17.201,0.057,-93.366,3.343
4553,41,60,1098.232,114.899,42301.411,2,255,410.777,315.275,NA,0,0,0,93.366
4554,41,61,1090.152,114.899,42601.421,2,255,418.858,312.767,NA,8.081,0.027,180,180
4555,41,62,1090.152,114.899,42901.431,2,255,418.858,312.767,NA,0,0,0,-180
4556,41,63,1090.152,114.899,43201.441,2,255,418.858,312.767,NA,0,0,0,0
4557,41,64,1090.152,114.899,43501.451,2,255,418.858,312.767,NA,0,0,0,0
4558,41,65,1099.747,112.374,43801.461,2,245,428.781,318.155,NA,9.923,0.033,-14.744,-14.744
4559,41,66,1100.253,121.97,44101.471,2,255,438.39,309.26,NA,9.609,0.032,86.987,101.731
4560,41,67,1100.253,121.97,44401.481,2,255,438.39,309.26,NA,0,0,0,-86.987
4561,41,68,1100.253,121.97,44701.491,2,255,438.39,309.26,NA,0,0,0,0
4562,41,69,1100.253,121.97,45001.501,2,255,438.39,309.26,NA,0,0,0,0
4563,41,70,1105.303,121.97,45301.511,2,255,443.441,310.987,NA,5.051,0.017,0,0
4564,41,71,1105.303,121.97,45601.521,2,255,443.441,310.987,NA,0,0,0,0
4565,41,72,1105.303,121.97,45901.531,2,255,443.441,310.987,NA,0,0,0,0
4566,41,73,1104.798,114.394,46201.542,2,255,451.033,317.925,NA,7.593,0.025,-93.814,-93.814
4567,41,74,1104.798,114.394,46501.552,2,255,451.033,317.925,NA,0,0,0,93.814
4568,41,75,1104.798,114.394,46801.562,2,255,451.033,317.925,NA,0,0,0,0
4569,41,76,1104.798,108.838,47101.572,2,255,456.589,323.155,NA,5.556,0.019,-90,-90
4570,41,77,1105.808,108.838,47401.582,2,224,457.599,323.495,NA,1.01,0.003,0,90
4571,41,78,1107.828,108.838,47701.592,2,255,459.619,324.181,NA,2.02,0.007,0,0
4572,41,79,1107.828,103.283,48001.602,2,255,465.175,329.406,NA,5.556,0.019,-90,-90
4573,41,80,1107.828,103.788,48301.612,2,255,465.68,328.931,NA,0.505,0.002,90,180
4574,41,81,1108.333,97.222,48601.622,2,255,472.265,335.285,NA,6.585,0.022,-85.601,-175.601
4575,41,82,1110.859,94.697,48901.632,2,255,475.836,338.511,NA,3.571,0.012,-45,40.601
4576,41,83,1110.859,88.636,49201.642,2,255,481.897,344.223,NA,6.061,0.02,-90,-45
4577,41,84,1110.859,88.636,49501.652,2,255,481.897,344.223,NA,0,0,0,90
4578,41,85,1116.919,84.091,49801.662,2,255,489.472,350.546,NA,7.576,0.025,-36.87,-36.87
4579,41,86,1111.364,82.071,50101.672,2,255,495.384,350.588,NA,5.911,0.02,-160.017,-123.147
4580,41,87,1111.364,78.535,50401.682,2,228,498.919,353.931,NA,3.535,0.012,-90,70.017
4581,41,88,1100.253,79.545,50701.692,2,255,510.076,349.525,NA,11.157,0.037,174.806,-95.194
4582,41,89,1100.253,85.101,51001.702,2,144,515.632,344.223,NA,5.556,0.019,90,-84.806
4583,41,90,1104.293,95.707,51301.712,2,255,526.981,335.397,NA,11.35,0.038,69.146,-20.854
4584,41,91,1098.737,97.222,51601.722,2,255,532.74,332.214,NA,5.758,0.019,164.745,95.599
4585,41,92,1098.737,97.222,51901.732,2,255,532.74,332.214,NA,0,0,0,-164.745
4586,41,93,1096.212,88.636,52201.742,2,255,541.689,339.647,NA,8.95,0.03,-106.39,-106.39
4587,41,94,1101.263,83.081,52501.752,2,203,549.197,346.453,NA,7.508,0.025,-47.726,58.663
4588,41,95,1102.778,83.081,52801.762,2,197,550.712,346.913,NA,1.515,0.005,0,47.726
4589,41,96,1102.778,83.081,53101.772,2,255,550.712,346.913,NA,0,0,0,0
4590,41,97,1102.778,83.081,53401.782,2,255,550.712,346.913,NA,0,0,0,0
4591,41,98,1102.778,83.081,53701.792,2,255,550.712,346.913,NA,0,0,0,0
4592,41,99,1103.283,77.02,54001.802,2,87,556.794,352.841,NA,6.082,0.02,-85.236,-85.236
4593,41,100,1103.283,77.02,54301.812,2,239,556.794,352.841,NA,0,0,0,85.236
4594,41,101,1103.283,72.98,54601.822,2,255,560.834,356.695,NA,4.04,0.013,-90,-90
4595,41,102,1114.394,72.98,54901.832,2,176,571.946,360.17,NA,11.111,0.037,0,90
4596,41,103,1114.394,72.98,55201.842,2,251,571.946,360.17,NA,0,0,0,0
4597,41,104,1114.394,72.98,55501.852,2,255,571.946,360.17,NA,0,0,0,0
4598,41,105,1114.394,72.98,55801.862,2,231,571.946,360.17,NA,0,0,0,0
4599,41,106,1114.394,72.98,56101.872,2,222,571.946,360.17,NA,0,0,0,0
4600,41,107,1122.98,65.909,56401.882,2,169,583.068,369.704,NA,11.123,0.037,-39.472,-39.472
4601,41,108,1131.566,54.798,56701.892,2,244,597.11,383.103,NA,14.042,0.047,-52.306,-12.833
4602,41,109,1131.566,54.798,57001.902,2,229,597.11,383.103,NA,0,0,0,52.306
4603,41,110,1131.566,44.697,57301.912,2,217,607.211,392.574,NA,10.101,0.034,-90,-90
4604,41,111,1141.162,44.697,57601.922,2,189,616.807,395.972,NA,9.596,0.032,0,90
4605,41,112,1141.667,38.636,57901.932,2,196,622.889,401.803,NA,6.082,0.02,-85.236,-85.236
4606,41,113,1147.222,32.071,58201.942,2,222,631.489,409.941,NA,8.601,0.029,-49.764,35.473
4607,41,114,1147.727,30.051,58501.952,2,183,633.572,412.005,NA,2.082,0.007,-75.964,-26.2
4608,42,1,620.455,300.758,13200.44,2,255,0,0,NA,NA,NA,NA,NA
4609,42,2,620.455,300.758,13500.45,2,255,0,0,NA,0,0,0,NA
4610,42,3,620.455,296.212,13800.46,2,255,4.545,4.545,NA,4.545,0.015,-90,-90
4611,42,4,620.455,295.455,14100.47,2,255,5.303,5.303,NA,0.758,0.003,-90,0
4612,42,5,606.818,295.455,14400.48,2,255,18.939,14.631,NA,13.636,0.045,180,-90
4613,42,6,606.061,293.182,14700.49,2,255,21.335,16.266,NA,2.396,0.008,-108.435,71.565
4614,42,7,603.03,290.909,15000.5,2,255,25.123,20.015,NA,3.788,0.013,-143.13,-34.695
4615,42,8,603.03,290.909,15300.51,2,255,25.123,20.015,NA,0,0,0,143.13
4616,42,9,596.212,288.636,15600.521,2,255,32.31,27.104,NA,7.187,0.024,-161.565,-161.565
4617,42,10,593.939,284.091,15900.531,2,255,37.392,31.318,NA,5.082,0.017,-116.565,45
4618,42,11,593.939,284.091,16200.541,2,255,37.392,31.318,NA,0,0,0,116.565
4619,42,12,593.939,293.182,16500.551,2,255,46.483,27.576,NA,9.091,0.03,90,90
4620,42,13,590.909,293.182,16800.561,2,80,49.513,30.501,NA,3.03,0.01,180,90
4621,42,14,583.333,286.364,17100.571,2,255,59.705,39.814,NA,10.192,0.034,-138.013,41.987
4622,42,15,583.333,272.727,17400.581,2,255,73.342,46.515,NA,13.636,0.045,-90,48.013
4623,42,16,589.394,272.727,17700.591,2,255,79.402,41.838,NA,6.061,0.02,0,90
4624,42,17,592.424,281.818,18000.601,2,255,88.985,33.829,NA,9.583,0.032,71.565,71.565
4625,42,18,589.394,282.197,18300.611,2,255,92.039,36.184,NA,3.054,0.01,172.875,101.31
4626,42,19,584.848,285.606,18600.621,2,255,97.721,38.696,NA,5.682,0.019,143.13,-29.745
4627,42,20,583.712,291.288,18900.631,2,255,103.515,37.943,NA,5.794,0.019,101.31,-41.82
4628,42,21,583.712,291.288,19200.641,2,255,103.515,37.943,NA,0,0,0,-101.31
4629,42,22,590.152,299.242,19500.651,2,255,113.749,30.341,NA,10.234,0.034,51.009,51.009
4630,42,23,592.424,297.348,19800.661,2,255,116.708,28.237,NA,2.958,0.01,-39.806,-90.815
4631,42,24,594.697,298.864,20100.671,2,255,119.439,25.827,NA,2.731,0.009,33.69,73.496
4632,42,25,594.697,298.864,20400.681,2,255,119.439,25.827,NA,0,0,0,-33.69
4633,42,26,594.697,298.864,20700.691,2,255,119.439,25.827,NA,0,0,0,0
4634,42,27,594.697,298.864,21000.701,2,255,119.439,25.827,NA,0,0,0,0
4635,42,28,602.273,298.864,21300.711,2,255,127.015,18.28,NA,7.576,0.025,0,0
4636,42,29,602.652,298.864,21600.721,2,255,127.394,17.903,NA,0.379,0.001,0,0
4637,42,30,604.545,297.348,21900.731,2,255,129.819,16.27,NA,2.425,0.008,-38.66,-38.66
4638,42,31,606.061,290.53,22200.741,2,255,136.804,17.657,NA,6.985,0.023,-77.471,-38.811
4639,42,32,609.47,283.333,22500.751,2,255,144.767,20.598,NA,7.964,0.027,-64.654,12.817
4640,42,33,609.848,281.061,22800.761,2,255,147.071,22.371,NA,2.304,0.008,-80.538,-15.884
4641,42,34,609.848,281.061,23100.771,2,255,147.071,22.371,NA,0,0,0,80.538
4642,42,35,609.848,281.061,23400.781,2,255,147.071,22.371,NA,0,0,0,0
4643,42,36,609.848,281.061,23700.791,2,255,147.071,22.371,NA,0,0,0,0
4644,42,37,609.848,274.242,24000.801,2,255,153.889,28.558,NA,6.818,0.023,-90,-90
4645,42,38,609.848,273.864,24300.811,2,255,154.268,28.91,NA,0.379,0.001,-90,0
4646,42,39,609.848,273.864,24600.821,2,255,154.268,28.91,NA,0,0,0,90
4647,42,40,608.333,279.545,24900.831,2,255,160.149,24.431,NA,5.88,0.02,104.931,104.931
4648,42,41,613.636,280.682,25200.841,2,255,165.572,21.202,NA,5.423,0.018,12.095,-92.837
4649,42,42,613.636,280.682,25500.851,2,255,165.572,21.202,NA,0,0,0,-12.095
4650,42,43,617.424,277.273,25800.861,2,255,170.668,23.68,NA,5.096,0.017,-41.987,-41.987
4651,42,44,621.97,277.273,26100.871,2,255,175.214,23.534,NA,4.545,0.015,0,41.987
4652,42,45,621.97,277.273,26400.881,2,255,175.214,23.534,NA,0,0,0,0
4653,42,46,619.697,273.864,26700.891,2,255,179.311,26.905,NA,4.097,0.014,-123.69,-123.69
4654,42,47,619.697,262.5,27000.901,2,255,190.674,38.265,NA,11.364,0.038,-90,33.69
4655,42,48,622.348,262.5,27300.911,2,255,193.326,38.304,NA,2.652,0.009,0,90
4656,42,49,622.348,262.5,27600.921,2,255,193.326,38.304,NA,0,0,0,0
4657,42,50,622.348,262.5,27900.931,2,255,193.326,38.304,NA,0,0,0,0
4658,42,51,622.348,262.5,28200.941,2,255,193.326,38.304,NA,0,0,0,0
4659,42,52,622.348,262.5,28500.951,2,255,193.326,38.304,NA,0,0,0,0
4660,42,53,622.727,259.848,28800.961,2,255,196.004,40.972,NA,2.678,0.009,-81.87,-81.87
4661,42,54,622.727,259.848,29100.971,2,255,196.004,40.972,NA,0,0,0,81.87
4662,42,55,623.485,263.636,29400.981,2,255,199.867,37.245,NA,3.863,0.013,78.69,78.69
4663,42,56,625,266.288,29700.991,2,255,202.921,34.768,NA,3.054,0.01,60.255,-18.435
4664,42,57,625,266.288,30001.001,2,255,202.921,34.768,NA,0,0,0,-60.255
4665,42,58,631.439,265.152,30301.011,2,255,209.46,37.262,NA,6.539,0.022,-10.008,-10.008
4666,42,59,635.606,257.955,30601.021,2,255,217.776,45.406,NA,8.316,0.028,-59.931,-49.923
4667,42,60,638.258,260.985,30901.031,2,255,221.803,43.575,NA,4.027,0.013,48.814,108.745
4668,42,61,638.258,260.985,31201.041,2,255,221.803,43.575,NA,0,0,0,-48.814
4669,42,62,645.455,263.636,31501.051,2,255,229.473,44.755,NA,7.67,0.026,20.225,20.225
4670,42,63,645.455,263.636,31801.061,2,255,229.473,44.755,NA,0,0,0,-20.225
4671,42,64,645.455,257.955,32101.071,2,255,235.154,49.569,NA,5.682,0.019,-90,-90
4672,42,65,645.455,246.591,32401.081,2,255,246.518,59.658,NA,11.364,0.038,-90,0
4673,42,66,645.455,253.409,32701.091,2,255,253.336,53.543,NA,6.818,0.023,90,180
4674,42,67,650,253.409,33001.101,2,255,257.882,55.811,NA,4.545,0.015,0,-90
4675,42,68,650,253.409,33301.111,2,255,257.882,55.811,NA,0,0,0,0
4676,42,69,650,248.106,33601.121,2,255,263.185,60.375,NA,5.303,0.018,-90,-90
4677,42,70,649.242,244.697,33901.131,2,255,266.677,63.02,NA,3.492,0.012,-102.529,-12.529
4678,42,71,649.242,244.697,34201.141,2,255,266.677,63.02,NA,0,0,0,102.529
4679,42,72,649.621,244.697,34501.151,2,255,267.056,63.194,NA,0.379,0.001,0,0
4680,42,73,649.621,244.697,34801.161,2,255,267.056,63.194,NA,0,0,0,0
4681,42,74,649.621,244.697,35101.171,2,255,267.056,63.194,NA,0,0,0,0
4682,42,75,651.515,238.636,35401.181,2,255,273.405,69.454,NA,6.35,0.021,-72.646,-72.646
4683,42,76,652.273,231.061,35701.191,2,255,281.019,76.616,NA,7.614,0.025,-84.289,-11.643
4684,42,77,654.924,235.985,36001.201,2,255,286.612,73.373,NA,5.593,0.019,61.699,145.989
4685,42,78,664.394,235.985,36301.211,2,255,296.081,78.27,NA,9.47,0.032,0,-61.699
4686,42,79,664.394,235.985,36601.221,2,255,296.081,78.27,NA,0,0,0,0
4687,42,80,670.833,235.985,36901.231,2,255,302.521,82.058,NA,6.439,0.021,0,0
4688,42,81,670.833,231.061,37201.241,2,255,307.445,85.998,NA,4.924,0.016,-90,-90
4689,42,82,670.455,225,37501.251,2,255,313.517,90.77,NA,6.072,0.02,-93.576,-3.576
4690,42,83,680.303,224.621,37801.261,2,255,323.373,96.843,NA,9.856,0.033,-2.203,91.374
4691,42,84,666.288,224.621,38101.271,2,255,337.388,88.868,NA,14.015,0.047,180,-177.797
4692,42,85,665.152,222.348,38401.281,2,255,339.929,90.254,NA,2.541,0.008,-116.565,63.435
4693,42,86,656.061,221.591,38701.291,2,255,349.052,86.805,NA,9.122,0.03,-175.236,-58.671
4694,42,87,656.818,218.182,39001.301,2,255,352.544,90.228,NA,3.492,0.012,-77.471,97.765
4695,42,88,656.818,218.182,39301.311,2,255,352.544,90.228,NA,0,0,0,77.471
4696,42,89,656.818,218.182,39601.321,2,255,352.544,90.228,NA,0,0,0,0
4697,42,90,656.818,218.182,39901.331,2,255,352.544,90.228,NA,0,0,0,0
4698,42,91,656.818,218.182,40201.341,2,255,352.544,90.228,NA,0,0,0,0
4699,42,92,661.742,218.182,40501.351,2,255,357.468,92.323,NA,4.924,0.016,0,0
4700,42,93,661.742,217.424,40801.361,2,255,358.226,93.001,NA,0.758,0.003,-90,-90
4701,42,94,657.197,212.121,41101.371,2,255,365.21,95.95,NA,6.985,0.023,-130.601,-40.601
4702,42,95,657.576,203.03,41401.381,2,255,374.309,104.54,NA,9.099,0.03,-87.614,42.987
4703,42,96,656.818,187.121,41701.391,2,255,390.236,119.313,NA,15.927,0.053,-92.726,-5.112
4704,42,97,649.242,177.273,42001.401,2,255,402.661,126.796,NA,12.425,0.041,-127.569,-34.842
4705,42,98,636.364,166.667,42301.411,2,255,419.345,135.031,NA,16.684,0.056,-140.528,-12.959
4706,42,99,621.591,156.439,42601.421,2,205,437.313,144.323,NA,17.967,0.06,-145.305,-4.777
4707,42,100,626.136,156.061,42901.431,2,255,441.874,144.808,NA,4.561,0.015,-4.764,140.541
4708,42,101,625.379,146.591,43201.441,2,255,451.374,154.245,NA,9.5,0.032,-94.574,-89.81
4709,42,102,625.379,148.106,43501.451,2,255,452.889,152.731,NA,1.515,0.005,90,-175.426
4710,42,103,625.379,147.348,43801.461,2,107,453.647,153.488,NA,0.758,0.003,-90,-180
4711,42,104,618.939,109.47,44101.471,2,255,492.069,191.294,NA,38.422,0.128,-99.648,-9.648
4712,42,105,608.712,94.318,44401.481,2,255,510.349,206.773,NA,18.28,0.061,-124.019,-24.371
4713,42,106,608.712,91.288,44701.491,2,255,513.379,209.799,NA,3.03,0.01,-90,34.019
4714,42,107,620.076,93.561,45001.501,2,255,524.968,207.197,NA,11.589,0.039,11.31,101.31
4715,42,108,619.697,93.182,45301.511,2,255,525.504,207.577,NA,0.536,0.002,-135,-146.31
4716,42,109,619.697,86.742,45601.521,2,255,531.943,214.016,NA,6.439,0.021,-90,45
4717,42,110,619.697,64.394,45901.531,2,255,554.292,236.365,NA,22.348,0.074,-90,0
4718,42,111,619.697,56.818,46201.542,2,255,561.867,243.941,NA,7.576,0.025,-90,0
4719,42,112,619.697,53.788,46501.552,2,255,564.898,246.971,NA,3.03,0.01,-90,0
4720,43,1,629.04,344.697,14100.47,2,255,0,0,NA,NA,NA,NA,NA
4721,43,2,621.97,344.697,14400.48,2,255,7.071,7.071,NA,7.071,0.024,180,NA
4722,43,3,621.97,348.232,14700.49,2,255,10.606,7.905,NA,3.535,0.012,90,-90
4723,43,4,615.404,348.232,15000.5,2,255,17.172,14.087,NA,6.566,0.022,180,90
4724,43,5,615.404,348.232,15300.51,2,255,17.172,14.087,NA,0,0,0,-180
4725,43,6,615.404,348.232,15600.521,2,255,17.172,14.087,NA,0,0,0,0
4726,43,7,615.404,348.232,15900.531,2,255,17.172,14.087,NA,0,0,0,0
4727,43,8,615.404,348.232,16200.541,2,255,17.172,14.087,NA,0,0,0,0
4728,43,9,615.404,348.232,16500.551,2,255,17.172,14.087,NA,0,0,0,0
4729,43,10,615.404,338.131,16800.561,2,255,27.273,15.135,NA,10.101,0.034,-90,-90
4730,43,11,612.374,334.091,17100.571,2,255,32.323,19.755,NA,5.051,0.017,-126.87,-36.87
4731,43,12,612.374,334.091,17400.581,2,255,32.323,19.755,NA,0,0,0,126.87
4732,43,13,603.788,333.586,17700.591,2,255,40.924,27.589,NA,8.601,0.029,-176.634,-176.634
4733,43,14,603.788,333.081,18000.601,2,255,41.429,27.796,NA,0.505,0.002,-90,86.634
4734,43,15,603.788,333.081,18300.611,2,255,41.429,27.796,NA,0,0,0,90
4735,43,16,582.071,331.566,18600.621,2,255,63.199,48.771,NA,21.77,0.073,-176.009,-176.009
4736,43,17,581.061,327.02,18900.631,2,255,67.855,51.132,NA,4.656,0.016,-102.529,73.48
4737,43,18,581.061,327.02,19200.641,2,255,67.855,51.132,NA,0,0,0,102.529
4738,43,19,581.061,327.02,19500.651,2,255,67.855,51.132,NA,0,0,0,0
4739,43,20,574.495,327.02,19800.661,2,255,74.421,57.338,NA,6.566,0.022,180,180
4740,43,21,590.152,327.525,20100.671,2,255,90.086,42.511,NA,15.665,0.052,1.848,-178.152
4741,43,22,590.152,333.081,20400.681,2,255,95.641,40.587,NA,5.556,0.019,90,88.152
4742,43,23,590.152,333.586,20700.691,2,255,96.146,40.445,NA,0.505,0.002,90,0
4743,43,24,598.232,333.586,21000.701,2,255,104.227,32.75,NA,8.081,0.027,0,-90
4744,43,25,600.758,332.071,21300.711,2,255,107.172,30.973,NA,2.945,0.01,-30.964,-30.964
4745,43,26,603.283,330.051,21600.721,2,255,110.406,29.631,NA,3.234,0.011,-38.66,-7.696
4746,43,27,606.313,328.03,21900.731,2,255,114.048,28.183,NA,3.642,0.012,-33.69,4.97
4747,43,28,609.848,328.03,22200.741,2,255,117.583,25.419,NA,3.535,0.012,0,33.69
4748,43,29,609.848,328.03,22500.751,2,255,117.583,25.419,NA,0,0,0,0
4749,43,30,609.848,331.061,22800.761,2,255,120.614,23.543,NA,3.03,0.01,90,90
4750,43,31,609.848,329.545,23100.771,2,255,122.129,24.452,NA,1.515,0.005,-90,-180
4751,43,32,609.848,321.465,23400.781,2,255,130.209,30.134,NA,8.081,0.027,-90,0
4752,43,33,609.848,311.869,23700.791,2,51,139.805,38.027,NA,9.596,0.032,-90,0
4753,43,34,631.566,281.566,24000.801,2,255,177.087,63.182,NA,37.281,0.124,-54.372,35.628
4754,43,35,632.071,262.374,24300.811,2,255,196.285,82.379,NA,19.199,0.064,-88.493,-34.12
4755,43,36,640.152,247.222,24600.821,2,255,213.457,98.106,NA,17.172,0.057,-61.928,26.565
4756,43,37,643.182,247.222,24900.831,2,255,216.488,98.495,NA,3.03,0.01,0,61.928
4757,43,38,643.182,247.222,25200.841,2,255,216.488,98.495,NA,0,0,0,0
4758,43,39,643.182,247.222,25500.851,2,255,216.488,98.495,NA,0,0,0,0
4759,43,40,638.131,245.707,25800.861,2,255,221.76,99.406,NA,5.273,0.018,-163.301,-163.301
4760,43,41,638.131,235.101,26100.871,2,255,232.366,109.972,NA,10.606,0.035,-90,73.301
4761,43,42,659.343,214.394,26400.881,2,255,262.01,133.78,NA,29.643,0.099,-44.31,45.69
4762,43,43,663.384,206.818,26700.891,2,255,270.596,142.092,NA,8.586,0.029,-61.928,-17.618
4763,43,44,671.465,193.687,27000.901,2,255,286.014,156.856,NA,15.419,0.051,-58.392,3.535
4764,43,45,671.465,194.192,27300.911,2,255,286.519,156.37,NA,0.505,0.002,90,148.392
4765,43,46,679.545,194.192,27600.921,2,255,294.6,158.753,NA,8.081,0.027,0,-90
4766,43,47,699.242,191.667,27900.931,2,255,314.458,168.364,NA,19.858,0.066,-7.306,-7.306
4767,43,48,709.343,186.616,28200.941,2,255,325.752,177.308,NA,11.293,0.038,-26.565,-19.259
4768,43,49,716.919,180.051,28500.951,2,255,335.777,186.631,NA,10.025,0.033,-40.914,-14.349
4769,43,50,716.919,180.051,28800.961,2,255,335.777,186.631,NA,0,0,0,40.914
4770,43,51,720.455,172.98,29100.971,2,255,343.682,194.534,NA,7.905,0.026,-63.435,-63.435
4771,43,52,720.455,172.98,29400.981,2,255,343.682,194.534,NA,0,0,0,63.435
4772,43,53,714.899,173.485,29700.991,2,255,349.26,191.534,NA,5.578,0.019,174.806,174.806
4773,43,54,720.455,173.485,30001.001,2,255,354.816,194.088,NA,5.556,0.019,0,-174.806
4774,43,55,730.556,176.01,30301.011,2,255,365.228,196.877,NA,10.412,0.035,14.036,14.036
4775,43,56,750.253,177.525,30601.021,2,237,384.983,206.492,NA,19.755,0.066,4.399,-9.638
4776,43,57,752.778,172.475,30901.031,2,255,390.63,212.065,NA,5.647,0.019,-63.435,-67.834
4777,43,58,754.798,170.455,31201.041,2,255,393.487,214.885,NA,2.857,0.01,-45,18.435
4778,43,59,756.818,174.495,31501.051,2,255,398.004,212.828,NA,4.517,0.015,63.435,108.435
4779,43,60,756.818,183.586,31801.061,2,255,407.095,205.631,NA,9.091,0.03,90,26.565
4780,43,61,756.818,183.586,32101.071,2,255,407.095,205.631,NA,0,0,0,-90
4781,43,62,758.838,183.586,32401.081,2,255,409.115,206.892,NA,2.02,0.007,0,0
4782,43,63,758.838,183.586,32701.091,2,255,409.115,206.892,NA,0,0,0,0
4783,43,64,758.838,169.949,33001.101,2,255,422.751,217.679,NA,13.636,0.045,-90,-90
4784,43,65,760.859,167.929,33301.111,2,255,425.608,220.506,NA,2.857,0.01,-45,45
4785,43,66,750.253,141.667,33601.121,2,255,453.932,236.461,NA,28.323,0.094,-111.991,-66.991
4786,43,67,754.293,152.273,33901.131,2,255,465.281,229.598,NA,11.35,0.038,69.146,-178.863
4787,43,68,754.798,152.273,34201.141,2,255,465.786,229.874,NA,0.505,0.002,0,-69.146
4788,43,69,754.798,152.273,34501.151,2,255,465.786,229.874,NA,0,0,0,0
4789,43,70,754.798,152.273,34801.161,2,255,465.786,229.874,NA,0,0,0,0
4790,43,71,766.919,152.273,35101.171,2,255,477.908,236.723,NA,12.121,0.04,0,0
4791,43,72,773.99,147.727,35401.181,2,255,486.313,244.556,NA,8.406,0.028,-32.735,-32.735
4792,43,73,773.99,140.152,35701.191,2,255,493.889,250.697,NA,7.576,0.025,-90,-57.265
4793,43,74,765.404,140.152,36001.201,2,255,502.475,245.833,NA,8.586,0.029,180,-90
4794,43,75,751.768,129.04,36301.211,2,255,520.065,248.133,NA,17.59,0.059,-140.826,39.174
4795,43,76,740.152,114.899,36601.221,2,255,538.366,255.25,NA,18.301,0.061,-129.401,11.426
4796,43,77,743.182,93.182,36901.231,2,255,560.293,276.203,NA,21.928,0.073,-82.057,47.344
4797,43,78,743.182,93.182,37201.241,2,255,560.293,276.203,NA,0,0,0,82.057
4798,43,79,742.172,86.111,37501.251,2,255,567.436,282.25,NA,7.142,0.024,-98.13,-98.13
4799,43,80,747.727,76.515,37801.261,2,255,578.524,293.271,NA,11.088,0.037,-59.931,38.199
4800,43,81,747.727,80.556,38101.271,2,255,582.564,289.581,NA,4.04,0.013,90,149.931
4801,43,82,752.778,80.556,38401.281,2,255,587.615,291.688,NA,5.051,0.017,0,-90
4802,43,83,752.778,79.545,38701.291,2,255,588.625,292.603,NA,1.01,0.003,-90,-90
4803,43,84,755.808,80.556,39001.301,2,255,591.819,292.986,NA,3.194,0.011,18.435,108.435
4804,43,85,755.808,80.556,39301.311,2,255,591.819,292.986,NA,0,0,0,-18.435
4805,43,86,755.808,73.485,39601.321,2,255,598.89,299.376,NA,7.071,0.024,-90,-90
4806,43,87,755.808,73.485,39901.331,2,255,598.89,299.376,NA,0,0,0,90
4807,43,88,755.808,73.485,40201.341,2,255,598.89,299.376,NA,0,0,0,0
4808,43,89,755.808,73.485,40501.351,2,255,598.89,299.376,NA,0,0,0,0
4809,43,90,755.808,73.485,40801.361,2,255,598.89,299.376,NA,0,0,0,0
4810,43,91,755.808,73.485,41101.371,2,255,598.89,299.376,NA,0,0,0,0
4811,43,92,755.808,73.485,41401.381,2,255,598.89,299.376,NA,0,0,0,0
4812,43,93,755.808,73.485,41701.391,2,255,598.89,299.376,NA,0,0,0,0
4813,43,94,755.808,73.485,42001.401,2,255,598.89,299.376,NA,0,0,0,0
4814,43,95,755.808,73.485,42301.411,2,255,598.89,299.376,NA,0,0,0,0
4815,43,96,755.808,73.485,42601.421,2,255,598.89,299.376,NA,0,0,0,0
4816,43,97,761.364,69.949,42901.431,2,255,605.475,304.952,NA,6.585,0.022,-32.471,-32.471
4817,43,98,761.869,69.949,43201.441,2,255,605.98,305.171,NA,0.505,0.002,0,32.471
4818,43,99,761.869,69.444,43501.451,2,255,606.485,305.626,NA,0.505,0.002,-90,-90
4819,43,100,761.869,64.899,43801.461,2,255,611.03,309.726,NA,4.545,0.015,-90,0
4820,43,101,761.869,64.899,44101.471,2,255,611.03,309.726,NA,0,0,0,90
4821,43,102,761.869,57.323,44401.481,2,255,618.606,316.587,NA,7.576,0.025,-90,-90
4822,43,103,761.869,57.323,44701.491,2,255,618.606,316.587,NA,0,0,0,90
4823,43,104,765.909,57.323,45001.501,2,255,622.647,318.303,NA,4.04,0.013,0,0
4824,43,105,765.909,53.283,45301.511,2,255,626.687,321.955,NA,4.04,0.013,-90,-90
4825,43,106,765.909,53.283,45601.521,2,255,626.687,321.955,NA,0,0,0,90
4826,43,107,765.909,53.283,45901.531,2,255,626.687,321.955,NA,0,0,0,0
4827,43,108,761.869,53.283,46201.542,2,255,630.727,320.259,NA,4.04,0.013,180,180
4828,43,109,761.869,55.808,46501.552,2,255,633.253,317.962,NA,2.525,0.008,90,-90
4829,43,110,761.869,58.838,46801.562,2,255,636.283,315.212,NA,3.03,0.01,90,0
4830,43,111,753.283,58.838,47101.572,2,255,644.869,311.691,NA,8.586,0.029,180,90
4831,43,112,745.202,58.838,47401.582,2,255,652.95,308.559,NA,8.081,0.027,180,0
4832,43,113,745.202,51.263,47701.592,2,255,660.525,315.59,NA,7.576,0.025,-90,90
4833,43,114,745.707,51.263,48001.602,2,255,661.03,315.777,NA,0.505,0.002,0,90
4834,43,115,744.697,43.182,48301.612,2,255,669.174,322.936,NA,8.144,0.027,-97.125,-97.125
4835,43,116,729.04,38.636,48601.622,2,177,685.477,321.983,NA,16.303,0.054,-163.811,-66.686
4836,43,117,729.04,17.424,48901.632,2,255,706.689,342.21,NA,21.212,0.071,-90,73.811
4837,43,118,728.03,8.838,49201.642,2,255,715.334,350.143,NA,8.645,0.029,-96.71,-6.71
4838,43,119,728.03,3.788,49501.652,2,255,720.385,354.99,NA,5.051,0.017,-90,6.71
4839,44,1,555.682,672.727,29400.981,2,199,0,0,NA,NA,NA,NA,NA
4840,44,2,555.682,672.727,29700.991,2,162,0,0,NA,0,0,0,NA
4841,44,3,555.682,672.727,30001.001,2,252,0,0,NA,0,0,0,0
4842,44,4,551.136,672.727,30301.011,2,255,4.545,4.545,NA,4.545,0.015,180,180
4843,44,5,550.758,671.212,30601.021,2,255,6.107,5.152,NA,1.562,0.005,-104.036,75.964
4844,44,6,550.758,671.212,30901.031,2,255,6.107,5.152,NA,0,0,0,104.036
4845,44,7,548.864,670.455,31201.041,2,255,8.147,7.187,NA,2.04,0.007,-158.199,-158.199
4846,44,8,540.53,670.455,31501.051,2,250,16.48,15.321,NA,8.333,0.028,180,-21.801
4847,44,9,540.53,670.455,31801.061,2,255,16.48,15.321,NA,0,0,0,-180
4848,44,10,540.53,676.515,32101.071,2,255,22.541,15.618,NA,6.061,0.02,90,90
4849,44,11,542.803,677.652,32401.081,2,225,25.082,13.788,NA,2.541,0.008,26.565,-63.435
4850,44,12,545.455,675,32701.091,2,248,28.832,10.477,NA,3.75,0.012,-45,-71.565
4851,44,13,548.485,673.864,33001.101,2,255,32.068,7.286,NA,3.236,0.011,-20.556,24.444
4852,44,14,549.621,672.727,33301.111,2,255,33.675,6.061,NA,1.607,0.005,-45,-24.444
4853,44,15,549.621,672.727,33601.121,2,255,33.675,6.061,NA,0,0,0,45
4854,44,16,549.621,672.727,33901.131,2,255,33.675,6.061,NA,0,0,0,0
4855,44,17,549.621,672.727,34201.141,2,255,33.675,6.061,NA,0,0,0,0
4856,44,18,549.621,672.727,34501.151,2,255,33.675,6.061,NA,0,0,0,0
4857,44,19,549.621,672.727,34801.161,2,201,33.675,6.061,NA,0,0,0,0
4858,44,20,550.379,670.833,35101.171,2,255,35.715,5.631,NA,2.04,0.007,-68.199,-68.199
4859,44,21,550,670.833,35401.181,2,194,36.094,5.989,NA,0.379,0.001,180,-111.801
4860,44,22,550,661.742,35701.191,2,255,45.185,12.367,NA,9.091,0.03,-90,90
4861,44,23,550,661.742,36001.201,2,255,45.185,12.367,NA,0,0,0,90
4862,44,24,550,647.727,36301.211,2,111,59.2,25.638,NA,14.015,0.047,-90,-90
4863,44,25,554.924,642.803,36601.221,2,255,66.164,29.934,NA,6.964,0.023,-45,45
4864,44,26,556.439,635.985,36901.231,2,255,73.148,36.75,NA,6.985,0.023,-77.471,-32.471
4865,44,27,556.439,627.273,37201.241,2,201,81.86,45.461,NA,8.712,0.029,-90,-12.529
4866,44,28,556.818,631.061,37501.251,2,255,85.667,41.682,NA,3.807,0.013,84.289,174.289
4867,44,29,557.197,623.485,37801.261,2,104,93.252,49.266,NA,7.585,0.025,-87.138,-171.427
4868,44,30,557.197,626.136,38101.271,2,255,95.904,46.616,NA,2.652,0.009,90,177.138
4869,44,31,548.106,626.136,38401.281,2,255,104.995,47.203,NA,9.091,0.03,180,90
4870,44,32,542.803,621.212,38701.291,2,255,112.232,53.101,NA,7.237,0.024,-137.121,42.879
4871,44,33,542.803,621.212,39001.301,2,255,112.232,53.101,NA,0,0,0,137.121
4872,44,34,547.348,621.212,39301.311,2,255,116.777,52.185,NA,4.545,0.015,0,0
4873,44,35,550.379,621.212,39601.321,2,255,119.807,51.787,NA,3.03,0.01,0,0
4874,44,36,551.136,612.121,39901.331,2,255,128.93,60.776,NA,9.122,0.03,-85.236,-85.236
4875,44,37,551.136,612.121,40201.341,2,255,128.93,60.776,NA,0,0,0,85.236
4876,44,38,545.076,614.394,40501.351,2,255,135.403,59.29,NA,6.473,0.022,159.444,159.444
4877,44,39,542.424,614.394,40801.361,2,255,138.054,59.821,NA,2.652,0.009,180,20.556
4878,44,40,535.227,617.803,41101.371,2,255,146.018,58.609,NA,7.964,0.027,154.654,-25.346
4879,44,41,529.545,623.485,41401.381,2,255,154.053,55.749,NA,8.035,0.027,135,-19.654
4880,44,42,522.348,620.833,41701.391,2,255,161.723,61.677,NA,7.67,0.026,-159.775,65.225
4881,44,43,515.152,620.833,42001.401,2,255,168.92,65.846,NA,7.197,0.024,180,-20.225
4882,44,44,515.152,620.833,42301.411,2,255,168.92,65.846,NA,0,0,0,-180
4883,44,45,515.152,620.833,42601.421,2,255,168.92,65.846,NA,0,0,0,0
4884,44,46,514.773,622.727,42901.431,2,255,170.851,64.603,NA,1.931,0.006,101.31,101.31
4885,44,47,509.47,622.727,43201.441,2,255,176.154,68.085,NA,5.303,0.018,180,78.69
4886,44,48,509.091,622.727,43501.451,2,255,176.533,68.343,NA,0.379,0.001,180,0
4887,44,49,506.818,626.136,43801.461,2,255,180.63,67.516,NA,4.097,0.014,123.69,-56.31
4888,44,50,506.818,631.061,44101.471,2,255,185.554,64.217,NA,4.924,0.016,90,-33.69
4889,44,51,500.758,631.061,44401.481,2,255,191.615,68.94,NA,6.061,0.02,180,90
4890,44,52,498.485,628.03,44701.491,2,255,195.403,72.59,NA,3.788,0.013,-126.87,53.13
4891,44,53,488.258,618.182,45001.501,2,255,209.601,86.725,NA,14.198,0.047,-136.081,-9.211
4892,44,54,484.091,612.121,45301.511,2,255,216.956,93.8,NA,7.355,0.025,-124.509,11.572
4893,44,55,484.091,612.121,45601.521,2,255,216.956,93.8,NA,0,0,0,124.509
4894,44,56,464.394,610.227,45901.531,2,255,236.744,110.633,NA,19.788,0.066,-174.508,-174.508
4895,44,57,450.379,610.227,46201.542,2,255,250.759,122.454,NA,14.015,0.047,180,-5.492
4896,44,58,431.818,608.333,46501.552,2,255,269.416,139.602,NA,18.657,0.062,-174.174,5.826
4897,44,59,421.591,603.409,46801.562,2,255,280.767,150.948,NA,11.351,0.038,-154.29,19.884
4898,44,60,419.697,597.727,47101.572,2,255,286.756,155.296,NA,5.989,0.02,-108.435,45.855
4899,44,61,417.045,596.212,47401.582,2,255,289.81,158.35,NA,3.054,0.01,-150.255,-41.82
4900,44,62,416.288,596.212,47701.592,2,255,290.567,159.013,NA,0.758,0.003,180,-29.745
4901,44,63,407.197,591.288,48001.602,2,255,300.906,169.352,NA,10.339,0.034,-151.557,28.443
4902,44,64,400.379,585.985,48301.612,2,255,309.544,177.886,NA,8.638,0.029,-142.125,9.432
4903,44,65,388.636,585.985,48601.622,2,255,321.287,188.224,NA,11.742,0.039,180,-37.875
4904,44,66,388.636,585.985,48901.632,2,255,321.287,188.224,NA,0,0,0,-180
4905,44,67,376.515,576.136,49201.642,2,255,336.904,203.545,NA,15.618,0.052,-140.906,-140.906
4906,44,68,369.318,568.182,49501.652,2,255,347.631,213.685,NA,10.727,0.036,-132.138,8.769
4907,44,69,369.318,568.182,49801.662,2,255,347.631,213.685,NA,0,0,0,132.138
4908,44,70,364.773,560.227,50101.672,2,255,356.793,221.591,NA,9.162,0.031,-119.745,-119.745
4909,44,71,355.682,553.409,50401.682,2,255,368.157,232.888,NA,11.364,0.038,-143.13,-23.385
4910,44,72,348.864,544.318,50701.692,2,255,379.52,243.439,NA,11.364,0.038,-126.87,16.26
4911,44,73,348.485,523.864,51001.702,2,255,399.978,255.129,NA,20.458,0.068,-91.061,35.809
4912,44,74,332.576,506.818,51301.712,2,255,423.295,278.033,NA,23.316,0.078,-133.025,-41.964
4913,44,75,326.136,492.045,51601.722,2,255,439.41,292.125,NA,16.115,0.054,-113.552,19.473
4914,44,76,326.136,492.045,51901.732,2,255,439.41,292.125,NA,0,0,0,113.552
4915,44,77,326.136,492.045,52201.742,2,255,439.41,292.125,NA,0,0,0,0
4916,44,78,312.879,483.712,52501.752,2,255,455.069,307.701,NA,15.659,0.052,-147.848,-147.848
4917,44,79,309.091,480.303,52801.762,2,255,460.165,312.785,NA,5.096,0.017,-138.013,9.835
4918,44,80,297.348,480.303,53101.772,2,255,471.907,322.123,NA,11.742,0.039,180,-41.987
4919,44,81,283.712,487.121,53401.782,2,255,487.153,329.268,NA,15.246,0.051,153.435,-26.565
4920,44,82,271.212,506.439,53701.792,2,255,510.163,329.507,NA,23.01,0.077,122.905,-30.53
4921,44,83,263.258,506.439,54001.802,2,255,518.118,336.398,NA,7.955,0.027,180,57.095
4922,44,84,251.515,506.439,54301.812,2,255,529.86,346.654,NA,11.742,0.039,180,0
4923,44,85,250,510.227,54601.822,2,255,533.94,346.19,NA,4.08,0.014,111.801,-68.199
4924,44,86,237.121,510.227,54901.832,2,255,546.818,357.613,NA,12.879,0.043,180,68.199
4925,44,87,231.061,512.879,55201.842,2,255,553.434,361.843,NA,6.615,0.022,156.371,-23.629
4926,44,88,220.076,509.848,55501.852,2,255,564.829,373.043,NA,11.395,0.038,-164.578,39.052
4927,44,89,220.076,509.848,55801.862,2,255,564.829,373.043,NA,0,0,0,164.578
4928,44,90,210.606,509.848,56101.872,2,255,574.299,381.585,NA,9.47,0.032,180,180
4929,44,91,182.197,501.136,56401.882,2,255,604.013,411.016,NA,29.715,0.099,-162.951,17.049
4930,44,92,159.47,492.424,56701.892,2,255,628.353,435.308,NA,24.34,0.081,-159.027,3.924
4931,44,93,143.182,474.242,57001.902,2,255,652.764,457.769,NA,24.411,0.081,-131.855,27.171
4932,44,94,131.439,465.53,57301.912,2,255,667.385,472.136,NA,14.621,0.049,-143.427,-11.572
4933,44,95,121.97,465.53,57601.922,2,255,676.855,480.663,NA,9.47,0.032,180,-36.573
4934,44,96,112.121,459.848,57901.932,2,255,688.225,491.999,NA,11.37,0.038,-150.018,29.982
4935,44,97,111.742,459.091,58201.942,2,255,689.072,492.669,NA,0.847,0.003,-116.565,33.453
4936,44,98,114.773,456.439,58501.952,2,255,693.098,491.102,NA,4.027,0.013,-41.186,75.379
4937,44,99,112.879,469.318,58801.962,2,255,706.116,487.288,NA,13.017,0.043,98.366,139.552
4938,44,100,99.242,471.97,59101.972,2,255,720.008,498.639,NA,13.892,0.046,168.996,70.631
4939,44,101,76.136,479.167,59401.982,2,255,744.209,517.136,NA,24.201,0.081,162.699,-6.297
4940,44,102,62.879,483.712,59701.992,2,255,758.224,527.808,NA,14.015,0.047,161.075,-1.624
4941,44,103,41.667,485.985,60002.002,2,255,779.557,546.886,NA,21.334,0.071,173.884,12.809
4942,44,104,35.985,502.652,60302.012,2,255,797.166,546.819,NA,17.609,0.059,108.825,-65.06
4943,44,105,31.818,514.394,60602.022,2,255,809.625,547.268,NA,12.46,0.042,109.537,0.712
4944,44,106,10.227,514.394,60902.032,2,255,831.216,567.97,NA,21.591,0.072,180,70.463
4945,44,107,0.758,507.955,61202.042,2,255,842.668,578.87,NA,11.452,0.038,-145.784,34.216
4946,44,108,2.652,500.379,61502.052,2,255,850.477,579.264,NA,7.809,0.026,-75.964,69.821
4947,45,1,1010.859,1089.141,35701.191,2,255,0,0,NA,NA,NA,NA,NA
4948,45,2,1006.818,1095.707,36001.201,2,255,7.709,7.709,NA,7.709,0.026,121.608,NA
4949,45,3,1005.808,1095.707,36301.211,2,53,8.719,8.283,NA,1.01,0.003,180,58.392
4950,45,4,1012.374,1126.01,36601.221,2,255,39.726,36.9,NA,31.006,0.103,77.775,-102.225
4951,45,5,1014.899,1141.162,36901.231,2,255,55.086,52.177,NA,15.361,0.051,80.538,2.763
4952,45,6,1016.919,1141.667,37201.241,2,255,57.168,52.874,NA,2.082,0.007,14.036,-66.501
4953,45,7,1016.919,1141.667,37501.251,2,255,57.168,52.874,NA,0,0,0,-14.036
4954,45,8,1035.606,1150.253,37801.261,2,255,77.733,65.932,NA,20.565,0.069,24.677,24.677
4955,45,9,1048.232,1147.222,38101.271,2,248,90.718,69.066,NA,12.985,0.043,-13.496,-38.173
4956,45,10,1048.232,1146.717,38401.281,2,255,91.223,68.642,NA,0.505,0.002,-90,-76.504
4957,45,11,1048.232,1146.717,38701.291,2,255,91.223,68.642,NA,0,0,0,90
4958,45,12,1048.232,1146.717,39001.301,2,255,91.223,68.642,NA,0,0,0,0
4959,45,13,1045.707,1146.717,39301.311,2,255,93.748,67.301,NA,2.525,0.008,180,180
4960,45,14,1045.707,1156.818,39601.321,2,255,103.849,76.122,NA,10.101,0.034,90,-90
4961,45,15,1061.869,1168.939,39901.331,2,255,124.051,94.709,NA,20.202,0.067,36.87,-53.13
4962,45,16,1067.929,1169.444,40201.341,2,255,130.133,98.517,NA,6.082,0.02,4.764,-32.106
4963,45,17,1082.576,1162.374,40501.351,2,255,146.397,102.5,NA,16.264,0.054,-25.769,-30.533
4964,45,18,1088.636,1165.909,40801.361,2,255,153.413,109.282,NA,7.016,0.023,30.256,56.026
4965,45,19,1088.636,1165.909,41101.371,2,255,153.413,109.282,NA,0,0,0,-30.256
4966,45,20,1094.697,1165.909,41401.381,2,255,159.474,113.676,NA,6.061,0.02,0,0
4967,45,21,1094.697,1165.909,41701.391,2,255,159.474,113.676,NA,0,0,0,0
4968,45,22,1094.697,1155.808,42001.401,2,255,169.575,107.114,NA,10.101,0.034,-90,-90
4969,45,23,1095.202,1155.808,42301.411,2,255,170.08,107.509,NA,0.505,0.002,0,90
4970,45,24,1095.202,1155.808,42601.421,2,255,170.08,107.509,NA,0,0,0,0
4971,45,25,1089.646,1158.838,42901.431,2,255,176.408,105.191,NA,6.328,0.021,151.39,151.39
4972,45,26,1094.697,1156.818,43201.441,2,255,181.848,107.745,NA,5.44,0.018,-21.801,-173.191
4973,45,27,1103.788,1155.303,43501.451,2,255,191.064,114.075,NA,9.216,0.031,-9.462,12.339
4974,45,28,1108.333,1159.343,43801.461,2,255,197.146,120.123,NA,6.082,0.02,41.634,51.096
4975,45,29,1108.333,1172.475,44101.471,2,255,210.277,128.241,NA,13.131,0.044,90,48.366
4976,45,30,1107.323,1171.97,44401.481,2,255,211.406,127.145,NA,1.129,0.004,-153.435,116.565
4977,45,31,1106.818,1172.98,44701.491,2,255,212.536,127.425,NA,1.129,0.004,116.565,-90
4978,45,32,1094.697,1172.98,45001.501,2,255,224.657,118.565,NA,12.121,0.04,180,63.435
4979,45,33,1094.697,1172.98,45301.511,2,255,224.657,118.565,NA,0,0,0,-180
4980,45,34,1094.697,1172.98,45601.521,2,255,224.657,118.565,NA,0,0,0,0
4981,45,35,1094.697,1172.98,45901.531,2,255,224.657,118.565,NA,0,0,0,0
4982,45,36,1094.697,1172.98,46201.542,2,255,224.657,118.565,NA,0,0,0,0
4983,45,37,1097.727,1171.465,46501.552,2,255,228.045,119.68,NA,3.388,0.011,-26.565,-26.565
4984,45,38,1105.303,1171.97,46801.562,2,255,235.637,125.62,NA,7.593,0.025,3.814,30.379
4985,45,39,1107.828,1176.515,47101.572,2,255,240.837,130.527,NA,5.2,0.017,60.945,57.131
4986,45,40,1106.818,1178.03,47401.582,2,255,242.658,130.803,NA,1.821,0.006,123.69,62.745
4987,45,41,1106.818,1183.081,47701.592,2,24,247.709,134.286,NA,5.051,0.017,90,-33.69
4988,45,42,1094.192,1183.081,48001.602,2,255,260.335,125.575,NA,12.626,0.042,180,90
4989,45,43,1083.081,1190.657,48301.612,2,255,273.783,124.585,NA,13.448,0.045,145.713,-34.287
4990,45,44,1083.081,1194.192,48601.622,2,255,277.318,127.482,NA,3.535,0.012,90,-55.713
4991,45,45,1073.99,1199.242,48901.632,2,255,287.718,126.916,NA,10.4,0.035,150.945,60.945
4992,45,46,1073.99,1199.242,49201.642,2,255,287.718,126.916,NA,0,0,0,-150.945
4993,45,47,1071.97,1191.667,49501.652,2,255,295.559,119.357,NA,7.84,0.026,-104.931,-104.931
4994,45,48,1071.97,1191.667,49801.662,2,122,295.559,119.357,NA,0,0,0,104.931
4995,45,49,1097.727,1192.677,50101.672,2,255,321.336,135.151,NA,25.777,0.086,2.246,2.246
4996,45,50,1101.263,1198.232,50401.682,2,255,327.921,141.682,NA,6.585,0.022,57.529,55.283
4997,45,51,1101.263,1198.232,50701.692,2,255,327.921,141.682,NA,0,0,0,-57.529
4998,45,52,1101.263,1198.232,51001.702,2,255,327.921,141.682,NA,0,0,0,0
4999,45,53,1114.899,1218.434,51301.712,2,255,352.295,165.955,NA,24.374,0.081,55.981,55.981
5000,45,54,1125.505,1231.566,51601.722,2,255,369.174,182.835,NA,16.88,0.056,51.072,-4.908
5001,45,55,1160.354,1206.818,51901.732,2,228,411.916,190.254,NA,42.742,0.142,-35.38,-86.453
5002,45,56,1231.566,1234.596,52201.742,2,165,488.354,264.327,NA,76.438,0.255,21.309,56.69
5003,45,57,1249.242,1235.101,52501.752,2,255,506.038,279.519,NA,17.684,0.059,1.637,-19.673
5004,45,58,1249.242,1234.596,52801.762,2,255,506.543,279.256,NA,0.505,0.002,-90,-91.637
5005,45,59,1249.242,1242.677,53101.772,2,255,514.624,283.549,NA,8.081,0.027,90,180
5006,45,60,1258.838,1249.747,53401.782,2,255,526.543,295.446,NA,11.92,0.04,36.384,-53.616
5007,45,61,1275,1257.323,53701.792,2,168,544.392,313.139,NA,17.849,0.059,25.115,-11.27
5008,45,62,1291.162,1276.515,54001.802,2,103,569.483,337.163,NA,25.09,0.084,49.899,24.784
5009,45,63,1293.182,1275.505,54301.812,2,255,571.741,338.287,NA,2.259,0.008,-26.565,-76.464
5010,45,64,1299.242,1267.929,54601.822,2,255,581.443,339.309,NA,9.702,0.032,-51.34,-24.775
5011,45,65,1299.242,1267.929,54901.832,2,255,581.443,339.309,NA,0,0,0,51.34
5012,45,66,1321.465,1266.919,55201.842,2,255,603.688,357.884,NA,22.245,0.074,-2.603,-2.603
5013,45,67,1342.677,1266.919,55501.852,2,255,624.9,376.442,NA,21.212,0.071,0,2.603
5014,45,68,1352.273,1268.939,55801.862,2,255,634.707,385.864,NA,9.806,0.033,11.889,11.889
5015,45,69,1352.273,1268.939,56101.872,2,255,634.707,385.864,NA,0,0,0,-11.889
5016,45,70,1362.879,1272.98,56401.882,2,255,646.056,397.133,NA,11.35,0.038,20.854,20.854
5017,45,71,1381.061,1289.141,56701.892,2,255,670.383,420.773,NA,24.326,0.081,41.634,20.779
5018,45,72,1418.434,1285.101,57001.902,2,126,707.974,452.237,NA,37.592,0.125,-6.17,-47.804
5019,45,73,1451.768,1288.636,57301.912,2,209,741.495,483.941,NA,33.52,0.112,6.054,12.224
5020,45,74,1452.778,1287.121,57601.922,2,255,743.316,484.24,NA,1.821,0.006,-56.31,-62.364
5021,45,75,1451.768,1287.121,57901.932,2,255,744.326,483.319,NA,1.01,0.003,180,-123.69
5022,45,76,1447.222,1287.121,58201.942,2,2,748.871,479.176,NA,4.545,0.015,180,0
5023,45,77,1490.152,1305.303,58501.952,2,255,795.492,525.783,NA,46.621,0.155,22.954,-157.046
5024,45,78,1500.253,1310.354,58801.962,2,255,806.785,537.067,NA,11.293,0.038,26.565,3.611
5025,45,79,1500.253,1309.848,59101.972,2,169,807.29,536.859,NA,0.505,0.002,-90,-116.565
5026,45,80,1509.848,1325,59401.982,2,255,825.225,551.924,NA,17.935,0.06,57.653,147.653
5027,45,81,1510.354,1325,59701.992,2,255,825.73,552.381,NA,0.505,0.002,0,-57.653
5028,45,82,1510.354,1325,60002.002,2,255,825.73,552.381,NA,0,0,0,0
5029,45,83,1506.313,1322.475,60302.012,2,255,830.495,547.649,NA,4.765,0.016,-147.995,-147.995
5030,45,84,1505.808,1322.475,60602.022,2,255,831,547.192,NA,0.505,0.002,180,-32.005
5031,45,85,1506.818,1317.424,60902.032,2,255,836.15,545.975,NA,5.151,0.017,-78.69,101.31
5032,45,86,1517.929,1317.424,61202.042,2,163,847.261,556.088,NA,11.111,0.037,0,78.69
5033,45,87,1517.929,1317.424,61502.052,2,255,847.261,556.088,NA,0,0,0,0
5034,45,88,1517.929,1317.424,61802.062,2,255,847.261,556.088,NA,0,0,0,0
5035,45,89,1523.99,1325,62102.072,2,255,856.963,564.742,NA,9.702,0.032,51.34,51.34
5036,45,90,1523.99,1319.949,62402.082,2,233,862.014,562.651,NA,5.051,0.017,-90,-141.34
5037,45,91,1535.606,1319.949,62702.092,2,111,873.63,573.265,NA,11.616,0.039,0,90
5038,45,92,1536.111,1329.04,63002.102,2,180,882.735,577.444,NA,9.105,0.03,86.82,86.82
5039,46,1,951.136,1159.47,36301.211,2,177,0,0,NA,NA,NA,NA,NA
5040,46,2,961.742,1164.773,36601.221,2,211,11.858,11.858,NA,11.858,0.04,26.565,NA
5041,46,3,977.273,1176.136,36901.231,2,176,31.102,30.998,NA,19.244,0.064,36.193,9.628
5042,46,4,977.273,1176.136,37201.241,2,195,31.102,30.998,NA,0,0,0,-36.193
5043,46,5,990.152,1182.955,37501.251,2,222,45.674,45.538,NA,14.572,0.049,27.897,27.897
5044,46,6,1010.606,1189.394,37801.261,2,255,67.118,66.574,NA,21.444,0.071,17.475,-10.422
5045,46,7,1039.141,1202.778,38101.271,2,255,98.636,98.084,NA,31.518,0.105,25.128,7.653
5046,46,8,1043.687,1198.232,38401.281,2,255,105.065,100.34,NA,6.428,0.021,-45,-70.128
5047,46,9,1050.758,1197.222,38701.291,2,230,112.207,106.535,NA,7.142,0.024,-8.13,36.87
5048,46,10,1053.283,1215.404,39001.301,2,255,130.563,116.458,NA,18.356,0.061,82.093,90.223
5049,46,11,1051.263,1223.99,39301.311,2,255,139.384,119.114,NA,8.82,0.029,103.241,21.148
5050,46,12,1051.263,1233.586,39601.321,2,255,148.98,124.573,NA,9.596,0.032,90,-13.241
5051,46,13,1061.869,1241.162,39901.331,2,236,162.014,137.605,NA,13.034,0.043,35.538,-54.462
5052,46,14,1075,1251.768,40201.341,2,255,178.893,154.47,NA,16.88,0.056,38.928,3.39
5053,46,15,1084.596,1268.939,40501.351,2,255,198.564,172.613,NA,19.671,0.066,60.803,21.875
5054,46,16,1082.576,1280.051,40801.361,2,207,209.857,178.371,NA,11.293,0.038,100.305,39.502
5055,46,17,1080.051,1280.051,41101.371,2,193,212.383,176.518,NA,2.525,0.008,180,79.695
5056,46,18,1115.404,1289.646,41401.381,2,255,249.015,209.595,NA,36.633,0.122,15.186,-164.814
5057,46,19,1115.404,1299.242,41701.391,2,255,258.611,215.686,NA,9.596,0.032,90,74.814
5058,46,20,1114.394,1300.253,42001.401,2,255,260.04,215.576,NA,1.428,0.005,135,45
5059,46,21,1129.545,1300.253,42301.411,2,255,275.191,227.266,NA,15.152,0.051,0,-135
5060,46,22,1130.051,1300.253,42601.421,2,255,275.696,227.662,NA,0.505,0.002,0,0
5061,46,23,1127.02,1316.414,42901.431,2,224,292.14,235.726,NA,16.443,0.055,100.62,100.62
5062,46,24,1120.455,1332.071,43201.441,2,244,309.117,241.785,NA,16.978,0.057,112.751,12.131
5063,46,25,1118.434,1350.758,43501.451,2,253,327.913,254.125,NA,18.796,0.063,96.17,-16.581
5064,46,26,1117.929,1349.747,43801.461,2,229,329.042,253.033,NA,1.129,0.004,-116.565,147.265
5065,46,27,1117.929,1349.747,44101.471,2,255,329.042,253.033,NA,0,0,0,116.565
5066,46,28,1117.929,1349.747,44401.481,2,252,329.042,253.033,NA,0,0,0,0
5067,46,29,1117.929,1356.818,44701.491,2,255,336.113,258.392,NA,7.071,0.024,90,90
5068,46,30,1118.939,1358.333,45001.501,2,151,337.934,260.201,NA,1.821,0.006,56.31,-33.69
5069,46,31,1118.939,1358.333,45301.511,2,235,337.934,260.201,NA,0,0,0,-56.31
5070,46,32,1118.939,1358.333,45601.521,2,231,337.934,260.201,NA,0,0,0,0
5071,46,33,1118.939,1358.333,45901.531,2,226,337.934,260.201,NA,0,0,0,0
5072,46,34,1118.939,1358.333,46201.542,2,226,337.934,260.201,NA,0,0,0,0
5073,46,35,1115.404,1358.333,46501.552,2,255,341.469,257.935,NA,3.535,0.012,180,180
5074,46,36,1115.404,1358.333,46801.562,2,255,341.469,257.935,NA,0,0,0,-180
5075,46,37,1126.01,1361.869,47101.572,2,255,352.649,267.481,NA,11.18,0.037,18.435,18.435
5076,46,38,1134.596,1361.869,47401.582,2,208,361.235,273.172,NA,8.586,0.029,0,-18.435
5077,46,39,1133.081,1359.848,47701.592,2,234,363.76,270.657,NA,2.525,0.008,-126.87,-126.87
5078,46,40,1133.081,1365.909,48001.602,2,205,369.821,275.174,NA,6.061,0.02,90,-143.13
5079,46,41,1113.384,1362.374,48301.612,2,255,389.832,259.797,NA,20.012,0.067,-169.824,100.176
5080,46,42,1112.879,1355.808,48601.622,2,255,396.418,254.38,NA,6.585,0.022,-94.399,75.426
5081,46,43,1112.879,1355.303,48901.632,2,255,396.923,253.991,NA,0.505,0.002,-90,4.399
5082,46,44,1112.879,1355.303,49201.642,2,255,396.923,253.991,NA,0,0,0,90
5083,46,45,1112.879,1355.303,49501.652,2,255,396.923,253.991,NA,0,0,0,0
5084,46,46,1112.879,1355.303,49801.662,2,255,396.923,253.991,NA,0,0,0,0
5085,46,47,1112.879,1355.303,50101.672,2,255,396.923,253.991,NA,0,0,0,0
5086,46,48,1112.879,1355.303,50401.682,2,255,396.923,253.991,NA,0,0,0,0
5087,46,49,1112.879,1355.303,50701.692,2,255,396.923,253.991,NA,0,0,0,0
5088,46,50,1112.879,1355.303,51001.702,2,255,396.923,253.991,NA,0,0,0,0
5089,46,51,1112.879,1355.303,51301.712,2,225,396.923,253.991,NA,0,0,0,0
5090,46,52,1112.879,1355.303,51601.722,2,255,396.923,253.991,NA,0,0,0,0
5091,46,53,1112.879,1355.303,51901.732,2,193,396.923,253.991,NA,0,0,0,0
5092,46,54,1139.141,1356.313,52201.742,2,225,423.205,272.201,NA,26.282,0.088,2.203,2.203
5093,46,55,1150.253,1358.838,52501.752,2,238,434.599,281.771,NA,11.394,0.038,12.804,10.602
5094,46,56,1167.424,1360.859,52801.762,2,42,451.889,295.53,NA,17.29,0.058,6.71,-6.094
5095,46,57,1151.768,1361.869,53101.772,2,255,467.578,284.988,NA,15.689,0.052,176.309,169.599
5096,46,58,1151.768,1361.869,53401.782,2,255,467.578,284.988,NA,0,0,0,-176.309
5097,46,59,1161.364,1370.96,53701.792,2,157,480.797,298.2,NA,13.218,0.044,43.452,43.452
5098,46,60,1180.051,1377.525,54001.802,2,193,500.604,316.149,NA,19.807,0.066,19.359,-24.093
5099,46,61,1203.283,1390.152,54301.812,2,254,527.045,341.748,NA,26.442,0.088,28.523,9.164
5100,46,62,1213.889,1403.283,54601.822,2,240,543.925,358.446,NA,16.88,0.056,51.072,22.549
5101,46,63,1217.929,1396.212,54901.832,2,251,552.069,356.687,NA,8.144,0.027,-60.255,-111.328
5102,46,64,1221.97,1396.212,55201.842,2,244,556.109,359.719,NA,4.04,0.013,0,60.255
5103,46,65,1221.97,1378.03,55501.852,2,240,574.291,348.022,NA,18.182,0.061,-90,-90
5104,46,66,1221.97,1378.03,55801.862,2,210,574.291,348.022,NA,0,0,0,90
5105,46,67,1225.505,1378.03,56101.872,2,224,577.826,350.78,NA,3.535,0.012,0,0
5106,46,68,1225.505,1381.061,56401.882,2,255,580.856,352.676,NA,3.03,0.01,90,90
5107,46,69,1225.505,1381.061,56701.892,2,255,580.856,352.676,NA,0,0,0,-90
5108,46,70,1227.02,1383.586,57001.902,2,220,583.801,355.443,NA,2.945,0.01,59.036,59.036
5109,46,71,1227.02,1387.121,57301.912,2,238,587.337,357.683,NA,3.535,0.012,90,30.964
5110,46,72,1227.02,1388.636,57601.922,2,206,588.852,358.649,NA,1.515,0.005,90,0
5111,46,73,1227.02,1395.202,57901.932,2,255,595.417,362.88,NA,6.566,0.022,90,0
5112,46,74,1218.939,1395.202,58201.942,2,168,603.498,356.775,NA,8.081,0.027,180,90
5113,46,75,1203.788,1397.727,58501.952,2,244,618.859,347.274,NA,15.361,0.051,170.538,-9.462
5114,46,76,1203.283,1397.727,58801.962,2,149,619.364,346.907,NA,0.505,0.002,180,9.462
5115,46,77,1197.727,1400.253,59101.972,2,185,625.466,344.65,NA,6.103,0.02,155.556,-24.444
5116,46,78,1187.121,1402.778,59401.982,2,169,636.369,338.951,NA,10.903,0.036,166.608,11.051
5117,46,79,1184.596,1418.434,59701.992,2,145,652.228,348.663,NA,15.859,0.053,99.162,-67.445
5118,46,80,1166.414,1440.152,60002.002,2,110,680.551,353.733,NA,28.323,0.094,129.936,30.774
5119,46,81,1164.899,1457.323,60302.012,2,130,697.79,366.621,NA,17.238,0.057,95.042,-34.894
5120,46,82,1155.303,1475.505,60602.022,2,162,718.348,376.248,NA,20.559,0.069,117.824,22.782
5121,46,83,1151.768,1493.687,60902.032,2,80,736.871,389.813,NA,18.522,0.062,101.004,-16.821
5122,46,84,1130.556,1539.646,61202.042,2,54,787.489,420.387,NA,50.619,0.169,114.775,13.772
5123,47,1,906.818,1172.475,37201.241,2,78,0,0,NA,NA,NA,NA,NA
5124,47,2,909.343,1189.141,37501.251,2,184,16.857,16.857,NA,16.857,0.056,81.384,NA
5125,47,3,920.96,1196.717,37801.261,2,162,30.725,28.066,NA,13.868,0.046,33.111,-48.273
5126,47,4,923.485,1211.869,38101.271,2,140,46.086,42.775,NA,15.361,0.051,80.538,47.426
5127,47,5,933.081,1233.081,38401.281,2,122,69.367,66.052,NA,23.282,0.078,65.659,-14.879
5128,47,6,939.646,1242.677,38701.291,2,185,80.994,77.499,NA,11.627,0.039,55.62,-10.039
5129,47,7,943.687,1264.394,39001.301,2,255,103.084,99.038,NA,22.09,0.074,79.461,23.841
5130,47,8,952.273,1304.293,39301.311,2,232,143.897,139.435,NA,40.812,0.136,77.856,-1.605
5131,47,9,960.354,1311.364,39601.321,2,195,154.634,148.849,NA,10.738,0.036,41.186,-36.67
5132,47,10,966.414,1322.98,39901.331,2,255,167.736,161.875,NA,13.102,0.044,62.447,21.261
5133,47,11,972.475,1324.495,40201.341,2,254,173.983,165.593,NA,6.247,0.021,14.036,-48.411
5134,47,12,968.939,1340.657,40501.351,2,139,190.527,179.288,NA,16.544,0.055,102.339,88.303
5135,47,13,964.394,1345.202,40801.361,2,248,196.955,182.071,NA,6.428,0.021,135,32.661
5136,47,14,953.283,1352.778,41101.371,2,141,210.403,186.194,NA,13.448,0.045,145.713,10.713
5137,47,15,947.222,1370.455,41401.381,2,214,229.09,202.061,NA,18.687,0.062,108.925,-36.788
5138,47,16,947.222,1378.535,41701.391,2,237,237.171,209.984,NA,8.081,0.027,90,-18.925
5139,47,17,944.192,1399.242,42001.401,2,146,258.099,229.827,NA,20.928,0.07,98.326,8.326
5140,47,18,950.253,1408.838,42301.411,2,120,269.448,240.321,NA,11.35,0.038,57.724,-40.601
5141,47,19,955.303,1414.394,42601.421,2,189,276.956,246.73,NA,7.508,0.025,47.726,-9.998
5142,47,20,955.303,1414.394,42901.431,2,80,276.956,246.73,NA,0,0,0,-47.726
5143,47,21,958.838,1432.071,43201.441,2,242,294.983,264.757,NA,18.027,0.06,78.69,78.69
5144,47,22,973.485,1442.172,43501.451,2,241,312.775,277.815,NA,17.792,0.059,34.592,-44.098
5145,47,23,973.99,1442.677,43801.461,2,255,313.489,278.426,NA,0.714,0.002,45,10.408
5146,47,24,982.576,1442.677,44101.471,2,255,322.075,280.621,NA,8.586,0.029,0,-45
5147,47,25,986.111,1431.061,44401.481,2,255,334.217,270.47,NA,12.142,0.04,-73.072,-73.072
5148,47,26,984.091,1413.889,44701.491,2,201,351.508,253.48,NA,17.29,0.058,-96.71,-23.637
5149,47,27,983.081,1408.333,45001.501,2,255,357.154,247.882,NA,5.647,0.019,-100.305,-3.595
5150,47,28,983.081,1408.333,45301.511,2,192,357.154,247.882,NA,0,0,0,100.305
5151,47,29,979.545,1422.475,45601.521,2,255,371.731,260.364,NA,14.577,0.049,104.036,104.036
5152,47,30,990.657,1430.556,45901.531,2,240,385.47,271.357,NA,13.739,0.046,36.027,-68.009
5153,47,31,1003.788,1436.111,46201.542,2,252,399.728,280.904,NA,14.258,0.048,22.932,-13.095
5154,47,32,1003.788,1436.111,46501.552,2,129,399.728,280.904,NA,0,0,0,-22.932
5155,47,33,1018.939,1438.131,46801.562,2,108,415.013,288.348,NA,15.286,0.051,7.595,7.595
5156,47,34,1029.545,1458.838,47101.572,2,197,438.279,311.554,NA,23.265,0.078,62.879,55.284
5157,47,35,1036.111,1471.97,47401.582,2,253,452.96,326.211,NA,14.681,0.049,63.435,0.556
5158,47,36,1041.162,1475.505,47701.592,2,238,459.125,331.475,NA,6.165,0.021,34.992,-28.443
5159,47,37,1042.172,1494.697,48001.602,2,174,478.343,349.496,NA,19.218,0.064,86.987,51.995
5160,47,38,1037.626,1497.727,48301.612,2,249,483.806,350.571,NA,5.463,0.018,146.31,59.323
5161,47,39,1037.626,1497.727,48601.622,2,170,483.806,350.571,NA,0,0,0,-146.31
5162,47,40,1018.939,1496.717,48901.632,2,255,502.52,343.081,NA,18.714,0.062,-176.906,-176.906
5163,47,41,1011.364,1496.212,49201.642,2,255,510.113,340.199,NA,7.593,0.025,-176.186,0.72
5164,47,42,1010.859,1496.212,49501.652,2,251,510.618,340.045,NA,0.505,0.002,180,-3.814
5165,47,43,996.717,1496.212,49801.662,2,255,524.76,335.988,NA,14.141,0.047,180,0
5166,47,44,977.525,1519.444,50101.672,2,214,554.894,354.101,NA,30.134,0.1,129.56,-50.44
5167,47,45,972.98,1526.515,50401.682,2,252,563.299,360.169,NA,8.406,0.028,122.735,-6.824
5168,47,46,970.455,1534.091,50701.692,2,226,571.285,367.173,NA,7.986,0.027,108.435,-14.3
5169,47,47,966.919,1534.091,51001.702,2,71,574.82,366.577,NA,3.535,0.012,180,71.565
5170,47,48,968.434,1545.707,51301.712,2,74,586.535,378.284,NA,11.715,0.039,82.569,-97.431
5171,48,1,1031.818,1069.318,36301.211,2,200,0,0,NA,NA,NA,NA,NA
5172,48,2,1057.576,1086.364,36601.221,2,255,30.887,30.887,NA,30.887,0.103,33.495,NA
5173,48,3,1071.591,1086.364,36901.231,2,255,44.902,43.271,NA,14.015,0.047,0,-33.495
5174,48,4,1071.591,1092.424,37201.241,2,183,50.963,45.997,NA,6.061,0.02,90,90
5175,48,5,1079.924,1099.242,37501.251,2,255,61.73,56.654,NA,10.767,0.036,39.289,-50.711
5176,48,6,1079.924,1099.242,37801.261,2,255,61.73,56.654,NA,0,0,0,-39.289
5177,48,7,1084.848,1099.242,38101.271,2,255,66.654,60.891,NA,4.924,0.016,0,0
5178,48,8,1090.909,1104.167,38401.281,2,192,74.463,68.601,NA,7.809,0.026,39.094,39.094
5179,48,9,1103.03,1104.167,38701.291,2,172,86.584,79.282,NA,12.121,0.04,0,-39.094
5180,48,10,1138.258,1124.621,39001.301,2,255,127.319,119.949,NA,40.735,0.136,30.141,30.141
5181,48,11,1145.076,1140.909,39301.311,2,255,144.977,133.987,NA,17.657,0.059,67.286,37.144
5182,48,12,1139.394,1151.515,39601.321,2,86,157.009,135.384,NA,12.032,0.04,118.179,50.893
5183,48,13,1139.773,1156.439,39901.331,2,178,161.948,138.724,NA,4.939,0.016,85.601,-32.577
5184,48,14,1138.258,1150,40201.341,2,255,168.563,133.562,NA,6.615,0.022,-103.241,171.158
5185,48,15,1140.53,1149.621,40501.351,2,158,170.867,135.155,NA,2.304,0.008,-9.462,93.778
5186,48,16,1140.53,1149.621,40801.361,2,237,170.867,135.155,NA,0,0,0,9.462
5187,48,17,1140.53,1149.621,41101.371,2,202,170.867,135.155,NA,0,0,0,0
5188,48,18,1140.53,1149.621,41401.381,2,234,170.867,135.155,NA,0,0,0,0
5189,48,19,1140.53,1149.621,41701.391,2,231,170.867,135.155,NA,0,0,0,0
5190,48,20,1148.106,1148.106,42001.401,2,166,178.593,140.465,NA,7.726,0.026,-11.31,-11.31
5191,48,21,1148.106,1148.106,42301.411,2,218,178.593,140.465,NA,0,0,0,11.31
5192,48,22,1150.758,1152.652,42601.421,2,140,183.855,145.227,NA,5.262,0.018,59.744,59.744
5193,48,23,1150.758,1163.258,42901.431,2,255,194.461,151.562,NA,10.606,0.035,90,30.256
5194,48,24,1150.758,1175.379,43201.441,2,255,206.582,159.359,NA,12.121,0.04,90,0
5195,48,25,1168.182,1189.773,43501.451,2,255,229.183,181.946,NA,22.601,0.075,39.56,-50.44
5196,48,26,1168.182,1189.773,43801.461,2,255,229.183,181.946,NA,0,0,0,-39.56
5197,48,27,1168.182,1189.773,44101.471,2,255,229.183,181.946,NA,0,0,0,0
5198,48,28,1168.182,1189.773,44401.481,2,255,229.183,181.946,NA,0,0,0,0
5199,48,29,1176.894,1196.212,44701.491,2,255,240.016,192.741,NA,10.834,0.036,36.469,36.469
5200,48,30,1193.182,1201.136,45001.501,2,223,257.032,208.361,NA,17.016,0.057,16.821,-19.648
5201,48,31,1192.424,1200.379,45301.511,2,227,258.104,207.295,NA,1.071,0.004,-135,-151.821
5202,48,32,1203.03,1214.773,45601.521,2,211,275.983,224.657,NA,17.879,0.06,53.616,-171.384
5203,48,33,1217.803,1218.939,45901.531,2,71,291.332,238.698,NA,15.349,0.051,15.751,-37.864
5204,48,34,1245.455,1219.318,46201.542,2,177,318.986,261.037,NA,27.654,0.092,0.785,-14.966
5205,48,35,1261.364,1214.394,46501.552,2,150,335.64,271.548,NA,16.654,0.056,-17.199,-17.983
5206,48,36,1267.929,1213.889,46801.562,2,216,342.225,276.856,NA,6.585,0.022,-4.399,12.8
5207,48,37,1278.535,1212.879,47101.572,2,197,352.879,285.445,NA,10.654,0.036,-5.44,-1.042
5208,48,38,1278.535,1211.364,47401.582,2,197,354.394,284.686,NA,1.515,0.005,-90,-84.56
5209,48,39,1286.616,1207.828,47701.592,2,189,363.215,290.012,NA,8.82,0.029,-23.629,66.371
5210,48,40,1305.808,1207.828,48001.602,2,231,382.407,307.011,NA,19.192,0.064,0,23.629
5211,48,41,1320.455,1205.303,48301.612,2,255,397.269,319.066,NA,14.863,0.05,-9.782,-9.782
5212,48,42,1320.96,1205.303,48601.622,2,255,397.774,319.523,NA,0.505,0.002,0,9.782
5213,48,43,1332.576,1203.788,48901.632,2,213,409.489,329.45,NA,11.715,0.039,-7.431,-7.431
5214,48,44,1332.576,1214.899,49201.642,2,255,420.6,334.139,NA,11.111,0.037,90,97.431
5215,48,45,1348.232,1209.343,49501.652,2,165,437.213,346.013,NA,16.613,0.055,-19.537,-109.537
5216,48,46,1365.909,1209.343,49801.662,2,185,454.89,362.248,NA,17.677,0.059,0,19.537
5217,48,47,1385.606,1224.495,50101.672,2,252,479.74,386.323,NA,24.85,0.083,37.569,37.569
5218,48,48,1399.747,1230.051,50401.682,2,109,494.934,401.506,NA,15.194,0.051,21.448,-16.121
5219,48,49,1414.899,1239.141,50701.692,2,73,512.603,419.036,NA,17.67,0.059,30.964,9.516
5220,48,50,1427.02,1239.646,51001.702,2,38,524.735,430.344,NA,12.132,0.04,2.386,-28.578
5221,48,51,1427.02,1239.646,51301.712,2,184,524.735,430.344,NA,0,0,0,-2.386
5222,48,52,1428.535,1247.222,51601.722,2,191,532.461,434.781,NA,7.726,0.026,78.69,78.69
5223,48,53,1440.152,1256.313,51901.732,2,135,547.211,449.114,NA,14.751,0.049,38.047,-40.643
5224,48,54,1454.293,1263.384,52201.742,2,210,563.022,464.915,NA,15.811,0.053,26.565,-11.482
5225,48,55,1454.798,1263.384,52501.752,2,105,563.527,465.374,NA,0.505,0.002,0,-26.565
5226,48,56,1480.051,1263.384,52801.762,2,230,588.779,488.44,NA,25.253,0.084,0,0
5227,48,57,1488.131,1264.899,53101.772,2,223,597.001,496.461,NA,8.222,0.027,10.62,10.62
5228,48,58,1498.232,1284.596,53401.782,2,229,619.137,513.699,NA,22.136,0.074,62.85,52.231
5229,48,59,1502.778,1286.616,53701.792,2,255,624.111,518.673,NA,4.974,0.017,23.962,-38.888
5230,49,1,1061.869,722.98,31501.051,2,67,0,0,NA,NA,NA,NA,NA
5231,49,2,1075,718.434,31801.061,2,179,13.896,13.896,NA,13.896,0.046,-19.093,NA
5232,49,3,1095.202,718.434,32101.071,2,235,34.098,33.642,NA,20.202,0.067,0,19.093
5233,49,4,1107.323,718.434,32401.081,2,255,46.219,45.681,NA,12.121,0.04,0,0
5234,49,5,1107.323,718.434,32701.091,2,226,46.219,45.681,NA,0,0,0,0
5235,49,6,1119.949,718.434,33001.101,2,178,58.845,58.258,NA,12.626,0.042,0,0
5236,49,7,1143.687,718.434,33301.111,2,255,82.583,81.944,NA,23.737,0.079,0,0
5237,49,8,1143.687,717.424,33601.121,2,255,83.593,82.007,NA,1.01,0.003,-90,-90
5238,49,9,1153.283,717.424,33901.131,2,163,93.189,91.583,NA,9.596,0.032,0,90
5239,49,10,1167.424,717.424,34201.141,2,255,107.33,105.702,NA,14.141,0.047,0,0
5240,49,11,1167.424,717.424,34501.151,2,255,107.33,105.702,NA,0,0,0,0
5241,49,12,1175,717.424,34801.161,2,183,114.906,113.268,NA,7.576,0.025,0,0
5242,49,13,1186.616,717.424,35101.171,2,255,126.522,124.871,NA,11.616,0.039,0,0
5243,49,14,1187.121,717.424,35401.181,2,255,127.027,125.376,NA,0.505,0.002,0,0
5244,49,15,1174.495,722.98,35701.191,2,255,140.822,112.626,NA,13.794,0.046,156.251,156.251
5245,49,16,1174.495,725.505,36001.201,2,210,143.347,112.655,NA,2.525,0.008,90,-66.251
5246,49,17,1194.192,721.97,36301.211,2,134,163.359,132.327,NA,20.012,0.067,-10.176,-100.176
5247,49,18,1172.475,713.384,36601.221,2,224,186.711,111.022,NA,23.353,0.078,-158.429,-148.253
5248,49,19,1172.475,713.384,36901.231,2,248,186.711,111.022,NA,0,0,0,158.429
5249,49,20,1172.475,713.384,37201.241,2,113,186.711,111.022,NA,0,0,0,0
5250,49,21,1162.374,712.879,37501.251,2,219,196.825,101.011,NA,10.114,0.034,-177.138,-177.138
5251,49,22,1167.929,708.333,37801.261,2,199,204.003,107.067,NA,7.178,0.024,-39.289,137.848
5252,49,23,1183.081,716.919,38101.271,2,255,221.418,121.364,NA,17.415,0.058,29.539,68.828
5253,49,24,1202.778,716.919,38401.281,2,221,241.115,141.039,NA,19.697,0.066,0,-29.539
5254,49,25,1202.778,716.919,38701.291,2,204,241.115,141.039,NA,0,0,0,0
5255,49,26,1212.879,707.323,39001.301,2,161,255.048,151.82,NA,13.932,0.046,-43.531,-43.531
5256,49,27,1212.879,695.202,39301.311,2,200,267.169,153.544,NA,12.121,0.04,-90,-46.469
5257,49,28,1220.455,690.657,39601.321,2,212,276.004,161.846,NA,8.835,0.029,-30.964,59.036
5258,49,29,1233.081,688.131,39901.331,2,255,288.88,174.723,NA,12.876,0.043,-11.31,19.654
5259,49,30,1233.081,688.636,40201.341,2,255,289.385,174.623,NA,0.505,0.002,90,101.31
5260,49,31,1229.545,686.111,40501.351,2,198,293.73,171.682,NA,4.345,0.014,-144.462,125.538
5261,49,32,1239.141,679.545,40801.361,2,255,305.357,182.516,NA,11.627,0.039,-34.38,110.082
5262,49,33,1244.192,684.596,41101.371,2,255,312.499,186.32,NA,7.142,0.024,45,79.38
5263,49,34,1245.707,686.111,41401.381,2,255,314.642,187.499,NA,2.143,0.007,45,0
5264,49,35,1249.242,693.687,41701.391,2,215,323.002,189.65,NA,8.36,0.028,64.983,19.983
5265,49,36,1249.242,693.687,42001.401,2,191,323.002,189.65,NA,0,0,0,-64.983
5266,49,37,1240.152,695.707,42301.411,2,202,332.315,180.357,NA,9.313,0.031,167.471,167.471
5267,49,38,1240.152,708.333,42601.421,2,253,344.941,178.883,NA,12.626,0.042,90,-77.471
5268,49,39,1240.152,708.333,42901.431,2,95,344.941,178.883,NA,0,0,0,-90
5269,49,40,1231.061,713.384,43201.441,2,192,355.341,169.464,NA,10.4,0.035,150.945,150.945
5270,49,41,1233.081,720.96,43501.451,2,255,363.181,171.224,NA,7.84,0.026,75.069,-75.877
5271,49,42,1248.232,737.121,43801.461,2,255,385.334,186.899,NA,22.153,0.074,46.848,-28.221
5272,49,43,1252.778,745.707,44101.471,2,185,395.049,192.257,NA,9.715,0.032,62.103,15.255
5273,49,44,1252.778,736.111,44401.481,2,229,404.645,191.36,NA,9.596,0.032,-90,-152.103
5274,49,45,1260.354,740.657,44701.491,2,255,413.48,199.27,NA,8.835,0.029,30.964,120.964
5275,49,46,1260.354,740.657,45001.501,2,253,413.48,199.27,NA,0,0,0,-30.964
5276,49,47,1268.434,749.242,45301.511,2,227,425.27,208.228,NA,11.791,0.039,46.736,46.736
5277,49,48,1272.475,754.798,45601.521,2,238,432.14,212.996,NA,6.869,0.023,53.973,7.237
5278,49,49,1272.475,754.798,45901.531,2,255,432.14,212.996,NA,0,0,0,-53.973
5279,49,50,1275,752.778,46201.542,2,224,435.374,215.204,NA,3.234,0.011,-38.66,-38.66
5280,49,51,1287.626,762.374,46501.552,2,246,451.233,229.169,NA,15.859,0.053,37.235,75.895
5281,49,52,1287.626,762.374,46801.562,2,253,451.233,229.169,NA,0,0,0,-37.235
5282,49,53,1282.576,750.758,47101.572,2,207,463.899,222.448,NA,12.667,0.042,-113.499,-113.499
5283,49,54,1282.576,754.798,47401.582,2,135,467.94,222.989,NA,4.04,0.013,90,-156.501
5284,49,55,1289.141,754.798,47701.592,2,144,474.505,229.489,NA,6.566,0.022,0,-90
5285,49,56,1295.202,760.859,48001.602,2,249,483.076,236.388,NA,8.571,0.029,45,45
5286,49,57,1295.202,761.364,48301.612,2,255,483.581,236.469,NA,0.505,0.002,90,45
5287,49,58,1295.202,761.364,48601.622,2,220,483.581,236.469,NA,0,0,0,-90
5288,49,59,1302.778,761.364,48901.632,2,255,491.157,243.948,NA,7.576,0.025,0,0
5289,49,60,1302.778,761.364,49201.642,2,255,491.157,243.948,NA,0,0,0,0
5290,49,61,1301.263,761.364,49501.652,2,255,492.672,242.452,NA,1.515,0.005,180,180
5291,49,62,1301.263,756.818,49801.662,2,255,497.218,241.774,NA,4.545,0.015,-90,90
5292,49,63,1301.263,756.818,50101.672,2,255,497.218,241.774,NA,0,0,0,90
5293,49,64,1301.263,751.768,50401.682,2,255,502.268,241.119,NA,5.051,0.017,-90,-90
5294,49,65,1301.768,751.768,50701.692,2,255,502.773,241.62,NA,0.505,0.002,0,90
5295,49,66,1303.283,751.768,51001.702,2,255,504.288,243.125,NA,1.515,0.005,0,0
5296,49,67,1306.313,754.798,51301.712,2,133,508.574,246.507,NA,4.285,0.014,45,45
5297,49,68,1313.384,750.253,51601.722,2,247,516.98,252.989,NA,8.406,0.028,-32.735,-77.735
5298,49,69,1313.889,750.253,51901.732,2,255,517.485,253.492,NA,0.505,0.002,0,32.735
5299,49,70,1314.394,750.253,52201.742,2,254,517.99,253.994,NA,0.505,0.002,0,0
5300,49,71,1314.394,749.747,52501.752,2,247,518.495,253.94,NA,0.505,0.002,-90,-90
5301,49,72,1319.444,750.253,52801.762,2,243,523.57,259.016,NA,5.076,0.017,5.711,95.711
5302,49,73,1319.444,750.253,53101.772,2,250,523.57,259.016,NA,0,0,0,-5.711
5303,49,74,1319.444,755.303,53401.782,2,255,528.621,259.596,NA,5.051,0.017,90,90
5304,49,75,1319.444,761.364,53701.792,2,255,534.682,260.42,NA,6.061,0.02,90,0
5305,49,76,1318.939,765.404,54001.802,2,234,538.753,260.548,NA,4.072,0.014,97.125,7.125
5306,49,77,1316.414,765.404,54301.812,2,135,541.279,258.057,NA,2.525,0.008,180,82.875
5307,49,78,1317.424,771.465,54601.822,2,241,547.423,260.114,NA,6.144,0.02,80.538,-99.462
5308,49,79,1324.495,779.545,54901.832,2,255,558.16,268.649,NA,10.738,0.036,48.814,-31.724
5309,49,80,1330.051,779.545,55201.842,2,219,563.716,274.082,NA,5.556,0.019,0,-48.814
5310,49,81,1337.626,782.071,55501.852,2,138,571.701,282.018,NA,7.986,0.027,18.435,18.435
5311,49,82,1337.626,782.071,55801.862,2,215,571.701,282.018,NA,0,0,0,-18.435
5312,49,83,1337.626,788.636,56101.872,2,255,578.267,283.466,NA,6.566,0.022,90,90
5313,49,84,1344.192,788.131,56401.882,2,181,584.852,289.743,NA,6.585,0.022,-4.399,-94.399
5314,49,85,1344.192,788.131,56701.892,2,255,584.852,289.743,NA,0,0,0,4.399
5315,49,86,1347.222,790.657,57001.902,2,243,588.797,293.269,NA,3.945,0.013,39.806,39.806
5316,49,87,1347.222,790.657,57301.912,2,255,588.797,293.269,NA,0,0,0,-39.806
5317,49,88,1352.273,790.657,57601.922,2,255,593.847,298.186,NA,5.051,0.017,0,0
5318,49,89,1363.889,790.657,57901.932,2,169,605.463,309.51,NA,11.616,0.039,0,0
5319,49,90,1373.99,789.646,58201.942,2,225,615.615,319.162,NA,10.151,0.034,-5.711,-5.711
5320,49,91,1373.99,789.646,58501.952,2,255,615.615,319.162,NA,0,0,0,5.711
5321,49,92,1388.131,789.646,58801.962,2,101,629.756,333.004,NA,14.141,0.047,0,0
5322,49,93,1398.737,797.727,59101.972,2,255,643.09,345.062,NA,13.334,0.044,37.304,37.304
5323,49,94,1405.303,802.778,59401.982,2,253,651.373,352.583,NA,8.283,0.028,37.569,0.265
5324,49,95,1423.485,807.323,59701.992,2,253,670.115,371.322,NA,18.741,0.062,14.036,-23.532
5325,49,96,1423.99,808.838,60002.002,2,174,671.712,372.161,NA,1.597,0.005,71.565,57.529
5326,49,97,1433.081,813.889,60302.012,2,220,682.111,382.182,NA,10.4,0.035,29.055,-42.51
5327,49,98,1445.202,813.889,60602.022,2,124,694.233,393.966,NA,12.121,0.04,0,-29.055
5328,49,99,1469.949,818.434,60902.032,2,148,719.394,419.096,NA,25.161,0.084,10.408,10.408
5329,49,100,1477.02,818.939,61202.042,2,224,726.483,426.097,NA,7.089,0.024,4.086,-6.322
5330,49,101,1495.707,841.162,61502.052,2,207,755.518,449.647,NA,29.035,0.097,49.939,45.854
5331,49,102,1501.263,844.697,61802.062,2,255,762.103,455.941,NA,6.585,0.022,32.471,-17.468
5332,49,103,1503.788,839.141,62102.072,2,224,768.205,456.931,NA,6.103,0.02,-65.556,-98.027
5333,49,104,1497.222,834.091,62402.082,2,255,776.489,449.309,NA,8.283,0.028,-142.431,-76.875
5334,49,105,1500.758,831.566,62702.092,2,193,780.833,452.122,NA,4.345,0.014,-35.538,106.894
5335,49,106,1479.545,825.505,63002.102,2,255,802.894,430.076,NA,22.061,0.074,-164.055,-128.517
5336,49,107,1479.545,820.96,63302.112,2,183,807.44,429.015,NA,4.545,0.015,-90,74.055
5337,49,108,1481.061,820.96,63602.122,2,232,808.955,430.49,NA,1.515,0.005,0,90
5338,49,109,1484.596,834.091,63902.132,2,216,822.554,437.086,NA,13.599,0.045,74.932,74.932
5339,49,110,1490.152,834.091,64202.142,2,255,828.109,442.461,NA,5.556,0.019,0,-74.932
5340,49,111,1496.212,834.091,64502.152,2,207,834.17,448.33,NA,6.061,0.02,0,0
5341,49,112,1496.212,834.091,64802.162,2,168,834.17,448.33,NA,0,0,0,0
5342,49,113,1488.636,833.586,65102.172,2,204,841.763,440.868,NA,7.593,0.025,-176.186,-176.186
5343,49,114,1493.687,832.576,65402.182,2,219,846.913,445.509,NA,5.151,0.017,-11.31,164.876
5344,49,115,1501.768,832.576,65702.192,2,255,854.994,453.346,NA,8.081,0.027,0,11.31
5345,49,116,1499.242,835.606,66002.202,2,255,858.939,451.642,NA,3.945,0.013,129.806,129.806
5346,49,117,1501.768,837.626,66302.212,2,214,862.172,454.593,NA,3.234,0.011,38.66,-91.146
5347,49,118,1501.768,837.626,66602.222,2,187,862.172,454.593,NA,0,0,0,-38.66
5348,49,119,1511.364,837.626,66902.232,2,95,871.768,463.885,NA,9.596,0.032,0,0
5349,49,120,1505.303,830.556,67202.242,2,155,881.081,456.297,NA,9.313,0.031,-130.601,-130.601
5350,49,121,1496.717,832.576,67502.252,2,220,889.901,448.447,NA,8.82,0.029,166.759,-62.639
5351,49,122,1505.303,821.97,67802.262,2,163,903.547,454.349,NA,13.646,0.045,-51.009,142.232
5352,49,123,1507.828,821.97,68102.272,2,175,906.072,456.814,NA,2.525,0.008,0,51.009
5353,49,124,1507.828,829.545,68402.282,2,255,913.648,458.515,NA,7.576,0.025,90,90
5354,49,125,1511.364,829.545,68702.292,2,136,917.183,461.954,NA,3.535,0.012,0,-90
5355,49,126,1511.364,834.596,69002.302,2,213,922.234,463.146,NA,5.051,0.017,90,90
5356,49,127,1511.364,834.596,69302.312,2,199,922.234,463.146,NA,0,0,0,-90
5357,49,128,1518.434,836.616,69602.322,2,182,929.588,470.495,NA,7.354,0.025,15.945,15.945
5358,49,129,1526.01,835.606,69902.332,2,110,937.23,477.611,NA,7.643,0.025,-7.595,-23.54
5359,49,130,1531.061,835.606,70202.342,2,162,942.281,482.52,NA,5.051,0.017,0,7.595
5360,49,131,1540.657,827.525,70502.352,2,132,954.826,490.069,NA,12.545,0.042,-40.101,-40.101
5361,49,132,1543.182,827.525,70802.362,2,191,957.351,492.536,NA,2.525,0.008,0,40.101
5362,49,133,1543.182,827.525,71102.372,2,68,957.351,492.536,NA,0,0,0,0
5363,50,1,1042.424,897.727,41101.371,2,199,0,0,NA,NA,NA,NA,NA
5364,50,2,1051.136,895.455,41401.381,2,190,9.004,9.004,NA,9.004,0.03,-14.621,NA
5365,50,3,1062.879,895.455,41701.391,2,165,20.746,20.58,NA,11.742,0.039,0,14.621
5366,50,4,1103.409,892.424,42001.401,2,205,61.39,61.215,NA,40.643,0.135,-4.276,-4.276
5367,50,5,1111.364,892.424,42301.411,2,255,69.344,69.143,NA,7.955,0.027,0,4.276
5368,50,6,1111.364,892.424,42601.421,2,255,69.344,69.143,NA,0,0,0,0
5369,50,7,1128.788,897.348,42901.431,2,255,87.451,86.364,NA,18.107,0.06,15.781,15.781
5370,50,8,1128.788,897.348,43201.441,2,255,87.451,86.364,NA,0,0,0,-15.781
5371,50,9,1127.652,895.455,43501.451,2,237,89.659,85.258,NA,2.209,0.007,-120.964,-120.964
5372,50,10,1118.939,898.106,43801.461,2,203,98.766,76.516,NA,9.107,0.03,163.072,-75.964
5373,50,11,1119.697,890.152,44101.471,2,210,106.757,77.643,NA,7.991,0.027,-84.56,112.368
5374,50,12,1123.485,884.47,44401.481,2,255,113.585,82.138,NA,6.829,0.023,-56.31,28.25
5375,50,13,1132.197,883.712,44701.491,2,255,122.33,90.86,NA,8.745,0.029,-4.97,51.34
5376,50,14,1151.136,874.621,45001.501,2,252,143.339,111.141,NA,21.008,0.07,-25.641,-20.671
5377,50,15,1173.106,868.561,45301.511,2,255,166.129,133.897,NA,22.79,0.076,-15.422,10.219
5378,50,16,1175.505,871.465,45601.521,2,255,169.896,135.647,NA,3.767,0.013,50.44,65.862
5379,50,17,1177.02,872.475,45901.531,2,255,171.717,136.944,NA,1.821,0.006,33.69,-16.75
5380,50,18,1177.02,872.475,46201.542,2,255,171.717,136.944,NA,0,0,0,-33.69
5381,50,19,1169.444,875,46501.552,2,255,179.702,129.037,NA,7.986,0.027,161.565,161.565
5382,50,20,1172.98,879.04,46801.562,2,255,185.071,131.886,NA,5.369,0.018,48.814,-112.751
5383,50,21,1180.556,885.101,47101.572,2,255,194.773,138.707,NA,9.702,0.032,38.66,-10.154
5384,50,22,1197.222,897.727,47401.582,2,212,215.682,154.798,NA,20.909,0.07,37.147,-1.513
5385,50,23,1215.909,898.737,47701.592,2,255,234.396,173.488,NA,18.714,0.062,3.094,-34.053
5386,50,24,1219.949,898.737,48001.602,2,255,238.437,177.528,NA,4.04,0.013,0,-3.094
5387,50,25,1219.949,898.737,48301.612,2,196,238.437,177.528,NA,0,0,0,0
5388,50,26,1225.505,909.848,48601.622,2,236,250.859,183.482,NA,12.423,0.041,63.435,63.435
5389,50,27,1225.505,909.848,48901.632,2,231,250.859,183.482,NA,0,0,0,-63.435
5390,50,28,1238.131,909.848,49201.642,2,255,263.485,196.082,NA,12.626,0.042,0,0
5391,50,29,1237.626,898.232,49501.652,2,255,275.113,195.203,NA,11.627,0.039,-92.49,-92.49
5392,50,30,1243.182,897.727,49801.662,2,255,280.691,200.758,NA,5.578,0.019,-5.194,87.295
5393,50,31,1237.121,897.727,50101.672,2,255,286.752,194.697,NA,6.061,0.02,180,-174.806
5394,50,32,1243.687,896.717,50401.682,2,255,293.395,201.265,NA,6.643,0.022,-8.746,171.254
5395,50,33,1250.758,902.273,50701.692,2,255,302.387,208.383,NA,8.992,0.03,38.157,46.903
5396,50,34,1256.313,910.859,51001.702,2,250,312.613,214.292,NA,10.226,0.034,57.095,18.938
5397,50,35,1265.404,913.384,51301.712,2,214,322.048,223.529,NA,9.435,0.031,15.524,-41.571
5398,50,36,1265.404,913.384,51601.722,2,255,322.048,223.529,NA,0,0,0,-15.524
5399,50,37,1275.505,915.909,51901.732,2,255,332.46,233.789,NA,10.412,0.035,14.036,14.036
5400,50,38,1283.586,949.747,52201.742,2,255,367.25,246.708,NA,34.79,0.116,76.569,62.533
5401,50,39,1288.636,962.374,52501.752,2,255,380.849,254.558,NA,13.599,0.045,68.199,-8.37
5402,50,40,1311.869,990.657,52801.762,2,255,417.45,285.02,NA,36.601,0.122,50.599,-17.599
5403,50,41,1329.04,996.717,53101.772,2,255,435.66,303.229,NA,18.21,0.061,19.44,-31.159
5404,50,42,1335.101,1001.768,53401.782,2,255,443.549,310.619,NA,7.889,0.026,39.806,20.366
5405,50,43,1335.101,1022.98,53701.792,2,134,464.761,318.352,NA,21.212,0.071,90,50.194
5406,50,44,1341.667,1029.04,54001.802,2,255,473.697,326.786,NA,8.935,0.03,42.709,-47.291
5407,50,45,1347.222,1033.586,54301.812,2,240,480.875,333.706,NA,7.178,0.024,39.289,-3.42
5408,50,46,1343.687,1040.152,54601.822,2,255,488.332,333.232,NA,7.457,0.025,118.301,79.011
5409,50,47,1343.687,1043.687,54901.832,2,255,491.867,334.759,NA,3.535,0.012,90,-28.301
5410,50,48,1343.687,1043.687,55201.842,2,255,491.867,334.759,NA,0,0,0,-90
5411,50,49,1343.687,1043.687,55501.852,2,255,491.867,334.759,NA,0,0,0,0
5412,50,50,1331.566,1041.162,55801.862,2,255,504.249,322.763,NA,12.381,0.041,-168.232,-168.232
5413,50,51,1327.525,1041.162,56101.872,2,255,508.289,319.149,NA,4.04,0.013,180,-11.768
5414,50,52,1332.071,1035.101,56401.882,2,255,515.865,320.572,NA,7.576,0.025,-53.13,126.87
5415,50,53,1350.253,1042.677,56701.892,2,210,535.562,340.248,NA,19.697,0.066,22.62,75.75
5416,50,54,1356.818,1058.333,57001.902,2,255,552.539,353.041,NA,16.978,0.057,67.249,44.629
5417,50,55,1357.323,1051.263,57301.912,2,255,559.628,350.335,NA,7.089,0.024,-85.914,-153.163
5418,50,56,1357.323,1051.263,57601.922,2,255,559.628,350.335,NA,0,0,0,85.914
5419,50,57,1357.828,1051.263,57901.932,2,255,560.133,350.789,NA,0.505,0.002,0,0
5420,50,58,1357.828,1072.475,58201.942,2,255,581.345,360.578,NA,21.212,0.071,90,90
5421,50,59,1357.828,1072.475,58501.952,2,246,581.345,360.578,NA,0,0,0,-90
5422,50,60,1367.424,1076.01,58801.962,2,255,591.572,370.688,NA,10.226,0.034,20.225,20.225
5423,50,61,1373.99,1081.566,59101.972,2,221,600.172,379.12,NA,8.601,0.029,40.236,20.011
5424,50,62,1382.576,1081.566,59401.982,2,255,608.758,386.652,NA,8.586,0.029,0,-40.236
5425,50,63,1402.273,1076.515,59701.992,2,255,629.092,401.816,NA,20.334,0.068,-14.381,-14.381
5426,50,64,1418.434,1076.01,60002.002,2,255,645.262,416.135,NA,16.17,0.054,-1.79,12.591
5427,50,65,1434.091,1076.01,60302.012,2,255,660.918,430.334,NA,15.657,0.052,0,1.79
5428,50,66,1434.596,1076.01,60602.022,2,255,661.424,430.794,NA,0.505,0.002,0,0
5429,50,67,1447.727,1076.01,60902.032,2,255,674.555,442.781,NA,13.131,0.044,0,0
5430,50,68,1453.788,1076.515,61202.042,2,255,680.636,448.537,NA,6.082,0.02,4.764,4.764
5431,50,69,1454.798,1082.576,61502.052,2,255,686.781,451.908,NA,6.144,0.02,80.538,75.774
5432,50,70,1475,1084.596,61802.062,2,255,707.083,471.213,NA,20.303,0.068,5.711,-74.827
5433,50,71,1492.677,1084.596,62102.072,2,255,724.76,487.491,NA,17.677,0.059,0,-5.711
5434,50,72,1492.677,1084.596,62402.082,2,255,724.76,487.491,NA,0,0,0,0
5435,50,73,1510.859,1073.485,62702.092,2,255,746.068,500.321,NA,21.308,0.071,-31.43,-31.43
5436,50,74,1514.899,1051.263,63002.102,2,255,768.655,496.795,NA,22.587,0.075,-79.695,-48.266
5437,50,75,1514.899,1051.768,63302.112,2,175,769.16,496.952,NA,0.505,0.002,90,169.695
5438,50,76,1520.455,1048.232,63602.122,2,181,775.745,501.163,NA,6.585,0.022,-32.471,-122.471
5439,50,77,1529.545,1052.273,63902.132,2,197,785.693,511.049,NA,9.948,0.033,23.962,56.434
5440,50,78,1536.111,1062.879,64202.142,2,255,798.167,520.578,NA,12.474,0.042,58.241,34.278
5441,50,79,1547.222,1068.939,64502.152,2,255,810.824,533.043,NA,12.657,0.042,28.61,-29.63
5442,51,1,489.141,780.556,27000.901,2,62,0,0,NA,NA,NA,NA,NA
5443,51,2,483.586,780.556,27300.911,2,133,5.556,5.556,NA,5.556,0.019,180,NA
5444,51,3,483.586,780.556,27600.921,2,62,5.556,5.556,NA,0,0,0,-180
5445,51,4,478.03,780.556,27900.931,2,222,11.111,11.111,NA,5.556,0.019,180,180
5446,51,5,476.515,785.101,28200.941,2,233,15.902,13.42,NA,4.791,0.016,108.435,-71.565
5447,51,6,464.394,785.101,28500.951,2,255,28.024,25.161,NA,12.121,0.04,180,71.565
5448,51,7,463.889,785.101,28800.961,2,255,28.529,25.658,NA,0.505,0.002,180,0
5449,51,8,451.263,785.101,29100.971,2,255,41.155,38.151,NA,12.626,0.042,180,0
5450,51,9,442.172,785.101,29400.981,2,255,50.246,47.189,NA,9.091,0.03,180,0
5451,51,10,430.051,785.101,29700.991,2,255,62.367,59.265,NA,12.121,0.04,180,0
5452,51,11,425.505,785.101,30001.001,2,255,66.913,63.798,NA,4.545,0.015,180,0
5453,51,12,425.505,785.101,30301.011,2,255,66.913,63.798,NA,0,0,0,-180
5454,51,13,435.101,792.172,30601.021,2,255,78.832,55.275,NA,11.92,0.04,36.384,36.384
5455,51,14,435.101,792.677,30901.031,2,255,79.337,55.383,NA,0.505,0.002,90,53.616
5456,51,15,435.101,792.677,31201.041,2,255,79.337,55.383,NA,0,0,0,-90
5457,51,16,432.071,786.616,31501.051,2,255,86.113,57.392,NA,6.776,0.023,-116.565,-116.565
5458,51,17,431.566,785.101,31801.061,2,255,87.71,57.755,NA,1.597,0.005,-108.435,8.13
5459,51,18,434.596,785.101,32101.071,2,255,90.741,54.735,NA,3.03,0.01,0,108.435
5460,51,19,431.566,784.091,32401.081,2,255,93.935,57.684,NA,3.194,0.011,-161.565,-161.565
5461,51,20,428.535,783.586,32701.091,2,255,97.007,60.682,NA,3.072,0.01,-170.538,-8.973
5462,51,21,430.051,783.081,33001.101,2,255,98.604,59.145,NA,1.597,0.005,-18.435,152.103
5463,51,22,436.616,784.091,33301.111,2,255,105.247,52.644,NA,6.643,0.022,8.746,27.181
5464,51,23,436.616,784.091,33601.121,2,255,105.247,52.644,NA,0,0,0,-8.746
5465,51,24,436.616,784.091,33901.131,2,255,105.247,52.644,NA,0,0,0,0
5466,51,25,423.485,789.646,34201.141,2,255,119.505,66.283,NA,14.258,0.048,157.068,157.068
5467,51,26,415.909,783.586,34501.151,2,255,129.207,73.295,NA,9.702,0.032,-141.34,61.592
5468,51,27,401.263,775,34801.161,2,255,146.184,88.054,NA,16.978,0.057,-149.621,-8.281
5469,51,28,394.192,773.99,35101.171,2,255,153.327,95.176,NA,7.142,0.024,-171.87,-22.249
5470,51,29,394.192,773.99,35401.181,2,255,153.327,95.176,NA,0,0,0,171.87
5471,51,30,394.192,766.414,35701.191,2,255,160.903,95.997,NA,7.576,0.025,-90,-90
5472,51,31,390.152,766.414,36001.201,2,255,164.943,99.995,NA,4.04,0.013,180,-90
5473,51,32,391.667,765.404,36301.211,2,255,166.764,98.645,NA,1.821,0.006,-33.69,146.31
5474,51,33,391.667,765.404,36601.221,2,255,166.764,98.645,NA,0,0,0,33.69
5475,51,34,383.586,756.818,36901.231,2,255,178.554,108.192,NA,11.791,0.039,-133.264,-133.264
5476,51,35,383.586,756.818,37201.241,2,255,178.554,108.192,NA,0,0,0,133.264
5477,51,36,376.515,747.222,37501.251,2,255,190.474,117.455,NA,11.92,0.04,-126.384,-126.384
5478,51,37,363.384,747.222,37801.261,2,255,203.605,130.1,NA,13.131,0.044,180,-53.616
5479,51,38,334.596,737.626,38101.271,2,255,233.95,160.397,NA,30.345,0.101,-161.565,18.435
5480,51,39,331.566,733.586,38401.281,2,255,239.001,164.427,NA,5.051,0.017,-126.87,34.695
5481,51,40,328.535,732.576,38701.291,2,255,242.195,167.62,NA,3.194,0.011,-161.565,-34.695
5482,51,41,328.535,740.152,39001.301,2,255,249.771,165.61,NA,7.576,0.025,90,-108.435
5483,51,42,333.081,738.636,39301.311,2,255,254.562,161.592,NA,4.791,0.016,-18.435,-108.435
5484,51,43,334.596,737.626,39601.321,2,255,256.383,160.397,NA,1.821,0.006,-33.69,-15.255
5485,51,44,330.556,733.081,39901.331,2,255,262.465,165.54,NA,6.082,0.02,-131.634,-97.943
5486,51,45,315.404,730.051,40201.341,2,255,277.916,180.929,NA,15.452,0.052,-168.69,-37.057
5487,51,46,310.354,722.475,40501.351,2,255,287.021,187.985,NA,9.105,0.03,-123.69,45
5488,51,47,322.475,726.515,40801.361,2,255,299.798,175.209,NA,12.777,0.043,18.435,142.125
5489,51,48,320.455,727.525,41101.371,2,255,302.057,176.826,NA,2.259,0.008,153.435,135
5490,51,49,320.455,727.525,41401.381,2,255,302.057,176.826,NA,0,0,0,-153.435
5491,51,50,317.929,730.556,41701.391,2,255,306.002,178.364,NA,3.945,0.013,129.806,129.806
5492,51,51,317.929,734.596,42001.401,2,255,310.042,177.273,NA,4.04,0.013,90,-39.806
5493,51,52,317.929,736.111,42301.411,2,255,311.557,176.887,NA,1.515,0.005,90,0
5494,51,53,317.929,737.626,42601.421,2,255,313.072,176.512,NA,1.515,0.005,90,0
5495,51,54,317.929,738.131,42901.431,2,255,313.577,176.39,NA,0.505,0.002,90,0
5496,51,55,311.869,738.131,43201.441,2,255,319.638,182.278,NA,6.061,0.02,180,90
5497,51,56,311.869,738.131,43501.451,2,255,319.638,182.278,NA,0,0,0,-180
5498,51,57,307.828,741.667,43801.461,2,255,325.007,185.437,NA,5.369,0.018,138.814,138.814
5499,51,58,303.283,740.152,44101.471,2,255,329.798,190.2,NA,4.791,0.016,-161.565,59.621
5500,51,59,303.283,729.04,44401.481,2,255,340.909,192.866,NA,11.111,0.037,-90,71.565
5501,51,60,303.283,729.04,44701.491,2,255,340.909,192.866,NA,0,0,0,90
5502,51,61,299.242,742.677,45001.501,2,255,355.131,193.64,NA,14.222,0.047,106.504,106.504
5503,51,62,293.687,742.677,45301.511,2,255,360.687,199.091,NA,5.556,0.019,180,73.496
5504,51,63,293.687,742.677,45601.521,2,255,360.687,199.091,NA,0,0,0,-180
5505,51,64,306.818,742.677,45901.531,2,255,373.818,186.216,NA,13.131,0.044,0,0
5506,51,65,306.313,737.121,46201.542,2,255,379.397,187.917,NA,5.578,0.019,-95.194,-95.194
5507,51,66,300.758,737.121,46501.552,2,255,384.952,193.326,NA,5.556,0.019,180,-84.806
5508,51,67,296.212,737.121,46801.562,2,255,389.498,197.758,NA,4.545,0.015,180,0
5509,51,68,296.212,740.657,47101.572,2,255,393.033,197.012,NA,3.535,0.012,90,-90
5510,51,69,290.657,750.253,47401.582,2,255,404.121,200.785,NA,11.088,0.037,120.069,30.069
5511,51,70,286.111,750.253,47701.592,2,255,408.667,205.279,NA,4.545,0.015,180,59.931
5512,51,71,281.061,750.253,48001.602,2,255,413.717,210.276,NA,5.051,0.017,180,0
5513,51,72,281.061,750.253,48301.612,2,255,413.717,210.276,NA,0,0,0,-180
5514,51,73,276.01,761.364,48601.622,2,255,425.922,213.994,NA,12.205,0.041,114.444,114.444
5515,51,74,276.01,766.414,48901.632,2,255,430.973,213.6,NA,5.051,0.017,90,-24.444
5516,51,75,268.434,766.414,49201.642,2,255,438.549,221.16,NA,7.576,0.025,180,90
5517,51,76,268.434,782.071,49501.652,2,255,454.205,220.712,NA,15.657,0.052,90,-90
5518,51,77,253.283,763.384,49801.662,2,255,478.263,236.483,NA,24.058,0.08,-129.036,140.964
5519,51,78,247.727,753.283,50101.672,2,255,489.791,242.95,NA,11.528,0.038,-118.811,10.225
5520,51,79,241.162,743.687,50401.682,2,255,501.418,250.706,NA,11.627,0.039,-124.38,-5.57
5521,51,80,241.162,743.687,50701.692,2,255,501.418,250.706,NA,0,0,0,124.38
5522,51,81,200.758,720.96,51001.702,2,255,547.775,294.477,NA,46.357,0.155,-150.642,-150.642
5523,51,82,197.222,719.949,51301.712,2,255,551.452,298.144,NA,3.677,0.012,-164.055,-13.412
5524,51,83,197.222,730.051,51601.722,2,255,561.553,296.256,NA,10.101,0.034,90,-105.945
5525,51,84,193.687,705.303,51901.732,2,255,586.552,304.887,NA,24.999,0.083,-98.13,171.87
5526,51,85,188.131,687.121,52201.742,2,255,605.564,315.178,NA,19.012,0.063,-106.991,-8.861
5527,51,86,152.273,685.606,52501.752,2,255,641.454,349.994,NA,35.891,0.12,-177.58,-70.59
5528,51,87,144.697,686.111,52801.762,2,255,649.047,357.158,NA,7.593,0.025,176.186,-6.234
5529,51,88,150.253,686.111,53101.772,2,255,654.602,351.803,NA,5.556,0.019,0,-176.186
5530,51,89,150.253,687.121,53401.782,2,255,655.612,351.533,NA,1.01,0.003,90,90
5531,51,90,155.303,681.566,53701.792,2,255,663.12,348.205,NA,7.508,0.025,-47.726,-137.726
5532,51,91,145.707,672.98,54001.802,2,255,675.997,359.888,NA,12.876,0.043,-138.18,-90.454
5533,51,92,145.707,667.929,54301.812,2,255,681.047,361.43,NA,5.051,0.017,-90,48.18
5534,51,93,146.212,667.929,54601.822,2,255,681.552,360.95,NA,0.505,0.002,0,90
5535,51,94,129.545,667.929,54901.832,2,255,698.219,376.821,NA,16.667,0.056,180,180
5536,51,95,113.384,671.465,55201.842,2,255,714.763,391.273,NA,16.544,0.055,167.661,-12.339
5537,51,96,95.707,673.99,55501.852,2,255,732.619,407.611,NA,17.856,0.06,171.87,4.209
5538,51,97,84.091,658.838,55801.862,2,255,751.711,422.943,NA,19.092,0.064,-127.476,60.654
5539,51,98,75.505,637.626,56101.872,2,255,774.595,437.634,NA,22.884,0.076,-112.036,15.44
5540,51,99,75.505,627.02,56401.882,2,255,785.201,441.212,NA,10.606,0.035,-90,22.036
5541,51,100,82.071,639.646,56701.892,2,255,799.432,430.769,NA,14.231,0.047,62.526,152.526
5542,51,101,77.525,640.152,57001.902,2,255,804.006,434.904,NA,4.573,0.015,173.66,111.134
5543,51,102,70.96,649.747,57301.912,2,255,815.633,438.163,NA,11.627,0.039,124.38,-49.279
5544,51,103,58.838,648.737,57601.922,2,255,827.796,450.041,NA,12.163,0.041,-175.236,60.383
5545,51,104,58.838,640.152,57901.932,2,255,836.382,452.63,NA,8.586,0.029,-90,85.236
5546,51,105,58.838,640.152,58201.942,2,255,836.382,452.63,NA,0,0,0,90
5547,51,106,58.838,640.152,58501.952,2,255,836.382,452.63,NA,0,0,0,0
5548,51,107,61.364,633.586,58801.962,2,255,843.416,452.321,NA,7.035,0.023,-68.962,-68.962
5549,51,108,61.364,633.586,59101.972,2,255,843.416,452.321,NA,0,0,0,68.962
5550,51,109,61.364,633.586,59401.982,2,255,843.416,452.321,NA,0,0,0,0
5551,51,110,53.283,637.626,59701.992,2,255,852.451,458.695,NA,9.035,0.03,153.435,153.435
5552,51,111,53.788,636.616,60002.002,2,255,853.58,458.532,NA,1.129,0.004,-63.435,143.13
5553,51,112,44.697,636.616,60302.012,2,255,862.671,467.172,NA,9.091,0.03,180,-116.565
5554,51,113,49.242,636.616,60602.022,2,255,867.217,462.85,NA,4.545,0.015,0,-180
5555,51,114,49.242,648.737,60902.032,2,255,879.338,459.225,NA,12.121,0.04,90,90
5556,51,115,42.172,648.737,61202.042,2,255,886.409,466.002,NA,7.071,0.024,180,90
5557,51,116,47.222,639.646,61502.052,2,255,896.808,463.84,NA,10.4,0.035,-60.945,119.055
5558,51,117,43.687,636.616,61802.062,2,255,901.465,468.133,NA,4.656,0.016,-139.399,-78.453
5559,51,118,48.737,632.071,62102.072,2,255,908.259,464.762,NA,6.795,0.023,-41.987,97.411
5560,51,119,48.232,630.556,62402.082,2,255,909.856,465.726,NA,1.597,0.005,-108.435,-66.448
5561,51,120,39.646,630.556,62702.092,2,255,918.442,473.863,NA,8.586,0.029,180,-71.565
5562,51,121,36.111,637.121,63002.102,2,255,925.899,475.195,NA,7.457,0.025,118.301,-61.699
5563,51,122,36.111,641.667,63302.112,2,255,930.445,473.842,NA,4.545,0.015,90,-28.301
5564,51,123,40.657,641.667,63602.122,2,255,934.99,469.498,NA,4.545,0.015,0,-90
5565,51,124,46.717,641.667,63902.132,2,232,941.051,463.713,NA,6.061,0.02,0,0
5566,51,125,56.313,641.667,64202.142,2,255,950.647,454.566,NA,9.596,0.032,0,0
5567,51,126,61.869,637.121,64502.152,2,255,957.825,450.705,NA,7.178,0.024,-39.289,-39.289
5568,51,127,62.374,632.071,64802.162,2,255,962.901,451.861,NA,5.076,0.017,-84.289,-45
5569,51,128,68.434,635.101,65102.172,2,255,969.677,445.142,NA,6.776,0.023,26.565,110.854
5570,51,129,71.465,646.717,65402.182,2,255,981.681,438.596,NA,12.005,0.04,75.379,48.814
5571,51,130,64.394,646.717,65702.192,2,255,988.752,445.335,NA,7.071,0.024,180,104.621
5572,51,131,48.232,644.697,66002.202,2,255,1005.04,461.366,NA,16.287,0.054,-172.875,7.125
5573,51,132,39.646,643.687,66302.212,2,255,1013.685,469.871,NA,8.645,0.029,-173.29,-0.415
5574,51,133,65.909,643.687,66602.222,2,245,1039.947,444.813,NA,26.263,0.088,0,173.29
5575,51,134,73.99,660.354,66902.232,2,255,1058.47,432.203,NA,18.522,0.062,64.134,64.134
5576,51,135,82.071,660.354,67202.242,2,255,1066.55,424.447,NA,8.081,0.027,0,-64.134
5577,51,136,82.071,660.354,67502.252,2,255,1066.55,424.447,NA,0,0,0,0
5578,51,137,64.394,658.333,67802.262,2,255,1084.342,441.983,NA,17.792,0.059,-173.48,-173.48
5579,51,138,64.394,655.303,68102.272,2,255,1087.373,442.83,NA,3.03,0.01,-90,83.48
5580,51,139,57.323,662.879,68402.282,2,255,1097.735,447.565,NA,10.363,0.035,133.025,-136.975
5581,51,140,48.232,668.434,68702.292,2,255,1108.389,454.942,NA,10.654,0.036,148.57,15.545
5582,51,141,49.242,677.525,69002.302,2,255,1117.536,451.803,NA,9.147,0.03,83.66,-64.911
5583,51,142,49.242,653.788,69302.312,2,255,1141.274,457.8,NA,23.737,0.079,-90,-173.66
5584,51,143,48.232,647.222,69602.322,2,255,1147.917,460.628,NA,6.643,0.022,-98.746,-8.746
5585,51,144,45.202,642.172,69902.332,2,255,1153.806,465.008,NA,5.89,0.02,-120.964,-22.218
5586,51,145,45.202,642.172,70202.342,2,238,1153.806,465.008,NA,0,0,0,120.964
5587,51,146,45.202,617.929,70502.352,2,255,1178.049,472.789,NA,24.242,0.081,-90,-90
5588,51,147,44.697,605.808,70802.362,2,255,1190.181,477.564,NA,12.132,0.04,-92.386,-2.386
5589,51,148,44.697,606.313,71102.372,2,255,1190.686,477.38,NA,0.505,0.002,90,-177.614
5590,51,149,44.697,595.202,71402.382,2,255,1201.797,481.546,NA,11.111,0.037,-90,-180
5591,51,150,41.162,595.202,71702.392,2,255,1205.332,484.811,NA,3.535,0.012,180,-90
5592,51,152,36.616,588.636,72002.402,2,255,1213.318,491.541,NA,7.986,0.027,-124.695,55.305
