Nr,TID,PID,x [micron],y [micron],t [sec],c [idx],I [val],Len [micron],D2S [micron],D2R [micron],D2P [micron],v [micron/sec],α [deg],Δα [deg]
1,1,1,890.657,557.323,7200.232,2,17,0,0,NA,NA,NA,NA,NA
2,1,2,890.657,550.253,7500.242,2,63,7.071,7.071,NA,7.071,0.024,-90,NA
3,1,3,890.657,550.253,7800.252,2,49,7.071,7.071,NA,0,0,0,90
4,1,4,891.162,541.667,8100.261,2,111,15.671,15.665,NA,8.601,0.029,-86.634,-86.634
5,1,5,891.162,541.162,8400.271,2,78,16.176,16.17,NA,0.505,0.002,-90,-3.366
6,1,6,898.737,537.626,8700.281,2,34,24.537,21.29,NA,8.36,0.028,-25.017,64.983
7,1,7,898.737,537.626,9000.29,2,52,24.537,21.29,NA,0,0,0,25.017
8,1,8,901.768,534.091,9300.3,2,62,29.193,25.753,NA,4.656,0.016,-49.399,-49.399
9,1,9,903.788,531.061,9600.31,2,118,32.835,29.363,NA,3.642,0.012,-56.31,-6.911
10,1,10,909.848,529.04,9900.319,2,91,39.223,34.18,NA,6.388,0.021,-18.435,37.875
11,1,11,909.848,529.04,10200.329,2,88,39.223,34.18,NA,0,0,0,18.435
12,1,12,906.313,525.505,10500.339,2,189,44.223,35.462,NA,5,0.017,-135,-135
13,1,13,906.313,525.505,10800.348,2,196,44.223,35.462,NA,0,0,0,135
14,1,14,906.313,519.949,11100.358,2,189,49.779,40.521,NA,5.556,0.019,-90,-90
15,1,15,906.313,519.949,11400.368,2,226,49.779,40.521,NA,0,0,0,90
16,1,16,897.222,519.949,11700.377,2,255,58.869,37.946,NA,9.091,0.03,180,180
17,1,17,897.222,519.949,12000.387,2,158,58.869,37.946,NA,0,0,0,-180
18,1,18,897.222,516.919,12300.397,2,164,61.9,40.934,NA,3.03,0.01,-90,-90
19,1,19,897.727,504.293,12600.406,2,207,74.536,53.5,NA,12.636,0.042,-87.709,2.291
20,1,20,897.727,504.798,12900.416,2,213,75.041,52.999,NA,0.505,0.002,90,177.709
21,1,21,905.808,504.798,13200.426,2,164,83.122,54.667,NA,8.081,0.027,0,-90
22,1,22,916.414,504.293,13500.435,2,255,93.74,58.955,NA,10.618,0.035,-2.726,-2.726
23,1,23,917.424,503.283,13800.445,2,229,95.169,60.306,NA,1.428,0.005,-45,-42.274
24,1,24,925,499.747,14100.455,2,255,103.529,67.041,NA,8.36,0.028,-25.017,19.983
25,1,25,930.556,499.242,14400.464,2,255,109.107,70.465,NA,5.578,0.019,-5.194,19.822
26,1,26,941.667,501.263,14700.474,2,255,120.4,75.795,NA,11.293,0.038,10.305,15.499
27,1,27,941.667,501.263,15000.484,2,255,120.4,75.795,NA,0,0,0,-10.305
28,1,28,947.727,511.364,15300.493,2,255,132.18,73.276,NA,11.78,0.039,59.036,59.036
29,1,29,947.727,513.889,15600.503,2,255,134.705,71.719,NA,2.525,0.008,90,30.964
30,1,30,954.798,513.889,15900.513,2,236,141.776,77.464,NA,7.071,0.024,0,-90
31,1,31,944.697,513.889,16200.522,2,255,151.877,69.332,NA,10.101,0.034,180,180
32,1,32,944.697,513.889,16500.532,2,255,151.877,69.332,NA,0,0,0,-180
33,1,33,944.697,513.889,16800.542,2,255,151.877,69.332,NA,0,0,0,0
34,1,34,944.697,508.333,17100.551,2,255,157.433,72.941,NA,5.556,0.019,-90,-90
35,1,35,944.697,508.333,17400.561,2,255,157.433,72.941,NA,0,0,0,90
36,1,36,944.697,501.768,17700.571,2,255,163.998,77.503,NA,6.566,0.022,-90,-90
37,1,37,945.202,501.263,18000.58,2,210,164.713,78.218,NA,0.714,0.002,-45,45
38,1,38,951.263,498.232,18300.59,2,255,171.488,84.645,NA,6.776,0.023,-26.565,18.435
39,1,39,967.929,489.141,18600.6,2,255,190.473,103.053,NA,18.985,0.063,-28.61,-2.045
40,1,40,996.717,481.566,18900.609,2,174,220.241,130.338,NA,29.768,0.099,-14.744,13.867
41,1,41,1005.303,481.566,19200.619,2,246,228.827,137.416,NA,8.586,0.029,0,14.744
42,1,42,1004.293,483.081,19500.629,2,165,230.648,135.739,NA,1.821,0.006,123.69,123.69
43,1,43,998.737,485.606,19800.638,2,255,236.751,129.71,NA,6.103,0.02,155.556,31.866
44,1,44,1000.253,490.657,20100.648,2,255,242.024,128.28,NA,5.273,0.018,73.301,-82.255
45,1,45,1001.768,496.212,20400.658,2,253,247.782,126.808,NA,5.758,0.019,74.745,1.444
46,1,46,1015.909,510.859,20700.668,2,255,268.141,133.593,NA,20.359,0.068,46.005,-28.74
47,1,47,1023.485,511.869,21000.677,2,239,275.784,140.39,NA,7.643,0.025,7.595,-38.41
48,1,48,1049.242,520.455,21300.687,2,192,302.935,162.815,NA,27.151,0.09,18.435,10.84
49,1,49,1052.778,514.394,21600.697,2,255,309.951,167.709,NA,7.016,0.023,-59.744,-78.179
50,1,50,1052.778,514.394,21900.706,2,255,309.951,167.709,NA,0,0,0,59.744
51,1,51,1052.778,514.394,22200.716,2,255,309.951,167.709,NA,0,0,0,0
52,1,52,1055.808,514.394,22500.726,2,231,312.982,170.64,NA,3.03,0.01,0,0
53,1,53,1055.808,514.394,22800.735,2,246,312.982,170.64,NA,0,0,0,0
54,1,54,1047.727,514.394,23100.745,2,255,321.062,162.832,NA,8.081,0.027,180,180
55,1,55,1047.727,505.808,23400.755,2,225,329.648,165.303,NA,8.586,0.029,-90,90
56,1,56,1038.636,501.768,23700.764,2,202,339.597,158.065,NA,9.948,0.033,-156.038,-66.038
57,1,57,1038.636,501.768,24000.774,2,224,339.597,158.065,NA,0,0,0,156.038
58,1,58,1034.596,485.101,24300.784,2,229,356.746,161.042,NA,17.149,0.057,-103.627,-103.627
59,1,59,1019.444,482.071,24600.793,2,182,372.198,149.162,NA,15.452,0.052,-168.69,-65.063
60,1,60,1019.444,482.071,24900.803,2,231,372.198,149.162,NA,0,0,0,168.69
61,1,61,1017.929,485.606,25200.813,2,255,376.044,146.088,NA,3.846,0.013,113.199,113.199
62,1,62,1007.828,480.051,25500.822,2,255,387.572,140.358,NA,11.528,0.038,-151.189,95.612
63,1,63,1002.273,473.99,25800.832,2,255,395.794,139.293,NA,8.222,0.027,-132.51,18.679
64,1,64,1002.273,473.99,26100.842,2,255,395.794,139.293,NA,0,0,0,132.51
65,1,65,992.677,462.879,26400.851,2,255,410.475,139.025,NA,14.681,0.049,-130.815,-130.815
66,1,66,980.051,454.293,26700.861,2,247,425.744,136.406,NA,15.269,0.051,-145.784,-14.969
67,1,67,976.01,443.182,27000.871,2,255,437.567,142.525,NA,11.823,0.039,-109.983,35.801
68,1,68,976.01,442.677,27300.88,2,255,438.072,142.93,NA,0.505,0.002,-90,19.983
69,1,69,969.949,433.586,27600.89,2,246,448.998,146.964,NA,10.926,0.036,-123.69,-33.69
70,1,70,969.949,433.586,27900.9,2,255,448.998,146.964,NA,0,0,0,123.69
71,1,71,969.949,433.586,28200.909,2,248,448.998,146.964,NA,0,0,0,0
72,1,72,969.949,433.586,28500.919,2,255,448.998,146.964,NA,0,0,0,0
73,1,73,978.03,433.586,28800.929,2,255,457.078,151.476,NA,8.081,0.027,0,0
74,1,74,967.424,431.566,29100.938,2,255,467.875,147.337,NA,10.797,0.036,-169.216,-169.216
75,1,75,967.424,431.566,29400.948,2,251,467.875,147.337,NA,0,0,0,169.216
76,1,76,967.424,441.667,29700.958,2,237,477.976,138.815,NA,10.101,0.034,90,90
77,1,77,965.909,441.667,30000.967,2,254,479.491,137.983,NA,1.515,0.005,180,90
78,1,78,955.808,441.667,30300.977,2,255,489.592,132.745,NA,10.101,0.034,180,0
79,1,79,955.808,435.101,30600.987,2,255,496.158,138.503,NA,6.566,0.022,-90,90
80,1,80,955.808,435.101,30900.996,2,255,496.158,138.503,NA,0,0,0,90
81,1,81,955.808,435.101,31201.006,2,247,496.158,138.503,NA,0,0,0,0
82,1,82,959.343,435.101,31501.016,2,255,499.693,140.2,NA,3.535,0.012,0,0
83,1,83,956.313,435.101,31801.025,2,231,502.724,138.741,NA,3.03,0.01,180,180
84,1,84,956.313,435.101,32101.035,2,255,502.724,138.741,NA,0,0,0,-180
85,1,85,956.313,435.101,32401.045,2,255,502.724,138.741,NA,0,0,0,0
86,1,86,956.313,433.586,32701.054,2,149,504.239,140.078,NA,1.515,0.005,-90,-90
87,1,87,956.313,433.586,33001.064,2,255,504.239,140.078,NA,0,0,0,90
88,1,88,955.303,429.04,33301.074,2,255,508.895,143.651,NA,4.656,0.016,-102.529,-102.529
89,1,89,955.303,425,33601.083,2,255,512.936,147.271,NA,4.04,0.013,-90,12.529
90,1,90,960.859,425,33901.093,2,239,518.491,149.792,NA,5.556,0.019,0,90
91,1,91,963.889,425,34201.103,2,155,521.521,151.236,NA,3.03,0.01,0,0
92,1,92,970.455,433.081,34501.113,2,255,531.933,147.661,NA,10.412,0.035,50.906,50.906
93,1,93,973.99,433.081,34801.122,2,255,535.469,149.602,NA,3.535,0.012,0,-50.906
94,1,94,973.99,433.081,35101.132,2,255,535.469,149.602,NA,0,0,0,0
95,1,95,973.99,441.162,35401.142,2,255,543.549,142.961,NA,8.081,0.027,90,90
96,1,96,973.99,441.162,35701.151,2,255,543.549,142.961,NA,0,0,0,-90
97,1,97,973.99,441.162,36001.161,2,255,543.549,142.961,NA,0,0,0,0
98,1,98,973.99,441.162,36301.171,2,255,543.549,142.961,NA,0,0,0,0
99,1,99,973.99,441.162,36601.18,2,255,543.549,142.961,NA,0,0,0,0
100,1,100,975.505,441.162,36901.19,2,255,545.065,143.85,NA,1.515,0.005,0,0
101,1,101,975.505,441.162,37201.2,2,255,545.065,143.85,NA,0,0,0,0
102,1,102,979.545,441.162,37501.209,2,255,549.105,146.269,NA,4.04,0.013,0,0
103,1,103,979.545,441.162,37801.219,2,222,549.105,146.269,NA,0,0,0,0
104,1,104,972.98,447.727,38101.229,2,255,558.39,137.071,NA,9.285,0.031,135,135
105,1,105,972.98,447.727,38401.238,2,247,558.39,137.071,NA,0,0,0,-135
106,1,106,972.98,447.727,38701.248,2,255,558.39,137.071,NA,0,0,0,0
107,1,107,972.98,447.727,39001.258,2,220,558.39,137.071,NA,0,0,0,0
108,1,108,966.919,447.727,39301.267,2,255,564.451,133.519,NA,6.061,0.02,180,180
109,1,109,966.919,447.727,39601.277,2,255,564.451,133.519,NA,0,0,0,-180
110,1,110,966.919,439.646,39901.287,2,255,572.532,140.228,NA,8.081,0.027,-90,-90
111,1,111,966.414,439.646,40201.296,2,255,573.037,139.954,NA,0.505,0.002,180,-90
112,1,112,965.909,438.131,40501.306,2,255,574.634,140.96,NA,1.597,0.005,-108.435,71.565
113,1,113,969.949,433.586,40801.316,2,255,580.715,146.964,NA,6.082,0.02,-48.366,60.068
114,1,114,969.949,428.535,41101.325,2,255,585.766,151.24,NA,5.051,0.017,-90,-41.634
115,1,115,969.949,428.535,41401.335,2,255,585.766,151.24,NA,0,0,0,90
116,1,116,970.96,428.535,41701.345,2,224,586.776,151.773,NA,1.01,0.003,0,0
117,1,117,973.99,428.535,42001.354,2,244,589.806,153.397,NA,3.03,0.01,0,0
118,1,118,984.596,432.576,42301.364,2,255,601.156,156.162,NA,11.35,0.038,20.854,20.854
119,1,119,987.121,435.101,42601.374,2,248,604.727,155.704,NA,3.571,0.012,45,24.146
120,1,120,987.121,435.101,42901.383,2,255,604.727,155.704,NA,0,0,0,-45
121,1,121,989.141,435.101,43201.393,2,255,606.747,156.963,NA,2.02,0.007,0,0
122,1,122,989.141,435.101,43501.403,2,255,606.747,156.963,NA,0,0,0,0
123,1,123,989.141,430.051,43801.412,2,255,611.798,160.927,NA,5.051,0.017,-90,-90
124,1,124,989.141,427.525,44101.422,2,255,614.323,162.932,NA,2.525,0.008,-90,0
125,1,125,989.141,427.525,44401.432,2,255,614.323,162.932,NA,0,0,0,90
126,1,126,989.141,427.525,44701.441,2,255,614.323,162.932,NA,0,0,0,0
127,1,127,989.141,427.525,45001.451,2,245,614.323,162.932,NA,0,0,0,0
128,1,128,996.717,427.525,45301.461,2,251,621.899,167.62,NA,7.576,0.025,0,0
129,1,129,996.717,427.525,45601.47,2,255,621.899,167.62,NA,0,0,0,0
130,1,130,996.717,427.525,45901.48,2,242,621.899,167.62,NA,0,0,0,0
131,1,131,996.717,427.525,46201.49,2,255,621.899,167.62,NA,0,0,0,0
132,1,132,999.242,427.525,46501.499,2,235,624.424,169.229,NA,2.525,0.008,0,0
133,1,133,999.242,427.525,46801.509,2,255,624.424,169.229,NA,0,0,0,0
134,1,134,1001.768,427.525,47101.519,2,255,626.949,170.86,NA,2.525,0.008,0,0
135,1,135,1001.768,427.525,47401.529,2,250,626.949,170.86,NA,0,0,0,0
136,1,136,1002.778,423.99,47701.538,2,221,630.626,174.209,NA,3.677,0.012,-74.055,-74.055
137,1,137,1002.778,423.99,48001.548,2,255,630.626,174.209,NA,0,0,0,74.055
138,1,138,1002.778,423.485,48301.558,2,255,631.131,174.596,NA,0.505,0.002,-90,-90
139,1,139,1002.778,422.98,48601.567,2,242,631.636,174.984,NA,0.505,0.002,-90,0
140,1,140,1002.778,422.98,48901.577,2,205,631.636,174.984,NA,0,0,0,90
141,1,141,1004.293,420.455,49201.587,2,255,634.581,177.894,NA,2.945,0.01,-59.036,-59.036
142,1,142,1004.293,420.455,49501.596,2,255,634.581,177.894,NA,0,0,0,59.036
143,1,143,1004.293,420.455,49801.606,2,240,634.581,177.894,NA,0,0,0,0
144,1,144,1004.293,420.455,50101.616,2,255,634.581,177.894,NA,0,0,0,0
145,1,145,1009.848,420.455,50401.625,2,255,640.137,181.493,NA,5.556,0.019,0,0
146,1,146,1010.859,413.384,50701.635,2,255,647.279,187.529,NA,7.142,0.024,-81.87,-81.87
147,1,147,1010.859,409.848,51001.645,2,255,650.815,190.256,NA,3.535,0.012,-90,-8.13
148,1,148,1010.859,405.808,51301.654,2,255,654.855,193.405,NA,4.04,0.013,-90,0
149,1,149,1014.899,405.303,51601.664,2,255,658.927,196.332,NA,4.072,0.014,-7.125,82.875
150,1,150,1019.444,396.212,51901.674,2,255,669.091,206.26,NA,10.164,0.034,-63.435,-56.31
151,1,151,1026.515,387.121,52201.683,2,255,680.608,217.776,NA,11.517,0.038,-52.125,11.31
152,1,152,1032.071,377.02,52501.693,2,255,692.136,229.144,NA,11.528,0.038,-61.189,-9.064
153,1,153,1032.071,372.98,52801.703,2,241,696.176,232.337,NA,4.04,0.013,-90,-28.811
154,1,154,1041.667,364.899,53101.712,2,255,708.721,244.604,NA,12.545,0.042,-40.101,49.899
155,1,155,1038.131,364.394,53401.722,2,255,712.293,242.838,NA,3.571,0.012,-171.87,-131.769
156,1,156,1037.121,353.283,53701.732,2,219,723.45,251.166,NA,11.157,0.037,-95.194,76.675
157,1,157,1042.172,348.737,54001.741,2,255,730.244,257.808,NA,6.795,0.023,-41.987,53.207
158,1,158,1045.707,341.162,54301.751,2,213,738.604,266.02,NA,8.36,0.028,-64.983,-22.996
159,1,159,1053.283,337.121,54601.761,2,255,747.19,273.745,NA,8.586,0.029,-28.072,36.911
160,1,160,1053.283,327.02,54901.77,2,255,757.291,281.934,NA,10.101,0.034,-90,-61.928
161,1,161,1053.283,327.02,55201.78,2,255,757.291,281.934,NA,0,0,0,90
162,1,162,1053.283,327.02,55501.79,2,255,757.291,281.934,NA,0,0,0,0
163,1,163,1053.283,327.02,55801.799,2,255,757.291,281.934,NA,0,0,0,0
164,1,164,1053.788,331.061,56101.809,2,255,761.363,278.938,NA,4.072,0.014,82.875,82.875
165,1,165,1053.788,338.636,56401.819,2,255,768.939,272.829,NA,7.576,0.025,90,7.125
166,1,166,1062.374,346.212,56701.828,2,255,780.389,272.13,NA,11.45,0.038,41.424,-48.576
167,1,167,1066.414,346.212,57001.838,2,255,784.43,274.697,NA,4.04,0.013,0,-41.424
168,1,168,1053.788,356.818,57301.848,2,255,800.919,258.484,NA,16.49,0.055,139.97,139.97
169,1,169,1053.788,356.818,57601.857,2,192,800.919,258.484,NA,0,0,0,-139.97
170,1,170,1053.788,356.818,57901.867,2,255,800.919,258.484,NA,0,0,0,0
171,1,171,1062.374,352.778,58201.877,2,255,810.408,267.069,NA,9.489,0.032,-25.201,-25.201
172,1,172,1051.768,351.768,58501.886,2,255,821.062,261.17,NA,10.654,0.036,-174.56,-149.359
173,1,173,1051.263,332.576,58801.896,2,255,840.261,276.235,NA,19.199,0.064,-91.507,83.052
174,1,174,1051.263,332.071,59101.906,2,255,840.766,276.646,NA,0.505,0.002,-90,1.507
175,1,175,1058.838,331.566,59401.915,2,255,848.359,281.517,NA,7.593,0.025,-3.814,86.186
176,1,176,1058.838,331.566,59701.925,2,255,848.359,281.517,NA,0,0,0,3.814
177,1,177,1058.838,331.566,60001.935,2,255,848.359,281.517,NA,0,0,0,0
178,1,178,1049.747,322.98,60301.944,2,255,860.863,283.243,NA,12.504,0.042,-136.637,-136.637
179,1,179,1049.747,322.98,60601.954,2,255,860.863,283.243,NA,0,0,0,136.637
180,1,180,1057.828,322.98,60901.964,2,255,868.944,287.86,NA,8.081,0.027,0,0
181,1,181,1062.374,323.485,61201.974,2,255,873.517,290.116,NA,4.573,0.015,6.34,6.34
182,1,182,1065.404,313.889,61501.983,2,255,883.58,299.661,NA,10.063,0.034,-72.474,-78.815
183,1,183,1065.404,295.202,61801.993,2,201,902.267,315.03,NA,18.687,0.062,-90,-17.526
184,1,184,1065.404,295.202,62102.003,2,229,902.267,315.03,NA,0,0,0,90
185,1,185,1071.97,288.131,62402.012,2,229,911.916,324.559,NA,9.649,0.032,-47.121,-47.121
186,1,186,1078.03,288.131,62702.022,2,255,917.977,327.984,NA,6.061,0.02,0,47.121
187,1,187,1082.576,284.596,63002.032,2,242,923.735,333.486,NA,5.758,0.019,-37.875,-37.875
188,1,188,1083.586,275.505,63302.041,2,248,932.882,341.531,NA,9.147,0.03,-83.66,-45.785
189,1,189,1083.586,275.505,63602.051,2,228,932.882,341.531,NA,0,0,0,83.66
190,1,190,1083.081,275.505,63902.061,2,255,933.387,341.246,NA,0.505,0.002,180,180
191,1,191,1081.566,277.02,64202.07,2,255,935.53,339.14,NA,2.143,0.007,135,-45
192,1,192,1081.566,277.02,64502.08,2,255,935.53,339.14,NA,0,0,0,-135
193,1,193,1081.566,277.02,64802.09,2,255,935.53,339.14,NA,0,0,0,0
194,1,194,1081.566,277.02,65102.099,2,255,935.53,339.14,NA,0,0,0,0
195,1,195,1081.566,277.02,65402.109,2,255,935.53,339.14,NA,0,0,0,0
196,1,196,1081.566,277.02,65702.119,2,255,935.53,339.14,NA,0,0,0,0
197,1,197,1081.566,262.879,66002.128,2,255,949.671,350.919,NA,14.141,0.047,-90,-90
198,1,198,1085.101,260.354,66302.138,2,255,954.016,354.964,NA,4.345,0.014,-35.538,54.462
199,1,199,1091.162,259.848,66602.148,2,255,960.098,358.739,NA,6.082,0.02,-4.764,30.774
200,1,200,1101.768,259.848,66902.157,2,242,970.704,364.773,NA,10.606,0.035,0,4.764
201,1,201,1101.768,259.848,67202.167,2,255,970.704,364.773,NA,0,0,0,0
202,1,202,1108.838,248.232,67502.177,2,240,984.303,378.339,NA,13.599,0.045,-58.671,-58.671
203,1,203,1116.414,241.667,67802.186,2,226,994.327,388.079,NA,10.025,0.033,-40.914,17.757
204,1,204,1116.414,234.091,68102.196,2,163,1001.903,394.266,NA,7.576,0.025,-90,-49.086
205,1,205,1116.919,225.505,68402.206,2,249,1010.504,401.619,NA,8.601,0.029,-86.634,3.366
206,1,206,1116.919,225.505,68702.215,2,255,1010.504,401.619,NA,0,0,0,86.634
207,1,207,1127.02,225.505,69002.225,2,255,1020.605,407.395,NA,10.101,0.034,0,0
208,1,208,1128.535,225,69302.235,2,236,1022.202,408.687,NA,1.597,0.005,-18.435,-18.435
209,1,209,1136.111,223.99,69602.244,2,223,1029.845,413.955,NA,7.643,0.025,-7.595,10.84
210,1,210,1136.111,223.99,69902.254,2,231,1029.845,413.955,NA,0,0,0,7.595
211,1,211,1136.111,219.949,70202.264,2,255,1033.885,417.216,NA,4.04,0.013,-90,-90
212,1,212,1136.111,219.949,70502.273,2,255,1033.885,417.216,NA,0,0,0,90
213,1,213,1136.111,219.949,70802.283,2,255,1033.885,417.216,NA,0,0,0,0
214,1,214,1128.535,212.374,71102.293,2,211,1044.599,419.018,NA,10.714,0.036,-135,-135
215,1,215,1128.535,203.788,71402.302,2,220,1053.185,426.114,NA,8.586,0.029,-90,45
216,1,216,1127.02,203.283,71702.312,2,210,1054.782,425.69,NA,1.597,0.005,-161.565,-71.565
217,1,218,1128.535,203.283,72002.322,2,255,1056.297,426.534,NA,1.515,0.005,0,161.565
218,2,1,943.939,616.667,9600.31,2,93,0,0,NA,NA,NA,NA,NA
219,2,2,945.833,614.773,9900.319,2,97,2.678,2.678,NA,2.678,0.009,-45,NA
220,2,3,950.379,612.121,10200.329,2,129,7.941,7.882,NA,5.262,0.018,-30.256,14.744
221,2,4,951.515,607.197,10500.339,2,179,12.994,12.127,NA,5.054,0.017,-77.005,-46.749
222,2,5,953.03,599.242,10800.348,2,112,21.092,19.653,NA,8.098,0.027,-79.216,-2.21
223,2,6,953.03,599.242,11100.358,2,94,21.092,19.653,NA,0,0,0,79.216
224,2,7,953.03,599.242,11400.368,2,107,21.092,19.653,NA,0,0,0,0
225,2,8,953.03,599.242,11700.377,2,178,21.092,19.653,NA,0,0,0,0
226,2,9,953.03,599.242,12000.387,2,97,21.092,19.653,NA,0,0,0,0
227,2,10,959.47,592.424,12300.397,2,110,30.47,28.79,NA,9.378,0.031,-46.637,-46.637
228,2,11,961.364,592.424,12600.406,2,127,32.364,29.855,NA,1.894,0.006,0,46.637
229,2,12,965.909,592.424,12900.416,2,115,36.91,32.716,NA,4.545,0.015,0,0
230,2,13,969.318,592.803,13200.426,2,166,40.34,34.836,NA,3.43,0.011,6.34,6.34
231,2,14,968.939,592.803,13500.435,2,247,40.719,34.561,NA,0.379,0.001,180,173.66
232,2,15,976.136,589.394,13800.445,2,4,48.682,42.195,NA,7.964,0.027,-25.346,154.654
233,2,16,995.455,589.394,14100.455,2,104,68,58.289,NA,19.318,0.064,0,25.346
234,2,17,995.455,589.394,14400.464,2,99,68,58.289,NA,0,0,0,0
235,2,18,995.455,589.394,14700.474,2,211,68,58.289,NA,0,0,0,0
236,2,19,1008.712,579.167,15000.484,2,135,84.744,74.845,NA,16.744,0.056,-37.648,-37.648
237,2,20,1008.712,579.167,15300.493,2,94,84.744,74.845,NA,0,0,0,37.648
238,2,21,1021.97,579.167,15600.503,2,106,98.002,86.574,NA,13.258,0.044,0,0
239,2,22,1030.303,572.727,15900.513,2,146,108.533,96.899,NA,10.531,0.035,-37.694,-37.694
240,2,23,1030.303,572.727,16200.522,2,144,108.533,96.899,NA,0,0,0,37.694
241,2,24,1030.303,572.727,16500.532,2,80,108.533,96.899,NA,0,0,0,0
242,2,25,1030.303,581.061,16800.542,2,205,116.867,93.416,NA,8.333,0.028,90,90
243,2,26,1022.348,578.409,17100.551,2,114,125.251,87.245,NA,8.385,0.028,-161.565,108.435
244,2,27,1028.03,573.485,17400.561,2,101,132.77,94.53,NA,7.519,0.025,-40.914,120.651
245,2,28,1034.091,573.485,17700.571,2,128,138.831,99.96,NA,6.061,0.02,0,40.914
246,2,29,1034.091,575,18000.58,2,173,140.346,99.315,NA,1.515,0.005,90,90
247,2,30,1034.47,580.682,18300.59,2,219,146.04,97.42,NA,5.694,0.019,86.186,-3.814
248,2,31,1034.47,580.682,18600.6,2,161,146.04,97.42,NA,0,0,0,-86.186
249,2,32,1035.227,577.652,18900.609,2,174,149.164,99.276,NA,3.124,0.01,-75.964,-75.964
250,2,33,1035.227,577.652,19200.619,2,106,149.164,99.276,NA,0,0,0,75.964
251,2,34,1035.227,581.439,19500.629,2,148,152.952,97.849,NA,3.788,0.013,90,90
252,2,35,1035.227,588.636,19800.638,2,78,160.149,95.494,NA,7.197,0.024,90,0
253,2,36,1035.227,588.636,20100.648,2,240,160.149,95.494,NA,0,0,0,-90
254,2,37,1035.227,588.636,20400.658,2,237,160.149,95.494,NA,0,0,0,0
255,2,38,1034.848,592.424,20700.668,2,123,163.955,94.086,NA,3.807,0.013,95.711,95.711
256,2,39,1042.424,592.424,21000.677,2,129,171.531,101.425,NA,7.576,0.025,0,-95.711
257,2,40,1042.424,592.424,21300.687,2,203,171.531,101.425,NA,0,0,0,0
258,2,41,1042.424,592.424,21600.697,2,118,171.531,101.425,NA,0,0,0,0
259,2,42,1042.424,592.424,21900.706,2,192,171.531,101.425,NA,0,0,0,0
260,2,43,1042.424,592.424,22200.716,2,147,171.531,101.425,NA,0,0,0,0
261,2,44,1043.561,588.636,22500.726,2,241,175.486,103.49,NA,3.955,0.013,-73.301,-73.301
262,2,45,1043.561,588.636,22800.735,2,164,175.486,103.49,NA,0,0,0,73.301
263,2,46,1044.318,583.333,23100.745,2,175,180.843,105.769,NA,5.357,0.018,-81.87,-81.87
264,2,47,1042.803,579.167,23400.755,2,120,185.276,105.737,NA,4.434,0.015,-109.983,-28.113
265,2,48,1047.727,574.621,23700.764,2,95,191.978,111.981,NA,6.701,0.022,-42.709,67.274
266,2,49,1051.894,567.424,24000.774,2,165,200.294,118.655,NA,8.316,0.028,-59.931,-17.222
267,2,50,1056.818,557.955,24300.784,2,115,210.967,127.235,NA,10.673,0.036,-62.526,-2.594
268,2,51,1056.818,557.197,24600.793,2,194,211.725,127.586,NA,0.758,0.003,-90,-27.474
269,2,52,1068.939,557.197,24900.803,2,131,223.846,138.426,NA,12.121,0.04,0,90
270,2,53,1080.303,551.515,25200.813,2,255,236.551,151.128,NA,12.705,0.042,-26.565,-26.565
271,2,54,1090.909,544.697,25500.822,2,77,249.16,163.645,NA,12.609,0.042,-32.735,-6.17
272,2,55,1090.53,535.227,25800.832,2,127,258.637,167.694,NA,9.477,0.032,-92.291,-59.555
273,2,56,1090.152,534.47,26100.842,2,145,259.484,167.733,NA,0.847,0.003,-116.565,-24.274
274,2,57,1081.061,534.47,26400.851,2,132,268.575,159.87,NA,9.091,0.03,180,-63.435
275,2,58,1081.061,534.091,26700.861,2,196,268.954,160.066,NA,0.379,0.001,-90,90
276,2,59,1083.333,526.894,27000.871,2,131,276.501,165.801,NA,7.547,0.025,-72.474,17.526
277,2,60,1092.803,524.621,27300.88,2,178,286.24,175.022,NA,9.739,0.032,-13.496,58.979
278,2,61,1092.803,524.621,27600.89,2,205,286.24,175.022,NA,0,0,0,13.496
279,2,62,1092.803,524.621,27900.9,2,148,286.24,175.022,NA,0,0,0,0
280,2,63,1092.803,524.621,28200.909,2,175,286.24,175.022,NA,0,0,0,0
281,2,64,1092.803,524.621,28500.919,2,202,286.24,175.022,NA,0,0,0,0
282,2,65,1100,524.621,28800.929,2,129,293.437,181.183,NA,7.197,0.024,0,0
283,2,66,1100,524.621,29100.938,2,236,293.437,181.183,NA,0,0,0,0
284,2,67,1100,524.621,29400.948,2,52,293.437,181.183,NA,0,0,0,0
285,2,68,1083.712,521.212,29700.958,2,108,310.077,169.257,NA,16.641,0.055,-168.179,-168.179
286,2,69,1083.333,510.985,30000.967,2,140,320.312,174.927,NA,10.234,0.034,-92.121,76.057
287,2,70,1083.333,510.985,30300.977,2,95,320.312,174.927,NA,0,0,0,92.121
288,2,71,1083.333,501.136,30600.987,2,131,330.16,181.047,NA,9.848,0.033,-90,-90
289,2,72,1092.424,499.621,30900.996,2,102,339.376,189.07,NA,9.216,0.031,-9.462,80.538
290,2,73,1093.561,499.621,31201.006,2,151,340.513,189.964,NA,1.136,0.004,0,9.462
291,2,74,1092.045,489.015,31501.016,2,127,351.227,195.526,NA,10.714,0.036,-98.13,-98.13
292,2,75,1092.045,489.015,31801.025,2,190,351.227,195.526,NA,0,0,0,98.13
293,2,76,1100,485.606,32101.035,2,215,359.881,203.794,NA,8.654,0.029,-23.199,-23.199
294,2,77,1105.682,485.606,32401.045,2,219,365.563,208.177,NA,5.682,0.019,0,23.199
295,2,78,1105.682,493.939,32701.054,2,214,373.896,203.033,NA,8.333,0.028,90,90
296,2,79,1107.197,503.03,33001.064,2,121,383.112,198.913,NA,9.216,0.031,80.538,-9.462
297,2,80,1107.197,503.03,33301.074,2,154,383.112,198.913,NA,0,0,0,-80.538
298,2,81,1109.47,480.682,33601.083,2,255,405.576,214.225,NA,22.464,0.075,-84.193,-84.193
299,2,82,1105.303,475.379,33901.093,2,198,412.32,214.477,NA,6.744,0.022,-128.157,-43.964
300,2,83,1105.303,465.152,34201.103,2,176,422.547,221.348,NA,10.227,0.034,-90,38.157
301,2,84,1104.545,452.273,34501.113,2,255,435.448,229.825,NA,12.901,0.043,-93.366,-3.366
302,2,85,1102.652,437.5,34801.122,2,254,450.342,239.354,NA,14.894,0.05,-97.306,-3.939
303,2,86,1106.818,406.818,35101.132,2,244,481.306,265.642,NA,30.963,0.103,-82.266,15.039
304,2,87,1107.197,404.545,35401.142,2,255,483.61,267.672,NA,2.304,0.008,-80.538,1.729
305,2,88,1107.197,404.545,35701.151,2,255,483.61,267.672,NA,0,0,0,80.538
306,2,89,1107.197,404.545,36001.161,2,255,483.61,267.672,NA,0,0,0,0
307,2,90,1107.197,404.545,36301.171,2,255,483.61,267.672,NA,0,0,0,0
308,2,91,1110.606,404.545,36601.18,2,255,487.019,269.765,NA,3.409,0.011,0,0
309,2,92,1106.818,406.061,36901.19,2,255,491.098,266.241,NA,4.08,0.014,158.199,158.199
310,2,93,1106.818,406.061,37201.2,2,255,491.098,266.241,NA,0,0,0,-158.199
311,2,94,1110.227,406.061,37501.209,2,248,494.507,268.34,NA,3.409,0.011,0,0
312,2,95,1111.742,395.076,37801.219,2,237,505.596,277.958,NA,11.089,0.037,-82.147,-82.147
313,2,96,1114.773,395.076,38101.229,2,228,508.627,279.797,NA,3.03,0.01,0,82.147
314,2,97,1114.773,395.076,38401.238,2,255,508.627,279.797,NA,0,0,0,0
315,2,98,1114.773,385.985,38701.248,2,217,517.718,287.051,NA,9.091,0.03,-90,-90
316,2,99,1119.318,383.712,39001.258,2,255,522.8,291.591,NA,5.082,0.017,-26.565,63.435
317,2,100,1126.515,380.303,39301.267,2,255,530.763,298.666,NA,7.964,0.027,-25.346,1.219
318,2,101,1136.364,376.515,39601.277,2,255,541.315,307.733,NA,10.552,0.035,-21.038,4.309
319,2,102,1141.667,371.212,39901.287,2,107,548.814,315.189,NA,7.5,0.025,-45,-23.962
320,2,103,1177.652,380.682,40201.296,2,188,586.025,332.13,NA,37.21,0.124,14.744,59.744
321,2,104,1177.652,398.485,40501.306,2,255,603.828,319.726,NA,17.803,0.059,90,75.256
322,2,105,1181.439,404.545,40801.316,2,219,610.974,318.436,NA,7.147,0.024,57.995,-32.005
323,2,106,1188.258,406.061,41101.325,2,226,617.959,322.562,NA,6.985,0.023,12.529,-45.466
324,2,107,1192.045,418.561,41401.335,2,177,631.02,317.494,NA,13.061,0.044,73.142,60.613
325,2,108,1192.045,421.591,41701.345,2,255,634.051,315.612,NA,3.03,0.01,90,16.858
326,2,109,1192.045,421.591,42001.354,2,169,634.051,315.612,NA,0,0,0,-90
327,2,110,1180.682,421.591,42301.364,2,152,645.414,306.76,NA,11.364,0.038,180,180
328,2,111,1183.333,418.939,42601.374,2,81,649.164,310.492,NA,3.75,0.012,-45,135
329,2,112,1182.955,417.803,42901.383,2,49,650.362,310.926,NA,1.198,0.004,-108.435,-63.435
330,2,113,1184.848,414.015,43201.393,2,162,654.597,314.809,NA,4.235,0.014,-63.435,45
331,2,114,1184.848,414.015,43501.403,2,189,654.597,314.809,NA,0,0,0,63.435
332,2,115,1186.742,412.121,43801.412,2,177,657.275,317.478,NA,2.678,0.009,-45,-45
333,2,116,1186.742,412.121,44101.422,2,146,657.275,317.478,NA,0,0,0,45
334,2,117,1186.742,412.121,44401.432,2,145,657.275,317.478,NA,0,0,0,0
335,2,118,1186.742,412.121,44701.441,2,253,657.275,317.478,NA,0,0,0,0
336,2,119,1186.742,412.121,45001.451,2,255,657.275,317.478,NA,0,0,0,0
337,2,120,1194.697,402.652,45301.461,2,215,669.643,329.669,NA,12.367,0.041,-49.97,-49.97
338,2,121,1199.621,395.833,45601.47,2,255,678.053,337.847,NA,8.41,0.028,-54.162,-4.193
339,2,122,1199.621,396.212,45901.48,2,211,678.432,337.599,NA,0.379,0.001,90,144.162
340,2,123,1199.621,396.212,46201.49,2,85,678.432,337.599,NA,0,0,0,-90
341,2,124,1195.455,406.818,46501.499,2,186,689.827,327.561,NA,11.395,0.038,111.448,111.448
342,2,125,1195.455,417.045,46801.509,2,255,700.054,321.105,NA,10.227,0.034,90,-21.448
343,2,126,1198.485,426.515,47101.519,2,255,709.997,317.728,NA,9.943,0.033,72.255,-17.745
344,2,127,1198.485,426.515,47401.529,2,221,709.997,317.728,NA,0,0,0,-72.255
345,2,128,1194.697,424.621,47701.538,2,233,714.232,315.849,NA,4.235,0.014,-153.435,-153.435
346,2,129,1187.879,424.621,48001.548,2,255,721.05,310.464,NA,6.818,0.023,180,-26.565
347,2,130,1187.879,424.621,48301.558,2,247,721.05,310.464,NA,0,0,0,-180
348,2,131,1198.485,413.636,48601.567,2,228,736.32,325.599,NA,15.269,0.051,-46.005,-46.005
349,2,132,1186.742,407.955,48901.577,2,206,749.364,320.178,NA,13.045,0.043,-154.179,-108.174
350,2,133,1186.742,407.955,49201.587,2,242,749.364,320.178,NA,0,0,0,154.179
351,2,134,1186.742,399.621,49501.596,2,255,757.698,325.672,NA,8.333,0.028,-90,-90
352,2,135,1175.758,390.53,49801.606,2,240,771.956,323.848,NA,14.259,0.048,-140.389,-50.389
353,2,136,1175.758,390.53,50101.616,2,255,771.956,323.848,NA,0,0,0,140.389
354,2,137,1172.727,384.091,50401.625,2,224,779.073,326.244,NA,7.117,0.024,-115.201,-115.201
355,2,138,1169.318,382.197,50701.635,2,255,782.973,325.226,NA,3.9,0.013,-150.945,-35.744
356,2,139,1181.818,392.045,51001.645,2,226,798.887,327.171,NA,15.914,0.053,38.234,-170.821
357,2,140,1181.818,403.03,51301.654,2,243,809.872,319.729,NA,10.985,0.037,90,51.766
358,2,141,1183.333,411.364,51601.664,2,182,818.342,315.371,NA,8.47,0.028,79.695,-10.305
359,2,142,1190.152,409.091,51901.674,2,255,825.529,322.037,NA,7.187,0.024,-18.435,-98.13
360,2,143,1190.152,399.242,52201.683,2,255,835.377,328.472,NA,9.848,0.033,-90,-71.565
361,2,144,1198.485,398.485,52501.693,2,162,843.745,335.256,NA,8.368,0.028,-5.194,84.806
362,2,145,1201.894,393.939,52801.703,2,220,849.427,340.805,NA,5.682,0.019,-53.13,-47.936
363,2,146,1201.894,393.939,53101.712,2,244,849.427,340.805,NA,0,0,0,53.13
364,2,147,1201.894,393.939,53401.722,2,255,849.427,340.805,NA,0,0,0,0
365,2,148,1201.894,393.939,53701.732,2,255,849.427,340.805,NA,0,0,0,0
366,2,149,1204.924,388.258,54001.741,2,161,855.866,346.82,NA,6.439,0.021,-61.928,-61.928
367,2,150,1204.924,388.258,54301.751,2,249,855.866,346.82,NA,0,0,0,61.928
368,2,151,1201.894,388.636,54601.761,2,193,858.92,344.294,NA,3.054,0.01,172.875,172.875
369,2,152,1194.318,393.182,54901.77,2,231,867.755,335.611,NA,8.835,0.029,149.036,-23.839
370,2,153,1194.318,385.227,55201.78,2,255,875.709,340.96,NA,7.955,0.027,-90,120.964
371,2,154,1187.121,384.848,55501.79,2,236,882.916,335.972,NA,7.207,0.024,-176.987,-86.987
372,2,155,1184.848,384.848,55801.799,2,253,885.189,334.33,NA,2.273,0.008,180,-3.013
373,2,156,1187.121,379.167,56101.809,2,243,891.308,339.917,NA,6.12,0.02,-68.199,111.801
374,2,157,1193.561,375,56401.819,2,255,898.978,347.439,NA,7.67,0.026,-32.905,35.293
375,2,158,1193.561,375,56701.828,2,255,898.978,347.439,NA,0,0,0,32.905
376,2,159,1193.561,392.803,57001.838,2,124,916.781,335.299,NA,17.803,0.059,90,90
377,2,160,1200.379,415.53,57301.848,2,255,940.509,325.909,NA,23.728,0.079,73.301,-16.699
378,2,161,1217.803,417.424,57601.857,2,215,958.036,338.672,NA,17.527,0.058,6.203,-67.097
379,2,162,1212.121,423.864,57901.867,2,229,966.624,330.295,NA,8.588,0.029,131.424,125.22
380,2,163,1198.485,423.864,58201.877,2,255,980.26,319.322,NA,13.636,0.045,180,48.576
381,2,164,1200.379,428.409,58501.886,2,253,985.184,318.123,NA,4.924,0.016,67.38,-112.62
382,2,165,1206.061,428.409,58801.896,2,212,990.866,322.72,NA,5.682,0.019,0,-67.38
383,2,166,1189.773,432.955,59101.906,2,177,1007.776,306.894,NA,16.91,0.056,164.407,164.407
384,2,167,1188.258,426.136,59401.915,2,255,1014.761,309.828,NA,6.985,0.023,-102.529,93.064
385,2,168,1193.939,431.439,59701.925,2,244,1022.533,311.142,NA,7.772,0.026,43.025,145.554
386,2,169,1196.97,435.606,60001.935,2,183,1027.685,311.139,NA,5.152,0.017,53.973,10.948
387,2,170,1195.455,420.076,60301.944,2,247,1043.289,319.23,NA,15.604,0.052,-95.572,-149.545
388,2,171,1195.455,414.773,60601.954,2,118,1048.592,322.523,NA,5.303,0.018,-90,5.572
389,2,172,1208.333,414.773,60901.964,2,40,1061.471,332.664,NA,12.879,0.043,0,90
390,2,173,1213.636,426.894,61201.974,2,231,1074.701,329.773,NA,13.23,0.044,66.371,66.371
391,2,174,1228.409,426.515,61501.983,2,217,1089.479,342.17,NA,14.778,0.049,-1.469,-67.839
392,2,175,1234.091,421.97,61801.993,2,161,1096.755,349.421,NA,7.276,0.024,-38.66,-37.191
393,2,176,1241.667,413.636,62102.003,2,164,1108.017,360.365,NA,11.262,0.038,-47.726,-9.067
394,2,177,1246.212,413.636,62402.012,2,172,1112.563,364.129,NA,4.545,0.015,0,47.726
395,2,178,1251.894,402.273,62702.022,2,105,1125.268,375.234,NA,12.705,0.042,-63.435,-63.435
396,2,179,1263.636,396.97,63002.032,2,250,1138.152,387.908,NA,12.884,0.043,-24.305,39.13
397,2,180,1273.106,388.258,63302.041,2,217,1151.02,400.651,NA,12.868,0.043,-42.614,-18.31
398,2,181,1273.106,388.258,63602.051,2,250,1151.02,400.651,NA,0,0,0,42.614
399,2,182,1282.197,409.47,63902.061,2,69,1174.098,396.672,NA,23.078,0.077,66.801,66.801
400,2,183,1286.742,403.788,64202.07,2,103,1181.374,403.524,NA,7.276,0.024,-51.34,-118.142
401,2,184,1306.061,369.318,64502.08,2,249,1220.888,438.535,NA,39.514,0.132,-60.732,-9.392
402,2,185,1305.682,348.864,64802.09,2,87,1241.346,450.084,NA,20.458,0.068,-91.061,-30.329
403,2,186,1301.515,308.712,65102.099,2,222,1281.713,471.907,NA,40.367,0.135,-95.925,-4.864
404,2,187,1310.227,299.242,65402.109,2,255,1294.581,484.691,NA,12.868,0.043,-47.386,48.539
405,2,188,1314.773,281.061,65702.119,2,174,1313.322,500.149,NA,18.741,0.062,-75.964,-28.578
406,2,189,1314.773,264.015,66002.128,2,86,1330.368,511.743,NA,17.045,0.057,-90,-14.036
407,2,190,1299.621,245.076,66302.138,2,56,1354.622,514.383,NA,24.254,0.081,-128.66,-38.66
408,2,191,1299.242,239.015,66602.148,2,180,1360.695,518.518,NA,6.072,0.02,-93.576,35.083
409,2,192,1299.621,239.015,66902.157,2,108,1361.073,518.778,NA,0.379,0.001,0,93.576
410,2,193,1306.818,239.015,67202.167,2,112,1368.27,523.738,NA,7.197,0.024,0,0
411,2,194,1306.818,242.424,67502.177,2,93,1371.679,521.285,NA,3.409,0.011,90,90
412,2,195,1306.818,242.803,67802.186,2,83,1372.058,521.013,NA,0.379,0.001,90,0
413,2,196,1301.894,242.803,68102.196,2,242,1376.982,517.596,NA,4.924,0.016,180,90
414,2,197,1304.167,242.803,68402.206,2,217,1379.255,519.17,NA,2.273,0.008,0,-180
415,2,198,1310.227,251.136,68702.215,2,175,1389.559,517.474,NA,10.304,0.034,53.973,53.973
416,2,199,1310.227,251.136,69002.225,2,168,1389.559,517.474,NA,0,0,0,-53.973
417,2,200,1310.227,251.136,69302.235,2,29,1389.559,517.474,NA,0,0,0,0
418,2,201,1303.409,251.136,69602.244,2,214,1396.377,512.67,NA,6.818,0.023,180,180
419,2,202,1299.242,259.848,69902.254,2,255,1406.035,503.547,NA,9.657,0.032,115.56,-64.44
420,2,203,1299.242,259.848,70202.264,2,214,1406.035,503.547,NA,0,0,0,-115.56
421,2,204,1295.455,255.682,70502.273,2,167,1411.666,503.858,NA,5.631,0.019,-132.274,-132.274
422,2,205,1300,250.379,70802.283,2,224,1418.65,510.829,NA,6.985,0.023,-49.399,82.875
423,2,206,1303.409,250.379,71102.293,2,164,1422.059,513.211,NA,3.409,0.011,0,49.399
424,2,207,1303.788,250.379,71402.302,2,165,1422.438,513.476,NA,0.379,0.001,0,0
425,2,208,1303.788,250.379,71702.312,2,179,1422.438,513.476,NA,0,0,0,0
426,2,209,1304.167,255.682,72002.322,2,204,1427.755,509.974,NA,5.317,0.018,85.914,85.914
427,3,1,1028.03,726.894,7800.252,2,10,0,0,NA,NA,NA,NA,NA
428,3,2,1032.576,721.97,8100.261,2,88,6.701,6.701,NA,6.701,0.022,-47.291,NA
429,3,3,1037.879,720.076,8400.271,2,72,12.333,11.978,NA,5.631,0.019,-19.654,27.637
430,3,4,1043.939,718.561,8700.281,2,67,18.58,17.959,NA,6.247,0.021,-14.036,5.618
431,3,5,1045.833,717.803,9000.29,2,86,20.619,19.99,NA,2.04,0.007,-21.801,-7.765
432,3,6,1045.833,717.803,9300.3,2,137,20.619,19.99,NA,0,0,0,21.801
433,3,7,1045.833,717.803,9600.31,2,141,20.619,19.99,NA,0,0,0,0
434,3,8,1051.515,713.258,9900.319,2,175,27.896,27.157,NA,7.276,0.024,-38.66,-38.66
435,3,9,1051.515,719.318,10200.329,2,65,33.956,24.677,NA,6.061,0.02,90,128.66
436,3,10,1051.515,719.318,10500.339,2,70,33.956,24.677,NA,0,0,0,-90
437,3,11,1052.652,718.561,10800.348,2,40,35.322,25.993,NA,1.366,0.005,-33.69,-33.69
438,3,12,1053.788,718.561,11100.358,2,57,36.458,27.072,NA,1.136,0.004,0,33.69
439,3,13,1062.121,718.561,11400.368,2,29,44.792,35.095,NA,8.333,0.028,0,0
440,3,14,1066.667,718.561,11700.377,2,36,49.337,39.525,NA,4.545,0.015,0,0
441,3,15,1073.864,728.409,12000.387,2,57,61.535,45.858,NA,12.198,0.041,53.842,53.842
442,3,16,1073.864,728.409,12300.397,2,107,61.535,45.858,NA,0,0,0,-53.842
443,3,17,1087.121,730.303,12600.406,2,47,74.927,59.189,NA,13.392,0.045,8.13,8.13
444,3,18,1087.121,730.303,12900.416,2,86,74.927,59.189,NA,0,0,0,-8.13
445,3,19,1087.121,730.303,13200.426,2,4,74.927,59.189,NA,0,0,0,0
446,3,20,1099.621,730.303,13500.435,2,66,87.427,71.672,NA,12.5,0.042,0,0
447,3,21,1112.121,736.364,13800.445,2,52,101.319,84.622,NA,13.892,0.046,25.866,25.866
448,3,22,1107.955,735.985,14100.455,2,145,105.503,80.44,NA,4.184,0.014,-174.806,159.328
449,3,23,1108.712,730.303,14400.464,2,241,111.235,80.754,NA,5.732,0.019,-82.405,92.4
450,3,24,1108.712,721.97,14700.474,2,151,119.568,80.832,NA,8.333,0.028,-90,-7.595
451,3,25,1112.5,720.076,15000.484,2,145,123.803,84.744,NA,4.235,0.014,-26.565,63.435
452,3,26,1119.318,720.076,15300.493,2,114,130.622,91.542,NA,6.818,0.023,0,26.565
453,3,27,1134.848,730.682,15600.503,2,164,149.428,106.885,NA,18.806,0.063,34.33,34.33
454,3,28,1138.258,730.682,15900.513,2,109,152.837,110.292,NA,3.409,0.011,0,-34.33
455,3,29,1155.303,735.227,16200.522,2,116,170.478,127.545,NA,17.641,0.059,14.931,14.931
456,3,30,1160.985,735.227,16500.532,2,49,176.16,133.215,NA,5.682,0.019,0,-14.931
457,3,31,1160.985,735.227,16800.542,2,136,176.16,133.215,NA,0,0,0,0
458,3,32,1157.955,738.636,17100.551,2,173,180.721,130.454,NA,4.561,0.015,131.634,131.634
459,3,33,1159.47,738.636,17400.561,2,74,182.236,131.963,NA,1.515,0.005,0,-131.634
460,3,34,1170.833,738.636,17700.571,2,131,193.6,143.285,NA,11.364,0.038,0,0
461,3,35,1171.97,722.727,18000.58,2,145,209.55,144,NA,15.95,0.053,-85.914,-85.914
462,3,36,1181.818,716.288,18300.59,2,185,221.316,154.153,NA,11.767,0.039,-33.179,52.736
463,3,37,1181.818,716.288,18600.6,2,142,221.316,154.153,NA,0,0,0,33.179
464,3,38,1183.333,713.636,18900.609,2,179,224.37,155.868,NA,3.054,0.01,-60.255,-60.255
465,3,39,1183.333,713.636,19200.619,2,232,224.37,155.868,NA,0,0,0,60.255
466,3,40,1189.394,713.636,19500.629,2,236,230.431,161.907,NA,6.061,0.02,0,0
467,3,41,1194.697,705.303,19800.638,2,250,240.308,168.059,NA,9.878,0.033,-57.529,-57.529
468,3,42,1199.621,702.273,20100.648,2,255,246.09,173.348,NA,5.782,0.019,-31.608,25.921
469,3,43,1199.621,702.273,20400.658,2,216,246.09,173.348,NA,0,0,0,31.608
470,3,44,1204.924,702.273,20700.668,2,120,251.393,178.599,NA,5.303,0.018,0,0
471,3,45,1210.227,702.273,21000.677,2,255,256.696,183.853,NA,5.303,0.018,0,0
472,3,46,1212.121,702.273,21300.687,2,140,258.59,185.73,NA,1.894,0.006,0,0
473,3,47,1212.5,694.697,21600.697,2,193,266.176,187.258,NA,7.585,0.025,-87.138,-87.138
474,3,48,1216.288,694.697,21900.706,2,245,269.963,190.991,NA,3.788,0.013,0,87.138
475,3,49,1219.697,694.697,22200.716,2,116,273.373,194.352,NA,3.409,0.011,0,0
476,3,50,1219.318,694.697,22500.726,2,141,273.751,193.979,NA,0.379,0.001,180,180
477,3,51,1224.621,694.697,22800.735,2,184,279.054,199.21,NA,5.303,0.018,0,-180
478,3,52,1221.591,696.97,23100.745,2,255,282.842,195.86,NA,3.788,0.013,143.13,143.13
479,3,53,1211.364,696.97,23400.755,2,122,293.07,185.759,NA,10.227,0.034,180,36.87
480,3,54,1210.985,704.924,23700.764,2,189,301.033,184.269,NA,7.964,0.027,92.726,-87.274
481,3,55,1214.394,704.924,24000.774,2,161,304.442,187.654,NA,3.409,0.011,0,-92.726
482,3,56,1214.394,706.818,24300.784,2,212,306.336,187.442,NA,1.894,0.006,90,90
483,3,57,1214.394,706.818,24600.793,2,183,306.336,187.442,NA,0,0,0,-90
484,3,58,1220.833,703.03,24900.803,2,158,313.807,194.274,NA,7.471,0.025,-30.466,-30.466
485,3,59,1223.864,709.848,25200.813,2,212,321.268,196.574,NA,7.461,0.025,66.038,96.503
486,3,60,1223.864,709.848,25500.822,2,204,321.268,196.574,NA,0,0,0,-66.038
487,3,61,1214.015,707.576,25800.832,2,198,331.376,186.985,NA,10.107,0.034,-167.005,-167.005
488,3,62,1215.152,703.409,26100.842,2,123,335.694,188.589,NA,4.319,0.014,-74.745,92.261
489,3,63,1220.833,709.47,26400.851,2,118,344.002,193.589,NA,8.307,0.028,46.848,121.592
490,3,64,1214.773,713.636,26700.861,2,167,351.357,187.212,NA,7.355,0.025,145.491,98.644
491,3,65,1210.985,723.864,27000.871,2,169,362.263,182.98,NA,10.906,0.036,110.323,-35.168
492,3,66,1210.985,723.864,27300.88,2,137,362.263,182.98,NA,0,0,0,-110.323
493,3,67,1203.03,726.515,27600.89,2,225,370.648,175,NA,8.385,0.028,161.565,161.565
494,3,68,1204.545,736.364,27900.9,2,255,380.612,176.769,NA,9.964,0.033,81.254,-80.311
495,3,69,1215.909,736.364,28200.909,2,171,391.976,188.117,NA,11.364,0.038,0,-81.254
496,3,70,1228.409,715.152,28500.919,2,229,416.597,200.723,NA,24.621,0.082,-59.49,-59.49
497,3,71,1229.924,704.545,28800.929,2,85,427.311,203.127,NA,10.714,0.036,-81.87,-22.38
498,3,72,1232.576,690.53,29100.938,2,255,441.574,207.753,NA,14.264,0.048,-79.287,2.583
499,3,73,1236.742,683.712,29400.948,2,227,449.565,213.132,NA,7.991,0.027,-58.57,20.716
500,3,74,1244.318,682.955,29700.958,2,237,457.178,220.706,NA,7.614,0.025,-5.711,52.86
501,3,75,1245.833,682.955,30000.967,2,24,458.694,222.191,NA,1.515,0.005,0,5.711
502,3,76,1264.773,682.576,30300.977,2,250,477.637,240.855,NA,18.943,0.063,-1.146,-1.146
503,3,77,1262.121,692.424,30600.987,2,216,487.836,236.615,NA,10.199,0.034,105.068,106.214
504,3,78,1254.924,694.697,30900.996,2,150,495.383,229.167,NA,7.547,0.025,162.474,57.406
505,3,79,1237.879,694.318,31201.006,2,242,512.433,212.362,NA,17.05,0.057,-178.727,18.799
506,3,80,1233.333,695.833,31501.016,2,235,517.224,207.639,NA,4.791,0.016,161.565,-19.708
507,3,81,1229.924,697.348,31801.025,2,116,520.955,204.044,NA,3.731,0.012,156.038,-5.528
508,3,82,1229.924,706.439,32101.035,2,175,530.046,202.927,NA,9.091,0.03,90,-66.038
509,3,83,1235.227,715.909,32401.045,2,231,540.899,207.488,NA,10.853,0.036,60.751,-29.249
510,3,84,1243.939,715.909,32701.054,2,231,549.611,216.188,NA,8.712,0.029,0,-60.751
511,3,85,1243.939,715.909,33001.064,2,242,549.611,216.188,NA,0,0,0,0
512,3,86,1223.864,705.303,33301.074,2,144,572.317,197.02,NA,22.705,0.076,-152.152,-152.152
513,3,87,1227.273,701.136,33601.083,2,153,577.7,200.9,NA,5.384,0.018,-50.711,101.442
514,3,88,1237.5,702.273,33901.093,2,233,587.99,210.912,NA,10.29,0.034,6.34,57.051
515,3,89,1246.97,706.061,34201.103,2,235,598.189,219.928,NA,10.199,0.034,21.801,15.461
516,3,90,1269.697,704.924,34501.113,2,165,620.945,242.663,NA,22.756,0.076,-2.862,-24.664
517,3,91,1272.727,711.364,34801.122,2,238,628.062,245.189,NA,7.117,0.024,64.799,67.661
518,3,92,1273.106,714.394,35101.132,2,186,631.116,245.394,NA,3.054,0.01,82.875,18.076
519,3,93,1292.803,709.848,35401.142,2,146,651.33,265.321,NA,20.215,0.067,-12.995,-95.87
520,3,94,1297.348,702.273,35701.151,2,160,660.165,270.441,NA,8.835,0.029,-59.036,-46.042
521,3,95,1297.348,707.955,36001.161,2,248,665.847,269.983,NA,5.682,0.019,90,149.036
522,3,96,1283.333,707.955,36301.171,2,255,679.862,256.005,NA,14.015,0.047,180,90
523,3,97,1280.682,707.955,36601.18,2,21,682.514,253.36,NA,2.652,0.009,180,0
524,3,98,1291.288,707.955,36901.19,2,151,693.12,263.938,NA,10.606,0.035,0,-180
525,3,99,1286.742,712.879,37201.2,2,212,699.821,259.091,NA,6.701,0.022,132.709,132.709
526,3,100,1278.788,712.879,37501.209,2,8,707.776,251.149,NA,7.955,0.027,180,47.291
527,3,101,1289.773,700.379,37801.219,2,241,724.417,263.082,NA,16.641,0.055,-48.691,131.309
528,3,102,1292.424,703.409,38101.229,2,156,728.443,265.435,NA,4.027,0.013,48.814,97.505
529,3,103,1290.53,711.364,38401.238,2,123,736.62,262.959,NA,8.177,0.027,103.392,54.578
530,3,104,1285.227,711.364,38701.248,2,183,741.923,257.665,NA,5.303,0.018,180,76.608
531,3,105,1287.879,714.394,39001.258,2,246,745.95,260.149,NA,4.027,0.013,48.814,-131.186
532,3,106,1295.076,700.379,39301.267,2,255,761.705,268.359,NA,15.755,0.053,-62.819,-111.633
533,3,107,1295.076,690.53,39601.277,2,255,771.553,269.51,NA,9.848,0.033,-90,-27.181
534,3,108,1298.106,689.015,39901.287,2,255,774.941,272.719,NA,3.388,0.011,-26.565,63.435
535,3,109,1298.106,689.015,40201.296,2,255,774.941,272.719,NA,0,0,0,26.565
536,3,110,1300.379,698.106,40501.306,2,222,784.312,273.866,NA,9.371,0.031,75.964,75.964
537,3,111,1300.379,683.712,40801.316,2,226,798.706,275.751,NA,14.394,0.048,-90,-165.964
538,3,112,1295.455,676.515,41101.325,2,151,807.426,272.128,NA,8.72,0.029,-124.38,-34.38
539,3,113,1295.455,676.515,41401.335,2,216,807.426,272.128,NA,0,0,0,124.38
540,3,114,1295.455,668.939,41701.345,2,254,815.002,273.632,NA,7.576,0.025,-90,-90
541,3,115,1304.167,668.939,42001.354,2,181,823.714,282.152,NA,8.712,0.029,0,90
542,3,116,1304.167,668.939,42301.364,2,244,823.714,282.152,NA,0,0,0,0
543,3,117,1304.167,668.939,42601.374,2,230,823.714,282.152,NA,0,0,0,0
544,3,118,1304.167,661.742,42901.383,2,128,830.911,283.718,NA,7.197,0.024,-90,-90
545,3,119,1306.061,660.606,43201.393,2,78,833.12,285.823,NA,2.209,0.007,-30.964,59.036
546,3,120,1309.091,659.848,43501.403,2,59,836.243,288.947,NA,3.124,0.01,-14.036,16.928
547,3,121,1310.985,643.182,43801.412,2,106,853.017,295.078,NA,16.774,0.056,-83.517,-69.481
548,3,122,1301.894,632.955,44101.422,2,193,866.701,289.527,NA,13.684,0.046,-131.634,-48.117
549,3,123,1289.015,631.061,44401.432,2,242,879.718,278.024,NA,13.017,0.043,-171.634,-40.001
550,3,124,1289.015,631.061,44701.441,2,166,879.718,278.024,NA,0,0,0,171.634
551,3,125,1291.288,625,45001.451,2,44,886.191,282.289,NA,6.473,0.022,-69.444,-69.444
552,3,126,1317.045,612.121,45301.461,2,99,914.989,310.97,NA,28.798,0.096,-26.565,42.879
553,3,127,1328.409,605.682,45601.47,2,99,928.05,323.913,NA,13.061,0.044,-29.539,-2.974
554,3,128,1344.318,604.924,45901.48,2,136,943.977,338.991,NA,15.927,0.053,-2.726,26.812
555,3,129,1370.833,612.121,46201.49,2,244,971.452,361.506,NA,27.475,0.092,15.186,17.912
556,3,130,1386.364,601.515,46501.499,2,123,990.258,379.635,NA,18.806,0.063,-34.33,-49.516
557,3,131,1400.758,590.53,46801.509,2,90,1008.365,396.889,NA,18.107,0.06,-37.349,-3.019
558,3,132,1407.197,578.788,47101.519,2,174,1021.757,407.066,NA,13.392,0.045,-61.26,-23.911
559,3,133,1403.409,575.758,47401.529,2,214,1026.608,404.662,NA,4.851,0.016,-141.34,-80.08
560,4,1,817.929,524.495,9900.319,2,130,0,0,NA,NA,NA,NA,NA
561,4,2,817.929,524.495,10200.329,2,120,0,0,NA,0,0,0,NA
562,4,3,820.96,524.495,10500.339,2,151,3.03,3.03,NA,3.03,0.01,0,0
563,4,4,823.99,524.495,10800.348,2,138,6.061,6.061,NA,3.03,0.01,0,0
564,4,5,826.01,523.99,11100.358,2,146,8.143,8.097,NA,2.082,0.007,-14.036,-14.036
565,4,6,826.01,523.99,11400.368,2,151,8.143,8.097,NA,0,0,0,14.036
566,4,7,827.02,526.01,11700.377,2,165,10.402,9.216,NA,2.259,0.008,63.435,63.435
567,4,8,829.545,525.505,12000.387,2,198,12.977,11.66,NA,2.575,0.009,-11.31,-74.745
568,4,9,829.545,520.455,12300.397,2,141,18.027,12.299,NA,5.051,0.017,-90,-78.69
569,4,10,829.545,515.909,12600.406,2,212,22.573,14.445,NA,4.545,0.015,-90,0
570,4,11,829.545,515.909,12900.416,2,238,22.573,14.445,NA,0,0,0,90
571,4,12,829.545,509.848,13200.426,2,227,28.633,18.694,NA,6.061,0.02,-90,-90
572,4,13,829.545,509.848,13500.435,2,189,28.633,18.694,NA,0,0,0,90
573,4,14,829.545,509.848,13800.445,2,234,28.633,18.694,NA,0,0,0,0
574,4,15,829.545,509.848,14100.455,2,221,28.633,18.694,NA,0,0,0,0
575,4,16,829.545,509.848,14400.464,2,210,28.633,18.694,NA,0,0,0,0
576,4,17,826.01,503.283,14700.474,2,255,36.09,22.699,NA,7.457,0.025,-118.301,-118.301
577,4,18,826.01,503.283,15000.484,2,255,36.09,22.699,NA,0,0,0,118.301
578,4,19,826.01,503.283,15300.493,2,253,36.09,22.699,NA,0,0,0,0
579,4,20,826.01,503.283,15600.503,2,255,36.09,22.699,NA,0,0,0,0
580,4,21,826.01,503.283,15900.513,2,237,36.09,22.699,NA,0,0,0,0
581,4,22,825,511.364,16200.522,2,228,44.234,14.914,NA,8.144,0.027,97.125,97.125
582,4,23,825,511.364,16500.532,2,255,44.234,14.914,NA,0,0,0,-97.125
583,4,24,825,514.394,16800.542,2,255,47.264,12.33,NA,3.03,0.01,90,90
584,4,25,825,522.98,17100.551,2,234,55.85,7.231,NA,8.586,0.029,90,0
585,4,26,829.04,524.495,17400.561,2,182,60.165,11.111,NA,4.315,0.014,20.556,-69.444
586,4,27,829.04,524.495,17700.571,2,195,60.165,11.111,NA,0,0,0,-20.556
587,4,28,829.04,528.535,18000.58,2,174,64.206,11.823,NA,4.04,0.013,90,90
588,4,29,829.04,529.545,18300.59,2,170,65.216,12.205,NA,1.01,0.003,90,0
589,4,30,828.03,532.071,18600.6,2,148,67.936,12.626,NA,2.72,0.009,111.801,21.801
590,4,31,820.455,538.131,18900.609,2,79,77.637,13.868,NA,9.702,0.032,141.34,29.539
591,4,32,820.455,538.131,19200.619,2,100,77.637,13.868,NA,0,0,0,-141.34
592,4,33,818.434,536.111,19500.629,2,164,80.494,11.627,NA,2.857,0.01,-135,-135
593,4,34,818.434,536.111,19800.638,2,136,80.494,11.627,NA,0,0,0,135
594,4,35,817.424,531.566,20100.648,2,155,85.151,7.089,NA,4.656,0.016,-102.529,-102.529
595,4,36,811.364,531.061,20400.658,2,236,91.232,9.285,NA,6.082,0.02,-175.236,-72.708
596,4,37,811.364,531.061,20700.668,2,178,91.232,9.285,NA,0,0,0,175.236
597,4,38,811.364,531.061,21000.677,2,118,91.232,9.285,NA,0,0,0,0
598,4,39,811.364,523.485,21300.687,2,255,98.808,6.643,NA,7.576,0.025,-90,-90
599,4,40,811.364,523.485,21600.697,2,244,98.808,6.643,NA,0,0,0,90
600,4,41,811.364,523.485,21900.706,2,242,98.808,6.643,NA,0,0,0,0
601,4,42,811.364,523.485,22200.716,2,190,98.808,6.643,NA,0,0,0,0
602,4,43,811.364,523.485,22500.726,2,148,98.808,6.643,NA,0,0,0,0
603,4,44,807.323,522.98,22800.735,2,255,102.88,10.714,NA,4.072,0.014,-172.875,-172.875
604,4,45,807.323,522.98,23100.745,2,252,102.88,10.714,NA,0,0,0,172.875
605,4,46,810.354,520.96,23400.755,2,255,106.522,8.36,NA,3.642,0.012,-33.69,-33.69
606,4,47,817.424,520.96,23700.764,2,198,113.593,3.571,NA,7.071,0.024,0,33.69
607,4,48,817.424,520.96,24000.774,2,255,113.593,3.571,NA,0,0,0,0
608,4,49,817.424,520.96,24300.784,2,245,113.593,3.571,NA,0,0,0,0
609,4,50,821.97,520.96,24600.793,2,196,118.138,5.369,NA,4.545,0.015,0,0
610,4,51,822.475,520.96,24900.803,2,156,118.643,5.758,NA,0.505,0.002,0,0
611,4,52,827.525,525.505,25200.813,2,178,125.438,9.649,NA,6.795,0.023,41.987,41.987
612,4,53,831.566,525.505,25500.822,2,156,129.478,13.674,NA,4.04,0.013,0,-41.987
613,4,54,831.566,525.505,25800.832,2,207,129.478,13.674,NA,0,0,0,0
614,4,55,831.566,525.505,26100.842,2,207,129.478,13.674,NA,0,0,0,0
615,4,56,831.566,525.505,26400.851,2,239,129.478,13.674,NA,0,0,0,0
616,4,57,831.566,525.505,26700.861,2,200,129.478,13.674,NA,0,0,0,0
617,4,58,836.616,523.485,27000.871,2,175,134.918,18.714,NA,5.44,0.018,-21.801,-21.801
618,4,59,822.98,522.475,27300.88,2,186,148.592,5.44,NA,13.674,0.046,-175.764,-153.962
619,4,60,818.939,522.475,27600.89,2,215,152.632,2.259,NA,4.04,0.013,180,-4.236
620,4,61,807.828,523.99,27900.9,2,188,163.846,10.114,NA,11.214,0.037,172.235,-7.765
621,4,62,798.232,527.525,28200.909,2,167,174.072,19.929,NA,10.226,0.034,159.775,-12.46
622,4,63,798.232,527.525,28500.919,2,166,174.072,19.929,NA,0,0,0,-159.775
623,4,64,799.242,530.556,28800.929,2,163,177.267,19.645,NA,3.194,0.011,71.565,71.565
624,4,65,799.242,530.556,29100.938,2,146,177.267,19.645,NA,0,0,0,-71.565
625,4,66,801.263,530.556,29400.948,2,155,179.287,17.734,NA,2.02,0.007,0,0
626,4,67,806.313,527.525,29700.958,2,203,185.177,12.005,NA,5.89,0.02,-30.964,-30.964
627,4,68,806.313,527.525,30000.967,2,183,185.177,12.005,NA,0,0,0,30.964
628,4,69,806.313,527.525,30300.977,2,191,185.177,12.005,NA,0,0,0,0
629,4,70,807.828,522.475,30600.987,2,252,190.45,10.301,NA,5.273,0.018,-73.301,-73.301
630,4,71,807.828,522.475,30900.996,2,255,190.45,10.301,NA,0,0,0,73.301
631,4,72,804.798,522.475,31201.006,2,219,193.48,13.286,NA,3.03,0.01,180,180
632,4,73,804.798,522.475,31501.016,2,205,193.48,13.286,NA,0,0,0,-180
633,4,74,805.303,522.475,31801.025,2,204,193.985,12.787,NA,0.505,0.002,0,0
634,4,75,812.374,528.03,32101.035,2,240,202.977,6.585,NA,8.992,0.03,38.157,38.157
635,4,76,812.374,532.576,32401.045,2,152,207.523,9.806,NA,4.545,0.015,90,51.843
636,4,77,819.949,533.586,32701.054,2,141,215.165,9.313,NA,7.643,0.025,7.595,-82.405
637,4,78,826.01,539.646,33001.064,2,113,223.736,17.172,NA,8.571,0.029,45,37.405
638,4,79,830.556,539.646,33301.074,2,105,228.282,19.723,NA,4.545,0.015,0,-45
639,4,80,843.687,525,33601.083,2,227,247.953,25.763,NA,19.671,0.066,-48.122,-48.122
640,4,81,843.687,525,33901.093,2,216,247.953,25.763,NA,0,0,0,48.122
641,4,82,843.687,525,34201.103,2,236,247.953,25.763,NA,0,0,0,0
642,4,83,843.687,525,34501.113,2,213,247.953,25.763,NA,0,0,0,0
643,4,84,843.687,525,34801.122,2,239,247.953,25.763,NA,0,0,0,0
644,4,85,843.687,530.556,35101.132,2,255,253.508,26.461,NA,5.556,0.019,90,90
645,4,86,843.687,530.556,35401.142,2,255,253.508,26.461,NA,0,0,0,-90
646,4,87,843.687,530.556,35701.151,2,255,253.508,26.461,NA,0,0,0,0
647,4,88,846.212,530.556,36001.161,2,255,256.034,28.925,NA,2.525,0.008,0,0
648,4,89,847.727,529.545,36301.171,2,226,257.855,30.223,NA,1.821,0.006,-33.69,-33.69
649,4,90,850.758,529.04,36601.18,2,216,260.927,33.141,NA,3.072,0.01,-9.462,24.228
650,4,91,852.778,529.04,36901.19,2,221,262.947,35.144,NA,2.02,0.007,0,9.462
651,4,92,860.859,528.535,37201.2,2,191,271.044,43.119,NA,8.097,0.027,-3.576,-3.576
652,4,93,860.859,528.535,37501.209,2,222,271.044,43.119,NA,0,0,0,3.576
653,4,94,861.364,526.01,37801.219,2,247,273.619,43.461,NA,2.575,0.009,-78.69,-78.69
654,4,95,859.343,525,38101.229,2,235,275.877,41.417,NA,2.259,0.008,-153.435,-74.745
655,4,96,863.889,523.485,38401.238,2,255,280.669,45.971,NA,4.791,0.016,-18.435,135
656,4,97,863.889,514.394,38701.248,2,214,289.76,47.057,NA,9.091,0.03,-90,-71.565
657,4,98,863.889,504.293,39001.258,2,253,299.861,50.204,NA,10.101,0.034,-90,0
658,4,99,865.909,494.192,39301.267,2,255,310.162,56.748,NA,10.301,0.034,-78.69,11.31
659,4,100,860.859,491.667,39601.277,2,203,315.808,54.043,NA,5.647,0.019,-153.435,-74.745
660,4,101,860.859,491.667,39901.287,2,255,315.808,54.043,NA,0,0,0,153.435
661,4,102,859.343,468.434,40201.296,2,255,339.09,69.699,NA,23.282,0.078,-93.731,-93.731
662,4,103,859.343,460.354,40501.306,2,255,347.171,76.35,NA,8.081,0.027,-90,3.731
663,4,104,859.343,459.343,40801.316,2,255,348.181,77.2,NA,1.01,0.003,-90,0
664,4,105,865.404,458.838,41101.325,2,255,354.263,81.022,NA,6.082,0.02,-4.764,85.236
665,4,106,857.828,450.253,41401.335,2,255,365.713,84.284,NA,11.45,0.038,-131.424,-126.66
666,4,107,857.828,450.253,41701.345,2,255,365.713,84.284,NA,0,0,0,131.424
667,4,108,856.313,444.192,42001.354,2,255,371.96,89.005,NA,6.247,0.021,-104.036,-104.036
668,4,109,863.889,443.182,42301.364,2,255,379.603,93.403,NA,7.643,0.025,-7.595,96.442
669,4,110,856.818,439.646,42601.374,2,246,387.508,93.336,NA,7.905,0.026,-153.435,-145.84
670,4,111,856.818,439.646,42901.383,2,255,387.508,93.336,NA,0,0,0,153.435
671,4,112,856.818,439.646,43201.393,2,255,387.508,93.336,NA,0,0,0,0
672,4,113,856.818,439.646,43501.403,2,255,387.508,93.336,NA,0,0,0,0
673,4,114,856.818,439.646,43801.412,2,255,387.508,93.336,NA,0,0,0,0
674,4,115,856.818,439.646,44101.422,2,255,387.508,93.336,NA,0,0,0,0
675,4,116,856.818,446.717,44401.432,2,255,394.579,86.958,NA,7.071,0.024,90,90
676,4,117,856.818,446.717,44701.441,2,255,394.579,86.958,NA,0,0,0,-90
677,4,118,856.818,446.717,45001.451,2,255,394.579,86.958,NA,0,0,0,0
678,4,119,856.818,446.717,45301.461,2,255,394.579,86.958,NA,0,0,0,0
679,4,120,856.818,446.717,45601.47,2,255,394.579,86.958,NA,0,0,0,0
680,4,121,862.879,445.202,45901.48,2,255,400.826,91.147,NA,6.247,0.021,-14.036,-14.036
681,4,122,862.879,445.202,46201.49,2,255,400.826,91.147,NA,0,0,0,14.036
682,4,123,853.788,436.616,46501.499,2,255,413.33,94.913,NA,12.504,0.042,-136.637,-136.637
683,4,124,849.747,432.071,46801.509,2,255,419.412,97.748,NA,6.082,0.02,-131.634,5.003
684,4,125,849.747,432.071,47101.519,2,255,419.412,97.748,NA,0,0,0,131.634
685,4,126,849.747,428.03,47401.529,2,255,423.452,101.577,NA,4.04,0.013,-90,-90
686,4,127,842.677,412.879,47701.538,2,255,440.173,114.327,NA,16.72,0.056,-115.017,-25.017
687,4,128,839.646,399.747,48001.548,2,255,453.649,126.624,NA,13.476,0.045,-102.995,12.022
688,4,129,842.172,383.586,48301.558,2,255,470.007,142.979,NA,16.358,0.055,-81.119,21.875
689,4,130,839.141,375,48601.567,2,255,479.112,150.992,NA,9.105,0.03,-109.44,-28.321
690,4,131,832.071,370.96,48901.577,2,255,487.255,154.185,NA,8.144,0.027,-150.255,-40.815
691,4,132,832.071,367.929,49201.587,2,255,490.286,157.203,NA,3.03,0.01,-90,60.255
692,4,133,834.091,365.909,49501.596,2,255,493.143,159.407,NA,2.857,0.01,-45,45
693,4,134,831.566,349.747,49801.606,2,255,509.5,175.279,NA,16.358,0.055,-98.881,-53.881
694,4,135,831.566,349.747,50101.616,2,255,509.5,175.279,NA,0,0,0,98.881
695,4,136,828.535,345.202,50401.625,2,255,514.963,179.606,NA,5.463,0.018,-123.69,-123.69
696,4,137,830.556,342.172,50701.635,2,255,518.605,182.76,NA,3.642,0.012,-56.31,67.38
697,4,138,829.04,339.141,51001.645,2,255,521.993,185.686,NA,3.388,0.011,-116.565,-60.255
698,4,139,831.061,322.475,51301.654,2,255,538.782,202.447,NA,16.789,0.056,-83.089,33.476
699,4,140,831.061,314.899,51601.664,2,255,546.358,210.007,NA,7.576,0.025,-90,-6.911
700,4,141,831.061,314.899,51901.674,2,255,546.358,210.007,NA,0,0,0,90
701,4,142,831.061,314.899,52201.683,2,255,546.358,210.007,NA,0,0,0,0
702,4,143,834.091,312.879,52501.693,2,255,550,212.232,NA,3.642,0.012,-33.69,-33.69
703,4,144,834.091,293.182,52801.703,2,255,569.697,231.877,NA,19.697,0.066,-90,-56.31
704,4,145,834.596,288.636,53101.712,2,255,574.27,236.447,NA,4.573,0.015,-83.66,6.34
705,4,146,835.101,285.606,53401.722,2,255,577.342,239.505,NA,3.072,0.01,-80.538,3.122
706,4,147,835.101,285.606,53701.732,2,255,577.342,239.505,NA,0,0,0,80.538
707,4,148,834.091,266.414,54001.741,2,238,596.561,258.586,NA,19.218,0.064,-93.013,-93.013
708,4,149,824.495,258.333,54301.751,2,255,609.106,266.243,NA,12.545,0.042,-139.899,-46.886
709,4,150,824.495,253.788,54601.761,2,255,613.651,270.787,NA,4.545,0.015,-90,49.899
710,4,151,824.495,253.788,54901.77,2,255,613.651,270.787,NA,0,0,0,90
711,4,152,823.99,238.131,55201.78,2,30,629.316,286.428,NA,15.665,0.052,-91.848,-91.848
712,4,153,816.919,245.202,55501.79,2,10,639.315,279.295,NA,9.999,0.033,135,-133.152
713,4,154,815.404,258.838,55801.799,2,255,653.036,265.669,NA,13.72,0.046,96.34,-38.66
714,4,155,817.929,258.333,56101.809,2,255,655.611,266.162,NA,2.575,0.009,-11.31,-107.65
715,4,156,822.98,258.333,56401.819,2,245,660.662,266.21,NA,5.051,0.017,0,11.31
716,4,157,827.525,256.313,56701.828,2,255,665.636,268.353,NA,4.974,0.017,-23.962,-23.962
717,4,158,826.01,254.798,57001.838,2,255,667.778,269.818,NA,2.143,0.007,-135,-111.038
718,4,159,832.071,254.293,57301.848,2,255,673.86,270.572,NA,6.082,0.02,-4.764,130.236
719,4,160,832.071,254.293,57601.857,2,255,673.86,270.572,NA,0,0,0,4.764
720,4,161,828.03,252.273,57901.867,2,255,678.377,272.41,NA,4.517,0.015,-153.435,-153.435
721,4,162,828.03,248.232,58201.877,2,255,682.418,276.447,NA,4.04,0.013,-90,63.435
722,4,163,828.03,248.232,58501.886,2,255,682.418,276.447,NA,0,0,0,90
723,4,164,828.03,242.172,58801.896,2,255,688.478,282.504,NA,6.061,0.02,-90,-90
724,4,165,828.03,242.172,59101.906,2,255,688.478,282.504,NA,0,0,0,90
725,4,166,828.03,238.131,59401.915,2,255,692.519,286.542,NA,4.04,0.013,-90,-90
726,4,167,823.99,235.606,59701.925,2,255,697.283,288.952,NA,4.765,0.016,-147.995,-57.995
727,4,168,823.99,229.04,60001.935,2,25,703.849,295.517,NA,6.566,0.022,-90,57.995
728,4,169,831.566,222.98,60301.944,2,255,713.551,301.823,NA,9.702,0.032,-38.66,51.34
729,4,170,832.071,229.545,60601.954,2,255,720.136,295.288,NA,6.585,0.022,85.601,124.261
730,4,171,831.566,231.566,60901.964,2,255,722.218,293.247,NA,2.082,0.007,104.036,18.435
731,4,172,832.576,226.01,61201.974,2,255,727.865,298.844,NA,5.647,0.019,-79.695,176.269
732,4,173,832.576,226.01,61501.983,2,255,727.865,298.844,NA,0,0,0,79.695
733,4,174,832.576,231.566,61801.993,2,255,733.42,293.295,NA,5.556,0.019,90,90
734,4,175,821.465,236.616,62102.003,2,255,745.626,287.9,NA,12.205,0.041,155.556,65.556
735,4,176,819.949,239.646,62402.012,2,255,749.013,284.856,NA,3.388,0.011,116.565,-38.991
736,4,177,818.434,245.202,62702.022,2,255,754.772,279.293,NA,5.758,0.019,105.255,-11.31
737,4,178,805.808,244.697,63002.032,2,242,767.408,280.06,NA,12.636,0.042,-177.709,77.035
738,4,179,798.232,237.121,63302.041,2,255,778.122,288.048,NA,10.714,0.036,-135,42.709
739,4,180,793.687,250.758,63602.051,2,255,792.496,274.809,NA,14.374,0.048,108.435,-116.565
740,4,181,796.212,251.768,63902.061,2,255,795.216,273.591,NA,2.72,0.009,21.801,-86.634
741,4,182,790.657,251.768,64202.07,2,255,800.771,274.088,NA,5.556,0.019,180,158.199
742,4,183,784.596,251.263,64502.08,2,255,806.853,275.258,NA,6.082,0.02,-175.236,4.764
743,4,184,776.01,244.697,64802.09,2,255,817.662,282.921,NA,10.809,0.036,-142.595,32.642
744,4,185,769.949,227.525,65102.099,2,255,835.871,300.821,NA,18.21,0.061,-109.44,33.155
745,4,186,764.394,217.929,65402.109,2,255,846.96,311.205,NA,11.088,0.037,-120.069,-10.629
746,4,187,756.313,207.323,65702.119,2,255,860.293,323.101,NA,13.334,0.044,-127.304,-7.235
747,4,188,755.303,196.717,66002.128,2,255,870.947,333.707,NA,10.654,0.036,-95.44,31.864
748,4,189,744.697,186.616,66302.138,2,255,885.594,345.724,NA,14.646,0.049,-136.397,-40.957
749,4,190,736.616,170.455,66602.148,2,255,903.663,363.258,NA,18.069,0.06,-116.565,19.832
750,4,191,730.556,169.444,66902.157,2,255,909.807,365.643,NA,6.144,0.02,-170.538,-53.973
751,4,192,730.556,169.444,67202.167,2,255,909.807,365.643,NA,0,0,0,170.538
752,4,193,730.556,168.434,67502.177,2,255,910.817,366.624,NA,1.01,0.003,-90,-90
753,4,194,735.606,162.879,67802.186,2,255,918.325,370.868,NA,7.508,0.025,-47.726,42.274
754,4,195,735.606,158.838,68102.196,2,255,922.366,374.809,NA,4.04,0.013,-90,-42.274
755,4,196,736.616,157.323,68402.206,2,255,924.187,376.068,NA,1.821,0.006,-56.31,33.69
756,4,197,736.616,157.323,68702.215,2,255,924.187,376.068,NA,0,0,0,56.31
757,4,198,741.162,151.768,69002.225,2,255,931.365,380.551,NA,7.178,0.024,-50.711,-50.711
758,4,199,741.162,141.667,69302.235,2,255,941.466,390.449,NA,10.101,0.034,-90,-39.289
759,4,200,743.182,141.667,69602.244,2,255,943.486,390.057,NA,2.02,0.007,0,90
760,4,201,743.182,141.162,69902.254,2,255,943.991,390.553,NA,0.505,0.002,-90,-90
761,4,202,741.667,141.162,70202.264,2,255,945.506,390.846,NA,1.515,0.005,180,-90
762,4,203,737.626,138.131,70502.273,2,255,950.557,394.621,NA,5.051,0.017,-143.13,36.87
763,4,204,737.626,138.131,70802.283,2,255,950.557,394.621,NA,0,0,0,143.13
764,4,205,744.192,136.111,71102.293,2,255,957.426,395.322,NA,6.869,0.023,-17.103,-17.103
765,4,206,744.192,124.495,71402.302,2,252,969.042,406.74,NA,11.616,0.039,-90,-72.897
766,4,207,747.222,104.798,71702.312,2,255,988.971,425.611,NA,19.929,0.066,-81.254,8.746
767,4,209,750.253,100.253,72002.322,2,255,994.434,429.607,NA,5.463,0.018,-56.31,24.944
768,5,1,763.384,561.869,11700.377,2,39,0,0,NA,NA,NA,NA,NA
769,5,2,755.808,555.303,12000.387,2,175,10.025,10.025,NA,10.025,0.033,-139.086,NA
770,5,3,755.808,555.303,12300.397,2,147,10.025,10.025,NA,0,0,0,139.086
771,5,4,757.323,554.293,12600.406,2,102,11.846,9.702,NA,1.821,0.006,-33.69,-33.69
772,5,5,757.323,549.242,12900.416,2,187,16.896,14.005,NA,5.051,0.017,-90,-56.31
773,5,6,757.323,549.242,13200.426,2,209,16.896,14.005,NA,0,0,0,90
774,5,7,746.212,548.232,13500.435,2,253,28.053,21.928,NA,11.157,0.037,-174.806,-174.806
775,5,8,746.212,544.192,13800.445,2,244,32.094,24.644,NA,4.04,0.013,-90,84.806
776,5,9,741.667,538.636,14100.455,2,255,39.272,31.802,NA,7.178,0.024,-129.289,-39.289
777,5,10,741.667,538.636,14400.464,2,255,39.272,31.802,NA,0,0,0,129.289
778,5,11,741.162,536.616,14700.474,2,223,41.354,33.638,NA,2.082,0.007,-104.036,-104.036
779,5,12,735.606,525,15000.484,2,255,54.231,46.162,NA,12.876,0.043,-115.56,-11.524
780,5,13,727.02,511.869,15300.493,2,143,69.92,61.825,NA,15.689,0.052,-123.179,-7.619
781,5,14,727.02,511.364,15600.503,2,148,70.425,62.234,NA,0.505,0.002,-90,33.179
782,5,15,727.525,508.333,15900.513,2,198,73.497,64.435,NA,3.072,0.01,-80.538,9.462
783,5,16,727.525,508.333,16200.522,2,255,73.497,64.435,NA,0,0,0,80.538
784,5,17,727.525,508.333,16500.532,2,237,73.497,64.435,NA,0,0,0,0
785,5,18,727.525,499.747,16800.542,2,173,82.083,71.728,NA,8.586,0.029,-90,-90
786,5,19,727.525,490.152,17100.551,2,178,91.679,80.182,NA,9.596,0.032,-90,0
787,5,20,727.02,480.556,17400.561,2,149,101.288,89.074,NA,9.609,0.032,-93.013,-3.013
788,5,21,730.051,467.929,17700.571,2,255,114.273,99.678,NA,12.985,0.043,-76.504,16.509
789,5,22,730.051,456.818,18000.58,2,255,125.384,110.212,NA,11.111,0.037,-90,-13.496
790,5,23,730.051,453.283,18300.59,2,255,128.919,113.587,NA,3.535,0.012,-90,0
791,5,24,730.051,453.283,18600.6,2,255,128.919,113.587,NA,0,0,0,90
792,5,25,730.051,453.283,18900.609,2,255,128.919,113.587,NA,0,0,0,0
793,5,26,730.051,453.283,19200.619,2,255,128.919,113.587,NA,0,0,0,0
794,5,27,730.051,453.283,19500.629,2,255,128.919,113.587,NA,0,0,0,0
795,5,28,730.051,453.283,19800.638,2,255,128.919,113.587,NA,0,0,0,0
796,5,29,725.505,455.303,20100.648,2,255,133.893,113.097,NA,4.974,0.017,156.038,156.038
797,5,30,725.505,456.818,20400.658,2,255,135.409,111.671,NA,1.515,0.005,90,-66.038
798,5,31,725.505,459.848,20700.668,2,255,138.439,108.825,NA,3.03,0.01,90,0
799,5,32,725.505,459.848,21000.677,2,222,138.439,108.825,NA,0,0,0,-90
800,5,33,725.505,459.848,21300.687,2,227,138.439,108.825,NA,0,0,0,0
801,5,34,729.545,448.232,21600.697,2,255,150.738,118.568,NA,12.299,0.041,-70.821,-70.821
802,5,35,728.535,447.222,21900.706,2,255,152.166,119.826,NA,1.428,0.005,-135,-64.179
803,5,36,726.515,443.687,22200.716,2,254,156.238,123.799,NA,4.072,0.014,-119.745,15.255
804,5,37,726.515,443.687,22500.726,2,255,156.238,123.799,NA,0,0,0,119.745
805,5,38,725,440.657,22800.735,2,255,159.626,127.144,NA,3.388,0.011,-116.565,-116.565
806,5,39,723.485,439.141,23100.745,2,255,161.769,129.05,NA,2.143,0.007,-135,-18.435
807,5,40,716.414,435.606,23400.755,2,255,169.674,134.716,NA,7.905,0.026,-153.435,-18.435
808,5,41,716.414,435.606,23700.764,2,255,169.674,134.716,NA,0,0,0,153.435
809,5,42,711.364,445.707,24000.774,2,255,180.967,127.278,NA,11.293,0.038,116.565,116.565
810,5,43,695.202,454.293,24300.784,2,238,199.268,127.363,NA,18.301,0.061,152.021,35.455
811,5,44,689.646,460.354,24600.793,2,255,207.49,125.469,NA,8.222,0.027,132.51,-19.51
812,5,45,689.646,460.354,24900.803,2,255,207.49,125.469,NA,0,0,0,-132.51
813,5,46,688.131,460.354,25200.813,2,255,209.005,126.366,NA,1.515,0.005,180,180
814,5,47,674.495,463.889,25500.822,2,251,223.092,132.292,NA,14.087,0.047,165.466,-14.534
815,5,48,673.485,462.879,25800.832,2,255,224.52,133.719,NA,1.428,0.005,-135,59.534
816,5,49,673.485,461.869,26100.842,2,255,225.53,134.469,NA,1.01,0.003,-90,45
817,5,50,678.535,458.333,26400.851,2,255,231.695,133.861,NA,6.165,0.021,-34.992,55.008
818,5,51,678.535,458.333,26700.861,2,255,231.695,133.861,NA,0,0,0,34.992
819,5,52,678.535,458.333,27000.871,2,255,231.695,133.861,NA,0,0,0,0
820,5,53,676.515,457.828,27300.88,2,255,233.778,135.538,NA,2.082,0.007,-165.964,-165.964
821,5,54,672.475,455.808,27600.89,2,255,238.295,139.69,NA,4.517,0.015,-153.435,12.529
822,5,55,672.475,455.808,27900.9,2,255,238.295,139.69,NA,0,0,0,153.435
823,5,56,658.333,454.798,28200.909,2,238,252.473,149.999,NA,14.177,0.047,-175.914,-175.914
824,5,57,656.313,452.778,28500.919,2,218,255.33,152.856,NA,2.857,0.01,-135,40.914
825,5,58,659.343,449.242,28800.929,2,228,259.986,153.327,NA,4.656,0.016,-49.399,85.601
826,5,59,659.343,444.192,29100.938,2,255,265.036,157.074,NA,5.051,0.017,-90,-40.601
827,5,60,659.343,444.192,29400.948,2,255,265.036,157.074,NA,0,0,0,90
828,5,61,659.343,436.111,29700.958,2,255,273.117,163.216,NA,8.081,0.027,-90,-90
829,5,62,659.343,436.111,30000.967,2,255,273.117,163.216,NA,0,0,0,90
830,5,63,659.343,436.111,30300.977,2,255,273.117,163.216,NA,0,0,0,0
831,5,64,659.343,436.111,30600.987,2,255,273.117,163.216,NA,0,0,0,0
832,5,65,659.343,436.111,30900.996,2,255,273.117,163.216,NA,0,0,0,0
833,5,66,659.343,436.111,31201.006,2,255,273.117,163.216,NA,0,0,0,0
834,5,67,659.343,436.111,31501.016,2,255,273.117,163.216,NA,0,0,0,0
835,5,68,660.859,442.172,31801.025,2,255,279.364,157.603,NA,6.247,0.021,75.964,75.964
836,5,69,660.859,442.172,32101.035,2,255,279.364,157.603,NA,0,0,0,-75.964
837,5,70,660.859,442.677,32401.045,2,255,279.869,157.22,NA,0.505,0.002,90,90
838,5,71,660.859,442.677,32701.054,2,255,279.869,157.22,NA,0,0,0,-90
839,5,72,660.859,442.677,33001.064,2,255,279.869,157.22,NA,0,0,0,0
840,5,73,660.859,442.677,33301.074,2,255,279.869,157.22,NA,0,0,0,0
841,5,74,660.859,442.677,33601.083,2,255,279.869,157.22,NA,0,0,0,0
842,5,75,661.869,442.677,33901.093,2,255,280.879,156.563,NA,1.01,0.003,0,0
843,5,76,661.869,442.677,34201.103,2,255,280.879,156.563,NA,0,0,0,0
844,5,77,661.364,441.162,34501.113,2,255,282.477,158.045,NA,1.597,0.005,-108.435,-108.435
845,5,78,656.818,440.657,34801.122,2,255,287.05,161.396,NA,4.573,0.015,-173.66,-65.225
846,5,79,652.273,440.657,35101.132,2,255,291.595,164.433,NA,4.545,0.015,180,-6.34
847,5,80,650.253,438.131,35401.142,2,255,294.829,167.659,NA,3.234,0.011,-128.66,51.34
848,5,81,650.253,438.131,35701.151,2,255,294.829,167.659,NA,0,0,0,128.66
849,5,82,650.253,438.131,36001.161,2,255,294.829,167.659,NA,0,0,0,0
850,5,83,655.303,426.515,36301.171,2,255,307.496,173.211,NA,12.667,0.042,-66.501,-66.501
851,5,84,652.273,422.98,36601.18,2,255,312.152,177.865,NA,4.656,0.016,-130.601,-64.1
852,5,85,651.768,417.929,36901.19,2,255,317.228,182.145,NA,5.076,0.017,-95.711,34.891
853,5,86,645.202,414.394,37201.2,2,255,324.685,188.986,NA,7.457,0.025,-151.699,-55.989
854,5,87,645.202,414.394,37501.209,2,255,324.685,188.986,NA,0,0,0,151.699
855,5,88,640.657,395.707,37801.219,2,255,343.917,206.571,NA,19.232,0.064,-103.671,-103.671
856,5,89,640.657,388.636,38101.229,2,255,350.987,212.3,NA,7.071,0.024,-90,13.671
857,5,90,643.182,388.636,38401.238,2,255,353.513,210.851,NA,2.525,0.008,0,90
858,5,91,644.697,388.636,38701.248,2,204,355.028,209.991,NA,1.515,0.005,0,0
859,5,92,644.697,376.515,39001.258,2,255,367.149,220.097,NA,12.121,0.04,-90,-90
860,5,93,649.242,384.091,39301.267,2,255,375.984,211.266,NA,8.835,0.029,59.036,149.036
861,5,94,649.747,387.626,39601.277,2,255,379.555,208.023,NA,3.571,0.012,81.87,22.834
862,5,95,641.162,376.515,39901.287,2,255,393.597,222.023,NA,14.042,0.047,-127.694,150.436
863,5,96,628.03,353.283,40201.296,2,255,420.283,248.654,NA,26.687,0.089,-119.476,8.218
864,5,97,629.545,347.222,40501.306,2,255,426.531,252.954,NA,6.247,0.021,-75.964,43.512
865,5,98,629.545,347.222,40801.316,2,255,426.531,252.954,NA,0,0,0,75.964
866,5,99,629.545,352.273,41101.325,2,255,431.581,248.683,NA,5.051,0.017,90,90
867,5,100,620.455,352.273,41401.335,2,255,440.672,253.691,NA,9.091,0.03,180,90
868,5,101,622.475,352.273,41701.345,2,255,442.692,252.559,NA,2.02,0.007,0,-180
869,5,102,628.03,358.333,42001.354,2,255,450.914,244.432,NA,8.222,0.027,47.49,47.49
870,5,103,629.04,352.273,42301.364,2,255,457.058,248.955,NA,6.144,0.02,-80.538,-128.027
871,5,104,629.04,347.222,42601.374,2,255,462.109,253.222,NA,5.051,0.017,-90,-9.462
872,5,105,629.04,347.222,42901.383,2,255,462.109,253.222,NA,0,0,0,90
873,5,106,632.071,343.687,43201.393,2,255,466.765,254.65,NA,4.656,0.016,-49.399,-49.399
874,5,107,632.071,343.687,43501.403,2,255,466.765,254.65,NA,0,0,0,49.399
875,5,108,639.141,335.101,43801.412,2,255,477.887,258.573,NA,11.123,0.037,-50.528,-50.528
876,5,109,646.212,334.091,44101.422,2,255,485.03,256.148,NA,7.142,0.024,-8.13,42.397
877,5,110,646.212,334.091,44401.432,2,255,485.03,256.148,NA,0,0,0,8.13
878,5,111,661.869,317.424,44701.441,2,252,507.897,264.685,NA,22.867,0.076,-46.79,-46.79
879,5,112,666.919,306.818,45001.451,2,255,519.644,272.683,NA,11.747,0.039,-64.537,-17.747
880,5,113,671.465,294.192,45301.461,2,187,533.064,283.019,NA,13.42,0.045,-70.201,-5.664
881,5,114,672.98,289.646,45601.47,2,200,537.855,286.841,NA,4.791,0.016,-71.565,-1.364
882,5,115,678.03,286.616,45901.48,2,255,543.745,288.183,NA,5.89,0.02,-30.964,40.601
883,5,116,682.071,280.556,46201.49,2,255,551.029,292.829,NA,7.284,0.024,-56.31,-25.346
884,5,117,682.071,280.556,46501.499,2,255,551.029,292.829,NA,0,0,0,56.31
885,5,118,682.071,280.556,46801.509,2,255,551.029,292.829,NA,0,0,0,0
886,5,119,682.071,280.556,47101.519,2,255,551.029,292.829,NA,0,0,0,0
887,5,120,682.071,280.556,47401.529,2,255,551.029,292.829,NA,0,0,0,0
888,5,121,685.606,280.556,47701.538,2,255,554.564,291.867,NA,3.535,0.012,0,0
889,5,122,685.606,280.556,48001.548,2,255,554.564,291.867,NA,0,0,0,0
890,5,123,685.606,280.556,48301.558,2,255,554.564,291.867,NA,0,0,0,0
891,5,124,683.081,278.535,48601.567,2,255,557.798,294.493,NA,3.234,0.011,-141.34,-141.34
892,5,125,683.081,278.535,48901.577,2,255,557.798,294.493,NA,0,0,0,141.34
893,5,126,683.081,278.535,49201.587,2,255,557.798,294.493,NA,0,0,0,0
894,5,127,677.02,278.535,49501.596,2,255,563.859,296.203,NA,6.061,0.02,180,180
895,5,128,677.02,278.535,49801.606,2,255,563.859,296.203,NA,0,0,0,-180
896,5,129,677.02,278.535,50101.616,2,255,563.859,296.203,NA,0,0,0,0
897,5,130,681.566,276.515,50401.625,2,255,568.833,296.852,NA,4.974,0.017,-23.962,-23.962
898,5,131,678.03,273.99,50701.635,2,255,573.178,300.266,NA,4.345,0.014,-144.462,-120.5
899,5,132,678.03,273.485,51001.645,2,255,573.683,300.75,NA,0.505,0.002,-90,54.462
900,5,133,678.03,267.929,51301.654,2,239,579.238,306.081,NA,5.556,0.019,-90,0
901,5,134,678.03,267.929,51601.664,2,255,579.238,306.081,NA,0,0,0,90
902,5,135,678.03,267.929,51901.674,2,255,579.238,306.081,NA,0,0,0,0
903,5,136,665.909,267.929,52201.683,2,255,591.359,309.68,NA,12.121,0.04,180,180
904,5,137,665.909,261.869,52501.693,2,255,597.42,315.438,NA,6.061,0.02,-90,90
905,5,138,665.909,261.869,52801.703,2,255,597.42,315.438,NA,0,0,0,90
906,5,139,665.909,253.788,53101.712,2,255,605.501,323.133,NA,8.081,0.027,-90,-90
907,5,140,665.909,249.747,53401.722,2,255,609.541,326.988,NA,4.04,0.013,-90,0
908,5,141,665.909,249.747,53701.732,2,255,609.541,326.988,NA,0,0,0,90
909,5,142,669.444,253.788,54001.741,2,255,614.91,322.084,NA,5.369,0.018,48.814,48.814
910,5,143,669.444,253.788,54301.751,2,255,614.91,322.084,NA,0,0,0,-48.814
911,5,144,672.475,258.838,54601.761,2,255,620.8,316.373,NA,5.89,0.02,59.036,59.036
912,5,145,680.556,258.838,54901.77,2,255,628.881,314.146,NA,8.081,0.027,0,-59.036
913,5,146,684.596,260.859,55201.78,2,255,633.398,311.15,NA,4.517,0.015,26.565,26.565
914,5,147,684.596,256.818,55501.79,2,255,637.438,315.061,NA,4.04,0.013,-90,-116.565
915,5,148,684.596,256.818,55801.799,2,255,637.438,315.061,NA,0,0,0,90
916,5,149,684.596,256.818,56101.809,2,255,637.438,315.061,NA,0,0,0,0
917,5,150,684.596,256.818,56401.819,2,255,637.438,315.061,NA,0,0,0,0
918,5,151,684.596,256.818,56701.828,2,255,637.438,315.061,NA,0,0,0,0
919,5,152,684.091,255.303,57001.838,2,255,639.035,316.654,NA,1.597,0.005,-108.435,-108.435
920,5,153,684.091,252.273,57301.848,2,255,642.066,319.589,NA,3.03,0.01,-90,18.435
921,5,154,686.111,242.172,57601.857,2,255,652.367,328.903,NA,10.301,0.034,-78.69,11.31
922,5,155,686.111,225,57901.867,2,255,669.539,345.618,NA,17.172,0.057,-90,-11.31
923,5,156,682.071,212.374,58201.877,2,215,682.796,358.829,NA,13.257,0.044,-107.745,-17.745
924,5,157,680.556,204.293,58501.886,2,255,691.017,367.044,NA,8.222,0.027,-100.62,7.125
925,5,158,681.061,196.717,58801.896,2,255,698.61,374.316,NA,7.593,0.025,-86.186,14.434
926,5,159,681.061,196.717,59101.906,2,255,698.61,374.316,NA,0,0,0,86.186
927,5,160,681.061,196.717,59401.915,2,255,698.61,374.316,NA,0,0,0,0
928,5,161,677.525,194.192,59701.925,2,255,702.954,377.568,NA,4.345,0.014,-144.462,-144.462
929,5,162,677.525,194.192,60001.935,2,255,702.954,377.568,NA,0,0,0,144.462
930,5,163,674.495,192.677,60301.944,2,255,706.342,379.742,NA,3.388,0.011,-153.435,-153.435
931,5,164,670.455,192.677,60601.954,2,255,710.383,380.708,NA,4.04,0.013,180,-26.565
932,5,165,667.929,191.162,60901.964,2,213,713.328,382.799,NA,2.945,0.01,-149.036,30.964
933,5,166,667.929,191.162,61201.974,2,255,713.328,382.799,NA,0,0,0,149.036
934,5,167,667.929,191.162,61501.983,2,255,713.328,382.799,NA,0,0,0,0
935,5,168,664.899,187.121,61801.993,2,255,718.378,387.472,NA,5.051,0.017,-126.87,-126.87
936,5,169,664.899,187.121,62102.003,2,255,718.378,387.472,NA,0,0,0,126.87
937,5,170,664.899,184.596,62402.012,2,255,720.903,389.915,NA,2.525,0.008,-90,-90
938,5,171,667.929,184.596,62702.022,2,255,723.934,389.161,NA,3.03,0.01,0,90
939,5,172,671.465,184.091,63002.032,2,255,727.505,388.8,NA,3.571,0.012,-8.13,-8.13
940,5,173,675,183.586,63302.041,2,255,731.076,388.471,NA,3.571,0.012,-8.13,0
941,5,174,678.535,182.576,63602.051,2,255,734.753,388.667,NA,3.677,0.012,-15.945,-7.815
942,5,175,682.071,183.081,63902.061,2,255,738.324,387.417,NA,3.571,0.012,8.13,24.075
943,5,176,681.566,183.081,64202.07,2,255,738.829,387.524,NA,0.505,0.002,180,171.87
944,5,177,690.657,183.081,64502.08,2,255,747.92,385.707,NA,9.091,0.03,0,-180
945,5,178,690.657,183.081,64802.09,2,255,747.92,385.707,NA,0,0,0,0
946,5,179,686.111,183.081,65102.099,2,255,752.466,386.589,NA,4.545,0.015,180,180
947,5,180,684.091,179.545,65402.109,2,255,756.538,390.459,NA,4.072,0.014,-119.745,60.255
948,5,181,678.535,179.545,65702.119,2,255,762.093,391.625,NA,5.556,0.019,180,-60.255
949,5,182,678.535,179.545,66002.128,2,255,762.093,391.625,NA,0,0,0,-180
950,5,183,678.535,179.545,66302.138,2,255,762.093,391.625,NA,0,0,0,0
951,5,184,678.535,179.545,66602.148,2,255,762.093,391.625,NA,0,0,0,0
952,5,185,678.535,182.071,66902.157,2,255,764.618,389.16,NA,2.525,0.008,90,90
953,5,186,678.535,182.071,67202.167,2,255,764.618,389.16,NA,0,0,0,-90
954,5,187,678.535,182.071,67502.177,2,255,764.618,389.16,NA,0,0,0,0
955,5,188,678.535,177.02,67802.186,2,255,769.669,394.091,NA,5.051,0.017,-90,-90
956,5,189,678.535,168.434,68102.196,2,255,778.255,402.48,NA,8.586,0.029,-90,0
957,5,190,678.535,164.394,68402.206,2,255,782.295,406.43,NA,4.04,0.013,-90,0
958,5,191,678.535,164.899,68702.215,2,255,782.8,405.936,NA,0.505,0.002,90,180
959,5,192,679.545,163.889,69002.225,2,255,784.229,406.715,NA,1.428,0.005,-45,-135
960,5,193,679.545,163.889,69302.235,2,255,784.229,406.715,NA,0,0,0,45
961,5,194,681.061,163.889,69602.244,2,255,785.744,406.405,NA,1.515,0.005,0,0
962,5,195,681.061,156.818,69902.254,2,255,792.814,413.332,NA,7.071,0.024,-90,-90
963,5,196,681.061,156.818,70202.264,2,255,792.814,413.332,NA,0,0,0,90
964,5,197,685.606,155.303,70502.273,2,255,797.606,413.938,NA,4.791,0.016,-18.435,-18.435
965,5,198,685.606,149.242,70802.283,2,255,803.666,419.893,NA,6.061,0.02,-90,-71.565
966,5,199,685.606,149.242,71102.293,2,255,803.666,419.893,NA,0,0,0,90
967,5,200,680.051,154.798,71402.302,2,255,811.523,415.513,NA,7.857,0.026,135,135
968,5,201,677.525,158.838,71702.312,2,255,816.288,412.074,NA,4.765,0.016,122.005,-12.995
969,5,203,677.525,158.838,72002.322,2,255,816.288,412.074,NA,0,0,0,-122.005
970,6,1,593.182,703.788,11100.358,2,28,0,0,NA,NA,NA,NA,NA
971,6,2,587.5,703.788,11400.368,2,13,5.682,5.682,NA,5.682,0.019,180,NA
972,6,3,587.5,703.788,11700.377,2,7,5.682,5.682,NA,0,0,0,-180
973,6,4,581.061,703.788,12000.387,2,15,12.121,12.121,NA,6.439,0.021,180,180
974,6,5,574.621,703.788,12300.397,2,32,18.561,18.561,NA,6.439,0.021,180,0
975,6,6,571.591,710.985,12600.406,2,79,26.37,22.759,NA,7.809,0.026,112.834,-67.166
976,6,7,567.045,717.045,12900.416,2,71,33.945,29.307,NA,7.576,0.025,126.87,14.036
977,6,8,567.045,717.045,13200.426,2,68,33.945,29.307,NA,0,0,0,-126.87
978,6,9,560.227,717.045,13500.435,2,179,40.763,35.521,NA,6.818,0.023,180,180
979,6,10,560.227,717.045,13800.445,2,107,40.763,35.521,NA,0,0,0,-180
980,6,11,554.167,717.045,14100.455,2,44,46.824,41.206,NA,6.061,0.02,180,180
981,6,12,553.409,717.045,14400.464,2,86,47.582,41.924,NA,0.758,0.003,180,0
982,6,13,544.318,725.379,14700.474,2,91,59.914,53.421,NA,12.332,0.041,137.49,-42.51
983,6,14,540.152,737.879,15000.484,2,105,73.09,63.043,NA,13.176,0.044,108.435,-29.055
984,6,15,530.303,737.879,15300.493,2,129,82.939,71.526,NA,9.848,0.033,180,71.565
985,6,16,527.273,737.121,15600.503,2,183,86.062,73.859,NA,3.124,0.01,-165.964,14.036
986,6,17,523.485,736.742,15900.513,2,202,89.869,77.095,NA,3.807,0.013,-174.289,-8.326
987,6,18,517.045,736.742,16200.522,2,213,96.308,82.962,NA,6.439,0.021,180,-5.711
988,6,19,517.045,736.742,16500.532,2,140,96.308,82.962,NA,0,0,0,-180
989,6,20,517.045,745.455,16800.542,2,144,105.021,86.792,NA,8.712,0.029,90,90
990,6,21,520.455,747.727,17100.551,2,92,109.118,84.97,NA,4.097,0.014,33.69,-56.31
991,6,22,520.455,754.167,17400.561,2,162,115.557,88.472,NA,6.439,0.021,90,56.31
992,6,23,518.182,756.439,17700.571,2,75,118.771,91.636,NA,3.214,0.011,135,45
993,6,24,518.182,756.439,18000.58,2,131,118.771,91.636,NA,0,0,0,-135
994,6,25,516.288,754.545,18300.59,2,113,121.45,92.136,NA,2.678,0.009,-135,-135
995,6,26,503.788,746.97,18600.6,2,118,136.066,99.277,NA,14.617,0.049,-148.782,-13.782
996,6,27,498.485,746.591,18900.609,2,144,141.383,103.921,NA,5.317,0.018,-175.914,-27.133
997,6,28,486.364,755.303,19200.619,2,150,156.31,118.591,NA,14.927,0.05,144.293,-39.792
998,6,29,479.167,755.303,19500.629,2,88,163.507,125.113,NA,7.197,0.024,180,35.707
999,6,30,477.652,759.848,19800.638,2,189,168.298,128.414,NA,4.791,0.016,108.435,-71.565
1000,6,31,468.182,766.667,20100.648,2,89,179.967,139.924,NA,11.669,0.039,144.246,35.811
1001,6,32,468.182,766.667,20400.658,2,245,179.967,139.924,NA,0,0,0,-144.246
1002,6,33,468.182,765.53,20700.668,2,255,181.104,139.417,NA,1.136,0.004,-90,-90
1003,6,34,471.212,763.636,21000.677,2,255,184.677,135.862,NA,3.573,0.012,-32.005,57.995
1004,6,35,475.758,763.636,21300.687,2,247,189.223,131.796,NA,4.545,0.015,0,32.005
1005,6,36,482.955,763.636,21600.697,2,255,196.42,125.427,NA,7.197,0.024,0,0
1006,6,37,488.636,763.636,21900.706,2,156,202.101,120.464,NA,5.682,0.019,0,0
1007,6,38,488.636,763.636,22200.716,2,152,202.101,120.464,NA,0,0,0,0
1008,6,39,495.455,762.879,22500.726,2,148,208.962,114.203,NA,6.86,0.023,-6.34,-6.34
1009,6,40,495.455,762.879,22800.735,2,191,208.962,114.203,NA,0,0,0,6.34
1010,6,41,495.455,771.212,23100.745,2,255,217.295,118.729,NA,8.333,0.028,90,90
1011,6,42,487.5,771.212,23400.755,2,226,225.249,125.358,NA,7.955,0.027,180,90
1012,6,43,472.727,771.212,23700.764,2,215,240.022,138.041,NA,14.773,0.049,180,0
1013,6,44,464.394,770.076,24000.774,2,180,248.433,144.846,NA,8.41,0.028,-172.235,7.765
1014,6,45,472.727,780.303,24300.784,2,255,261.625,142.702,NA,13.192,0.044,50.826,-136.939
1015,6,46,475.758,780.303,24600.793,2,202,264.655,140.154,NA,3.03,0.01,0,-50.826
1016,6,47,479.545,780.303,24900.803,2,209,268.443,136.996,NA,3.788,0.013,0,0
1017,6,48,474.621,777.273,25200.813,2,255,274.225,139.487,NA,5.782,0.019,-148.392,-148.392
1018,6,49,471.97,777.273,25500.822,2,255,276.877,141.748,NA,2.652,0.009,180,-31.608
1019,6,50,471.97,772.727,25800.832,2,198,281.422,139.445,NA,4.545,0.015,-90,90
1020,6,51,471.591,774.621,26100.842,2,155,283.354,140.719,NA,1.931,0.006,101.31,-168.69
1021,6,52,464.015,774.621,26400.851,2,122,290.929,147.314,NA,7.576,0.025,180,78.69
1022,6,53,453.409,774.621,26700.861,2,206,301.535,156.696,NA,10.606,0.035,180,0
1023,6,54,443.939,774.242,27000.871,2,212,311.013,165.037,NA,9.477,0.032,-177.709,2.291
1024,6,55,434.848,762.5,27300.88,2,159,325.863,168.868,NA,14.85,0.049,-127.747,49.963
1025,6,56,428.03,758.333,27600.89,2,211,333.853,173.926,NA,7.991,0.027,-148.57,-20.824
1026,6,57,428.03,757.197,27900.9,2,205,334.99,173.573,NA,1.136,0.004,-90,58.57
1027,6,58,428.03,765.53,28200.909,2,127,343.323,176.315,NA,8.333,0.028,90,180
1028,6,59,428.03,757.197,28500.919,2,125,351.656,173.573,NA,8.333,0.028,-90,-180
1029,6,60,409.848,757.955,28800.929,2,194,369.854,191.168,NA,18.198,0.061,177.614,-92.386
1030,6,61,408.712,757.955,29100.938,2,239,370.99,192.258,NA,1.136,0.004,180,2.386
1031,6,62,408.712,757.955,29400.948,2,200,370.99,192.258,NA,0,0,0,-180
1032,6,63,409.091,754.167,29700.958,2,159,374.797,190.86,NA,3.807,0.013,-84.289,-84.289
1033,6,64,393.939,757.576,30000.967,2,103,390.328,206.375,NA,15.53,0.052,167.32,-108.391
1034,6,65,382.955,757.576,30300.977,2,218,401.312,216.999,NA,10.985,0.037,180,12.68
1035,6,66,382.955,757.576,30600.987,2,210,401.312,216.999,NA,0,0,0,-180
1036,6,67,361.364,759.47,30900.996,2,213,422.986,238.412,NA,21.674,0.072,174.987,174.987
1037,6,68,346.591,752.652,31201.006,2,238,439.256,251.386,NA,16.27,0.054,-155.225,29.788
1038,6,69,332.576,745.455,31501.016,2,77,455.011,263.916,NA,15.755,0.053,-152.819,2.406
1039,6,70,329.167,737.879,31801.025,2,208,463.319,266.207,NA,8.307,0.028,-114.228,38.591
1040,6,71,320.833,737.879,32101.035,2,220,471.652,274.474,NA,8.333,0.028,180,-65.772
1041,6,72,304.924,743.182,32401.045,2,158,488.422,290.937,NA,16.77,0.056,161.565,-18.435
1042,6,73,297.348,757.197,32701.054,2,155,504.354,300.616,NA,15.932,0.053,118.393,-43.172
1043,6,74,291.288,757.197,33001.064,2,192,510.414,306.582,NA,6.061,0.02,180,61.607
1044,6,75,285.985,773.864,33301.074,2,92,527.904,315.088,NA,17.49,0.058,107.65,-72.35
1045,6,76,285.985,773.864,33601.083,2,118,527.904,315.088,NA,0,0,0,-107.65
1046,6,77,288.258,787.5,33901.093,2,128,541.729,316.206,NA,13.824,0.046,80.538,80.538
1047,6,78,294.697,793.939,34201.103,2,153,550.835,311.802,NA,9.107,0.03,45,-35.538
1048,6,79,296.591,798.864,34501.113,2,156,556.111,311.457,NA,5.276,0.018,68.962,23.962
1049,6,80,298.106,802.652,34801.122,2,248,560.191,311.197,NA,4.08,0.014,68.199,-0.764
1050,6,81,298.864,805.303,35101.132,2,255,562.948,311.333,NA,2.758,0.009,74.055,5.856
1051,6,82,298.864,809.47,35401.142,2,243,567.115,312.717,NA,4.167,0.014,90,15.945
1052,6,83,298.864,809.47,35701.151,2,239,567.115,312.717,NA,0,0,0,-90
1053,6,84,298.864,809.47,36001.161,2,255,567.115,312.717,NA,0,0,0,0
1054,6,85,297.348,814.015,36301.171,2,248,571.906,315.701,NA,4.791,0.016,108.435,108.435
1055,6,86,293.561,812.879,36601.18,2,243,575.861,318.863,NA,3.955,0.013,-163.301,88.264
1056,6,87,293.561,811.742,36901.19,2,255,576.997,318.476,NA,1.136,0.004,-90,73.301
1057,6,88,293.561,811.742,37201.2,2,243,576.997,318.476,NA,0,0,0,90
1058,6,89,293.561,811.742,37501.209,2,243,576.997,318.476,NA,0,0,0,0
1059,6,90,295.455,809.848,37801.219,2,255,579.676,316.054,NA,2.678,0.009,-45,-45
1060,6,91,297.348,810.985,38101.229,2,255,581.885,314.656,NA,2.209,0.007,30.964,75.964
1061,6,92,297.348,810.985,38401.238,2,219,581.885,314.656,NA,0,0,0,-30.964
1062,6,93,297.348,810.985,38701.248,2,221,581.885,314.656,NA,0,0,0,0
1063,6,94,297.348,810.985,39001.258,2,207,581.885,314.656,NA,0,0,0,0
1064,6,95,298.106,810.606,39301.267,2,201,582.732,313.815,NA,0.847,0.003,-26.565,-26.565
1065,6,96,298.106,810.606,39601.277,2,227,582.732,313.815,NA,0,0,0,26.565
1066,6,97,298.106,810.606,39901.287,2,240,582.732,313.815,NA,0,0,0,0
1067,6,98,298.106,810.985,40201.296,2,223,583.11,313.944,NA,0.379,0.001,90,90
1068,6,99,298.106,803.409,40501.306,2,245,590.686,311.439,NA,7.576,0.025,-90,-180
1069,6,100,298.106,796.212,40801.316,2,169,597.883,309.212,NA,7.197,0.024,-90,0
1070,6,101,295.833,795.455,41101.325,2,249,600.279,311.157,NA,2.396,0.008,-161.565,-71.565
1071,6,102,295.833,795.455,41401.335,2,211,600.279,311.157,NA,0,0,0,161.565
1072,6,103,289.015,794.318,41701.345,2,193,607.191,317.353,NA,6.912,0.023,-170.538,-170.538
1073,6,104,289.015,793.939,42001.354,2,255,607.57,317.245,NA,0.379,0.001,-90,80.538
1074,6,105,289.015,793.939,42301.364,2,80,607.57,317.245,NA,0,0,0,90
1075,6,106,299.621,793.939,42601.374,2,30,618.176,307.091,NA,10.606,0.035,0,0
1076,6,107,305.682,800,42901.383,2,95,626.747,303.172,NA,8.571,0.029,45,45
1077,6,108,305.303,806.818,43201.393,2,158,633.576,305.76,NA,6.829,0.023,93.18,48.18
1078,6,109,305.303,806.818,43501.403,2,149,633.576,305.76,NA,0,0,0,-93.18
1079,6,110,301.136,807.197,43801.412,2,203,637.759,309.813,NA,4.184,0.014,174.806,174.806
1080,6,111,301.136,815.53,44101.422,2,255,646.093,312.693,NA,8.333,0.028,90,-84.806
1081,6,112,300.758,815.53,44401.432,2,226,646.472,313.047,NA,0.379,0.001,180,90
1082,6,113,295.833,815.53,44701.441,2,255,651.396,317.652,NA,4.924,0.016,180,0
1083,6,114,289.394,820.455,45001.451,2,231,659.502,325.42,NA,8.106,0.027,142.595,-37.405
1084,6,115,289.015,823.485,45301.461,2,181,662.556,326.871,NA,3.054,0.01,97.125,-45.47
1085,6,116,289.015,823.485,45601.47,2,135,662.556,326.871,NA,0,0,0,-97.125
1086,6,117,284.47,821.212,45901.48,2,242,667.638,330.29,NA,5.082,0.017,-153.435,-153.435
1087,6,118,294.697,814.394,46201.49,2,182,679.93,318.319,NA,12.292,0.041,-33.69,119.745
1088,6,119,294.697,806.439,46501.499,2,84,687.884,315.643,NA,7.955,0.027,-90,-56.31
1089,6,120,292.424,806.439,46801.509,2,138,690.157,317.793,NA,2.273,0.008,180,-90
1090,6,121,289.394,800.758,47101.519,2,127,696.596,318.889,NA,6.439,0.021,-118.072,61.928
1091,6,122,289.394,800.758,47401.529,2,110,696.596,318.889,NA,0,0,0,118.072
1092,6,123,293.182,800.379,47701.538,2,144,700.403,315.166,NA,3.807,0.013,-5.711,-5.711
1093,6,124,296.212,809.848,48001.548,2,213,710.346,315.341,NA,9.943,0.033,72.255,77.966
1094,6,125,292.803,809.848,48301.558,2,135,713.755,318.553,NA,3.409,0.011,180,107.745
1095,6,126,300,810.606,48601.567,2,159,720.992,312.035,NA,7.237,0.024,6.009,-173.991
1096,6,127,300,812.121,48901.577,2,255,722.507,312.557,NA,1.515,0.005,90,83.991
1097,6,128,296.97,825.379,49201.587,2,203,736.106,320.197,NA,13.599,0.045,102.875,12.875
1098,6,129,296.97,813.258,49501.596,2,255,748.228,315.793,NA,12.121,0.04,-90,167.125
1099,6,130,287.5,809.848,49801.606,2,75,758.292,323.559,NA,10.065,0.034,-160.201,-70.201
1100,6,131,287.5,791.288,50101.616,2,128,776.853,317.959,NA,18.561,0.062,-90,70.201
1101,6,132,285.227,786.364,50401.625,2,126,782.276,318.833,NA,5.423,0.018,-114.775,-24.775
1102,6,133,293.561,791.667,50701.635,2,157,792.154,312.243,NA,9.878,0.033,32.471,147.246
1103,6,134,292.424,797.727,51001.645,2,97,798.32,315.087,NA,6.166,0.021,100.62,68.148
1104,6,135,287.5,791.667,51301.654,2,174,806.129,318.063,NA,7.809,0.026,-129.094,130.286
1105,6,136,286.742,791.667,51601.664,2,212,806.886,318.791,NA,0.758,0.003,180,-50.906
1106,6,137,286.742,791.667,51901.674,2,149,806.886,318.791,NA,0,0,0,-180
1107,6,138,286.742,797.348,52201.683,2,174,812.568,320.404,NA,5.682,0.019,90,90
1108,6,139,291.288,795.833,52501.693,2,225,817.36,315.614,NA,4.791,0.016,-18.435,-108.435
1109,6,140,291.288,795.833,52801.703,2,223,817.36,315.614,NA,0,0,0,18.435
1110,6,141,290.152,797.348,53101.712,2,165,819.254,317.145,NA,1.894,0.006,126.87,126.87
1111,6,142,284.47,797.348,53401.722,2,200,824.935,322.578,NA,5.682,0.019,180,53.13
1112,6,143,279.924,799.621,53701.732,2,118,830.017,327.589,NA,5.082,0.017,153.435,-26.565
1113,6,144,279.167,804.924,54001.741,2,133,835.374,329.9,NA,5.357,0.018,98.13,-55.305
1114,6,145,279.167,804.924,54301.751,2,154,835.374,329.9,NA,0,0,0,-98.13
1115,6,146,279.167,804.924,54601.761,2,160,835.374,329.9,NA,0,0,0,0
1116,6,147,279.167,804.924,54901.77,2,157,835.374,329.9,NA,0,0,0,0
1117,6,148,274.242,804.924,55201.78,2,120,840.298,334.591,NA,4.924,0.016,180,180
1118,6,149,274.242,804.924,55501.79,2,175,840.298,334.591,NA,0,0,0,-180
1119,6,150,274.242,804.924,55801.799,2,176,840.298,334.591,NA,0,0,0,0
1120,6,151,268.561,804.924,56101.809,2,172,845.98,340.011,NA,5.682,0.019,180,180
1121,6,152,255.682,804.924,56401.819,2,120,858.859,352.328,NA,12.879,0.043,180,0
1122,6,153,246.97,809.091,56701.828,2,121,868.516,361.872,NA,9.657,0.032,154.44,-25.56
1123,6,154,233.333,812.5,57001.838,2,104,882.572,375.911,NA,14.056,0.047,165.964,11.524
1124,6,155,216.288,813.636,57301.848,2,232,899.656,392.576,NA,17.083,0.057,176.186,10.222
1125,6,156,206.818,812.879,57601.857,2,180,909.156,401.469,NA,9.5,0.032,-175.426,8.388
1126,6,157,203.409,812.879,57901.867,2,255,912.565,404.751,NA,3.409,0.011,180,-4.574
1127,6,158,203.409,817.803,58201.877,2,255,917.489,406.106,NA,4.924,0.016,90,-90
1128,6,159,198.485,818.561,58501.886,2,174,922.471,411.046,NA,4.982,0.017,171.254,81.254
1129,6,160,198.485,818.561,58801.896,2,193,922.471,411.046,NA,0,0,0,-171.254
1130,6,161,198.485,818.561,59101.906,2,171,922.471,411.046,NA,0,0,0,0
1131,6,162,198.485,818.561,59401.915,2,174,922.471,411.046,NA,0,0,0,0
1132,6,163,198.485,825.379,59701.925,2,65,929.289,413.001,NA,6.818,0.023,90,90
1133,6,164,198.485,825.379,60001.935,2,134,929.289,413.001,NA,0,0,0,-90
1134,6,165,195.455,825.379,60301.944,2,136,932.32,415.898,NA,3.03,0.01,180,180
1135,6,166,195.455,825.379,60601.954,2,188,932.32,415.898,NA,0,0,0,-180
1136,6,167,195.455,825.379,60901.964,2,150,932.32,415.898,NA,0,0,0,0
1137,6,168,195.455,825.379,61201.974,2,107,932.32,415.898,NA,0,0,0,0
1138,6,169,195.455,825.379,61501.983,2,197,932.32,415.898,NA,0,0,0,0
1139,6,170,195.455,825.379,61801.993,2,180,932.32,415.898,NA,0,0,0,0
1140,6,171,195.455,825.379,62102.003,2,230,932.32,415.898,NA,0,0,0,0
1141,6,172,195.455,827.652,62402.012,2,241,934.592,416.568,NA,2.273,0.008,90,90
1142,6,173,195.455,827.652,62702.022,2,185,934.592,416.568,NA,0,0,0,-90
1143,6,174,192.424,827.652,63002.032,2,195,937.623,419.463,NA,3.03,0.01,180,180
1144,6,175,190.152,827.652,63302.041,2,185,939.895,421.634,NA,2.273,0.008,180,0
1145,6,176,190.152,829.167,63602.051,2,126,941.411,422.082,NA,1.515,0.005,90,-90
1146,6,177,190.152,829.167,63902.061,2,179,941.411,422.082,NA,0,0,0,-90
1147,6,178,190.152,842.803,64202.07,2,162,955.047,426.332,NA,13.636,0.045,90,90
1148,6,179,182.576,846.212,64502.08,2,125,963.354,434.606,NA,8.307,0.028,155.772,65.772
1149,6,180,182.576,846.212,64802.09,2,139,963.354,434.606,NA,0,0,0,-155.772
1150,6,181,178.788,856.439,65102.099,2,113,974.261,441.616,NA,10.906,0.036,110.323,110.323
1151,6,182,173.106,856.439,65402.109,2,216,979.942,446.952,NA,5.682,0.019,180,69.677
1152,6,183,173.106,856.439,65702.119,2,172,979.942,446.952,NA,0,0,0,-180
1153,6,184,155.682,867.424,66002.128,2,129,1000.54,467.101,NA,20.598,0.069,147.771,147.771
1154,6,185,152.652,871.97,66302.138,2,154,1006.003,471.542,NA,5.463,0.018,123.69,-24.081
1155,6,186,145.076,879.924,66602.148,2,108,1016.988,481.48,NA,10.985,0.037,133.603,9.913
1156,6,187,135.606,884.47,66902.157,2,92,1027.492,491.957,NA,10.504,0.035,154.359,20.756
1157,6,188,131.061,884.091,67202.167,2,110,1032.053,496.05,NA,4.561,0.015,-175.236,30.405
1158,6,189,131.061,884.091,67502.177,2,64,1032.053,496.05,NA,0,0,0,175.236
1159,6,190,131.061,884.091,67802.186,2,114,1032.053,496.05,NA,0,0,0,0
1160,6,191,131.061,884.091,68102.196,2,109,1032.053,496.05,NA,0,0,0,0
1161,6,192,131.061,884.091,68402.206,2,53,1032.053,496.05,NA,0,0,0,0
1162,6,193,128.409,887.879,68702.215,2,127,1036.677,499.903,NA,4.624,0.015,124.992,124.992
1163,6,194,128.409,887.879,69002.225,2,144,1036.677,499.903,NA,0,0,0,-124.992
1164,6,195,117.424,887.5,69302.235,2,45,1047.668,509.996,NA,10.991,0.037,-178.025,-178.025
1165,6,196,110.985,883.712,69602.244,2,174,1055.139,514.671,NA,7.471,0.025,-149.534,28.491
1166,6,197,106.439,875.379,69902.254,2,67,1064.632,516.102,NA,9.492,0.032,-118.61,30.924
1167,6,198,101.894,871.591,70202.264,2,118,1070.549,519.155,NA,5.917,0.02,-140.194,-21.584
1168,6,199,97.348,870.076,70502.273,2,83,1075.34,522.975,NA,4.791,0.016,-161.565,-21.371
1169,6,200,89.394,860.606,70802.283,2,169,1087.707,527.631,NA,12.367,0.041,-130.03,31.535
1170,6,201,81.061,851.136,71102.293,2,82,1100.321,532.897,NA,12.614,0.042,-131.348,-1.318
1171,6,202,77.652,842.803,71402.302,2,100,1109.325,533.944,NA,9.004,0.03,-112.249,19.099
1172,6,203,75,836.364,71702.312,2,85,1116.289,534.873,NA,6.964,0.023,-112.38,-0.131
1173,6,205,73.106,835.227,72002.322,2,121,1118.498,536.428,NA,2.209,0.007,-149.036,-36.656
1174,7,1,539.141,855.808,4800.155,2,31,0,0,NA,NA,NA,NA,NA
1175,7,2,539.141,855.303,5100.164,2,26,0.505,0.505,NA,0.505,0.002,-90,NA
1176,7,3,538.131,858.838,5400.174,2,77,4.182,3.194,NA,3.677,0.012,105.945,-164.055
1177,7,4,537.121,858.838,5700.184,2,72,5.192,3.642,NA,1.01,0.003,180,74.055
1178,7,5,536.616,858.838,6000.193,2,95,5.697,3.945,NA,0.505,0.002,180,0
1179,7,6,531.566,858.838,6300.203,2,79,10.748,8.159,NA,5.051,0.017,180,0
1180,7,7,531.566,856.313,6600.213,2,56,13.273,7.593,NA,2.525,0.008,-90,90
1181,7,8,536.616,855.303,6900.223,2,37,18.423,2.575,NA,5.151,0.017,-11.31,78.69
1182,7,9,536.111,852.273,7200.232,2,67,21.495,4.656,NA,3.072,0.01,-99.462,-88.152
1183,7,10,533.586,852.273,7500.242,2,59,24.021,6.585,NA,2.525,0.008,180,-80.538
1184,7,11,533.586,852.273,7800.252,2,71,24.021,6.585,NA,0,0,0,-180
1185,7,12,527.02,850.253,8100.261,2,77,30.89,13.334,NA,6.869,0.023,-162.897,-162.897
1186,7,13,527.02,849.242,8400.271,2,134,31.9,13.785,NA,1.01,0.003,-90,72.897
1187,7,14,521.97,849.242,8700.281,2,139,36.951,18.384,NA,5.051,0.017,180,-90
1188,7,15,518.939,851.768,9000.29,2,164,40.895,20.602,NA,3.945,0.013,140.194,-39.806
1189,7,16,513.889,851.768,9300.3,2,92,45.946,25.574,NA,5.051,0.017,180,39.806
1190,7,17,513.889,859.343,9600.31,2,161,53.522,25.499,NA,7.576,0.025,90,-90
1191,7,18,507.323,859.343,9900.319,2,192,60.087,32.014,NA,6.566,0.022,180,90
1192,7,19,507.323,859.343,10200.329,2,194,60.087,32.014,NA,0,0,0,-180
1193,7,20,501.768,857.323,10500.339,2,161,65.999,37.404,NA,5.911,0.02,-160.017,-160.017
1194,7,21,500.253,856.818,10800.348,2,221,67.596,38.902,NA,1.597,0.005,-161.565,-1.548
1195,7,22,500.253,853.283,11100.358,2,149,71.131,38.971,NA,3.535,0.012,-90,71.565
1196,7,23,501.768,853.283,11400.368,2,252,72.646,37.459,NA,1.515,0.005,0,90
1197,7,24,501.768,853.283,11700.377,2,233,72.646,37.459,NA,0,0,0,0
1198,7,25,499.747,853.283,12000.387,2,255,74.666,39.475,NA,2.02,0.007,180,180
1199,7,26,498.232,853.283,12300.397,2,255,76.182,40.987,NA,1.515,0.005,180,0
1200,7,27,498.232,853.283,12600.406,2,255,76.182,40.987,NA,0,0,0,-180
1201,7,28,492.172,853.283,12900.416,2,255,82.242,47.038,NA,6.061,0.02,180,180
1202,7,29,492.172,853.283,13200.426,2,251,82.242,47.038,NA,0,0,0,-180
1203,7,30,492.172,852.778,13500.435,2,255,82.747,47.067,NA,0.505,0.002,-90,-90
1204,7,31,492.172,852.778,13800.445,2,255,82.747,47.067,NA,0,0,0,90
1205,7,32,492.172,852.778,14100.455,2,255,82.747,47.067,NA,0,0,0,0
1206,7,33,491.162,852.778,14400.464,2,255,83.757,48.075,NA,1.01,0.003,180,180
1207,7,34,485.101,852.778,14700.474,2,255,89.818,54.125,NA,6.061,0.02,180,0
1208,7,35,479.04,852.778,15000.484,2,255,95.879,60.177,NA,6.061,0.02,180,0
1209,7,36,479.04,852.778,15300.493,2,255,95.879,60.177,NA,0,0,0,-180
1210,7,37,479.04,851.263,15600.503,2,255,97.394,60.273,NA,1.515,0.005,-90,-90
1211,7,38,479.04,851.263,15900.513,2,255,97.394,60.273,NA,0,0,0,90
1212,7,39,479.04,851.263,16200.522,2,255,97.394,60.273,NA,0,0,0,0
1213,7,40,479.04,851.263,16500.532,2,255,97.394,60.273,NA,0,0,0,0
1214,7,41,474.495,851.263,16800.542,2,255,101.939,64.806,NA,4.545,0.015,180,180
1215,7,42,474.495,851.768,17100.551,2,255,102.444,64.773,NA,0.505,0.002,90,-90
1216,7,43,475,855.808,17400.561,2,255,106.516,64.141,NA,4.072,0.014,82.875,-7.125
1217,7,44,479.04,856.313,17700.571,2,255,110.588,60.103,NA,4.072,0.014,7.125,-75.75
1218,7,45,479.04,862.374,18000.58,2,255,116.649,60.459,NA,6.061,0.02,90,82.875
1219,7,46,479.04,862.374,18300.59,2,255,116.649,60.459,NA,0,0,0,-90
1220,7,47,479.04,862.374,18600.6,2,255,116.649,60.459,NA,0,0,0,0
1221,7,48,473.99,860.354,18900.609,2,255,122.088,65.31,NA,5.44,0.018,-158.199,-158.199
1222,7,49,471.97,860.354,19200.619,2,255,124.108,67.325,NA,2.02,0.007,180,-21.801
1223,7,50,471.97,860.354,19500.629,2,255,124.108,67.325,NA,0,0,0,-180
1224,7,51,471.97,863.384,19800.638,2,255,127.139,67.598,NA,3.03,0.01,90,90
1225,7,52,471.97,865.909,20100.648,2,255,129.664,67.927,NA,2.525,0.008,90,0
1226,7,53,468.939,867.424,20400.658,2,255,133.052,71.157,NA,3.388,0.011,153.435,63.435
1227,7,54,464.394,869.444,20700.668,2,255,138.026,75.981,NA,4.974,0.017,156.038,2.603
1228,7,55,464.394,869.444,21000.677,2,255,138.026,75.981,NA,0,0,0,-156.038
1229,7,56,464.394,872.98,21300.687,2,255,141.561,76.695,NA,3.535,0.012,90,90
1230,7,57,466.414,878.535,21600.697,2,255,147.473,76.196,NA,5.911,0.02,70.017,-19.983
1231,7,58,466.414,889.141,21900.706,2,255,158.079,80.002,NA,10.606,0.035,90,19.983
1232,7,59,465.909,889.141,22200.716,2,255,158.584,80.462,NA,0.505,0.002,180,90
1233,7,60,465.909,893.687,22500.726,2,255,163.129,82.449,NA,4.545,0.015,90,-90
1234,7,61,465.909,893.687,22800.735,2,253,163.129,82.449,NA,0,0,0,-90
1235,7,62,463.384,894.697,23100.745,2,255,165.849,85.156,NA,2.72,0.009,158.199,158.199
1236,7,63,462.879,900.253,23400.755,2,255,171.428,88.268,NA,5.578,0.019,95.194,-63.004
1237,7,64,456.818,897.222,23700.764,2,255,178.204,92.153,NA,6.776,0.023,-153.435,111.371
1238,7,65,456.818,897.222,24000.774,2,255,178.204,92.153,NA,0,0,0,153.435
1239,7,66,456.818,897.222,24300.784,2,255,178.204,92.153,NA,0,0,0,0
1240,7,67,456.818,897.222,24600.793,2,255,178.204,92.153,NA,0,0,0,0
1241,7,68,456.818,897.222,24900.803,2,255,178.204,92.153,NA,0,0,0,0
1242,7,69,454.924,895.455,25200.813,2,255,180.794,93.083,NA,2.591,0.009,-136.975,-136.975
1243,7,70,452.652,895.455,25500.822,2,255,183.067,95.144,NA,2.273,0.008,180,-43.025
1244,7,71,454.545,894.697,25800.832,2,255,185.107,93.107,NA,2.04,0.007,-21.801,158.199
1245,7,72,454.545,893.182,26100.842,2,255,186.622,92.484,NA,1.515,0.005,-90,-68.199
1246,7,73,454.545,893.182,26400.851,2,255,186.622,92.484,NA,0,0,0,90
1247,7,74,454.545,893.182,26700.861,2,255,186.622,92.484,NA,0,0,0,0
1248,7,75,454.545,893.182,27000.871,2,255,186.622,92.484,NA,0,0,0,0
1249,7,76,454.545,893.182,27300.88,2,255,186.622,92.484,NA,0,0,0,0
1250,7,77,456.439,893.182,27600.89,2,255,188.516,90.755,NA,1.894,0.006,0,0
1251,7,78,456.439,892.803,27900.9,2,255,188.895,90.599,NA,0.379,0.001,-90,-90
1252,7,79,456.439,892.803,28200.909,2,255,188.895,90.599,NA,0,0,0,90
1253,7,80,454.545,892.045,28500.919,2,255,190.935,92.031,NA,2.04,0.007,-158.199,-158.199
1254,7,81,454.545,892.045,28800.929,2,224,190.935,92.031,NA,0,0,0,158.199
1255,7,82,454.545,892.045,29100.938,2,240,190.935,92.031,NA,0,0,0,0
1256,7,83,454.545,893.561,29400.948,2,255,192.45,92.638,NA,1.515,0.005,90,90
1257,7,84,455.682,894.318,29700.958,2,255,193.815,91.916,NA,1.366,0.005,33.69,-56.31
1258,7,85,456.061,896.97,30000.967,2,255,196.494,92.718,NA,2.678,0.009,81.87,48.18
1259,7,86,456.061,900,30300.977,2,255,199.524,94.103,NA,3.03,0.01,90,8.13
1260,7,87,460.227,900,30600.987,2,255,203.691,90.445,NA,4.167,0.014,0,-90
1261,7,88,459.47,900.758,30900.996,2,255,204.762,91.477,NA,1.071,0.004,135,135
1262,7,89,459.47,900.758,31201.006,2,255,204.762,91.477,NA,0,0,0,-135
1263,7,90,459.47,900.758,31501.016,2,255,204.762,91.477,NA,0,0,0,0
1264,7,91,459.47,900.758,31801.025,2,255,204.762,91.477,NA,0,0,0,0
1265,7,92,459.47,900.758,32101.035,2,255,204.762,91.477,NA,0,0,0,0
1266,7,93,459.47,900.758,32401.045,2,255,204.762,91.477,NA,0,0,0,0
1267,7,94,459.47,899.621,32701.054,2,255,205.899,90.924,NA,1.136,0.004,-90,-90
1268,7,95,456.061,899.621,33001.064,2,255,209.308,93.926,NA,3.409,0.011,180,-90
1269,7,96,456.061,898.864,33301.074,2,255,210.065,93.575,NA,0.758,0.003,-90,90
1270,7,97,456.061,896.97,33601.083,2,255,211.959,92.718,NA,1.894,0.006,-90,0
1271,7,98,456.061,896.212,33901.093,2,255,212.717,92.385,NA,0.758,0.003,-90,0
1272,7,99,456.061,896.212,34201.103,2,255,212.717,92.385,NA,0,0,0,90
1273,7,100,456.061,896.212,34501.113,2,255,212.717,92.385,NA,0,0,0,0
1274,7,101,456.061,896.212,34801.122,2,255,212.717,92.385,NA,0,0,0,0
1275,7,102,451.136,896.212,35101.132,2,255,217.641,96.837,NA,4.924,0.016,180,180
1276,7,103,449.621,891.667,35401.142,2,255,222.432,96.435,NA,4.791,0.016,-108.435,71.565
1277,7,104,449.621,891.667,35701.151,2,255,222.432,96.435,NA,0,0,0,108.435
1278,7,105,449.621,891.667,36001.161,2,255,222.432,96.435,NA,0,0,0,0
1279,7,106,449.621,891.667,36301.171,2,255,222.432,96.435,NA,0,0,0,0
1280,7,107,446.591,891.667,36601.18,2,255,225.463,99.254,NA,3.03,0.01,180,180
1281,7,108,446.591,891.667,36901.19,2,255,225.463,99.254,NA,0,0,0,-180
1282,7,109,445.076,894.318,37201.2,2,255,228.517,101.643,NA,3.054,0.01,119.745,119.745
1283,7,110,445.076,894.318,37501.209,2,255,228.517,101.643,NA,0,0,0,-119.745
1284,7,111,445.076,894.318,37801.219,2,255,228.517,101.643,NA,0,0,0,0
1285,7,112,445.076,894.318,38101.229,2,255,228.517,101.643,NA,0,0,0,0
1286,7,113,432.955,898.864,38401.238,2,255,241.462,114.584,NA,12.945,0.043,159.444,159.444
1287,7,114,430.303,898.864,38701.248,2,255,244.114,117.045,NA,2.652,0.009,180,20.556
1288,7,115,429.924,895.833,39001.258,2,255,247.167,116.32,NA,3.054,0.01,-97.125,82.875
1289,7,116,424.621,895.833,39301.267,2,255,252.47,121.313,NA,5.303,0.018,180,-82.875
1290,7,117,424.621,892.424,39601.277,2,230,255.88,120.232,NA,3.409,0.011,-90,90
1291,7,118,424.621,892.424,39901.287,2,255,255.88,120.232,NA,0,0,0,90
1292,7,119,420.833,892.424,40201.296,2,255,259.667,123.845,NA,3.788,0.013,180,180
1293,7,120,420.455,901.136,40501.306,2,255,268.388,127.048,NA,8.72,0.029,92.49,-87.51
1294,7,121,420.455,897.348,40801.316,2,255,272.176,125.746,NA,3.788,0.013,-90,177.51
1295,7,122,415.909,891.667,41101.325,2,255,279.452,128.343,NA,7.276,0.024,-128.66,-38.66
1296,7,123,415.909,884.848,41401.335,2,255,286.27,126.608,NA,6.818,0.023,-90,38.66
1297,7,124,415.909,884.848,41701.345,2,255,286.27,126.608,NA,0,0,0,90
1298,7,125,409.47,879.924,42001.354,2,255,294.377,131.895,NA,8.106,0.027,-142.595,-142.595
1299,7,126,409.848,879.545,42301.364,2,255,294.912,131.454,NA,0.536,0.002,-45,97.595
1300,7,127,416.288,879.167,42601.374,2,255,301.363,125.054,NA,6.451,0.022,-3.366,41.634
1301,7,128,418.561,879.167,42901.383,2,255,303.635,122.822,NA,2.273,0.008,0,3.366
1302,7,129,418.561,875.379,43201.393,2,255,307.423,122.159,NA,3.788,0.013,-90,-90
1303,7,130,418.561,871.591,43501.403,2,255,311.211,121.609,NA,3.788,0.013,-90,0
1304,7,131,418.561,871.591,43801.412,2,255,311.211,121.609,NA,0,0,0,90
1305,7,132,415.152,878.03,44101.422,2,255,318.497,125.966,NA,7.286,0.024,117.897,117.897
1306,7,133,415.152,878.03,44401.432,2,255,318.497,125.966,NA,0,0,0,-117.897
1307,7,134,415.152,878.03,44701.441,2,255,318.497,125.966,NA,0,0,0,0
1308,7,135,407.955,886.364,45001.451,2,255,329.508,134.698,NA,11.011,0.037,130.815,130.815
1309,7,136,407.955,886.364,45301.461,2,255,329.508,134.698,NA,0,0,0,-130.815
1310,7,137,407.955,886.364,45601.47,2,255,329.508,134.698,NA,0,0,0,0
1311,7,138,403.409,893.561,45901.48,2,255,338.02,140.885,NA,8.512,0.028,122.276,122.276
1312,7,139,394.318,903.03,46201.49,2,255,351.148,152.328,NA,13.127,0.044,133.831,11.555
1313,7,140,393.561,903.03,46501.499,2,240,351.905,153.048,NA,0.758,0.003,180,46.169
1314,7,141,391.667,903.03,46801.509,2,255,353.799,154.851,NA,1.894,0.006,180,0
1315,7,142,389.015,903.03,47101.519,2,255,356.451,157.378,NA,2.652,0.009,180,0
1316,7,143,389.015,903.03,47401.529,2,255,356.451,157.378,NA,0,0,0,-180
1317,7,144,389.015,903.03,47701.538,2,255,356.451,157.378,NA,0,0,0,0
1318,7,145,382.955,913.258,48001.548,2,255,368.339,166.417,NA,11.888,0.04,120.651,120.651
1319,7,146,382.955,915.53,48301.558,2,255,370.611,167.216,NA,2.273,0.008,90,-30.651
1320,7,147,381.061,913.636,48601.567,2,255,373.29,168.326,NA,2.678,0.009,-135,135
1321,7,148,381.061,913.636,48901.577,2,255,373.29,168.326,NA,0,0,0,135
1322,7,149,375,921.97,49201.587,2,255,383.594,176.974,NA,10.304,0.034,126.027,126.027
1323,7,150,373.864,925.379,49501.596,2,255,387.188,179.323,NA,3.593,0.012,108.435,-17.592
1324,7,151,367.424,935.985,49801.606,2,255,399.595,189.513,NA,12.408,0.041,121.264,12.829
1325,7,152,346.591,945.455,50101.616,2,255,422.48,212.396,NA,22.885,0.076,155.556,34.292
1326,7,153,340.53,946.97,50401.625,2,255,428.727,218.533,NA,6.247,0.021,165.964,10.408
1327,7,154,324.621,946.97,50701.635,2,255,444.636,233.087,NA,15.909,0.053,180,14.036
1328,7,155,309.848,954.167,51001.645,2,255,461.069,249.499,NA,16.433,0.055,154.026,-25.974
1329,7,156,298.106,956.818,51301.654,2,255,473.107,261.345,NA,12.038,0.04,167.276,13.25
1330,7,157,285.985,960.227,51601.664,2,255,485.698,273.846,NA,12.591,0.042,164.291,-2.984
1331,7,158,271.591,950.379,51901.674,2,255,503.139,283.773,NA,17.441,0.058,-145.62,50.089
1332,7,159,259.091,946.591,52201.683,2,255,516.2,294.397,NA,13.061,0.044,-163.142,-17.522
1333,7,160,242.424,934.091,52501.693,2,255,537.034,306.87,NA,20.833,0.069,-143.13,20.011
1334,7,161,235.985,929.545,52801.703,2,255,544.916,311.995,NA,7.882,0.026,-144.782,-1.652
1335,7,162,222.727,928.788,53101.712,2,255,558.195,324.721,NA,13.279,0.044,-176.73,-31.947
1336,7,163,210.227,933.712,53401.722,2,255,571.63,338.014,NA,13.435,0.045,158.499,-24.772
1337,7,164,208.333,954.167,53701.732,2,183,592.172,345.121,NA,20.542,0.068,95.29,-63.208
1338,7,165,198.106,987.879,54001.741,2,122,627.401,365.715,NA,35.229,0.117,106.876,11.586
1339,7,166,176.894,1000.379,54301.751,2,169,652.022,390.031,NA,24.621,0.082,149.49,42.613
1340,7,167,155.682,1004.924,54601.761,2,255,673.716,411.433,NA,21.694,0.072,167.905,18.415
1341,7,168,155.682,1004.924,54901.77,2,255,673.716,411.433,NA,0,0,0,-167.905
1342,7,169,146.97,1018.561,55201.78,2,181,689.898,424.602,NA,16.182,0.054,122.574,122.574
1343,7,170,135.227,1018.561,55501.79,2,255,701.64,435.471,NA,11.742,0.039,180,57.426
1344,7,171,127.273,1018.561,55801.799,2,255,709.595,442.859,NA,7.955,0.027,180,0
1345,8,1,1020.455,815.404,15600.503,2,33,0,0,NA,NA,NA,NA,NA
1346,8,2,1022.98,817.929,15900.513,2,37,3.571,3.571,NA,3.571,0.012,45,NA
1347,8,3,1022.98,817.929,16200.522,2,57,3.571,3.571,NA,0,0,0,-45
1348,8,4,1022.98,817.929,16500.532,2,39,3.571,3.571,NA,0,0,0,0
1349,8,5,1022.98,817.929,16800.542,2,47,3.571,3.571,NA,0,0,0,0
1350,8,6,1027.525,817.929,17100.551,2,65,8.117,7.508,NA,4.545,0.015,0,0
1351,8,7,1027.525,817.929,17400.561,2,82,8.117,7.508,NA,0,0,0,0
1352,8,8,1027.525,822.475,17700.571,2,49,12.662,9.999,NA,4.545,0.015,90,90
1353,8,9,1027.525,824.495,18000.58,2,110,14.682,11.517,NA,2.02,0.007,90,0
1354,8,10,1027.525,824.495,18300.59,2,69,14.682,11.517,NA,0,0,0,-90
1355,8,11,1027.525,829.04,18600.6,2,161,19.228,15.361,NA,4.545,0.015,90,90
1356,8,12,1027.525,830.556,18900.609,2,98,20.743,16.72,NA,1.515,0.005,90,0
1357,8,13,1027.525,830.556,19200.619,2,99,20.743,16.72,NA,0,0,0,-90
1358,8,14,1032.071,831.566,19500.629,2,211,25.399,19.903,NA,4.656,0.016,12.529,12.529
1359,8,15,1032.576,835.606,19800.638,2,111,29.471,23.559,NA,4.072,0.014,82.875,70.346
1360,8,16,1032.576,835.606,20100.648,2,128,29.471,23.559,NA,0,0,0,-82.875
1361,8,17,1036.616,834.596,20400.658,2,193,33.636,25.09,NA,4.165,0.014,-14.036,-14.036
1362,8,18,1036.616,834.596,20700.668,2,255,33.636,25.09,NA,0,0,0,14.036
1363,8,19,1036.616,834.596,21000.677,2,255,33.636,25.09,NA,0,0,0,0
1364,8,20,1036.616,834.596,21300.687,2,237,33.636,25.09,NA,0,0,0,0
1365,8,21,1036.616,834.596,21600.697,2,177,33.636,25.09,NA,0,0,0,0
1366,8,22,1039.141,837.121,21900.706,2,108,37.207,28.65,NA,3.571,0.012,45,45
1367,8,23,1045.707,845.707,22200.716,2,225,48.016,39.446,NA,10.809,0.036,52.595,7.595
1368,8,24,1045.707,845.707,22500.726,2,253,48.016,39.446,NA,0,0,0,-52.595
1369,8,25,1045.707,845.707,22800.735,2,155,48.016,39.446,NA,0,0,0,0
1370,8,26,1046.212,849.242,23100.745,2,171,51.587,42.526,NA,3.571,0.012,81.87,81.87
1371,8,27,1046.212,849.242,23400.755,2,169,51.587,42.526,NA,0,0,0,-81.87
1372,8,28,1046.212,849.242,23700.764,2,106,51.587,42.526,NA,0,0,0,0
1373,8,29,1046.212,853.283,24000.774,2,106,55.627,45.807,NA,4.04,0.013,90,90
1374,8,30,1046.212,853.283,24300.784,2,114,55.627,45.807,NA,0,0,0,-90
1375,8,31,1050.758,858.333,24600.793,2,118,62.422,52.547,NA,6.795,0.023,48.013,48.013
1376,8,32,1050.758,858.333,24900.803,2,130,62.422,52.547,NA,0,0,0,-48.013
1377,8,33,1053.788,864.899,25200.813,2,219,69.653,59.673,NA,7.231,0.024,65.225,65.225
1378,8,34,1053.788,864.899,25500.822,2,174,69.653,59.673,NA,0,0,0,-65.225
1379,8,35,1054.798,861.869,25800.832,2,211,72.848,57.779,NA,3.194,0.011,-71.565,-71.565
1380,8,36,1057.828,859.848,26100.842,2,153,76.49,58.07,NA,3.642,0.012,-33.69,37.875
1381,8,37,1062.374,855.303,26400.851,2,160,82.918,57.872,NA,6.428,0.021,-45,-11.31
1382,8,38,1062.374,855.303,26700.861,2,104,82.918,57.872,NA,0,0,0,45
1383,8,39,1062.374,852.778,27000.871,2,165,85.443,56.161,NA,2.525,0.008,-90,-90
1384,8,40,1062.374,852.778,27300.88,2,187,85.443,56.161,NA,0,0,0,90
1385,8,41,1062.374,846.717,27600.89,2,204,91.504,52.323,NA,6.061,0.02,-90,-90
1386,8,42,1062.374,846.717,27900.9,2,221,91.504,52.323,NA,0,0,0,90
1387,8,43,1063.889,841.667,28200.909,2,190,96.777,50.757,NA,5.273,0.018,-73.301,-73.301
1388,8,44,1063.889,841.667,28500.919,2,190,96.777,50.757,NA,0,0,0,73.301
1389,8,45,1071.465,841.667,28800.929,2,167,104.352,57.374,NA,7.576,0.025,0,0
1390,8,46,1071.465,838.131,29100.938,2,164,107.888,55.844,NA,3.535,0.012,-90,-90
1391,8,47,1074.495,837.626,29400.948,2,200,110.96,58.431,NA,3.072,0.01,-9.462,80.538
1392,8,48,1074.495,837.626,29700.958,2,152,110.96,58.431,NA,0,0,0,9.462
1393,8,49,1074.495,837.626,30000.967,2,136,110.96,58.431,NA,0,0,0,0
1394,8,50,1069.949,834.596,30300.977,2,123,116.423,53.086,NA,5.463,0.018,-146.31,-146.31
1395,8,51,1069.949,834.091,30600.987,2,114,116.928,52.905,NA,0.505,0.002,-90,56.31
1396,8,52,1069.949,833.586,30900.996,2,183,117.433,52.729,NA,0.505,0.002,-90,0
1397,8,53,1073.485,828.535,31201.006,2,248,123.598,54.632,NA,6.165,0.021,-55.008,34.992
1398,8,54,1079.545,830.556,31501.016,2,186,129.986,61.002,NA,6.388,0.021,18.435,73.443
1399,8,55,1079.545,830.556,31801.025,2,255,129.986,61.002,NA,0,0,0,-18.435
1400,8,56,1079.545,830.556,32101.035,2,245,129.986,61.002,NA,0,0,0,0
1401,8,57,1093.687,830.556,32401.045,2,190,144.128,74.783,NA,14.141,0.047,0,0
1402,8,58,1102.273,825.505,32701.054,2,150,154.089,82.439,NA,9.961,0.033,-30.466,-30.466
1403,8,59,1108.838,822.475,33001.064,2,134,161.32,88.666,NA,7.231,0.024,-24.775,5.69
1404,8,60,1108.838,822.475,33301.074,2,211,161.32,88.666,NA,0,0,0,24.775
1405,8,61,1108.838,822.475,33601.083,2,216,161.32,88.666,NA,0,0,0,0
1406,8,62,1114.899,821.465,33901.093,2,255,167.464,94.639,NA,6.144,0.02,-9.462,-9.462
1407,8,63,1114.899,821.465,34201.103,2,210,167.464,94.639,NA,0,0,0,9.462
1408,8,64,1114.899,821.465,34501.113,2,223,167.464,94.639,NA,0,0,0,0
1409,8,65,1120.455,820.96,34801.122,2,203,173.043,100.154,NA,5.578,0.019,-5.194,-5.194
1410,8,66,1140.657,817.424,35101.132,2,177,193.552,120.219,NA,20.509,0.068,-9.926,-4.732
1411,8,67,1150.253,817.424,35401.142,2,180,203.148,129.814,NA,9.596,0.032,0,9.926
1412,8,68,1149.242,813.889,35701.151,2,164,206.824,128.797,NA,3.677,0.012,-105.945,-105.945
1413,8,69,1150.253,813.384,36001.161,2,200,207.954,129.814,NA,1.129,0.004,-26.565,79.38
1414,8,70,1154.798,815.909,36301.171,2,255,213.154,134.344,NA,5.2,0.017,29.055,55.62
1415,8,71,1160.859,815.909,36601.18,2,140,219.214,140.405,NA,6.061,0.02,0,-29.055
1416,8,72,1164.899,816.414,36901.19,2,196,223.286,144.448,NA,4.072,0.014,7.125,7.125
1417,8,73,1178.03,816.414,37201.2,2,204,236.417,157.579,NA,13.131,0.044,0,-7.125
1418,8,74,1178.03,816.414,37501.209,2,201,236.417,157.579,NA,0,0,0,0
1419,8,75,1172.475,818.939,37801.219,2,251,242.52,152.061,NA,6.103,0.02,155.556,155.556
1420,8,76,1167.929,811.364,38101.229,2,203,251.355,147.53,NA,8.835,0.029,-120.964,83.48
1421,8,77,1167.929,804.798,38401.238,2,252,257.92,147.856,NA,6.566,0.022,-90,30.964
1422,8,78,1167.929,804.293,38701.248,2,216,258.425,147.893,NA,0.505,0.002,-90,0
1423,8,79,1172.98,804.293,39001.258,2,164,263.476,152.929,NA,5.051,0.017,0,90
1424,8,80,1175.505,807.323,39301.267,2,255,267.42,155.261,NA,3.945,0.013,50.194,50.194
1425,8,81,1179.545,807.323,39601.277,2,207,271.461,159.296,NA,4.04,0.013,0,-50.194
1426,8,82,1179.545,807.323,39901.287,2,88,271.461,159.296,NA,0,0,0,0
1427,8,83,1192.172,813.889,40201.296,2,150,285.692,171.724,NA,14.231,0.047,27.474,27.474
1428,8,84,1192.172,813.889,40501.306,2,166,285.692,171.724,NA,0,0,0,-27.474
1429,8,85,1185.606,813.889,40801.316,2,190,292.258,165.158,NA,6.566,0.022,180,180
1430,8,86,1176.515,814.899,41101.325,2,255,301.405,156.061,NA,9.147,0.03,173.66,-6.34
1431,8,87,1176.515,822.475,41401.335,2,160,308.98,156.221,NA,7.576,0.025,90,-83.66
1432,8,88,1169.444,828.03,41701.345,2,255,317.973,149.524,NA,8.992,0.03,141.843,51.843
1433,8,89,1169.444,828.03,42001.354,2,197,317.973,149.524,NA,0,0,0,-141.843
1434,8,90,1169.444,819.949,42301.364,2,255,326.053,149.059,NA,8.081,0.027,-90,-90
1435,8,91,1164.899,825.505,42601.374,2,216,333.232,144.797,NA,7.178,0.024,129.289,-140.711
1436,8,92,1164.899,830.051,42901.383,2,156,337.777,145.185,NA,4.545,0.015,90,-39.289
1437,8,93,1168.939,837.626,43201.393,2,191,346.363,150.139,NA,8.586,0.029,61.928,-28.072
1438,8,94,1184.596,850.758,43501.403,2,161,366.797,167.906,NA,20.434,0.068,39.987,-21.941
1439,8,95,1192.677,856.818,43801.412,2,76,376.898,177.132,NA,10.101,0.034,36.87,-3.117
1440,8,96,1194.192,866.919,44101.422,2,193,387.112,181.214,NA,10.214,0.034,81.469,44.599
1441,8,97,1195.707,866.919,44401.432,2,193,388.627,182.667,NA,1.515,0.005,0,-81.469
1442,8,98,1195.707,866.919,44701.441,2,206,388.627,182.667,NA,0,0,0,0
1443,8,99,1195.707,866.919,45001.451,2,250,388.627,182.667,NA,0,0,0,0
1444,8,100,1195.707,866.919,45301.461,2,244,388.627,182.667,NA,0,0,0,0
1445,8,101,1195.707,866.919,45601.47,2,206,388.627,182.667,NA,0,0,0,0
1446,8,102,1197.222,865.909,45901.48,2,247,390.448,183.841,NA,1.821,0.006,-33.69,-33.69
1447,8,103,1205.808,865.909,46201.49,2,172,399.034,192.111,NA,8.586,0.029,0,33.69
1448,8,104,1217.929,874.495,46501.499,2,186,413.888,206.126,NA,14.854,0.05,35.311,35.311
1449,8,105,1217.929,874.495,46801.509,2,228,413.888,206.126,NA,0,0,0,-35.311
1450,8,106,1224.495,874.495,47101.519,2,255,420.454,212.425,NA,6.566,0.022,0,0
1451,8,107,1228.535,871.97,47401.529,2,146,425.218,215.632,NA,4.765,0.016,-32.005,-32.005
1452,8,108,1237.121,871.97,47701.538,2,157,433.804,223.929,NA,8.586,0.029,0,32.005
1453,8,109,1237.121,871.97,48001.548,2,182,433.804,223.929,NA,0,0,0,0
1454,8,110,1242.172,879.04,48301.558,2,123,442.493,230.669,NA,8.689,0.029,54.462,54.462
1455,8,111,1245.707,885.101,48601.567,2,242,449.51,235.789,NA,7.016,0.023,59.744,5.281
1456,8,112,1251.263,892.172,48901.577,2,164,458.502,243.24,NA,8.992,0.03,51.843,-7.901
1457,8,113,1251.263,895.707,49201.587,2,203,462.037,244.379,NA,3.535,0.012,90,38.157
1458,8,114,1251.263,898.737,49501.596,2,173,465.068,245.391,NA,3.03,0.01,90,0
1459,8,115,1251.263,902.778,49801.606,2,252,469.108,246.793,NA,4.04,0.013,90,0
1460,8,116,1251.263,902.778,50101.616,2,194,469.108,246.793,NA,0,0,0,-90
1461,8,117,1253.788,903.283,50401.625,2,190,471.683,249.333,NA,2.575,0.009,11.31,11.31
1462,8,118,1253.788,899.242,50701.635,2,183,475.724,247.938,NA,4.04,0.013,-90,-101.31
1463,8,119,1253.788,899.242,51001.645,2,156,475.724,247.938,NA,0,0,0,90
1464,8,120,1253.788,899.242,51301.654,2,182,475.724,247.938,NA,0,0,0,0
1465,8,121,1253.788,899.242,51601.664,2,155,475.724,247.938,NA,0,0,0,0
1466,8,122,1253.788,899.242,51901.674,2,192,475.724,247.938,NA,0,0,0,0
1467,8,123,1257.323,899.242,52201.683,2,132,479.259,251.268,NA,3.535,0.012,0,0
1468,8,124,1261.364,904.798,52501.693,2,224,486.129,256.96,NA,6.869,0.023,53.973,53.973
1469,8,125,1261.364,904.798,52801.703,2,199,486.129,256.96,NA,0,0,0,-53.973
1470,8,126,1264.899,904.798,53101.712,2,177,489.664,260.277,NA,3.535,0.012,0,0
1471,8,127,1264.899,907.828,53401.722,2,200,492.694,261.334,NA,3.03,0.01,90,90
1472,8,128,1266.414,914.899,53701.732,2,255,499.925,265.321,NA,7.231,0.024,77.905,-12.095
1473,8,129,1282.071,929.545,54001.741,2,161,521.365,285.432,NA,21.439,0.071,43.091,-34.814
1474,8,130,1285.606,929.545,54301.751,2,166,524.9,288.676,NA,3.535,0.012,0,-43.091
1475,8,131,1296.212,927.525,54601.761,2,128,535.697,297.68,NA,10.797,0.036,-10.784,-10.784
1476,8,132,1305.303,927.525,54901.77,2,226,544.788,306.121,NA,9.091,0.03,0,10.784
1477,8,133,1322.98,931.566,55201.78,2,174,562.92,324.06,NA,18.133,0.06,12.875,12.875
1478,8,134,1337.626,932.576,55501.79,2,162,577.602,338.123,NA,14.681,0.049,3.945,-8.93
1479,8,135,1337.626,932.576,55801.799,2,236,577.602,338.123,NA,0,0,0,-3.945
1480,8,136,1372.98,931.566,56101.809,2,237,612.97,371.171,NA,35.368,0.118,-1.637,-1.637
1481,8,137,1378.03,920.455,56401.819,2,147,625.175,372.688,NA,12.205,0.041,-65.556,-63.919
1482,8,138,1378.03,920.455,56701.828,2,221,625.175,372.688,NA,0,0,0,65.556
1483,8,139,1389.646,920.455,57001.838,2,157,636.791,383.847,NA,11.616,0.039,0,0
1484,8,140,1405.303,927.525,57301.848,2,221,653.97,400.849,NA,17.179,0.057,24.305,24.305
1485,8,141,1405.303,927.525,57601.857,2,153,653.97,400.849,NA,0,0,0,-24.305
1486,8,142,1388.636,922.98,57901.867,2,230,671.245,383.576,NA,17.275,0.058,-164.745,-164.745
1487,8,143,1388.636,905.808,58201.877,2,252,688.417,379.118,NA,17.172,0.057,-90,74.745
1488,8,144,1378.535,907.323,58501.886,2,192,698.631,369.69,NA,10.214,0.034,171.469,-98.531
1489,8,145,1370.96,906.818,58801.896,2,255,706.224,362.23,NA,7.593,0.025,-176.186,12.345
1490,8,146,1389.141,893.182,59101.906,2,125,728.951,376.802,NA,22.727,0.076,-36.87,139.316
1491,8,147,1396.212,880.051,59401.915,2,89,743.865,381.278,NA,14.914,0.05,-61.699,-24.829
1492,8,148,1421.465,869.444,59701.925,2,237,771.254,404.635,NA,27.389,0.091,-22.782,38.917
1493,8,149,1427.525,860.354,60001.935,2,171,782.18,409.545,NA,10.926,0.036,-56.31,-33.528
1494,8,150,1434.596,864.899,60301.944,2,238,790.586,417.089,NA,8.406,0.028,32.735,89.045
1495,8,151,1446.717,864.899,60601.954,2,212,802.707,429.127,NA,12.121,0.04,0,-32.735
1496,8,152,1455.303,878.535,60901.964,2,255,818.821,439.407,NA,16.114,0.054,57.804,57.804
1497,8,153,1464.899,882.071,61201.974,2,223,829.048,449.417,NA,10.226,0.034,20.225,-37.579
1498,8,154,1478.535,882.576,61501.983,2,156,842.694,462.98,NA,13.646,0.045,2.121,-18.104
1499,8,155,1485.101,882.576,61801.993,2,112,849.259,469.477,NA,6.566,0.022,0,-2.121
1500,8,156,1485.101,882.576,62102.003,2,121,849.259,469.477,NA,0,0,0,0
1501,8,157,1491.162,886.111,62402.012,2,204,856.276,475.988,NA,7.016,0.023,30.256,30.256
1502,8,158,1491.162,886.111,62702.022,2,219,856.276,475.988,NA,0,0,0,-30.256
1503,8,159,1483.586,891.667,63002.032,2,169,865.67,469.368,NA,9.394,0.031,143.746,143.746
1504,8,160,1486.616,887.121,63302.041,2,255,871.133,471.646,NA,5.463,0.018,-56.31,159.944
1505,8,161,1491.667,887.121,63602.051,2,243,876.184,476.638,NA,5.051,0.017,0,56.31
1506,8,162,1491.667,884.091,63902.061,2,182,879.214,476.192,NA,3.03,0.01,-90,-90
1507,8,163,1487.121,883.081,64202.07,2,184,883.87,471.548,NA,4.656,0.016,-167.471,-77.471
1508,8,164,1486.616,881.061,64502.08,2,212,885.953,470.763,NA,2.082,0.007,-104.036,63.435
1509,8,165,1492.677,881.061,64802.09,2,176,892.013,476.765,NA,6.061,0.02,0,104.036
1510,8,166,1492.677,881.061,65102.099,2,215,892.013,476.765,NA,0,0,0,0
1511,8,167,1492.677,881.061,65402.109,2,147,892.013,476.765,NA,0,0,0,0
1512,8,168,1501.768,881.061,65702.119,2,142,901.104,485.771,NA,9.091,0.03,0,0
1513,8,169,1499.242,886.616,66002.128,2,186,907.207,484.055,NA,6.103,0.02,114.444,114.444
1514,8,170,1499.242,886.616,66302.138,2,232,907.207,484.055,NA,0,0,0,-114.444
1515,8,171,1486.111,883.081,66602.148,2,112,920.806,470.549,NA,13.599,0.045,-164.932,-164.932
1516,8,172,1489.141,883.081,66902.157,2,195,923.836,473.548,NA,3.03,0.01,0,164.932
1517,9,1,635.606,928.535,17700.571,2,68,0,0,NA,NA,NA,NA,NA
1518,9,2,631.061,931.566,18000.58,2,78,5.463,5.463,NA,5.463,0.018,146.31,NA
1519,9,3,631.061,931.566,18300.59,2,82,5.463,5.463,NA,0,0,0,-146.31
1520,9,4,627.525,933.081,18600.6,2,58,9.309,9.271,NA,3.846,0.013,156.801,156.801
1521,9,5,627.525,937.626,18900.609,2,105,13.855,12.163,NA,4.545,0.015,90,-66.801
1522,9,6,619.444,945.707,19200.619,2,143,25.283,23.581,NA,11.428,0.038,135,45
1523,9,7,619.444,945.707,19500.629,2,76,25.283,23.581,NA,0,0,0,-135
1524,9,8,614.394,941.667,19800.638,2,168,31.751,24.948,NA,6.468,0.022,-141.34,-141.34
1525,9,9,605.808,946.212,20100.648,2,153,41.465,34.647,NA,9.715,0.032,152.103,-66.557
1526,9,10,602.778,947.222,20400.658,2,136,44.66,37.774,NA,3.194,0.011,161.565,9.462
1527,9,11,597.222,947.222,20700.668,2,103,50.215,42.691,NA,5.556,0.019,180,18.435
1528,9,12,597.222,947.222,21000.677,2,148,50.215,42.691,NA,0,0,0,-180
1529,9,13,601.263,948.232,21300.687,2,151,54.38,39.591,NA,4.165,0.014,14.036,14.036
1530,9,14,601.263,948.232,21600.697,2,225,54.38,39.591,NA,0,0,0,-14.036
1531,9,15,601.263,948.232,21900.706,2,225,54.38,39.591,NA,0,0,0,0
1532,9,16,601.263,948.232,22200.716,2,254,54.38,39.591,NA,0,0,0,0
1533,9,17,596.717,948.232,22500.726,2,246,58.925,43.593,NA,4.545,0.015,180,180
1534,9,18,591.162,948.232,22800.735,2,225,64.481,48.614,NA,5.556,0.019,180,0
1535,9,19,587.626,949.747,23100.745,2,133,68.327,52.46,NA,3.846,0.013,156.801,-23.199
1536,9,20,589.141,955.808,23400.755,2,239,74.574,53.877,NA,6.247,0.021,75.964,-80.838
1537,9,21,589.141,955.808,23700.764,2,205,74.574,53.877,NA,0,0,0,-75.964
1538,9,22,589.141,960.859,24000.774,2,253,79.625,56.602,NA,5.051,0.017,90,90
1539,9,23,585.606,963.889,24300.784,2,240,84.281,61.236,NA,4.656,0.016,139.399,49.399
1540,9,24,585.606,963.889,24600.793,2,184,84.281,61.236,NA,0,0,0,-139.399
1541,9,25,581.061,963.889,24900.803,2,253,88.827,65.001,NA,4.545,0.015,180,180
1542,9,26,581.061,963.889,25200.813,2,205,88.827,65.001,NA,0,0,0,-180
1543,9,27,578.03,965.404,25500.822,2,219,92.215,68.369,NA,3.388,0.011,153.435,153.435
1544,9,28,578.03,965.404,25800.832,2,154,92.215,68.369,NA,0,0,0,-153.435
1545,9,29,579.04,962.374,26100.842,2,201,95.409,65.914,NA,3.194,0.011,-71.565,-71.565
1546,9,30,579.04,962.374,26400.851,2,195,95.409,65.914,NA,0,0,0,71.565
1547,9,31,579.04,959.343,26700.861,2,172,98.439,64.411,NA,3.03,0.01,-90,-90
1548,9,32,581.061,958.838,27000.871,2,187,100.522,62.398,NA,2.082,0.007,-14.036,75.964
1549,9,33,589.141,958.838,27300.88,2,255,108.602,55.473,NA,8.081,0.027,0,14.036
1550,9,34,584.596,955.808,27600.89,2,228,114.065,57.843,NA,5.463,0.018,-146.31,-146.31
1551,9,35,584.596,955.808,27900.9,2,199,114.065,57.843,NA,0,0,0,146.31
1552,9,36,582.576,952.778,28200.909,2,212,117.707,58.309,NA,3.642,0.012,-123.69,-123.69
1553,9,37,582.071,947.727,28500.919,2,255,122.783,56.871,NA,5.076,0.017,-95.711,27.979
1554,9,38,582.071,947.727,28800.929,2,219,122.783,56.871,NA,0,0,0,95.711
1555,9,39,581.566,946.212,29100.938,2,214,124.38,56.858,NA,1.597,0.005,-108.435,-108.435
1556,9,40,583.081,946.212,29400.948,2,255,125.895,55.42,NA,1.515,0.005,0,108.435
1557,9,41,588.636,948.232,29700.958,2,234,131.807,50.933,NA,5.911,0.02,19.983,19.983
1558,9,42,588.636,941.667,30000.967,2,194,138.372,48.771,NA,6.566,0.022,-90,-109.983
1559,9,43,586.616,943.182,30300.977,2,255,140.898,51.132,NA,2.525,0.008,143.13,-126.87
1560,9,44,581.061,943.182,30600.987,2,255,146.453,56.478,NA,5.556,0.019,180,36.87
1561,9,45,581.061,939.646,30900.996,2,255,149.989,55.666,NA,3.535,0.012,-90,90
1562,9,46,580.051,939.646,31201.006,2,245,150.999,56.656,NA,1.01,0.003,180,-90
1563,9,47,579.545,947.727,31501.016,2,242,159.095,59.255,NA,8.097,0.027,93.576,-86.424
1564,9,48,573.99,947.727,31801.025,2,252,164.651,64.536,NA,5.556,0.019,180,86.424
1565,9,49,573.99,951.263,32101.035,2,255,168.186,65.674,NA,3.535,0.012,90,-90
1566,9,50,573.485,958.838,32401.045,2,255,175.779,69.118,NA,7.593,0.025,93.814,3.814
1567,9,51,573.485,958.838,32701.054,2,255,175.779,69.118,NA,0,0,0,-93.814
1568,9,52,572.475,963.889,33001.064,2,255,180.929,72.356,NA,5.151,0.017,101.31,101.31
1569,9,53,568.434,961.364,33301.074,2,224,185.694,74.765,NA,4.765,0.016,-147.995,110.695
1570,9,54,564.899,956.313,33601.083,2,255,191.859,75.968,NA,6.165,0.021,-124.992,23.003
1571,9,55,564.899,956.313,33901.093,2,255,191.859,75.968,NA,0,0,0,124.992
1572,9,56,560.859,954.293,34201.103,2,170,196.376,79.061,NA,4.517,0.015,-153.435,-153.435
1573,9,57,560.859,949.747,34501.113,2,255,200.922,77.699,NA,4.545,0.015,-90,63.435
1574,9,58,555.808,947.727,34801.122,2,254,206.361,82.073,NA,5.44,0.018,-158.199,-68.199
1575,9,59,553.788,947.727,35101.132,2,255,208.381,84.039,NA,2.02,0.007,180,-21.801
1576,9,60,553.788,947.727,35401.142,2,255,208.381,84.039,NA,0,0,0,-180
1577,9,61,555.303,947.727,35701.151,2,193,209.896,82.565,NA,1.515,0.005,0,0
1578,9,62,557.323,943.687,36001.161,2,188,214.414,79.736,NA,4.517,0.015,-63.435,-63.435
1579,9,63,557.828,943.687,36301.171,2,186,214.919,79.24,NA,0.505,0.002,0,63.435
1580,9,64,559.848,943.182,36601.18,2,208,217.001,77.16,NA,2.082,0.007,-14.036,-14.036
1581,9,65,559.848,939.646,36901.19,2,232,220.537,76.568,NA,3.535,0.012,-90,-75.964
1582,9,66,562.879,941.162,37201.2,2,164,223.925,73.815,NA,3.388,0.011,26.565,116.565
1583,9,67,563.889,941.162,37501.209,2,167,224.935,72.82,NA,1.01,0.003,0,-26.565
1584,9,68,551.768,941.162,37801.219,2,236,237.056,84.784,NA,12.121,0.04,180,180
1585,9,69,551.768,943.182,38101.229,2,252,239.076,85.108,NA,2.02,0.007,90,-90
1586,9,70,551.768,944.697,38401.238,2,243,240.591,85.382,NA,1.515,0.005,90,0
1587,9,71,559.343,944.697,38701.248,2,230,248.167,77.956,NA,7.576,0.025,0,-90
1588,9,72,559.343,944.697,39001.258,2,237,248.167,77.956,NA,0,0,0,0
1589,9,73,555.303,942.677,39301.267,2,255,252.684,81.539,NA,4.517,0.015,-153.435,-153.435
1590,9,74,555.303,942.172,39601.277,2,246,253.189,81.453,NA,0.505,0.002,-90,63.435
1591,9,75,561.364,942.172,39901.287,2,218,259.25,75.484,NA,6.061,0.02,0,90
1592,9,76,560.354,944.697,40201.296,2,229,261.97,76.968,NA,2.72,0.009,111.801,111.801
1593,9,77,557.323,950.253,40501.306,2,255,268.298,81.239,NA,6.328,0.021,118.61,6.809
1594,9,78,555.303,948.737,40801.316,2,255,270.823,82.805,NA,2.525,0.008,-143.13,98.259
1595,9,79,551.768,948.737,41101.325,2,255,274.359,86.238,NA,3.535,0.012,180,-36.87
1596,9,80,547.222,949.747,41401.335,2,255,279.015,90.894,NA,4.656,0.016,167.471,-12.529
1597,9,81,547.222,949.747,41701.345,2,255,279.015,90.894,NA,0,0,0,-167.471
1598,9,82,542.172,949.747,42001.354,2,255,284.065,95.812,NA,5.051,0.017,180,180
1599,9,83,545.707,953.283,42301.364,2,183,289.065,93.243,NA,5,0.017,45,-135
1600,9,84,545.707,972.475,42601.374,2,255,308.257,100.062,NA,19.192,0.064,90,45
1601,9,85,543.687,977.525,42901.383,2,255,313.697,104.159,NA,5.44,0.018,111.801,21.801
1602,9,86,543.687,977.525,43201.393,2,197,313.697,104.159,NA,0,0,0,-111.801
1603,9,87,537.626,983.586,43501.403,2,6,322.268,112.386,NA,8.571,0.029,135,135
1604,9,88,537.626,997.727,43801.412,2,255,336.409,119.948,NA,14.141,0.047,90,-45
1605,9,89,531.061,1003.283,44101.422,2,255,345.01,128.518,NA,8.601,0.029,139.764,49.764
1606,9,90,526.515,998.737,44401.432,2,255,351.438,129.727,NA,6.428,0.021,-135,85.236
1607,9,91,526.515,998.232,44701.441,2,255,351.943,129.455,NA,0.505,0.002,-90,45
1608,9,92,528.535,998.232,45001.451,2,255,353.963,127.757,NA,2.02,0.007,0,90
1609,9,93,520.455,1014.394,45301.461,2,255,372.033,143.637,NA,18.069,0.06,116.565,116.565
1610,9,94,514.899,1018.939,45601.47,2,255,379.211,150.808,NA,7.178,0.024,140.711,24.146
1611,9,95,513.384,1025,45901.48,2,255,385.458,155.704,NA,6.247,0.021,104.036,-36.674
1612,9,96,510.859,1035.606,46201.49,2,255,396.36,164.396,NA,10.903,0.036,103.392,-0.644
1613,9,97,504.293,1045.202,46501.499,2,255,407.987,175.654,NA,11.627,0.039,124.38,20.988
1614,9,98,500.758,1068.434,46801.509,2,255,431.487,194.309,NA,23.5,0.078,98.653,-25.728
1615,9,99,502.778,1076.01,47101.519,2,255,439.328,198.475,NA,7.84,0.026,75.069,-23.584
1616,9,100,505.808,1080.051,47401.529,2,255,444.378,199.51,NA,5.051,0.017,53.13,-21.938
1617,9,101,504.293,1083.586,47701.538,2,255,448.225,203.184,NA,3.846,0.013,113.199,60.068
1618,9,102,483.081,1098.232,48001.548,2,255,474.002,228.169,NA,25.777,0.086,145.376,32.177
1619,9,103,484.596,1121.465,48301.558,2,255,497.284,245.002,NA,23.282,0.078,86.269,-59.107
1620,9,104,484.596,1131.566,48601.567,2,255,507.385,253.032,NA,10.101,0.034,90,3.731
1621,9,105,473.99,1136.111,48901.577,2,222,518.924,263.073,NA,11.539,0.038,156.801,66.801
1622,9,106,468.939,1139.141,49201.587,2,255,524.814,268.575,NA,5.89,0.02,149.036,-7.765
1623,9,107,466.414,1137.121,49501.596,2,255,528.047,268.578,NA,3.234,0.011,-141.34,69.624
1624,9,108,465.909,1127.525,49801.606,2,255,537.657,261.523,NA,9.609,0.032,-93.013,48.327
1625,9,109,469.949,1127.525,50101.616,2,255,541.697,258.919,NA,4.04,0.013,0,93.013
1626,9,110,469.949,1123.485,50401.625,2,255,545.737,255.827,NA,4.04,0.013,-90,-90
1627,9,111,469.949,1123.485,50701.635,2,255,545.737,255.827,NA,0,0,0,90
1628,9,112,469.949,1123.485,51001.645,2,255,545.737,255.827,NA,0,0,0,0
1629,9,113,467.424,1130.051,51301.654,2,255,552.772,262.476,NA,7.035,0.023,111.038,111.038
1630,9,114,462.879,1130.051,51601.664,2,255,557.317,265.411,NA,4.545,0.015,180,68.962
1631,9,115,472.475,1121.465,51901.674,2,255,570.194,252.653,NA,12.876,0.043,-41.82,138.18
1632,9,116,479.04,1110.354,52201.683,2,255,583.1,239.939,NA,12.906,0.043,-59.421,-17.601
1633,9,117,479.04,1103.283,52501.693,2,255,590.17,234.626,NA,7.071,0.024,-90,-30.579
1634,9,118,479.545,1106.818,52801.703,2,255,593.742,236.938,NA,3.571,0.012,81.87,171.87
1635,9,119,479.545,1106.818,53101.712,2,255,593.742,236.938,NA,0,0,0,-81.87
1636,9,120,477.525,1106.818,53401.722,2,255,595.762,238.274,NA,2.02,0.007,180,180
1637,9,121,473.485,1115.404,53701.732,2,255,605.251,247.393,NA,9.489,0.032,115.201,-64.799
1638,9,122,472.98,1122.98,54001.741,2,255,612.844,253.488,NA,7.593,0.025,93.814,-21.387
1639,9,123,470.96,1104.293,54301.751,2,255,631.639,240.83,NA,18.796,0.063,-96.17,170.016
1640,9,124,470.455,1101.768,54601.761,2,255,634.215,239.342,NA,2.575,0.009,-101.31,-5.14
1641,9,125,470.455,1101.768,54901.77,2,255,634.215,239.342,NA,0,0,0,101.31
1642,9,126,467.424,1115.909,55201.78,2,255,648.677,251.782,NA,14.462,0.048,102.095,102.095
1643,9,127,467.424,1125,55501.79,2,255,657.768,258.618,NA,9.091,0.03,90,-12.095
1644,9,128,472.98,1136.616,55801.799,2,255,670.644,264.093,NA,12.876,0.043,64.44,-25.56
1645,9,129,472.98,1147.222,56101.809,2,255,681.25,272.528,NA,10.606,0.035,90,25.56
1646,9,130,472.98,1152.778,56401.819,2,255,686.806,277.005,NA,5.556,0.019,90,0
1647,9,131,467.424,1149.242,56701.828,2,255,693.391,277.483,NA,6.585,0.022,-147.529,122.471
1648,9,132,468.939,1156.818,57001.838,2,255,701.117,282.65,NA,7.726,0.026,78.69,-133.781
1649,9,133,471.465,1159.848,57301.848,2,255,705.061,283.634,NA,3.945,0.013,50.194,-28.496
1650,9,134,471.465,1159.848,57601.857,2,255,705.061,283.634,NA,0,0,0,-50.194
1651,9,135,463.384,1159.343,57901.867,2,255,713.158,287.981,NA,8.097,0.027,-176.424,-176.424
1652,9,136,458.333,1153.788,58201.877,2,255,720.666,286.643,NA,7.508,0.025,-132.274,44.15
1653,9,137,459.848,1152.273,58501.886,2,255,722.809,284.516,NA,2.143,0.007,-45,87.274
1654,9,138,465.909,1152.273,58801.896,2,255,728.869,280.812,NA,6.061,0.02,0,45
1655,9,139,470.96,1156.818,59101.906,2,255,735.664,281.463,NA,6.795,0.023,41.987,41.987
1656,9,140,470.96,1156.818,59401.915,2,255,735.664,281.463,NA,0,0,0,-41.987
1657,9,141,476.01,1172.98,59701.925,2,255,752.596,291.931,NA,16.932,0.056,72.646,72.646
1658,9,142,486.616,1186.111,60001.935,2,255,769.476,297.562,NA,16.88,0.056,51.072,-21.574
1659,9,143,486.616,1186.111,60301.944,2,212,769.476,297.562,NA,0,0,0,-51.072
1660,9,144,489.646,1222.98,60601.954,2,255,806.469,328.636,NA,36.993,0.123,85.301,85.301
1661,9,145,469.444,1247.222,60901.964,2,219,838.026,359.404,NA,31.557,0.105,129.806,44.504
1662,9,146,458.333,1247.222,61201.974,2,255,849.137,364.674,NA,11.111,0.037,180,50.194
1663,9,147,465.404,1247.222,61501.983,2,255,856.207,361.289,NA,7.071,0.024,0,-180
1664,9,148,475.505,1261.364,61801.993,2,255,873.586,369.333,NA,17.378,0.058,54.462,54.462
1665,9,149,475.505,1276.01,62102.003,2,214,888.232,382.585,NA,14.646,0.049,90,35.538
1666,9,150,475.505,1276.01,62402.012,2,255,888.232,382.585,NA,0,0,0,-90
1667,9,151,464.899,1273.485,62702.022,2,255,899.135,384.878,NA,10.903,0.036,-166.608,-166.608
1668,9,152,448.232,1273.485,63002.032,2,255,915.801,392.555,NA,16.667,0.056,180,-13.392
1669,9,153,417.929,1288.131,63302.041,2,255,949.458,420.348,NA,33.657,0.112,154.204,-25.796
1670,9,154,380.051,1315.909,63602.051,2,255,996.431,464.077,NA,46.972,0.157,143.746,-10.458
1671,9,155,366.919,1300.253,63902.061,2,255,1016.865,458.657,NA,20.434,0.068,-129.987,86.267
1672,9,156,337.626,1311.364,64202.07,2,195,1048.195,485.128,NA,31.329,0.104,159.228,-70.785
1673,9,157,337.121,1339.646,64502.08,2,255,1076.482,508.041,NA,28.287,0.094,91.023,-68.205
1674,9,158,337.121,1365.404,64802.09,2,255,1102.239,529.101,NA,25.758,0.086,90,-1.023
1675,9,159,324.495,1386.111,65102.099,2,249,1126.492,553.322,NA,24.253,0.081,121.373,31.373
1676,9,160,308.333,1411.869,65402.109,2,246,1156.901,583.711,NA,30.408,0.101,122.106,0.733
1677,9,161,301.768,1425.505,65702.119,2,254,1172.035,598.688,NA,15.135,0.05,115.71,-6.396
1678,9,162,292.172,1455.808,66002.128,2,149,1203.821,629.256,NA,31.786,0.106,107.571,-8.139
1679,9,163,278.535,1466.919,66302.138,2,47,1221.411,646.031,NA,17.59,0.059,140.826,33.255
1680,9,164,284.091,1466.414,66602.148,2,124,1226.99,642.555,NA,5.578,0.019,-5.194,-146.021
1681,9,165,281.566,1475.505,66902.157,2,63,1236.425,651.552,NA,9.435,0.031,105.524,110.719
1682,9,166,280.556,1481.061,67202.167,2,100,1242.071,656.769,NA,5.647,0.019,100.305,-5.219
1683,9,167,272.98,1481.061,67502.177,2,249,1249.647,660.895,NA,7.576,0.025,180,79.695
1684,10,1,698.737,982.071,24000.774,2,24,0,0,NA,NA,NA,NA,NA
1685,10,2,693.182,989.141,24300.784,2,83,8.992,8.992,NA,8.992,0.03,128.157,NA
1686,10,3,689.646,994.697,24600.793,2,159,15.577,15.559,NA,6.585,0.022,122.471,-5.686
1687,10,4,689.646,994.697,24900.803,2,68,15.577,15.559,NA,0,0,0,-122.471
1688,10,5,689.646,1002.273,25200.813,2,82,23.153,22.153,NA,7.576,0.025,90,90
1689,10,6,689.646,999.747,25500.822,2,205,25.678,19.877,NA,2.525,0.008,-90,-180
1690,10,7,696.212,1000.253,25800.832,2,79,32.263,18.356,NA,6.585,0.022,4.399,94.399
1691,10,8,695.202,1006.313,26100.842,2,106,38.407,24.499,NA,6.144,0.02,99.462,95.064
1692,10,9,684.091,1013.889,26400.851,2,180,51.855,35.027,NA,13.448,0.045,145.713,46.251
1693,10,10,684.091,1013.889,26700.861,2,255,51.855,35.027,NA,0,0,0,-145.713
1694,10,11,682.576,1020.455,27000.871,2,250,58.594,41.648,NA,6.738,0.022,102.995,102.995
1695,10,12,680.556,1030.051,27300.88,2,210,68.4,51.309,NA,9.806,0.033,101.889,-1.106
1696,10,13,671.97,1030.051,27600.89,2,226,76.986,54.942,NA,8.586,0.029,180,78.111
1697,10,14,671.97,1030.051,27900.9,2,253,76.986,54.942,NA,0,0,0,-180
1698,10,15,670.455,1038.131,28200.909,2,255,85.208,62.791,NA,8.222,0.027,100.62,100.62
1699,10,16,670.455,1038.131,28500.919,2,255,85.208,62.791,NA,0,0,0,-100.62
1700,10,17,665.909,1043.687,28800.929,2,255,92.386,69.816,NA,7.178,0.024,129.289,129.289
1701,10,18,665.909,1043.687,29100.938,2,255,92.386,69.816,NA,0,0,0,-129.289
1702,10,19,665.909,1052.778,29400.948,2,221,101.477,77.956,NA,9.091,0.03,90,90
1703,10,20,669.949,1052.778,29700.958,2,255,105.517,76.343,NA,4.04,0.013,0,-90
1704,10,21,669.444,1059.343,30000.967,2,255,112.102,82.639,NA,6.585,0.022,94.399,94.399
1705,10,22,669.444,1059.343,30300.977,2,255,112.102,82.639,NA,0,0,0,-94.399
1706,10,23,669.444,1059.343,30600.987,2,255,112.102,82.639,NA,0,0,0,0
1707,10,24,666.414,1063.384,30900.996,2,255,117.152,87.502,NA,5.051,0.017,126.87,126.87
1708,10,25,656.818,1070.96,31201.006,2,255,129.378,98.277,NA,12.226,0.041,141.71,14.84
1709,10,26,643.687,1072.98,31501.016,2,255,142.664,106.278,NA,13.286,0.044,171.254,29.544
1710,10,27,643.687,1072.98,31801.025,2,255,142.664,106.278,NA,0,0,0,-171.254
1711,10,28,643.687,1074.495,32101.035,2,255,144.179,107.577,NA,1.515,0.005,90,90
1712,10,29,643.687,1076.01,32401.045,2,255,145.695,108.881,NA,1.515,0.005,90,0
1713,10,30,639.646,1080.051,32701.054,2,255,151.409,114.419,NA,5.714,0.019,135,45
1714,10,31,636.111,1087.626,33001.064,2,255,159.769,122.736,NA,8.36,0.028,115.017,-19.983
1715,10,32,621.465,1097.222,33301.074,2,255,177.279,138.676,NA,17.51,0.058,146.768,31.751
1716,10,33,612.374,1097.222,33601.083,2,255,186.37,143.939,NA,9.091,0.03,180,33.232
1717,10,34,612.374,1097.222,33901.093,2,255,186.37,143.939,NA,0,0,0,-180
1718,10,35,612.374,1097.222,34201.103,2,255,186.37,143.939,NA,0,0,0,0
1719,10,36,606.313,1096.717,34501.113,2,255,192.451,147.262,NA,6.082,0.02,-175.236,-175.236
1720,10,37,597.727,1096.717,34801.122,2,255,201.037,152.797,NA,8.586,0.029,180,-4.764
1721,10,38,596.717,1096.717,35101.132,2,255,202.047,153.466,NA,1.01,0.003,180,0
1722,10,39,603.283,1108.838,35401.142,2,255,215.832,158.687,NA,13.785,0.046,61.557,-118.443
1723,10,40,605.808,1114.899,35701.151,2,255,222.398,162.109,NA,6.566,0.022,67.38,5.823
1724,10,41,605.808,1114.899,36001.161,2,255,222.398,162.109,NA,0,0,0,-67.38
1725,10,42,599.242,1115.909,36301.171,2,255,229.041,166.769,NA,6.643,0.022,171.254,171.254
1726,10,43,595.202,1129.04,36601.18,2,255,242.78,179.777,NA,13.739,0.046,107.103,-64.151
1727,10,44,594.697,1129.04,36901.19,2,255,243.285,180.068,NA,0.505,0.002,180,72.897
1728,10,45,594.697,1143.182,37201.2,2,255,257.426,191.784,NA,14.141,0.047,90,-90
1729,10,46,592.677,1149.242,37501.209,2,255,263.815,197.978,NA,6.388,0.021,108.435,18.435
1730,10,47,593.687,1160.859,37801.219,2,255,275.475,207.366,NA,11.66,0.039,85.03,-23.405
1731,10,48,593.182,1167.929,38101.229,2,255,282.563,213.741,NA,7.089,0.024,94.086,9.055
1732,10,49,586.616,1179.04,38401.238,2,255,295.469,226.646,NA,12.906,0.043,120.579,26.494
1733,10,50,583.586,1188.636,38701.248,2,255,305.532,236.494,NA,10.063,0.034,107.526,-13.054
1734,10,51,583.586,1198.737,39001.258,2,255,315.633,245.366,NA,10.101,0.034,90,-17.526
1735,10,52,579.545,1209.343,39301.267,2,255,326.983,256.631,NA,11.35,0.038,110.854,20.854
1736,10,53,579.545,1209.343,39601.277,2,255,326.983,256.631,NA,0,0,0,-110.854
1737,10,54,569.949,1209.343,39901.287,2,255,336.579,261.226,NA,9.596,0.032,180,180
1738,10,55,545.202,1209.343,40201.296,2,255,361.326,274.274,NA,24.747,0.082,180,0
1739,10,56,538.131,1211.869,40501.306,2,255,368.835,280.359,NA,7.508,0.025,160.346,-19.654
1740,10,57,538.131,1211.869,40801.316,2,89,368.835,280.359,NA,0,0,0,-160.346
1741,10,58,520.96,1212.879,41101.325,2,255,386.036,291.337,NA,17.201,0.057,176.634,176.634
1742,10,59,504.293,1227.02,41401.335,2,255,407.894,312.744,NA,21.858,0.073,139.686,-36.948
1743,10,60,489.646,1231.061,41701.345,2,255,423.087,325.138,NA,15.194,0.051,164.578,24.892
1744,10,61,489.646,1231.061,42001.354,2,255,423.087,325.138,NA,0,0,0,-164.578
1745,10,62,482.071,1228.03,42301.364,2,198,431.247,327.781,NA,8.159,0.027,-158.199,-158.199
1746,10,63,486.616,1228.03,42601.374,2,255,435.792,324.795,NA,4.545,0.015,0,158.199
1747,10,64,486.616,1228.03,42901.383,2,107,435.792,324.795,NA,0,0,0,0
1748,10,65,481.061,1240.152,43201.393,2,255,449.126,337.622,NA,13.334,0.044,114.624,114.624
1749,10,66,469.949,1245.202,43501.403,2,255,461.331,348.686,NA,12.205,0.041,155.556,40.932
1750,10,67,469.949,1257.828,43801.412,2,165,473.957,358.31,NA,12.626,0.042,90,-65.556
1751,10,68,458.838,1266.414,44101.422,2,255,487.999,372.025,NA,14.042,0.047,142.306,52.306
1752,10,69,472.475,1268.434,44401.432,2,255,501.784,364.964,NA,13.785,0.046,8.427,-133.879
1753,10,70,487.626,1283.586,44701.441,2,171,523.212,368.075,NA,21.427,0.071,45,36.573
1754,10,71,491.162,1297.727,45001.451,2,255,537.788,377.792,NA,14.577,0.049,75.964,30.964
1755,10,72,491.667,1307.828,45301.461,2,255,547.902,386,NA,10.114,0.034,87.138,11.174
1756,10,73,497.727,1319.949,45601.47,2,255,561.454,393.15,NA,13.552,0.045,63.435,-23.703
1757,10,74,493.182,1340.152,45901.48,2,255,582.161,412.886,NA,20.707,0.069,102.68,39.245
1758,10,75,475,1344.697,46201.49,2,255,600.902,426.094,NA,18.741,0.062,165.964,63.283
1759,10,76,462.879,1356.313,46501.499,2,255,617.691,442.365,NA,16.789,0.056,136.219,-29.745
1760,10,77,455.303,1371.97,46801.509,2,255,635.084,459.654,NA,17.393,0.058,115.821,-20.398
1761,10,78,446.717,1376.515,47101.519,2,255,644.799,468.082,NA,9.715,0.032,152.103,36.282
1762,10,79,444.192,1387.121,47401.529,2,255,655.701,478.392,NA,10.903,0.036,103.392,-48.71
1763,10,80,444.192,1387.121,47701.538,2,255,655.701,478.392,NA,0,0,0,-103.392
1764,10,81,450.253,1399.242,48001.548,2,255,669.253,485.569,NA,13.552,0.045,63.435,63.435
1765,10,82,450.253,1399.242,48301.558,2,255,669.253,485.569,NA,0,0,0,-63.435
1766,10,83,450.253,1399.242,48601.567,2,255,669.253,485.569,NA,0,0,0,0
1767,10,84,443.687,1386.111,48901.577,2,255,683.935,477.807,NA,14.681,0.049,-116.565,-116.565
1768,10,85,448.737,1383.586,49201.587,2,255,689.581,472.985,NA,5.647,0.019,-26.565,90
1769,10,86,458.333,1381.566,49501.596,2,255,699.388,466.251,NA,9.806,0.033,-11.889,14.676
1770,10,87,459.848,1381.566,49801.606,2,75,700.903,465.472,NA,1.515,0.005,0,11.889
1771,10,88,440.657,1381.566,50101.616,2,255,720.095,475.607,NA,19.192,0.064,180,180
1772,10,89,438.131,1397.222,50401.625,2,255,735.954,490.17,NA,15.859,0.053,99.162,-80.838
1773,10,90,430.556,1397.222,50701.635,2,255,743.529,494.239,NA,7.576,0.025,180,80.838
1774,10,91,430.556,1413.384,51001.645,2,255,759.691,507.89,NA,16.162,0.054,90,-90
1775,10,92,421.465,1434.596,51301.654,2,212,782.769,530.716,NA,23.078,0.077,113.199,23.199
1776,11,1,884.091,1002.273,22800.735,2,7,0,0,NA,NA,NA,NA,NA
1777,11,2,884.091,1009.848,23100.745,2,6,7.576,7.576,NA,7.576,0.025,90,NA
1778,11,3,884.091,1009.848,23400.755,2,28,7.576,7.576,NA,0,0,0,-90
1779,11,4,884.091,1017.929,23700.764,2,9,15.657,15.657,NA,8.081,0.027,90,90
1780,11,5,881.061,1032.071,24000.774,2,59,30.119,29.952,NA,14.462,0.048,102.095,12.095
1781,11,6,878.03,1032.071,24300.784,2,140,33.149,30.408,NA,3.03,0.01,180,77.905
1782,11,7,869.444,1032.071,24600.793,2,94,41.735,33.203,NA,8.586,0.029,180,0
1783,11,8,869.444,1026.01,24900.803,2,50,47.796,27.892,NA,6.061,0.02,-90,90
1784,11,9,875.505,1026.01,25200.813,2,63,53.856,25.242,NA,6.061,0.02,0,90
1785,11,10,875.505,1026.01,25500.822,2,56,53.856,25.242,NA,0,0,0,0
1786,11,11,873.485,1038.636,25800.832,2,126,66.643,37.879,NA,12.787,0.043,99.09,99.09
1787,11,12,873.485,1038.636,26100.842,2,40,66.643,37.879,NA,0,0,0,-99.09
1788,11,13,877.02,1044.697,26400.851,2,61,73.66,43.009,NA,7.016,0.023,59.744,59.744
1789,11,14,877.02,1044.697,26700.861,2,79,73.66,43.009,NA,0,0,0,-59.744
1790,11,15,877.02,1054.798,27000.871,2,114,83.761,52.999,NA,10.101,0.034,90,90
1791,11,16,867.929,1069.444,27300.88,2,86,100.999,69.089,NA,17.238,0.057,121.827,31.827
1792,11,17,867.929,1069.444,27600.89,2,143,100.999,69.089,NA,0,0,0,-121.827
1793,11,18,874.495,1069.444,27900.9,2,103,107.565,67.854,NA,6.566,0.022,0,0
1794,11,19,874.495,1085.606,28200.909,2,125,123.726,83.884,NA,16.162,0.054,90,90
1795,11,20,874.495,1085.606,28500.919,2,65,123.726,83.884,NA,0,0,0,-90
1796,11,21,883.081,1085.606,28800.929,2,98,132.312,83.339,NA,8.586,0.029,0,0
1797,11,22,881.566,1094.697,29100.938,2,117,141.529,92.459,NA,9.216,0.031,99.462,99.462
1798,11,23,876.01,1100.758,29400.948,2,161,149.75,98.816,NA,8.222,0.027,132.51,33.048
1799,11,24,876.01,1100.758,29700.958,2,3,149.75,98.816,NA,0,0,0,-132.51
1800,11,25,860.859,1114.899,30000.967,2,20,170.476,114.997,NA,20.726,0.069,136.975,136.975
1801,11,26,860.859,1129.545,30300.977,2,63,185.122,129.376,NA,14.646,0.049,90,-46.975
1802,11,27,864.899,1138.636,30600.987,2,61,195.07,137.708,NA,9.948,0.033,66.038,-23.962
1803,11,28,867.424,1154.293,30900.996,2,13,210.929,152.931,NA,15.859,0.053,80.838,14.8
1804,11,29,862.879,1167.929,31201.006,2,109,225.303,167.009,NA,14.374,0.048,108.435,27.597
1805,11,30,862.879,1167.929,31501.016,2,50,225.303,167.009,NA,0,0,0,-108.435
1806,11,31,865.909,1190.152,31801.025,2,172,247.731,188.757,NA,22.428,0.075,82.235,82.235
1807,11,32,879.04,1206.313,32101.035,2,143,268.555,204.103,NA,20.824,0.069,50.906,-31.329
1808,11,33,877.525,1215.404,32401.045,2,175,277.771,213.232,NA,9.216,0.031,99.462,48.556
1809,11,34,877.525,1215.404,32701.054,2,144,277.771,213.232,NA,0,0,0,-99.462
1810,11,35,877.525,1231.566,33001.064,2,127,293.933,229.387,NA,16.162,0.054,90,90
1811,11,36,876.515,1243.687,33301.074,2,186,306.096,241.533,NA,12.163,0.041,94.764,4.764
1812,11,37,876.515,1243.687,33601.083,2,113,306.096,241.533,NA,0,0,0,-94.764
1813,11,38,883.586,1243.687,33901.093,2,194,313.167,241.415,NA,7.071,0.024,0,0
1814,11,39,883.586,1255.303,34201.103,2,205,324.783,253.031,NA,11.616,0.039,90,90
1815,11,40,883.586,1255.303,34501.113,2,237,324.783,253.031,NA,0,0,0,-90
1816,11,41,883.586,1255.303,34801.122,2,211,324.783,253.031,NA,0,0,0,0
1817,11,42,883.586,1255.303,35101.132,2,224,324.783,253.031,NA,0,0,0,0
1818,11,43,888.131,1251.768,35401.142,2,106,330.542,249.528,NA,5.758,0.019,-37.875,-37.875
1819,11,44,888.131,1251.768,35701.151,2,128,330.542,249.528,NA,0,0,0,37.875
1820,11,45,887.626,1262.879,36001.161,2,255,341.664,260.63,NA,11.123,0.037,92.603,92.603
1821,11,46,884.091,1263.889,36301.171,2,103,345.341,261.616,NA,3.677,0.012,164.055,71.452
1822,11,47,875,1271.97,36601.18,2,113,357.504,269.85,NA,12.163,0.041,138.366,-25.688
1823,11,48,875,1271.97,36901.19,2,102,357.504,269.85,NA,0,0,0,-138.366
1824,11,49,875,1271.97,37201.2,2,121,357.504,269.85,NA,0,0,0,0
1825,11,50,887.121,1268.434,37501.209,2,220,370.13,266.179,NA,12.626,0.042,-16.26,-16.26
1826,11,51,886.111,1268.434,37801.219,2,106,371.141,266.169,NA,1.01,0.003,180,-163.74
1827,11,52,881.566,1271.465,38101.229,2,117,376.603,269.204,NA,5.463,0.018,146.31,-33.69
1828,11,53,867.929,1285.606,38401.238,2,128,396.249,283.794,NA,19.645,0.065,133.958,-12.352
1829,11,54,867.929,1294.192,38701.248,2,154,404.834,292.366,NA,8.586,0.029,90,-43.958
1830,11,55,867.929,1299.242,39001.258,2,183,409.885,297.409,NA,5.051,0.017,90,0
1831,11,56,867.929,1299.242,39301.267,2,120,409.885,297.409,NA,0,0,0,-90
1832,11,57,873.99,1306.818,39601.277,2,181,419.587,304.713,NA,9.702,0.032,51.34,51.34
1833,11,58,873.99,1306.818,39901.287,2,121,419.587,304.713,NA,0,0,0,-51.34
1834,11,59,882.071,1306.818,40201.296,2,145,427.667,304.552,NA,8.081,0.027,0,0
1835,11,60,882.071,1307.323,40501.306,2,153,428.172,305.057,NA,0.505,0.002,90,90
1836,11,61,880.051,1298.737,40801.316,2,88,436.993,296.492,NA,8.82,0.029,-103.241,166.759
1837,11,62,881.061,1298.737,41101.325,2,110,438.003,296.48,NA,1.01,0.003,0,103.241
1838,11,63,881.061,1303.283,41401.335,2,180,442.548,301.025,NA,4.545,0.015,90,90
1839,11,64,880.051,1303.283,41701.345,2,226,443.558,301.037,NA,1.01,0.003,180,90
1840,11,65,879.545,1303.283,42001.354,2,255,444.064,301.044,NA,0.505,0.002,180,0
1841,11,66,873.99,1303.283,42301.364,2,220,449.619,301.18,NA,5.556,0.019,180,0
1842,11,67,870.455,1303.788,42601.374,2,138,453.19,301.823,NA,3.571,0.012,171.87,-8.13
1843,11,68,865.909,1307.323,42901.383,2,134,458.949,305.592,NA,5.758,0.019,142.125,-29.745
1844,11,69,867.929,1311.869,43201.393,2,157,463.923,310.018,NA,4.974,0.017,66.038,-76.088
1845,11,70,872.475,1306.313,43501.403,2,157,471.101,304.262,NA,7.178,0.024,-50.711,-116.748
1846,11,71,881.566,1302.273,43801.412,2,255,481.049,300.011,NA,9.948,0.033,-23.962,26.748
1847,11,72,882.071,1300.758,44101.422,2,199,482.647,298.492,NA,1.597,0.005,-71.565,-47.603
1848,11,73,881.061,1300.758,44401.432,2,255,483.657,298.5,NA,1.01,0.003,180,-108.435
1849,11,74,884.596,1300.758,44701.441,2,249,487.192,298.485,NA,3.535,0.012,0,-180
1850,11,75,885.101,1300.758,45001.451,2,242,487.697,298.487,NA,0.505,0.002,0,0
1851,11,76,885.101,1300.253,45301.461,2,193,488.202,297.982,NA,0.505,0.002,-90,-90
1852,11,77,883.081,1308.333,45601.47,2,242,496.532,306.062,NA,8.33,0.028,104.036,-165.964
1853,11,78,878.03,1314.899,45901.48,2,171,504.815,312.685,NA,8.283,0.028,127.569,23.532
1854,11,79,868.434,1318.939,46201.49,2,134,515.227,317.053,NA,10.412,0.035,157.166,29.598
1855,11,80,870.455,1311.364,46501.499,2,118,523.067,309.392,NA,7.84,0.026,-75.069,127.765
1856,11,81,877.525,1311.364,46801.509,2,98,530.138,309.161,NA,7.071,0.024,0,75.069
1857,11,82,889.141,1311.364,47101.519,2,252,541.754,309.132,NA,11.616,0.039,0,0
1858,11,83,887.121,1307.828,47401.529,2,255,545.826,305.571,NA,4.072,0.014,-119.745,-119.745
1859,11,84,887.626,1307.828,47701.538,2,122,546.331,305.576,NA,0.505,0.002,0,119.745
1860,11,85,877.02,1317.929,48001.548,2,210,560.978,315.736,NA,14.646,0.049,136.397,136.397
1861,11,86,875.505,1317.929,48301.558,2,151,562.493,315.773,NA,1.515,0.005,180,43.603
1862,11,87,881.566,1317.929,48601.567,2,200,568.553,315.667,NA,6.061,0.02,0,-180
1863,11,88,888.131,1313.889,48901.577,2,126,576.263,311.642,NA,7.709,0.026,-31.608,-31.608
1864,11,89,881.566,1313.889,49201.587,2,196,582.828,311.626,NA,6.566,0.022,180,-148.392
1865,11,90,881.566,1313.889,49501.596,2,175,582.828,311.626,NA,0,0,0,-180
1866,11,91,881.566,1323.99,49801.606,2,255,592.929,321.727,NA,10.101,0.034,90,90
1867,11,92,876.01,1323.99,50101.616,2,228,598.485,321.819,NA,5.556,0.019,180,90
1868,11,93,876.01,1321.465,50401.625,2,158,601.01,319.294,NA,2.525,0.008,-90,90
1869,11,94,876.01,1307.828,50701.635,2,189,614.646,305.662,NA,13.636,0.045,-90,0
1870,11,95,876.01,1303.788,51001.645,2,195,618.687,301.623,NA,4.04,0.013,-90,0
1871,11,96,874.495,1292.677,51301.654,2,133,629.901,290.563,NA,11.214,0.037,-97.765,-7.765
1872,11,97,873.99,1293.182,51601.664,2,237,630.615,291.084,NA,0.714,0.002,135,-127.235
1873,11,98,873.99,1293.182,51901.674,2,103,630.615,291.084,NA,0,0,0,-135
1874,11,99,878.03,1297.727,52201.683,2,147,636.697,295.517,NA,6.082,0.02,48.366,48.366
1875,11,100,878.03,1297.727,52501.693,2,119,636.697,295.517,NA,0,0,0,-48.366
1876,11,101,878.03,1297.727,52801.703,2,155,636.697,295.517,NA,0,0,0,0
1877,11,102,876.01,1297.727,53101.712,2,222,638.717,295.565,NA,2.02,0.007,180,180
1878,11,103,876.01,1296.717,53401.722,2,169,639.727,294.555,NA,1.01,0.003,-90,90
1879,11,104,876.01,1296.717,53701.732,2,72,639.727,294.555,NA,0,0,0,90
1880,11,105,876.01,1296.717,54001.741,2,98,639.727,294.555,NA,0,0,0,0
1881,11,106,883.586,1296.717,54301.751,2,170,647.303,294.445,NA,7.576,0.025,0,0
1882,11,107,883.586,1296.717,54601.761,2,86,647.303,294.445,NA,0,0,0,0
1883,11,108,883.586,1296.717,54901.77,2,218,647.303,294.445,NA,0,0,0,0
1884,11,109,883.586,1296.717,55201.78,2,155,647.303,294.445,NA,0,0,0,0
1885,11,110,883.586,1301.768,55501.79,2,176,652.353,299.495,NA,5.051,0.017,90,90
1886,11,111,883.586,1301.768,55801.799,2,255,652.353,299.495,NA,0,0,0,-90
1887,11,112,883.081,1305.303,56101.809,2,148,655.925,303.032,NA,3.571,0.012,98.13,98.13
1888,11,113,883.081,1305.303,56401.819,2,202,655.925,303.032,NA,0,0,0,-98.13
1889,11,114,879.545,1305.303,56701.828,2,224,659.46,303.064,NA,3.535,0.012,180,180
1890,11,115,879.545,1305.303,57001.838,2,178,659.46,303.064,NA,0,0,0,-180
1891,11,116,879.545,1305.303,57301.848,2,131,659.46,303.064,NA,0,0,0,0
1892,11,117,883.586,1303.283,57601.857,2,191,663.977,301.011,NA,4.517,0.015,-26.565,-26.565
1893,11,118,886.616,1303.283,57901.867,2,214,667.007,301.021,NA,3.03,0.01,0,26.565
1894,11,119,885.101,1301.263,58201.877,2,158,669.533,298.992,NA,2.525,0.008,-126.87,-126.87
1895,11,120,882.071,1317.929,58501.886,2,183,686.473,315.663,NA,16.94,0.056,100.305,-132.825
1896,11,121,882.071,1317.929,58801.896,2,239,686.473,315.663,NA,0,0,0,-100.305
1897,11,122,882.071,1317.929,59101.906,2,190,686.473,315.663,NA,0,0,0,0
1898,11,123,881.566,1317.424,59401.915,2,227,687.187,315.162,NA,0.714,0.002,-135,-135
1899,11,124,878.535,1317.424,59701.925,2,187,690.217,315.2,NA,3.03,0.01,180,-45
1900,11,125,876.515,1325.505,60001.935,2,165,698.547,323.321,NA,8.33,0.028,104.036,-75.964
1901,11,126,876.515,1325.505,60301.944,2,132,698.547,323.321,NA,0,0,0,-104.036
1902,11,127,876.515,1325.505,60601.954,2,135,698.547,323.321,NA,0,0,0,0
1903,11,128,876.515,1325.505,60901.964,2,116,698.547,323.321,NA,0,0,0,0
1904,11,129,876.515,1325.505,61201.974,2,133,698.547,323.321,NA,0,0,0,0
1905,11,130,876.515,1316.414,61501.983,2,209,707.638,314.233,NA,9.091,0.03,-90,-90
1906,11,131,880.051,1313.384,61801.993,2,167,712.294,311.137,NA,4.656,0.016,-40.601,49.399
1907,11,132,875,1311.364,62102.003,2,233,717.734,309.225,NA,5.44,0.018,-158.199,-117.597
1908,11,133,878.535,1310.354,62402.012,2,175,721.41,308.131,NA,3.677,0.012,-15.945,142.253
1909,11,134,881.061,1310.354,62702.022,2,223,723.936,308.096,NA,2.525,0.008,0,15.945
1910,11,135,881.061,1310.354,63002.032,2,119,723.936,308.096,NA,0,0,0,0
1911,11,136,887.121,1310.354,63302.041,2,164,729.996,308.096,NA,6.061,0.02,0,0
1912,11,137,890.657,1305.303,63602.051,2,220,736.161,303.101,NA,6.165,0.021,-55.008,-55.008
1913,11,138,890.657,1305.303,63902.061,2,199,736.161,303.101,NA,0,0,0,55.008
1914,11,139,888.636,1304.293,64202.07,2,165,738.42,302.054,NA,2.259,0.008,-153.435,-153.435
1915,11,140,889.141,1301.768,64502.08,2,139,740.995,299.538,NA,2.575,0.009,-78.69,74.745
1916,11,141,892.677,1301.768,64802.09,2,176,744.53,299.618,NA,3.535,0.012,0,78.69
1917,11,142,892.677,1301.768,65102.099,2,92,744.53,299.618,NA,0,0,0,0
1918,11,143,892.677,1301.768,65402.109,2,75,744.53,299.618,NA,0,0,0,0
1919,11,144,901.263,1304.798,65702.119,2,117,753.635,303.012,NA,9.105,0.03,19.44,19.44
1920,11,145,901.263,1304.798,66002.128,2,137,753.635,303.012,NA,0,0,0,-19.44
1921,11,146,901.263,1304.798,66302.138,2,158,753.635,303.012,NA,0,0,0,0
1922,11,147,903.788,1306.818,66602.148,2,63,756.869,305.182,NA,3.234,0.011,38.66,38.66
1923,11,148,911.869,1320.96,66902.157,2,114,773.157,319.895,NA,16.287,0.054,60.255,21.595
1924,11,149,911.869,1320.96,67202.167,2,89,773.157,319.895,NA,0,0,0,-60.255
1925,11,150,912.374,1328.535,67502.177,2,117,780.749,327.486,NA,7.593,0.025,86.186,86.186
1926,11,151,918.939,1328.535,67802.186,2,133,787.315,328.118,NA,6.566,0.022,0,-86.186
1927,11,152,927.525,1334.091,68102.196,2,135,797.541,334.649,NA,10.226,0.034,32.905,32.905
1928,11,153,927.525,1334.091,68402.206,2,222,797.541,334.649,NA,0,0,0,-32.905
1929,11,154,933.586,1340.152,68702.215,2,107,806.112,341.485,NA,8.571,0.029,45,45
1930,11,155,933.586,1345.202,69002.225,2,138,811.163,346.483,NA,5.051,0.017,90,45
1931,11,156,928.535,1348.737,69302.235,2,212,817.328,349.304,NA,6.165,0.021,145.008,55.008
1932,11,157,926.515,1354.293,69602.244,2,176,823.239,354.567,NA,5.911,0.02,109.983,-35.025
1933,11,158,930.051,1367.929,69902.254,2,147,837.326,368.534,NA,14.087,0.047,75.466,-34.518
1934,11,159,930.051,1367.929,70202.264,2,89,837.326,368.534,NA,0,0,0,-75.466
1935,11,160,936.111,1371.465,70502.273,2,196,844.343,372.839,NA,7.016,0.023,30.256,30.256
1936,11,161,938.131,1376.515,70802.283,2,122,849.782,378.124,NA,5.44,0.018,68.199,37.942
1937,11,162,938.131,1376.515,71102.293,2,199,849.782,378.124,NA,0,0,0,-68.199
1938,11,163,938.131,1384.091,71402.302,2,41,857.358,385.624,NA,7.576,0.025,90,90
1939,11,164,938.131,1385.606,71702.312,2,56,858.873,387.124,NA,1.515,0.005,90,0
1940,11,166,938.131,1380.556,72002.322,2,140,863.924,382.123,NA,5.051,0.017,-90,-180
1941,12,1,616.414,646.717,11700.377,2,9,0,0,NA,NA,NA,NA,NA
1942,12,2,610.859,639.141,12000.387,2,22,9.394,9.394,NA,9.394,0.031,-126.254,NA
1943,12,3,607.323,630.556,12300.397,2,16,18.68,18.543,NA,9.285,0.031,-112.38,13.874
1944,12,4,597.727,619.444,12600.406,2,47,33.361,33.061,NA,14.681,0.049,-130.815,-18.435
1945,12,5,593.182,614.899,12900.416,2,77,39.789,39.397,NA,6.428,0.021,-135,-4.185
1946,12,6,593.182,614.899,13200.426,2,93,39.789,39.397,NA,0,0,0,135
1947,12,7,593.182,614.899,13500.435,2,158,39.789,39.397,NA,0,0,0,0
1948,12,8,593.182,614.899,13800.445,2,33,39.789,39.397,NA,0,0,0,0
1949,12,9,584.596,606.818,14100.455,2,40,51.58,51.033,NA,11.791,0.039,-136.736,-136.736
1950,12,10,583.586,597.222,14400.464,2,43,61.229,59.392,NA,9.649,0.032,-96.009,40.727
1951,12,11,573.99,590.657,14700.474,2,115,72.856,70.304,NA,11.627,0.039,-145.62,-49.611
1952,12,12,567.424,588.131,15000.484,2,124,79.89,76.37,NA,7.035,0.023,-158.962,-13.343
1953,12,13,564.394,581.566,15300.493,2,180,87.122,83.372,NA,7.231,0.024,-114.775,44.187
1954,12,14,564.394,581.566,15600.503,2,163,87.122,83.372,NA,0,0,0,114.775
1955,12,15,564.394,581.566,15900.513,2,216,87.122,83.372,NA,0,0,0,0
1956,12,16,560.859,579.545,16200.522,2,173,91.193,87.169,NA,4.072,0.014,-150.255,-150.255
1957,12,17,560.859,579.545,16500.532,2,153,91.193,87.169,NA,0,0,0,150.255
1958,12,18,560.859,571.97,16800.542,2,236,98.769,93.132,NA,7.576,0.025,-90,-90
1959,12,19,560.859,571.97,17100.551,2,202,98.769,93.132,NA,0,0,0,90
1960,12,20,560.859,571.97,17400.561,2,221,98.769,93.132,NA,0,0,0,0
1961,12,21,560.859,571.97,17700.571,2,100,98.769,93.132,NA,0,0,0,0
1962,12,22,560.859,571.97,18000.58,2,125,98.769,93.132,NA,0,0,0,0
1963,12,23,560.859,577.02,18300.59,2,86,103.82,89.13,NA,5.051,0.017,90,90
1964,12,24,557.828,577.02,18600.6,2,63,106.85,91.049,NA,3.03,0.01,180,90
1965,12,25,557.828,577.02,18900.609,2,136,106.85,91.049,NA,0,0,0,-180
1966,12,26,557.828,577.02,19200.619,2,184,106.85,91.049,NA,0,0,0,0
1967,12,27,557.828,573.485,19500.629,2,159,110.385,93.783,NA,3.535,0.012,-90,-90
1968,12,28,556.818,570.96,19800.638,2,98,113.105,96.389,NA,2.72,0.009,-111.801,-21.801
1969,12,29,556.818,570.96,20100.648,2,112,113.105,96.389,NA,0,0,0,111.801
1970,12,30,556.818,570.96,20400.658,2,173,113.105,96.389,NA,0,0,0,0
1971,12,31,564.394,570.96,20700.668,2,189,120.681,91.898,NA,7.576,0.025,0,0
1972,12,32,564.394,570.96,21000.677,2,116,120.681,91.898,NA,0,0,0,0
1973,12,33,564.394,571.465,21300.687,2,171,121.186,91.482,NA,0.505,0.002,90,90
1974,12,34,559.848,571.465,21600.697,2,116,125.731,94.141,NA,4.545,0.015,180,90
1975,12,35,559.848,569.444,21900.706,2,153,127.752,95.764,NA,2.02,0.007,-90,90
1976,12,36,559.848,569.444,22200.716,2,233,127.752,95.764,NA,0,0,0,90
1977,12,37,559.848,579.04,22500.726,2,100,137.348,88.203,NA,9.596,0.032,90,90
1978,12,38,559.848,579.04,22800.735,2,152,137.348,88.203,NA,0,0,0,-90
1979,12,39,559.848,579.04,23100.745,2,128,137.348,88.203,NA,0,0,0,0
1980,12,40,559.848,576.515,23400.755,2,198,139.873,90.155,NA,2.525,0.008,-90,-90
1981,12,41,559.848,576.515,23700.764,2,169,139.873,90.155,NA,0,0,0,90
1982,12,42,559.848,578.03,24000.774,2,167,141.388,88.981,NA,1.515,0.005,90,90
1983,12,43,555.303,578.03,24300.784,2,141,145.933,91.937,NA,4.545,0.015,180,90
1984,12,44,555.303,578.03,24600.793,2,185,145.933,91.937,NA,0,0,0,-180
1985,12,45,555.303,578.03,24900.803,2,216,145.933,91.937,NA,0,0,0,0
1986,12,46,555.303,578.03,25200.813,2,246,145.933,91.937,NA,0,0,0,0
1987,12,47,551.263,578.03,25500.822,2,198,149.974,94.671,NA,4.04,0.013,180,180
1988,12,48,551.263,578.03,25800.832,2,93,149.974,94.671,NA,0,0,0,-180
1989,12,49,551.263,578.03,26100.842,2,163,149.974,94.671,NA,0,0,0,0
1990,12,50,551.263,578.03,26400.851,2,169,149.974,94.671,NA,0,0,0,0
1991,12,51,559.343,575,26700.861,2,143,158.604,91.654,NA,8.63,0.029,-20.556,-20.556
1992,12,52,562.879,575,27000.871,2,204,162.14,89.495,NA,3.535,0.012,0,20.556
1993,12,53,561.869,577.525,27300.88,2,137,164.859,88.106,NA,2.72,0.009,111.801,111.801
1994,12,54,564.394,579.545,27600.89,2,240,168.093,84.96,NA,3.234,0.011,38.66,-73.142
1995,12,55,564.394,579.545,27900.9,2,111,168.093,84.96,NA,0,0,0,-38.66
1996,12,56,556.818,579.545,28200.909,2,103,175.669,89.798,NA,7.576,0.025,180,180
1997,12,57,555.303,578.535,28500.919,2,251,177.49,91.561,NA,1.821,0.006,-146.31,33.69
1998,12,58,554.293,578.535,28800.929,2,128,178.5,92.238,NA,1.01,0.003,180,-33.69
1999,12,59,551.768,583.081,29100.938,2,131,183.7,90.712,NA,5.2,0.017,119.055,-60.945
2000,12,60,548.737,583.081,29400.948,2,218,186.73,92.896,NA,3.03,0.01,180,60.945
2001,12,61,556.818,583.081,29700.958,2,109,194.811,87.185,NA,8.081,0.027,0,-180
2002,12,62,556.818,583.081,30000.967,2,120,194.811,87.185,NA,0,0,0,0
2003,12,63,556.818,583.081,30300.977,2,97,194.811,87.185,NA,0,0,0,0
2004,12,64,556.818,579.04,30600.987,2,156,198.851,90.177,NA,4.04,0.013,-90,-90
2005,12,65,553.283,579.04,30900.996,2,138,202.387,92.551,NA,3.535,0.012,180,-90
2006,12,66,557.828,576.01,31201.006,2,159,207.85,91.825,NA,5.463,0.018,-33.69,146.31
2007,12,67,557.828,576.01,31501.016,2,136,207.85,91.825,NA,0,0,0,33.69
2008,12,68,557.828,576.01,31801.025,2,156,207.85,91.825,NA,0,0,0,0
2009,12,69,555.808,576.01,32101.035,2,110,209.87,93.127,NA,2.02,0.007,180,180
2010,12,70,552.273,590.657,32401.045,2,145,224.937,85.188,NA,15.067,0.05,103.57,-76.43
2011,12,71,552.273,579.04,32701.054,2,255,236.553,93.243,NA,11.616,0.039,-90,166.43
2012,12,72,552.273,579.04,33001.064,2,150,236.553,93.243,NA,0,0,0,90
2013,12,73,552.273,579.04,33301.074,2,121,236.553,93.243,NA,0,0,0,0
2014,12,74,552.273,579.04,33601.083,2,157,236.553,93.243,NA,0,0,0,0
2015,12,75,552.273,579.04,33901.093,2,155,236.553,93.243,NA,0,0,0,0
2016,12,76,558.838,579.04,34201.103,2,111,243.119,88.854,NA,6.566,0.022,0,0
2017,12,77,558.838,579.04,34501.113,2,132,243.119,88.854,NA,0,0,0,0
2018,12,78,558.838,579.04,34801.122,2,97,243.119,88.854,NA,0,0,0,0
2019,12,79,559.343,581.061,35101.132,2,108,245.201,86.993,NA,2.082,0.007,75.964,75.964
2020,12,80,561.869,580.556,35401.142,2,180,247.776,85.747,NA,2.575,0.009,-11.31,-87.274
2021,12,81,562.374,584.091,35701.151,2,91,251.348,82.719,NA,3.571,0.012,81.87,93.18
2022,12,82,554.293,588.636,36001.161,2,54,260.619,85.044,NA,9.271,0.031,150.642,68.772
2023,12,83,551.768,611.364,36301.171,2,64,283.486,73.682,NA,22.867,0.076,96.34,-54.302
2024,12,84,554.293,619.949,36601.18,2,112,292.436,67.643,NA,8.95,0.03,73.61,-22.73
2025,12,85,554.293,632.071,36901.19,2,130,304.557,63.824,NA,12.121,0.04,90,16.39
2026,12,86,554.293,632.071,37201.2,2,203,304.557,63.824,NA,0,0,0,-90
2027,12,87,554.293,628.535,37501.209,2,86,308.092,64.727,NA,3.535,0.012,-90,-90
2028,12,88,546.717,632.071,37801.219,2,74,316.452,71.219,NA,8.36,0.028,154.983,-115.017
2029,12,89,539.141,642.677,38101.229,2,72,329.486,77.378,NA,13.034,0.043,125.538,-29.445
2030,12,90,537.121,658.333,38401.238,2,136,345.273,80.139,NA,15.786,0.053,97.352,-28.185
2031,12,91,517.929,664.899,38701.248,2,87,365.557,100.149,NA,20.284,0.068,161.114,63.762
2032,12,92,507.323,664.899,39001.258,2,176,376.163,110.596,NA,10.606,0.035,180,18.886
2033,12,93,486.616,660.859,39301.267,2,150,397.26,130.566,NA,21.098,0.07,-168.959,11.041
2034,12,94,482.071,657.828,39601.277,2,197,402.723,134.802,NA,5.463,0.018,-146.31,22.649
2035,12,95,473.485,649.242,39901.287,2,97,414.865,142.952,NA,12.142,0.04,-135,11.31
2036,12,96,462.879,643.687,40201.296,2,82,426.838,153.565,NA,11.973,0.04,-152.354,-17.354
2037,12,97,449.242,632.071,40501.306,2,84,444.752,167.812,NA,17.913,0.06,-139.574,12.78
2038,12,98,442.172,621.97,40801.316,2,135,457.082,175.991,NA,12.33,0.041,-124.992,14.582
2039,12,99,436.111,612.879,41101.325,2,139,468.007,183.451,NA,10.926,0.036,-123.69,1.302
2040,12,100,421.465,598.737,41401.335,2,100,488.367,200.767,NA,20.359,0.068,-136.005,-12.315
2041,12,101,407.323,594.697,41701.345,2,201,503.074,215.465,NA,14.707,0.049,-164.055,-28.05
2042,12,102,373.485,592.172,42001.354,2,108,537.006,248.978,NA,33.932,0.113,-175.732,-11.678
2043,12,103,350.758,588.636,42301.364,2,138,560.007,271.932,NA,23.001,0.077,-171.158,4.574
2044,12,104,349.747,588.131,42601.374,2,252,561.136,273.026,NA,1.129,0.004,-153.435,17.723
2045,12,105,338.636,579.04,42901.383,2,117,575.493,285.903,NA,14.356,0.048,-140.711,12.724
2046,12,106,334.596,572.98,43201.393,2,113,582.777,291.305,NA,7.284,0.024,-123.69,17.021
2047,12,107,337.121,566.414,43501.403,2,156,589.811,290.608,NA,7.035,0.023,-68.962,54.728
2048,12,108,334.091,568.939,43801.412,2,134,593.756,292.841,NA,3.945,0.013,140.194,-150.843
2049,12,109,326.01,568.939,44101.422,2,106,601.836,300.639,NA,8.081,0.027,180,39.806
2050,12,110,322.98,572.98,44401.432,2,99,606.887,302.557,NA,5.051,0.017,126.87,-53.13
2051,12,111,311.364,572.98,44701.441,2,47,618.503,313.836,NA,11.616,0.039,180,53.13
2052,12,112,311.364,575.505,45001.451,2,119,621.028,313.252,NA,2.525,0.008,90,-90
2053,12,113,311.364,575.505,45301.461,2,86,621.028,313.252,NA,0,0,0,-90
2054,12,114,311.364,577.525,45601.47,2,71,623.049,312.799,NA,2.02,0.007,90,90
2055,12,115,311.364,577.525,45901.48,2,52,623.049,312.799,NA,0,0,0,-90
2056,12,116,311.364,577.525,46201.49,2,86,623.049,312.799,NA,0,0,0,0
2057,12,117,305.808,577.525,46501.499,2,80,628.604,318.219,NA,5.556,0.019,180,180
2058,12,118,305.808,577.525,46801.509,2,85,628.604,318.219,NA,0,0,0,-180
2059,12,119,305.808,577.525,47101.519,2,87,628.604,318.219,NA,0,0,0,0
2060,12,120,305.808,577.525,47401.529,2,131,628.604,318.219,NA,0,0,0,0
2061,12,121,305.808,569.444,47701.538,2,194,636.685,320.074,NA,8.081,0.027,-90,-90
2062,12,122,305.808,569.444,48001.548,2,206,636.685,320.074,NA,0,0,0,90
2063,12,123,304.798,565.909,48301.558,2,186,640.362,321.923,NA,3.677,0.012,-105.945,-105.945
2064,12,124,298.232,561.364,48601.567,2,73,648.347,329.431,NA,7.986,0.027,-145.305,-39.359
2065,12,125,298.232,561.364,48901.577,2,189,648.347,329.431,NA,0,0,0,145.305
2066,12,126,296.717,560.354,49201.587,2,130,650.168,331.157,NA,1.821,0.006,-146.31,-146.31
2067,12,127,293.182,559.848,49501.596,2,153,653.74,334.702,NA,3.571,0.012,-171.87,-25.56
2068,12,128,293.182,559.848,49801.606,2,171,653.74,334.702,NA,0,0,0,171.87
2069,12,129,289.141,559.848,50101.616,2,205,657.78,338.605,NA,4.04,0.013,180,180
2070,12,130,289.141,559.848,50401.625,2,127,657.78,338.605,NA,0,0,0,-180
2071,12,131,283.081,559.848,50701.635,2,207,663.841,344.467,NA,6.061,0.02,180,180
2072,12,132,279.04,559.848,51001.645,2,154,667.881,348.378,NA,4.04,0.013,180,0
2073,12,133,275,558.838,51301.654,2,35,672.046,352.543,NA,4.165,0.014,-165.964,14.036
2074,12,134,275,558.838,51601.664,2,61,672.046,352.543,NA,0,0,0,165.964
2075,12,135,275,554.293,51901.674,2,171,676.591,353.703,NA,4.545,0.015,-90,-90
2076,12,136,269.444,551.768,52201.683,2,123,682.694,359.727,NA,6.103,0.02,-155.556,-65.556
2077,12,137,261.869,549.242,52501.693,2,113,690.679,367.701,NA,7.986,0.027,-161.565,-6.009
2078,12,138,256.818,549.242,52801.703,2,80,695.73,372.573,NA,5.051,0.017,180,-18.435
2079,12,139,251.768,549.242,53101.712,2,96,700.78,377.45,NA,5.051,0.017,180,0
2080,12,140,251.768,549.242,53401.722,2,106,700.78,377.45,NA,0,0,0,-180
2081,12,141,239.646,542.677,53701.732,2,172,714.566,390.869,NA,13.785,0.046,-151.557,-151.557
2082,12,142,227.525,532.576,54001.741,2,83,730.344,405.294,NA,15.778,0.053,-140.194,11.363
2083,13,1,719.318,585.227,12600.406,2,33,0,0,NA,NA,NA,NA,NA
2084,13,2,711.742,583.333,12900.416,2,34,7.809,7.809,NA,7.809,0.026,-165.964,NA
2085,13,3,710.985,575.758,13200.426,2,87,15.422,12.614,NA,7.614,0.025,-95.711,70.253
2086,13,4,711.364,575.758,13500.435,2,88,15.801,12.367,NA,0.379,0.001,0,95.711
2087,13,5,711.364,574.621,13800.445,2,80,16.938,13.258,NA,1.136,0.004,-90,-90
2088,13,6,711.364,574.621,14100.455,2,86,16.938,13.258,NA,0,0,0,90
2089,13,7,702.273,570.076,14400.464,2,99,27.102,22.806,NA,10.164,0.034,-153.435,-153.435
2090,13,8,697.348,565.152,14700.474,2,129,34.065,29.761,NA,6.964,0.023,-135,18.435
2091,13,9,691.288,560.606,15000.484,2,91,41.641,37.308,NA,7.576,0.025,-143.13,-8.13
2092,13,10,679.167,564.394,15300.493,2,167,54.341,45.235,NA,12.699,0.042,162.646,-54.224
2093,13,11,667.424,564.394,15600.503,2,242,66.083,55.92,NA,11.742,0.039,180,17.354
2094,13,12,664.394,561.742,15900.513,2,255,70.11,59.735,NA,4.027,0.013,-138.814,41.186
2095,13,13,664.394,561.742,16200.522,2,241,70.11,59.735,NA,0,0,0,138.814
2096,13,14,662.5,558.712,16500.532,2,255,73.683,62.701,NA,3.573,0.012,-122.005,-122.005
2097,13,15,660.606,554.924,16800.542,2,248,77.918,66.071,NA,4.235,0.014,-116.565,5.44
2098,13,16,659.848,550.379,17100.551,2,251,82.526,68.928,NA,4.608,0.015,-99.462,17.103
2099,13,17,659.848,550.379,17400.561,2,255,82.526,68.928,NA,0,0,0,99.462
2100,13,18,659.848,542.803,17700.571,2,255,90.102,73.051,NA,7.576,0.025,-90,-90
2101,13,19,661.742,542.803,18000.58,2,218,91.996,71.518,NA,1.894,0.006,0,90
2102,13,20,661.742,542.803,18300.59,2,255,91.996,71.518,NA,0,0,0,0
2103,13,21,661.742,542.803,18600.6,2,244,91.996,71.518,NA,0,0,0,0
2104,13,22,664.015,542.803,18900.609,2,244,94.269,69.701,NA,2.273,0.008,0,0
2105,13,23,669.697,542.803,19200.619,2,255,99.95,65.285,NA,5.682,0.019,0,0
2106,13,24,669.697,546.97,19500.629,2,255,104.117,62.657,NA,4.167,0.014,90,90
2107,13,25,669.697,548.106,19800.638,2,213,105.253,61.97,NA,1.136,0.004,90,0
2108,13,26,669.697,553.409,20100.648,2,255,110.556,58.946,NA,5.303,0.018,90,0
2109,13,27,669.697,553.409,20400.658,2,255,110.556,58.946,NA,0,0,0,-90
2110,13,28,669.697,553.409,20700.668,2,255,110.556,58.946,NA,0,0,0,0
2111,13,29,659.848,546.591,21000.677,2,255,122.535,70.918,NA,11.978,0.04,-145.305,-145.305
2112,13,30,654.924,543.939,21300.687,2,255,128.127,76.494,NA,5.593,0.019,-151.699,-6.394
2113,13,31,648.864,542.424,21600.697,2,247,134.375,82.438,NA,6.247,0.021,-165.964,-14.265
2114,13,32,648.864,537.5,21900.706,2,241,139.299,85.098,NA,4.924,0.016,-90,75.964
2115,13,33,638.258,529.167,22200.716,2,255,152.787,98.558,NA,13.488,0.045,-141.843,-51.843
2116,13,34,637.5,529.167,22500.726,2,253,153.545,99.182,NA,0.758,0.003,180,-38.157
2117,13,35,633.712,526.894,22800.735,2,255,157.962,103.591,NA,4.417,0.015,-149.036,30.964
2118,13,36,633.712,526.894,23100.745,2,222,157.962,103.591,NA,0,0,0,149.036
2119,13,37,624.242,523.864,23400.755,2,249,167.905,113.159,NA,9.943,0.033,-162.255,-162.255
2120,13,38,624.242,523.864,23700.764,2,248,167.905,113.159,NA,0,0,0,162.255
2121,13,39,628.03,528.409,24000.774,2,255,173.822,107.526,NA,5.917,0.02,50.194,50.194
2122,13,40,628.03,531.439,24300.784,2,255,176.852,105.956,NA,3.03,0.01,90,39.806
2123,13,41,631.818,532.197,24600.793,2,255,180.715,102.316,NA,3.863,0.013,11.31,-78.69
2124,13,42,631.818,532.197,24900.803,2,255,180.715,102.316,NA,0,0,0,-11.31
2125,13,43,631.818,532.197,25200.813,2,255,180.715,102.316,NA,0,0,0,0
2126,13,44,631.818,529.545,25500.822,2,255,183.366,103.715,NA,2.652,0.009,-90,-90
2127,13,45,631.818,529.545,25800.832,2,255,183.366,103.715,NA,0,0,0,90
2128,13,46,631.818,529.545,26100.842,2,255,183.366,103.715,NA,0,0,0,0
2129,13,47,631.818,529.545,26400.851,2,255,183.366,103.715,NA,0,0,0,0
2130,13,48,631.818,529.545,26700.861,2,255,183.366,103.715,NA,0,0,0,0
2131,13,49,634.47,529.545,27000.871,2,255,186.018,101.488,NA,2.652,0.009,0,0
2132,13,50,635.227,528.409,27300.88,2,255,187.384,101.487,NA,1.366,0.005,-56.31,-56.31
2133,13,51,635.227,525.758,27600.89,2,255,190.035,102.995,NA,2.652,0.009,-90,-33.69
2134,13,52,635.227,519.697,27900.9,2,255,196.096,106.609,NA,6.061,0.02,-90,0
2135,13,53,635.227,516.288,28200.909,2,255,199.505,108.738,NA,3.409,0.011,-90,0
2136,13,54,632.955,514.015,28500.919,2,255,202.719,111.937,NA,3.214,0.011,-135,-45
2137,13,55,629.545,514.015,28800.929,2,255,206.128,114.588,NA,3.409,0.011,180,-45
2138,13,56,623.106,507.955,29100.938,2,255,214.971,123.401,NA,8.843,0.029,-136.736,43.264
2139,13,57,618.561,506.818,29400.948,2,255,219.656,127.672,NA,4.685,0.016,-165.964,-29.228
2140,13,58,615.53,504.545,29700.958,2,255,223.444,131.459,NA,3.788,0.013,-143.13,22.834
2141,13,59,615.53,504.545,30000.967,2,255,223.444,131.459,NA,0,0,0,143.13
2142,13,60,613.636,506.439,30300.977,2,255,226.123,131.819,NA,2.678,0.009,135,135
2143,13,61,604.924,506.439,30600.987,2,250,234.835,138.901,NA,8.712,0.029,180,45
2144,13,62,604.924,506.439,30900.996,2,255,234.835,138.901,NA,0,0,0,-180
2145,13,63,604.924,506.061,31201.006,2,255,235.214,139.116,NA,0.379,0.001,-90,-90
2146,13,64,610.985,503.03,31501.016,2,255,241.989,135.987,NA,6.776,0.023,-26.565,63.435
2147,13,65,611.742,496.97,31801.025,2,255,248.097,139.147,NA,6.108,0.02,-82.875,-56.31
2148,13,66,616.667,496.97,32101.035,2,255,253.021,135.376,NA,4.924,0.016,0,82.875
2149,13,67,616.667,496.97,32401.045,2,255,253.021,135.376,NA,0,0,0,0
2150,13,68,616.667,496.97,32701.054,2,255,253.021,135.376,NA,0,0,0,0
2151,13,69,616.667,496.97,33001.064,2,255,253.021,135.376,NA,0,0,0,0
2152,13,70,619.697,501.894,33301.074,2,255,258.803,129.88,NA,5.782,0.019,58.392,58.392
2153,13,71,625.379,501.894,33601.083,2,255,264.485,125.575,NA,5.682,0.019,0,-58.392
2154,13,72,625.379,507.576,33901.093,2,255,270.167,121.878,NA,5.682,0.019,90,90
2155,13,73,625.379,510.606,34201.103,2,255,273.197,119.971,NA,3.03,0.01,90,0
2156,13,74,625.758,516.667,34501.113,2,255,279.27,115.992,NA,6.072,0.02,86.424,-3.576
2157,13,75,629.167,523.864,34801.122,2,255,287.233,109.054,NA,7.964,0.027,64.654,-21.77
2158,13,76,628.788,525,35101.132,2,255,288.431,108.734,NA,1.198,0.004,108.435,43.781
2159,13,77,617.424,531.439,35401.142,2,255,301.493,115.219,NA,13.061,0.044,150.461,42.026
2160,13,78,603.409,538.636,35701.151,2,255,317.248,124.922,NA,15.755,0.053,152.819,2.358
2161,13,79,594.318,541.667,36001.161,2,255,326.83,132.373,NA,9.583,0.032,161.565,8.746
2162,13,80,583.712,550,36301.171,2,255,340.318,140.107,NA,13.488,0.045,141.843,-19.722
2163,13,81,585.606,540.909,36601.18,2,255,349.605,140.865,NA,9.286,0.031,-78.232,139.926
2164,13,82,585.606,537.5,36901.19,2,255,353.014,141.975,NA,3.409,0.011,-90,-11.768
2165,13,83,585.606,535.227,37201.2,2,255,355.286,142.755,NA,2.273,0.008,-90,0
2166,13,84,585.606,535.227,37501.209,2,255,355.286,142.755,NA,0,0,0,90
2167,13,85,579.545,540.152,37801.219,2,255,363.095,146.861,NA,7.809,0.026,140.906,140.906
2168,13,86,575,540.53,38101.229,2,249,367.656,151.081,NA,4.561,0.015,175.236,34.33
2169,13,87,568.561,542.803,38401.238,2,255,374.485,156.613,NA,6.829,0.023,160.56,-14.676
2170,13,88,564.015,543.939,38701.248,2,255,379.171,160.698,NA,4.685,0.016,165.964,5.404
2171,13,89,555.303,542.424,39001.258,2,255,388.013,169.508,NA,8.843,0.029,-170.134,23.902
2172,13,90,553.03,536.742,39301.267,2,255,394.133,173.212,NA,6.12,0.02,-111.801,58.333
2173,13,91,557.955,536.742,39601.277,2,255,399.057,168.49,NA,4.924,0.016,0,111.801
2174,13,92,571.591,536.742,39901.287,2,255,412.694,155.48,NA,13.636,0.045,0,0
2175,13,93,571.591,543.182,40201.296,2,255,419.133,153.594,NA,6.439,0.021,90,90
2176,13,94,581.818,543.182,40501.306,2,255,429.36,143.785,NA,10.227,0.034,0,-90
2177,13,95,590.152,542.803,40801.316,2,255,437.702,135.955,NA,8.342,0.028,-2.603,-2.603
2178,13,96,590.909,540.909,41101.325,2,255,439.742,135.842,NA,2.04,0.007,-68.199,-65.596
2179,13,97,595.076,540.909,41401.335,2,255,443.909,131.91,NA,4.167,0.014,0,68.199
2180,13,98,595.076,540.909,41701.345,2,255,443.909,131.91,NA,0,0,0,0
2181,13,99,595.076,544.697,42001.354,2,255,447.697,130.686,NA,3.788,0.013,90,90
2182,13,100,594.318,544.697,42301.364,2,255,448.454,131.407,NA,0.758,0.003,180,90
2183,13,101,590.152,537.121,42601.374,2,255,457.1,137.834,NA,8.646,0.029,-118.811,61.189
2184,13,102,590.152,537.121,42901.383,2,255,457.1,137.834,NA,0,0,0,118.811
2185,13,103,587.5,529.545,43201.393,2,255,465.126,143.096,NA,8.026,0.027,-109.29,-109.29
2186,13,104,587.5,529.545,43501.403,2,255,465.126,143.096,NA,0,0,0,109.29
2187,13,105,588.636,528.409,43801.412,2,255,466.734,142.499,NA,1.607,0.005,-45,-45
2188,13,106,591.288,526.515,44101.422,2,255,469.992,140.851,NA,3.258,0.011,-35.538,9.462
2189,13,107,596.212,526.136,44401.432,2,240,474.931,136.553,NA,4.939,0.016,-4.399,31.139
2190,13,108,602.273,523.485,44701.441,2,255,481.546,132.332,NA,6.615,0.022,-23.629,-19.231
2191,13,109,602.273,523.485,45001.451,2,255,481.546,132.332,NA,0,0,0,23.629
2192,13,110,607.576,517.803,45301.461,2,255,489.318,130.508,NA,7.772,0.026,-46.975,-46.975
2193,13,111,617.424,517.803,45601.47,2,181,499.167,122.182,NA,9.848,0.033,0,46.975
2194,13,112,619.697,512.5,45901.48,2,255,504.936,123.344,NA,5.77,0.019,-66.801,-66.801
2195,13,113,619.697,506.818,46201.49,2,255,510.618,126.777,NA,5.682,0.019,-90,-23.199
2196,13,114,619.697,500.758,46501.499,2,255,516.679,130.612,NA,6.061,0.02,-90,0
2197,13,115,619.697,500.758,46801.509,2,255,516.679,130.612,NA,0,0,0,90
2198,13,116,613.636,499.242,47101.519,2,255,522.926,136.243,NA,6.247,0.021,-165.964,-165.964
2199,13,117,613.636,499.242,47401.529,2,255,522.926,136.243,NA,0,0,0,165.964
2200,13,118,606.818,499.242,47701.538,2,255,529.744,141.597,NA,6.818,0.023,180,180
2201,13,119,601.136,499.242,48001.548,2,255,535.426,146.152,NA,5.682,0.019,180,0
2202,13,120,610.606,490.152,48301.558,2,255,548.553,144.422,NA,13.127,0.044,-43.831,136.169
2203,13,121,613.636,493.182,48601.567,2,255,552.838,140.146,NA,4.285,0.014,45,88.831
2204,13,122,612.5,493.182,48901.577,2,255,553.975,141.005,NA,1.136,0.004,180,135
2205,13,123,605.303,493.182,49201.587,2,255,561.172,146.533,NA,7.197,0.024,180,0
2206,13,124,605.303,493.182,49501.596,2,255,561.172,146.533,NA,0,0,0,-180
2207,13,125,604.545,489.773,49801.606,2,255,564.664,149.279,NA,3.492,0.012,-102.529,-102.529
2208,13,126,604.545,480.682,50101.616,2,255,573.755,155.25,NA,9.091,0.03,-90,12.529
2209,13,127,606.818,471.212,50401.625,2,214,583.493,160.174,NA,9.739,0.032,-76.504,13.496
2210,13,128,606.818,471.591,50701.635,2,219,583.872,159.905,NA,0.379,0.001,90,166.504
2211,13,129,616.667,454.167,51001.645,2,255,603.887,166.476,NA,20.015,0.067,-60.524,-150.524
2212,13,130,616.667,443.939,51301.654,2,255,614.114,174.641,NA,10.227,0.034,-90,-29.476
2213,13,131,622.727,437.879,51601.664,2,255,622.685,176.186,NA,8.571,0.029,-45,45
2214,13,132,630.682,402.652,51901.674,2,255,658.799,202.954,NA,36.114,0.12,-77.276,-32.276
2215,13,133,630.682,389.015,52201.683,2,255,672.436,215.304,NA,13.636,0.045,-90,-12.724
2216,13,134,626.894,372.348,52501.693,2,255,689.528,232.077,NA,17.092,0.057,-102.804,-12.804
2217,13,135,626.894,362.879,52801.703,2,255,698.997,240.793,NA,9.47,0.032,-90,12.804
2218,13,136,626.894,362.879,53101.712,2,255,698.997,240.793,NA,0,0,0,90
2219,13,137,621.212,345.833,53401.722,2,255,716.965,258.717,NA,17.967,0.06,-108.435,-108.435
2220,13,138,612.121,328.788,53701.732,2,226,736.283,277.943,NA,19.318,0.064,-118.072,-9.638
2221,13,139,616.414,323.99,54001.741,2,255,742.721,280.774,NA,6.438,0.021,-48.18,69.893
2222,13,140,612.879,317.929,54301.751,2,255,749.737,287.711,NA,7.016,0.023,-120.256,-72.077
2223,13,141,626.01,317.929,54601.761,2,255,762.869,283.116,NA,13.131,0.044,0,120.256
2224,13,142,609.848,313.889,54901.77,2,255,779.528,292.589,NA,16.659,0.056,-165.964,-165.964
2225,13,143,597.222,310.354,55201.78,2,255,792.64,300.771,NA,13.112,0.044,-164.358,1.606
2226,13,144,604.293,293.182,55501.79,2,255,811.21,313.881,NA,18.57,0.062,-67.62,96.738
2227,13,145,614.899,285.606,55801.799,2,255,824.244,317.295,NA,13.034,0.043,-35.538,32.082
2228,13,146,614.899,285.606,56101.809,2,255,824.244,317.295,NA,0,0,0,35.538
2229,13,147,630.556,279.545,56401.819,2,255,841.033,318.308,NA,16.789,0.056,-21.161,-21.161
2230,13,148,636.616,269.444,56701.828,2,255,852.812,326.433,NA,11.78,0.039,-59.036,-37.875
2231,13,149,636.616,269.949,57001.838,2,255,853.317,325.944,NA,0.505,0.002,90,149.036
2232,13,150,636.616,269.949,57301.848,2,255,853.317,325.944,NA,0,0,0,-90
2233,13,151,644.192,258.838,57601.857,2,221,866.765,334.923,NA,13.448,0.045,-55.713,-55.713
2234,13,152,645.707,226.01,57901.867,2,186,899.629,366.682,NA,32.863,0.11,-87.357,-31.644
2235,13,153,641.667,204.293,58201.877,2,179,921.718,388.768,NA,22.09,0.074,-100.539,-13.182
2236,13,154,638.131,183.586,58501.886,2,255,942.725,409.765,NA,21.007,0.07,-99.689,0.85
2237,13,155,637.121,182.071,58801.896,2,255,944.546,411.451,NA,1.821,0.006,-123.69,-24.001
2238,14,1,897.222,1004.293,32701.054,2,20,0,0,NA,NA,NA,NA,NA
2239,14,2,902.273,1009.848,33001.064,2,64,7.508,7.508,NA,7.508,0.025,47.726,NA
2240,14,3,916.414,1025,33301.074,2,170,28.234,28.233,NA,20.726,0.069,46.975,-0.751
2241,14,4,929.04,1038.636,33601.083,2,79,46.818,46.817,NA,18.584,0.062,47.203,0.228
2242,14,5,930.051,1052.778,33901.093,2,133,60.995,58.553,NA,14.177,0.047,85.914,38.712
2243,14,6,943.182,1059.848,34201.103,2,95,75.909,72.102,NA,14.914,0.05,28.301,-57.614
2244,14,7,948.106,1068.939,34501.113,2,128,86.248,82.27,NA,10.339,0.034,61.557,33.256
2245,14,8,953.409,1078.03,34801.122,2,104,96.773,92.705,NA,10.525,0.035,59.744,-1.814
2246,14,9,946.97,1092.045,35101.132,2,181,112.196,100.873,NA,15.424,0.051,114.677,54.933
2247,14,10,935.985,1103.409,35401.142,2,121,128.001,106.426,NA,15.805,0.053,134.029,19.352
2248,14,11,925,1112.5,35701.151,2,80,142.26,111.716,NA,14.259,0.048,140.389,6.36
2249,14,12,924.621,1125.758,36001.161,2,207,155.523,124.517,NA,13.263,0.044,91.637,-48.753
2250,14,13,922.727,1147.348,36301.171,2,202,177.197,145.311,NA,21.674,0.072,95.013,3.377
2251,14,14,916.667,1176.894,36601.18,2,207,207.358,173.693,NA,30.161,0.101,101.592,6.579
2252,14,15,902.273,1197.348,36901.19,2,198,232.369,193.122,NA,25.011,0.083,125.134,23.542
2253,14,16,890.909,1195.076,37201.2,2,113,243.958,190.887,NA,11.589,0.039,-168.69,66.176
2254,14,17,884.091,1194.318,37501.209,2,91,250.818,190.478,NA,6.86,0.023,-173.66,-4.97
2255,14,18,887.5,1193.561,37801.219,2,194,254.31,189.517,NA,3.492,0.012,-12.529,161.131
2256,14,19,893.561,1203.03,38101.229,2,168,265.553,198.771,NA,11.243,0.037,57.381,69.91
2257,14,20,898.485,1211.742,38401.238,2,152,275.561,207.453,NA,10.007,0.033,60.524,3.143
2258,14,21,906.061,1217.045,38701.248,2,168,284.808,212.936,NA,9.247,0.031,34.992,-25.532
2259,14,22,913.258,1225,39001.258,2,108,295.535,221.289,NA,10.727,0.036,47.862,12.87
2260,14,23,916.288,1234.848,39301.267,2,221,305.839,231.343,NA,10.304,0.034,72.897,25.035
2261,14,24,902.273,1244.318,39601.277,2,180,322.754,240.078,NA,16.914,0.056,145.954,73.057
2262,14,25,900.758,1256.061,39901.287,2,170,334.594,251.792,NA,11.84,0.039,97.352,-48.602
2263,14,26,896.212,1258.712,40201.296,2,130,339.856,254.421,NA,5.262,0.018,149.744,52.391
2264,14,27,891.288,1270.076,40501.306,2,155,352.241,265.849,NA,12.385,0.041,113.429,-36.315
2265,14,28,887.5,1274.242,40801.316,2,71,357.872,270.125,NA,5.631,0.019,132.274,18.845
2266,14,29,887.5,1274.242,41101.325,2,97,357.872,270.125,NA,0,0,0,-132.274
2267,14,30,895.076,1273.864,41401.335,2,249,365.457,269.579,NA,7.585,0.025,-2.862,-2.862
2268,14,31,892.803,1277.652,41701.345,2,250,369.874,273.394,NA,4.417,0.015,120.964,123.826
2269,14,32,890.53,1276.515,42001.354,2,204,372.415,272.304,NA,2.541,0.008,-153.435,85.601
2270,14,33,883.712,1278.409,42301.364,2,153,379.492,274.449,NA,7.076,0.024,164.476,-42.089
2271,14,34,883.712,1284.848,42601.374,2,172,385.931,280.881,NA,6.439,0.021,90,-74.476
2272,14,35,865.909,1289.394,42901.383,2,84,404.305,286.815,NA,18.374,0.061,165.677,75.677
2273,14,36,843.561,1315.152,43201.393,2,207,438.407,315.456,NA,34.101,0.114,130.946,-34.731
2274,14,37,835.227,1312.121,43501.403,2,158,447.274,314.009,NA,8.867,0.03,-160.017,69.037
2275,14,38,812.879,1320.076,43801.412,2,172,470.996,326.853,NA,23.722,0.079,160.408,-39.575
2276,14,39,787.879,1326.515,44101.422,2,141,496.812,340.269,NA,25.816,0.086,165.556,5.148
2277,14,40,762.5,1334.848,44401.432,2,229,523.524,356.955,NA,26.712,0.089,161.822,-3.734
2278,14,41,753.03,1341.667,44701.441,2,236,535.193,366.896,NA,11.669,0.039,144.246,-17.576
2279,14,42,753.03,1353.409,45001.451,2,172,546.935,377.721,NA,11.742,0.039,90,-54.246
2280,14,43,753.03,1353.409,45301.461,2,241,546.935,377.721,NA,0,0,0,-90
2281,14,44,769.318,1362.5,45601.47,2,117,565.588,380.357,NA,18.653,0.062,29.168,29.168
2282,14,45,776.515,1361.742,45901.48,2,105,572.825,377.28,NA,7.237,0.024,-6.009,-35.177
2283,14,46,768.182,1349.242,46201.49,2,199,587.848,368.296,NA,15.023,0.05,-123.69,-117.681
2284,14,47,768.182,1340.152,46501.499,2,229,596.939,359.795,NA,9.091,0.03,-90,33.69
2285,14,48,768.182,1340.152,46801.509,2,255,596.939,359.795,NA,0,0,0,90
2286,14,49,768.182,1340.152,47101.519,2,231,596.939,359.795,NA,0,0,0,0
2287,14,50,775,1346.212,47401.529,2,175,606.061,363.107,NA,9.122,0.03,41.634,41.634
2288,14,51,775,1346.212,47701.538,2,242,606.061,363.107,NA,0,0,0,-41.634
2289,14,52,775,1346.212,48001.548,2,255,606.061,363.107,NA,0,0,0,0
2290,14,53,775.758,1351.136,48301.558,2,255,611.043,367.497,NA,4.982,0.017,81.254,81.254
2291,14,54,778.788,1357.197,48601.567,2,229,617.819,372.247,NA,6.776,0.023,63.435,-17.819
2292,14,55,778.788,1357.197,48901.577,2,182,617.819,372.247,NA,0,0,0,-63.435
2293,14,56,778.788,1358.712,49201.587,2,196,619.335,373.684,NA,1.515,0.005,90,90
2294,14,57,767.045,1351.136,49501.596,2,117,633.309,370.468,NA,13.974,0.047,-147.171,122.829
2295,14,58,760.227,1342.424,49801.606,2,141,644.372,364.829,NA,11.063,0.037,-128.047,19.124
2296,14,59,760.227,1342.424,50101.616,2,132,644.372,364.829,NA,0,0,0,128.047
2297,14,60,757.955,1334.848,50401.625,2,254,652.281,358.695,NA,7.909,0.026,-106.699,-106.699
2298,14,61,757.955,1334.848,50701.635,2,248,652.281,358.695,NA,0,0,0,106.699
2299,14,62,757.955,1334.848,51001.645,2,119,652.281,358.695,NA,0,0,0,0
2300,14,63,749.621,1336.364,51301.654,2,93,660.751,363.396,NA,8.47,0.028,169.695,169.695
2301,14,64,740.909,1338.258,51601.664,2,56,669.667,368.736,NA,8.916,0.03,167.735,-1.96
2302,14,65,740.909,1338.258,51901.674,2,58,669.667,368.736,NA,0,0,0,-167.735
2303,14,66,731.818,1338.258,52201.683,2,123,678.757,372.681,NA,9.091,0.03,180,180
2304,14,67,724.621,1329.167,52501.693,2,127,690.352,367.878,NA,11.595,0.039,-128.367,51.633
2305,14,68,722.727,1321.591,52801.703,2,211,698.161,362.114,NA,7.809,0.026,-104.036,24.331
2306,14,69,722.727,1321.591,53101.712,2,162,698.161,362.114,NA,0,0,0,104.036
2307,14,70,726.894,1347.348,53401.722,2,53,724.254,383.013,NA,26.092,0.087,80.811,80.811
2308,14,71,739.773,1366.667,53701.732,2,137,747.471,395.101,NA,23.218,0.077,56.31,-24.501
2309,14,72,739.773,1410.606,54001.741,2,118,791.411,435.753,NA,43.939,0.146,90,33.69
2310,14,73,742.045,1456.439,54301.751,2,136,837.3,478.034,NA,45.89,0.153,87.161,-2.839
2311,14,74,738.258,1467.045,54601.761,2,167,848.562,489.295,NA,11.262,0.038,109.654,22.493
2312,14,75,723.864,1480.682,54901.77,2,181,868.39,506.951,NA,19.828,0.066,136.548,26.894
2313,14,76,698.864,1494.697,55201.78,2,219,897.051,529.001,NA,28.661,0.096,150.725,14.177
2314,14,77,682.576,1506.439,55501.79,2,163,917.13,546.099,NA,20.079,0.067,144.211,-6.514
2315,14,78,646.212,1534.848,55801.799,2,151,963.275,586.937,NA,46.145,0.154,142.001,-2.21
2316,14,79,646.212,1543.939,56101.809,2,143,972.366,595.168,NA,9.091,0.03,90,-52.001
2317,15,1,826.515,1019.444,25500.822,2,6,0,0,NA,NA,NA,NA,NA
2318,15,2,826.515,1027.02,25800.832,2,33,7.576,7.576,NA,7.576,0.025,90,NA
2319,15,3,823.485,1027.02,26100.842,2,96,10.606,8.159,NA,3.03,0.01,180,90
2320,15,4,819.949,1034.091,26400.851,2,3,18.511,16.051,NA,7.905,0.026,116.565,-63.435
2321,15,5,810.354,1063.889,26700.861,2,113,49.816,47.292,NA,31.305,0.104,107.85,-8.715
2322,15,6,788.636,1085.101,27000.871,2,39,80.174,75.8,NA,30.358,0.101,135.674,27.824
2323,15,7,792.677,1075.505,27300.88,2,140,90.586,65.482,NA,10.412,0.035,-67.166,157.16
2324,15,8,792.172,1075.505,27600.89,2,158,91.091,65.744,NA,0.505,0.002,180,-112.834
2325,15,9,792.172,1075.505,27900.9,2,145,91.091,65.744,NA,0,0,0,-180
2326,15,10,783.081,1081.061,28200.909,2,175,101.745,75.386,NA,10.654,0.036,148.57,148.57
2327,15,11,783.081,1096.212,28500.919,2,144,116.897,88.203,NA,15.152,0.051,90,-58.57
2328,15,12,785.101,1107.323,28800.929,2,109,128.19,97.148,NA,11.293,0.038,79.695,-10.305
2329,15,13,791.667,1110.606,29100.938,2,116,135.53,97.595,NA,7.341,0.024,26.565,-53.13
2330,15,14,782.576,1118.561,29400.948,2,121,147.61,108.419,NA,12.08,0.04,138.814,112.249
2331,15,15,780.682,1121.591,29700.958,2,124,151.184,111.958,NA,3.573,0.012,122.005,-16.809
2332,15,16,780.682,1129.545,30000.967,2,69,159.138,119.26,NA,7.955,0.027,90,-32.005
2333,15,17,772.727,1129.545,30300.977,2,215,167.093,122.537,NA,7.955,0.027,180,90
2334,15,18,772.727,1129.545,30600.987,2,60,167.093,122.537,NA,0,0,0,-180
2335,15,19,768.939,1137.879,30900.996,2,109,176.247,131.688,NA,9.154,0.031,114.444,114.444
2336,15,20,750.379,1153.03,31201.006,2,177,200.206,153.759,NA,23.96,0.08,140.774,26.33
2337,15,21,739.015,1153.409,31501.016,2,153,211.576,160.009,NA,11.37,0.038,178.091,37.317
2338,15,22,727.652,1162.121,31801.025,2,197,225.895,173.582,NA,14.319,0.048,142.524,-35.567
2339,15,23,721.591,1170.076,32101.035,2,209,235.895,183.573,NA,10,0.033,127.304,-15.22
2340,15,24,716.288,1180.682,32401.045,2,129,247.753,195.314,NA,11.858,0.04,116.565,-10.739
2341,15,25,713.636,1186.364,32701.054,2,157,254.023,201.503,NA,6.27,0.021,115.017,-1.548
2342,15,26,714.773,1190.152,33001.064,2,142,257.978,204.028,NA,3.955,0.013,73.301,-41.716
2343,15,27,710.227,1202.652,33301.074,2,97,271.279,216.997,NA,13.301,0.044,109.983,36.682
2344,15,28,717.803,1214.773,33601.083,2,162,285.573,223.543,NA,14.294,0.048,57.995,-51.988
2345,15,29,729.924,1216.667,33901.093,2,193,297.841,219.605,NA,12.268,0.041,8.881,-49.114
2346,15,30,731.439,1216.667,34201.103,2,209,299.356,218.943,NA,1.515,0.005,0,-8.881
2347,15,31,714.394,1227.273,34501.113,2,223,319.432,236.144,NA,20.076,0.067,148.109,148.109
2348,15,32,708.712,1237.5,34801.122,2,141,331.132,247.842,NA,11.7,0.039,119.055,-29.055
2349,15,33,701.515,1241.667,35101.132,2,180,339.448,254.966,NA,8.316,0.028,149.931,30.877
2350,15,34,704.545,1254.924,35401.142,2,164,353.047,265.193,NA,13.599,0.045,77.125,-72.806
2351,15,35,710.985,1261.742,35701.151,2,214,362.425,268.432,NA,9.378,0.031,46.637,-30.488
2352,15,36,697.348,1270.076,36001.161,2,248,378.407,281.958,NA,15.981,0.053,148.57,101.934
2353,15,37,693.182,1282.197,36301.171,2,251,391.224,294.647,NA,12.817,0.043,108.97,-39.6
2354,15,38,693.182,1272.727,36601.18,2,255,400.694,286.234,NA,9.47,0.032,-90,161.03
2355,15,39,698.485,1272.727,36901.19,2,214,405.997,283.803,NA,5.303,0.018,0,90
2356,15,40,698.485,1268.939,37201.2,2,193,409.785,280.427,NA,3.788,0.013,-90,-90
2357,15,41,684.848,1268.939,37501.209,2,93,423.421,286.91,NA,13.636,0.045,180,-90
2358,15,42,675,1269.697,37801.219,2,241,433.298,292.546,NA,9.878,0.033,175.601,-4.399
2359,15,43,688.258,1277.273,38101.229,2,195,448.568,292.559,NA,15.269,0.051,29.745,-145.856
2360,15,44,689.015,1277.273,38401.238,2,157,449.325,292.201,NA,0.758,0.003,0,-29.745
2361,15,45,671.97,1274.242,38701.248,2,204,466.638,298.004,NA,17.313,0.058,-169.919,-169.919
2362,15,46,657.197,1259.848,39001.258,2,235,487.264,294.045,NA,20.626,0.069,-135.744,34.175
2363,15,47,658.333,1266.288,39301.267,2,217,493.803,298.692,NA,6.539,0.022,79.992,-144.264
2364,15,48,658.333,1275.379,39601.277,2,183,502.894,306.247,NA,9.091,0.03,90,10.008
2365,15,49,657.576,1276.894,39901.287,2,181,504.588,307.93,NA,1.694,0.006,116.565,26.565
2366,15,50,659.848,1285.985,40201.296,2,226,513.958,314.359,NA,9.371,0.031,75.964,-40.601
2367,15,51,651.515,1285.985,40501.306,2,181,522.292,318.855,NA,8.333,0.028,180,104.036
2368,15,52,651.515,1285.985,40801.316,2,143,522.292,318.855,NA,0,0,0,-180
2369,15,53,662.879,1285.606,41101.325,2,156,533.662,312.44,NA,11.37,0.038,-1.909,-1.909
2370,15,54,662.879,1300.758,41401.335,2,186,548.813,325.444,NA,15.152,0.051,90,91.909
2371,15,55,666.288,1315.53,41701.345,2,209,563.974,336.659,NA,15.161,0.051,77.005,-12.995
2372,15,56,673.485,1315.53,42001.354,2,112,571.171,333.294,NA,7.197,0.024,0,-77.005
2373,15,57,673.485,1327.273,42301.364,2,179,582.914,343.768,NA,11.742,0.039,90,90
2374,15,58,682.197,1334.091,42601.374,2,176,593.976,346.165,NA,11.063,0.037,38.047,-51.953
2375,15,59,678.03,1342.045,42901.383,2,209,602.956,355.133,NA,8.98,0.03,117.646,79.599
2376,15,60,669.318,1347.727,43201.393,2,227,613.357,363.979,NA,10.401,0.035,146.889,29.243
2377,15,61,684.848,1355.682,43501.403,2,202,630.806,364.863,NA,17.449,0.058,27.121,-119.767
2378,15,62,684.848,1355.682,43801.412,2,163,630.806,364.863,NA,0,0,0,-27.121
2379,15,63,694.697,1366.667,44101.422,2,152,645.56,371.402,NA,14.753,0.049,48.122,48.122
2380,15,64,701.136,1375.758,44401.432,2,180,656.7,377.729,NA,11.14,0.037,54.689,6.567
2381,15,65,713.636,1373.485,44701.441,2,140,669.405,371.6,NA,12.705,0.042,-10.305,-64.994
2382,15,66,722.348,1388.258,45001.451,2,249,686.555,383.241,NA,17.15,0.057,59.47,69.775
2383,15,67,725.379,1398.106,45301.461,2,149,696.86,391.935,NA,10.304,0.034,72.897,13.427
2384,15,68,734.848,1398.106,45601.47,2,133,706.329,389.599,NA,9.47,0.032,0,-72.897
2385,15,69,744.697,1408.712,45901.48,2,203,720.803,397.773,NA,14.473,0.048,47.121,47.121
2386,15,70,754.167,1411.742,46201.49,2,184,730.745,398.914,NA,9.943,0.033,17.745,-29.376
2387,15,71,756.818,1420.833,46501.499,2,172,740.215,407.395,NA,9.47,0.032,73.74,55.995
2388,15,72,756.818,1433.712,46801.509,2,142,753.094,420.09,NA,12.879,0.043,90,16.26
2389,15,73,756.818,1433.712,47101.519,2,172,753.094,420.09,NA,0,0,0,-90
2390,15,74,756.818,1453.03,47401.529,2,207,772.412,439.152,NA,19.318,0.064,90,90
2391,15,75,773.106,1455.303,47701.538,2,133,788.858,439.119,NA,16.446,0.055,7.943,-82.057
2392,15,76,777.652,1450.758,48001.548,2,184,795.286,434.072,NA,6.428,0.021,-45,-52.943
2393,15,77,784.848,1457.955,48301.558,2,210,805.464,440.485,NA,10.178,0.034,45,90
2394,15,78,784.848,1457.955,48601.567,2,126,805.464,440.485,NA,0,0,0,-45
2395,15,79,800.379,1457.955,48901.577,2,162,820.994,439.288,NA,15.53,0.052,0,0
2396,15,80,809.848,1470.455,49201.587,2,211,836.676,451.318,NA,15.682,0.052,52.853,52.853
2397,15,81,839.394,1479.924,49501.596,2,127,867.702,460.66,NA,31.026,0.103,17.771,-35.082
2398,15,82,853.788,1479.924,49801.606,2,158,882.096,461.287,NA,14.394,0.048,0,-17.771
2399,15,83,860.985,1491.288,50101.616,2,122,895.547,473.101,NA,13.451,0.045,57.653,57.653
2400,15,84,878.409,1494.318,50401.625,2,14,913.233,477.701,NA,17.686,0.059,9.866,-47.787
2401,15,85,873.106,1511.364,50701.635,2,17,931.084,494.121,NA,17.851,0.06,107.281,97.416
2402,15,86,875.758,1515.53,51001.645,2,46,936.023,498.524,NA,4.939,0.016,57.529,-49.753
2403,15,87,875.758,1528.788,51301.654,2,46,949.281,511.718,NA,13.258,0.044,90,32.471
2404,15,88,878.409,1539.015,51601.664,2,194,959.846,522.156,NA,10.565,0.035,75.466,-14.534
2405,16,1,598.485,816.288,15900.513,2,55,0,0,NA,NA,NA,NA,NA
2406,16,2,592.424,815.152,16200.522,2,71,6.166,6.166,NA,6.166,0.021,-169.38,NA
2407,16,3,592.424,812.879,16500.532,2,85,8.439,6.954,NA,2.273,0.008,-90,79.38
2408,16,4,592.424,810.985,16800.542,2,102,10.333,8.053,NA,1.894,0.006,-90,0
2409,16,5,591.667,813.636,17100.551,2,98,13.091,7.316,NA,2.758,0.009,105.945,-164.055
2410,16,6,589.773,810.985,17400.561,2,123,16.349,10.199,NA,3.258,0.011,-125.538,128.517
2411,16,7,589.773,810.227,17700.571,2,164,17.107,10.613,NA,0.758,0.003,-90,35.538
2412,16,8,589.773,810.227,18000.58,2,179,17.107,10.613,NA,0,0,0,90
2413,16,9,589.773,810.227,18300.59,2,159,17.107,10.613,NA,0,0,0,0
2414,16,10,587.879,809.47,18600.6,2,188,19.146,12.609,NA,2.04,0.007,-158.199,-158.199
2415,16,11,587.879,809.47,18900.609,2,209,19.146,12.609,NA,0,0,0,158.199
2416,16,12,587.879,809.47,19200.619,2,136,19.146,12.609,NA,0,0,0,0
2417,16,13,587.879,809.47,19500.629,2,179,19.146,12.609,NA,0,0,0,0
2418,16,14,585.227,811.364,19800.638,2,255,22.405,14.143,NA,3.258,0.011,144.462,144.462
2419,16,15,580.682,811.364,20100.648,2,191,26.95,18.471,NA,4.545,0.015,180,35.538
2420,16,16,581.061,812.5,20400.658,2,147,28.148,17.831,NA,1.198,0.004,71.565,-108.435
2421,16,17,581.061,816.667,20700.668,2,243,32.315,17.428,NA,4.167,0.014,90,18.435
2422,16,18,581.061,819.318,21000.677,2,132,34.966,17.686,NA,2.652,0.009,90,0
2423,16,19,577.652,819.318,21300.687,2,185,38.375,21.053,NA,3.409,0.011,180,90
2424,16,20,577.652,815.909,21600.697,2,204,41.784,20.837,NA,3.409,0.011,-90,90
2425,16,21,576.136,815.53,21900.706,2,250,43.346,22.361,NA,1.562,0.005,-165.964,-75.964
2426,16,22,575.379,811.742,22200.716,2,146,47.209,23.549,NA,3.863,0.013,-101.31,64.654
2427,16,23,571.97,813.636,22500.726,2,181,51.109,26.647,NA,3.9,0.013,150.945,-107.745
2428,16,24,571.97,813.636,22800.735,2,209,51.109,26.647,NA,0,0,0,-150.945
2429,16,25,571.97,813.636,23100.745,2,179,51.109,26.647,NA,0,0,0,0
2430,16,26,571.97,813.636,23400.755,2,198,51.109,26.647,NA,0,0,0,0
2431,16,27,571.97,813.636,23700.764,2,184,51.109,26.647,NA,0,0,0,0
2432,16,28,571.97,819.697,24000.774,2,100,57.17,26.733,NA,6.061,0.02,90,90
2433,16,29,563.636,826.515,24300.784,2,126,67.937,36.318,NA,10.767,0.036,140.711,50.711
2434,16,30,562.121,828.409,24600.793,2,117,70.362,38.331,NA,2.425,0.008,128.66,-12.051
2435,16,31,559.091,829.167,24900.803,2,219,73.486,41.446,NA,3.124,0.01,165.964,37.304
2436,16,32,559.091,828.788,25200.813,2,168,73.865,41.33,NA,0.379,0.001,-90,104.036
2437,16,33,556.439,828.788,25500.822,2,132,76.516,43.864,NA,2.652,0.009,180,-90
2438,16,34,549.242,828.788,25800.832,2,156,83.713,50.804,NA,7.197,0.024,180,0
2439,16,35,549.242,828.788,26100.842,2,241,83.713,50.804,NA,0,0,0,-180
2440,16,36,553.03,824.621,26400.851,2,170,89.344,46.212,NA,5.631,0.019,-47.726,-47.726
2441,16,37,554.545,824.621,26700.861,2,178,90.859,44.723,NA,1.515,0.005,0,47.726
2442,16,38,559.47,824.621,27000.871,2,124,95.784,39.895,NA,4.924,0.016,0,0
2443,16,39,565.152,824.621,27300.88,2,125,101.465,34.359,NA,5.682,0.019,0,0
2444,16,40,565.152,820.833,27600.89,2,126,105.253,33.642,NA,3.788,0.013,-90,-90
2445,16,41,565.152,820.833,27900.9,2,139,105.253,33.642,NA,0,0,0,90
2446,16,42,565.152,820.833,28200.909,2,179,105.253,33.642,NA,0,0,0,0
2447,16,43,556.439,821.212,28500.919,2,151,113.974,42.333,NA,8.72,0.029,177.51,177.51
2448,16,44,554.545,821.212,28800.929,2,86,115.868,44.214,NA,1.894,0.006,180,2.49
2449,16,45,554.545,821.212,29100.938,2,185,115.868,44.214,NA,0,0,0,-180
2450,16,46,554.545,821.212,29400.948,2,227,115.868,44.214,NA,0,0,0,0
2451,16,47,559.47,821.212,29700.958,2,196,120.792,39.325,NA,4.924,0.016,0,0
2452,16,48,564.773,821.212,30000.967,2,124,126.095,34.07,NA,5.303,0.018,0,0
2453,16,49,570.455,821.212,30300.977,2,104,131.777,28.46,NA,5.682,0.019,0,0
2454,16,50,578.03,821.212,30600.987,2,177,139.352,21.039,NA,7.576,0.025,0,0
2455,16,51,578.03,821.212,30900.996,2,170,139.352,21.039,NA,0,0,0,0
2456,16,52,578.03,817.803,31201.006,2,83,142.761,20.511,NA,3.409,0.011,-90,-90
2457,16,53,576.136,818.182,31501.016,2,131,144.693,22.429,NA,1.931,0.006,168.69,-101.31
2458,16,54,569.318,818.182,31801.025,2,155,151.511,29.228,NA,6.818,0.023,180,11.31
2459,16,55,569.318,818.182,32101.035,2,144,151.511,29.228,NA,0,0,0,-180
2460,16,56,565.152,823.106,32401.045,2,112,157.962,34.024,NA,6.451,0.022,130.236,130.236
2461,16,57,559.091,831.818,32701.054,2,140,168.574,42.345,NA,10.613,0.035,124.824,-5.412
2462,16,58,559.091,831.818,33001.064,2,104,168.574,42.345,NA,0,0,0,-124.824
2463,16,59,559.091,837.879,33301.074,2,126,174.635,44.923,NA,6.061,0.02,90,90
2464,16,60,557.955,844.318,33601.083,2,178,181.174,49.279,NA,6.539,0.022,100.008,10.008
2465,16,61,556.818,844.697,33901.093,2,101,182.372,50.43,NA,1.198,0.004,161.565,61.557
2466,16,62,556.818,844.697,34201.103,2,82,182.372,50.43,NA,0,0,0,-161.565
2467,16,63,559.091,849.621,34501.113,2,139,187.795,51.604,NA,5.423,0.018,65.225,65.225
2468,16,64,554.167,857.955,34801.122,2,152,197.475,60.829,NA,9.679,0.032,120.579,55.354
2469,16,65,554.167,859.47,35101.132,2,168,198.99,61.877,NA,1.515,0.005,90,-30.579
2470,16,66,554.167,859.47,35401.142,2,255,198.99,61.877,NA,0,0,0,-90
2471,16,67,559.848,854.924,35701.151,2,105,206.266,54.64,NA,7.276,0.024,-38.66,-38.66
2472,16,68,553.788,847.348,36001.161,2,115,215.968,54.43,NA,9.702,0.032,-128.66,-90
2473,16,69,554.545,844.697,36301.171,2,100,218.725,52.323,NA,2.758,0.009,-74.055,54.605
2474,16,70,559.848,847.727,36601.18,2,106,224.833,49.812,NA,6.108,0.02,29.745,103.799
2475,16,71,559.47,849.621,36901.19,2,72,226.765,51.316,NA,1.931,0.006,101.31,71.565
2476,16,72,559.47,849.621,37201.2,2,172,226.765,51.316,NA,0,0,0,-101.31
2477,16,73,559.47,849.621,37501.209,2,151,226.765,51.316,NA,0,0,0,0
2478,16,74,550.379,849.621,37801.219,2,163,235.856,58.526,NA,9.091,0.03,180,180
2479,16,75,548.864,845.455,38101.229,2,146,240.289,57.558,NA,4.434,0.015,-109.983,70.017
2480,16,76,553.03,845.455,38401.238,2,161,244.456,54.008,NA,4.167,0.014,0,109.983
2481,16,77,557.576,845.455,38701.248,2,135,249.001,50.242,NA,4.545,0.015,0,0
2482,16,78,554.545,848.485,39001.258,2,196,253.287,54.473,NA,4.285,0.014,135,135
2483,16,79,549.242,848.485,39301.267,2,245,258.59,58.834,NA,5.303,0.018,180,45
2484,16,80,553.03,848.864,39601.277,2,149,262.397,55.922,NA,3.807,0.013,5.711,-174.289
2485,16,81,553.409,851.894,39901.287,2,233,265.45,57.442,NA,3.054,0.01,82.875,77.164
2486,16,82,556.818,852.273,40201.296,2,167,268.881,55.055,NA,3.43,0.011,6.34,-76.535
2487,16,83,564.394,857.576,40501.306,2,174,278.128,53.543,NA,9.247,0.031,34.992,28.652
2488,16,84,565.53,857.576,40801.316,2,138,279.264,52.827,NA,1.136,0.004,0,-34.992
2489,16,85,563.636,859.091,41101.325,2,66,281.69,55.195,NA,2.425,0.008,141.34,141.34
2490,16,86,562.879,864.394,41401.335,2,93,287.047,59.85,NA,5.357,0.018,98.13,-43.21
2491,16,87,559.091,864.394,41701.345,2,119,290.834,62.178,NA,3.788,0.013,180,81.87
2492,16,88,559.091,864.394,42001.354,2,156,290.834,62.178,NA,0,0,0,-180
2493,16,89,558.333,856.439,42301.364,2,159,298.825,56.783,NA,7.991,0.027,-95.44,-95.44
2494,16,90,554.167,853.788,42601.374,2,232,303.764,58.055,NA,4.939,0.016,-147.529,-52.088
2495,16,91,554.167,851.136,42901.383,2,253,306.415,56.378,NA,2.652,0.009,-90,57.529
2496,16,92,554.167,851.136,43201.393,2,145,306.415,56.378,NA,0,0,0,90
2497,16,93,558.712,852.273,43501.403,2,171,311.101,53.636,NA,4.685,0.016,14.036,14.036
2498,16,94,558.712,854.924,43801.412,2,211,313.752,55.449,NA,2.652,0.009,90,75.964
2499,16,95,558.712,854.924,44101.422,2,199,313.752,55.449,NA,0,0,0,-90
2500,16,96,561.364,854.924,44401.432,2,158,316.404,53.579,NA,2.652,0.009,0,0
2501,16,97,561.364,854.924,44701.441,2,156,316.404,53.579,NA,0,0,0,0
2502,16,98,557.197,854.924,45001.451,2,255,320.57,56.546,NA,4.167,0.014,180,180
2503,16,99,557.955,858.333,45301.461,2,208,324.063,58.4,NA,3.492,0.012,77.471,-102.529
2504,16,100,557.955,858.333,45601.47,2,199,324.063,58.4,NA,0,0,0,-77.471
2505,16,101,562.121,856.818,45901.48,2,155,328.496,54.452,NA,4.434,0.015,-19.983,-19.983
2506,16,102,562.121,854.924,46201.49,2,171,330.39,53.057,NA,1.894,0.006,-90,-70.017
2507,16,103,563.636,854.167,46501.499,2,165,332.084,51.471,NA,1.694,0.006,-26.565,63.435
2508,16,104,563.636,853.03,46801.509,2,237,333.22,50.64,NA,1.136,0.004,-90,-63.435
2509,16,105,563.636,851.136,47101.519,2,185,335.114,49.283,NA,1.894,0.006,-90,0
2510,16,106,563.636,851.136,47401.529,2,153,335.114,49.283,NA,0,0,0,90
2511,16,107,563.636,851.136,47701.538,2,251,335.114,49.283,NA,0,0,0,0
2512,16,108,563.636,851.136,48001.548,2,163,335.114,49.283,NA,0,0,0,0
2513,16,109,563.636,851.136,48301.558,2,113,335.114,49.283,NA,0,0,0,0
2514,16,110,560.606,851.136,48601.567,2,96,338.145,51.471,NA,3.03,0.01,180,180
2515,16,111,556.439,854.545,48901.577,2,109,343.528,56.846,NA,5.384,0.018,140.711,-39.289
2516,16,112,554.545,858.333,49201.587,2,111,347.763,60.815,NA,4.235,0.014,116.565,-24.146
2517,16,113,548.485,862.121,49501.596,2,195,354.91,67.828,NA,7.147,0.024,147.995,31.43
2518,16,114,546.97,864.394,49801.606,2,174,357.642,70.484,NA,2.731,0.009,123.69,-24.305
2519,16,115,546.97,864.394,50101.616,2,220,357.642,70.484,NA,0,0,0,-123.69
2520,16,116,542.045,864.394,50401.625,2,172,362.566,74.159,NA,4.924,0.016,180,180
2521,16,117,542.045,864.394,50701.635,2,120,362.566,74.159,NA,0,0,0,-180
2522,16,118,538.258,862.5,51001.645,2,255,366.801,75.914,NA,4.235,0.014,-153.435,-153.435
2523,16,119,538.258,862.5,51301.654,2,187,366.801,75.914,NA,0,0,0,153.435
2524,16,120,532.576,856.439,51601.664,2,209,375.108,77.176,NA,8.307,0.028,-133.152,-133.152
2525,16,121,538.258,856.439,51901.674,2,254,380.79,72.384,NA,5.682,0.019,0,133.152
2526,16,122,537.5,856.439,52201.683,2,229,381.548,73.016,NA,0.758,0.003,180,180
2527,16,123,536.742,852.652,52501.693,2,188,385.411,71.655,NA,3.863,0.013,-101.31,78.69
2528,16,124,536.742,851.136,52801.703,2,244,386.926,70.898,NA,1.515,0.005,-90,11.31
2529,16,125,536.742,851.136,53101.712,2,254,386.926,70.898,NA,0,0,0,90
2530,16,126,528.409,846.97,53401.722,2,255,396.243,76.498,NA,9.317,0.031,-153.435,-153.435
2531,16,127,528.409,846.97,53701.732,2,255,396.243,76.498,NA,0,0,0,153.435
2532,16,128,528.409,843.182,54001.741,2,255,400.031,75.059,NA,3.788,0.013,-90,-90
2533,16,129,528.409,843.182,54301.751,2,255,400.031,75.059,NA,0,0,0,90
2534,16,130,528.409,843.182,54601.761,2,181,400.031,75.059,NA,0,0,0,0
2535,16,131,523.864,840.909,54901.77,2,203,405.113,78.578,NA,5.082,0.017,-153.435,-153.435
2536,16,132,523.864,840.909,55201.78,2,206,405.113,78.578,NA,0,0,0,153.435
2537,16,133,523.106,839.015,55501.79,2,247,407.152,78.73,NA,2.04,0.007,-111.801,-111.801
2538,16,134,521.212,839.015,55801.799,2,190,409.046,80.546,NA,1.894,0.006,180,-68.199
2539,16,135,516.288,837.5,56101.809,2,244,414.199,84.89,NA,5.152,0.017,-162.897,17.103
2540,16,136,516.288,837.5,56401.819,2,248,414.199,84.89,NA,0,0,0,162.897
2541,16,137,513.258,837.5,56701.828,2,238,417.229,87.827,NA,3.03,0.01,180,180
2542,16,138,512.5,834.848,57001.838,2,247,419.986,87.965,NA,2.758,0.009,-105.945,74.055
2543,16,139,512.5,834.848,57301.848,2,231,419.986,87.965,NA,0,0,0,105.945
2544,16,140,510.606,834.848,57601.857,2,245,421.88,89.817,NA,1.894,0.006,180,180
2545,16,141,503.788,833.712,57901.867,2,255,428.793,96.287,NA,6.912,0.023,-170.538,9.462
2546,16,142,503.788,833.712,58201.877,2,122,428.793,96.287,NA,0,0,0,170.538
2547,16,143,498.485,830.682,58501.886,2,255,434.9,101.031,NA,6.108,0.02,-150.255,-150.255
2548,16,144,495.833,827.652,58801.896,2,245,438.927,103.279,NA,4.027,0.013,-131.186,19.069
2549,16,145,493.561,827.652,59101.906,2,252,441.2,105.538,NA,2.273,0.008,180,-48.814
2550,16,146,493.561,827.652,59401.915,2,202,441.2,105.538,NA,0,0,0,-180
2551,16,147,493.561,825.758,59701.925,2,222,443.094,105.351,NA,1.894,0.006,-90,-90
2552,16,148,497.348,825.758,60001.935,2,255,446.881,101.579,NA,3.788,0.013,0,90
2553,16,149,497.348,820.076,60301.944,2,255,452.563,101.207,NA,5.682,0.019,-90,-90
2554,16,150,497.348,817.424,60601.954,2,255,455.215,101.143,NA,2.652,0.009,-90,0
2555,16,151,497.348,817.803,60901.964,2,255,455.594,101.148,NA,0.379,0.001,90,180
2556,16,152,497.348,817.424,61201.974,2,255,455.972,101.143,NA,0.379,0.001,-90,-180
2557,16,153,493.561,817.424,61501.983,2,245,459.76,104.93,NA,3.788,0.013,180,-90
2558,16,154,485.985,813.636,61801.993,2,255,468.23,112.531,NA,8.47,0.028,-153.435,26.565
2559,16,155,485.985,813.636,62102.003,2,241,468.23,112.531,NA,0,0,0,153.435
2560,16,156,479.167,808.333,62402.012,2,72,476.868,119.583,NA,8.638,0.029,-142.125,-142.125
2561,16,157,454.924,804.545,62702.022,2,232,501.404,144.04,NA,24.537,0.082,-171.119,-28.994
2562,16,158,443.561,795.455,63002.032,2,255,515.957,156.319,NA,14.553,0.049,-141.34,29.779
2563,16,159,431.061,793.939,63302.041,2,255,528.549,168.909,NA,12.591,0.042,-173.089,-31.749
2564,16,160,412.121,784.848,63602.051,2,252,549.557,188.997,NA,21.008,0.07,-154.359,18.73
2565,16,161,389.773,779.545,63902.061,2,185,572.526,211.922,NA,22.969,0.077,-166.651,-12.292
2566,16,162,358.712,759.47,64202.07,2,242,609.51,246.413,NA,36.984,0.123,-147.124,19.528
2567,16,163,350.758,756.818,64502.08,2,180,617.894,254.765,NA,8.385,0.028,-161.565,-14.441
2568,16,164,328.788,751.515,64802.09,2,216,640.495,277.366,NA,22.601,0.075,-166.43,-4.865
2569,16,165,323.485,733.333,65102.099,2,255,659.434,287.239,NA,18.939,0.063,-106.26,60.169
2570,16,166,309.848,723.864,65402.109,2,166,676.036,303.073,NA,16.602,0.055,-145.222,-38.962
2571,16,167,302.273,709.848,65702.119,2,180,691.968,314.755,NA,15.932,0.053,-118.393,26.829
2572,16,168,284.848,700,66002.128,2,255,711.983,334.501,NA,20.015,0.067,-150.524,-32.131
2573,16,169,268.939,689.394,66302.138,2,212,731.103,353.132,NA,19.12,0.064,-146.31,4.214
2574,16,170,241.288,686.742,66602.148,2,255,758.882,379.963,NA,27.778,0.093,-174.523,-28.213
2575,16,171,237.121,681.818,66902.157,2,245,765.332,385.572,NA,6.451,0.022,-130.236,44.286
2576,16,172,215.53,669.318,67202.167,2,219,790.28,410.188,NA,24.948,0.083,-149.931,-19.695
2577,16,173,210.606,674.621,67502.177,2,223,797.517,412.94,NA,7.237,0.024,132.879,-77.19
2578,16,174,210.606,682.576,67802.186,2,245,805.472,410.279,NA,7.955,0.027,90,-42.879
2579,16,175,208.712,697.348,68102.196,2,193,820.365,407.516,NA,14.894,0.05,97.306,7.306
2580,16,176,201.515,696.97,68402.206,2,137,827.572,414.514,NA,7.207,0.024,-176.987,85.707
2581,16,177,196.97,691.667,68702.215,2,255,834.557,420.41,NA,6.985,0.023,-130.601,46.386
2582,16,178,196.97,691.667,69002.225,2,255,834.557,420.41,NA,0,0,0,130.601
2583,16,179,188.258,689.015,69302.235,2,163,843.663,429.517,NA,9.107,0.03,-163.072,-163.072
2584,16,180,181.061,695.455,69602.244,2,249,853.321,434.561,NA,9.657,0.032,138.18,-58.748
2585,16,181,173.485,695.455,69902.254,2,203,860.896,441.844,NA,7.576,0.025,180,41.82
2586,16,182,173.106,695.455,70202.264,2,255,861.275,442.208,NA,0.379,0.001,180,0
2587,16,183,173.106,696.97,70502.273,2,198,862.79,441.796,NA,1.515,0.005,90,-90
2588,16,184,166.288,694.697,70802.283,2,153,869.977,448.975,NA,7.187,0.024,-161.565,108.435
2589,16,185,170.455,694.697,71102.293,2,199,874.144,444.965,NA,4.167,0.014,0,161.565
2590,16,186,161.364,685.985,71402.302,2,225,886.736,456.129,NA,12.591,0.042,-136.219,-136.219
2591,16,187,161.364,675.379,71702.312,2,255,897.342,459.272,NA,10.606,0.035,-90,46.219
2592,16,189,159.091,675.379,72002.322,2,255,899.614,461.435,NA,2.273,0.008,180,-90
2593,17,1,699.621,596.591,14100.455,2,44,0,0,NA,NA,NA,NA,NA
2594,17,2,694.318,593.939,14400.464,2,74,5.929,5.929,NA,5.929,0.02,-153.435,NA
2595,17,3,686.742,589.394,14700.474,2,122,14.764,14.753,NA,8.835,0.029,-149.036,4.399
2596,17,4,682.955,588.258,15000.484,2,128,18.718,18.634,NA,3.955,0.013,-163.301,-14.265
2597,17,5,676.515,588.258,15300.493,2,99,25.158,24.563,NA,6.439,0.021,180,-16.699
2598,17,6,676.136,588.258,15600.503,2,105,25.537,24.92,NA,0.379,0.001,180,0
2599,17,7,671.212,588.258,15900.513,2,153,30.461,29.606,NA,4.924,0.016,180,0
2600,17,8,669.318,587.5,16200.522,2,166,32.501,31.637,NA,2.04,0.007,-158.199,21.801
2601,17,9,661.742,583.333,16500.532,2,168,41.147,40.132,NA,8.646,0.029,-151.189,7.009
2602,17,10,657.955,574.621,16800.542,2,104,50.647,47.104,NA,9.5,0.032,-113.499,37.691
2603,17,11,654.545,573.864,17100.551,2,178,54.139,50.481,NA,3.492,0.012,-167.471,-53.973
2604,17,12,654.167,573.864,17400.561,2,147,54.518,50.82,NA,0.379,0.001,180,-12.529
2605,17,13,654.167,573.864,17700.571,2,238,54.518,50.82,NA,0,0,0,-180
2606,17,14,648.106,568.561,18000.58,2,253,62.571,58.647,NA,8.053,0.027,-138.814,-138.814
2607,17,15,648.106,568.561,18300.59,2,219,62.571,58.647,NA,0,0,0,138.814
2608,17,16,641.288,568.561,18600.6,2,239,69.389,64.718,NA,6.818,0.023,180,180
2609,17,17,641.288,568.561,18900.609,2,231,69.389,64.718,NA,0,0,0,-180
2610,17,18,641.288,568.561,19200.619,2,242,69.389,64.718,NA,0,0,0,0
2611,17,19,635.985,562.879,19500.629,2,198,77.161,72.015,NA,7.772,0.026,-133.025,-133.025
2612,17,20,627.273,553.03,19800.638,2,206,90.31,84.45,NA,13.149,0.044,-131.496,1.529
2613,17,21,624.621,546.97,20100.648,2,222,96.925,89.929,NA,6.615,0.022,-113.629,17.867
2614,17,22,617.803,540.53,20400.658,2,200,106.304,99.182,NA,9.378,0.031,-136.637,-23.007
2615,17,23,612.121,535.227,20700.668,2,236,114.076,106.873,NA,7.772,0.026,-136.975,-0.338
2616,17,24,610.227,530.682,21000.677,2,250,119,111.064,NA,4.924,0.016,-112.62,24.355
2617,17,25,610.227,530.682,21300.687,2,255,119,111.064,NA,0,0,0,112.62
2618,17,26,610.227,525,21600.697,2,255,124.682,114.527,NA,5.682,0.019,-90,-90
2619,17,27,610.227,525,21900.706,2,255,124.682,114.527,NA,0,0,0,90
2620,17,28,601.515,525,22200.716,2,248,133.394,121.45,NA,8.712,0.029,180,180
2621,17,29,601.515,521.591,22500.726,2,254,136.803,123.49,NA,3.409,0.011,-90,90
2622,17,30,608.333,521.591,22800.735,2,235,143.621,118.146,NA,6.818,0.023,0,90
2623,17,31,608.333,515.53,23100.745,2,180,149.682,122.083,NA,6.061,0.02,-90,-90
2624,17,32,608.333,515.53,23400.755,2,255,149.682,122.083,NA,0,0,0,90
2625,17,33,605.303,509.47,23700.764,2,240,156.458,128.398,NA,6.776,0.023,-116.565,-116.565
2626,17,34,607.955,507.197,24000.774,2,255,159.95,128.039,NA,3.492,0.012,-40.601,75.964
2627,17,35,607.955,501.136,24300.784,2,112,166.011,132.342,NA,6.061,0.02,-90,-49.399
2628,17,36,609.091,497.727,24600.793,2,242,169.604,134.051,NA,3.593,0.012,-71.565,18.435
2629,17,37,609.091,497.727,24900.803,2,255,169.604,134.051,NA,0,0,0,71.565
2630,17,38,609.091,497.727,25200.813,2,221,169.604,134.051,NA,0,0,0,0
2631,17,39,609.091,497.727,25500.822,2,231,169.604,134.051,NA,0,0,0,0
2632,17,40,597.727,497.727,25800.832,2,255,180.968,141.973,NA,11.364,0.038,180,180
2633,17,41,597.727,497.727,26100.842,2,255,180.968,141.973,NA,0,0,0,-180
2634,17,42,597.727,497.727,26400.851,2,255,180.968,141.973,NA,0,0,0,0
2635,17,43,597.727,497.727,26700.861,2,255,180.968,141.973,NA,0,0,0,0
2636,17,44,597.727,491.667,27000.871,2,255,187.028,146.258,NA,6.061,0.02,-90,-90
2637,17,45,597.727,491.667,27300.88,2,255,187.028,146.258,NA,0,0,0,90
2638,17,46,591.667,490.152,27600.89,2,255,193.275,151.603,NA,6.247,0.021,-165.964,-165.964
2639,17,47,591.667,490.152,27900.9,2,248,193.275,151.603,NA,0,0,0,165.964
2640,17,48,577.525,490.152,28200.909,2,189,207.417,161.978,NA,14.141,0.047,180,180
2641,17,49,571.465,487.121,28500.919,2,230,214.193,168.546,NA,6.776,0.023,-153.435,26.565
2642,17,50,574.495,487.121,28800.929,2,255,217.223,166.253,NA,3.03,0.01,0,153.435
2643,17,51,576.01,496.212,29100.938,2,156,226.439,159.234,NA,9.216,0.031,80.538,80.538
2644,17,52,576.01,502.778,29400.948,2,242,233.005,155.179,NA,6.566,0.022,90,9.462
2645,17,53,579.04,510.354,29700.958,2,110,241.164,148.245,NA,8.159,0.027,68.199,-21.801
2646,17,54,579.04,501.263,30000.967,2,203,250.255,153.711,NA,9.091,0.03,-90,-158.199
2647,17,55,575,501.263,30300.977,2,252,254.296,156.901,NA,4.04,0.013,180,-90
2648,17,56,568.434,501.263,30600.987,2,219,260.861,162.165,NA,6.566,0.022,180,0
2649,17,57,568.434,500.758,30900.996,2,168,261.366,162.462,NA,0.505,0.002,-90,90
2650,17,58,568.434,500.758,31201.006,2,233,261.366,162.462,NA,0,0,0,90
2651,17,59,568.434,506.313,31501.016,2,248,266.922,159.248,NA,5.556,0.019,90,90
2652,17,60,563.384,507.828,31801.025,2,245,272.195,162.602,NA,5.273,0.018,163.301,73.301
2653,17,61,569.444,507.828,32101.035,2,227,278.255,157.559,NA,6.061,0.02,0,-163.301
2654,17,62,573.99,507.828,32401.045,2,255,282.801,153.825,NA,4.545,0.015,0,0
2655,17,63,573.99,510.354,32701.054,2,251,285.326,152.381,NA,2.525,0.008,90,90
2656,17,64,571.97,511.869,33001.064,2,139,287.851,153.208,NA,2.525,0.008,143.13,53.13
2657,17,65,571.97,521.97,33301.074,2,225,297.952,147.862,NA,10.101,0.034,90,-53.13
2658,17,66,573.99,526.01,33601.083,2,255,302.47,144.1,NA,4.517,0.015,63.435,-26.565
2659,17,67,573.99,526.01,33901.093,2,255,302.47,144.1,NA,0,0,0,-63.435
2660,17,68,573.99,526.01,34201.103,2,255,302.47,144.1,NA,0,0,0,0
2661,17,69,573.99,526.01,34501.113,2,255,302.47,144.1,NA,0,0,0,0
2662,17,70,573.99,509.343,34801.122,2,255,319.136,152.955,NA,16.667,0.056,-90,-90
2663,17,71,568.434,506.818,35101.132,2,255,325.239,158.963,NA,6.103,0.02,-155.556,-65.556
2664,17,72,570.455,505.808,35401.142,2,255,327.498,157.878,NA,2.259,0.008,-26.565,128.991
2665,17,73,564.394,505.808,35701.151,2,255,333.558,162.874,NA,6.061,0.02,180,-153.435
2666,17,74,564.394,505.808,36001.161,2,255,333.558,162.874,NA,0,0,0,-180
2667,17,75,572.475,505.808,36301.171,2,233,341.639,156.23,NA,8.081,0.027,0,0
2668,17,76,572.475,512.879,36601.18,2,255,348.71,152.23,NA,7.071,0.024,90,90
2669,17,77,572.475,512.879,36901.19,2,255,348.71,152.23,NA,0,0,0,-90
2670,17,78,572.475,512.374,37201.2,2,233,349.215,152.508,NA,0.505,0.002,-90,-90
2671,17,79,574.495,507.828,37501.209,2,255,354.189,153.412,NA,4.974,0.017,-66.038,23.962
2672,17,80,574.495,507.828,37801.219,2,255,354.189,153.412,NA,0,0,0,66.038
2673,17,81,574.495,507.828,38101.229,2,255,354.189,153.412,NA,0,0,0,0
2674,17,82,574.495,507.828,38401.238,2,232,354.189,153.412,NA,0,0,0,0
2675,17,83,569.949,515.404,38701.248,2,255,363.024,152.99,NA,8.835,0.029,120.964,120.964
2676,17,84,569.949,515.404,39001.258,2,255,363.024,152.99,NA,0,0,0,-120.964
2677,17,85,569.949,515.404,39301.267,2,255,363.024,152.99,NA,0,0,0,0
2678,17,86,569.949,515.404,39601.277,2,255,363.024,152.99,NA,0,0,0,0
2679,17,87,569.949,515.404,39901.287,2,252,363.024,152.99,NA,0,0,0,0
2680,17,88,569.949,515.404,40201.296,2,255,363.024,152.99,NA,0,0,0,0
2681,17,89,569.949,515.404,40501.306,2,255,363.024,152.99,NA,0,0,0,0
2682,17,90,573.99,515.404,40801.316,2,255,367.064,149.581,NA,4.04,0.013,0,0
2683,17,91,573.99,515.404,41101.325,2,255,367.064,149.581,NA,0,0,0,0
2684,17,92,573.99,508.838,41401.335,2,255,373.63,153.244,NA,6.566,0.022,-90,-90
2685,17,93,577.525,507.828,41701.345,2,255,377.307,150.951,NA,3.677,0.012,-15.945,74.055
2686,17,94,583.586,507.828,42001.354,2,255,383.367,146.092,NA,6.061,0.02,0,15.945
2687,17,95,583.586,507.828,42301.364,2,225,383.367,146.092,NA,0,0,0,0
2688,17,96,584.091,500.758,42601.374,2,255,390.456,150.104,NA,7.089,0.024,-85.914,-85.914
2689,17,97,582.576,500.758,42901.383,2,255,391.971,151.273,NA,1.515,0.005,180,-94.086
2690,17,98,577.02,496.212,43201.393,2,255,399.149,158.452,NA,7.178,0.024,-140.711,39.289
2691,17,99,575.505,493.687,43501.403,2,255,402.094,161.227,NA,2.945,0.01,-120.964,19.747
2692,17,100,575.505,493.687,43801.412,2,255,402.094,161.227,NA,0,0,0,120.964
2693,17,101,575.505,493.687,44101.422,2,255,402.094,161.227,NA,0,0,0,0
2694,17,102,575.505,493.687,44401.432,2,255,402.094,161.227,NA,0,0,0,0
2695,17,103,575.505,493.687,44701.441,2,255,402.094,161.227,NA,0,0,0,0
2696,17,104,566.919,493.687,45001.451,2,255,410.68,167.926,NA,8.586,0.029,180,180
2697,17,105,557.323,491.162,45301.461,2,255,420.603,177.099,NA,9.923,0.033,-165.256,14.744
2698,17,106,550.758,491.162,45601.47,2,255,427.168,182.416,NA,6.566,0.022,180,-14.744
2699,17,107,550.758,491.162,45901.48,2,255,427.168,182.416,NA,0,0,0,-180
2700,17,108,543.182,489.646,46201.49,2,255,434.894,189.5,NA,7.726,0.026,-168.69,-168.69
2701,17,109,542.172,485.606,46501.499,2,255,439.059,192.634,NA,4.165,0.014,-104.036,64.654
2702,17,110,534.596,481.061,46801.509,2,255,447.894,201.446,NA,8.835,0.029,-149.036,-45
2703,17,111,534.596,481.061,47101.519,2,255,447.894,201.446,NA,0,0,0,149.036
2704,17,112,532.071,480.051,47401.529,2,255,450.613,204.095,NA,2.72,0.009,-158.199,-158.199
2705,17,113,525,477.02,47701.538,2,234,458.306,211.636,NA,7.693,0.026,-156.801,1.397
2706,17,114,525,477.02,48001.548,2,251,458.306,211.636,NA,0,0,0,156.801
2707,17,115,521.97,472.98,48301.558,2,255,463.357,216.425,NA,5.051,0.017,-126.87,-126.87
2708,17,116,521.97,472.475,48601.567,2,255,463.862,216.714,NA,0.505,0.002,-90,36.87
2709,17,117,518.939,472.475,48901.577,2,243,466.892,219.205,NA,3.03,0.01,180,-90
2710,17,118,514.394,472.475,49201.587,2,255,471.437,222.966,NA,4.545,0.015,180,0
2711,17,119,514.394,467.424,49501.596,2,255,476.488,225.817,NA,5.051,0.017,-90,90
2712,17,120,514.394,462.879,49801.606,2,255,481.033,228.447,NA,4.545,0.015,-90,0
2713,17,121,514.394,462.879,50101.616,2,255,481.033,228.447,NA,0,0,0,90
2714,17,122,506.313,454.798,50401.625,2,255,492.461,239.736,NA,11.428,0.038,-135,-135
2715,17,123,506.313,454.798,50701.635,2,255,492.461,239.736,NA,0,0,0,135
2716,17,124,497.222,453.788,51001.645,2,255,501.608,247.706,NA,9.147,0.03,-173.66,-173.66
2717,17,125,497.222,453.788,51301.654,2,255,501.608,247.706,NA,0,0,0,173.66
2718,17,126,497.222,453.788,51601.664,2,242,501.608,247.706,NA,0,0,0,0
2719,17,127,499.242,451.263,51901.674,2,143,504.842,247.532,NA,3.234,0.011,-51.34,-51.34
2720,17,128,500.253,441.162,52201.683,2,185,514.993,252.797,NA,10.151,0.034,-84.289,-32.949
2721,17,129,502.778,431.061,52501.693,2,255,525.405,257.192,NA,10.412,0.035,-75.964,8.326
2722,17,130,502.778,431.061,52801.703,2,255,525.405,257.192,NA,0,0,0,75.964
2723,17,131,496.212,418.939,53101.712,2,255,539.191,270.065,NA,13.785,0.046,-118.443,-118.443
2724,17,132,494.697,426.01,53401.722,2,255,546.422,266.63,NA,7.231,0.024,102.095,-139.462
2725,17,133,494.697,426.01,53701.732,2,255,546.422,266.63,NA,0,0,0,-102.095
2726,17,134,494.697,419.444,54001.741,2,255,552.987,270.878,NA,6.566,0.022,-90,-90
2727,17,135,492.677,413.384,54301.751,2,255,559.376,276.389,NA,6.388,0.021,-108.435,-18.435
2728,17,136,493.687,404.293,54601.761,2,255,568.523,281.758,NA,9.147,0.03,-83.66,24.775
2729,17,137,493.687,404.293,54901.77,2,255,568.523,281.758,NA,0,0,0,83.66
2730,17,138,485.101,404.293,55201.78,2,255,577.109,288.093,NA,8.586,0.029,180,180
2731,17,139,491.667,399.747,55501.79,2,255,585.094,286.343,NA,7.986,0.027,-34.695,145.305
2732,17,140,491.667,391.162,55801.799,2,255,593.68,292.312,NA,8.586,0.029,-90,-55.305
2733,17,141,498.737,377.525,56101.809,2,255,609.041,297.227,NA,15.361,0.051,-62.592,27.408
2734,17,142,493.182,377.525,56401.819,2,255,614.596,301.01,NA,5.556,0.019,180,-117.408
2735,17,143,502.273,377.525,56701.828,2,255,623.687,294.849,NA,9.091,0.03,0,-180
2736,17,144,508.333,372.475,57001.838,2,255,631.576,294.651,NA,7.889,0.026,-39.806,-39.806
2737,17,145,513.889,368.939,57301.848,2,255,638.161,293.806,NA,6.585,0.022,-32.471,7.334
2738,17,146,523.99,363.889,57601.857,2,255,649.454,291.542,NA,11.293,0.038,-26.565,5.906
2739,17,147,534.091,348.232,57901.867,2,255,668.087,298.467,NA,18.632,0.062,-57.171,-30.606
2740,17,148,530.556,348.232,58201.877,2,255,671.622,300.442,NA,3.535,0.012,180,-122.829
2741,17,149,527.02,336.616,58501.886,2,255,683.764,312.054,NA,12.142,0.04,-106.928,73.072
2742,17,150,523.99,331.061,58801.896,2,255,690.092,318.359,NA,6.328,0.021,-118.61,-11.683
2743,17,151,520.455,322.98,59101.906,2,255,698.913,327.053,NA,8.82,0.029,-113.629,4.981
2744,17,152,517.929,312.374,59401.915,2,217,709.815,337.33,NA,10.903,0.036,-103.392,10.237
2745,17,153,513.384,307.323,59701.925,2,255,716.61,344.035,NA,6.795,0.023,-131.987,-28.595
2746,17,154,502.273,284.091,60001.935,2,253,742.363,369.598,NA,25.753,0.086,-115.56,16.427
2747,17,155,500.253,273.485,60301.944,2,153,753.159,379.665,NA,10.797,0.036,-100.784,14.776
2748,18,1,938.131,948.737,38701.248,2,19,0,0,NA,NA,NA,NA,NA
2749,18,2,943.182,953.788,39001.258,2,21,7.142,7.142,NA,7.142,0.024,45,NA
2750,18,3,947.222,953.788,39301.267,2,12,11.183,10.4,NA,4.04,0.013,0,-45
2751,18,4,962.374,981.061,39601.277,2,182,42.382,40.404,NA,31.199,0.104,60.945,60.945
2752,18,5,963.384,992.172,39901.287,2,158,53.539,50.242,NA,11.157,0.037,84.806,23.86
2753,18,6,973.485,1000.758,40201.296,2,203,66.796,62.897,NA,13.257,0.044,40.365,-44.441
2754,18,7,973.485,1000.758,40501.306,2,177,66.796,62.897,NA,0,0,0,-40.365
2755,18,8,973.485,1000.758,40801.316,2,248,66.796,62.897,NA,0,0,0,0
2756,18,9,973.485,1000.758,41101.325,2,181,66.796,62.897,NA,0,0,0,0
2757,18,10,978.535,1010.859,41401.335,2,229,78.089,74.105,NA,11.293,0.038,63.435,63.435
2758,18,11,992.677,1028.03,41701.345,2,255,100.334,96.242,NA,22.245,0.074,50.528,-12.907
2759,18,12,994.192,1029.04,42001.354,2,255,102.155,97.936,NA,1.821,0.006,33.69,-16.837
2760,18,13,1005.808,1038.636,42301.364,2,255,117.222,112.525,NA,15.067,0.05,39.56,5.87
2761,18,14,1021.97,1048.232,42601.374,2,241,136.018,130.108,NA,18.796,0.063,30.7,-8.86
2762,18,15,1027.525,1048.737,42901.383,2,240,141.596,134.132,NA,5.578,0.019,5.194,-25.505
2763,18,16,1037.121,1048.737,43201.393,2,219,151.192,140.709,NA,9.596,0.032,0,-5.194
2764,18,17,1037.121,1048.737,43501.403,2,186,151.192,140.709,NA,0,0,0,0
2765,18,18,1042.172,1049.242,43801.412,2,117,156.268,144.657,NA,5.076,0.017,5.711,5.711
2766,18,19,1040.657,1049.242,44101.422,2,183,157.783,143.571,NA,1.515,0.005,180,174.289
2767,18,20,1040.657,1049.242,44401.432,2,187,157.783,143.571,NA,0,0,0,-180
2768,18,21,1040.657,1049.242,44701.441,2,255,157.783,143.571,NA,0,0,0,0
2769,18,22,1041.162,1053.788,45001.451,2,255,162.357,147.142,NA,4.573,0.015,83.66,83.66
2770,18,23,1041.162,1053.788,45301.461,2,240,162.357,147.142,NA,0,0,0,-83.66
2771,18,24,1042.172,1057.323,45601.47,2,255,166.033,150.384,NA,3.677,0.012,74.055,74.055
2772,18,25,1048.737,1062.374,45901.48,2,195,174.317,158.578,NA,8.283,0.028,37.569,-36.486
2773,18,26,1049.747,1073.99,46201.49,2,167,185.977,167.769,NA,11.66,0.039,85.03,47.462
2774,18,27,1049.747,1073.99,46501.499,2,255,185.977,167.769,NA,0,0,0,-85.03
2775,18,28,1049.747,1073.99,46801.509,2,255,185.977,167.769,NA,0,0,0,0
2776,18,29,1060.354,1078.03,47101.519,2,196,197.327,177.918,NA,11.35,0.038,20.854,20.854
2777,18,30,1060.354,1078.03,47401.529,2,199,197.327,177.918,NA,0,0,0,-20.854
2778,18,31,1060.354,1084.596,47701.538,2,191,203.892,182.745,NA,6.566,0.022,90,90
2779,18,32,1060.354,1089.646,48001.548,2,222,208.943,186.531,NA,5.051,0.017,90,0
2780,18,33,1060.354,1089.646,48301.558,2,251,208.943,186.531,NA,0,0,0,-90
2781,18,34,1060.354,1095.202,48601.567,2,255,214.498,190.762,NA,5.556,0.019,90,90
2782,18,35,1060.859,1095.202,48901.577,2,156,215.003,191.086,NA,0.505,0.002,0,-90
2783,18,36,1068.939,1099.242,49201.587,2,255,224.038,199.405,NA,9.035,0.03,26.565,26.565
2784,18,37,1068.939,1099.242,49501.596,2,150,224.038,199.405,NA,0,0,0,-26.565
2785,18,38,1073.485,1105.303,49801.606,2,207,231.614,206.962,NA,7.576,0.025,53.13,53.13
2786,18,39,1079.545,1114.394,50101.616,2,160,242.54,217.807,NA,10.926,0.036,56.31,3.18
2787,18,40,1092.677,1139.646,50401.625,2,156,271.002,245.623,NA,28.463,0.095,62.526,6.216
2788,18,41,1095.202,1148.737,50701.635,2,227,280.437,254.305,NA,9.435,0.031,74.476,11.95
2789,18,42,1107.323,1170.455,51001.645,2,255,305.308,278.899,NA,24.871,0.083,60.832,-13.644
2790,18,43,1112.879,1183.586,51301.654,2,255,319.566,292.729,NA,14.258,0.048,67.068,6.236
2791,18,44,1119.444,1189.141,51601.664,2,255,328.167,301.112,NA,8.601,0.029,40.236,-26.832
2792,18,45,1119.444,1191.667,51901.674,2,255,330.692,303.132,NA,2.525,0.008,90,49.764
2793,18,46,1124.495,1196.212,52201.683,2,255,337.487,309.799,NA,6.795,0.023,41.987,-48.013
2794,18,47,1124.495,1196.212,52501.693,2,255,337.487,309.799,NA,0,0,0,-41.987
2795,18,48,1124.495,1196.212,52801.703,2,250,337.487,309.799,NA,0,0,0,0
2796,18,49,1124.495,1196.212,53101.712,2,136,337.487,309.799,NA,0,0,0,0
2797,18,50,1132.071,1196.212,53401.722,2,255,345.063,314.414,NA,7.576,0.025,0,0
2798,18,51,1132.071,1196.212,53701.732,2,252,345.063,314.414,NA,0,0,0,0
2799,18,52,1136.111,1199.242,54001.741,2,255,350.113,319.294,NA,5.051,0.017,36.87,36.87
2800,18,53,1136.111,1199.242,54301.751,2,255,350.113,319.294,NA,0,0,0,-36.87
2801,18,54,1136.111,1199.242,54601.761,2,255,350.113,319.294,NA,0,0,0,0
2802,18,55,1136.111,1199.242,54901.77,2,255,350.113,319.294,NA,0,0,0,0
2803,18,56,1136.111,1199.242,55201.78,2,243,350.113,319.294,NA,0,0,0,0
2804,18,57,1141.162,1203.788,55501.79,2,255,356.908,325.994,NA,6.795,0.023,41.987,41.987
2805,18,58,1141.162,1203.788,55801.799,2,255,356.908,325.994,NA,0,0,0,-41.987
2806,18,59,1141.162,1204.293,56101.809,2,253,357.413,326.389,NA,0.505,0.002,90,90
2807,18,60,1130.556,1204.798,56401.819,2,255,368.031,320.303,NA,10.618,0.035,177.274,87.274
2808,18,61,1130.051,1205.303,56701.828,2,255,368.745,320.404,NA,0.714,0.002,135,-42.274
2809,18,62,1135.101,1208.333,57001.838,2,255,374.635,325.864,NA,5.89,0.02,30.964,-104.036
2810,18,63,1135.101,1208.333,57301.848,2,255,374.635,325.864,NA,0,0,0,-30.964
2811,18,64,1135.101,1208.333,57601.857,2,255,374.635,325.864,NA,0,0,0,0
2812,18,65,1135.101,1208.333,57901.867,2,255,374.635,325.864,NA,0,0,0,0
2813,18,66,1135.101,1208.333,58201.877,2,255,374.635,325.864,NA,0,0,0,0
2814,18,67,1135.101,1208.333,58501.886,2,255,374.635,325.864,NA,0,0,0,0
2815,18,68,1135.101,1208.333,58801.896,2,255,374.635,325.864,NA,0,0,0,0
2816,18,69,1135.101,1208.333,59101.906,2,229,374.635,325.864,NA,0,0,0,0
2817,18,70,1144.192,1210.354,59401.915,2,255,383.948,333.023,NA,9.313,0.031,12.529,12.529
2818,18,71,1144.192,1210.354,59701.925,2,238,383.948,333.023,NA,0,0,0,-12.529
2819,18,72,1144.192,1210.354,60001.935,2,255,383.948,333.023,NA,0,0,0,0
2820,18,73,1144.192,1210.354,60301.944,2,220,383.948,333.023,NA,0,0,0,0
2821,18,74,1145.707,1215.909,60601.954,2,227,389.706,338.332,NA,5.758,0.019,74.745,74.745
2822,18,75,1156.313,1219.949,60901.964,2,228,401.056,348.079,NA,11.35,0.038,20.854,-53.89
2823,18,76,1156.313,1219.949,61201.974,2,176,401.056,348.079,NA,0,0,0,-20.854
2824,18,77,1156.313,1225,61501.983,2,142,406.107,352.029,NA,5.051,0.017,90,90
2825,18,78,1159.848,1219.444,61801.993,2,255,412.692,349.915,NA,6.585,0.022,-57.529,-147.529
2826,18,79,1166.919,1219.444,62102.003,2,182,419.762,354.438,NA,7.071,0.024,0,57.529
2827,18,80,1172.98,1224.495,62402.012,2,219,427.651,362.21,NA,7.889,0.026,39.806,39.806
2828,18,81,1172.98,1234.091,62702.022,2,255,437.247,369.568,NA,9.596,0.032,90,50.194
2829,18,82,1176.515,1237.121,63002.032,2,255,441.904,374.155,NA,4.656,0.016,40.601,-49.399
2830,18,83,1179.04,1245.707,63302.041,2,255,450.853,382.398,NA,8.95,0.03,73.61,33.009
2831,18,84,1181.061,1245.707,63602.051,2,194,452.873,383.674,NA,2.02,0.007,0,-73.61
2832,18,85,1183.586,1245.707,63902.061,2,255,455.399,385.278,NA,2.525,0.008,0,0
2833,18,86,1191.667,1245.707,64202.07,2,175,463.48,390.476,NA,8.081,0.027,0,0
2834,18,87,1205.303,1245.707,64502.08,2,163,477.116,399.464,NA,13.636,0.045,0,0
2835,18,88,1205.303,1245.707,64802.09,2,176,477.116,399.464,NA,0,0,0,0
2836,18,89,1217.929,1245.707,65102.099,2,181,489.742,408.017,NA,12.626,0.042,0,0
2837,18,90,1233.586,1250.758,65402.109,2,135,506.193,422.504,NA,16.451,0.055,17.879,17.879
2838,18,91,1239.141,1257.323,65702.119,2,217,514.794,431.083,NA,8.601,0.029,49.764,31.885
2839,18,92,1245.202,1259.343,66002.128,2,100,521.182,436.771,NA,6.388,0.021,18.435,-31.329
2840,18,93,1261.869,1260.859,66302.138,2,34,537.918,449.695,NA,16.735,0.056,5.194,-13.241
2841,18,94,1262.374,1272.98,66602.148,2,167,550.049,458.548,NA,12.132,0.04,87.614,82.42
2842,18,95,1262.879,1272.98,66902.157,2,127,550.554,458.905,NA,0.505,0.002,0,-87.614
2843,18,96,1262.879,1272.98,67202.167,2,172,550.554,458.905,NA,0,0,0,0
2844,18,97,1256.818,1278.03,67502.177,2,148,558.444,458.252,NA,7.889,0.026,140.194,140.194
2845,18,98,1256.818,1278.03,67802.186,2,185,558.444,458.252,NA,0,0,0,-140.194
2846,18,99,1256.818,1278.03,68102.196,2,224,558.444,458.252,NA,0,0,0,0
2847,18,100,1252.778,1280.051,68402.206,2,201,562.961,456.914,NA,4.517,0.015,153.435,153.435
2848,18,101,1252.778,1287.121,68702.215,2,135,570.032,462.067,NA,7.071,0.024,90,-63.435
2849,18,102,1252.778,1287.121,69002.225,2,173,570.032,462.067,NA,0,0,0,-90
2850,18,103,1247.222,1287.121,69302.235,2,170,575.587,458.302,NA,5.556,0.019,180,180
2851,18,104,1247.222,1287.121,69602.244,2,219,575.587,458.302,NA,0,0,0,-180
2852,18,105,1254.798,1290.152,69902.254,2,199,583.747,465.662,NA,8.159,0.027,21.801,21.801
2853,18,106,1258.333,1293.687,70202.264,2,113,588.746,470.659,NA,5,0.017,45,23.199
2854,18,107,1258.333,1293.687,70502.273,2,140,588.746,470.659,NA,0,0,0,-45
2855,18,108,1258.333,1293.687,70802.283,2,176,588.746,470.659,NA,0,0,0,0
2856,18,109,1247.727,1291.667,71102.293,2,139,599.543,462.007,NA,10.797,0.036,-169.216,-169.216
2857,18,110,1247.727,1291.667,71402.302,2,130,599.543,462.007,NA,0,0,0,169.216
2858,18,111,1247.727,1291.667,71702.312,2,189,599.543,462.007,NA,0,0,0,0
2859,18,113,1259.848,1300.758,72002.322,2,213,614.695,476.886,NA,15.152,0.051,36.87,36.87
2860,19,1,1000.253,719.444,11700.377,2,38,0,0,NA,NA,NA,NA,NA
2861,19,2,1005.808,719.444,12000.387,2,110,5.556,5.556,NA,5.556,0.019,0,NA
2862,19,3,1005.808,719.444,12300.397,2,63,5.556,5.556,NA,0,0,0,0
2863,19,4,1007.828,726.515,12600.406,2,46,12.909,10.363,NA,7.354,0.025,74.055,74.055
2864,19,5,1009.343,726.515,12900.416,2,49,14.424,11.517,NA,1.515,0.005,0,-74.055
2865,19,6,1009.343,726.515,13200.426,2,26,14.424,11.517,NA,0,0,0,0
2866,19,7,1009.343,726.515,13500.435,2,51,14.424,11.517,NA,0,0,0,0
2867,19,8,1012.879,726.515,13800.445,2,21,17.96,14.471,NA,3.535,0.012,0,0
2868,19,9,1021.465,726.515,14100.455,2,48,26.546,22.36,NA,8.586,0.029,0,0
2869,19,10,1021.465,726.515,14400.464,2,31,26.546,22.36,NA,0,0,0,0
2870,19,11,1026.515,725.505,14700.474,2,74,31.696,26.953,NA,5.151,0.017,-11.31,-11.31
2871,19,12,1026.515,725,15000.484,2,73,32.201,26.844,NA,0.505,0.002,-90,-78.69
2872,19,13,1028.535,719.444,15300.493,2,61,38.113,28.283,NA,5.911,0.02,-70.017,19.983
2873,19,14,1028.535,719.444,15600.503,2,73,38.113,28.283,NA,0,0,0,70.017
2874,19,15,1026.01,716.414,15900.513,2,69,42.057,25.935,NA,3.945,0.013,-129.806,-129.806
2875,19,16,1026.01,709.848,16200.522,2,52,48.623,27.487,NA,6.566,0.022,-90,39.806
2876,19,17,1026.01,709.848,16500.532,2,117,48.623,27.487,NA,0,0,0,90
2877,19,18,1026.01,703.788,16800.542,2,91,54.683,30.143,NA,6.061,0.02,-90,-90
2878,19,19,1026.01,703.788,17100.551,2,111,54.683,30.143,NA,0,0,0,90
2879,19,20,1028.535,700.253,17400.561,2,80,59.028,34.18,NA,4.345,0.014,-54.462,-54.462
2880,19,21,1028.535,700.253,17700.571,2,124,59.028,34.18,NA,0,0,0,54.462
2881,19,22,1035.101,694.697,18000.58,2,107,67.629,42.742,NA,8.601,0.029,-40.236,-40.236
2882,19,23,1037.121,694.697,18300.59,2,204,69.649,44.404,NA,2.02,0.007,0,40.236
2883,19,24,1044.697,692.172,18600.6,2,233,77.634,52.145,NA,7.986,0.027,-18.435,-18.435
2884,19,25,1044.697,692.172,18900.609,2,179,77.634,52.145,NA,0,0,0,18.435
2885,19,26,1048.737,688.131,19200.619,2,255,83.348,57.717,NA,5.714,0.019,-45,-45
2886,19,27,1056.818,682.576,19500.629,2,138,93.155,67.52,NA,9.806,0.033,-34.509,10.491
2887,19,28,1057.323,679.04,19800.638,2,116,96.726,69.925,NA,3.571,0.012,-81.87,-47.361
2888,19,29,1060.859,676.01,20100.648,2,134,101.382,74.563,NA,4.656,0.016,-40.601,41.269
2889,19,30,1068.939,674.495,20400.658,2,73,109.604,82.087,NA,8.222,0.027,-10.62,29.982
2890,19,31,1068.939,674.495,20700.668,2,111,109.604,82.087,NA,0,0,0,10.62
2891,19,32,1078.03,671.465,21000.677,2,113,119.187,91.386,NA,9.583,0.032,-18.435,-18.435
2892,19,33,1084.091,668.434,21300.687,2,83,125.963,98.137,NA,6.776,0.023,-26.565,-8.13
2893,19,34,1092.172,657.323,21600.697,2,79,139.701,110.942,NA,13.739,0.046,-53.973,-27.408
2894,19,35,1097.727,658.333,21900.706,2,120,145.348,115.047,NA,5.647,0.019,10.305,64.277
2895,19,36,1097.727,662.879,22200.716,2,88,149.894,112.699,NA,4.545,0.015,90,79.695
2896,19,37,1102.273,662.879,22500.726,2,91,154.439,116.652,NA,4.545,0.015,0,-90
2897,19,38,1102.273,662.879,22800.735,2,121,154.439,116.652,NA,0,0,0,0
2898,19,39,1107.828,661.364,23100.745,2,153,160.197,122.254,NA,5.758,0.019,-15.255,-15.255
2899,19,40,1107.828,661.364,23400.755,2,103,160.197,122.254,NA,0,0,0,15.255
2900,19,41,1107.828,655.303,23700.764,2,121,166.258,125.246,NA,6.061,0.02,-90,-90
2901,19,42,1107.828,644.192,24000.774,2,106,177.369,131.284,NA,11.111,0.037,-90,0
2902,19,43,1107.828,644.192,24300.784,2,44,177.369,131.284,NA,0,0,0,90
2903,19,44,1108.333,644.192,24600.793,2,92,177.874,131.698,NA,0.505,0.002,0,0
2904,19,45,1111.869,643.182,24900.803,2,172,181.551,135.182,NA,3.677,0.012,-15.945,-15.945
2905,19,46,1111.869,630.051,25200.813,2,117,194.682,143.002,NA,13.131,0.044,-90,-74.055
2906,19,47,1111.869,630.051,25500.822,2,125,194.682,143.002,NA,0,0,0,90
2907,19,48,1111.869,630.051,25800.832,2,136,194.682,143.002,NA,0,0,0,0
2908,19,49,1111.869,630.051,26100.842,2,121,194.682,143.002,NA,0,0,0,0
2909,19,50,1112.374,628.535,26400.851,2,138,196.28,144.346,NA,1.597,0.005,-71.565,-71.565
2910,19,51,1107.828,619.949,26700.861,2,139,205.994,146.533,NA,9.715,0.032,-117.897,-46.332
2911,19,52,1106.818,611.364,27000.871,2,172,214.639,151.782,NA,8.645,0.029,-96.71,21.187
2912,19,53,1106.818,611.364,27300.88,2,112,214.639,151.782,NA,0,0,0,96.71
2913,19,54,1101.263,611.364,27600.89,2,186,220.195,147.934,NA,5.556,0.019,180,180
2914,19,55,1098.232,611.364,27900.9,2,77,223.225,145.882,NA,3.03,0.01,180,0
2915,19,56,1093.687,611.364,28200.909,2,255,227.771,142.869,NA,4.545,0.015,180,0
2916,19,57,1093.687,611.364,28500.919,2,189,227.771,142.869,NA,0,0,0,-180
2917,19,58,1109.343,609.343,28800.929,2,176,243.557,154.994,NA,15.786,0.053,-7.352,-7.352
2918,19,59,1109.848,609.848,29100.938,2,178,244.271,154.992,NA,0.714,0.002,45,52.352
2919,19,60,1110.354,609.848,29400.948,2,179,244.776,155.35,NA,0.505,0.002,0,-45
2920,19,61,1112.374,612.879,29700.958,2,185,248.418,154.685,NA,3.642,0.012,56.31,56.31
2921,19,62,1112.374,613.384,30000.967,2,131,248.923,154.337,NA,0.505,0.002,90,33.69
2922,19,63,1110.859,616.414,30300.977,2,158,252.311,151.159,NA,3.388,0.011,116.565,26.565
2923,19,64,1108.333,620.455,30600.987,2,203,257.076,146.562,NA,4.765,0.016,122.005,5.44
2924,19,65,1108.333,620.455,30900.996,2,255,257.076,146.562,NA,0,0,0,-122.005
2925,19,66,1120.96,620.455,31201.006,2,139,269.702,156.106,NA,12.626,0.042,0,0
2926,19,67,1121.97,619.444,31501.016,2,204,271.131,157.528,NA,1.428,0.005,-45,-45
2927,19,68,1125.505,616.919,31801.025,2,186,275.475,161.863,NA,4.345,0.014,-35.538,9.462
2928,19,69,1130.556,615.909,32101.035,2,123,280.626,166.429,NA,5.151,0.017,-11.31,24.228
2929,19,70,1130.556,615.909,32401.045,2,181,280.626,166.429,NA,0,0,0,11.31
2930,19,71,1130.556,615.909,32701.054,2,123,280.626,166.429,NA,0,0,0,0
2931,19,72,1130.556,619.444,33001.064,2,170,284.161,164.252,NA,3.535,0.012,90,90
2932,19,73,1132.071,620.96,33301.074,2,122,286.304,164.546,NA,2.143,0.007,45,-45
2933,19,74,1132.071,620.96,33601.083,2,190,286.304,164.546,NA,0,0,0,-45
2934,19,75,1132.071,620.96,33901.093,2,140,286.304,164.546,NA,0,0,0,0
2935,19,76,1132.071,620.96,34201.103,2,145,286.304,164.546,NA,0,0,0,0
2936,19,77,1134.091,614.394,34501.113,2,139,293.173,170.142,NA,6.869,0.023,-72.897,-72.897
2937,19,78,1134.091,614.394,34801.122,2,173,293.173,170.142,NA,0,0,0,72.897
2938,19,79,1134.091,614.394,35101.132,2,224,293.173,170.142,NA,0,0,0,0
2939,19,80,1134.091,614.394,35401.142,2,200,293.173,170.142,NA,0,0,0,0
2940,19,81,1138.636,610.859,35701.151,2,251,298.932,175.9,NA,5.758,0.019,-37.875,-37.875
2941,19,82,1138.636,606.313,36001.161,2,209,303.477,178.742,NA,4.545,0.015,-90,-52.125
2942,19,83,1138.636,606.313,36301.171,2,159,303.477,178.742,NA,0,0,0,90
2943,19,84,1141.667,606.313,36601.18,2,201,306.508,181.098,NA,3.03,0.01,0,0
2944,19,85,1141.667,606.313,36901.19,2,120,306.508,181.098,NA,0,0,0,0
2945,19,86,1147.222,608.333,37201.2,2,147,312.419,184.244,NA,5.911,0.02,19.983,19.983
2946,19,87,1147.222,608.333,37501.209,2,174,312.419,184.244,NA,0,0,0,-19.983
2947,19,88,1157.828,608.333,37801.219,2,84,323.025,192.81,NA,10.606,0.035,0,0
2948,19,89,1163.889,606.818,38101.229,2,235,329.272,198.649,NA,6.247,0.021,-14.036,-14.036
2949,19,90,1163.889,606.818,38401.238,2,100,329.272,198.649,NA,0,0,0,14.036
2950,19,91,1163.889,606.818,38701.248,2,76,329.272,198.649,NA,0,0,0,0
2951,19,92,1171.465,606.818,39001.258,2,237,336.848,204.935,NA,7.576,0.025,0,0
2952,19,93,1171.465,606.818,39301.267,2,255,336.848,204.935,NA,0,0,0,0
2953,19,94,1171.465,604.798,39601.277,2,115,338.868,206.052,NA,2.02,0.007,-90,-90
2954,19,95,1176.515,604.798,39901.287,2,187,343.919,210.267,NA,5.051,0.017,0,90
2955,19,96,1174.495,604.293,40201.296,2,153,346.001,208.855,NA,2.082,0.007,-165.964,-165.964
2956,19,97,1177.02,604.293,40501.306,2,235,348.526,210.966,NA,2.525,0.008,0,165.964
2957,19,98,1181.566,604.293,40801.316,2,185,353.072,214.789,NA,4.545,0.015,0,0
2958,19,99,1191.667,605.808,41101.325,2,185,363.286,222.604,NA,10.214,0.034,8.531,8.531
2959,19,100,1198.232,605.808,41401.335,2,236,369.852,228.274,NA,6.566,0.022,0,-8.531
2960,19,101,1207.828,597.222,41701.345,2,163,382.728,240.886,NA,12.876,0.043,-41.82,-41.82
2961,19,102,1207.828,591.162,42001.354,2,255,388.788,244.017,NA,6.061,0.02,-90,-48.18
2962,19,103,1203.788,591.162,42301.364,2,195,392.829,240.589,NA,4.04,0.013,180,-90
2963,19,104,1205.303,588.131,42601.374,2,196,396.217,243.493,NA,3.388,0.011,-63.435,116.565
2964,19,105,1210.859,588.131,42901.383,2,67,401.772,248.19,NA,5.556,0.019,0,63.435
2965,19,106,1218.434,580.051,43201.393,2,173,412.849,258.909,NA,11.077,0.037,-46.848,-46.848
2966,19,107,1218.434,580.556,43501.403,2,204,413.354,258.638,NA,0.505,0.002,90,136.848
2967,19,108,1220.455,575,43801.412,2,56,419.266,263.35,NA,5.911,0.02,-70.017,-160.017
2968,19,109,1230.051,571.465,44101.422,2,131,429.492,273.322,NA,10.226,0.034,-20.225,49.792
2969,19,110,1227.525,570.96,44401.432,2,191,432.067,271.479,NA,2.575,0.009,-168.69,-148.465
2970,19,111,1227.02,565.404,44701.441,2,255,437.646,274.139,NA,5.578,0.019,-95.194,73.496
2971,19,112,1227.02,565.404,45001.451,2,255,437.646,274.139,NA,0,0,0,95.194
2972,19,113,1226.01,565.404,45301.461,2,255,438.656,273.304,NA,1.01,0.003,180,180
2973,19,114,1220.96,565.404,45601.47,2,255,443.706,269.147,NA,5.051,0.017,180,0
2974,19,115,1214.899,564.899,45901.48,2,255,449.788,264.495,NA,6.082,0.02,-175.236,4.764
2975,19,116,1214.899,564.899,46201.49,2,255,449.788,264.495,NA,0,0,0,175.236
2976,19,117,1217.929,564.394,46501.499,2,98,452.86,267.252,NA,3.072,0.01,-9.462,-9.462
2977,19,118,1217.929,564.394,46801.509,2,85,452.86,267.252,NA,0,0,0,9.462
2978,19,119,1217.929,562.879,47101.519,2,115,454.375,268.134,NA,1.515,0.005,-90,-90
2979,19,120,1217.929,562.879,47401.529,2,66,454.375,268.134,NA,0,0,0,90
2980,19,121,1219.949,560.354,47701.538,2,255,457.609,271.25,NA,3.234,0.011,-51.34,-51.34
2981,19,122,1225,560.354,48001.548,2,203,462.66,275.357,NA,5.051,0.017,0,51.34
2982,19,123,1225,559.343,48301.558,2,239,463.67,275.942,NA,1.01,0.003,-90,-90
2983,19,124,1226.01,558.333,48601.567,2,101,465.098,277.35,NA,1.428,0.005,-45,45
2984,19,125,1240.152,563.889,48901.577,2,181,480.292,285.918,NA,15.194,0.051,21.448,66.448
2985,19,126,1243.182,564.394,49201.587,2,166,483.364,288.193,NA,3.072,0.01,9.462,-11.985
2986,19,127,1252.273,564.394,49501.596,2,174,492.455,295.897,NA,9.091,0.03,0,-9.462
2987,19,128,1257.828,571.97,49801.606,2,158,501.849,296.806,NA,9.394,0.031,53.746,53.746
2988,19,129,1263.384,574.495,50101.616,2,200,507.952,300.414,NA,6.103,0.02,24.444,-29.302
2989,19,130,1263.384,574.495,50401.625,2,217,507.952,300.414,NA,0,0,0,-24.444
2990,19,131,1275,574.495,50701.635,2,142,519.568,310.639,NA,11.616,0.039,0,0
2991,19,132,1278.535,579.04,51001.645,2,154,525.326,311.696,NA,5.758,0.019,52.125,52.125
2992,19,133,1302.273,580.556,51301.654,2,215,549.112,332.425,NA,23.786,0.079,3.652,-48.473
2993,19,134,1318.434,577.525,51601.664,2,95,565.555,348.397,NA,16.443,0.055,-10.62,-14.272
2994,19,135,1332.576,577.525,51901.674,2,163,579.697,361.358,NA,14.141,0.047,0,10.62
2995,19,136,1340.657,572.98,52201.683,2,106,588.968,370.576,NA,9.271,0.031,-29.358,-29.358
2996,19,137,1341.162,571.465,52501.693,2,168,590.565,371.641,NA,1.597,0.005,-71.565,-42.207
2997,19,138,1347.727,570.96,52801.703,2,174,597.15,377.871,NA,6.585,0.022,-4.399,67.166
2998,19,139,1352.273,570.96,53101.712,2,77,601.696,382.055,NA,4.545,0.015,0,4.399
2999,19,140,1352.778,570.96,53401.722,2,167,602.201,382.52,NA,0.505,0.002,0,0
3000,19,141,1352.778,566.919,53701.732,2,104,606.241,384.107,NA,4.04,0.013,-90,-90
3001,19,142,1352.778,566.919,54001.741,2,163,606.241,384.107,NA,0,0,0,90
3002,19,143,1354.293,563.384,54301.751,2,122,610.088,386.91,NA,3.846,0.013,-66.801,-66.801
3003,19,144,1354.293,559.848,54601.761,2,122,613.623,388.35,NA,3.535,0.012,-90,-23.199
3004,19,145,1356.313,557.323,54901.77,2,92,616.857,391.232,NA,3.234,0.011,-51.34,38.66
3005,19,146,1361.869,556.818,55201.78,2,117,622.435,396.502,NA,5.578,0.019,-5.194,46.146
3006,19,147,1369.444,553.283,55501.79,2,94,630.796,404.861,NA,8.36,0.028,-25.017,-19.822
3007,19,148,1376.515,549.747,55801.799,2,134,638.701,412.76,NA,7.905,0.026,-26.565,-1.548
3008,19,149,1376.515,549.747,56101.809,2,95,638.701,412.76,NA,0,0,0,26.565
3009,19,150,1381.061,547.727,56401.819,2,85,643.675,417.734,NA,4.974,0.017,-23.962,-23.962
3010,19,151,1381.061,547.727,56701.828,2,147,643.675,417.734,NA,0,0,0,23.962
3011,19,152,1372.475,545.707,57001.838,2,125,652.495,410.773,NA,8.82,0.029,-166.759,-166.759
3012,19,153,1380.556,543.687,57301.848,2,220,660.825,418.952,NA,8.33,0.028,-14.036,152.723
3013,19,154,1386.616,543.687,57601.857,2,98,666.885,424.462,NA,6.061,0.02,0,14.036
3014,19,155,1389.646,536.616,57901.867,2,130,674.578,430.179,NA,7.693,0.026,-66.801,-66.801
3015,19,156,1389.646,536.616,58201.877,2,113,674.578,430.179,NA,0,0,0,66.801
3016,19,157,1389.646,535.101,58501.886,2,75,676.093,430.825,NA,1.515,0.005,-90,-90
3017,19,158,1397.222,534.596,58801.896,2,67,683.686,437.897,NA,7.593,0.025,-3.814,86.186
3018,19,159,1408.838,534.596,59101.906,2,98,695.302,448.454,NA,11.616,0.039,0,3.814
3019,19,160,1414.899,526.01,59401.915,2,195,705.811,457.546,NA,10.509,0.035,-54.782,-54.782
3020,19,161,1420.96,525.505,59701.925,2,178,711.893,463.257,NA,6.082,0.02,-4.764,50.019
3021,19,162,1420.96,525.505,60001.935,2,155,711.893,463.257,NA,0,0,0,4.764
3022,19,163,1422.475,518.434,60301.944,2,153,719.124,467.629,NA,7.231,0.024,-77.905,-77.905
3023,19,164,1427.525,517.424,60601.954,2,168,724.275,472.625,NA,5.151,0.017,-11.31,66.595
3024,19,165,1427.525,514.899,60901.964,2,121,726.8,473.71,NA,2.525,0.008,-90,-78.69
3025,19,166,1431.566,512.879,61201.974,2,64,731.317,478.226,NA,4.517,0.015,-26.565,63.435
3026,19,167,1435.606,512.879,61501.983,2,129,735.358,481.874,NA,4.04,0.013,0,26.565
3027,19,168,1435.606,512.879,61801.993,2,77,735.358,481.874,NA,0,0,0,0
3028,19,169,1435.606,512.879,62102.003,2,115,735.358,481.874,NA,0,0,0,0
3029,19,170,1439.141,511.869,62402.012,2,93,739.035,485.501,NA,3.677,0.012,-15.945,-15.945
3030,19,171,1440.657,511.869,62702.022,2,68,740.55,486.871,NA,1.515,0.005,0,15.945
3031,19,172,1440.657,507.828,63002.032,2,97,744.59,488.607,NA,4.04,0.013,-90,-90
3032,19,173,1440.657,502.273,63302.041,2,97,750.146,491.039,NA,5.556,0.019,-90,0
3033,19,174,1441.667,501.263,63602.051,2,83,751.574,492.392,NA,1.428,0.005,-45,45
3034,19,175,1447.727,494.697,63902.061,2,128,760.509,500.745,NA,8.935,0.03,-47.291,-2.291
3035,19,176,1447.727,495.202,64202.07,2,71,761.014,500.518,NA,0.505,0.002,90,137.291
3036,19,177,1453.283,488.131,64502.08,2,87,770.007,508.667,NA,8.992,0.03,-51.843,-141.843
3037,19,178,1454.798,487.121,64802.09,2,2,771.828,510.476,NA,1.821,0.006,-33.69,18.153
3038,19,179,1461.364,478.03,65102.099,2,94,783.042,520.485,NA,11.214,0.037,-54.162,-20.472
3039,19,180,1464.394,474.495,65402.109,2,231,787.698,524.812,NA,4.656,0.016,-49.399,4.764
3040,20,1,599.747,666.414,12900.416,2,56,0,0,NA,NA,NA,NA,NA
3041,20,2,595.707,666.414,13200.426,2,31,4.04,4.04,NA,4.04,0.013,180,NA
3042,20,3,595.707,666.414,13500.435,2,28,4.04,4.04,NA,0,0,0,-180
3043,20,4,595.707,666.414,13800.445,2,42,4.04,4.04,NA,0,0,0,0
3044,20,5,598.737,666.414,14100.455,2,85,7.071,1.01,NA,3.03,0.01,0,0
3045,20,6,600.253,661.869,14400.464,2,84,11.862,4.573,NA,4.791,0.016,-71.565,-71.565
3046,20,7,600.253,661.869,14700.474,2,87,11.862,4.573,NA,0,0,0,71.565
3047,20,8,600.253,661.869,15000.484,2,110,11.862,4.573,NA,0,0,0,0
3048,20,9,600.253,661.869,15300.493,2,80,11.862,4.573,NA,0,0,0,0
3049,20,10,600.253,656.818,15600.503,2,59,16.913,9.609,NA,5.051,0.017,-90,-90
3050,20,11,600.253,656.818,15900.513,2,110,16.913,9.609,NA,0,0,0,90
3051,20,12,600.253,650.758,16200.522,2,141,22.973,15.665,NA,6.061,0.02,-90,-90
3052,20,13,600.253,647.222,16500.532,2,193,26.509,19.199,NA,3.535,0.012,-90,0
3053,20,14,600.253,638.131,16800.542,2,81,35.599,28.287,NA,9.091,0.03,-90,0
3054,20,15,599.747,635.606,17100.551,2,115,38.175,30.808,NA,2.575,0.009,-101.31,-11.31
3055,20,16,599.747,636.111,17400.561,2,200,38.68,30.303,NA,0.505,0.002,90,-168.69
3056,20,17,599.747,633.586,17700.571,2,141,41.205,32.828,NA,2.525,0.008,-90,-180
3057,20,18,594.697,633.586,18000.58,2,161,46.255,33.215,NA,5.051,0.017,180,-90
3058,20,19,588.131,639.646,18300.59,2,153,55.191,29.18,NA,8.935,0.03,137.291,-42.709
3059,20,20,586.111,642.677,18600.6,2,130,58.833,27.375,NA,3.642,0.012,123.69,-13.601
3060,20,21,585.101,652.273,18900.609,2,187,68.482,20.359,NA,9.649,0.032,96.009,-27.681
3061,20,22,580.556,660.859,19200.619,2,133,78.197,19.98,NA,9.715,0.032,117.897,21.888
3062,20,23,557.828,662.879,19500.629,2,95,101.013,42.068,NA,22.817,0.076,174.92,57.023
3063,20,24,547.727,664.899,19800.638,2,100,111.314,52.042,NA,10.301,0.034,168.69,-6.23
3064,20,25,535.606,664.394,20100.648,2,97,123.446,64.173,NA,12.132,0.04,-177.614,13.696
3065,20,26,535.606,664.394,20400.658,2,81,123.446,64.173,NA,0,0,0,177.614
3066,20,27,535.606,664.394,20700.668,2,107,123.446,64.173,NA,0,0,0,0
3067,20,28,527.02,664.394,21000.677,2,65,132.032,72.755,NA,8.586,0.029,180,180
3068,20,29,527.02,664.394,21300.687,2,140,132.032,72.755,NA,0,0,0,-180
3069,20,30,514.394,664.394,21600.697,2,93,144.658,85.377,NA,12.626,0.042,180,180
3070,20,31,502.273,659.343,21900.706,2,123,157.79,97.731,NA,13.131,0.044,-157.38,22.62
3071,20,32,492.677,658.333,22200.716,2,176,167.439,107.375,NA,9.649,0.032,-173.991,-16.611
3072,20,33,492.172,658.333,22500.726,2,167,167.944,107.879,NA,0.505,0.002,180,-6.009
3073,20,34,486.616,664.394,22800.735,2,86,176.165,113.149,NA,8.222,0.027,132.51,-47.49
3074,20,35,484.596,663.889,23100.745,2,96,178.248,115.179,NA,2.082,0.007,-165.964,61.526
3075,20,36,484.596,663.889,23400.755,2,254,178.248,115.179,NA,0,0,0,165.964
3076,20,37,484.596,663.889,23700.764,2,71,178.248,115.179,NA,0,0,0,0
3077,20,38,477.02,666.414,24000.774,2,83,186.233,122.727,NA,7.986,0.027,161.565,161.565
3078,20,39,477.02,668.434,24300.784,2,125,188.253,122.744,NA,2.02,0.007,90,-71.565
3079,20,40,469.444,667.929,24600.793,2,99,195.846,130.312,NA,7.593,0.025,-176.186,93.814
3080,20,41,469.444,667.929,24900.803,2,79,195.846,130.312,NA,0,0,0,176.186
3081,20,42,469.444,667.929,25200.813,2,100,195.846,130.312,NA,0,0,0,0
3082,20,43,469.444,659.848,25500.822,2,71,203.927,130.468,NA,8.081,0.027,-90,-90
3083,20,44,469.444,651.768,25800.832,2,183,212.008,131.124,NA,8.081,0.027,-90,0
3084,20,45,469.444,651.768,26100.842,2,129,212.008,131.124,NA,0,0,0,90
3085,20,46,477.02,659.343,26400.851,2,44,222.721,122.931,NA,10.714,0.036,45,45
3086,20,47,470.455,659.343,26700.861,2,37,229.287,129.486,NA,6.566,0.022,180,135
3087,20,48,464.394,659.848,27000.871,2,134,235.369,135.513,NA,6.082,0.02,175.236,-4.764
3088,20,49,464.394,659.848,27300.88,2,91,235.369,135.513,NA,0,0,0,-175.236
3089,20,50,464.394,659.848,27600.89,2,85,235.369,135.513,NA,0,0,0,0
3090,20,51,476.515,668.434,27900.9,2,77,250.223,123.249,NA,14.854,0.05,35.311,35.311
3091,20,52,479.04,668.434,28200.909,2,134,252.748,120.724,NA,2.525,0.008,0,-35.311
3092,20,53,480.556,658.838,28500.919,2,255,262.463,119.432,NA,9.715,0.032,-81.027,-81.027
3093,20,54,480.556,658.838,28800.929,2,183,262.463,119.432,NA,0,0,0,81.027
3094,20,55,480.556,658.838,29100.938,2,133,262.463,119.432,NA,0,0,0,0
3095,20,56,476.01,652.778,29400.948,2,87,270.038,124.486,NA,7.576,0.025,-126.87,-126.87
3096,20,57,475.505,649.242,29700.958,2,89,273.61,125.423,NA,3.571,0.012,-98.13,28.74
3097,20,58,473.485,661.869,30000.967,2,121,286.397,126.344,NA,12.787,0.043,99.09,-162.78
3098,20,59,473.485,675,30300.977,2,204,299.528,126.554,NA,13.131,0.044,90,-9.09
3099,20,60,465.404,675,30600.987,2,78,307.609,134.618,NA,8.081,0.027,180,90
3100,20,61,465.404,683.081,30900.996,2,84,315.689,135.373,NA,8.081,0.027,90,-90
3101,20,62,463.889,697.727,31201.006,2,103,330.414,139.42,NA,14.725,0.049,95.906,5.906
3102,20,63,463.889,704.293,31501.016,2,156,336.98,141.04,NA,6.566,0.022,90,-5.906
3103,20,64,463.889,704.293,31801.025,2,115,336.98,141.04,NA,0,0,0,-90
3104,20,65,463.889,704.293,32101.035,2,133,336.98,141.04,NA,0,0,0,0
3105,20,66,466.414,704.293,32401.045,2,227,339.505,138.609,NA,2.525,0.008,0,0
3106,20,67,471.465,704.293,32701.054,2,108,344.556,133.758,NA,5.051,0.017,0,0
3107,20,68,471.465,693.182,33001.064,2,122,355.667,131.046,NA,11.111,0.037,-90,-90
3108,20,69,462.374,687.626,33301.074,2,134,366.321,139.002,NA,10.654,0.036,-148.57,-58.57
3109,20,70,438.636,678.535,33601.083,2,112,391.739,161.566,NA,25.419,0.085,-159.044,-10.474
3110,20,71,438.636,679.04,33901.093,2,104,392.244,161.605,NA,0.505,0.002,90,-110.956
3111,20,72,433.586,680.051,34201.103,2,194,397.395,166.72,NA,5.151,0.017,168.69,78.69
3112,20,73,433.586,680.051,34501.113,2,199,397.395,166.72,NA,0,0,0,-168.69
3113,20,74,424.495,680.051,34801.122,2,212,406.486,175.782,NA,9.091,0.03,180,180
3114,20,75,415.909,676.515,35101.132,2,70,415.771,184.116,NA,9.285,0.031,-157.62,22.38
3115,20,76,411.364,674.495,35401.142,2,220,420.745,188.557,NA,4.974,0.017,-156.038,1.582
3116,20,77,411.364,674.495,35701.151,2,219,420.745,188.557,NA,0,0,0,156.038
3117,20,78,409.343,673.485,36001.161,2,247,423.004,190.535,NA,2.259,0.008,-153.435,-153.435
3118,20,79,404.293,672.475,36301.171,2,208,428.154,195.548,NA,5.151,0.017,-168.69,-15.255
3119,20,80,419.444,669.444,36601.18,2,89,443.606,180.328,NA,15.452,0.052,-11.31,157.38
3120,20,81,439.646,672.98,36901.19,2,84,464.115,160.236,NA,20.509,0.068,9.926,21.236
3121,20,82,451.263,672.98,37201.2,2,140,475.731,148.63,NA,11.616,0.039,0,-9.926
3122,20,83,453.283,683.081,37501.209,2,175,486.032,147.41,NA,10.301,0.034,78.69,78.69
3123,20,84,453.283,683.081,37801.219,2,62,486.032,147.41,NA,0,0,0,-78.69
3124,20,85,467.424,683.081,38101.229,2,102,500.174,133.369,NA,14.141,0.047,0,0
3125,20,86,467.424,683.081,38401.238,2,102,500.174,133.369,NA,0,0,0,0
3126,20,87,453.283,683.081,38701.248,2,92,514.315,147.41,NA,14.141,0.047,180,180
3127,20,88,437.626,689.646,39001.258,2,217,531.293,163.777,NA,16.978,0.057,157.249,-22.751
3128,20,89,432.071,687.121,39301.267,2,144,537.395,168.951,NA,6.103,0.02,-155.556,47.195
3129,20,90,414.899,687.121,39601.277,2,170,554.567,186.005,NA,17.172,0.057,180,-24.444
3130,20,91,401.263,673.485,39901.287,2,164,573.852,198.611,NA,19.285,0.064,-135,45
3131,20,92,383.081,668.939,40201.296,2,235,592.593,216.681,NA,18.741,0.062,-165.964,-30.964
3132,20,93,376.515,659.343,40501.306,2,142,604.22,223.344,NA,11.627,0.039,-124.38,41.583
3133,20,94,376.515,659.343,40801.316,2,129,604.22,223.344,NA,0,0,0,124.38
3134,20,95,373.99,659.343,41101.325,2,109,606.745,225.868,NA,2.525,0.008,180,180
3135,20,96,373.99,659.343,41401.335,2,166,606.745,225.868,NA,0,0,0,-180
3136,20,97,366.919,653.283,41701.345,2,98,616.058,233.198,NA,9.313,0.031,-139.399,-139.399
3137,20,98,363.889,652.778,42001.354,2,101,619.13,236.252,NA,3.072,0.01,-170.538,-31.139
3138,20,99,363.889,652.778,42301.364,2,222,619.13,236.252,NA,0,0,0,170.538
3139,20,100,363.889,650.758,42601.374,2,99,621.15,236.378,NA,2.02,0.007,-90,-90
3140,20,101,363.889,648.232,42901.383,2,28,623.676,236.558,NA,2.525,0.008,-90,0
3141,20,102,345.707,648.232,43201.393,2,221,641.857,254.69,NA,18.182,0.061,180,-90
3142,20,103,337.121,652.273,43501.403,2,165,651.346,263.007,NA,9.489,0.032,154.799,-25.201
3143,20,104,337.121,646.212,43801.412,2,240,657.407,263.402,NA,6.061,0.02,-90,115.201
3144,20,105,328.03,648.737,44101.422,2,166,666.842,272.292,NA,9.435,0.031,164.476,-105.524
3145,20,106,333.081,658.333,44401.432,2,76,677.686,266.789,NA,10.844,0.036,62.241,-102.234
3146,20,107,328.03,654.293,44701.441,2,144,684.154,271.987,NA,6.468,0.022,-141.34,156.418
3147,20,108,328.03,654.293,45001.451,2,79,684.154,271.987,NA,0,0,0,141.34
3148,20,109,321.465,649.242,45301.461,2,121,692.437,278.812,NA,8.283,0.028,-142.431,-142.431
3149,20,110,321.465,649.242,45601.47,2,114,692.437,278.812,NA,0,0,0,142.431
3150,20,111,317.929,645.707,45901.48,2,185,697.437,282.578,NA,5,0.017,-135,-135
3151,20,112,316.919,641.667,46201.49,2,188,701.602,283.909,NA,4.165,0.014,-104.036,30.964
3152,20,113,316.919,641.667,46501.499,2,204,701.602,283.909,NA,0,0,0,104.036
3153,20,114,316.414,641.667,46801.509,2,192,702.107,284.412,NA,0.505,0.002,180,180
3154,20,115,313.889,643.182,47101.519,2,181,705.052,286.801,NA,2.945,0.01,149.036,-30.964
3155,20,116,310.859,642.677,47401.529,2,132,708.124,289.862,NA,3.072,0.01,-170.538,40.426
3156,20,117,310.859,642.677,47701.538,2,97,708.124,289.862,NA,0,0,0,170.538
3157,20,118,309.343,644.192,48001.548,2,92,710.267,291.253,NA,2.143,0.007,135,135
3158,20,119,309.848,650.253,48301.558,2,100,716.348,290.349,NA,6.082,0.02,85.236,-49.764
3159,20,120,318.939,652.273,48601.567,2,135,725.661,281.164,NA,9.313,0.031,12.529,-72.708
3160,20,121,319.444,650.253,48901.577,2,164,727.743,280.769,NA,2.082,0.007,-75.964,-88.493
3161,20,122,320.96,639.141,49201.587,2,255,738.957,280.119,NA,11.214,0.037,-82.235,-6.271
3162,20,123,320.96,639.141,49501.596,2,222,738.957,280.119,NA,0,0,0,82.235
3163,20,124,320.96,639.141,49801.606,2,170,738.957,280.119,NA,0,0,0,0
3164,20,125,315.404,645.707,50101.616,2,148,747.558,285.096,NA,8.601,0.029,130.236,130.236
3165,20,126,315.404,645.707,50401.625,2,91,747.558,285.096,NA,0,0,0,-130.236
3166,20,127,315.404,645.707,50701.635,2,151,747.558,285.096,NA,0,0,0,0
3167,20,128,315.404,640.152,51001.645,2,226,753.113,285.554,NA,5.556,0.019,-90,-90
3168,20,129,310.354,637.626,51301.654,2,109,758.76,290.822,NA,5.647,0.019,-153.435,-63.435
3169,20,130,303.283,629.04,51601.664,2,145,769.883,298.811,NA,11.123,0.037,-129.472,23.962
3170,20,131,303.283,630.051,51901.674,2,45,770.893,298.686,NA,1.01,0.003,90,-140.528
3171,20,132,294.192,630.051,52201.683,2,197,779.984,307.712,NA,9.091,0.03,180,90
3172,20,133,294.192,630.051,52501.693,2,136,779.984,307.712,NA,0,0,0,-180
3173,20,134,294.192,636.616,52801.703,2,94,786.549,307.005,NA,6.566,0.022,90,90
3174,20,135,297.222,641.162,53101.712,2,49,792.012,303.577,NA,5.463,0.018,56.31,-33.69
3175,20,136,304.798,641.162,53401.722,2,114,799.588,296.029,NA,7.576,0.025,0,-56.31
3176,20,137,307.828,651.263,53701.732,2,141,810.134,292.312,NA,10.546,0.035,73.301,73.301
3177,20,138,307.828,651.263,54001.741,2,72,810.134,292.312,NA,0,0,0,-73.301
3178,20,139,312.374,654.798,54301.751,2,132,815.892,287.608,NA,5.758,0.019,37.875,37.875
3179,20,140,311.364,666.414,54601.761,2,70,827.552,288.384,NA,11.66,0.039,94.97,57.095
3180,20,141,306.313,666.414,54901.77,2,38,832.603,293.434,NA,5.051,0.017,180,85.03
3181,20,142,295.202,656.313,55201.78,2,130,847.619,304.713,NA,15.016,0.05,-137.726,42.274
3182,20,143,289.141,652.778,55501.79,2,182,854.635,310.905,NA,7.016,0.023,-149.744,-12.017
3183,20,144,289.141,654.293,55801.799,2,210,856.151,310.842,NA,1.515,0.005,90,-120.256
3184,20,145,286.111,637.626,56101.809,2,141,873.09,314.955,NA,16.94,0.056,-100.305,169.695
3185,20,146,281.566,635.101,56401.819,2,114,878.29,319.719,NA,5.2,0.017,-150.945,-50.641
3186,20,147,281.566,635.101,56701.828,2,122,878.29,319.719,NA,0,0,0,150.945
3187,20,148,276.01,635.101,57001.838,2,88,883.846,325.248,NA,5.556,0.019,180,180
3188,20,149,276.01,635.606,57301.848,2,121,884.351,325.2,NA,0.505,0.002,90,-90
3189,20,150,278.535,637.121,57601.857,2,87,887.296,322.545,NA,2.945,0.01,30.964,-59.036
3190,20,151,286.616,637.121,57901.867,2,54,895.377,314.498,NA,8.081,0.027,0,-30.964
3191,20,152,286.616,630.556,58201.877,2,95,901.942,315.178,NA,6.566,0.022,-90,-90
3192,20,153,277.525,630.556,58501.886,2,151,911.033,324.211,NA,9.091,0.03,180,-90
3193,20,154,272.98,625.505,58801.896,2,151,917.828,329.318,NA,6.795,0.023,-131.987,48.013
3194,20,155,272.98,625.505,59101.906,2,159,917.828,329.318,NA,0,0,0,131.987
3195,20,156,257.828,619.444,59401.915,2,64,934.147,345.13,NA,16.319,0.054,-158.199,-158.199
3196,20,157,239.646,600.758,59701.925,2,180,960.219,366.038,NA,26.073,0.087,-134.215,23.983
3197,20,158,225,592.172,60001.935,2,99,977.197,382.031,NA,16.978,0.057,-149.621,-15.406
3198,20,159,210.859,592.172,60301.944,2,26,991.338,395.912,NA,14.141,0.047,180,-30.379
3199,20,160,210.859,592.172,60601.954,2,59,991.338,395.912,NA,0,0,0,-180
3200,20,161,203.283,592.172,60901.964,2,39,998.914,403.356,NA,7.576,0.025,180,180
3201,20,162,203.283,592.172,61201.974,2,46,998.914,403.356,NA,0,0,0,-180
3202,20,163,203.283,601.263,61501.983,2,206,1008.005,401.782,NA,9.091,0.03,90,90
3203,20,164,203.283,606.818,61801.993,2,95,1013.56,400.919,NA,5.556,0.019,90,0
3204,20,165,197.727,607.323,62102.003,2,103,1019.139,406.34,NA,5.578,0.019,174.806,84.806
3205,20,166,185.101,607.323,62402.012,2,127,1031.765,418.836,NA,12.626,0.042,180,5.194
3206,20,167,177.525,607.323,62702.022,2,71,1039.341,426.337,NA,7.576,0.025,180,0
3207,20,168,173.485,607.323,63002.032,2,145,1043.381,430.339,NA,4.04,0.013,180,0
3208,20,169,162.374,607.323,63302.041,2,68,1054.492,441.347,NA,11.111,0.037,180,0
3209,20,170,162.374,607.323,63602.051,2,128,1054.492,441.347,NA,0,0,0,-180
3210,20,171,152.778,607.323,63902.061,2,65,1064.088,450.859,NA,9.596,0.032,180,180
3211,21,1,962.879,682.576,30000.967,2,156,0,0,NA,NA,NA,NA,NA
3212,21,2,962.879,685.606,30300.977,2,95,3.03,3.03,NA,3.03,0.01,90,NA
3213,21,3,962.879,688.636,30600.987,2,105,6.061,6.061,NA,3.03,0.01,90,0
3214,21,4,962.879,688.636,30900.996,2,72,6.061,6.061,NA,0,0,0,-90
3215,21,5,970.96,688.636,31201.006,2,82,14.141,10.101,NA,8.081,0.027,0,0
3216,21,6,970.96,688.636,31501.016,2,111,14.141,10.101,NA,0,0,0,0
3217,21,7,970.96,688.636,31801.025,2,102,14.141,10.101,NA,0,0,0,0
3218,21,8,970.96,683.586,32101.035,2,149,19.192,8.144,NA,5.051,0.017,-90,-90
3219,21,9,970.96,683.586,32401.045,2,159,19.192,8.144,NA,0,0,0,90
3220,21,10,970.96,683.586,32701.054,2,147,19.192,8.144,NA,0,0,0,0
3221,21,11,973.99,690.657,33001.064,2,170,26.885,13.739,NA,7.693,0.026,66.801,66.801
3222,21,12,973.99,690.657,33301.074,2,191,26.885,13.739,NA,0,0,0,-66.801
3223,21,13,972.475,693.182,33601.083,2,173,29.83,14.303,NA,2.945,0.01,120.964,120.964
3224,21,14,972.475,693.182,33901.093,2,229,29.83,14.303,NA,0,0,0,-120.964
3225,21,15,972.475,693.182,34201.103,2,124,29.83,14.303,NA,0,0,0,0
3226,21,16,972.475,693.182,34501.113,2,169,29.83,14.303,NA,0,0,0,0
3227,21,17,973.99,690.152,34801.122,2,161,33.218,13.448,NA,3.388,0.011,-63.435,-63.435
3228,21,18,973.99,690.152,35101.132,2,197,33.218,13.448,NA,0,0,0,63.435
3229,21,19,973.99,690.152,35401.142,2,206,33.218,13.448,NA,0,0,0,0
3230,21,20,978.535,687.626,35701.151,2,146,38.417,16.451,NA,5.2,0.017,-29.055,-29.055
3231,21,21,980.556,686.616,36001.161,2,175,40.676,18.133,NA,2.259,0.008,-26.565,2.49
3232,21,22,981.566,686.111,36301.171,2,196,41.805,19.018,NA,1.129,0.004,-26.565,0
3233,21,23,981.566,686.111,36601.18,2,86,41.805,19.018,NA,0,0,0,26.565
3234,21,24,991.667,691.162,36901.19,2,164,53.099,30.041,NA,11.293,0.038,26.565,26.565
3235,21,25,996.212,692.172,37201.2,2,71,57.755,34.687,NA,4.656,0.016,12.529,-14.036
3236,21,26,1007.828,692.172,37501.209,2,82,69.371,45.962,NA,11.616,0.039,0,-12.529
3237,21,27,1012.374,693.182,37801.219,2,92,74.027,50.619,NA,4.656,0.016,12.529,12.529
3238,21,28,1020.96,696.212,38101.229,2,80,83.132,59.66,NA,9.105,0.03,19.44,6.911
3239,21,29,1029.545,705.808,38401.238,2,194,96.009,70.599,NA,12.876,0.043,48.18,28.74
3240,21,30,1034.091,705.808,38701.248,2,190,100.554,74.906,NA,4.545,0.015,0,-48.18
3241,21,31,1036.616,705.808,39001.258,2,80,103.079,77.311,NA,2.525,0.008,0,0
3242,21,32,1041.667,705.303,39301.267,2,97,108.155,82,NA,5.076,0.017,-5.711,-5.711
3243,21,33,1041.667,705.303,39601.277,2,92,108.155,82,NA,0,0,0,5.711
3244,21,34,1047.222,700.253,39901.287,2,140,115.663,86.176,NA,7.508,0.025,-42.274,-42.274
3245,21,35,1041.667,699.747,40201.296,2,113,121.242,80.637,NA,5.578,0.019,-174.806,-132.532
3246,21,36,1041.667,693.687,40501.306,2,105,127.302,79.567,NA,6.061,0.02,-90,84.806
3247,21,37,1041.667,693.687,40801.316,2,108,127.302,79.567,NA,0,0,0,90
3248,21,38,1041.667,693.687,41101.325,2,130,127.302,79.567,NA,0,0,0,0
3249,21,39,1041.667,693.687,41401.335,2,202,127.302,79.567,NA,0,0,0,0
3250,21,40,1041.667,693.687,41701.345,2,184,127.302,79.567,NA,0,0,0,0
3251,21,41,1042.677,687.626,42001.354,2,131,133.446,79.958,NA,6.144,0.02,-80.538,-80.538
3252,21,42,1045.202,678.535,42301.364,2,162,142.882,82.422,NA,9.435,0.031,-74.476,6.062
3253,21,43,1048.232,660.354,42601.374,2,113,161.314,88.199,NA,18.433,0.061,-80.538,-6.062
3254,21,44,1048.232,660.354,42901.383,2,195,161.314,88.199,NA,0,0,0,80.538
3255,21,45,1057.828,659.848,43201.393,2,118,170.923,97.632,NA,9.609,0.032,-3.013,-3.013
3256,21,46,1057.828,648.232,43501.403,2,236,182.54,100.97,NA,11.616,0.039,-90,-86.987
3257,21,47,1055.303,629.545,43801.412,2,78,201.396,106.557,NA,18.857,0.063,-97.696,-7.696
3258,21,48,1048.232,632.071,44101.422,2,229,208.904,99.177,NA,7.508,0.025,160.346,-101.958
3259,21,49,1048.232,628.03,44401.432,2,210,212.945,101.294,NA,4.04,0.013,-90,109.654
3260,21,50,1048.232,628.03,44701.441,2,112,212.945,101.294,NA,0,0,0,90
3261,21,51,1042.677,624.495,45001.451,2,124,219.53,98.697,NA,6.585,0.022,-147.529,-147.529
3262,21,52,1042.677,621.97,45301.461,2,124,222.055,100.204,NA,2.525,0.008,-90,57.529
3263,21,53,1047.727,620.455,45601.47,2,221,227.328,105.159,NA,5.273,0.018,-16.699,73.301
3264,21,54,1048.737,618.939,45901.48,2,160,229.149,106.87,NA,1.821,0.006,-56.31,-39.611
3265,21,55,1049.242,614.394,46201.49,2,124,233.722,110.034,NA,4.573,0.015,-83.66,-27.35
3266,21,56,1049.242,614.394,46501.499,2,148,233.722,110.034,NA,0,0,0,83.66
3267,21,57,1053.283,612.879,46801.509,2,125,238.038,114.151,NA,4.315,0.014,-20.556,-20.556
3268,21,58,1057.828,611.364,47101.519,2,135,242.829,118.687,NA,4.791,0.016,-18.435,2.121
3269,21,59,1060.354,609.343,47401.529,2,173,246.063,121.919,NA,3.234,0.011,-38.66,-20.225
3270,21,60,1062.374,609.343,47701.538,2,185,248.083,123.54,NA,2.02,0.007,0,38.66
3271,21,61,1065.909,608.838,48001.548,2,251,251.654,126.698,NA,3.571,0.012,-8.13,-8.13
3272,21,62,1065.909,608.838,48301.558,2,134,251.654,126.698,NA,0,0,0,8.13
3273,21,63,1066.414,618.434,48601.567,2,165,261.264,121.794,NA,9.609,0.032,86.987,86.987
3274,21,64,1070.96,619.444,48901.577,2,112,265.92,125.168,NA,4.656,0.016,12.529,-74.458
3275,21,65,1070.96,619.444,49201.587,2,126,265.92,125.168,NA,0,0,0,-12.529
3276,21,66,1076.515,625,49501.596,2,117,273.777,127.39,NA,7.857,0.026,45,45
3277,21,67,1076.515,629.04,49801.606,2,129,277.817,125.616,NA,4.04,0.013,90,45
3278,21,68,1076.515,633.081,50101.616,2,180,281.857,123.947,NA,4.04,0.013,90,0
3279,21,69,1076.515,633.081,50401.625,2,126,281.857,123.947,NA,0,0,0,-90
3280,21,70,1083.586,638.131,50701.635,2,121,290.547,128.629,NA,8.689,0.029,35.538,35.538
3281,21,71,1083.586,644.192,51001.645,2,172,296.607,126.663,NA,6.061,0.02,90,54.462
3282,21,72,1083.586,645.202,51301.654,2,170,297.617,126.361,NA,1.01,0.003,90,0
3283,21,73,1085.606,645.202,51601.664,2,145,299.638,128.292,NA,2.02,0.007,0,-90
3284,21,74,1092.172,644.192,51901.674,2,255,306.28,134.87,NA,6.643,0.022,-8.746,-8.746
3285,21,75,1098.737,632.576,52201.683,2,197,319.624,144.767,NA,13.343,0.044,-60.524,-51.778
3286,21,76,1099.242,629.545,52501.693,2,255,322.696,146.312,NA,3.072,0.01,-80.538,-20.014
3287,21,77,1091.667,629.545,52801.703,2,255,330.272,139.279,NA,7.576,0.025,180,-99.462
3288,21,78,1090.152,626.01,53101.712,2,150,334.118,139.277,NA,3.846,0.013,-113.199,66.801
3289,21,79,1090.152,626.01,53401.722,2,196,334.118,139.277,NA,0,0,0,113.199
3290,21,80,1090.152,626.01,53701.732,2,192,334.118,139.277,NA,0,0,0,0
3291,21,81,1090.152,626.01,54001.741,2,180,334.118,139.277,NA,0,0,0,0
3292,21,82,1090.152,626.01,54301.751,2,127,334.118,139.277,NA,0,0,0,0
3293,21,83,1090.152,626.01,54601.761,2,164,334.118,139.277,NA,0,0,0,0
3294,21,84,1092.172,618.434,54901.77,2,180,341.958,144.329,NA,7.84,0.026,-75.069,-75.069
3295,21,85,1099.747,609.848,55201.78,2,235,353.409,154.991,NA,11.45,0.038,-48.576,26.492
3296,21,86,1099.747,609.848,55501.79,2,116,353.409,154.991,NA,0,0,0,48.576
3297,21,87,1102.273,610.859,55801.799,2,61,356.128,156.761,NA,2.72,0.009,21.801,21.801
3298,21,88,1106.313,610.354,56101.809,2,67,360.2,160.591,NA,4.072,0.014,-7.125,-28.926
3299,21,89,1106.313,610.354,56401.819,2,98,360.2,160.591,NA,0,0,0,7.125
3300,21,90,1106.313,610.354,56701.828,2,38,360.2,160.591,NA,0,0,0,0
3301,21,91,1119.444,610.354,57001.838,2,102,373.332,172.421,NA,13.131,0.044,0,0
3302,21,92,1132.071,590.152,57301.848,2,83,397.155,192.79,NA,23.823,0.079,-57.995,-57.995
3303,21,93,1143.182,586.616,57601.857,2,136,408.815,204.248,NA,11.66,0.039,-17.65,40.344
3304,21,94,1151.263,582.576,57901.867,2,188,417.849,213.28,NA,9.035,0.03,-26.565,-8.915
3305,21,95,1151.263,582.576,58201.877,2,179,417.849,213.28,NA,0,0,0,26.565
3306,21,96,1151.263,582.576,58501.886,2,98,417.849,213.28,NA,0,0,0,0
3307,21,97,1151.263,592.677,58801.896,2,91,427.95,208.735,NA,10.101,0.034,90,90
3308,21,98,1151.263,592.677,59101.906,2,117,427.95,208.735,NA,0,0,0,-90
3309,21,99,1155.303,586.111,59401.915,2,151,435.66,215.25,NA,7.709,0.026,-58.392,-58.392
3310,21,100,1163.384,585.606,59701.925,2,101,443.756,222.723,NA,8.097,0.027,-3.576,54.816
3311,21,101,1170.455,577.02,60001.935,2,70,454.879,232.873,NA,11.123,0.037,-50.528,-46.951
3312,21,102,1181.566,573.485,60301.944,2,136,466.539,244.387,NA,11.66,0.039,-17.65,32.877
3313,21,103,1183.586,568.434,60601.954,2,99,471.978,248.475,NA,5.44,0.018,-68.199,-50.548
3314,21,104,1206.313,560.859,60901.964,2,33,495.935,272.168,NA,23.957,0.08,-18.435,49.764
3315,21,105,1227.525,554.798,61201.974,2,59,517.996,293.879,NA,22.061,0.074,-15.945,2.49
3316,21,106,1248.232,554.798,61501.983,2,159,538.703,312.656,NA,20.707,0.069,0,15.945
3317,21,107,1261.364,554.798,61801.993,2,80,551.834,324.685,NA,13.131,0.044,0,0
3318,21,108,1280.051,546.212,62102.003,2,29,572.399,345.243,NA,20.565,0.069,-24.677,-24.677
3319,21,109,1286.111,547.222,62402.012,2,112,578.544,350.428,NA,6.144,0.02,9.462,34.139
3320,21,110,1293.687,542.172,62702.022,2,117,587.648,359.371,NA,9.105,0.03,-33.69,-43.152
3321,21,111,1301.768,535.606,63002.032,2,209,598.06,369.386,NA,10.412,0.035,-39.094,-5.404
3322,21,112,1301.768,527.02,63302.041,2,90,606.646,372.885,NA,8.586,0.029,-90,-50.906
3323,21,113,1308.333,527.02,63602.051,2,186,613.212,378.862,NA,6.566,0.022,0,90
3324,21,114,1305.808,518.939,63902.061,2,67,621.678,379.97,NA,8.466,0.028,-107.354,-107.354
3325,21,115,1314.394,518.939,64202.07,2,84,630.264,387.737,NA,8.586,0.029,0,107.354
3326,21,116,1314.899,508.333,64502.08,2,82,640.882,392.783,NA,10.618,0.035,-87.274,-87.274
3327,21,117,1334.091,507.828,64802.09,2,188,660.081,410.287,NA,19.199,0.064,-1.507,85.766
3328,21,118,1335.606,497.727,65102.099,2,83,670.295,416.046,NA,10.214,0.034,-81.469,-79.962
3329,21,119,1335.606,497.727,65402.109,2,143,670.295,416.046,NA,0,0,0,81.469
3330,21,120,1347.222,492.677,65702.119,2,74,682.961,428.697,NA,12.667,0.042,-23.499,-23.499
3331,21,121,1347.222,483.081,66002.128,2,219,692.557,433.034,NA,9.596,0.032,-90,-66.501
3332,21,122,1355.808,470.455,66302.138,2,154,707.826,446.53,NA,15.269,0.051,-55.784,34.216
3333,21,123,1366.414,462.879,66602.148,2,116,720.86,459.464,NA,13.034,0.043,-35.538,20.247
3334,21,124,1377.02,452.778,66902.157,2,46,735.506,473.625,NA,14.646,0.049,-43.603,-8.065
3335,21,125,1385.101,447.222,67202.167,2,43,745.313,483.387,NA,9.806,0.033,-34.509,9.094
3336,21,126,1394.697,446.717,67502.177,2,106,754.922,492.033,NA,9.609,0.032,-3.013,31.496
3337,21,127,1402.778,436.111,67802.186,2,126,768.256,504.238,NA,13.334,0.044,-52.696,-49.683
3338,21,128,1402.778,436.111,68102.196,2,181,768.256,504.238,NA,0,0,0,52.696
3339,21,129,1402.778,425.505,68402.206,2,152,778.862,509.506,NA,10.606,0.035,-90,-90
3340,21,130,1395.202,423.485,68702.215,2,97,786.702,504.015,NA,7.84,0.026,-165.069,-75.069
3341,21,131,1395.202,410.859,69002.225,2,182,799.328,510.621,NA,12.626,0.042,-90,75.069
3342,21,132,1395.202,411.364,69302.235,2,55,799.833,510.352,NA,0.505,0.002,90,180
3343,21,133,1413.384,411.364,69602.244,2,80,818.015,525.843,NA,18.182,0.061,0,-90
3344,21,134,1435.101,405.808,69902.254,2,58,840.432,547.352,NA,22.417,0.075,-14.349,-14.349
3345,21,135,1445.707,404.293,70202.264,2,55,851.146,557.283,NA,10.714,0.036,-8.13,6.219
3346,21,136,1450.253,405.808,70502.273,2,79,855.937,560.476,NA,4.791,0.016,18.435,26.565
3347,21,137,1454.798,405.808,70802.283,2,89,860.482,564.433,NA,4.545,0.015,0,-18.435
3348,21,138,1457.323,408.838,71102.293,2,154,864.427,565.161,NA,3.945,0.013,50.194,50.194
3349,21,139,1462.374,411.364,71402.302,2,133,870.073,568.376,NA,5.647,0.019,26.565,-23.629
3350,22,1,668.939,951.263,26400.851,2,40,0,0,NA,NA,NA,NA,NA
3351,22,2,668.939,960.859,26700.861,2,55,9.596,9.596,NA,9.596,0.032,90,NA
3352,22,3,667.929,964.899,27000.871,2,60,13.761,13.674,NA,4.165,0.014,104.036,14.036
3353,22,4,655.808,980.556,27300.88,2,80,33.561,32.102,NA,19.8,0.066,127.747,23.711
3354,22,5,655.808,980.556,27600.89,2,154,33.561,32.102,NA,0,0,0,-127.747
3355,22,6,655.808,980.556,27900.9,2,102,33.561,32.102,NA,0,0,0,0
3356,22,7,651.263,978.535,28200.909,2,180,38.535,32.5,NA,4.974,0.017,-156.038,-156.038
3357,22,8,651.263,981.566,28500.919,2,210,41.565,35.082,NA,3.03,0.01,90,-113.962
3358,22,9,647.222,990.152,28800.929,2,206,51.055,44.542,NA,9.489,0.032,115.201,25.201
3359,22,10,647.222,995.707,29100.938,2,187,56.61,49.467,NA,5.556,0.019,90,-25.201
3360,22,11,647.222,995.707,29400.948,2,155,56.61,49.467,NA,0,0,0,-90
3361,22,12,641.667,1004.798,29700.958,2,188,67.264,60.082,NA,10.654,0.036,121.43,121.43
3362,22,13,639.646,1004.798,30000.967,2,243,69.284,61.025,NA,2.02,0.007,180,58.57
3363,22,14,639.646,1004.798,30300.977,2,255,69.284,61.025,NA,0,0,0,-180
3364,22,15,639.646,1004.798,30600.987,2,255,69.284,61.025,NA,0,0,0,0
3365,22,16,639.646,1012.374,30900.996,2,229,76.86,67.769,NA,7.576,0.025,90,90
3366,22,17,632.576,1012.879,31201.006,2,220,83.949,71.546,NA,7.089,0.024,175.914,85.914
3367,22,18,632.576,1012.879,31501.016,2,255,83.949,71.546,NA,0,0,0,-175.914
3368,22,19,625,1015.404,31801.025,2,237,91.934,77.748,NA,7.986,0.027,161.565,161.565
3369,22,20,623.485,1015.404,32101.035,2,228,93.45,78.614,NA,1.515,0.005,180,18.435
3370,22,21,616.414,1015.404,32401.045,2,255,100.52,82.904,NA,7.071,0.024,180,0
3371,22,22,616.414,1015.404,32701.054,2,243,100.52,82.904,NA,0,0,0,-180
3372,22,23,615.909,1018.434,33001.064,2,237,103.592,85.582,NA,3.072,0.01,99.462,99.462
3373,22,24,609.343,1018.939,33301.074,2,208,110.177,90.177,NA,6.585,0.022,175.601,76.139
3374,22,25,604.798,1017.424,33601.083,2,255,114.969,92.149,NA,4.791,0.016,-161.565,22.834
3375,22,26,604.798,1017.424,33901.093,2,255,114.969,92.149,NA,0,0,0,161.565
3376,22,27,610.859,1017.424,34201.103,2,255,121.029,88.038,NA,6.061,0.02,0,0
3377,22,28,610.859,1017.424,34501.113,2,223,121.029,88.038,NA,0,0,0,0
3378,22,29,603.283,1016.919,34801.122,2,233,128.622,92.852,NA,7.593,0.025,-176.186,-176.186
3379,22,30,603.283,1013.889,35101.132,2,255,131.652,90.735,NA,3.03,0.01,-90,86.186
3380,22,31,603.283,1009.343,35401.142,2,234,136.198,87.659,NA,4.545,0.015,-90,0
3381,22,32,613.889,1009.848,35701.151,2,255,146.816,80.392,NA,10.618,0.035,2.726,92.726
3382,22,33,615.909,1017.929,36001.161,2,255,155.145,85.186,NA,8.33,0.028,75.964,73.237
3383,22,34,615.909,1017.929,36301.171,2,255,155.145,85.186,NA,0,0,0,-75.964
3384,22,35,615.909,1017.929,36601.18,2,239,155.145,85.186,NA,0,0,0,0
3385,22,36,612.879,1030.556,36901.19,2,255,168.13,97.109,NA,12.985,0.043,103.496,103.496
3386,22,37,603.788,1032.071,37201.2,2,255,177.346,103.801,NA,9.216,0.031,170.538,67.042
3387,22,38,603.788,1037.121,37501.209,2,255,182.397,107.779,NA,5.051,0.017,90,-80.538
3388,22,39,594.697,1041.162,37801.219,2,255,192.345,116.592,NA,9.948,0.033,156.038,66.038
3389,22,40,594.697,1041.162,38101.229,2,14,192.345,116.592,NA,0,0,0,-156.038
3390,22,41,585.606,1064.899,38401.238,2,255,217.764,140.917,NA,25.419,0.085,110.956,110.956
3391,22,42,585.606,1064.899,38701.248,2,255,217.764,140.917,NA,0,0,0,-110.956
3392,22,43,585.606,1064.899,39001.258,2,255,217.764,140.917,NA,0,0,0,0
3393,22,44,575,1067.929,39301.267,2,229,228.794,149.786,NA,11.03,0.037,164.055,164.055
3394,22,45,564.899,1070.96,39601.277,2,248,239.34,158.593,NA,10.546,0.035,163.301,-0.754
3395,22,46,564.899,1070.96,39901.287,2,7,239.34,158.593,NA,0,0,0,-163.301
3396,22,47,557.828,1085.606,40201.296,2,255,255.604,174.338,NA,16.264,0.054,115.769,115.769
3397,22,48,559.343,1092.677,40501.306,2,255,262.835,178.911,NA,7.231,0.024,77.905,-37.864
3398,22,49,561.869,1092.677,40801.316,2,255,265.36,177.376,NA,2.525,0.008,0,-77.905
3399,22,50,561.869,1099.242,41101.325,2,255,271.926,182.653,NA,6.566,0.022,90,90
3400,22,51,553.283,1106.313,41401.335,2,255,283.049,193.435,NA,11.123,0.037,140.528,50.528
3401,22,52,553.283,1110.859,41701.345,2,255,287.594,197.097,NA,4.545,0.015,90,-50.528
3402,22,53,553.283,1113.889,42001.354,2,255,290.624,199.559,NA,3.03,0.01,90,0
3403,22,54,548.737,1105.808,42301.364,2,255,299.896,195.788,NA,9.271,0.031,-119.358,150.642
3404,22,55,542.677,1105.808,42601.374,2,255,305.957,199.566,NA,6.061,0.02,180,-60.642
3405,22,56,532.071,1107.828,42901.383,2,255,316.753,207.956,NA,10.797,0.036,169.216,-10.784
3406,22,57,532.071,1107.828,43201.393,2,255,316.753,207.956,NA,0,0,0,-169.216
3407,22,58,529.04,1114.394,43501.403,2,255,323.984,214.904,NA,7.231,0.024,114.775,114.775
3408,22,59,526.01,1125,43801.412,2,232,335.015,224.974,NA,11.03,0.037,105.945,-8.83
3409,22,60,514.899,1125.505,44101.422,2,255,346.138,232.57,NA,11.123,0.037,177.397,71.452
3410,22,61,514.899,1125.505,44401.432,2,255,346.138,232.57,NA,0,0,0,-177.397
3411,22,62,504.798,1126.515,44701.441,2,255,356.289,240.116,NA,10.151,0.034,174.289,174.289
3412,22,63,504.798,1139.646,45001.451,2,255,369.42,249.862,NA,13.131,0.044,90,-84.289
3413,22,64,502.778,1166.414,45301.461,2,255,396.264,271.845,NA,26.844,0.089,94.316,4.316
3414,22,65,487.121,1173.485,45601.47,2,232,413.443,287.125,NA,17.179,0.057,155.695,61.379
3415,22,66,471.465,1182.576,45901.48,2,255,431.548,304.141,NA,18.104,0.06,149.859,-5.837
3416,22,67,445.202,1186.111,46201.49,2,255,458.047,324.364,NA,26.5,0.088,172.333,22.475
3417,22,68,440.152,1185.606,46501.499,2,255,463.123,327.507,NA,5.076,0.017,-174.289,13.377
3418,22,69,441.162,1192.172,46801.509,2,255,469.766,331.542,NA,6.643,0.022,81.254,-104.457
3419,22,70,443.687,1195.202,47101.519,2,255,473.71,332.032,NA,3.945,0.013,50.194,-31.059
3420,22,71,439.141,1195.202,47401.529,2,255,478.256,335.132,NA,4.545,0.015,180,129.806
3421,22,72,438.636,1199.242,47701.538,2,248,482.328,338.428,NA,4.072,0.014,97.125,-82.875
3422,22,73,430.556,1210.859,48001.548,2,255,496.478,352.444,NA,14.15,0.047,124.824,27.699
3423,22,74,420.455,1210.859,48301.558,2,255,506.579,359.353,NA,10.101,0.034,180,55.176
3424,22,75,425.505,1197.727,48601.567,2,255,520.648,346.418,NA,14.069,0.047,-68.962,111.038
3425,22,76,417.424,1196.717,48901.577,2,255,528.792,351.437,NA,8.144,0.027,-172.875,-103.912
3426,22,77,417.424,1196.717,49201.587,2,239,528.792,351.437,NA,0,0,0,172.875
3427,22,78,408.838,1196.717,49501.596,2,255,537.378,357.632,NA,8.586,0.029,180,180
3428,22,79,404.293,1200.758,49801.606,2,255,543.459,363.711,NA,6.082,0.02,138.366,-41.634
3429,22,80,404.293,1200.758,50101.616,2,255,543.459,363.711,NA,0,0,0,-138.366
3430,22,81,408.838,1200.758,50401.625,2,255,548.005,360.417,NA,4.545,0.015,0,0
3431,22,82,411.364,1200.758,50701.635,2,255,550.53,358.599,NA,2.525,0.008,0,0
3432,22,83,408.838,1202.778,51001.645,2,255,553.764,361.818,NA,3.234,0.011,141.34,141.34
3433,22,84,401.768,1203.788,51301.654,2,255,560.906,367.627,NA,7.142,0.024,171.87,30.53
3434,22,85,401.768,1203.788,51601.664,2,255,560.906,367.627,NA,0,0,0,-171.87
3435,22,86,410.354,1203.788,51901.674,2,255,569.492,361.436,NA,8.586,0.029,0,0
3436,22,87,410.354,1202.778,52201.683,2,255,570.502,360.731,NA,1.01,0.003,-90,-90
3437,22,88,411.869,1196.212,52501.693,2,255,577.241,355.085,NA,6.738,0.022,-77.005,12.995
3438,22,89,413.889,1196.212,52801.703,2,255,579.261,353.626,NA,2.02,0.007,0,77.005
3439,22,90,414.394,1193.182,53101.712,2,255,582.333,351.167,NA,3.072,0.01,-80.538,-80.538
3440,22,91,417.929,1191.667,53401.722,2,255,586.179,347.563,NA,3.846,0.013,-23.199,57.339
3441,22,92,417.929,1197.222,53701.732,2,255,591.735,351.429,NA,5.556,0.019,90,113.199
3442,22,93,406.313,1202.273,54001.741,2,255,604.401,363.289,NA,12.667,0.042,156.501,66.501
3443,22,94,406.313,1202.273,54301.751,2,255,604.401,363.289,NA,0,0,0,-156.501
3444,22,95,399.242,1203.788,54601.761,2,255,611.633,369.466,NA,7.231,0.024,167.905,167.905
3445,22,96,393.687,1209.848,54901.77,2,240,619.854,377.665,NA,8.222,0.027,132.51,-35.395
3446,22,97,393.687,1209.848,55201.78,2,233,619.854,377.665,NA,0,0,0,-132.51
3447,22,98,385.606,1218.939,55501.79,2,255,632.018,389.78,NA,12.163,0.041,131.634,131.634
3448,22,99,376.515,1218.939,55801.799,2,255,641.108,396.438,NA,9.091,0.03,180,48.366
3449,22,100,364.899,1225,56101.809,2,255,654.211,409.112,NA,13.102,0.044,152.447,-27.553
3450,22,101,364.899,1225,56401.819,2,255,654.211,409.112,NA,0,0,0,-152.447
3451,22,102,358.838,1228.03,56701.828,2,255,660.987,415.648,NA,6.776,0.023,153.435,153.435
3452,22,103,352.273,1233.081,57001.838,2,255,669.27,423.91,NA,8.283,0.028,142.431,-11.004
3453,22,104,352.273,1233.081,57301.848,2,255,669.27,423.91,NA,0,0,0,-142.431
3454,22,105,352.273,1233.081,57601.857,2,255,669.27,423.91,NA,0,0,0,0
3455,22,106,352.273,1236.616,57901.867,2,255,672.805,426.268,NA,3.535,0.012,90,90
3456,22,107,352.273,1237.121,58201.877,2,255,673.31,426.606,NA,0.505,0.002,90,0
3457,22,108,360.859,1237.121,58501.886,2,255,681.896,420.272,NA,8.586,0.029,0,-90
3458,22,109,360.859,1237.121,58801.896,2,255,681.896,420.272,NA,0,0,0,0
3459,22,110,360.859,1237.121,59101.906,2,255,681.896,420.272,NA,0,0,0,0
3460,22,111,357.828,1243.687,59401.915,2,255,689.127,426.968,NA,7.231,0.024,114.775,114.775
3461,22,112,356.313,1243.687,59701.925,2,255,690.643,428.074,NA,1.515,0.005,180,65.225
3462,22,113,343.182,1252.778,60001.935,2,255,706.614,443.88,NA,15.971,0.053,145.305,-34.695
3463,22,114,343.182,1252.778,60301.944,2,255,706.614,443.88,NA,0,0,0,-145.305
3464,22,115,343.182,1250.758,60601.954,2,255,708.634,442.51,NA,2.02,0.007,-90,-90
3465,22,116,343.182,1250.758,60901.964,2,255,708.634,442.51,NA,0,0,0,90
3466,22,117,340.657,1257.323,61201.974,2,255,715.668,448.824,NA,7.035,0.023,111.038,111.038
3467,22,118,335.101,1261.364,61501.983,2,255,722.538,455.643,NA,6.869,0.023,143.973,32.935
3468,22,119,323.99,1268.939,61801.993,2,255,735.986,468.944,NA,13.448,0.045,145.713,1.74
3469,22,120,313.384,1269.444,62102.003,2,255,746.604,477.137,NA,10.618,0.035,177.274,31.561
3470,22,121,304.798,1272.475,62402.012,2,255,755.709,485.568,NA,9.105,0.03,160.56,-16.714
3471,22,122,282.071,1287.121,62702.022,2,255,782.747,512.317,NA,27.038,0.09,147.2,-13.359
3472,22,123,281.566,1285.606,63002.032,2,255,784.344,511.707,NA,1.597,0.005,-108.435,104.365
3473,22,124,271.465,1288.636,63302.041,2,255,794.89,521.351,NA,10.546,0.035,163.301,-88.264
3474,22,125,261.364,1288.636,63602.051,2,255,804.991,529.093,NA,10.101,0.034,180,16.699
3475,22,126,261.364,1288.636,63902.061,2,255,804.991,529.093,NA,0,0,0,-180
3476,22,127,259.343,1295.707,64202.07,2,255,812.344,535.174,NA,7.354,0.025,105.945,105.945
3477,22,128,257.323,1299.747,64502.08,2,255,816.862,539.323,NA,4.517,0.015,116.565,10.62
3478,22,129,257.323,1308.838,64802.09,2,229,825.953,545.241,NA,9.091,0.03,90,-26.565
3479,22,130,259.343,1318.434,65102.099,2,251,835.759,550.076,NA,9.806,0.033,78.111,-11.889
3480,22,131,253.788,1321.97,65402.109,2,255,842.344,556.574,NA,6.585,0.022,147.529,69.417
3481,22,132,247.727,1330.556,65702.119,2,255,852.853,566.818,NA,10.509,0.035,125.218,-22.311
3482,22,133,247.727,1330.556,66002.128,2,196,852.853,566.818,NA,0,0,0,-125.218
3483,22,134,248.232,1335.101,66302.138,2,255,857.427,569.497,NA,4.573,0.015,83.66,83.66
3484,22,135,233.586,1335.101,66602.148,2,244,872.073,580.4,NA,14.646,0.049,180,96.34
3485,22,136,233.081,1326.515,66902.157,2,251,880.674,575.141,NA,8.601,0.029,-93.366,86.634
3486,22,137,227.02,1318.434,67202.167,2,255,890.775,574.55,NA,10.101,0.034,-126.87,-33.503
3487,22,138,227.02,1318.434,67502.177,2,255,890.775,574.55,NA,0,0,0,126.87
3488,22,139,225,1317.929,67802.186,2,255,892.857,575.783,NA,2.082,0.007,-165.964,-165.964
3489,22,140,225,1315.909,68102.196,2,255,894.878,574.499,NA,2.02,0.007,-90,75.964
3490,22,141,221.97,1305.808,68402.206,2,255,905.423,570.512,NA,10.546,0.035,-106.699,-16.699
3491,22,142,221.97,1305.808,68702.215,2,207,905.423,570.512,NA,0,0,0,106.699
3492,22,143,210.859,1300.758,69002.225,2,241,917.628,576.181,NA,12.205,0.041,-155.556,-155.556
3493,22,144,186.616,1293.182,69302.235,2,255,943.027,591.223,NA,25.399,0.085,-162.646,-7.09
3494,22,145,186.111,1293.182,69602.244,2,203,943.532,591.635,NA,0.505,0.002,180,-17.354
3495,22,146,162.374,1279.04,69902.254,2,255,971.162,603.363,NA,27.63,0.092,-149.216,30.784
3496,22,147,143.687,1273.99,70202.264,2,255,990.52,616.476,NA,19.357,0.065,-164.876,-15.66
3497,22,148,124.495,1286.111,70502.273,2,114,1013.219,639.174,NA,22.699,0.076,147.724,-47.4
3498,22,149,110.354,1292.677,70802.283,2,255,1028.81,654.662,NA,15.591,0.052,155.095,7.371
3499,23,1,605.682,939.015,25200.813,2,34,0,0,NA,NA,NA,NA,NA
3500,23,2,605.682,948.106,25500.822,2,27,9.091,9.091,NA,9.091,0.03,90,NA
3501,23,3,606.061,948.106,25800.832,2,43,9.47,9.099,NA,0.379,0.001,0,-90
3502,23,4,609.848,965.909,26100.842,2,59,27.671,27.215,NA,18.202,0.061,77.989,77.989
3503,23,5,609.091,982.197,26400.851,2,187,43.977,43.316,NA,16.305,0.054,92.663,14.674
3504,23,6,600.758,992.424,26700.861,2,147,57.169,53.636,NA,13.192,0.044,129.174,36.511
3505,23,7,599.242,994.697,27000.871,2,171,59.901,56.053,NA,2.731,0.009,123.69,-5.484
3506,23,8,599.242,1000,27300.88,2,101,65.204,61.324,NA,5.303,0.018,90,-33.69
3507,23,9,599.242,1000,27600.89,2,79,65.204,61.324,NA,0,0,0,-90
3508,23,10,593.939,987.121,27900.9,2,98,79.132,49.518,NA,13.928,0.046,-112.38,-112.38
3509,23,11,585.227,986.742,28200.909,2,219,87.852,51.926,NA,8.72,0.029,-177.51,-65.13
3510,23,12,584.848,986.742,28500.919,2,172,88.231,52.076,NA,0.379,0.001,180,-2.49
3511,23,13,579.167,989.015,28800.929,2,175,94.35,56.596,NA,6.12,0.02,158.199,-21.801
3512,23,14,579.167,989.015,29100.938,2,143,94.35,56.596,NA,0,0,0,-158.199
3513,23,15,580.303,988.636,29400.948,2,255,95.548,55.735,NA,1.198,0.004,-18.435,-18.435
3514,23,16,576.515,990.152,29700.958,2,150,99.628,58.87,NA,4.08,0.014,158.199,176.634
3515,23,17,576.515,990.152,30000.967,2,255,99.628,58.87,NA,0,0,0,-158.199
3516,23,18,576.515,990.152,30300.977,2,255,99.628,58.87,NA,0,0,0,0
3517,23,19,574.242,998.864,30600.987,2,255,108.631,67.604,NA,9.004,0.03,104.621,104.621
3518,23,20,569.697,1002.652,30900.996,2,164,114.548,73.106,NA,5.917,0.02,140.194,35.574
3519,23,21,567.424,1006.439,31201.006,2,255,118.966,77.522,NA,4.417,0.015,120.964,-19.231
3520,23,22,558.333,1014.394,31501.016,2,224,131.045,89.016,NA,12.08,0.04,138.814,17.85
3521,23,23,555.303,1024.621,31801.025,2,255,141.712,99.33,NA,10.667,0.036,106.504,-32.31
3522,23,24,555.303,1024.621,32101.035,2,251,141.712,99.33,NA,0,0,0,-106.504
3523,23,25,542.045,1038.636,32401.045,2,190,161.004,118.212,NA,19.292,0.064,133.409,133.409
3524,23,26,535.606,1043.182,32701.054,2,245,168.886,125.544,NA,7.882,0.026,144.782,11.374
3525,23,27,535.606,1043.182,33001.064,2,149,168.886,125.544,NA,0,0,0,-144.782
3526,23,28,525.379,1043.182,33301.074,2,193,179.114,131.527,NA,10.227,0.034,180,180
3527,23,29,525,1037.121,33601.083,2,244,185.186,127.021,NA,6.072,0.02,-93.576,86.424
3528,23,30,534.091,1042.677,33901.093,2,255,195.84,125.98,NA,10.654,0.036,31.43,125.006
3529,23,31,529.545,1052.778,34201.103,2,205,206.917,136.889,NA,11.077,0.037,114.228,82.798
3530,23,32,529.545,1059.343,34501.113,2,185,213.482,142.393,NA,6.566,0.022,90,-24.228
3531,23,33,529.545,1059.343,34801.122,2,191,213.482,142.393,NA,0,0,0,-90
3532,23,34,521.465,1047.727,35101.132,2,255,227.633,137.517,NA,14.15,0.047,-124.824,-124.824
3533,23,35,521.465,1047.727,35401.142,2,255,227.633,137.517,NA,0,0,0,124.824
3534,23,36,521.465,1047.727,35701.151,2,168,227.633,137.517,NA,0,0,0,0
3535,23,37,527.02,1047.727,36001.161,2,255,233.188,134.186,NA,5.556,0.019,0,0
3536,23,38,526.515,1056.818,36301.171,2,255,242.293,141.933,NA,9.105,0.03,93.18,93.18
3537,23,39,524.495,1056.818,36601.18,2,255,244.314,143.069,NA,2.02,0.007,180,86.82
3538,23,40,517.929,1060.354,36901.19,2,236,251.77,149.745,NA,7.457,0.025,151.699,-28.301
3539,23,41,517.929,1060.859,37201.2,2,255,252.276,150.154,NA,0.505,0.002,90,-61.699
3540,23,42,511.364,1068.434,37501.209,2,255,262.301,160.141,NA,10.025,0.033,130.914,40.914
3541,23,43,511.364,1068.434,37801.219,2,240,262.301,160.141,NA,0,0,0,-130.914
3542,23,44,505.303,1075,38101.229,2,240,271.236,169.02,NA,8.935,0.03,132.709,132.709
3543,23,45,505.303,1075,38401.238,2,152,271.236,169.02,NA,0,0,0,-132.709
3544,23,46,508.838,1078.535,38701.248,2,255,276.236,169.837,NA,5,0.017,45,45
3545,23,47,508.838,1077.525,39001.258,2,249,277.246,169.008,NA,1.01,0.003,-90,-135
3546,23,48,509.343,1073.485,39301.267,2,255,281.317,165.418,NA,4.072,0.014,-82.875,7.125
3547,23,49,497.727,1075,39601.277,2,235,293.032,173.626,NA,11.715,0.039,172.569,-104.556
3548,23,50,504.798,1083.081,39901.287,2,255,303.77,175.876,NA,10.738,0.036,48.814,-123.755
3549,23,51,504.798,1093.687,40201.296,2,255,314.376,184.664,NA,10.606,0.035,90,41.186
3550,23,52,504.798,1093.687,40501.306,2,200,314.376,184.664,NA,0,0,0,-90
3551,23,53,499.242,1098.232,40801.316,2,252,321.554,191.519,NA,7.178,0.024,140.711,140.711
3552,23,54,496.212,1103.283,41101.325,2,212,327.444,197.402,NA,5.89,0.02,120.964,-19.747
3553,23,55,496.212,1103.283,41401.335,2,155,327.444,197.402,NA,0,0,0,-120.964
3554,23,56,503.283,1089.646,41701.345,2,233,342.804,182.141,NA,15.361,0.051,-62.592,-62.592
3555,23,57,498.232,1089.646,42001.354,2,255,347.855,185.028,NA,5.051,0.017,180,-117.408
3556,23,58,498.232,1089.646,42301.364,2,255,347.855,185.028,NA,0,0,0,-180
3557,23,59,489.141,1089.646,42601.374,2,255,356.945,190.451,NA,9.091,0.03,180,180
3558,23,60,489.141,1087.626,42901.383,2,255,358.966,188.857,NA,2.02,0.007,-90,90
3559,23,61,489.141,1087.626,43201.393,2,255,358.966,188.857,NA,0,0,0,90
3560,23,62,489.141,1095.202,43501.403,2,255,366.541,194.874,NA,7.576,0.025,90,90
3561,23,63,489.141,1095.202,43801.412,2,255,366.541,194.874,NA,0,0,0,-90
3562,23,64,486.616,1095.707,44101.422,2,255,369.117,196.797,NA,2.575,0.009,168.69,168.69
3563,23,65,478.535,1095.707,44401.432,2,211,377.198,201.788,NA,8.081,0.027,180,11.31
3564,23,66,478.535,1095.707,44701.441,2,171,377.198,201.788,NA,0,0,0,-180
3565,23,67,485.101,1090.657,45001.451,2,255,385.481,193.739,NA,8.283,0.028,-37.569,-37.569
3566,23,68,485.101,1096.212,45301.461,2,235,391.037,198.118,NA,5.556,0.019,90,127.569
3567,23,69,482.071,1101.768,45601.47,2,253,397.365,204.372,NA,6.328,0.021,118.61,28.61
3568,23,70,466.919,1115.909,45901.48,2,222,418.09,224.826,NA,20.726,0.069,136.975,18.364
3569,23,71,451.768,1113.889,46201.49,2,255,433.376,232.96,NA,15.286,0.051,-172.405,50.62
3570,23,72,451.768,1113.889,46501.499,2,171,433.376,232.96,NA,0,0,0,172.405
3571,23,73,451.768,1103.283,46801.509,2,255,443.982,225.108,NA,10.606,0.035,-90,-90
3572,23,74,447.222,1097.222,47101.519,2,255,451.558,223.917,NA,7.576,0.025,-126.87,-36.87
3573,23,75,447.222,1097.222,47401.529,2,255,451.558,223.917,NA,0,0,0,126.87
3574,23,76,441.667,1097.222,47701.538,2,233,457.113,227.883,NA,5.556,0.019,180,180
3575,23,77,441.667,1111.364,48001.548,2,255,471.255,237.918,NA,14.141,0.047,90,-90
3576,23,78,434.091,1111.364,48301.558,2,255,478.83,243.202,NA,7.576,0.025,180,90
3577,23,79,441.667,1121.97,48601.567,2,255,491.864,245.71,NA,13.034,0.043,54.462,-125.538
3578,23,80,441.667,1128.535,48901.577,2,255,498.43,250.637,NA,6.566,0.022,90,35.538
3579,23,81,441.667,1128.535,49201.587,2,255,498.43,250.637,NA,0,0,0,-90
3580,23,82,433.586,1130.556,49501.596,2,165,506.759,257.497,NA,8.33,0.028,165.964,165.964
3581,23,83,427.525,1119.444,49801.606,2,255,519.416,253.564,NA,12.657,0.042,-118.61,75.426
3582,23,84,423.485,1119.444,50101.616,2,255,523.456,256.419,NA,4.04,0.013,180,-61.39
3583,23,85,424.621,1115.909,50401.625,2,255,527.17,253.129,NA,3.713,0.012,-72.181,107.819
3584,23,86,423.864,1115.909,50701.635,2,255,527.927,253.672,NA,0.758,0.003,180,-107.819
3585,23,87,421.591,1118.561,51001.645,2,228,531.42,257.15,NA,3.492,0.012,130.601,-49.399
3586,23,88,420.076,1123.485,51301.654,2,255,536.572,261.684,NA,5.152,0.017,107.103,-23.499
3587,23,89,412.879,1129.924,51601.664,2,255,546.229,271.329,NA,9.657,0.032,138.18,31.077
3588,23,90,412.879,1129.924,51901.674,2,255,546.229,271.329,NA,0,0,0,-138.18
3589,23,91,400.758,1134.848,52201.683,2,255,559.312,283.451,NA,13.083,0.044,157.891,157.891
3590,23,92,389.773,1144.318,52501.693,2,255,573.815,297.936,NA,14.503,0.048,139.236,-18.654
3591,23,93,389.773,1144.318,52801.703,2,255,573.815,297.936,NA,0,0,0,-139.236
3592,23,94,377.652,1146.591,53101.712,2,255,586.148,308.359,NA,12.332,0.041,169.38,169.38
3593,23,95,375.758,1156.061,53401.722,2,255,595.805,316.186,NA,9.657,0.032,101.31,-68.07
3594,23,96,375.758,1156.061,53701.732,2,255,595.805,316.186,NA,0,0,0,-101.31
3595,23,97,364.015,1167.424,54001.741,2,255,612.146,332.526,NA,16.341,0.054,135.939,135.939
3596,23,98,354.167,1174.242,54301.751,2,255,624.124,344.372,NA,11.978,0.04,145.305,9.366
3597,23,99,354.167,1174.242,54601.761,2,255,624.124,344.372,NA,0,0,0,-145.305
3598,23,100,340.152,1185.606,54901.77,2,255,642.167,362.372,NA,18.043,0.06,140.964,140.964
3599,23,101,318.182,1196.97,55201.78,2,255,666.902,386.26,NA,24.735,0.082,152.65,11.686
3600,23,102,318.939,1197.348,55501.79,2,255,667.749,385.95,NA,0.847,0.003,26.565,-126.085
3601,23,103,309.848,1204.545,55801.799,2,255,679.344,397.522,NA,11.595,0.039,141.633,115.067
3602,23,104,307.955,1218.561,56101.809,2,235,693.486,408.396,NA,14.143,0.047,97.696,-43.936
3603,23,105,295.076,1216.288,56401.819,2,255,706.564,416.361,NA,13.078,0.044,-169.992,92.312
3604,23,106,299.242,1212.121,56701.828,2,255,712.457,410.478,NA,5.893,0.02,-45,124.992
3605,23,107,299.242,1212.121,57001.838,2,255,712.457,410.478,NA,0,0,0,45
3606,23,108,299.242,1212.121,57301.848,2,255,712.457,410.478,NA,0,0,0,0
3607,23,109,303.788,1215.152,57601.857,2,143,717.92,409.135,NA,5.463,0.018,33.69,33.69
3608,23,110,303.788,1229.545,57901.867,2,226,732.314,418.984,NA,14.394,0.048,90,56.31
3609,23,111,303.788,1229.545,58201.877,2,240,732.314,418.984,NA,0,0,0,-90
3610,23,112,291.288,1224.242,58501.886,2,255,745.892,424.498,NA,13.578,0.045,-157.011,-157.011
3611,23,113,277.652,1221.591,58801.896,2,255,759.784,432.958,NA,13.892,0.046,-168.996,-11.985
3612,23,114,277.273,1221.591,59101.906,2,211,760.162,433.245,NA,0.379,0.001,180,-11.004
3613,23,115,275.758,1233.712,59401.915,2,223,772.378,442.376,NA,12.216,0.041,97.125,-82.875
3614,23,116,264.394,1224.242,59701.925,2,255,787.17,444.783,NA,14.792,0.049,-140.194,122.681
3615,23,117,259.848,1226.894,60001.935,2,255,792.432,449.972,NA,5.262,0.018,149.744,-70.062
3616,23,118,259.47,1226.894,60301.944,2,229,792.811,450.263,NA,0.379,0.001,180,30.256
3617,23,119,253.409,1235.985,60601.954,2,231,803.737,460.746,NA,10.926,0.036,123.69,-56.31
3618,23,120,243.182,1236.742,60901.964,2,207,813.992,469.093,NA,10.255,0.034,175.764,52.074
3619,23,121,222.348,1246.212,61201.974,2,255,836.877,491.238,NA,22.885,0.076,155.556,-20.208
3620,23,122,218.182,1253.409,61501.983,2,234,845.193,498.999,NA,8.316,0.028,120.069,-35.487
3621,23,123,214.773,1261.364,61801.993,2,238,853.847,506.674,NA,8.654,0.029,113.199,-6.87
3622,23,124,214.773,1261.364,62102.003,2,189,853.847,506.674,NA,0,0,0,-113.199
3623,23,125,214.394,1262.5,62402.012,2,253,855.045,507.69,NA,1.198,0.004,108.435,108.435
3624,23,126,214.394,1268.182,62702.022,2,136,860.727,511.329,NA,5.682,0.019,90,-18.435
3625,23,127,212.121,1268.182,63002.032,2,202,863,513.07,NA,2.273,0.008,180,90
3626,23,128,212.121,1268.182,63302.041,2,255,863,513.07,NA,0,0,0,-180
3627,23,129,212.121,1268.182,63602.051,2,255,863,513.07,NA,0,0,0,0
3628,23,130,208.712,1268.182,63902.061,2,255,866.409,515.689,NA,3.409,0.011,180,180
3629,23,131,202.652,1268.939,64202.07,2,245,872.517,520.849,NA,6.108,0.02,172.875,-7.125
3630,23,132,198.106,1272.727,64502.08,2,231,878.433,526.765,NA,5.917,0.02,140.194,-32.681
3631,23,133,198.106,1272.727,64802.09,2,172,878.433,526.765,NA,0,0,0,-140.194
3632,23,134,196.591,1278.788,65102.099,2,218,884.681,531.79,NA,6.247,0.021,104.036,104.036
3633,23,135,190.53,1281.439,65402.109,2,255,891.296,538.15,NA,6.615,0.022,156.371,52.334
3634,23,136,177.273,1279.924,65702.119,2,175,904.64,547.497,NA,13.344,0.044,-173.48,30.149
3635,23,137,164.015,1271.97,66002.128,2,236,920.101,553.108,NA,15.461,0.052,-149.036,24.444
3636,23,138,156.061,1279.167,66302.138,2,216,930.828,563.793,NA,10.727,0.036,137.862,-73.101
3637,23,139,150.379,1282.197,66602.148,2,255,937.267,570.153,NA,6.439,0.021,151.928,14.065
3638,24,1,811.869,995.707,33301.074,2,87,0,0,NA,NA,NA,NA,NA
3639,24,2,800.758,1001.263,33601.083,2,48,12.423,12.423,NA,12.423,0.041,153.435,NA
3640,24,3,797.222,1004.293,33901.093,2,7,17.079,16.978,NA,4.656,0.016,139.399,-14.036
3641,24,4,789.141,1027.525,34201.103,2,148,41.677,39.101,NA,24.598,0.082,109.179,-30.22
3642,24,5,778.03,1036.616,34501.113,2,142,56.033,53.09,NA,14.356,0.048,140.711,31.532
3643,24,6,751.768,1036.111,34801.122,2,151,82.3,72.42,NA,26.267,0.088,-178.898,40.391
3644,24,7,742.677,1035.606,35101.132,2,255,91.405,79.871,NA,9.105,0.03,-176.82,2.078
3645,24,8,745.707,1035.101,35401.142,2,153,94.477,77.002,NA,3.072,0.01,-9.462,167.358
3646,24,9,750.253,1035.101,35701.151,2,173,99.023,73.133,NA,4.545,0.015,0,9.462
3647,24,10,749.747,1046.212,36001.161,2,201,110.145,80.061,NA,11.123,0.037,92.603,92.603
3648,24,11,726.515,1046.212,36301.171,2,193,133.378,99.177,NA,23.232,0.077,180,87.397
3649,24,12,725,1046.212,36601.18,2,123,134.893,100.483,NA,1.515,0.005,180,0
3650,24,13,725,1039.646,36901.19,2,164,141.458,97.349,NA,6.566,0.022,-90,90
3651,24,14,710.859,1047.727,37201.2,2,85,157.746,113.618,NA,16.287,0.054,150.255,-119.745
3652,24,15,702.778,1068.434,37501.209,2,244,179.974,131.111,NA,22.228,0.074,111.318,-38.937
3653,24,16,702.778,1080.556,37801.219,2,157,192.095,138.203,NA,12.121,0.04,90,-21.318
3654,24,17,702.778,1080.556,38101.229,2,236,192.095,138.203,NA,0,0,0,-90
3655,24,18,702.778,1088.636,38401.238,2,206,200.176,143.306,NA,8.081,0.027,90,90
3656,24,19,687.626,1094.697,38701.248,2,142,216.494,158.856,NA,16.319,0.054,158.199,68.199
3657,24,20,675,1118.434,39001.258,2,138,243.381,183.834,NA,26.887,0.09,118.009,-40.189
3658,24,21,670.455,1115.909,39301.267,2,154,248.581,185.598,NA,5.2,0.017,-150.945,91.045
3659,24,22,660.354,1129.545,39601.277,2,188,265.551,202.162,NA,16.97,0.057,126.529,-82.526
3660,24,23,655.808,1151.263,39901.287,2,175,287.739,220.346,NA,22.188,0.074,101.821,-24.707
3661,24,24,649.242,1189.141,40201.296,2,232,326.182,252.714,NA,38.444,0.128,99.834,-1.988
3662,24,25,642.677,1204.293,40501.306,2,255,342.695,268.578,NA,16.513,0.055,113.429,13.595
3663,24,26,642.677,1217.424,40801.316,2,115,355.826,278.899,NA,13.131,0.044,90,-23.429
3664,24,27,642.677,1218.939,41101.325,2,255,357.342,280.105,NA,1.515,0.005,90,0
3665,24,28,644.697,1230.556,41401.335,2,113,369.132,288.271,NA,11.791,0.039,80.134,-9.866
3666,24,29,657.323,1265.909,41701.345,2,214,406.673,311.277,NA,37.541,0.125,70.346,-9.788
3667,24,30,653.788,1272.475,42001.354,2,100,414.13,318.732,NA,7.457,0.025,118.301,47.955
3668,24,31,652.273,1281.061,42301.364,2,101,422.848,326.952,NA,8.719,0.029,100.008,-18.293
3669,24,32,652.273,1284.091,42601.374,2,207,425.878,329.6,NA,3.03,0.01,90,-10.008
3670,24,33,652.273,1295.202,42901.383,2,209,436.99,339.364,NA,11.111,0.037,90,0
3671,24,34,652.273,1295.202,43201.393,2,255,436.99,339.364,NA,0,0,0,-90
3672,24,35,650.758,1284.091,43501.403,2,156,448.204,330.336,NA,11.214,0.037,-97.765,-97.765
3673,24,36,643.182,1281.566,43801.412,2,255,456.189,331.919,NA,7.986,0.027,-161.565,-63.8
3674,24,37,643.182,1281.566,44101.422,2,112,456.189,331.919,NA,0,0,0,161.565
3675,24,38,626.515,1306.818,44401.432,2,101,486.446,362.141,NA,30.257,0.101,123.425,123.425
3676,24,39,626.515,1306.818,44701.441,2,153,486.446,362.141,NA,0,0,0,-123.425
3677,24,40,627.02,1306.818,45001.451,2,210,486.951,361.883,NA,0.505,0.002,0,0
3678,24,41,640.152,1306.313,45301.461,2,201,500.092,354.913,NA,13.141,0.044,-2.203,-2.203
3679,24,42,643.182,1325.505,45601.47,2,250,519.522,370.435,NA,19.43,0.065,81.027,83.23
3680,24,43,650.758,1339.141,45901.48,2,255,535.121,379.347,NA,15.599,0.052,60.945,-20.082
3681,24,44,650.758,1339.646,46201.49,2,255,535.626,379.804,NA,0.505,0.002,90,29.055
3682,24,45,650.758,1339.646,46501.499,2,143,535.626,379.804,NA,0,0,0,-90
3683,24,46,644.192,1361.869,46801.509,2,255,558.798,402.728,NA,23.172,0.077,106.46,106.46
3684,24,47,632.576,1372.475,47101.519,2,150,574.528,417.253,NA,15.73,0.052,137.603,31.143
3685,24,48,639.141,1370.455,47401.529,2,255,581.397,412.638,NA,6.869,0.023,-17.103,-154.705
3686,24,49,628.535,1393.182,47701.538,2,236,606.477,437.718,NA,25.08,0.084,115.017,132.12
3687,24,50,607.323,1395.202,48001.548,2,255,627.785,448.815,NA,21.308,0.071,174.56,59.543
3688,24,51,607.323,1395.202,48301.558,2,255,627.785,448.815,NA,0,0,0,-174.56
3689,24,52,607.323,1395.202,48601.567,2,255,627.785,448.815,NA,0,0,0,0
3690,24,53,601.768,1418.434,48901.577,2,223,651.673,472.06,NA,23.887,0.08,103.449,103.449
3691,24,54,604.798,1421.465,49201.587,2,198,655.958,473.442,NA,4.285,0.014,45,-58.449
3692,24,55,600.758,1425,49501.596,2,255,661.327,478.393,NA,5.369,0.018,138.814,93.814
3693,24,56,599.242,1425,49801.606,2,255,662.842,479.064,NA,1.515,0.005,180,41.186
3694,24,57,597.222,1422.475,50101.616,2,251,666.076,477.707,NA,3.234,0.011,-128.66,51.34
3695,24,58,587.626,1424.495,50401.625,2,255,675.882,483.884,NA,9.806,0.033,168.111,-63.229
3696,24,59,592.677,1418.939,50701.635,2,255,683.39,476.624,NA,7.508,0.025,-47.726,144.162
3697,24,60,596.717,1419.949,51001.645,2,255,687.555,475.68,NA,4.165,0.014,14.036,61.763
3698,24,61,596.717,1429.04,51301.654,2,255,696.646,483.806,NA,9.091,0.03,90,75.964
3699,24,62,596.717,1429.04,51601.664,2,255,696.646,483.806,NA,0,0,0,-90
3700,24,63,596.717,1429.04,51901.674,2,255,696.646,483.806,NA,0,0,0,0
3701,24,64,588.636,1429.04,52201.683,2,255,704.727,487.453,NA,8.081,0.027,180,180
3702,24,65,588.636,1429.04,52501.693,2,255,704.727,487.453,NA,0,0,0,-180
3703,24,66,588.636,1429.04,52801.703,2,255,704.727,487.453,NA,0,0,0,0
3704,24,67,588.636,1429.04,53101.712,2,255,704.727,487.453,NA,0,0,0,0
3705,24,68,588.636,1429.04,53401.722,2,255,704.727,487.453,NA,0,0,0,0
3706,24,69,588.636,1429.04,53701.732,2,255,704.727,487.453,NA,0,0,0,0
3707,24,70,592.172,1426.01,54001.741,2,255,709.383,483.143,NA,4.656,0.016,-40.601,-40.601
3708,24,71,592.172,1426.01,54301.751,2,255,709.383,483.143,NA,0,0,0,40.601
3709,24,72,592.172,1426.01,54601.761,2,178,709.383,483.143,NA,0,0,0,0
3710,24,73,592.677,1434.091,54901.77,2,255,717.48,490.128,NA,8.097,0.027,86.424,86.424
3711,24,74,596.717,1437.626,55201.78,2,255,722.849,491.511,NA,5.369,0.018,41.186,-45.238
3712,24,75,596.717,1437.626,55501.79,2,255,722.849,491.511,NA,0,0,0,-41.186
3713,24,76,596.717,1437.626,55801.799,2,255,722.849,491.511,NA,0,0,0,0
3714,24,77,596.717,1442.677,56101.809,2,255,727.899,496.057,NA,5.051,0.017,90,90
3715,24,78,596.717,1442.677,56401.819,2,252,727.899,496.057,NA,0,0,0,-90
3716,24,79,596.717,1442.677,56701.828,2,255,727.899,496.057,NA,0,0,0,0
3717,24,80,596.717,1442.677,57001.838,2,255,727.899,496.057,NA,0,0,0,0
3718,24,81,590.152,1443.687,57301.848,2,255,734.542,499.844,NA,6.643,0.022,171.254,171.254
3719,24,82,590.152,1445.202,57601.857,2,255,736.057,501.203,NA,1.515,0.005,90,-81.254
3720,24,83,590.152,1445.202,57901.867,2,255,736.057,501.203,NA,0,0,0,-90
3721,24,84,590.152,1445.202,58201.877,2,255,736.057,501.203,NA,0,0,0,0
3722,24,85,590.152,1445.202,58501.886,2,255,736.057,501.203,NA,0,0,0,0
3723,24,86,597.727,1445.202,58801.896,2,255,743.633,497.898,NA,7.576,0.025,0,0
3724,24,87,597.727,1447.727,59101.906,2,240,746.158,500.179,NA,2.525,0.008,90,90
3725,24,88,594.697,1447.727,59401.915,2,255,749.188,501.484,NA,3.03,0.01,180,90
3726,24,89,592.172,1452.778,59701.925,2,255,754.835,507.13,NA,5.647,0.019,116.565,-63.435
3727,24,90,592.172,1452.778,60001.935,2,230,754.835,507.13,NA,0,0,0,-116.565
3728,24,91,592.172,1439.646,60301.944,2,255,767.966,495.327,NA,13.131,0.044,-90,-90
3729,24,92,592.172,1439.646,60601.954,2,255,767.966,495.327,NA,0,0,0,90
3730,24,93,592.172,1439.646,60901.964,2,255,767.966,495.327,NA,0,0,0,0
3731,24,94,592.172,1439.646,61201.974,2,226,767.966,495.327,NA,0,0,0,0
3732,24,95,597.222,1438.131,61501.983,2,119,773.239,491.744,NA,5.273,0.018,-16.699,-16.699
3733,24,96,597.222,1435.101,61801.993,2,255,776.27,489.02,NA,3.03,0.01,-90,-73.301
3734,24,97,597.222,1435.101,62102.003,2,255,776.27,489.02,NA,0,0,0,90
3735,24,98,599.242,1435.101,62402.012,2,163,778.29,488.136,NA,2.02,0.007,0,0
3736,24,99,595.707,1432.071,62702.022,2,255,782.946,486.969,NA,4.656,0.016,-139.399,-139.399
3737,24,100,595.707,1434.091,63002.032,2,141,784.966,488.78,NA,2.02,0.007,90,-130.601
3738,24,101,593.687,1432.576,63302.041,2,255,787.492,488.321,NA,2.525,0.008,-143.13,126.87
3739,24,102,592.677,1442.677,63602.051,2,255,797.643,497.822,NA,10.151,0.034,95.711,-121.159
3740,24,103,585.101,1445.202,63902.061,2,226,805.628,503.457,NA,7.986,0.027,161.565,65.854
3741,24,104,584.091,1437.626,64202.07,2,141,813.271,497.167,NA,7.643,0.025,-97.595,100.84
3742,24,105,584.091,1436.111,64502.08,2,255,814.786,495.821,NA,1.515,0.005,-90,7.595
3743,24,106,584.091,1436.111,64802.09,2,249,814.786,495.821,NA,0,0,0,90
3744,24,107,573.485,1446.212,65102.099,2,159,829.433,509.688,NA,14.646,0.049,136.397,136.397
3745,24,108,570.455,1446.212,65402.109,2,246,832.463,511.112,NA,3.03,0.01,180,43.603
3746,24,109,571.465,1438.636,65702.119,2,236,840.106,503.965,NA,7.643,0.025,-82.405,97.595
3747,24,110,578.03,1438.636,66002.128,2,106,846.672,500.866,NA,6.566,0.022,0,82.405
3748,24,111,582.576,1439.141,66302.138,2,200,851.245,499.209,NA,4.573,0.015,6.34,6.34
3749,24,112,582.576,1439.141,66602.148,2,201,851.245,499.209,NA,0,0,0,-6.34
3750,24,113,582.576,1439.141,66902.157,2,198,851.245,499.209,NA,0,0,0,0
3751,24,114,582.576,1449.747,67202.167,2,200,861.851,508.653,NA,10.606,0.035,90,90
3752,24,115,582.576,1449.747,67502.177,2,81,861.851,508.653,NA,0,0,0,-90
3753,24,116,585.606,1449.242,67802.186,2,218,864.923,506.842,NA,3.072,0.01,-9.462,-9.462
3754,24,117,585.606,1437.121,68102.196,2,238,877.044,496.025,NA,12.121,0.04,-90,-80.538
3755,24,118,585.606,1431.061,68402.206,2,229,883.105,490.64,NA,6.061,0.02,-90,0
3756,24,119,586.111,1431.061,68702.215,2,154,883.61,490.407,NA,0.505,0.002,0,90
3757,24,120,586.616,1430.051,69002.225,2,255,884.739,489.278,NA,1.129,0.004,-63.435,-63.435
3758,24,121,581.566,1430.051,69302.235,2,255,889.79,491.624,NA,5.051,0.017,180,-116.565
3759,24,122,581.061,1430.051,69602.244,2,255,890.295,491.86,NA,0.505,0.002,180,0
3760,24,123,575,1427.02,69902.254,2,192,897.071,492.075,NA,6.776,0.023,-153.435,26.565
3761,24,124,578.535,1426.515,70202.264,2,161,900.642,489.939,NA,3.571,0.012,-8.13,145.305
3762,24,125,590.152,1426.515,70502.273,2,208,912.258,484.514,NA,11.616,0.039,0,8.13
3763,24,126,590.152,1435.101,70802.283,2,241,920.844,492.164,NA,8.586,0.029,90,90
3764,24,127,585.101,1436.616,71102.293,2,196,926.117,495.807,NA,5.273,0.018,163.301,73.301
3765,24,128,571.97,1439.646,71402.302,2,225,939.594,504.612,NA,13.476,0.045,167.005,3.705
3766,24,129,569.444,1439.646,71702.312,2,202,942.119,505.818,NA,2.525,0.008,180,12.995
3767,24,131,565.404,1440.657,72002.322,2,255,946.284,508.65,NA,4.165,0.014,165.964,-14.036
3768,25,1,917.424,592.045,21000.677,2,115,0,0,NA,NA,NA,NA,NA
3769,25,2,917.045,590.152,21300.687,2,118,1.931,1.931,NA,1.931,0.006,-101.31,NA
3770,25,3,917.045,590.152,21600.697,2,91,1.931,1.931,NA,0,0,0,101.31
3771,25,4,917.045,590.152,21900.706,2,84,1.931,1.931,NA,0,0,0,0
3772,25,5,917.424,587.121,22200.716,2,104,4.985,4.924,NA,3.054,0.01,-82.875,-82.875
3773,25,6,917.424,583.333,22500.726,2,138,8.773,8.712,NA,3.788,0.013,-90,-7.125
3774,25,7,919.318,581.818,22800.735,2,140,11.199,10.401,NA,2.425,0.008,-38.66,51.34
3775,25,8,919.318,579.167,23100.745,2,130,13.85,13.017,NA,2.652,0.009,-90,-51.34
3776,25,9,919.318,579.167,23400.755,2,131,13.85,13.017,NA,0,0,0,90
3777,25,10,919.318,577.652,23700.764,2,126,15.365,14.518,NA,1.515,0.005,-90,-90
3778,25,11,919.318,577.652,24000.774,2,115,15.365,14.518,NA,0,0,0,90
3779,25,12,919.318,577.652,24300.784,2,139,15.365,14.518,NA,0,0,0,0
3780,25,13,919.318,577.652,24600.793,2,115,15.365,14.518,NA,0,0,0,0
3781,25,14,919.697,573.864,24900.803,2,126,19.172,18.323,NA,3.807,0.013,-84.289,-84.289
3782,25,15,919.697,573.864,25200.813,2,104,19.172,18.323,NA,0,0,0,84.289
3783,25,16,915.909,575,25500.822,2,150,23.127,17.113,NA,3.955,0.013,163.301,163.301
3784,25,17,915.152,573.864,25800.832,2,122,24.492,18.323,NA,1.366,0.005,-123.69,73.009
3785,25,18,916.288,573.485,26100.842,2,127,25.69,18.595,NA,1.198,0.004,-18.435,105.255
3786,25,19,916.288,581.439,26400.851,2,103,33.645,10.667,NA,7.955,0.027,90,108.435
3787,25,20,919.318,579.924,26700.861,2,161,37.033,12.268,NA,3.388,0.011,-26.565,-116.565
3788,25,21,921.591,575,27000.871,2,183,42.456,17.547,NA,5.423,0.018,-65.225,-38.66
3789,25,22,921.591,571.591,27300.88,2,222,45.865,20.875,NA,3.409,0.011,-90,-24.775
3790,25,23,921.212,565.152,27600.89,2,221,52.316,27.159,NA,6.451,0.022,-93.366,-3.366
3791,25,24,921.212,565.152,27900.9,2,230,52.316,27.159,NA,0,0,0,93.366
3792,25,25,914.773,553.03,28200.909,2,157,66.041,39.105,NA,13.726,0.046,-117.979,-117.979
3793,25,26,919.697,548.485,28500.919,2,255,72.743,43.62,NA,6.701,0.022,-42.709,75.27
3794,25,27,922.348,546.591,28800.929,2,236,76.001,45.72,NA,3.258,0.011,-35.538,7.172
3795,25,28,922.348,551.136,29100.938,2,248,80.547,41.204,NA,4.545,0.015,90,125.538
3796,25,29,924.621,551.136,29400.948,2,247,82.819,41.537,NA,2.273,0.008,0,-90
3797,25,30,925.758,543.939,29700.958,2,255,90.106,48.823,NA,7.286,0.024,-81.027,-81.027
3798,25,31,925.758,533.333,30000.967,2,239,100.712,59.301,NA,10.606,0.035,-90,-8.973
3799,25,32,925.758,533.333,30300.977,2,55,100.712,59.301,NA,0,0,0,90
3800,25,33,935.606,515.53,30600.987,2,220,121.057,78.646,NA,20.346,0.068,-61.049,-61.049
3801,25,34,945.455,504.167,30900.996,2,255,136.095,92.241,NA,15.037,0.05,-49.086,11.963
3802,25,35,945.455,498.485,31201.006,2,198,141.776,97.669,NA,5.682,0.019,-90,-40.914
3803,25,36,945.455,498.485,31501.016,2,252,141.776,97.669,NA,0,0,0,90
3804,25,37,957.576,492.803,31801.025,2,255,155.163,107.057,NA,13.387,0.045,-25.115,-25.115
3805,25,38,957.576,492.803,32101.035,2,255,155.163,107.057,NA,0,0,0,25.115
3806,25,39,954.924,478.788,32401.045,2,222,169.427,119.304,NA,14.264,0.048,-100.713,-100.713
3807,25,40,954.545,468.182,32701.054,2,222,180.04,129.307,NA,10.613,0.035,-92.045,8.668
3808,25,41,952.652,462.5,33001.064,2,255,186.029,134.25,NA,5.989,0.02,-108.435,-16.39
3809,25,42,951.894,462.5,33301.074,2,171,186.787,134.053,NA,0.758,0.003,180,-71.565
3810,25,43,949.242,454.167,33601.083,2,255,195.532,141.502,NA,8.745,0.029,-107.65,72.35
3811,25,44,946.212,445.076,33901.093,2,255,205.114,149.763,NA,9.583,0.032,-108.435,-0.785
3812,25,45,946.212,444.697,34201.103,2,255,205.493,150.134,NA,0.379,0.001,-90,18.435
3813,25,46,943.182,437.879,34501.113,2,213,212.954,156.304,NA,7.461,0.025,-113.962,-23.962
3814,25,47,930.682,434.848,34801.122,2,232,225.816,157.755,NA,12.862,0.043,-166.373,-52.411
3815,25,48,930.682,434.848,35101.132,2,255,225.816,157.755,NA,0,0,0,166.373
3816,25,49,925.379,434.091,35401.142,2,255,231.173,158.155,NA,5.357,0.018,-171.87,-171.87
3817,25,50,925.379,438.258,35701.151,2,255,235.34,153.993,NA,4.167,0.014,90,-98.13
3818,25,51,923.485,438.258,36001.161,2,255,237.234,153.907,NA,1.894,0.006,180,90
3819,25,52,917.045,440.53,36301.171,2,255,244.063,151.516,NA,6.829,0.023,160.56,-19.44
3820,25,53,909.47,444.318,36601.18,2,224,252.532,147.941,NA,8.47,0.028,153.435,-7.125
3821,25,54,907.197,448.864,36901.19,2,255,257.614,143.547,NA,5.082,0.017,116.565,-36.87
3822,25,55,907.197,450,37201.2,2,255,258.751,142.413,NA,1.136,0.004,90,-26.565
3823,25,56,912.121,450,37501.209,2,255,263.675,142.144,NA,4.924,0.016,0,-90
3824,25,57,913.636,450,37801.219,2,255,265.19,142.096,NA,1.515,0.005,0,0
3825,25,58,913.636,448.864,38101.229,2,255,266.327,143.232,NA,1.136,0.004,-90,-90
3826,25,59,913.636,448.864,38401.238,2,255,266.327,143.232,NA,0,0,0,90
3827,25,60,914.394,450.758,38701.248,2,255,268.366,141.32,NA,2.04,0.007,68.199,68.199
3828,25,61,918.182,450,39001.258,2,255,272.229,142.047,NA,3.863,0.013,-11.31,-79.509
3829,25,62,918.182,450,39301.267,2,255,272.229,142.047,NA,0,0,0,11.31
3830,25,63,926.136,449.242,39601.277,2,235,280.22,143.069,NA,7.991,0.027,-5.44,-5.44
3831,25,64,920.076,443.939,39901.287,2,251,288.273,148.13,NA,8.053,0.027,-138.814,-133.374
3832,25,65,920.076,438.636,40201.296,2,255,293.576,153.432,NA,5.303,0.018,-90,48.814
3833,25,66,924.242,439.015,40501.306,2,255,297.76,153.182,NA,4.184,0.014,5.194,95.194
3834,25,67,924.242,445.833,40801.316,2,255,304.578,146.371,NA,6.818,0.023,90,84.806
3835,25,68,924.242,447.348,41101.325,2,255,306.093,144.858,NA,1.515,0.005,90,0
3836,25,69,933.712,448.864,41401.335,2,255,315.683,144.105,NA,9.59,0.032,9.09,-80.91
3837,25,70,933.712,448.864,41701.345,2,255,315.683,144.105,NA,0,0,0,-9.09
3838,25,71,933.712,448.864,42001.354,2,255,315.683,144.105,NA,0,0,0,0
3839,25,72,927.652,455.303,42301.364,2,236,324.526,137.124,NA,8.843,0.029,133.264,133.264
3840,25,73,912.121,455.303,42601.374,2,255,340.057,136.845,NA,15.53,0.052,180,46.736
3841,25,74,912.121,459.091,42901.383,2,255,343.844,133.06,NA,3.788,0.013,90,-90
3842,25,75,916.288,459.091,43201.393,2,255,348.011,132.959,NA,4.167,0.014,0,-90
3843,25,76,921.212,451.136,43501.403,2,255,357.366,140.96,NA,9.355,0.031,-58.241,-58.241
3844,25,77,928.409,451.136,43801.412,2,255,364.563,141.337,NA,7.197,0.024,0,58.241
3845,25,78,928.409,451.136,44101.422,2,255,364.563,141.337,NA,0,0,0,0
3846,25,79,935.227,446.97,44401.432,2,255,372.554,146.164,NA,7.991,0.027,-31.43,-31.43
3847,25,80,935.606,443.939,44701.441,2,255,375.608,149.218,NA,3.054,0.01,-82.875,-51.445
3848,25,81,935.606,443.939,45001.451,2,175,375.608,149.218,NA,0,0,0,82.875
3849,25,82,937.879,437.879,45301.461,2,255,382.081,155.518,NA,6.473,0.022,-69.444,-69.444
3850,25,83,943.182,434.47,45601.47,2,255,388.385,159.667,NA,6.304,0.021,-32.735,36.709
3851,25,84,946.591,431.818,45901.48,2,255,392.704,162.86,NA,4.319,0.014,-37.875,-5.14
3852,25,85,947.727,431.818,46201.49,2,255,393.84,163.068,NA,1.136,0.004,0,37.875
3853,25,86,947.727,431.818,46501.499,2,255,393.84,163.068,NA,0,0,0,0
3854,25,87,947.727,431.818,46801.509,2,255,393.84,163.068,NA,0,0,0,0
3855,25,88,947.727,425,47101.519,2,255,400.658,169.772,NA,6.818,0.023,-90,-90
3856,25,89,947.727,425,47401.529,2,255,400.658,169.772,NA,0,0,0,90
3857,25,90,950.379,424.621,47701.538,2,255,403.337,170.637,NA,2.678,0.009,-8.13,-8.13
3858,25,91,950.379,424.621,48001.548,2,255,403.337,170.637,NA,0,0,0,8.13
3859,25,92,950.379,424.621,48301.558,2,255,403.337,170.637,NA,0,0,0,0
3860,25,93,953.788,419.318,48601.567,2,255,409.641,176.514,NA,6.304,0.021,-57.265,-57.265
3861,25,94,953.788,419.318,48901.577,2,255,409.641,176.514,NA,0,0,0,57.265
3862,25,95,953.788,419.318,49201.587,2,255,409.641,176.514,NA,0,0,0,0
3863,25,96,953.788,419.318,49501.596,2,255,409.641,176.514,NA,0,0,0,0
3864,25,97,953.788,419.318,49801.606,2,255,409.641,176.514,NA,0,0,0,0
3865,25,98,953.788,419.318,50101.616,2,255,409.641,176.514,NA,0,0,0,0
3866,25,99,953.788,408.333,50401.625,2,2,420.626,187.276,NA,10.985,0.037,-90,-90
3867,25,100,948.485,374.621,50701.635,2,255,454.752,219.632,NA,34.127,0.114,-98.94,-8.94
3868,25,101,945.076,366.667,51001.645,2,255,463.407,227.069,NA,8.654,0.029,-113.199,-14.259
3869,25,102,945.076,360.606,51301.654,2,255,469.467,233.085,NA,6.061,0.02,-90,23.199
3870,25,103,946.97,362.879,51601.664,2,255,472.426,231.063,NA,2.958,0.01,50.194,140.194
3871,25,104,946.97,350.379,51901.674,2,232,484.926,243.466,NA,12.5,0.042,-90,-140.194
3872,25,105,946.97,350.379,52201.683,2,232,484.926,243.466,NA,0,0,0,90
3873,25,106,943.182,349.621,52501.693,2,231,488.789,243.789,NA,3.863,0.013,-168.69,-168.69
3874,25,107,943.182,345.455,52801.703,2,255,492.955,247.933,NA,4.167,0.014,-90,78.69
3875,25,108,943.182,341.288,53101.712,2,255,497.122,252.077,NA,4.167,0.014,-90,0
3876,25,109,946.97,324.621,53401.722,2,255,514.214,269.051,NA,17.092,0.057,-77.196,12.804
3877,25,110,951.136,309.848,53701.732,2,255,529.563,284.204,NA,15.349,0.051,-74.249,2.947
3878,25,111,951.136,309.848,54001.741,2,255,529.563,284.204,NA,0,0,0,74.249
3879,25,112,942.424,295.076,54301.751,2,255,546.713,298.02,NA,17.15,0.057,-120.53,-120.53
3880,25,113,942.424,269.318,54601.761,2,255,572.471,323.694,NA,25.758,0.086,-90,30.53
3881,25,114,945.833,281.439,54901.77,2,255,585.062,311.903,NA,12.591,0.042,74.291,164.291
3882,25,115,946.212,278.788,55201.78,2,218,587.741,314.578,NA,2.678,0.009,-81.87,-156.161
3883,25,116,951.515,278.788,55501.79,2,255,593.044,315.107,NA,5.303,0.018,0,81.87
3884,25,117,956.439,266.667,55801.799,2,255,606.127,327.71,NA,13.083,0.044,-67.891,-67.891
3885,25,118,970.455,262.121,56101.809,2,255,620.861,334.159,NA,14.734,0.049,-17.969,49.921
3886,25,119,970.455,262.121,56401.819,2,255,620.861,334.159,NA,0,0,0,17.969
3887,25,120,970.455,256.439,56701.828,2,252,626.543,339.77,NA,5.682,0.019,-90,-90
3888,25,121,975.758,255.303,57001.838,2,255,631.966,341.758,NA,5.423,0.018,-12.095,77.905
3889,25,122,978.788,247.727,57301.848,2,255,640.125,349.743,NA,8.159,0.027,-68.199,-56.104
3890,25,123,983.712,235.606,57601.857,2,255,653.209,362.551,NA,13.083,0.044,-67.891,0.308
3891,25,124,989.015,226.515,57901.867,2,255,663.733,372.475,NA,10.525,0.035,-59.744,8.147
3892,25,125,993.182,224.242,58201.877,2,255,668.479,375.524,NA,4.746,0.016,-28.61,31.133
3893,25,126,998.864,215.53,58501.886,2,255,678.881,385.222,NA,10.401,0.035,-56.889,-28.278
3894,25,127,1003.788,201.136,58801.896,2,255,694.094,400.336,NA,15.213,0.051,-71.114,-14.225
3895,25,128,991.667,191.667,59101.906,2,242,709.475,407.204,NA,15.382,0.051,-142.001,-70.887
3896,25,129,991.667,189.394,59401.915,2,243,711.748,409.439,NA,2.273,0.008,-90,52.001
3897,25,130,991.667,189.394,59701.925,2,255,711.748,409.439,NA,0,0,0,90
3898,25,131,991.667,191.667,60001.935,2,244,714.021,407.204,NA,2.273,0.008,90,90
3899,25,132,1015.152,172.727,60301.944,2,194,744.191,430.556,NA,30.17,0.101,-38.884,-128.884
3900,25,133,1019.697,175,60601.954,2,255,749.273,429.403,NA,5.082,0.017,26.565,65.45
3901,25,134,1019.697,175,60901.964,2,255,749.273,429.403,NA,0,0,0,-26.565
3902,25,135,1019.697,175,61201.974,2,255,749.273,429.403,NA,0,0,0,0
3903,25,136,1023.864,170.076,61501.983,2,204,755.723,435.187,NA,6.451,0.022,-49.764,-49.764
3904,25,137,1026.136,162.879,61801.993,2,255,763.271,442.722,NA,7.547,0.025,-72.474,-22.711
3905,25,138,1026.136,163.258,62102.003,2,255,763.649,442.354,NA,0.379,0.001,90,162.474
3906,25,139,1025.379,175,62402.012,2,255,775.416,430.791,NA,11.767,0.039,93.691,3.691
3907,25,140,1025.379,175.758,62702.022,2,255,776.174,430.058,NA,0.758,0.003,90,-3.691
3908,25,141,1024.621,183.712,63002.032,2,255,784.164,422.17,NA,7.991,0.027,95.44,5.44
3909,25,142,1023.485,194.697,63302.041,2,255,795.208,411.26,NA,11.043,0.037,95.906,0.466
3910,25,143,1023.485,194.697,63602.051,2,255,795.208,411.26,NA,0,0,0,-95.906
3911,25,144,1023.864,204.167,63902.061,2,255,804.685,402.218,NA,9.477,0.032,87.709,87.709
3912,25,145,1025.758,203.788,64202.07,2,21,806.617,403.088,NA,1.931,0.006,-11.31,-99.019
3913,25,146,1016.667,198.864,64502.08,2,255,816.956,405.513,NA,10.339,0.034,-151.557,-140.247
3914,25,147,1015.152,186.742,64802.09,2,255,829.171,416.919,NA,12.216,0.041,-97.125,54.432
3915,25,148,1009.47,181.818,65102.099,2,178,836.69,420.427,NA,7.519,0.025,-139.086,-41.961
3916,25,149,1016.288,181.061,65402.109,2,255,843.55,422.709,NA,6.86,0.023,-6.34,132.745
3917,25,150,1016.288,181.061,65702.119,2,255,843.55,422.709,NA,0,0,0,6.34
3918,25,151,1016.288,181.061,66002.128,2,255,843.55,422.709,NA,0,0,0,0
3919,25,152,1022.727,185.227,66302.138,2,255,851.22,420.226,NA,7.67,0.026,32.905,32.905
3920,25,153,1028.03,180.303,66602.148,2,255,858.457,426.34,NA,7.237,0.024,-42.879,-75.784
3921,25,154,1034.091,179.924,66902.157,2,255,864.529,428.316,NA,6.072,0.02,-3.576,39.303
3922,25,155,1034.091,179.924,67202.167,2,255,864.529,428.316,NA,0,0,0,3.576
3923,25,156,1034.091,171.97,67502.177,2,255,872.484,435.976,NA,7.955,0.027,-90,-90
3924,25,157,1034.091,160.606,67802.186,2,255,883.847,446.935,NA,11.364,0.038,-90,0
3925,25,158,1034.091,154.167,68102.196,2,255,890.287,453.154,NA,6.439,0.021,-90,0
3926,25,159,1034.091,154.545,68402.206,2,255,890.665,452.788,NA,0.379,0.001,90,180
3927,25,160,1036.742,148.485,68702.215,2,255,897.281,459.329,NA,6.615,0.022,-66.371,-156.371
3928,25,161,1036.742,143.939,69002.225,2,255,901.826,463.72,NA,4.545,0.015,-90,-23.629
3929,25,162,1037.5,138.636,69302.235,2,255,907.183,469.039,NA,5.357,0.018,-81.87,8.13
3930,25,163,1042.045,134.848,69602.244,2,255,913.1,473.877,NA,5.917,0.02,-39.806,42.064
3931,25,164,1042.045,134.848,69902.254,2,255,913.1,473.877,NA,0,0,0,39.806
3932,25,165,1042.045,129.924,70202.264,2,255,918.024,478.63,NA,4.924,0.016,-90,-90
3933,25,166,1042.045,129.924,70502.273,2,255,918.024,478.63,NA,0,0,0,90
3934,25,167,1045.833,120.076,70802.283,2,255,928.576,489.126,NA,10.552,0.035,-68.962,-68.962
3935,25,168,1045.833,120.076,71102.293,2,251,928.576,489.126,NA,0,0,0,68.962
3936,25,169,1041.288,115.152,71402.302,2,255,935.277,492.717,NA,6.701,0.022,-132.709,-132.709
3937,25,170,1041.288,115.53,71702.312,2,255,935.656,492.35,NA,0.379,0.001,90,-137.291
3938,25,172,1049.242,114.773,72002.322,2,255,943.647,495.142,NA,7.991,0.027,-5.44,-95.44
3939,26,1,971.591,696.591,11400.368,2,61,0,0,NA,NA,NA,NA,NA
3940,26,2,972.727,689.394,11700.377,2,39,7.286,7.286,NA,7.286,0.024,-81.027,NA
3941,26,3,972.727,689.394,12000.387,2,40,7.286,7.286,NA,0,0,0,81.027
3942,26,4,972.727,686.742,12300.397,2,154,9.938,9.914,NA,2.652,0.009,-90,-90
3943,26,5,973.485,684.47,12600.406,2,255,12.333,12.268,NA,2.396,0.008,-71.565,18.435
3944,26,6,978.788,684.47,12900.416,2,255,17.636,14.097,NA,5.303,0.018,0,71.565
3945,26,7,982.576,684.47,13200.426,2,160,21.424,16.358,NA,3.788,0.013,0,0
3946,26,8,982.576,681.061,13500.435,2,187,24.833,19.023,NA,3.409,0.011,-90,-90
3947,26,9,982.576,681.061,13800.445,2,102,24.833,19.023,NA,0,0,0,90
3948,26,10,982.576,681.061,14100.455,2,222,24.833,19.023,NA,0,0,0,0
3949,26,11,982.576,681.061,14400.464,2,235,24.833,19.023,NA,0,0,0,0
3950,26,12,982.576,681.061,14700.474,2,161,24.833,19.023,NA,0,0,0,0
3951,26,13,987.5,676.136,15000.484,2,88,31.797,25.913,NA,6.964,0.023,-45,-45
3952,26,14,987.5,676.136,15300.493,2,148,31.797,25.913,NA,0,0,0,45
3953,26,15,987.5,676.136,15600.503,2,74,31.797,25.913,NA,0,0,0,0
3954,26,16,987.5,676.136,15900.513,2,116,31.797,25.913,NA,0,0,0,0
3955,26,17,985.985,674.621,16200.522,2,159,33.94,26.265,NA,2.143,0.007,-135,-135
3956,26,18,985.985,669.318,16500.532,2,209,39.243,30.838,NA,5.303,0.018,-90,45
3957,26,19,988.636,667.424,16800.542,2,187,42.501,33.782,NA,3.258,0.011,-35.538,54.462
3958,26,20,994.318,667.424,17100.551,2,122,48.183,36.976,NA,5.682,0.019,0,35.538
3959,26,21,994.697,665.152,17400.561,2,155,50.487,39.017,NA,2.304,0.008,-80.538,-80.538
3960,26,22,994.697,665.152,17700.571,2,97,50.487,39.017,NA,0,0,0,80.538
3961,26,23,994.697,665.152,18000.58,2,168,50.487,39.017,NA,0,0,0,0
3962,26,24,994.697,665.152,18300.59,2,175,50.487,39.017,NA,0,0,0,0
3963,26,25,998.864,663.636,18600.6,2,119,54.921,42.776,NA,4.434,0.015,-19.983,-19.983
3964,26,26,1000.379,663.258,18900.609,2,160,56.483,44.044,NA,1.562,0.005,-14.036,5.947
3965,26,27,1000.379,663.258,19200.619,2,167,56.483,44.044,NA,0,0,0,14.036
3966,26,28,1000.379,663.258,19500.629,2,116,56.483,44.044,NA,0,0,0,0
3967,26,29,1000.379,663.258,19800.638,2,98,56.483,44.044,NA,0,0,0,0
3968,26,30,1000.379,668.939,20100.648,2,195,62.165,39.917,NA,5.682,0.019,90,90
3969,26,31,1000.379,668.939,20400.658,2,135,62.165,39.917,NA,0,0,0,-90
3970,26,32,1000.379,668.939,20700.668,2,84,62.165,39.917,NA,0,0,0,0
3971,26,33,995.076,668.939,21000.677,2,126,67.468,36.279,NA,5.303,0.018,180,180
3972,26,34,989.015,668.939,21300.687,2,97,73.528,32.683,NA,6.061,0.02,180,0
3973,26,35,986.364,668.939,21600.697,2,146,76.18,31.35,NA,2.652,0.009,180,0
3974,26,36,986.364,668.939,21900.706,2,177,76.18,31.35,NA,0,0,0,-180
3975,26,37,989.773,663.636,22200.716,2,108,82.484,37.637,NA,6.304,0.021,-57.265,-57.265
3976,26,38,993.561,661.364,22500.726,2,165,86.901,41.517,NA,4.417,0.015,-30.964,26.301
3977,26,39,994.697,660.606,22800.735,2,57,88.267,42.764,NA,1.366,0.005,-33.69,-2.726
3978,26,40,990.909,659.848,23100.745,2,193,92.13,41.511,NA,3.863,0.013,-168.69,-135
3979,26,41,990.909,659.848,23400.755,2,150,92.13,41.511,NA,0,0,0,168.69
3980,26,42,990.909,655.682,23700.764,2,122,96.297,45.241,NA,4.167,0.014,-90,-90
3981,26,43,992.045,655.682,24000.774,2,164,97.433,45.738,NA,1.136,0.004,0,90
3982,26,44,995.455,655.682,24300.784,2,132,100.842,47.361,NA,3.409,0.011,0,0
3983,26,45,996.97,655.682,24600.793,2,151,102.357,48.142,NA,1.515,0.005,0,0
3984,26,46,999.242,655.682,24900.803,2,84,104.63,49.378,NA,2.273,0.008,0,0
3985,26,47,1005.303,655.682,25200.813,2,89,110.691,53.01,NA,6.061,0.02,0,0
3986,26,48,1005.303,655.682,25500.822,2,135,110.691,53.01,NA,0,0,0,0
3987,26,49,1006.818,655.682,25800.832,2,180,112.206,53.986,NA,1.515,0.005,0,0
3988,26,50,1010.606,655.682,26100.842,2,137,115.994,56.531,NA,3.788,0.013,0,0
3989,26,51,1010.606,655.682,26400.851,2,130,115.994,56.531,NA,0,0,0,0
3990,26,52,1015.909,655.682,26700.861,2,234,121.297,60.313,NA,5.303,0.018,0,0
3991,26,53,1015.909,655.682,27000.871,2,103,121.297,60.313,NA,0,0,0,0
3992,26,54,1015.909,663.258,27300.88,2,65,128.872,55.455,NA,7.576,0.025,90,90
3993,26,55,1015.909,663.258,27600.89,2,133,128.872,55.455,NA,0,0,0,-90
3994,26,56,1019.318,662.121,27900.9,2,93,132.466,58.873,NA,3.593,0.012,-18.435,-18.435
3995,26,57,1023.106,661.742,28200.909,2,202,136.273,62.195,NA,3.807,0.013,-5.711,12.724
3996,26,58,1023.106,660.985,28500.919,2,145,137.03,62.623,NA,0.758,0.003,-90,-84.289
3997,26,59,1028.409,660.985,28800.929,2,100,142.333,67.053,NA,5.303,0.018,0,90
3998,26,60,1028.03,660.985,29100.938,2,84,142.712,66.732,NA,0.379,0.001,180,180
3999,26,61,1028.03,660.985,29400.948,2,255,142.712,66.732,NA,0,0,0,-180
4000,26,62,1028.03,660.985,29700.958,2,184,142.712,66.732,NA,0,0,0,0
4001,26,63,1028.03,660.985,30000.967,2,94,142.712,66.732,NA,0,0,0,0
4002,26,64,1028.409,651.136,30300.977,2,119,152.568,72.763,NA,9.856,0.033,-87.797,-87.797
4003,26,65,1028.409,651.136,30600.987,2,214,152.568,72.763,NA,0,0,0,87.797
4004,26,66,1030.682,651.136,30900.996,2,169,154.841,74.551,NA,2.273,0.008,0,0
4005,26,67,1035.606,649.621,31201.006,2,139,159.993,79.398,NA,5.152,0.017,-17.103,-17.103
4006,26,68,1035.985,650,31501.016,2,167,160.528,79.481,NA,0.536,0.002,45,62.103
4007,26,69,1042.045,650,31801.025,2,181,166.589,84.466,NA,6.061,0.02,0,-45
4008,26,70,1042.045,650,32101.035,2,187,166.589,84.466,NA,0,0,0,0
4009,26,71,1046.591,644.697,32401.045,2,77,173.573,91.203,NA,6.985,0.023,-49.399,-49.399
4010,26,72,1059.848,650.379,32701.054,2,99,187.997,99.624,NA,14.424,0.048,23.199,72.597
4011,26,73,1059.848,650.379,33001.064,2,96,187.997,99.624,NA,0,0,0,-23.199
4012,26,74,1059.848,650.379,33301.074,2,193,187.997,99.624,NA,0,0,0,0
4013,26,75,1063.636,646.212,33601.083,2,137,193.628,104.93,NA,5.631,0.019,-47.726,-47.726
4014,26,76,1073.864,646.212,33901.093,2,178,203.856,114.008,NA,10.227,0.034,0,47.726
4015,26,77,1076.136,659.848,34201.103,2,96,217.68,110.814,NA,13.824,0.046,80.538,80.538
4016,26,78,1078.409,660.227,34501.113,2,207,219.984,112.838,NA,2.304,0.008,9.462,-71.075
4017,26,79,1078.409,660.227,34801.122,2,130,219.984,112.838,NA,0,0,0,-9.462
4018,26,80,1084.47,668.561,35101.132,2,106,230.288,116.307,NA,10.304,0.034,53.973,53.973
4019,26,81,1090.909,674.242,35401.142,2,150,238.876,121.393,NA,8.588,0.029,41.424,-12.549
4020,26,82,1097.348,674.242,35701.151,2,88,245.315,127.728,NA,6.439,0.021,0,-41.424
4021,26,83,1118.182,663.258,36001.161,2,133,268.867,150.333,NA,23.552,0.079,-27.801,-27.801
4022,26,84,1133.333,663.258,36301.171,2,179,284.019,165.142,NA,15.152,0.051,0,27.801
4023,26,85,1151.136,662.879,36601.18,2,125,301.826,182.683,NA,17.807,0.059,-1.219,-1.219
4024,26,86,1159.091,665.53,36901.19,2,192,310.211,190.055,NA,8.385,0.028,18.435,19.654
4025,26,87,1168.182,665.53,37201.2,2,155,319.302,199.03,NA,9.091,0.03,0,-18.435
4026,26,88,1185.606,678.409,37501.209,2,131,340.969,214.786,NA,21.667,0.072,36.469,36.469
4027,26,89,1185.227,679.167,37801.219,2,184,341.816,214.346,NA,0.847,0.003,116.565,80.096
4028,26,90,1192.045,679.167,38101.229,2,157,348.634,221.142,NA,6.818,0.023,0,-116.565
4029,26,91,1198.485,679.167,38401.238,2,79,355.073,227.562,NA,6.439,0.021,0,0
4030,26,92,1207.197,684.091,38701.248,2,122,365.081,235.937,NA,10.007,0.033,29.476,29.476
4031,26,93,1207.197,684.091,39001.258,2,115,365.081,235.937,NA,0,0,0,-29.476
4032,26,94,1210.606,684.091,39301.267,2,202,368.49,239.342,NA,3.409,0.011,0,0
4033,26,95,1218.939,684.091,39601.277,2,88,376.823,247.664,NA,8.333,0.028,0,0
4034,26,96,1225,695.833,39901.287,2,107,390.038,253.41,NA,13.214,0.044,62.7,62.7
4035,26,97,1215.53,694.697,40201.296,2,162,399.575,243.947,NA,9.538,0.032,-173.157,124.142
4036,26,98,1219.697,687.879,40501.306,2,247,407.566,248.259,NA,7.991,0.027,-58.57,114.587
4037,26,99,1225.758,674.621,40801.316,2,227,422.143,255.114,NA,14.577,0.049,-65.433,-6.862
4038,26,100,1228.409,673.485,41101.325,2,116,425.028,257.856,NA,2.885,0.01,-23.199,42.234
4039,26,101,1228.409,673.485,41401.335,2,144,425.028,257.856,NA,0,0,0,23.199
4040,26,102,1228.409,673.485,41701.345,2,128,425.028,257.856,NA,0,0,0,0
4041,26,103,1222.348,668.561,42001.354,2,203,432.837,252.319,NA,7.809,0.026,-140.906,-140.906
4042,26,104,1222.348,668.561,42301.364,2,167,432.837,252.319,NA,0,0,0,140.906
4043,26,105,1222.348,656.061,42601.374,2,214,445.337,254.012,NA,12.5,0.042,-90,-90
4044,26,106,1222.348,656.061,42901.383,2,219,445.337,254.012,NA,0,0,0,90
4045,26,107,1222.348,656.061,43201.393,2,190,445.337,254.012,NA,0,0,0,0
4046,26,108,1222.348,656.061,43501.403,2,157,445.337,254.012,NA,0,0,0,0
4047,26,109,1218.182,654.924,43801.412,2,194,449.655,250.086,NA,4.319,0.014,-164.745,-164.745
4048,26,110,1227.273,654.924,44101.422,2,255,458.746,259.055,NA,9.091,0.03,0,164.745
4049,26,111,1227.273,654.924,44401.432,2,221,458.746,259.055,NA,0,0,0,0
4050,26,112,1227.273,654.924,44701.441,2,161,458.746,259.055,NA,0,0,0,0
4051,26,113,1226.515,659.47,45001.451,2,168,463.355,257.613,NA,4.608,0.015,99.462,99.462
4052,26,114,1226.515,659.47,45301.461,2,58,463.355,257.613,NA,0,0,0,-99.462
4053,26,115,1225,648.106,45601.47,2,129,474.819,258.006,NA,11.464,0.038,-97.595,-97.595
4054,26,116,1237.121,643.561,45901.48,2,231,487.764,270.774,NA,12.945,0.043,-20.556,77.039
4055,26,117,1247.727,643.561,46201.49,2,191,498.37,281.182,NA,10.606,0.035,0,20.556
4056,26,118,1247.727,643.561,46501.499,2,218,498.37,281.182,NA,0,0,0,0
4057,26,119,1256.818,643.561,46801.509,2,177,507.461,290.115,NA,9.091,0.03,0,0
4058,26,120,1258.333,643.561,47101.519,2,187,508.976,291.605,NA,1.515,0.005,0,0
4059,26,121,1262.879,643.561,47401.529,2,184,513.522,296.076,NA,4.545,0.015,0,0
4060,26,122,1293.561,618.182,47701.538,2,113,553.34,331.38,NA,39.818,0.133,-39.596,-39.596
4061,26,123,1305.682,614.394,48001.548,2,72,566.039,344.054,NA,12.699,0.042,-17.354,22.242
4062,26,124,1326.515,610.227,48301.558,2,134,587.285,365.281,NA,21.246,0.071,-11.31,6.044
4063,26,125,1337.879,610.227,48601.567,2,160,598.648,376.332,NA,11.364,0.038,0,11.31
4064,26,126,1350.758,623.864,48901.577,2,229,617.405,386.079,NA,18.757,0.063,46.637,46.637
4065,26,127,1370.455,623.864,49201.587,2,59,637.102,405.44,NA,19.697,0.066,0,-46.637
4066,26,128,1365.53,633.712,49501.596,2,106,648.113,398.926,NA,11.011,0.037,116.565,116.565
4067,26,129,1370.833,640.152,49801.606,2,93,656.455,403.212,NA,8.342,0.028,50.528,-66.038
4068,26,130,1381.439,654.924,50101.616,2,131,674.641,411.961,NA,18.186,0.061,54.324,3.796
4069,26,131,1381.439,654.924,50401.625,2,76,674.641,411.961,NA,0,0,0,-54.324
4070,26,132,1381.439,654.924,50701.635,2,136,674.641,411.961,NA,0,0,0,0
4071,26,133,1398.864,654.924,51001.645,2,86,692.065,429.3,NA,17.424,0.058,0,0
4072,26,134,1409.848,652.273,51301.654,2,176,703.365,440.493,NA,11.3,0.038,-13.57,-13.57
4073,26,135,1409.848,652.273,51601.664,2,76,703.365,440.493,NA,0,0,0,13.57
4074,26,136,1404.545,664.773,51901.674,2,72,716.944,434.122,NA,13.578,0.045,112.989,112.989
4075,26,137,1399.621,682.197,52201.683,2,112,735.05,428.272,NA,18.107,0.06,105.781,-7.208
4076,26,138,1401.136,700.758,52501.693,2,191,753.673,429.566,NA,18.622,0.062,85.333,-20.448
4077,26,139,1405.303,706.439,52801.703,2,254,760.719,433.824,NA,7.046,0.023,53.746,-31.587
4078,26,140,1405.303,709.47,53101.712,2,115,763.749,433.903,NA,3.03,0.01,90,36.254
4079,26,141,1399.621,694.318,53401.722,2,251,779.931,428.036,NA,16.182,0.054,-110.556,159.444
4080,26,142,1399.621,682.955,53701.732,2,202,791.294,428.247,NA,11.364,0.038,-90,20.556
4081,26,143,1406.439,682.955,54001.741,2,134,798.112,435.062,NA,6.818,0.023,0,90
4082,26,144,1407.576,698.864,54301.751,2,114,814.062,435.991,NA,15.95,0.053,85.914,85.914
4083,26,145,1407.576,707.576,54601.761,2,49,822.774,436.123,NA,8.712,0.029,90,4.086
4084,26,146,1407.576,707.576,54901.77,2,142,822.774,436.123,NA,0,0,0,-90
4085,26,147,1393.561,684.091,55201.78,2,218,850.123,422.155,NA,27.349,0.091,-120.828,-120.828
4086,26,148,1398.485,680.303,55501.79,2,239,856.336,427.205,NA,6.213,0.021,-37.569,83.259
4087,26,149,1403.788,671.212,55801.799,2,107,866.86,432.941,NA,10.525,0.035,-59.744,-22.175
4088,26,150,1403.788,671.212,56101.809,2,204,866.86,432.941,NA,0,0,0,59.744
4089,26,151,1409.091,674.242,56401.819,2,220,872.968,438.07,NA,6.108,0.02,29.745,29.745
4090,26,152,1409.091,674.242,56701.828,2,156,872.968,438.07,NA,0,0,0,-29.745
4091,26,153,1419.697,674.242,57001.838,2,34,883.574,448.663,NA,10.606,0.035,0,0
4092,26,154,1435.606,666.667,57301.848,2,110,901.195,464.979,NA,17.621,0.059,-25.463,-25.463
4093,26,155,1449.242,660.227,57601.857,2,170,916.275,479.034,NA,15.08,0.05,-25.278,0.186
4094,26,156,1449.242,654.167,57901.867,2,102,922.336,479.532,NA,6.061,0.02,-90,-64.722
4095,26,157,1452.652,646.97,58201.877,2,143,930.299,483.613,NA,7.964,0.027,-64.654,25.346
4096,26,158,1459.47,642.424,58501.886,2,93,938.494,490.877,NA,8.194,0.027,-33.69,30.964
4097,26,159,1449.621,639.394,58801.896,2,140,948.798,481.44,NA,10.304,0.034,-162.897,-129.207
4098,26,160,1449.242,639.015,59101.906,2,78,949.334,481.109,NA,0.536,0.002,-135,27.897
4099,26,161,1449.242,637.879,59401.915,2,66,950.47,481.246,NA,1.136,0.004,-90,45
4100,26,162,1449.242,632.576,59701.925,2,105,955.773,481.922,NA,5.303,0.018,-90,0
4101,26,163,1456.061,630.303,60001.935,2,92,962.96,488.984,NA,7.187,0.024,-18.435,71.565
4102,26,164,1456.061,630.303,60301.944,2,142,962.96,488.984,NA,0,0,0,18.435
4103,26,165,1464.773,628.409,60601.954,2,58,971.876,497.873,NA,8.916,0.03,-12.265,-12.265
4104,26,166,1468.939,625.758,60901.964,2,63,976.814,502.367,NA,4.939,0.016,-32.471,-20.206
4105,26,167,1467.045,622.727,61201.974,2,115,980.388,500.93,NA,3.573,0.012,-122.005,-89.534
4106,26,168,1467.045,622.727,61501.983,2,141,980.388,500.93,NA,0,0,0,122.005
4107,26,169,1470.076,612.879,61801.993,2,76,990.692,505.465,NA,10.304,0.034,-72.897,-72.897
4108,26,170,1475.379,612.879,62102.003,2,79,995.995,510.696,NA,5.303,0.018,0,72.897
4109,26,171,1484.091,617.803,62402.012,2,130,1006.003,518.521,NA,10.007,0.033,29.476,29.476
4110,26,172,1486.364,617.803,62702.022,2,10,1008.275,520.767,NA,2.273,0.008,0,-29.476
4111,27,1,992.172,846.717,33301.074,2,60,0,0,NA,NA,NA,NA,NA
4112,27,2,994.192,846.212,33601.083,2,86,2.082,2.082,NA,2.082,0.007,-14.036,NA
4113,27,3,996.717,849.747,33901.093,2,129,6.427,5.463,NA,4.345,0.014,54.462,68.499
4114,27,4,996.717,849.747,34201.103,2,146,6.427,5.463,NA,0,0,0,-54.462
4115,27,5,997.727,856.818,34501.113,2,149,13.569,11.528,NA,7.142,0.024,81.87,81.87
4116,27,6,997.727,856.818,34801.122,2,160,13.569,11.528,NA,0,0,0,-81.87
4117,27,7,1000.758,858.838,35101.132,2,142,17.211,14.854,NA,3.642,0.012,33.69,33.69
4118,27,8,1000.758,858.838,35401.142,2,142,17.211,14.854,NA,0,0,0,-33.69
4119,27,9,1000.758,859.343,35701.151,2,199,17.716,15.269,NA,0.505,0.002,90,90
4120,27,10,1007.323,859.343,36001.161,2,235,24.282,19.723,NA,6.566,0.022,0,-90
4121,27,11,1007.323,859.343,36301.171,2,181,24.282,19.723,NA,0,0,0,0
4122,27,12,1007.323,859.343,36601.18,2,145,24.282,19.723,NA,0,0,0,0
4123,27,13,1010.354,859.343,36901.19,2,240,27.312,22.136,NA,3.03,0.01,0,0
4124,27,14,1010.859,859.343,37201.2,2,203,27.818,22.553,NA,0.505,0.002,0,0
4125,27,15,1012.374,859.848,37501.209,2,232,29.415,24.095,NA,1.597,0.005,18.435,18.435
4126,27,16,1015.404,860.859,37801.219,2,180,32.609,27.198,NA,3.194,0.011,18.435,0
4127,27,17,1015.404,860.859,38101.229,2,111,32.609,27.198,NA,0,0,0,-18.435
4128,27,18,1015.404,860.859,38401.238,2,228,32.609,27.198,NA,0,0,0,0
4129,27,19,1015.404,863.889,38701.248,2,212,35.639,28.89,NA,3.03,0.01,90,90
4130,27,20,1015.404,863.384,39001.258,2,199,36.144,28.592,NA,0.505,0.002,-90,-180
4131,27,21,1016.919,857.323,39301.267,2,235,42.391,26.924,NA,6.247,0.021,-75.964,14.036
4132,27,22,1017.929,857.323,39601.277,2,216,43.401,27.856,NA,1.01,0.003,0,75.964
4133,27,23,1021.465,857.323,39901.287,2,177,46.937,31.154,NA,3.535,0.012,0,0
4134,27,24,1023.485,857.323,40201.296,2,105,48.957,33.061,NA,2.02,0.007,0,0
4135,27,25,1023.485,857.323,40501.306,2,222,48.957,33.061,NA,0,0,0,0
4136,27,26,1023.485,857.323,40801.316,2,172,48.957,33.061,NA,0,0,0,0
4137,27,27,1023.485,857.323,41101.325,2,205,48.957,33.061,NA,0,0,0,0
4138,27,28,1023.485,857.323,41401.335,2,232,48.957,33.061,NA,0,0,0,0
4139,27,29,1021.97,850.758,41701.345,2,147,55.695,30.071,NA,6.738,0.022,-102.995,-102.995
4140,27,30,1021.97,848.737,42001.354,2,148,57.715,29.866,NA,2.02,0.007,-90,12.995
4141,27,31,1024.495,848.737,42301.364,2,156,60.241,32.386,NA,2.525,0.008,0,90
4142,27,32,1024.495,848.737,42601.374,2,135,60.241,32.386,NA,0,0,0,0
4143,27,33,1027.525,848.737,42901.383,2,171,63.271,35.411,NA,3.03,0.01,0,0
4144,27,34,1027.525,843.687,43201.393,2,104,68.321,35.483,NA,5.051,0.017,-90,-90
4145,27,35,1027.525,843.687,43501.403,2,108,68.321,35.483,NA,0,0,0,90
4146,27,36,1027.525,843.687,43801.412,2,130,68.321,35.483,NA,0,0,0,0
4147,27,37,1031.061,834.596,44101.422,2,111,78.076,40.734,NA,9.754,0.033,-68.749,-68.749
4148,27,38,1031.061,836.616,44401.432,2,82,80.096,40.179,NA,2.02,0.007,90,158.749
4149,27,39,1031.566,842.172,44701.441,2,128,85.674,39.655,NA,5.578,0.019,84.806,-5.194
4150,27,40,1031.566,842.172,45001.451,2,113,85.674,39.655,NA,0,0,0,-84.806
4151,27,41,1031.566,842.172,45301.461,2,119,85.674,39.655,NA,0,0,0,0
4152,27,42,1031.566,842.172,45601.47,2,155,85.674,39.655,NA,0,0,0,0
4153,27,43,1032.071,842.172,45901.48,2,213,86.179,40.157,NA,0.505,0.002,0,0
4154,27,44,1038.636,842.172,46201.49,2,177,92.745,46.686,NA,6.566,0.022,0,0
4155,27,45,1038.636,842.172,46501.499,2,141,92.745,46.686,NA,0,0,0,0
4156,27,46,1040.657,842.172,46801.509,2,201,94.765,48.697,NA,2.02,0.007,0,0
4157,27,47,1042.172,845.707,47101.519,2,135,98.612,50.01,NA,3.846,0.013,66.801,66.801
4158,27,48,1046.212,845.707,47401.529,2,158,102.652,54.05,NA,4.04,0.013,0,-66.801
4159,27,49,1046.212,845.707,47701.538,2,150,102.652,54.05,NA,0,0,0,0
4160,27,50,1053.788,845.707,48001.548,2,159,110.228,61.624,NA,7.576,0.025,0,0
4161,27,51,1053.788,845.707,48301.558,2,187,110.228,61.624,NA,0,0,0,0
4162,27,52,1059.343,849.747,48601.567,2,190,117.097,67.24,NA,6.869,0.023,36.027,36.027
4163,27,53,1059.343,849.747,48901.577,2,186,117.097,67.24,NA,0,0,0,-36.027
4164,27,54,1062.879,849.747,49201.587,2,150,120.632,70.772,NA,3.535,0.012,0,0
4165,27,55,1062.879,849.747,49501.596,2,231,120.632,70.772,NA,0,0,0,0
4166,27,56,1072.475,849.747,49801.606,2,191,130.228,80.36,NA,9.596,0.032,0,0
4167,27,57,1071.465,849.747,50101.616,2,214,131.239,79.351,NA,1.01,0.003,180,180
4168,27,58,1071.465,849.747,50401.625,2,255,131.239,79.351,NA,0,0,0,-180
4169,27,59,1071.465,849.747,50701.635,2,196,131.239,79.351,NA,0,0,0,0
4170,27,60,1071.465,849.747,51001.645,2,181,131.239,79.351,NA,0,0,0,0
4171,27,61,1071.465,855.303,51301.654,2,245,136.794,79.756,NA,5.556,0.019,90,90
4172,27,62,1071.465,855.303,51601.664,2,212,136.794,79.756,NA,0,0,0,-90
4173,27,63,1071.465,855.303,51901.674,2,200,136.794,79.756,NA,0,0,0,0
4174,27,64,1071.465,855.303,52201.683,2,186,136.794,79.756,NA,0,0,0,0
4175,27,65,1071.465,855.303,52501.693,2,220,136.794,79.756,NA,0,0,0,0
4176,27,66,1071.465,855.303,52801.703,2,248,136.794,79.756,NA,0,0,0,0
4177,27,67,1071.465,855.303,53101.712,2,255,136.794,79.756,NA,0,0,0,0
4178,27,68,1071.465,855.303,53401.722,2,255,136.794,79.756,NA,0,0,0,0
4179,27,69,1071.465,855.303,53701.732,2,211,136.794,79.756,NA,0,0,0,0
4180,27,70,1071.465,855.303,54001.741,2,184,136.794,79.756,NA,0,0,0,0
4181,27,71,1071.465,861.869,54301.751,2,226,143.36,80.728,NA,6.566,0.022,90,90
4182,27,72,1071.465,861.869,54601.761,2,175,143.36,80.728,NA,0,0,0,-90
4183,27,73,1071.465,861.869,54901.77,2,222,143.36,80.728,NA,0,0,0,0
4184,27,74,1071.465,861.869,55201.78,2,156,143.36,80.728,NA,0,0,0,0
4185,27,75,1074.495,855.303,55501.79,2,255,150.591,82.77,NA,7.231,0.024,-65.225,-65.225
4186,27,76,1077.525,854.798,55801.799,2,164,153.663,85.735,NA,3.072,0.01,-9.462,55.763
4187,27,77,1077.525,851.768,56101.809,2,255,156.693,85.503,NA,3.03,0.01,-90,-80.538
4188,27,78,1079.04,845.707,56401.819,2,236,162.941,86.875,NA,6.247,0.021,-75.964,14.036
4189,27,79,1079.04,845.707,56701.828,2,187,162.941,86.875,NA,0,0,0,75.964
4190,27,80,1079.04,837.121,57001.838,2,143,171.526,87.397,NA,8.586,0.029,-90,-90
4191,27,81,1079.04,837.121,57301.848,2,173,171.526,87.397,NA,0,0,0,90
4192,27,82,1087.626,837.121,57601.857,2,240,180.112,95.936,NA,8.586,0.029,0,0
4193,27,83,1090.657,837.121,57901.867,2,255,183.143,98.951,NA,3.03,0.01,0,0
4194,27,84,1090.657,837.121,58201.877,2,255,183.143,98.951,NA,0,0,0,0
4195,27,85,1091.162,837.121,58501.886,2,237,183.648,99.454,NA,0.505,0.002,0,0
4196,27,86,1094.697,837.121,58801.896,2,255,187.183,102.973,NA,3.535,0.012,0,0
4197,27,87,1094.697,837.121,59101.906,2,189,187.183,102.973,NA,0,0,0,0
4198,27,88,1095.707,837.121,59401.915,2,167,188.193,103.979,NA,1.01,0.003,0,0
4199,27,89,1097.222,837.121,59701.925,2,208,189.708,105.488,NA,1.515,0.005,0,0
4200,27,90,1100.758,835.101,60001.935,2,125,193.78,109.205,NA,4.072,0.014,-29.745,-29.745
4201,27,91,1106.818,827.525,60301.944,2,255,203.482,116.242,NA,9.702,0.032,-51.34,-21.595
4202,27,92,1106.818,827.525,60601.954,2,178,203.482,116.242,NA,0,0,0,51.34
4203,27,93,1109.343,823.485,60901.964,2,255,208.246,119.453,NA,4.765,0.016,-57.995,-57.995
4204,27,94,1109.343,823.485,61201.974,2,239,208.246,119.453,NA,0,0,0,57.995
4205,27,95,1109.343,823.485,61501.983,2,189,208.246,119.453,NA,0,0,0,0
4206,27,96,1109.343,823.485,61801.993,2,255,208.246,119.453,NA,0,0,0,0
4207,27,97,1115.404,823.485,62102.003,2,255,214.307,125.403,NA,6.061,0.02,0,0
4208,27,98,1117.424,823.485,62402.012,2,255,216.327,127.389,NA,2.02,0.007,0,0
4209,27,99,1121.97,823.485,62702.022,2,255,220.873,131.861,NA,4.545,0.015,0,0
4210,27,100,1121.97,823.485,63002.032,2,254,220.873,131.861,NA,0,0,0,0
4211,27,101,1121.97,823.485,63302.041,2,255,220.873,131.861,NA,0,0,0,0
4212,27,102,1121.97,823.485,63602.051,2,210,220.873,131.861,NA,0,0,0,0
4213,27,103,1121.97,827.525,63902.061,2,201,224.913,131.209,NA,4.04,0.013,90,90
4214,27,104,1130.556,827.525,64202.07,2,133,233.499,139.708,NA,8.586,0.029,0,-90
4215,27,105,1130.556,827.525,64502.08,2,177,233.499,139.708,NA,0,0,0,0
4216,27,106,1140.657,827.525,64802.09,2,153,243.6,149.72,NA,10.101,0.034,0,0
4217,27,107,1140.657,827.525,65102.099,2,176,243.6,149.72,NA,0,0,0,0
4218,27,108,1149.242,825,65402.109,2,80,252.549,158.565,NA,8.95,0.03,-16.39,-16.39
4219,27,109,1149.242,825,65702.119,2,144,252.549,158.565,NA,0,0,0,16.39
4220,27,110,1153.788,829.545,66002.128,2,159,258.978,162.526,NA,6.428,0.021,45,45
4221,27,111,1153.283,829.04,66302.138,2,168,259.692,162.078,NA,0.714,0.002,-135,-180
4222,27,112,1153.283,822.98,66602.148,2,187,265.753,162.85,NA,6.061,0.02,-90,45
4223,27,113,1156.313,822.98,66902.157,2,126,268.783,165.849,NA,3.03,0.01,0,90
4224,27,114,1157.828,822.98,67202.167,2,244,270.298,167.349,NA,1.515,0.005,0,0
4225,27,115,1157.828,824.495,67502.177,2,207,271.813,167.14,NA,1.515,0.005,90,90
4226,27,116,1157.828,824.495,67802.186,2,137,271.813,167.14,NA,0,0,0,-90
4227,27,117,1157.828,824.495,68102.196,2,209,271.813,167.14,NA,0,0,0,0
4228,27,118,1153.788,823.485,68402.206,2,203,275.978,163.277,NA,4.165,0.014,-165.964,-165.964
4229,27,119,1153.788,817.424,68702.215,2,181,282.038,164.249,NA,6.061,0.02,-90,75.964
4230,27,120,1160.859,817.424,69002.225,2,196,289.109,171.211,NA,7.071,0.024,0,90
4231,27,121,1160.859,817.424,69302.235,2,216,289.109,171.211,NA,0,0,0,0
4232,27,122,1160.859,817.424,69602.244,2,149,289.109,171.211,NA,0,0,0,0
4233,27,123,1160.859,817.424,69902.254,2,201,289.109,171.211,NA,0,0,0,0
4234,27,124,1160.859,817.424,70202.264,2,181,289.109,171.211,NA,0,0,0,0
4235,27,125,1160.859,817.424,70502.273,2,78,289.109,171.211,NA,0,0,0,0
4236,27,126,1160.859,822.98,70802.283,2,133,294.665,170.349,NA,5.556,0.019,90,90
4237,27,127,1163.384,825.505,71102.293,2,209,298.236,172.521,NA,3.571,0.012,45,-45
4238,27,128,1166.919,825.505,71402.302,2,175,301.771,176.03,NA,3.535,0.012,0,-45
4239,27,129,1166.919,825.505,71702.312,2,191,301.771,176.03,NA,0,0,0,0
4240,27,131,1173.485,829.04,72002.322,2,132,309.228,182.173,NA,7.457,0.025,28.301,28.301
4241,28,1,566.919,693.687,11400.368,2,35,0,0,NA,NA,NA,NA,NA
4242,28,2,559.343,693.687,11700.377,2,20,7.576,7.576,NA,7.576,0.025,180,NA
4243,28,3,559.343,693.687,12000.387,2,43,7.576,7.576,NA,0,0,0,-180
4244,28,4,559.343,693.687,12300.397,2,52,7.576,7.576,NA,0,0,0,0
4245,28,5,552.778,693.687,12600.406,2,38,14.141,14.141,NA,6.566,0.022,180,180
4246,28,6,550.758,693.687,12900.416,2,11,16.162,16.162,NA,2.02,0.007,180,0
4247,28,7,546.212,694.697,13200.426,2,52,20.818,20.732,NA,4.656,0.016,167.471,-12.529
4248,28,8,546.212,694.697,13500.435,2,3,20.818,20.732,NA,0,0,0,-167.471
4249,28,9,534.091,691.162,13800.445,2,40,33.444,32.925,NA,12.626,0.042,-163.74,-163.74
4250,28,10,527.02,686.111,14100.455,2,30,42.133,40.612,NA,8.689,0.029,-144.462,19.277
4251,28,11,527.02,686.111,14400.464,2,23,42.133,40.612,NA,0,0,0,144.462
4252,28,12,525.505,681.566,14700.474,2,30,46.925,43.152,NA,4.791,0.016,-108.435,-108.435
4253,28,13,516.919,679.04,15000.484,2,117,55.874,52.101,NA,8.95,0.03,-163.61,-55.176
4254,28,14,516.919,673.485,15300.493,2,47,61.43,53.927,NA,5.556,0.019,-90,73.61
4255,28,15,516.919,673.485,15600.503,2,4,61.43,53.927,NA,0,0,0,90
4256,28,16,526.515,667.929,15900.513,2,147,72.518,47.916,NA,11.088,0.037,-30.069,-30.069
4257,28,17,526.515,661.364,16200.522,2,140,79.084,51.742,NA,6.566,0.022,-90,-59.931
4258,28,18,526.515,661.364,16500.532,2,165,79.084,51.742,NA,0,0,0,90
4259,28,19,526.515,661.364,16800.542,2,126,79.084,51.742,NA,0,0,0,0
4260,28,20,526.515,661.364,17100.551,2,145,79.084,51.742,NA,0,0,0,0
4261,28,21,515.404,661.364,17400.561,2,234,90.195,60.816,NA,11.111,0.037,180,180
4262,28,22,505.808,663.889,17700.571,2,115,100.117,67.989,NA,9.923,0.033,165.256,-14.744
4263,28,23,500.758,665.404,18000.58,2,112,105.39,71.953,NA,5.273,0.018,163.301,-1.956
4264,28,24,500.758,665.404,18300.59,2,11,105.39,71.953,NA,0,0,0,-163.301
4265,28,25,473.485,664.394,18600.6,2,133,132.682,97.919,NA,27.291,0.091,-177.879,-177.879
4266,28,26,443.182,648.232,18900.609,2,42,167.025,131.822,NA,34.343,0.114,-151.928,25.951
4267,28,27,443.182,646.717,19200.619,2,209,168.54,132.352,NA,1.515,0.005,-90,61.928
4268,28,28,448.232,646.717,19500.629,2,255,173.591,127.643,NA,5.051,0.017,0,90
4269,28,29,448.232,646.717,19800.638,2,236,173.591,127.643,NA,0,0,0,0
4270,28,30,444.192,645.707,20100.648,2,254,177.756,131.773,NA,4.165,0.014,-165.964,-165.964
4271,28,31,438.636,643.687,20400.658,2,155,183.667,137.683,NA,5.911,0.02,-160.017,5.947
4272,28,32,428.03,643.687,20700.668,2,221,194.273,147.615,NA,10.606,0.035,180,-19.983
4273,28,33,427.525,640.657,21000.677,2,250,197.345,149.14,NA,3.072,0.01,-99.462,80.538
4274,28,34,427.525,640.657,21300.687,2,240,197.345,149.14,NA,0,0,0,99.462
4275,28,35,427.525,640.657,21600.697,2,227,197.345,149.14,NA,0,0,0,0
4276,28,36,420.455,640.657,21900.706,2,206,204.416,155.769,NA,7.071,0.024,180,180
4277,28,37,420.455,640.657,22200.716,2,255,204.416,155.769,NA,0,0,0,-180
4278,28,38,417.929,641.162,22500.726,2,255,206.991,157.978,NA,2.575,0.009,168.69,168.69
4279,28,39,415.909,642.677,22800.735,2,247,209.516,159.393,NA,2.525,0.008,143.13,-25.56
4280,28,40,408.333,642.677,23100.745,2,104,217.092,166.588,NA,7.576,0.025,180,36.87
4281,28,41,408.333,642.677,23400.755,2,221,217.092,166.588,NA,0,0,0,-180
4282,28,42,408.333,642.677,23700.764,2,201,217.092,166.588,NA,0,0,0,0
4283,28,43,421.97,645.202,24000.774,2,230,230.96,152.844,NA,13.868,0.046,10.491,10.491
4284,28,44,426.515,645.202,24300.784,2,255,235.506,148.54,NA,4.545,0.015,0,-10.491
4285,28,45,420.455,646.717,24600.793,2,255,241.753,153.812,NA,6.247,0.021,165.964,165.964
4286,28,46,409.848,647.222,24900.803,2,168,252.371,163.799,NA,10.618,0.035,177.274,11.31
4287,28,47,409.848,647.222,25200.813,2,212,252.371,163.799,NA,0,0,0,-177.274
4288,28,48,409.848,643.182,25500.822,2,183,256.411,164.991,NA,4.04,0.013,-90,-90
4289,28,49,416.414,641.162,25800.832,2,234,263.281,159.407,NA,6.869,0.023,-17.103,72.897
4290,28,50,416.414,645.202,26100.842,2,255,267.321,158.122,NA,4.04,0.013,90,107.103
4291,28,51,410.859,639.646,26400.851,2,255,275.178,165.152,NA,7.857,0.026,-135,135
4292,28,52,404.798,639.646,26700.861,2,223,281.239,170.891,NA,6.061,0.02,180,-45
4293,28,53,404.798,643.687,27000.871,2,154,285.279,169.656,NA,4.04,0.013,90,-90
4294,28,54,399.242,642.172,27300.88,2,50,291.037,175.412,NA,5.758,0.019,-164.745,105.255
4295,28,55,399.242,642.172,27600.89,2,190,291.037,175.412,NA,0,0,0,164.745
4296,28,56,405.303,634.596,27900.9,2,136,300.739,172.08,NA,9.702,0.032,-51.34,-51.34
4297,28,57,416.414,633.586,28200.909,2,87,311.896,162.061,NA,11.157,0.037,-5.194,46.146
4298,28,58,420.96,632.071,28500.919,2,222,316.687,158.432,NA,4.791,0.016,-18.435,-13.241
4299,28,59,420.96,622.475,28800.929,2,255,326.283,162.405,NA,9.596,0.032,-90,-71.565
4300,28,60,420.96,622.475,29100.938,2,255,326.283,162.405,NA,0,0,0,90
4301,28,61,420.96,611.869,29400.948,2,201,336.889,167.327,NA,10.606,0.035,-90,-90
4302,28,62,419.949,580.556,29700.958,2,183,368.219,185.469,NA,31.329,0.104,-91.848,-1.848
4303,28,63,412.879,580.556,30000.967,2,216,375.29,191.121,NA,7.071,0.024,180,-88.152
4304,28,64,412.879,584.596,30300.977,2,209,379.33,188.757,NA,4.04,0.013,90,-90
4305,28,65,407.323,586.616,30600.987,2,235,385.241,192.185,NA,5.911,0.02,160.017,70.017
4306,28,66,392.677,569.444,30900.996,2,241,407.811,214.001,NA,22.57,0.075,-130.462,69.521
4307,28,67,391.667,564.899,31201.006,2,218,412.467,217.485,NA,4.656,0.016,-102.529,27.933
4308,28,68,377.525,574.495,31501.016,2,221,429.557,223.778,NA,17.09,0.057,145.84,-111.631
4309,28,69,377.525,572.475,31801.025,2,124,431.577,224.861,NA,2.02,0.007,-90,124.16
4310,28,70,381.566,575.505,32101.035,2,245,436.628,219.825,NA,5.051,0.017,36.87,126.87
4311,28,71,376.01,578.03,32401.045,2,185,442.73,223.21,NA,6.103,0.02,155.556,118.686
4312,28,72,376.01,592.172,32701.054,2,77,456.872,216.221,NA,14.141,0.047,90,-65.556
4313,28,73,369.444,588.131,33001.064,2,185,464.581,223.916,NA,7.709,0.026,-148.392,121.608
4314,28,74,363.384,582.576,33301.074,2,128,472.803,231.889,NA,8.222,0.027,-137.49,10.903
4315,28,75,363.384,582.071,33601.083,2,212,473.308,232.131,NA,0.505,0.002,-90,47.49
4316,28,76,364.899,578.03,33901.093,2,172,477.623,232.784,NA,4.315,0.014,-69.444,20.556
4317,28,77,357.323,585.606,34201.103,2,106,488.337,235.822,NA,10.714,0.036,135,-155.556
4318,28,78,360.354,596.717,34501.113,2,184,499.854,228.194,NA,11.517,0.038,74.745,-60.255
4319,28,79,369.949,626.01,34801.122,2,195,530.678,208.272,NA,30.825,0.103,71.862,-2.883
4320,28,80,344.697,654.293,35101.132,2,56,568.594,225.687,NA,37.916,0.126,131.76,59.898
4321,28,81,333.081,659.343,35401.142,2,197,581.261,236.347,NA,12.667,0.042,156.501,24.741
4322,28,82,322.475,651.263,35701.151,2,226,594.594,248.099,NA,13.334,0.044,-142.696,60.803
4323,28,83,319.444,642.172,36001.161,2,255,604.177,252.78,NA,9.583,0.032,-108.435,34.261
4324,28,84,319.444,642.172,36301.171,2,144,604.177,252.78,NA,0,0,0,108.435
4325,28,85,306.818,642.172,36601.18,2,226,616.803,265.153,NA,12.626,0.042,180,180
4326,28,86,308.333,644.697,36901.19,2,255,619.748,263.186,NA,2.945,0.01,59.036,-120.964
4327,28,87,302.778,644.697,37201.2,2,246,625.304,268.646,NA,5.556,0.019,180,120.964
4328,28,88,302.778,644.697,37501.209,2,255,625.304,268.646,NA,0,0,0,-180
4329,28,89,297.222,644.697,37801.219,2,207,630.859,274.11,NA,5.556,0.019,180,180
4330,28,90,303.788,644.697,38101.229,2,255,637.425,267.653,NA,6.566,0.022,0,-180
4331,28,91,296.717,643.182,38401.238,2,185,644.656,274.882,NA,7.231,0.024,-167.905,-167.905
4332,28,92,302.778,638.131,38701.248,2,218,652.545,269.921,NA,7.889,0.026,-39.806,128.1
4333,28,93,303.788,638.131,39001.258,2,250,653.555,268.932,NA,1.01,0.003,0,39.806
4334,28,94,301.768,638.131,39301.267,2,255,655.576,270.909,NA,2.02,0.007,180,180
4335,28,95,299.747,634.091,39601.277,2,250,660.093,273.738,NA,4.517,0.015,-116.565,63.435
4336,28,96,299.747,634.091,39901.287,2,206,660.093,273.738,NA,0,0,0,116.565
4337,28,97,299.747,634.091,40201.296,2,255,660.093,273.738,NA,0,0,0,0
4338,28,98,299.747,639.141,40501.306,2,197,665.144,272.683,NA,5.051,0.017,90,90
4339,28,99,299.747,639.141,40801.316,2,126,665.144,272.683,NA,0,0,0,-90
4340,28,100,293.687,646.717,41101.325,2,239,674.845,277.24,NA,9.702,0.032,128.66,128.66
4341,28,101,293.687,646.717,41401.335,2,235,674.845,277.24,NA,0,0,0,-128.66
4342,28,102,293.687,646.717,41701.345,2,255,674.845,277.24,NA,0,0,0,0
4343,28,103,293.687,646.717,42001.354,2,255,674.845,277.24,NA,0,0,0,0
4344,28,104,293.687,646.717,42301.364,2,255,674.845,277.24,NA,0,0,0,0
4345,28,105,293.687,646.717,42601.374,2,251,674.845,277.24,NA,0,0,0,0
4346,28,106,293.687,646.717,42901.383,2,255,674.845,277.24,NA,0,0,0,0
4347,28,107,293.687,646.717,43201.393,2,255,674.845,277.24,NA,0,0,0,0
4348,28,108,293.687,646.717,43501.403,2,255,674.845,277.24,NA,0,0,0,0
4349,28,109,297.727,643.182,43801.412,2,224,680.214,273.889,NA,5.369,0.018,-41.186,-41.186
4350,28,110,299.242,643.182,44101.422,2,219,681.729,272.4,NA,1.515,0.005,0,41.186
4351,28,111,296.717,643.182,44401.432,2,129,684.254,274.882,NA,2.525,0.008,180,180
4352,28,112,292.677,643.182,44701.441,2,240,688.295,278.854,NA,4.04,0.013,180,0
4353,28,113,289.646,643.182,45001.451,2,191,691.325,281.835,NA,3.03,0.01,180,0
4354,28,114,287.121,644.192,45301.461,2,255,694.045,284.142,NA,2.72,0.009,158.199,-21.801
4355,28,115,287.121,644.192,45601.47,2,253,694.045,284.142,NA,0,0,0,-158.199
4356,28,116,287.121,644.192,45901.48,2,255,694.045,284.142,NA,0,0,0,0
4357,28,117,287.121,644.192,46201.49,2,215,694.045,284.142,NA,0,0,0,0
4358,28,118,276.515,644.192,46501.499,2,240,704.651,294.592,NA,10.606,0.035,180,180
4359,28,119,276.515,644.192,46801.509,2,255,704.651,294.592,NA,0,0,0,-180
4360,28,120,276.515,644.192,47101.519,2,237,704.651,294.592,NA,0,0,0,0
4361,28,121,276.515,644.192,47401.529,2,229,704.651,294.592,NA,0,0,0,0
4362,28,122,276.515,644.192,47701.538,2,200,704.651,294.592,NA,0,0,0,0
4363,28,123,280.051,643.182,48001.548,2,200,708.328,291.281,NA,3.677,0.012,-15.945,-15.945
4364,28,124,282.071,642.172,48301.558,2,201,710.586,289.469,NA,2.259,0.008,-26.565,-10.62
4365,28,125,286.616,642.172,48601.567,2,255,715.132,284.998,NA,4.545,0.015,0,26.565
4366,28,126,286.616,642.172,48901.577,2,217,715.132,284.998,NA,0,0,0,0
4367,28,127,286.616,642.172,49201.587,2,115,715.132,284.998,NA,0,0,0,0
4368,28,128,282.071,646.717,49501.596,2,211,721.56,288.695,NA,6.428,0.021,135,135
4369,28,129,282.071,646.717,49801.606,2,164,721.56,288.695,NA,0,0,0,-135
4370,28,130,278.03,652.273,50101.616,2,212,728.43,291.842,NA,6.869,0.023,126.027,126.027
4371,28,131,278.03,652.273,50401.625,2,165,728.43,291.842,NA,0,0,0,-126.027
4372,28,132,278.03,652.273,50701.635,2,194,728.43,291.842,NA,0,0,0,0
4373,28,133,278.03,654.293,51001.645,2,221,730.45,291.562,NA,2.02,0.007,90,90
4374,28,134,274.495,649.242,51301.654,2,239,736.615,295.782,NA,6.165,0.021,-124.992,145.008
4375,28,135,268.939,643.687,51601.664,2,239,744.471,302.146,NA,7.857,0.026,-135,-10.008
4376,28,136,268.939,643.687,51901.674,2,242,744.471,302.146,NA,0,0,0,135
4377,28,137,267.929,650.253,52201.683,2,137,751.114,302.128,NA,6.643,0.022,98.746,98.746
4378,28,138,259.343,650.253,52501.693,2,155,759.7,310.627,NA,8.586,0.029,180,81.254
4379,28,139,256.818,653.283,52801.703,2,251,763.645,312.722,NA,3.945,0.013,129.806,-50.194
4380,28,140,256.818,653.283,53101.712,2,200,763.645,312.722,NA,0,0,0,-129.806
4381,28,141,243.182,676.515,53401.722,2,200,790.583,324.192,NA,26.939,0.09,120.411,120.411
4382,28,142,235.606,677.02,53701.732,2,201,798.176,331.732,NA,7.593,0.025,176.186,55.775
4383,28,143,220.455,695.202,54001.741,2,221,821.843,346.468,NA,23.667,0.079,129.806,-46.38
4384,28,144,210.859,695.202,54301.751,2,148,831.439,356.064,NA,9.596,0.032,180,50.194
4385,28,145,205.808,700.758,54601.761,2,232,838.947,361.18,NA,7.508,0.025,132.274,-47.726
4386,28,146,191.162,701.263,54901.77,2,193,853.603,375.834,NA,14.655,0.049,178.025,45.751
4387,28,147,167.424,696.717,55201.78,2,19,877.771,399.506,NA,24.169,0.081,-169.16,12.815
4388,29,1,780.682,551.894,26400.851,2,88,0,0,NA,NA,NA,NA,NA
4389,29,2,775,551.894,26700.861,2,224,5.682,5.682,NA,5.682,0.019,180,NA
4390,29,3,775,551.894,27000.871,2,129,5.682,5.682,NA,0,0,0,-180
4391,29,4,762.121,551.515,27300.88,2,183,18.566,18.564,NA,12.884,0.043,-178.315,-178.315
4392,29,5,744.318,551.136,27600.89,2,168,36.373,36.372,NA,17.807,0.059,-178.781,-0.466
4393,29,6,743.561,551.136,27900.9,2,153,37.131,37.129,NA,0.758,0.003,180,-1.219
4394,29,7,741.288,546.591,28200.909,2,169,42.213,39.749,NA,5.082,0.017,-116.565,63.435
4395,29,8,726.515,546.591,28500.919,2,191,56.986,54.426,NA,14.773,0.049,180,-63.435
4396,29,9,742.045,544.318,28800.929,2,121,72.681,39.372,NA,15.696,0.052,-8.326,171.674
4397,29,10,745.455,544.318,29100.938,2,53,76.09,36.033,NA,3.409,0.011,0,8.326
4398,29,11,756.818,543.561,29400.948,2,110,87.479,25.277,NA,11.389,0.038,-3.814,-3.814
4399,29,12,768.182,543.561,29700.958,2,120,98.843,15.023,NA,11.364,0.038,0,3.814
4400,29,13,768.182,543.561,30000.967,2,106,98.843,15.023,NA,0,0,0,0
4401,29,14,762.879,542.803,30300.977,2,76,104.2,19.99,NA,5.357,0.018,-171.87,-171.87
4402,29,15,773.864,540.909,30600.987,2,42,115.347,12.929,NA,11.147,0.037,-9.782,162.087
4403,29,16,783.712,545.455,30900.996,2,89,126.193,7.117,NA,10.847,0.036,24.775,34.558
4404,29,17,776.515,545.455,31201.006,2,104,133.39,7.67,NA,7.197,0.024,180,155.225
4405,29,18,770.455,547.348,31501.016,2,111,139.74,11.192,NA,6.35,0.021,162.646,-17.354
4406,29,19,769.697,545.455,31801.025,2,71,141.78,12.733,NA,2.04,0.007,-111.801,85.553
4407,29,20,769.318,539.015,32101.035,2,132,148.23,17.175,NA,6.451,0.022,-93.366,18.435
4408,29,21,764.394,535.227,32401.045,2,104,154.443,23.304,NA,6.213,0.021,-142.431,-49.065
4409,29,22,764.394,535.227,32701.054,2,109,154.443,23.304,NA,0,0,0,142.431
4410,29,23,773.106,520.833,33001.064,2,92,171.268,31.971,NA,16.825,0.056,-58.815,-58.815
4411,29,24,781.818,516.288,33301.074,2,95,181.095,35.624,NA,9.827,0.033,-27.553,31.262
4412,29,25,787.879,511.364,33601.083,2,81,188.904,41.164,NA,7.809,0.026,-39.094,-11.541
4413,29,26,809.47,495.076,33901.093,2,76,215.949,63.695,NA,27.046,0.09,-37.03,2.063
4414,29,27,817.803,495.076,34201.103,2,162,224.283,67.87,NA,8.333,0.028,0,37.03
4415,29,28,807.955,493.182,34501.113,2,254,234.312,64.737,NA,10.029,0.033,-169.114,-169.114
4416,29,29,802.652,490.152,34801.122,2,253,240.419,65.535,NA,6.108,0.02,-150.255,18.859
4417,29,30,802.652,490.152,35101.132,2,255,240.419,65.535,NA,0,0,0,150.255
4418,29,31,802.652,489.394,35401.142,2,104,241.177,66.249,NA,0.758,0.003,-90,-90
4419,29,32,802.652,481.818,35701.151,2,148,248.753,73.439,NA,7.576,0.025,-90,0
4420,29,33,816.667,465.909,36001.161,2,171,269.955,93.211,NA,21.202,0.071,-48.621,41.379
4421,29,34,816.667,466.288,36301.171,2,235,270.333,92.862,NA,0.379,0.001,90,138.621
4422,29,35,826.136,466.288,36601.18,2,216,279.803,96.925,NA,9.47,0.032,0,-90
4423,29,36,848.485,457.197,36901.19,2,223,303.93,116.468,NA,24.127,0.08,-22.135,-22.135
4424,29,37,862.121,457.197,37201.2,2,131,317.566,124.9,NA,13.636,0.045,0,22.135
4425,29,38,864.015,452.273,37501.209,2,229,322.842,129.88,NA,5.276,0.018,-68.962,-68.962
4426,29,39,867.045,451.515,37801.219,2,152,325.966,132.418,NA,3.124,0.01,-14.036,54.926
4427,29,40,860.985,444.318,38101.229,2,107,335.375,134.243,NA,9.409,0.031,-130.101,-116.065
4428,29,41,858.712,436.742,38401.238,2,187,343.284,139.099,NA,7.909,0.026,-106.699,23.402
4429,29,42,868.939,420.455,38701.248,2,153,362.516,158.322,NA,19.233,0.064,-57.875,48.824
4430,29,43,876.136,416.667,39001.258,2,161,370.649,165.523,NA,8.133,0.027,-27.759,30.116
4431,29,44,874.242,414.015,39301.267,2,190,373.908,166.626,NA,3.258,0.011,-125.538,-97.779
4432,29,45,874.242,414.015,39601.277,2,186,373.908,166.626,NA,0,0,0,125.538
4433,29,46,868.561,414.015,39901.287,2,249,379.59,163.503,NA,5.682,0.019,180,180
4434,29,47,868.561,421.97,40201.296,2,179,387.544,156.853,NA,7.955,0.027,90,-90
4435,29,48,868.561,425.379,40501.306,2,187,390.953,154.041,NA,3.409,0.011,90,0
4436,29,49,865.909,426.136,40801.316,2,175,393.711,151.917,NA,2.758,0.009,164.055,74.055
4437,29,50,857.197,420.076,41101.325,2,125,404.324,152.416,NA,10.613,0.035,-145.176,50.77
4438,29,51,852.273,416.667,41401.335,2,156,410.313,153.009,NA,5.989,0.02,-145.305,-0.129
4439,29,52,852.273,416.667,41701.345,2,211,410.313,153.009,NA,0,0,0,145.305
4440,29,53,852.652,411.364,42001.354,2,39,415.629,157.887,NA,5.317,0.018,-85.914,-85.914
4441,29,54,868.939,411.364,42301.364,2,255,431.917,165.946,NA,16.288,0.054,0,85.914
4442,29,55,868.939,403.788,42601.374,2,253,439.493,172.409,NA,7.576,0.025,-90,-90
4443,29,56,868.939,403.788,42901.383,2,208,439.493,172.409,NA,0,0,0,90
4444,29,57,880.303,411.742,43201.393,2,253,453.364,171.95,NA,13.871,0.046,34.992,34.992
4445,29,58,885.227,419.318,43501.403,2,221,462.4,168.837,NA,9.036,0.03,56.976,21.984
4446,29,59,888.258,419.697,43801.412,2,236,465.454,170.436,NA,3.054,0.01,7.125,-49.851
4447,29,60,888.258,424.621,44101.422,2,232,470.378,166.646,NA,4.924,0.016,90,82.875
4448,29,61,888.258,424.621,44401.432,2,226,470.378,166.646,NA,0,0,0,-90
4449,29,62,895.455,424.621,44701.441,2,225,477.575,171.38,NA,7.197,0.024,0,0
4450,29,63,895.455,429.924,45001.451,2,255,482.878,167.48,NA,5.303,0.018,90,90
4451,29,64,902.652,433.333,45301.461,2,205,490.841,170.098,NA,7.964,0.027,25.346,-64.654
4452,29,65,902.652,433.333,45601.47,2,255,490.841,170.098,NA,0,0,0,-25.346
4453,29,66,902.652,428.409,45901.48,2,241,495.766,173.566,NA,4.924,0.016,-90,-90
4454,29,67,895.455,427.273,46201.49,2,211,503.052,169.42,NA,7.286,0.024,-171.027,-81.027
4455,29,68,895.455,427.273,46501.499,2,255,503.052,169.42,NA,0,0,0,171.027
4456,29,69,896.212,418.182,46801.509,2,255,512.174,176.709,NA,9.122,0.03,-85.236,-85.236
4457,29,70,894.697,403.409,47101.519,2,243,527.024,187.209,NA,14.85,0.049,-95.856,-10.62
4458,29,71,894.697,403.409,47401.529,2,53,527.024,187.209,NA,0,0,0,95.856
4459,29,72,930.682,366.667,47701.538,2,220,578.453,238.347,NA,51.429,0.171,-45.597,-45.597
4460,29,73,935.227,355.682,48001.548,2,220,590.341,249.767,NA,11.888,0.04,-67.521,-21.924
4461,29,74,945.455,349.242,48301.558,2,255,602.427,261.185,NA,12.086,0.04,-32.196,35.325
4462,29,75,953.409,335.606,48601.567,2,255,618.214,276.794,NA,15.787,0.053,-59.744,-27.548
4463,29,76,968.939,308.333,48901.577,2,207,649.598,307.835,NA,31.385,0.105,-60.341,-0.597
4464,29,77,968.939,308.333,49201.587,2,156,649.598,307.835,NA,0,0,0,60.341
4465,29,78,972.348,289.394,49501.596,2,255,668.842,325.027,NA,19.244,0.064,-79.796,-79.796
4466,29,79,987.879,262.5,49801.606,2,232,699.898,355.921,NA,31.056,0.104,-59.995,19.801
4467,29,80,1042.172,240.657,50101.616,2,141,758.42,406.504,NA,58.522,0.195,-21.916,38.079
4468,29,81,1061.869,237.121,50401.625,2,217,778.432,422.076,NA,20.012,0.067,-10.176,11.741
4469,29,82,1065.909,237.121,50701.635,2,112,782.473,424.778,NA,4.04,0.013,0,10.176
4470,29,83,1063.384,241.162,51001.645,2,246,787.237,420.089,NA,4.765,0.016,122.005,122.005
4471,29,84,1075,245.707,51301.654,2,145,799.711,424.704,NA,12.474,0.042,21.371,-100.635
4472,29,85,1115.909,261.869,51601.664,2,255,843.697,443.274,NA,43.986,0.147,21.557,0.186
4473,29,86,1129.04,248.232,51901.674,2,255,862.628,462.13,NA,18.931,0.063,-46.081,-67.638
4474,29,87,1127.525,237.626,52201.683,2,184,873.342,468.043,NA,10.714,0.036,-98.13,-52.049
4475,29,88,1127.525,237.626,52501.693,2,255,873.342,468.043,NA,0,0,0,98.13
4476,29,89,1126.01,237.626,52801.703,2,255,874.857,466.922,NA,1.515,0.005,180,180
4477,29,90,1120.455,237.626,53101.712,2,180,880.412,462.828,NA,5.556,0.019,180,0
4478,29,91,1120.455,237.626,53401.722,2,252,880.412,462.828,NA,0,0,0,-180
4479,29,92,1120.455,237.626,53701.732,2,177,880.412,462.828,NA,0,0,0,0
4480,29,93,1125,234.596,54001.741,2,170,885.875,468.223,NA,5.463,0.018,-33.69,-33.69
4481,29,94,1125,228.535,54301.751,2,255,891.936,472.351,NA,6.061,0.02,-90,-56.31
4482,29,95,1125,228.535,54601.761,2,186,891.936,472.351,NA,0,0,0,90
4483,29,96,1122.475,223.485,54901.77,2,230,897.582,473.999,NA,5.647,0.019,-116.565,-116.565
4484,29,97,1122.475,223.485,55201.78,2,255,897.582,473.999,NA,0,0,0,116.565
4485,29,98,1122.475,223.485,55501.79,2,255,897.582,473.999,NA,0,0,0,0
4486,29,99,1115.909,223.485,55801.799,2,187,904.148,469.287,NA,6.566,0.022,180,180
4487,29,100,1120.455,221.465,56101.809,2,240,909.122,473.95,NA,4.974,0.017,-23.962,156.038
4488,29,101,1121.465,221.465,56401.819,2,233,910.132,474.675,NA,1.01,0.003,0,23.962
4489,29,102,1121.465,224.495,56701.828,2,153,913.163,472.571,NA,3.03,0.01,90,90
4490,29,103,1126.01,224.495,57001.838,2,140,917.708,475.859,NA,4.545,0.015,0,-90
4491,29,104,1126.01,224.495,57301.848,2,255,917.708,475.859,NA,0,0,0,0
4492,29,105,1126.01,224.495,57601.857,2,238,917.708,475.859,NA,0,0,0,0
4493,29,106,1126.01,224.495,57901.867,2,222,917.708,475.859,NA,0,0,0,0
4494,29,107,1126.01,224.495,58201.877,2,237,917.708,475.859,NA,0,0,0,0
4495,29,108,1126.01,224.495,58501.886,2,244,917.708,475.859,NA,0,0,0,0
4496,29,109,1126.01,224.495,58801.896,2,235,917.708,475.859,NA,0,0,0,0
4497,29,110,1126.01,224.495,59101.906,2,255,917.708,475.859,NA,0,0,0,0
4498,29,111,1132.071,224.495,59401.915,2,207,923.769,480.275,NA,6.061,0.02,0,0
4499,29,112,1122.475,227.02,59701.925,2,244,933.691,471.556,NA,9.923,0.033,165.256,165.256
4500,29,113,1122.475,227.02,60001.935,2,105,933.691,471.556,NA,0,0,0,-165.256
4501,29,114,1125.505,223.485,60301.944,2,253,938.348,476.189,NA,4.656,0.016,-49.399,-49.399
4502,29,115,1129.545,219.444,60601.954,2,156,944.062,481.901,NA,5.714,0.019,-45,4.399
4503,29,116,1122.98,213.384,60901.964,2,137,952.997,481.411,NA,8.935,0.03,-137.291,-92.291
4504,29,117,1126.01,196.717,61201.974,2,154,969.937,495.381,NA,16.94,0.056,-79.695,57.595
4505,30,1,603.03,842.045,18000.58,2,26,0,0,NA,NA,NA,NA,NA
4506,30,2,592.424,843.939,18300.59,2,56,10.774,10.774,NA,10.774,0.036,169.875,NA
4507,30,3,592.424,843.939,18600.6,2,46,10.774,10.774,NA,0,0,0,-169.875
4508,30,4,584.848,850.379,18900.609,2,76,20.717,20.001,NA,9.943,0.033,139.635,139.635
4509,30,5,581.818,853.03,19200.619,2,151,24.743,23.888,NA,4.027,0.013,138.814,-0.821
4510,30,6,578.409,853.03,19500.629,2,141,28.152,26.961,NA,3.409,0.011,180,41.186
4511,30,7,575.379,853.03,19800.638,2,155,31.183,29.754,NA,3.03,0.01,180,0
4512,30,8,575.379,853.03,20100.648,2,128,31.183,29.754,NA,0,0,0,-180
4513,30,9,570.833,853.03,20400.658,2,191,35.728,34.019,NA,4.545,0.015,180,180
4514,30,10,570.455,853.03,20700.668,2,149,36.107,34.378,NA,0.379,0.001,180,0
4515,30,11,564.394,864.773,21000.677,2,127,49.321,44.825,NA,13.214,0.044,117.3,-62.7
4516,30,12,564.015,864.773,21300.687,2,183,49.7,45.152,NA,0.379,0.001,180,62.7
4517,30,13,557.955,863.636,21600.697,2,249,55.866,49.98,NA,6.166,0.021,-169.38,10.62
4518,30,14,557.197,863.636,21900.706,2,183,56.624,50.664,NA,0.758,0.003,180,-10.62
4519,30,15,556.818,863.636,22200.716,2,221,57.002,51.007,NA,0.379,0.001,180,0
4520,30,16,550,863.636,22500.726,2,255,63.821,57.257,NA,6.818,0.023,180,0
4521,30,17,546.212,864.773,22800.735,2,188,67.775,61.195,NA,3.955,0.013,163.301,-16.699
4522,30,18,542.803,869.318,23100.745,2,255,73.457,66.114,NA,5.682,0.019,126.87,-36.431
4523,30,19,536.742,876.894,23400.755,2,249,83.159,74.89,NA,9.702,0.032,128.66,1.79
4524,30,20,535.985,876.894,23700.764,2,224,83.916,75.561,NA,0.758,0.003,180,51.34
4525,30,21,528.409,881.439,24000.774,2,152,92.751,84.381,NA,8.835,0.029,149.036,-30.964
4526,30,22,528.409,881.439,24300.784,2,248,92.751,84.381,NA,0,0,0,-149.036
4527,30,23,523.864,889.015,24600.793,2,157,101.586,92.052,NA,8.835,0.029,120.964,120.964
4528,30,24,521.212,895.076,24900.803,2,111,108.201,97.501,NA,6.615,0.022,113.629,-7.334
4529,30,25,508.333,904.545,25200.813,2,173,124.187,113.463,NA,15.986,0.053,143.673,30.044
4530,30,26,498.485,905.303,25500.822,2,234,134.064,122.194,NA,9.878,0.033,175.601,31.928
4531,30,27,492.045,910.985,25800.832,2,175,142.652,130.653,NA,8.588,0.029,138.576,-37.025
4532,30,28,484.47,912.879,26100.842,2,231,150.461,138.109,NA,7.809,0.026,165.964,27.387
4533,30,29,478.409,924.621,26400.851,2,213,163.675,149.496,NA,13.214,0.044,117.3,-48.664
4534,30,30,478.409,924.621,26700.861,2,150,163.675,149.496,NA,0,0,0,-117.3
4535,30,31,469.697,928.409,27000.871,2,255,173.175,158.86,NA,9.5,0.032,156.501,156.501
4536,30,32,469.697,928.409,27300.88,2,255,173.175,158.86,NA,0,0,0,-156.501
4537,30,33,473.485,936.742,27600.89,2,233,182.329,160.467,NA,9.154,0.031,65.556,65.556
4538,30,34,473.485,948.485,27900.9,2,238,194.071,167.664,NA,11.742,0.039,90,24.444
4539,30,35,473.485,948.485,28200.909,2,134,194.071,167.664,NA,0,0,0,-90
4540,30,36,473.485,948.485,28500.919,2,250,194.071,167.664,NA,0,0,0,0
4541,30,37,473.485,948.485,28800.929,2,192,194.071,167.664,NA,0,0,0,0
4542,30,38,469.697,948.485,29100.938,2,208,197.859,170.608,NA,3.788,0.013,180,180
4543,30,39,468.561,946.97,29400.948,2,207,199.753,170.561,NA,1.894,0.006,-126.87,53.13
4544,30,40,461.742,945.833,29700.958,2,234,206.665,175.312,NA,6.912,0.023,-170.538,-43.668
4545,30,41,450.758,959.091,30000.967,2,255,223.882,192.059,NA,17.217,0.057,129.644,-59.818
4546,30,42,446.97,969.697,30300.977,2,255,235.145,201.618,NA,11.262,0.038,109.654,-19.99
4547,30,43,446.97,969.697,30600.987,2,193,235.145,201.618,NA,0,0,0,-109.654
4548,30,44,443.939,972.348,30900.996,2,160,239.171,205.642,NA,4.027,0.013,138.814,138.814
4549,30,45,440.152,995.076,31201.006,2,244,262.212,223.49,NA,23.041,0.077,99.462,-39.352
4550,30,46,433.712,1008.712,31501.016,2,250,277.292,237.585,NA,15.08,0.05,115.278,15.815
4551,30,47,424.242,1006.061,31801.025,2,255,287.126,242.623,NA,9.834,0.033,-164.358,80.365
4552,30,48,423.864,1006.061,32101.035,2,255,287.505,242.903,NA,0.379,0.001,180,-15.642
4553,30,49,419.697,1012.879,32401.045,2,255,295.496,250.59,NA,7.991,0.027,121.43,-58.57
4554,30,50,419.697,1021.97,32701.054,2,255,304.586,256.873,NA,9.091,0.03,90,-31.43
4555,30,51,421.212,1027.652,33001.064,2,255,310.467,259.822,NA,5.88,0.02,75.069,-14.931
4556,30,52,420.076,1035.227,33301.074,2,255,318.127,266.067,NA,7.661,0.026,98.531,23.462
4557,30,53,420.076,1035.227,33601.083,2,255,318.127,266.067,NA,0,0,0,-98.531
4558,30,54,417.803,1037.121,33901.093,2,255,321.086,269.005,NA,2.958,0.01,140.194,140.194
4559,30,55,417.803,1042.045,34201.103,2,255,326.01,272.597,NA,4.924,0.016,90,-50.194
4560,30,56,417.803,1054.924,34501.113,2,252,338.889,282.182,NA,12.879,0.043,90,0
4561,30,57,417.803,1054.924,34801.122,2,241,338.889,282.182,NA,0,0,0,-90
4562,30,58,417.424,1065.53,35101.132,2,255,349.502,290.508,NA,10.613,0.035,92.045,92.045
4563,30,59,416.288,1076.894,35401.142,2,255,360.922,300.044,NA,11.42,0.038,95.711,3.665
4564,30,60,412.5,1076.894,35701.151,2,206,364.71,302.416,NA,3.788,0.013,180,84.289
4565,30,61,409.848,1075.758,36001.161,2,255,367.595,303.217,NA,2.885,0.01,-156.801,23.199
4566,30,62,414.015,1074.242,36301.171,2,238,372.028,299.403,NA,4.434,0.015,-19.983,136.818
4567,30,63,417.424,1078.03,36601.18,2,255,377.124,300.231,NA,5.096,0.017,48.013,67.996
4568,30,64,418.182,1083.333,36901.19,2,255,382.481,303.955,NA,5.357,0.018,81.87,33.857
4569,30,65,418.182,1083.333,37201.2,2,255,382.481,303.955,NA,0,0,0,-81.87
4570,30,66,418.182,1083.333,37501.209,2,255,382.481,303.955,NA,0,0,0,0
4571,30,67,411.742,1087.121,37801.219,2,255,389.952,310.891,NA,7.471,0.025,149.534,149.534
4572,30,68,411.364,1090.53,38101.229,2,255,393.382,313.817,NA,3.43,0.011,96.34,-53.194
4573,30,69,411.364,1098.864,38401.238,2,255,401.715,320.455,NA,8.333,0.028,90,-6.34
4574,30,70,403.409,1087.5,38701.248,2,255,415.586,316.38,NA,13.871,0.046,-124.992,145.008
4575,30,71,398.485,1087.121,39001.258,2,233,420.525,319.219,NA,4.939,0.016,-175.601,-50.609
4576,30,72,381.818,1090.909,39301.267,2,255,437.617,332.968,NA,17.092,0.057,167.196,-17.203
4577,30,73,368.182,1103.409,39601.277,2,255,456.116,351.376,NA,18.499,0.062,137.49,-29.706
4578,30,74,359.091,1098.864,39901.287,2,255,466.28,354.206,NA,10.164,0.034,-153.435,69.075
4579,30,75,348.485,1089.394,40201.296,2,255,480.498,354.929,NA,14.218,0.047,-138.24,15.195
4580,30,76,346.212,1086.364,40501.306,2,255,484.286,354.467,NA,3.788,0.013,-126.87,11.37
4581,30,77,346.212,1086.364,40801.316,2,255,484.286,354.467,NA,0,0,0,126.87
4582,30,78,346.97,1083.712,41101.325,2,255,487.043,352.093,NA,2.758,0.009,-74.055,-74.055
4583,30,79,343.939,1082.197,41401.335,2,255,490.431,353.272,NA,3.388,0.011,-153.435,-79.38
4584,30,80,335.606,1079.167,41701.345,2,255,499.299,357.41,NA,8.867,0.03,-160.017,-6.582
4585,30,81,328.409,1077.273,42001.354,2,255,506.741,361.592,NA,7.442,0.025,-165.256,-5.24
4586,30,82,327.652,1076.894,42301.364,2,255,507.588,361.922,NA,0.847,0.003,-153.435,11.821
4587,30,83,327.652,1076.894,42601.374,2,255,507.588,361.922,NA,0,0,0,153.435
4588,30,84,327.652,1076.894,42901.383,2,255,507.588,361.922,NA,0,0,0,0
4589,30,85,326.894,1083.712,43201.393,2,255,514.448,366.952,NA,6.86,0.023,96.34,96.34
4590,30,86,326.894,1085.227,43501.403,2,255,515.963,367.952,NA,1.515,0.005,90,-6.34
4591,30,87,327.652,1085.227,43801.412,2,255,516.721,367.384,NA,0.758,0.003,0,-90
4592,30,88,336.742,1085.985,44101.422,2,255,525.843,361.131,NA,9.122,0.03,4.764,4.764
4593,30,89,337.121,1086.742,44401.432,2,255,526.69,361.364,NA,0.847,0.003,63.435,58.671
4594,30,90,337.121,1086.742,44701.441,2,255,526.69,361.364,NA,0,0,0,-63.435
4595,30,91,337.121,1083.712,45001.451,2,255,529.72,359.319,NA,3.03,0.01,-90,-90
4596,30,92,338.636,1082.576,45301.461,2,255,531.614,357.434,NA,1.894,0.006,-36.87,53.13
4597,30,93,344.318,1082.576,45601.47,2,255,537.296,353.252,NA,5.682,0.019,0,36.87
4598,30,94,343.939,1089.773,45901.48,2,255,544.503,358.465,NA,7.207,0.024,93.013,93.013
4599,30,95,341.667,1093.939,46201.49,2,255,549.249,362.99,NA,4.746,0.016,118.61,25.598
4600,30,96,332.576,1093.939,46501.499,2,255,558.34,369.589,NA,9.091,0.03,180,61.39
4601,30,97,332.576,1093.939,46801.509,2,255,558.34,369.589,NA,0,0,0,-180
4602,30,98,332.576,1097.727,47101.519,2,255,562.128,372.181,NA,3.788,0.013,90,90
4603,30,99,332.576,1103.03,47401.529,2,234,567.431,375.844,NA,5.303,0.018,90,0
4604,30,100,327.273,1092.045,47701.538,2,255,579.629,372.213,NA,12.198,0.041,-115.769,154.231
4605,30,101,327.273,1092.045,48001.548,2,255,579.629,372.213,NA,0,0,0,115.769
4606,30,102,323.106,1092.045,48301.558,2,255,583.796,375.31,NA,4.167,0.014,180,180
4607,30,103,317.045,1100.758,48601.567,2,255,594.408,385.641,NA,10.613,0.035,124.824,-55.176
4608,30,104,314.015,1091.288,48901.577,2,255,604.351,381.643,NA,9.943,0.033,-107.745,127.431
4609,30,105,312.121,1090.909,49201.587,2,255,606.283,382.833,NA,1.931,0.006,-168.69,-60.945
4610,30,106,312.121,1090.909,49501.596,2,255,606.283,382.833,NA,0,0,0,168.69
4611,30,107,310.985,1093.939,49801.606,2,255,609.519,385.67,NA,3.236,0.011,110.556,110.556
4612,30,108,310.985,1101.515,50101.616,2,255,617.095,390.66,NA,7.576,0.025,90,-20.556
4613,30,109,310.985,1101.515,50401.625,2,255,617.095,390.66,NA,0,0,0,-90
4614,30,110,313.258,1101.515,50701.635,2,255,619.367,388.964,NA,2.273,0.008,0,0
4615,30,111,318.561,1102.273,51001.645,2,255,624.724,385.54,NA,5.357,0.018,8.13,8.13
4616,30,112,318.561,1102.273,51301.654,2,255,624.724,385.54,NA,0,0,0,-8.13
4617,30,113,318.561,1102.273,51601.664,2,255,624.724,385.54,NA,0,0,0,0
4618,30,114,316.288,1102.273,51901.674,2,236,626.997,387.22,NA,2.273,0.008,180,180
4619,30,115,317.424,1102.273,52201.683,2,207,628.133,386.379,NA,1.136,0.004,0,-180
4620,30,116,326.515,1107.955,52501.693,2,255,638.854,383.625,NA,10.72,0.036,32.005,32.005
4621,30,117,328.409,1112.121,52801.703,2,255,643.431,385.172,NA,4.577,0.015,65.556,33.551
4622,30,118,331.439,1125.758,53101.712,2,255,657.4,392.752,NA,13.969,0.047,77.471,11.915
4623,30,119,316.288,1146.591,53401.722,2,255,683.16,418.293,NA,25.76,0.086,126.027,48.556
4624,30,120,314.773,1146.97,53701.732,2,255,684.722,419.608,NA,1.562,0.005,165.964,39.936
4625,30,121,307.197,1148.864,54001.741,2,255,692.531,426.21,NA,7.809,0.026,165.964,0
4626,30,122,285.985,1148.864,54301.751,2,255,713.743,441.197,NA,21.212,0.071,180,14.036
4627,30,123,269.697,1163.636,54601.761,2,255,735.732,463.176,NA,21.989,0.073,137.793,-42.207
4628,30,124,265.152,1177.273,54901.77,2,255,750.106,475.962,NA,14.374,0.048,108.435,-29.358
4629,30,125,260.985,1188.636,55201.78,2,255,762.21,486.95,NA,12.103,0.04,110.136,1.701
4630,30,126,257.197,1198.864,55501.79,2,255,773.116,496.91,NA,10.906,0.036,110.323,0.187
4631,30,127,253.409,1204.167,55801.799,2,255,779.633,503.356,NA,6.517,0.022,125.538,15.215
4632,30,128,244.697,1208.712,56101.809,2,255,789.459,512.686,NA,9.827,0.033,152.447,26.91
4633,30,129,255.303,1228.03,56401.819,2,152,811.497,519.518,NA,22.038,0.073,61.232,-91.215
4634,30,130,256.439,1234.848,56701.828,2,255,818.41,523.851,NA,6.912,0.023,80.538,19.305
4635,30,131,253.03,1240.152,57001.838,2,237,824.714,530.083,NA,6.304,0.021,122.735,42.198
4636,30,132,247.348,1250.758,57301.848,2,255,836.746,541.807,NA,12.032,0.04,118.179,-4.557
4637,30,133,236.742,1250.758,57601.857,2,140,847.352,548.828,NA,10.606,0.035,180,61.821
4638,30,134,236.742,1250.758,57901.867,2,244,847.352,548.828,NA,0,0,0,-180
4639,30,135,227.273,1250.758,58201.877,2,217,856.822,555.193,NA,9.47,0.032,180,180
4640,30,136,214.773,1264.394,58501.886,2,119,875.32,573.692,NA,18.499,0.062,132.51,-47.49
4641,30,137,204.545,1273.106,58801.896,2,122,888.755,587.029,NA,13.435,0.045,139.574,7.063
4642,31,1,591.288,895.076,18000.58,2,34,0,0,NA,NA,NA,NA,NA
4643,31,2,591.288,895.076,18300.59,2,37,0,0,NA,0,0,0,NA
4644,31,3,585.985,895.076,18600.6,2,57,5.303,5.303,NA,5.303,0.018,180,180
4645,31,4,585.985,895.076,18900.609,2,51,5.303,5.303,NA,0,0,0,-180
4646,31,5,585.985,895.076,19200.619,2,51,5.303,5.303,NA,0,0,0,0
4647,31,6,585.985,895.076,19500.629,2,66,5.303,5.303,NA,0,0,0,0
4648,31,7,585.985,895.076,19800.638,2,50,5.303,5.303,NA,0,0,0,0
4649,31,8,584.47,895.076,20100.648,2,45,6.818,6.818,NA,1.515,0.005,180,180
4650,31,9,582.576,895.076,20400.658,2,69,8.712,8.712,NA,1.894,0.006,180,0
4651,31,10,582.576,895.076,20700.668,2,77,8.712,8.712,NA,0,0,0,-180
4652,31,11,576.136,895.076,21000.677,2,45,15.152,15.152,NA,6.439,0.021,180,180
4653,31,12,576.136,895.076,21300.687,2,46,15.152,15.152,NA,0,0,0,-180
4654,31,13,576.136,895.076,21600.697,2,59,15.152,15.152,NA,0,0,0,0
4655,31,14,576.136,895.076,21900.706,2,79,15.152,15.152,NA,0,0,0,0
4656,31,15,576.136,895.076,22200.716,2,50,15.152,15.152,NA,0,0,0,0
4657,31,16,572.348,893.182,22500.726,2,67,19.386,19.034,NA,4.235,0.014,-153.435,-153.435
4658,31,17,567.045,892.424,22800.735,2,33,24.743,24.387,NA,5.357,0.018,-171.87,-18.435
4659,31,18,567.045,892.424,23100.745,2,84,24.743,24.387,NA,0,0,0,171.87
4660,31,19,564.773,893.939,23400.755,2,71,27.475,26.539,NA,2.731,0.009,146.31,146.31
4661,31,20,554.545,897.727,23700.764,2,74,38.381,36.838,NA,10.906,0.036,159.677,13.367
4662,31,21,546.591,907.955,24000.774,2,84,51.338,46.515,NA,12.957,0.043,127.875,-31.802
4663,31,22,544.697,912.879,24300.784,2,115,56.613,49.876,NA,5.276,0.018,111.038,-16.837
4664,31,23,544.697,912.879,24600.793,2,75,56.613,49.876,NA,0,0,0,-111.038
4665,31,24,544.697,912.879,24900.803,2,119,56.613,49.876,NA,0,0,0,0
4666,31,25,546.97,907.955,25200.813,2,149,62.037,46.152,NA,5.423,0.018,-65.225,-65.225
4667,31,26,546.97,907.955,25500.822,2,185,62.037,46.152,NA,0,0,0,65.225
4668,31,27,546.97,907.955,25800.832,2,103,62.037,46.152,NA,0,0,0,0
4669,31,28,538.636,909.848,26100.842,2,127,70.583,54.685,NA,8.546,0.028,167.196,167.196
4670,31,29,532.576,918.182,26400.851,2,163,80.887,63.095,NA,10.304,0.034,126.027,-41.168
4671,31,30,526.515,927.652,26700.861,2,213,92.13,72.503,NA,11.243,0.037,122.619,-3.408
4672,31,31,523.485,918.182,27000.871,2,218,102.073,71.632,NA,9.943,0.033,-107.745,129.636
4673,31,32,523.485,918.182,27300.88,2,235,102.073,71.632,NA,0,0,0,107.745
4674,31,33,523.485,918.182,27600.89,2,234,102.073,71.632,NA,0,0,0,0
4675,31,34,524.621,918.182,27900.9,2,255,103.209,70.557,NA,1.136,0.004,0,0
4676,31,35,524.621,921.212,28200.909,2,244,106.239,71.607,NA,3.03,0.01,90,90
4677,31,36,525,931.818,28500.919,2,187,116.852,75.79,NA,10.613,0.035,87.955,-2.045
4678,31,37,520.076,951.136,28800.929,2,93,136.788,90.631,NA,19.936,0.066,104.3,16.346
4679,31,38,515.909,959.47,29100.938,2,193,146.105,99.139,NA,9.317,0.031,116.565,12.265
4680,31,39,515.909,959.47,29400.948,2,148,146.105,99.139,NA,0,0,0,-116.565
4681,31,40,515.909,950.379,29700.958,2,255,155.196,93.49,NA,9.091,0.03,-90,-90
4682,31,41,515.152,951.136,30000.967,2,226,156.267,94.549,NA,1.071,0.004,135,-135
4683,31,42,515.53,960.606,30300.977,2,255,165.745,100.167,NA,9.477,0.032,87.709,-47.291
4684,31,43,509.47,968.182,30600.987,2,95,175.446,109.721,NA,9.702,0.032,128.66,40.95
4685,31,44,509.47,968.182,30900.996,2,126,175.446,109.721,NA,0,0,0,-128.66
4686,31,45,508.712,980.682,31201.006,2,255,187.969,118.942,NA,12.523,0.042,93.468,93.468
4687,31,46,502.652,980.682,31501.016,2,182,194.03,123.227,NA,6.061,0.02,180,86.532
4688,31,47,503.03,980.682,31801.025,2,255,194.409,122.954,NA,0.379,0.001,0,-180
4689,31,48,503.03,980.682,32101.035,2,255,194.409,122.954,NA,0,0,0,0
4690,31,49,493.939,980.682,32401.045,2,215,203.5,129.635,NA,9.091,0.03,180,180
4691,31,50,485.606,981.439,32701.054,2,249,211.867,136.482,NA,8.368,0.028,174.806,-5.194
4692,31,51,480.682,981.439,33001.064,2,255,216.791,140.33,NA,4.924,0.016,180,5.194
4693,31,52,476.136,982.197,33301.074,2,255,221.4,144.395,NA,4.608,0.015,170.538,-9.462
4694,31,53,462.5,1002.652,33601.083,2,255,245.983,167.806,NA,24.583,0.082,123.69,-46.848
4695,31,54,450,1007.197,33901.093,2,255,259.284,180.37,NA,13.301,0.044,160.017,36.327
4696,31,55,442.424,1007.197,34201.103,2,255,266.859,186.364,NA,7.576,0.025,180,19.983
4697,31,56,442.424,1007.197,34501.113,2,255,266.859,186.364,NA,0,0,0,-180
4698,31,57,442.424,1007.197,34801.122,2,255,266.859,186.364,NA,0,0,0,0
4699,31,58,444.697,1022.727,35101.132,2,255,282.555,194.381,NA,15.696,0.052,81.674,81.674
4700,31,59,444.697,1028.409,35401.142,2,185,288.237,198.158,NA,5.682,0.019,90,8.326
4701,31,60,448.106,1020.076,35701.151,2,255,297.241,190.068,NA,9.004,0.03,-67.751,-157.751
4702,31,61,446.591,1010.227,36001.161,2,255,307.205,184.925,NA,9.964,0.033,-98.746,-30.995
4703,31,62,440.53,1009.47,36301.171,2,255,313.313,189.245,NA,6.108,0.02,-172.875,-74.129
4704,31,63,439.015,1007.955,36601.18,2,236,315.456,189.548,NA,2.143,0.007,-135,37.875
4705,31,64,439.015,1007.955,36901.19,2,255,315.456,189.548,NA,0,0,0,135
4706,31,65,439.394,1019.697,37201.2,2,255,327.204,196.474,NA,11.749,0.039,88.152,88.152
4707,31,66,444.318,1023.106,37501.209,2,255,333.193,194.915,NA,5.989,0.02,34.695,-53.457
4708,31,67,444.318,1023.106,37801.219,2,255,333.193,194.915,NA,0,0,0,-34.695
4709,31,68,444.318,1038.258,38101.229,2,231,348.345,205.186,NA,15.152,0.051,90,90
4710,31,69,444.318,1038.258,38401.238,2,230,348.345,205.186,NA,0,0,0,-90
4711,31,70,438.258,1038.258,38701.248,2,255,354.405,209.569,NA,6.061,0.02,180,180
4712,31,71,437.121,1058.333,39001.258,2,255,374.513,224.545,NA,20.108,0.067,93.24,-86.76
4713,31,72,428.03,1063.636,39301.267,2,255,385.038,234.661,NA,10.525,0.035,149.744,56.504
4714,31,73,428.03,1063.636,39601.277,2,255,385.038,234.661,NA,0,0,0,-149.744
4715,31,74,426.136,1073.106,39901.287,2,255,394.695,242.837,NA,9.657,0.032,101.31,101.31
4716,31,75,418.561,1079.924,40201.296,2,255,404.887,252.989,NA,10.192,0.034,138.013,36.703
4717,31,76,423.864,1085.227,40501.306,2,255,412.387,253.354,NA,7.5,0.025,45,-93.013
4718,31,77,423.864,1085.227,40801.316,2,255,412.387,253.354,NA,0,0,0,-45
4719,31,78,423.864,1085.227,41101.325,2,218,412.387,253.354,NA,0,0,0,0
4720,31,79,426.894,1096.212,41401.335,2,255,423.782,259.771,NA,11.395,0.038,74.578,74.578
4721,31,80,426.894,1104.924,41701.345,2,255,432.494,266.574,NA,8.712,0.029,90,15.422
4722,31,81,426.894,1104.924,42001.354,2,10,432.494,266.574,NA,0,0,0,-90
4723,31,82,415.152,1125,42301.364,2,255,455.752,289.636,NA,23.258,0.078,120.324,120.324
4724,31,83,403.409,1125,42601.374,2,255,467.494,296.924,NA,11.742,0.039,180,59.676
4725,31,84,395.455,1125,42901.383,2,255,475.449,302.02,NA,7.955,0.027,180,0
4726,31,85,394.697,1125,43201.393,2,255,476.206,302.511,NA,0.758,0.003,180,0
4727,31,86,390.152,1125,43501.403,2,255,480.752,305.485,NA,4.545,0.015,180,0
4728,31,87,380.682,1128.03,43801.412,2,255,490.695,314.043,NA,9.943,0.033,162.255,-17.745
4729,31,88,384.47,1132.197,44101.422,2,255,496.326,314.643,NA,5.631,0.019,47.726,-114.529
4730,31,89,387.5,1137.121,44401.432,2,255,502.108,316.41,NA,5.782,0.019,58.392,10.666
4731,31,90,396.591,1134.47,44701.441,2,255,511.577,308.571,NA,9.47,0.032,-16.26,-74.653
4732,31,91,396.97,1134.848,45001.451,2,234,512.113,308.627,NA,0.536,0.002,45,61.26
4733,31,92,400,1134.848,45301.461,2,231,515.143,306.728,NA,3.03,0.01,0,-45
4734,31,93,407.197,1146.591,45601.47,2,252,528.916,311.688,NA,13.772,0.046,58.496,58.496
4735,31,94,406.439,1154.924,45901.48,2,255,537.283,318.889,NA,8.368,0.028,95.194,36.699
4736,31,95,406.439,1159.47,46201.49,2,255,541.829,322.604,NA,4.545,0.015,90,-5.194
4737,31,96,413.258,1159.091,46501.499,2,255,548.658,318.432,NA,6.829,0.023,-3.18,-93.18
4738,31,97,413.258,1159.091,46801.509,2,255,548.658,318.432,NA,0,0,0,3.18
4739,31,98,414.015,1151.894,47101.519,2,255,555.894,312.06,NA,7.237,0.024,-83.991,-83.991
4740,31,99,406.061,1151.894,47401.529,2,255,563.849,316.646,NA,7.955,0.027,180,-96.009
4741,31,100,391.667,1160.606,47701.538,2,255,580.674,332.197,NA,16.825,0.056,148.815,-31.185
4742,31,101,378.03,1160.985,48001.548,2,255,594.316,340.861,NA,13.642,0.045,178.409,29.594
4743,31,102,377.273,1165.152,48301.558,2,255,598.551,344.592,NA,4.235,0.014,100.305,-78.104
4744,31,103,371.212,1169.318,48601.567,2,255,605.905,351.628,NA,7.355,0.025,145.491,45.187
4745,31,104,366.288,1174.242,48901.577,2,255,612.869,358.551,NA,6.964,0.023,135,-10.491
4746,31,105,367.424,1181.061,49201.587,2,255,619.782,363.184,NA,6.912,0.023,80.538,-54.462
4747,31,106,368.182,1187.879,49501.596,2,245,626.642,368.117,NA,6.86,0.023,83.66,3.122
4748,31,107,365.152,1207.197,49801.606,2,255,646.196,385.431,NA,19.554,0.065,98.915,15.255
4749,31,108,360.985,1218.939,50101.616,2,255,658.656,397.4,NA,12.46,0.042,109.537,10.622
4750,31,109,355.682,1231.439,50401.625,2,255,672.234,410.671,NA,13.578,0.045,112.989,3.452
4751,31,110,358.333,1252.652,50701.635,2,255,693.611,426.765,NA,21.377,0.071,82.875,-30.114
4752,31,111,359.47,1258.712,51001.645,2,255,699.778,431.244,NA,6.166,0.021,79.38,-3.495
4753,31,112,359.47,1270.076,51301.654,2,255,711.141,440.868,NA,11.364,0.038,90,10.62
4754,31,113,359.47,1270.076,51601.664,2,255,711.141,440.868,NA,0,0,0,-90
4755,31,114,353.03,1273.485,51901.674,2,255,718.427,447.169,NA,7.286,0.024,152.103,152.103
4756,31,115,353.03,1273.485,52201.683,2,214,718.427,447.169,NA,0,0,0,-152.103
4757,31,116,353.03,1265.909,52501.693,2,255,726.003,440.777,NA,7.576,0.025,-90,-90
4758,31,117,352.273,1264.773,52801.703,2,225,727.369,440.232,NA,1.366,0.005,-123.69,-33.69
4759,31,118,348.106,1266.288,53101.712,2,242,731.802,443.775,NA,4.434,0.015,160.017,-76.293
4760,31,119,338.258,1280.303,53401.722,2,248,748.932,460.895,NA,17.129,0.057,125.096,-34.921
4761,31,120,333.333,1281.439,53701.732,2,255,753.986,464.562,NA,5.054,0.017,167.005,41.91
4762,31,121,332.197,1280.303,54001.741,2,255,755.593,464.25,NA,1.607,0.005,-135,57.995
4763,31,122,324.242,1280.303,54301.751,2,255,763.547,468.736,NA,7.955,0.027,180,-45
4764,31,123,324.242,1280.303,54601.761,2,216,763.547,468.736,NA,0,0,0,-180
4765,31,124,319.318,1287.879,54901.77,2,253,772.583,477.767,NA,9.036,0.03,123.024,123.024
4766,31,125,297.348,1292.045,55201.78,2,255,794.944,493.949,NA,22.361,0.075,169.261,46.237
4767,31,126,296.97,1292.045,55501.79,2,255,795.323,494.174,NA,0.379,0.001,180,10.739
4768,31,127,278.409,1292.045,55801.799,2,204,813.883,505.448,NA,18.561,0.062,180,0
4769,31,128,272.727,1292.045,56101.809,2,245,819.565,508.985,NA,5.682,0.019,180,0
4770,31,129,272.727,1292.045,56401.819,2,255,819.565,508.985,NA,0,0,0,-180
4771,31,130,262.879,1292.045,56701.828,2,124,829.414,515.206,NA,9.848,0.033,180,180
4772,31,131,253.03,1292.803,57001.838,2,53,839.291,522.116,NA,9.878,0.033,175.601,-4.399
4773,31,132,259.091,1286.742,57301.848,2,228,847.862,513.573,NA,8.571,0.029,-45,139.399
4774,31,133,248.864,1300.758,57601.857,2,104,865.212,530.879,NA,17.35,0.058,126.119,171.119
4775,31,134,238.636,1296.97,57901.867,2,241,876.118,534.679,NA,10.906,0.036,-159.677,74.204
4776,31,135,238.636,1296.97,58201.877,2,255,876.118,534.679,NA,0,0,0,159.677
4777,31,136,238.258,1296.97,58501.886,2,238,876.497,534.929,NA,0.379,0.001,180,180
4778,31,137,238.258,1296.97,58801.896,2,102,876.497,534.929,NA,0,0,0,-180
4779,31,138,227.273,1296.97,59101.906,2,220,887.482,542.241,NA,10.985,0.037,180,180
4780,31,139,218.182,1296.97,59401.915,2,94,896.573,548.386,NA,9.091,0.03,180,0
4781,31,140,209.47,1298.485,59701.925,2,243,905.416,555.449,NA,8.843,0.029,170.134,-9.866
4782,32,1,834.596,529.545,28200.909,2,150,0,0,NA,NA,NA,NA,NA
4783,32,2,826.515,522.98,28500.919,2,82,10.412,10.412,NA,10.412,0.035,-140.906,NA
4784,32,3,810.859,518.434,28800.929,2,103,26.715,26.209,NA,16.303,0.054,-163.811,-22.905
4785,32,4,806.818,505.303,29100.938,2,57,40.454,36.869,NA,13.739,0.046,-107.103,56.708
4786,32,5,815.909,489.141,29400.948,2,89,58.997,44.516,NA,18.543,0.062,-60.642,46.46
4787,32,6,815.909,489.141,29700.958,2,174,58.997,44.516,NA,0,0,0,60.642
4788,32,7,815.909,489.141,30000.967,2,147,58.997,44.516,NA,0,0,0,0
4789,32,8,814.394,471.465,30300.977,2,150,76.738,61.494,NA,17.742,0.059,-94.899,-94.899
4790,32,9,814.394,460.354,30600.987,2,94,87.849,72.081,NA,11.111,0.037,-90,4.899
4791,32,10,814.394,434.091,30900.996,2,178,114.112,97.569,NA,26.263,0.088,-90,0
4792,32,11,813.889,412.879,31201.006,2,142,135.33,118.49,NA,21.218,0.071,-91.364,-1.364
4793,32,12,813.889,401.263,31501.016,2,131,146.946,129.943,NA,11.616,0.039,-90,1.364
4794,32,13,820.455,401.263,31801.025,2,130,153.512,129.06,NA,6.566,0.022,0,90
4795,32,14,816.414,407.828,32101.035,2,111,161.221,123.068,NA,7.709,0.026,121.608,121.608
4796,32,15,806.313,401.263,32401.045,2,195,173.269,131.364,NA,12.047,0.04,-146.976,91.416
4797,32,16,806.313,401.263,32701.054,2,237,173.269,131.364,NA,0,0,0,146.976
4798,32,17,806.313,401.263,33001.064,2,154,173.269,131.364,NA,0,0,0,0
4799,32,18,791.667,399.747,33301.074,2,120,187.993,136.713,NA,14.725,0.049,-174.094,-174.094
4800,32,19,773.485,397.222,33601.083,2,102,206.35,145.753,NA,18.356,0.061,-172.093,2.001
4801,32,20,762.374,394.192,33901.093,2,116,217.867,153.417,NA,11.517,0.038,-164.745,7.348
4802,32,21,762.374,394.192,34201.103,2,130,217.867,153.417,NA,0,0,0,164.745
4803,32,22,753.788,396.212,34501.113,2,143,226.687,155.909,NA,8.82,0.029,166.759,166.759
4804,32,23,745.707,394.697,34801.122,2,213,234.908,161.51,NA,8.222,0.027,-169.38,23.86
4805,32,24,745.202,394.697,35101.132,2,255,235.414,161.788,NA,0.505,0.002,180,-10.62
4806,32,25,744.697,393.182,35401.142,2,233,237.011,163.331,NA,1.597,0.005,-108.435,71.565
4807,32,26,747.727,388.636,35701.151,2,211,242.474,165.534,NA,5.463,0.018,-56.31,52.125
4808,32,27,747.727,388.636,36001.161,2,159,242.474,165.534,NA,0,0,0,56.31
4809,32,28,747.727,388.636,36301.171,2,255,242.474,165.534,NA,0,0,0,0
4810,32,29,749.242,388.636,36601.18,2,169,243.989,164.744,NA,1.515,0.005,0,0
4811,32,30,749.242,388.636,36901.19,2,255,243.989,164.744,NA,0,0,0,0
4812,32,31,750.758,382.576,37201.2,2,195,250.236,169.201,NA,6.247,0.021,-75.964,-75.964
4813,32,32,754.798,380.051,37501.209,2,189,255.001,169.459,NA,4.765,0.016,-32.005,43.958
4814,32,33,760.354,377.02,37801.219,2,221,261.329,169.635,NA,6.328,0.021,-28.61,3.395
4815,32,34,760.354,377.02,38101.229,2,237,261.329,169.635,NA,0,0,0,28.61
4816,32,35,768.434,355.303,38401.238,2,255,284.501,186.381,NA,23.172,0.077,-69.59,-69.59
4817,32,36,768.434,355.303,38701.248,2,200,284.501,186.381,NA,0,0,0,69.59
4818,32,37,771.465,346.212,39001.258,2,241,294.083,193.899,NA,9.583,0.032,-71.565,-71.565
4819,32,38,771.97,339.646,39301.267,2,255,300.668,199.959,NA,6.585,0.022,-85.601,-14.036
4820,32,39,771.97,336.111,39601.277,2,218,304.204,203.32,NA,3.535,0.012,-90,-4.399
4821,32,40,778.03,335.101,39901.287,2,235,310.348,202.505,NA,6.144,0.02,-9.462,80.538
4822,32,41,783.081,335.101,40201.296,2,255,315.398,201.153,NA,5.051,0.017,0,9.462
4823,32,42,783.081,332.071,40501.306,2,169,318.429,204.084,NA,3.03,0.01,-90,-90
4824,32,43,783.081,322.475,40801.316,2,178,328.025,213.382,NA,9.596,0.032,-90,0
4825,32,44,782.071,307.828,41101.325,2,170,342.706,227.854,NA,14.681,0.049,-93.945,-3.945
4826,32,45,782.071,296.212,41401.335,2,146,354.322,239.172,NA,11.616,0.039,-90,3.945
4827,32,46,782.071,281.061,41701.345,2,132,369.474,253.976,NA,15.152,0.051,-90,0
4828,32,47,769.444,271.465,42001.354,2,49,385.333,266.177,NA,15.859,0.053,-142.765,-52.765
4829,32,48,765.909,259.343,42301.364,2,105,397.959,278.796,NA,12.626,0.042,-106.26,36.505
4830,32,49,758.838,254.293,42601.374,2,232,406.648,285.488,NA,8.689,0.029,-144.462,-38.202
4831,32,50,757.828,243.687,42901.383,2,176,417.302,295.987,NA,10.654,0.036,-95.44,49.022
4832,33,1,645.076,672.348,15600.503,2,68,0,0,NA,NA,NA,NA,NA
4833,33,2,640.152,672.348,15900.513,2,31,4.924,4.924,NA,4.924,0.016,180,NA
4834,33,3,636.364,672.348,16200.522,2,97,8.712,8.712,NA,3.788,0.013,180,0
4835,33,4,632.576,672.348,16500.532,2,150,12.5,12.5,NA,3.788,0.013,180,0
4836,33,5,632.576,672.348,16800.542,2,147,12.5,12.5,NA,0,0,0,-180
4837,33,6,632.576,674.242,17100.551,2,102,14.394,12.643,NA,1.894,0.006,90,90
4838,33,7,632.576,678.03,17400.561,2,218,18.182,13.731,NA,3.788,0.013,90,0
4839,33,8,632.576,678.03,17700.571,2,255,18.182,13.731,NA,0,0,0,-90
4840,33,9,632.576,678.03,18000.58,2,255,18.182,13.731,NA,0,0,0,0
4841,33,10,632.576,678.03,18300.59,2,255,18.182,13.731,NA,0,0,0,0
4842,33,11,628.788,677.652,18600.6,2,255,21.989,17.129,NA,3.807,0.013,-174.289,-174.289
4843,33,12,628.788,677.273,18900.609,2,255,22.367,17.016,NA,0.379,0.001,-90,84.289
4844,33,13,631.439,669.697,19200.619,2,255,30.394,13.892,NA,8.026,0.027,-70.71,19.29
4845,33,14,629.545,665.152,19500.629,2,255,35.318,17.117,NA,4.924,0.016,-112.62,-41.91
4846,33,15,629.545,664.773,19800.638,2,255,35.697,17.28,NA,0.379,0.001,-90,22.62
4847,33,16,625.379,664.015,20100.648,2,255,39.932,21.387,NA,4.235,0.014,-169.695,-79.695
4848,33,17,623.106,662.5,20400.658,2,255,42.663,24.076,NA,2.731,0.009,-146.31,23.385
4849,33,18,623.106,662.5,20700.668,2,255,42.663,24.076,NA,0,0,0,146.31
4850,33,19,616.667,667.424,21000.677,2,255,50.77,28.833,NA,8.106,0.027,142.595,142.595
4851,33,20,616.667,667.424,21300.687,2,255,50.77,28.833,NA,0,0,0,-142.595
4852,33,21,618.939,672.348,21600.697,2,255,56.193,26.136,NA,5.423,0.018,65.225,65.225
4853,33,22,618.939,681.061,21900.706,2,250,64.905,27.55,NA,8.712,0.029,90,24.775
4854,33,23,616.667,681.439,22200.716,2,255,67.209,29.828,NA,2.304,0.008,170.538,80.538
4855,33,24,616.667,681.439,22500.726,2,255,67.209,29.828,NA,0,0,0,-170.538
4856,33,25,616.667,681.439,22800.735,2,207,67.209,29.828,NA,0,0,0,0
4857,33,26,618.939,673.864,23100.745,2,255,75.119,26.18,NA,7.909,0.026,-73.301,-73.301
4858,33,27,618.939,671.212,23400.755,2,255,77.77,26.161,NA,2.652,0.009,-90,-16.699
4859,33,28,624.242,654.545,23700.764,2,131,95.26,27.404,NA,17.49,0.058,-72.35,17.65
4860,33,29,621.97,654.167,24000.774,2,184,97.564,29.402,NA,2.304,0.008,-170.538,-98.188
4861,33,30,621.97,654.167,24300.784,2,229,97.564,29.402,NA,0,0,0,170.538
4862,33,31,617.803,654.167,24600.793,2,198,101.731,32.778,NA,4.167,0.014,180,180
4863,33,32,617.424,660.985,24900.803,2,255,108.56,29.895,NA,6.829,0.023,93.18,-86.82
4864,33,33,615.152,660.985,25200.813,2,255,110.832,32.009,NA,2.273,0.008,180,86.82
4865,33,34,615.152,653.03,25500.822,2,230,118.787,35.618,NA,7.955,0.027,-90,90
4866,33,35,614.773,645.455,25800.832,2,162,126.372,40.516,NA,7.585,0.025,-92.862,-2.862
4867,33,36,614.773,645.455,26100.842,2,247,126.372,40.516,NA,0,0,0,92.862
4868,33,37,608.712,637.121,26400.851,2,161,136.676,50.629,NA,10.304,0.034,-126.027,-126.027
4869,33,38,608.712,626.894,26700.861,2,138,146.903,58.21,NA,10.227,0.034,-90,36.027
4870,33,39,604.167,623.106,27000.871,2,248,152.82,64.019,NA,5.917,0.02,-140.194,-50.194
4871,33,40,604.167,622.727,27300.88,2,185,153.199,64.31,NA,0.379,0.001,-90,50.194
4872,33,41,604.167,617.045,27600.89,2,226,158.881,68.789,NA,5.682,0.019,-90,0
4873,33,42,604.167,617.045,27900.9,2,255,158.881,68.789,NA,0,0,0,90
4874,33,43,604.167,617.045,28200.909,2,255,158.881,68.789,NA,0,0,0,0
4875,33,44,603.788,623.485,28500.919,2,248,165.331,63.971,NA,6.451,0.022,93.366,93.366
4876,33,45,600,620.833,28800.929,2,169,169.955,68.452,NA,4.624,0.015,-145.008,121.626
4877,33,46,593.182,613.636,29100.938,2,122,179.869,78.359,NA,9.914,0.033,-133.452,11.556
4878,33,47,588.636,606.061,29400.948,2,143,188.704,87.06,NA,8.835,0.029,-120.964,12.488
4879,33,48,586.742,598.485,29700.958,2,248,196.513,94.12,NA,7.809,0.026,-104.036,16.928
4880,33,49,586.742,591.288,30000.967,2,255,203.71,99.868,NA,7.197,0.024,-90,14.036
4881,33,50,589.394,588.636,30300.977,2,255,207.459,100.539,NA,3.75,0.012,-45,45
4882,33,51,582.197,582.955,30600.987,2,255,216.629,109.293,NA,9.169,0.031,-141.71,-96.71
4883,33,52,582.197,582.955,30900.996,2,255,216.629,109.293,NA,0,0,0,141.71
4884,33,53,582.197,582.955,31201.006,2,255,216.629,109.293,NA,0,0,0,0
4885,33,54,579.924,582.955,31501.016,2,255,218.902,110.616,NA,2.273,0.008,180,180
4886,33,55,579.545,579.167,31801.025,2,255,222.708,113.917,NA,3.807,0.013,-95.711,84.289
4887,33,56,579.545,579.167,32101.035,2,255,222.708,113.917,NA,0,0,0,95.711
4888,33,57,573.864,570.833,32401.045,2,255,232.794,124.002,NA,10.086,0.034,-124.287,-124.287
4889,33,58,568.182,553.409,32701.054,2,161,251.122,141.631,NA,18.327,0.061,-108.06,16.226
4890,33,59,563.258,540.909,33001.064,2,133,264.557,154.824,NA,13.435,0.045,-111.501,-3.441
4891,33,60,560.227,539.015,33301.074,2,255,268.13,158.041,NA,3.573,0.012,-147.995,-36.493
4892,33,61,560.227,546.212,33601.083,2,255,275.327,152.019,NA,7.197,0.024,90,-122.005
4893,33,62,559.47,550.379,33901.093,2,255,279.562,149.013,NA,4.235,0.014,100.305,10.305
4894,33,63,559.47,550.379,34201.103,2,255,279.562,149.013,NA,0,0,0,-100.305
4895,33,64,562.5,549.242,34501.113,2,255,282.798,148.236,NA,3.236,0.011,-20.556,-20.556
4896,33,65,561.742,540.152,34801.122,2,255,291.921,156.271,NA,9.122,0.03,-94.764,-74.208
4897,33,66,554.924,542.424,35101.132,2,255,299.108,158.138,NA,7.187,0.024,161.565,-103.671
4898,33,67,541.288,549.621,35401.142,2,255,314.527,160.729,NA,15.419,0.051,152.176,-9.389
4899,33,68,531.061,551.515,35701.151,2,222,324.928,166.133,NA,10.401,0.035,169.509,17.333
4900,33,69,529.924,556.818,36001.161,2,255,330.351,163.117,NA,5.423,0.018,102.095,-67.414
4901,33,70,535.227,551.515,36301.171,2,255,337.851,163.302,NA,7.5,0.025,-45,-147.095
4902,33,71,543.182,551.515,36601.18,2,240,345.806,158.06,NA,7.955,0.027,0,45
4903,33,72,538.636,543.939,36901.19,2,255,354.64,166.788,NA,8.835,0.029,-120.964,-120.964
4904,33,73,531.818,540.909,37201.2,2,255,362.102,173.504,NA,7.461,0.025,-156.038,-35.074
4905,33,74,531.818,540.909,37501.209,2,239,362.102,173.504,NA,0,0,0,156.038
4906,33,75,529.924,532.197,37801.219,2,248,371.017,181.39,NA,8.916,0.03,-102.265,-102.265
4907,33,76,521.97,525.758,38101.229,2,255,381.252,191.426,NA,10.234,0.034,-141.009,-38.744
4908,33,77,521.97,525.758,38401.238,2,255,381.252,191.426,NA,0,0,0,141.009
4909,33,78,521.97,524.242,38701.248,2,255,382.767,192.589,NA,1.515,0.005,-90,-90
4910,33,79,514.394,522.348,39001.258,2,255,390.576,198.942,NA,7.809,0.026,-165.964,-75.964
4911,33,80,514.394,519.318,39301.267,2,255,393.606,201.236,NA,3.03,0.01,-90,75.964
4912,33,81,514.394,519.318,39601.277,2,255,393.606,201.236,NA,0,0,0,90
4913,33,82,514.394,519.318,39901.287,2,255,393.606,201.236,NA,0,0,0,0
4914,33,83,519.697,519.318,40201.296,2,255,398.909,197.834,NA,5.303,0.018,0,0
4915,33,84,519.697,507.955,40501.306,2,224,410.273,206.749,NA,11.364,0.038,-90,-90
4916,33,85,529.545,488.258,40801.316,2,235,432.294,217.34,NA,22.022,0.073,-63.435,26.565
4917,33,86,537.879,490.53,41101.325,2,255,440.932,211.066,NA,8.638,0.029,15.255,78.69
4918,33,87,537.879,482.576,41401.335,2,255,448.887,217.956,NA,7.955,0.027,-90,-105.255
4919,33,88,537.879,482.576,41701.345,2,255,448.887,217.956,NA,0,0,0,90
4920,33,89,540.909,482.576,42001.354,2,255,451.917,216.482,NA,3.03,0.01,0,0
4921,33,90,540.909,482.576,42301.364,2,255,451.917,216.482,NA,0,0,0,0
4922,33,91,540.909,478.409,42601.374,2,255,456.084,220.144,NA,4.167,0.014,-90,-90
4923,33,92,541.288,485.606,42901.383,2,255,463.291,213.646,NA,7.207,0.024,86.987,176.987
4924,33,93,536.742,485.227,43201.393,2,255,467.852,216.219,NA,4.561,0.015,-175.236,97.776
4925,33,94,536.742,485.227,43501.403,2,255,467.852,216.219,NA,0,0,0,175.236
4926,33,95,536.742,479.167,43801.412,2,255,473.912,221.484,NA,6.061,0.02,-90,-90
4927,33,96,533.333,469.697,44101.422,2,255,483.977,231.417,NA,10.065,0.034,-109.799,-19.799
4928,33,97,533.333,469.697,44401.432,2,255,483.977,231.417,NA,0,0,0,109.799
4929,33,98,526.136,466.667,44701.441,2,255,491.786,237.595,NA,7.809,0.026,-157.166,-157.166
4930,33,99,525,464.015,45001.451,2,255,494.671,240.46,NA,2.885,0.01,-113.199,43.968
4931,33,100,526.515,464.015,45301.461,2,255,496.186,239.707,NA,1.515,0.005,0,113.199
4932,33,101,528.788,458.712,45601.47,2,255,501.955,243.235,NA,5.77,0.019,-66.801,-66.801
4933,33,102,516.667,451.136,45901.48,2,252,516.249,255.781,NA,14.294,0.048,-147.995,-81.193
4934,33,103,515.909,443.939,46201.49,2,255,523.486,262.402,NA,7.237,0.024,-96.009,51.986
4935,33,104,515.909,443.939,46501.499,2,255,523.486,262.402,NA,0,0,0,96.009
4936,33,105,515.909,426.894,46801.509,2,255,540.531,277.366,NA,17.045,0.057,-90,-90
4937,33,106,515.909,424.242,47101.519,2,255,543.183,279.715,NA,2.652,0.009,-90,0
4938,33,107,518.182,415.53,47401.529,2,255,552.187,286.457,NA,9.004,0.03,-75.379,14.621
4939,33,108,518.182,415.53,47701.538,2,255,552.187,286.457,NA,0,0,0,75.379
4940,33,109,505.682,397.727,48001.548,2,255,573.94,307.973,NA,21.753,0.073,-125.074,-125.074
4941,33,110,505.682,397.348,48301.558,2,255,574.319,308.311,NA,0.379,0.001,-90,35.074
4942,33,111,498.485,393.939,48601.567,2,255,582.282,314.643,NA,7.964,0.027,-154.654,-64.654
4943,33,112,486.742,398.485,48901.577,2,255,594.874,316.34,NA,12.591,0.042,158.839,-46.507
4944,33,113,485.227,398.485,49201.587,2,255,596.389,317.101,NA,1.515,0.005,180,21.161
4945,33,114,473.864,406.818,49501.596,2,255,610.48,315.943,NA,14.092,0.047,143.746,-36.254
4946,33,115,473.864,406.818,49801.606,2,255,610.48,315.943,NA,0,0,0,-143.746
4947,33,116,463.636,406.818,50101.616,2,255,620.708,321.6,NA,10.227,0.034,180,180
4948,33,117,481.818,400,50401.625,2,255,640.126,317.532,NA,19.418,0.065,-20.556,159.444
4949,33,118,481.818,400,50701.635,2,255,640.126,317.532,NA,0,0,0,20.556
4950,33,119,481.818,400,51001.645,2,255,640.126,317.532,NA,0,0,0,0
4951,33,120,481.818,400,51301.654,2,255,640.126,317.532,NA,0,0,0,0
4952,33,121,475.379,400,51601.664,2,255,646.565,320.891,NA,6.439,0.021,180,180
4953,33,122,475.379,400,51901.674,2,255,646.565,320.891,NA,0,0,0,-180
4954,33,123,475.379,400,52201.683,2,255,646.565,320.891,NA,0,0,0,0
4955,33,124,465.152,404.545,52501.693,2,255,657.757,322.632,NA,11.192,0.037,156.038,156.038
4956,33,125,465.152,398.485,52801.703,2,255,663.818,327.68,NA,6.061,0.02,-90,113.962
4957,33,126,470.455,398.485,53101.712,2,255,669.121,324.798,NA,5.303,0.018,0,90
4958,33,127,470.833,397.348,53401.722,2,255,670.319,325.554,NA,1.198,0.004,-71.565,-71.565
4959,33,128,476.515,399.242,53701.732,2,255,676.308,320.936,NA,5.989,0.02,18.435,90
4960,33,129,476.894,399.242,54001.741,2,255,676.687,320.737,NA,0.379,0.001,0,-18.435
4961,33,130,470.833,398.485,54301.751,2,255,682.794,324.595,NA,6.108,0.02,-172.875,-172.875
4962,33,131,464.394,390.53,54601.761,2,255,693.029,334.765,NA,10.234,0.034,-128.991,43.884
4963,33,132,464.394,390.53,54901.77,2,255,693.029,334.765,NA,0,0,0,128.991
4964,33,133,458.712,389.015,55201.78,2,255,698.909,339.13,NA,5.88,0.02,-165.069,-165.069
4965,33,134,467.045,364.394,55501.79,2,148,724.902,355.712,NA,25.993,0.087,-71.301,93.768
4966,33,135,471.212,357.197,55801.799,2,255,733.218,359.929,NA,8.316,0.028,-59.931,11.37
4967,33,136,473.485,356.439,56101.809,2,255,735.614,359.502,NA,2.396,0.008,-18.435,41.496
4968,33,137,473.485,356.439,56401.819,2,255,735.614,359.502,NA,0,0,0,18.435
4969,33,138,473.485,347.348,56701.828,2,255,744.705,367.517,NA,9.091,0.03,-90,-90
4970,33,139,464.773,343.182,57001.838,2,255,754.362,375.313,NA,9.657,0.032,-154.44,-64.44
4971,33,140,451.515,337.5,57301.848,2,108,768.786,386.768,NA,14.424,0.048,-156.801,-2.361
4972,33,141,445.076,328.788,57601.857,2,139,779.62,397.535,NA,10.834,0.036,-126.469,30.332
4973,33,142,439.773,321.97,57901.867,2,255,788.257,406.097,NA,8.638,0.029,-127.875,-1.406
4974,34,1,631.061,778.788,23400.755,2,106,0,0,NA,NA,NA,NA,NA
4975,34,2,628.03,777.652,23700.764,2,160,3.236,3.236,NA,3.236,0.011,-159.444,NA
4976,34,3,628.03,777.652,24000.774,2,96,3.236,3.236,NA,0,0,0,159.444
4977,34,4,628.03,776.515,24300.784,2,246,4.373,3.788,NA,1.136,0.004,-90,-90
4978,34,5,628.03,776.515,24600.793,2,171,4.373,3.788,NA,0,0,0,90
4979,34,6,627.652,776.515,24900.803,2,160,4.752,4.097,NA,0.379,0.001,180,180
4980,34,7,622.727,776.515,25200.813,2,144,9.676,8.638,NA,4.924,0.016,180,0
4981,34,8,622.727,776.515,25500.822,2,216,9.676,8.638,NA,0,0,0,-180
4982,34,9,617.424,781.439,25800.832,2,201,16.912,13.892,NA,7.237,0.024,137.121,137.121
4983,34,10,617.045,781.439,26100.842,2,181,17.291,14.264,NA,0.379,0.001,180,42.879
4984,34,11,604.167,778.03,26400.851,2,133,30.614,26.905,NA,13.322,0.044,-165.174,14.826
4985,34,12,603.03,777.652,26700.861,2,152,31.811,28.053,NA,1.198,0.004,-161.565,3.608
4986,34,13,603.03,772.727,27000.871,2,87,36.736,28.678,NA,4.924,0.016,-90,71.565
4987,34,14,599.621,771.97,27300.88,2,193,40.228,32.17,NA,3.492,0.012,-167.471,-77.471
4988,34,15,597.348,771.97,27600.89,2,195,42.501,34.395,NA,2.273,0.008,180,-12.529
4989,34,16,597.348,771.591,27900.9,2,100,42.879,34.472,NA,0.379,0.001,-90,90
4990,34,17,595.455,768.561,28200.909,2,103,46.453,37.046,NA,3.573,0.012,-122.005,-32.005
4991,34,18,595.455,768.561,28500.919,2,168,46.453,37.046,NA,0,0,0,122.005
4992,34,19,598.485,768.561,28800.929,2,179,49.483,34.143,NA,3.03,0.01,0,0
4993,34,20,598.485,768.561,29100.938,2,119,49.483,34.143,NA,0,0,0,0
4994,34,21,598.485,768.561,29400.948,2,110,49.483,34.143,NA,0,0,0,0
4995,34,22,598.485,768.561,29700.958,2,206,49.483,34.143,NA,0,0,0,0
4996,34,23,597.348,771.97,30000.967,2,223,53.077,34.395,NA,3.593,0.012,108.435,108.435
4997,34,24,593.561,775.758,30300.977,2,102,58.434,37.622,NA,5.357,0.018,135,26.565
4998,34,25,593.561,775.758,30600.987,2,188,58.434,37.622,NA,0,0,0,-135
4999,34,26,593.561,775.758,30900.996,2,251,58.434,37.622,NA,0,0,0,0
5000,34,27,590.152,779.924,31201.006,2,90,63.817,40.925,NA,5.384,0.018,129.289,129.289
5001,34,28,588.636,779.924,31501.016,2,104,65.332,42.439,NA,1.515,0.005,180,50.711
5002,34,29,586.364,779.924,31801.025,2,162,67.605,44.711,NA,2.273,0.008,180,0
5003,34,30,586.364,779.924,32101.035,2,181,67.605,44.711,NA,0,0,0,-180
5004,34,31,577.273,779.924,32401.045,2,106,76.696,53.8,NA,9.091,0.03,180,180
5005,34,32,577.273,779.924,32701.054,2,89,76.696,53.8,NA,0,0,0,-180
5006,34,33,570.833,784.848,33001.064,2,126,84.802,60.531,NA,8.106,0.027,142.595,142.595
5007,34,34,570.833,788.636,33301.074,2,118,88.59,61.027,NA,3.788,0.013,90,-52.595
5008,34,35,570.833,788.636,33601.083,2,100,88.59,61.027,NA,0,0,0,-90
5009,34,36,565.152,800.758,33901.093,2,78,101.977,69.474,NA,13.387,0.045,115.115,115.115
5010,34,37,565.152,793.182,34201.103,2,144,109.553,67.463,NA,7.576,0.025,-90,154.885
5011,34,38,565.152,793.182,34501.113,2,248,109.553,67.463,NA,0,0,0,90
5012,34,39,565.152,793.182,34801.122,2,141,109.553,67.463,NA,0,0,0,0
5013,34,40,565.152,793.182,35101.132,2,147,109.553,67.463,NA,0,0,0,0
5014,34,41,561.742,793.182,35401.142,2,177,112.962,70.797,NA,3.409,0.011,180,180
5015,34,42,555.303,790.152,35701.151,2,181,120.079,76.605,NA,7.117,0.024,-154.799,25.201
5016,34,43,555.303,790.152,36001.161,2,69,120.079,76.605,NA,0,0,0,154.799
5017,34,44,547.348,790.152,36301.171,2,110,128.033,84.48,NA,7.955,0.027,180,180
5018,34,45,536.364,790.152,36601.18,2,148,139.018,95.376,NA,10.985,0.037,180,0
5019,34,46,528.409,788.258,36901.19,2,186,147.195,103.087,NA,8.177,0.027,-166.608,13.392
5020,34,47,528.03,788.258,37201.2,2,105,147.574,103.465,NA,0.379,0.001,180,-13.392
5021,34,48,528.03,778.03,37501.209,2,110,157.801,103.033,NA,10.227,0.034,-90,90
5022,34,49,523.106,771.212,37801.219,2,126,166.212,108.22,NA,8.41,0.028,-125.838,-35.838
5023,34,50,521.212,771.212,38101.229,2,165,168.105,110.109,NA,1.894,0.006,180,-54.162
5024,34,51,521.212,771.212,38401.238,2,189,168.105,110.109,NA,0,0,0,-180
5025,34,52,521.212,771.212,38701.248,2,160,168.105,110.109,NA,0,0,0,0
5026,34,53,521.212,771.212,39001.258,2,222,168.105,110.109,NA,0,0,0,0
5027,34,54,519.318,774.621,39301.267,2,237,172.005,111.82,NA,3.9,0.013,119.055,119.055
5028,34,55,513.258,781.061,39601.277,2,147,180.848,117.825,NA,8.843,0.029,133.264,14.21
5029,34,56,513.258,787.121,39901.287,2,168,186.909,118.097,NA,6.061,0.02,90,-43.264
5030,34,57,513.258,787.121,40201.296,2,211,186.909,118.097,NA,0,0,0,-90
5031,34,58,519.318,786.364,40501.306,2,211,193.017,111.999,NA,6.108,0.02,-7.125,-7.125
5032,34,59,528.03,786.364,40801.316,2,207,201.729,103.308,NA,8.712,0.029,0,7.125
5033,34,60,528.03,786.364,41101.325,2,154,201.729,103.308,NA,0,0,0,0
5034,34,61,528.03,790.909,41401.335,2,82,206.274,103.741,NA,4.545,0.015,90,90
5035,34,62,528.03,799.621,41701.345,2,193,214.986,105.116,NA,8.712,0.029,90,0
5036,34,63,531.061,805.682,42001.354,2,190,221.762,103.553,NA,6.776,0.023,63.435,-26.565
5037,34,64,531.818,807.197,42301.364,2,231,223.456,103.229,NA,1.694,0.006,63.435,0
5038,34,65,532.955,813.636,42601.374,2,214,229.995,104.112,NA,6.539,0.022,79.992,16.557
5039,34,66,531.061,813.636,42901.383,2,196,231.889,105.898,NA,1.894,0.006,180,100.008
5040,34,67,525.758,812.5,43201.393,2,142,237.313,110.568,NA,5.423,0.018,-167.905,12.095
5041,34,68,525.758,812.5,43501.403,2,148,237.313,110.568,NA,0,0,0,167.905
5042,34,69,525.758,812.5,43801.412,2,201,237.313,110.568,NA,0,0,0,0
5043,34,70,525.758,809.848,44101.422,2,222,239.964,109.788,NA,2.652,0.009,-90,-90
5044,34,71,519.697,809.848,44401.432,2,222,246.025,115.614,NA,6.061,0.02,180,-90
5045,34,72,519.697,809.848,44701.441,2,156,246.025,115.614,NA,0,0,0,-180
5046,34,73,514.394,809.091,45001.451,2,247,251.382,120.538,NA,5.357,0.018,-171.87,-171.87
5047,34,74,514.394,809.091,45301.461,2,175,251.382,120.538,NA,0,0,0,171.87
5048,34,75,513.636,810.227,45601.47,2,237,252.747,121.56,NA,1.366,0.005,123.69,123.69
5049,34,76,513.636,810.227,45901.48,2,249,252.747,121.56,NA,0,0,0,-123.69
5050,34,77,508.333,810.985,46201.49,2,233,258.104,126.88,NA,5.357,0.018,171.87,171.87
5051,34,78,506.061,810.985,46501.499,2,224,260.377,129.08,NA,2.273,0.008,180,8.13
5052,34,79,498.864,814.015,46801.509,2,170,268.186,136.81,NA,7.809,0.026,157.166,-22.834
5053,34,80,498.864,814.015,47101.519,2,118,268.186,136.81,NA,0,0,0,-157.166
5054,34,81,493.182,809.848,47401.529,2,189,275.232,141.334,NA,7.046,0.023,-143.746,-143.746
5055,34,82,479.167,809.848,47701.538,2,246,289.247,155.037,NA,14.015,0.047,180,-36.254
5056,34,83,479.167,809.848,48001.548,2,140,289.247,155.037,NA,0,0,0,-180
5057,34,84,471.591,809.47,48301.558,2,229,296.832,162.394,NA,7.585,0.025,-177.138,-177.138
5058,34,85,471.591,809.47,48601.567,2,217,296.832,162.394,NA,0,0,0,177.138
5059,34,86,459.848,811.742,48901.577,2,177,308.792,174.355,NA,11.96,0.04,169.046,169.046
5060,34,87,453.409,812.879,49201.587,2,255,315.331,180.893,NA,6.539,0.022,169.992,0.946
5061,34,88,443.939,814.015,49501.596,2,239,324.869,190.408,NA,9.538,0.032,173.157,3.165
5062,34,89,443.939,823.864,49801.606,2,96,334.717,192.474,NA,9.848,0.033,90,-83.157
5063,34,90,439.015,826.136,50101.616,2,148,340.141,197.796,NA,5.423,0.018,155.225,65.225
5064,34,91,439.015,826.136,50401.625,2,224,340.141,197.796,NA,0,0,0,-155.225
5065,34,92,435.227,826.136,50701.635,2,208,343.929,201.476,NA,3.788,0.013,180,180
5066,34,93,429.167,835.985,51001.645,2,233,355.493,209.84,NA,11.564,0.039,121.608,-58.392
5067,34,94,418.561,853.03,51301.654,2,204,375.568,225.096,NA,20.076,0.067,121.891,0.283
5068,34,95,418.561,853.03,51601.664,2,245,375.568,225.096,NA,0,0,0,-121.891
5069,34,96,418.561,868.182,51901.674,2,238,390.72,230.537,NA,15.152,0.051,90,90
5070,34,97,409.848,878.409,52201.683,2,175,404.155,242.609,NA,13.435,0.045,130.426,40.426
5071,34,98,398.485,884.47,52501.693,2,255,417.034,255.461,NA,12.879,0.043,151.928,21.501
5072,34,99,398.485,884.47,52801.703,2,255,417.034,255.461,NA,0,0,0,-151.928
5073,34,100,390.53,885.227,53101.712,2,186,425.024,263.029,NA,7.991,0.027,174.56,174.56
5074,34,101,390.53,885.227,53401.722,2,200,425.024,263.029,NA,0,0,0,-174.56
5075,34,102,390.53,885.227,53701.732,2,252,425.024,263.029,NA,0,0,0,0
5076,34,103,380.682,890.152,54001.741,2,255,436.035,274.028,NA,11.011,0.037,153.435,153.435
5077,34,104,373.106,890.909,54301.751,2,255,443.649,281.268,NA,7.614,0.025,174.289,20.854
5078,34,105,366.288,890.909,54601.761,2,239,450.467,287.534,NA,6.818,0.023,180,5.711
5079,34,106,359.47,899.242,54901.77,2,244,461.234,297.104,NA,10.767,0.036,129.289,-50.711
5080,34,107,355.303,903.409,55201.78,2,171,467.126,302.61,NA,5.893,0.02,135,5.711
5081,34,108,354.545,903.409,55501.79,2,153,467.884,303.3,NA,0.758,0.003,180,45
5082,34,109,348.485,910.227,55801.799,2,255,477.006,311.649,NA,9.122,0.03,131.634,-48.366
5083,34,110,339.773,934.091,56101.809,2,211,502.411,330.102,NA,25.404,0.085,110.056,-21.577
5084,34,111,337.5,939.773,56401.819,2,255,508.53,334.804,NA,6.12,0.02,111.801,1.745
5085,34,112,337.5,955.303,56701.828,2,229,524.061,342.543,NA,15.53,0.052,90,-21.801
5086,34,113,335.985,957.955,57001.838,2,255,527.114,345.211,NA,3.054,0.01,119.745,29.745
5087,34,114,335.227,966.288,57301.848,2,255,535.482,350.248,NA,8.368,0.028,95.194,-24.55
5088,34,115,335.227,978.03,57601.857,2,255,547.225,356.672,NA,11.742,0.039,90,-5.194
5089,34,116,339.015,993.561,57901.867,2,241,563.21,362.516,NA,15.986,0.053,76.293,-13.707
5090,34,117,343.182,994.697,58201.877,2,255,567.529,359.848,NA,4.319,0.014,15.255,-61.038
5091,34,118,368.182,1014.773,58501.886,2,154,599.592,353.262,NA,32.063,0.107,38.766,23.51
5092,34,119,373.864,1016.667,58801.896,2,182,605.581,350.338,NA,5.989,0.02,18.435,-20.331
5093,34,120,379.545,1020.076,59101.906,2,255,612.207,348.539,NA,6.626,0.022,30.964,12.529
5094,34,121,383.333,1020.076,59401.915,2,255,615.995,345.816,NA,3.788,0.013,0,-30.964
5095,34,122,390.53,1017.045,59701.925,2,255,623.804,338.558,NA,7.809,0.026,-22.834,-22.834
5096,34,123,392.045,1000.379,60001.935,2,190,640.539,325.931,NA,16.735,0.056,-84.806,-61.972
5097,34,124,387.5,985.606,60301.944,2,253,655.996,319.524,NA,15.456,0.052,-107.103,-22.297
5098,34,125,375,965.909,60601.954,2,255,679.324,317.146,NA,23.329,0.078,-122.4,-15.297
5099,34,126,364.773,957.197,60901.964,2,255,692.759,320.529,NA,13.435,0.045,-139.574,-17.174
5100,34,127,355.303,953.788,61201.974,2,255,702.824,326.6,NA,10.065,0.034,-160.201,-20.627
5101,34,128,333.712,954.924,61501.983,2,142,724.445,345.601,NA,21.621,0.072,176.987,-22.812
5102,34,129,320.833,965.152,61801.993,2,204,740.89,361.901,NA,16.446,0.055,141.546,-35.441
5103,34,130,308.333,975.758,62102.003,2,166,757.283,378.087,NA,16.393,0.055,139.686,-1.86
5104,34,131,304.167,973.106,62402.012,2,124,762.222,380.288,NA,4.939,0.016,-147.529,72.785
5105,34,132,299.242,967.045,62702.022,2,115,770.031,381.503,NA,7.809,0.026,-129.094,18.435
5106,34,133,299.242,966.667,63002.032,2,165,770.41,381.316,NA,0.379,0.001,-90,39.094
5107,34,134,299.242,966.667,63302.041,2,255,770.41,381.316,NA,0,0,0,90
5108,34,135,299.242,966.667,63602.051,2,101,770.41,381.316,NA,0,0,0,0
5109,34,136,280.682,978.03,63902.061,2,233,792.173,403.067,NA,21.763,0.073,148.523,148.523
5110,34,137,264.015,973.864,64202.07,2,163,809.353,415.664,NA,17.18,0.057,-165.964,45.513
5111,34,138,262.5,969.697,64502.08,2,205,813.786,415.07,NA,4.434,0.015,-109.983,55.981
5112,34,139,258.333,969.697,64802.09,2,118,817.953,418.774,NA,4.167,0.014,180,-70.017
5113,34,140,245.455,962.5,65102.099,2,255,832.706,427.133,NA,14.753,0.049,-150.803,29.197
5114,34,141,237.879,960.227,65402.109,2,179,840.615,433.027,NA,7.909,0.026,-163.301,-12.498
5115,34,142,237.879,960.227,65702.119,2,255,840.615,433.027,NA,0,0,0,163.301
5116,34,143,237.879,960.227,66002.128,2,255,840.615,433.027,NA,0,0,0,0
5117,34,144,229.924,960.227,66302.138,2,234,848.57,440.262,NA,7.955,0.027,180,180
5118,34,145,229.924,960.227,66602.148,2,222,848.57,440.262,NA,0,0,0,-180
5119,34,146,229.924,960.227,66902.157,2,183,848.57,440.262,NA,0,0,0,0
5120,34,147,235.227,964.015,67202.167,2,185,855.087,437.028,NA,6.517,0.022,35.538,35.538
5121,34,148,235.227,964.015,67502.177,2,255,855.087,437.028,NA,0,0,0,-35.538
5122,34,149,242.045,964.015,67802.186,2,255,861.905,430.862,NA,6.818,0.023,0,0
5123,34,150,242.045,964.015,68102.196,2,251,861.905,430.862,NA,0,0,0,0
5124,34,151,242.045,964.015,68402.206,2,255,861.905,430.862,NA,0,0,0,0
5125,34,152,242.045,964.015,68702.215,2,255,861.905,430.862,NA,0,0,0,0
5126,34,153,242.045,964.015,69002.225,2,255,861.905,430.862,NA,0,0,0,0
5127,34,154,242.045,964.015,69302.235,2,255,861.905,430.862,NA,0,0,0,0
5128,34,155,235.227,960.606,69602.244,2,255,869.528,435.594,NA,7.623,0.025,-153.435,-153.435
5129,34,156,226.894,960.606,69902.254,2,199,877.861,443.18,NA,8.333,0.028,180,-26.565
5130,34,157,226.894,960.606,70202.264,2,181,877.861,443.18,NA,0,0,0,-180
5131,34,158,226.894,960.606,70502.273,2,255,877.861,443.18,NA,0,0,0,0
5132,34,159,226.894,960.606,70802.283,2,255,877.861,443.18,NA,0,0,0,0
5133,34,160,215.909,956.439,71102.293,2,157,889.61,451.565,NA,11.749,0.039,-159.228,-159.228
5134,34,161,215.909,956.439,71402.302,2,189,889.61,451.565,NA,0,0,0,159.228
5135,34,162,219.697,956.439,71702.312,2,149,893.398,448.085,NA,3.788,0.013,0,0
5136,34,165,222.727,956.439,72002.322,2,150,896.428,445.305,NA,3.03,0.01,0,0
5137,35,1,617.045,965.53,27900.9,2,43,0,0,NA,NA,NA,NA,NA
5138,35,2,616.667,973.106,28200.909,2,12,7.585,7.585,NA,7.585,0.025,92.862,NA
5139,35,3,608.333,1002.652,28500.919,2,86,38.283,38.13,NA,30.698,0.102,105.751,12.889
5140,35,4,594.697,1020.833,28800.929,2,90,61.011,59.648,NA,22.727,0.076,126.87,21.119
5141,35,5,595.076,1024.621,29100.938,2,149,64.817,63.043,NA,3.807,0.013,84.289,-42.58
5142,35,6,595.076,1024.621,29400.948,2,17,64.817,63.043,NA,0,0,0,-84.289
5143,35,7,575.379,1037.5,29700.958,2,73,88.351,83.161,NA,23.534,0.078,146.821,146.821
5144,35,8,574.242,1057.576,30000.967,2,134,108.459,101.511,NA,20.108,0.067,93.24,-53.582
5145,35,9,573.864,1075.379,30300.977,2,40,126.266,118.031,NA,17.807,0.059,91.219,-2.021
5146,35,10,573.864,1075.758,30600.987,2,149,126.645,118.384,NA,0.379,0.001,90,-1.219
5147,35,11,570.833,1086.742,30900.996,2,143,138.04,129.723,NA,11.395,0.038,105.422,15.422
5148,35,12,570.833,1094.697,31201.006,2,128,145.995,137.185,NA,7.955,0.027,90,-15.422
5149,35,13,573.864,1101.894,31501.016,2,196,153.803,143.037,NA,7.809,0.026,67.166,-22.834
5150,35,14,573.485,1101.515,31801.025,2,188,154.339,142.791,NA,0.536,0.002,-135,157.834
5151,35,15,582.576,1107.197,32101.035,2,95,165.06,145.8,NA,10.72,0.036,32.005,167.005
5152,35,16,589.394,1117.045,32401.045,2,155,177.038,154.018,NA,11.978,0.04,55.305,23.299
5153,35,17,589.394,1117.045,32701.054,2,255,177.038,154.018,NA,0,0,0,-55.305
5154,35,18,592.045,1117.045,33001.064,2,193,179.689,153.564,NA,2.652,0.009,0,0
5155,35,19,597.348,1126.894,33301.074,2,230,190.875,162.561,NA,11.185,0.037,61.699,61.699
5156,35,20,600.379,1136.742,33601.083,2,208,201.179,172.021,NA,10.304,0.034,72.897,11.198
5157,35,21,600.379,1137.879,33901.093,2,120,202.315,173.152,NA,1.136,0.004,90,17.103
5158,35,22,593.182,1137.879,34201.103,2,252,209.512,173.993,NA,7.197,0.024,180,90
5159,35,23,591.667,1142.045,34501.113,2,231,213.946,178.33,NA,4.434,0.015,109.983,-70.017
5160,35,24,591.667,1150,34801.122,2,226,221.901,186.207,NA,7.955,0.027,90,-19.983
5161,35,25,591.667,1150,35101.132,2,161,221.901,186.207,NA,0,0,0,-90
5162,35,26,585.985,1150,35401.142,2,200,227.582,187.066,NA,5.682,0.019,180,180
5163,35,27,575.379,1157.955,35701.151,2,209,240.84,196.884,NA,13.258,0.044,143.13,-36.87
5164,35,28,575.379,1157.955,36001.161,2,161,240.84,196.884,NA,0,0,0,-143.13
5165,35,29,573.485,1168.182,36301.171,2,235,251.241,207.28,NA,10.401,0.035,100.491,100.491
5166,35,30,573.485,1168.182,36601.18,2,253,251.241,207.28,NA,0,0,0,-100.491
5167,35,31,568.939,1171.97,36901.19,2,177,257.158,211.97,NA,5.917,0.02,140.194,140.194
5168,35,32,568.939,1181.818,37201.2,2,238,267.006,221.573,NA,9.848,0.033,90,-50.194
5169,35,33,576.894,1193.939,37501.209,2,182,281.505,231.911,NA,14.498,0.048,56.725,-33.275
5170,35,34,576.894,1201.894,37801.219,2,173,289.459,239.75,NA,7.955,0.027,90,33.275
5171,35,35,576.894,1213.636,38101.229,2,171,301.202,251.334,NA,11.742,0.039,90,0
5172,35,36,583.712,1228.788,38401.238,2,117,317.817,265.359,NA,16.615,0.055,65.772,-24.228
5173,35,37,585.227,1234.091,38701.248,2,222,323.332,270.439,NA,5.515,0.018,74.055,8.282
5174,35,38,590.53,1236.364,39001.258,2,255,329.101,272.128,NA,5.77,0.019,23.199,-50.856
5175,35,39,590.53,1242.803,39301.267,2,255,335.541,278.538,NA,6.439,0.021,90,66.801
5176,35,40,594.318,1255.303,39601.277,2,234,348.602,290.663,NA,13.061,0.044,73.142,-16.858
5177,35,41,598.106,1255.682,39901.287,2,255,352.409,290.769,NA,3.807,0.013,5.711,-67.431
5178,35,42,598.106,1264.015,40201.296,2,241,360.742,299.085,NA,8.333,0.028,90,84.289
5179,35,43,597.727,1267.803,40501.306,2,164,364.549,302.889,NA,3.807,0.013,95.711,5.711
5180,35,44,585.227,1267.045,40801.316,2,225,377.072,303.189,NA,12.523,0.042,-176.532,87.758
5181,35,45,577.273,1260.985,41101.325,2,171,387.072,298.12,NA,10,0.033,-142.696,33.836
5182,35,46,563.258,1260.227,41401.335,2,187,401.108,299.565,NA,14.036,0.047,-176.906,-34.21
5183,35,47,554.924,1258.712,41701.345,2,203,409.578,299.691,NA,8.47,0.028,-169.695,7.211
5184,35,48,554.924,1258.712,42001.354,2,165,409.578,299.691,NA,0,0,0,169.695
5185,35,49,554.924,1253.788,42301.364,2,186,414.502,294.875,NA,4.924,0.016,-90,-90
5186,35,50,568.561,1253.788,42601.374,2,140,428.138,292.307,NA,13.636,0.045,0,90
5187,35,51,579.545,1253.788,42901.383,2,69,439.123,290.687,NA,10.985,0.037,0,0
5188,35,52,579.545,1260.227,43201.393,2,95,445.563,297.073,NA,6.439,0.021,90,90
5189,35,53,580.682,1264.015,43501.403,2,88,449.517,300.692,NA,3.955,0.013,73.301,-16.699
5190,35,54,580.682,1264.015,43801.412,2,103,449.517,300.692,NA,0,0,0,-73.301
5191,35,55,568.939,1271.212,44101.422,2,138,463.29,309.444,NA,13.772,0.046,148.496,148.496
5192,35,56,566.288,1261.742,44401.432,2,62,473.124,300.529,NA,9.834,0.033,-105.642,105.862
5193,35,57,557.197,1256.439,44701.441,2,196,483.648,297.002,NA,10.525,0.035,-149.744,-44.101
5194,35,58,557.197,1256.439,45001.451,2,255,483.648,297.002,NA,0,0,0,149.744
5195,35,59,552.273,1256.439,45301.461,2,200,488.572,298.033,NA,4.924,0.016,180,180
5196,35,60,556.439,1258.333,45601.47,2,255,493.149,299.01,NA,4.577,0.015,24.444,-155.556
5197,35,61,565.152,1262.879,45901.48,2,150,502.976,301.843,NA,9.827,0.033,27.553,3.109
5198,35,62,565.152,1262.879,46201.49,2,197,502.976,301.843,NA,0,0,0,-27.553
5199,35,63,565.152,1262.879,46501.499,2,226,502.976,301.843,NA,0,0,0,0
5200,35,64,565.152,1262.879,46801.509,2,255,502.976,301.843,NA,0,0,0,0
5201,35,65,565.152,1262.879,47101.519,2,190,502.976,301.843,NA,0,0,0,0
5202,35,66,571.97,1261.364,47401.529,2,164,509.96,299.248,NA,6.985,0.023,-12.529,-12.529
5203,35,67,571.97,1261.364,47701.538,2,227,509.96,299.248,NA,0,0,0,12.529
5204,35,68,561.742,1259.848,48001.548,2,255,520.299,299.469,NA,10.339,0.034,-171.573,-171.573
5205,35,69,561.742,1257.576,48301.558,2,235,522.572,297.236,NA,2.273,0.008,-90,81.573
5206,35,70,564.015,1257.576,48601.567,2,247,524.845,296.821,NA,2.273,0.008,0,90
5207,35,71,564.015,1257.576,48901.577,2,225,524.845,296.821,NA,0,0,0,0
5208,35,72,564.015,1257.576,49201.587,2,184,524.845,296.821,NA,0,0,0,0
5209,35,73,554.924,1255.682,49501.596,2,215,534.131,296.727,NA,9.286,0.031,-168.232,-168.232
5210,35,74,554.924,1252.652,49801.606,2,236,537.161,293.765,NA,3.03,0.01,-90,78.232
5211,35,75,557.197,1251.515,50101.616,2,237,539.702,292.18,NA,2.541,0.008,-26.565,63.435
5212,35,76,557.955,1250,50401.625,2,191,541.396,290.542,NA,1.694,0.006,-63.435,-36.87
5213,35,77,557.955,1250,50701.635,2,114,541.396,290.542,NA,0,0,0,63.435
5214,35,78,560.606,1240.909,51001.645,2,223,550.866,281.103,NA,9.47,0.032,-73.74,-73.74
5215,35,79,560.606,1240.909,51301.654,2,122,550.866,281.103,NA,0,0,0,73.74
5216,35,80,547.727,1253.03,51601.664,2,218,568.552,295.738,NA,17.686,0.059,136.736,136.736
5217,35,81,549.242,1253.03,51901.674,2,214,570.067,295.387,NA,1.515,0.005,0,-136.736
5218,35,82,556.061,1253.03,52201.683,2,243,576.885,293.897,NA,6.818,0.023,0,0
5219,35,83,556.439,1252.652,52501.693,2,224,577.421,293.448,NA,0.536,0.002,-45,-45
5220,35,84,571.212,1252.652,52801.703,2,117,592.193,290.756,NA,14.773,0.049,0,45
5221,35,85,576.136,1266.667,53101.712,2,230,607.048,303.902,NA,14.855,0.05,70.641,70.641
5222,35,86,579.545,1268.939,53401.722,2,221,611.146,305.718,NA,4.097,0.014,33.69,-36.951
5223,35,87,579.545,1272.348,53701.732,2,158,614.555,309.101,NA,3.409,0.011,90,56.31
5224,35,88,558.712,1267.045,54001.741,2,238,636.052,307.106,NA,21.498,0.072,-165.719,104.281
5225,35,89,556.061,1259.47,54301.751,2,226,644.079,300.199,NA,8.026,0.027,-109.29,56.429
5226,35,90,548.485,1259.091,54601.761,2,140,651.664,301.46,NA,7.585,0.025,-177.138,-67.848
5227,35,91,548.485,1259.091,54901.77,2,171,651.664,301.46,NA,0,0,0,177.138
5228,35,92,539.394,1258.712,55201.78,2,83,660.763,303.291,NA,9.099,0.03,-177.614,-177.614
5229,35,93,539.394,1258.333,55501.79,2,126,661.142,302.925,NA,0.379,0.001,-90,87.614
5230,35,94,539.394,1258.333,55801.799,2,66,661.142,302.925,NA,0,0,0,90
5231,35,95,545.455,1258.333,56101.809,2,141,667.202,301.428,NA,6.061,0.02,0,0
5232,35,96,552.273,1258.333,56401.819,2,233,674.02,299.882,NA,6.818,0.023,0,0
5233,35,97,552.273,1262.121,56701.828,2,255,677.808,303.581,NA,3.788,0.013,90,90
5234,35,98,552.273,1262.121,57001.838,2,195,677.808,303.581,NA,0,0,0,-90
5235,35,99,552.273,1262.121,57301.848,2,212,677.808,303.581,NA,0,0,0,0
5236,35,100,552.273,1262.121,57601.857,2,224,677.808,303.581,NA,0,0,0,0
5237,35,101,550,1258.712,57901.867,2,215,681.905,300.75,NA,4.097,0.014,-123.69,-123.69
5238,35,102,550,1258.712,58201.877,2,217,681.905,300.75,NA,0,0,0,123.69
5239,35,103,550,1253.03,58501.886,2,235,687.587,295.214,NA,5.682,0.019,-90,-90
5240,35,104,550,1253.03,58801.896,2,219,687.587,295.214,NA,0,0,0,90
5241,35,105,548.864,1248.485,59101.906,2,243,692.273,291.053,NA,4.685,0.016,-104.036,-104.036
5242,35,106,548.864,1248.485,59401.915,2,188,692.273,291.053,NA,0,0,0,104.036
5243,35,107,548.864,1256.061,59701.925,2,255,699.848,298.424,NA,7.576,0.025,90,90
5244,35,108,548.864,1256.061,60001.935,2,195,699.848,298.424,NA,0,0,0,-90
5245,35,109,548.864,1256.061,60301.944,2,254,699.848,298.424,NA,0,0,0,0
5246,35,110,548.864,1263.258,60601.954,2,58,707.045,305.435,NA,7.197,0.024,90,90
5247,35,111,548.864,1263.258,60901.964,2,131,707.045,305.435,NA,0,0,0,-90
5248,35,112,551.515,1269.318,61201.974,2,139,713.661,310.775,NA,6.615,0.022,66.371,66.371
5249,35,113,551.515,1269.318,61501.983,2,219,713.661,310.775,NA,0,0,0,-66.371
5250,35,114,551.515,1276.136,61801.993,2,183,720.479,317.443,NA,6.818,0.023,90,90
5251,35,115,555.682,1276.136,62102.003,2,92,724.645,316.61,NA,4.167,0.014,0,-90
5252,35,116,562.121,1274.621,62402.012,2,151,731.261,313.933,NA,6.615,0.022,-13.241,-13.241
5253,35,117,562.121,1274.621,62702.022,2,123,731.261,313.933,NA,0,0,0,13.241
5254,35,118,565.909,1274.621,63002.032,2,223,735.049,313.292,NA,3.788,0.013,0,0
5255,35,119,567.045,1274.621,63302.041,2,205,736.185,313.109,NA,1.136,0.004,0,0
5256,35,120,567.045,1270.833,63602.051,2,153,739.973,309.37,NA,3.788,0.013,-90,-90
5257,35,121,567.045,1270.833,63902.061,2,245,739.973,309.37,NA,0,0,0,90
5258,35,122,574.242,1270.455,64202.07,2,216,747.18,307.914,NA,7.207,0.024,-3.013,-3.013
5259,35,123,574.242,1270.455,64502.08,2,171,747.18,307.914,NA,0,0,0,3.013
5260,35,124,574.242,1270.455,64802.09,2,218,747.18,307.914,NA,0,0,0,0
5261,35,125,574.242,1270.455,65102.099,2,213,747.18,307.914,NA,0,0,0,0
5262,35,126,574.242,1270.455,65402.109,2,212,747.18,307.914,NA,0,0,0,0
5263,35,127,565.53,1271.212,65702.119,2,244,755.925,309.992,NA,8.745,0.029,175.03,175.03
5264,35,128,560.606,1275.379,66002.128,2,120,762.375,314.947,NA,6.451,0.022,139.764,-35.267
5265,35,129,559.848,1275,66302.138,2,219,763.222,314.711,NA,0.847,0.003,-153.435,66.801
5266,35,130,559.848,1275,66602.148,2,254,763.222,314.711,NA,0,0,0,153.435
5267,35,131,559.848,1275,66902.157,2,163,763.222,314.711,NA,0,0,0,0
5268,35,132,557.576,1286.364,67202.167,2,210,774.811,326.298,NA,11.589,0.039,101.31,101.31
5269,35,133,557.576,1297.727,67502.177,2,22,786.175,337.478,NA,11.364,0.038,90,-11.31
5270,35,134,557.576,1297.727,67802.186,2,77,786.175,337.478,NA,0,0,0,-90
5271,35,135,560.227,1297.727,68102.196,2,60,788.826,337.021,NA,2.652,0.009,0,0
5272,35,136,560.227,1297.727,68402.206,2,108,788.826,337.021,NA,0,0,0,0
5273,35,137,560.227,1297.727,68702.215,2,88,788.826,337.021,NA,0,0,0,0
5274,35,138,559.848,1302.273,69002.225,2,77,793.387,341.565,NA,4.561,0.015,94.764,94.764
5275,35,139,555.303,1302.273,69302.235,2,132,797.933,342.356,NA,4.545,0.015,180,85.236
5276,35,140,551.136,1302.273,69602.244,2,117,802.099,343.132,NA,4.167,0.014,180,0
5277,35,141,550.758,1304.167,69902.254,2,162,804.031,345.063,NA,1.931,0.006,101.31,-78.69
5278,35,142,550.758,1304.924,70202.264,2,122,804.788,345.807,NA,0.758,0.003,90,-11.31
5279,35,143,553.409,1305.682,70502.273,2,162,807.546,346.053,NA,2.758,0.009,15.945,-74.055
5280,35,144,553.409,1305.682,70802.283,2,169,807.546,346.053,NA,0,0,0,-15.945
5281,35,145,552.652,1311.742,71102.293,2,67,813.654,352.15,NA,6.108,0.02,97.125,97.125
5282,35,146,552.652,1311.742,71402.302,2,237,813.654,352.15,NA,0,0,0,-97.125
5283,35,147,552.652,1311.742,71702.312,2,255,813.654,352.15,NA,0,0,0,0
5284,35,150,543.561,1322.348,72002.322,2,137,827.623,364.307,NA,13.969,0.047,130.601,130.601
5285,36,1,750.758,555.682,32701.054,2,128,0,0,NA,NA,NA,NA,NA
5286,36,2,744.318,550.379,33001.064,2,67,8.342,8.342,NA,8.342,0.028,-140.528,NA
5287,36,3,743.561,547.348,33301.074,2,78,11.466,11.011,NA,3.124,0.01,-104.036,36.491
5288,36,4,743.561,547.348,33601.083,2,58,11.466,11.011,NA,0,0,0,104.036
5289,36,5,743.561,542.045,33901.093,2,117,16.769,15.419,NA,5.303,0.018,-90,-90
5290,36,6,743.561,537.121,34201.103,2,84,21.693,19.907,NA,4.924,0.016,-90,0
5291,36,7,751.515,537.121,34501.113,2,131,29.647,18.576,NA,7.955,0.027,0,90
5292,36,8,753.03,537.121,34801.122,2,109,31.162,18.699,NA,1.515,0.005,0,0
5293,36,9,757.576,541.288,35101.132,2,90,37.329,15.927,NA,6.166,0.021,42.51,42.51
5294,36,10,765.53,535.985,35401.142,2,78,46.889,24.621,NA,9.56,0.032,-33.69,-76.201
5295,36,11,767.045,528.788,35701.151,2,99,54.244,31.442,NA,7.355,0.025,-78.111,-44.421
5296,36,12,767.045,528.788,36001.161,2,130,54.244,31.442,NA,0,0,0,78.111
5297,36,13,767.045,528.788,36301.171,2,116,54.244,31.442,NA,0,0,0,0
5298,36,14,767.045,528.788,36601.18,2,36,54.244,31.442,NA,0,0,0,0
5299,36,15,756.061,528.788,36901.19,2,154,65.228,27.412,NA,10.985,0.037,180,180
5300,36,16,746.97,524.242,37201.2,2,164,75.392,31.667,NA,10.164,0.034,-153.435,26.565
5301,36,17,731.061,513.258,37501.209,2,107,94.725,46.774,NA,19.333,0.064,-145.376,8.059
5302,36,18,740.152,508.712,37801.219,2,67,104.889,48.152,NA,10.164,0.034,-26.565,118.811
5303,36,19,751.136,495.076,38101.229,2,192,122.4,60.607,NA,17.51,0.058,-51.147,-24.582
5304,36,20,762.5,463.636,38401.238,2,142,155.83,92.791,NA,33.43,0.111,-70.128,-18.981
5305,36,21,751.515,420.076,38701.248,2,79,200.754,135.608,NA,44.924,0.15,-104.153,-34.026
5306,36,22,746.97,410.985,39001.258,2,145,210.918,144.747,NA,10.164,0.034,-116.565,-12.412
5307,36,23,749.621,393.939,39301.267,2,162,228.169,161.746,NA,17.25,0.057,-81.158,35.407
5308,36,24,745.455,403.03,39601.277,2,248,238.169,152.744,NA,10,0.033,114.624,-164.218
5309,36,25,740.152,403.03,39901.287,2,255,243.472,153.02,NA,5.303,0.018,180,65.376
5310,36,26,740.152,403.03,40201.296,2,239,243.472,153.02,NA,0,0,0,-180
5311,36,27,740.152,403.03,40501.306,2,255,243.472,153.02,NA,0,0,0,0
5312,36,28,740.152,403.03,40801.316,2,255,243.472,153.02,NA,0,0,0,0
5313,36,29,740.152,403.03,41101.325,2,255,243.472,153.02,NA,0,0,0,0
5314,36,30,740.152,403.03,41401.335,2,255,243.472,153.02,NA,0,0,0,0
5315,36,31,740.152,403.03,41701.345,2,240,243.472,153.02,NA,0,0,0,0
5316,36,32,740.152,403.03,42001.354,2,237,243.472,153.02,NA,0,0,0,0
5317,36,33,740.152,401.136,42301.364,2,255,245.366,154.909,NA,1.894,0.006,-90,-90
5318,36,34,740.152,401.136,42601.374,2,255,245.366,154.909,NA,0,0,0,90
5319,36,35,742.045,401.136,42901.383,2,173,247.26,154.791,NA,1.894,0.006,0,0
5320,36,36,745.076,396.97,43201.393,2,255,252.412,158.814,NA,5.152,0.017,-53.973,-53.973
5321,36,37,745.076,396.97,43501.403,2,227,252.412,158.814,NA,0,0,0,53.973
5322,36,38,744.318,396.591,43801.412,2,133,253.259,159.221,NA,0.847,0.003,-153.435,-153.435
5323,36,39,744.318,390.152,44101.422,2,148,259.698,165.656,NA,6.439,0.021,-90,63.435
5324,36,40,747.348,393.939,44401.432,2,184,264.549,161.778,NA,4.851,0.016,51.34,141.34
5325,36,41,746.97,387.879,44701.441,2,214,270.622,167.846,NA,6.072,0.02,-93.576,-144.917
5326,36,42,746.97,387.879,45001.451,2,228,270.622,167.846,NA,0,0,0,93.576
5327,36,43,742.045,394.318,45301.461,2,252,278.728,161.599,NA,8.106,0.027,127.405,127.405
5328,36,44,737.879,402.652,45601.47,2,255,288.045,153.571,NA,9.317,0.031,116.565,-10.84
5329,36,45,732.197,404.545,45901.48,2,225,294.034,152.272,NA,5.989,0.02,161.565,45
5330,36,46,732.197,404.545,46201.49,2,227,294.034,152.272,NA,0,0,0,-161.565
5331,36,47,732.197,404.545,46501.499,2,13,294.034,152.272,NA,0,0,0,0
5332,36,48,746.97,387.121,46801.509,2,186,316.878,168.603,NA,22.844,0.076,-49.708,-49.708
5333,36,49,754.167,374.242,47101.519,2,164,331.631,181.471,NA,14.753,0.049,-60.803,-11.095
5334,36,50,757.955,365.152,47401.529,2,218,341.48,190.666,NA,9.848,0.033,-67.38,-6.578
5335,36,51,757.955,365.152,47701.538,2,251,341.48,190.666,NA,0,0,0,67.38
5336,36,52,756.818,382.955,48001.548,2,185,359.319,172.834,NA,17.839,0.059,93.652,93.652
5337,36,53,750,382.955,48301.558,2,178,366.137,172.729,NA,6.818,0.023,180,86.348
5338,36,54,748.864,372.348,48601.567,2,232,376.804,183.343,NA,10.667,0.036,-96.116,83.884
5339,36,55,745.076,370.455,48901.577,2,199,381.039,185.314,NA,4.235,0.014,-153.435,-57.319
5340,36,56,738.258,376.515,49201.587,2,208,390.161,179.602,NA,9.122,0.03,138.366,-68.199
5341,36,57,734.091,376.515,49501.596,2,142,394.328,179.94,NA,4.167,0.014,180,41.634
5342,36,58,717.803,365.152,49801.606,2,175,414.188,193.359,NA,19.86,0.066,-145.098,34.902
5343,36,59,710.227,351.136,50101.616,2,100,430.12,208.522,NA,15.932,0.053,-118.393,26.704
5344,36,60,709.848,351.136,50401.625,2,208,430.498,208.596,NA,0.379,0.001,180,-61.607
5345,36,61,704.924,345.455,50701.635,2,114,438.017,215.166,NA,7.519,0.025,-130.914,49.086
5346,36,62,697.727,345.455,51001.645,2,199,445.214,216.813,NA,7.197,0.024,180,-49.086
5347,36,63,687.879,342.424,51301.654,2,139,455.518,222.334,NA,10.304,0.034,-162.897,17.103
5348,36,64,681.818,327.273,51601.664,2,236,471.837,238.586,NA,16.319,0.054,-111.801,51.096
5349,36,65,676.894,313.636,51901.674,2,234,486.335,253.065,NA,14.498,0.048,-109.855,1.946
5350,36,66,675.379,310.606,52201.683,2,250,489.723,256.406,NA,3.388,0.011,-116.565,-6.71
5351,36,67,665.909,311.742,52501.693,2,255,499.261,258.274,NA,9.538,0.032,173.157,-70.278
5352,36,68,655.682,311.742,52801.703,2,253,509.488,261.813,NA,10.227,0.034,180,6.843
5353,36,69,655.682,313.258,53101.712,2,255,511.003,260.401,NA,1.515,0.005,90,-90
5354,36,70,642.803,310.227,53401.722,2,222,524.234,268.146,NA,13.23,0.044,-166.759,103.241
5355,36,71,676.136,311.364,53701.732,2,105,557.586,255.46,NA,33.353,0.111,1.953,168.712
5356,36,72,689.015,314.394,54001.741,2,209,570.817,249.062,NA,13.23,0.044,13.241,11.288
5357,36,73,689.015,314.394,54301.751,2,206,570.817,249.062,NA,0,0,0,-13.241
5358,36,74,694.318,319.697,54601.761,2,229,578.317,242.64,NA,7.5,0.025,45,45
5359,36,75,694.318,312.5,54901.77,2,255,585.514,249.645,NA,7.197,0.024,-90,-135
5360,36,76,686.742,305.682,55201.78,2,193,595.706,258.066,NA,10.192,0.034,-138.013,-48.013
5361,36,77,677.652,310.985,55501.79,2,177,606.23,255.384,NA,10.525,0.035,149.744,-72.244
5362,36,78,677.652,310.985,55801.799,2,142,606.23,255.384,NA,0,0,0,-149.744
5363,36,79,665.152,315.152,56101.809,2,212,619.406,255.31,NA,13.176,0.044,161.565,161.565
5364,36,80,660.227,300.758,56401.819,2,91,634.619,270.522,NA,15.213,0.051,-108.886,89.549
5365,36,81,669.697,296.591,56701.828,2,201,644.965,271.475,NA,10.346,0.034,-23.749,85.137
5366,36,82,672.727,290.909,57001.838,2,41,651.405,276.031,NA,6.439,0.021,-61.928,-38.178
5367,36,83,682.955,289.015,57301.848,2,184,661.806,275.152,NA,10.401,0.035,-10.491,51.436
5368,36,84,682.955,280.303,57601.857,2,126,670.518,283.603,NA,8.712,0.029,-90,-79.509
5369,36,85,694.697,267.045,57901.867,2,241,688.228,294.03,NA,17.71,0.059,-48.468,41.532
5370,36,86,694.697,267.045,58201.877,2,253,688.228,294.03,NA,0,0,0,48.468
5371,36,87,694.697,273.485,58501.886,2,255,694.667,287.712,NA,6.439,0.021,90,90
5372,36,88,699.621,265.53,58801.896,2,236,704.023,294.623,NA,9.355,0.031,-58.241,-148.241
5373,36,89,697.348,259.47,59101.906,2,194,710.495,300.989,NA,6.473,0.022,-110.556,-52.316
5374,36,90,686.742,259.47,59401.915,2,235,721.102,303.05,NA,10.606,0.035,180,-69.444
5375,36,91,686.742,258.712,59701.925,2,237,721.859,303.791,NA,0.758,0.003,-90,90
5376,36,92,680.682,256.061,60001.935,2,140,728.474,307.707,NA,6.615,0.022,-156.371,-66.371
5377,36,93,677.273,262.121,60301.944,2,199,735.428,302.618,NA,6.954,0.023,119.358,-84.272
5378,36,94,677.273,262.121,60601.954,2,162,735.428,302.618,NA,0,0,0,-119.358
5379,36,95,673.485,254.924,60901.964,2,176,743.561,310.526,NA,8.133,0.027,-117.759,-117.759
5380,36,96,678.03,254.924,61201.974,2,177,748.106,309.426,NA,4.545,0.015,0,117.759
5381,36,97,678.03,254.924,61501.983,2,211,748.106,309.426,NA,0,0,0,0
5382,36,98,678.03,254.924,61801.993,2,119,748.106,309.426,NA,0,0,0,0
5383,36,99,678.03,254.924,62102.003,2,210,748.106,309.426,NA,0,0,0,0
5384,36,100,673.106,246.212,62402.012,2,245,758.114,319.063,NA,10.007,0.033,-119.476,-119.476
5385,36,101,673.106,245.833,62702.022,2,207,758.493,319.43,NA,0.379,0.001,-90,29.476
5386,36,102,672.348,231.818,63002.032,2,241,772.528,333.22,NA,14.036,0.047,-93.094,-3.094
5387,36,103,672.348,223.485,63302.041,2,190,780.862,341.325,NA,8.333,0.028,-90,3.094
5388,36,104,667.045,220.833,63602.051,2,255,786.791,345.154,NA,5.929,0.02,-153.435,-63.435
5389,36,105,666.667,216.667,63902.061,2,81,790.974,349.289,NA,4.184,0.014,-95.194,58.241
5390,36,106,666.667,208.712,64202.07,2,132,798.929,357.014,NA,7.955,0.027,-90,5.194
5391,36,107,679.545,206.439,64502.08,2,57,812.007,356.429,NA,13.078,0.044,-10.008,79.992
5392,36,108,699.242,196.97,64802.09,2,130,833.862,362.392,NA,21.855,0.073,-25.677,-15.669
5393,36,109,714.015,170.833,65102.099,2,234,863.884,386.598,NA,30.022,0.1,-60.524,-34.847
5394,36,110,706.439,160.227,65402.109,2,117,876.918,397.93,NA,13.034,0.043,-125.538,-65.014
5395,36,111,698.106,142.803,65702.119,2,46,896.232,416.222,NA,19.314,0.064,-115.56,9.978
5396,36,112,698.106,143.182,66002.128,2,203,896.611,415.847,NA,0.379,0.001,90,-154.44
5397,36,113,692.045,133.333,66302.138,2,125,908.175,426.41,NA,11.564,0.039,-121.608,148.392
5398,36,114,690.909,117.424,66602.148,2,57,924.125,442.325,NA,15.95,0.053,-94.086,27.522
5399,37,1,1010.859,875,42901.383,2,106,0,0,NA,NA,NA,NA,NA
5400,37,2,1014.394,875,43201.393,2,122,3.535,3.535,NA,3.535,0.012,0,NA
5401,37,3,1014.394,875.505,43501.403,2,135,4.04,3.571,NA,0.505,0.002,90,90
5402,37,4,1017.929,879.545,43801.412,2,255,9.409,8.406,NA,5.369,0.018,48.814,-41.186
5403,37,5,1017.929,879.545,44101.422,2,255,9.409,8.406,NA,0,0,0,-48.814
5404,37,6,1017.929,879.545,44401.432,2,172,9.409,8.406,NA,0,0,0,0
5405,37,7,1017.929,879.545,44701.441,2,255,9.409,8.406,NA,0,0,0,0
5406,37,8,1017.929,879.545,45001.451,2,255,9.409,8.406,NA,0,0,0,0
5407,37,9,1017.929,879.545,45301.461,2,255,9.409,8.406,NA,0,0,0,0
5408,37,10,1017.929,879.545,45601.47,2,245,9.409,8.406,NA,0,0,0,0
5409,37,11,1023.485,878.535,45901.48,2,255,15.056,13.112,NA,5.647,0.019,-10.305,-10.305
5410,37,12,1023.485,878.535,46201.49,2,204,15.056,13.112,NA,0,0,0,10.305
5411,37,13,1023.485,880.556,46501.499,2,255,17.076,13.794,NA,2.02,0.007,90,90
5412,37,14,1023.485,880.556,46801.509,2,255,17.076,13.794,NA,0,0,0,-90
5413,37,15,1023.485,880.556,47101.519,2,242,17.076,13.794,NA,0,0,0,0
5414,37,16,1023.485,880.556,47401.529,2,241,17.076,13.794,NA,0,0,0,0
5415,37,17,1036.111,880.556,47701.538,2,172,29.702,25.856,NA,12.626,0.042,0,0
5416,37,18,1040.152,879.545,48001.548,2,186,33.867,29.643,NA,4.165,0.014,-14.036,-14.036
5417,37,19,1054.798,879.545,48301.558,2,255,48.513,44.174,NA,14.646,0.049,0,14.036
5418,37,20,1054.798,879.545,48601.567,2,207,48.513,44.174,NA,0,0,0,0
5419,37,21,1054.798,886.111,48901.577,2,248,55.079,45.322,NA,6.566,0.022,90,90
5420,37,22,1056.313,891.162,49201.587,2,251,60.352,48.242,NA,5.273,0.018,73.301,-16.699
5421,37,23,1059.848,897.222,49501.596,2,255,67.368,53.794,NA,7.016,0.023,59.744,-13.557
5422,37,24,1059.848,897.222,49801.606,2,255,67.368,53.794,NA,0,0,0,-59.744
5423,37,25,1059.848,897.222,50101.616,2,116,67.368,53.794,NA,0,0,0,0
5424,37,26,1074.495,907.323,50401.625,2,130,85.16,71.375,NA,17.792,0.059,34.592,34.592
5425,37,27,1094.192,923.485,50701.635,2,253,110.639,96.412,NA,25.479,0.085,39.369,4.777
5426,37,28,1094.192,923.485,51001.645,2,250,110.639,96.412,NA,0,0,0,-39.369
5427,37,29,1103.788,934.091,51301.654,2,255,124.942,110.125,NA,14.303,0.048,47.862,47.862
5428,37,30,1103.788,934.091,51601.664,2,255,124.942,110.125,NA,0,0,0,-47.862
5429,37,31,1113.384,934.091,51901.674,2,255,134.538,118.335,NA,9.596,0.032,0,0
5430,37,32,1129.545,933.081,52201.683,2,223,150.731,132.136,NA,16.193,0.054,-3.576,-3.576
5431,37,33,1138.636,920.455,52501.693,2,172,166.289,135.622,NA,15.559,0.052,-54.246,-50.67
5432,37,34,1135.606,915.404,52801.703,2,255,172.179,131.127,NA,5.89,0.02,-120.964,-66.718
5433,37,35,1140.152,909.848,53101.712,2,221,179.357,133.907,NA,7.178,0.024,-50.711,70.253
5434,37,36,1151.263,902.778,53401.722,2,228,192.528,143.125,NA,13.17,0.044,-32.471,18.239
5435,37,37,1171.465,899.747,53701.732,2,248,212.956,162.502,NA,20.428,0.068,-8.531,23.94
5436,37,38,1183.586,895.707,54001.741,2,255,225.732,173.964,NA,12.777,0.043,-18.435,-9.904
5437,37,39,1183.586,895.707,54301.751,2,226,225.732,173.964,NA,0,0,0,18.435
5438,37,40,1183.586,884.596,54601.761,2,175,236.844,172.994,NA,11.111,0.037,-90,-90
5439,37,41,1187.121,873.99,54901.77,2,235,248.023,176.266,NA,11.18,0.037,-71.565,18.435
5440,37,42,1181.566,859.343,55201.78,2,141,263.688,171.424,NA,15.665,0.052,-110.772,-39.207
5441,37,43,1181.566,858.838,55501.79,2,115,264.193,171.47,NA,0.505,0.002,-90,20.772
5442,37,44,1181.566,850.758,55801.799,2,140,272.274,172.42,NA,8.081,0.027,-90,0
5443,37,45,1181.566,850.758,56101.809,2,156,272.274,172.42,NA,0,0,0,90
5444,37,46,1181.566,850.758,56401.819,2,124,272.274,172.42,NA,0,0,0,0
5445,37,47,1183.586,850.758,56701.828,2,131,274.294,174.42,NA,2.02,0.007,0,0
5446,37,48,1189.141,853.788,57001.838,2,222,280.622,179.54,NA,6.328,0.021,28.61,28.61
5447,37,49,1197.222,851.768,57301.848,2,255,288.952,187.806,NA,8.33,0.028,-14.036,-42.647
5448,37,50,1225.505,842.172,57601.857,2,122,318.818,217.142,NA,29.866,0.1,-18.741,-4.705
5449,37,51,1244.192,812.879,57901.867,2,166,353.564,241.461,NA,34.746,0.116,-57.465,-38.724
5450,37,52,1249.242,806.818,58201.877,2,190,361.453,247.943,NA,7.889,0.026,-50.194,7.271
5451,37,53,1265.404,788.131,58501.886,2,152,386.159,268.96,NA,24.706,0.082,-49.145,1.05
5452,37,54,1274.495,761.364,58801.896,2,41,414.429,287.084,NA,28.269,0.094,-71.241,-22.097
5453,37,55,1299.242,755.303,59101.906,2,2,439.908,312.238,NA,25.479,0.085,-13.761,57.481
5454,37,56,1305.808,767.929,59401.915,2,142,454.139,313.782,NA,14.231,0.047,62.526,76.286
5455,37,57,1327.525,768.939,59701.925,2,248,475.88,333.956,NA,21.741,0.072,2.663,-59.863
5456,37,58,1327.525,768.939,60001.935,2,234,475.88,333.956,NA,0,0,0,-2.663
5457,37,59,1328.03,782.576,60301.944,2,41,489.525,330.364,NA,13.646,0.045,87.879,87.879
5458,37,60,1336.616,797.222,60601.954,2,126,506.503,334.914,NA,16.978,0.057,59.621,-28.258
5459,37,61,1350.253,805.808,60901.964,2,199,522.617,346.375,NA,16.114,0.054,32.196,-27.425
5460,37,62,1352.778,805.808,61201.974,2,170,525.142,348.85,NA,2.525,0.008,0,-32.196
5461,37,63,1385.101,795.707,61501.983,2,148,559.007,382.55,NA,33.865,0.113,-17.354,-17.354
5462,37,64,1391.667,804.293,61801.993,2,162,569.816,387.317,NA,10.809,0.036,52.595,69.949
5463,37,65,1395.202,802.778,62102.003,2,222,573.662,391.07,NA,3.846,0.013,-23.199,-75.793
5464,37,66,1406.313,802.273,62402.012,2,114,584.784,402.087,NA,11.123,0.037,-2.603,20.596
5465,37,67,1420.455,796.717,62702.022,2,111,599.978,417.01,NA,15.194,0.051,-21.448,-18.845
5466,37,68,1430.051,788.636,63002.032,2,151,612.523,427.996,NA,12.545,0.042,-40.101,-18.653
5467,37,69,1439.646,783.586,63302.041,2,222,623.367,438.424,NA,10.844,0.036,-27.759,12.342
5468,37,70,1449.747,783.081,63602.051,2,240,633.481,448.411,NA,10.114,0.034,-2.862,24.896
5469,37,71,1453.788,786.616,63902.061,2,130,638.849,451.661,NA,5.369,0.018,41.186,44.048
5470,37,72,1447.727,780.051,64202.07,2,255,647.785,447.068,NA,8.935,0.03,-132.709,-173.895
5471,37,73,1447.727,780.051,64502.08,2,234,647.785,447.068,NA,0,0,0,132.709
5472,37,74,1447.727,780.051,64802.09,2,255,647.785,447.068,NA,0,0,0,0
5473,37,75,1447.222,782.576,65102.099,2,255,650.36,446.044,NA,2.575,0.009,101.31,101.31
5474,37,76,1447.222,782.576,65402.109,2,255,650.36,446.044,NA,0,0,0,-101.31
5475,37,77,1447.222,782.576,65702.119,2,255,650.36,446.044,NA,0,0,0,0
5476,37,78,1447.222,782.576,66002.128,2,232,650.36,446.044,NA,0,0,0,0
5477,37,79,1452.778,785.606,66302.138,2,255,656.688,450.87,NA,6.328,0.021,28.61,28.61
5478,37,80,1453.283,788.131,66602.148,2,197,659.264,450.872,NA,2.575,0.009,78.69,50.08
5479,37,81,1453.283,799.747,66902.157,2,255,670.88,448.779,NA,11.616,0.039,90,11.31
5480,37,82,1455.303,799.747,67202.167,2,255,672.9,450.77,NA,2.02,0.007,0,-90
5481,37,83,1455.303,801.768,67502.177,2,215,674.92,450.437,NA,2.02,0.007,90,90
5482,37,84,1455.303,801.768,67802.186,2,218,674.92,450.437,NA,0,0,0,-90
5483,37,85,1455.303,800.758,68102.196,2,255,675.93,450.603,NA,1.01,0.003,-90,-90
5484,37,86,1456.818,797.222,68402.206,2,255,679.777,452.691,NA,3.846,0.013,-66.801,23.199
5485,37,87,1465.404,797.222,68702.215,2,255,688.362,461.152,NA,8.586,0.029,0,66.801
5486,37,88,1465.404,797.222,69002.225,2,255,688.362,461.152,NA,0,0,0,0
5487,37,89,1459.848,790.152,69302.235,2,235,697.355,456.937,NA,8.992,0.03,-128.157,-128.157
5488,37,90,1459.848,790.152,69602.244,2,255,697.355,456.937,NA,0,0,0,128.157
5489,37,91,1459.848,790.152,69902.254,2,255,697.355,456.937,NA,0,0,0,0
5490,37,92,1459.848,790.152,70202.264,2,255,697.355,456.937,NA,0,0,0,0
5491,37,93,1461.364,790.152,70502.273,2,255,698.87,458.426,NA,1.515,0.005,0,0
5492,37,94,1467.424,789.141,70802.283,2,255,705.014,464.569,NA,6.144,0.02,-9.462,-9.462
5493,37,95,1468.434,789.141,71102.293,2,255,706.024,465.561,NA,1.01,0.003,0,9.462
5494,37,96,1471.97,780.051,71402.302,2,234,715.778,470.785,NA,9.754,0.033,-68.749,-68.749
5495,37,97,1471.97,780.051,71702.312,2,196,715.778,470.785,NA,0,0,0,68.749
5496,37,99,1487.626,775.505,72002.322,2,214,732.081,487.039,NA,16.303,0.054,-16.189,-16.189
5497,38,1,957.828,947.222,46201.49,2,159,0,0,NA,NA,NA,NA,NA
5498,38,2,962.879,952.778,46501.499,2,137,7.508,7.508,NA,7.508,0.025,47.726,NA
5499,38,3,962.879,952.778,46801.509,2,67,7.508,7.508,NA,0,0,0,-47.726
5500,38,4,971.97,967.424,47101.519,2,115,24.747,24.66,NA,17.238,0.057,58.173,58.173
5501,38,5,972.475,975,47401.529,2,182,32.339,31.403,NA,7.593,0.025,86.186,28.013
5502,38,6,984.596,993.687,47701.538,2,172,54.613,53.623,NA,22.274,0.074,57.031,-29.155
5503,38,7,992.172,993.687,48001.548,2,127,62.189,57.779,NA,7.576,0.025,0,-57.031
5504,38,8,998.737,993.687,48301.558,2,139,68.754,61.907,NA,6.566,0.022,0,0
5505,38,9,1005.303,993.687,48601.567,2,149,75.32,66.429,NA,6.566,0.022,0,0
5506,38,10,1005.303,993.687,48901.577,2,126,75.32,66.429,NA,0,0,0,0
5507,38,11,1023.485,998.232,49201.587,2,131,94.061,83.143,NA,18.741,0.062,14.036,14.036
5508,38,12,1037.121,998.232,49501.596,2,203,107.698,94.284,NA,13.636,0.045,0,-14.036
5509,38,13,1052.778,998.232,49801.606,2,141,123.354,107.784,NA,15.657,0.052,0,0
5510,38,14,1052.778,998.232,50101.616,2,210,123.354,107.784,NA,0,0,0,0
5511,38,15,1054.798,989.646,50401.625,2,255,132.175,105.844,NA,8.82,0.029,-76.759,-76.759
5512,38,16,1059.343,983.586,50701.635,2,240,139.75,107.832,NA,7.576,0.025,-53.13,23.629
5513,38,17,1062.879,983.586,51001.645,2,151,143.286,111.166,NA,3.535,0.012,0,53.13
5514,38,18,1062.879,983.586,51301.654,2,241,143.286,111.166,NA,0,0,0,0
5515,38,19,1050.253,983.586,51601.664,2,180,155.912,99.32,NA,12.626,0.042,180,180
5516,38,20,1050.253,978.03,51901.674,2,230,161.468,97.424,NA,5.556,0.019,-90,90
5517,38,21,1050.253,975.505,52201.683,2,228,163.993,96.655,NA,2.525,0.008,-90,0
5518,38,22,1050.253,975.505,52501.693,2,213,163.993,96.655,NA,0,0,0,90
5519,38,23,1039.646,987.121,52801.703,2,255,179.723,91.028,NA,15.73,0.052,132.397,132.397
5520,38,24,1039.646,987.121,53101.712,2,255,179.723,91.028,NA,0,0,0,-132.397
5521,38,25,1034.596,987.121,53401.722,2,255,184.773,86.517,NA,5.051,0.017,180,180
5522,38,26,1034.596,988.636,53701.732,2,255,186.288,87.226,NA,1.515,0.005,90,-90
5523,38,27,1043.687,991.162,54001.741,2,255,195.723,96.449,NA,9.435,0.031,15.524,-74.476
5524,38,28,1043.687,991.162,54301.751,2,255,195.723,96.449,NA,0,0,0,-15.524
5525,38,29,1043.687,991.162,54601.761,2,255,195.723,96.449,NA,0,0,0,0
5526,38,30,1043.687,991.162,54901.77,2,255,195.723,96.449,NA,0,0,0,0
5527,38,31,1043.687,983.586,55201.78,2,255,203.299,93.242,NA,7.576,0.025,-90,-90
5528,38,32,1051.263,982.071,55501.79,2,214,211.025,99.722,NA,7.726,0.026,-11.31,78.69
5529,38,33,1051.263,982.071,55801.799,2,255,211.025,99.722,NA,0,0,0,11.31
5530,38,34,1051.263,985.606,56101.809,2,255,214.56,101.011,NA,3.535,0.012,90,90
5531,38,35,1052.273,986.616,56401.819,2,255,215.989,102.331,NA,1.428,0.005,45,-45
5532,38,36,1052.273,986.616,56701.828,2,255,215.989,102.331,NA,0,0,0,-45
5533,38,37,1054.798,986.616,57001.838,2,234,218.514,104.666,NA,2.525,0.008,0,0
5534,38,38,1058.838,986.616,57301.848,2,235,222.554,108.42,NA,4.04,0.013,0,0
5535,38,39,1065.404,988.636,57601.857,2,173,229.424,115.272,NA,6.869,0.023,17.103,17.103
5536,38,40,1067.929,991.667,57901.867,2,255,233.368,118.733,NA,3.945,0.013,50.194,33.092
5537,38,41,1067.929,991.667,58201.877,2,255,233.368,118.733,NA,0,0,0,-50.194
5538,38,42,1070.455,991.667,58501.886,2,255,235.894,121.078,NA,2.525,0.008,0,0
5539,38,43,1070.455,991.667,58801.896,2,241,235.894,121.078,NA,0,0,0,0
5540,38,44,1083.081,991.667,59101.906,2,213,248.52,132.904,NA,12.626,0.042,0,0
5541,38,45,1088.636,991.667,59401.915,2,199,254.075,138.152,NA,5.556,0.019,0,0
5542,38,46,1094.192,987.121,59701.925,2,220,261.254,142.081,NA,7.178,0.024,-39.289,-39.289
5543,38,47,1108.838,979.545,60001.935,2,255,277.743,154.431,NA,16.49,0.055,-27.35,11.94
5544,38,48,1136.111,979.545,60301.944,2,255,305.016,181.189,NA,27.273,0.091,0,27.35
5545,38,49,1138.636,975.505,60601.954,2,255,309.781,183.007,NA,4.765,0.016,-57.995,-57.995
5546,38,50,1158.838,974.495,60901.964,2,165,330.008,202.852,NA,20.227,0.067,-2.862,55.132
5547,38,51,1173.485,974.495,61201.974,2,238,344.654,217.374,NA,14.646,0.049,0,2.862
5548,38,52,1186.616,982.071,61501.983,2,235,359.814,231.427,NA,15.16,0.051,29.982,29.982
5549,38,53,1197.727,989.141,61801.993,2,251,372.984,243.534,NA,13.17,0.044,32.471,2.49
5550,38,54,1198.232,989.141,62102.003,2,200,373.489,244.031,NA,0.505,0.002,0,-32.471
5551,38,55,1200.758,989.141,62402.012,2,255,376.015,246.519,NA,2.525,0.008,0,0
5552,38,56,1212.374,972.98,62702.022,2,187,395.918,255.845,NA,19.903,0.066,-54.293,-54.293
5553,38,57,1226.01,958.838,63002.032,2,111,415.563,268.433,NA,19.645,0.065,-46.042,8.252
5554,38,58,1251.768,933.586,63302.041,2,178,451.634,294.256,NA,36.071,0.12,-44.433,1.609
5555,38,59,1261.869,935.606,63602.051,2,255,461.935,304.262,NA,10.301,0.034,11.31,55.743
5556,38,60,1269.444,935.606,63902.061,2,233,469.511,311.833,NA,7.576,0.025,0,-11.31
5557,38,61,1269.444,935.606,64202.07,2,255,469.511,311.833,NA,0,0,0,0
5558,38,62,1291.162,914.899,64502.08,2,236,499.518,334.897,NA,30.007,0.1,-43.636,-43.636
5559,38,63,1299.242,914.899,64802.09,2,255,507.599,342.941,NA,8.081,0.027,0,43.636
5560,38,64,1314.394,914.899,65102.099,2,212,522.75,358.028,NA,15.152,0.051,0,0
5561,38,65,1340.657,895.202,65402.109,2,129,555.579,386.346,NA,32.828,0.109,-36.87,-36.87
5562,38,66,1356.313,893.687,65702.119,2,148,571.308,402.065,NA,15.73,0.052,-5.528,31.342
5563,38,67,1356.313,893.687,66002.128,2,148,571.308,402.065,NA,0,0,0,5.528
5564,38,68,1379.545,904.293,66302.138,2,77,596.847,423.897,NA,25.539,0.085,24.538,24.538
5565,38,69,1387.626,909.848,66602.148,2,94,606.653,431.42,NA,9.806,0.033,34.509,9.971
5566,38,70,1397.222,909.848,66902.157,2,103,616.249,440.981,NA,9.596,0.032,0,-34.509
5567,38,71,1406.818,905.303,67202.167,2,82,626.867,450.943,NA,10.618,0.035,-25.346,-25.346
5568,38,72,1416.414,909.848,67502.177,2,176,637.486,460.106,NA,10.618,0.035,25.346,50.692
5569,38,73,1415.909,894.697,67802.186,2,120,652.645,461.082,NA,15.16,0.051,-91.909,-117.255
5570,38,74,1422.475,890.657,68102.196,2,101,660.355,468.077,NA,7.709,0.026,-31.608,60.302
5571,38,75,1428.535,890.657,68402.206,2,242,666.415,474.094,NA,6.061,0.02,0,31.608
5572,38,76,1438.131,885.101,68702.215,2,255,677.503,484.304,NA,11.088,0.037,-30.069,-30.069
5573,38,77,1460.354,882.576,69002.225,2,124,699.869,506.666,NA,22.365,0.075,-6.483,23.586
5574,38,78,1474.495,884.596,69302.235,2,255,714.154,520.448,NA,14.285,0.048,8.13,14.613
5575,38,79,1490.657,894.192,69602.244,2,177,732.949,535.461,NA,18.796,0.063,30.7,22.57
5576,38,80,1500.758,905.303,69902.254,2,226,747.966,544.545,NA,15.016,0.05,47.726,17.027
5577,38,81,1504.798,905.808,70202.264,2,158,752.038,548.535,NA,4.072,0.014,7.125,-40.601
5578,38,82,1508.838,894.192,70502.273,2,247,764.336,553.556,NA,12.299,0.041,-70.821,-77.946
5579,38,83,1522.475,876.01,70802.283,2,105,787.064,569.119,NA,22.727,0.076,-53.13,17.691
5580,38,84,1535.606,859.848,71102.293,2,183,807.887,584.347,NA,20.824,0.069,-50.906,2.224
5581,38,85,1536.111,853.283,71402.302,2,255,814.472,585.863,NA,6.585,0.022,-85.601,-34.695
5582,38,86,1526.515,854.798,71702.312,2,201,824.187,576.148,NA,9.715,0.032,171.027,-103.371
5583,38,88,1531.061,860.354,72002.322,2,255,831.365,579.777,NA,7.178,0.024,50.711,-120.317
5584,39,1,693.687,673.99,25800.832,2,48,0,0,NA,NA,NA,NA,NA
5585,39,2,688.131,672.475,26100.842,2,42,5.758,5.758,NA,5.758,0.019,-164.745,NA
5586,39,3,684.091,664.899,26400.851,2,113,14.344,13.218,NA,8.586,0.029,-118.072,46.672
5587,39,4,674.495,664.899,26700.861,2,131,23.94,21.236,NA,9.596,0.032,180,-61.928
5588,39,5,662.879,659.343,27000.871,2,98,36.817,34.112,NA,12.876,0.043,-154.44,25.56
5589,39,6,662.879,658.838,27300.88,2,49,37.322,34.332,NA,0.505,0.002,-90,64.44
5590,39,7,658.838,648.737,27600.89,2,56,48.201,43.036,NA,10.879,0.036,-111.801,-21.801
5591,39,8,650.253,642.172,27900.9,2,89,59.009,53.842,NA,10.809,0.036,-142.595,-30.793
5592,39,9,650.253,641.667,28200.909,2,50,59.514,54.142,NA,0.505,0.002,-90,52.595
5593,39,10,641.667,630.556,28500.919,2,88,73.556,67.769,NA,14.042,0.047,-127.694,-37.694
5594,39,11,641.667,630.051,28800.929,2,95,74.061,68.094,NA,0.505,0.002,-90,37.694
5595,39,12,636.111,626.01,29100.938,2,51,80.931,74.947,NA,6.869,0.023,-143.973,-53.973
5596,39,13,628.03,617.424,29400.948,2,52,92.721,86.663,NA,11.791,0.039,-133.264,10.708
5597,39,14,628.03,616.919,29700.958,2,94,93.226,86.993,NA,0.505,0.002,-90,43.264
5598,39,15,627.02,611.869,30000.967,2,120,98.377,91.123,NA,5.151,0.017,-101.31,-11.31
5599,39,16,633.081,611.869,30300.977,2,247,104.437,86.788,NA,6.061,0.02,0,101.31
5600,39,17,634.091,611.869,30600.987,2,179,105.448,86.086,NA,1.01,0.003,0,0
5601,39,18,642.172,611.869,30900.996,2,173,113.528,80.702,NA,8.081,0.027,0,0
5602,39,19,642.172,620.455,31201.006,2,190,122.114,74.296,NA,8.586,0.029,90,90
5603,39,20,650.253,621.97,31501.016,2,189,130.336,67.769,NA,8.222,0.027,10.62,-79.38
5604,39,21,649.242,621.97,31801.025,2,177,131.346,68.421,NA,1.01,0.003,180,169.38
5605,39,22,649.242,627.525,32101.035,2,105,136.901,64.298,NA,5.556,0.019,90,-90
5606,39,23,650.253,631.061,32401.045,2,57,140.578,61.069,NA,3.677,0.012,74.055,-15.945
5607,39,24,658.333,622.98,32701.054,2,138,152.006,62.064,NA,11.428,0.038,-45,-119.055
5608,39,25,658.333,619.949,33001.064,2,136,155.037,64.577,NA,3.03,0.01,-90,-45
5609,39,26,661.869,619.949,33301.074,2,64,158.572,62.712,NA,3.535,0.012,0,90
5610,39,27,665.404,613.889,33601.083,2,142,165.588,66.423,NA,7.016,0.023,-59.744,-59.744
5611,39,28,669.949,613.889,33901.093,2,105,170.134,64.619,NA,4.545,0.015,0,59.744
5612,39,29,670.455,596.212,34201.103,2,121,187.818,81.173,NA,17.684,0.059,-88.363,-88.363
5613,39,30,670.455,596.212,34501.113,2,66,187.818,81.173,NA,0,0,0,88.363
5614,39,31,676.515,599.242,34801.122,2,92,194.594,76.695,NA,6.776,0.023,26.565,26.565
5615,39,32,680.556,610.859,35101.132,2,100,206.892,64.483,NA,12.299,0.041,70.821,44.256
5616,39,33,692.172,628.535,35401.142,2,46,228.044,45.48,NA,21.152,0.071,56.689,-14.132
5617,39,34,686.111,633.586,35701.151,2,32,235.934,41.108,NA,7.889,0.026,140.194,83.505
5618,39,35,681.061,656.818,36001.161,2,48,259.709,21.314,NA,23.775,0.079,102.265,-37.93
5619,39,36,654.798,656.818,36301.171,2,117,285.971,42.511,NA,26.263,0.088,180,77.735
5620,39,37,646.212,656.313,36601.18,2,105,294.572,50.659,NA,8.601,0.029,-176.634,3.366
5621,39,38,642.677,675.505,36901.19,2,48,314.087,51.033,NA,19.515,0.065,100.437,-82.929
5622,39,39,634.596,675.505,37201.2,2,78,322.167,59.11,NA,8.081,0.027,180,79.563
5623,39,40,634.596,692.677,37501.209,2,76,339.339,61.975,NA,17.172,0.057,90,-90
5624,39,41,618.434,692.677,37801.219,2,81,355.501,77.538,NA,16.162,0.054,180,90
5625,39,42,603.283,704.798,38101.229,2,74,374.904,95.509,NA,19.403,0.065,141.34,-38.66
5626,39,43,595.202,704.798,38401.238,2,24,382.985,103.191,NA,8.081,0.027,180,38.66
5627,39,44,572.98,699.242,38701.248,2,136,405.891,123.32,NA,22.906,0.076,-165.964,14.036
5628,39,45,572.475,699.242,39001.258,2,167,406.396,123.815,NA,0.505,0.002,180,-14.036
5629,39,46,564.899,695.707,39301.267,2,125,414.756,130.606,NA,8.36,0.028,-154.983,25.017
5630,39,47,569.949,691.667,39601.277,2,181,421.224,124.994,NA,6.468,0.022,-38.66,116.323
5631,39,48,569.949,687.626,39901.287,2,92,425.264,124.486,NA,4.04,0.013,-90,-51.34
5632,39,49,569.949,687.626,40201.296,2,93,425.264,124.486,NA,0,0,0,90
5633,39,50,567.929,692.677,40501.306,2,199,430.704,127.138,NA,5.44,0.018,111.801,111.801
5634,39,51,557.323,698.737,40801.316,2,103,442.92,138.591,NA,12.216,0.041,150.255,38.454
5635,39,52,557.323,698.737,41101.325,2,167,442.92,138.591,NA,0,0,0,-150.255
5636,39,53,546.212,698.737,41401.335,2,104,454.031,149.537,NA,11.111,0.037,180,180
5637,39,54,546.212,698.737,41701.345,2,102,454.031,149.537,NA,0,0,0,-180
5638,39,55,540.657,698.737,42001.354,2,70,459.586,155.018,NA,5.556,0.019,180,180
5639,39,56,540.657,698.737,42301.364,2,121,459.586,155.018,NA,0,0,0,-180
5640,39,57,540.657,688.636,42601.374,2,122,469.687,153.73,NA,10.101,0.034,-90,-90
5641,39,58,540.657,688.636,42901.383,2,174,469.687,153.73,NA,0,0,0,90
5642,39,59,541.667,688.636,43201.393,2,146,470.697,152.724,NA,1.01,0.003,0,0
5643,39,60,550.253,688.636,43501.403,2,255,479.283,144.18,NA,8.586,0.029,0,0
5644,39,61,550.253,684.091,43801.412,2,125,483.829,143.79,NA,4.545,0.015,-90,-90
5645,39,62,550.253,684.091,44101.422,2,238,483.829,143.79,NA,0,0,0,90
5646,39,63,550.253,684.091,44401.432,2,255,483.829,143.79,NA,0,0,0,0
5647,39,64,550.253,684.091,44701.441,2,181,483.829,143.79,NA,0,0,0,0
5648,39,65,552.273,690.657,45001.451,2,157,490.698,142.393,NA,6.869,0.023,72.897,72.897
5649,39,66,553.788,689.646,45301.461,2,199,492.519,140.772,NA,1.821,0.006,-33.69,-106.587
5650,39,67,553.788,689.141,45601.47,2,104,493.024,140.717,NA,0.505,0.002,-90,-56.31
5651,39,68,555.303,682.576,45901.48,2,158,499.762,138.65,NA,6.738,0.022,-77.005,12.995
5652,39,69,555.303,682.576,46201.49,2,233,499.762,138.65,NA,0,0,0,77.005
5653,39,70,545.202,676.515,46501.499,2,249,511.542,148.506,NA,11.78,0.039,-149.036,-149.036
5654,39,71,541.667,671.97,46801.509,2,121,517.301,152.034,NA,5.758,0.019,-127.875,21.161
5655,39,72,535.101,664.899,47101.519,2,150,526.949,158.846,NA,9.649,0.032,-132.879,-5.004
5656,39,73,535.101,664.899,47401.529,2,109,526.949,158.846,NA,0,0,0,132.879
5657,39,74,535.101,664.899,47701.538,2,147,526.949,158.846,NA,0,0,0,0
5658,39,75,538.131,661.364,48001.548,2,213,531.606,156.067,NA,4.656,0.016,-49.399,-49.399
5659,39,76,539.141,655.303,48301.558,2,126,537.75,155.671,NA,6.144,0.02,-80.538,-31.139
5660,39,77,539.141,655.303,48601.567,2,161,537.75,155.671,NA,0,0,0,80.538
5661,39,78,539.141,655.303,48901.577,2,160,537.75,155.671,NA,0,0,0,0
5662,39,79,539.141,655.303,49201.587,2,196,537.75,155.671,NA,0,0,0,0
5663,39,80,531.061,655.303,49501.596,2,236,545.831,163.696,NA,8.081,0.027,180,180
5664,39,81,531.061,655.303,49801.606,2,148,545.831,163.696,NA,0,0,0,-180
5665,39,82,525.505,653.788,50101.616,2,105,551.589,169.391,NA,5.758,0.019,-164.745,-164.745
5666,39,83,508.838,649.747,50401.625,2,93,568.739,186.431,NA,17.149,0.057,-166.373,-1.628
5667,39,84,508.838,649.747,50701.635,2,141,568.739,186.431,NA,0,0,0,166.373
5668,39,85,493.687,649.747,51001.645,2,147,583.89,201.464,NA,15.152,0.051,180,180
5669,39,86,476.515,661.364,51301.654,2,159,604.622,217.538,NA,20.732,0.069,145.923,-34.077
5670,39,87,457.323,667.929,51601.664,2,144,624.906,236.441,NA,20.284,0.068,161.114,15.191
5671,39,88,437.121,668.939,51901.674,2,106,645.133,256.615,NA,20.227,0.067,177.138,16.024
5672,39,89,427.02,652.273,52201.683,2,169,664.622,267.55,NA,19.489,0.065,-121.218,61.644
5673,39,90,403.788,633.081,52501.693,2,76,694.756,292.771,NA,30.134,0.1,-140.44,-19.222
5674,39,91,383.586,605.303,52801.703,2,242,729.103,317.617,NA,34.347,0.114,-126.027,14.413
5675,39,92,376.01,590.152,53101.712,2,226,746.043,328.554,NA,16.94,0.056,-116.565,9.462
5676,39,93,376.01,590.152,53401.722,2,103,746.043,328.554,NA,0,0,0,116.565
5677,39,94,371.97,558.333,53701.732,2,191,778.117,341.875,NA,32.074,0.107,-97.237,-97.237
5678,39,95,377.02,537.121,54001.741,2,94,799.922,344.979,NA,21.805,0.073,-76.608,20.629
5679,39,96,386.616,505.303,54301.751,2,94,833.156,350.354,NA,33.234,0.111,-73.217,3.39
5680,39,97,392.677,488.131,54601.761,2,137,851.365,353.766,NA,18.21,0.061,-70.56,2.657
5681,39,98,394.192,485.101,54901.77,2,121,854.753,354.085,NA,3.388,0.011,-63.435,7.125
5682,39,99,387.121,485.101,55201.78,2,119,861.824,360.085,NA,7.071,0.024,180,-116.565
5683,39,100,363.889,472.98,55501.79,2,184,888.028,386.228,NA,26.204,0.087,-152.447,27.553
5684,39,101,362.374,457.323,55801.799,2,79,903.758,395.87,NA,15.73,0.052,-95.528,56.92
5685,39,102,372.98,455.303,56101.809,2,152,914.555,388.171,NA,10.797,0.036,-10.784,84.743
5686,39,103,365.909,441.162,56401.819,2,93,930.365,402.054,NA,15.811,0.053,-116.565,-105.781
5687,39,104,364.899,442.677,56701.828,2,150,932.186,402.004,NA,1.821,0.006,123.69,-119.745
5688,39,105,358.333,445.202,57001.838,2,206,939.221,405.963,NA,7.035,0.023,158.962,35.272
5689,39,106,344.192,447.727,57301.848,2,144,953.586,416.343,NA,14.365,0.048,169.875,10.913
5690,39,107,344.192,447.727,57601.857,2,95,953.586,416.343,NA,0,0,0,-169.875
5691,39,108,357.828,447.727,57901.867,2,220,967.222,404.964,NA,13.636,0.045,0,0
5692,39,109,357.828,431.061,58201.877,2,18,983.889,414.506,NA,16.667,0.056,-90,-90
5693,39,110,342.677,431.061,58501.886,2,181,999.041,426.876,NA,15.152,0.051,180,-90
5694,39,111,330.556,431.061,58801.896,2,179,1011.162,436.897,NA,12.121,0.04,180,0
5695,39,112,360.859,434.596,59101.906,2,255,1041.67,409.981,NA,30.509,0.102,6.654,-173.346
5696,39,113,360.354,421.97,59401.915,2,68,1054.307,417.882,NA,12.636,0.042,-92.291,-98.945
5697,39,114,360.354,407.828,59701.925,2,188,1068.448,426.56,NA,14.141,0.047,-90,2.291
5698,39,115,360.354,408.333,60001.935,2,151,1068.953,426.245,NA,0.505,0.002,90,180
5699,39,116,351.263,407.828,60301.944,2,57,1078.058,433.701,NA,9.105,0.03,-176.82,93.18
5700,39,117,354.798,407.828,60601.954,2,67,1081.593,430.915,NA,3.535,0.012,0,176.82
5701,39,118,362.879,388.131,60901.964,2,217,1102.884,437.206,NA,21.29,0.071,-67.694,-67.694
5702,39,119,370.96,367.424,61201.974,2,211,1125.112,445.124,NA,22.228,0.074,-68.682,-0.988
5703,39,120,366.919,347.727,61501.983,2,97,1145.219,461.762,NA,20.107,0.067,-101.592,-32.91
5704,40,1,651.263,639.646,16500.532,2,38,0,0,NA,NA,NA,NA,NA
5705,40,2,646.717,638.636,16800.542,2,138,4.656,4.656,NA,4.656,0.016,-167.471,NA
5706,40,3,646.717,638.636,17100.551,2,110,4.656,4.656,NA,0,0,0,167.471
5707,40,4,642.172,637.121,17400.561,2,151,9.448,9.435,NA,4.791,0.016,-161.565,-161.565
5708,40,5,642.172,632.071,17700.571,2,181,14.498,11.834,NA,5.051,0.017,-90,71.565
5709,40,6,637.121,627.02,18000.58,2,236,21.641,18.958,NA,7.142,0.024,-135,-45
5710,40,7,637.121,626.01,18300.59,2,108,22.651,19.645,NA,1.01,0.003,-90,45
5711,40,8,632.071,626.01,18600.6,2,158,27.701,23.543,NA,5.051,0.017,180,-90
5712,40,9,632.071,626.01,18900.609,2,155,27.701,23.543,NA,0,0,0,-180
5713,40,10,632.071,623.99,19200.619,2,141,29.721,24.768,NA,2.02,0.007,-90,-90
5714,40,11,629.545,623.99,19500.629,2,121,32.247,26.772,NA,2.525,0.008,180,-90
5715,40,12,623.485,622.98,19800.638,2,199,38.391,32.394,NA,6.144,0.02,-170.538,9.462
5716,40,13,623.485,614.899,20100.648,2,132,46.472,37.203,NA,8.081,0.027,-90,80.538
5717,40,14,623.485,614.899,20400.658,2,128,46.472,37.203,NA,0,0,0,90
5718,40,15,618.434,612.879,20700.668,2,234,51.911,42.358,NA,5.44,0.018,-158.199,-158.199
5719,40,16,618.434,612.879,21000.677,2,248,51.911,42.358,NA,0,0,0,158.199
5720,40,17,618.434,612.879,21300.687,2,145,51.911,42.358,NA,0,0,0,0
5721,40,18,618.434,604.293,21600.697,2,116,60.497,48.245,NA,8.586,0.029,-90,-90
5722,40,19,619.444,597.727,21900.706,2,150,67.14,52.627,NA,6.643,0.022,-81.254,8.746
5723,40,20,619.444,592.172,22200.716,2,95,72.696,57.151,NA,5.556,0.019,-90,-8.746
5724,40,21,619.444,592.172,22500.726,2,181,72.696,57.151,NA,0,0,0,90
5725,40,22,619.444,588.131,22800.735,2,150,76.736,60.549,NA,4.04,0.013,-90,-90
5726,40,23,619.444,588.131,23100.745,2,193,76.736,60.549,NA,0,0,0,90
5727,40,24,619.444,588.131,23400.755,2,78,76.736,60.549,NA,0,0,0,0
5728,40,25,618.939,575.505,23700.764,2,165,89.372,71.826,NA,12.636,0.042,-92.291,-92.291
5729,40,26,618.939,570.96,24000.774,2,152,93.918,75.912,NA,4.545,0.015,-90,2.291
5730,40,27,614.899,569.444,24300.784,2,116,98.233,79.061,NA,4.315,0.014,-159.444,-69.444
5731,40,28,614.899,569.444,24600.793,2,70,98.233,79.061,NA,0,0,0,159.444
5732,40,29,618.939,567.424,24900.803,2,3,102.75,79.125,NA,4.517,0.015,-26.565,-26.565
5733,40,30,616.919,551.768,25200.813,2,153,118.537,94.351,NA,15.786,0.053,-97.352,-70.787
5734,40,31,616.919,551.768,25500.822,2,142,118.537,94.351,NA,0,0,0,97.352
5735,40,32,608.838,551.768,25800.832,2,168,126.617,97.583,NA,8.081,0.027,180,180
5736,40,33,608.838,551.768,26100.842,2,211,126.617,97.583,NA,0,0,0,-180
5737,40,34,608.838,551.768,26400.851,2,165,126.617,97.583,NA,0,0,0,0
5738,40,35,600.253,551.768,26700.861,2,157,135.203,101.611,NA,8.586,0.029,180,180
5739,40,36,599.747,553.283,27000.871,2,77,136.8,100.561,NA,1.597,0.005,108.435,-71.565
5740,40,37,597.222,554.293,27300.88,2,131,139.52,101.023,NA,2.72,0.009,158.199,49.764
5741,40,38,597.222,554.293,27600.89,2,255,139.52,101.023,NA,0,0,0,-158.199
5742,40,39,590.152,554.293,27900.9,2,94,146.591,104.975,NA,7.071,0.024,180,180
5743,40,40,576.01,554.293,28200.909,2,138,160.732,113.79,NA,14.141,0.047,180,0
5744,40,41,569.949,551.263,28500.919,2,127,167.508,120.098,NA,6.776,0.023,-153.435,26.565
5745,40,42,566.414,547.222,28800.929,2,132,172.877,125.465,NA,5.369,0.018,-131.186,22.249
5746,40,43,564.394,547.222,29100.938,2,141,174.897,126.84,NA,2.02,0.007,180,-48.814
5747,40,44,563.384,547.222,29400.948,2,134,175.907,127.534,NA,1.01,0.003,180,0
5748,40,45,560.354,545.707,29700.958,2,111,179.295,130.725,NA,3.388,0.011,-153.435,26.565
5749,40,46,566.919,536.111,30000.967,2,101,190.922,133.542,NA,11.627,0.039,-55.62,97.815
5750,40,47,566.919,532.071,30300.977,2,117,194.963,136.698,NA,4.04,0.013,-90,-34.38
5751,40,48,561.364,532.071,30600.987,2,122,200.518,140.194,NA,5.556,0.019,180,-90
5752,40,49,559.343,531.061,30900.996,2,179,202.777,142.267,NA,2.259,0.008,-153.435,26.565
5753,40,50,559.343,531.061,31201.006,2,141,202.777,142.267,NA,0,0,0,153.435
5754,40,51,536.616,529.04,31501.016,2,122,225.594,159.303,NA,22.817,0.076,-174.92,-174.92
5755,40,52,533.586,522.98,31801.025,2,145,232.37,165.707,NA,6.776,0.023,-116.565,58.355
5756,40,53,529.545,522.475,32101.035,2,85,236.442,168.951,NA,4.072,0.014,-172.875,-56.31
5757,40,54,531.566,522.475,32401.045,2,250,238.462,167.501,NA,2.02,0.007,0,172.875
5758,40,55,536.616,522.475,32701.054,2,245,243.512,163.93,NA,5.051,0.017,0,0
5759,40,56,536.616,522.475,33001.064,2,135,243.512,163.93,NA,0,0,0,0
5760,40,57,526.515,531.566,33301.074,2,84,257.102,165.056,NA,13.59,0.045,138.013,138.013
5761,40,58,526.515,536.111,33601.083,2,101,261.647,162.116,NA,4.545,0.015,90,-48.013
5762,40,59,526.515,536.111,33901.093,2,88,261.647,162.116,NA,0,0,0,-90
5763,40,60,526.515,536.111,34201.103,2,162,261.647,162.116,NA,0,0,0,0
5764,40,61,526.515,536.111,34501.113,2,255,261.647,162.116,NA,0,0,0,0
5765,40,62,530.556,536.111,34801.122,2,3,265.688,159.028,NA,4.04,0.013,0,0
5766,40,63,539.646,524.495,35101.132,2,109,280.438,160.368,NA,14.751,0.049,-51.953,-51.953
5767,40,64,540.657,524.495,35401.142,2,170,281.449,159.667,NA,1.01,0.003,0,51.953
5768,40,65,540.657,524.495,35701.151,2,30,281.449,159.667,NA,0,0,0,0
5769,40,66,521.465,529.04,36001.161,2,3,301.171,170.532,NA,19.723,0.066,166.675,166.675
5770,40,67,511.364,549.747,36301.171,2,189,324.211,166.294,NA,23.039,0.077,116.003,-50.672
5771,40,68,509.343,549.747,36601.18,2,218,326.231,167.997,NA,2.02,0.007,180,63.997
5772,40,69,509.343,549.747,36901.19,2,163,326.231,167.997,NA,0,0,0,-180
5773,40,70,530.051,586.616,37201.2,2,140,368.517,132.305,NA,42.286,0.141,60.68,60.68
5774,40,71,530.051,586.616,37501.209,2,107,368.517,132.305,NA,0,0,0,-60.68
5775,40,72,530.051,586.616,37801.219,2,188,368.517,132.305,NA,0,0,0,0
5776,40,73,530.051,586.616,38101.229,2,105,368.517,132.305,NA,0,0,0,0
5777,40,74,523.99,586.616,38401.238,2,160,374.577,137.879,NA,6.061,0.02,180,180
5778,40,75,517.929,580.051,38701.248,2,215,383.513,146.046,NA,8.935,0.03,-132.709,47.291
5779,40,76,512.879,578.535,39001.258,2,92,388.785,151.277,NA,5.273,0.018,-163.301,-30.591
5780,40,77,512.879,586.111,39301.267,2,211,396.361,148.378,NA,7.576,0.025,90,-106.699
5781,40,78,512.879,586.111,39601.277,2,233,396.361,148.378,NA,0,0,0,-90
5782,40,79,512.879,586.111,39901.287,2,182,396.361,148.378,NA,0,0,0,0
5783,40,80,517.929,586.111,40201.296,2,155,401.412,143.68,NA,5.051,0.017,0,0
5784,40,81,517.929,586.111,40501.306,2,114,401.412,143.68,NA,0,0,0,0
5785,40,82,508.333,592.172,40801.316,2,255,412.761,150.608,NA,11.35,0.038,147.724,147.724
5786,40,83,508.333,592.172,41101.325,2,163,412.761,150.608,NA,0,0,0,-147.724
5787,40,84,492.677,592.677,41401.335,2,146,428.426,165.395,NA,15.665,0.052,178.152,178.152
5788,40,85,488.636,602.273,41701.345,2,202,438.838,166.866,NA,10.412,0.035,112.834,-65.319
5789,40,86,483.586,607.828,42001.354,2,158,446.346,170.669,NA,7.508,0.025,132.274,19.44
5790,40,87,471.465,618.939,42301.364,2,199,462.789,180.986,NA,16.443,0.055,137.49,5.216
5791,40,88,457.323,617.424,42601.374,2,155,477.012,195.208,NA,14.222,0.047,-173.884,48.626
5792,40,89,423.99,590.657,42901.383,2,187,519.762,232.493,NA,42.751,0.142,-141.234,32.65
5793,40,90,418.434,592.677,43201.393,2,243,525.674,237.519,NA,5.911,0.02,160.017,-58.749
5794,40,91,403.283,592.677,43501.403,2,118,540.825,252.389,NA,15.152,0.051,180,19.983
5795,40,92,382.071,593.687,43801.412,2,147,562.061,273.087,NA,21.236,0.071,177.274,-2.726
5796,40,93,360.859,598.737,44101.422,2,94,583.867,293.271,NA,21.805,0.073,166.608,-10.666
5797,40,94,342.677,598.232,44401.432,2,152,602.055,311.352,NA,18.189,0.061,-178.409,14.984
5798,40,95,315.404,598.232,44701.441,2,238,629.328,338.402,NA,27.273,0.091,180,-1.591
5799,40,96,312.879,600.253,45001.451,2,231,632.562,340.669,NA,3.234,0.011,141.34,-38.66
5800,40,97,312.879,600.253,45301.461,2,14,632.562,340.669,NA,0,0,0,-141.34
5801,40,98,263.889,594.697,45601.47,2,96,681.866,389.973,NA,49.304,0.164,-173.53,-173.53
5802,40,99,250.758,591.162,45901.48,2,225,695.465,403.429,NA,13.599,0.045,-164.932,8.599
5803,40,100,236.111,590.657,46201.49,2,129,710.12,418.032,NA,14.655,0.049,-178.025,-13.094
5804,40,101,222.98,595.202,46501.499,2,145,724.016,430.583,NA,13.896,0.046,160.907,-21.068
5805,41,1,647.727,778.535,25500.822,2,53,0,0,NA,NA,NA,NA,NA
5806,41,2,644.697,778.03,25800.832,2,84,3.072,3.072,NA,3.072,0.01,-170.538,NA
5807,41,3,635.101,775,26100.842,2,84,13.135,13.112,NA,10.063,0.034,-162.474,8.063
5808,41,4,633.081,774.495,26400.851,2,112,15.218,15.194,NA,2.082,0.007,-165.964,-3.489
5809,41,5,627.02,770.96,26700.861,2,168,22.234,22.049,NA,7.016,0.023,-149.744,16.22
5810,41,6,627.02,770.96,27000.871,2,201,22.234,22.049,NA,0,0,0,149.744
5811,41,7,627.02,770.96,27300.88,2,129,22.234,22.049,NA,0,0,0,0
5812,41,8,627.02,769.444,27600.89,2,172,23.749,22.615,NA,1.515,0.005,-90,-90
5813,41,9,627.02,767.929,27900.9,2,158,25.264,23.265,NA,1.515,0.005,-90,0
5814,41,10,623.485,766.414,28200.909,2,161,29.111,27.104,NA,3.846,0.013,-156.801,-66.801
5815,41,11,623.485,766.414,28500.919,2,152,29.111,27.104,NA,0,0,0,156.801
5816,41,12,622.98,758.838,28800.929,2,230,36.703,31.629,NA,7.593,0.025,-93.814,-93.814
5817,41,13,618.434,758.838,29100.938,2,229,41.249,35.299,NA,4.545,0.015,180,-86.186
5818,41,14,614.899,758.838,29400.948,2,236,44.784,38.284,NA,3.535,0.012,180,0
5819,41,15,614.394,756.313,29700.958,2,255,47.359,40.062,NA,2.575,0.009,-101.31,78.69
5820,41,16,620.96,760.859,30000.967,2,255,55.345,32.078,NA,7.986,0.027,34.695,136.005
5821,41,17,620.96,765.404,30300.977,2,255,59.89,29.815,NA,4.545,0.015,90,55.305
5822,41,18,621.97,771.465,30600.987,2,255,66.034,26.71,NA,6.144,0.02,80.538,-9.462
5823,41,19,618.939,771.465,30900.996,2,255,69.065,29.643,NA,3.03,0.01,180,99.462
5824,41,20,616.414,771.465,31201.006,2,255,71.59,32.102,NA,2.525,0.008,180,0
5825,41,21,610.859,769.949,31501.016,2,255,77.348,37.855,NA,5.758,0.019,-164.745,15.255
5826,41,22,610.859,764.394,31801.025,2,255,82.904,39.488,NA,5.556,0.019,-90,74.745
5827,41,23,610.859,763.889,32101.035,2,255,83.409,39.671,NA,0.505,0.002,-90,0
5828,41,24,610.859,762.374,32401.045,2,255,84.924,40.255,NA,1.515,0.005,-90,0
5829,41,25,610.859,762.374,32701.054,2,216,84.924,40.255,NA,0,0,0,90
5830,41,26,603.788,762.374,33001.064,2,216,91.995,46.817,NA,7.071,0.024,180,180
5831,41,27,597.222,762.374,33301.074,2,255,98.561,53.028,NA,6.566,0.022,180,0
5832,41,28,597.222,762.374,33601.083,2,255,98.561,53.028,NA,0,0,0,-180
5833,41,29,599.242,765.404,33901.093,2,255,102.203,50.232,NA,3.642,0.012,56.31,56.31
5834,41,30,595.707,770.96,34201.103,2,255,108.788,52.569,NA,6.585,0.022,122.471,66.161
5835,41,31,595.707,778.03,34501.113,2,255,115.858,52.023,NA,7.071,0.024,90,-32.471
5836,41,32,595.707,781.566,34801.122,2,255,119.394,52.108,NA,3.535,0.012,90,0
5837,41,33,595.707,788.636,35101.132,2,154,126.464,52.992,NA,7.071,0.024,90,0
5838,41,34,584.091,785.606,35401.142,2,191,138.469,64.028,NA,12.005,0.04,-165.379,104.621
5839,41,35,571.97,782.071,35701.151,2,228,151.096,75.84,NA,12.626,0.042,-163.74,1.639
5840,41,36,570.455,776.01,36001.161,2,255,157.343,77.314,NA,6.247,0.021,-104.036,59.704
5841,41,37,570.455,776.01,36301.171,2,201,157.343,77.314,NA,0,0,0,104.036
5842,41,38,561.869,776.01,36601.18,2,99,165.929,85.896,NA,8.586,0.029,180,180
5843,41,39,561.364,786.616,36901.19,2,115,176.547,86.741,NA,10.618,0.035,92.726,-87.274
5844,41,40,553.283,794.192,37201.2,2,217,187.623,95.733,NA,11.077,0.037,136.848,44.121
5845,41,41,544.192,794.192,37501.209,2,243,196.714,104.712,NA,9.091,0.03,180,43.152
5846,41,42,544.192,794.192,37801.219,2,225,196.714,104.712,NA,0,0,0,-180
5847,41,43,544.192,786.616,38101.229,2,177,204.29,103.85,NA,7.576,0.025,-90,-90
5848,41,44,546.212,786.616,38401.238,2,255,206.31,101.836,NA,2.02,0.007,0,90
5849,41,45,546.212,786.616,38701.248,2,230,206.31,101.836,NA,0,0,0,0
5850,41,46,546.212,786.616,39001.258,2,202,206.31,101.836,NA,0,0,0,0
5851,41,47,546.212,777.525,39301.267,2,255,215.401,101.52,NA,9.091,0.03,-90,-90
5852,41,48,546.212,776.01,39601.277,2,255,216.916,101.547,NA,1.515,0.005,-90,0
5853,41,49,550.253,775.505,39901.287,2,193,220.988,97.522,NA,4.072,0.014,-7.125,82.875
5854,41,50,556.818,770.96,40201.296,2,231,228.974,91.224,NA,7.986,0.027,-34.695,-27.57
5855,41,51,553.788,770.96,40501.306,2,255,232.004,94.244,NA,3.03,0.01,180,-145.305
5856,41,52,553.788,764.899,40801.316,2,255,238.064,94.924,NA,6.061,0.02,-90,90
5857,41,53,553.788,764.899,41101.325,2,255,238.064,94.924,NA,0,0,0,90
5858,41,54,550.758,764.899,41401.335,2,186,241.095,97.924,NA,3.03,0.01,180,180
5859,41,55,545.707,764.899,41701.345,2,255,246.145,102.928,NA,5.051,0.017,180,0
5860,41,56,545.707,766.414,42001.354,2,239,247.66,102.738,NA,1.515,0.005,90,-90
5861,41,57,542.172,775.505,42301.364,2,255,257.415,105.599,NA,9.754,0.033,111.251,21.251
5862,41,58,542.172,775.505,42601.374,2,254,257.415,105.599,NA,0,0,0,-111.251
5863,41,59,542.172,775.505,42901.383,2,193,257.415,105.599,NA,0,0,0,0
5864,41,60,543.182,770.96,43201.393,2,199,262.071,104.82,NA,4.656,0.016,-77.471,-77.471
5865,41,61,549.242,770.96,43501.403,2,243,268.132,98.776,NA,6.061,0.02,0,77.471
5866,41,62,549.242,764.394,43801.412,2,255,274.697,99.495,NA,6.566,0.022,-90,-90
5867,41,63,556.818,761.869,44101.422,2,219,282.683,92.424,NA,7.986,0.027,-18.435,71.565
5868,41,64,556.818,756.313,44401.432,2,255,288.238,93.586,NA,5.556,0.019,-90,-71.565
5869,41,65,551.768,750.758,44701.441,2,255,295.746,99.899,NA,7.508,0.025,-132.274,-42.274
5870,41,66,551.768,750.758,45001.451,2,255,295.746,99.899,NA,0,0,0,132.274
5871,41,67,543.687,752.273,45301.461,2,255,303.968,107.304,NA,8.222,0.027,169.38,169.38
5872,41,68,542.677,752.273,45601.47,2,255,304.978,108.284,NA,1.01,0.003,180,10.62
5873,41,69,542.677,752.273,45901.48,2,255,304.978,108.284,NA,0,0,0,-180
5874,41,70,542.677,752.273,46201.49,2,254,304.978,108.284,NA,0,0,0,0
5875,41,71,541.162,747.727,46501.499,2,255,309.769,110.93,NA,4.791,0.016,-108.435,-108.435
5876,41,72,533.586,744.192,46801.509,2,241,318.13,119.196,NA,8.36,0.028,-154.983,-46.548
5877,41,73,527.525,739.646,47101.519,2,223,325.705,126.336,NA,7.576,0.025,-143.13,11.853
5878,41,74,518.939,737.626,47401.529,2,255,334.526,135.129,NA,8.82,0.029,-166.759,-23.629
5879,41,75,518.939,737.626,47701.538,2,255,334.526,135.129,NA,0,0,0,166.759
5880,41,76,518.939,737.626,48001.548,2,255,334.526,135.129,NA,0,0,0,0
5881,41,77,512.374,737.121,48301.558,2,255,341.111,141.548,NA,6.585,0.022,-175.601,-175.601
5882,41,78,512.374,737.121,48601.567,2,255,341.111,141.548,NA,0,0,0,175.601
5883,41,79,512.374,737.121,48901.577,2,255,341.111,141.548,NA,0,0,0,0
5884,41,80,503.788,737.121,49201.587,2,255,349.697,149.779,NA,8.586,0.029,180,180
5885,41,81,500.758,737.121,49501.596,2,255,352.727,152.693,NA,3.03,0.01,180,0
5886,41,82,500.758,737.121,49801.606,2,255,352.727,152.693,NA,0,0,0,-180
5887,41,83,484.596,737.121,50101.616,2,255,368.888,168.306,NA,16.162,0.054,180,180
5888,41,84,477.02,731.566,50401.625,2,255,378.283,177.051,NA,9.394,0.031,-143.746,36.254
5889,41,85,477.02,731.566,50701.635,2,255,378.283,177.051,NA,0,0,0,143.746
5890,41,86,477.525,730.556,51001.645,2,255,379.412,176.835,NA,1.129,0.004,-63.435,-63.435
5891,41,87,477.525,730.556,51301.654,2,255,379.412,176.835,NA,0,0,0,63.435
5892,41,88,473.485,730.051,51601.664,2,255,383.484,180.862,NA,4.072,0.014,-172.875,-172.875
5893,41,89,465.404,726.515,51901.674,2,255,392.304,189.599,NA,8.82,0.029,-156.371,16.504
5894,41,90,464.899,726.515,52201.683,2,252,392.809,190.085,NA,0.505,0.002,180,-23.629
5895,41,91,451.263,723.99,52501.693,2,205,406.678,203.896,NA,13.868,0.046,-169.509,10.491
5896,41,92,446.212,721.465,52801.703,2,255,412.324,209.441,NA,5.647,0.019,-153.435,16.074
5897,41,93,440.152,717.929,53101.712,2,255,419.341,216.242,NA,7.016,0.023,-149.744,3.691
5898,41,94,439.646,717.424,53401.722,2,245,420.055,216.869,NA,0.714,0.002,-135,14.744
5899,41,95,427.02,705.808,53701.732,2,255,437.212,232.381,NA,17.157,0.057,-137.386,-2.386
5900,41,96,418.939,701.768,54001.741,2,255,446.246,241.324,NA,9.035,0.03,-153.435,-16.049
5901,41,97,412.374,697.222,54301.751,2,209,454.232,249.004,NA,7.986,0.027,-145.305,8.13
5902,41,98,411.869,696.212,54601.761,2,255,455.361,249.813,NA,1.129,0.004,-116.565,28.74
5903,41,99,411.869,696.212,54901.77,2,255,455.361,249.813,NA,0,0,0,116.565
5904,41,100,411.869,696.212,55201.78,2,255,455.361,249.813,NA,0,0,0,0
5905,41,101,405.808,696.212,55501.79,2,241,461.422,255.543,NA,6.061,0.02,180,180
5906,41,102,381.061,692.172,55801.799,2,195,486.497,280.303,NA,25.075,0.084,-170.727,9.273
5907,41,103,378.535,679.04,56101.809,2,255,499.869,286.99,NA,13.372,0.045,-100.886,69.842
5908,41,104,373.485,664.899,56401.819,2,255,514.885,296.854,NA,15.016,0.05,-109.654,-8.768
5909,41,105,364.394,654.293,56701.828,2,255,528.854,309.377,NA,13.969,0.047,-130.601,-20.947
5910,41,106,362.374,644.697,57001.838,2,255,538.661,315.181,NA,9.806,0.033,-101.889,28.713
5911,41,107,353.283,629.545,57301.848,2,255,556.33,329.993,NA,17.67,0.059,-120.964,-19.075
5912,41,108,334.596,614.394,57601.857,2,174,580.388,353.544,NA,24.058,0.08,-140.964,-20.001
5913,41,109,326.01,613.889,57901.867,2,255,588.988,361.401,NA,8.601,0.029,-176.634,-35.669
5914,41,110,304.798,624.495,58201.877,2,202,612.704,375.937,NA,23.716,0.079,153.435,-29.932
5915,41,111,299.747,617.424,58501.886,2,206,621.393,383.467,NA,8.689,0.029,-125.538,81.027
5916,41,112,288.131,607.323,58801.896,2,187,636.787,398.275,NA,15.394,0.051,-138.991,-13.453
5917,41,113,273.99,602.273,59101.906,2,131,651.803,413.217,NA,15.016,0.05,-160.346,-21.355
5918,41,114,270.455,590.657,59401.915,2,255,663.946,421.465,NA,12.142,0.04,-106.928,53.419
5919,41,115,269.444,575,59701.925,2,255,679.635,429.563,NA,15.689,0.052,-93.691,13.236
5920,41,116,259.343,560.354,60001.935,2,235,697.427,445.472,NA,17.792,0.059,-124.592,-30.901
5921,41,117,250.758,549.242,60301.944,2,255,711.468,458.432,NA,14.042,0.047,-127.694,-3.102
5922,41,118,246.212,539.646,60601.954,2,122,722.086,467.207,NA,10.618,0.035,-115.346,12.348
5923,41,119,246.212,539.646,60901.964,2,89,722.086,467.207,NA,0,0,0,115.346
5924,41,120,246.212,539.646,61201.974,2,141,722.086,467.207,NA,0,0,0,0
5925,41,121,246.212,539.646,61501.983,2,121,722.086,467.207,NA,0,0,0,0
5926,41,122,235.606,534.596,61801.993,2,202,733.834,478.905,NA,11.747,0.039,-154.537,-154.537
5927,41,123,226.01,529.545,62102.003,2,172,744.678,489.736,NA,10.844,0.036,-152.241,2.295
5928,42,1,620.455,717.929,17400.561,2,65,0,0,NA,NA,NA,NA,NA
5929,42,2,617.929,717.929,17700.571,2,99,2.525,2.525,NA,2.525,0.008,180,NA
5930,42,3,617.929,717.929,18000.58,2,57,2.525,2.525,NA,0,0,0,-180
5931,42,4,617.929,717.929,18300.59,2,140,2.525,2.525,NA,0,0,0,0
5932,42,5,617.929,717.929,18600.6,2,113,2.525,2.525,NA,0,0,0,0
5933,42,6,617.929,716.919,18900.609,2,91,3.535,2.72,NA,1.01,0.003,-90,-90
5934,42,7,613.384,714.394,19200.619,2,150,8.735,7.905,NA,5.2,0.017,-150.945,-60.945
5935,42,8,613.384,711.364,19500.629,2,149,11.765,9.649,NA,3.03,0.01,-90,60.945
5936,42,9,614.394,711.364,19800.638,2,138,12.776,8.935,NA,1.01,0.003,0,90
5937,42,10,620.96,711.364,20100.648,2,135,19.341,6.585,NA,6.566,0.022,0,0
5938,42,11,620.455,710.354,20400.658,2,120,20.471,7.576,NA,1.129,0.004,-116.565,-116.565
5939,42,12,615.909,707.323,20700.668,2,116,25.934,11.539,NA,5.463,0.018,-146.31,-29.745
5940,42,13,615.909,707.323,21000.677,2,255,25.934,11.539,NA,0,0,0,146.31
5941,42,14,615.909,707.323,21300.687,2,162,25.934,11.539,NA,0,0,0,0
5942,42,15,615.909,711.869,21600.697,2,69,30.479,7.576,NA,4.545,0.015,90,90
5943,42,16,613.889,713.889,21900.706,2,104,33.336,7.709,NA,2.857,0.01,135,45
5944,42,17,610.859,718.939,22200.716,2,86,39.226,9.649,NA,5.89,0.02,120.964,-14.036
5945,42,18,610.859,718.939,22500.726,2,140,39.226,9.649,NA,0,0,0,-120.964
5946,42,19,610.859,718.939,22800.735,2,140,39.226,9.649,NA,0,0,0,0
5947,42,20,610.859,718.939,23100.745,2,255,39.226,9.649,NA,0,0,0,0
5948,42,21,606.818,718.939,23400.755,2,183,43.266,13.674,NA,4.04,0.013,180,180
5949,42,22,605.303,717.424,23700.764,2,137,45.409,15.16,NA,2.143,0.007,-135,45
5950,42,23,605.303,716.919,24000.774,2,224,45.914,15.185,NA,0.505,0.002,-90,45
5951,42,24,605.303,716.919,24300.784,2,241,45.914,15.185,NA,0,0,0,90
5952,42,25,605.303,716.919,24600.793,2,182,45.914,15.185,NA,0,0,0,0
5953,42,26,605.303,716.919,24900.803,2,255,45.914,15.185,NA,0,0,0,0
5954,42,27,605.303,711.869,25200.813,2,198,50.965,16.319,NA,5.051,0.017,-90,-90
5955,42,28,605.808,710.859,25500.822,2,164,52.094,16.264,NA,1.129,0.004,-63.435,26.565
5956,42,29,605.808,710.859,25800.832,2,198,52.094,16.264,NA,0,0,0,63.435
5957,42,30,605.808,710.859,26100.842,2,159,52.094,16.264,NA,0,0,0,0
5958,42,31,605.808,710.859,26400.851,2,220,52.094,16.264,NA,0,0,0,0
5959,42,32,603.283,710.859,26700.861,2,237,54.619,18.57,NA,2.525,0.008,180,180
5960,42,33,603.283,710.859,27000.871,2,237,54.619,18.57,NA,0,0,0,-180
5961,42,34,603.283,710.859,27300.88,2,177,54.619,18.57,NA,0,0,0,0
5962,42,35,603.283,710.859,27600.89,2,167,54.619,18.57,NA,0,0,0,0
5963,42,36,603.283,710.859,27900.9,2,149,54.619,18.57,NA,0,0,0,0
5964,42,37,603.283,710.859,28200.909,2,205,54.619,18.57,NA,0,0,0,0
5965,42,38,602.273,710.859,28500.919,2,186,55.629,19.508,NA,1.01,0.003,180,180
5966,42,39,599.242,713.889,28800.929,2,187,59.915,21.593,NA,4.285,0.014,135,-45
5967,42,40,599.242,713.889,29100.938,2,84,59.915,21.593,NA,0,0,0,-135
5968,42,41,599.242,713.889,29400.948,2,111,59.915,21.593,NA,0,0,0,0
5969,42,42,589.646,713.384,29700.958,2,127,69.524,31.142,NA,9.609,0.032,-176.987,-176.987
5970,42,43,599.242,714.394,30000.967,2,177,79.173,21.505,NA,9.649,0.032,6.009,-177.004
5971,42,44,599.242,714.394,30300.977,2,159,79.173,21.505,NA,0,0,0,-6.009
5972,42,45,599.242,714.394,30600.987,2,216,79.173,21.505,NA,0,0,0,0
5973,42,46,599.242,714.394,30900.996,2,238,79.173,21.505,NA,0,0,0,0
5974,42,47,600.758,718.939,31201.006,2,207,83.964,19.723,NA,4.791,0.016,71.565,71.565
5975,42,48,600.758,720.96,31501.016,2,95,85.984,19.929,NA,2.02,0.007,90,18.435
5976,42,49,596.212,722.475,31801.025,2,133,90.776,24.665,NA,4.791,0.016,161.565,71.565
5977,42,50,596.212,729.04,32101.035,2,177,97.341,26.667,NA,6.566,0.022,90,-71.565
5978,42,51,596.212,729.04,32401.045,2,206,97.341,26.667,NA,0,0,0,-90
5979,42,52,591.162,729.04,32701.054,2,106,102.392,31.329,NA,5.051,0.017,180,180
5980,42,53,591.162,726.515,33001.064,2,97,104.917,30.525,NA,2.525,0.008,-90,90
5981,42,54,591.162,726.515,33301.074,2,104,104.917,30.525,NA,0,0,0,90
5982,42,55,591.162,719.444,33601.083,2,82,111.988,29.332,NA,7.071,0.024,-90,-90
5983,42,56,599.747,716.919,33901.093,2,109,120.937,20.732,NA,8.95,0.03,-16.39,73.61
5984,42,57,608.838,711.869,34201.103,2,138,131.337,13.102,NA,10.4,0.035,-29.055,-12.665
5985,42,58,608.838,724.495,34501.113,2,113,143.963,13.343,NA,12.626,0.042,90,119.055
5986,42,59,605.303,734.091,34801.122,2,128,154.19,22.153,NA,10.226,0.034,110.225,20.225
5987,42,60,601.263,742.677,35101.132,2,223,163.679,31.317,NA,9.489,0.032,115.201,4.976
5988,42,61,601.263,742.677,35401.142,2,198,163.679,31.317,NA,0,0,0,-115.201
5989,42,62,601.263,756.313,35701.151,2,61,177.315,42.914,NA,13.636,0.045,90,90
5990,42,63,594.697,756.313,36001.161,2,81,183.881,46.225,NA,6.566,0.022,180,90
5991,42,64,586.111,756.818,36301.171,2,135,192.482,51.883,NA,8.601,0.029,176.634,-3.366
5992,42,65,586.111,756.818,36601.18,2,182,192.482,51.883,NA,0,0,0,-176.634
5993,42,66,577.525,759.343,36901.19,2,168,201.431,59.649,NA,8.95,0.03,163.61,163.61
5994,42,67,561.869,749.242,37201.2,2,122,220.063,66.429,NA,18.632,0.062,-147.171,49.218
5995,42,68,560.859,748.737,37501.209,2,104,221.193,67.088,NA,1.129,0.004,-153.435,-6.263
5996,42,69,549.242,748.737,37801.219,2,104,232.809,77.591,NA,11.616,0.039,180,-26.565
5997,42,70,546.717,748.737,38101.229,2,109,235.334,79.915,NA,2.525,0.008,180,0
5998,42,71,536.111,746.717,38401.238,2,181,246.131,89.121,NA,10.797,0.036,-169.216,10.784
5999,42,72,535.606,746.717,38701.248,2,128,246.636,89.599,NA,0.505,0.002,180,-10.784
6000,42,73,529.545,746.717,39001.258,2,108,252.696,95.358,NA,6.061,0.02,180,0
6001,42,74,518.434,753.788,39301.267,2,130,265.867,108.139,NA,13.17,0.044,147.529,-32.471
6002,42,75,518.434,753.788,39601.277,2,89,265.867,108.139,NA,0,0,0,-147.529
6003,42,76,518.434,758.838,39901.287,2,177,270.917,109.917,NA,5.051,0.017,90,90
6004,42,77,518.434,758.838,40201.296,2,110,270.917,109.917,NA,0,0,0,-90
6005,42,78,518.434,758.838,40501.306,2,251,270.917,109.917,NA,0,0,0,0
6006,42,79,515.909,758.838,40801.316,2,162,273.442,112.264,NA,2.525,0.008,180,180
6007,42,80,512.879,767.424,41101.325,2,208,282.547,118.416,NA,9.105,0.03,109.44,-70.56
6008,42,81,497.222,757.323,41401.335,2,151,301.179,129.376,NA,18.632,0.062,-147.171,103.389
6009,42,82,497.222,756.818,41701.345,2,89,301.684,129.223,NA,0.505,0.002,-90,57.171
6010,42,83,481.061,746.212,42001.354,2,58,321.015,142.234,NA,19.331,0.064,-146.725,-56.725
6011,42,84,467.929,740.657,42301.364,2,236,335.274,154.209,NA,14.258,0.048,-157.068,-10.343
6012,42,85,467.929,740.657,42601.374,2,110,335.274,154.209,NA,0,0,0,157.068
6013,42,86,452.778,728.535,42901.383,2,83,354.677,168.012,NA,19.403,0.065,-141.34,-141.34
6014,42,87,445.707,719.444,43201.393,2,159,366.194,174.754,NA,11.517,0.038,-127.875,13.465
6015,42,88,445.202,719.444,43501.403,2,166,366.699,175.259,NA,0.505,0.002,180,-52.125
6016,42,89,426.515,715.404,43801.412,2,129,385.818,193.956,NA,19.119,0.064,-167.8,12.2
6017,42,90,409.848,700.758,44101.422,2,235,408.005,211.305,NA,22.188,0.074,-138.691,29.108
6018,42,91,409.848,700.253,44401.432,2,107,408.51,211.347,NA,0.505,0.002,-90,48.691
6019,42,92,392.172,685.606,44701.441,2,44,431.467,230.56,NA,22.956,0.077,-140.356,-50.356
6020,42,93,393.182,676.01,45001.451,2,76,441.116,231.106,NA,9.649,0.032,-83.991,56.365
6021,42,94,393.182,676.515,45301.461,2,87,441.621,231.015,NA,0.505,0.002,90,173.991
6022,42,95,395.707,676.515,45601.47,2,155,444.146,228.531,NA,2.525,0.008,0,-90
6023,42,96,395.707,676.515,45901.48,2,185,444.146,228.531,NA,0,0,0,0
6024,42,97,395.707,663.384,46201.49,2,34,457.277,231.272,NA,13.131,0.044,-90,-90
6025,42,98,369.444,662.374,46501.499,2,255,483.559,257.085,NA,26.282,0.088,-177.797,-87.797
6026,42,99,338.131,667.424,46801.509,2,225,515.277,286.805,NA,31.718,0.106,170.838,-11.365
6027,42,100,312.879,687.121,47101.519,2,104,547.303,309.115,NA,32.026,0.107,142.046,-28.792
6028,42,101,304.798,719.949,47401.529,2,184,581.111,315.663,NA,33.808,0.113,103.829,-38.217
6029,42,102,284.596,743.182,47701.538,2,161,611.899,336.807,NA,30.787,0.103,131.009,27.18
6030,42,103,265.404,750.253,48001.548,2,197,632.352,356.519,NA,20.453,0.068,159.775,28.766
6031,42,104,248.232,759.848,48301.558,2,140,652.023,374.575,NA,19.671,0.066,150.803,-8.973
6032,42,105,243.182,783.081,48601.567,2,144,675.798,382.857,NA,23.775,0.079,102.265,-48.538
6033,42,106,227.525,783.081,48901.577,2,189,691.454,398.294,NA,15.657,0.052,180,77.735
6034,42,107,207.323,797.727,49201.587,2,193,716.407,420.767,NA,24.953,0.083,144.058,-35.942
6035,42,108,201.263,799.747,49501.596,2,112,722.795,427.102,NA,6.388,0.021,161.565,17.507
6036,42,109,201.263,799.747,49801.606,2,158,722.795,427.102,NA,0,0,0,-161.565
6037,42,110,195.707,799.747,50101.616,2,113,728.351,432.556,NA,5.556,0.019,180,180
6038,42,111,195.707,799.242,50401.625,2,178,728.856,432.461,NA,0.505,0.002,-90,90
6039,42,112,195.707,799.242,50701.635,2,111,728.856,432.461,NA,0,0,0,90
6040,42,113,195.707,799.242,51001.645,2,199,728.856,432.461,NA,0,0,0,0
6041,42,114,193.182,799.242,51301.654,2,248,731.381,434.941,NA,2.525,0.008,180,180
6042,42,115,187.121,799.242,51601.664,2,165,737.442,440.896,NA,6.061,0.02,180,0
6043,42,116,184.091,799.242,51901.674,2,112,740.472,443.875,NA,3.03,0.01,180,0
6044,42,117,184.091,799.242,52201.683,2,207,740.472,443.875,NA,0,0,0,-180
6045,43,1,737.121,997.222,45601.47,2,87,0,0,NA,NA,NA,NA,NA
6046,43,2,737.121,1004.798,45901.48,2,145,7.576,7.576,NA,7.576,0.025,90,NA
6047,43,3,737.121,1004.798,46201.49,2,122,7.576,7.576,NA,0,0,0,-90
6048,43,4,737.121,1013.889,46501.499,2,142,16.667,16.667,NA,9.091,0.03,90,90
6049,43,5,733.586,1021.97,46801.509,2,140,25.487,24.999,NA,8.82,0.029,113.629,23.629
6050,43,6,733.586,1037.626,47101.519,2,241,41.144,40.558,NA,15.657,0.052,90,-23.629
6051,43,7,733.586,1037.626,47401.529,2,181,41.144,40.558,NA,0,0,0,-90
6052,43,8,730.051,1053.788,47701.538,2,140,57.687,57.006,NA,16.544,0.055,102.339,102.339
6053,43,9,730.051,1058.838,48001.548,2,170,62.738,62.021,NA,5.051,0.017,90,-12.339
6054,43,10,730.051,1069.444,48301.558,2,255,73.344,72.568,NA,10.606,0.035,90,0
6055,43,11,728.535,1092.677,48601.567,2,152,96.626,95.84,NA,23.282,0.078,93.731,3.731
6056,43,12,727.525,1102.273,48901.577,2,212,106.275,105.488,NA,9.649,0.032,96.009,2.278
6057,43,13,727.525,1113.889,49201.587,2,192,117.891,117.061,NA,11.616,0.039,90,-6.009
6058,43,14,730.556,1124.495,49501.596,2,71,128.921,127.442,NA,11.03,0.037,74.055,-15.945
6059,43,15,739.646,1143.182,49801.606,2,212,149.702,145.981,NA,20.781,0.069,64.058,-9.997
6060,43,16,740.657,1149.242,50101.616,2,167,155.846,152.061,NA,6.144,0.02,80.538,16.48
6061,43,17,738.131,1158.333,50401.625,2,255,165.281,161.114,NA,9.435,0.031,105.524,24.986
6062,43,18,738.131,1170.455,50701.635,2,255,177.403,173.235,NA,12.121,0.04,90,-15.524
6063,43,19,727.02,1181.566,51001.645,2,235,193.116,184.62,NA,15.713,0.052,135,45
6064,43,20,727.02,1181.566,51301.654,2,255,193.116,184.62,NA,0,0,0,-135
6065,43,21,730.051,1183.586,51601.664,2,222,196.758,186.498,NA,3.642,0.012,33.69,33.69
6066,43,22,730.051,1194.697,51901.674,2,190,207.869,197.601,NA,11.111,0.037,90,56.31
6067,43,23,730.051,1194.697,52201.683,2,175,207.869,197.601,NA,0,0,0,-90
6068,43,24,730.051,1213.889,52501.693,2,178,227.061,216.782,NA,19.192,0.064,90,90
6069,43,25,720.455,1233.586,52801.703,2,163,248.971,236.951,NA,21.91,0.073,115.974,25.974
6070,43,26,715.404,1245.707,53101.712,2,238,262.102,249.432,NA,13.131,0.044,112.62,-3.355
6071,43,27,708.838,1243.182,53401.722,2,236,269.137,247.58,NA,7.035,0.023,-158.962,88.418
6072,43,28,708.838,1243.182,53701.732,2,255,269.137,247.58,NA,0,0,0,158.962
6073,43,29,708.838,1243.182,54001.741,2,255,269.137,247.58,NA,0,0,0,0
6074,43,30,708.838,1253.283,54301.751,2,185,279.238,257.618,NA,10.101,0.034,90,90
6075,43,31,703.283,1266.919,54601.761,2,169,293.963,271.812,NA,14.725,0.049,112.166,22.166
6076,43,32,703.283,1266.919,54901.77,2,184,293.963,271.812,NA,0,0,0,-112.166
6077,43,33,703.283,1256.818,55201.78,2,190,304.064,261.792,NA,10.101,0.034,-90,-90
6078,43,34,703.283,1272.98,55501.79,2,149,320.225,277.826,NA,16.162,0.054,90,180
6079,43,35,703.283,1272.98,55801.799,2,214,320.225,277.826,NA,0,0,0,-90
6080,43,36,703.283,1272.98,56101.809,2,205,320.225,277.826,NA,0,0,0,0
6081,43,37,703.283,1272.98,56401.819,2,193,320.225,277.826,NA,0,0,0,0
6082,43,38,707.323,1296.212,56701.828,2,255,343.806,300.471,NA,23.581,0.079,80.134,80.134
6083,43,39,713.384,1302.778,57001.838,2,165,352.742,306.476,NA,8.935,0.03,47.291,-32.844
6084,43,40,717.929,1311.869,57301.848,2,255,362.906,315.231,NA,10.164,0.034,63.435,16.144
6085,43,41,717.929,1311.869,57601.857,2,128,362.906,315.231,NA,0,0,0,-63.435
6086,43,42,717.929,1289.646,57901.867,2,145,385.128,293.053,NA,22.222,0.074,-90,-90
6087,43,43,717.929,1279.545,58201.877,2,255,395.229,282.975,NA,10.101,0.034,-90,0
6088,43,44,721.97,1279.545,58501.886,2,236,399.269,282.73,NA,4.04,0.013,0,90
6089,43,45,707.323,1289.646,58801.896,2,152,417.061,293.939,NA,17.792,0.059,145.408,145.408
6090,43,46,714.899,1294.192,59101.906,2,151,425.896,297.8,NA,8.835,0.029,30.964,-114.444
6091,43,47,714.899,1294.192,59401.915,2,255,425.896,297.8,NA,0,0,0,-30.964
6092,43,48,718.939,1299.242,59701.925,2,228,432.364,302.567,NA,6.468,0.022,51.34,51.34
6093,43,49,718.939,1299.242,60001.935,2,212,432.364,302.567,NA,0,0,0,-51.34
6094,43,50,718.939,1304.798,60301.944,2,164,437.919,308.113,NA,5.556,0.019,90,90
6095,43,51,714.899,1311.364,60601.954,2,128,445.628,314.926,NA,7.709,0.026,121.608,31.608
6096,43,52,713.384,1316.414,60901.964,2,109,450.901,320.073,NA,5.273,0.018,106.699,-14.908
6097,43,53,713.384,1316.414,61201.974,2,163,450.901,320.073,NA,0,0,0,-106.699
6098,43,54,713.384,1316.414,61501.983,2,153,450.901,320.073,NA,0,0,0,0
6099,43,55,708.333,1317.929,61801.993,2,249,456.174,321.997,NA,5.273,0.018,163.301,163.301
6100,43,56,708.333,1317.929,62102.003,2,166,456.174,321.997,NA,0,0,0,-163.301
6101,43,57,706.313,1310.859,62402.012,2,255,463.528,315.146,NA,7.354,0.025,-105.945,-105.945
6102,43,58,700.758,1316.414,62702.022,2,249,471.385,321.257,NA,7.857,0.026,135,-119.055
6103,43,59,700.758,1316.414,63002.032,2,162,471.385,321.257,NA,0,0,0,-135
6104,43,60,686.111,1316.414,63302.041,2,207,486.031,323.242,NA,14.646,0.049,180,180
6105,43,61,695.707,1315.909,63602.051,2,243,495.64,321.367,NA,9.609,0.032,-3.013,176.987
6106,43,62,696.212,1299.747,63902.061,2,194,511.81,305.279,NA,16.17,0.054,-88.21,-85.197
6107,43,63,695.707,1299.242,64202.07,2,180,512.524,304.846,NA,0.714,0.002,-135,-46.79
6108,43,64,694.697,1287.121,64502.08,2,235,524.687,292.987,NA,12.163,0.041,-94.764,40.236
6109,43,65,685.101,1292.677,64802.09,2,146,535.775,299.999,NA,11.088,0.037,149.931,-115.305
6110,43,66,663.384,1305.303,65102.099,2,166,560.896,316.782,NA,25.121,0.084,149.826,-0.105
6111,43,67,662.879,1305.303,65402.109,2,102,561.401,316.9,NA,0.505,0.002,180,30.174
6112,43,68,637.121,1335.101,65702.119,2,204,600.789,352.366,NA,39.387,0.131,130.84,-49.16
6113,43,69,634.596,1355.303,66002.128,2,175,621.148,372.469,NA,20.359,0.068,97.125,-33.715
6114,43,70,646.717,1367.424,66302.138,2,145,638.29,381.081,NA,17.142,0.057,45,-52.125
6115,43,71,655.303,1384.091,66602.148,2,255,657.038,395.426,NA,18.748,0.062,62.745,17.745
6116,43,72,671.465,1384.091,66902.157,2,255,673.2,392.401,NA,16.162,0.054,0,-62.745
6117,43,73,690.657,1367.929,67202.167,2,191,698.29,373.608,NA,25.09,0.084,-40.101,-40.101
6118,43,74,684.091,1381.566,67502.177,2,168,713.425,387.985,NA,15.135,0.05,115.71,155.811
6119,43,75,670.455,1381.566,67802.186,2,255,727.061,390.082,NA,13.636,0.045,180,64.29
6120,43,76,658.838,1397.222,68102.196,2,160,746.556,407.588,NA,19.495,0.065,126.573,-53.427
6121,43,77,651.768,1414.394,68402.206,2,202,765.127,425.814,NA,18.57,0.062,112.38,-14.193
6122,43,78,645.202,1436.616,68702.215,2,255,788.299,448.906,NA,23.172,0.077,106.46,-5.92
6123,43,79,627.525,1446.212,69002.225,2,155,808.412,462.172,NA,20.113,0.067,151.504,45.044
6124,43,80,604.798,1467.929,69302.235,2,211,839.847,488.953,NA,31.435,0.105,136.302,-15.202
6125,43,81,593.687,1489.646,69602.244,2,224,864.242,512.889,NA,24.395,0.081,117.096,-19.206
6126,43,82,565.909,1508.838,69902.254,2,255,898.005,539.504,NA,33.763,0.113,145.359,28.263
6127,43,83,544.697,1521.97,70202.264,2,167,922.952,558.916,NA,24.948,0.083,148.241,2.881
6128,43,84,514.394,1525,70502.273,2,149,953.407,572.85,NA,30.454,0.102,174.289,26.049
6129,43,85,497.222,1528.535,70802.283,2,242,970.938,582.962,NA,17.532,0.058,168.366,-5.923
6130,43,86,478.03,1543.182,71102.293,2,248,995.081,604.318,NA,24.142,0.08,142.651,-25.716
6131,43,87,480.556,1544.697,71402.302,2,239,998.026,604.611,NA,2.945,0.01,30.964,-111.687
6132,43,88,483.081,1545.202,71702.312,2,243,1000.601,604.002,NA,2.575,0.009,11.31,-19.654
6133,43,90,487.626,1542.677,72002.322,2,242,1005.801,599.807,NA,5.2,0.017,-29.055,-40.365
6134,44,1,692.172,979.545,33901.093,2,9,0,0,NA,NA,NA,NA,NA
6135,44,2,699.242,994.192,34201.103,2,90,16.264,16.264,NA,16.264,0.054,64.231,NA
6136,44,3,702.273,1003.788,34501.113,2,92,26.327,26.263,NA,10.063,0.034,72.474,8.244
6137,44,4,702.273,1011.364,34801.122,2,87,33.903,33.383,NA,7.576,0.025,90,17.526
6138,44,5,704.293,1028.03,35101.132,2,255,50.691,49.977,NA,16.789,0.056,83.089,-6.911
6139,44,6,700.253,1032.071,35401.142,2,251,56.405,53.143,NA,5.714,0.019,135,51.911
6140,44,7,698.737,1049.242,35701.151,2,196,73.644,70.006,NA,17.238,0.057,95.042,-39.958
6141,44,8,687.121,1055.808,36001.161,2,255,86.987,76.43,NA,13.343,0.044,150.524,55.482
6142,44,9,677.525,1066.414,36301.171,2,217,101.29,88.095,NA,14.303,0.048,132.138,-18.387
6143,44,10,671.97,1073.99,36601.18,2,255,110.684,96.581,NA,9.394,0.031,126.254,-5.884
6144,44,11,671.97,1072.98,36901.19,2,255,111.694,95.593,NA,1.01,0.003,-90,143.746
6145,44,12,669.444,1072.98,37201.2,2,255,114.22,96.159,NA,2.525,0.008,180,-90
6146,44,13,669.444,1081.566,37501.209,2,47,122.806,104.521,NA,8.586,0.029,90,-90
6147,44,14,669.444,1097.222,37801.219,2,234,138.462,119.851,NA,15.657,0.052,90,0
6148,44,15,663.384,1097.222,38101.229,2,228,144.523,121.147,NA,6.061,0.02,180,90
6149,44,16,663.384,1097.222,38401.238,2,255,144.523,121.147,NA,0,0,0,-180
6150,44,17,657.323,1114.899,38701.248,2,255,163.21,139.768,NA,18.687,0.062,108.925,108.925
6151,44,18,647.727,1117.424,39001.258,2,255,173.132,144.865,NA,9.923,0.033,165.256,56.332
6152,44,19,647.727,1117.424,39301.267,2,255,173.132,144.865,NA,0,0,0,-165.256
6153,44,20,637.121,1129.04,39601.277,2,255,188.862,159.309,NA,15.73,0.052,132.397,132.397
6154,44,21,635.606,1123.485,39901.287,2,255,194.62,154.655,NA,5.758,0.019,-105.255,122.347
6155,44,22,630.051,1123.485,40201.296,2,255,200.176,156.772,NA,5.556,0.019,180,-74.745
6156,44,23,630.051,1134.091,40501.306,2,255,210.782,166.563,NA,10.606,0.035,90,-90
6157,44,24,630.051,1139.141,40801.316,2,255,215.833,171.26,NA,5.051,0.017,90,0
6158,44,25,633.081,1148.737,41101.325,2,255,225.896,179.214,NA,10.063,0.034,72.474,-17.526
6159,44,26,628.535,1158.838,41401.335,2,255,236.972,190.251,NA,11.077,0.037,114.228,41.753
6160,44,27,628.535,1158.838,41701.345,2,255,236.972,190.251,NA,0,0,0,-114.228
6161,44,28,633.586,1158.838,42001.354,2,255,242.023,188.622,NA,5.051,0.017,0,0
6162,44,29,633.586,1176.01,42301.364,2,160,259.194,205.014,NA,17.172,0.057,90,90
6163,44,30,639.646,1198.737,42601.374,2,255,282.716,225.397,NA,23.521,0.078,75.069,-14.931
6164,44,31,632.071,1211.364,42901.383,2,229,297.441,239.482,NA,14.725,0.049,120.964,45.895
6165,44,32,617.929,1209.848,43201.393,2,255,311.663,241.974,NA,14.222,0.047,-173.884,65.152
6166,44,33,617.929,1215.909,43501.403,2,255,317.724,247.749,NA,6.061,0.02,90,-96.116
6167,44,34,617.929,1218.939,43801.412,2,255,320.754,250.642,NA,3.03,0.01,90,0
6168,44,35,628.535,1237.121,44101.422,2,255,341.803,265.32,NA,21.049,0.07,59.744,-30.256
6169,44,36,631.061,1238.636,44401.432,2,255,344.748,266.2,NA,2.945,0.01,30.964,-28.78
6170,44,37,626.515,1246.717,44701.441,2,255,354.019,275.121,NA,9.271,0.031,119.358,88.394
6171,44,38,626.515,1246.717,45001.451,2,255,354.019,275.121,NA,0,0,0,-119.358
6172,44,39,626.515,1246.717,45301.461,2,249,354.019,275.121,NA,0,0,0,0
6173,44,40,626.515,1254.293,45601.47,2,255,361.595,282.484,NA,7.576,0.025,90,90
6174,44,41,619.949,1256.818,45901.48,2,255,368.63,286.524,NA,7.035,0.023,158.962,68.962
6175,44,42,618.434,1277.02,46201.49,2,161,388.888,306.477,NA,20.259,0.068,94.289,-64.673
6176,44,43,618.434,1277.02,46501.499,2,255,388.888,306.477,NA,0,0,0,-94.289
6177,44,44,618.434,1277.02,46801.509,2,255,388.888,306.477,NA,0,0,0,0
6178,44,45,604.293,1289.646,47101.519,2,255,407.846,322.312,NA,18.958,0.063,138.24,138.24
6179,44,46,596.212,1290.152,47401.529,2,255,415.943,325.091,NA,8.097,0.027,176.424,38.184
6180,44,47,596.212,1290.152,47701.538,2,248,415.943,325.091,NA,0,0,0,-176.424
6181,44,48,596.212,1298.232,48001.548,2,255,424.024,332.821,NA,8.081,0.027,90,90
6182,44,49,596.212,1313.889,48301.558,2,255,439.68,347.842,NA,15.657,0.052,90,0
6183,44,50,596.212,1313.889,48601.567,2,255,439.68,347.842,NA,0,0,0,-90
6184,44,51,596.212,1313.889,48901.577,2,255,439.68,347.842,NA,0,0,0,0
6185,44,52,596.212,1313.889,49201.587,2,255,439.68,347.842,NA,0,0,0,0
6186,44,53,600.253,1304.293,49501.596,2,255,450.092,337.506,NA,10.412,0.035,-67.166,-67.166
6187,44,54,600.253,1304.293,49801.606,2,255,450.092,337.506,NA,0,0,0,67.166
6188,44,55,598.232,1304.293,50101.616,2,255,452.112,338.061,NA,2.02,0.007,180,180
6189,44,56,591.162,1303.788,50401.625,2,255,459.201,339.612,NA,7.089,0.024,-175.914,4.086
6190,44,57,591.162,1303.788,50701.635,2,255,459.201,339.612,NA,0,0,0,175.914
6191,44,58,591.162,1307.323,51001.645,2,255,462.736,342.989,NA,3.535,0.012,90,90
6192,44,59,585.606,1312.374,51301.654,2,255,470.245,349.472,NA,7.508,0.025,137.726,47.726
6193,44,60,585.606,1312.374,51601.664,2,255,470.245,349.472,NA,0,0,0,-137.726
6194,44,61,585.606,1312.374,51901.674,2,255,470.245,349.472,NA,0,0,0,0
6195,44,62,584.091,1314.394,52201.683,2,255,472.77,351.859,NA,2.525,0.008,126.87,126.87
6196,44,63,582.576,1318.939,52501.693,2,255,477.561,356.65,NA,4.791,0.016,108.435,-18.435
6197,44,64,582.576,1318.434,52801.703,2,255,478.066,356.17,NA,0.505,0.002,-90,161.565
6198,44,65,582.576,1332.576,53101.712,2,255,492.208,369.651,NA,14.141,0.047,90,180
6199,44,66,582.576,1337.121,53401.722,2,255,496.753,373.994,NA,4.545,0.015,90,0
6200,44,67,583.081,1339.646,53701.732,2,255,499.328,376.263,NA,2.575,0.009,78.69,-11.31
6201,44,68,582.576,1342.172,54001.741,2,255,501.904,378.826,NA,2.575,0.009,101.31,22.62
6202,44,69,582.576,1342.172,54301.751,2,255,501.904,378.826,NA,0,0,0,-101.31
6203,44,70,577.525,1339.646,54601.761,2,255,507.55,377.911,NA,5.647,0.019,-153.435,-153.435
6204,44,71,577.525,1334.596,54901.77,2,255,512.601,373.101,NA,5.051,0.017,-90,63.435
6205,44,72,573.99,1334.596,55201.78,2,255,516.136,374.203,NA,3.535,0.012,180,-90
6206,44,73,573.99,1334.596,55501.79,2,255,516.136,374.203,NA,0,0,0,-180
6207,44,74,574.495,1330.051,55801.799,2,255,520.71,369.732,NA,4.573,0.015,-83.66,-83.66
6208,44,75,575.505,1330.051,56101.809,2,255,521.72,369.412,NA,1.01,0.003,0,83.66
6209,44,76,580.051,1330.051,56401.819,2,255,526.265,368.001,NA,4.545,0.015,0,0
6210,44,77,587.121,1330.051,56701.828,2,255,533.336,365.909,NA,7.071,0.024,0,0
6211,44,78,592.677,1330.051,57001.838,2,255,538.891,364.353,NA,5.556,0.019,0,0
6212,44,79,592.677,1330.051,57301.848,2,255,538.891,364.353,NA,0,0,0,0
6213,44,80,596.717,1330.051,57601.857,2,255,542.932,363.27,NA,4.04,0.013,0,0
6214,44,81,603.788,1331.061,57901.867,2,255,550.074,362.456,NA,7.142,0.024,8.13,8.13
6215,44,82,614.394,1332.576,58201.877,2,255,560.788,361.497,NA,10.714,0.036,8.13,0
6216,44,83,615.909,1336.111,58501.886,2,255,564.634,364.63,NA,3.846,0.013,66.801,58.671
6217,44,84,613.889,1339.646,58801.896,2,255,568.706,368.512,NA,4.072,0.014,119.745,52.943
6218,44,85,613.889,1339.646,59101.906,2,236,568.706,368.512,NA,0,0,0,-119.745
6219,44,86,631.566,1346.717,59401.915,2,255,587.745,372.14,NA,19.038,0.063,21.801,21.801
6220,44,87,631.566,1346.717,59701.925,2,255,587.745,372.14,NA,0,0,0,-21.801
6221,44,88,631.566,1351.768,60001.935,2,255,592.795,377.124,NA,5.051,0.017,90,90
6222,44,89,635.101,1351.768,60301.944,2,255,596.331,376.572,NA,3.535,0.012,0,-90
6223,44,90,640.152,1351.768,60601.954,2,255,601.381,375.84,NA,5.051,0.017,0,0
6224,44,91,640.152,1351.768,60901.964,2,255,601.381,375.84,NA,0,0,0,0
6225,44,92,640.152,1353.788,61201.974,2,255,603.401,377.841,NA,2.02,0.007,90,90
6226,44,93,639.141,1354.293,61501.983,2,255,604.531,378.481,NA,1.129,0.004,153.435,63.435
6227,44,94,640.657,1343.182,61801.993,2,255,615.745,367.267,NA,11.214,0.037,-82.235,124.33
6228,44,95,636.111,1349.242,62102.003,2,255,623.32,373.923,NA,7.576,0.025,126.87,-150.895
6229,44,96,636.111,1349.242,62402.012,2,255,623.32,373.923,NA,0,0,0,-126.87
6230,44,97,639.141,1353.788,62702.022,2,255,628.783,377.981,NA,5.463,0.018,56.31,56.31
6231,44,98,639.141,1354.798,63002.032,2,255,629.793,378.981,NA,1.01,0.003,90,33.69
6232,44,99,634.596,1354.798,63302.041,2,255,634.339,379.644,NA,4.545,0.015,180,90
6233,44,100,634.596,1354.798,63602.051,2,21,634.339,379.644,NA,0,0,0,-180
6234,44,101,600.253,1389.646,63902.061,2,183,683.266,420.276,NA,48.927,0.163,134.582,134.582
6235,44,102,549.242,1395.707,64202.07,2,255,734.635,440.022,NA,51.369,0.171,173.224,38.643
6236,44,103,536.616,1405.303,64502.08,2,255,750.494,453.285,NA,15.859,0.053,142.765,-30.459
6237,44,104,515.909,1415.404,64802.09,2,255,773.533,470.15,NA,23.039,0.077,153.997,11.231
6238,44,105,508.838,1423.99,65102.099,2,255,784.656,480.772,NA,11.123,0.037,129.472,-24.524
6239,44,106,507.323,1435.101,65402.109,2,255,795.87,491.63,NA,11.214,0.037,97.765,-31.707
6240,44,107,495.202,1452.273,65702.119,2,240,816.889,512.121,NA,21.019,0.07,125.218,27.452
6241,44,108,473.99,1475,66002.128,2,255,847.977,541.367,NA,31.088,0.104,133.025,7.807
6242,44,109,455.303,1501.263,66302.138,2,165,880.209,572.971,NA,32.232,0.107,125.433,-7.592
6243,44,110,456.313,1514.394,66602.148,2,170,893.379,584.544,NA,13.17,0.044,85.601,-39.832
6244,44,111,439.646,1529.04,66902.157,2,236,915.567,604.743,NA,22.188,0.074,138.691,53.09
6245,44,112,439.646,1535.606,67202.167,2,221,922.133,610.715,NA,6.566,0.022,90,-48.691
6246,44,113,444.192,1535.606,67502.177,2,194,926.678,608.849,NA,4.545,0.015,0,-90
6247,44,114,444.192,1535.606,67802.186,2,214,926.678,608.849,NA,0,0,0,0
6248,44,115,455.303,1542.677,68102.196,2,231,939.848,610.92,NA,13.17,0.044,32.471,32.471
6249,44,116,467.424,1549.242,68402.206,2,240,953.634,612.426,NA,13.785,0.046,28.443,-4.028
6250,45,1,608.333,970.455,33601.083,2,65,0,0,NA,NA,NA,NA,NA
6251,45,2,600.758,979.545,33901.093,2,81,11.834,11.834,NA,11.834,0.039,129.806,NA
6252,45,3,588.636,981.061,34201.103,2,95,24.049,22.371,NA,12.216,0.041,172.875,43.069
6253,45,4,588.636,981.061,34501.113,2,25,24.049,22.371,NA,0,0,0,-172.875
6254,45,5,566.919,978.03,34801.122,2,51,45.977,42.101,NA,21.928,0.073,-172.057,-172.057
6255,45,6,565.909,978.03,35101.132,2,26,46.987,43.095,NA,1.01,0.003,180,-7.943
6256,45,7,564.394,977.525,35401.142,2,29,48.584,44.505,NA,1.597,0.005,-161.565,18.435
6257,45,8,558.333,987.121,35701.151,2,216,59.934,52.705,NA,11.35,0.038,122.276,-76.159
6258,45,9,556.818,997.222,36001.161,2,112,70.148,58.054,NA,10.214,0.034,98.531,-23.745
6259,45,10,556.313,1016.919,36301.171,2,173,89.851,69.75,NA,19.703,0.066,91.469,-7.062
6260,45,11,543.687,1012.374,36601.18,2,144,103.271,77.048,NA,13.42,0.045,-160.201,108.33
6261,45,12,536.111,1012.879,36901.19,2,207,110.863,83.761,NA,7.593,0.025,176.186,-23.613
6262,45,13,518.939,1018.434,37201.2,2,90,128.911,101.456,NA,18.048,0.06,162.072,-14.114
6263,45,14,505.808,1023.485,37501.209,2,184,142.98,115.428,NA,14.069,0.047,158.962,-3.11
6264,45,15,502.273,1032.071,37801.219,2,171,152.266,122.66,NA,9.285,0.031,112.38,-46.582
6265,45,16,492.172,1051.768,38101.229,2,121,174.402,141.793,NA,22.136,0.074,117.15,4.77
6266,45,17,484.091,1052.273,38401.238,2,127,182.498,148.763,NA,8.097,0.027,176.424,59.274
6267,45,18,470.96,1081.566,38701.248,2,101,214.6,176.684,NA,32.102,0.107,114.146,-62.278
6268,45,19,470.96,1091.667,39001.258,2,171,224.701,183.205,NA,10.101,0.034,90,-24.146
6269,45,20,467.424,1104.798,39301.267,2,202,238.3,194.688,NA,13.599,0.045,105.068,15.068
6270,45,21,463.889,1120.96,39601.277,2,207,254.843,208.605,NA,16.544,0.055,102.339,-2.729
6271,45,22,463.889,1135.101,39901.287,2,235,268.985,219.027,NA,14.141,0.047,90,-12.339
6272,45,23,463.889,1165.909,40201.296,2,210,299.793,243.036,NA,30.808,0.103,90,0
6273,45,24,464.899,1182.576,40501.306,2,201,316.49,256.064,NA,16.697,0.056,86.532,-3.468
6274,45,25,468.434,1212.879,40801.316,2,204,346.999,279.895,NA,30.509,0.102,83.346,-3.186
6275,45,26,468.939,1229.04,41101.325,2,138,363.168,293.764,NA,16.17,0.054,88.21,4.865
6276,45,27,468.939,1229.04,41401.335,2,83,363.168,293.764,NA,0,0,0,-88.21
6277,45,28,468.939,1220.455,41701.345,2,174,371.754,286.235,NA,8.586,0.029,-90,-90
6278,45,29,465.909,1220.455,42001.354,2,230,374.784,287.723,NA,3.03,0.01,180,-90
6279,45,30,465.909,1220.455,42301.364,2,201,374.784,287.723,NA,0,0,0,-180
6280,45,31,465.909,1220.455,42601.374,2,190,374.784,287.723,NA,0,0,0,0
6281,45,32,465.909,1220.455,42901.383,2,229,374.784,287.723,NA,0,0,0,0
6282,45,33,465.909,1220.455,43201.393,2,210,374.784,287.723,NA,0,0,0,0
6283,45,34,461.364,1220.455,43501.403,2,194,379.33,290,NA,4.545,0.015,180,180
6284,45,35,461.364,1220.455,43801.412,2,142,379.33,290,NA,0,0,0,-180
6285,45,36,461.364,1217.929,44101.422,2,129,381.855,287.826,NA,2.525,0.008,-90,-90
6286,45,37,464.899,1216.414,44401.432,2,103,385.701,284.727,NA,3.846,0.013,-23.199,66.801
6287,45,38,468.939,1216.414,44701.441,2,123,389.742,282.713,NA,4.04,0.013,0,23.199
6288,45,39,472.475,1223.99,45001.451,2,200,398.102,287.642,NA,8.36,0.028,64.983,64.983
6289,45,40,472.475,1223.99,45301.461,2,229,398.102,287.642,NA,0,0,0,-64.983
6290,45,41,472.475,1223.99,45601.47,2,168,398.102,287.642,NA,0,0,0,0
6291,45,42,466.919,1223.99,45901.48,2,211,403.657,290.307,NA,5.556,0.019,180,180
6292,45,43,466.919,1223.99,46201.49,2,168,403.657,290.307,NA,0,0,0,-180
6293,45,44,466.919,1223.99,46501.499,2,195,403.657,290.307,NA,0,0,0,0
6294,45,45,471.465,1223.99,46801.509,2,212,408.203,288.12,NA,4.545,0.015,0,0
6295,45,46,471.465,1225,47101.519,2,191,409.213,289.009,NA,1.01,0.003,90,90
6296,45,47,471.465,1225,47401.529,2,216,409.213,289.009,NA,0,0,0,-90
6297,45,48,471.465,1225,47701.538,2,247,409.213,289.009,NA,0,0,0,0
6298,45,49,470.96,1226.515,48001.548,2,161,410.81,290.583,NA,1.597,0.005,108.435,108.435
6299,45,50,471.465,1227.02,48301.558,2,202,411.524,290.79,NA,0.714,0.002,45,-63.435
6300,45,51,475.505,1220.455,48601.567,2,250,419.234,283.096,NA,7.709,0.026,-58.392,-103.392
6301,45,52,475.505,1220.455,48901.577,2,172,419.234,283.096,NA,0,0,0,58.392
6302,45,53,475.505,1220.455,49201.587,2,251,419.234,283.096,NA,0,0,0,0
6303,45,54,470.455,1223.485,49501.596,2,188,425.123,288.158,NA,5.89,0.02,149.036,149.036
6304,45,55,470.455,1230.051,49801.606,2,99,431.689,293.94,NA,6.566,0.022,90,-59.036
6305,45,56,470.455,1240.152,50101.616,2,245,441.79,302.898,NA,10.101,0.034,90,0
6306,45,57,470.455,1243.687,50401.625,2,240,445.325,306.05,NA,3.535,0.012,90,0
6307,45,58,462.879,1241.162,50701.635,2,192,453.311,307.31,NA,7.986,0.027,-161.565,108.435
6308,45,59,462.879,1238.131,51001.645,2,247,456.341,304.644,NA,3.03,0.01,-90,71.565
6309,45,60,465.404,1236.111,51301.654,2,148,459.575,301.666,NA,3.234,0.011,-38.66,51.34
6310,45,61,467.424,1227.525,51601.664,2,198,468.395,293.156,NA,8.82,0.029,-76.759,-38.1
6311,45,62,467.929,1221.465,51901.674,2,142,474.477,287.61,NA,6.082,0.02,-85.236,-8.477
6312,45,63,467.929,1216.414,52201.683,2,172,479.528,283.213,NA,5.051,0.017,-90,-4.764
6313,45,64,467.929,1216.414,52501.693,2,255,479.528,283.213,NA,0,0,0,90
6314,45,65,467.929,1216.414,52801.703,2,227,479.528,283.213,NA,0,0,0,0
6315,45,66,467.929,1219.949,53101.712,2,255,483.063,286.288,NA,3.535,0.012,90,90
6316,45,67,471.97,1220.455,53401.722,2,255,487.135,284.772,NA,4.072,0.014,7.125,-82.875
6317,45,68,475,1220.455,53701.732,2,232,490.165,283.333,NA,3.03,0.01,0,-7.125
6318,45,69,475,1220.455,54001.741,2,237,490.165,283.333,NA,0,0,0,0
6319,45,70,469.444,1222.98,54301.751,2,255,496.268,288.2,NA,6.103,0.02,155.556,155.556
6320,45,71,464.899,1225,54601.761,2,221,501.242,292.176,NA,4.974,0.017,156.038,0.481
6321,45,72,464.899,1225,54901.77,2,238,501.242,292.176,NA,0,0,0,-156.038
6322,45,73,464.899,1219.444,55201.78,2,238,506.797,287.349,NA,5.556,0.019,-90,-90
6323,45,74,464.899,1219.444,55501.79,2,175,506.797,287.349,NA,0,0,0,90
6324,45,75,458.838,1230.051,55801.799,2,98,519.013,299.564,NA,12.216,0.041,119.745,119.745
6325,45,76,458.838,1230.051,56101.809,2,170,519.013,299.564,NA,0,0,0,-119.745
6326,45,77,458.838,1230.051,56401.819,2,252,519.013,299.564,NA,0,0,0,0
6327,45,78,458.838,1230.051,56701.828,2,237,519.013,299.564,NA,0,0,0,0
6328,45,79,458.838,1230.051,57001.838,2,137,519.013,299.564,NA,0,0,0,0
6329,45,80,459.848,1226.01,57301.848,2,255,523.178,295.561,NA,4.165,0.014,-75.964,-75.964
6330,45,81,465.909,1226.01,57601.857,2,241,529.238,292.563,NA,6.061,0.02,0,75.964
6331,45,82,466.919,1225,57901.867,2,222,530.667,291.19,NA,1.428,0.005,-45,-45
6332,45,83,469.949,1221.465,58201.877,2,166,535.323,286.629,NA,4.656,0.016,-49.399,-4.399
6333,45,84,469.949,1221.465,58501.886,2,255,535.323,286.629,NA,0,0,0,49.399
6334,45,85,472.98,1221.465,58801.896,2,244,538.353,285.178,NA,3.03,0.01,0,0
6335,45,86,472.98,1225.505,59101.906,2,176,542.394,288.741,NA,4.04,0.013,90,90
6336,45,87,472.98,1226.01,59401.915,2,160,542.899,289.187,NA,0.505,0.002,90,0
6337,45,88,471.97,1226.515,59701.925,2,120,544.028,290.107,NA,1.129,0.004,153.435,63.435
6338,45,89,468.939,1234.091,60001.935,2,216,552.188,298.219,NA,8.159,0.027,111.801,-41.634
6339,45,90,468.939,1235.606,60301.944,2,199,553.703,299.56,NA,1.515,0.005,90,-21.801
6340,45,91,463.889,1236.111,60601.954,2,151,558.778,302.387,NA,5.076,0.017,174.289,84.289
6341,45,92,459.848,1236.111,60901.964,2,185,562.819,304.337,NA,4.04,0.013,180,5.711
6342,45,93,459.848,1236.111,61201.974,2,238,562.819,304.337,NA,0,0,0,-180
6343,45,94,458.333,1231.061,61501.983,2,111,568.092,300.692,NA,5.273,0.018,-106.699,-106.699
6344,45,95,458.333,1227.525,61801.993,2,71,571.627,297.633,NA,3.535,0.012,-90,16.699
6345,45,96,469.444,1227.525,62102.003,2,240,582.738,292.191,NA,11.111,0.037,0,90
6346,45,97,469.444,1227.525,62402.012,2,255,582.738,292.191,NA,0,0,0,0
6347,45,98,469.444,1227.525,62702.022,2,183,582.738,292.191,NA,0,0,0,0
6348,45,99,469.444,1227.525,63002.032,2,135,582.738,292.191,NA,0,0,0,0
6349,45,100,469.444,1232.576,63302.041,2,110,587.789,296.644,NA,5.051,0.017,90,90
6350,45,101,472.475,1226.515,63602.051,2,85,594.565,289.87,NA,6.776,0.023,-63.435,-153.435
6351,45,102,470.455,1222.475,63902.061,2,150,599.082,287.271,NA,4.517,0.015,-116.565,-53.13
6352,45,103,466.919,1217.424,64202.07,2,174,605.247,284.591,NA,6.165,0.021,-124.992,-8.427
6353,45,104,465.404,1213.889,64502.08,2,204,609.093,282.293,NA,3.846,0.013,-113.199,11.793
6354,45,105,465.404,1213.889,64802.09,2,227,609.093,282.293,NA,0,0,0,113.199
6355,45,106,465.404,1213.889,65102.099,2,126,609.093,282.293,NA,0,0,0,0
6356,45,107,465.404,1213.889,65402.109,2,114,609.093,282.293,NA,0,0,0,0
6357,45,108,463.384,1223.485,65702.119,2,241,618.9,291.607,NA,9.806,0.033,101.889,101.889
6358,45,109,450.758,1225,66002.128,2,164,631.616,299.372,NA,12.717,0.042,173.157,71.269
6359,45,110,450.758,1225,66302.138,2,132,631.616,299.372,NA,0,0,0,-173.157
6360,45,111,448.232,1228.03,66602.148,2,115,635.561,303.278,NA,3.945,0.013,129.806,129.806
6361,45,112,448.232,1228.03,66902.157,2,252,635.561,303.278,NA,0,0,0,-129.806
6362,45,113,448.232,1239.141,67202.167,2,193,646.672,312.77,NA,11.111,0.037,90,90
6363,45,114,448.232,1239.141,67502.177,2,121,646.672,312.77,NA,0,0,0,-90
6364,45,115,448.232,1239.141,67802.186,2,143,646.672,312.77,NA,0,0,0,0
6365,45,116,448.232,1239.141,68102.196,2,84,646.672,312.77,NA,0,0,0,0
6366,45,117,452.273,1236.111,68402.206,2,227,651.723,308.104,NA,5.051,0.017,-36.87,-36.87
6367,45,118,452.273,1236.111,68702.215,2,136,651.723,308.104,NA,0,0,0,36.87
6368,45,119,452.273,1236.111,69002.225,2,142,651.723,308.104,NA,0,0,0,0
6369,45,120,452.273,1236.111,69302.235,2,110,651.723,308.104,NA,0,0,0,0
6370,45,121,451.263,1234.596,69602.244,2,238,653.544,307.314,NA,1.821,0.006,-123.69,-123.69
6371,45,122,448.232,1234.596,69902.254,2,255,656.574,308.874,NA,3.03,0.01,180,-56.31
6372,45,123,446.212,1234.596,70202.264,2,166,658.594,309.926,NA,2.02,0.007,180,0
6373,45,124,441.162,1234.596,70502.273,2,218,663.645,312.597,NA,5.051,0.017,180,0
6374,45,125,441.162,1234.596,70802.283,2,255,663.645,312.597,NA,0,0,0,-180
6375,45,126,441.162,1237.121,71102.293,2,255,666.17,314.734,NA,2.525,0.008,90,90
6376,45,127,441.162,1240.657,71402.302,2,222,669.705,317.735,NA,3.535,0.012,90,0
6377,45,128,438.636,1240.657,71702.312,2,144,672.23,319.071,NA,2.525,0.008,180,90
6378,45,131,438.636,1240.657,72002.322,2,99,672.23,319.071,NA,0,0,0,-180
6379,46,1,1042.172,816.919,45301.461,2,255,0,0,NA,NA,NA,NA,NA
6380,46,2,1042.172,816.919,45601.47,2,220,0,0,NA,0,0,0,NA
6381,46,3,1042.172,816.919,45901.48,2,108,0,0,NA,0,0,0,0
6382,46,4,1042.172,816.919,46201.49,2,248,0,0,NA,0,0,0,0
6383,46,5,1048.232,816.919,46501.499,2,220,6.061,6.061,NA,6.061,0.02,0,0
6384,46,6,1048.232,816.919,46801.509,2,203,6.061,6.061,NA,0,0,0,0
6385,46,7,1048.232,816.919,47101.519,2,173,6.061,6.061,NA,0,0,0,0
6386,46,8,1048.232,812.879,47401.529,2,215,10.101,7.284,NA,4.04,0.013,-90,-90
6387,46,9,1048.232,810.354,47701.538,2,250,12.626,8.935,NA,2.525,0.008,-90,0
6388,46,10,1048.232,810.354,48001.548,2,255,12.626,8.935,NA,0,0,0,90
6389,46,11,1048.232,810.354,48301.558,2,231,12.626,8.935,NA,0,0,0,0
6390,46,12,1055.303,810.354,48601.567,2,246,19.697,14.681,NA,7.071,0.024,0,0
6391,46,13,1064.899,810.354,48901.577,2,171,29.293,23.657,NA,9.596,0.032,0,0
6392,46,14,1069.949,810.354,49201.587,2,207,34.343,28.543,NA,5.051,0.017,0,0
6393,46,15,1069.444,812.374,49501.596,2,221,36.426,27.649,NA,2.082,0.007,104.036,104.036
6394,46,16,1081.061,812.374,49801.606,2,157,48.042,39.154,NA,11.616,0.039,0,-104.036
6395,46,17,1081.061,812.374,50101.616,2,254,48.042,39.154,NA,0,0,0,0
6396,46,18,1082.071,811.364,50401.625,2,197,49.47,40.284,NA,1.428,0.005,-45,-45
6397,46,19,1082.071,811.364,50701.635,2,199,49.47,40.284,NA,0,0,0,45
6398,46,20,1083.586,804.798,51001.645,2,255,56.209,43.152,NA,6.738,0.022,-77.005,-77.005
6399,46,21,1083.586,804.798,51301.654,2,230,56.209,43.152,NA,0,0,0,77.005
6400,46,22,1089.646,804.293,51601.664,2,255,62.29,49.125,NA,6.082,0.02,-4.764,-4.764
6401,46,23,1089.646,804.293,51901.674,2,255,62.29,49.125,NA,0,0,0,4.764
6402,46,24,1090.657,798.737,52201.683,2,255,67.937,51.782,NA,5.647,0.019,-79.695,-79.695
6403,46,25,1090.657,798.737,52501.693,2,241,67.937,51.782,NA,0,0,0,79.695
6404,46,26,1096.212,794.697,52801.703,2,255,74.806,58.431,NA,6.869,0.023,-36.027,-36.027
6405,46,27,1096.212,787.121,53101.712,2,255,82.382,61.711,NA,7.576,0.025,-90,-53.973
6406,46,28,1099.242,786.616,53401.722,2,255,85.454,64.617,NA,3.072,0.01,-9.462,80.538
6407,46,29,1099.242,786.616,53701.732,2,255,85.454,64.617,NA,0,0,0,9.462
6408,46,30,1099.242,786.616,54001.741,2,255,85.454,64.617,NA,0,0,0,0
6409,46,31,1099.242,782.576,54301.751,2,255,89.495,66.607,NA,4.04,0.013,-90,-90
6410,46,32,1099.242,782.576,54601.761,2,255,89.495,66.607,NA,0,0,0,90
6411,46,33,1105.808,777.525,54901.77,2,255,97.778,74.843,NA,8.283,0.028,-37.569,-37.569
6412,46,34,1108.333,772.475,55201.78,2,252,103.425,79.704,NA,5.647,0.019,-63.435,-25.866
6413,46,35,1108.333,772.475,55501.79,2,227,103.425,79.704,NA,0,0,0,63.435
6414,46,36,1108.333,765.909,55801.799,2,255,109.99,83.543,NA,6.566,0.022,-90,-90
6415,46,37,1108.333,765.909,56101.809,2,255,109.99,83.543,NA,0,0,0,90
6416,46,38,1114.899,765.909,56401.819,2,231,116.556,88.833,NA,6.566,0.022,0,0
6417,46,39,1114.899,765.909,56701.828,2,255,116.556,88.833,NA,0,0,0,0
6418,46,40,1120.96,763.384,57001.838,2,255,123.122,95.255,NA,6.566,0.022,-22.62,-22.62
6419,46,41,1126.515,763.384,57301.848,2,255,128.677,99.899,NA,5.556,0.019,0,22.62
6420,46,42,1142.172,766.414,57601.857,2,248,144.624,112.03,NA,15.947,0.053,10.954,10.954
6421,46,43,1141.667,765.909,57901.867,2,255,145.339,111.809,NA,0.714,0.002,-135,-145.954
6422,46,44,1143.182,765.909,58201.877,2,255,146.854,113.159,NA,1.515,0.005,0,135
6423,46,45,1143.182,765.909,58501.886,2,244,146.854,113.159,NA,0,0,0,0
6424,46,46,1144.192,765.909,58801.896,2,224,147.864,114.062,NA,1.01,0.003,0,0
6425,46,47,1150.758,765.909,59101.906,2,255,154.43,119.97,NA,6.566,0.022,0,0
6426,46,48,1154.293,765.909,59401.915,2,255,157.965,123.18,NA,3.535,0.012,0,0
6427,46,49,1157.828,764.899,59701.925,2,255,161.642,126.817,NA,3.677,0.012,-15.945,-15.945
6428,46,50,1158.838,762.374,60001.935,2,248,164.361,128.788,NA,2.72,0.009,-68.199,-52.253
6429,46,51,1163.889,758.333,60301.944,2,181,170.829,135.083,NA,6.468,0.022,-38.66,29.539
6430,46,52,1180.051,744.697,60601.954,2,120,191.975,155.649,NA,21.146,0.07,-40.156,-1.496
6431,46,53,1180.051,744.697,60901.964,2,250,191.975,155.649,NA,0,0,0,40.156
6432,46,54,1183.081,745.707,61201.974,2,211,195.169,157.881,NA,3.194,0.011,18.435,18.435
6433,46,55,1183.586,745.707,61501.983,2,255,195.674,158.332,NA,0.505,0.002,0,-18.435
6434,46,56,1184.091,745.707,61801.993,2,255,196.179,158.784,NA,0.505,0.002,0,0
6435,46,57,1188.131,745.707,62102.003,2,228,200.22,162.405,NA,4.04,0.013,0,0
6436,46,58,1193.687,745.707,62402.012,2,148,205.775,167.416,NA,5.556,0.019,0,0
6437,46,59,1211.364,732.071,62702.022,2,183,228.101,189.275,NA,22.325,0.074,-37.648,-37.648
6438,46,60,1211.364,732.071,63002.032,2,249,228.101,189.275,NA,0,0,0,37.648
6439,46,61,1219.444,728.535,63302.041,2,135,236.921,198.084,NA,8.82,0.029,-23.629,-23.629
6440,46,62,1225.505,727.525,63602.051,2,229,243.065,203.967,NA,6.144,0.02,-9.462,14.167
6441,46,63,1233.081,722.475,63902.061,2,201,252.17,212.993,NA,9.105,0.03,-33.69,-24.228
6442,46,64,1243.687,707.323,64202.07,2,255,270.665,229.39,NA,18.495,0.062,-55.008,-21.318
6443,46,65,1247.222,707.323,64502.08,2,255,274.2,232.502,NA,3.535,0.012,0,55.008
6444,46,66,1248.232,707.323,64802.09,2,255,275.21,233.393,NA,1.01,0.003,0,0
6445,46,67,1257.828,709.343,65102.099,2,255,285.017,240.999,NA,9.806,0.033,11.889,11.889
6446,46,68,1257.828,708.838,65402.109,2,255,285.522,241.224,NA,0.505,0.002,-90,-101.889
6447,46,69,1257.828,721.97,65702.119,2,144,298.653,235.634,NA,13.131,0.044,90,180
6448,46,70,1260.859,721.97,66002.128,2,230,301.683,238.41,NA,3.03,0.01,0,-90
6449,46,71,1263.889,721.97,66302.138,2,255,304.714,241.193,NA,3.03,0.01,0,0
6450,46,72,1263.889,729.545,66602.148,2,194,312.289,238.312,NA,7.576,0.025,90,90
6451,46,73,1269.444,733.081,66902.157,2,255,318.875,242.243,NA,6.585,0.022,32.471,-57.529
6452,46,74,1273.485,735.101,67202.167,2,187,323.392,245.357,NA,4.517,0.015,26.565,-5.906
6453,46,75,1279.04,734.596,67502.177,2,254,328.97,250.767,NA,5.578,0.019,-5.194,-31.759
6454,46,76,1283.586,729.545,67802.186,2,255,335.765,256.739,NA,6.795,0.023,-48.013,-42.818
6455,46,77,1283.586,729.545,68102.196,2,249,335.765,256.739,NA,0,0,0,48.013
6456,46,78,1296.717,731.566,68402.206,2,255,349.051,268.475,NA,13.286,0.044,8.746,8.746
6457,46,79,1304.798,736.616,68702.215,2,255,358.58,274.629,NA,9.529,0.032,32.005,23.259
6458,46,80,1304.798,736.616,69002.225,2,241,358.58,274.629,NA,0,0,0,-32.005
6459,46,81,1304.798,736.616,69302.235,2,177,358.58,274.629,NA,0,0,0,0
6460,46,82,1314.394,743.687,69602.244,2,255,370.5,281.901,NA,11.92,0.04,36.384,36.384
6461,46,83,1314.394,743.687,69902.254,2,255,370.5,281.901,NA,0,0,0,-36.384
6462,46,84,1323.485,740.152,70202.264,2,203,380.254,291.6,NA,9.754,0.033,-21.251,-21.251
6463,46,85,1333.081,738.636,70502.273,2,255,389.969,301.258,NA,9.715,0.032,-8.973,12.278
6464,46,86,1339.141,738.636,70802.283,2,255,396.029,307.114,NA,6.061,0.02,0,8.973
6465,46,87,1339.141,738.636,71102.293,2,149,396.029,307.114,NA,0,0,0,0
6466,46,88,1340.152,737.121,71402.302,2,255,397.85,308.48,NA,1.821,0.006,-56.31,-56.31
6467,46,89,1347.222,736.616,71702.312,2,236,404.939,315.443,NA,7.089,0.024,-4.086,52.224
6468,46,91,1357.828,736.616,72002.322,2,239,415.545,325.711,NA,10.606,0.035,0,4.086
6469,47,1,1004.293,756.313,24000.774,2,28,0,0,NA,NA,NA,NA,NA
6470,47,2,1013.384,756.818,24300.784,2,96,9.105,9.105,NA,9.105,0.03,3.18,NA
6471,47,3,1016.414,755.808,24600.793,2,180,12.299,12.132,NA,3.194,0.011,-18.435,-21.615
6472,47,4,1016.414,742.172,24900.803,2,131,25.936,18.625,NA,13.636,0.045,-90,-71.565
6473,47,5,1019.949,737.626,25200.813,2,105,31.694,24.379,NA,5.758,0.019,-52.125,37.875
6474,47,6,1019.949,737.626,25500.822,2,212,31.694,24.379,NA,0,0,0,52.125
6475,47,7,1019.949,737.626,25800.832,2,183,31.694,24.379,NA,0,0,0,0
6476,47,8,1015.404,734.596,26100.842,2,182,37.157,24.395,NA,5.463,0.018,-146.31,-146.31
6477,47,9,1011.869,728.535,26400.851,2,154,44.173,28.792,NA,7.016,0.023,-120.256,26.053
6478,47,10,1011.364,728.03,26700.861,2,136,44.888,29.153,NA,0.714,0.002,-135,-14.744
6479,47,11,995.707,728.535,27000.871,2,116,60.552,29.074,NA,15.665,0.052,178.152,-46.848
6480,47,12,995.202,718.939,27300.88,2,153,70.162,38.464,NA,9.609,0.032,-93.013,88.835
6481,47,13,995.202,718.939,27600.89,2,197,70.162,38.464,NA,0,0,0,93.013
6482,47,14,986.111,708.333,27900.9,2,255,84.131,51.309,NA,13.969,0.047,-130.601,-130.601
6483,47,15,986.111,708.333,28200.909,2,159,84.131,51.309,NA,0,0,0,130.601
6484,47,16,986.111,703.283,28500.919,2,154,89.181,56.061,NA,5.051,0.017,-90,-90
6485,47,17,991.162,703.283,28800.929,2,147,94.232,54.632,NA,5.051,0.017,0,90
6486,47,18,991.162,703.283,29100.938,2,221,94.232,54.632,NA,0,0,0,0
6487,47,19,991.162,703.283,29400.948,2,169,94.232,54.632,NA,0,0,0,0
6488,47,20,991.162,703.283,29700.958,2,116,94.232,54.632,NA,0,0,0,0
6489,47,21,986.111,690.657,30000.967,2,195,107.83,68.128,NA,13.599,0.045,-111.801,-111.801
6490,47,22,985.606,684.596,30300.977,2,134,113.912,74.112,NA,6.082,0.02,-94.764,17.038
6491,47,23,985.606,685.101,30600.987,2,154,114.417,73.623,NA,0.505,0.002,90,-175.236
6492,47,24,988.131,684.091,30900.996,2,145,117.137,74.008,NA,2.72,0.009,-21.801,-111.801
6493,47,25,988.131,683.081,31201.006,2,176,118.147,74.994,NA,1.01,0.003,-90,-68.199
6494,47,26,988.131,669.949,31501.016,2,8,131.278,87.863,NA,13.131,0.044,-90,0
6495,47,27,993.687,658.333,31801.025,2,193,144.155,98.552,NA,12.876,0.043,-64.44,25.56
6496,47,28,993.687,658.838,32101.035,2,239,144.66,98.05,NA,0.505,0.002,90,154.44
6497,47,29,993.687,653.788,32401.045,2,230,149.71,103.072,NA,5.051,0.017,-90,-180
6498,47,30,993.687,653.788,32701.054,2,157,149.71,103.072,NA,0,0,0,90
6499,47,31,989.646,650.253,33001.064,2,169,155.079,107.067,NA,5.369,0.018,-138.814,-138.814
6500,47,32,989.646,646.717,33301.074,2,151,158.614,110.57,NA,3.535,0.012,-90,48.814
6501,47,33,991.667,643.687,33601.083,2,140,162.256,113.332,NA,3.642,0.012,-56.31,33.69
6502,47,34,995.202,634.091,33901.093,2,117,172.483,122.56,NA,10.226,0.034,-69.775,-13.465
6503,47,35,1021.465,618.434,34201.103,2,255,203.058,138.944,NA,30.575,0.102,-30.801,38.974
6504,47,36,1023.485,613.384,34501.113,2,237,208.498,144.212,NA,5.44,0.018,-68.199,-37.397
6505,47,37,1027.525,613.384,34801.122,2,176,212.538,144.805,NA,4.04,0.013,0,68.199
6506,47,38,1027.525,613.384,35101.132,2,165,212.538,144.805,NA,0,0,0,0
6507,47,39,1027.525,613.384,35401.142,2,113,212.538,144.805,NA,0,0,0,0
6508,47,40,1035.101,613.384,35701.151,2,4,220.114,146.212,NA,7.576,0.025,0,0
6509,47,41,1052.273,599.747,36001.161,2,47,242.041,163.752,NA,21.928,0.073,-38.454,-38.454
6510,47,42,1044.697,599.747,36301.171,2,152,249.617,161.695,NA,7.576,0.025,180,-141.546
6511,47,43,1044.697,595.202,36601.18,2,25,254.163,166.1,NA,4.545,0.015,-90,90
6512,47,44,1036.111,589.141,36901.19,2,86,264.672,170.173,NA,10.509,0.035,-144.782,-54.782
6513,47,45,1022.98,566.414,37201.2,2,242,290.92,190.816,NA,26.248,0.087,-120.018,24.764
6514,47,46,1022.98,556.818,37501.209,2,217,300.516,200.368,NA,9.596,0.032,-90,30.018
6515,47,47,1033.586,545.707,37801.219,2,140,315.877,212.633,NA,15.361,0.051,-46.332,43.668
6516,47,48,1037.626,545.202,38101.229,2,3,319.948,213.726,NA,4.072,0.014,-7.125,39.207
6517,47,49,1070.455,590.657,38401.238,2,3,376.018,178.38,NA,56.07,0.187,54.162,61.287
6518,47,50,1088.636,582.071,38701.248,2,255,396.125,193.583,NA,20.107,0.067,-25.278,-79.44
6519,47,51,1124.495,557.828,39001.258,2,86,439.41,232.045,NA,43.284,0.144,-34.061,-8.783
6520,47,52,1126.515,554.293,39301.267,2,155,443.481,236.115,NA,4.072,0.014,-60.255,-26.194
6521,47,53,1118.434,539.646,39601.277,2,191,460.209,244.893,NA,16.728,0.056,-118.887,-58.631
6522,47,54,1112.879,517.424,39901.287,2,250,483.115,262.41,NA,22.906,0.076,-104.036,14.85
6523,47,55,1112.879,510.354,40201.296,2,255,490.186,268.862,NA,7.071,0.024,-90,14.036
6524,47,56,1105.303,501.263,40501.306,2,202,502.02,274.324,NA,11.834,0.039,-129.806,-39.806
6525,47,57,1104.293,486.616,40801.316,2,197,516.701,287.639,NA,14.681,0.049,-93.945,35.86
6526,47,58,1104.798,472.475,41101.325,2,160,530.851,301.107,NA,14.15,0.047,-87.955,5.991
6527,47,59,1124.495,456.313,41401.335,2,107,556.33,323.185,NA,25.479,0.085,-39.369,48.585
6528,47,60,1137.121,448.232,41701.345,2,94,571.321,335.495,NA,14.991,0.05,-32.619,6.75
6529,47,61,1161.364,445.202,42001.354,2,159,595.752,348.513,NA,24.431,0.081,-7.125,25.494
6530,47,62,1152.778,436.111,42301.364,2,34,608.256,352.955,NA,12.504,0.042,-133.363,-126.238
6531,47,63,1163.889,434.091,42601.374,2,33,619.55,359.58,NA,11.293,0.038,-10.305,123.059
6532,47,64,1175.505,434.091,42901.383,2,41,631.166,364.885,NA,11.616,0.039,0,10.305
6533,47,65,1212.374,415.909,43201.393,2,151,672.274,398.964,NA,41.108,0.137,-26.25,-26.25
6534,47,66,1238.636,398.737,43501.403,2,174,703.652,427.525,NA,31.378,0.105,-33.179,-6.928
6535,47,67,1246.212,386.111,43801.412,2,132,718.377,442.238,NA,14.725,0.049,-59.036,-25.858
6536,47,68,1235.606,384.091,44101.422,2,176,729.174,438.241,NA,10.797,0.036,-169.216,-110.179
6537,47,69,1239.141,384.091,44401.432,2,110,732.709,440.117,NA,3.535,0.012,0,169.216
6538,48,1,937.626,586.111,17100.551,2,53,0,0,NA,NA,NA,NA,NA
6539,48,2,942.172,586.111,17400.561,2,123,4.545,4.545,NA,4.545,0.015,0,NA
6540,48,3,943.182,585.606,17700.571,2,52,5.675,5.578,NA,1.129,0.004,-26.565,-26.565
6541,48,4,944.697,583.081,18000.58,2,99,8.62,7.693,NA,2.945,0.01,-59.036,-32.471
6542,48,5,946.212,582.576,18300.59,2,79,10.217,9.285,NA,1.597,0.005,-18.435,40.601
6543,48,6,949.242,581.061,18600.6,2,168,13.605,12.667,NA,3.388,0.011,-26.565,-8.13
6544,48,7,951.263,580.051,18900.609,2,128,15.863,14.923,NA,2.259,0.008,-26.565,0
6545,48,8,957.323,580.051,19200.619,2,51,21.924,20.608,NA,6.061,0.02,0,26.565
6546,48,9,960.859,580.051,19500.629,2,180,25.459,24.01,NA,3.535,0.012,0,0
6547,48,10,966.414,580.051,19800.638,2,111,31.015,29.419,NA,5.556,0.019,0,0
6548,48,11,966.414,580.051,20100.648,2,97,31.015,29.419,NA,0,0,0,0
6549,48,12,975,587.626,20400.658,2,99,42.465,37.404,NA,11.45,0.038,41.424,41.424
6550,48,13,977.02,590.657,20700.668,2,123,46.107,39.655,NA,3.642,0.012,56.31,14.886
6551,48,14,978.535,593.182,21000.677,2,174,49.052,41.516,NA,2.945,0.01,59.036,2.726
6552,48,15,978.535,593.182,21300.687,2,136,49.052,41.516,NA,0,0,0,-59.036
6553,48,16,978.535,595.202,21600.697,2,156,51.072,41.907,NA,2.02,0.007,90,90
6554,48,17,983.586,603.283,21900.706,2,103,60.602,49.063,NA,9.529,0.032,57.995,-32.005
6555,48,18,984.091,607.828,22200.716,2,85,65.175,51.289,NA,4.573,0.015,83.66,25.665
6556,48,19,984.091,607.828,22500.726,2,123,65.175,51.289,NA,0,0,0,-83.66
6557,48,20,987.626,614.394,22800.735,2,127,72.632,57.445,NA,7.457,0.025,61.699,61.699
6558,48,21,987.626,614.394,23100.745,2,144,72.632,57.445,NA,0,0,0,-61.699
6559,48,22,991.667,606.818,23400.755,2,226,81.218,57.872,NA,8.586,0.029,-61.928,-61.928
6560,48,23,991.667,606.818,23700.764,2,189,81.218,57.872,NA,0,0,0,61.928
6561,48,24,991.667,606.818,24000.774,2,123,81.218,57.872,NA,0,0,0,0
6562,48,25,994.192,616.919,24300.784,2,154,91.63,64.411,NA,10.412,0.035,75.964,75.964
6563,48,26,994.192,617.424,24600.793,2,199,92.135,64.654,NA,0.505,0.002,90,14.036
6564,48,27,995.707,618.939,24900.803,2,211,94.278,66.716,NA,2.143,0.007,45,-45
6565,48,28,995.707,618.939,25200.813,2,214,94.278,66.716,NA,0,0,0,-45
6566,48,29,996.717,627.525,25500.822,2,219,102.923,72.159,NA,8.645,0.029,83.29,83.29
6567,48,30,996.717,627.525,25800.832,2,173,102.923,72.159,NA,0,0,0,-83.29
6568,48,31,1004.798,627.525,26100.842,2,146,111.003,78.912,NA,8.081,0.027,0,0
6569,48,32,1004.798,627.525,26400.851,2,84,111.003,78.912,NA,0,0,0,0
6570,48,33,1004.798,627.525,26700.861,2,138,111.003,78.912,NA,0,0,0,0
6571,48,34,1004.798,633.081,27000.871,2,167,116.559,81.965,NA,5.556,0.019,90,90
6572,48,35,1004.798,633.081,27300.88,2,110,116.559,81.965,NA,0,0,0,-90
6573,48,36,1004.798,633.081,27600.89,2,249,116.559,81.965,NA,0,0,0,0
6574,48,37,1004.798,633.081,27900.9,2,89,116.559,81.965,NA,0,0,0,0
6575,48,38,1004.798,627.02,28200.909,2,172,122.62,78.649,NA,6.061,0.02,-90,-90
6576,48,39,1004.798,621.97,28500.919,2,134,127.67,76.144,NA,5.051,0.017,-90,0
6577,48,40,1006.818,621.97,28800.929,2,177,129.69,77.932,NA,2.02,0.007,0,90
6578,48,41,1008.838,621.97,29100.938,2,157,131.711,79.731,NA,2.02,0.007,0,0
6579,48,42,1008.838,621.97,29400.948,2,141,131.711,79.731,NA,0,0,0,0
6580,48,43,1008.333,616.919,29700.958,2,124,136.786,77.127,NA,5.076,0.017,-95.711,-95.711
6581,48,44,1003.788,613.384,30000.967,2,155,142.545,71.562,NA,5.758,0.019,-142.125,-46.414
6582,48,45,1003.788,611.869,30300.977,2,161,144.06,70.999,NA,1.515,0.005,-90,52.125
6583,48,46,1012.879,611.869,30600.987,2,118,153.151,79.539,NA,9.091,0.03,0,90
6584,48,47,1035.101,611.869,30900.996,2,125,175.373,100.821,NA,22.222,0.074,0,0
6585,48,48,1042.677,611.869,31201.006,2,157,182.949,108.162,NA,7.576,0.025,0,0
6586,48,49,1042.677,611.869,31501.016,2,89,182.949,108.162,NA,0,0,0,0
6587,48,50,1046.717,611.869,31801.025,2,139,186.989,112.09,NA,4.04,0.013,0,0
6588,48,51,1049.747,611.869,32101.035,2,116,190.019,115.042,NA,3.03,0.01,0,0
6589,48,52,1058.333,613.889,32401.045,2,137,198.84,123.862,NA,8.82,0.029,13.241,13.241
6590,48,53,1058.333,613.889,32701.054,2,113,198.84,123.862,NA,0,0,0,-13.241
6591,48,54,1066.414,618.939,33001.064,2,115,208.369,132.906,NA,9.529,0.032,32.005,32.005
6592,48,55,1066.414,618.939,33301.074,2,81,208.369,132.906,NA,0,0,0,-32.005
6593,48,56,1077.02,618.939,33601.083,2,161,218.975,143.207,NA,10.606,0.035,0,0
6594,48,57,1077.02,618.939,33901.093,2,146,218.975,143.207,NA,0,0,0,0
6595,48,58,1077.02,626.01,34201.103,2,185,226.046,144.992,NA,7.071,0.024,90,90
6596,48,59,1077.02,626.01,34501.113,2,196,226.046,144.992,NA,0,0,0,-90
6597,48,60,1077.02,626.01,34801.122,2,142,226.046,144.992,NA,0,0,0,0
6598,48,61,1077.02,626.01,35101.132,2,150,226.046,144.992,NA,0,0,0,0
6599,48,62,1084.596,622.475,35401.142,2,189,234.406,151.401,NA,8.36,0.028,-25.017,-25.017
6600,48,63,1088.131,616.414,35701.151,2,189,241.422,153.525,NA,7.016,0.023,-59.744,-34.727
6601,48,64,1088.131,609.343,36001.161,2,240,248.493,152.288,NA,7.071,0.024,-90,-30.256
6602,48,65,1088.131,609.343,36301.171,2,176,248.493,152.288,NA,0,0,0,90
6603,48,66,1088.131,606.818,36601.18,2,191,251.018,151.923,NA,2.525,0.008,-90,-90
6604,48,67,1089.141,606.818,36901.19,2,216,252.028,152.924,NA,1.01,0.003,0,90
6605,48,68,1091.667,605.808,37201.2,2,149,254.748,155.295,NA,2.72,0.009,-21.801,-21.801
6606,48,69,1093.687,604.293,37501.209,2,137,257.273,157.116,NA,2.525,0.008,-36.87,-15.068
6607,48,70,1100.253,603.283,37801.219,2,156,263.916,163.53,NA,6.643,0.022,-8.746,28.124
6608,48,71,1100.253,603.283,38101.229,2,150,263.916,163.53,NA,0,0,0,8.746
6609,48,72,1100.758,599.747,38401.238,2,114,267.488,163.7,NA,3.571,0.012,-81.87,-81.87
6610,48,73,1105.303,596.212,38701.248,2,186,273.246,167.981,NA,5.758,0.019,-37.875,43.995
6611,48,74,1106.313,596.212,39001.258,2,172,274.256,168.989,NA,1.01,0.003,0,37.875
6612,48,75,1110.354,589.646,39301.267,2,245,281.965,172.763,NA,7.709,0.026,-58.392,-58.392
6613,48,76,1110.354,589.646,39601.277,2,253,281.965,172.763,NA,0,0,0,58.392
6614,48,77,1110.354,589.646,39901.287,2,217,281.965,172.763,NA,0,0,0,0
6615,48,78,1108.838,590.152,40201.296,2,168,283.562,171.26,NA,1.597,0.005,161.565,161.565
6616,48,79,1127.525,588.131,40501.306,2,106,302.358,189.91,NA,18.796,0.063,-6.17,-167.735
6617,48,80,1144.697,576.515,40801.316,2,124,323.09,207.293,NA,20.732,0.069,-34.077,-27.907
6618,48,81,1157.828,560.859,41101.325,2,124,343.524,221.645,NA,20.434,0.068,-50.013,-15.936
6619,48,82,1162.879,560.859,41401.335,2,251,348.575,226.664,NA,5.051,0.017,0,50.013
6620,48,83,1171.465,560.859,41701.345,2,152,357.161,235.198,NA,8.586,0.029,0,0
6621,48,84,1186.616,549.747,42001.354,2,142,375.949,251.631,NA,18.789,0.063,-36.254,-36.254
6622,48,85,1186.616,549.747,42301.364,2,54,375.949,251.631,NA,0,0,0,36.254
6623,48,86,1209.848,549.747,42601.374,2,255,399.182,274.64,NA,23.232,0.077,0,0
6624,48,87,1219.949,549.747,42901.383,2,219,409.283,284.655,NA,10.101,0.034,0,0
6625,48,88,1227.525,531.566,43201.393,2,112,428.98,294.986,NA,19.697,0.066,-67.38,-67.38
6626,48,89,1227.525,531.566,43501.403,2,146,428.98,294.986,NA,0,0,0,67.38
6627,48,90,1238.131,537.626,43801.412,2,113,441.195,304.391,NA,12.216,0.041,29.745,29.745
6628,48,91,1238.131,537.626,44101.422,2,227,441.195,304.391,NA,0,0,0,-29.745
6629,48,92,1249.242,537.626,44401.432,2,209,452.306,315.366,NA,11.111,0.037,0,0
6630,48,93,1264.899,537.626,44701.441,2,157,467.963,330.845,NA,15.657,0.052,0,0
6631,48,94,1274.495,537.626,45001.451,2,176,477.559,340.34,NA,9.596,0.032,0,0
6632,48,95,1274.495,537.626,45301.461,2,156,477.559,340.34,NA,0,0,0,0
6633,48,96,1290.152,537.626,45601.47,2,103,493.216,355.844,NA,15.657,0.052,0,0
6634,48,97,1295.707,547.727,45901.48,2,88,504.744,360.132,NA,11.528,0.038,61.189,61.189
6635,48,98,1301.263,547.727,46201.49,2,96,510.299,365.657,NA,5.556,0.019,0,-61.189
6636,48,99,1301.263,547.727,46501.499,2,88,510.299,365.657,NA,0,0,0,0
6637,48,100,1301.263,547.727,46801.509,2,65,510.299,365.657,NA,0,0,0,0
6638,48,101,1301.263,547.727,47101.519,2,59,510.299,365.657,NA,0,0,0,0
6639,48,102,1300.758,547.727,47401.529,2,65,510.804,365.154,NA,0.505,0.002,180,180
6640,48,103,1300.758,544.697,47701.538,2,57,513.834,365.485,NA,3.03,0.01,-90,90
6641,48,104,1304.798,541.162,48001.548,2,106,519.203,369.913,NA,5.369,0.018,-41.186,48.814
6642,48,105,1308.838,538.636,48301.558,2,85,523.968,374.236,NA,4.765,0.016,-32.005,9.181
6643,48,106,1313.889,536.616,48601.567,2,113,529.407,379.504,NA,5.44,0.018,-21.801,10.204
6644,48,107,1313.889,536.616,48901.577,2,39,529.407,379.504,NA,0,0,0,21.801
6645,48,108,1315.909,533.586,49201.587,2,78,533.049,381.912,NA,3.642,0.012,-56.31,-56.31
6646,48,109,1316.919,532.576,49501.596,2,143,534.478,383.052,NA,1.428,0.005,-45,11.31
6647,48,110,1322.475,532.576,49801.606,2,85,540.033,388.554,NA,5.556,0.019,0,45
6648,48,111,1328.03,533.586,50101.616,2,98,545.68,393.922,NA,5.647,0.019,10.305,10.305
6649,48,112,1328.03,533.586,50401.625,2,81,545.68,393.922,NA,0,0,0,-10.305
6650,48,113,1331.061,529.545,50701.635,2,196,550.731,397.48,NA,5.051,0.017,-53.13,-53.13
6651,48,114,1331.061,529.545,51001.645,2,89,550.731,397.48,NA,0,0,0,53.13
6652,48,115,1331.061,529.545,51301.654,2,125,550.731,397.48,NA,0,0,0,0
6653,48,116,1321.97,533.586,51601.664,2,86,560.679,387.916,NA,9.948,0.033,156.038,156.038
6654,48,117,1331.566,533.586,51901.674,2,77,570.275,397.426,NA,9.596,0.032,0,-156.038
6655,48,118,1342.172,527.525,52201.683,2,79,582.49,408.766,NA,12.216,0.041,-29.745,-29.745
6656,48,119,1353.788,513.384,52501.693,2,105,600.791,422.469,NA,18.301,0.061,-50.599,-20.854
6657,48,120,1360.354,506.313,52801.703,2,132,610.44,430.193,NA,9.649,0.032,-47.121,3.478
6658,48,121,1363.889,502.778,53101.712,2,96,615.44,434.332,NA,5,0.017,-45,2.121
6659,48,122,1365.404,494.697,53401.722,2,146,623.661,437.436,NA,8.222,0.027,-79.38,-34.38
6660,48,123,1365.404,495.202,53701.732,2,79,624.166,437.331,NA,0.505,0.002,90,169.38
6661,48,124,1366.919,495.202,54001.741,2,70,625.682,438.813,NA,1.515,0.005,0,-90
6662,48,125,1370.455,504.293,54301.751,2,214,635.436,440.494,NA,9.754,0.033,68.749,68.749
6663,48,126,1371.97,498.232,54601.761,2,111,641.683,443.144,NA,6.247,0.021,-75.964,-144.713
6664,48,127,1369.949,483.081,54901.77,2,255,656.968,444.431,NA,15.286,0.051,-97.595,-21.631
6665,48,128,1368.434,465.404,55201.78,2,187,674.71,447.399,NA,17.742,0.059,-94.899,2.696
6666,49,1,973.99,635.101,19800.638,2,137,0,0,NA,NA,NA,NA,NA
6667,49,2,975.505,634.596,20100.648,2,153,1.597,1.597,NA,1.597,0.005,-18.435,NA
6668,49,3,975.505,634.596,20400.658,2,175,1.597,1.597,NA,0,0,0,18.435
6669,49,4,975.505,634.596,20700.668,2,78,1.597,1.597,NA,0,0,0,0
6670,49,5,977.02,634.596,21000.677,2,105,3.112,3.072,NA,1.515,0.005,0,0
6671,49,6,980.556,634.596,21300.687,2,176,6.648,6.585,NA,3.535,0.012,0,0
6672,49,7,980.556,634.596,21600.697,2,131,6.648,6.585,NA,0,0,0,0
6673,49,8,980.556,634.596,21900.706,2,110,6.648,6.585,NA,0,0,0,0
6674,49,9,980.556,634.596,22200.716,2,123,6.648,6.585,NA,0,0,0,0
6675,49,10,980.556,634.596,22500.726,2,200,6.648,6.585,NA,0,0,0,0
6676,49,11,984.596,638.131,22800.735,2,126,12.016,11.03,NA,5.369,0.018,41.186,41.186
6677,49,12,984.596,638.131,23100.745,2,69,12.016,11.03,NA,0,0,0,-41.186
6678,49,13,978.03,635.101,23400.755,2,121,19.248,4.04,NA,7.231,0.024,-155.225,-155.225
6679,49,14,978.03,633.081,23700.764,2,90,21.268,4.517,NA,2.02,0.007,-90,65.225
6680,49,15,975,631.566,24000.774,2,189,24.656,3.677,NA,3.388,0.011,-153.435,-63.435
6681,49,16,969.949,630.556,24300.784,2,133,29.806,6.082,NA,5.151,0.017,-168.69,-15.255
6682,49,17,965.909,625.505,24600.793,2,86,36.274,12.545,NA,6.468,0.022,-128.66,40.03
6683,49,18,965.909,625,24900.803,2,85,36.779,12.936,NA,0.505,0.002,-90,38.66
6684,49,19,965.909,622.98,25200.813,2,171,38.799,14.568,NA,2.02,0.007,-90,0
6685,49,20,965.909,622.98,25500.822,2,157,38.799,14.568,NA,0,0,0,90
6686,49,21,965.909,622.98,25800.832,2,152,38.799,14.568,NA,0,0,0,0
6687,49,22,965.909,622.98,26100.842,2,155,38.799,14.568,NA,0,0,0,0
6688,49,23,965.909,622.98,26400.851,2,189,38.799,14.568,NA,0,0,0,0
6689,49,24,965.909,622.98,26700.861,2,86,38.799,14.568,NA,0,0,0,0
6690,49,25,965.909,622.98,27000.871,2,99,38.799,14.568,NA,0,0,0,0
6691,49,26,967.929,619.444,27300.88,2,98,42.871,16.789,NA,4.072,0.014,-60.255,-60.255
6692,49,27,967.929,619.444,27600.89,2,67,42.871,16.789,NA,0,0,0,60.255
6693,49,28,972.98,619.444,27900.9,2,135,47.922,15.689,NA,5.051,0.017,0,0
6694,49,29,972.98,619.949,28200.909,2,119,48.427,15.185,NA,0.505,0.002,90,90
6695,49,30,976.515,621.97,28500.919,2,129,52.499,13.372,NA,4.072,0.014,29.745,-60.255
6696,49,31,976.515,620.96,28800.929,2,76,53.509,14.365,NA,1.01,0.003,-90,-119.745
6697,49,32,976.515,620.96,29100.938,2,95,53.509,14.365,NA,0,0,0,90
6698,49,33,976.515,620.96,29400.948,2,192,53.509,14.365,NA,0,0,0,0
6699,49,34,980.051,617.424,29700.958,2,66,58.508,18.687,NA,5,0.017,-45,-45
6700,49,35,980.051,620.455,30000.967,2,52,61.539,15.851,NA,3.03,0.01,90,135
6701,49,36,980.051,620.455,30300.977,2,172,61.539,15.851,NA,0,0,0,-90
6702,49,37,980.051,620.455,30600.987,2,171,61.539,15.851,NA,0,0,0,0
6703,49,38,980.051,620.455,30900.996,2,115,61.539,15.851,NA,0,0,0,0
6704,49,39,984.596,620.455,31201.006,2,79,66.084,18.083,NA,4.545,0.015,0,0
6705,49,40,987.626,614.899,31501.016,2,152,72.412,24.374,NA,6.328,0.021,-61.39,-61.39
6706,49,41,987.626,609.343,31801.025,2,140,77.968,29.145,NA,5.556,0.019,-90,-28.61
6707,49,42,987.626,605.303,32101.035,2,171,82.008,32.77,NA,4.04,0.013,-90,0
6708,49,43,996.212,604.293,32401.045,2,78,90.654,37.986,NA,8.645,0.029,-6.71,83.29
6709,49,44,1001.263,600.758,32701.054,2,139,96.818,43.855,NA,6.165,0.021,-34.992,-28.282
6710,49,45,1001.263,600.758,33001.064,2,24,96.818,43.855,NA,0,0,0,34.992
6711,49,46,1009.848,596.717,33301.074,2,82,106.307,52.528,NA,9.489,0.032,-25.201,-25.201
6712,49,47,1016.919,593.182,33601.083,2,202,114.213,60.001,NA,7.905,0.026,-26.565,-1.364
6713,49,48,1025,595.202,33901.093,2,133,122.542,64.761,NA,8.33,0.028,14.036,40.601
6714,49,49,1032.071,595.202,34201.103,2,93,129.613,70.465,NA,7.071,0.024,0,-14.036
6715,49,50,1048.232,597.727,34501.113,2,102,145.971,83.119,NA,16.358,0.055,8.881,8.881
6716,49,51,1048.232,597.727,34801.122,2,95,145.971,83.119,NA,0,0,0,-8.881
6717,49,52,1048.232,597.727,35101.132,2,150,145.971,83.119,NA,0,0,0,0
6718,49,53,1053.283,593.687,35401.142,2,54,152.438,89.457,NA,6.468,0.022,-38.66,-38.66
6719,49,54,1060.859,594.697,35701.151,2,194,160.081,95.805,NA,7.643,0.025,7.595,46.254
6720,49,55,1066.414,594.697,36001.161,2,122,165.637,100.87,NA,5.556,0.019,0,-7.595
6721,49,56,1066.414,594.697,36301.171,2,153,165.637,100.87,NA,0,0,0,0
6722,49,57,1066.414,594.697,36601.18,2,154,165.637,100.87,NA,0,0,0,0
6723,49,58,1066.414,594.697,36901.19,2,142,165.637,100.87,NA,0,0,0,0
6724,49,59,1058.333,594.697,37201.2,2,152,173.718,93.522,NA,8.081,0.027,180,180
6725,49,60,1056.313,589.141,37501.209,2,166,179.629,94.284,NA,5.911,0.02,-109.983,70.017
6726,49,61,1054.798,589.141,37801.219,2,163,181.144,92.964,NA,1.515,0.005,180,-70.017
6727,49,62,1054.798,586.616,38101.229,2,114,183.67,94.238,NA,2.525,0.008,-90,90
6728,49,63,1046.717,586.616,38401.238,2,217,191.75,87.407,NA,8.081,0.027,180,-90
6729,49,64,1046.717,582.576,38701.248,2,111,195.791,89.712,NA,4.04,0.013,-90,90
6730,49,65,1046.717,578.03,39001.258,2,77,200.336,92.446,NA,4.545,0.015,-90,0
6731,49,66,1046.717,578.535,39301.267,2,193,200.841,92.135,NA,0.505,0.002,90,180
6732,49,67,1046.717,578.03,39601.277,2,124,201.346,92.446,NA,0.505,0.002,-90,-180
6733,49,68,1050.253,574.495,39901.287,2,82,206.346,97.412,NA,5,0.017,-45,45
6734,49,69,1057.828,573.485,40201.296,2,122,213.989,104.045,NA,7.643,0.025,-7.595,37.405
6735,49,70,1057.828,568.434,40501.306,2,112,219.039,107.114,NA,5.051,0.017,-90,-82.405
6736,49,71,1055.303,568.434,40801.316,2,118,221.565,105.149,NA,2.525,0.008,180,-90
6737,49,72,1049.747,566.414,41101.325,2,225,227.476,102.26,NA,5.911,0.02,-160.017,19.983
6738,49,73,1049.747,566.414,41401.335,2,123,227.476,102.26,NA,0,0,0,160.017
6739,49,74,1054.798,564.394,41701.345,2,148,232.916,107.375,NA,5.44,0.018,-21.801,-21.801
6740,49,75,1059.343,564.394,42001.354,2,139,237.461,110.836,NA,4.545,0.015,0,21.801
6741,49,76,1061.364,560.859,42301.364,2,147,241.533,114.656,NA,4.072,0.014,-60.255,-60.255
6742,49,77,1067.424,560.859,42601.374,2,116,247.594,119.339,NA,6.061,0.02,0,60.255
6743,49,78,1067.424,565.404,42901.383,2,83,252.139,116.566,NA,4.545,0.015,90,90
6744,49,79,1067.424,569.949,43201.393,2,174,256.684,113.907,NA,4.545,0.015,90,0
6745,49,80,1066.919,572.98,43501.403,2,143,259.757,111.781,NA,3.072,0.01,99.462,9.462
6746,49,81,1066.919,572.98,43801.412,2,119,259.757,111.781,NA,0,0,0,-99.462
6747,49,82,1068.939,571.465,44101.422,2,130,262.282,114.302,NA,2.525,0.008,-36.87,-36.87
6748,49,83,1071.465,571.465,44401.432,2,153,264.807,116.408,NA,2.525,0.008,0,36.87
6749,49,84,1071.465,571.465,44701.441,2,213,264.807,116.408,NA,0,0,0,0
6750,49,85,1071.465,569.444,45001.451,2,189,266.827,117.525,NA,2.02,0.007,-90,-90
6751,49,86,1075,567.424,45301.461,2,119,270.899,121.586,NA,4.072,0.014,-29.745,60.255
6752,49,87,1076.515,564.899,45601.47,2,198,273.844,124.257,NA,2.945,0.01,-59.036,-29.291
6753,49,88,1076.515,557.323,45901.48,2,194,281.42,128.689,NA,7.576,0.025,-90,-30.964
6754,49,89,1080.556,556.818,46201.49,2,164,285.492,132.229,NA,4.072,0.014,-7.125,82.875
6755,49,90,1082.576,556.313,46501.499,2,113,287.574,134.158,NA,2.082,0.007,-14.036,-6.911
6756,49,91,1082.576,556.313,46801.509,2,126,287.574,134.158,NA,0,0,0,14.036
6757,49,92,1084.091,552.778,47101.519,2,163,291.42,137.475,NA,3.846,0.013,-66.801,-66.801
6758,49,93,1084.091,549.242,47401.529,2,170,294.956,139.621,NA,3.535,0.012,-90,-23.199
6759,49,94,1084.091,545.202,47701.538,2,181,298.996,142.141,NA,4.04,0.013,-90,0
6760,49,95,1088.131,544.192,48001.548,2,184,303.161,145.92,NA,4.165,0.014,-14.036,75.964
6761,49,96,1088.131,544.192,48301.558,2,189,303.161,145.92,NA,0,0,0,14.036
6762,49,97,1088.131,544.192,48601.567,2,189,303.161,145.92,NA,0,0,0,0
6763,49,98,1092.172,548.737,48901.577,2,223,309.242,146.375,NA,6.082,0.02,48.366,48.366
6764,49,99,1092.172,548.737,49201.587,2,150,309.242,146.375,NA,0,0,0,-48.366
6765,49,100,1092.172,548.737,49501.596,2,143,309.242,146.375,NA,0,0,0,0
6766,49,101,1093.687,548.737,49801.606,2,179,310.758,147.601,NA,1.515,0.005,0,0
6767,49,102,1094.192,548.737,50101.616,2,182,311.263,148.011,NA,0.505,0.002,0,0
6768,49,103,1096.212,548.737,50401.625,2,220,313.283,149.656,NA,2.02,0.007,0,0
6769,49,104,1097.222,547.727,50701.635,2,132,314.711,151.064,NA,1.428,0.005,-45,-45
6770,49,105,1097.222,546.212,51001.645,2,170,316.227,151.946,NA,1.515,0.005,-90,-45
6771,49,106,1097.222,546.212,51301.654,2,159,316.227,151.946,NA,0,0,0,90
6772,49,107,1097.222,544.192,51601.664,2,157,318.247,153.136,NA,2.02,0.007,-90,-90
6773,49,108,1097.222,541.162,51901.674,2,189,321.277,154.954,NA,3.03,0.01,-90,0
6774,49,109,1096.717,538.636,52201.683,2,148,323.852,156.101,NA,2.575,0.009,-101.31,-11.31
6775,49,110,1096.717,538.636,52501.693,2,247,323.852,156.101,NA,0,0,0,101.31
6776,49,111,1096.717,538.636,52801.703,2,191,323.852,156.101,NA,0,0,0,0
6777,49,112,1096.717,538.636,53101.712,2,168,323.852,156.101,NA,0,0,0,0
6778,49,113,1091.667,538.636,53401.722,2,201,328.903,152.162,NA,5.051,0.017,180,180
6779,49,114,1091.667,536.111,53701.732,2,148,331.428,153.775,NA,2.525,0.008,-90,90
6780,49,115,1094.192,536.111,54001.741,2,160,333.953,155.716,NA,2.525,0.008,0,90
6781,49,116,1095.707,535.101,54301.751,2,109,335.774,157.528,NA,1.821,0.006,-33.69,-33.69
6782,49,117,1097.727,534.596,54601.761,2,207,337.857,159.412,NA,2.082,0.007,-14.036,19.654
6783,49,118,1098.737,534.596,54901.77,2,213,338.867,160.197,NA,1.01,0.003,0,14.036
6784,49,119,1102.778,534.596,55201.78,2,4,342.907,163.363,NA,4.04,0.013,0,0
6785,49,120,1107.323,547.727,55501.79,2,91,356.803,159.411,NA,13.896,0.046,70.907,70.907
6786,49,121,1107.323,547.727,55801.799,2,202,356.803,159.411,NA,0,0,0,-70.907
6787,49,122,1107.323,547.727,56101.809,2,204,356.803,159.411,NA,0,0,0,0
6788,49,123,1113.384,547.727,56401.819,2,180,362.864,164.514,NA,6.061,0.02,0,0
6789,49,124,1117.424,547.727,56701.828,2,157,366.904,167.951,NA,4.04,0.013,0,0
6790,49,125,1117.424,547.727,57001.838,2,181,366.904,167.951,NA,0,0,0,0
6791,49,126,1117.424,547.727,57301.848,2,136,366.904,167.951,NA,0,0,0,0
6792,49,127,1117.424,547.727,57601.857,2,139,366.904,167.951,NA,0,0,0,0
6793,49,128,1117.424,547.727,57901.867,2,187,366.904,167.951,NA,0,0,0,0
6794,49,129,1121.97,547.727,58201.877,2,90,371.449,171.849,NA,4.545,0.015,0,0
6795,49,130,1124.495,557.828,58501.886,2,141,381.861,169.183,NA,10.412,0.035,75.964,75.964
6796,49,131,1124.495,557.828,58801.896,2,81,381.861,169.183,NA,0,0,0,-75.964
6797,49,132,1126.01,557.828,59101.906,2,175,383.376,170.532,NA,1.515,0.005,0,0
6798,49,133,1126.01,555.808,59401.915,2,124,385.397,171.457,NA,2.02,0.007,-90,-90
6799,49,134,1127.02,553.788,59701.925,2,92,387.655,173.292,NA,2.259,0.008,-63.435,26.565
6800,49,135,1128.03,549.242,60001.935,2,139,392.312,176.352,NA,4.656,0.016,-77.471,-14.036
6801,49,136,1132.071,549.242,60301.944,2,22,396.352,179.892,NA,4.04,0.013,0,77.471
6802,49,137,1171.97,546.212,60601.954,2,142,436.366,217.019,NA,40.014,0.133,-4.343,-4.343
6803,49,138,1177.02,543.687,60901.964,2,90,442.013,222.661,NA,5.647,0.019,-26.565,-22.222
6804,49,139,1177.02,540.657,61201.974,2,98,445.043,223.922,NA,3.03,0.01,-90,-63.435
6805,49,140,1170.96,540.657,61501.983,2,192,451.103,218.442,NA,6.061,0.02,180,-90
6806,49,141,1171.465,538.636,61801.993,2,112,453.186,219.776,NA,2.082,0.007,-75.964,104.036
6807,49,142,1176.01,538.636,62102.003,2,83,457.731,223.87,NA,4.545,0.015,0,75.964
6808,49,143,1182.071,538.636,62402.012,2,168,463.792,229.354,NA,6.061,0.02,0,0
6809,49,144,1182.071,538.636,62702.022,2,145,463.792,229.354,NA,0,0,0,0
6810,49,145,1182.071,536.616,63002.032,2,94,465.812,230.211,NA,2.02,0.007,-90,-90
6811,49,146,1185.606,536.616,63302.041,2,70,469.347,233.411,NA,3.535,0.012,0,90
6812,49,147,1185.606,536.616,63602.051,2,124,469.347,233.411,NA,0,0,0,0
6813,49,148,1185.606,531.566,63902.061,2,215,474.398,235.586,NA,5.051,0.017,-90,-90
6814,49,149,1185.606,531.566,64202.07,2,187,474.398,235.586,NA,0,0,0,90
6815,49,150,1185.606,531.566,64502.08,2,80,474.398,235.586,NA,0,0,0,0
6816,49,151,1185.606,540.152,64802.09,2,143,482.984,231.941,NA,8.586,0.029,90,90
6817,49,152,1185.606,541.162,65102.099,2,96,483.994,231.53,NA,1.01,0.003,90,0
6818,49,153,1185.606,541.162,65402.109,2,116,483.994,231.53,NA,0,0,0,-90
6819,49,154,1185.606,541.162,65702.119,2,120,483.994,231.53,NA,0,0,0,0
6820,49,155,1181.061,541.162,66002.128,2,140,488.539,227.383,NA,4.545,0.015,180,180
6821,49,156,1181.061,541.162,66302.138,2,137,488.539,227.383,NA,0,0,0,-180
6822,49,157,1181.061,541.162,66602.148,2,215,488.539,227.383,NA,0,0,0,0
6823,49,158,1181.061,541.162,66902.157,2,175,488.539,227.383,NA,0,0,0,0
6824,49,159,1181.061,541.162,67202.167,2,113,488.539,227.383,NA,0,0,0,0
6825,49,160,1181.061,541.162,67502.177,2,110,488.539,227.383,NA,0,0,0,0
6826,49,161,1181.061,541.162,67802.186,2,111,488.539,227.383,NA,0,0,0,0
6827,49,162,1171.97,538.131,68102.196,2,122,498.122,220.452,NA,9.583,0.032,-161.565,-161.565
6828,49,163,1171.97,538.131,68402.206,2,207,498.122,220.452,NA,0,0,0,161.565
6829,49,164,1171.97,538.131,68702.215,2,175,498.122,220.452,NA,0,0,0,0
6830,49,165,1171.97,538.131,69002.225,2,157,498.122,220.452,NA,0,0,0,0
6831,49,166,1171.97,538.131,69302.235,2,121,498.122,220.452,NA,0,0,0,0
6832,49,167,1173.99,534.596,69602.244,2,138,502.194,223.833,NA,4.072,0.014,-60.255,-60.255
6833,49,168,1173.99,529.04,69902.254,2,94,507.749,226.382,NA,5.556,0.019,-90,-29.745
6834,49,169,1172.475,527.02,70202.264,2,46,510.275,226.004,NA,2.525,0.008,-126.87,-36.87
6835,49,170,1185.101,517.424,70502.273,2,38,526.134,241.693,NA,15.859,0.053,-37.235,89.635
6836,49,171,1184.091,514.394,70802.283,2,142,529.328,242.307,NA,3.194,0.011,-108.435,-71.2
6837,49,172,1184.091,514.899,71102.293,2,145,529.833,242.056,NA,0.505,0.002,90,-161.565
6838,49,173,1184.091,514.899,71402.302,2,83,529.833,242.056,NA,0,0,0,-90
6839,49,174,1184.091,514.899,71702.312,2,233,529.833,242.056,NA,0,0,0,0
6840,49,176,1180.556,516.919,72002.322,2,131,533.905,237.984,NA,4.072,0.014,150.255,150.255
6841,50,1,880.682,526.515,14400.464,2,55,0,0,NA,NA,NA,NA,NA
6842,50,2,881.439,520.833,14700.474,2,116,5.732,5.732,NA,5.732,0.019,-82.405,NA
6843,50,3,881.439,520.833,15000.484,2,197,5.732,5.732,NA,0,0,0,82.405
6844,50,4,881.439,513.636,15300.493,2,140,12.929,12.901,NA,7.197,0.024,-90,-90
6845,50,5,881.439,510.606,15600.503,2,247,15.959,15.927,NA,3.03,0.01,-90,0
6846,50,6,881.439,505.682,15900.513,2,255,20.884,20.847,NA,4.924,0.016,-90,0
6847,50,7,881.439,503.03,16200.522,2,15,23.535,23.497,NA,2.652,0.009,-90,0
6848,50,8,881.439,488.636,16500.532,2,117,37.929,37.886,NA,14.394,0.048,-90,0
6849,50,9,884.848,478.788,16800.542,2,188,48.351,47.909,NA,10.422,0.035,-70.907,19.093
6850,50,10,884.848,479.167,17100.551,2,143,48.73,47.531,NA,0.379,0.001,90,160.907
6851,50,11,894.318,479.167,17400.561,2,148,58.199,49.273,NA,9.47,0.032,0,-90
6852,50,12,903.03,479.167,17700.571,2,165,66.912,52.358,NA,8.712,0.029,0,0
6853,50,13,913.258,457.576,18000.58,2,128,90.802,76.248,NA,23.891,0.08,-64.654,-64.654
6854,50,14,913.258,453.409,18300.59,2,176,94.969,80.035,NA,4.167,0.014,-90,-25.346
6855,50,15,913.258,453.409,18600.6,2,134,94.969,80.035,NA,0,0,0,90
6856,50,16,908.712,450.379,18900.609,2,153,100.432,81.132,NA,5.463,0.018,-146.31,-146.31
6857,50,17,914.773,445.833,19200.619,2,197,108.008,87.589,NA,7.576,0.025,-36.87,109.44
6858,50,18,914.773,445.833,19500.629,2,153,108.008,87.589,NA,0,0,0,36.87
6859,50,19,915.152,439.015,19800.638,2,105,114.836,94.045,NA,6.829,0.023,-86.82,-86.82
6860,50,20,922.727,428.409,20100.648,2,219,127.87,106.736,NA,13.034,0.043,-54.462,32.358
6861,50,21,936.742,418.182,20400.658,2,201,145.22,121.979,NA,17.35,0.058,-36.119,18.343
6862,50,22,936.742,418.182,20700.668,2,234,145.22,121.979,NA,0,0,0,36.119
6863,50,23,936.742,418.182,21000.677,2,185,145.22,121.979,NA,0,0,0,0
6864,50,24,933.333,415.53,21300.687,2,202,149.539,122.841,NA,4.319,0.014,-142.125,-142.125
6865,50,25,933.333,409.47,21600.697,2,159,155.6,128.343,NA,6.061,0.02,-90,52.125
6866,50,26,933.333,408.712,21900.706,2,255,156.357,129.034,NA,0.758,0.003,-90,0
6867,50,27,933.333,408.712,22200.716,2,237,156.357,129.034,NA,0,0,0,90
6868,50,28,933.333,407.197,22500.726,2,255,157.872,130.419,NA,1.515,0.005,-90,-90
6869,50,29,933.333,407.197,22800.735,2,229,157.872,130.419,NA,0,0,0,90
6870,50,30,933.333,407.197,23100.745,2,203,157.872,130.419,NA,0,0,0,0
6871,50,31,933.712,406.818,23400.755,2,255,158.408,130.918,NA,0.536,0.002,-45,-45
6872,50,32,937.121,401.515,23700.764,2,165,164.712,137.151,NA,6.304,0.021,-57.265,-12.265
6873,50,33,937.121,401.515,24000.774,2,188,164.712,137.151,NA,0,0,0,57.265
6874,50,34,937.121,401.515,24300.784,2,192,164.712,137.151,NA,0,0,0,0
6875,50,35,931.061,401.515,24600.793,2,235,170.773,134.77,NA,6.061,0.02,180,180
6876,50,36,931.061,398.485,24900.803,2,206,173.803,137.586,NA,3.03,0.01,-90,90
6877,50,37,931.061,398.485,25200.813,2,251,173.803,137.586,NA,0,0,0,90
6878,50,38,931.061,398.485,25500.822,2,255,173.803,137.586,NA,0,0,0,0
6879,50,39,931.061,398.485,25800.832,2,223,173.803,137.586,NA,0,0,0,0
6880,50,40,931.061,398.485,26100.842,2,255,173.803,137.586,NA,0,0,0,0
6881,50,41,931.061,398.485,26400.851,2,171,173.803,137.586,NA,0,0,0,0
6882,50,42,931.439,405.682,26700.861,2,255,181.01,131.061,NA,7.207,0.024,86.987,86.987
6883,50,43,931.439,405.682,27000.871,2,189,181.01,131.061,NA,0,0,0,-86.987
6884,50,44,928.409,401.894,27300.88,2,195,185.861,133.448,NA,4.851,0.016,-128.66,-128.66
6885,50,45,928.409,401.515,27600.89,2,255,186.24,133.802,NA,0.379,0.001,-90,38.66
6886,50,46,933.333,401.515,27900.9,2,255,191.164,135.636,NA,4.924,0.016,0,90
6887,50,47,933.333,401.515,28200.909,2,166,191.164,135.636,NA,0,0,0,0
6888,50,48,933.333,403.788,28500.919,2,255,193.437,133.545,NA,2.273,0.008,90,90
6889,50,49,936.742,412.121,28800.929,2,181,202.44,127.392,NA,9.004,0.03,67.751,-22.249
6890,50,50,936.742,412.121,29100.938,2,166,202.44,127.392,NA,0,0,0,-67.751
6891,50,51,937.121,412.121,29400.948,2,250,202.819,127.559,NA,0.379,0.001,0,0
6892,50,52,937.121,412.121,29700.958,2,239,202.819,127.559,NA,0,0,0,0
6893,50,53,937.121,412.121,30000.967,2,249,202.819,127.559,NA,0,0,0,0
6894,50,54,937.879,410.606,30300.977,2,158,204.513,129.253,NA,1.694,0.006,-63.435,-63.435
6895,50,55,937.879,408.712,30600.987,2,174,206.407,130.954,NA,1.894,0.006,-90,-26.565
6896,50,56,937.879,407.197,30900.996,2,220,207.922,132.319,NA,1.515,0.005,-90,0
6897,50,57,937.879,407.197,31201.006,2,255,207.922,132.319,NA,0,0,0,90
6898,50,58,937.879,407.197,31501.016,2,255,207.922,132.319,NA,0,0,0,0
6899,50,59,929.924,407.197,31801.025,2,187,215.877,129.08,NA,7.955,0.027,180,180
6900,50,60,923.106,407.197,32101.035,2,187,222.695,126.636,NA,6.818,0.023,180,0
6901,50,61,923.106,403.788,32401.045,2,209,226.104,129.853,NA,3.409,0.011,-90,90
6902,50,62,925.758,403.409,32701.054,2,187,228.782,131.099,NA,2.678,0.009,-8.13,81.87
6903,50,63,925.758,403.409,33001.064,2,243,228.782,131.099,NA,0,0,0,8.13
6904,50,64,932.576,403.409,33301.074,2,96,235.601,133.597,NA,6.818,0.023,0,0
6905,50,65,932.576,400.758,33601.083,2,82,238.252,136.044,NA,2.652,0.009,-90,-90
6906,50,66,935.606,400.758,33901.093,2,175,241.282,137.228,NA,3.03,0.01,0,90
6907,50,67,935.606,400.758,34201.103,2,160,241.282,137.228,NA,0,0,0,0
6908,50,68,935.606,400.758,34501.113,2,167,241.282,137.228,NA,0,0,0,0
6909,50,69,940.53,400.758,34801.122,2,106,246.207,139.272,NA,4.924,0.016,0,0
6910,50,70,940.53,400.758,35101.132,2,154,246.207,139.272,NA,0,0,0,0
6911,50,71,940.53,400.758,35401.142,2,102,246.207,139.272,NA,0,0,0,0
6912,50,72,940.53,400.758,35701.151,2,132,246.207,139.272,NA,0,0,0,0
6913,50,73,939.773,402.652,36001.161,2,153,248.247,137.237,NA,2.04,0.007,111.801,111.801
6914,50,74,939.773,409.091,36301.171,2,254,254.686,131.454,NA,6.439,0.021,90,-21.801
6915,50,75,939.773,410.606,36601.18,2,175,256.201,130.102,NA,1.515,0.005,90,0
6916,50,76,945.076,410.606,36901.19,2,229,261.504,132.595,NA,5.303,0.018,0,-90
6917,50,77,947.727,409.47,37201.2,2,201,264.389,134.888,NA,2.885,0.01,-23.199,-23.199
6918,50,78,947.727,409.47,37501.209,2,255,264.389,134.888,NA,0,0,0,23.199
6919,50,79,947.727,407.576,37801.219,2,164,266.283,136.535,NA,1.894,0.006,-90,-90
6920,50,80,944.318,403.788,38101.229,2,140,271.379,138.245,NA,5.096,0.017,-131.987,-41.987
6921,50,81,944.318,403.788,38401.238,2,128,271.379,138.245,NA,0,0,0,131.987
6922,50,82,938.258,403.788,38701.248,2,153,277.44,135.562,NA,6.061,0.02,180,180
6923,50,83,938.258,403.788,39001.258,2,98,277.44,135.562,NA,0,0,0,-180
6924,50,84,938.258,417.424,39301.267,2,208,291.076,123.352,NA,13.636,0.045,90,90
6925,50,85,938.258,417.424,39601.277,2,222,291.076,123.352,NA,0,0,0,-90
6926,50,86,938.258,417.424,39901.287,2,255,291.076,123.352,NA,0,0,0,0
6927,50,87,938.258,414.394,40201.296,2,255,294.106,126.04,NA,3.03,0.01,-90,-90
6928,50,88,935.606,414.394,40501.306,2,232,296.758,124.851,NA,2.652,0.009,180,-90
6929,50,89,935.606,414.394,40801.316,2,255,296.758,124.851,NA,0,0,0,-180
6930,50,90,935.606,414.394,41101.325,2,255,296.758,124.851,NA,0,0,0,0
6931,50,91,935.606,414.394,41401.335,2,255,296.758,124.851,NA,0,0,0,0
6932,50,92,935.606,409.848,41701.345,2,253,301.303,128.949,NA,4.545,0.015,-90,-90
6933,50,93,933.712,409.848,42001.354,2,214,303.197,128.154,NA,1.894,0.006,180,-90
6934,50,94,933.712,409.848,42301.364,2,237,303.197,128.154,NA,0,0,0,-180
6935,50,95,936.742,408.333,42601.374,2,255,306.585,130.804,NA,3.388,0.011,-26.565,-26.565
6936,50,96,936.742,408.333,42901.383,2,250,306.585,130.804,NA,0,0,0,26.565
6937,50,97,936.742,408.333,43201.393,2,255,306.585,130.804,NA,0,0,0,0
6938,50,98,936.742,408.333,43501.403,2,254,306.585,130.804,NA,0,0,0,0
6939,50,99,945.076,403.03,43801.412,2,241,316.463,139.266,NA,9.878,0.033,-32.471,-32.471
6940,50,100,945.076,402.273,44101.422,2,202,317.22,139.938,NA,0.758,0.003,-90,-57.529
6941,50,101,944.697,401.136,44401.432,2,255,318.418,140.776,NA,1.198,0.004,-108.435,-18.435
6942,50,102,944.318,395.455,44701.441,2,210,324.112,145.693,NA,5.694,0.019,-93.814,14.621
6943,50,103,944.318,395.833,45001.451,2,255,324.491,145.352,NA,0.379,0.001,90,-176.186
6944,50,104,939.394,395.833,45301.461,2,161,329.416,143.265,NA,4.924,0.016,180,90
6945,50,105,939.394,395.833,45601.47,2,249,329.416,143.265,NA,0,0,0,-180
6946,50,106,939.394,395.833,45901.48,2,188,329.416,143.265,NA,0,0,0,0
6947,50,107,939.394,395.833,46201.49,2,147,329.416,143.265,NA,0,0,0,0
6948,50,108,939.394,395.833,46501.499,2,229,329.416,143.265,NA,0,0,0,0
6949,50,109,934.091,395.833,46801.509,2,139,334.719,141.175,NA,5.303,0.018,180,180
6950,50,110,928.409,395.455,47101.519,2,184,340.413,139.48,NA,5.694,0.019,-176.186,3.814
6951,50,111,928.03,395.455,47401.529,2,100,340.792,139.351,NA,0.379,0.001,180,-3.814
6952,50,112,940.53,395.455,47701.538,2,171,353.292,144.079,NA,12.5,0.042,0,-180
6953,50,113,940.53,395.833,48001.548,2,138,353.671,143.734,NA,0.379,0.001,90,90
6954,50,114,941.288,400.379,48301.558,2,91,358.279,139.941,NA,4.608,0.015,80.538,-9.462
6955,50,115,941.288,404.545,48601.567,2,141,362.445,136.197,NA,4.167,0.014,90,9.462
6956,50,116,941.288,404.545,48901.577,2,248,362.445,136.197,NA,0,0,0,-90
6957,50,117,933.712,404.545,49201.587,2,170,370.021,132.999,NA,7.576,0.025,180,180
6958,50,118,933.712,404.545,49501.596,2,255,370.021,132.999,NA,0,0,0,-180
6959,50,119,933.712,404.545,49801.606,2,255,370.021,132.999,NA,0,0,0,0
6960,50,120,932.955,404.545,50101.616,2,243,370.779,132.699,NA,0.758,0.003,180,180
6961,50,121,931.061,398.864,50401.625,2,161,376.768,137.233,NA,5.989,0.02,-108.435,71.565
6962,50,122,931.061,398.864,50701.635,2,188,376.768,137.233,NA,0,0,0,108.435
6963,50,123,931.061,398.864,51001.645,2,152,376.768,137.233,NA,0,0,0,0
6964,50,124,936.364,398.485,51301.654,2,227,382.084,139.615,NA,5.317,0.018,-4.086,-4.086
6965,50,125,936.742,398.485,51601.664,2,223,382.463,139.766,NA,0.379,0.001,0,4.086
6966,50,126,941.288,398.485,51901.674,2,254,387.009,141.65,NA,4.545,0.015,0,0
6967,50,127,943.182,398.485,52201.683,2,165,388.903,142.471,NA,1.894,0.006,0,0
6968,50,128,943.182,404.545,52501.693,2,147,394.963,137.051,NA,6.061,0.02,90,90
6969,50,129,942.045,410.227,52801.703,2,188,400.758,131.485,NA,5.794,0.019,101.31,11.31
6970,50,130,942.045,410.985,53101.712,2,255,401.515,130.816,NA,0.758,0.003,90,-11.31
6971,50,131,939.394,414.015,53401.722,2,255,405.542,126.899,NA,4.027,0.013,131.186,41.186
6972,50,132,939.394,414.015,53701.732,2,255,405.542,126.899,NA,0,0,0,-131.186
6973,50,133,939.394,414.015,54001.741,2,255,405.542,126.899,NA,0,0,0,0
6974,50,134,940.152,414.015,54301.751,2,255,406.299,127.251,NA,0.758,0.003,0,0
6975,50,135,941.667,409.47,54601.761,2,255,411.091,131.98,NA,4.791,0.016,-71.565,-71.565
6976,50,136,940.152,409.47,54901.77,2,255,412.606,131.287,NA,1.515,0.005,180,-108.435
6977,50,137,940.152,407.955,55201.78,2,255,414.121,132.64,NA,1.515,0.005,-90,90
6978,50,138,940.152,406.439,55501.79,2,255,415.636,133.996,NA,1.515,0.005,-90,0
6979,50,139,940.152,405.303,55801.799,2,255,416.772,135.015,NA,1.136,0.004,-90,0
6980,50,140,940.152,402.273,56101.809,2,221,419.803,137.742,NA,3.03,0.01,-90,0
6981,50,141,941.288,402.273,56401.819,2,230,420.939,138.236,NA,1.136,0.004,0,90
6982,50,142,942.803,402.273,56701.828,2,255,422.454,138.907,NA,1.515,0.005,0,0
6983,50,143,942.803,402.273,57001.838,2,255,422.454,138.907,NA,0,0,0,0
6984,50,144,942.803,402.273,57301.848,2,255,422.454,138.907,NA,0,0,0,0
6985,50,145,942.803,398.485,57601.857,2,239,426.242,142.305,NA,3.788,0.013,-90,-90
6986,50,146,942.803,398.485,57901.867,2,234,426.242,142.305,NA,0,0,0,90
6987,50,147,939.394,398.106,58201.877,2,219,429.672,141.195,NA,3.43,0.011,-173.66,-173.66
6988,50,148,939.015,391.288,58501.886,2,200,436.501,147.273,NA,6.829,0.023,-93.18,80.48
6989,50,149,939.015,389.773,58801.896,2,176,438.016,148.665,NA,1.515,0.005,-90,3.18
6990,50,150,939.015,383.333,59101.906,2,158,444.455,154.609,NA,6.439,0.021,-90,0
6991,50,151,939.015,383.333,59401.915,2,165,444.455,154.609,NA,0,0,0,90
6992,50,152,945.455,383.333,59701.925,2,233,450.895,157.151,NA,6.439,0.021,0,0
6993,50,153,950.379,381.439,60001.935,2,114,456.171,160.949,NA,5.276,0.018,-21.038,-21.038
6994,50,154,951.515,378.03,60301.944,2,123,459.764,164.515,NA,3.593,0.012,-71.565,-50.528
6995,50,155,953.03,379.545,60601.954,2,236,461.907,163.812,NA,2.143,0.007,45,116.565
6996,50,156,953.788,376.515,60901.964,2,219,465.031,166.867,NA,3.124,0.01,-75.964,-120.964
6997,50,157,962.879,367.424,61201.974,2,143,477.887,179.071,NA,12.856,0.043,-45,30.964
6998,50,158,960.606,359.091,61501.983,2,232,486.525,185.523,NA,8.638,0.029,-105.255,-60.255
6999,50,159,960.606,359.091,61801.993,2,242,486.525,185.523,NA,0,0,0,105.255
7000,50,160,959.848,358.712,62102.003,2,204,487.372,185.54,NA,0.847,0.003,-153.435,-153.435
7001,50,161,959.091,358.712,62402.012,2,255,488.129,185.218,NA,0.758,0.003,180,-26.565
7002,50,162,959.091,363.258,62702.022,2,255,492.675,181.111,NA,4.545,0.015,90,-90
7003,50,163,960.606,363.258,63002.032,2,185,494.19,181.772,NA,1.515,0.005,0,-90
7004,50,164,964.015,363.258,63302.041,2,255,497.599,183.296,NA,3.409,0.011,0,0
7005,50,165,970.833,363.258,63602.051,2,144,504.417,186.495,NA,6.818,0.023,0,0
7006,50,166,978.788,351.515,63902.061,2,182,518.6,200.624,NA,14.183,0.047,-55.886,-55.886
7007,50,167,983.712,334.091,64202.07,2,174,536.707,218.271,NA,18.107,0.06,-74.219,-18.334
7008,50,168,983.712,321.591,64502.08,2,157,549.207,229.367,NA,12.5,0.042,-90,-15.781
7009,50,169,983.712,321.591,64802.09,2,194,549.207,229.367,NA,0,0,0,90
7010,50,170,983.712,321.591,65102.099,2,179,549.207,229.367,NA,0,0,0,0
7011,50,171,983.712,321.591,65402.109,2,109,549.207,229.367,NA,0,0,0,0
7012,50,172,995.076,301.894,65702.119,2,133,571.947,252.073,NA,22.74,0.076,-60.018,-60.018
7013,50,173,1006.818,292.803,66002.128,2,122,586.797,265.578,NA,14.85,0.049,-37.747,22.272
7014,50,174,1014.015,287.5,66302.138,2,190,595.737,273.69,NA,8.94,0.03,-36.384,1.362
7015,50,175,1024.242,270.455,66602.148,2,185,615.615,293.559,NA,19.878,0.066,-59.036,-22.652
7016,50,176,1028.03,262.5,66902.157,2,73,624.425,302.35,NA,8.81,0.029,-64.537,-5.5
7017,50,177,1034.47,262.5,67202.167,2,171,630.865,305.54,NA,6.439,0.021,0,64.537
7018,50,178,1034.47,262.121,67502.177,2,205,631.244,305.867,NA,0.379,0.001,-90,-90
7019,50,179,1029.545,256.439,67802.186,2,255,638.762,308.385,NA,7.519,0.025,-130.914,-40.914
7020,50,180,1030.303,253.788,68102.196,2,224,641.52,311.073,NA,2.758,0.009,-74.055,56.86
7021,50,181,1025.758,253.788,68402.206,2,130,646.065,308.913,NA,4.545,0.015,180,-105.945
7022,50,182,1028.788,248.485,68702.215,2,119,652.173,315.018,NA,6.108,0.02,-60.255,119.745
7023,50,183,1036.742,248.485,69002.225,2,101,660.128,318.835,NA,7.955,0.027,0,60.255
7024,50,184,1039.394,243.561,69302.235,2,80,665.72,324.427,NA,5.593,0.019,-61.699,-61.699
7025,50,185,1039.394,243.561,69602.244,2,102,665.72,324.427,NA,0,0,0,61.699
7026,50,186,1048.864,233.333,69902.254,2,82,679.659,337.995,NA,13.938,0.046,-47.203,-47.203
7027,50,187,1054.545,225.758,70202.264,2,83,689.128,347.396,NA,9.47,0.032,-53.13,-5.928
7028,50,188,1054.545,221.591,70502.273,2,198,693.295,351.009,NA,4.167,0.014,-90,-36.87
7029,50,189,1054.545,226.894,70802.283,2,137,698.598,346.412,NA,5.303,0.018,90,180
7030,50,190,1064.394,226.894,71102.293,2,230,708.446,351.458,NA,9.848,0.033,0,-90
7031,50,191,1064.394,229.545,71402.302,2,149,711.098,349.201,NA,2.652,0.009,90,90
7032,50,192,1067.803,229.545,71702.312,2,46,714.507,351.006,NA,3.409,0.011,0,-90
7033,50,194,1064.015,217.045,72002.322,2,184,727.568,359.698,NA,13.061,0.044,-106.858,-106.858
