Nr,TID,PID,x [micron],y [micron],t [sec],c [idx],I [val],Len [micron],D2S [micron],D2R [micron],D2P [micron],v [micron/sec],α [deg],Δα [deg]
1,1,1,683.081,1127.02,5100.163,2,39,0,0,NA,NA,NA,NA,NA
2,1,2,683.081,1127.02,5400.173,2,30,0,0,NA,0,0,0,NA
3,1,3,679.04,1127.02,5700.183,2,73,4.04,4.04,NA,4.04,0.013,180,180
4,1,4,677.525,1127.02,6000.192,2,54,5.556,5.556,NA,1.515,0.005,180,0
5,1,5,673.485,1127.02,6300.202,2,106,9.596,9.596,NA,4.04,0.013,180,0
6,1,6,673.485,1125,6600.211,2,82,11.616,9.806,NA,2.02,0.007,-90,90
7,1,7,674.495,1123.485,6900.221,2,111,13.437,9.285,NA,1.821,0.006,-56.31,33.69
8,1,8,678.03,1118.939,7200.231,2,77,19.196,9.529,NA,5.758,0.019,-52.125,4.185
9,1,9,676.515,1116.919,7500.24,2,64,21.721,12.047,NA,2.525,0.008,-126.87,-74.745
10,1,10,677.525,1113.889,7800.25,2,131,24.915,14.258,NA,3.194,0.011,-71.565,55.305
11,1,11,677.525,1106.313,8100.26,2,69,32.491,21.439,NA,7.576,0.025,-90,-18.435
12,1,12,677.525,1106.313,8400.269,2,86,32.491,21.439,NA,0,0,0,90
13,1,13,672.98,1105.808,8700.279,2,100,37.064,23.494,NA,4.573,0.015,-173.66,-173.66
14,1,14,672.98,1100.758,9000.288,2,48,42.115,28.138,NA,5.051,0.017,-90,83.66
15,1,15,672.98,1100.758,9300.298,2,59,42.115,28.138,NA,0,0,0,90
16,1,16,672.98,1100.758,9600.308,2,93,42.115,28.138,NA,0,0,0,0
17,1,17,678.535,1096.717,9900.317,2,38,48.984,30.642,NA,6.869,0.023,-36.027,-36.027
18,1,18,682.071,1094.697,10200.327,2,28,53.056,32.339,NA,4.072,0.014,-29.745,6.282
19,1,19,690.657,1102.273,10500.336,2,80,64.506,25.881,NA,11.45,0.038,41.424,71.169
20,1,20,695.076,1095.076,10800.346,2,44,72.952,34.122,NA,8.445,0.028,-58.449,-99.872
21,1,21,695.076,1093.939,11100.356,2,119,74.088,35.188,NA,1.136,0.004,-90,-31.551
22,1,22,695.076,1093.561,11400.365,2,31,74.467,35.545,NA,0.379,0.001,-90,0
23,1,23,695.076,1100.379,11700.375,2,107,81.285,29.217,NA,6.818,0.023,90,180
24,1,24,695.076,1100.379,12000.385,2,94,81.285,29.217,NA,0,0,0,-90
25,1,25,696.591,1103.03,12300.394,2,157,84.339,27.532,NA,3.054,0.01,60.255,60.255
26,1,26,697.348,1106.818,12600.404,2,161,88.202,24.732,NA,3.863,0.013,78.69,18.435
27,1,27,701.515,1106.818,12900.413,2,202,92.369,27.349,NA,4.167,0.014,0,-78.69
28,1,28,703.788,1106.439,13200.423,2,246,94.673,29.195,NA,2.304,0.008,-9.462,-9.462
29,1,29,703.788,1104.545,13500.433,2,241,96.567,30.56,NA,1.894,0.006,-90,-80.538
30,1,30,707.576,1100.758,13800.442,2,158,101.923,35.913,NA,5.357,0.018,-45,45
31,1,31,707.576,1100.758,14100.452,2,255,101.923,35.913,NA,0,0,0,45
32,1,32,712.121,1100.758,14400.461,2,255,106.469,39.154,NA,4.545,0.015,0,0
33,1,33,709.848,1104.924,14700.471,2,206,111.215,34.709,NA,4.746,0.016,118.61,118.61
34,1,34,709.848,1107.197,15000.481,2,164,113.488,33.309,NA,2.273,0.008,90,-28.61
35,1,35,710.606,1107.197,15300.49,2,244,114.245,33.92,NA,0.758,0.003,0,-90
36,1,36,710.606,1107.197,15600.5,2,221,114.245,33.92,NA,0,0,0,0
37,1,37,705.682,1107.197,15900.509,2,242,119.17,30.063,NA,4.924,0.016,180,180
38,1,38,705.682,1107.197,16200.519,2,255,119.17,30.063,NA,0,0,0,-180
39,1,39,705.682,1107.197,16500.529,2,255,119.17,30.063,NA,0,0,0,0
40,1,40,705.682,1107.197,16800.538,2,255,119.17,30.063,NA,0,0,0,0
41,1,41,705.682,1107.197,17100.548,2,236,119.17,30.063,NA,0,0,0,0
42,1,42,705.682,1107.197,17400.558,2,192,119.17,30.063,NA,0,0,0,0
43,1,43,706.818,1104.924,17700.567,2,199,121.711,32.43,NA,2.541,0.008,-63.435,-63.435
44,1,44,707.576,1103.409,18000.577,2,181,123.405,34.022,NA,1.694,0.006,-63.435,0
45,1,45,708.333,1100.758,18300.586,2,255,126.162,36.434,NA,2.758,0.009,-74.055,-10.62
46,1,46,708.333,1100.758,18600.596,2,173,126.162,36.434,NA,0,0,0,74.055
47,1,47,708.333,1100.758,18900.606,2,165,126.162,36.434,NA,0,0,0,0
48,1,48,704.167,1100.758,19200.615,2,231,130.329,33.68,NA,4.167,0.014,180,180
49,1,49,704.167,1100.758,19500.625,2,162,130.329,33.68,NA,0,0,0,-180
50,1,50,705.303,1100.758,19800.634,2,213,131.465,34.403,NA,1.136,0.004,0,0
51,1,51,710.985,1102.652,20100.644,2,231,137.454,37.047,NA,5.989,0.02,18.435,18.435
52,1,52,710.985,1102.652,20400.654,2,194,137.454,37.047,NA,0,0,0,-18.435
53,1,53,708.712,1103.788,20700.663,2,136,139.995,34.593,NA,2.541,0.008,153.435,153.435
54,1,54,707.576,1101.136,21000.673,2,172,142.88,35.637,NA,2.885,0.01,-113.199,93.366
55,1,55,707.576,1095.833,21300.683,2,140,148.183,39.656,NA,5.303,0.018,-90,23.199
56,1,56,704.924,1095.833,21600.692,2,151,150.835,38.076,NA,2.652,0.009,180,-90
57,1,57,704.924,1100.758,21900.702,2,234,155.759,34.159,NA,4.924,0.016,90,-90
58,1,58,716.667,1100.758,22200.711,2,171,167.501,42.635,NA,11.742,0.039,0,-90
59,1,59,720.455,1101.136,22500.721,2,224,171.308,45.462,NA,3.807,0.013,5.711,5.711
60,1,60,720.455,1101.136,22800.731,2,156,171.308,45.462,NA,0,0,0,-5.711
61,1,61,720.455,1102.273,23100.74,2,211,172.445,44.824,NA,1.136,0.004,90,90
62,1,62,720.455,1107.576,23400.75,2,251,177.748,42.129,NA,5.303,0.018,90,0
63,1,63,720.455,1107.576,23700.759,2,255,177.748,42.129,NA,0,0,0,-90
64,1,64,723.106,1106.439,24000.769,2,255,180.632,45.007,NA,2.885,0.01,-23.199,-23.199
65,1,65,724.621,1104.545,24300.779,2,238,183.058,47.23,NA,2.425,0.008,-51.34,-28.142
66,1,66,724.621,1112.5,24600.788,2,211,191.012,44.005,NA,7.955,0.027,90,141.34
67,1,67,724.621,1115.152,24900.798,2,255,193.664,43.203,NA,2.652,0.009,90,0
68,1,68,724.621,1117.424,25200.807,2,255,195.937,42.634,NA,2.273,0.008,90,0
69,1,69,724.621,1117.424,25500.817,2,39,195.937,42.634,NA,0,0,0,-90
70,1,70,715.53,1132.576,25800.827,2,216,213.606,32.922,NA,17.67,0.059,120.964,120.964
71,1,71,721.591,1126.515,26100.836,2,204,222.177,38.513,NA,8.571,0.029,-45,-165.964
72,1,72,717.424,1124.621,26400.846,2,194,226.754,34.427,NA,4.577,0.015,-155.556,-110.556
73,1,73,712.5,1121.212,26700.856,2,255,232.743,29.987,NA,5.989,0.02,-145.305,10.251
74,1,74,712.5,1121.212,27000.865,2,255,232.743,29.987,NA,0,0,0,145.305
75,1,75,712.5,1125.758,27300.875,2,220,237.289,29.446,NA,4.545,0.015,90,90
76,1,76,704.545,1125.758,27600.884,2,255,245.243,21.502,NA,7.955,0.027,180,90
77,1,77,704.924,1121.212,27900.894,2,24,249.804,22.602,NA,4.561,0.015,-85.236,94.764
78,1,78,736.364,1121.212,28200.904,2,155,281.244,53.598,NA,31.439,0.105,0,85.236
79,1,79,742.803,1127.652,28500.913,2,144,290.35,59.726,NA,9.107,0.03,45,45
80,1,80,742.803,1127.652,28800.923,2,171,290.35,59.726,NA,0,0,0,-45
81,1,81,752.273,1127.652,29100.932,2,181,299.82,69.195,NA,9.47,0.032,0,0
82,1,82,745.833,1139.015,29400.942,2,255,312.881,63.889,NA,13.061,0.044,119.539,119.539
83,1,83,736.742,1149.621,29700.952,2,79,326.85,58.227,NA,13.969,0.047,130.601,11.063
84,1,84,729.167,1158.712,30000.961,2,239,338.684,55.931,NA,11.834,0.039,129.806,-0.796
85,1,85,733.333,1153.03,30300.971,2,255,345.73,56.585,NA,7.046,0.023,-53.746,176.448
86,1,86,724.621,1151.515,30600.981,2,255,354.573,48.225,NA,8.843,0.029,-170.134,-116.388
87,1,87,728.03,1151.136,30900.99,2,255,358.003,51.01,NA,3.43,0.011,-6.34,163.794
88,1,88,728.03,1151.136,31201,2,255,358.003,51.01,NA,0,0,0,6.34
89,1,89,728.03,1151.136,31501.009,2,233,358.003,51.01,NA,0,0,0,0
90,1,90,720.076,1146.591,31801.019,2,195,367.165,41.853,NA,9.162,0.031,-150.255,-150.255
91,1,91,720.076,1146.591,32101.029,2,205,367.165,41.853,NA,0,0,0,150.255
92,1,92,720.076,1142.045,32401.038,2,255,371.71,39.93,NA,4.545,0.015,-90,-90
93,1,93,714.015,1142.045,32701.048,2,255,377.771,34.39,NA,6.061,0.02,180,-90
94,1,94,713.636,1144.318,33001.057,2,216,380.075,35.112,NA,2.304,0.008,99.462,-80.538
95,1,95,703.409,1130.682,33301.067,2,164,397.12,20.655,NA,17.045,0.057,-126.87,133.668
96,1,96,700.379,1119.318,33601.077,2,249,408.881,18.935,NA,11.761,0.039,-104.931,21.938
97,1,97,700.379,1119.318,33901.086,2,142,408.881,18.935,NA,0,0,0,104.931
98,1,98,700.379,1129.924,34201.096,2,238,419.487,17.54,NA,10.606,0.035,90,90
99,1,99,698.485,1132.955,34501.105,2,181,423.061,16.508,NA,3.573,0.012,122.005,32.005
100,1,100,689.773,1132.576,34801.115,2,128,431.781,8.697,NA,8.72,0.029,-177.51,60.484
101,1,101,670.076,1108.712,35101.125,2,162,462.723,22.457,NA,30.943,0.103,-129.536,47.974
102,1,102,667.424,1116.288,35401.134,2,164,470.75,18.982,NA,8.026,0.027,109.29,-121.174
103,1,103,662.879,1118.182,35701.144,2,195,475.674,22.051,NA,4.924,0.016,157.38,48.09
104,1,104,662.879,1118.182,36001.154,2,140,475.674,22.051,NA,0,0,0,-157.38
105,1,105,657.197,1118.182,36301.163,2,195,481.356,27.351,NA,5.682,0.019,180,180
106,1,106,643.182,1115.909,36601.173,2,127,495.554,41.417,NA,14.198,0.047,-170.789,9.211
107,1,107,630.303,1113.636,36901.182,2,98,508.632,54.448,NA,13.078,0.044,-169.992,0.797
108,1,108,629.924,1118.182,37201.192,2,148,513.193,53.886,NA,4.561,0.015,94.764,-95.244
109,1,109,623.106,1121.97,37501.202,2,228,520.993,60.187,NA,7.8,0.026,150.945,56.182
110,1,110,620.076,1127.652,37801.211,2,251,527.432,63.008,NA,6.439,0.021,118.072,-32.873
111,1,111,584.47,1134.47,38101.221,2,149,563.685,98.892,NA,36.253,0.121,169.16,51.087
112,1,112,584.091,1134.47,38401.23,2,243,564.064,99.27,NA,0.379,0.001,180,10.84
113,1,113,572.727,1137.121,38701.24,2,255,575.733,110.815,NA,11.669,0.039,166.866,-13.134
114,1,114,563.636,1147.348,39001.25,2,255,589.417,121.162,NA,13.684,0.046,131.634,-35.232
115,1,115,567.424,1164.773,39301.259,2,252,607.248,121.662,NA,17.831,0.059,77.735,-53.898
116,1,116,567.045,1176.136,39601.269,2,192,618.618,126.002,NA,11.37,0.038,91.909,14.174
117,1,117,562.5,1186.364,39901.279,2,220,629.81,134.393,NA,11.192,0.037,113.962,22.053
118,1,118,586.364,1210.227,40201.288,2,255,663.558,127.584,NA,33.748,0.112,45,-68.962
119,1,119,590.909,1215.909,40501.298,2,210,670.834,128.05,NA,7.276,0.024,51.34,6.34
120,1,120,597.348,1215.152,40801.307,2,205,677.318,122.952,NA,6.484,0.022,-6.71,-58.05
121,1,121,606.818,1210.227,41101.317,2,255,687.991,112.869,NA,10.673,0.036,-27.474,-20.765
122,1,122,607.576,1210.227,41401.327,2,255,688.749,112.358,NA,0.758,0.003,0,27.474
123,1,123,615.909,1209.848,41701.336,2,255,697.091,106.642,NA,8.342,0.028,-2.603,-2.603
124,1,124,615.909,1209.848,42001.346,2,119,697.091,106.642,NA,0,0,0,2.603
125,1,125,633.333,1209.848,42301.355,2,140,714.515,96.62,NA,17.424,0.058,0,0
126,1,126,661.364,1218.561,42601.365,2,226,743.868,94.081,NA,29.353,0.098,17.266,17.266
127,1,127,676.894,1237.5,42901.375,2,247,768.361,110.653,NA,24.493,0.082,50.648,33.382
128,1,128,677.273,1242.424,43201.384,2,230,773.3,115.55,NA,4.939,0.016,85.601,34.953
129,1,129,676.515,1247.348,43501.394,2,255,778.282,120.507,NA,4.982,0.017,98.746,13.145
130,1,130,674.621,1254.924,43801.404,2,203,786.091,128.183,NA,7.809,0.026,104.036,5.29
131,1,131,670.455,1268.561,44101.413,2,155,800.349,142.102,NA,14.259,0.048,106.991,2.955
132,1,132,670.833,1274.242,44401.423,2,178,806.044,147.731,NA,5.694,0.019,86.186,-20.805
133,1,133,659.848,1278.409,44701.432,2,255,817.792,153.161,NA,11.749,0.039,159.228,73.042
134,2,1,653.03,1084.091,10500.336,2,14,0,0,NA,NA,NA,NA,NA
135,2,2,649.242,1085.606,10800.346,2,22,4.08,4.08,NA,4.08,0.014,158.199,NA
136,2,3,645.833,1084.091,11100.356,2,19,7.81,7.197,NA,3.731,0.012,-156.038,45.764
137,2,4,643.939,1079.545,11400.365,2,34,12.735,10.164,NA,4.924,0.016,-112.62,43.418
138,2,5,643.939,1079.545,11700.375,2,26,12.735,10.164,NA,0,0,0,112.62
139,2,6,638.636,1079.545,12000.385,2,28,18.038,15.095,NA,5.303,0.018,180,180
140,2,7,646.97,1081.818,12300.394,2,31,26.675,6.473,NA,8.638,0.029,15.255,-164.745
141,2,8,651.515,1087.879,12600.404,2,45,34.251,4.08,NA,7.576,0.025,53.13,37.875
142,2,9,651.515,1090.53,12900.413,2,35,36.903,6.615,NA,2.652,0.009,90,36.87
143,2,10,651.515,1090.53,13200.423,2,81,36.903,6.615,NA,0,0,0,-90
144,2,11,654.924,1090.53,13500.433,2,82,40.312,6.712,NA,3.409,0.011,0,0
145,2,12,654.924,1093.182,13800.442,2,60,42.963,9.286,NA,2.652,0.009,90,90
146,2,13,654.924,1093.182,14100.452,2,71,42.963,9.286,NA,0,0,0,-90
147,2,14,653.03,1096.591,14400.461,2,77,46.863,12.5,NA,3.9,0.013,119.055,119.055
148,2,15,653.03,1096.591,14700.471,2,110,46.863,12.5,NA,0,0,0,-119.055
149,2,16,654.167,1096.591,15000.481,2,33,47.999,12.552,NA,1.136,0.004,0,0
150,2,17,651.515,1096.591,15300.49,2,34,50.651,12.591,NA,2.652,0.009,180,180
151,2,18,646.97,1092.045,15600.5,2,54,57.079,10,NA,6.428,0.021,-135,45
152,2,19,642.424,1088.258,15900.509,2,72,62.996,11.395,NA,5.917,0.02,-140.194,-5.194
153,2,20,640.53,1085.227,16200.519,2,80,66.569,12.552,NA,3.573,0.012,-122.005,18.189
154,2,21,640.53,1075.758,16500.529,2,65,76.039,15.023,NA,9.47,0.032,-90,32.005
155,2,22,640.53,1075.758,16800.538,2,48,76.039,15.023,NA,0,0,0,90
156,2,23,633.333,1075.758,17100.548,2,59,83.236,21.387,NA,7.197,0.024,180,180
157,2,24,628.788,1075.758,17400.558,2,67,87.782,25.635,NA,4.545,0.015,180,0
158,2,25,628.788,1069.318,17700.567,2,37,94.221,28.389,NA,6.439,0.021,-90,90
159,2,26,635.985,1069.318,18000.577,2,29,101.418,22.556,NA,7.197,0.024,0,90
160,2,27,635.985,1074.242,18300.586,2,8,106.342,19.686,NA,4.924,0.016,90,90
161,2,28,644.318,1075.758,18600.596,2,19,114.812,12.056,NA,8.47,0.028,10.305,-79.695
162,2,29,644.318,1076.136,18900.606,2,41,115.191,11.797,NA,0.379,0.001,90,79.695
163,2,30,644.318,1078.788,19200.615,2,80,117.842,10.199,NA,2.652,0.009,90,0
164,2,31,652.652,1084.091,19500.625,2,48,127.72,0.379,NA,9.878,0.033,32.471,-57.529
165,2,32,657.197,1084.091,19800.634,2,46,132.265,4.167,NA,4.545,0.015,0,-32.471
166,2,33,657.955,1090.909,20100.644,2,49,139.126,8.41,NA,6.86,0.023,83.66,83.66
167,2,34,657.955,1090.909,20400.654,2,62,139.126,8.41,NA,0,0,0,-83.66
168,2,35,657.955,1084.848,20700.663,2,54,145.186,4.982,NA,6.061,0.02,-90,-90
169,2,36,657.955,1084.848,21000.673,2,56,145.186,4.982,NA,0,0,0,90
170,2,37,659.848,1082.955,21300.683,2,46,147.865,6.912,NA,2.678,0.009,-45,-45
171,2,38,657.955,1082.955,21600.692,2,60,149.759,5.054,NA,1.894,0.006,180,-135
172,2,39,660.606,1082.576,21900.702,2,19,152.437,7.726,NA,2.678,0.009,-8.13,171.87
173,2,40,660.606,1084.848,22200.711,2,37,154.71,7.614,NA,2.273,0.008,90,98.13
174,2,41,664.015,1084.848,22500.721,2,49,158.119,11.011,NA,3.409,0.011,0,-90
175,2,42,664.394,1083.712,22800.731,2,45,159.317,11.37,NA,1.198,0.004,-71.565,-71.565
176,2,43,665.152,1081.061,23100.74,2,34,162.074,12.494,NA,2.758,0.009,-74.055,-2.49
177,2,44,666.288,1081.061,23400.75,2,28,163.211,13.599,NA,1.136,0.004,0,74.055
178,2,45,666.288,1087.121,23700.759,2,97,169.271,13.599,NA,6.061,0.02,90,90
179,2,46,667.803,1086.742,24000.769,2,68,170.833,15.009,NA,1.562,0.005,-14.036,-104.036
180,2,47,669.318,1079.167,24300.779,2,60,178.559,17.016,NA,7.726,0.026,-78.69,-64.654
181,2,48,669.318,1079.167,24600.788,2,74,178.559,17.016,NA,0,0,0,78.69
182,2,49,672.727,1075,24900.798,2,33,183.942,21.694,NA,5.384,0.018,-50.711,-50.711
183,2,50,673.864,1075,25200.807,2,51,185.079,22.73,NA,1.136,0.004,0,50.711
184,2,51,674.621,1076.515,25500.817,2,33,186.773,22.881,NA,1.694,0.006,63.435,63.435
185,2,52,674.621,1076.515,25800.827,2,29,186.773,22.881,NA,0,0,0,-63.435
186,2,53,676.894,1081.439,26100.836,2,39,192.196,24.01,NA,5.423,0.018,65.225,65.225
187,2,54,670.455,1078.409,26400.846,2,29,199.313,18.327,NA,7.117,0.024,-154.799,139.976
188,2,55,670.076,1075,26700.856,2,34,202.743,19.318,NA,3.43,0.011,-96.34,58.459
189,2,56,670.076,1065.152,27000.865,2,16,212.592,25.48,NA,9.848,0.033,-90,6.34
190,2,57,670.076,1065.53,27300.875,2,36,212.97,25.2,NA,0.379,0.001,90,180
191,2,58,670.076,1075,27600.884,2,31,222.44,19.318,NA,9.47,0.032,90,0
192,2,59,662.5,1076.515,27900.894,2,58,230.166,12.127,NA,7.726,0.026,168.69,78.69
193,2,60,662.5,1076.515,28200.904,2,73,230.166,12.127,NA,0,0,0,-168.69
194,2,61,662.5,1076.515,28500.913,2,50,230.166,12.127,NA,0,0,0,0
195,2,62,662.5,1076.515,28800.923,2,26,230.166,12.127,NA,0,0,0,0
196,2,63,658.712,1076.515,29100.932,2,25,233.954,9.47,NA,3.788,0.013,180,180
197,2,64,658.712,1077.652,29400.942,2,19,235.09,8.588,NA,1.136,0.004,90,-90
198,2,65,658.712,1085.985,29700.952,2,63,243.423,5.989,NA,8.333,0.028,90,0
199,2,66,658.712,1088.636,30000.961,2,38,246.075,7.276,NA,2.652,0.009,90,0
200,2,67,658.712,1088.636,30300.971,2,41,246.075,7.276,NA,0,0,0,-90
201,2,68,653.03,1083.333,30600.981,2,64,253.847,0.758,NA,7.772,0.026,-136.975,-136.975
202,2,69,656.439,1083.333,30900.99,2,43,257.256,3.492,NA,3.409,0.011,0,136.975
203,2,70,661.364,1086.742,31201,2,71,263.245,8.745,NA,5.989,0.02,34.695,34.695
204,2,71,665.53,1091.667,31501.009,2,43,269.696,14.617,NA,6.451,0.022,49.764,15.068
205,2,72,665.909,1089.773,31801.019,2,76,271.627,14.076,NA,1.931,0.006,-78.69,-128.454
206,2,73,668.939,1089.773,32101.029,2,31,274.657,16.893,NA,3.03,0.01,0,78.69
207,2,74,668.939,1096.97,32401.038,2,89,281.854,20.469,NA,7.197,0.024,90,90
208,2,75,668.939,1096.97,32701.048,2,46,281.854,20.469,NA,0,0,0,-90
209,2,76,668.939,1096.97,33001.057,2,36,281.854,20.469,NA,0,0,0,0
210,2,77,668.939,1096.97,33301.067,2,28,281.854,20.469,NA,0,0,0,0
211,2,78,665.152,1089.394,33601.077,2,75,290.324,13.23,NA,8.47,0.028,-116.565,-116.565
212,2,79,665.152,1089.394,33901.086,2,65,290.324,13.23,NA,0,0,0,116.565
213,2,80,671.591,1091.288,34201.096,2,64,297.037,19.907,NA,6.712,0.022,16.39,16.39
214,2,81,671.591,1092.045,34501.105,2,23,297.794,20.193,NA,0.758,0.003,90,73.61
215,2,82,668.561,1093.182,34801.115,2,55,301.031,17.995,NA,3.236,0.011,159.444,69.444
216,2,83,668.561,1103.03,35101.125,2,26,310.879,24.493,NA,9.848,0.033,90,-69.444
217,2,84,668.561,1103.03,35401.134,2,66,310.879,24.493,NA,0,0,0,-90
218,2,85,664.015,1103.03,35701.144,2,116,315.424,21.894,NA,4.545,0.015,180,180
219,2,86,663.636,1100.379,36001.154,2,46,318.103,19.437,NA,2.678,0.009,-98.13,81.87
220,2,87,666.667,1099.621,36301.163,2,53,321.226,20.667,NA,3.124,0.01,-14.036,84.094
221,2,88,666.667,1099.621,36601.173,2,52,321.226,20.667,NA,0,0,0,14.036
222,2,89,661.364,1099.242,36901.182,2,21,326.543,17.292,NA,5.317,0.018,-175.914,-175.914
223,2,90,661.364,1095.455,37201.192,2,12,330.331,14.092,NA,3.788,0.013,-90,85.914
224,2,91,666.667,1085.227,37501.202,2,33,341.851,13.684,NA,11.52,0.038,-62.592,27.408
225,2,92,669.318,1080.682,37801.211,2,77,347.114,16.641,NA,5.262,0.018,-59.744,2.849
226,2,93,667.803,1071.591,38101.221,2,46,356.33,19.352,NA,9.216,0.031,-99.462,-39.719
227,3,1,743.561,1096.212,9900.317,2,37,0,0,NA,NA,NA,NA,NA
228,3,2,743.561,1100.379,10200.327,2,29,4.167,4.167,NA,4.167,0.014,90,NA
229,3,3,743.561,1100.379,10500.336,2,10,4.167,4.167,NA,0,0,0,-90
230,3,4,740.909,1100.379,10800.346,2,15,6.818,4.939,NA,2.652,0.009,180,180
231,3,5,740.909,1103.03,11100.356,2,50,9.47,7.316,NA,2.652,0.009,90,-90
232,3,6,740.909,1106.818,11400.365,2,45,13.258,10.932,NA,3.788,0.013,90,0
233,3,7,740.909,1107.576,11700.375,2,83,14.015,11.669,NA,0.758,0.003,90,0
234,3,8,742.045,1107.576,12000.385,2,54,15.152,11.464,NA,1.136,0.004,0,-90
235,3,9,744.697,1110.227,12300.394,2,33,18.901,14.061,NA,3.75,0.012,45,45
236,3,10,749.242,1116.288,12600.404,2,35,26.477,20.864,NA,7.576,0.025,53.13,8.13
237,3,11,753.409,1116.667,12900.413,2,25,30.661,22.702,NA,4.184,0.014,5.194,-47.936
238,3,12,754.545,1118.939,13200.423,2,38,33.202,25.243,NA,2.541,0.008,63.435,58.241
239,3,13,754.545,1120.076,13500.433,2,36,34.338,26.271,NA,1.136,0.004,90,26.565
240,3,14,754.545,1126.515,13800.442,2,48,40.778,32.233,NA,6.439,0.021,90,0
241,3,15,754.545,1126.515,14100.452,2,82,40.778,32.233,NA,0,0,0,-90
242,3,16,760.227,1130.682,14400.461,2,152,47.824,38.288,NA,7.046,0.023,36.254,36.254
243,3,17,760.227,1130.682,14700.471,2,91,47.824,38.288,NA,0,0,0,-36.254
244,3,18,760.227,1130.682,15000.481,2,120,47.824,38.288,NA,0,0,0,0
245,3,19,760.227,1130.682,15300.49,2,60,47.824,38.288,NA,0,0,0,0
246,3,20,760.227,1120.076,15600.5,2,68,58.43,29.108,NA,10.606,0.035,-90,-90
247,3,21,763.258,1115.53,15900.509,2,45,63.893,27.589,NA,5.463,0.018,-56.31,33.69
248,3,22,765.53,1115.53,16200.519,2,49,66.165,29.255,NA,2.273,0.008,0,56.31
249,3,23,770.833,1117.045,16500.529,2,89,71.681,34.32,NA,5.515,0.018,15.945,15.945
250,3,24,770.833,1117.045,16800.538,2,61,71.681,34.32,NA,0,0,0,-15.945
251,3,25,774.621,1122.348,17100.548,2,54,78.197,40.594,NA,6.517,0.022,54.462,54.462
252,3,26,782.576,1122.348,17400.558,2,33,86.152,46.961,NA,7.955,0.027,0,-54.462
253,3,27,785.985,1119.697,17700.567,2,3,90.471,48.491,NA,4.319,0.014,-37.875,-37.875
254,3,28,800,1109.47,18000.577,2,8,107.821,57.976,NA,17.35,0.058,-36.119,1.756
255,3,29,800,1102.652,18300.586,2,56,114.639,56.806,NA,6.818,0.023,-90,-53.881
256,3,30,796.591,1102.652,18600.596,2,37,118.048,53.42,NA,3.409,0.011,180,-90
257,3,31,793.939,1101.515,18900.606,2,91,120.933,50.657,NA,2.885,0.01,-156.801,23.199
258,3,32,792.803,1096.591,19200.615,2,45,125.986,49.244,NA,5.054,0.017,-102.995,53.807
259,3,33,783.712,1095.455,19500.625,2,44,135.148,40.159,NA,9.162,0.031,-172.875,-69.88
260,3,34,780.682,1092.803,19800.634,2,25,139.175,37.277,NA,4.027,0.013,-138.814,34.061
261,3,35,780.682,1085.227,20100.644,2,10,146.75,38.712,NA,7.576,0.025,-90,48.814
262,3,36,778.788,1081.061,20400.654,2,8,151.327,38.347,NA,4.577,0.015,-114.444,-24.444
263,3,37,760.227,1075,20700.663,2,24,170.852,26.977,NA,19.525,0.065,-161.917,-47.473
264,3,38,758.712,1068.939,21000.673,2,32,177.1,31.199,NA,6.247,0.021,-104.036,57.88
265,3,39,758.712,1068.939,21300.683,2,30,177.1,31.199,NA,0,0,0,104.036
266,3,40,758.712,1068.939,21600.692,2,23,177.1,31.199,NA,0,0,0,0
267,3,41,767.803,1080.682,21900.702,2,18,191.95,28.79,NA,14.85,0.049,52.253,52.253
268,3,42,767.803,1085.606,22200.711,2,28,196.874,26.461,NA,4.924,0.016,90,37.747
269,3,43,767.803,1085.606,22500.721,2,13,196.874,26.461,NA,0,0,0,-90
270,3,44,767.803,1088.258,22800.731,2,34,199.526,25.514,NA,2.652,0.009,90,90
271,3,45,773.106,1084.848,23100.74,2,23,205.83,31.655,NA,6.304,0.021,-32.735,-122.735
272,3,46,774.242,1083.333,23400.75,2,13,207.724,33.275,NA,1.894,0.006,-53.13,-20.395
273,3,47,778.03,1070.076,23700.759,2,4,221.512,43.258,NA,13.788,0.046,-74.055,-20.925
274,3,48,796.591,1098.485,24000.769,2,36,255.447,53.079,NA,33.935,0.113,56.842,130.897
275,3,49,800,1098.485,24300.779,2,74,258.856,56.485,NA,3.409,0.011,0,-56.842
276,3,50,803.788,1098.485,24600.788,2,56,262.644,60.27,NA,3.788,0.013,0,0
277,3,51,803.788,1101.515,24900.798,2,72,265.674,60.46,NA,3.03,0.01,90,90
278,3,52,803.788,1101.515,25200.807,2,63,265.674,60.46,NA,0,0,0,-90
279,3,53,803.788,1102.652,25500.817,2,67,266.81,60.571,NA,1.136,0.004,90,90
280,3,54,798.106,1104.924,25800.827,2,75,272.93,55.237,NA,6.12,0.02,158.199,68.199
281,3,55,798.106,1104.924,26100.836,2,91,272.93,55.237,NA,0,0,0,-158.199
282,3,56,793.561,1104.924,26400.846,2,67,277.475,50.753,NA,4.545,0.015,180,180
283,3,57,790.152,1104.924,26700.856,2,56,280.884,47.398,NA,3.409,0.011,180,0
284,3,58,790.909,1103.788,27000.865,2,53,282.25,47.951,NA,1.366,0.005,-56.31,123.69
285,3,59,790.909,1093.561,27300.875,2,37,292.477,47.423,NA,10.227,0.034,-90,-33.69
286,3,60,790.909,1087.879,27600.884,2,53,298.159,48.076,NA,5.682,0.019,-90,0
287,3,61,790.909,1077.652,27900.894,2,48,308.386,50.856,NA,10.227,0.034,-90,0
288,3,62,792.045,1072.348,28200.904,2,36,313.81,54.039,NA,5.423,0.018,-77.905,12.095
289,3,63,792.045,1083.333,28500.913,2,59,324.795,50.166,NA,10.985,0.037,90,167.905
290,3,64,792.045,1083.333,28800.923,2,56,324.795,50.166,NA,0,0,0,-90
291,3,65,792.045,1083.333,29100.932,2,40,324.795,50.166,NA,0,0,0,0
292,3,66,799.621,1083.333,29400.942,2,32,332.37,57.521,NA,7.576,0.025,0,0
293,3,67,787.5,1092.045,29700.952,2,6,347.298,44.137,NA,14.927,0.05,144.293,144.293
294,3,68,792.045,1092.424,30000.961,2,29,351.859,48.633,NA,4.561,0.015,4.764,-139.53
295,3,69,795.076,1092.424,30300.971,2,78,354.889,51.654,NA,3.03,0.01,0,-4.764
296,3,70,795.076,1092.424,30600.981,2,53,354.889,51.654,NA,0,0,0,0
297,3,71,799.242,1089.773,30900.99,2,36,359.828,56.053,NA,4.939,0.016,-32.471,-32.471
298,3,72,804.545,1081.061,31201,2,37,370.027,62.839,NA,10.199,0.034,-58.671,-26.2
299,3,73,804.545,1074.242,31501.009,2,45,376.845,64.821,NA,6.818,0.023,-90,-31.329
300,3,74,804.545,1073.864,31801.019,2,48,377.224,64.951,NA,0.379,0.001,-90,0
301,3,75,798.485,1073.485,32101.029,2,34,383.297,59.441,NA,6.072,0.02,-176.424,-86.424
302,3,76,798.106,1073.485,32401.038,2,18,383.675,59.091,NA,0.379,0.001,180,-3.576
303,3,77,798.106,1069.318,32701.048,2,47,387.842,60.815,NA,4.167,0.014,-90,90
304,4,1,774.242,1104.167,7800.25,2,21,0,0,NA,NA,NA,NA,NA
305,4,2,774.242,1104.545,8100.26,2,14,0.379,0.379,NA,0.379,0.001,90,NA
306,4,3,774.242,1110.227,8400.269,2,37,6.061,6.061,NA,5.682,0.019,90,0
307,4,4,774.242,1110.227,8700.279,2,45,6.061,6.061,NA,0,0,0,-90
308,4,5,770.076,1110.227,9000.288,2,63,10.227,7.355,NA,4.167,0.014,180,180
309,4,6,770.076,1110.227,9300.298,2,41,10.227,7.355,NA,0,0,0,-180
310,4,7,767.803,1110.227,9600.308,2,34,12.5,8.843,NA,2.273,0.008,180,180
311,4,8,767.803,1110.227,9900.317,2,33,12.5,8.843,NA,0,0,0,-180
312,4,9,767.803,1108.333,10200.327,2,19,14.394,7.67,NA,1.894,0.006,-90,-90
313,4,10,767.424,1108.333,10500.336,2,56,14.773,7.991,NA,0.379,0.001,180,-90
314,4,11,766.288,1108.333,10800.346,2,46,15.909,8.98,NA,1.136,0.004,180,0
315,4,12,766.288,1108.333,11100.356,2,106,15.909,8.98,NA,0,0,0,-180
316,4,13,768.561,1101.894,11400.365,2,35,22.738,6.12,NA,6.829,0.023,-70.56,-70.56
317,4,14,768.561,1101.894,11700.375,2,38,22.738,6.12,NA,0,0,0,70.56
318,4,15,771.591,1101.894,12000.385,2,34,25.768,3.492,NA,3.03,0.01,0,0
319,4,16,773.485,1101.894,12300.394,2,32,27.662,2.396,NA,1.894,0.006,0,0
320,4,17,773.485,1099.621,12600.404,2,39,29.935,4.608,NA,2.273,0.008,-90,-90
321,4,18,773.485,1097.727,12900.413,2,55,31.829,6.484,NA,1.894,0.006,-90,0
322,4,19,773.485,1097.727,13200.423,2,32,31.829,6.484,NA,0,0,0,90
323,4,20,773.485,1097.727,13500.433,2,50,31.829,6.484,NA,0,0,0,0
324,4,21,779.545,1100.379,13800.442,2,82,38.444,6.517,NA,6.615,0.022,23.629,23.629
325,4,22,781.818,1100.379,14100.452,2,64,40.717,8.47,NA,2.273,0.008,0,-23.629
326,4,23,782.197,1099.621,14400.461,2,47,41.564,9.162,NA,0.847,0.003,-63.435,-63.435
327,4,24,782.955,1098.864,14700.471,2,38,42.635,10.199,NA,1.071,0.004,-45,18.435
328,4,25,789.394,1093.182,15000.481,2,26,51.223,18.715,NA,8.588,0.029,-41.424,3.576
329,4,26,789.773,1090.909,15300.49,2,36,53.527,20.419,NA,2.304,0.008,-80.538,-39.114
330,4,27,791.667,1090.909,15600.5,2,60,55.421,21.894,NA,1.894,0.006,0,80.538
331,4,28,791.667,1090.909,15900.509,2,33,55.421,21.894,NA,0,0,0,0
332,4,29,791.667,1090.909,16200.519,2,45,55.421,21.894,NA,0,0,0,0
333,4,30,791.667,1090.909,16500.529,2,37,55.421,21.894,NA,0,0,0,0
334,4,31,791.667,1090.909,16800.538,2,45,55.421,21.894,NA,0,0,0,0
335,4,32,791.667,1090.909,17100.548,2,53,55.421,21.894,NA,0,0,0,0
336,4,33,787.121,1090.909,17400.558,2,26,59.966,18.483,NA,4.545,0.015,180,180
337,4,34,786.742,1090.909,17700.567,2,22,60.345,18.221,NA,0.379,0.001,180,0
338,4,35,786.742,1090.909,18000.577,2,18,60.345,18.221,NA,0,0,0,-180
339,4,36,784.848,1090.909,18300.586,2,18,62.239,16.978,NA,1.894,0.006,180,180
340,4,37,783.712,1089.394,18600.596,2,39,64.133,17.547,NA,1.894,0.006,-126.87,53.13
341,4,38,783.712,1089.394,18900.606,2,30,64.133,17.547,NA,0,0,0,126.87
342,4,39,783.712,1082.955,19200.615,2,40,70.572,23.23,NA,6.439,0.021,-90,-90
343,4,40,783.712,1081.818,19500.625,2,12,71.709,24.272,NA,1.136,0.004,-90,0
344,4,41,784.091,1079.545,19800.634,2,26,74.013,26.518,NA,2.304,0.008,-80.538,9.462
345,4,42,789.773,1076.136,20100.644,2,15,80.639,32.045,NA,6.626,0.022,-30.964,49.574
346,4,43,790.53,1075.758,20400.654,2,22,81.486,32.747,NA,0.847,0.003,-26.565,4.399
347,4,44,793.182,1075.758,20700.663,2,18,84.137,34.143,NA,2.652,0.009,0,26.565
348,4,45,797.727,1075.379,21000.673,2,38,88.699,37.152,NA,4.561,0.015,-4.764,-4.764
349,4,46,797.727,1075.379,21300.683,2,53,88.699,37.152,NA,0,0,0,4.764
350,4,47,797.727,1072.348,21600.692,2,66,91.729,39.547,NA,3.03,0.01,-90,-90
351,4,48,797.727,1069.318,21900.702,2,41,94.759,42.023,NA,3.03,0.01,-90,0
352,4,49,798.106,1066.667,22200.711,2,33,97.438,44.449,NA,2.678,0.009,-81.87,8.13
353,4,50,798.106,1065.53,22500.721,2,21,98.574,45.412,NA,1.136,0.004,-90,-8.13
354,4,51,798.106,1060.227,22800.731,2,54,103.877,50.001,NA,5.303,0.018,-90,0
355,4,52,798.106,1060.227,23100.74,2,38,103.877,50.001,NA,0,0,0,90
356,4,53,798.106,1060.227,23400.75,2,25,103.877,50.001,NA,0,0,0,0
357,4,54,798.106,1064.773,23700.759,2,57,108.422,46.058,NA,4.545,0.015,90,90
358,4,55,798.106,1070.455,24000.769,2,59,114.104,41.304,NA,5.682,0.019,90,0
359,4,56,798.106,1070.455,24300.779,2,32,114.104,41.304,NA,0,0,0,-90
360,4,57,793.939,1070.076,24600.788,2,49,118.288,39.372,NA,4.184,0.014,-174.806,-174.806
361,4,58,793.182,1070.076,24900.798,2,21,119.046,38.999,NA,0.758,0.003,180,-5.194
362,4,59,792.045,1070.076,25200.807,2,42,120.182,38.46,NA,1.136,0.004,180,0
363,4,60,788.636,1070.076,25500.817,2,44,123.591,37.005,NA,3.409,0.011,180,0
364,4,61,786.364,1070.076,25800.827,2,28,125.864,36.182,NA,2.273,0.008,180,0
365,4,62,785.606,1070.076,26100.836,2,32,126.621,35.935,NA,0.758,0.003,180,0
366,4,63,785.606,1071.591,26400.846,2,38,128.137,34.501,NA,1.515,0.005,90,-90
367,4,64,785.606,1077.273,26700.856,2,29,133.818,29.196,NA,5.682,0.019,90,0
368,4,65,785.606,1077.273,27000.865,2,25,133.818,29.196,NA,0,0,0,-90
369,4,66,785.606,1077.273,27300.875,2,27,133.818,29.196,NA,0,0,0,0
370,4,67,785.606,1077.273,27600.884,2,78,133.818,29.196,NA,0,0,0,0
371,4,68,780.303,1074.621,27900.894,2,34,139.747,30.161,NA,5.929,0.02,-153.435,-153.435
372,4,69,779.924,1073.485,28200.904,2,28,140.945,31.203,NA,1.198,0.004,-108.435,45
373,4,70,779.924,1073.485,28500.913,2,27,140.945,31.203,NA,0,0,0,108.435
374,4,71,777.652,1076.894,28800.923,2,14,145.042,27.485,NA,4.097,0.014,123.69,123.69
375,4,72,774.242,1082.576,29100.932,2,58,151.668,21.591,NA,6.626,0.022,120.964,-2.726
376,4,73,777.273,1085.985,29400.942,2,46,156.23,18.433,NA,4.561,0.015,48.366,-72.597
377,4,74,782.197,1084.091,29700.952,2,25,161.506,21.594,NA,5.276,0.018,-21.038,-69.404
378,4,75,778.409,1086.364,30000.961,2,39,165.923,18.284,NA,4.417,0.015,149.036,170.074
379,4,76,778.409,1086.364,30300.971,2,53,165.923,18.284,NA,0,0,0,-149.036
380,4,77,778.788,1086.364,30600.981,2,42,166.302,18.374,NA,0.379,0.001,0,0
381,4,78,783.712,1086.364,30900.99,2,63,171.226,20.165,NA,4.924,0.016,0,0
382,4,79,783.712,1087.121,31201,2,64,171.984,19.499,NA,0.758,0.003,90,90
383,4,80,783.712,1087.121,31501.009,2,82,171.984,19.499,NA,0,0,0,-90
384,4,81,783.712,1087.121,31801.019,2,31,171.984,19.499,NA,0,0,0,0
385,4,82,783.712,1090.53,32101.029,2,67,175.393,16.602,NA,3.409,0.011,90,90
386,4,83,783.712,1090.53,32401.038,2,77,175.393,16.602,NA,0,0,0,-90
387,4,84,783.712,1090.53,32701.048,2,64,175.393,16.602,NA,0,0,0,0
388,4,85,783.712,1090.53,33001.057,2,34,175.393,16.602,NA,0,0,0,0
389,4,86,781.818,1091.667,33301.067,2,24,177.601,14.617,NA,2.209,0.007,149.036,149.036
390,4,87,793.939,1096.591,33601.077,2,72,190.685,21.104,NA,13.083,0.044,22.109,-126.927
391,4,88,793.939,1096.591,33901.086,2,44,190.685,21.104,NA,0,0,0,-22.109
392,4,89,795.076,1099.621,34201.096,2,95,193.921,21.323,NA,3.236,0.011,69.444,69.444
393,4,90,795.076,1099.621,34501.105,2,43,193.921,21.323,NA,0,0,0,-69.444
394,4,91,795.076,1099.242,34801.115,2,59,194.3,21.407,NA,0.379,0.001,-90,-90
395,4,92,795.833,1095.076,35101.125,2,37,198.535,23.427,NA,4.235,0.014,-79.695,10.305
396,4,93,793.939,1095.076,35401.134,2,86,200.429,21.694,NA,1.894,0.006,180,-100.305
397,4,94,793.939,1095.076,35701.144,2,44,200.429,21.694,NA,0,0,0,-180
398,4,95,793.939,1095.076,36001.154,2,91,200.429,21.694,NA,0,0,0,0
399,4,96,793.939,1096.97,36301.163,2,65,202.323,20.971,NA,1.894,0.006,90,90
400,4,97,790.53,1101.894,36601.173,2,33,208.312,16.446,NA,5.989,0.02,124.695,34.695
401,4,98,784.091,1101.894,36901.182,2,62,214.751,10.107,NA,6.439,0.021,180,55.305
402,4,99,779.924,1099.242,37201.192,2,45,219.69,7.519,NA,4.939,0.016,-147.529,32.471
403,4,100,776.894,1091.288,37501.202,2,83,228.202,13.149,NA,8.512,0.028,-110.854,36.674
404,4,101,769.318,1093.182,37801.211,2,94,236.011,12.038,NA,7.809,0.026,165.964,-83.182
405,4,102,762.879,1096.591,38101.221,2,82,243.297,13.657,NA,7.286,0.024,152.103,-13.861
406,4,103,762.121,1098.106,38401.23,2,122,244.991,13.552,NA,1.694,0.006,116.565,-35.538
407,4,104,762.121,1098.106,38701.24,2,83,244.991,13.552,NA,0,0,0,-116.565
408,4,105,760.606,1102.652,39001.25,2,48,249.783,13.72,NA,4.791,0.016,108.435,108.435
409,4,106,760.606,1102.652,39301.259,2,36,249.783,13.72,NA,0,0,0,-108.435
410,4,107,760.606,1108.333,39601.269,2,62,255.464,14.259,NA,5.682,0.019,90,90
411,4,108,763.636,1112.121,39901.279,2,73,260.315,13.258,NA,4.851,0.016,51.34,-38.66
412,4,109,763.636,1112.879,40201.288,2,100,261.073,13.726,NA,0.758,0.003,90,38.66
413,4,110,763.636,1118.182,40501.298,2,83,266.376,17.576,NA,5.303,0.018,90,0
414,4,111,763.636,1120.455,40801.307,2,86,268.649,19.437,NA,2.273,0.008,90,0
415,4,112,763.636,1120.455,41101.317,2,67,268.649,19.437,NA,0,0,0,-90
416,4,113,763.636,1128.03,41401.327,2,79,276.224,26.114,NA,7.576,0.025,90,90
417,4,114,764.015,1128.03,41701.336,2,74,276.603,25.963,NA,0.379,0.001,0,-90
418,4,115,764.015,1140.53,42001.346,2,3,289.103,37.774,NA,12.5,0.042,90,90
419,4,116,764.015,1164.394,42301.355,2,107,312.967,61.089,NA,23.864,0.08,90,0
420,4,117,765.152,1169.697,42601.365,2,56,318.39,66.158,NA,5.423,0.018,77.905,-12.095
421,4,118,765.152,1170.076,42901.375,2,96,318.769,66.533,NA,0.379,0.001,90,12.095
422,4,119,765.152,1175.758,43201.384,2,115,324.451,72.166,NA,5.682,0.019,90,0
423,4,120,764.015,1184.091,43501.394,2,54,332.861,80.576,NA,8.41,0.028,97.765,7.765
424,4,121,757.955,1185.227,43801.404,2,94,339.027,82.681,NA,6.166,0.021,169.38,71.615
425,4,122,761.742,1199.242,44101.413,2,35,353.545,95.894,NA,14.518,0.048,74.876,-94.504
426,4,123,767.424,1210.227,44401.423,2,87,365.913,106.28,NA,12.367,0.041,62.65,-12.226
427,4,124,764.015,1229.545,44701.432,2,51,385.529,125.795,NA,19.617,0.065,100.008,37.358
428,4,125,763.636,1239.394,45001.442,2,150,395.385,135.643,NA,9.856,0.033,92.203,-7.805
429,4,126,775,1256.061,45301.452,2,89,415.557,151.896,NA,20.172,0.067,55.713,-36.489
430,4,127,775.379,1271.97,45601.461,2,168,431.471,167.807,NA,15.914,0.053,88.636,32.923
431,4,128,777.273,1282.576,45901.471,2,100,442.245,178.435,NA,10.774,0.036,79.875,-8.761
432,5,1,790.152,1111.742,24300.779,2,119,0,0,NA,NA,NA,NA,NA
433,5,2,790.152,1119.697,24600.788,2,68,7.955,7.955,NA,7.955,0.027,90,NA
434,5,3,795.455,1127.273,24900.798,2,53,17.202,16.411,NA,9.247,0.031,55.008,-34.992
435,5,4,799.242,1130.303,25200.807,2,52,22.053,20.667,NA,4.851,0.016,38.66,-16.348
436,5,5,799.621,1130.303,25500.817,2,26,22.432,20.837,NA,0.379,0.001,0,-38.66
437,5,6,799.621,1140.53,25800.827,2,53,32.659,30.305,NA,10.227,0.034,90,90
438,5,7,799.621,1147.348,26100.836,2,53,39.477,36.844,NA,6.818,0.023,90,0
439,5,8,804.545,1153.788,26400.846,2,43,47.583,44.441,NA,8.106,0.027,52.595,-37.405
440,5,9,814.394,1153.788,26700.856,2,38,57.432,48.534,NA,9.848,0.033,0,-52.595
441,5,10,833.333,1153.788,27000.865,2,61,76.371,60.27,NA,18.939,0.063,0,0
442,5,11,844.697,1157.197,27300.875,2,68,88.235,71.002,NA,11.864,0.04,16.699,16.699
443,5,12,853.788,1161.742,27600.884,2,152,98.399,80.93,NA,10.164,0.034,26.565,9.866
444,5,13,853.788,1171.591,27900.894,2,44,108.248,87.358,NA,9.848,0.033,90,63.435
445,5,14,858.333,1181.439,28200.904,2,97,119.095,97.501,NA,10.847,0.036,65.225,-24.775
446,5,15,858.333,1187.879,28500.913,2,122,125.534,102.203,NA,6.439,0.021,90,24.775
447,5,16,860.606,1197.348,28800.923,2,184,135.273,110.87,NA,9.739,0.032,76.504,-13.496
448,5,17,852.652,1195.455,29100.932,2,100,143.449,104.47,NA,8.177,0.027,-166.608,116.888
449,5,18,856.439,1195.076,29400.942,2,151,147.256,106.483,NA,3.807,0.013,-5.711,160.897
450,5,19,856.439,1195.076,29700.952,2,96,147.256,106.483,NA,0,0,0,5.711
451,5,20,856.439,1195.076,30000.961,2,41,147.256,106.483,NA,0,0,0,0
452,5,21,862.121,1200.379,30300.971,2,104,155.028,114.175,NA,7.772,0.026,43.025,43.025
453,5,22,879.545,1200.379,30600.981,2,37,172.453,125.888,NA,17.424,0.058,0,-43.025
454,5,23,879.924,1200.379,30900.99,2,112,172.831,126.157,NA,0.379,0.001,0,0
455,5,24,879.924,1187.879,31201,2,113,185.331,117.711,NA,12.5,0.042,-90,-90
456,5,25,875,1181.818,31501.009,2,57,193.14,110.045,NA,7.809,0.026,-129.094,-39.094
457,5,26,878.409,1187.879,31801.019,2,76,200.094,116.56,NA,6.954,0.023,60.642,-170.264
458,5,27,876.136,1191.288,32101.029,2,53,204.191,117.136,NA,4.097,0.014,123.69,63.048
459,5,28,885.227,1201.515,32401.038,2,141,217.875,130.761,NA,13.684,0.046,48.366,-75.324
460,5,29,885.227,1204.924,32701.048,2,101,221.284,133.125,NA,3.409,0.011,90,41.634
461,5,30,867.803,1202.273,33001.057,2,100,238.909,119.271,NA,17.625,0.059,-171.347,98.653
462,5,31,864.773,1195.833,33301.067,2,187,246.025,112.426,NA,7.117,0.024,-115.201,56.146
463,5,32,864.394,1192.045,33601.077,2,91,249.832,109.364,NA,3.807,0.013,-95.711,19.491
464,5,33,851.894,1188.636,33901.086,2,123,262.789,98.614,NA,12.957,0.043,-164.745,-69.034
465,5,34,843.939,1188.636,34201.096,2,176,270.743,93.839,NA,7.955,0.027,180,-15.255
466,5,35,843.939,1197.348,34501.105,2,119,279.455,101.102,NA,8.712,0.029,90,-90
467,5,36,839.015,1199.242,34801.115,2,118,284.731,100.219,NA,5.276,0.018,158.962,68.962
468,5,37,839.015,1199.242,35101.125,2,91,284.731,100.219,NA,0,0,0,-158.962
469,5,38,831.439,1203.409,35401.134,2,52,293.377,100.536,NA,8.646,0.029,151.189,151.189
470,5,39,831.439,1229.545,35701.144,2,47,319.514,124.829,NA,26.136,0.087,90,-61.189
471,5,40,829.924,1247.727,36001.154,2,15,337.759,141.682,NA,18.245,0.061,94.764,4.764
472,5,41,843.939,1267.045,36301.163,2,56,361.625,164.354,NA,23.867,0.08,54.039,-40.724
473,6,1,877.273,1053.409,14400.461,2,21,0,0,NA,NA,NA,NA,NA
474,6,2,877.273,1056.061,14700.471,2,32,2.652,2.652,NA,2.652,0.009,90,NA
475,6,3,877.273,1056.439,15000.481,2,24,3.03,3.03,NA,0.379,0.001,90,0
476,6,4,877.273,1059.091,15300.49,2,18,5.682,5.682,NA,2.652,0.009,90,0
477,6,5,877.273,1059.091,15600.5,2,36,5.682,5.682,NA,0,0,0,-90
478,6,6,876.515,1060.227,15900.509,2,29,7.048,6.86,NA,1.366,0.005,123.69,123.69
479,6,7,874.621,1061.364,16200.519,2,22,9.256,8.385,NA,2.209,0.007,149.036,25.346
480,6,8,874.621,1062.879,16500.529,2,33,10.771,9.834,NA,1.515,0.005,90,-59.036
481,6,9,874.621,1067.045,16800.538,2,59,14.938,13.892,NA,4.167,0.014,90,0
482,6,10,873.485,1067.045,17100.548,2,20,16.074,14.153,NA,1.136,0.004,180,90
483,6,11,870.076,1067.045,17400.558,2,41,19.484,15.419,NA,3.409,0.011,180,0
484,6,12,870.076,1067.045,17700.567,2,35,19.484,15.419,NA,0,0,0,-180
485,6,13,870.076,1067.045,18000.577,2,35,19.484,15.419,NA,0,0,0,0
486,6,14,870.076,1067.045,18300.586,2,37,19.484,15.419,NA,0,0,0,0
487,6,15,870.076,1067.045,18600.596,2,47,19.484,15.419,NA,0,0,0,0
488,6,16,870.076,1067.045,18900.606,2,27,19.484,15.419,NA,0,0,0,0
489,6,17,873.864,1063.258,19200.615,2,29,24.84,10.422,NA,5.357,0.018,-45,-45
490,6,18,875,1059.848,19500.625,2,45,28.434,6.829,NA,3.593,0.012,-71.565,-26.565
491,6,19,876.136,1064.394,19800.634,2,36,33.119,11.043,NA,4.685,0.016,75.964,147.529
492,6,20,878.788,1067.424,20100.644,2,58,37.146,14.097,NA,4.027,0.013,48.814,-27.15
493,6,21,881.061,1071.212,20400.654,2,40,41.563,18.202,NA,4.417,0.015,59.036,10.222
494,6,22,881.061,1071.212,20700.663,2,32,41.563,18.202,NA,0,0,0,-59.036
495,6,23,876.515,1073.106,21000.673,2,32,46.487,19.712,NA,4.924,0.016,157.38,157.38
496,6,24,876.515,1070.833,21300.683,2,19,48.76,17.441,NA,2.273,0.008,-90,112.62
497,6,25,876.515,1065.152,21600.692,2,11,54.442,11.767,NA,5.682,0.019,-90,0
498,6,26,876.515,1065.152,21900.702,2,19,54.442,11.767,NA,0,0,0,90
499,6,27,876.515,1065.152,22200.711,2,23,54.442,11.767,NA,0,0,0,0
500,6,28,876.515,1065.152,22500.721,2,21,54.442,11.767,NA,0,0,0,0
501,6,29,880.682,1065.152,22800.731,2,45,58.609,12.227,NA,4.167,0.014,0,0
502,6,30,881.061,1069.318,23100.74,2,31,62.792,16.354,NA,4.184,0.014,84.806,84.806
503,6,31,881.061,1076.136,23400.75,2,35,69.611,23.041,NA,6.818,0.023,90,5.194
504,6,32,881.061,1078.03,23700.759,2,27,71.505,24.911,NA,1.894,0.006,90,0
505,6,33,883.712,1080.303,24000.769,2,42,74.997,27.654,NA,3.492,0.012,40.601,-49.399
506,6,34,883.712,1080.682,24300.779,2,35,75.376,28.023,NA,0.379,0.001,90,49.399
507,6,35,888.636,1084.848,24600.788,2,46,81.826,33.43,NA,6.451,0.022,40.236,-49.764
508,6,36,888.636,1084.848,24900.798,2,40,81.826,33.43,NA,0,0,0,-40.236
509,6,37,890.53,1091.667,25200.807,2,67,88.903,40.49,NA,7.076,0.024,74.476,74.476
510,6,38,890.53,1095.076,25500.817,2,25,92.312,43.725,NA,3.409,0.011,90,15.524
511,6,39,890.909,1097.348,25800.827,2,39,94.616,46.007,NA,2.304,0.008,80.538,-9.462
512,6,40,890.909,1097.348,26100.836,2,71,94.616,46.007,NA,0,0,0,-80.538
513,6,41,896.212,1097.348,26400.846,2,56,99.919,47.847,NA,5.303,0.018,0,0
514,6,42,896.212,1097.348,26700.856,2,32,99.919,47.847,NA,0,0,0,0
515,6,43,899.621,1097.348,27000.865,2,47,103.328,49.296,NA,3.409,0.011,0,0
516,6,44,899.621,1097.348,27300.875,2,43,103.328,49.296,NA,0,0,0,0
517,6,45,899.621,1092.045,27600.884,2,56,108.631,44.634,NA,5.303,0.018,-90,-90
518,6,46,899.621,1092.045,27900.894,2,43,108.631,44.634,NA,0,0,0,90
519,6,47,895.833,1091.288,28200.904,2,42,112.494,42.182,NA,3.863,0.013,-168.69,-168.69
520,6,48,892.045,1091.288,28500.913,2,45,116.282,40.658,NA,3.788,0.013,180,-11.31
521,6,49,892.045,1090.909,28800.923,2,68,116.66,40.305,NA,0.379,0.001,-90,90
522,6,50,893.939,1090.909,29100.932,2,57,118.554,41.037,NA,1.894,0.006,0,90
523,6,51,893.939,1085.606,29400.942,2,30,123.857,36.255,NA,5.303,0.018,-90,-90
524,6,52,893.939,1085.606,29700.952,2,45,123.857,36.255,NA,0,0,0,90
525,6,53,892.803,1086.742,30000.961,2,63,125.464,36.774,NA,1.607,0.005,135,135
526,6,54,888.636,1100.758,30300.971,2,40,140.086,48.693,NA,14.621,0.049,106.557,-28.443
527,6,55,894.318,1103.409,30600.981,2,27,146.356,52.826,NA,6.27,0.021,25.017,-81.54
528,6,56,894.318,1104.924,30900.99,2,37,147.871,54.262,NA,1.515,0.005,90,64.983
529,6,57,894.318,1104.924,31201,2,75,147.871,54.262,NA,0,0,0,-90
530,6,58,894.318,1104.924,31501.009,2,26,147.871,54.262,NA,0,0,0,0
531,6,59,894.318,1101.515,31801.019,2,60,151.28,51.037,NA,3.409,0.011,-90,-90
532,6,60,894.318,1101.515,32101.029,2,69,151.28,51.037,NA,0,0,0,90
533,6,61,894.318,1101.515,32401.038,2,55,151.28,51.037,NA,0,0,0,0
534,6,62,894.318,1101.515,32701.048,2,89,151.28,51.037,NA,0,0,0,0
535,6,63,894.318,1101.515,33001.057,2,42,151.28,51.037,NA,0,0,0,0
536,6,64,894.318,1101.515,33301.067,2,43,151.28,51.037,NA,0,0,0,0
537,6,65,894.318,1101.515,33601.077,2,70,151.28,51.037,NA,0,0,0,0
538,6,66,889.015,1101.515,33901.086,2,42,156.583,49.518,NA,5.303,0.018,180,180
539,6,67,881.818,1099.621,34201.096,2,43,164.025,46.435,NA,7.442,0.025,-165.256,14.744
540,6,68,881.818,1099.621,34501.105,2,69,164.025,46.435,NA,0,0,0,165.256
541,6,69,886.364,1093.561,34801.115,2,54,171.601,41.168,NA,7.576,0.025,-53.13,-53.13
542,6,70,886.364,1093.561,35101.125,2,23,171.601,41.168,NA,0,0,0,53.13
543,6,71,889.015,1091.288,35401.134,2,36,175.093,39.657,NA,3.492,0.012,-40.601,-40.601
544,6,72,890.53,1092.045,35701.144,2,22,176.787,40.848,NA,1.694,0.006,26.565,67.166
545,6,73,894.318,1092.045,36001.154,2,59,180.575,42.229,NA,3.788,0.013,0,-26.565
546,6,74,896.212,1090.53,36301.163,2,30,183,41.674,NA,2.425,0.008,-38.66,-38.66
547,6,75,899.242,1089.394,36601.173,2,25,186.237,42.161,NA,3.236,0.011,-20.556,18.104
548,6,76,899.242,1089.394,36901.182,2,64,186.237,42.161,NA,0,0,0,20.556
549,6,77,903.409,1089.394,37201.192,2,33,190.404,44.475,NA,4.167,0.014,0,0
550,6,78,903.409,1089.394,37501.202,2,40,190.404,44.475,NA,0,0,0,0
551,6,79,904.545,1087.121,37801.211,2,69,192.944,43.363,NA,2.541,0.008,-63.435,-63.435
552,6,80,904.545,1087.121,38101.221,2,25,192.944,43.363,NA,0,0,0,63.435
553,6,81,904.545,1087.121,38401.23,2,37,192.944,43.363,NA,0,0,0,0
554,6,82,904.545,1087.121,38701.24,2,39,192.944,43.363,NA,0,0,0,0
555,6,83,904.545,1087.121,39001.25,2,56,192.944,43.363,NA,0,0,0,0
556,6,84,904.545,1096.212,39301.259,2,25,202.035,50.753,NA,9.091,0.03,90,90
557,6,85,904.545,1096.97,39601.269,2,84,202.793,51.394,NA,0.758,0.003,90,0
558,6,86,904.924,1096.97,39901.279,2,65,203.172,51.596,NA,0.379,0.001,0,-90
559,6,87,904.924,1096.97,40201.288,2,55,203.172,51.596,NA,0,0,0,0
560,6,88,910.227,1096.97,40501.298,2,66,208.475,54.622,NA,5.303,0.018,0,0
561,6,89,910.227,1096.97,40801.307,2,89,208.475,54.622,NA,0,0,0,0
562,6,90,910.227,1103.409,41101.317,2,63,214.914,59.883,NA,6.439,0.021,90,90
563,6,91,911.742,1098.485,41401.327,2,46,220.066,56.745,NA,5.152,0.017,-72.897,-162.897
564,6,92,904.924,1098.485,41701.336,2,43,226.884,52.881,NA,6.818,0.023,180,-107.103
565,6,93,904.545,1098.485,42001.346,2,56,227.263,52.684,NA,0.379,0.001,180,0
566,6,94,917.424,1096.591,42301.355,2,25,240.281,58.965,NA,13.017,0.043,-8.366,171.634
567,6,95,917.424,1097.348,42601.365,2,22,241.038,59.522,NA,0.758,0.003,90,98.366
568,6,96,914.394,1096.97,42901.375,2,40,244.092,57.232,NA,3.054,0.01,-172.875,97.125
569,6,97,914.394,1102.652,43201.384,2,41,249.774,61.667,NA,5.682,0.019,90,-97.125
570,6,98,914.394,1102.652,43501.394,2,49,249.774,61.667,NA,0,0,0,-90
571,6,99,917.803,1102.652,43801.404,2,40,253.183,63.777,NA,3.409,0.011,0,0
572,6,100,921.212,1102.273,44101.413,2,33,256.613,65.714,NA,3.43,0.011,-6.34,-6.34
573,6,101,922.348,1102.273,44401.423,2,39,257.749,66.479,NA,1.136,0.004,0,6.34
574,6,102,924.242,1101.894,44701.432,2,56,259.681,67.505,NA,1.931,0.006,-11.31,-11.31
575,6,103,925.758,1101.894,45001.442,2,51,261.196,68.568,NA,1.515,0.005,0,11.31
576,6,104,925.758,1101.894,45301.452,2,76,261.196,68.568,NA,0,0,0,0
577,6,105,928.409,1101.894,45601.461,2,76,263.847,70.468,NA,2.652,0.009,0,0
578,6,106,928.788,1104.167,45901.471,2,25,266.152,72.32,NA,2.304,0.008,80.538,80.538
579,6,107,932.197,1104.167,46201.48,2,57,269.561,74.786,NA,3.409,0.011,0,-80.538
580,6,108,932.197,1104.167,46501.49,2,59,269.561,74.786,NA,0,0,0,0
581,6,109,932.197,1104.167,46801.5,2,47,269.561,74.786,NA,0,0,0,0
582,6,110,932.197,1104.167,47101.509,2,121,269.561,74.786,NA,0,0,0,0
583,6,111,932.197,1104.167,47401.519,2,49,269.561,74.786,NA,0,0,0,0
584,6,112,932.197,1104.167,47701.528,2,59,269.561,74.786,NA,0,0,0,0
585,6,113,937.879,1104.167,48001.538,2,39,275.242,79.053,NA,5.682,0.019,0,0
586,6,114,937.879,1107.197,48301.548,2,56,278.273,81.032,NA,3.03,0.01,90,90
587,6,115,937.879,1104.545,48601.557,2,42,280.924,79.297,NA,2.652,0.009,-90,-180
588,6,116,937.879,1104.545,48901.567,2,78,280.924,79.297,NA,0,0,0,90
589,6,117,933.712,1104.545,49201.577,2,33,285.091,76.16,NA,4.167,0.014,180,180
590,6,118,926.515,1104.545,49501.586,2,43,292.288,70.991,NA,7.197,0.024,180,0
591,6,119,926.515,1104.167,49801.596,2,33,292.667,70.719,NA,0.379,0.001,-90,90
592,6,120,926.515,1104.167,50101.605,2,42,292.667,70.719,NA,0,0,0,90
593,6,121,926.515,1104.167,50401.615,2,62,292.667,70.719,NA,0,0,0,0
594,6,122,926.894,1105.303,50701.625,2,51,293.865,71.8,NA,1.198,0.004,71.565,71.565
595,6,123,934.47,1109.091,51001.634,2,30,302.334,79.825,NA,8.47,0.028,26.565,-45
596,6,124,934.47,1109.091,51301.644,2,50,302.334,79.825,NA,0,0,0,-26.565
597,6,125,934.47,1109.091,51601.653,2,55,302.334,79.825,NA,0,0,0,0
598,6,126,934.47,1109.091,51901.663,2,33,302.334,79.825,NA,0,0,0,0
599,6,127,934.47,1109.091,52201.673,2,54,302.334,79.825,NA,0,0,0,0
600,6,128,928.788,1109.091,52501.682,2,54,308.016,75.857,NA,5.682,0.019,180,180
601,6,129,924.621,1109.091,52801.692,2,55,312.183,73.091,NA,4.167,0.014,180,0
602,6,130,916.288,1109.091,53101.702,2,68,320.516,67.99,NA,8.333,0.028,180,0
603,6,131,916.288,1109.091,53401.711,2,42,320.516,67.99,NA,0,0,0,-180
604,6,132,916.288,1109.091,53701.721,2,28,320.516,67.99,NA,0,0,0,0
605,6,133,916.288,1111.742,54001.73,2,64,323.168,70.178,NA,2.652,0.009,90,90
606,6,134,921.97,1118.182,54301.74,2,54,331.756,78.698,NA,8.588,0.029,48.576,-41.424
607,6,135,922.348,1119.318,54601.75,2,43,332.953,79.849,NA,1.198,0.004,71.565,22.989
608,6,136,917.045,1120.455,54901.759,2,65,338.377,77.955,NA,5.423,0.018,167.905,96.34
609,6,137,910.606,1120.455,55201.769,2,60,344.816,74.875,NA,6.439,0.021,180,12.095
610,6,138,907.576,1120.455,55501.778,2,46,347.846,73.576,NA,3.03,0.01,180,0
611,6,139,899.621,1124.242,55801.788,2,34,356.657,74.275,NA,8.81,0.029,154.537,-25.463
612,6,140,896.212,1124.242,56101.798,2,36,360.066,73.322,NA,3.409,0.011,180,25.463
613,6,141,898.864,1121.591,56401.807,2,34,363.816,71.519,NA,3.75,0.012,-45,135
614,6,142,906.439,1121.591,56701.817,2,64,371.392,74.158,NA,7.576,0.025,0,45
615,6,143,906.439,1126.136,57001.826,2,57,375.937,78.358,NA,4.545,0.015,90,90
616,6,144,908.712,1126.136,57301.836,2,54,378.21,79.232,NA,2.273,0.008,0,-90
617,6,145,921.591,1123.485,57601.846,2,74,391.359,82.914,NA,13.149,0.044,-11.634,-11.634
618,6,146,939.394,1112.879,57901.855,2,51,412.081,85.998,NA,20.723,0.069,-30.784,-19.151
619,6,147,945.455,1107.576,58201.865,2,37,420.135,87.079,NA,8.053,0.027,-41.186,-10.402
620,6,148,947.348,1111.742,58501.875,2,34,424.711,91.178,NA,4.577,0.015,65.556,106.742
621,6,149,954.924,1111.742,58801.884,2,28,432.287,97.121,NA,7.576,0.025,0,-65.556
622,6,150,954.924,1111.742,59101.894,2,54,432.287,97.121,NA,0,0,0,0
623,6,151,943.182,1104.167,59401.903,2,36,446.261,83.189,NA,13.974,0.047,-147.171,-147.171
624,6,152,943.182,1097.348,59701.913,2,50,453.08,79.213,NA,6.818,0.023,-90,57.171
625,6,153,943.182,1097.727,60001.923,2,44,453.458,79.424,NA,0.379,0.001,90,180
626,6,154,952.273,1084.091,60301.932,2,40,469.847,81.033,NA,16.389,0.055,-56.31,-146.31
627,6,155,964.015,1083.712,60601.942,2,39,481.596,91.883,NA,11.749,0.039,-1.848,54.462
628,6,156,964.394,1083.712,60901.951,2,49,481.975,92.241,NA,0.379,0.001,0,1.848
629,6,157,987.5,1079.167,61201.961,2,49,505.523,113.197,NA,23.549,0.078,-11.129,-11.129
630,6,158,993.561,1079.167,61501.971,2,75,511.584,119.106,NA,6.061,0.02,0,11.129
631,6,159,993.561,1079.167,61801.98,2,71,511.584,119.106,NA,0,0,0,0
632,6,160,993.561,1079.167,62101.99,2,75,511.584,119.106,NA,0,0,0,0
633,6,161,1002.652,1079.167,62402,2,55,520.675,127.997,NA,9.091,0.03,0,0
634,6,162,1015.53,1079.167,62702.009,2,48,533.554,140.636,NA,12.879,0.043,0,0
635,6,163,1023.864,1081.061,63002.019,2,96,542.1,149.176,NA,8.546,0.028,12.804,12.804
636,6,164,1024.621,1083.333,63302.028,2,28,544.495,150.356,NA,2.396,0.008,71.565,58.761
637,6,165,1029.167,1081.061,63602.038,2,54,549.577,154.39,NA,5.082,0.017,-26.565,-98.13
638,6,166,1056.061,1087.879,63902.048,2,27,577.322,182.08,NA,27.745,0.092,14.226,40.791
639,6,167,1082.197,1089.773,64202.057,2,48,603.527,208.126,NA,26.205,0.087,4.145,-10.081
640,6,168,1097.348,1071.212,64502.067,2,28,627.487,220.795,NA,23.96,0.08,-50.774,-54.919
641,6,169,1107.576,1064.015,64802.076,2,43,639.992,230.547,NA,12.506,0.042,-35.134,15.64
642,6,170,1129.167,1061.364,65102.086,2,43,661.745,252.02,NA,21.753,0.073,-7.001,28.133
643,6,171,1139.015,1053.788,65402.096,2,37,674.171,261.743,NA,12.425,0.041,-37.569,-30.567
644,6,172,1181.061,1065.909,65702.105,2,38,717.928,304.045,NA,43.758,0.146,16.082,53.65
645,6,173,1196.97,1069.697,66002.115,2,54,734.282,320.112,NA,16.354,0.055,13.392,-2.689
646,6,174,1203.03,1073.106,66302.124,2,30,741.236,326.353,NA,6.954,0.023,29.358,15.965
647,6,175,1196.97,1073.106,66602.134,2,93,747.296,320.303,NA,6.061,0.02,180,150.642
648,6,176,1194.318,1073.106,66902.144,2,93,749.948,317.657,NA,2.652,0.009,180,0
649,6,177,1191.667,1073.864,67202.153,2,55,752.706,315.059,NA,2.758,0.009,164.055,-15.945
650,6,178,1191.667,1076.136,67502.163,2,105,754.978,315.214,NA,2.273,0.008,90,-74.055
651,6,179,1191.667,1076.136,67802.173,2,118,754.978,315.214,NA,0,0,0,-90
652,6,180,1192.045,1076.136,68102.182,2,43,755.357,315.592,NA,0.379,0.001,0,0
653,6,181,1191.667,1077.273,68402.192,2,104,756.555,315.298,NA,1.198,0.004,108.435,108.435
654,6,182,1188.636,1077.273,68702.201,2,29,759.585,312.277,NA,3.03,0.01,180,71.565
655,6,183,1188.636,1077.273,69002.211,2,28,759.585,312.277,NA,0,0,0,-180
656,6,184,1188.636,1083.712,69302.221,2,52,766.025,312.835,NA,6.439,0.021,90,90
657,6,185,1188.636,1090.152,69602.23,2,45,772.464,313.524,NA,6.439,0.021,90,0
658,6,186,1188.636,1090.152,69902.24,2,28,772.464,313.524,NA,0,0,0,-90
659,6,187,1182.197,1095.455,70202.249,2,35,780.806,307.809,NA,8.342,0.028,140.528,140.528
660,6,188,1176.894,1095.455,70502.259,2,47,786.109,302.557,NA,5.303,0.018,180,39.472
661,6,189,1175.758,1098.864,70802.269,2,51,789.702,301.926,NA,3.593,0.012,108.435,-71.565
662,6,190,1175.758,1092.424,71102.278,2,32,796.142,301.024,NA,6.439,0.021,-90,161.565
663,6,191,1175.379,1093.561,71402.288,2,64,797.34,300.798,NA,1.198,0.004,108.435,-161.565
664,6,192,1175.758,1093.939,71702.298,2,41,797.875,301.224,NA,0.536,0.002,45,-63.435
665,6,194,1175.758,1093.939,72002.307,2,62,797.875,301.224,NA,0,0,0,-45
666,7,1,829.167,1082.197,30900.99,2,15,0,0,NA,NA,NA,NA,NA
667,7,2,829.167,1086.364,31201,2,21,4.167,4.167,NA,4.167,0.014,90,NA
668,7,3,829.167,1086.364,31501.009,2,18,4.167,4.167,NA,0,0,0,-90
669,7,4,829.167,1086.364,31801.019,2,35,4.167,4.167,NA,0,0,0,0
670,7,5,829.167,1086.364,32101.029,2,68,4.167,4.167,NA,0,0,0,0
671,7,6,825.758,1088.258,32401.038,2,61,8.067,6.954,NA,3.9,0.013,150.945,150.945
672,7,7,825.758,1088.258,32701.048,2,40,8.067,6.954,NA,0,0,0,-150.945
673,7,8,825.758,1092.424,33001.057,2,40,12.233,10.78,NA,4.167,0.014,90,90
674,7,9,825.758,1095.833,33301.067,2,30,15.642,14.056,NA,3.409,0.011,90,0
675,7,10,825.758,1095.833,33601.077,2,44,15.642,14.056,NA,0,0,0,-90
676,7,11,825.758,1095.833,33901.086,2,21,15.642,14.056,NA,0,0,0,0
677,7,12,825.758,1095.833,34201.096,2,27,15.642,14.056,NA,0,0,0,0
678,7,13,826.894,1099.621,34501.105,2,24,19.597,17.572,NA,3.955,0.013,73.301,73.301
679,7,14,826.894,1099.621,34801.115,2,23,19.597,17.572,NA,0,0,0,-73.301
680,7,15,830.682,1104.167,35101.125,2,65,25.514,22.022,NA,5.917,0.02,50.194,50.194
681,7,16,830.682,1108.333,35401.134,2,59,29.68,26.18,NA,4.167,0.014,90,39.806
682,7,17,830.682,1108.333,35701.144,2,55,29.68,26.18,NA,0,0,0,-90
683,7,18,830.682,1108.712,36001.154,2,68,30.059,26.558,NA,0.379,0.001,90,90
684,7,19,835.985,1109.47,36301.163,2,76,35.416,28.112,NA,5.357,0.018,8.13,-81.87
685,7,20,835.985,1112.879,36601.173,2,32,38.825,31.43,NA,3.409,0.011,90,81.87
686,7,21,835.985,1113.258,36901.182,2,53,39.204,31.8,NA,0.379,0.001,90,0
687,7,22,835.985,1113.258,37201.192,2,53,39.204,31.8,NA,0,0,0,-90
688,7,23,839.015,1113.258,37501.202,2,30,42.234,32.585,NA,3.03,0.01,0,0
689,7,24,839.015,1112.121,37801.211,2,57,43.371,31.503,NA,1.136,0.004,-90,-90
690,7,25,839.015,1112.121,38101.221,2,47,43.371,31.503,NA,0,0,0,90
691,7,26,839.015,1112.121,38401.23,2,33,43.371,31.503,NA,0,0,0,0
692,7,27,839.015,1112.121,38701.24,2,46,43.371,31.503,NA,0,0,0,0
693,7,28,835.985,1112.5,39001.25,2,39,46.425,31.061,NA,3.054,0.01,172.875,172.875
694,7,29,830.682,1112.5,39301.259,2,37,51.728,30.341,NA,5.303,0.018,180,7.125
695,7,30,828.788,1114.394,39601.269,2,27,54.406,32.199,NA,2.678,0.009,135,-45
696,7,31,828.03,1125.758,39901.279,2,32,65.795,43.575,NA,11.389,0.038,93.814,-41.186
697,7,32,822.727,1141.288,40201.288,2,35,82.206,59.441,NA,16.411,0.055,108.853,15.039
698,7,33,827.273,1153.788,40501.298,2,27,95.506,71.616,NA,13.301,0.044,70.017,-38.836
699,7,34,833.333,1166.288,40801.307,2,57,109.398,84.194,NA,13.892,0.046,64.134,-5.883
700,7,35,834.091,1168.182,41101.317,2,76,111.438,86.126,NA,2.04,0.007,68.199,4.065
701,7,36,837.5,1168.182,41401.327,2,70,114.847,86.388,NA,3.409,0.011,0,-68.199
702,7,37,840.152,1167.424,41701.336,2,77,117.605,85.932,NA,2.758,0.009,-15.945,-15.945
703,7,38,850,1167.424,42001.346,2,41,127.453,87.737,NA,9.848,0.033,0,15.945
704,7,39,850,1167.424,42301.355,2,40,127.453,87.737,NA,0,0,0,0
705,7,40,859.091,1167.424,42601.365,2,50,136.544,90.328,NA,9.091,0.03,0,0
706,7,41,857.197,1173.864,42901.375,2,72,143.256,95.857,NA,6.712,0.022,106.39,106.39
707,7,42,857.197,1179.924,43201.384,2,55,149.317,101.668,NA,6.061,0.02,90,-16.39
708,7,43,859.47,1179.924,43501.394,2,93,151.59,102.318,NA,2.273,0.008,0,-90
709,7,44,859.47,1179.924,43801.404,2,91,151.59,102.318,NA,0,0,0,0
710,7,45,865.909,1180.682,44101.413,2,52,158.073,105.116,NA,6.484,0.022,6.71,6.71
711,7,46,868.561,1180.682,44401.423,2,59,160.725,106.071,NA,2.652,0.009,0,-6.71
712,7,47,868.561,1180.682,44701.432,2,40,160.725,106.071,NA,0,0,0,0
713,7,48,870.076,1180.682,45001.442,2,68,162.24,106.643,NA,1.515,0.005,0,0
714,7,49,865.152,1180.682,45301.452,2,70,167.164,104.853,NA,4.924,0.016,180,180
715,7,50,865.152,1176.136,45601.461,2,83,171.71,100.596,NA,4.545,0.015,-90,90
716,7,51,859.091,1176.136,45901.471,2,58,177.77,98.59,NA,6.061,0.02,180,-90
717,7,52,859.091,1176.136,46201.48,2,56,177.77,98.59,NA,0,0,0,-180
718,7,53,856.818,1176.136,46501.49,2,57,180.043,97.925,NA,2.273,0.008,180,180
719,7,54,856.818,1176.515,46801.5,2,66,180.422,98.288,NA,0.379,0.001,90,-90
720,7,55,856.818,1171.591,47101.509,2,62,185.346,93.573,NA,4.924,0.016,-90,-180
721,7,56,857.576,1168.182,47401.519,2,37,188.838,90.556,NA,3.492,0.012,-77.471,12.529
722,7,57,858.712,1161.364,47701.528,2,73,195.751,84.5,NA,6.912,0.023,-80.538,-3.066
723,7,58,862.879,1154.924,48001.538,2,52,203.42,80.161,NA,7.67,0.026,-57.095,23.443
724,7,59,869.697,1158.333,48301.548,2,40,211.043,86.252,NA,7.623,0.025,26.565,83.66
725,7,60,869.697,1167.803,48601.557,2,99,220.513,94.716,NA,9.47,0.032,90,63.435
726,7,61,872.727,1167.803,48901.567,2,50,223.543,96.052,NA,3.03,0.01,0,-90
727,7,62,872.727,1167.424,49201.577,2,34,223.922,95.714,NA,0.379,0.001,-90,-90
728,7,63,867.803,1166.288,49501.586,2,70,228.976,92.542,NA,5.054,0.017,-167.005,-77.005
729,7,64,864.394,1166.288,49801.596,2,65,232.385,91.171,NA,3.409,0.011,180,-12.995
730,7,65,849.621,1166.288,50101.605,2,70,247.158,86.543,NA,14.773,0.049,180,0
731,7,66,853.409,1164.394,50401.615,2,104,251.393,85.697,NA,4.235,0.014,-26.565,153.435
732,7,67,857.197,1164.394,50701.625,2,98,255.181,86.845,NA,3.788,0.013,0,26.565
733,7,68,857.955,1164.394,51001.634,2,17,255.938,87.092,NA,0.758,0.003,0,0
734,7,69,857.197,1168.182,51301.644,2,45,259.801,90.438,NA,3.863,0.013,101.31,101.31
735,7,70,856.061,1169.318,51601.653,2,50,261.408,91.178,NA,1.607,0.005,135,33.69
736,7,71,854.167,1169.318,51901.663,2,48,263.302,90.637,NA,1.894,0.006,180,45
737,7,72,851.515,1175.379,52201.673,2,58,269.917,95.824,NA,6.615,0.022,113.629,-66.371
738,7,73,847.348,1172.727,52501.682,2,42,274.856,92.338,NA,4.939,0.016,-147.529,98.842
739,7,74,845.455,1165.53,52801.692,2,53,282.298,84.91,NA,7.442,0.025,-104.744,42.785
740,7,75,845.455,1165.53,53101.702,2,70,282.298,84.91,NA,0,0,0,104.744
741,7,76,849.242,1165.53,53401.711,2,92,286.086,85.717,NA,3.788,0.013,0,0
742,7,77,848.485,1165.53,53701.721,2,95,286.844,85.543,NA,0.758,0.003,180,180
743,7,78,840.909,1165.53,54001.73,2,67,294.419,84.157,NA,7.576,0.025,180,0
744,7,79,840.53,1169.318,54301.74,2,65,298.226,87.859,NA,3.807,0.013,95.711,-84.289
745,7,80,840.53,1179.924,54601.75,2,61,308.832,98.386,NA,10.606,0.035,90,-5.711
746,7,81,840.53,1179.924,54901.759,2,109,308.832,98.386,NA,0,0,0,-90
747,7,82,835.606,1180.303,55201.769,2,55,313.771,98.317,NA,4.939,0.016,175.601,175.601
748,7,83,832.197,1180.303,55501.778,2,81,317.18,98.153,NA,3.409,0.011,180,4.399
749,7,84,823.106,1180.303,55801.788,2,87,326.271,98.293,NA,9.091,0.03,180,0
750,7,85,822.727,1180.303,56101.798,2,64,326.65,98.317,NA,0.379,0.001,180,0
751,7,86,817.424,1185.985,56401.807,2,44,334.422,104.45,NA,7.772,0.026,133.025,-46.975
752,7,87,802.273,1190.152,56701.817,2,47,350.136,111.254,NA,15.714,0.052,164.624,31.599
753,7,88,807.576,1196.97,57001.826,2,65,358.773,116.786,NA,8.638,0.029,52.125,-112.499
754,7,89,807.576,1206.818,57301.836,2,69,368.622,126.478,NA,9.848,0.033,90,37.875
755,7,90,780.682,1205.682,57601.846,2,49,395.54,132.662,NA,26.918,0.09,-177.58,92.42
756,7,91,764.773,1213.258,57901.855,2,38,413.161,146.026,NA,17.621,0.059,154.537,-27.883
757,7,92,760.606,1232.955,58201.865,2,39,433.293,165.615,NA,20.133,0.067,101.944,-52.592
758,7,93,764.015,1256.439,58501.875,2,43,457.024,186.025,NA,23.731,0.079,81.741,-20.204
759,7,94,771.212,1268.561,58801.884,2,32,471.121,195.167,NA,14.097,0.047,59.3,-22.44
760,7,95,778.409,1282.197,59101.894,2,62,486.54,206.34,NA,15.419,0.051,62.176,2.876
761,8,1,551.515,1036.364,21900.702,2,33,0,0,NA,NA,NA,NA,NA
762,8,2,548.864,1036.364,22200.711,2,28,2.652,2.652,NA,2.652,0.009,180,NA
763,8,3,543.939,1036.364,22500.721,2,62,7.576,7.576,NA,4.924,0.016,180,0
764,8,4,541.667,1033.712,22800.731,2,76,11.068,10.199,NA,3.492,0.012,-130.601,49.399
765,8,5,536.742,1023.106,23100.74,2,51,22.761,19.849,NA,11.693,0.039,-114.905,15.697
766,8,6,529.924,1016.667,23400.75,2,43,32.14,29.226,NA,9.378,0.031,-136.637,-21.732
767,8,7,521.212,1016.667,23700.759,2,114,40.852,36.142,NA,8.712,0.029,180,-43.363
768,8,8,515.909,1017.424,24000.769,2,148,46.209,40.33,NA,5.357,0.018,171.87,-8.13
769,8,9,515.909,1019.318,24300.779,2,36,48.103,39.476,NA,1.894,0.006,90,-81.87
770,8,10,515.909,1028.409,24600.788,2,63,57.194,36.484,NA,9.091,0.03,90,0
771,8,11,515.909,1037.121,24900.798,2,127,65.906,35.614,NA,8.712,0.029,90,0
772,8,12,515.909,1037.121,25200.807,2,101,65.906,35.614,NA,0,0,0,-90
773,8,13,512.121,1037.121,25500.817,2,143,69.694,39.401,NA,3.788,0.013,180,180
774,8,14,512.121,1035.985,25800.827,2,108,70.83,39.396,NA,1.136,0.004,-90,90
775,8,15,512.121,1033.712,26100.836,2,170,73.103,39.483,NA,2.273,0.008,-90,0
776,8,16,515.152,1032.955,26400.846,2,123,76.226,36.523,NA,3.124,0.01,-14.036,75.964
777,8,17,518.561,1027.273,26700.856,2,169,82.852,34.185,NA,6.626,0.022,-59.036,-45
778,8,18,521.212,1023.106,27000.865,2,157,87.791,33.076,NA,4.939,0.016,-57.529,1.507
779,8,19,521.212,1019.697,27300.875,2,178,91.2,34.584,NA,3.409,0.011,-90,-32.471
780,8,20,521.212,1019.318,27600.884,2,252,91.579,34.768,NA,0.379,0.001,-90,0
781,8,21,518.561,1019.318,27900.894,2,74,94.231,37.102,NA,2.652,0.009,180,-90
782,8,22,517.424,1019.697,28200.904,2,99,95.428,37.947,NA,1.198,0.004,161.565,-18.435
783,8,23,514.394,1019.697,28500.913,2,243,98.459,40.691,NA,3.03,0.01,180,18.435
784,8,24,520.455,1019.697,28800.923,2,118,104.519,35.25,NA,6.061,0.02,0,-180
785,8,25,521.97,1018.561,29100.932,2,94,106.413,34.495,NA,1.894,0.006,-36.87,-36.87
786,8,26,529.167,1009.091,29400.942,2,91,118.307,35.26,NA,11.894,0.04,-52.765,-15.895
787,8,27,529.167,1009.091,29700.952,2,120,118.307,35.26,NA,0,0,0,52.765
788,8,28,529.167,1007.955,30000.961,2,139,119.444,36.146,NA,1.136,0.004,-90,-90
789,8,29,530.303,1006.061,30300.971,2,58,121.652,36.99,NA,2.209,0.007,-59.036,30.964
790,8,30,534.091,1006.061,30600.981,2,97,125.44,34.955,NA,3.788,0.013,0,59.036
791,8,31,534.091,1005.682,30900.99,2,57,125.819,35.284,NA,0.379,0.001,-90,-90
792,8,32,534.091,1005.682,31201,2,45,125.819,35.284,NA,0,0,0,90
793,8,33,534.091,1009.47,31501.009,2,134,129.607,32.045,NA,3.788,0.013,90,90
794,8,34,534.091,1012.121,31801.019,2,152,132.259,29.855,NA,2.652,0.009,90,0
795,8,35,534.091,1012.121,32101.029,2,138,132.259,29.855,NA,0,0,0,-90
796,8,36,534.091,1012.121,32401.038,2,77,132.259,29.855,NA,0,0,0,0
797,8,37,536.742,1014.394,32701.048,2,79,135.751,26.475,NA,3.492,0.012,40.601,40.601
798,8,38,537.879,1009.848,33001.057,2,57,140.436,29.816,NA,4.685,0.016,-75.964,-116.565
799,8,39,538.258,1004.924,33301.067,2,66,145.375,34.12,NA,4.939,0.016,-85.601,-9.638
800,8,40,538.636,1002.273,33601.077,2,56,148.053,36.442,NA,2.678,0.009,-81.87,3.731
801,8,41,546.97,993.182,33901.086,2,40,160.386,43.42,NA,12.332,0.041,-47.49,34.38
802,8,42,551.515,989.394,34201.096,2,88,166.303,46.97,NA,5.917,0.02,-39.806,7.684
803,8,43,552.273,989.015,34501.105,2,54,167.15,47.355,NA,0.847,0.003,-26.565,13.241
804,8,44,552.273,987.121,34801.115,2,56,169.044,49.248,NA,1.894,0.006,-90,-63.435
805,8,45,552.273,986.364,35101.125,2,33,169.801,50.006,NA,0.758,0.003,-90,0
806,8,46,552.273,986.364,35401.134,2,95,169.801,50.006,NA,0,0,0,90
807,8,47,552.273,986.364,35701.144,2,60,169.801,50.006,NA,0,0,0,0
808,8,48,552.273,986.364,36001.154,2,68,169.801,50.006,NA,0,0,0,0
809,8,49,552.273,986.364,36301.163,2,63,169.801,50.006,NA,0,0,0,0
810,8,50,553.788,987.5,36601.173,2,57,171.695,48.916,NA,1.894,0.006,36.87,36.87
811,8,51,556.061,985.606,36901.182,2,50,174.654,50.961,NA,2.958,0.01,-39.806,-76.675
812,8,52,555.682,981.061,37201.192,2,56,179.215,55.46,NA,4.561,0.015,-94.764,-54.958
813,8,53,557.576,975.758,37501.202,2,115,184.846,60.908,NA,5.631,0.019,-70.346,24.417
814,8,54,557.576,976.136,37801.211,2,85,185.225,60.531,NA,0.379,0.001,90,160.346
815,8,55,559.848,981.061,38101.221,2,83,190.648,55.927,NA,5.423,0.018,65.225,-24.775
816,8,56,559.848,986.742,38401.23,2,86,196.33,50.316,NA,5.682,0.019,90,24.775
817,8,57,559.848,986.742,38701.24,2,67,196.33,50.316,NA,0,0,0,-90
818,8,58,562.879,987.879,39001.25,2,78,199.566,49.799,NA,3.236,0.011,20.556,20.556
819,8,59,565.152,985.606,39301.259,2,49,202.78,52.557,NA,3.214,0.011,-45,-65.556
820,8,60,565.152,976.894,39601.269,2,29,211.492,61.013,NA,8.712,0.029,-90,-45
821,8,61,567.045,972.348,39901.279,2,93,216.417,65.872,NA,4.924,0.016,-67.38,22.62
822,8,62,567.803,971.591,40201.288,2,78,217.488,66.789,NA,1.071,0.004,-45,22.38
823,8,63,567.803,971.591,40501.298,2,49,217.488,66.789,NA,0,0,0,45
824,8,64,571.97,962.121,40801.307,2,68,227.834,77.009,NA,10.346,0.034,-66.251,-66.251
825,8,65,572.727,959.848,41101.317,2,39,230.23,79.401,NA,2.396,0.008,-71.565,-5.315
826,8,66,574.242,951.894,41401.327,2,81,238.327,87.474,NA,8.098,0.027,-79.216,-7.651
827,8,67,574.242,951.894,41701.336,2,71,238.327,87.474,NA,0,0,0,79.216
828,8,68,578.409,946.212,42001.346,2,66,245.373,94.078,NA,7.046,0.023,-53.746,-53.746
829,8,69,578.409,943.939,42301.355,2,77,247.646,96.258,NA,2.273,0.008,-90,-36.254
830,8,70,578.409,943.939,42601.365,2,82,247.646,96.258,NA,0,0,0,90
831,8,71,578.409,943.939,42901.375,2,66,247.646,96.258,NA,0,0,0,0
832,8,72,578.409,953.03,43201.384,2,62,256.737,87.566,NA,9.091,0.03,90,90
833,8,73,578.409,954.924,43501.394,2,72,258.631,85.765,NA,1.894,0.006,90,0
834,8,74,578.788,957.955,43801.404,2,70,261.684,83.017,NA,3.054,0.01,82.875,-7.125
835,8,75,578.788,963.636,44101.413,2,119,267.366,77.673,NA,5.682,0.019,90,7.125
836,8,76,578.788,963.636,44401.423,2,88,267.366,77.673,NA,0,0,0,-90
837,8,77,581.818,963.636,44701.432,2,97,270.397,78.788,NA,3.03,0.01,0,0
838,8,78,581.818,959.091,45001.442,2,75,274.942,83.002,NA,4.545,0.015,-90,-90
839,8,79,581.818,959.091,45301.452,2,47,274.942,83.002,NA,0,0,0,90
840,8,80,585.985,961.742,45601.461,2,65,279.881,82.198,NA,4.939,0.016,32.471,32.471
841,8,81,582.197,954.167,45901.471,2,99,288.351,87.737,NA,8.47,0.028,-116.565,-149.036
842,8,82,578.409,954.167,46201.48,2,45,292.139,86.485,NA,3.788,0.013,180,-63.435
843,8,83,578.409,954.167,46501.49,2,46,292.139,86.485,NA,0,0,0,-180
844,8,84,578.409,954.167,46801.5,2,74,292.139,86.485,NA,0,0,0,0
845,8,85,562.5,950.379,47101.509,2,80,308.492,86.684,NA,16.354,0.055,-166.608,-166.608
846,8,86,560.985,950.379,47401.519,2,135,310.008,86.505,NA,1.515,0.005,180,-13.392
847,8,87,560.985,950.379,47701.528,2,130,310.008,86.505,NA,0,0,0,-180
848,8,88,560.985,950.379,48001.538,2,165,310.008,86.505,NA,0,0,0,0
849,8,89,560.985,946.591,48301.548,2,154,313.796,90.271,NA,3.788,0.013,-90,-90
850,8,90,560.985,946.591,48601.557,2,138,313.796,90.271,NA,0,0,0,90
851,8,91,560.985,943.182,48901.567,2,63,317.205,93.662,NA,3.409,0.011,-90,-90
852,8,92,560.606,946.591,49201.577,2,121,320.635,90.232,NA,3.43,0.011,96.34,-173.66
853,8,93,557.576,952.652,49501.586,2,93,327.411,83.931,NA,6.776,0.023,116.565,20.225
854,8,94,557.576,952.652,49801.596,2,102,327.411,83.931,NA,0,0,0,-116.565
855,8,95,556.061,958.712,50101.605,2,151,333.658,77.784,NA,6.247,0.021,104.036,104.036
856,8,96,556.061,958.712,50401.615,2,126,333.658,77.784,NA,0,0,0,-104.036
857,8,97,552.273,964.015,50701.625,2,86,340.175,72.352,NA,6.517,0.022,125.538,125.538
858,8,98,556.439,967.045,51001.634,2,83,345.327,69.493,NA,5.152,0.017,36.027,-89.51
859,8,99,559.091,970.455,51301.644,2,109,349.646,66.343,NA,4.319,0.014,52.125,16.098
860,8,100,562.121,965.53,51601.653,2,155,355.428,71.623,NA,5.782,0.019,-58.392,-110.518
861,8,101,564.394,965.53,51901.663,2,101,357.7,71.995,NA,2.273,0.008,0,58.392
862,8,102,561.364,965.53,52201.673,2,54,360.731,71.515,NA,3.03,0.01,180,180
863,8,103,561.364,960.227,52501.682,2,31,366.034,76.771,NA,5.303,0.018,-90,90
864,8,104,563.258,960.227,52801.692,2,19,367.928,77.037,NA,1.894,0.006,0,90
865,8,105,584.091,956.061,53101.702,2,8,389.173,86.659,NA,21.246,0.071,-11.31,-11.31
866,9,1,560.606,1011.742,22200.711,2,21,0,0,NA,NA,NA,NA,NA
867,9,2,559.848,1012.5,22500.721,2,50,1.071,1.071,NA,1.071,0.004,135,NA
868,9,3,565.53,1012.5,22800.731,2,23,6.753,4.982,NA,5.682,0.019,0,-135
869,9,4,567.803,1013.258,23100.74,2,23,9.149,7.355,NA,2.396,0.008,18.435,18.435
870,9,5,567.803,1014.394,23400.75,2,81,10.285,7.67,NA,1.136,0.004,90,71.565
871,9,6,561.364,1014.394,23700.759,2,86,16.725,2.758,NA,6.439,0.021,180,90
872,9,7,560.985,1016.667,24000.769,2,46,19.029,4.939,NA,2.304,0.008,99.462,-80.538
873,9,8,560.227,1020.076,24300.779,2,85,22.521,8.342,NA,3.492,0.012,102.529,3.066
874,9,9,560.227,1020.076,24600.788,2,64,22.521,8.342,NA,0,0,0,-102.529
875,9,10,559.848,1026.515,24900.798,2,33,28.971,14.792,NA,6.451,0.022,93.366,93.366
876,9,11,559.091,1027.273,25200.807,2,68,30.043,15.604,NA,1.071,0.004,135,41.634
877,9,12,553.788,1027.273,25500.817,2,54,35.346,16.961,NA,5.303,0.018,180,45
878,9,13,553.788,1027.273,25800.827,2,59,35.346,16.961,NA,0,0,0,-180
879,9,14,553.788,1029.924,26100.836,2,101,37.997,19.418,NA,2.652,0.009,90,90
880,9,15,550,1029.924,26400.846,2,109,41.785,21.049,NA,3.788,0.013,180,90
881,9,16,550,1032.955,26700.856,2,103,44.816,23.716,NA,3.03,0.01,90,-90
882,9,17,554.545,1032.955,27000.865,2,72,49.361,22.061,NA,4.545,0.015,0,-90
883,9,18,560.985,1032.955,27300.875,2,77,55.8,21.216,NA,6.439,0.021,0,0
884,9,19,560.985,1030.303,27600.884,2,91,58.452,18.564,NA,2.652,0.009,-90,-90
885,9,20,560.985,1029.924,27900.894,2,67,58.831,18.186,NA,0.379,0.001,-90,0
886,9,21,560.985,1028.788,28200.904,2,65,59.967,17.05,NA,1.136,0.004,-90,0
887,9,22,560.985,1023.485,28500.913,2,63,65.27,11.749,NA,5.303,0.018,-90,0
888,9,23,560.227,1020.833,28800.923,2,108,68.028,9.099,NA,2.758,0.009,-105.945,-15.945
889,9,24,557.576,1018.939,29100.932,2,97,71.286,7.809,NA,3.258,0.011,-144.462,-38.517
890,9,25,553.03,1018.939,29400.942,2,80,75.832,10.449,NA,4.545,0.015,180,-35.538
891,9,26,553.03,1015.909,29700.952,2,162,78.862,8.646,NA,3.03,0.01,-90,90
892,9,27,553.03,1012.5,30000.961,2,56,82.271,7.614,NA,3.409,0.011,-90,0
893,9,28,553.03,1012.5,30300.971,2,40,82.271,7.614,NA,0,0,0,90
894,9,29,555.682,1010.985,30600.981,2,63,85.325,4.982,NA,3.054,0.01,-29.745,-29.745
895,9,30,559.848,1010.985,30900.99,2,51,89.492,1.071,NA,4.167,0.014,0,29.745
896,9,31,559.848,1009.091,31201,2,30,91.386,2.758,NA,1.894,0.006,-90,-90
897,9,32,559.848,1005.303,31501.009,2,42,95.173,6.484,NA,3.788,0.013,-90,0
898,9,33,559.848,1005.303,31801.019,2,26,95.173,6.484,NA,0,0,0,90
899,9,34,559.848,1005.303,32101.029,2,24,95.173,6.484,NA,0,0,0,0
900,9,35,559.848,1005.303,32401.038,2,30,95.173,6.484,NA,0,0,0,0
901,9,36,559.848,1005.303,32701.048,2,58,95.173,6.484,NA,0,0,0,0
902,9,37,562.5,1005.303,33001.057,2,78,97.825,6.712,NA,2.652,0.009,0,0
903,9,38,566.288,1005.303,33301.067,2,76,101.613,8.588,NA,3.788,0.013,0,0
904,9,39,568.939,1009.848,33601.077,2,119,106.875,8.546,NA,5.262,0.018,59.744,59.744
905,9,40,568.939,1013.258,33901.086,2,71,110.284,8.47,NA,3.409,0.011,90,30.256
906,9,41,570.076,1013.258,34201.096,2,64,111.421,9.59,NA,1.136,0.004,0,-90
907,9,42,569.318,1013.258,34501.105,2,99,112.178,8.843,NA,0.758,0.003,180,180
908,9,43,569.318,1013.258,34801.115,2,94,112.178,8.843,NA,0,0,0,-180
909,9,44,569.318,1019.697,35101.125,2,65,118.618,11.797,NA,6.439,0.021,90,90
910,9,45,569.318,1019.697,35401.134,2,109,118.618,11.797,NA,0,0,0,-90
911,9,46,571.97,1019.697,35701.144,2,69,121.269,13.871,NA,2.652,0.009,0,0
912,9,47,572.727,1017.803,36001.154,2,81,123.309,13.552,NA,2.04,0.007,-68.199,-68.199
913,9,48,573.485,1017.424,36301.163,2,78,124.156,14.076,NA,0.847,0.003,-26.565,41.634
914,9,49,573.864,1016.667,36601.173,2,86,125.003,14.143,NA,0.847,0.003,-63.435,-36.87
915,9,50,578.03,1010.227,36901.182,2,89,132.673,17.49,NA,7.67,0.026,-57.095,6.34
916,9,51,579.924,1009.848,37201.192,2,59,134.604,19.411,NA,1.931,0.006,-11.31,45.785
917,9,52,578.03,1009.848,37501.202,2,62,136.498,17.527,NA,1.894,0.006,180,-168.69
918,9,53,578.03,1009.848,37801.211,2,53,136.498,17.527,NA,0,0,0,-180
919,9,54,578.03,1019.318,38101.221,2,26,145.968,19,NA,9.47,0.032,90,90
920,9,55,577.652,1019.318,38401.23,2,46,146.347,18.653,NA,0.379,0.001,180,90
921,9,56,573.485,1019.318,38701.24,2,58,150.513,14.942,NA,4.167,0.014,180,0
922,9,57,572.727,1022.348,39001.25,2,66,153.637,16.106,NA,3.124,0.01,104.036,-75.964
923,9,58,569.318,1022.348,39301.259,2,93,157.046,13.726,NA,3.409,0.011,180,75.964
924,9,59,569.318,1022.348,39601.269,2,54,157.046,13.726,NA,0,0,0,-180
925,9,60,567.424,1023.106,39901.279,2,63,159.086,13.252,NA,2.04,0.007,158.199,158.199
926,9,61,562.121,1025.758,40201.288,2,60,165.015,14.097,NA,5.929,0.02,153.435,-4.764
927,9,62,562.121,1031.061,40501.298,2,75,170.318,19.378,NA,5.303,0.018,90,-63.435
928,9,63,564.773,1031.061,40801.307,2,84,172.969,19.762,NA,2.652,0.009,0,-90
929,9,64,565.53,1032.197,41101.317,2,51,174.335,21.039,NA,1.366,0.005,56.31,56.31
930,9,65,565.53,1032.197,41401.327,2,50,174.335,21.039,NA,0,0,0,-56.31
931,9,66,565.53,1034.47,41701.336,2,111,176.608,23.255,NA,2.273,0.008,90,90
932,9,67,563.636,1034.47,42001.346,2,47,178.502,22.928,NA,1.894,0.006,180,90
933,9,68,563.636,1034.47,42301.355,2,57,178.502,22.928,NA,0,0,0,-180
934,9,69,557.576,1035.227,42601.365,2,109,184.609,23.68,NA,6.108,0.02,172.875,172.875
935,9,70,556.818,1036.364,42901.375,2,78,185.975,24.911,NA,1.366,0.005,123.69,-49.185
936,9,71,556.439,1036.364,43201.384,2,56,186.354,24.971,NA,0.379,0.001,180,56.31
937,9,72,553.788,1033.333,43501.394,2,25,190.381,22.642,NA,4.027,0.013,-131.186,48.814
938,9,73,553.788,1031.439,43801.404,2,59,192.274,20.844,NA,1.894,0.006,-90,41.186
939,9,74,553.788,1031.439,44101.413,2,62,192.274,20.844,NA,0,0,0,90
940,9,75,552.652,1029.924,44401.423,2,38,194.168,19.846,NA,1.894,0.006,-126.87,-126.87
941,9,76,535.227,1029.924,44701.432,2,54,211.593,31.22,NA,17.424,0.058,180,-53.13
942,9,77,535.227,1029.924,45001.442,2,54,211.593,31.22,NA,0,0,0,-180
943,9,78,528.788,1029.924,45301.452,2,103,218.032,36.647,NA,6.439,0.021,180,180
944,9,79,529.545,1029.167,45601.461,2,65,219.103,35.614,NA,1.071,0.004,-45,135
945,9,80,530.303,1029.167,45901.471,2,118,219.861,34.955,NA,0.758,0.003,0,45
946,9,81,530.303,1029.167,46201.48,2,56,219.861,34.955,NA,0,0,0,0
947,9,82,530.303,1026.136,46501.49,2,38,222.891,33.548,NA,3.03,0.01,-90,-90
948,9,83,532.955,1026.136,46801.5,2,46,225.543,31.174,NA,2.652,0.009,0,90
949,9,84,529.545,1021.591,47101.509,2,88,231.225,32.585,NA,5.682,0.019,-126.87,-126.87
950,9,85,527.273,1021.591,47401.519,2,100,233.497,34.758,NA,2.273,0.008,180,-53.13
951,9,86,525.379,1024.242,47701.528,2,57,236.756,37.379,NA,3.258,0.011,125.538,-54.462
952,9,87,525.379,1032.197,48001.538,2,33,244.71,40.735,NA,7.955,0.027,90,-35.538
953,9,88,531.439,1032.197,48301.548,2,122,250.771,35.624,NA,6.061,0.02,0,-90
954,9,89,533.712,1033.712,48601.557,2,102,253.502,34.727,NA,2.731,0.009,33.69,33.69
955,9,90,528.03,1035.985,48901.567,2,132,259.622,40.606,NA,6.12,0.02,158.199,124.509
956,9,91,528.03,1035.985,49201.577,2,79,259.622,40.606,NA,0,0,0,-158.199
957,9,92,523.864,1041.288,49501.586,2,75,266.366,47.148,NA,6.744,0.022,128.157,128.157
958,9,93,523.864,1041.288,49801.596,2,120,266.366,47.148,NA,0,0,0,-128.157
959,9,94,522.348,1044.318,50101.605,2,43,269.754,50.248,NA,3.388,0.011,116.565,116.565
960,9,95,522.348,1041.288,50401.615,2,80,272.784,48.338,NA,3.03,0.01,-90,153.435
961,9,96,518.182,1041.288,50701.625,2,48,276.951,51.699,NA,4.167,0.014,180,-90
962,9,97,518.182,1041.288,51001.634,2,71,276.951,51.699,NA,0,0,0,-180
963,9,98,517.803,1042.424,51301.644,2,52,278.149,52.664,NA,1.198,0.004,108.435,108.435
964,9,99,517.803,1042.424,51601.653,2,79,278.149,52.664,NA,0,0,0,-108.435
965,9,100,517.803,1041.288,51901.663,2,45,279.285,52.01,NA,1.136,0.004,-90,-90
966,9,101,523.106,1041.288,52201.673,2,77,284.588,47.741,NA,5.303,0.018,0,90
967,9,102,523.485,1047.348,52501.682,2,61,290.661,51.437,NA,6.072,0.02,86.424,86.424
968,9,103,523.485,1053.03,52801.692,2,88,296.343,55.522,NA,5.682,0.019,90,3.576
969,9,104,523.485,1053.03,53101.702,2,55,296.343,55.522,NA,0,0,0,-90
970,9,105,524.621,1050.379,53401.711,2,86,299.227,52.798,NA,2.885,0.01,-66.801,-66.801
971,9,106,525,1050.379,53701.721,2,70,299.606,52.541,NA,0.379,0.001,0,66.801
972,9,107,537.879,1062.121,54001.73,2,105,317.034,55.268,NA,17.428,0.058,42.357,42.357
973,9,108,542.045,1064.773,54301.74,2,97,321.973,56.185,NA,4.939,0.016,32.471,-9.886
974,9,109,542.045,1064.773,54601.75,2,79,321.973,56.185,NA,0,0,0,-32.471
975,9,110,546.212,1064.773,54901.759,2,43,326.14,54.949,NA,4.167,0.014,0,0
976,9,111,555.303,1065.53,55201.769,2,42,335.262,54.049,NA,9.122,0.03,4.764,4.764
977,9,112,559.091,1071.591,55501.778,2,106,342.409,59.868,NA,7.147,0.024,57.995,53.231
978,9,113,557.576,1078.788,55801.788,2,90,349.764,67.114,NA,7.355,0.025,101.889,43.894
979,9,114,556.818,1080.303,56101.798,2,93,351.458,68.665,NA,1.694,0.006,116.565,14.676
980,9,115,552.273,1073.485,56401.807,2,107,359.652,62.302,NA,8.194,0.027,-123.69,119.745
981,9,116,552.273,1073.485,56701.817,2,102,359.652,62.302,NA,0,0,0,123.69
982,9,117,553.03,1087.5,57001.826,2,65,373.688,76.135,NA,14.036,0.047,86.906,86.906
983,9,118,581.061,1109.091,57301.836,2,100,409.07,99.474,NA,35.382,0.118,37.606,-49.3
984,9,119,581.818,1109.848,57601.846,2,151,410.141,100.373,NA,1.071,0.004,45,7.394
985,9,120,581.439,1115.53,57901.855,2,126,415.836,105.858,NA,5.694,0.019,93.814,48.814
986,9,121,581.818,1132.576,58201.865,2,117,432.885,122.681,NA,17.05,0.057,88.727,-5.087
987,9,122,581.818,1132.576,58501.875,2,54,432.885,122.681,NA,0,0,0,-88.727
988,9,123,595.076,1156.818,58801.884,2,52,460.516,149.115,NA,27.631,0.092,61.327,61.327
989,9,124,595.076,1167.045,59101.894,2,107,470.743,159.082,NA,10.227,0.034,90,28.673
990,9,125,595.076,1167.424,59401.903,2,90,471.122,159.452,NA,0.379,0.001,90,0
991,9,126,601.136,1169.318,59701.913,2,47,477.472,162.705,NA,6.35,0.021,17.354,-72.646
992,9,127,618.182,1169.318,60001.923,2,76,494.517,167.765,NA,17.045,0.057,0,-17.354
993,9,128,625,1159.848,60301.932,2,52,506.186,161.499,NA,11.669,0.039,-54.246,-54.246
994,9,129,627.273,1154.545,60601.942,2,92,511.956,157.598,NA,5.77,0.019,-66.801,-12.555
995,9,130,627.273,1154.545,60901.951,2,65,511.956,157.598,NA,0,0,0,66.801
996,9,131,631.061,1150.758,61201.961,2,115,517.312,155.849,NA,5.357,0.018,-45,-45
997,9,132,635.227,1150.379,61501.971,2,113,521.496,157.443,NA,4.184,0.014,-5.194,39.806
998,9,133,644.318,1147.348,61801.98,2,22,531.079,159.363,NA,9.583,0.032,-18.435,-13.241
999,9,134,645.076,1148.106,62101.99,2,51,532.15,160.406,NA,1.071,0.004,45,63.435
1000,9,135,660.606,1137.879,62402,2,87,550.746,160.967,NA,18.595,0.062,-33.366,-78.366
1001,9,136,664.015,1137.879,62702.009,2,81,554.155,163.107,NA,3.409,0.011,0,33.366
1002,9,137,657.955,1143.561,63002.019,2,77,562.462,163.868,NA,8.307,0.028,136.848,136.848
1003,9,138,656.061,1143.561,63302.028,2,64,564.356,162.75,NA,1.894,0.006,180,43.152
1004,9,139,656.061,1135.227,63602.038,2,83,572.689,156.077,NA,8.333,0.028,-90,90
1005,9,140,670.076,1133.333,63902.048,2,53,586.832,163.609,NA,14.143,0.047,-7.696,82.304
1006,9,141,679.924,1138.258,64202.057,2,43,597.843,173.905,NA,11.011,0.037,26.565,34.261
1007,9,142,693.561,1141.667,64502.067,2,36,611.899,185.896,NA,14.056,0.047,14.036,-12.529
1008,9,143,701.894,1141.667,64802.076,2,118,620.232,191.944,NA,8.333,0.028,0,-14.036
1009,9,144,675,1143.939,65102.086,2,126,647.222,174.82,NA,26.99,0.09,175.17,175.17
1010,9,145,669.318,1145.076,65402.096,2,100,653.016,172.035,NA,5.794,0.019,168.69,-6.48
1011,9,146,669.318,1145.455,65702.105,2,108,653.395,172.329,NA,0.379,0.001,90,-78.69
1012,9,147,669.318,1160.985,66002.115,2,49,668.926,184.639,NA,15.53,0.052,90,0
1013,9,148,680.682,1165.909,66302.124,2,147,681.31,195.411,NA,12.385,0.041,23.429,-66.571
1014,9,149,681.061,1160.227,66602.134,2,52,687.005,191.199,NA,5.694,0.019,-86.186,-109.615
1015,9,150,690.53,1157.955,66902.144,2,58,696.743,195.597,NA,9.739,0.032,-13.496,72.69
1016,9,151,697.727,1155.303,67202.153,2,76,704.413,198.524,NA,7.67,0.026,-20.225,-6.729
1017,9,152,697.727,1171.97,67502.163,2,52,721.08,210.891,NA,16.667,0.056,90,110.225
1018,9,153,697.727,1171.97,67802.173,2,33,721.08,210.891,NA,0,0,0,-90
1019,9,154,697.727,1186.742,68102.182,2,9,735.853,222.322,NA,14.773,0.049,90,90
1020,9,155,708.333,1203.409,68402.192,2,91,755.608,241.991,NA,19.755,0.066,57.529,-32.471
1021,9,156,714.015,1211.742,68702.201,2,26,765.694,252.06,NA,10.086,0.034,55.713,-1.816
1022,9,157,717.803,1225,69002.211,2,60,779.482,264.933,NA,13.788,0.046,74.055,18.341
1023,9,158,717.803,1245.076,69302.221,2,61,799.558,281.346,NA,20.076,0.067,90,15.945
1024,9,159,709.091,1265.152,69602.23,2,87,821.442,293.707,NA,21.885,0.073,113.459,23.459
1025,9,160,703.03,1292.424,69902.24,2,63,849.38,314.749,NA,27.938,0.093,102.529,-10.93
1026,9,161,707.576,1303.788,70202.249,2,56,861.619,326.941,NA,12.239,0.041,68.199,-34.33
1027,9,162,717.803,1310.227,70502.259,2,66,873.705,337.349,NA,12.086,0.04,32.196,-36.003
1028,9,163,717.803,1320.076,70802.269,2,68,883.553,346.093,NA,9.848,0.033,90,57.804
1029,9,164,717.803,1324.242,71102.278,2,41,887.72,349.81,NA,4.167,0.014,90,0
1030,9,165,717.803,1337.5,71402.288,2,38,900.978,361.703,NA,13.258,0.044,90,0
1031,9,166,729.545,1342.424,71702.298,2,46,913.711,371.337,NA,12.733,0.042,22.751,-67.249
1032,9,167,729.545,1330.303,72002.307,2,123,925.832,360.585,NA,12.121,0.04,-90,-112.751
1033,10,1,512.879,971.212,24000.769,2,51,0,0,NA,NA,NA,NA,NA
1034,10,2,511.364,974.621,24300.779,2,64,3.731,3.731,NA,3.731,0.012,113.962,NA
1035,10,3,511.364,979.924,24600.788,2,81,9.034,8.843,NA,5.303,0.018,90,-23.962
1036,10,4,511.364,979.924,24900.798,2,136,9.034,8.843,NA,0,0,0,-90
1037,10,5,514.015,982.197,25200.807,2,79,12.526,11.043,NA,3.492,0.012,40.601,40.601
1038,10,6,514.015,982.197,25500.817,2,82,12.526,11.043,NA,0,0,0,-40.601
1039,10,7,514.015,986.742,25800.827,2,147,17.071,15.572,NA,4.545,0.015,90,90
1040,10,8,512.5,986.742,26100.836,2,129,18.587,15.535,NA,1.515,0.005,180,90
1041,10,9,510.985,981.818,26400.846,2,203,23.739,10.774,NA,5.152,0.017,-107.103,72.897
1042,10,10,510.606,978.409,26700.856,2,83,27.169,7.547,NA,3.43,0.011,-96.34,10.763
1043,10,11,509.47,975.758,27000.865,2,64,30.053,5.682,NA,2.885,0.01,-113.199,-16.858
1044,10,12,509.47,981.061,27300.875,2,115,35.356,10.422,NA,5.303,0.018,90,-156.801
1045,10,13,509.47,982.576,27600.884,2,152,36.872,11.864,NA,1.515,0.005,90,0
1046,10,14,509.47,982.576,27900.894,2,56,36.872,11.864,NA,0,0,0,-90
1047,10,15,509.091,985.985,28200.904,2,77,40.302,15.251,NA,3.43,0.011,96.34,96.34
1048,10,16,511.364,991.667,28500.913,2,83,46.421,20.511,NA,6.12,0.02,68.199,-28.142
1049,10,17,511.364,991.667,28800.923,2,64,46.421,20.511,NA,0,0,0,-68.199
1050,10,18,511.364,991.667,29100.932,2,86,46.421,20.511,NA,0,0,0,0
1051,10,19,511.364,991.667,29400.942,2,116,46.421,20.511,NA,0,0,0,0
1052,10,20,511.364,991.667,29700.952,2,42,46.421,20.511,NA,0,0,0,0
1053,10,21,510.227,998.106,30000.961,2,45,52.96,27.024,NA,6.539,0.022,100.008,100.008
1054,10,22,510.227,1003.788,30300.971,2,59,58.642,32.683,NA,5.682,0.019,90,-10.008
1055,10,23,510.227,1005.303,30600.981,2,80,60.157,34.194,NA,1.515,0.005,90,0
1056,10,24,511.742,1005.303,30900.99,2,62,61.672,34.11,NA,1.515,0.005,0,-90
1057,10,25,511.742,1007.955,31201,2,114,64.324,36.76,NA,2.652,0.009,90,90
1058,10,26,511.742,1007.955,31501.009,2,73,64.324,36.76,NA,0,0,0,-90
1059,10,27,513.636,1007.955,31801.019,2,64,66.218,36.75,NA,1.894,0.006,0,0
1060,10,28,513.636,1008.712,32101.029,2,103,66.975,37.508,NA,0.758,0.003,90,90
1061,10,29,513.636,1008.712,32401.038,2,82,66.975,37.508,NA,0,0,0,-90
1062,10,30,513.636,1008.712,32701.048,2,51,66.975,37.508,NA,0,0,0,0
1063,10,31,514.394,1006.439,33001.057,2,77,69.371,35.26,NA,2.396,0.008,-71.565,-71.565
1064,10,32,514.394,1004.924,33301.067,2,64,70.886,33.746,NA,1.515,0.005,-90,-18.435
1065,10,33,511.742,1004.924,33601.077,2,67,73.538,33.731,NA,2.652,0.009,180,-90
1066,10,34,506.818,1004.924,33901.086,2,126,78.462,34.253,NA,4.924,0.016,180,0
1067,10,35,506.818,1004.924,34201.096,2,88,78.462,34.253,NA,0,0,0,-180
1068,10,36,507.197,1004.924,34501.105,2,50,78.841,34.188,NA,0.379,0.001,0,0
1069,10,37,512.121,1004.545,34801.115,2,81,83.779,33.342,NA,4.939,0.016,-4.399,-4.399
1070,10,38,514.773,1004.545,35101.125,2,75,86.431,33.387,NA,2.652,0.009,0,4.399
1071,10,39,514.773,1009.091,35401.134,2,138,90.976,37.926,NA,4.545,0.015,90,90
1072,10,40,514.773,1009.091,35701.144,2,175,90.976,37.926,NA,0,0,0,-90
1073,10,41,514.773,1009.091,36001.154,2,168,90.976,37.926,NA,0,0,0,0
1074,10,42,514.015,1005.682,36301.163,2,121,94.469,34.488,NA,3.492,0.012,-102.529,-102.529
1075,10,43,513.636,1002.652,36601.173,2,75,97.522,31.449,NA,3.054,0.01,-97.125,5.404
1076,10,44,513.636,999.621,36901.182,2,35,100.553,28.419,NA,3.03,0.01,-90,7.125
1077,10,45,513.636,999.621,37201.192,2,86,100.553,28.419,NA,0,0,0,90
1078,10,46,514.773,1000.379,37501.202,2,48,101.919,29.228,NA,1.366,0.005,33.69,33.69
1079,10,47,514.773,1003.788,37801.211,2,90,105.328,32.631,NA,3.409,0.011,90,56.31
1080,10,48,512.121,1008.333,38101.221,2,85,110.59,37.129,NA,5.262,0.018,120.256,30.256
1081,10,49,512.121,1008.333,38401.23,2,55,110.59,37.129,NA,0,0,0,-120.256
1082,10,50,509.848,1004.924,38701.24,2,41,114.687,33.848,NA,4.097,0.014,-123.69,-123.69
1083,10,51,508.712,1005.303,39001.25,2,62,115.885,34.345,NA,1.198,0.004,161.565,-74.745
1084,10,52,508.712,1010.227,39301.259,2,61,120.809,39.237,NA,4.924,0.016,90,-71.565
1085,10,53,508.712,1010.227,39601.269,2,90,120.809,39.237,NA,0,0,0,-90
1086,10,54,508.712,1010.227,39901.279,2,101,120.809,39.237,NA,0,0,0,0
1087,10,55,505.682,1010.227,40201.288,2,56,123.839,39.673,NA,3.03,0.01,180,180
1088,10,56,505.682,1013.258,40501.298,2,70,126.87,42.657,NA,3.03,0.01,90,-90
1089,10,57,505.682,1018.182,40801.307,2,107,131.794,47.518,NA,4.924,0.016,90,0
1090,10,58,505.303,1018.182,41101.317,2,135,132.173,47.577,NA,0.379,0.001,180,90
1091,10,59,504.924,1020.455,41401.327,2,81,134.477,49.881,NA,2.304,0.008,99.462,-80.538
1092,10,60,504.924,1020.455,41701.336,2,121,134.477,49.881,NA,0,0,0,-99.462
1093,10,61,499.621,1025.758,42001.346,2,106,141.977,56.134,NA,7.5,0.025,135,135
1094,10,62,494.697,1025.758,42301.355,2,89,146.901,57.496,NA,4.924,0.016,180,45
1095,10,63,494.697,1025.758,42601.365,2,143,146.901,57.496,NA,0,0,0,-180
1096,10,64,494.697,1025.758,42901.375,2,129,146.901,57.496,NA,0,0,0,0
1097,10,65,497.348,1023.864,43201.384,2,108,150.159,54.894,NA,3.258,0.011,-35.538,-35.538
1098,10,66,498.485,1023.864,43501.394,2,109,151.296,54.584,NA,1.136,0.004,0,35.538
1099,10,67,502.273,1023.864,43801.404,2,105,155.083,53.709,NA,3.788,0.013,0,0
1100,10,68,506.439,1023.864,44101.413,2,74,159.25,53.044,NA,4.167,0.014,0,0
1101,10,69,506.439,1023.864,44401.423,2,40,159.25,53.044,NA,0,0,0,0
1102,10,70,501.894,1026.515,44701.432,2,54,164.512,56.383,NA,5.262,0.018,149.744,149.744
1103,10,71,496.591,1027.652,45001.442,2,49,169.936,58.743,NA,5.423,0.018,167.905,18.162
1104,10,72,493.939,1027.652,45301.452,2,122,172.587,59.532,NA,2.652,0.009,180,12.095
1105,10,73,496.591,1023.106,45601.461,2,173,177.85,54.39,NA,5.262,0.018,-59.744,120.256
1106,10,74,496.591,1023.106,45901.471,2,98,177.85,54.39,NA,0,0,0,59.744
1107,10,75,495.076,1020.833,46201.48,2,110,180.581,52.718,NA,2.731,0.009,-123.69,-123.69
1108,10,76,495.076,1020.833,46501.49,2,90,180.581,52.718,NA,0,0,0,123.69
1109,10,77,489.773,1020.833,46801.5,2,93,185.884,54.737,NA,5.303,0.018,180,180
1110,10,78,487.5,1021.591,47101.509,2,103,188.28,56.41,NA,2.396,0.008,161.565,-18.435
1111,10,79,487.5,1021.591,47401.519,2,87,188.28,56.41,NA,0,0,0,-161.565
1112,10,80,492.045,1021.97,47701.528,2,45,192.841,54.867,NA,4.561,0.015,4.764,4.764
1113,10,81,495.076,1022.348,48001.538,2,60,195.895,54.147,NA,3.054,0.01,7.125,2.361
1114,10,82,500,1017.045,48301.548,2,66,203.132,47.608,NA,7.237,0.024,-47.121,-54.246
1115,10,83,507.576,1017.045,48601.557,2,102,210.707,46.139,NA,7.576,0.025,0,47.121
1116,10,84,507.576,1017.045,48901.567,2,89,210.707,46.139,NA,0,0,0,0
1117,10,85,507.576,1010.985,49201.577,2,146,216.768,40.125,NA,6.061,0.02,-90,-90
1118,10,86,507.576,1010.985,49501.586,2,120,216.768,40.125,NA,0,0,0,90
1119,10,87,507.576,1010.985,49801.596,2,96,216.768,40.125,NA,0,0,0,0
1120,10,88,507.576,1010.985,50101.605,2,93,216.768,40.125,NA,0,0,0,0
1121,10,89,502.652,1010.985,50401.615,2,115,221.692,41.067,NA,4.924,0.016,180,180
1122,10,90,499.621,1012.5,50701.625,2,124,225.08,43.364,NA,3.388,0.011,153.435,-26.565
1123,10,91,491.667,1013.258,51001.634,2,164,233.071,47.093,NA,7.991,0.027,174.56,21.125
1124,10,92,491.667,1013.258,51301.644,2,85,233.071,47.093,NA,0,0,0,-174.56
1125,10,93,494.318,1017.045,51601.653,2,75,237.694,49.449,NA,4.624,0.015,55.008,55.008
1126,10,94,494.318,1018.939,51901.663,2,91,239.588,51.209,NA,1.894,0.006,90,34.992
1127,10,95,503.788,1018.939,52201.673,2,66,249.058,48.585,NA,9.47,0.032,0,-90
1128,10,96,514.394,1011.742,52501.682,2,93,261.875,40.559,NA,12.817,0.043,-34.16,-34.16
1129,10,97,512.5,1012.879,52801.692,2,141,264.084,41.668,NA,2.209,0.007,149.036,-176.804
1130,10,98,504.545,1013.258,53101.702,2,68,272.048,42.863,NA,7.964,0.027,177.274,28.237
1131,10,99,506.439,1020.455,53401.711,2,175,279.49,49.662,NA,7.442,0.025,75.256,-102.017
1132,10,100,506.061,1025.758,53701.721,2,127,284.806,54.97,NA,5.317,0.018,94.086,18.829
1133,10,101,506.061,1028.788,54001.73,2,90,287.837,57.978,NA,3.03,0.01,90,-4.086
1134,10,102,506.061,1028.788,54301.74,2,167,287.837,57.978,NA,0,0,0,-90
1135,10,103,500.758,1028.788,54601.75,2,100,293.14,58.838,NA,5.303,0.018,180,180
1136,10,104,493.182,1023.485,54901.759,2,91,302.387,55.861,NA,9.247,0.031,-145.008,34.992
1137,10,105,484.091,1015.909,55201.769,2,78,314.221,53.165,NA,11.834,0.039,-140.194,4.814
1138,10,106,484.091,1015.53,55501.778,2,84,314.599,52.847,NA,0.379,0.001,-90,50.194
1139,10,107,493.182,1015.53,55801.788,2,75,323.69,48.498,NA,9.091,0.03,0,90
1140,10,108,489.015,1020.076,56101.798,2,135,329.857,54.379,NA,6.166,0.021,132.51,132.51
1141,10,109,478.409,1020.076,56401.807,2,106,340.463,59.798,NA,10.606,0.035,180,47.49
1142,10,110,478.409,1020.076,56701.817,2,89,340.463,59.798,NA,0,0,0,-180
1143,10,111,495.833,1007.955,57001.826,2,37,361.688,40.504,NA,21.226,0.071,-34.824,-34.824
1144,10,112,504.167,1006.818,57301.836,2,162,370.099,36.656,NA,8.41,0.028,-7.765,27.059
1145,10,113,504.167,999.621,57601.846,2,166,377.296,29.715,NA,7.197,0.024,-90,-82.235
1146,10,114,504.167,997.348,57901.855,2,94,379.568,27.55,NA,2.273,0.008,-90,0
1147,10,115,504.167,992.045,58201.865,2,101,384.872,22.582,NA,5.303,0.018,-90,0
1148,10,116,504.167,992.045,58501.875,2,68,384.872,22.582,NA,0,0,0,90
1149,10,117,514.015,992.424,58801.884,2,54,394.727,21.243,NA,9.856,0.033,2.203,2.203
1150,10,118,521.97,992.424,59101.894,2,79,402.682,23.078,NA,7.955,0.027,0,-2.203
1151,10,119,537.5,993.939,59401.903,2,62,418.286,33.507,NA,15.604,0.052,5.572,5.572
1152,10,120,546.97,1000.758,59701.913,2,77,429.955,45.112,NA,11.669,0.039,35.754,30.182
1153,10,121,552.652,996.212,60001.923,2,109,437.231,46.977,NA,7.276,0.024,-38.66,-74.414
1154,10,122,556.818,994.697,60301.932,2,67,441.665,49.822,NA,4.434,0.015,-19.983,18.677
1155,11,1,555.303,997.348,24900.798,2,66,0,0,NA,NA,NA,NA,NA
1156,11,2,550,997.348,25200.807,2,46,5.303,5.303,NA,5.303,0.018,180,NA
1157,11,3,550,997.348,25500.817,2,26,5.303,5.303,NA,0,0,0,-180
1158,11,4,549.242,1000.758,25800.827,2,46,8.795,6.954,NA,3.492,0.012,102.529,102.529
1159,11,5,545.455,999.242,26100.836,2,42,12.875,10.029,NA,4.08,0.014,-158.199,99.273
1160,11,6,540.53,996.212,26400.846,2,14,18.657,14.816,NA,5.782,0.019,-148.392,9.806
1161,11,7,540.53,985.227,26700.856,2,33,29.642,19.109,NA,10.985,0.037,-90,58.392
1162,11,8,540.53,976.136,27000.865,2,14,38.733,25.849,NA,9.091,0.03,-90,0
1163,11,9,540.53,976.136,27300.875,2,32,38.733,25.849,NA,0,0,0,90
1164,11,10,537.121,976.136,27600.884,2,45,42.142,27.938,NA,3.409,0.011,180,180
1165,11,11,533.333,976.136,27900.894,2,124,45.93,30.539,NA,3.788,0.013,180,0
1166,11,12,528.788,971.591,28200.904,2,55,52.358,36.966,NA,6.428,0.021,-135,45
1167,11,13,528.788,971.591,28500.913,2,66,52.358,36.966,NA,0,0,0,135
1168,11,14,520.076,967.045,28800.923,2,77,62.184,46.468,NA,9.827,0.033,-152.447,-152.447
1169,11,15,520.076,965.152,29100.932,2,81,64.078,47.724,NA,1.894,0.006,-90,62.447
1170,11,16,520.076,964.773,29400.942,2,75,64.457,47.981,NA,0.379,0.001,-90,0
1171,11,17,516.288,964.773,29700.952,2,88,68.245,50.827,NA,3.788,0.013,180,-90
1172,11,18,514.394,965.909,30000.961,2,107,70.454,51.594,NA,2.209,0.007,149.036,-30.964
1173,11,19,514.394,965.909,30300.971,2,169,70.454,51.594,NA,0,0,0,-149.036
1174,11,20,514.394,965.909,30600.981,2,130,70.454,51.594,NA,0,0,0,0
1175,11,21,514.394,965.909,30900.99,2,83,70.454,51.594,NA,0,0,0,0
1176,11,22,519.697,968.561,31201,2,85,76.383,45.788,NA,5.929,0.02,26.565,26.565
1177,11,23,525.758,968.561,31501.009,2,80,82.443,41.251,NA,6.061,0.02,0,-26.565
1178,11,24,525.758,967.803,31801.019,2,86,83.201,41.784,NA,0.758,0.003,-90,-90
1179,11,25,525.758,967.803,32101.029,2,29,83.201,41.784,NA,0,0,0,90
1180,11,26,529.924,967.803,32401.038,2,87,87.368,38.949,NA,4.167,0.014,0,0
1181,11,27,529.924,967.803,32701.048,2,66,87.368,38.949,NA,0,0,0,0
1182,11,28,531.439,967.803,33001.057,2,48,88.883,37.979,NA,1.515,0.005,0,0
1183,11,29,532.576,967.803,33301.067,2,50,90.019,37.275,NA,1.136,0.004,0,0
1184,11,30,532.576,970.455,33601.077,2,99,92.671,35.211,NA,2.652,0.009,90,90
1185,11,31,532.576,973.864,33901.086,2,56,96.08,32.681,NA,3.409,0.011,90,0
1186,11,32,532.576,974.621,34201.096,2,86,96.837,32.141,NA,0.758,0.003,90,0
1187,11,33,532.576,978.03,34501.105,2,68,100.246,29.828,NA,3.409,0.011,90,0
1188,11,34,532.576,978.03,34801.115,2,62,100.246,29.828,NA,0,0,0,-90
1189,11,35,529.545,980.303,35101.125,2,99,104.034,30.887,NA,3.788,0.013,143.13,143.13
1190,11,36,529.545,980.303,35401.134,2,80,104.034,30.887,NA,0,0,0,-143.13
1191,11,37,525.379,980.303,35701.144,2,77,108.201,34.438,NA,4.167,0.014,180,180
1192,11,38,523.106,979.924,36001.154,2,66,110.505,36.609,NA,2.304,0.008,-170.538,9.462
1193,11,39,521.591,976.515,36301.163,2,133,114.236,39.63,NA,3.731,0.012,-113.962,56.575
1194,11,40,521.591,976.515,36601.173,2,62,114.236,39.63,NA,0,0,0,113.962
1195,11,41,520.076,976.894,36901.182,2,105,115.797,40.735,NA,1.562,0.005,165.964,165.964
1196,11,42,519.318,976.894,37201.192,2,69,116.555,41.392,NA,0.758,0.003,180,14.036
1197,11,43,519.318,976.894,37501.202,2,61,116.555,41.392,NA,0,0,0,-180
1198,11,44,513.636,979.545,37801.211,2,96,122.825,45.311,NA,6.27,0.021,154.983,154.983
1199,11,45,513.636,980.303,38101.221,2,94,123.583,45.018,NA,0.758,0.003,90,-64.983
1200,11,46,513.636,982.955,38401.23,2,58,126.234,44.083,NA,2.652,0.009,90,0
1201,11,47,513.258,982.955,38701.24,2,126,126.613,44.441,NA,0.379,0.001,180,90
1202,11,48,513.258,982.955,39001.25,2,76,126.613,44.441,NA,0,0,0,-180
1203,11,49,513.258,982.955,39301.259,2,121,126.613,44.441,NA,0,0,0,0
1204,11,50,513.258,982.955,39601.269,2,96,126.613,44.441,NA,0,0,0,0
1205,11,51,502.273,982.955,39901.279,2,229,137.598,54.949,NA,10.985,0.037,180,180
1206,11,52,501.515,982.955,40201.288,2,164,138.355,55.681,NA,0.758,0.003,180,0
1207,11,53,500.379,982.955,40501.298,2,192,139.492,56.779,NA,1.136,0.004,180,0
1208,11,54,507.576,982.955,40801.307,2,224,146.689,49.851,NA,7.197,0.024,0,-180
1209,11,55,513.636,982.955,41101.317,2,64,152.749,44.083,NA,6.061,0.02,0,0
1210,11,56,507.955,982.955,41401.327,2,222,158.431,49.488,NA,5.682,0.019,180,180
1211,11,57,507.955,979.545,41701.336,2,99,161.84,50.585,NA,3.409,0.011,-90,90
1212,11,58,503.03,979.545,42001.346,2,66,166.764,55.221,NA,4.924,0.016,180,-90
1213,11,59,503.03,979.545,42301.355,2,114,166.764,55.221,NA,0,0,0,-180
1214,11,60,502.273,979.545,42601.365,2,62,167.522,55.939,NA,0.758,0.003,180,180
1215,11,61,498.485,976.136,42901.375,2,150,172.618,60.649,NA,5.096,0.017,-138.013,41.987
1216,11,62,497.727,973.864,43201.384,2,106,175.014,62.181,NA,2.396,0.008,-108.435,29.578
1217,11,63,496.212,972.348,43501.394,2,146,177.156,64.162,NA,2.143,0.007,-135,-26.565
1218,11,64,496.212,972.348,43801.404,2,126,177.156,64.162,NA,0,0,0,135
1219,11,65,492.803,972.348,44101.413,2,247,180.566,67.315,NA,3.409,0.011,180,180
1220,11,66,490.53,970.833,44401.423,2,255,183.297,69.99,NA,2.731,0.009,-146.31,33.69
1221,11,67,491.288,970.833,44701.432,2,141,184.055,69.289,NA,0.758,0.003,0,146.31
1222,11,68,491.288,970.833,45001.442,2,175,184.055,69.289,NA,0,0,0,0
1223,11,69,491.288,970.833,45301.452,2,98,184.055,69.289,NA,0,0,0,0
1224,11,70,491.288,970.833,45601.461,2,143,184.055,69.289,NA,0,0,0,0
1225,11,71,485.227,970.076,45901.471,2,185,190.162,75.196,NA,6.108,0.02,-172.875,-172.875
1226,11,72,482.576,968.182,46201.48,2,168,193.421,78.358,NA,3.258,0.011,-144.462,28.413
1227,11,73,482.576,968.561,46501.49,2,205,193.8,78.218,NA,0.379,0.001,90,-125.538
1228,11,74,482.576,965.909,46801.5,2,222,196.451,79.232,NA,2.652,0.009,-90,-180
1229,11,75,482.576,965.909,47101.509,2,241,196.451,79.232,NA,0,0,0,90
1230,11,76,482.576,959.091,47401.519,2,209,203.269,82.176,NA,6.818,0.023,-90,-90
1231,11,77,480.303,958.712,47701.528,2,84,205.573,84.367,NA,2.304,0.008,-170.538,-80.538
1232,11,78,479.545,947.727,48001.538,2,139,216.584,90.562,NA,11.011,0.037,-93.945,76.592
1233,11,79,479.545,947.348,48301.548,2,225,216.963,90.77,NA,0.379,0.001,-90,3.945
1234,11,80,481.061,943.561,48601.557,2,207,221.043,91.679,NA,4.08,0.014,-68.199,21.801
1235,11,81,484.091,943.561,48901.567,2,243,224.073,89.243,NA,3.03,0.01,0,68.199
1236,11,82,485.985,945.076,49201.577,2,212,226.499,86.818,NA,2.425,0.008,38.66,38.66
1237,11,83,488.258,950.758,49501.586,2,158,232.618,81.644,NA,6.12,0.02,68.199,29.539
1238,11,84,495.076,958.333,49801.596,2,173,242.81,71.76,NA,10.192,0.034,48.013,-20.186
1239,11,85,496.97,959.091,50101.605,2,205,244.85,69.76,NA,2.04,0.007,21.801,-26.211
1240,11,86,489.773,959.091,50401.615,2,214,252.047,75.881,NA,7.197,0.024,180,158.199
1241,11,87,484.47,959.091,50701.625,2,204,257.35,80.505,NA,5.303,0.018,180,0
1242,11,88,484.47,953.03,51001.634,2,139,263.411,83.555,NA,6.061,0.02,-90,90
1243,11,89,479.167,950.758,51301.644,2,255,269.18,89.261,NA,5.77,0.019,-156.801,-66.801
1244,11,90,479.167,950.758,51601.653,2,235,269.18,89.261,NA,0,0,0,156.801
1245,11,91,479.167,943.561,51901.663,2,104,276.377,93.22,NA,7.197,0.024,-90,-90
1246,11,92,472.348,936.742,52201.673,2,170,286.02,102.735,NA,9.642,0.032,-135,-45
1247,11,93,472.348,931.061,52501.682,2,78,291.701,106.186,NA,5.682,0.019,-90,45
1248,11,94,471.97,931.061,52801.692,2,12,292.08,106.483,NA,0.379,0.001,180,-90
1249,11,95,462.879,929.167,53101.702,2,94,301.366,114.852,NA,9.286,0.031,-168.232,11.768
1250,11,96,462.5,928.788,53401.711,2,208,301.902,115.382,NA,0.536,0.002,-135,33.232
1251,11,97,462.5,925,53701.721,2,79,305.69,117.672,NA,3.788,0.013,-90,45
1252,11,98,459.848,925.379,54001.73,2,71,308.368,119.546,NA,2.678,0.009,171.87,-98.13
1253,11,99,454.924,931.061,54301.74,2,158,315.887,120.291,NA,7.519,0.025,130.914,-40.956
1254,11,100,449.621,932.955,54601.75,2,133,321.518,123.755,NA,5.631,0.019,160.346,29.432
1255,11,101,449.621,932.576,54901.759,2,194,321.897,123.952,NA,0.379,0.001,-90,109.654
1256,11,102,441.667,925.758,55201.769,2,216,332.374,134.307,NA,10.477,0.035,-139.399,-49.399
1257,11,103,442.045,925,55501.778,2,164,333.221,134.393,NA,0.847,0.003,-63.435,75.964
1258,11,104,447.348,928.409,55801.788,2,236,339.525,128.089,NA,6.304,0.021,32.735,96.17
1259,11,105,447.348,931.818,56101.798,2,117,342.934,126.287,NA,3.409,0.011,90,57.265
1260,11,106,449.242,926.515,56401.807,2,198,348.565,127.539,NA,5.631,0.019,-70.346,-160.346
1261,11,107,455.303,921.591,56701.817,2,135,356.374,125.456,NA,7.809,0.026,-39.094,31.252
1262,11,108,456.439,918.939,57001.826,2,148,359.259,126.182,NA,2.885,0.01,-66.801,-27.708
1263,11,109,452.273,918.939,57301.836,2,182,363.425,129.473,NA,4.167,0.014,180,-113.199
1264,11,110,444.318,918.939,57601.846,2,172,371.38,135.888,NA,7.955,0.027,180,0
1265,11,111,443.939,923.864,57901.855,2,135,376.319,133.424,NA,4.939,0.016,94.399,-85.601
1266,11,112,442.803,923.864,58201.865,2,96,377.455,134.374,NA,1.136,0.004,180,85.601
1267,11,113,448.106,923.864,58501.875,2,101,382.758,129.966,NA,5.303,0.018,0,-180
1268,11,114,452.652,923.864,58801.884,2,114,387.304,126.243,NA,4.545,0.015,0,0
1269,11,115,452.652,917.045,59101.894,2,131,394.122,130.33,NA,6.818,0.023,-90,-90
1270,11,116,448.106,913.636,59401.903,2,250,399.804,136.011,NA,5.682,0.019,-143.13,-53.13
1271,11,117,447.348,913.636,59701.913,2,116,400.561,136.609,NA,0.758,0.003,180,-36.87
1272,11,118,443.939,901.894,60001.923,2,178,412.788,146.675,NA,12.227,0.041,-106.189,73.811
1273,11,119,443.939,901.515,60301.932,2,81,413.167,146.921,NA,0.379,0.001,-90,16.189
1274,11,120,434.091,881.439,60601.942,2,154,435.529,167.712,NA,22.361,0.075,-116.131,-26.131
1275,11,121,434.091,879.167,60901.951,2,238,437.801,169.291,NA,2.273,0.008,-90,26.131
1276,11,122,434.091,879.167,61201.961,2,247,437.801,169.291,NA,0,0,0,90
1277,11,123,425.758,879.167,61501.971,2,255,446.135,175.354,NA,8.333,0.028,180,180
1278,11,124,425.379,878.788,61801.98,2,255,446.67,175.889,NA,0.536,0.002,-135,45
1279,11,125,419.697,875.758,62101.99,2,131,453.11,182.136,NA,6.439,0.021,-151.928,-16.928
1280,11,126,420.833,871.212,62402,2,210,457.795,184.371,NA,4.685,0.016,-75.964,75.964
1281,11,127,414.015,870.076,62702.009,2,102,464.707,190.159,NA,6.912,0.023,-170.538,-94.574
1282,11,128,410.985,870.076,63002.019,2,118,467.738,192.422,NA,3.03,0.01,180,-9.462
1283,11,129,412.121,870.455,63302.028,2,84,468.935,191.319,NA,1.198,0.004,18.435,-161.565
1284,11,130,412.121,873.864,63602.038,2,180,472.344,189.075,NA,3.409,0.011,90,71.565
1285,11,131,412.121,873.864,63902.048,2,141,472.344,189.075,NA,0,0,0,-90
1286,11,132,414.773,871.212,64202.057,2,174,476.094,188.836,NA,3.75,0.012,-45,-45
1287,11,133,410.985,871.212,64502.067,2,157,479.882,191.672,NA,3.788,0.013,180,-135
1288,11,134,405.303,877.273,64802.076,2,141,488.19,192.141,NA,8.307,0.028,133.152,-46.848
1289,11,135,404.924,889.773,65102.086,2,255,500.695,184.895,NA,12.506,0.042,91.736,-41.417
1290,11,136,404.924,889.773,65402.096,2,253,500.695,184.895,NA,0,0,0,-91.736
1291,11,137,394.318,884.47,65702.105,2,114,512.553,196.616,NA,11.858,0.04,-153.435,-153.435
1292,11,138,398.106,875,66002.115,2,160,522.752,199.198,NA,10.199,0.034,-68.199,85.236
1293,11,139,395.076,873.864,66302.124,2,179,525.989,202.29,NA,3.236,0.011,-159.444,-91.245
1294,11,140,395.076,873.864,66602.134,2,193,525.989,202.29,NA,0,0,0,159.444
1295,11,141,387.5,873.864,66902.144,2,146,533.565,208.342,NA,7.576,0.025,180,180
1296,11,142,383.712,876.136,67202.153,2,163,537.982,210.085,NA,4.417,0.015,149.036,-30.964
1297,11,143,383.712,868.561,67502.163,2,169,545.558,214.545,NA,7.576,0.025,-90,120.964
1298,11,144,383.712,868.561,67802.173,2,251,545.558,214.545,NA,0,0,0,90
1299,11,145,383.712,863.636,68102.182,2,194,550.482,217.537,NA,4.924,0.016,-90,-90
1300,11,146,381.439,864.394,68402.192,2,173,552.878,218.873,NA,2.396,0.008,161.565,-108.435
1301,11,147,381.439,864.394,68702.201,2,255,552.878,218.873,NA,0,0,0,-161.565
1302,11,148,381.439,864.394,69002.211,2,255,552.878,218.873,NA,0,0,0,0
1303,11,149,381.439,864.394,69302.221,2,255,552.878,218.873,NA,0,0,0,0
1304,11,150,381.439,864.394,69602.23,2,255,552.878,218.873,NA,0,0,0,0
1305,11,151,382.576,866.667,69902.24,2,188,555.419,216.593,NA,2.541,0.008,63.435,63.435
1306,11,152,379.545,868.182,70202.249,2,233,558.807,218.116,NA,3.388,0.011,153.435,90
1307,11,153,379.545,868.182,70502.259,2,207,558.807,218.116,NA,0,0,0,-153.435
1308,11,154,376.894,871.591,70802.269,2,243,563.125,218.277,NA,4.319,0.014,127.875,127.875
1309,11,155,376.515,871.591,71102.278,2,123,563.504,218.587,NA,0.379,0.001,180,52.125
1310,11,156,375.379,872.727,71402.288,2,151,565.111,218.868,NA,1.607,0.005,135,-45
1311,11,157,373.485,877.652,71702.298,2,110,570.387,217.681,NA,5.276,0.018,111.038,-23.962
1312,11,159,373.485,884.848,72002.307,2,91,577.584,213.809,NA,7.197,0.024,90,-21.038
1313,12,1,505.303,865.152,19500.625,2,10,0,0,NA,NA,NA,NA,NA
1314,12,2,498.106,865.152,19800.634,2,49,7.197,7.197,NA,7.197,0.024,180,NA
1315,12,3,498.106,865.152,20100.644,2,36,7.197,7.197,NA,0,0,0,-180
1316,12,4,498.106,865.152,20400.654,2,22,7.197,7.197,NA,0,0,0,0
1317,12,5,498.106,864.394,20700.663,2,30,7.955,7.237,NA,0.758,0.003,-90,-90
1318,12,6,493.561,860.227,21000.673,2,16,14.121,12.733,NA,6.166,0.021,-137.49,-47.49
1319,12,7,493.561,860.227,21300.683,2,27,14.121,12.733,NA,0,0,0,137.49
1320,12,8,492.424,856.818,21600.692,2,41,17.714,15.34,NA,3.593,0.012,-108.435,-108.435
1321,12,9,488.258,856.818,21900.702,2,10,21.881,18.973,NA,4.167,0.014,180,-71.565
1322,12,10,487.879,856.818,22200.711,2,13,22.26,19.314,NA,0.379,0.001,180,0
1323,12,11,484.47,860.606,22500.721,2,57,27.356,21.323,NA,5.096,0.017,131.987,-48.013
1324,12,12,473.485,864.773,22800.731,2,104,39.104,31.82,NA,11.749,0.039,159.228,27.241
1325,12,13,473.485,864.773,23100.74,2,83,39.104,31.82,NA,0,0,0,-159.228
1326,12,14,466.288,864.773,23400.75,2,96,46.301,39.017,NA,7.197,0.024,180,180
1327,12,15,457.955,867.803,23700.759,2,85,55.168,47.423,NA,8.867,0.03,160.017,-19.983
1328,12,16,449.242,867.803,24000.769,2,65,63.881,56.123,NA,8.712,0.029,180,19.983
1329,12,17,441.288,868.182,24300.779,2,109,71.844,64.087,NA,7.964,0.027,177.274,-2.726
1330,12,18,436.364,868.182,24600.788,2,152,76.768,69.006,NA,4.924,0.016,180,2.726
1331,12,19,429.545,868.182,24900.798,2,105,83.587,75.818,NA,6.818,0.023,180,0
1332,12,20,421.591,868.939,25200.807,2,28,91.577,83.798,NA,7.991,0.027,174.56,-5.44
1333,12,21,414.015,876.136,25500.817,2,49,102.026,91.946,NA,10.449,0.035,136.469,-38.091
1334,12,22,414.015,876.136,25800.827,2,108,102.026,91.946,NA,0,0,0,-136.469
1335,12,23,405.682,884.091,26100.836,2,30,113.547,101.406,NA,11.52,0.038,136.332,136.332
1336,12,24,396.97,892.424,26400.846,2,98,125.603,111.714,NA,12.056,0.04,136.273,-0.059
1337,12,25,389.773,907.197,26700.856,2,89,142.035,122.943,NA,16.433,0.055,115.974,-20.299
1338,12,26,384.091,907.197,27000.865,2,48,147.717,128.297,NA,5.682,0.019,180,64.026
1339,12,27,379.924,907.955,27300.875,2,87,151.952,132.484,NA,4.235,0.014,169.695,-10.305
1340,12,28,370.076,907.955,27600.884,2,44,161.801,141.84,NA,9.848,0.033,180,10.305
1341,12,29,369.697,901.136,27900.894,2,50,168.629,140.299,NA,6.829,0.023,-93.18,86.82
1342,12,30,380.303,901.515,28200.904,2,153,179.242,130.182,NA,10.613,0.035,2.045,95.225
1343,12,31,380.303,910.227,28500.913,2,190,187.954,132.879,NA,8.712,0.029,90,87.955
1344,12,32,383.333,910.227,28800.923,2,120,190.985,130.032,NA,3.03,0.01,0,-90
1345,12,33,370.455,909.47,29100.932,2,130,203.886,141.944,NA,12.901,0.043,-176.634,-176.634
1346,12,34,368.182,904.545,29400.942,2,40,209.309,142.668,NA,5.423,0.018,-114.775,61.858
1347,12,35,371.212,902.652,29700.952,2,94,212.883,139.236,NA,3.573,0.012,-32.005,82.77
1348,12,36,371.212,893.939,30000.961,2,77,221.595,137.146,NA,8.712,0.029,-90,-57.995
1349,12,37,371.212,893.939,30300.971,2,114,221.595,137.146,NA,0,0,0,90
1350,12,38,371.97,888.258,30600.981,2,82,227.327,135.321,NA,5.732,0.019,-82.405,-82.405
1351,12,39,371.97,888.258,30900.99,2,100,227.327,135.321,NA,0,0,0,82.405
1352,12,40,357.955,888.258,31201,2,107,241.342,149.149,NA,14.015,0.047,180,180
1353,12,41,364.394,885.227,31501.009,2,83,248.459,142.332,NA,7.117,0.024,-25.201,154.799
1354,12,42,371.97,884.47,31801.019,2,100,256.072,134.726,NA,7.614,0.025,-5.711,19.491
1355,12,43,377.273,884.47,32101.029,2,129,261.375,129.48,NA,5.303,0.018,0,5.711
1356,12,44,380.682,884.47,32401.038,2,109,264.784,126.11,NA,3.409,0.011,0,0
1357,12,45,380.682,890.909,32701.048,2,90,271.224,127.255,NA,6.439,0.021,90,90
1358,12,46,380.682,890.909,33001.057,2,55,271.224,127.255,NA,0,0,0,-90
1359,12,47,380.682,896.97,33301.067,2,79,277.284,128.619,NA,6.061,0.02,90,90
1360,12,48,386.364,896.97,33601.077,2,159,282.966,123.122,NA,5.682,0.019,0,-90
1361,12,49,388.258,893.561,33901.086,2,113,286.866,120.444,NA,3.9,0.013,-60.945,-60.945
1362,12,50,389.394,887.5,34201.096,2,175,293.032,118.044,NA,6.166,0.021,-79.38,-18.435
1363,12,51,390.152,878.03,34501.105,2,73,302.532,115.869,NA,9.5,0.032,-85.426,-6.046
1364,12,52,390.152,878.03,34801.115,2,90,302.532,115.869,NA,0,0,0,85.426
1365,12,53,395.076,867.803,35101.125,2,109,313.883,110.259,NA,11.351,0.038,-64.29,-64.29
1366,12,54,395.076,860.227,35401.134,2,125,321.459,110.337,NA,7.576,0.025,-90,-25.71
1367,12,55,391.288,860.227,35701.144,2,93,325.247,114.121,NA,3.788,0.013,180,-90
1368,12,56,385.606,860.227,36001.154,2,99,330.929,119.798,NA,5.682,0.019,180,0
1369,12,57,377.273,860.227,36301.163,2,148,339.262,128.125,NA,8.333,0.028,180,0
1370,12,58,376.894,860.227,36601.173,2,121,339.641,128.503,NA,0.379,0.001,180,0
1371,12,59,370.833,860.227,36901.182,2,255,345.701,134.56,NA,6.061,0.02,180,0
1372,12,60,370.833,856.439,37201.192,2,135,349.489,134.752,NA,3.788,0.013,-90,90
1373,12,61,375.379,856.061,37501.202,2,186,354.05,130.242,NA,4.561,0.015,-4.764,85.236
1374,12,62,381.818,853.788,37801.211,2,154,360.879,124.007,NA,6.829,0.023,-19.44,-14.676
1375,12,63,391.667,853.788,38101.221,2,183,370.728,114.203,NA,9.848,0.033,0,19.44
1376,12,64,397.348,853.788,38401.23,2,140,376.409,108.551,NA,5.682,0.019,0,0
1377,12,65,397.348,853.788,38701.24,2,154,376.409,108.551,NA,0,0,0,0
1378,12,66,411.364,853.788,39001.25,2,122,390.425,94.624,NA,14.015,0.047,0,0
1379,12,67,420.833,853.788,39301.259,2,97,399.894,85.231,NA,9.47,0.032,0,0
1380,12,68,420.833,853.788,39601.269,2,87,399.894,85.231,NA,0,0,0,0
1381,12,69,431.818,851.894,39901.279,2,83,411.041,74.671,NA,11.147,0.037,-9.782,-9.782
1382,12,70,429.924,846.591,40201.288,2,119,416.672,77.63,NA,5.631,0.019,-109.654,-99.871
1383,12,71,429.924,834.848,40501.298,2,122,428.415,81.242,NA,11.742,0.039,-90,19.654
1384,12,72,432.955,823.106,40801.307,2,142,440.542,83.679,NA,12.127,0.04,-75.53,14.47
1385,12,73,435.985,812.121,41101.317,2,130,451.937,87.277,NA,11.395,0.038,-74.578,0.952
1386,12,74,439.015,802.652,41401.327,2,223,461.88,91.106,NA,9.943,0.033,-72.255,2.323
1387,12,75,439.015,799.242,41701.336,2,122,465.289,93.478,NA,3.409,0.011,-90,-17.745
1388,12,76,439.015,792.045,42001.346,2,253,472.486,98.684,NA,7.197,0.024,-90,0
1389,12,77,439.015,787.121,42301.355,2,222,477.41,102.386,NA,4.924,0.016,-90,0
1390,12,78,439.015,784.848,42601.365,2,169,479.683,104.128,NA,2.273,0.008,-90,0
1391,12,79,437.121,790.909,42901.375,2,255,486.032,100.8,NA,6.35,0.021,107.354,-162.646
1392,12,80,432.576,790.909,43201.384,2,178,490.578,103.929,NA,4.545,0.015,180,72.646
1393,12,81,432.197,786.364,43501.394,2,126,495.139,107.48,NA,4.561,0.015,-94.764,85.236
1394,12,82,432.197,786.364,43801.404,2,157,495.139,107.48,NA,0,0,0,94.764
1395,12,83,432.197,786.364,44101.413,2,176,495.139,107.48,NA,0,0,0,0
1396,12,84,421.591,786.364,44401.423,2,101,505.745,114.958,NA,10.606,0.035,180,180
1397,12,85,422.727,784.091,44701.432,2,194,508.286,115.713,NA,2.541,0.008,-63.435,116.565
1398,12,86,427.273,784.091,45001.442,2,93,512.832,112.515,NA,4.545,0.015,0,63.435
1399,12,87,436.364,782.576,45301.452,2,98,522.048,107.57,NA,9.216,0.031,-9.462,-9.462
1400,12,88,434.47,781.818,45601.461,2,113,524.088,109.37,NA,2.04,0.007,-158.199,-148.736
1401,12,89,437.5,776.136,45901.471,2,177,530.527,111.897,NA,6.439,0.021,-61.928,96.271
1402,12,90,437.5,776.136,46201.48,2,88,530.527,111.897,NA,0,0,0,61.928
1403,12,91,440.53,776.136,46501.49,2,98,533.557,110.087,NA,3.03,0.01,0,0
1404,12,92,440.53,776.136,46801.5,2,144,533.557,110.087,NA,0,0,0,0
1405,12,93,438.636,772.348,47101.509,2,224,537.792,114.267,NA,4.235,0.014,-116.565,-116.565
1406,12,94,428.03,772.348,47401.519,2,175,548.398,120.762,NA,10.606,0.035,180,-63.435
1407,12,95,420.833,780.682,47701.528,2,138,559.409,119.458,NA,11.011,0.037,130.815,-49.185
1408,12,96,414.394,788.636,48001.538,2,114,569.644,118.824,NA,10.234,0.034,128.991,-1.824
1409,12,97,408.333,788.636,48301.548,2,204,575.704,123.522,NA,6.061,0.02,180,51.009
1410,12,98,408.333,788.636,48601.557,2,120,575.704,123.522,NA,0,0,0,-180
1411,12,99,408.333,788.636,48901.567,2,128,575.704,123.522,NA,0,0,0,0
1412,12,100,408.333,788.636,49201.577,2,99,575.704,123.522,NA,0,0,0,0
1413,12,101,408.333,788.636,49501.586,2,155,575.704,123.522,NA,0,0,0,0
1414,12,102,406.061,785.606,49801.596,2,100,579.492,127.187,NA,3.788,0.013,-126.87,-126.87
1415,12,103,405.303,785.227,50101.605,2,98,580.339,128.015,NA,0.847,0.003,-153.435,-26.565
1416,12,104,405.303,784.47,50401.615,2,82,581.097,128.49,NA,0.758,0.003,-90,63.435
1417,12,105,403.788,784.47,50701.625,2,92,582.612,129.672,NA,1.515,0.005,180,-90
1418,12,106,402.652,780.303,51001.634,2,91,586.931,133.179,NA,4.319,0.014,-105.255,74.745
1419,12,107,402.652,780.303,51301.644,2,89,586.931,133.179,NA,0,0,0,105.255
1420,12,108,396.97,780.303,51601.653,2,89,592.613,137.606,NA,5.682,0.019,180,180
1421,12,109,393.939,776.515,51901.663,2,73,597.463,142.332,NA,4.851,0.016,-128.66,51.34
1422,12,110,391.667,774.242,52201.673,2,79,600.678,145.526,NA,3.214,0.011,-135,-6.34
1423,12,111,388.636,765.53,52501.682,2,49,609.902,153.413,NA,9.224,0.031,-109.179,25.821
1424,12,112,388.258,765.53,52801.692,2,28,610.28,153.701,NA,0.379,0.001,180,-70.821
1425,12,113,373.106,759.091,53101.702,2,67,626.744,169.484,NA,16.463,0.055,-156.975,23.025
1426,12,114,368.561,751.515,53401.711,2,8,635.578,177.797,NA,8.835,0.029,-120.964,36.011
1427,12,115,373.864,743.561,53701.721,2,11,645.138,179.055,NA,9.56,0.032,-56.31,64.654
1428,12,116,375.379,743.182,54001.73,2,21,646.7,178.205,NA,1.562,0.005,-14.036,42.274
1429,12,117,375.758,745.833,54301.74,2,25,649.379,176.122,NA,2.678,0.009,81.87,95.906
1430,12,118,376.136,738.636,54601.75,2,19,656.586,180.804,NA,7.207,0.024,-86.987,-168.857
1431,12,119,378.03,731.818,54901.759,2,2,663.662,184.326,NA,7.076,0.024,-74.476,12.511
1432,12,120,366.667,728.788,55201.769,2,175,675.423,194.461,NA,11.761,0.039,-165.069,-90.593
1433,12,121,366.667,729.924,55501.778,2,62,676.559,193.666,NA,1.136,0.004,90,-104.931
1434,12,122,360.227,724.621,55801.788,2,95,684.901,201.98,NA,8.342,0.028,-140.528,129.472
1435,12,123,357.576,717.803,56101.798,2,36,692.217,208.65,NA,7.316,0.024,-111.251,29.277
1436,12,124,357.576,717.803,56401.807,2,92,692.217,208.65,NA,0,0,0,111.251
1437,12,125,353.03,717.803,56701.817,2,62,696.762,211.893,NA,4.545,0.015,180,180
1438,12,126,346.97,718.939,57001.826,2,47,702.928,215.517,NA,6.166,0.021,169.38,-10.62
1439,12,127,337.879,712.121,57301.836,2,15,714.292,226.824,NA,11.364,0.038,-143.13,47.49
1440,12,128,336.364,706.061,57601.846,2,80,720.539,232.057,NA,6.247,0.021,-104.036,39.094
1441,12,129,336.364,706.061,57901.855,2,35,720.539,232.057,NA,0,0,0,104.036
1442,12,130,323.485,706.061,58201.865,2,73,733.418,241.594,NA,12.879,0.043,180,180
1443,12,131,317.803,706.439,58501.875,2,100,739.112,245.654,NA,5.694,0.019,176.186,-3.814
1444,12,132,313.258,706.439,58801.884,2,71,743.658,249.141,NA,4.545,0.015,180,3.814
1445,12,133,309.091,705.682,59101.894,2,64,747.893,252.843,NA,4.235,0.014,-169.695,10.305
1446,12,134,305.682,701.515,59401.903,2,62,753.276,258.119,NA,5.384,0.018,-129.289,40.406
1447,12,135,301.515,700.379,59701.913,2,46,757.595,262.068,NA,4.319,0.014,-164.745,-35.455
1448,12,136,301.515,695.833,60001.923,2,65,762.141,264.949,NA,4.545,0.015,-90,74.745
1449,12,137,301.515,692.424,60301.932,2,36,765.55,267.141,NA,3.409,0.011,-90,0
1450,12,138,300.758,685.606,60601.942,2,63,772.41,272.168,NA,6.86,0.023,-96.34,-6.34
1451,12,139,300.758,685.606,60901.951,2,53,772.41,272.168,NA,0,0,0,96.34
1452,12,140,313.258,685.606,61201.961,2,17,784.91,262.903,NA,12.5,0.042,0,0
1453,12,141,314.773,678.03,61501.971,2,42,792.636,267.051,NA,7.726,0.026,-78.69,-78.69
1454,12,142,316.288,668.182,61801.98,2,23,802.6,272.99,NA,9.964,0.033,-81.254,-2.564
1455,12,143,318.561,667.803,62101.99,2,35,804.904,271.697,NA,2.304,0.008,-9.462,71.792
1456,12,144,318.561,661.742,62402,2,21,810.965,276.13,NA,6.061,0.02,-90,-80.538
1457,12,145,318.561,661.742,62702.009,2,15,810.965,276.13,NA,0,0,0,90
1458,12,146,312.121,657.576,63002.019,2,50,818.635,283.561,NA,7.67,0.026,-147.095,-147.095
1459,12,147,309.091,657.576,63302.028,2,65,821.665,285.634,NA,3.03,0.01,180,-32.905
1460,12,148,301.894,657.576,63602.038,2,24,828.862,290.625,NA,7.197,0.024,180,0
1461,12,149,296.212,657.576,63902.048,2,35,834.544,294.63,NA,5.682,0.019,180,0
1462,12,150,285.606,657.576,64202.057,2,12,845.15,302.249,NA,10.606,0.035,180,0
1463,12,151,284.848,657.576,64502.067,2,49,845.907,302.8,NA,0.758,0.003,180,0
1464,12,152,277.652,667.424,64802.076,2,43,858.105,301.532,NA,12.198,0.041,126.158,-53.842
1465,12,153,275,665.909,65102.086,2,16,861.159,304.528,NA,3.054,0.01,-150.255,83.587
1466,12,154,275,664.394,65402.096,2,3,862.674,305.521,NA,1.515,0.005,-90,60.255
1467,12,155,267.803,662.5,65702.105,2,36,870.116,312.208,NA,7.442,0.025,-165.256,-75.256
1468,13,1,526.136,930.303,36001.154,2,25,0,0,NA,NA,NA,NA,NA
1469,13,2,522.727,931.061,36301.163,2,15,3.492,3.492,NA,3.492,0.012,167.471,NA
1470,13,3,522.727,933.333,36601.173,2,3,5.765,4.561,NA,2.273,0.008,90,-77.471
1471,13,4,522.348,937.879,36901.182,2,14,10.326,8.47,NA,4.561,0.015,94.764,4.764
1472,13,5,515.53,940.53,37201.192,2,19,17.642,14.734,NA,7.316,0.024,158.749,63.986
1473,13,6,511.742,945.455,37501.202,2,87,23.854,20.899,NA,6.213,0.021,127.569,-31.181
1474,13,7,511.742,945.455,37801.211,2,67,23.854,20.899,NA,0,0,0,-127.569
1475,13,8,508.712,953.03,38101.221,2,20,32.014,28.638,NA,8.159,0.027,111.801,111.801
1476,13,9,507.576,953.03,38401.23,2,58,33.15,29.343,NA,1.136,0.004,180,68.199
1477,13,10,506.439,953.03,38701.24,2,60,34.286,30.075,NA,1.136,0.004,180,0
1478,13,11,506.439,953.03,39001.25,2,82,34.286,30.075,NA,0,0,0,-180
1479,13,12,506.439,953.03,39301.259,2,104,34.286,30.075,NA,0,0,0,0
1480,13,13,506.439,953.03,39601.269,2,45,34.286,30.075,NA,0,0,0,0
1481,13,14,506.439,953.03,39901.279,2,61,34.286,30.075,NA,0,0,0,0
1482,13,15,501.894,953.409,40201.288,2,135,38.848,33.49,NA,4.561,0.015,175.236,175.236
1483,13,16,501.894,953.409,40501.298,2,123,38.848,33.49,NA,0,0,0,-175.236
1484,13,17,501.894,953.409,40801.307,2,78,38.848,33.49,NA,0,0,0,0
1485,13,18,501.894,961.364,41101.317,2,33,46.802,39.401,NA,7.955,0.027,90,90
1486,13,19,501.894,961.742,41401.327,2,12,47.181,39.701,NA,0.379,0.001,90,0
1487,13,20,499.242,959.848,41701.336,2,29,50.439,39.953,NA,3.258,0.011,-144.462,125.538
1488,13,21,497.348,956.818,42001.346,2,53,54.013,39.138,NA,3.573,0.012,-122.005,22.457
1489,13,22,497.348,954.924,42301.355,2,46,55.907,37.881,NA,1.894,0.006,-90,32.005
1490,13,23,498.485,953.03,42601.365,2,36,58.116,35.793,NA,2.209,0.007,-59.036,30.964
1491,13,24,498.485,951.894,42901.375,2,27,59.252,35.082,NA,1.136,0.004,-90,-30.964
1492,13,25,498.485,951.894,43201.384,2,49,59.252,35.082,NA,0,0,0,90
1493,13,26,498.485,947.727,43501.394,2,42,63.419,32.683,NA,4.167,0.014,-90,-90
1494,13,27,498.485,945.455,43801.404,2,85,65.691,31.531,NA,2.273,0.008,-90,0
1495,13,28,498.485,945.455,44101.413,2,72,65.691,31.531,NA,0,0,0,90
1496,13,29,498.485,945.455,44401.423,2,67,65.691,31.531,NA,0,0,0,0
1497,13,30,498.485,945.455,44701.432,2,60,65.691,31.531,NA,0,0,0,0
1498,13,31,498.485,945.455,45001.442,2,45,65.691,31.531,NA,0,0,0,0
1499,13,32,498.485,945.455,45301.452,2,43,65.691,31.531,NA,0,0,0,0
1500,13,33,498.485,934.848,45601.461,2,40,76.297,28.023,NA,10.606,0.035,-90,-90
1501,13,34,500.758,926.136,45901.471,2,37,85.301,25.719,NA,9.004,0.03,-75.379,14.621
1502,13,35,500.758,923.106,46201.48,2,37,88.331,26.38,NA,3.03,0.01,-90,-14.621
1503,13,36,500.379,916.667,46501.49,2,83,94.782,29.145,NA,6.451,0.022,-93.366,-3.366
1504,13,37,500.379,916.667,46801.5,2,60,94.782,29.145,NA,0,0,0,93.366
1505,13,38,495.455,913.636,47101.509,2,21,100.564,34.916,NA,5.782,0.019,-148.392,-148.392
1506,13,39,495.455,908.333,47401.519,2,83,105.867,37.736,NA,5.303,0.018,-90,58.392
1507,13,40,491.288,909.848,47701.528,2,98,110.3,40.408,NA,4.434,0.015,160.017,-109.983
1508,13,41,485.606,909.848,48001.538,2,81,115.982,45.399,NA,5.682,0.019,180,19.983
1509,13,42,484.47,909.848,48301.548,2,102,117.119,46.417,NA,1.136,0.004,180,0
1510,13,43,484.47,909.848,48601.557,2,64,117.119,46.417,NA,0,0,0,-180
1511,13,44,483.333,910.985,48901.567,2,64,118.726,46.961,NA,1.607,0.005,135,135
1512,13,45,478.03,910.985,49201.577,2,81,124.029,51.84,NA,5.303,0.018,180,45
1513,13,46,477.273,907.197,49501.586,2,31,127.892,54.051,NA,3.863,0.013,-101.31,78.69
1514,13,47,472.727,901.136,49801.596,2,100,135.467,60.854,NA,7.576,0.025,-126.87,-25.56
1515,13,48,472.727,901.136,50101.605,2,119,135.467,60.854,NA,0,0,0,126.87
1516,13,49,465.53,901.136,50401.615,2,96,142.664,67.259,NA,7.197,0.024,180,180
1517,13,50,465.53,901.136,50701.625,2,108,142.664,67.259,NA,0,0,0,-180
1518,13,51,462.879,901.136,51001.634,2,93,145.316,69.658,NA,2.652,0.009,180,180
1519,13,52,457.576,901.136,51301.644,2,121,150.619,74.507,NA,5.303,0.018,180,0
1520,13,53,457.197,900.379,51601.653,2,85,151.466,75.154,NA,0.847,0.003,-116.565,63.435
1521,13,54,457.197,896.212,51901.663,2,74,155.633,76.908,NA,4.167,0.014,-90,26.565
1522,13,55,457.197,896.212,52201.673,2,63,155.633,76.908,NA,0,0,0,90
1523,13,56,454.167,895.076,52501.682,2,69,158.869,80.129,NA,3.236,0.011,-159.444,-159.444
1524,13,57,454.167,895.076,52801.692,2,53,158.869,80.129,NA,0,0,0,159.444
1525,13,58,446.591,895.076,53101.702,2,148,166.445,86.997,NA,7.576,0.025,180,180
1526,13,59,444.318,895.076,53401.711,2,74,168.717,89.08,NA,2.273,0.008,180,0
1527,13,60,443.561,895.076,53701.721,2,85,169.475,89.776,NA,0.758,0.003,180,0
1528,13,61,443.561,895.076,54001.73,2,110,169.475,89.776,NA,0,0,0,-180
1529,13,62,437.879,895.076,54301.74,2,94,175.157,95.028,NA,5.682,0.019,180,180
1530,13,63,436.364,892.424,54601.75,2,63,178.211,97.437,NA,3.054,0.01,-119.745,60.255
1531,13,64,434.091,884.091,54901.759,2,84,186.848,102.995,NA,8.638,0.029,-105.255,14.49
1532,13,65,426.894,881.061,55201.769,2,72,194.657,110.788,NA,7.809,0.026,-157.166,-51.911
1533,13,66,421.212,876.515,55501.778,2,64,201.934,117.908,NA,7.276,0.024,-141.34,15.826
1534,13,67,426.136,877.652,55801.788,2,82,206.987,113.014,NA,5.054,0.017,12.995,154.335
1535,13,68,427.652,873.485,56101.798,2,74,211.421,113.699,NA,4.434,0.015,-70.017,-83.012
1536,13,69,427.652,866.288,56401.807,2,45,218.618,117.462,NA,7.197,0.024,-90,-19.983
1537,13,70,427.652,860.985,56701.817,2,69,223.921,120.434,NA,5.303,0.018,-90,0
1538,13,71,415.909,859.47,57001.826,2,65,235.761,131.024,NA,11.84,0.039,-172.648,-82.648
1539,13,72,410.985,850.758,57301.836,2,94,245.768,139.955,NA,10.007,0.033,-119.476,53.172
1540,13,73,410.985,840.909,57601.846,2,75,255.617,145.778,NA,9.848,0.033,-90,29.476
1541,13,74,410.985,840.909,57901.855,2,15,255.617,145.778,NA,0,0,0,90
1542,13,75,397.348,840.909,58201.865,2,36,269.253,156.772,NA,13.636,0.045,180,180
1543,13,76,383.333,842.803,58501.875,2,142,283.395,167.478,NA,14.143,0.047,172.304,-7.696
1544,13,77,375.758,843.939,58801.884,2,73,291.056,173.414,NA,7.661,0.026,171.469,-0.835
1545,13,78,375.758,843.939,59101.894,2,58,291.056,173.414,NA,0,0,0,-171.469
1546,13,79,376.515,845.455,59401.903,2,139,292.75,172.005,NA,1.694,0.006,63.435,63.435
1547,13,80,376.515,845.833,59701.913,2,20,293.129,171.819,NA,0.379,0.001,90,26.565
1548,13,81,377.652,826.136,60001.923,2,48,312.858,181.379,NA,19.73,0.066,-86.698,-176.698
1549,13,82,379.545,826.136,60301.932,2,60,314.752,179.832,NA,1.894,0.006,0,86.698
1550,13,83,387.5,814.015,60601.942,2,25,329.251,180.95,NA,14.498,0.048,-56.725,-56.725
1551,13,84,394.318,807.197,60901.951,2,48,338.893,180.364,NA,9.642,0.032,-45,11.725
1552,13,85,394.318,798.106,61201.961,2,62,347.984,186.687,NA,9.091,0.03,-90,-45
1553,13,86,416.667,789.773,61501.971,2,104,371.836,178.136,NA,23.852,0.08,-20.45,69.55
1554,13,87,415.909,784.47,61801.98,2,85,377.192,182.804,NA,5.357,0.018,-98.13,-77.681
1555,13,88,415.909,784.47,62101.99,2,28,377.192,182.804,NA,0,0,0,98.13
1556,13,89,410.227,782.197,62402,2,82,383.312,188.07,NA,6.12,0.02,-158.199,-158.199
1557,13,90,411.364,775,62702.009,2,26,390.598,193.111,NA,7.286,0.024,-81.027,77.171
1558,13,91,411.364,766.288,63002.019,2,58,399.31,200.184,NA,8.712,0.029,-90,-8.973
1559,13,92,411.364,766.288,63302.028,2,35,399.31,200.184,NA,0,0,0,90
1560,13,93,411.364,776.894,63602.038,2,77,409.916,191.591,NA,10.606,0.035,90,90
1561,13,94,407.576,782.197,63902.048,2,158,416.433,189.716,NA,6.517,0.022,125.538,35.538
1562,13,95,402.273,781.818,64202.057,2,84,421.75,193.365,NA,5.317,0.018,-175.914,58.548
1563,13,96,394.697,779.924,64502.067,2,51,429.559,199.725,NA,7.809,0.026,-165.964,9.951
1564,13,97,393.939,777.652,64802.076,2,64,431.954,201.937,NA,2.396,0.008,-108.435,57.529
1565,13,98,393.939,790.152,65102.086,2,84,444.454,192.662,NA,12.5,0.042,90,-161.565
1566,13,99,401.894,790.152,65402.096,2,100,452.409,187.293,NA,7.955,0.027,0,-90
1567,13,100,401.894,790.152,65702.105,2,46,452.409,187.293,NA,0,0,0,0
1568,13,101,401.894,790.152,66002.115,2,95,452.409,187.293,NA,0,0,0,0
1569,13,102,401.894,790.152,66302.124,2,62,452.409,187.293,NA,0,0,0,0
1570,13,103,392.803,790.152,66602.134,2,67,461.5,193.443,NA,9.091,0.03,180,180
1571,13,104,391.667,782.955,66902.144,2,124,468.786,199.484,NA,7.286,0.024,-98.973,81.027
1572,13,105,402.273,781.818,67202.153,2,70,479.453,193.365,NA,10.667,0.036,-6.116,92.857
1573,13,106,400.758,781.818,67502.163,2,63,480.968,194.339,NA,1.515,0.005,180,-173.884
1574,13,107,400.758,785.227,67802.173,2,35,484.377,191.747,NA,3.409,0.011,90,-90
1575,13,108,407.576,790.152,68102.182,2,103,492.787,183.573,NA,8.41,0.028,35.838,-54.162
1576,13,109,409.47,789.394,68402.192,2,71,494.827,182.938,NA,2.04,0.007,-21.801,-57.639
1577,13,110,411.364,787.121,68702.201,2,56,497.786,183.504,NA,2.958,0.01,-50.194,-28.393
1578,13,111,412.879,793.939,69002.211,2,27,504.77,177.263,NA,6.985,0.023,77.471,127.666
1579,13,112,412.5,782.576,69302.221,2,134,516.14,186.377,NA,11.37,0.038,-91.909,-169.38
1580,13,113,404.924,779.545,69602.23,2,71,524.299,193.443,NA,8.159,0.027,-158.199,-66.289
1581,13,114,404.924,772.727,69902.24,2,38,531.118,198.803,NA,6.818,0.023,-90,68.199
1582,13,115,398.864,772.727,70202.249,2,75,537.178,202.555,NA,6.061,0.02,180,-90
1583,13,116,398.106,779.167,70502.259,2,42,543.662,198.076,NA,6.484,0.022,96.71,-83.29
1584,13,117,387.5,784.848,70802.269,2,79,555.694,200.94,NA,12.032,0.04,151.821,55.112
1585,13,118,382.955,784.848,71102.278,2,72,560.239,204.103,NA,4.545,0.015,180,28.179
1586,13,119,390.53,787.121,71402.288,2,74,568.149,197.206,NA,7.909,0.026,16.699,-163.301
1587,13,120,394.697,787.121,71702.298,2,61,572.315,194.364,NA,4.167,0.014,0,-16.699
1588,13,122,374.621,776.136,72002.307,2,32,595.2,216.158,NA,22.885,0.076,-151.314,-151.314
1589,14,1,508.712,907.197,38401.23,2,54,0,0,NA,NA,NA,NA,NA
1590,14,2,505.682,907.197,38701.24,2,73,3.03,3.03,NA,3.03,0.01,180,NA
1591,14,3,505.682,910.606,39001.25,2,32,6.439,4.561,NA,3.409,0.011,90,-90
1592,14,4,505.682,914.394,39301.259,2,87,10.227,7.809,NA,3.788,0.013,90,0
1593,14,5,505.682,917.803,39601.269,2,95,13.636,11.03,NA,3.409,0.011,90,0
1594,14,6,505.682,917.803,39901.279,2,131,13.636,11.03,NA,0,0,0,-90
1595,14,7,503.409,918.939,40201.288,2,103,16.177,12.884,NA,2.541,0.008,153.435,153.435
1596,14,8,501.136,920.833,40501.298,2,50,19.136,15.599,NA,2.958,0.01,140.194,-13.241
1597,14,9,501.136,923.106,40801.307,2,170,21.409,17.621,NA,2.273,0.008,90,-50.194
1598,14,10,501.136,923.106,41101.317,2,148,21.409,17.621,NA,0,0,0,-90
1599,14,11,500,923.106,41401.327,2,122,22.545,18.138,NA,1.136,0.004,180,180
1600,14,12,498.864,923.106,41701.336,2,96,23.681,18.711,NA,1.136,0.004,180,0
1601,14,13,498.864,923.864,42001.346,2,68,24.439,19.359,NA,0.758,0.003,90,-90
1602,14,14,498.864,923.864,42301.355,2,16,24.439,19.359,NA,0,0,0,-90
1603,14,15,482.576,925.379,42601.365,2,193,40.797,31.838,NA,16.358,0.055,174.685,174.685
1604,14,16,482.576,925.379,42901.375,2,221,40.797,31.838,NA,0,0,0,-174.685
1605,14,17,482.576,925.379,43201.384,2,142,40.797,31.838,NA,0,0,0,0
1606,14,18,481.061,923.106,43501.394,2,164,43.528,31.901,NA,2.731,0.009,-123.69,-123.69
1607,14,19,481.061,923.106,43801.404,2,135,43.528,31.901,NA,0,0,0,123.69
1608,14,20,482.197,921.591,44101.413,2,113,45.422,30.17,NA,1.894,0.006,-53.13,-53.13
1609,14,21,483.333,920.833,44401.423,2,148,46.788,28.81,NA,1.366,0.005,-33.69,19.44
1610,14,22,483.712,919.318,44701.432,2,185,48.35,27.784,NA,1.562,0.005,-75.964,-42.274
1611,14,23,485.227,917.424,45001.442,2,137,50.775,25.615,NA,2.425,0.008,-51.34,24.624
1612,14,24,485.227,912.5,45301.452,2,75,55.7,24.076,NA,4.924,0.016,-90,-38.66
1613,14,25,485.227,912.121,45601.461,2,58,56.078,23.996,NA,0.379,0.001,-90,0
1614,14,26,485.227,911.364,45901.471,2,40,56.836,23.852,NA,0.758,0.003,-90,0
1615,14,27,484.091,905.682,46201.48,2,98,62.63,24.668,NA,5.794,0.019,-101.31,-11.31
1616,14,28,484.091,899.621,46501.49,2,230,68.691,25.76,NA,6.061,0.02,-90,11.31
1617,14,29,484.091,893.182,46801.5,2,210,75.13,28.331,NA,6.439,0.021,-90,0
1618,14,30,483.333,890.53,47101.509,2,191,77.888,30.362,NA,2.758,0.009,-105.945,-15.945
1619,14,31,476.136,890.53,47401.519,2,131,85.085,36.592,NA,7.197,0.024,180,-74.055
1620,14,32,476.136,890.53,47701.528,2,89,85.085,36.592,NA,0,0,0,-180
1621,14,33,476.136,888.636,48001.538,2,139,86.979,37.492,NA,1.894,0.006,-90,-90
1622,14,34,476.136,887.121,48301.548,2,87,88.494,38.265,NA,1.515,0.005,-90,0
1623,14,35,476.515,884.47,48601.557,2,100,91.172,39.41,NA,2.678,0.009,-81.87,8.13
1624,14,36,476.515,884.47,48901.567,2,92,91.172,39.41,NA,0,0,0,81.87
1625,14,37,476.515,879.545,49201.577,2,109,96.097,42.441,NA,4.924,0.016,-90,-90
1626,14,38,476.515,878.03,49501.586,2,70,97.612,43.444,NA,1.515,0.005,-90,0
1627,14,39,476.515,873.106,49801.596,2,56,102.536,46.892,NA,4.924,0.016,-90,0
1628,14,40,472.727,873.106,50101.605,2,87,106.324,49.569,NA,3.788,0.013,180,-90
1629,14,41,472.348,874.242,50401.615,2,52,107.522,49.075,NA,1.198,0.004,108.435,-71.565
1630,14,42,467.045,874.242,50701.625,2,102,112.825,53.124,NA,5.303,0.018,180,71.565
1631,14,43,467.045,874.242,51001.634,2,74,112.825,53.124,NA,0,0,0,-180
1632,14,44,467.045,871.212,51301.644,2,83,115.855,55.055,NA,3.03,0.01,-90,-90
1633,14,45,467.045,871.212,51601.653,2,99,115.855,55.055,NA,0,0,0,90
1634,14,46,467.045,871.212,51901.663,2,71,115.855,55.055,NA,0,0,0,0
1635,14,47,466.667,871.212,52201.673,2,175,116.234,55.342,NA,0.379,0.001,180,180
1636,14,48,462.121,865.53,52501.682,2,81,123.51,62.505,NA,7.276,0.024,-128.66,51.34
1637,14,49,459.47,861.742,52801.692,2,91,128.134,67.014,NA,4.624,0.015,-124.992,3.668
1638,14,50,459.47,861.742,53101.702,2,122,128.134,67.014,NA,0,0,0,124.992
1639,14,51,455.682,861.742,53401.711,2,102,131.922,69.845,NA,3.788,0.013,180,180
1640,14,52,454.545,861.742,53701.721,2,145,133.058,70.712,NA,1.136,0.004,180,0
1641,14,53,448.864,861.742,54001.73,2,136,138.74,75.153,NA,5.682,0.019,180,0
1642,14,54,447.727,861.742,54301.74,2,193,139.876,76.061,NA,1.136,0.004,180,0
1643,14,55,446.97,860.227,54601.75,2,197,141.57,77.578,NA,1.694,0.006,-116.565,63.435
1644,14,56,446.97,857.955,54901.759,2,129,143.843,78.974,NA,2.273,0.008,-90,26.565
1645,14,57,446.97,856.439,55201.769,2,221,145.358,79.928,NA,1.515,0.005,-90,0
1646,14,58,446.97,856.439,55501.778,2,185,145.358,79.928,NA,0,0,0,90
1647,14,59,443.939,856.061,55801.788,2,188,148.412,82.525,NA,3.054,0.01,-172.875,-172.875
1648,14,60,443.939,853.03,56101.798,2,146,151.442,84.437,NA,3.03,0.01,-90,82.875
1649,14,61,441.667,847.727,56401.807,2,90,157.212,89.62,NA,5.77,0.019,-113.199,-23.199
1650,14,62,441.667,847.727,56701.817,2,132,157.212,89.62,NA,0,0,0,113.199
1651,14,63,440.909,854.167,57001.826,2,133,163.696,86.078,NA,6.484,0.022,96.71,96.71
1652,14,64,434.47,855.303,57301.836,2,164,170.235,90.581,NA,6.539,0.022,169.992,73.282
1653,14,65,434.47,855.303,57601.846,2,125,170.235,90.581,NA,0,0,0,-169.992
1654,14,66,425.758,855.303,57901.855,2,137,178.947,97.849,NA,8.712,0.029,180,180
1655,14,67,421.212,851.515,58201.865,2,114,184.864,103.715,NA,5.917,0.02,-140.194,39.806
1656,14,68,403.788,849.242,58501.875,2,163,202.435,119.866,NA,17.572,0.059,-172.569,-32.374
1657,14,69,397.727,849.242,58801.884,2,188,208.496,125.205,NA,6.061,0.02,180,-7.431
1658,14,70,399.495,847.98,59101.894,2,174,210.668,124.238,NA,2.172,0.007,-35.538,144.462
1659,14,71,398.232,845.202,59401.903,2,148,213.72,126.685,NA,3.051,0.01,-114.444,-78.906
1660,14,72,397.222,847.222,59701.913,2,204,215.978,126.598,NA,2.259,0.008,116.565,-128.991
1661,14,73,384.848,849.242,60001.923,2,152,228.516,136.751,NA,12.538,0.042,170.727,54.162
1662,14,74,379.293,849.242,60301.932,2,118,234.071,141.803,NA,5.556,0.019,180,9.273
1663,14,75,378.283,844.444,60601.942,2,149,238.975,144.74,NA,4.903,0.016,-101.889,78.111
1664,14,76,378.03,844.444,60901.951,2,193,239.227,144.968,NA,0.253,8.417E-4,180,-78.111
1665,14,77,370.455,844.444,61201.961,2,85,246.803,151.832,NA,7.576,0.025,180,0
1666,14,78,368.687,844.444,61501.971,2,144,248.57,153.444,NA,1.768,0.006,180,0
1667,14,79,367.677,844.444,61801.98,2,115,249.581,154.366,NA,1.01,0.003,180,0
1668,14,80,365.909,844.444,62101.99,2,190,251.348,155.983,NA,1.768,0.006,180,0
1669,14,81,361.364,844.444,62402,2,88,255.894,160.154,NA,4.545,0.015,180,0
1670,14,82,361.364,844.444,62702.009,2,100,255.894,160.154,NA,0,0,0,-180
1671,14,83,361.364,840.657,63002.019,2,89,259.682,161.676,NA,3.788,0.013,-90,-90
1672,14,84,361.364,833.586,63302.028,2,103,266.752,164.712,NA,7.071,0.024,-90,0
1673,14,85,361.364,833.333,63602.038,2,61,267.005,164.825,NA,0.253,8.417E-4,-90,0
1674,14,86,362.374,833.333,63902.048,2,91,268.015,163.923,NA,1.01,0.003,0,90
1675,14,87,362.374,831.061,64202.057,2,94,270.288,164.96,NA,2.273,0.008,-90,-90
1676,14,88,362.374,831.061,64502.067,2,48,270.288,164.96,NA,0,0,0,90
1677,14,89,359.091,831.061,64802.076,2,24,273.57,167.879,NA,3.283,0.011,180,180
1678,14,90,357.828,843.434,65102.086,2,127,286.008,163.804,NA,12.438,0.041,95.826,-84.174
1679,14,91,349.495,844.697,65402.096,2,141,294.437,171.045,NA,8.428,0.028,171.384,75.558
1680,14,92,338.131,843.687,65702.105,2,90,305.845,182.02,NA,11.408,0.038,-174.92,13.695
1681,14,93,337.121,843.434,66002.115,2,100,306.887,183.055,NA,1.041,0.003,-165.964,8.957
1682,14,94,337.121,841.162,66302.124,2,142,309.159,183.859,NA,2.273,0.008,-90,75.964
1683,14,95,336.616,838.889,66602.134,2,83,311.487,185.157,NA,2.328,0.008,-102.529,-12.529
1684,14,96,334.848,837.879,66902.144,2,40,313.523,187.173,NA,2.036,0.007,-150.255,-47.726
1685,14,97,333.838,834.343,67202.153,2,105,317.2,189.443,NA,3.677,0.012,-105.945,44.31
1686,14,98,333.838,837.374,67502.163,2,77,320.23,188.298,NA,3.03,0.01,90,-164.055
1687,14,99,334.091,838.131,67802.173,2,99,321.029,187.783,NA,0.799,0.003,71.565,-18.435
1688,14,100,333.586,839.394,68102.182,2,148,322.389,187.794,NA,1.36,0.005,111.801,40.236
1689,14,101,335.606,839.394,68402.192,2,116,324.409,185.911,NA,2.02,0.007,0,-111.801
1690,14,102,337.121,836.869,68702.201,2,79,327.354,185.444,NA,2.945,0.01,-59.036,-59.036
1691,14,103,337.121,834.343,69002.211,2,147,329.879,186.416,NA,2.525,0.008,-90,-30.964
1692,14,104,336.111,834.343,69302.221,2,144,330.889,187.347,NA,1.01,0.003,180,-90
1693,14,105,331.313,821.97,69602.23,2,182,344.161,196.81,NA,13.271,0.044,-111.194,68.806
1694,14,106,328.283,820.707,69902.24,2,165,347.444,200.088,NA,3.283,0.011,-157.38,-46.186
1695,14,107,328.283,820.96,70202.249,2,89,347.696,199.979,NA,0.253,8.417E-4,90,-112.62
1696,14,108,323.232,816.919,70502.259,2,147,354.164,206.283,NA,6.468,0.022,-141.34,128.66
1697,14,109,323.232,811.616,70802.269,2,126,359.467,208.659,NA,5.303,0.018,-90,51.34
1698,14,110,327.273,811.616,71102.278,2,108,363.507,205.075,NA,4.04,0.013,0,90
1699,14,111,331.566,814.646,71402.288,2,146,368.762,199.866,NA,5.255,0.018,35.218,35.218
1700,14,112,333.081,814.394,71702.298,2,75,370.298,198.642,NA,1.536,0.005,-9.462,-44.68
1701,14,114,334.091,819.697,72002.307,2,96,375.697,195.317,NA,5.398,0.018,79.216,88.678
1702,15,1,540.53,915.909,39601.269,2,51,0,0,NA,NA,NA,NA,NA
1703,15,2,536.364,914.394,39901.279,2,49,4.434,4.434,NA,4.434,0.015,-160.017,NA
1704,15,3,535.985,914.015,40201.288,2,39,4.969,4.924,NA,0.536,0.002,-135,25.017
1705,15,4,535.985,914.015,40501.298,2,54,4.969,4.924,NA,0,0,0,135
1706,15,5,535.985,914.015,40801.307,2,36,4.969,4.924,NA,0,0,0,0
1707,15,6,529.545,914.773,41101.317,2,42,11.453,11.043,NA,6.484,0.022,173.29,173.29
1708,15,7,526.136,914.773,41401.327,2,72,14.862,14.439,NA,3.409,0.011,180,6.71
1709,15,8,525,914.773,41701.336,2,53,15.999,15.572,NA,1.136,0.004,180,0
1710,15,9,525,914.773,42001.346,2,55,15.999,15.572,NA,0,0,0,-180
1711,15,10,519.697,914.773,42301.355,2,63,21.302,20.864,NA,5.303,0.018,180,180
1712,15,11,519.697,914.773,42601.365,2,40,21.302,20.864,NA,0,0,0,-180
1713,15,12,516.288,914.773,42901.375,2,70,24.711,24.269,NA,3.409,0.011,180,180
1714,15,13,514.773,914.015,43201.384,2,100,26.405,25.827,NA,1.694,0.006,-153.435,26.565
1715,15,14,514.773,911.742,43501.394,2,72,28.677,26.092,NA,2.273,0.008,-90,63.435
1716,15,15,511.364,910.606,43801.404,2,80,32.271,29.645,NA,3.593,0.012,-161.565,-71.565
1717,15,16,511.364,910.606,44101.413,2,42,32.271,29.645,NA,0,0,0,161.565
1718,15,17,506.439,907.197,44401.423,2,37,38.26,35.187,NA,5.989,0.02,-145.305,-145.305
1719,15,18,505.682,904.924,44701.432,2,42,40.656,36.539,NA,2.396,0.008,-108.435,36.87
1720,15,19,505.682,903.409,45001.442,2,53,42.171,37.023,NA,1.515,0.005,-90,18.435
1721,15,20,505.682,899.242,45301.452,2,47,46.338,38.629,NA,4.167,0.014,-90,0
1722,15,21,505.682,899.242,45601.461,2,36,46.338,38.629,NA,0,0,0,90
1723,15,22,505.682,894.697,45901.471,2,21,50.883,40.797,NA,4.545,0.015,-90,-90
1724,15,23,506.061,894.697,46201.48,2,40,51.262,40.474,NA,0.379,0.001,0,90
1725,15,24,506.818,894.697,46501.49,2,55,52.019,39.83,NA,0.758,0.003,0,0
1726,15,25,506.818,894.697,46801.5,2,56,52.019,39.83,NA,0,0,0,0
1727,15,26,506.818,894.697,47101.509,2,78,52.019,39.83,NA,0,0,0,0
1728,15,27,509.091,893.939,47401.519,2,44,54.415,38.355,NA,2.396,0.008,-18.435,-18.435
1729,15,28,509.091,890.152,47701.528,2,46,58.203,40.643,NA,3.788,0.013,-90,-71.565
1730,15,29,505.682,889.773,48001.538,2,43,61.633,43.561,NA,3.43,0.011,-173.66,-83.66
1731,15,30,505.303,889.773,48301.548,2,132,62.012,43.864,NA,0.379,0.001,180,-6.34
1732,15,31,505.303,889.773,48601.557,2,107,62.012,43.864,NA,0,0,0,-180
1733,15,32,505.303,889.773,48901.567,2,61,62.012,43.864,NA,0,0,0,0
1734,15,33,503.788,889.773,49201.577,2,76,63.527,45.09,NA,1.515,0.005,180,180
1735,15,34,498.106,889.773,49501.586,2,78,69.209,49.829,NA,5.682,0.019,180,0
1736,15,35,498.106,889.773,49801.596,2,56,69.209,49.829,NA,0,0,0,-180
1737,15,36,496.97,892.424,50101.605,2,71,72.093,49.488,NA,2.885,0.01,113.199,113.199
1738,15,37,496.97,892.424,50401.615,2,63,72.093,49.488,NA,0,0,0,-113.199
1739,15,38,496.97,892.424,50701.625,2,108,72.093,49.488,NA,0,0,0,0
1740,15,39,492.803,892.424,51001.634,2,103,76.26,53.192,NA,4.167,0.014,180,180
1741,15,40,489.015,891.667,51301.644,2,87,80.123,56.934,NA,3.863,0.013,-168.69,11.31
1742,15,41,489.015,890.152,51601.653,2,77,81.638,57.596,NA,1.515,0.005,-90,78.69
1743,15,42,489.015,887.5,51901.663,2,123,84.29,58.829,NA,2.652,0.009,-90,0
1744,15,43,489.015,887.121,52201.673,2,130,84.668,59.013,NA,0.379,0.001,-90,0
1745,15,44,491.288,887.121,52501.682,2,121,86.941,57.04,NA,2.273,0.008,0,90
1746,15,45,491.288,887.121,52801.692,2,148,86.941,57.04,NA,0,0,0,0
1747,15,46,487.121,887.121,53101.702,2,87,91.108,60.673,NA,4.167,0.014,180,180
1748,15,47,486.742,887.121,53401.711,2,67,91.487,61.007,NA,0.379,0.001,180,0
1749,15,48,485.227,882.576,53701.721,2,62,96.278,64.572,NA,4.791,0.016,-108.435,71.565
1750,15,49,484.091,882.576,54001.73,2,82,97.414,65.548,NA,1.136,0.004,180,-71.565
1751,15,50,482.197,889.015,54301.74,2,102,104.127,64.234,NA,6.712,0.022,106.39,-73.61
1752,15,51,479.545,889.015,54601.75,2,100,106.778,66.652,NA,2.652,0.009,180,73.61
1753,15,52,478.03,889.394,54901.759,2,58,108.34,67.892,NA,1.562,0.005,165.964,-14.036
1754,15,53,480.682,890.53,55201.769,2,58,111.225,65.007,NA,2.885,0.01,23.199,-142.765
1755,15,54,485.985,895.455,55501.778,2,61,118.461,58.255,NA,7.237,0.024,42.879,19.68
1756,15,55,485.985,895.455,55801.788,2,37,118.461,58.255,NA,0,0,0,-42.879
1757,15,56,481.818,897.348,56101.798,2,58,123.038,61.576,NA,4.577,0.015,155.556,155.556
1758,15,57,477.273,897.348,56401.807,2,83,127.584,65.924,NA,4.545,0.015,180,24.444
1759,15,58,473.864,897.348,56701.817,2,92,130.993,69.202,NA,3.409,0.011,180,0
1760,15,59,470.455,895.455,57001.826,2,31,134.893,73,NA,3.9,0.013,-150.945,29.055
1761,15,60,470.455,895.455,57301.836,2,87,134.893,73,NA,0,0,0,150.945
1762,15,61,465.53,898.485,57601.846,2,15,140.675,76.997,NA,5.782,0.019,148.392,148.392
1763,15,62,467.803,911.364,57901.855,2,58,153.752,72.869,NA,13.078,0.044,79.992,-68.4
1764,15,63,471.97,921.212,58201.865,2,220,164.446,68.765,NA,10.694,0.036,67.068,-12.924
1765,15,64,473.485,920.833,58501.875,2,97,166.008,67.226,NA,1.562,0.005,-14.036,-81.104
1766,15,65,473.485,914.394,58801.884,2,94,172.447,67.063,NA,6.439,0.021,-90,-75.964
1767,15,66,473.864,914.394,59101.894,2,167,172.826,66.684,NA,0.379,0.001,0,90
1768,15,67,473.106,911.742,59401.903,2,139,175.584,67.553,NA,2.758,0.009,-105.945,-105.945
1769,15,68,473.106,911.742,59701.913,2,43,175.584,67.553,NA,0,0,0,105.945
1770,15,69,475,905.303,60001.923,2,65,182.296,66.383,NA,6.712,0.022,-73.61,-73.61
1771,15,70,475,900,60301.932,2,131,187.599,67.434,NA,5.303,0.018,-90,-16.39
1772,15,71,476.136,894.318,60601.942,2,41,193.393,67.917,NA,5.794,0.019,-78.69,11.31
1773,15,72,487.121,887.879,60901.951,2,87,206.126,60.318,NA,12.733,0.042,-30.379,48.311
1774,15,73,491.288,876.894,61201.961,2,106,217.875,62.825,NA,11.749,0.039,-69.228,-38.849
1775,15,74,491.667,873.864,61501.971,2,77,220.929,64.463,NA,3.054,0.01,-82.875,-13.647
1776,15,75,493.561,877.652,61801.98,2,54,225.164,60.579,NA,4.235,0.014,63.435,146.31
1777,15,76,493.561,877.652,62101.99,2,65,225.164,60.579,NA,0,0,0,-63.435
1778,15,77,493.561,877.652,62402,2,74,225.164,60.579,NA,0,0,0,0
1779,15,78,493.561,877.652,62702.009,2,75,225.164,60.579,NA,0,0,0,0
1780,15,79,495.833,876.515,63002.019,2,33,227.705,59.579,NA,2.541,0.008,-26.565,-26.565
1781,15,80,496.212,876.515,63302.028,2,57,228.083,59.296,NA,0.379,0.001,0,26.565
1782,15,81,496.212,879.167,63602.038,2,38,230.735,57.568,NA,2.652,0.009,90,90
1783,15,82,496.212,882.197,63902.048,2,153,233.765,55.683,NA,3.03,0.01,90,0
1784,15,83,496.212,882.197,64202.057,2,92,233.765,55.683,NA,0,0,0,-90
1785,15,84,496.212,882.197,64502.067,2,70,233.765,55.683,NA,0,0,0,0
1786,15,85,498.485,882.197,64802.076,2,102,236.038,53.892,NA,2.273,0.008,0,0
1787,15,86,498.485,882.197,65102.086,2,65,236.038,53.892,NA,0,0,0,0
1788,15,87,499.621,880.303,65402.096,2,65,238.247,54.234,NA,2.209,0.007,-59.036,-59.036
1789,15,88,499.621,880.303,65702.105,2,48,238.247,54.234,NA,0,0,0,59.036
1790,15,89,496.97,878.03,66002.115,2,80,241.739,57.726,NA,3.492,0.012,-139.399,-139.399
1791,15,90,492.045,871.97,66302.124,2,65,249.548,65.433,NA,7.809,0.026,-129.094,10.305
1792,15,91,492.424,871.97,66602.134,2,47,249.927,65.153,NA,0.379,0.001,0,129.094
1793,15,92,487.5,871.97,66902.144,2,35,254.851,68.869,NA,4.924,0.016,180,180
1794,15,93,487.5,871.97,67202.153,2,36,254.851,68.869,NA,0,0,0,-180
1795,15,94,487.5,871.97,67502.163,2,35,254.851,68.869,NA,0,0,0,0
1796,15,95,485.606,875,67802.173,2,72,258.424,68.485,NA,3.573,0.012,122.005,122.005
1797,15,96,482.197,880.682,68102.182,2,104,265.05,68.145,NA,6.626,0.022,120.964,-1.042
1798,15,97,489.394,882.955,68402.192,2,117,272.598,60.835,NA,7.547,0.025,17.526,-103.438
1799,15,98,489.394,882.955,68702.201,2,78,272.598,60.835,NA,0,0,0,-17.526
1800,15,99,489.394,882.955,69002.211,2,93,272.598,60.835,NA,0,0,0,0
1801,15,100,489.394,894.697,69302.221,2,43,284.34,55.361,NA,11.742,0.039,90,90
1802,15,101,489.394,895.076,69602.23,2,101,284.719,55.217,NA,0.379,0.001,90,0
1803,15,102,471.212,895.076,69902.24,2,79,302.901,72.381,NA,18.182,0.061,180,90
1804,15,103,470.833,895.076,70202.249,2,119,303.279,72.744,NA,0.379,0.001,180,0
1805,15,104,465.909,890.909,70502.259,2,74,309.73,78.698,NA,6.451,0.022,-139.764,40.236
1806,15,105,465.53,890.53,70802.269,2,74,310.266,79.178,NA,0.536,0.002,-135,4.764
1807,15,106,465.53,890.53,71102.278,2,110,310.266,79.178,NA,0,0,0,135
1808,15,107,465.53,890.53,71402.288,2,80,310.266,79.178,NA,0,0,0,0
1809,15,108,464.015,887.879,71702.298,2,56,313.32,81.488,NA,3.054,0.01,-119.745,-119.745
1810,15,110,467.803,886.742,72002.307,2,56,317.274,78.358,NA,3.955,0.013,-16.699,103.046
1811,16,1,532.955,750.758,30900.99,2,56,0,0,NA,NA,NA,NA,NA
1812,16,2,532.197,750.758,31201,2,7,0.758,0.758,NA,0.758,0.003,180,NA
1813,16,3,529.167,747.348,31501.009,2,3,5.319,5.096,NA,4.561,0.015,-131.634,48.366
1814,16,4,525,743.939,31801.019,2,18,10.702,10.477,NA,5.384,0.018,-140.711,-9.077
1815,16,5,521.591,738.636,32101.029,2,15,17.007,16.615,NA,6.304,0.021,-122.735,17.975
1816,16,6,521.591,738.636,32401.038,2,3,17.007,16.615,NA,0,0,0,122.735
1817,16,7,518.561,734.848,32701.048,2,41,21.858,21.454,NA,4.851,0.016,-128.66,-128.66
1818,16,8,518.561,734.848,33001.057,2,54,21.858,21.454,NA,0,0,0,128.66
1819,16,9,518.561,732.197,33301.067,2,53,24.509,23.488,NA,2.652,0.009,-90,-90
1820,16,10,518.561,727.273,33601.077,2,52,29.433,27.545,NA,4.924,0.016,-90,0
1821,16,11,518.561,727.273,33901.086,2,43,29.433,27.545,NA,0,0,0,90
1822,16,12,518.561,727.273,34201.096,2,54,29.433,27.545,NA,0,0,0,0
1823,16,13,518.561,727.273,34501.105,2,48,29.433,27.545,NA,0,0,0,0
1824,16,14,518.561,727.273,34801.115,2,66,29.433,27.545,NA,0,0,0,0
1825,16,15,514.773,727.273,35101.125,2,212,33.221,29.7,NA,3.788,0.013,180,180
1826,16,16,514.773,727.273,35401.134,2,153,33.221,29.7,NA,0,0,0,-180
1827,16,17,514.773,725.758,35701.144,2,93,34.736,30.912,NA,1.515,0.005,-90,-90
1828,16,18,514.773,720.076,36001.154,2,127,40.418,35.664,NA,5.682,0.019,-90,0
1829,16,19,514.773,720.076,36301.163,2,141,40.418,35.664,NA,0,0,0,90
1830,16,20,514.773,720.076,36601.173,2,103,40.418,35.664,NA,0,0,0,0
1831,16,21,514.773,720.076,36901.182,2,121,40.418,35.664,NA,0,0,0,0
1832,16,22,504.924,720.455,37201.192,2,106,50.274,41.279,NA,9.856,0.033,177.797,177.797
1833,16,23,504.924,720.455,37501.202,2,112,50.274,41.279,NA,0,0,0,-177.797
1834,16,24,504.924,720.455,37801.211,2,129,50.274,41.279,NA,0,0,0,0
1835,16,25,504.924,720.455,38101.221,2,117,50.274,41.279,NA,0,0,0,0
1836,16,26,504.924,717.424,38401.23,2,95,53.304,43.552,NA,3.03,0.01,-90,-90
1837,16,27,504.924,717.424,38701.24,2,157,53.304,43.552,NA,0,0,0,90
1838,16,28,504.924,717.424,39001.25,2,70,53.304,43.552,NA,0,0,0,0
1839,16,29,504.924,717.424,39301.259,2,155,53.304,43.552,NA,0,0,0,0
1840,16,30,504.924,717.424,39601.269,2,76,53.304,43.552,NA,0,0,0,0
1841,16,31,504.924,717.424,39901.279,2,109,53.304,43.552,NA,0,0,0,0
1842,16,32,504.924,713.258,40201.288,2,70,57.471,46.818,NA,4.167,0.014,-90,-90
1843,16,33,504.924,713.258,40501.298,2,82,57.471,46.818,NA,0,0,0,90
1844,16,34,504.924,713.258,40801.307,2,111,57.471,46.818,NA,0,0,0,0
1845,16,35,504.924,713.258,41101.317,2,70,57.471,46.818,NA,0,0,0,0
1846,16,36,504.924,713.258,41401.327,2,93,57.471,46.818,NA,0,0,0,0
1847,16,37,502.652,713.258,41701.336,2,152,59.744,48.213,NA,2.273,0.008,180,180
1848,16,38,501.894,713.258,42001.346,2,110,60.501,48.693,NA,0.758,0.003,180,0
1849,16,39,500,713.258,42301.355,2,137,62.395,49.922,NA,1.894,0.006,180,0
1850,16,40,496.212,713.258,42601.365,2,109,66.183,52.5,NA,3.788,0.013,180,0
1851,16,41,496.212,713.258,42901.375,2,144,66.183,52.5,NA,0,0,0,-180
1852,16,42,492.803,711.364,43201.384,2,138,70.083,56.25,NA,3.9,0.013,-150.945,-150.945
1853,16,43,490.152,709.848,43501.394,2,125,73.137,59.209,NA,3.054,0.01,-150.255,0.69
1854,16,44,488.258,707.576,43801.404,2,64,76.095,62.149,NA,2.958,0.01,-129.806,20.45
1855,16,45,487.879,706.818,44101.413,2,109,76.942,62.948,NA,0.847,0.003,-116.565,13.241
1856,16,46,487.879,706.818,44401.423,2,155,76.942,62.948,NA,0,0,0,116.565
1857,16,47,484.47,706.818,44701.432,2,132,80.351,65.433,NA,3.409,0.011,180,180
1858,16,48,482.197,706.818,45001.442,2,165,82.624,67.134,NA,2.273,0.008,180,0
1859,16,49,478.03,706.818,45301.452,2,149,86.791,70.337,NA,4.167,0.014,180,0
1860,16,50,478.03,706.818,45601.461,2,147,86.791,70.337,NA,0,0,0,-180
1861,16,51,478.788,706.061,45901.471,2,172,87.862,70.227,NA,1.071,0.004,-45,-45
1862,16,52,478.788,704.924,46201.48,2,91,88.998,70.956,NA,1.136,0.004,-90,-45
1863,16,53,480.303,700.379,46501.49,2,102,93.79,72.871,NA,4.791,0.016,-71.565,18.435
1864,16,54,480.303,696.97,46801.5,2,148,97.199,75.268,NA,3.409,0.011,-90,-18.435
1865,16,55,480.303,691.288,47101.509,2,130,102.881,79.428,NA,5.682,0.019,-90,0
1866,16,56,479.545,691.288,47401.519,2,99,103.638,79.932,NA,0.758,0.003,180,-90
1867,16,57,477.273,691.667,47701.528,2,87,105.942,81.192,NA,2.304,0.008,170.538,-9.462
1868,16,58,471.591,693.561,48001.538,2,80,111.931,83.887,NA,5.989,0.02,161.565,-8.973
1869,16,59,469.318,693.939,48301.548,2,104,114.235,85.311,NA,2.304,0.008,170.538,8.973
1870,16,60,467.803,696.212,48601.557,2,89,116.967,84.97,NA,2.731,0.009,123.69,-46.848
1871,16,61,464.015,696.212,48901.567,2,122,120.755,87.908,NA,3.788,0.013,180,56.31
1872,16,62,464.015,690.152,49201.577,2,115,126.815,91.792,NA,6.061,0.02,-90,90
1873,16,63,464.015,688.636,49501.586,2,106,128.331,92.799,NA,1.515,0.005,-90,0
1874,16,64,464.015,681.818,49801.596,2,94,135.149,97.495,NA,6.818,0.023,-90,0
1875,16,65,464.015,681.818,50101.605,2,182,135.149,97.495,NA,0,0,0,90
1876,16,66,461.742,686.742,50401.615,2,105,140.572,95.755,NA,5.423,0.018,114.775,114.775
1877,16,67,453.03,686.742,50701.625,2,155,149.284,102.4,NA,8.712,0.029,180,65.225
1878,16,68,448.106,690.909,51001.634,2,112,155.735,103.832,NA,6.451,0.022,139.764,-40.236
1879,16,69,448.106,694.318,51301.644,2,120,159.144,101.905,NA,3.409,0.011,90,-49.764
1880,16,70,448.106,694.318,51601.653,2,88,159.144,101.905,NA,0,0,0,-90
1881,16,71,447.727,694.318,51901.663,2,109,159.523,102.221,NA,0.379,0.001,180,180
1882,16,72,442.424,685.227,52201.673,2,101,170.047,111.758,NA,10.525,0.035,-120.256,59.744
1883,16,73,440.152,685.227,52501.682,2,106,172.32,113.607,NA,2.273,0.008,180,-59.744
1884,16,74,435.985,679.167,52801.692,2,107,179.675,120.534,NA,7.355,0.025,-124.509,55.491
1885,16,75,431.061,678.409,53101.702,2,118,184.657,124.967,NA,4.982,0.017,-171.254,-46.745
1886,16,76,435.227,668.561,53401.711,2,89,195.351,127.699,NA,10.694,0.036,-67.068,104.186
1887,16,77,439.773,667.803,53701.721,2,124,199.959,124.757,NA,4.608,0.015,-9.462,57.606
1888,16,78,439.773,667.803,54001.73,2,75,199.959,124.757,NA,0,0,0,9.462
1889,16,79,435.606,667.803,54301.74,2,205,204.125,127.899,NA,4.167,0.014,180,180
1890,16,80,425.758,665.909,54601.75,2,112,214.154,136.713,NA,10.029,0.033,-169.114,10.886
1891,16,81,421.97,662.121,54901.759,2,164,219.511,142.035,NA,5.357,0.018,-135,34.114
1892,16,82,412.879,654.167,55201.769,2,122,231.591,154.104,NA,12.08,0.04,-138.814,-3.814
1893,16,83,412.879,653.409,55501.778,2,106,232.348,154.58,NA,0.758,0.003,-90,48.814
1894,16,84,412.879,653.03,55801.788,2,150,232.727,154.819,NA,0.379,0.001,-90,0
1895,16,85,412.879,653.03,56101.798,2,172,232.727,154.819,NA,0,0,0,90
1896,16,86,412.879,649.242,56401.807,2,102,236.515,157.237,NA,3.788,0.013,-90,-90
1897,16,87,417.803,648.106,56701.817,2,131,241.569,154.263,NA,5.054,0.017,-12.995,77.005
1898,16,88,425.379,648.106,57001.826,2,125,249.145,148.694,NA,7.576,0.025,0,12.995
1899,16,89,425.379,654.167,57301.836,2,123,255.205,144.576,NA,6.061,0.02,90,90
1900,16,90,425.379,655.682,57601.846,2,119,256.72,143.569,NA,1.515,0.005,90,0
1901,16,91,431.818,656.439,57901.855,2,141,263.204,138.291,NA,6.484,0.022,6.71,-83.29
1902,16,92,431.818,656.439,58201.865,2,196,263.204,138.291,NA,0,0,0,-6.71
1903,16,93,429.545,653.03,58501.875,2,227,267.301,142.282,NA,4.097,0.014,-123.69,-123.69
1904,16,94,423.864,651.894,58801.884,2,198,273.096,147.224,NA,5.794,0.019,-168.69,-45
1905,16,95,414.773,651.894,59101.894,2,255,282.187,154.081,NA,9.091,0.03,180,-11.31
1906,16,96,417.424,645.833,59401.903,2,223,288.802,156.065,NA,6.615,0.022,-66.371,113.629
1907,16,97,409.848,638.258,59701.913,2,103,299.516,166.767,NA,10.714,0.036,-135,-68.629
1908,16,98,409.848,638.258,60001.923,2,114,299.516,166.767,NA,0,0,0,135
1909,16,99,406.818,644.318,60301.932,2,142,306.292,165.045,NA,6.776,0.023,116.565,116.565
1910,16,100,406.818,651.136,60601.942,2,181,313.11,160.732,NA,6.818,0.023,90,-26.565
1911,16,101,403.03,643.939,60901.951,2,148,321.243,168.198,NA,8.133,0.027,-117.759,152.241
1912,16,102,403.03,623.106,61201.961,2,114,342.076,182.141,NA,20.833,0.069,-90,27.759
1913,16,103,406.439,623.106,61501.971,2,194,345.485,179.725,NA,3.409,0.011,0,90
1914,16,104,404.167,617.045,61801.98,2,153,351.958,185.648,NA,6.473,0.022,-110.556,-110.556
1915,16,105,404.167,616.667,62101.99,2,222,352.337,185.921,NA,0.379,0.001,-90,20.556
1916,16,106,397.727,616.667,62402,2,219,358.776,190.438,NA,6.439,0.021,180,-90
1917,16,107,392.803,616.667,62702.009,2,188,363.7,193.966,NA,4.924,0.016,180,0
1918,16,108,386.742,614.015,63002.019,2,85,370.315,200.191,NA,6.615,0.022,-156.371,23.629
1919,16,109,386.742,606.061,63302.028,2,169,378.27,205.707,NA,7.955,0.027,-90,66.371
1920,16,110,386.742,606.061,63602.038,2,114,378.27,205.707,NA,0,0,0,90
1921,16,111,389.394,621.212,63902.048,2,149,393.652,193.369,NA,15.382,0.051,80.074,80.074
1922,16,112,387.879,625.379,64202.057,2,148,398.085,191.747,NA,4.434,0.015,109.983,29.909
1923,16,113,381.061,632.955,64502.067,2,150,408.278,192.222,NA,10.192,0.034,131.987,22.004
1924,16,114,381.061,632.955,64802.076,2,104,408.278,192.222,NA,0,0,0,-131.987
1925,16,115,376.894,635.227,65102.086,2,160,413.024,194.17,NA,4.746,0.016,151.39,151.39
1926,16,116,375.758,637.121,65402.096,2,59,415.232,193.969,NA,2.209,0.007,120.964,-30.426
1927,16,117,364.773,643.939,65702.105,2,104,428.161,199.237,NA,12.929,0.043,148.173,27.209
1928,16,118,353.409,647.727,66002.115,2,116,440.14,207.007,NA,11.978,0.04,161.565,13.392
1929,16,119,353.409,647.727,66302.124,2,75,440.14,207.007,NA,0,0,0,-161.565
1930,16,120,345.833,647.727,66602.134,2,116,447.715,213.611,NA,7.576,0.025,180,180
1931,16,121,341.667,652.273,66902.144,2,148,453.882,215.152,NA,6.166,0.021,132.51,-47.49
1932,16,122,328.409,648.864,67202.153,2,87,467.57,228.52,NA,13.689,0.046,-165.579,61.91
1933,16,123,315.909,630.303,67502.163,2,112,489.948,248.23,NA,22.377,0.075,-123.959,41.62
1934,16,124,307.197,619.697,67802.173,2,158,503.673,261.043,NA,13.726,0.046,-129.401,-5.442
1935,16,125,296.591,602.273,68102.182,2,112,524.072,279.134,NA,20.398,0.068,-121.329,8.072
1936,16,126,290.909,589.394,68402.192,2,95,538.148,290.902,NA,14.076,0.047,-113.806,7.523
1937,16,127,270.076,572.727,68702.201,2,136,564.828,317.49,NA,26.68,0.089,-141.34,-27.534
1938,16,128,258.712,577.652,69002.211,2,88,577.212,324.306,NA,12.385,0.041,156.571,-62.089
1939,16,129,258.712,580.303,69302.221,2,159,579.864,322.899,NA,2.652,0.009,90,-66.571
1940,16,130,243.561,591.288,69602.23,2,27,598.579,330.423,NA,18.715,0.062,144.058,54.058
1941,16,131,243.939,591.288,69902.24,2,78,598.957,330.091,NA,0.379,0.001,0,-144.058
1942,16,132,243.939,591.288,70202.249,2,51,598.957,330.091,NA,0,0,0,0
1943,16,133,237.879,595.076,70502.259,2,47,606.104,333.626,NA,7.147,0.024,147.995,147.995
1944,16,134,237.879,594.318,70802.269,2,49,606.862,333.981,NA,0.758,0.003,-90,122.005
1945,16,135,239.394,590.53,71102.278,2,106,610.942,334.441,NA,4.08,0.014,-68.199,21.801
1946,16,136,235.985,590.53,71402.288,2,111,614.351,337.437,NA,3.409,0.011,180,-111.801
1947,16,137,235.227,592.045,71702.298,2,161,616.045,337.389,NA,1.694,0.006,116.565,-63.435
1948,16,139,235.227,592.045,72002.307,2,169,616.045,337.389,NA,0,0,0,-116.565
1949,17,1,572.727,760.606,45901.471,2,49,0,0,NA,NA,NA,NA,NA
1950,17,2,565.152,750.758,46201.48,2,27,12.425,12.425,NA,12.425,0.041,-127.569,NA
1951,17,3,565.152,750.758,46501.49,2,19,12.425,12.425,NA,0,0,0,127.569
1952,17,4,550,725,46801.5,2,29,42.309,42.241,NA,29.883,0.1,-120.466,-120.466
1953,17,5,549.621,723.485,47101.509,2,10,43.87,43.725,NA,1.562,0.005,-104.036,16.429
1954,17,6,537.121,704.924,47401.519,2,28,66.248,66.093,NA,22.377,0.075,-123.959,-19.923
1955,17,7,517.045,676.515,47701.528,2,30,101.034,100.855,NA,34.787,0.116,-125.248,-1.289
1956,17,8,501.136,658.712,48001.538,2,89,124.91,124.53,NA,23.876,0.08,-131.785,-6.537
1957,17,9,495.833,645.076,48301.548,2,23,139.541,138.78,NA,14.631,0.049,-111.251,20.534
1958,17,10,483.712,596.97,48601.557,2,71,189.151,186.281,NA,49.61,0.165,-104.142,7.108
1959,17,11,470.833,600.758,48901.567,2,43,202.575,189.562,NA,13.424,0.045,163.61,-92.247
1960,17,12,447.727,599.242,49201.577,2,52,225.731,204.116,NA,23.156,0.077,-176.248,20.141
1961,17,13,429.545,592.172,49501.586,2,27,245.239,221.068,NA,19.508,0.065,-158.749,17.499
1962,17,14,410.859,577.02,49801.596,2,30,269.297,244.755,NA,24.058,0.08,-140.964,17.785
1963,17,15,403.283,563.384,50101.605,2,34,284.896,260.015,NA,15.599,0.052,-119.055,21.91
1964,17,16,402.778,562.879,50401.615,2,2,285.61,260.728,NA,0.714,0.002,-135,-15.945
1965,17,17,402.778,562.879,50701.625,2,25,285.61,260.728,NA,0,0,0,135
1966,17,18,402.778,562.879,51001.634,2,26,285.61,260.728,NA,0,0,0,0
1967,17,19,397.727,562.374,51301.644,2,45,290.686,264.426,NA,5.076,0.017,-174.289,-174.289
1968,17,20,397.222,562.374,51601.653,2,70,291.191,264.76,NA,0.505,0.002,180,-5.711
1969,17,21,394.192,562.374,51901.663,2,56,294.222,266.779,NA,3.03,0.01,180,0
1970,17,22,393.182,562.374,52201.673,2,114,295.232,267.456,NA,1.01,0.003,180,0
1971,17,23,390.152,560.859,52501.682,2,66,298.62,270.616,NA,3.388,0.011,-153.435,26.565
1972,17,24,378.03,557.828,52801.692,2,49,311.114,281.115,NA,12.494,0.042,-165.964,-12.529
1973,17,25,364.899,549.747,53101.702,2,38,326.532,296.064,NA,15.419,0.051,-148.392,17.571
1974,17,26,364.899,549.242,53401.711,2,110,327.037,296.424,NA,0.505,0.002,-90,58.392
1975,17,27,354.798,545.202,53701.721,2,43,337.917,306.418,NA,10.879,0.036,-158.199,-68.199
1976,17,28,349.747,545.202,54001.73,2,54,342.967,310.03,NA,5.051,0.017,180,-21.801
1977,17,29,344.697,545.202,54301.74,2,36,348.018,313.683,NA,5.051,0.017,180,0
1978,17,30,344.697,546.212,54601.75,2,67,349.028,312.99,NA,1.01,0.003,90,-90
1979,17,31,344.697,546.212,54901.759,2,27,349.028,312.99,NA,0,0,0,-90
1980,17,32,344.697,546.212,55201.769,2,19,349.028,312.99,NA,0,0,0,0
1981,17,33,354.293,550.758,55501.778,2,51,359.646,302.903,NA,10.618,0.035,25.346,25.346
1982,17,34,352.778,550.758,55801.788,2,81,361.161,303.997,NA,1.515,0.005,180,154.654
1983,17,35,345.202,550.758,56101.798,2,39,368.737,309.522,NA,7.576,0.025,180,0
1984,17,36,345.202,550.758,56401.807,2,39,368.737,309.522,NA,0,0,0,-180
1985,17,37,345.202,550.758,56701.817,2,9,368.737,309.522,NA,0,0,0,0
1986,17,38,345.202,550.758,57001.826,2,31,368.737,309.522,NA,0,0,0,0
1987,17,39,345.202,550.758,57301.836,2,3,368.737,309.522,NA,0,0,0,0
1988,17,40,345.202,544.192,57601.846,2,70,375.302,314.011,NA,6.566,0.022,-90,-90
1989,17,41,356.818,533.586,57901.855,2,50,391.032,313.297,NA,15.73,0.052,-42.397,47.603
1990,17,42,356.818,533.586,58201.865,2,52,391.032,313.297,NA,0,0,0,42.397
1991,17,43,356.818,533.586,58501.875,2,96,391.032,313.297,NA,0,0,0,0
1992,17,44,356.818,533.586,58801.884,2,39,391.032,313.297,NA,0,0,0,0
1993,17,45,356.818,519.949,59101.894,2,15,404.668,323.315,NA,13.636,0.045,-90,-90
1994,17,46,356.818,519.949,59401.903,2,68,404.668,323.315,NA,0,0,0,90
1995,17,47,350.758,520.455,59701.913,2,67,410.75,327.022,NA,6.082,0.02,175.236,175.236
1996,17,48,344.192,520.455,60001.923,2,84,417.316,331.513,NA,6.566,0.022,180,4.764
1997,17,49,333.586,525,60301.932,2,85,428.855,335.706,NA,11.539,0.038,156.801,-23.199
1998,17,50,327.525,525,60601.942,2,47,434.915,340.05,NA,6.061,0.02,180,23.199
1999,17,51,312.374,524.495,60901.951,2,104,450.075,351.472,NA,15.16,0.051,-178.091,1.909
2000,17,52,301.263,522.475,61201.961,2,85,461.369,361.109,NA,11.293,0.038,-169.695,8.396
2001,17,53,285.101,522.98,61501.971,2,36,477.538,373.089,NA,16.17,0.054,178.21,-12.095
2002,17,54,278.535,522.98,61801.98,2,44,484.104,378.173,NA,6.566,0.022,180,1.79
2003,17,55,270.96,523.99,62101.99,2,69,491.746,383.472,NA,7.643,0.025,172.405,-7.595
2004,17,56,265.404,523.99,62402,2,102,497.302,387.859,NA,5.556,0.019,180,7.595
2005,17,57,264.899,523.485,62702.009,2,96,498.016,388.568,NA,0.714,0.002,-135,45
2006,17,58,259.848,521.97,63002.019,2,91,503.289,393.498,NA,5.273,0.018,-163.301,-28.301
2007,17,59,259.848,515.404,63302.028,2,46,509.855,397.514,NA,6.566,0.022,-90,73.301
2008,17,60,255.808,513.384,63602.038,2,206,514.372,401.941,NA,4.517,0.015,-153.435,-63.435
2009,17,61,252.273,508.838,63902.048,2,31,520.131,407.527,NA,5.758,0.019,-127.875,25.56
2010,18,1,560.985,660.606,41101.317,2,57,0,0,NA,NA,NA,NA,NA
2011,18,2,560.985,653.788,41401.327,2,22,6.818,6.818,NA,6.818,0.023,-90,NA
2012,18,3,560.985,640.909,41701.336,2,21,19.697,19.697,NA,12.879,0.043,-90,0
2013,18,4,561.364,634.091,42001.346,2,21,26.526,26.518,NA,6.829,0.023,-86.82,3.18
2014,18,5,561.364,620.455,42301.355,2,24,40.162,40.153,NA,13.636,0.045,-90,-3.18
2015,18,6,561.364,620.076,42601.365,2,29,40.541,40.532,NA,0.379,0.001,-90,0
2016,18,7,557.955,614.394,42901.375,2,19,47.167,46.311,NA,6.626,0.022,-120.964,-30.964
2017,18,8,550.758,607.955,43201.384,2,19,56.824,53.636,NA,9.657,0.032,-138.18,-17.216
2018,18,9,540.152,604.924,43501.394,2,51,67.855,59.452,NA,11.03,0.037,-164.055,-25.875
2019,18,10,539.773,604.545,43801.404,2,33,68.39,59.94,NA,0.536,0.002,-135,29.055
2020,18,11,534.091,600.379,44101.413,2,14,75.436,65.959,NA,7.046,0.023,-143.746,-8.746
2021,18,12,527.652,594.318,44401.423,2,53,84.279,74.197,NA,8.843,0.029,-136.736,7.01
2022,18,13,521.212,592.803,44701.432,2,54,90.894,78.607,NA,6.615,0.022,-166.759,-30.024
2023,18,14,521.212,592.803,45001.442,2,78,90.894,78.607,NA,0,0,0,166.759
2024,18,15,512.5,592.424,45301.452,2,19,99.615,83.663,NA,8.72,0.029,-177.51,-177.51
2025,18,16,509.848,572.348,45601.461,2,70,119.865,102.002,NA,20.25,0.067,-97.524,79.987
2026,18,17,509.848,571.591,45901.471,2,39,120.622,102.658,NA,0.758,0.003,-90,7.524
2027,18,18,504.167,570.455,46201.48,2,83,126.417,106.563,NA,5.794,0.019,-168.69,-78.69
2028,18,19,505.303,564.394,46501.49,2,47,132.583,111.163,NA,6.166,0.021,-79.38,89.31
2029,18,20,505.303,559.091,46801.5,2,74,137.886,115.783,NA,5.303,0.018,-90,-10.62
2030,18,21,505.303,553.788,47101.509,2,54,143.189,120.46,NA,5.303,0.018,-90,0
2031,18,22,505.303,553.409,47401.519,2,85,143.568,120.796,NA,0.379,0.001,-90,0
2032,18,23,505.303,549.242,47701.528,2,49,147.734,124.508,NA,4.167,0.014,-90,0
2033,18,24,505.303,548.864,48001.538,2,76,148.113,124.847,NA,0.379,0.001,-90,0
2034,18,25,504.545,548.864,48301.548,2,97,148.871,125.187,NA,0.758,0.003,180,-90
2035,18,26,503.409,553.409,48601.557,2,59,153.556,121.681,NA,4.685,0.016,104.036,-75.964
2036,18,27,499.242,553.409,48901.567,2,39,157.723,123.707,NA,4.167,0.014,180,75.964
2037,18,28,499.242,553.409,49201.577,2,20,157.723,123.707,NA,0,0,0,-180
2038,18,29,496.97,544.318,49501.586,2,42,167.093,132.743,NA,9.371,0.031,-104.036,-104.036
2039,18,30,501.515,537.5,49801.596,2,83,175.288,136.718,NA,8.194,0.027,-56.31,47.726
2040,18,31,501.894,532.197,50101.605,2,60,180.604,141.353,NA,5.317,0.018,-85.914,-29.604
2041,18,32,502.652,525.379,50401.615,2,67,187.465,147.273,NA,6.86,0.023,-83.66,2.255
2042,18,33,512.879,522.727,50701.625,2,80,198.03,146.03,NA,10.565,0.035,-14.534,69.125
2043,18,34,512.879,522.727,51001.634,2,79,198.03,146.03,NA,0,0,0,14.534
2044,18,35,512.879,512.879,51301.644,2,154,207.878,155.363,NA,9.848,0.033,-90,-90
2045,18,36,512.879,507.197,51601.653,2,63,213.56,160.775,NA,5.682,0.019,-90,0
2046,18,37,503.409,500.758,51901.663,2,86,225.012,169.901,NA,11.452,0.038,-145.784,-55.784
2047,18,38,493.561,493.561,52201.673,2,87,237.21,180.139,NA,12.198,0.041,-143.842,1.942
2048,18,39,490.909,488.258,52501.682,2,114,243.139,186.05,NA,5.929,0.02,-116.565,27.277
2049,18,40,491.288,480.303,52801.692,2,47,251.102,193.305,NA,7.964,0.027,-87.274,29.291
2050,18,41,491.288,480.303,53101.702,2,112,251.102,193.305,NA,0,0,0,87.274
2051,18,42,491.288,480.303,53401.711,2,101,251.102,193.305,NA,0,0,0,0
2052,18,43,484.47,473.106,53701.721,2,143,261.016,202.511,NA,9.914,0.033,-133.452,-133.452
2053,18,44,484.47,473.106,54001.73,2,126,261.016,202.511,NA,0,0,0,133.452
2054,18,45,484.47,473.106,54301.74,2,114,261.016,202.511,NA,0,0,0,0
2055,18,46,484.47,468.561,54601.75,2,94,265.562,206.727,NA,4.545,0.015,-90,-90
2056,18,47,481.818,467.045,54901.759,2,130,268.616,209.125,NA,3.054,0.01,-150.255,-60.255
2057,18,48,476.136,467.045,55201.769,2,90,274.297,211.341,NA,5.682,0.019,180,-29.745
2058,18,49,472.727,467.045,55501.778,2,78,277.706,212.732,NA,3.409,0.011,180,0
2059,18,50,468.939,466.288,55801.788,2,60,281.569,215.016,NA,3.863,0.013,-168.69,11.31
2060,18,51,468.561,465.909,56101.798,2,37,282.105,215.521,NA,0.536,0.002,-135,33.69
2061,18,52,460.606,465.909,56401.807,2,64,290.06,219.05,NA,7.955,0.027,180,-45
2062,18,53,440.909,462.5,56701.817,2,102,310.049,231.655,NA,19.99,0.067,-170.181,9.819
2063,18,54,424.621,462.879,57001.826,2,69,326.342,240.19,NA,16.292,0.054,178.668,-11.152
2064,18,55,421.97,462.879,57301.836,2,47,328.993,241.705,NA,2.652,0.009,180,1.332
2065,18,56,420.455,459.091,57601.846,2,46,333.073,245.677,NA,4.08,0.014,-111.801,68.199
2066,18,57,420.455,459.091,57901.855,2,40,333.073,245.677,NA,0,0,0,111.801
2067,18,58,411.742,453.788,58201.865,2,38,343.272,255.043,NA,10.199,0.034,-148.671,-148.671
2068,18,59,407.955,445.455,58501.875,2,14,352.426,264.024,NA,9.154,0.031,-114.444,34.227
2069,18,60,400.379,439.015,58801.884,2,24,362.369,273.673,NA,9.943,0.033,-139.635,-25.192
2070,19,1,834.596,955.303,30600.981,2,32,0,0,NA,NA,NA,NA,NA
2071,19,2,840.657,959.848,30900.99,2,92,7.576,7.576,NA,7.576,0.025,36.87,NA
2072,19,3,847.727,959.848,31201,2,29,14.646,13.896,NA,7.071,0.024,0,-36.87
2073,19,4,853.283,965.909,31501.009,2,26,22.868,21.487,NA,8.222,0.027,47.49,47.49
2074,19,5,858.838,965.909,31801.019,2,47,28.424,26.461,NA,5.556,0.019,0,-47.49
2075,19,6,857.323,968.434,32101.029,2,84,31.369,26.248,NA,2.945,0.01,120.964,120.964
2076,19,7,857.323,979.04,32401.038,2,30,41.975,32.863,NA,10.606,0.035,90,-30.964
2077,19,8,856.818,978.03,32701.048,2,35,43.104,31.786,NA,1.129,0.004,-116.565,153.435
2078,19,9,861.869,975.505,33001.057,2,75,48.751,33.94,NA,5.647,0.019,-26.565,90
2079,19,10,869.444,975.505,33301.067,2,57,56.326,40.281,NA,7.576,0.025,0,26.565
2080,19,11,872.98,979.545,33601.077,2,70,61.695,45.398,NA,5.369,0.018,48.814,48.814
2081,19,12,872.98,979.545,33901.086,2,17,61.695,45.398,NA,0,0,0,-48.814
2082,19,13,878.03,981.061,34201.096,2,125,66.968,50.497,NA,5.273,0.018,16.699,16.699
2083,19,14,878.03,981.061,34501.105,2,115,66.968,50.497,NA,0,0,0,-16.699
2084,19,15,878.03,981.061,34801.115,2,84,66.968,50.497,NA,0,0,0,0
2085,19,16,878.03,981.061,35101.125,2,71,66.968,50.497,NA,0,0,0,0
2086,19,17,878.03,981.061,35401.134,2,82,66.968,50.497,NA,0,0,0,0
2087,19,18,888.131,981.566,35701.144,2,121,77.082,59.63,NA,10.114,0.034,2.862,2.862
2088,19,19,888.131,981.566,36001.154,2,112,77.082,59.63,NA,0,0,0,-2.862
2089,19,20,888.131,985.606,36301.163,2,61,81.122,61.517,NA,4.04,0.013,90,90
2090,19,21,888.131,989.141,36601.173,2,73,84.657,63.333,NA,3.535,0.012,90,0
2091,19,22,890.152,989.141,36901.182,2,113,86.678,65.05,NA,2.02,0.007,0,-90
2092,19,23,890.152,981.566,37201.192,2,73,94.253,61.45,NA,7.576,0.025,-90,-90
2093,19,24,898.232,980.556,37501.202,2,166,102.397,68.464,NA,8.144,0.027,-7.125,82.875
2094,19,25,898.232,976.01,37801.211,2,169,106.942,66.921,NA,4.545,0.015,-90,-82.875
2095,19,26,898.232,969.949,38101.221,2,116,113.003,65.3,NA,6.061,0.02,-90,0
2096,19,27,904.293,969.949,38401.23,2,77,119.064,71.219,NA,6.061,0.02,0,90
2097,19,28,908.333,970.96,38701.24,2,98,123.228,75.381,NA,4.165,0.014,14.036,14.036
2098,19,29,908.333,970.96,39001.25,2,113,123.228,75.381,NA,0,0,0,-14.036
2099,19,30,920.455,977.02,39301.259,2,222,136.78,88.563,NA,13.552,0.045,26.565,26.565
2100,19,31,920.455,980.051,39601.269,2,255,139.811,89.354,NA,3.03,0.01,90,63.435
2101,19,32,920.455,980.051,39901.279,2,204,139.811,89.354,NA,0,0,0,-90
2102,19,33,920.455,980.051,40201.288,2,207,139.811,89.354,NA,0,0,0,0
2103,19,34,921.97,983.081,40501.298,2,212,143.199,91.683,NA,3.388,0.011,63.435,63.435
2104,19,35,917.424,986.111,40801.307,2,157,148.662,88.372,NA,5.463,0.018,146.31,82.875
2105,19,36,917.424,983.586,41101.317,2,198,151.187,87.524,NA,2.525,0.008,-90,123.69
2106,19,37,917.424,983.586,41401.327,2,143,151.187,87.524,NA,0,0,0,90
2107,19,38,913.889,976.515,41701.336,2,222,159.092,82.081,NA,7.905,0.026,-116.565,-116.565
2108,19,39,913.889,976.515,42001.346,2,127,159.092,82.081,NA,0,0,0,116.565
2109,19,40,913.889,976.515,42301.355,2,162,159.092,82.081,NA,0,0,0,0
2110,19,41,913.889,976.515,42601.365,2,13,159.092,82.081,NA,0,0,0,0
2111,19,42,930.051,976.515,42901.375,2,127,175.254,97.783,NA,16.162,0.054,0,0
2112,19,43,930.051,966.919,43201.384,2,124,184.85,96.159,NA,9.596,0.032,-90,-90
2113,19,44,930.051,958.838,43501.394,2,240,192.931,95.52,NA,8.081,0.027,-90,0
2114,19,45,930.051,958.838,43801.404,2,14,192.931,95.52,NA,0,0,0,90
2115,19,46,930.051,940.152,44101.413,2,171,211.617,96.65,NA,18.687,0.062,-90,-90
2116,19,47,930.051,940.152,44401.423,2,198,211.617,96.65,NA,0,0,0,90
2117,19,48,932.071,942.677,44701.432,2,212,214.851,98.289,NA,3.234,0.011,51.34,51.34
2118,19,49,932.576,940.152,45001.442,2,228,217.427,99.144,NA,2.575,0.009,-78.69,-130.03
2119,19,50,932.576,937.626,45301.452,2,255,219.952,99.562,NA,2.525,0.008,-90,-11.31
2120,19,51,932.576,937.626,45601.461,2,201,219.952,99.562,NA,0,0,0,90
2121,19,52,926.515,935.101,45901.471,2,255,226.517,94.113,NA,6.566,0.022,-157.38,-157.38
2122,19,53,930.556,934.091,46201.48,2,224,230.682,98.276,NA,4.165,0.014,-14.036,143.344
2123,19,54,933.081,934.091,46501.49,2,255,233.207,100.743,NA,2.525,0.008,0,14.036
2124,19,55,931.566,926.01,46801.5,2,191,241.429,101.298,NA,8.222,0.027,-100.62,-100.62
2125,19,56,931.566,926.01,47101.509,2,215,241.429,101.298,NA,0,0,0,100.62
2126,19,57,926.515,926.01,47401.519,2,255,246.48,96.474,NA,5.051,0.017,180,180
2127,19,58,926.515,926.01,47701.528,2,252,246.48,96.474,NA,0,0,0,-180
2128,19,59,926.515,926.01,48001.538,2,255,246.48,96.474,NA,0,0,0,0
2129,19,60,923.99,914.899,48301.548,2,255,257.874,98.101,NA,11.394,0.038,-102.804,-102.804
2130,19,61,922.475,904.798,48601.557,2,101,268.088,101.358,NA,10.214,0.034,-98.531,4.274
2131,19,62,922.475,904.798,48901.567,2,35,268.088,101.358,NA,0,0,0,98.531
2132,19,63,909.848,897.727,49201.577,2,33,282.559,94.752,NA,14.471,0.048,-150.751,-150.751
2133,19,64,909.848,891.162,49501.586,2,101,289.125,98.879,NA,6.566,0.022,-90,60.751
2134,19,65,909.848,891.162,49801.596,2,68,289.125,98.879,NA,0,0,0,90
2135,19,66,900.253,884.596,50101.605,2,36,300.752,96.49,NA,11.627,0.039,-145.62,-145.62
2136,19,67,900.253,884.091,50401.615,2,27,301.257,96.86,NA,0.505,0.002,-90,55.62
2137,19,68,903.788,876.515,50701.625,2,7,309.617,104.857,NA,8.36,0.028,-64.983,25.017
2138,19,69,916.919,864.394,51001.634,2,3,327.488,122.644,NA,17.871,0.06,-42.709,22.274
2139,19,70,952.778,831.061,51301.644,2,39,376.446,171.473,NA,48.959,0.163,-42.91,-0.2
2140,19,71,952.273,823.485,51601.653,2,44,384.039,176.703,NA,7.593,0.025,-93.814,-50.904
2141,19,72,960.354,824.495,51901.663,2,14,392.183,181.454,NA,8.144,0.027,7.125,100.939
2142,19,73,964.899,825.505,52201.673,2,14,396.839,183.92,NA,4.656,0.016,12.529,5.404
2143,19,74,964.394,825,52501.682,2,24,397.553,183.92,NA,0.714,0.002,-135,-147.529
2144,20,1,848.232,1020.96,30900.99,2,51,0,0,NA,NA,NA,NA,NA
2145,20,2,848.232,1027.02,31201,2,22,6.061,6.061,NA,6.061,0.02,90,NA
2146,20,3,853.283,1033.586,31501.009,2,91,14.344,13.599,NA,8.283,0.028,52.431,-37.569
2147,20,4,857.828,1036.616,31801.019,2,77,19.807,18.363,NA,5.463,0.018,33.69,-18.741
2148,20,5,857.828,1036.616,32101.029,2,94,19.807,18.363,NA,0,0,0,-33.69
2149,20,6,857.828,1036.616,32401.038,2,87,19.807,18.363,NA,0,0,0,0
2150,20,7,860.354,1040.152,32701.048,2,55,24.152,22.699,NA,4.345,0.014,54.462,54.462
2151,20,8,860.354,1040.152,33001.057,2,119,24.152,22.699,NA,0,0,0,-54.462
2152,20,9,864.394,1034.091,33301.067,2,63,31.436,20.824,NA,7.284,0.024,-56.31,-56.31
2153,20,10,875.505,1033.586,33601.077,2,83,42.558,30.054,NA,11.123,0.037,-2.603,53.707
2154,20,11,880.051,1035.101,33901.086,2,68,47.349,34.819,NA,4.791,0.016,18.435,21.038
2155,20,12,880.051,1035.101,34201.096,2,99,47.349,34.819,NA,0,0,0,-18.435
2156,20,13,880.051,1035.101,34501.105,2,104,47.349,34.819,NA,0,0,0,0
2157,20,14,882.071,1033.081,34801.115,2,91,50.206,35.944,NA,2.857,0.01,-45,-45
2158,20,15,888.131,1033.081,35101.125,2,127,56.267,41.7,NA,6.061,0.02,0,45
2159,20,16,897.222,1046.717,35401.134,2,115,72.656,55.349,NA,16.389,0.055,56.31,56.31
2160,20,17,897.727,1047.222,35701.144,2,169,73.37,56.031,NA,0.714,0.002,45,-11.31
2161,20,18,897.727,1047.222,36001.154,2,223,73.37,56.031,NA,0,0,0,-45
2162,20,19,897.727,1047.222,36301.163,2,170,73.37,56.031,NA,0,0,0,0
2163,20,20,897.727,1049.242,36601.173,2,132,75.39,57.006,NA,2.02,0.007,90,90
2164,20,21,903.283,1044.192,36901.182,2,251,82.899,59.752,NA,7.508,0.025,-42.274,-132.274
2165,20,22,903.283,1044.192,37201.192,2,139,82.899,59.752,NA,0,0,0,42.274
2166,20,23,903.283,1044.192,37501.202,2,117,82.899,59.752,NA,0,0,0,0
2167,20,24,907.323,1044.192,37801.211,2,123,86.939,63.494,NA,4.04,0.013,0,0
2168,20,25,907.323,1044.192,38101.221,2,113,86.939,63.494,NA,0,0,0,0
2169,20,26,907.323,1048.737,38401.23,2,174,91.484,65.294,NA,4.545,0.015,90,90
2170,20,27,907.323,1048.737,38701.24,2,115,91.484,65.294,NA,0,0,0,-90
2171,20,28,905.808,1048.737,39001.25,2,47,93,63.926,NA,1.515,0.005,180,180
2172,20,29,904.293,1057.323,39301.259,2,164,101.718,66.821,NA,8.719,0.029,100.008,-79.992
2173,20,30,898.737,1057.323,39601.269,2,102,107.274,62.234,NA,5.556,0.019,180,79.992
2174,20,31,899.242,1058.838,39901.279,2,89,108.871,63.536,NA,1.597,0.005,71.565,-108.435
2175,20,32,899.242,1059.848,40201.288,2,68,109.881,64.143,NA,1.01,0.003,90,18.435
2176,20,33,896.717,1059.848,40501.298,2,56,112.406,62.154,NA,2.525,0.008,180,90
2177,20,34,892.172,1060.859,40801.307,2,89,117.062,59.351,NA,4.656,0.016,167.471,-12.529
2178,20,35,892.172,1060.859,41101.317,2,72,117.062,59.351,NA,0,0,0,-167.471
2179,20,36,891.667,1069.444,41401.327,2,102,125.663,65.095,NA,8.601,0.029,93.366,93.366
2180,20,37,890.152,1069.444,41701.336,2,47,127.178,64.094,NA,1.515,0.005,180,86.634
2181,20,38,889.141,1069.949,42001.346,2,60,128.308,63.824,NA,1.129,0.004,153.435,-26.565
2182,20,39,891.162,1084.091,42301.355,2,154,142.593,76.345,NA,14.285,0.048,81.87,-71.565
2183,20,40,891.162,1084.091,42601.365,2,74,142.593,76.345,NA,0,0,0,-81.87
2184,20,41,891.162,1084.091,42901.375,2,82,142.593,76.345,NA,0,0,0,0
2185,20,42,891.162,1084.091,43201.384,2,112,142.593,76.345,NA,0,0,0,0
2186,20,43,887.121,1092.172,43501.394,2,74,151.627,81.139,NA,9.035,0.03,116.565,116.565
2187,20,44,886.111,1092.677,43801.404,2,84,152.757,81.106,NA,1.129,0.004,153.435,36.87
2188,20,45,886.111,1092.677,44101.413,2,96,152.757,81.106,NA,0,0,0,-153.435
2189,20,46,886.111,1092.677,44401.423,2,79,152.757,81.106,NA,0,0,0,0
2190,20,47,886.111,1084.596,44701.432,2,84,160.837,74.057,NA,8.081,0.027,-90,-90
2191,20,48,884.596,1085.101,45001.442,2,74,162.434,73.732,NA,1.597,0.005,161.565,-108.435
2192,20,49,884.596,1093.687,45301.452,2,90,171.02,81.312,NA,8.586,0.029,90,-71.565
2193,20,50,886.616,1098.737,45601.461,2,206,176.46,86.734,NA,5.44,0.018,68.199,-21.801
2194,20,51,886.616,1098.737,45901.471,2,104,176.46,86.734,NA,0,0,0,-68.199
2195,20,52,893.687,1102.273,46201.48,2,67,184.365,93.155,NA,7.905,0.026,26.565,26.565
2196,20,53,893.687,1102.273,46501.49,2,102,184.365,93.155,NA,0,0,0,-26.565
2197,20,54,891.667,1105.303,46801.5,2,173,188.007,94.87,NA,3.642,0.012,123.69,123.69
2198,20,55,891.667,1110.859,47101.509,2,153,193.563,99.842,NA,5.556,0.019,90,-33.69
2199,20,56,891.667,1117.929,47401.519,2,96,200.633,106.253,NA,7.071,0.024,90,0
2200,20,57,891.667,1117.929,47701.528,2,149,200.633,106.253,NA,0,0,0,-90
2201,20,58,893.687,1117.929,48001.538,2,144,202.654,107.095,NA,2.02,0.007,0,0
2202,20,59,893.687,1117.929,48301.548,2,156,202.654,107.095,NA,0,0,0,0
2203,20,60,893.687,1117.929,48601.557,2,166,202.654,107.095,NA,0,0,0,0
2204,20,61,890.657,1122.475,48901.567,2,137,208.117,110.023,NA,5.463,0.018,123.69,123.69
2205,20,62,880.051,1121.97,49201.577,2,115,218.735,105.903,NA,10.618,0.035,-177.274,59.036
2206,20,63,880.051,1118.434,49501.586,2,192,222.27,102.536,NA,3.535,0.012,-90,87.274
2207,20,64,880.051,1118.434,49801.596,2,180,222.27,102.536,NA,0,0,0,90
2208,20,65,880.051,1118.434,50101.605,2,255,222.27,102.536,NA,0,0,0,0
2209,20,66,880.051,1118.434,50401.615,2,171,222.27,102.536,NA,0,0,0,0
2210,20,67,877.02,1123.99,50701.625,2,197,228.598,106.977,NA,6.328,0.021,118.61,118.61
2211,20,68,877.02,1127.02,51001.634,2,176,231.629,109.898,NA,3.03,0.01,90,-28.61
2212,20,69,877.02,1129.04,51301.644,2,167,233.649,111.849,NA,2.02,0.007,90,0
2213,20,70,891.667,1139.141,51601.653,2,176,251.441,125.911,NA,17.792,0.059,34.592,-55.408
2214,20,71,900.758,1146.717,51901.663,2,34,263.274,136.286,NA,11.834,0.039,39.806,5.213
2215,20,72,906.818,1151.768,52201.673,2,161,271.163,143.328,NA,7.889,0.026,39.806,0
2216,20,73,906.818,1151.768,52501.682,2,103,271.163,143.328,NA,0,0,0,-39.806
2217,20,74,906.818,1151.768,52801.692,2,213,271.163,143.328,NA,0,0,0,0
2218,20,75,901.263,1153.788,53101.702,2,176,277.075,143.023,NA,5.911,0.02,160.017,160.017
2219,20,76,901.263,1153.788,53401.711,2,133,277.075,143.023,NA,0,0,0,-160.017
2220,20,77,901.263,1153.788,53701.721,2,72,277.075,143.023,NA,0,0,0,0
2221,20,78,901.263,1153.788,54001.73,2,19,277.075,143.023,NA,0,0,0,0
2222,20,79,903.788,1144.697,54301.74,2,206,286.51,135.637,NA,9.435,0.031,-74.476,-74.476
2223,20,80,903.788,1144.697,54601.75,2,126,286.51,135.637,NA,0,0,0,74.476
2224,20,81,906.313,1150.253,54901.759,2,208,292.613,141.739,NA,6.103,0.02,65.556,65.556
2225,20,82,913.889,1157.828,55201.769,2,110,303.326,151.802,NA,10.714,0.036,45,-20.556
2226,20,83,917.929,1166.414,55501.778,2,80,312.815,161.291,NA,9.489,0.032,64.799,19.799
2227,20,84,958.838,1169.949,55801.788,2,59,353.877,185.558,NA,41.062,0.137,4.939,-59.86
2228,20,85,969.444,1159.343,56101.798,2,153,368.876,183.963,NA,14.999,0.05,-45,-49.939
2229,20,86,969.949,1159.343,56401.807,2,145,369.381,184.296,NA,0.505,0.002,0,45
2230,20,87,980.556,1159.343,56701.817,2,247,379.987,191.467,NA,10.606,0.035,0,0
2231,20,88,980.051,1159.343,57001.826,2,157,380.492,191.118,NA,0.505,0.002,180,180
2232,20,89,981.566,1161.869,57301.836,2,123,383.437,193.993,NA,2.945,0.01,59.036,-120.964
2233,20,90,983.081,1165.404,57601.846,2,158,387.284,197.606,NA,3.846,0.013,66.801,7.765
2234,20,91,985.606,1161.364,57901.855,2,94,392.048,196.43,NA,4.765,0.016,-57.995,-124.796
2235,20,92,998.232,1161.869,58201.865,2,138,404.685,205.804,NA,12.636,0.042,2.291,60.285
2236,20,93,998.232,1161.869,58501.875,2,62,404.685,205.804,NA,0,0,0,-2.291
2237,20,94,998.232,1162.374,58801.884,2,30,405.19,206.15,NA,0.505,0.002,90,90
2238,20,95,998.232,1163.889,59101.894,2,59,406.705,207.193,NA,1.515,0.005,90,0
2239,20,96,981.566,1163.889,59401.903,2,242,423.371,195.465,NA,16.667,0.056,180,90
2240,20,97,974.495,1163.889,59701.913,2,191,430.442,190.712,NA,7.071,0.024,180,0
2241,20,98,969.949,1160.859,60001.923,2,228,435.905,185.437,NA,5.463,0.018,-146.31,33.69
2242,20,99,967.424,1159.343,60301.932,2,176,438.85,182.638,NA,2.945,0.01,-149.036,-2.726
2243,20,100,967.424,1159.343,60601.942,2,152,438.85,182.638,NA,0,0,0,149.036
2244,20,101,966.414,1162.879,60901.951,2,245,442.527,184.684,NA,3.677,0.012,105.945,105.945
2245,20,102,962.374,1162.879,61201.961,2,195,446.567,182.124,NA,4.04,0.013,180,74.055
2246,20,103,954.293,1161.869,61501.971,2,143,454.711,176.364,NA,8.144,0.027,-172.875,7.125
2247,20,104,975.505,1190.152,61801.98,2,88,490.064,211.717,NA,35.354,0.118,53.13,-133.995
2248,20,105,983.586,1198.737,62101.99,2,97,501.855,223.44,NA,11.791,0.039,46.736,-6.394
2249,20,106,998.737,1231.566,62402,2,53,538.011,258.856,NA,36.156,0.121,65.225,18.489
2250,20,107,1002.778,1247.222,62702.009,2,104,554.181,274.006,NA,16.17,0.054,75.53,10.305
2251,21,1,896.212,1007.197,36601.173,2,15,0,0,NA,NA,NA,NA,NA
2252,21,2,896.212,1006.818,36901.182,2,27,0.379,0.379,NA,0.379,0.001,-90,NA
2253,21,3,896.212,1006.818,37201.192,2,16,0.379,0.379,NA,0,0,0,90
2254,21,4,896.212,1001.894,37501.202,2,18,5.303,5.303,NA,4.924,0.016,-90,-90
2255,21,5,896.212,1001.894,37801.211,2,27,5.303,5.303,NA,0,0,0,90
2256,21,6,898.106,1001.894,38101.221,2,29,7.197,5.631,NA,1.894,0.006,0,0
2257,21,7,901.136,1001.894,38401.23,2,21,10.227,7.237,NA,3.03,0.01,0,0
2258,21,8,904.167,1003.788,38701.24,2,46,13.801,8.654,NA,3.573,0.012,32.005,32.005
2259,21,9,905.303,1003.788,39001.25,2,43,14.937,9.709,NA,1.136,0.004,0,-32.005
2260,21,10,905.303,1003.788,39301.259,2,58,14.937,9.709,NA,0,0,0,0
2261,21,11,905.303,1003.788,39601.269,2,37,14.937,9.709,NA,0,0,0,0
2262,21,12,905.303,1003.788,39901.279,2,68,14.937,9.709,NA,0,0,0,0
2263,21,13,906.439,1006.439,40201.288,2,35,17.822,10.255,NA,2.885,0.01,66.801,66.801
2264,21,14,906.439,1006.439,40501.298,2,43,17.822,10.255,NA,0,0,0,-66.801
2265,21,15,910.985,1006.439,40801.307,2,34,22.367,14.792,NA,4.545,0.015,0,0
2266,21,16,910.985,1006.439,41101.317,2,43,22.367,14.792,NA,0,0,0,0
2267,21,17,911.364,1006.439,41401.327,2,104,22.746,15.17,NA,0.379,0.001,0,0
2268,21,18,913.258,1005.303,41701.336,2,68,24.955,17.15,NA,2.209,0.007,-30.964,-30.964
2269,21,19,918.561,1005.303,42001.346,2,35,30.258,22.429,NA,5.303,0.018,0,30.964
2270,21,20,921.97,1006.061,42301.355,2,30,33.75,25.783,NA,3.492,0.012,12.529,12.529
2271,21,21,921.97,1006.061,42601.365,2,31,33.75,25.783,NA,0,0,0,-12.529
2272,21,22,921.97,1006.061,42901.375,2,92,33.75,25.783,NA,0,0,0,0
2273,21,23,921.97,1001.515,43201.384,2,63,38.296,26.377,NA,4.545,0.015,-90,-90
2274,21,24,921.97,999.242,43501.394,2,38,40.568,26.958,NA,2.273,0.008,-90,0
2275,21,25,925.379,999.242,43801.404,2,95,43.977,30.232,NA,3.409,0.011,0,90
2276,21,26,930.303,999.621,44101.413,2,89,48.916,34.923,NA,4.939,0.016,4.399,4.399
2277,21,27,930.303,999.621,44401.423,2,42,48.916,34.923,NA,0,0,0,-4.399
2278,21,28,930.303,999.621,44701.432,2,57,48.916,34.923,NA,0,0,0,0
2279,21,29,934.47,999.621,45001.442,2,63,53.083,39,NA,4.167,0.014,0,0
2280,21,30,940.53,999.621,45301.452,2,58,59.143,44.961,NA,6.061,0.02,0,0
2281,21,31,942.424,999.621,45601.461,2,69,61.037,46.829,NA,1.894,0.006,0,0
2282,21,32,942.424,999.621,45901.471,2,85,61.037,46.829,NA,0,0,0,0
2283,21,33,942.424,999.621,46201.48,2,79,61.037,46.829,NA,0,0,0,0
2284,21,34,942.424,1001.136,46501.49,2,79,62.553,46.608,NA,1.515,0.005,90,90
2285,21,35,939.773,1002.652,46801.5,2,58,65.606,43.797,NA,3.054,0.01,150.255,60.255
2286,21,36,939.773,1002.652,47101.509,2,57,65.606,43.797,NA,0,0,0,-150.255
2287,21,37,939.773,1003.03,47401.519,2,52,65.985,43.759,NA,0.379,0.001,90,90
2288,21,38,939.773,1003.03,47701.528,2,54,65.985,43.759,NA,0,0,0,-90
2289,21,39,940.909,1005.303,48001.538,2,48,68.526,44.737,NA,2.541,0.008,63.435,63.435
2290,21,40,940.909,1005.303,48301.548,2,34,68.526,44.737,NA,0,0,0,-63.435
2291,21,41,946.97,1005.303,48601.557,2,56,74.587,50.793,NA,6.061,0.02,0,0
2292,21,42,949.242,1005.303,48901.567,2,57,76.86,53.064,NA,2.273,0.008,0,0
2293,21,43,951.894,1005.303,49201.577,2,39,79.511,55.714,NA,2.652,0.009,0,0
2294,21,44,956.818,1005.303,49501.586,2,64,84.435,60.636,NA,4.924,0.016,0,0
2295,21,45,956.818,1005.303,49801.596,2,65,84.435,60.636,NA,0,0,0,0
2296,21,46,956.818,1005.303,50101.605,2,83,84.435,60.636,NA,0,0,0,0
2297,21,47,956.818,1005.303,50401.615,2,85,84.435,60.636,NA,0,0,0,0
2298,21,48,956.818,1005.303,50701.625,2,73,84.435,60.636,NA,0,0,0,0
2299,21,49,950.758,1004.924,51001.634,2,26,90.508,54.593,NA,6.072,0.02,-176.424,-176.424
2300,21,50,950.758,1004.924,51301.644,2,46,90.508,54.593,NA,0,0,0,176.424
2301,21,51,952.652,1004.924,51601.653,2,51,92.402,56.485,NA,1.894,0.006,0,0
2302,21,52,954.545,1004.924,51901.663,2,62,94.296,58.378,NA,1.894,0.006,0,0
2303,21,53,954.545,1004.924,52201.673,2,101,94.296,58.378,NA,0,0,0,0
2304,21,54,956.061,1003.03,52501.682,2,89,96.721,59.993,NA,2.425,0.008,-51.34,-51.34
2305,21,55,958.333,1003.03,52801.692,2,35,98.994,62.261,NA,2.273,0.008,0,51.34
2306,21,56,963.636,1003.03,53101.702,2,104,104.297,67.553,NA,5.303,0.018,0,0
2307,21,57,971.212,996.97,53401.711,2,48,113.998,75.694,NA,9.702,0.032,-38.66,-38.66
2308,21,58,971.212,996.97,53701.721,2,45,113.998,75.694,NA,0,0,0,38.66
2309,21,59,971.212,996.97,54001.73,2,71,113.998,75.694,NA,0,0,0,0
2310,21,60,966.667,996.97,54301.74,2,65,118.544,71.193,NA,4.545,0.015,180,180
2311,21,61,965.152,992.424,54601.75,2,39,123.335,70.504,NA,4.791,0.016,-108.435,71.565
2312,21,62,968.939,992.424,54901.759,2,65,127.123,74.212,NA,3.788,0.013,0,108.435
2313,21,63,973.864,996.591,55201.769,2,42,133.574,78.372,NA,6.451,0.022,40.236,40.236
2314,21,64,976.136,1003.788,55501.778,2,73,141.121,79.997,NA,7.547,0.025,72.474,32.238
2315,21,65,976.894,1006.818,55801.788,2,71,144.245,80.683,NA,3.124,0.01,75.964,3.489
2316,21,66,976.894,1007.955,56101.798,2,86,145.381,80.685,NA,1.136,0.004,90,14.036
2317,21,67,976.894,1007.955,56401.807,2,80,145.381,80.685,NA,0,0,0,-90
2318,21,68,976.894,998.485,56701.817,2,51,154.851,81.151,NA,9.47,0.032,-90,-90
2319,21,69,975.758,984.848,57001.826,2,64,168.534,82.625,NA,13.684,0.046,-94.764,-4.764
2320,21,70,973.106,986.742,57301.836,2,60,171.793,79.568,NA,3.258,0.011,144.462,-120.774
2321,21,71,973.106,994.697,57601.846,2,23,179.747,77.903,NA,7.955,0.027,90,-54.462
2322,21,72,979.545,994.697,57901.855,2,33,186.187,84.266,NA,6.439,0.021,0,-90
2323,21,73,989.394,993.182,58201.865,2,55,196.151,94.23,NA,9.964,0.033,-8.746,-8.746
2324,21,74,993.939,990.53,58501.875,2,78,201.413,99.138,NA,5.262,0.018,-30.256,-21.51
2325,21,75,1000,984.848,58801.884,2,53,209.721,106.167,NA,8.307,0.028,-43.152,-12.896
2326,21,76,1021.97,973.864,59101.894,2,56,234.284,130.1,NA,24.563,0.082,-26.565,16.587
2327,21,77,1023.485,973.864,59401.903,2,52,235.799,131.565,NA,1.515,0.005,0,26.565
2328,21,78,1028.03,973.864,59701.913,2,52,240.344,135.967,NA,4.545,0.015,0,0
2329,21,79,1033.333,974.242,60001.923,2,23,245.661,141.026,NA,5.317,0.018,4.086,4.086
2330,21,80,1042.424,979.167,60301.932,2,80,256,148.875,NA,10.339,0.034,28.443,24.357
2331,21,81,1059.848,981.439,60601.942,2,48,273.571,165.651,NA,17.572,0.059,7.431,-21.012
2332,21,82,1059.848,981.439,60901.951,2,52,273.571,165.651,NA,0,0,0,-7.431
2333,21,83,1060.227,987.5,61201.961,2,34,279.644,165.194,NA,6.072,0.02,86.424,86.424
2334,21,84,1062.121,990.909,61501.971,2,42,283.544,166.707,NA,3.9,0.013,60.945,-25.478
2335,21,85,1070.076,984.091,61801.98,2,24,294.021,175.392,NA,10.477,0.035,-40.601,-101.547
2336,21,86,1075.758,984.091,62101.99,2,78,299.702,181.026,NA,5.682,0.019,0,40.601
2337,21,87,1075.758,984.091,62402,2,54,299.702,181.026,NA,0,0,0,0
2338,21,88,1082.576,972.348,62702.009,2,57,313.281,189.594,NA,13.578,0.045,-59.859,-59.859
2339,21,89,1101.894,968.939,63002.019,2,52,332.897,209.21,NA,19.617,0.065,-10.008,49.851
2340,21,90,1110.227,956.439,63302.028,2,36,347.921,219.952,NA,15.023,0.05,-56.31,-46.302
2341,21,91,1118.182,956.439,63602.038,2,62,355.875,227.699,NA,7.955,0.027,0,56.31
2342,21,92,1118.182,945.455,63902.048,2,66,366.86,230.397,NA,10.985,0.037,-90,-90
2343,21,93,1123.864,940.152,64202.057,2,55,374.632,237.319,NA,7.772,0.026,-43.025,46.975
2344,21,94,1124.621,940.152,64502.067,2,58,375.39,238.046,NA,0.758,0.003,0,43.025
2345,21,95,1136.742,940.152,64802.076,2,32,387.511,249.7,NA,12.121,0.04,0,0
2346,21,96,1136.742,940.152,65102.086,2,41,387.511,249.7,NA,0,0,0,0
2347,21,97,1153.03,934.848,65402.096,2,32,404.64,266.814,NA,17.129,0.057,-18.034,-18.034
2348,21,98,1153.03,935.606,65702.105,2,41,405.398,266.61,NA,0.758,0.003,90,108.034
2349,21,99,1156.439,942.424,66002.115,2,17,413.021,268.167,NA,7.623,0.025,63.435,-26.565
2350,21,100,1152.652,951.515,66302.124,2,38,422.869,262.415,NA,9.848,0.033,112.62,49.185
2351,21,101,1148.485,964.015,66602.134,2,44,436.045,255.942,NA,13.176,0.044,108.435,-4.185
2352,21,102,1140.53,972.727,66902.144,2,24,447.843,246.738,NA,11.797,0.039,132.397,23.962
2353,21,103,1128.409,972.727,67202.153,2,52,459.964,234.742,NA,12.121,0.04,180,47.603
2354,21,104,1128.409,972.727,67502.163,2,67,459.964,234.742,NA,0,0,0,-180
2355,21,105,1128.409,972.727,67802.173,2,77,459.964,234.742,NA,0,0,0,0
2356,21,106,1128.409,981.439,68102.182,2,44,468.676,233.621,NA,8.712,0.029,90,90
2357,21,107,1123.485,985.606,68402.192,2,25,475.127,228.296,NA,6.451,0.022,139.764,49.764
2358,21,108,1123.485,985.606,68702.201,2,60,475.127,228.296,NA,0,0,0,-139.764
2359,21,109,1123.485,992.424,69002.211,2,72,481.945,227.752,NA,6.818,0.023,90,90
2360,21,110,1137.5,992.424,69302.221,2,26,495.96,241.74,NA,14.015,0.047,0,-90
2361,21,111,1137.5,993.561,69602.23,2,36,497.096,241.673,NA,1.136,0.004,90,90
2362,21,112,1138.258,1003.03,69902.24,2,36,506.596,242.081,NA,9.5,0.032,85.426,-4.574
2363,21,113,1138.258,1003.03,70202.249,2,33,506.596,242.081,NA,0,0,0,-85.426
2364,21,114,1138.258,1003.03,70502.259,2,34,506.596,242.081,NA,0,0,0,0
2365,21,115,1138.258,1003.03,70802.269,2,52,506.596,242.081,NA,0,0,0,0
2366,21,116,1149.242,1002.273,71102.278,2,37,517.607,253.078,NA,11.011,0.037,-3.945,-3.945
2367,21,117,1149.621,1002.273,71402.288,2,57,517.986,253.457,NA,0.379,0.001,0,3.945
2368,21,118,1156.061,997.727,71702.298,2,31,525.868,260.021,NA,7.882,0.026,-35.218,-35.218
2369,21,119,1161.364,996.591,72002.307,2,72,531.291,265.364,NA,5.423,0.018,-12.095,23.123
2370,22,1,957.828,655.303,56401.807,2,31,0,0,NA,NA,NA,NA,NA
2371,22,2,957.828,642.172,56701.817,2,7,13.131,13.131,NA,13.131,0.044,-90,NA
2372,22,3,957.828,634.596,57001.826,2,108,20.707,20.707,NA,7.576,0.025,-90,0
2373,22,4,964.899,634.596,57301.836,2,114,27.778,21.881,NA,7.071,0.024,0,90
2374,22,5,964.899,634.596,57601.846,2,3,27.778,21.881,NA,0,0,0,0
2375,22,6,939.141,634.596,57901.855,2,15,53.535,27.892,NA,25.758,0.086,180,180
2376,22,7,933.081,625.505,58201.865,2,104,64.461,38.734,NA,10.926,0.036,-123.69,56.31
2377,22,8,933.081,625.505,58501.875,2,3,64.461,38.734,NA,0,0,0,123.69
2378,22,9,921.465,610.354,58801.884,2,111,83.553,57.817,NA,19.092,0.064,-127.476,-127.476
2379,22,10,904.293,610.354,59101.894,2,99,100.725,69.903,NA,17.172,0.057,180,-52.524
2380,22,11,896.717,612.879,59401.903,2,129,108.711,74.393,NA,7.986,0.027,161.565,-18.435
2381,22,12,895.707,596.212,59701.913,2,169,125.408,85.737,NA,16.697,0.056,-93.468,104.967
2382,22,13,895.707,595.202,60001.923,2,109,126.418,86.436,NA,1.01,0.003,-90,3.468
2383,22,14,895.707,594.697,60301.932,2,69,126.923,86.788,NA,0.505,0.002,-90,0
2384,22,15,895.707,592.172,60601.942,2,61,129.448,88.57,NA,2.525,0.008,-90,0
2385,22,16,905.303,586.111,60901.951,2,185,140.798,86.87,NA,11.35,0.038,-32.276,57.724
2386,22,17,930.556,586.111,61201.961,2,177,166.05,74.373,NA,25.253,0.084,0,32.276
2387,22,18,943.687,584.091,61501.971,2,147,179.336,72.603,NA,13.286,0.044,-8.746,-8.746
2388,22,19,957.828,579.545,61801.98,2,150,194.19,75.758,NA,14.854,0.05,-17.819,-9.073
2389,22,20,970.455,562.879,62101.99,2,252,215.099,93.283,NA,20.909,0.07,-52.853,-35.034
2390,22,21,976.515,551.263,62402,2,230,228.202,105.705,NA,13.102,0.044,-62.447,-9.594
2391,22,22,984.091,551.263,62702.009,2,154,235.777,107.304,NA,7.576,0.025,0,62.447
2392,22,23,1000.253,559.343,63002.019,2,212,253.847,104.919,NA,18.069,0.06,26.565,26.565
2393,22,24,1000.253,559.343,63302.028,2,58,253.847,104.919,NA,0,0,0,-26.565
2394,22,25,1030.051,559.343,63602.038,2,214,283.645,120.101,NA,29.798,0.099,0,0
2395,22,26,1043.687,559.343,63902.048,2,148,297.281,128.763,NA,13.636,0.045,0,0
2396,22,27,1051.263,559.343,64202.057,2,146,304.857,133.934,NA,7.576,0.025,0,0
2397,22,28,1056.818,557.828,64502.067,2,64,310.615,138.926,NA,5.758,0.019,-15.255,-15.255
2398,22,29,1073.485,554.798,64802.076,2,112,327.555,153.224,NA,16.94,0.056,-10.305,4.95
2399,22,30,1077.02,538.131,65102.086,2,69,344.593,167.14,NA,17.038,0.057,-78.024,-67.719
2400,22,31,1077.02,530.556,65402.096,2,98,352.168,172.536,NA,7.576,0.025,-90,-11.976
2401,22,32,1083.081,525,65702.105,2,80,360.39,180.74,NA,8.222,0.027,-42.51,47.49
2402,22,33,1083.081,525,66002.115,2,90,360.39,180.74,NA,0,0,0,42.51
2403,22,34,1087.626,524.495,66302.124,2,119,364.963,184.278,NA,4.573,0.015,-6.34,-6.34
2404,22,35,1096.717,520.455,66602.134,2,57,374.912,193.583,NA,9.948,0.033,-23.962,-17.622
2405,22,36,1115.404,502.778,66902.144,2,123,400.635,219.304,NA,25.723,0.086,-43.409,-19.446
2406,22,37,1118.939,499.747,67202.153,2,244,405.291,223.952,NA,4.656,0.016,-40.601,2.808
2407,22,38,1118.939,495.707,67502.163,2,121,409.331,226.777,NA,4.04,0.013,-90,-49.399
2408,22,39,1125,495.202,67802.173,2,126,415.413,231.471,NA,6.082,0.02,-4.764,85.236
2409,22,40,1133.586,495.202,68102.182,2,94,423.999,237.746,NA,8.586,0.029,0,4.764
2410,22,41,1145.707,495.202,68402.192,2,127,436.12,246.842,NA,12.121,0.04,0,0
2411,22,42,1149.747,493.687,68702.201,2,187,440.435,250.904,NA,4.315,0.014,-20.556,-20.556
2412,22,43,1149.747,493.687,69002.211,2,206,440.435,250.904,NA,0,0,0,20.556
2413,22,44,1149.747,490.152,69302.221,2,138,443.97,253.196,NA,3.535,0.012,-90,-90
2414,22,45,1149.747,490.152,69602.23,2,61,443.97,253.196,NA,0,0,0,90
2415,22,46,1166.414,485.606,69902.24,2,84,461.246,268.896,NA,17.275,0.058,-15.255,-15.255
2416,22,47,1166.414,480.556,70202.249,2,90,466.296,272.112,NA,5.051,0.017,-90,-74.745
2417,22,48,1179.545,480.556,70502.259,2,106,479.428,282.303,NA,13.131,0.044,0,90
2418,22,49,1180.051,480.556,70802.269,2,184,479.933,282.7,NA,0.505,0.002,0,0
2419,22,50,1197.222,478.535,71102.278,2,129,497.223,297.584,NA,17.29,0.058,-6.71,-6.71
2420,22,51,1208.333,478.535,71402.288,2,148,508.334,306.594,NA,11.111,0.037,0,6.71
2421,22,52,1215.404,469.949,71702.298,2,148,519.457,317.335,NA,11.123,0.037,-50.528,-50.528
2422,22,56,1247.222,437.626,72002.307,2,170,564.813,362.122,NA,45.356,0.151,-45.451,5.076
2423,23,1,1018.939,697.222,50701.625,2,73,0,0,NA,NA,NA,NA,NA
2424,23,2,1040.152,700.758,51001.634,2,21,21.505,21.505,NA,21.505,0.072,9.462,NA
2425,23,3,1040.152,700.758,51301.644,2,26,21.505,21.505,NA,0,0,0,-9.462
2426,23,4,1040.152,700.758,51601.653,2,51,21.505,21.505,NA,0,0,0,0
2427,23,5,1040.152,700.758,51901.663,2,70,21.505,21.505,NA,0,0,0,0
2428,23,6,1043.687,700.758,52201.673,2,29,25.04,24.999,NA,3.535,0.012,0,0
2429,23,7,1043.687,700.758,52501.682,2,71,25.04,24.999,NA,0,0,0,0
2430,23,8,1041.162,696.212,52801.692,2,22,30.24,22.245,NA,5.2,0.017,-119.055,-119.055
2431,23,9,1035.101,695.202,53101.702,2,19,36.384,16.287,NA,6.144,0.02,-170.538,-51.483
2432,23,10,1025.505,685.101,53401.711,2,10,50.317,13.785,NA,13.932,0.046,-133.531,37.006
2433,23,11,1014.394,675.505,53701.721,2,11,64.998,22.188,NA,14.681,0.049,-139.185,-5.654
2434,23,12,1013.889,675,54001.73,2,3,65.712,22.789,NA,0.714,0.002,-135,4.185
2435,23,13,997.727,661.364,54301.74,2,38,86.858,41.663,NA,21.146,0.07,-139.844,-4.844
2436,23,14,1001.768,652.273,54601.75,2,13,96.806,48.118,NA,9.948,0.033,-66.038,73.806
2437,23,15,1008.333,645.202,54901.759,2,93,106.455,53.09,NA,9.649,0.032,-47.121,18.916
2438,23,16,1008.333,645.202,55201.769,2,94,106.455,53.09,NA,0,0,0,47.121
2439,23,17,1010.354,635.101,55501.778,2,88,116.756,62.712,NA,10.301,0.034,-78.69,-78.69
2440,23,18,1035.606,635.101,55801.788,2,54,142.009,64.318,NA,25.253,0.084,0,78.69
2441,23,19,1051.768,635.101,56101.798,2,57,158.17,70.262,NA,16.162,0.054,0,0
2442,23,20,1065.909,649.747,56401.807,2,78,178.53,66.783,NA,20.359,0.068,46.005,46.005
2443,23,21,1072.475,652.273,56701.817,2,98,185.564,69.903,NA,7.035,0.023,21.038,-24.968
2444,23,22,1075,663.384,57001.826,2,99,196.959,65.482,NA,11.394,0.038,77.196,56.158
2445,23,23,1088.131,671.97,57301.836,2,39,212.648,73.656,NA,15.689,0.052,33.179,-44.017
2446,23,24,1087.626,671.97,57601.846,2,36,213.153,73.182,NA,0.505,0.002,180,146.821
2447,23,25,1087.626,671.97,57901.855,2,136,213.153,73.182,NA,0,0,0,-180
2448,23,26,1095.202,667.424,58201.865,2,84,221.988,81.877,NA,8.835,0.029,-30.964,-30.964
2449,23,27,1099.747,667.424,58501.875,2,67,226.533,86.127,NA,4.545,0.015,0,30.964
2450,23,28,1099.747,667.424,58801.884,2,71,226.533,86.127,NA,0,0,0,0
2451,23,29,1099.747,667.424,59101.894,2,75,226.533,86.127,NA,0,0,0,0
2452,23,30,1099.747,666.414,59401.903,2,123,227.543,86.482,NA,1.01,0.003,-90,-90
2453,23,31,1103.283,666.414,59701.913,2,99,231.079,89.794,NA,3.535,0.012,0,90
2454,23,32,1105.808,672.98,60001.923,2,127,238.113,90.188,NA,7.035,0.023,68.962,68.962
2455,23,33,1105.808,672.98,60301.932,2,128,238.113,90.188,NA,0,0,0,-68.962
2456,23,34,1110.859,672.98,60601.942,2,106,243.164,95.062,NA,5.051,0.017,0,0
2457,23,35,1114.899,676.01,60901.951,2,80,248.214,98.276,NA,5.051,0.017,36.87,36.87
2458,23,36,1114.899,684.596,61201.961,2,101,256.8,96.787,NA,8.586,0.029,90,53.13
2459,23,37,1115.909,689.141,61501.971,2,90,261.456,97.306,NA,4.656,0.016,77.471,-12.529
2460,23,38,1115.909,689.141,61801.98,2,67,261.456,97.306,NA,0,0,0,-77.471
2461,23,39,1107.828,689.141,62101.99,2,136,269.537,89.255,NA,8.081,0.027,180,180
2462,23,40,1107.828,689.141,62402,2,125,269.537,89.255,NA,0,0,0,-180
2463,23,41,1106.818,686.616,62702.009,2,90,272.257,88.516,NA,2.72,0.009,-111.801,-111.801
2464,23,42,1111.869,686.616,63002.019,2,95,277.307,93.533,NA,5.051,0.017,0,111.801
2465,23,43,1108.838,682.071,63302.028,2,128,282.77,91.167,NA,5.463,0.018,-123.69,-123.69
2466,23,44,1108.838,671.465,63602.038,2,103,293.376,93.516,NA,10.606,0.035,-90,33.69
2467,23,45,1121.465,673.99,63902.048,2,140,306.253,105.125,NA,12.876,0.043,11.31,101.31
2468,23,46,1134.091,677.02,64202.057,2,245,319.237,116.91,NA,12.985,0.043,13.496,2.186
2469,23,47,1134.091,677.02,64502.067,2,88,319.237,116.91,NA,0,0,0,-13.496
2470,23,48,1157.828,677.02,64802.076,2,128,342.975,140.35,NA,23.737,0.079,0,0
2471,23,49,1161.364,677.525,65102.086,2,103,346.546,143.78,NA,3.571,0.012,8.13,8.13
2472,23,50,1163.889,688.636,65402.096,2,85,357.941,145.204,NA,11.394,0.038,77.196,69.066
2473,23,51,1163.889,688.636,65702.105,2,2,357.941,145.204,NA,0,0,0,-77.196
2474,23,52,1184.091,675,66002.115,2,65,382.314,166.64,NA,24.374,0.081,-34.019,-34.019
2475,23,53,1190.152,662.879,66302.124,2,189,395.866,174.623,NA,13.552,0.045,-63.435,-29.416
2476,23,54,1194.697,660.859,66602.134,2,84,400.84,179.48,NA,4.974,0.017,-23.962,39.472
2477,23,55,1202.273,655.303,66902.144,2,21,410.235,188.065,NA,9.394,0.031,-36.254,-12.291
2478,23,56,1224.495,658.333,67202.153,2,107,432.663,209.202,NA,22.428,0.075,7.765,44.019
2479,23,57,1229.545,655.303,67502.163,2,127,438.552,214.737,NA,5.89,0.02,-30.964,-38.729
2480,23,58,1229.545,655.303,67802.173,2,34,438.552,214.737,NA,0,0,0,30.964
2481,23,59,1242.677,655.303,68102.182,2,37,451.684,227.63,NA,13.131,0.044,0,0
2482,23,60,1250.758,644.192,68402.192,2,83,465.423,237.806,NA,13.739,0.046,-53.973,-53.973
2483,23,61,1250.758,634.596,68702.201,2,138,475.019,240.129,NA,9.596,0.032,-90,-36.027
2484,23,62,1250.758,634.091,69002.211,2,88,475.524,240.261,NA,0.505,0.002,-90,0
2485,23,63,1250.758,622.475,69302.221,2,144,487.14,243.571,NA,11.616,0.039,-90,0
2486,23,64,1253.283,618.939,69602.23,2,91,491.484,247.073,NA,4.345,0.014,-54.462,35.538
2487,23,65,1253.283,618.939,69902.24,2,42,491.484,247.073,NA,0,0,0,54.462
2488,23,66,1253.283,618.939,70202.249,2,35,491.484,247.073,NA,0,0,0,0
2489,23,67,1253.283,618.939,70502.259,2,30,491.484,247.073,NA,0,0,0,0
2490,23,68,1253.283,618.939,70802.269,2,12,491.484,247.073,NA,0,0,0,0
2491,23,69,1253.283,618.939,71102.278,2,26,491.484,247.073,NA,0,0,0,0
2492,23,70,1253.283,618.939,71402.288,2,6,491.484,247.073,NA,0,0,0,0
2493,23,71,1254.293,610.859,71702.298,2,11,499.628,250.699,NA,8.144,0.027,-82.875,-82.875
2494,23,73,1266.414,610.859,72002.307,2,40,511.749,262.111,NA,12.121,0.04,0,82.875
2495,24,1,899.242,884.848,46201.48,2,10,0,0,NA,NA,NA,NA,NA
2496,24,2,901.894,882.576,46501.49,2,24,3.492,3.492,NA,3.492,0.012,-40.601,NA
2497,24,3,911.364,880.303,46801.5,2,3,13.231,12.945,NA,9.739,0.032,-13.496,27.106
2498,24,4,922.348,881.818,47101.509,2,23,24.32,23.304,NA,11.089,0.037,7.853,21.349
2499,24,5,931.061,881.818,47401.519,2,50,33.032,31.962,NA,8.712,0.029,0,-7.853
2500,24,6,934.091,881.818,47701.528,2,45,36.062,34.98,NA,3.03,0.01,0,0
2501,24,7,939.394,879.167,48001.538,2,24,41.991,40.552,NA,5.929,0.02,-26.565,-26.565
2502,24,8,948.864,870.455,48301.548,2,33,54.859,51.667,NA,12.868,0.043,-42.614,-16.049
2503,24,9,957.955,864.773,48601.557,2,23,65.579,62.05,NA,10.72,0.036,-32.005,10.609
2504,24,10,971.591,864.773,48901.567,2,22,79.216,75.082,NA,13.636,0.045,0,32.005
2505,24,11,976.515,864.394,49201.577,2,32,84.154,79.934,NA,4.939,0.016,-4.399,-4.399
2506,24,12,984.47,864.394,49501.586,2,19,92.109,87.647,NA,7.955,0.027,0,4.399
2507,24,13,1000.379,864.394,49801.596,2,49,108.018,103.184,NA,15.909,0.053,0,0
2508,24,14,1006.439,865.53,50101.605,2,18,114.184,108.924,NA,6.166,0.021,10.62,10.62
2509,24,15,1010.227,871.212,50401.615,2,61,121.013,111.819,NA,6.829,0.023,56.31,45.69
2510,24,16,1017.045,871.591,50701.625,2,15,127.842,118.547,NA,6.829,0.023,3.18,-53.13
2511,24,17,1017.045,871.591,51001.634,2,18,127.842,118.547,NA,0,0,0,-3.18
2512,24,18,1017.045,879.924,51301.644,2,67,136.175,117.906,NA,8.333,0.028,90,90
2513,24,19,1015.53,884.47,51601.653,2,69,140.966,116.288,NA,4.791,0.016,108.435,18.435
2514,24,20,1015.53,890.53,51901.663,2,49,147.027,116.427,NA,6.061,0.02,90,-18.435
2515,24,21,1029.924,893.939,52201.673,2,49,161.819,130.998,NA,14.792,0.049,13.325,-76.675
2516,24,22,1029.924,893.939,52501.682,2,19,161.819,130.998,NA,0,0,0,-13.325
2517,24,23,1047.348,893.939,52801.692,2,34,179.243,148.385,NA,17.424,0.058,0,0
2518,24,24,1071.212,896.212,53101.702,2,47,203.215,172.345,NA,23.972,0.08,5.44,5.44
2519,24,25,1071.212,896.212,53401.711,2,61,203.215,172.345,NA,0,0,0,-5.44
2520,24,26,1086.364,895.833,53701.721,2,37,218.371,187.443,NA,15.156,0.051,-1.432,-1.432
2521,24,27,1086.742,895.833,54001.73,2,46,218.75,187.822,NA,0.379,0.001,0,1.432
2522,24,28,1098.106,893.561,54301.74,2,27,230.339,199.054,NA,11.589,0.039,-11.31,-11.31
2523,24,29,1098.485,907.955,54601.75,2,49,244.737,200.578,NA,14.399,0.048,88.493,99.802
2524,24,30,1102.652,915.152,54901.759,2,27,253.054,205.654,NA,8.316,0.028,59.931,-28.561
2525,24,31,1120.076,915.53,55201.769,2,26,270.482,222.955,NA,17.428,0.058,1.245,-58.686
2526,24,32,1123.485,915.152,55501.778,2,41,273.912,226.281,NA,3.43,0.011,-6.34,-7.586
2527,24,33,1123.485,915.152,55801.788,2,54,273.912,226.281,NA,0,0,0,6.34
2528,24,34,1124.621,907.955,56101.798,2,48,281.198,226.56,NA,7.286,0.024,-81.027,-81.027
2529,24,35,1153.03,907.955,56401.807,2,8,309.607,254.838,NA,28.409,0.095,0,81.027
2530,24,36,1159.47,914.394,56701.817,2,81,318.714,261.899,NA,9.107,0.03,45,45
2531,24,37,1173.485,917.424,57001.826,2,40,333.053,276.17,NA,14.339,0.048,12.2,-32.8
2532,24,38,1185.985,916.667,57301.836,2,14,345.576,288.502,NA,12.523,0.042,-3.468,-15.669
2533,24,39,1196.212,916.667,57601.846,2,39,355.803,298.669,NA,10.227,0.034,0,3.468
2534,24,40,1196.717,898.232,57901.855,2,40,374.244,297.776,NA,18.441,0.061,-88.431,-88.431
2535,24,41,1202.273,890.657,58201.865,2,28,383.639,303.086,NA,9.394,0.031,-53.746,34.684
2536,24,42,1202.273,881.061,58501.875,2,31,393.235,303.054,NA,9.596,0.032,-90,-36.254
2537,24,43,1205.808,874.495,58801.884,2,16,400.692,306.74,NA,7.457,0.025,-61.699,28.301
2538,24,44,1210.354,872.475,59101.894,2,40,405.666,311.357,NA,4.974,0.017,-23.962,37.737
2539,24,45,1210.354,872.475,59401.903,2,47,405.666,311.357,NA,0,0,0,23.962
2540,24,46,1210.354,860.354,59701.913,2,33,417.787,312.074,NA,12.121,0.04,-90,-90
2541,24,47,1218.939,846.212,60001.923,2,26,434.331,322.023,NA,16.544,0.055,-58.736,31.264
2542,24,48,1223.485,837.626,60301.932,2,27,444.046,327.663,NA,9.715,0.032,-62.103,-3.366
2543,24,49,1237.626,837.626,60601.942,2,23,458.187,341.663,NA,14.141,0.047,0,62.103
2544,24,50,1235.606,834.091,60901.951,2,19,462.259,340.172,NA,4.072,0.014,-119.745,-119.745
2545,24,51,1235.101,834.091,61201.961,2,34,462.764,339.672,NA,0.505,0.002,180,-60.255
2546,24,52,1234.091,834.091,61501.971,2,18,463.774,338.674,NA,1.01,0.003,180,0
2547,24,53,1234.091,846.717,61801.98,2,41,476.4,337.013,NA,12.626,0.042,90,-90
2548,24,54,1229.545,846.717,62101.99,2,36,480.946,332.497,NA,4.545,0.015,180,90
2549,24,55,1229.545,852.778,62402,2,22,487.007,331.856,NA,6.061,0.02,90,-90
2550,24,56,1237.121,852.778,62702.009,2,7,494.582,339.397,NA,7.576,0.025,0,-90
2551,24,57,1239.141,854.293,63002.019,2,17,497.108,341.27,NA,2.525,0.008,36.87,36.87
2552,24,58,1235.606,851.263,63302.028,2,27,501.764,338.036,NA,4.656,0.016,-139.399,-176.269
2553,24,59,1235.606,851.263,63602.038,2,9,501.764,338.036,NA,0,0,0,139.399
2554,24,60,1235.606,851.263,63902.048,2,14,501.764,338.036,NA,0,0,0,0
2555,24,61,1228.535,851.263,64202.057,2,3,508.835,331.001,NA,7.071,0.024,180,180
2556,24,62,1228.535,858.333,64502.067,2,3,515.905,330.359,NA,7.071,0.024,90,-90
2557,24,63,1227.525,861.869,64802.076,2,3,519.582,329.086,NA,3.677,0.012,105.945,15.945
2558,24,64,1227.525,861.869,65102.086,2,10,519.582,329.086,NA,0,0,0,-105.945
2559,24,65,1227.525,866.919,65402.096,2,14,524.633,328.772,NA,5.051,0.017,90,90
2560,24,66,1227.525,866.919,65702.105,2,38,524.633,328.772,NA,0,0,0,-90
2561,24,67,1227.525,866.919,66002.115,2,37,524.633,328.772,NA,0,0,0,0
2562,24,68,1227.525,866.919,66302.124,2,23,524.633,328.772,NA,0,0,0,0
2563,24,69,1227.525,866.919,66602.134,2,29,524.633,328.772,NA,0,0,0,0
2564,24,70,1225,866.919,66902.144,2,39,527.158,326.251,NA,2.525,0.008,180,180
2565,24,71,1228.03,866.919,67202.153,2,48,530.188,329.276,NA,3.03,0.01,0,-180
2566,24,72,1236.111,866.919,67502.163,2,49,538.269,337.345,NA,8.081,0.027,0,0
2567,24,73,1236.111,866.919,67802.173,2,48,538.269,337.345,NA,0,0,0,0
2568,24,74,1234.596,871.97,68102.182,2,60,543.542,335.601,NA,5.273,0.018,106.699,106.699
2569,24,75,1234.596,875,68402.192,2,40,546.572,335.498,NA,3.03,0.01,90,-16.699
2570,24,76,1232.071,876.01,68702.201,2,86,549.292,332.946,NA,2.72,0.009,158.199,68.199
2571,24,77,1232.071,876.01,69002.211,2,105,549.292,332.946,NA,0,0,0,-158.199
2572,24,78,1227.525,880.051,69302.221,2,37,555.374,328.318,NA,6.082,0.02,138.366,138.366
2573,24,79,1227.525,880.051,69602.23,2,64,555.374,328.318,NA,0,0,0,-138.366
2574,24,80,1227.525,880.051,69902.24,2,51,555.374,328.318,NA,0,0,0,0
2575,24,81,1230.051,880.556,70202.249,2,24,557.949,330.836,NA,2.575,0.009,11.31,11.31
2576,24,82,1232.576,886.111,70502.259,2,55,564.051,333.336,NA,6.103,0.02,65.556,54.246
2577,24,83,1232.576,886.111,70802.269,2,38,564.051,333.336,NA,0,0,0,-65.556
2578,24,84,1232.576,883.586,71102.278,2,65,566.577,333.336,NA,2.525,0.008,-90,-90
2579,24,85,1234.596,880.556,71402.288,2,61,570.219,335.381,NA,3.642,0.012,-56.31,33.69
2580,24,86,1235.101,880.556,71702.298,2,26,570.724,335.886,NA,0.505,0.002,0,56.31
2581,24,88,1236.111,880.556,72002.307,2,57,571.734,336.896,NA,1.01,0.003,0,0
2582,25,1,566.667,774.621,50401.615,2,63,0,0,NA,NA,NA,NA,NA
2583,25,2,561.742,768.561,50701.625,2,47,7.809,7.809,NA,7.809,0.026,-129.094,NA
2584,25,3,561.742,764.773,51001.634,2,86,11.597,11.011,NA,3.788,0.013,-90,39.094
2585,25,4,561.742,762.121,51301.644,2,143,14.248,13.435,NA,2.652,0.009,-90,0
2586,25,5,560.606,756.061,51601.653,2,173,20.415,19.525,NA,6.166,0.021,-100.62,-10.62
2587,25,6,556.818,750.379,51901.663,2,183,27.243,26.167,NA,6.829,0.023,-123.69,-23.07
2588,25,7,556.061,750.379,52201.673,2,164,28.001,26.461,NA,0.758,0.003,180,-56.31
2589,25,8,551.136,750.379,52501.682,2,255,32.925,28.79,NA,4.924,0.016,180,0
2590,25,9,550.758,749.621,52801.692,2,244,33.772,29.633,NA,0.847,0.003,-116.565,63.435
2591,25,10,550.758,743.939,53101.702,2,147,39.454,34.561,NA,5.682,0.019,-90,26.565
2592,25,11,548.485,743.939,53401.711,2,137,41.727,35.664,NA,2.273,0.008,180,-90
2593,25,12,548.485,743.939,53701.721,2,152,41.727,35.664,NA,0,0,0,-180
2594,25,13,548.485,742.803,54001.73,2,100,42.863,36.647,NA,1.136,0.004,-90,-90
2595,25,14,548.485,739.773,54301.74,2,133,45.893,39.306,NA,3.03,0.01,-90,0
2596,25,15,548.485,739.773,54601.75,2,115,45.893,39.306,NA,0,0,0,90
2597,25,16,548.485,736.742,54901.759,2,172,48.924,42.016,NA,3.03,0.01,-90,-90
2598,25,17,547.348,723.864,55201.769,2,106,61.852,54.31,NA,12.929,0.043,-95.042,-5.042
2599,25,18,550,729.167,55501.778,2,237,67.781,48.414,NA,5.929,0.02,63.435,158.477
2600,25,19,550,729.167,55801.788,2,255,67.781,48.414,NA,0,0,0,-63.435
2601,25,20,550,728.03,56101.798,2,207,68.918,49.482,NA,1.136,0.004,-90,-90
2602,25,21,550,721.97,56401.807,2,189,74.978,55.226,NA,6.061,0.02,-90,0
2603,25,22,550,712.879,56701.817,2,245,84.069,63.952,NA,9.091,0.03,-90,0
2604,25,23,550,712.879,57001.826,2,218,84.069,63.952,NA,0,0,0,90
2605,25,24,546.212,712.121,57301.836,2,153,87.932,65.762,NA,3.863,0.013,-168.69,-168.69
2606,25,25,546.212,700,57601.846,2,255,100.053,77.374,NA,12.121,0.04,-90,78.69
2607,25,26,546.212,700,57901.855,2,195,100.053,77.374,NA,0,0,0,90
2608,25,27,546.212,694.697,58201.865,2,176,105.356,82.5,NA,5.303,0.018,-90,-90
2609,25,28,546.212,690.53,58501.875,2,145,109.523,86.543,NA,4.167,0.014,-90,0
2610,25,29,549.621,686.364,58801.884,2,130,114.907,89.889,NA,5.384,0.018,-50.711,39.289
2611,25,30,550.379,671.97,59101.894,2,197,129.32,103.936,NA,14.414,0.048,-86.987,-36.277
2612,25,31,550.379,664.015,59401.903,2,111,137.275,111.799,NA,7.955,0.027,-90,-3.013
2613,25,32,550.379,657.197,59701.913,2,96,144.093,118.549,NA,6.818,0.023,-90,0
2614,25,33,550.379,657.197,60001.923,2,96,144.093,118.549,NA,0,0,0,90
2615,25,34,540.53,653.409,60301.932,2,144,154.645,123.998,NA,10.552,0.035,-158.962,-158.962
2616,25,35,539.015,639.773,60601.942,2,227,168.365,137.654,NA,13.72,0.046,-96.34,62.622
2617,25,36,532.955,628.409,60901.951,2,208,181.244,150.048,NA,12.879,0.043,-118.072,-21.732
2618,25,37,526.136,621.97,61201.961,2,176,190.622,157.94,NA,9.378,0.031,-136.637,-18.564
2619,25,38,520.833,619.318,61501.971,2,147,196.551,161.925,NA,5.929,0.02,-153.435,-16.798
2620,25,39,520.833,609.47,61801.98,2,255,206.4,171.393,NA,9.848,0.033,-90,63.435
2621,25,40,526.136,605.682,62101.99,2,243,212.917,173.733,NA,6.517,0.022,-35.538,54.462
2622,25,41,532.576,601.894,62402,2,255,220.388,176.059,NA,7.471,0.025,-30.466,5.072
2623,25,42,532.576,601.894,62702.009,2,248,220.388,176.059,NA,0,0,0,30.466
2624,25,43,532.576,601.894,63002.019,2,134,220.388,176.059,NA,0,0,0,0
2625,25,44,532.576,601.894,63302.028,2,56,220.388,176.059,NA,0,0,0,0
2626,25,45,535.227,596.97,63602.038,2,160,225.98,180.412,NA,5.593,0.019,-61.699,-61.699
2627,25,46,537.5,590.53,63902.048,2,133,232.809,186.387,NA,6.829,0.023,-70.56,-8.861
2628,25,47,520.833,590.53,64202.057,2,247,249.476,189.711,NA,16.667,0.056,180,-109.44
2629,25,48,520.076,590.53,64502.067,2,105,250.233,189.895,NA,0.758,0.003,180,0
2630,25,49,503.788,590.53,64802.076,2,79,266.521,194.533,NA,16.288,0.054,180,0
2631,25,50,497.348,595.455,65102.086,2,234,274.628,192.109,NA,8.106,0.027,142.595,-37.405
2632,25,51,487.121,595.833,65402.096,2,229,284.862,195.685,NA,10.234,0.034,177.879,35.284
2633,25,52,487.121,595.833,65702.105,2,254,284.862,195.685,NA,0,0,0,-177.879
2634,25,53,485.606,593.182,66002.115,2,195,287.916,198.724,NA,3.054,0.01,-119.745,-119.745
2635,25,54,485.606,589.773,66302.124,2,255,291.325,201.841,NA,3.409,0.011,-90,29.745
2636,25,55,490.909,589.773,66602.134,2,232,296.628,199.77,NA,5.303,0.018,0,90
2637,25,56,490.909,590.152,66902.144,2,143,297.007,199.42,NA,0.379,0.001,90,90
2638,25,57,473.106,590.152,67202.153,2,227,314.81,206.84,NA,17.803,0.059,180,90
2639,25,58,468.939,589.015,67502.163,2,195,319.129,209.762,NA,4.319,0.014,-164.745,15.255
2640,25,59,473.864,585.985,67802.173,2,229,324.911,210.229,NA,5.782,0.019,-31.608,133.137
2641,25,60,479.167,585.985,68102.182,2,255,330.214,207.942,NA,5.303,0.018,0,31.608
2642,25,61,469.318,584.091,68402.192,2,220,340.242,213.959,NA,10.029,0.033,-169.114,-169.114
2643,25,62,469.318,584.091,68702.201,2,194,340.242,213.959,NA,0,0,0,169.114
2644,25,63,475.758,579.924,69002.211,2,255,347.912,214.875,NA,7.67,0.026,-32.905,-32.905
2645,25,64,476.894,579.924,69302.221,2,255,349.049,214.397,NA,1.136,0.004,0,32.905
2646,25,65,466.288,579.924,69602.23,2,128,359.655,219.05,NA,10.606,0.035,180,180
2647,25,66,452.652,579.924,69902.24,2,255,373.291,225.624,NA,13.636,0.045,180,0
2648,25,67,444.697,585.227,70202.249,2,245,382.851,225.27,NA,9.56,0.032,146.31,-33.69
2649,25,68,444.318,585.227,70502.259,2,185,383.23,225.476,NA,0.379,0.001,180,33.69
2650,25,69,437.879,585.227,70802.269,2,236,389.67,229.034,NA,6.439,0.021,180,0
2651,25,70,434.848,585.227,71102.278,2,153,392.7,230.751,NA,3.03,0.01,180,0
2652,25,71,434.848,585.227,71402.288,2,176,392.7,230.751,NA,0,0,0,-180
2653,25,72,419.318,585.227,71702.298,2,153,408.23,239.962,NA,15.53,0.052,180,180
2654,25,75,416.288,587.121,72002.307,2,255,411.804,240.354,NA,3.573,0.012,147.995,-32.005
2655,26,1,659.848,659.848,37201.192,2,54,0,0,NA,NA,NA,NA,NA
2656,26,2,659.848,653.283,37501.202,2,50,6.566,6.566,NA,6.566,0.022,-90,NA
2657,26,3,663.889,650.253,37801.211,2,46,11.616,10.412,NA,5.051,0.017,-36.87,53.13
2658,26,4,666.919,640.657,38101.221,2,31,21.679,20.453,NA,10.063,0.034,-72.474,-35.605
2659,26,5,673.99,632.576,38401.23,2,72,32.417,30.721,NA,10.738,0.036,-48.814,23.66
2660,26,6,661.869,620.455,38701.24,2,73,49.559,39.446,NA,17.142,0.057,-135,-86.186
2661,26,7,654.798,618.939,39001.25,2,88,56.79,41.22,NA,7.231,0.024,-167.905,-32.905
2662,26,8,642.172,618.939,39301.259,2,96,69.416,44.565,NA,12.626,0.042,180,-12.095
2663,26,9,633.586,621.465,39601.269,2,122,78.366,46.509,NA,8.95,0.03,163.61,-16.39
2664,26,10,629.545,607.828,39901.279,2,93,92.588,60.203,NA,14.222,0.047,-106.504,89.885
2665,26,11,627.525,596.212,40201.288,2,147,104.379,71.375,NA,11.791,0.039,-99.866,6.639
2666,26,12,627.525,580.556,40501.298,2,112,120.035,85.628,NA,15.657,0.052,-90,9.866
2667,26,13,622.475,561.364,40801.307,2,180,139.881,105.338,NA,19.845,0.066,-104.744,-14.744
2668,26,14,610.859,555.303,41101.317,2,209,152.983,115.455,NA,13.102,0.044,-152.447,-47.704
2669,26,15,601.768,555.303,41401.327,2,255,162.074,119.596,NA,9.091,0.03,180,-27.553
2670,26,16,607.828,555.303,41701.336,2,176,168.134,116.773,NA,6.061,0.02,0,-180
2671,26,17,611.869,555.303,42001.346,2,186,172.175,115.03,NA,4.04,0.013,0,0
2672,26,18,616.414,544.697,42301.355,2,75,183.714,123.071,NA,11.539,0.038,-66.801,-66.801
2673,26,19,627.525,540.657,42601.365,2,113,195.537,123.497,NA,11.823,0.039,-19.983,46.818
2674,26,20,634.596,540.152,42901.375,2,221,202.625,122.332,NA,7.089,0.024,-4.086,15.897
2675,26,21,634.596,540.152,43201.384,2,206,202.625,122.332,NA,0,0,0,4.086
2676,26,22,621.97,539.646,43501.394,2,187,215.262,126.029,NA,12.636,0.042,-177.709,-177.709
2677,26,23,610.859,539.646,43801.404,2,97,226.373,129.802,NA,11.111,0.037,180,-2.291
2678,26,24,616.919,532.576,44101.413,2,36,235.685,134.318,NA,9.313,0.031,-49.399,130.601
2679,26,25,636.111,529.545,44401.423,2,73,255.115,132.448,NA,19.43,0.065,-8.973,40.426
2680,26,26,661.364,511.364,44701.432,2,87,286.232,148.493,NA,31.117,0.104,-35.754,-26.781
2681,26,27,661.869,510.859,45001.442,2,73,286.946,149.004,NA,0.714,0.002,-45,-9.246
2682,26,28,680.556,504.293,45301.452,2,222,306.753,156.928,NA,19.807,0.066,-19.359,25.641
2683,26,29,696.212,494.192,45601.461,2,179,325.385,169.601,NA,18.632,0.062,-32.829,-13.47
2684,26,30,692.677,487.121,45901.471,2,117,333.291,175.819,NA,7.905,0.026,-116.565,-83.737
2685,26,31,679.924,482.955,46201.48,2,94,346.707,178.029,NA,13.416,0.045,-161.906,-45.341
2686,26,32,677.273,479.924,46501.49,2,108,350.733,180.766,NA,4.027,0.013,-131.186,30.72
2687,26,33,676.894,492.045,46801.5,2,60,362.86,168.667,NA,12.127,0.04,91.79,-137.024
2688,26,34,672.727,492.045,47101.509,2,192,367.027,168.297,NA,4.167,0.014,180,88.21
2689,26,35,675.758,495.076,47401.519,2,145,371.312,165.539,NA,4.285,0.014,45,-135
2690,26,36,675.758,495.076,47701.528,2,145,371.312,165.539,NA,0,0,0,-45
2691,26,37,675.758,495.076,48001.538,2,204,371.312,165.539,NA,0,0,0,0
2692,26,38,680.682,491.667,48301.548,2,243,377.302,169.467,NA,5.989,0.02,-34.695,-34.695
2693,26,39,684.47,494.318,48601.557,2,183,381.925,167.351,NA,4.624,0.015,34.992,69.687
2694,26,40,684.47,494.318,48901.567,2,201,381.925,167.351,NA,0,0,0,-34.992
2695,26,41,679.924,494.318,49201.577,2,235,386.471,166.743,NA,4.545,0.015,180,180
2696,26,42,679.924,488.636,49501.586,2,140,392.153,172.385,NA,5.682,0.019,-90,90
2697,26,43,678.03,496.212,49801.596,2,236,399.961,164.643,NA,7.809,0.026,104.036,-165.964
2698,26,44,678.03,496.212,50101.605,2,208,399.961,164.643,NA,0,0,0,-104.036
2699,26,45,680.682,483.712,50401.615,2,201,412.74,177.364,NA,12.778,0.043,-78.024,-78.024
2700,26,46,675.379,478.409,50701.625,2,116,420.239,182.103,NA,7.5,0.025,-135,-56.976
2701,26,47,670.076,476.515,51001.634,2,163,425.87,183.618,NA,5.631,0.019,-160.346,-25.346
2702,26,48,670.076,476.136,51301.644,2,3,426.249,183.997,NA,0.379,0.001,-90,70.346
2703,26,49,670.076,465.53,51601.653,2,56,436.855,194.587,NA,10.606,0.035,-90,0
2704,26,50,657.955,461.364,51901.663,2,72,449.672,198.494,NA,12.817,0.043,-161.03,-71.03
2705,26,51,657.955,461.364,52201.673,2,56,449.672,198.494,NA,0,0,0,161.03
2706,26,52,648.864,461.364,52501.682,2,99,458.763,198.789,NA,9.091,0.03,180,180
2707,26,53,652.652,436.364,52801.692,2,39,484.049,223.601,NA,25.285,0.084,-81.384,98.616
2708,26,54,652.652,435.985,53101.702,2,2,484.428,223.979,NA,0.379,0.001,-90,-8.616
2709,26,55,674.621,418.939,53401.711,2,28,512.234,241.362,NA,27.807,0.093,-37.807,52.193
2710,26,56,703.409,417.424,53701.721,2,150,541.062,246.307,NA,28.828,0.096,-3.013,34.794
2711,26,57,703.409,417.424,54001.73,2,12,541.062,246.307,NA,0,0,0,3.013
2712,26,58,703.409,400,54301.74,2,70,558.486,263.474,NA,17.424,0.058,-90,-90
2713,26,59,713.258,394.697,54601.75,2,110,569.672,270.477,NA,11.185,0.037,-28.301,61.699
2714,26,60,713.258,394.697,54901.759,2,54,569.672,270.477,NA,0,0,0,28.301
2715,26,61,728.03,394.697,55201.769,2,67,584.444,273.777,NA,14.773,0.049,0,0
2716,26,62,738.636,393.939,55501.778,2,139,595.078,277.336,NA,10.633,0.035,-4.086,-4.086
2717,26,63,739.015,393.939,55801.788,2,226,595.456,277.444,NA,0.379,0.001,0,4.086
2718,26,64,741.288,405.682,56101.798,2,197,607.417,266.895,NA,11.96,0.04,79.046,79.046
2719,26,65,749.242,407.197,56401.807,2,149,615.514,268,NA,8.098,0.027,10.784,-68.262
2720,26,66,748.106,396.97,56701.817,2,241,625.804,277.299,NA,10.29,0.034,-96.34,-107.124
2721,26,67,743.939,396.591,57001.826,2,255,629.988,276.362,NA,4.184,0.014,-174.806,-78.465
2722,26,68,740.909,396.591,57301.836,2,227,633.019,275.455,NA,3.03,0.01,180,-5.194
2723,26,69,742.424,394.318,57601.846,2,168,635.75,278.074,NA,2.731,0.009,-56.31,123.69
2724,26,70,726.515,385.985,57901.855,2,100,653.71,281.861,NA,17.959,0.06,-152.354,-96.044
2725,26,71,717.424,381.439,58201.865,2,253,663.873,284.3,NA,10.164,0.034,-153.435,-1.081
2726,26,72,714.015,383.333,58501.875,2,133,667.773,281.771,NA,3.9,0.013,150.945,-55.62
2727,26,73,694.697,351.894,58801.884,2,78,704.674,309.92,NA,36.9,0.123,-121.569,87.486
2728,27,1,554.798,937.626,42901.375,2,25,0,0,NA,NA,NA,NA,NA
2729,27,2,552.273,943.687,43201.384,2,43,6.566,6.566,NA,6.566,0.022,112.62,NA
2730,27,3,552.273,943.687,43501.394,2,70,6.566,6.566,NA,0,0,0,-112.62
2731,27,4,552.273,944.192,43801.404,2,61,7.071,7.035,NA,0.505,0.002,90,90
2732,27,5,550.758,945.202,44101.413,2,63,8.892,8.586,NA,1.821,0.006,146.31,56.31
2733,27,6,550.758,945.202,44401.423,2,57,8.892,8.586,NA,0,0,0,-146.31
2734,27,7,547.222,949.242,44701.432,2,55,14.26,13.868,NA,5.369,0.018,131.186,131.186
2735,27,8,547.222,949.242,45001.442,2,59,14.26,13.868,NA,0,0,0,-131.186
2736,27,9,543.182,946.717,45301.452,2,77,19.025,14.751,NA,4.765,0.016,-147.995,-147.995
2737,27,10,541.162,942.172,45601.461,2,79,23.999,14.374,NA,4.974,0.017,-113.962,34.032
2738,27,11,541.162,942.172,45901.471,2,57,23.999,14.374,NA,0,0,0,113.962
2739,27,12,534.091,940.152,46201.48,2,88,31.353,20.86,NA,7.354,0.025,-164.055,-164.055
2740,27,13,530.556,941.162,46501.49,2,67,35.03,24.499,NA,3.677,0.012,164.055,-31.891
2741,27,14,528.03,941.162,46801.5,2,69,37.555,27,NA,2.525,0.008,180,15.945
2742,27,15,528.03,945.707,47101.509,2,109,42.1,27.961,NA,4.545,0.015,90,-90
2743,27,16,528.03,947.727,47401.519,2,85,44.121,28.61,NA,2.02,0.007,90,0
2744,27,17,528.03,942.172,47701.528,2,86,49.676,27.151,NA,5.556,0.019,-90,-180
2745,27,18,534.596,939.646,48001.538,2,132,56.711,20.303,NA,7.035,0.023,-21.038,68.962
2746,27,19,534.596,939.646,48301.548,2,133,56.711,20.303,NA,0,0,0,21.038
2747,27,20,534.596,939.646,48601.557,2,142,56.711,20.303,NA,0,0,0,0
2748,27,21,534.596,939.646,48901.567,2,180,56.711,20.303,NA,0,0,0,0
2749,27,22,534.596,939.646,49201.577,2,158,56.711,20.303,NA,0,0,0,0
2750,27,23,532.576,938.636,49501.586,2,77,58.969,22.245,NA,2.259,0.008,-153.435,-153.435
2751,27,24,532.576,938.636,49801.596,2,79,58.969,22.245,NA,0,0,0,153.435
2752,27,25,527.02,946.717,50101.605,2,111,68.776,29.228,NA,9.806,0.033,124.509,124.509
2753,27,26,525.505,946.717,50401.615,2,153,70.291,30.671,NA,1.515,0.005,180,55.491
2754,27,27,525.505,946.717,50701.625,2,59,70.291,30.671,NA,0,0,0,-180
2755,27,28,525.505,941.162,51001.634,2,141,75.846,29.505,NA,5.556,0.019,-90,-90
2756,27,29,526.515,939.646,51301.644,2,93,77.667,28.355,NA,1.821,0.006,-56.31,33.69
2757,27,30,526.01,939.646,51601.653,2,69,78.172,28.859,NA,0.505,0.002,180,-123.69
2758,27,31,525,940.152,51901.663,2,66,79.302,29.905,NA,1.129,0.004,153.435,-26.565
2759,27,32,522.98,942.677,52201.673,2,70,82.536,32.217,NA,3.234,0.011,128.66,-24.775
2760,27,33,522.475,942.677,52501.682,2,83,83.041,32.715,NA,0.505,0.002,180,51.34
2761,27,34,522.475,942.677,52801.692,2,65,83.041,32.715,NA,0,0,0,-180
2762,27,35,526.515,941.162,53101.702,2,70,87.356,28.503,NA,4.315,0.014,-20.556,-20.556
2763,27,36,526.515,937.626,53401.711,2,105,90.891,28.283,NA,3.535,0.012,-90,-69.444
2764,27,37,526.515,937.626,53701.721,2,81,90.891,28.283,NA,0,0,0,90
2765,27,38,516.414,937.626,54001.73,2,66,100.992,38.384,NA,10.101,0.034,180,180
2766,27,39,516.414,937.626,54301.74,2,87,100.992,38.384,NA,0,0,0,-180
2767,27,40,517.929,940.152,54601.75,2,79,103.937,36.955,NA,2.945,0.01,59.036,59.036
2768,27,41,519.949,942.677,54901.759,2,105,107.171,35.213,NA,3.234,0.011,51.34,-7.696
2769,27,42,521.465,942.677,55201.769,2,44,108.686,33.714,NA,1.515,0.005,0,-51.34
2770,27,43,522.475,937.626,55501.778,2,54,113.837,32.323,NA,5.151,0.017,-78.69,-78.69
2771,27,44,523.485,937.626,55801.788,2,72,114.847,31.313,NA,1.01,0.003,0,78.69
2772,27,45,525,937.626,56101.798,2,56,116.362,29.798,NA,1.515,0.005,0,0
2773,27,46,525,937.626,56401.807,2,83,116.362,29.798,NA,0,0,0,0
2774,27,47,525,937.626,56701.817,2,82,116.362,29.798,NA,0,0,0,0
2775,27,48,525,955.303,57001.826,2,87,134.039,34.647,NA,17.677,0.059,90,90
2776,27,49,525,955.303,57301.836,2,4,134.039,34.647,NA,0,0,0,-90
2777,27,50,532.576,955.303,57601.846,2,100,141.615,28.395,NA,7.576,0.025,0,0
2778,27,51,554.293,955.303,57901.855,2,57,163.332,17.684,NA,21.717,0.072,0,0
2779,28,1,604.545,1012.121,37201.192,2,76,0,0,NA,NA,NA,NA,NA
2780,28,2,600.379,1013.258,37501.202,2,102,4.319,4.319,NA,4.319,0.014,164.745,NA
2781,28,3,599.242,1013.258,37801.211,2,79,5.455,5.423,NA,1.136,0.004,180,15.255
2782,28,4,599.242,1013.258,38101.221,2,90,5.455,5.423,NA,0,0,0,-180
2783,28,5,599.242,1013.258,38401.23,2,55,5.455,5.423,NA,0,0,0,0
2784,28,6,597.348,1013.258,38701.24,2,32,7.349,7.286,NA,1.894,0.006,180,180
2785,28,7,594.697,1013.258,39001.25,2,44,10.001,9.914,NA,2.652,0.009,180,0
2786,28,8,592.803,1013.636,39301.259,2,45,11.932,11.84,NA,1.931,0.006,168.69,-11.31
2787,28,9,587.879,1012.5,39601.269,2,83,16.986,16.671,NA,5.054,0.017,-167.005,24.305
2788,28,10,584.848,1013.258,39901.279,2,44,20.109,19.73,NA,3.124,0.01,165.964,-27.031
2789,28,11,582.576,1016.667,40201.288,2,69,24.207,22.435,NA,4.097,0.014,123.69,-42.274
2790,28,12,582.576,1022.727,40501.298,2,69,30.267,24.396,NA,6.061,0.02,90,-33.69
2791,28,13,585.227,1022.727,40801.307,2,43,32.919,22.038,NA,2.652,0.009,0,-90
2792,28,14,587.879,1022.727,41101.317,2,34,35.57,19.755,NA,2.652,0.009,0,0
2793,28,15,593.939,1022.727,41401.327,2,44,41.631,14.999,NA,6.061,0.02,0,0
2794,28,16,589.015,1021.591,41701.336,2,47,46.684,18.19,NA,5.054,0.017,-167.005,-167.005
2795,28,17,588.636,1013.258,42001.346,2,51,55.026,15.95,NA,8.342,0.028,-92.603,74.403
2796,28,18,587.121,1010.985,42301.355,2,39,57.758,17.461,NA,2.731,0.009,-123.69,-31.088
2797,28,19,580.682,1011.742,42601.365,2,73,64.242,23.867,NA,6.484,0.022,173.29,-63.02
2798,28,20,573.106,1017.045,42901.375,2,116,73.489,31.823,NA,9.247,0.031,145.008,-28.282
2799,28,21,573.106,1017.045,43201.384,2,132,73.489,31.823,NA,0,0,0,-145.008
2800,28,22,573.106,1017.045,43501.394,2,87,73.489,31.823,NA,0,0,0,0
2801,28,23,573.106,1017.045,43801.404,2,41,73.489,31.823,NA,0,0,0,0
2802,28,24,572.348,1017.045,44101.413,2,24,74.247,32.571,NA,0.758,0.003,180,180
2803,28,25,572.348,1020.833,44401.423,2,59,78.035,33.355,NA,3.788,0.013,90,-90
2804,28,26,563.636,1023.864,44701.432,2,31,87.259,42.561,NA,9.224,0.031,160.821,70.821
2805,28,27,563.636,1028.409,45001.442,2,94,91.804,44.032,NA,4.545,0.015,90,-70.821
2806,28,28,563.636,1028.409,45301.452,2,73,91.804,44.032,NA,0,0,0,-90
2807,28,29,563.636,1028.409,45601.461,2,53,91.804,44.032,NA,0,0,0,0
2808,28,30,563.636,1028.409,45901.471,2,47,91.804,44.032,NA,0,0,0,0
2809,28,31,562.5,1032.955,46201.48,2,39,96.489,46.924,NA,4.685,0.016,104.036,104.036
2810,28,32,562.5,1035.606,46501.49,2,70,99.141,48.16,NA,2.652,0.009,90,-14.036
2811,28,33,557.955,1035.606,46801.5,2,48,103.686,52.175,NA,4.545,0.015,180,90
2812,28,34,550,1038.636,47101.509,2,8,112.199,60.649,NA,8.512,0.028,159.146,-20.854
2813,28,35,540.909,1045.455,47401.519,2,86,123.562,71.838,NA,11.364,0.038,143.13,-16.015
2814,28,36,534.848,1045.455,47701.528,2,43,129.623,77.258,NA,6.061,0.02,180,36.87
2815,28,37,539.773,1046.212,48001.538,2,56,134.605,73.196,NA,4.982,0.017,8.746,-171.254
2816,28,38,541.667,1050.379,48301.548,2,49,139.182,73.603,NA,4.577,0.015,65.556,56.81
2817,28,39,539.015,1059.091,48601.557,2,86,148.289,80.625,NA,9.107,0.03,106.928,41.371
2818,28,40,526.136,1076.894,48901.567,2,45,170.262,101.703,NA,21.973,0.073,125.882,18.955
2819,28,41,526.136,1086.742,49201.577,2,80,180.11,108.242,NA,9.848,0.033,90,-35.882
2820,28,42,526.136,1095.833,49501.586,2,83,189.201,114.698,NA,9.091,0.03,90,0
2821,28,43,528.03,1079.167,49801.596,2,76,205.975,101.733,NA,16.774,0.056,-83.517,-173.517
2822,28,44,524.621,1079.167,50101.605,2,101,209.384,104.322,NA,3.409,0.011,180,-96.483
2823,28,45,524.621,1079.167,50401.615,2,62,209.384,104.322,NA,0,0,0,-180
2824,28,46,523.106,1082.576,50701.625,2,137,213.115,107.686,NA,3.731,0.012,113.962,113.962
2825,28,47,514.394,1082.576,51001.634,2,83,221.827,114.417,NA,8.712,0.029,180,66.038
2826,28,48,514.394,1082.576,51301.644,2,117,221.827,114.417,NA,0,0,0,-180
2827,28,49,504.924,1082.576,51601.653,2,99,231.296,122.017,NA,9.47,0.032,180,180
2828,28,50,499.621,1082.576,51901.663,2,49,236.599,126.384,NA,5.303,0.018,180,0
2829,28,51,496.591,1079.924,52201.673,2,85,240.626,127.481,NA,4.027,0.013,-138.814,41.186
2830,28,52,496.591,1079.924,52501.682,2,72,240.626,127.481,NA,0,0,0,138.814
2831,28,53,496.591,1092.803,52801.692,2,110,253.505,134.773,NA,12.879,0.043,90,90
2832,28,54,490.53,1094.318,53101.702,2,93,259.752,140.555,NA,6.247,0.021,165.964,75.964
2833,28,55,485.606,1094.318,53401.711,2,136,264.676,144.578,NA,4.924,0.016,180,14.036
2834,28,56,485.606,1094.318,53701.721,2,18,264.676,144.578,NA,0,0,0,-180
2835,28,57,488.258,1109.091,54001.73,2,154,279.685,151.413,NA,15.009,0.05,79.824,79.824
2836,28,58,483.712,1109.091,54301.74,2,142,284.23,154.932,NA,4.545,0.015,180,100.176
2837,28,59,483.712,1121.212,54601.75,2,56,296.352,162.793,NA,12.121,0.04,90,-90
2838,28,60,493.561,1147.727,54901.759,2,135,324.637,175.233,NA,28.285,0.094,69.624,-20.376
2839,28,61,511.364,1178.03,55201.769,2,152,359.782,190.286,NA,35.146,0.117,59.566,-10.058
2840,28,62,511.364,1188.258,55501.778,2,119,370.01,199.266,NA,10.227,0.034,90,30.434
2841,28,63,512.5,1187.121,55801.788,2,98,371.617,197.731,NA,1.607,0.005,-45,-135
2842,28,64,512.5,1187.121,56101.798,2,118,371.617,197.731,NA,0,0,0,45
2843,28,65,512.5,1187.121,56401.807,2,165,371.617,197.731,NA,0,0,0,0
2844,28,66,512.5,1187.121,56701.817,2,139,371.617,197.731,NA,0,0,0,0
2845,28,67,512.5,1187.121,57001.826,2,124,371.617,197.731,NA,0,0,0,0
2846,28,68,512.5,1205.303,57301.836,2,83,389.799,213.99,NA,18.182,0.061,90,90
2847,28,69,523.106,1191.288,57601.846,2,106,407.375,196.807,NA,17.576,0.059,-52.883,-142.883
2848,28,70,518.939,1191.288,57901.855,2,119,411.541,198.568,NA,4.167,0.014,180,-127.117
2849,28,71,515.53,1193.182,58201.865,2,69,415.441,201.759,NA,3.9,0.013,150.945,-29.055
2850,28,72,522.348,1202.273,58501.875,2,55,426.805,207.157,NA,11.364,0.038,53.13,-97.815
2851,28,73,523.864,1190.152,58801.884,2,99,439.02,195.459,NA,12.216,0.041,-82.875,-136.005
2852,28,74,511.742,1190.152,59101.894,2,154,451.141,200.767,NA,12.121,0.04,180,-97.125
2853,28,75,510.985,1190.152,59401.903,2,51,451.899,201.118,NA,0.758,0.003,180,0
2854,28,76,507.197,1190.152,59701.913,2,31,455.687,202.908,NA,3.788,0.013,180,0
2855,28,77,507.197,1189.773,60001.923,2,35,456.066,202.575,NA,0.379,0.001,-90,90
2856,28,78,507.197,1189.773,60301.932,2,59,456.066,202.575,NA,0,0,0,90
2857,28,79,511.742,1187.879,60601.942,2,79,460.99,198.754,NA,4.924,0.016,-22.62,-22.62
2858,28,80,515.152,1200,60901.951,2,46,473.581,208.062,NA,12.591,0.042,74.291,96.911
2859,28,81,516.667,1200,61201.961,2,42,475.097,207.415,NA,1.515,0.005,0,-74.291
2860,28,82,518.939,1209.091,61501.971,2,60,484.467,214.768,NA,9.371,0.031,75.964,75.964
2861,28,83,518.939,1209.091,61801.98,2,58,484.467,214.768,NA,0,0,0,-75.964
2862,28,84,524.621,1209.091,62101.99,2,40,490.149,212.568,NA,5.682,0.019,0,0
2863,28,85,528.03,1217.424,62402,2,65,499.153,219.098,NA,9.004,0.03,67.751,67.751
2864,28,86,528.03,1217.424,62702.009,2,70,499.153,219.098,NA,0,0,0,-67.751
2865,28,87,537.879,1227.273,63002.019,2,70,513.081,225.243,NA,13.928,0.046,45,45
2866,28,88,543.561,1240.53,63302.028,2,114,527.504,236.41,NA,14.424,0.048,66.801,21.801
2867,28,89,547.348,1249.621,63602.038,2,55,537.353,244.29,NA,9.848,0.033,67.38,0.579
2868,28,90,551.515,1253.409,63902.048,2,108,542.984,247.047,NA,5.631,0.019,42.274,-25.106
2869,28,91,552.652,1253.409,64202.057,2,121,544.12,246.805,NA,1.136,0.004,0,-42.274
2870,28,92,552.652,1247.348,64502.067,2,63,550.181,240.883,NA,6.061,0.02,-90,-90
2871,28,93,553.788,1241.288,64802.076,2,8,556.347,234.72,NA,6.166,0.021,-79.38,10.62
2872,28,94,558.333,1250.758,65102.086,2,65,566.851,243.07,NA,10.504,0.035,64.359,143.739
2873,28,95,573.106,1250.758,65402.096,2,91,581.624,240.698,NA,14.773,0.049,0,-64.359
2874,28,96,573.106,1250.758,65702.105,2,123,581.624,240.698,NA,0,0,0,0
2875,28,97,570.455,1252.273,66002.115,2,59,584.678,242.559,NA,3.054,0.01,150.255,150.255
2876,28,98,567.803,1258.712,66302.124,2,110,591.642,249.313,NA,6.964,0.023,112.38,-37.875
2877,28,99,563.636,1258.712,66602.134,2,44,595.809,249.961,NA,4.167,0.014,180,67.62
2878,28,100,558.333,1257.955,66902.144,2,72,601.165,250.139,NA,5.357,0.018,-171.87,8.13
2879,28,101,558.333,1257.955,67202.153,2,117,601.165,250.139,NA,0,0,0,171.87
2880,28,102,564.773,1257.955,67502.163,2,88,607.605,249.03,NA,6.439,0.021,0,0
2881,28,103,565.909,1265.909,67802.173,2,80,615.64,256.712,NA,8.035,0.027,81.87,81.87
2882,28,104,563.636,1267.045,68102.182,2,174,618.181,258.186,NA,2.541,0.008,153.435,71.565
2883,28,105,568.182,1267.045,68402.192,2,28,622.727,257.505,NA,4.545,0.015,0,-153.435
2884,28,106,579.167,1257.197,68702.201,2,61,637.48,246.386,NA,14.753,0.049,-41.878,-41.878
2885,28,107,579.167,1257.197,69002.211,2,8,637.48,246.386,NA,0,0,0,41.878
2886,28,108,579.167,1243.561,69302.221,2,11,651.116,232.827,NA,13.636,0.045,-90,-90
2887,28,109,571.212,1239.773,69602.23,2,16,659.927,230.079,NA,8.81,0.029,-154.537,-64.537
2888,28,110,571.212,1251.515,69902.24,2,55,671.669,241.703,NA,11.742,0.039,90,-115.463
2889,28,111,571.212,1251.515,70202.249,2,57,671.669,241.703,NA,0,0,0,-90
2890,28,112,571.212,1258.712,70502.259,2,14,678.866,248.834,NA,7.197,0.024,90,90
2891,28,113,572.727,1261.364,70802.269,2,37,681.92,251.265,NA,3.054,0.01,60.255,-29.745
2892,28,114,574.242,1263.636,71102.278,2,33,684.651,253.334,NA,2.731,0.009,56.31,-3.945
2893,28,115,574.242,1263.636,71402.288,2,38,684.651,253.334,NA,0,0,0,-56.31
2894,28,116,574.242,1244.697,71702.298,2,22,703.591,234.542,NA,18.939,0.063,-90,-90
2895,28,118,570.455,1256.818,72002.307,2,52,716.29,247.06,NA,12.699,0.042,107.354,-162.646
2896,29,1,648.106,1057.576,31801.019,2,24,0,0,NA,NA,NA,NA,NA
2897,29,2,647.348,1063.636,32101.029,2,60,6.108,6.108,NA,6.108,0.02,97.125,NA
2898,29,3,647.348,1063.636,32401.038,2,39,6.108,6.108,NA,0,0,0,-97.125
2899,29,4,647.348,1063.636,32701.048,2,34,6.108,6.108,NA,0,0,0,0
2900,29,5,642.424,1066.288,33001.057,2,22,11.701,10.401,NA,5.593,0.019,151.699,151.699
2901,29,6,636.364,1067.424,33301.067,2,98,17.867,15.326,NA,6.166,0.021,169.38,17.681
2902,29,7,635.985,1067.424,33601.077,2,109,18.246,15.618,NA,0.379,0.001,180,10.62
2903,29,8,633.333,1073.485,33901.086,2,167,24.861,21.71,NA,6.615,0.022,113.629,-66.371
2904,29,9,633.333,1073.485,34201.096,2,140,24.861,21.71,NA,0,0,0,-113.629
2905,29,10,633.333,1080.303,34501.105,2,178,31.679,27.107,NA,6.818,0.023,90,90
2906,29,11,633.333,1083.712,34801.115,2,69,35.088,30.022,NA,3.409,0.011,90,0
2907,29,12,633.333,1093.182,35101.125,2,237,44.558,38.549,NA,9.47,0.032,90,0
2908,29,13,633.333,1093.182,35401.134,2,248,44.558,38.549,NA,0,0,0,-90
2909,29,14,633.333,1093.182,35701.144,2,150,44.558,38.549,NA,0,0,0,0
2910,29,15,633.333,1093.182,36001.154,2,138,44.558,38.549,NA,0,0,0,0
2911,29,16,633.333,1098.106,36301.163,2,202,49.482,43.139,NA,4.924,0.016,90,90
2912,29,17,637.879,1098.864,36601.173,2,125,54.09,42.536,NA,4.608,0.015,9.462,-80.538
2913,29,18,636.742,1100,36901.182,2,147,55.697,43.92,NA,1.607,0.005,135,125.538
2914,29,19,635.227,1100,37201.192,2,205,57.212,44.336,NA,1.515,0.005,180,45
2915,29,20,634.091,1101.136,37501.202,2,171,58.819,45.76,NA,1.607,0.005,135,-45
2916,29,21,634.091,1109.47,37801.211,2,107,67.153,53.753,NA,8.333,0.028,90,-45
2917,29,22,626.894,1109.091,38101.221,2,146,74.36,55.711,NA,7.207,0.024,-176.987,93.013
2918,29,23,623.485,1110.606,38401.23,2,246,78.09,58.467,NA,3.731,0.012,156.038,-26.975
2919,29,24,621.97,1114.015,38701.24,2,133,81.821,62.197,NA,3.731,0.012,113.962,-42.075
2920,29,25,621.97,1120.076,39001.25,2,65,87.882,67.745,NA,6.061,0.02,90,-23.962
2921,29,26,606.818,1132.197,39301.259,2,89,107.285,85.282,NA,19.403,0.065,141.34,51.34
2922,29,27,605.303,1126.136,39601.269,2,127,113.532,80.825,NA,6.247,0.021,-104.036,114.624
2923,29,28,604.924,1124.242,39901.279,2,138,115.464,79.43,NA,1.931,0.006,-101.31,2.726
2924,29,29,597.727,1126.136,40201.288,2,135,122.906,85.08,NA,7.442,0.025,165.256,-93.434
2925,29,30,597.727,1126.136,40501.298,2,155,122.906,85.08,NA,0,0,0,-165.256
2926,29,31,597.727,1126.136,40801.307,2,132,122.906,85.08,NA,0,0,0,0
2927,29,32,597.727,1126.136,41101.317,2,154,122.906,85.08,NA,0,0,0,0
2928,29,33,597.348,1128.409,41401.327,2,172,125.21,87.142,NA,2.304,0.008,99.462,99.462
2929,29,34,594.318,1128.409,41701.336,2,192,128.24,88.941,NA,3.03,0.01,180,80.538
2930,29,35,594.318,1123.106,42001.346,2,93,133.543,84.778,NA,5.303,0.018,-90,90
2931,29,36,594.318,1123.106,42301.355,2,71,133.543,84.778,NA,0,0,0,90
2932,29,37,596.97,1115.909,42601.365,2,9,141.213,77.574,NA,7.67,0.026,-69.775,-69.775
2933,29,38,601.894,1109.47,42901.375,2,87,149.319,69.488,NA,8.106,0.027,-52.595,17.18
2934,29,39,607.576,1099.621,43201.384,2,229,160.689,58.4,NA,11.37,0.038,-60.018,-7.424
2935,29,40,607.576,1099.621,43501.394,2,216,160.689,58.4,NA,0,0,0,60.018
2936,29,41,612.121,1103.788,43801.404,2,126,166.855,58.57,NA,6.166,0.021,42.51,42.51
2937,29,42,616.288,1105.682,44101.413,2,139,171.432,57.677,NA,4.577,0.015,24.444,-18.066
2938,29,43,616.288,1105.682,44401.423,2,154,171.432,57.677,NA,0,0,0,-24.444
2939,29,44,619.318,1108.333,44701.432,2,129,175.459,58.353,NA,4.027,0.013,41.186,41.186
2940,29,45,619.318,1104.924,45001.442,2,192,178.868,55.413,NA,3.409,0.011,-90,-131.186
2941,29,46,624.242,1101.894,45301.452,2,213,184.65,50.335,NA,5.782,0.019,-31.608,58.392
2942,29,47,624.242,1101.894,45601.461,2,183,184.65,50.335,NA,0,0,0,31.608
2943,29,48,632.576,1101.894,45901.471,2,167,192.983,46.961,NA,8.333,0.028,0,0
2944,29,49,632.955,1099.242,46201.48,2,202,195.662,44.336,NA,2.678,0.009,-81.87,-81.87
2945,29,50,635.985,1097.348,46501.49,2,168,199.235,41.579,NA,3.573,0.012,-32.005,49.865
2946,29,51,635.985,1094.697,46801.5,2,167,201.887,39.05,NA,2.652,0.009,-90,-57.995
2947,29,52,635.985,1094.318,47101.509,2,183,202.265,38.69,NA,0.379,0.001,-90,0
2948,29,53,638.258,1091.288,47401.519,2,164,206.053,35.121,NA,3.788,0.013,-53.13,36.87
2949,29,54,638.258,1091.288,47701.528,2,237,206.053,35.121,NA,0,0,0,53.13
2950,29,55,642.803,1091.288,48001.538,2,131,210.599,34.127,NA,4.545,0.015,0,0
2951,29,56,642.803,1091.288,48301.548,2,133,210.599,34.127,NA,0,0,0,0
2952,29,57,642.803,1091.288,48601.557,2,152,210.599,34.127,NA,0,0,0,0
2953,29,58,641.288,1098.864,48901.567,2,114,218.325,41.847,NA,7.726,0.026,101.31,101.31
2954,29,59,641.288,1098.864,49201.577,2,182,218.325,41.847,NA,0,0,0,-101.31
2955,29,60,641.288,1098.864,49501.586,2,174,218.325,41.847,NA,0,0,0,0
2956,29,61,641.288,1098.864,49801.596,2,229,218.325,41.847,NA,0,0,0,0
2957,29,62,641.288,1098.864,50101.605,2,122,218.325,41.847,NA,0,0,0,0
2958,29,63,641.288,1098.864,50401.615,2,90,218.325,41.847,NA,0,0,0,0
2959,29,64,645.455,1109.848,50701.625,2,252,230.073,52.34,NA,11.749,0.039,69.228,69.228
2960,29,65,645.455,1109.848,51001.634,2,129,230.073,52.34,NA,0,0,0,-69.228
2961,29,66,645.455,1109.848,51301.644,2,104,230.073,52.34,NA,0,0,0,0
2962,29,67,653.788,1122.727,51601.653,2,175,245.413,65.399,NA,15.34,0.051,57.095,57.095
2963,29,68,662.121,1126.136,51901.663,2,224,254.417,69.978,NA,9.004,0.03,22.249,-34.846
2964,29,69,662.879,1128.03,52201.673,2,164,256.456,71.987,NA,2.04,0.007,68.199,45.95
2965,29,70,668.561,1131.439,52501.682,2,255,263.082,76.643,NA,6.626,0.022,30.964,-37.235
2966,29,71,673.485,1131.439,52801.692,2,140,268.007,78.102,NA,4.924,0.016,0,-30.964
2967,29,72,673.485,1138.636,53101.702,2,90,275.204,84.941,NA,7.197,0.024,90,90
2968,29,73,688.636,1140.909,53401.711,2,74,290.525,92.667,NA,15.321,0.051,8.531,-81.469
2969,29,74,692.045,1140.909,53701.721,2,110,293.934,94.208,NA,3.409,0.011,0,-8.531
2970,29,75,692.045,1144.318,54001.73,2,65,297.343,97.236,NA,3.409,0.011,90,90
2971,29,76,686.742,1144.318,54301.74,2,110,302.646,94.958,NA,5.303,0.018,180,90
2972,29,77,686.742,1150.758,54601.75,2,165,309.085,100.874,NA,6.439,0.021,90,-90
2973,29,78,686.742,1151.136,54901.759,2,186,309.464,101.224,NA,0.379,0.001,90,0
2974,29,79,692.424,1151.136,55201.769,2,202,315.146,103.526,NA,5.682,0.019,0,-90
2975,29,80,692.045,1156.061,55501.778,2,120,320.085,107.842,NA,4.939,0.016,94.399,94.399
2976,29,81,692.045,1156.061,55801.788,2,182,320.085,107.842,NA,0,0,0,-94.399
2977,29,82,692.045,1161.364,56101.798,2,137,325.388,112.706,NA,5.303,0.018,90,90
2978,29,83,692.045,1170.833,56401.807,2,77,334.857,121.482,NA,9.47,0.032,90,0
2979,29,84,695.833,1183.333,56701.817,2,145,347.919,134.51,NA,13.061,0.044,73.142,-16.858
2980,29,85,699.621,1185.606,57001.826,2,194,352.336,138.006,NA,4.417,0.015,30.964,-42.178
2981,29,86,700.379,1191.288,57301.836,2,140,358.068,143.567,NA,5.732,0.019,82.405,51.442
2982,29,87,700.379,1191.288,57601.846,2,224,358.068,143.567,NA,0,0,0,-82.405
2983,29,88,702.273,1180.303,57901.855,2,102,369.215,134.149,NA,11.147,0.037,-80.218,-80.218
2984,29,89,699.242,1176.136,58201.865,2,135,374.367,129.118,NA,5.152,0.017,-126.027,-45.81
2985,29,90,696.212,1179.924,58501.875,2,150,379.218,131.466,NA,4.851,0.016,128.66,-105.313
2986,29,91,692.045,1191.667,58801.884,2,67,391.678,141.106,NA,12.46,0.042,109.537,-19.123
2987,29,92,682.955,1192.045,59101.894,2,170,400.777,138.912,NA,9.099,0.03,177.614,68.077
2988,29,93,682.955,1192.045,59401.903,2,149,400.777,138.912,NA,0,0,0,-177.614
2989,29,94,682.955,1184.848,59701.913,2,61,407.974,131.957,NA,7.197,0.024,-90,-90
2990,29,95,677.273,1182.576,60001.923,2,123,414.093,128.358,NA,6.12,0.02,-158.199,-68.199
2991,29,96,676.515,1182.197,60301.932,2,151,414.94,127.818,NA,0.847,0.003,-153.435,4.764
2992,29,97,671.97,1182.197,60601.942,2,28,419.486,126.885,NA,4.545,0.015,180,-26.565
2993,29,98,670.455,1181.439,60901.951,2,208,421.18,125.864,NA,1.694,0.006,-153.435,26.565
2994,29,99,667.424,1175.379,61201.961,2,135,427.955,119.376,NA,6.776,0.023,-116.565,36.87
2995,29,100,667.424,1175.379,61501.971,2,2,427.955,119.376,NA,0,0,0,116.565
2996,29,101,650.379,1180.682,61801.98,2,216,445.807,123.127,NA,17.851,0.06,162.719,162.719
2997,29,102,643.182,1192.045,62101.99,2,141,459.258,134.56,NA,13.451,0.045,122.347,-40.371
2998,29,103,635.985,1213.636,62402,2,115,482.017,156.531,NA,22.759,0.076,108.435,-13.912
2999,29,104,635.985,1214.015,62702.009,2,183,482.395,156.908,NA,0.379,0.001,90,-18.435
3000,29,105,634.47,1223.485,63002.019,2,117,491.986,166.469,NA,9.59,0.032,99.09,9.09
3001,29,106,627.273,1223.485,63302.028,2,171,499.182,167.212,NA,7.197,0.024,180,80.91
3002,29,107,627.273,1222.727,63602.038,2,117,499.94,166.46,NA,0.758,0.003,-90,90
3003,29,108,620.833,1224.242,63902.048,2,84,506.555,168.883,NA,6.615,0.022,166.759,-103.241
3004,29,109,620.833,1224.242,64202.057,2,129,506.555,168.883,NA,0,0,0,-166.759
3005,29,110,620.833,1236.364,64502.067,2,89,518.677,180.856,NA,12.121,0.04,90,90
3006,29,111,611.742,1237.879,64802.076,2,97,527.893,183.933,NA,9.216,0.031,170.538,80.538
3007,29,112,608.712,1245.076,65102.086,2,149,535.702,191.594,NA,7.809,0.026,112.834,-57.704
3008,29,113,611.742,1233.712,65402.096,2,168,547.462,179.851,NA,11.761,0.039,-75.069,172.098
3009,29,114,611.742,1237.5,65702.105,2,186,551.25,183.562,NA,3.788,0.013,90,165.069
3010,29,115,612.879,1240.909,66002.115,2,90,554.844,186.687,NA,3.593,0.012,71.565,-18.435
3011,29,116,614.773,1254.545,66302.124,2,87,568.611,199.77,NA,13.767,0.046,82.093,10.528
3012,29,117,614.773,1270.455,66602.134,2,234,584.52,215.473,NA,15.909,0.053,90,7.907
3013,29,118,614.773,1270.455,66902.144,2,105,584.52,215.473,NA,0,0,0,-90
3014,29,119,614.773,1281.061,67202.153,2,75,595.126,225.957,NA,10.606,0.035,90,90
3015,29,120,614.773,1298.864,67502.163,2,71,612.929,243.579,NA,17.803,0.059,90,0
3016,29,121,606.818,1308.712,67802.173,2,80,625.589,254.508,NA,12.66,0.042,128.928,38.928
3017,29,122,599.242,1308.712,68102.182,2,116,633.165,255.846,NA,7.576,0.025,180,51.072
3018,29,123,612.5,1290.53,68402.192,2,162,655.667,235.66,NA,22.502,0.075,-53.902,126.098
3019,29,124,620.455,1287.879,68702.201,2,160,664.052,231.957,NA,8.385,0.028,-18.435,35.467
3020,29,125,620.455,1281.061,69002.211,2,218,670.87,225.189,NA,6.818,0.023,-90,-71.565
3021,29,126,620.455,1281.061,69302.221,2,106,670.87,225.189,NA,0,0,0,90
3022,29,127,612.121,1276.136,69602.23,2,176,680.549,221.503,NA,9.679,0.032,-149.421,-149.421
3023,29,128,609.091,1276.136,69902.24,2,165,683.58,222.016,NA,3.03,0.01,180,-30.579
3024,29,129,608.333,1276.136,70202.249,2,88,684.337,222.15,NA,0.758,0.003,180,0
3025,29,130,608.333,1284.47,70502.259,2,185,692.67,230.353,NA,8.333,0.028,90,-90
3026,29,131,608.333,1288.258,70802.269,2,186,696.458,234.085,NA,3.788,0.013,90,0
3027,29,132,608.333,1295.833,71102.278,2,115,704.034,241.554,NA,7.576,0.025,90,0
3028,29,133,608.333,1295.833,71402.288,2,137,704.034,241.554,NA,0,0,0,-90
3029,29,134,608.333,1303.409,71702.298,2,68,711.61,249.03,NA,7.576,0.025,90,90
3030,29,136,609.47,1314.773,72002.307,2,255,723.03,260.083,NA,11.42,0.038,84.289,-5.711
3031,30,1,681.566,1076.515,15600.5,2,62,0,0,NA,NA,NA,NA,NA
3032,30,2,681.061,1076.515,15900.509,2,75,0.505,0.505,NA,0.505,0.002,180,NA
3033,30,3,681.061,1076.515,16200.519,2,66,0.505,0.505,NA,0,0,0,-180
3034,30,4,681.061,1076.515,16500.529,2,29,0.505,0.505,NA,0,0,0,0
3035,30,5,681.061,1079.04,16800.538,2,87,3.03,2.575,NA,2.525,0.008,90,90
3036,30,6,681.061,1079.545,17100.548,2,68,3.535,3.072,NA,0.505,0.002,90,0
3037,30,7,681.061,1087.121,17400.558,2,100,11.111,10.618,NA,7.576,0.025,90,0
3038,30,8,681.061,1087.121,17700.567,2,65,11.111,10.618,NA,0,0,0,-90
3039,30,9,681.061,1087.121,18000.577,2,9,11.111,10.618,NA,0,0,0,0
3040,30,10,688.636,1082.576,18300.586,2,40,19.946,9.313,NA,8.835,0.029,-30.964,-30.964
3041,30,11,688.636,1082.576,18600.596,2,45,19.946,9.313,NA,0,0,0,30.964
3042,30,12,688.636,1082.576,18900.606,2,33,19.946,9.313,NA,0,0,0,0
3043,30,13,685.101,1082.576,19200.615,2,78,23.481,7.016,NA,3.535,0.012,180,180
3044,30,14,685.101,1082.576,19500.625,2,115,23.481,7.016,NA,0,0,0,-180
3045,30,15,685.101,1082.576,19800.634,2,100,23.481,7.016,NA,0,0,0,0
3046,30,16,686.364,1090.152,20100.644,2,73,31.161,14.456,NA,7.68,0.026,80.538,80.538
3047,30,17,686.364,1093.561,20400.654,2,111,34.571,17.708,NA,3.409,0.011,90,9.462
3048,30,18,686.364,1093.561,20700.663,2,79,34.571,17.708,NA,0,0,0,-90
3049,30,19,686.364,1093.561,21000.673,2,68,34.571,17.708,NA,0,0,0,0
3050,30,20,683.333,1098.106,21300.683,2,75,40.034,21.663,NA,5.463,0.018,123.69,123.69
3051,30,21,683.333,1098.106,21600.692,2,44,40.034,21.663,NA,0,0,0,-123.69
3052,30,22,681.061,1100.379,21900.702,2,59,43.248,23.869,NA,3.214,0.011,135,135
3053,30,23,681.818,1100.379,22200.711,2,57,44.005,23.865,NA,0.758,0.003,0,-135
3054,30,24,686.364,1103.788,22500.721,2,39,49.687,27.692,NA,5.682,0.019,36.87,36.87
3055,30,25,690.53,1102.273,22800.731,2,31,54.121,27.273,NA,4.434,0.015,-19.983,-56.853
3056,30,26,690.53,1102.273,23100.74,2,36,54.121,27.273,NA,0,0,0,19.983
3057,30,27,687.121,1102.273,23400.75,2,39,57.53,26.35,NA,3.409,0.011,180,180
3058,30,28,685.227,1102.273,23700.759,2,43,59.424,26.017,NA,1.894,0.006,180,0
3059,30,29,678.788,1102.273,24000.769,2,29,65.863,25.907,NA,6.439,0.021,180,0
3060,30,30,678.788,1102.273,24300.779,2,43,65.863,25.907,NA,0,0,0,-180
3061,30,31,675,1102.273,24600.788,2,43,69.651,26.581,NA,3.788,0.013,180,180
3062,30,32,673.485,1102.273,24900.798,2,39,71.166,26.995,NA,1.515,0.005,180,0
3063,30,33,667.803,1103.788,25200.807,2,42,77.046,30.549,NA,5.88,0.02,165.069,-14.931
3064,30,34,667.803,1103.788,25500.817,2,27,77.046,30.549,NA,0,0,0,-165.069
3065,30,35,663.636,1108.712,25800.827,2,45,83.497,36.852,NA,6.451,0.022,130.236,130.236
3066,30,36,662.5,1108.712,26100.836,2,62,84.633,37.418,NA,1.136,0.004,180,49.764
3067,30,37,662.121,1108.712,26400.846,2,52,85.012,37.613,NA,0.379,0.001,180,0
3068,30,38,659.091,1105.682,26700.856,2,49,89.298,36.821,NA,4.285,0.014,-135,45
3069,30,39,657.955,1100.758,27000.865,2,35,94.351,33.841,NA,5.054,0.017,-102.995,32.005
3070,30,40,646.591,1093.939,27300.875,2,165,107.603,39.075,NA,13.252,0.044,-149.036,-46.042
3071,30,41,646.591,1093.939,27600.884,2,81,107.603,39.075,NA,0,0,0,149.036
3072,30,42,646.591,1104.545,27900.894,2,64,118.21,44.821,NA,10.606,0.035,90,90
3073,30,43,643.561,1098.864,28200.904,2,38,124.649,44.089,NA,6.439,0.021,-118.072,151.928
3074,30,44,638.258,1092.803,28500.913,2,87,132.702,46.27,NA,8.053,0.027,-131.186,-13.113
3075,30,45,636.364,1088.636,28800.923,2,65,137.279,46.799,NA,4.577,0.015,-114.444,16.742
3076,30,46,636.364,1088.636,29100.932,2,59,137.279,46.799,NA,0,0,0,114.444
3077,30,47,628.409,1081.818,29400.942,2,41,147.756,53.42,NA,10.477,0.035,-139.399,-139.399
3078,30,48,628.788,1081.061,29700.952,2,17,148.603,52.973,NA,0.847,0.003,-63.435,75.964
3079,30,49,628.788,1070.455,30000.961,2,9,159.209,53.125,NA,10.606,0.035,-90,-26.565
3080,30,50,623.106,1056.439,30300.971,2,46,174.332,61.811,NA,15.123,0.05,-112.068,-22.068
3081,30,51,623.106,1051.894,30600.981,2,38,178.877,63.433,NA,4.545,0.015,-90,22.068
3082,30,52,621.591,1043.561,30900.99,2,40,187.347,68.432,NA,8.47,0.028,-100.305,-10.305
3083,30,53,621.212,1043.561,31201,2,70,187.726,68.764,NA,0.379,0.001,180,-79.695
3084,30,54,616.667,1039.773,31501.009,2,48,193.643,74.578,NA,5.917,0.02,-140.194,39.806
3085,30,55,617.424,1035.606,31801.019,2,44,197.878,76.077,NA,4.235,0.014,-79.695,60.499
3086,30,56,619.318,1030.303,32101.029,2,54,203.509,77.526,NA,5.631,0.019,-70.346,9.349
3087,30,57,622.348,1024.242,32401.038,2,57,210.285,78.988,NA,6.776,0.023,-63.435,6.911
3088,30,58,622.348,1024.242,32701.048,2,63,210.285,78.988,NA,0,0,0,63.435
3089,30,59,622.348,1024.242,33001.057,2,73,210.285,78.988,NA,0,0,0,0
3090,30,60,622.348,1024.242,33301.067,2,37,210.285,78.988,NA,0,0,0,0
3091,30,61,623.485,1014.773,33601.077,2,32,219.823,84.767,NA,9.538,0.032,-83.157,-83.157
3092,30,62,626.515,1011.364,33901.086,2,24,224.384,85.295,NA,4.561,0.015,-48.366,34.791
3093,30,63,631.439,1011.364,34201.096,2,40,229.308,82.203,NA,4.924,0.016,0,48.366
3094,30,64,633.333,1011.364,34501.105,2,30,231.202,81.062,NA,1.894,0.006,0,0
3095,30,65,635.606,1010.606,34801.115,2,56,233.598,80.351,NA,2.396,0.008,-18.435,-18.435
3096,30,66,634.091,1019.318,35101.125,2,52,242.441,74.333,NA,8.843,0.029,99.866,118.301
3097,30,67,634.091,1019.318,35401.134,2,35,242.441,74.333,NA,0,0,0,-99.866
3098,30,68,634.091,1026.136,35701.144,2,45,249.259,69.223,NA,6.818,0.023,90,90
3099,30,69,631.439,1029.545,36001.154,2,44,253.578,68.693,NA,4.319,0.014,127.875,37.875
3100,30,70,628.409,1029.545,36301.163,2,40,256.608,70.935,NA,3.03,0.01,180,52.125
3101,30,71,620.076,1029.545,36601.173,2,35,264.941,77.377,NA,8.333,0.028,180,0
3102,30,72,619.697,1029.167,36901.182,2,16,265.477,77.908,NA,0.536,0.002,-135,45
3103,30,73,619.697,1029.167,37201.192,2,12,265.477,77.908,NA,0,0,0,135
3104,30,74,618.939,1032.955,37501.202,2,7,269.34,76.286,NA,3.863,0.013,101.31,101.31
3105,30,75,618.939,1032.955,37801.211,2,32,269.34,76.286,NA,0,0,0,-101.31
3106,30,76,612.121,1026.515,38101.221,2,30,278.718,85.572,NA,9.378,0.031,-136.637,-136.637
3107,30,77,612.121,1026.515,38401.23,2,18,278.718,85.572,NA,0,0,0,136.637
3108,30,78,612.121,1039.015,38701.24,2,23,291.218,78.923,NA,12.5,0.042,90,90
3109,30,79,612.121,1039.015,39001.25,2,41,291.218,78.923,NA,0,0,0,-90
3110,30,80,612.121,1039.015,39301.259,2,45,291.218,78.923,NA,0,0,0,0
3111,30,81,612.121,1039.015,39601.269,2,38,291.218,78.923,NA,0,0,0,0
3112,30,82,612.121,1039.015,39901.279,2,33,291.218,78.923,NA,0,0,0,0
3113,30,83,612.121,1039.773,40201.288,2,27,291.976,78.565,NA,0.758,0.003,90,90
3114,30,84,615.53,1046.591,40501.298,2,27,299.599,72.499,NA,7.623,0.025,63.435,-26.565
3115,30,85,615.53,1046.591,40801.307,2,21,299.599,72.499,NA,0,0,0,-63.435
3116,30,86,615.53,1046.591,41101.317,2,53,299.599,72.499,NA,0,0,0,0
3117,30,87,615.53,1046.591,41401.327,2,47,299.599,72.499,NA,0,0,0,0
3118,30,88,615.53,1046.591,41701.336,2,23,299.599,72.499,NA,0,0,0,0
3119,30,89,615.53,1046.591,42001.346,2,41,299.599,72.499,NA,0,0,0,0
3120,30,90,617.045,1053.788,42301.355,2,34,306.953,68.406,NA,7.355,0.025,78.111,78.111
3121,30,91,620.076,1053.03,42601.365,2,67,310.077,65.822,NA,3.124,0.01,-14.036,-92.148
3122,30,92,620.076,1058.333,42901.375,2,99,315.38,64.122,NA,5.303,0.018,90,104.036
3123,30,93,620.076,1058.333,43201.384,2,103,315.38,64.122,NA,0,0,0,-90
3124,30,94,619.697,1058.333,43501.394,2,122,315.759,64.485,NA,0.379,0.001,180,180
3125,30,95,618.939,1058.712,43801.404,2,63,316.606,65.108,NA,0.847,0.003,153.435,-26.565
3126,30,96,618.939,1058.712,44101.413,2,67,316.606,65.108,NA,0,0,0,-153.435
3127,30,97,618.561,1062.879,44401.423,2,48,320.79,64.464,NA,4.184,0.014,95.194,95.194
3128,30,98,618.561,1063.258,44701.432,2,75,321.168,64.385,NA,0.379,0.001,90,-5.194
3129,30,99,618.561,1063.258,45001.442,2,60,321.168,64.385,NA,0,0,0,-90
3130,30,100,618.561,1063.258,45301.452,2,65,321.168,64.385,NA,0,0,0,0
3131,30,101,618.561,1063.258,45601.461,2,83,321.168,64.385,NA,0,0,0,0
3132,30,102,618.561,1063.258,45901.471,2,47,321.168,64.385,NA,0,0,0,0
3133,30,103,618.561,1063.258,46201.48,2,117,321.168,64.385,NA,0,0,0,0
3134,30,104,611.742,1063.258,46501.49,2,58,327.987,71.071,NA,6.818,0.023,180,180
3135,30,105,610.227,1063.258,46801.5,2,58,329.502,72.56,NA,1.515,0.005,180,0
3136,30,106,610.227,1063.258,47101.509,2,40,329.502,72.56,NA,0,0,0,-180
3137,30,107,610.227,1063.258,47401.519,2,50,329.502,72.56,NA,0,0,0,0
3138,30,108,610.227,1063.258,47701.528,2,88,329.502,72.56,NA,0,0,0,0
3139,30,109,609.47,1062.879,48001.538,2,80,330.349,73.374,NA,0.847,0.003,-153.435,-153.435
3140,30,110,609.47,1062.879,48301.548,2,62,330.349,73.374,NA,0,0,0,153.435
3141,30,111,609.47,1062.879,48601.557,2,72,330.349,73.374,NA,0,0,0,0
3142,30,112,612.879,1062.879,48901.567,2,28,333.758,70.027,NA,3.409,0.011,0,0
3143,30,113,612.879,1070.833,49201.577,2,83,341.712,68.921,NA,7.955,0.027,90,90
3144,30,114,612.879,1074.621,49501.586,2,45,345.5,68.713,NA,3.788,0.013,90,0
3145,30,115,612.879,1077.652,49801.596,2,63,348.531,68.696,NA,3.03,0.01,90,0
3146,30,116,612.879,1077.652,50101.605,2,84,348.531,68.696,NA,0,0,0,-90
3147,30,117,612.879,1080.682,50401.615,2,43,351.561,68.813,NA,3.03,0.01,90,90
3148,30,118,618.182,1087.5,50701.625,2,70,360.199,64.329,NA,8.638,0.029,52.125,-37.875
3149,30,119,618.939,1087.5,51001.634,2,23,360.956,63.582,NA,0.758,0.003,0,-52.125
3150,30,120,612.121,1082.955,51301.644,2,127,369.151,69.742,NA,8.194,0.027,-146.31,-146.31
3151,30,121,612.121,1083.712,51601.653,2,115,369.908,69.816,NA,0.758,0.003,90,-123.69
3152,30,122,614.015,1083.712,51901.663,2,20,371.802,67.933,NA,1.894,0.006,0,-90
3153,30,123,611.364,1087.5,52201.673,2,27,376.426,71.056,NA,4.624,0.015,124.992,124.992
3154,30,124,611.364,1087.5,52501.682,2,3,376.426,71.056,NA,0,0,0,-124.992
3155,30,125,620.076,1078.03,52801.692,2,80,389.293,61.509,NA,12.868,0.043,-47.386,-47.386
3156,30,126,620.076,1078.03,53101.702,2,63,389.293,61.509,NA,0,0,0,47.386
3157,30,127,620.076,1078.03,53401.711,2,86,389.293,61.509,NA,0,0,0,0
3158,30,128,618.561,1082.197,53701.721,2,36,393.727,63.261,NA,4.434,0.015,109.983,109.983
3159,30,129,617.045,1085.606,54001.73,2,44,397.458,65.158,NA,3.731,0.012,113.962,3.979
3160,30,130,617.045,1086.742,54301.74,2,37,398.594,65.326,NA,1.136,0.004,90,-23.962
3161,30,131,616.288,1093.561,54601.75,2,63,405.454,67.467,NA,6.86,0.023,96.34,6.34
3162,30,132,615.53,1093.561,54901.759,2,70,406.212,68.2,NA,0.758,0.003,180,83.66
3163,30,133,610.227,1094.318,55201.769,2,124,411.569,73.526,NA,5.357,0.018,171.87,-8.13
3164,30,134,609.848,1094.318,55501.778,2,75,411.947,73.894,NA,0.379,0.001,180,8.13
3165,30,135,595.833,1084.47,55801.788,2,99,429.077,86.101,NA,17.129,0.057,-144.904,35.096
3166,31,1,758.712,1075,32401.038,2,31,0,0,NA,NA,NA,NA,NA
3167,31,2,758.712,1080.682,32701.048,2,76,5.682,5.682,NA,5.682,0.019,90,NA
3168,31,3,758.712,1082.576,33001.057,2,70,7.576,7.576,NA,1.894,0.006,90,0
3169,31,4,758.712,1082.955,33301.067,2,73,7.955,7.955,NA,0.379,0.001,90,0
3170,31,5,761.364,1083.333,33601.077,2,59,10.633,8.745,NA,2.678,0.009,8.13,-81.87
3171,31,6,761.364,1083.333,33901.086,2,57,10.633,8.745,NA,0,0,0,-8.13
3172,31,7,764.773,1085.985,34201.096,2,43,14.952,12.546,NA,4.319,0.014,37.875,37.875
3173,31,8,768.182,1091.667,34501.105,2,33,21.578,19.169,NA,6.626,0.022,59.036,21.161
3174,31,9,769.697,1095.455,34801.115,2,38,25.658,23.218,NA,4.08,0.014,68.199,9.162
3175,31,10,776.515,1102.273,35101.125,2,70,35.3,32.569,NA,9.642,0.032,45,-23.199
3176,31,11,778.409,1105.682,35401.134,2,57,39.2,36.46,NA,3.9,0.013,60.945,15.945
3177,31,12,778.409,1109.47,35701.144,2,126,42.988,39.701,NA,3.788,0.013,90,29.055
3178,31,13,778.409,1109.47,36001.154,2,101,42.988,39.701,NA,0,0,0,-90
3179,31,14,779.545,1114.015,36301.163,2,106,47.673,44.229,NA,4.685,0.016,75.964,75.964
3180,31,15,778.788,1112.5,36601.173,2,100,49.367,42.536,NA,1.694,0.006,-116.565,167.471
3181,31,16,781.439,1118.939,36901.182,2,71,56.331,49.469,NA,6.964,0.023,67.62,-175.815
3182,31,17,785.985,1115.909,37201.192,2,59,61.794,49.167,NA,5.463,0.018,-33.69,-101.31
3183,31,18,791.288,1109.848,37501.202,2,36,69.847,47.703,NA,8.053,0.027,-48.814,-15.124
3184,31,19,791.288,1104.924,37801.211,2,87,74.771,44.234,NA,4.924,0.016,-90,-41.186
3185,31,20,791.288,1098.864,38101.221,2,63,80.832,40.381,NA,6.061,0.02,-90,0
3186,31,21,787.374,1089.899,38401.23,2,70,90.614,32.303,NA,9.782,0.033,-113.587,-23.587
3187,31,22,788.889,1089.899,38701.24,2,43,92.129,33.654,NA,1.515,0.005,0,113.587
3188,31,23,785.354,1091.414,39001.25,2,37,95.975,31.292,NA,3.846,0.013,156.801,156.801
3189,31,24,779.04,1091.414,39301.259,2,11,102.288,26.128,NA,6.313,0.021,180,23.199
3190,31,25,776.01,1088.636,39601.269,2,14,106.399,22.027,NA,4.111,0.014,-137.49,42.51
3191,31,26,766.414,1084.343,39901.279,2,42,116.912,12.109,NA,10.512,0.035,-155.898,-18.408
3192,31,27,763.384,1083.838,40201.288,2,55,119.984,9.997,NA,3.072,0.01,-170.538,-14.64
3193,31,28,764.394,1080.303,40501.298,2,20,123.661,7.772,NA,3.677,0.012,-74.055,96.483
3194,31,29,759.343,1079.545,40801.307,2,86,128.768,4.589,NA,5.107,0.017,-171.469,-97.415
3195,31,30,759.343,1079.545,41101.317,2,53,128.768,4.589,NA,0,0,0,171.469
3196,31,31,759.596,1084.848,41401.327,2,21,134.077,9.888,NA,5.309,0.018,87.274,87.274
