Nr,TID,PID,x [micron],y [micron],t [sec],c [idx],I [val],Len [micron],D2S [micron],D2R [micron],D2P [micron],v [micron/sec],α [deg],Δα [deg]
1,1,1,478.788,935.606,3600.116,2,37,0,0,NA,NA,NA,NA,NA
2,1,2,475.758,938.636,3900.126,2,73,4.285,4.285,NA,4.285,0.014,135,NA
3,1,3,471.212,938.636,4200.136,2,25,8.831,8.159,NA,4.545,0.015,180,45
4,1,4,469.697,946.97,4500.146,2,45,17.301,14.553,NA,8.47,0.028,100.305,-79.695
5,1,5,461.364,948.485,4800.155,2,56,25.771,21.667,NA,8.47,0.028,169.695,69.39
6,1,6,448.485,951.515,5100.165,2,59,39.001,34.225,NA,13.23,0.044,166.759,-2.936
7,1,7,448.485,951.515,5400.175,2,79,39.001,34.225,NA,0,0,0,-166.759
8,1,8,444.697,957.576,5700.184,2,57,46.148,40.557,NA,7.147,0.024,122.005,122.005
9,1,9,444.697,958.333,6000.194,2,34,46.906,40.972,NA,0.758,0.003,90,-32.005
10,1,10,444.697,962.879,6300.204,2,84,51.451,43.658,NA,4.545,0.015,90,0
11,1,11,443.182,966.667,6600.214,2,124,55.531,47.25,NA,4.08,0.014,111.801,21.801
12,1,12,438.636,978.03,6900.223,2,95,67.77,58.412,NA,12.239,0.041,111.801,0
13,1,13,431.061,978.788,7200.233,2,56,75.384,64.363,NA,7.614,0.025,174.289,62.488
14,1,14,431.061,978.788,7500.243,2,35,75.384,64.363,NA,0,0,0,-174.289
15,1,15,431.061,978.788,7800.252,2,74,75.384,64.363,NA,0,0,0,0
16,1,16,431.061,981.061,8100.262,2,97,77.656,65.909,NA,2.273,0.008,90,90
17,1,17,429.545,990.152,8400.272,2,56,86.873,73.485,NA,9.216,0.031,99.462,9.462
18,1,18,425.758,990.152,8700.281,2,60,90.66,76.075,NA,3.788,0.013,180,80.538
19,1,19,425.758,990.152,9000.291,2,84,90.66,76.075,NA,0,0,0,-180
20,1,20,424.242,995.455,9300.301,2,39,96.176,80.976,NA,5.515,0.018,105.945,105.945
21,1,21,424.242,995.455,9600.311,2,51,96.176,80.976,NA,0,0,0,-105.945
22,1,22,418.182,993.939,9900.32,2,58,102.423,84.118,NA,6.247,0.021,-165.964,-165.964
23,1,23,415.909,990.152,10200.33,2,40,106.84,83.24,NA,4.417,0.015,-120.964,45
24,1,24,411.364,990.152,10500.34,2,67,111.386,86.725,NA,4.545,0.015,180,-59.036
25,1,25,415.152,979.545,10800.349,2,59,122.648,77.332,NA,11.262,0.038,-70.346,109.654
26,1,26,412.879,979.545,11100.359,2,69,124.921,79.213,NA,2.273,0.008,180,-109.654
27,1,27,409.091,979.545,11400.369,2,71,128.708,82.391,NA,3.788,0.013,180,0
28,1,28,402.273,979.545,11700.378,2,88,135.527,88.234,NA,6.818,0.023,180,0
29,1,29,402.273,979.545,12000.388,2,71,135.527,88.234,NA,0,0,0,-180
30,1,30,396.212,982.576,12300.398,2,66,142.303,95,NA,6.776,0.023,153.435,153.435
31,1,31,390.909,981.818,12600.408,2,66,147.659,99.289,NA,5.357,0.018,-171.87,34.695
32,1,32,390.909,981.818,12900.417,2,62,147.659,99.289,NA,0,0,0,171.87
33,1,33,382.576,981.818,13200.427,2,120,155.993,106.735,NA,8.333,0.028,180,180
34,1,34,382.576,984.091,13500.437,2,105,158.266,107.738,NA,2.273,0.008,90,-90
35,1,35,382.576,985.606,13800.446,2,149,159.781,108.429,NA,1.515,0.005,90,0
36,1,36,382.576,990.152,14100.456,2,83,164.326,110.598,NA,4.545,0.015,90,0
37,1,37,382.576,993.939,14400.466,2,167,168.114,112.515,NA,3.788,0.013,90,0
38,1,38,382.576,993.939,14700.476,2,71,168.114,112.515,NA,0,0,0,-90
39,1,39,382.576,993.939,15000.485,2,164,168.114,112.515,NA,0,0,0,0
40,1,40,382.576,993.939,15300.495,2,114,168.114,112.515,NA,0,0,0,0
41,1,41,379.545,996.97,15600.505,2,26,172.4,116.681,NA,4.285,0.014,135,135
42,1,42,379.545,1002.273,15900.514,2,7,177.703,119.555,NA,5.303,0.018,90,-45
43,1,43,375,1010.606,16200.524,2,22,187.195,128.05,NA,9.492,0.032,118.61,28.61
44,1,44,375,1010.606,16500.534,2,119,187.195,128.05,NA,0,0,0,-118.61
45,1,45,365.909,1015.152,16800.543,2,110,197.359,138.091,NA,10.164,0.034,153.435,153.435
46,1,46,365.909,1015.152,17100.553,2,78,197.359,138.091,NA,0,0,0,-153.435
47,1,47,365.909,1015.152,17400.563,2,82,197.359,138.091,NA,0,0,0,0
48,1,48,371.97,1011.364,17700.573,2,63,204.506,130.955,NA,7.147,0.024,-32.005,-32.005
49,1,49,371.97,1011.364,18000.582,2,42,204.506,130.955,NA,0,0,0,32.005
50,1,50,371.97,1011.364,18300.592,2,69,204.506,130.955,NA,0,0,0,0
51,1,51,371.97,1011.364,18600.602,2,77,204.506,130.955,NA,0,0,0,0
52,1,52,371.97,1011.364,18900.611,2,104,204.506,130.955,NA,0,0,0,0
53,1,53,371.97,1012.121,19200.621,2,136,205.263,131.395,NA,0.758,0.003,90,90
54,1,54,371.97,1014.394,19500.631,2,101,207.536,132.732,NA,2.273,0.008,90,0
55,1,55,371.212,1016.667,19800.641,2,63,209.932,134.697,NA,2.396,0.008,108.435,18.435
56,1,56,371.212,1030.303,20100.65,2,148,223.568,143.318,NA,13.636,0.045,90,-18.435
57,1,57,371.212,1035.606,20400.66,2,99,228.871,146.876,NA,5.303,0.018,90,0
58,1,58,375,1029.545,20700.67,2,84,236.018,139.988,NA,7.147,0.024,-57.995,-147.995
59,1,59,375,1029.545,21000.679,2,101,236.018,139.988,NA,0,0,0,57.995
60,1,60,374.242,1025.758,21300.689,2,131,239.881,138.047,NA,3.863,0.013,-101.31,-101.31
61,1,61,366.667,1025.758,21600.699,2,119,247.457,143.87,NA,7.576,0.025,180,-78.69
62,1,62,362.879,1019.697,21900.708,2,150,254.604,143.2,NA,7.147,0.024,-122.005,57.995
63,1,63,362.879,1019.697,22200.718,2,69,254.604,143.2,NA,0,0,0,122.005
64,1,64,362.879,1019.697,22500.728,2,119,254.604,143.2,NA,0,0,0,0
65,1,65,362.879,1019.697,22800.738,2,99,254.604,143.2,NA,0,0,0,0
66,1,66,368.182,1019.697,23100.747,2,74,259.907,138.942,NA,5.303,0.018,0,0
67,1,67,376.515,1019.697,23400.757,2,76,268.24,132.405,NA,8.333,0.028,0,0
68,1,68,380.556,1026.01,23700.767,2,40,275.735,133.501,NA,7.495,0.025,57.381,57.381
69,1,69,379.04,1029.04,24000.776,2,66,279.123,136.673,NA,3.388,0.011,116.565,59.184
70,1,70,379.04,1029.04,24300.786,2,134,279.123,136.673,NA,0,0,0,-116.565
71,1,71,396.212,1029.04,24600.796,2,90,296.295,124.695,NA,17.172,0.057,0,0
72,1,72,400.758,1029.04,24900.805,2,49,300.841,121.732,NA,4.545,0.015,0,0
73,1,73,402.273,1029.04,25200.815,2,66,302.356,120.766,NA,1.515,0.005,0,0
74,1,74,402.273,1031.061,25500.825,2,84,304.376,122.336,NA,2.02,0.007,90,90
75,1,75,402.778,1035.101,25800.835,2,103,308.448,125.207,NA,4.072,0.014,82.875,-7.125
76,1,76,401.768,1035.101,26100.844,2,95,309.458,125.823,NA,1.01,0.003,180,97.125
77,1,77,401.768,1035.101,26400.854,2,124,309.458,125.823,NA,0,0,0,-180
78,1,78,397.727,1040.152,26700.864,2,61,315.926,132.29,NA,6.468,0.022,128.66,128.66
79,1,79,391.162,1041.667,27000.873,2,169,322.664,137.576,NA,6.738,0.022,167.005,38.346
80,1,80,391.162,1040.657,27300.883,2,66,323.674,136.799,NA,1.01,0.003,-90,102.995
81,1,81,391.162,1037.626,27600.893,2,56,326.704,134.486,NA,3.03,0.01,-90,0
82,1,82,397.727,1037.626,27900.903,2,67,333.27,130.303,NA,6.566,0.022,0,90
83,1,83,392.172,1037.626,28200.912,2,104,338.826,133.83,NA,5.556,0.019,180,180
84,1,84,392.172,1037.626,28500.922,2,79,338.826,133.83,NA,0,0,0,-180
85,1,85,392.172,1037.626,28800.932,2,77,338.826,133.83,NA,0,0,0,0
86,1,86,398.737,1037.626,29100.941,2,101,345.391,129.677,NA,6.566,0.022,0,0
87,1,87,403.283,1034.596,29400.951,2,83,350.854,124.499,NA,5.463,0.018,-33.69,-33.69
88,1,88,405.808,1034.596,29700.961,2,114,353.379,122.984,NA,2.525,0.008,0,33.69
89,1,89,405.808,1029.04,30000.97,2,57,358.935,118.558,NA,5.556,0.019,-90,-90
90,1,90,404.798,1029.04,30300.98,2,107,359.945,119.183,NA,1.01,0.003,180,-90
91,1,91,404.798,1029.04,30600.99,2,96,359.945,119.183,NA,0,0,0,-180
92,1,92,404.798,1029.04,30901,2,80,359.945,119.183,NA,0,0,0,0
93,1,93,403.788,1032.071,31201.009,2,136,363.139,122.19,NA,3.194,0.011,108.435,108.435
94,1,94,400.253,1039.141,31501.019,2,129,371.045,129.951,NA,7.905,0.026,116.565,8.13
95,1,95,390.657,1042.172,31801.029,2,86,381.108,138.287,NA,10.063,0.034,162.474,45.909
96,1,96,387.121,1044.192,32101.038,2,118,385.18,142.104,NA,4.072,0.014,150.255,-12.219
97,1,97,384.091,1047.222,32401.048,2,81,389.465,146.375,NA,4.285,0.014,135,-15.255
98,1,98,384.091,1047.222,32701.058,2,119,389.465,146.375,NA,0,0,0,-135
99,1,99,379.545,1051.768,33001.068,2,90,395.893,152.783,NA,6.428,0.021,135,135
100,1,100,379.545,1065.404,33301.077,2,90,409.53,163.391,NA,13.636,0.045,90,-45
101,1,101,366.414,1059.848,33601.087,2,130,423.788,167.523,NA,14.258,0.048,-157.068,112.932
102,1,102,364.394,1067.929,33901.097,2,116,432.117,174.915,NA,8.33,0.028,104.036,-98.896
103,1,103,359.343,1076.515,34201.106,2,95,442.078,184.722,NA,9.961,0.033,120.466,16.429
104,1,104,344.697,1081.061,34501.116,2,86,457.414,197.832,NA,15.336,0.051,162.759,42.293
105,1,105,333.586,1092.172,34801.126,2,115,473.128,213.533,NA,15.713,0.052,135,-27.759
106,1,106,343.182,1086.616,35101.135,2,129,484.216,202.961,NA,11.088,0.037,-30.069,-165.069
107,1,107,345.707,1091.667,35401.145,2,128,489.862,205.099,NA,5.647,0.019,63.435,93.504
108,1,108,351.263,1099.747,35701.155,2,84,499.669,207.858,NA,9.806,0.033,55.491,-7.943
109,1,109,351.263,1109.848,36001.165,2,103,509.77,215.924,NA,10.101,0.034,90,34.509
110,1,110,352.778,1115.404,36301.174,2,131,515.528,219.558,NA,5.758,0.019,74.745,-15.255
111,1,111,353.283,1121.465,36601.184,2,194,521.61,224.265,NA,6.082,0.02,85.236,10.491
112,1,112,351.263,1122.98,36901.194,2,124,524.135,226.653,NA,2.525,0.008,143.13,57.894
113,1,113,346.717,1121.465,37201.203,2,106,528.926,228.005,NA,4.791,0.016,-161.565,55.305
114,1,114,346.717,1127.02,37501.213,2,180,534.482,232.555,NA,5.556,0.019,90,-108.435
115,1,115,339.141,1119.949,37801.223,2,139,544.845,231.265,NA,10.363,0.035,-136.975,133.025
116,1,116,337.121,1119.444,38101.232,2,98,546.927,232.09,NA,2.082,0.007,-165.964,-28.989
117,1,117,337.121,1123.99,38401.242,2,113,551.472,235.707,NA,4.545,0.015,90,-104.036
118,1,118,337.121,1123.99,38701.252,2,138,551.472,235.707,NA,0,0,0,-90
119,1,119,337.121,1133.586,39001.262,2,104,561.068,243.445,NA,9.596,0.032,90,90
120,1,120,337.121,1133.586,39301.271,2,145,561.068,243.445,NA,0,0,0,-90
121,1,121,333.081,1139.141,39601.281,2,84,567.938,250.314,NA,6.869,0.023,126.027,126.027
122,1,122,325,1157.323,39901.291,2,155,587.834,269.832,NA,19.897,0.066,113.962,-12.065
123,1,123,321.97,1147.222,40201.3,2,98,598.38,263.388,NA,10.546,0.035,-106.699,139.338
124,1,124,316.414,1147.222,40501.31,2,90,603.936,266.733,NA,5.556,0.019,180,-73.301
125,1,125,316.414,1147.222,40801.32,2,202,603.936,266.733,NA,0,0,0,-180
126,1,126,319.949,1144.697,41101.33,2,169,608.28,262.581,NA,4.345,0.014,-35.538,-35.538
127,1,127,325,1144.697,41401.339,2,68,613.331,259.557,NA,5.051,0.017,0,35.538
128,1,128,325,1144.697,41701.349,2,100,613.331,259.557,NA,0,0,0,0
129,1,129,325,1144.697,42001.359,2,104,613.331,259.557,NA,0,0,0,0
130,1,130,326.01,1144.697,42301.368,2,199,614.341,258.96,NA,1.01,0.003,0,0
131,1,131,327.525,1141.667,42601.378,2,124,617.729,255.62,NA,3.388,0.011,-63.435,-63.435
132,1,132,328.535,1137.626,42901.388,2,92,621.894,251.77,NA,4.165,0.014,-75.964,-12.529
133,1,133,334.596,1135.101,43201.397,2,144,628.459,246.149,NA,6.566,0.022,-22.62,53.344
134,1,134,325.505,1135.101,43501.407,2,121,637.55,251.583,NA,9.091,0.03,180,-157.38
135,1,135,325.505,1141.162,43801.417,2,72,643.611,256.415,NA,6.061,0.02,90,-90
136,1,136,326.01,1147.222,44101.427,2,63,649.693,261.003,NA,6.082,0.02,85.236,-4.764
137,1,137,329.545,1152.273,44401.436,2,96,655.857,263.093,NA,6.165,0.021,55.008,-30.228
138,1,138,334.091,1167.929,44701.446,2,68,672.161,273.699,NA,16.303,0.054,73.811,18.803
139,1,139,333.081,1188.636,45001.456,2,78,692.892,291.984,NA,20.732,0.069,92.793,18.982
140,1,140,332.576,1195.202,45301.465,2,103,699.477,297.94,NA,6.585,0.022,94.399,1.606
141,1,141,335.101,1203.283,45601.475,2,163,707.943,303.804,NA,8.466,0.028,72.646,-21.753
142,1,142,331.061,1205.808,45901.485,2,74,712.708,307.949,NA,4.765,0.016,147.995,75.349
143,1,143,331.061,1214.394,46201.495,2,54,721.294,315.509,NA,8.586,0.029,90,-57.995
144,1,144,331.061,1219.444,46501.504,2,40,726.344,319.981,NA,5.051,0.017,90,0
145,1,145,331.061,1231.061,46801.514,2,68,737.961,330.328,NA,11.616,0.039,90,0
146,1,146,330.051,1244.697,47101.524,2,78,751.634,343.016,NA,13.674,0.046,94.236,4.236
147,1,147,330.051,1256.313,47401.533,2,100,763.251,353.519,NA,11.616,0.039,90,-4.236
148,1,148,332.576,1283.586,47701.543,2,79,790.64,377.449,NA,27.389,0.091,84.71,-5.29
149,1,149,341.162,1306.313,48001.553,2,53,814.935,395.43,NA,24.295,0.081,69.305,-15.405
150,1,150,339.646,1321.465,48301.562,2,54,830.162,410.179,NA,15.227,0.051,95.711,26.406
151,1,151,317.929,1345.707,48601.572,2,148,862.709,440.521,NA,32.547,0.108,131.855,36.144
152,1,152,317.929,1345.707,48901.582,2,94,862.709,440.521,NA,0,0,0,-131.855
153,2,1,451.768,848.737,2100.068,2,34,0,0,NA,NA,NA,NA,NA
154,2,2,446.717,854.798,2400.078,2,19,7.889,7.889,NA,7.889,0.026,129.806,NA
155,2,3,445.202,862.879,2700.087,2,34,16.111,15.591,NA,8.222,0.027,100.62,-29.186
156,2,4,440.657,862.879,3000.097,2,65,20.656,17.984,NA,4.545,0.015,180,79.38
157,2,5,440.152,862.879,3300.107,2,58,21.161,18.301,NA,0.505,0.002,180,0
158,2,6,440.152,862.879,3600.116,2,60,21.161,18.301,NA,0,0,0,-180
159,2,7,440.152,862.879,3900.126,2,74,21.161,18.301,NA,0,0,0,0
160,2,8,440.152,862.374,4200.136,2,45,21.666,17.913,NA,0.505,0.002,-90,-90
161,2,9,440.152,854.293,4500.146,2,131,29.747,12.876,NA,8.081,0.027,-90,0
162,2,10,440.152,854.293,4800.155,2,90,29.747,12.876,NA,0,0,0,90
163,2,11,437.626,852.273,5100.165,2,108,32.981,14.577,NA,3.234,0.011,-141.34,-141.34
164,2,12,437.626,852.273,5400.175,2,89,32.981,14.577,NA,0,0,0,141.34
165,2,13,430.051,859.343,5700.184,2,69,43.344,24.169,NA,10.363,0.035,136.975,136.975
166,2,14,432.071,859.343,6000.194,2,94,45.364,22.371,NA,2.02,0.007,0,-136.975
167,2,15,432.071,859.343,6300.204,2,58,45.364,22.371,NA,0,0,0,0
168,2,16,432.071,859.343,6600.214,2,85,45.364,22.371,NA,0,0,0,0
169,2,17,429.04,859.343,6900.223,2,104,48.394,25.08,NA,3.03,0.01,180,180
170,2,18,423.485,857.828,7200.233,2,139,54.153,29.708,NA,5.758,0.019,-164.745,15.255
171,2,19,423.485,857.828,7500.243,2,92,54.153,29.708,NA,0,0,0,164.745
172,2,20,421.465,862.879,7800.252,2,90,59.592,33.44,NA,5.44,0.018,111.801,111.801
173,2,21,421.465,866.919,8100.262,2,97,63.633,35.339,NA,4.04,0.013,90,-21.801
174,2,22,421.465,866.919,8400.272,2,81,63.633,35.339,NA,0,0,0,-90
175,2,23,420.96,873.99,8700.281,2,142,70.721,39.835,NA,7.089,0.024,94.086,94.086
176,2,24,420.96,873.99,9000.291,2,91,70.721,39.835,NA,0,0,0,-94.086
177,2,25,420.96,873.99,9300.301,2,106,70.721,39.835,NA,0,0,0,0
178,2,26,418.434,873.99,9600.311,2,107,73.247,41.819,NA,2.525,0.008,180,180
179,2,27,414.899,870.455,9900.32,2,132,78.246,42.789,NA,5,0.017,-135,45
180,2,28,414.899,866.919,10200.33,2,111,81.782,41.108,NA,3.535,0.012,-90,45
181,2,29,414.899,866.919,10500.34,2,114,81.782,41.108,NA,0,0,0,90
182,2,30,414.899,862.879,10800.349,2,73,85.822,39.488,NA,4.04,0.013,-90,-90
183,2,31,414.899,862.879,11100.359,2,106,85.822,39.488,NA,0,0,0,90
184,2,32,414.899,862.879,11400.369,2,98,85.822,39.488,NA,0,0,0,0
185,2,33,409.343,862.879,11700.378,2,90,91.378,44.719,NA,5.556,0.019,180,180
186,2,34,409.343,862.879,12000.388,2,93,91.378,44.719,NA,0,0,0,-180
187,2,35,409.343,862.879,12300.398,2,85,91.378,44.719,NA,0,0,0,0
188,2,36,409.343,862.879,12600.408,2,64,91.378,44.719,NA,0,0,0,0
189,2,37,409.343,868.434,12900.417,2,62,96.933,46.774,NA,5.556,0.019,90,90
190,2,38,405.303,869.444,13200.427,2,85,101.098,50.87,NA,4.165,0.014,165.964,75.964
191,2,39,399.747,876.01,13500.437,2,100,109.699,58.736,NA,8.601,0.029,130.236,-35.727
192,2,40,402.273,888.131,13800.446,2,76,122.08,63.258,NA,12.381,0.041,78.232,-52.005
193,2,41,402.273,889.646,14100.456,2,86,123.595,64.213,NA,1.515,0.005,90,11.768
194,2,42,398.737,893.182,14400.466,2,91,128.595,69.192,NA,5,0.017,135,45
195,2,43,393.687,893.182,14700.476,2,62,133.646,73.135,NA,5.051,0.017,180,45
196,2,44,393.687,893.182,15000.485,2,76,133.646,73.135,NA,0,0,0,-180
197,2,45,393.687,893.182,15300.495,2,149,133.646,73.135,NA,0,0,0,0
198,2,46,393.687,893.182,15600.505,2,102,133.646,73.135,NA,0,0,0,0
199,2,47,393.687,893.182,15900.514,2,106,133.646,73.135,NA,0,0,0,0
200,2,48,393.687,895.707,16200.524,2,56,136.171,74.696,NA,2.525,0.008,90,90
201,2,49,393.687,896.717,16500.534,2,112,137.181,75.336,NA,1.01,0.003,90,0
202,2,50,397.727,896.717,16800.543,2,124,141.221,72.266,NA,4.04,0.013,0,-90
203,2,51,397.727,896.717,17100.553,2,113,141.221,72.266,NA,0,0,0,0
204,2,52,397.727,896.717,17400.563,2,102,141.221,72.266,NA,0,0,0,0
205,2,53,397.727,888.636,17700.573,2,110,149.302,67.174,NA,8.081,0.027,-90,-90
206,2,54,397.727,882.071,18000.582,2,97,155.868,63.494,NA,6.566,0.022,-90,0
207,2,55,397.727,882.071,18300.592,2,86,155.868,63.494,NA,0,0,0,90
208,2,56,396.212,881.061,18600.602,2,75,157.689,64.274,NA,1.821,0.006,-146.31,-146.31
209,2,57,394.192,881.061,18900.611,2,82,159.709,66.028,NA,2.02,0.007,180,-33.69
210,2,58,391.162,879.545,19200.621,2,65,163.097,67.987,NA,3.388,0.011,-153.435,26.565
211,2,59,391.162,879.545,19500.631,2,75,163.097,67.987,NA,0,0,0,153.435
212,2,60,391.162,879.545,19800.641,2,166,163.097,67.987,NA,0,0,0,0
213,2,61,391.162,879.545,20100.65,2,83,163.097,67.987,NA,0,0,0,0
214,2,62,387.626,879.545,20400.66,2,233,166.632,71.157,NA,3.535,0.012,180,180
215,2,63,389.646,886.111,20700.67,2,86,173.502,72.497,NA,6.869,0.023,72.897,-107.103
216,2,64,401.768,886.111,21000.679,2,40,185.623,62.424,NA,12.121,0.04,0,-72.897
217,2,65,401.768,886.111,21300.689,2,69,185.623,62.424,NA,0,0,0,0
218,2,66,407.323,873.99,21600.699,2,81,198.957,51.117,NA,13.334,0.044,-65.376,-65.376
219,2,67,407.323,873.99,21900.708,2,38,198.957,51.117,NA,0,0,0,65.376
220,2,68,407.323,873.99,22200.718,2,47,198.957,51.117,NA,0,0,0,0
221,2,69,407.323,868.434,22500.728,2,79,204.512,48.614,NA,5.556,0.019,-90,-90
222,2,70,406.313,861.364,22800.738,2,63,211.655,47.176,NA,7.142,0.024,-98.13,-8.13
223,2,71,406.313,861.364,23100.747,2,75,211.655,47.176,NA,0,0,0,98.13
224,2,72,406.313,861.364,23400.757,2,97,211.655,47.176,NA,0,0,0,0
225,2,73,402.778,858.333,23700.767,2,52,216.311,49.921,NA,4.656,0.016,-139.399,-139.399
226,2,74,402.778,858.333,24000.776,2,69,216.311,49.921,NA,0,0,0,139.399
227,2,75,400.758,854.798,24300.786,2,99,220.383,51.369,NA,4.072,0.014,-119.745,-119.745
228,2,76,401.768,854.798,24600.796,2,60,221.393,50.366,NA,1.01,0.003,0,119.745
229,2,77,406.313,854.798,24900.805,2,122,225.939,45.857,NA,4.545,0.015,0,0
230,2,78,412.374,853.283,25200.815,2,101,232.186,39.655,NA,6.247,0.021,-14.036,-14.036
231,2,79,412.374,853.283,25500.825,2,97,232.186,39.655,NA,0,0,0,14.036
232,2,80,412.374,853.283,25800.835,2,105,232.186,39.655,NA,0,0,0,0
233,2,81,408.838,853.283,26100.844,2,66,235.721,43.169,NA,3.535,0.012,180,180
234,2,82,402.778,853.283,26400.854,2,58,241.782,49.2,NA,6.061,0.02,180,0
235,2,83,402.778,849.242,26700.864,2,76,245.822,48.993,NA,4.04,0.013,-90,90
236,2,84,402.778,849.242,27000.873,2,62,245.822,48.993,NA,0,0,0,90
237,2,85,390.657,849.242,27300.883,2,63,257.943,61.113,NA,12.121,0.04,180,180
238,2,86,390.657,849.242,27600.893,2,137,257.943,61.113,NA,0,0,0,-180
239,2,87,390.657,849.242,27900.903,2,75,257.943,61.113,NA,0,0,0,0
240,2,88,385.101,846.717,28200.912,2,97,264.046,66.697,NA,6.103,0.02,-155.556,-155.556
241,2,89,385.101,845.707,28500.922,2,80,265.056,66.736,NA,1.01,0.003,-90,65.556
242,2,90,385.101,845.707,28800.932,2,72,265.056,66.736,NA,0,0,0,90
243,2,91,385.101,845.707,29100.941,2,84,265.056,66.736,NA,0,0,0,0
244,2,92,384.091,845.707,29400.951,2,126,266.066,67.745,NA,1.01,0.003,180,180
245,2,93,376.01,847.222,29700.961,2,53,274.288,75.773,NA,8.222,0.027,169.38,-10.62
246,2,94,370.455,847.222,30000.97,2,61,279.843,81.327,NA,5.556,0.019,180,10.62
247,2,95,370.455,847.222,30300.98,2,130,279.843,81.327,NA,0,0,0,-180
248,2,96,365.404,839.141,30600.99,2,72,289.372,86.895,NA,9.529,0.032,-122.005,-122.005
249,2,97,362.374,838.131,30901,2,144,292.567,90.021,NA,3.194,0.011,-161.565,-39.56
250,2,98,357.828,830.051,31201.009,2,74,301.838,95.78,NA,9.271,0.031,-119.358,42.207
251,2,99,357.828,830.051,31501.019,2,134,301.838,95.78,NA,0,0,0,119.358
252,2,100,351.263,825.505,31801.029,2,138,309.824,103.155,NA,7.986,0.027,-145.305,-145.305
253,2,101,351.263,825.505,32101.038,2,84,309.824,103.155,NA,0,0,0,145.305
254,2,102,347.222,823.485,32401.048,2,108,314.341,107.552,NA,4.517,0.015,-153.435,-153.435
255,2,103,347.222,821.465,32701.058,2,96,316.361,108.044,NA,2.02,0.007,-90,63.435
256,2,104,347.222,821.465,33001.068,2,119,316.361,108.044,NA,0,0,0,90
257,2,105,339.141,821.465,33301.077,2,145,324.442,115.881,NA,8.081,0.027,180,180
258,2,106,336.111,826.01,33601.087,2,101,329.905,117.868,NA,5.463,0.018,123.69,-56.31
259,2,107,334.596,823.485,33901.097,2,97,332.85,119.862,NA,2.945,0.01,-120.964,115.346
260,2,108,334.596,807.828,34201.106,2,86,348.506,124.108,NA,15.657,0.052,-90,30.964
261,2,109,334.596,822.475,34501.116,2,77,363.153,120.079,NA,14.646,0.049,90,180
262,2,110,334.596,822.475,34801.126,2,87,363.153,120.079,NA,0,0,0,-90
263,2,111,334.596,822.475,35101.135,2,114,363.153,120.079,NA,0,0,0,0
264,2,112,339.646,822.475,35401.145,2,138,368.203,115.156,NA,5.051,0.017,0,0
265,2,113,339.646,822.475,35701.155,2,80,368.203,115.156,NA,0,0,0,0
266,2,114,339.646,822.475,36001.165,2,76,368.203,115.156,NA,0,0,0,0
267,2,115,339.646,822.475,36301.174,2,78,368.203,115.156,NA,0,0,0,0
268,2,116,339.646,822.475,36601.184,2,124,368.203,115.156,NA,0,0,0,0
269,2,117,332.576,821.465,36901.194,2,73,375.346,122.272,NA,7.142,0.024,-171.87,-171.87
270,2,118,316.414,811.869,37201.203,2,73,394.142,140.285,NA,18.796,0.063,-149.3,22.57
271,2,119,294.192,793.182,37501.213,2,82,423.177,167.082,NA,29.035,0.097,-139.939,9.361
272,2,120,285.606,792.677,37801.223,2,51,431.777,175.364,NA,8.601,0.029,-176.634,-36.694
273,2,121,285.101,787.121,38101.232,2,51,437.356,177.692,NA,5.578,0.019,-95.194,81.439
274,2,122,273.485,789.141,38401.242,2,118,449.146,187.98,NA,11.791,0.039,170.134,-94.671
275,2,123,273.99,783.586,38701.252,2,86,454.725,189.34,NA,5.578,0.019,-84.806,105.06
276,2,124,266.414,779.04,39001.262,2,112,463.56,198.024,NA,8.835,0.029,-149.036,-64.231
277,2,125,263.889,777.02,39301.271,2,101,466.793,201.101,NA,3.234,0.011,-141.34,7.696
278,2,126,263.889,777.02,39601.281,2,95,466.793,201.101,NA,0,0,0,141.34
279,2,127,261.869,786.616,39901.291,2,107,476.6,199.802,NA,9.806,0.033,101.889,101.889
280,2,128,256.313,786.111,40201.3,2,91,482.178,205.243,NA,5.578,0.019,-174.806,83.306
281,2,129,247.222,778.535,40501.31,2,93,494.012,216.257,NA,11.834,0.039,-140.194,34.611
282,2,130,247.222,778.535,40801.32,2,87,494.012,216.257,NA,0,0,0,140.194
283,2,131,247.222,778.535,41101.33,2,98,494.012,216.257,NA,0,0,0,0
284,2,132,247.222,778.535,41401.339,2,93,494.012,216.257,NA,0,0,0,0
285,2,133,247.222,783.081,41701.349,2,160,498.557,214.825,NA,4.545,0.015,90,90
286,2,134,247.222,791.162,42001.359,2,64,506.638,212.494,NA,8.081,0.027,90,0
287,2,135,241.667,797.727,42301.368,2,68,515.239,216.205,NA,8.601,0.029,130.236,40.236
288,2,136,239.646,800.758,42601.378,2,82,518.881,217.48,NA,3.642,0.012,123.69,-6.546
289,2,137,239.646,800.758,42901.388,2,101,518.881,217.48,NA,0,0,0,-123.69
290,2,138,239.646,800.758,43201.397,2,113,518.881,217.48,NA,0,0,0,0
291,2,139,235.606,804.798,43501.407,2,85,524.595,220.582,NA,5.714,0.019,135,135
292,2,140,229.04,809.343,43801.417,2,65,532.58,226.184,NA,7.986,0.027,145.305,10.305
293,2,141,229.04,809.343,44101.427,2,55,532.58,226.184,NA,0,0,0,-145.305
294,2,142,225,808.333,44401.436,2,90,536.745,230.339,NA,4.165,0.014,-165.964,-165.964
295,2,143,219.444,808.333,44701.446,2,76,542.301,235.81,NA,5.556,0.019,180,-14.036
296,2,144,213.384,805.808,45001.456,2,77,548.866,242.218,NA,6.566,0.022,-157.38,22.62
297,2,145,213.384,805.808,45301.465,2,77,548.866,242.218,NA,0,0,0,157.38
298,2,146,213.384,794.697,45601.475,2,150,559.977,244.432,NA,11.111,0.037,-90,-90
299,2,147,212.879,794.697,45901.485,2,85,560.483,244.925,NA,0.505,0.002,180,-90
300,2,148,203.788,794.697,46201.495,2,148,569.573,253.8,NA,9.091,0.03,180,0
301,2,149,203.788,794.697,46501.504,2,83,569.573,253.8,NA,0,0,0,-180
302,2,150,203.788,792.172,46801.514,2,107,572.099,254.349,NA,2.525,0.008,-90,-90
303,2,151,203.788,791.667,47101.524,2,129,572.604,254.462,NA,0.505,0.002,-90,0
304,2,152,197.222,791.667,47401.533,2,83,579.169,260.865,NA,6.566,0.022,180,-90
305,2,153,197.222,791.667,47701.543,2,82,579.169,260.865,NA,0,0,0,-180
306,2,154,197.222,784.596,48001.553,2,67,586.24,262.502,NA,7.071,0.024,-90,-90
307,2,155,194.192,773.99,48301.562,2,138,597.271,268.202,NA,11.03,0.037,-105.945,-15.945
308,2,156,194.192,773.99,48601.572,2,28,597.271,268.202,NA,0,0,0,105.945
309,2,157,179.04,765.404,48901.582,2,126,614.686,285.175,NA,17.415,0.058,-150.461,-150.461
310,2,158,178.535,765.404,49201.592,2,76,615.191,285.658,NA,0.505,0.002,180,-29.539
311,2,159,179.04,762.374,49501.601,2,32,618.263,286.075,NA,3.072,0.01,-80.538,99.462
312,2,160,179.04,759.848,49801.611,2,76,620.788,286.847,NA,2.525,0.008,-90,-9.462
313,2,161,184.596,759.848,50101.621,2,95,626.344,281.571,NA,5.556,0.019,0,90
314,2,162,184.596,759.848,50401.63,2,90,626.344,281.571,NA,0,0,0,0
315,2,163,182.576,765.909,50701.64,2,73,632.732,281.647,NA,6.388,0.021,108.435,108.435
316,2,164,182.576,765.909,51001.65,2,53,632.732,281.647,NA,0,0,0,-108.435
317,2,165,177.525,765.909,51301.659,2,64,637.783,286.478,NA,5.051,0.017,180,180
318,2,166,169.949,767.929,51601.669,2,100,645.623,293.175,NA,7.84,0.026,165.069,-14.931
319,2,167,158.838,781.566,51901.679,2,59,663.213,300.532,NA,17.59,0.059,129.174,-35.895
320,2,168,147.222,795.202,52201.689,2,85,681.126,309.215,NA,17.913,0.06,130.426,1.252
321,2,169,142.677,795.707,52501.698,2,115,685.7,313.607,NA,4.573,0.015,173.66,43.234
322,2,170,136.111,795.707,52801.708,2,112,692.265,320.08,NA,6.566,0.022,180,6.34
323,2,171,129.545,796.212,53101.718,2,109,698.85,326.475,NA,6.585,0.022,175.601,-4.399
324,3,1,439.646,563.384,0,2,65,0,0,NA,NA,NA,NA,NA
325,3,2,439.646,563.384,300.01,2,71,0,0,NA,0,0,0,NA
326,3,3,434.091,563.384,600.019,2,61,5.556,5.556,NA,5.556,0.019,180,180
327,3,4,434.091,563.384,900.029,2,75,5.556,5.556,NA,0,0,0,-180
328,3,5,434.091,563.384,1200.039,2,72,5.556,5.556,NA,0,0,0,0
329,3,6,434.091,563.384,1500.049,2,61,5.556,5.556,NA,0,0,0,0
330,3,7,430.556,561.364,1800.058,2,82,9.627,9.313,NA,4.072,0.014,-150.255,-150.255
331,3,8,430.051,557.323,2100.068,2,54,13.699,11.35,NA,4.072,0.014,-97.125,53.13
332,3,9,430.051,557.323,2400.078,2,55,13.699,11.35,NA,0,0,0,97.125
333,3,10,435.606,557.323,2700.087,2,45,19.255,7.284,NA,5.556,0.019,0,0
334,3,11,435.606,557.323,3000.097,2,59,19.255,7.284,NA,0,0,0,0
335,3,12,435.606,557.323,3300.107,2,38,19.255,7.284,NA,0,0,0,0
336,3,13,435.606,557.323,3600.116,2,23,19.255,7.284,NA,0,0,0,0
337,3,14,439.646,556.313,3900.126,2,62,23.42,7.071,NA,4.165,0.014,-14.036,-14.036
338,3,15,439.646,556.313,4200.136,2,33,23.42,7.071,NA,0,0,0,14.036
339,3,16,433.586,551.263,4500.146,2,103,31.309,13.552,NA,7.889,0.026,-140.194,-140.194
340,3,17,433.586,551.263,4800.155,2,99,31.309,13.552,NA,0,0,0,140.194
341,3,18,433.586,551.263,5100.165,2,128,31.309,13.552,NA,0,0,0,0
342,3,19,440.657,551.768,5400.175,2,107,38.397,11.66,NA,7.089,0.024,4.086,4.086
343,3,20,440.657,551.768,5700.184,2,102,38.397,11.66,NA,0,0,0,-4.086
344,3,21,440.657,551.768,6000.194,2,90,38.397,11.66,NA,0,0,0,0
345,3,22,432.071,552.273,6300.204,2,27,46.998,13.448,NA,8.601,0.029,176.634,176.634
346,3,23,414.394,552.273,6600.214,2,40,64.675,27.589,NA,17.677,0.059,180,3.366
347,3,24,408.838,552.273,6900.223,2,46,70.23,32.75,NA,5.556,0.019,180,0
348,3,25,408.838,552.273,7200.233,2,101,70.23,32.75,NA,0,0,0,-180
349,3,26,397.222,550.758,7500.243,2,67,81.945,44.263,NA,11.715,0.039,-172.569,-172.569
350,3,27,393.182,548.737,7800.252,2,92,86.462,48.718,NA,4.517,0.015,-153.435,19.134
351,3,28,392.677,548.737,8100.262,2,171,86.967,49.2,NA,0.505,0.002,180,-26.565
352,3,29,387.626,548.737,8400.272,2,97,92.018,54.043,NA,5.051,0.017,180,0
353,3,30,387.626,547.727,8700.281,2,124,93.028,54.325,NA,1.01,0.003,-90,90
354,3,31,387.626,547.222,9000.291,2,88,93.533,54.473,NA,0.505,0.002,-90,0
355,3,32,388.636,546.717,9300.301,2,83,94.662,53.664,NA,1.129,0.004,-26.565,63.435
356,3,33,394.192,540.152,9600.311,2,126,103.263,51.048,NA,8.601,0.029,-49.764,-23.199
357,3,34,400.758,533.586,9900.32,2,85,112.548,48.993,NA,9.285,0.031,-45,4.764
358,3,35,410.354,529.04,10200.33,2,100,123.166,45.139,NA,10.618,0.035,-25.346,19.654
359,3,36,393.687,529.04,10500.34,2,198,139.833,57.374,NA,16.667,0.056,180,-154.654
360,3,37,393.687,529.04,10800.349,2,127,139.833,57.374,NA,0,0,0,-180
361,3,38,393.687,519.444,11100.359,2,150,149.429,63.584,NA,9.596,0.032,-90,-90
362,3,39,393.687,519.444,11400.369,2,173,149.429,63.584,NA,0,0,0,90
363,3,40,382.071,519.444,11700.378,2,213,161.045,72.427,NA,11.616,0.039,180,180
364,3,41,382.071,523.485,12000.388,2,86,165.086,70.049,NA,4.04,0.013,90,-90
365,3,42,387.121,522.475,12300.398,2,83,170.236,66.577,NA,5.151,0.017,-11.31,-101.31
366,3,43,386.616,515.909,12600.408,2,182,176.821,71.176,NA,6.585,0.022,-94.399,-83.089
367,3,44,391.667,513.889,12900.417,2,167,182.261,68.933,NA,5.44,0.018,-21.801,72.597
368,3,45,391.667,513.889,13200.427,2,110,182.261,68.933,NA,0,0,0,21.801
369,3,46,399.242,513.384,13500.437,2,73,189.853,64.284,NA,7.593,0.025,-3.814,-3.814
370,3,47,407.323,513.384,13800.446,2,109,197.934,59.538,NA,8.081,0.027,0,3.814
371,3,48,407.323,513.384,14100.456,2,84,197.934,59.538,NA,0,0,0,0
372,3,49,407.323,501.263,14400.466,2,92,210.055,70.027,NA,12.121,0.04,-90,-90
373,3,50,412.879,496.212,14700.476,2,68,217.563,72.309,NA,7.508,0.025,-42.274,47.726
374,3,51,412.879,481.566,15000.485,2,74,232.21,86.086,NA,14.646,0.049,-90,-47.726
375,3,52,404.293,484.091,15300.495,2,135,241.159,86.817,NA,8.95,0.03,163.61,-106.39
376,3,53,405.303,481.061,15600.505,2,222,244.354,89.2,NA,3.194,0.011,-71.565,124.824
377,3,54,408.333,478.535,15900.514,2,164,248.298,90.442,NA,3.945,0.013,-39.806,31.759
378,3,55,409.343,475,16200.524,2,65,251.975,93.434,NA,3.677,0.012,-74.055,-34.249
379,3,56,413.384,473.485,16500.534,2,107,256.29,93.657,NA,4.315,0.014,-20.556,53.499
380,3,57,422.98,463.889,16800.543,2,154,269.861,100.881,NA,13.571,0.045,-45,-24.444
381,3,58,422.98,463.889,17100.553,2,93,269.861,100.881,NA,0,0,0,45
382,3,59,432.071,467.424,17400.563,2,45,279.615,96.258,NA,9.754,0.033,21.251,21.251
383,3,60,432.071,467.424,17700.573,2,67,279.615,96.258,NA,0,0,0,-21.251
384,3,61,432.071,467.424,18000.582,2,73,279.615,96.258,NA,0,0,0,0
385,3,62,428.03,467.424,18300.592,2,161,283.655,96.66,NA,4.04,0.013,180,180
386,3,63,428.03,467.424,18600.602,2,70,283.655,96.66,NA,0,0,0,-180
387,3,64,428.03,467.424,18900.611,2,78,283.655,96.66,NA,0,0,0,0
388,3,65,419.949,476.515,19200.621,2,52,295.819,89.074,NA,12.163,0.041,131.634,131.634
389,3,66,417.424,488.636,19500.631,2,116,308.2,77.981,NA,12.381,0.041,101.768,-29.865
390,3,67,416.919,488.636,19800.641,2,36,308.705,78.126,NA,0.505,0.002,180,78.232
391,3,68,416.414,473.485,20100.65,2,129,323.865,92.852,NA,15.16,0.051,-91.909,88.091
392,3,69,412.374,473.485,20400.66,2,238,327.906,93.945,NA,4.04,0.013,180,-88.091
393,3,70,412.374,473.485,20700.67,2,88,327.906,93.945,NA,0,0,0,-180
394,3,71,412.374,462.374,21000.679,2,104,339.017,104.627,NA,11.111,0.037,-90,-90
395,3,72,412.374,460.859,21300.689,2,77,340.532,106.091,NA,1.515,0.005,-90,0
396,3,73,412.374,460.859,21600.699,2,100,340.532,106.091,NA,0,0,0,90
397,3,74,412.374,451.768,21900.708,2,156,349.623,114.9,NA,9.091,0.03,-90,-90
398,3,75,412.374,451.768,22200.718,2,150,349.623,114.9,NA,0,0,0,90
399,3,76,415.404,451.768,22500.728,2,155,352.653,114.218,NA,3.03,0.01,0,0
400,3,77,412.374,448.232,22800.738,2,171,357.309,118.337,NA,4.656,0.016,-130.601,-130.601
401,3,78,402.273,446.717,23100.747,2,128,367.523,122.507,NA,10.214,0.034,-171.469,-40.868
402,3,79,402.273,446.717,23400.757,2,122,367.523,122.507,NA,0,0,0,171.469
403,3,80,402.273,446.717,23700.767,2,131,367.523,122.507,NA,0,0,0,0
404,3,81,402.273,449.242,24000.776,2,58,370.049,120.104,NA,2.525,0.008,90,90
405,3,82,398.232,447.222,24300.786,2,179,374.566,123.323,NA,4.517,0.015,-153.435,116.565
406,3,83,398.232,439.141,24600.796,2,95,382.647,130.963,NA,8.081,0.027,-90,63.435
407,3,84,391.667,410.859,24900.805,2,72,411.682,159.894,NA,29.035,0.097,-103.069,-13.069
408,3,85,389.646,402.778,25200.815,2,95,420.011,168.209,NA,8.33,0.028,-104.036,-0.967
409,3,86,385.101,392.172,25500.825,2,77,431.55,179.691,NA,11.539,0.038,-113.199,-9.162
410,3,87,385.101,384.596,25800.835,2,138,439.126,186.923,NA,7.576,0.025,-90,23.199
411,3,88,385.101,384.596,26100.844,2,96,439.126,186.923,NA,0,0,0,90
412,3,89,385.101,384.596,26400.854,2,122,439.126,186.923,NA,0,0,0,0
413,3,90,379.04,387.121,26700.864,2,120,445.692,186.391,NA,6.566,0.022,157.38,157.38
414,3,91,379.04,387.121,27000.873,2,80,445.692,186.391,NA,0,0,0,-157.38
415,3,92,379.04,387.121,27300.883,2,91,445.692,186.391,NA,0,0,0,0
416,3,93,380.051,382.576,27600.893,2,74,450.348,190.377,NA,4.656,0.016,-77.471,-77.471
417,3,94,380.051,382.576,27900.903,2,63,450.348,190.377,NA,0,0,0,77.471
418,3,95,380.051,382.576,28200.912,2,103,450.348,190.377,NA,0,0,0,0
419,3,96,381.566,382.576,28500.922,2,91,451.863,189.908,NA,1.515,0.005,0,0
420,3,97,381.566,380.556,28800.932,2,149,453.883,191.832,NA,2.02,0.007,-90,-90
421,3,98,381.566,380.556,29100.941,2,131,453.883,191.832,NA,0,0,0,90
422,3,99,381.566,380.556,29400.951,2,166,453.883,191.832,NA,0,0,0,0
423,3,100,381.566,380.556,29700.961,2,133,453.883,191.832,NA,0,0,0,0
424,3,101,381.566,380.556,30000.97,2,108,453.883,191.832,NA,0,0,0,0
425,3,102,381.566,380.556,30300.98,2,79,453.883,191.832,NA,0,0,0,0
426,3,103,381.566,380.556,30600.99,2,108,453.883,191.832,NA,0,0,0,0
427,3,104,385.606,380.556,30901,2,157,457.924,190.648,NA,4.04,0.013,0,0
428,3,105,386.111,381.061,31201.009,2,48,458.638,190.021,NA,0.714,0.002,45,45
429,3,106,390.657,380.051,31501.019,2,74,463.294,189.766,NA,4.656,0.016,-12.529,-57.529
430,3,107,394.192,369.949,31801.029,2,101,473.996,198.703,NA,10.702,0.036,-70.71,-58.181
431,3,108,394.192,369.949,32101.038,2,46,473.996,198.703,NA,0,0,0,70.71
432,3,109,394.192,369.949,32401.048,2,98,473.996,198.703,NA,0,0,0,0
433,3,110,394.192,369.949,32701.058,2,115,473.996,198.703,NA,0,0,0,0
434,3,111,384.596,369.949,33001.068,2,78,483.592,201.115,NA,9.596,0.032,180,180
435,3,112,385.101,376.01,33301.077,2,139,489.674,195.152,NA,6.082,0.02,85.236,-94.764
436,3,113,385.101,376.01,33601.087,2,88,489.674,195.152,NA,0,0,0,-85.236
437,3,114,392.172,373.485,33901.097,2,90,497.182,195.743,NA,7.508,0.025,-19.654,-19.654
438,3,115,392.172,373.485,34201.106,2,128,497.182,195.743,NA,0,0,0,19.654
439,3,116,392.172,373.485,34501.116,2,95,497.182,195.743,NA,0,0,0,0
440,3,117,392.172,373.485,34801.126,2,87,497.182,195.743,NA,0,0,0,0
441,3,118,392.172,373.485,35101.135,2,90,497.182,195.743,NA,0,0,0,0
442,3,119,396.212,371.465,35401.145,2,108,501.699,196.773,NA,4.517,0.015,-26.565,-26.565
443,3,120,396.212,371.465,35701.155,2,88,501.699,196.773,NA,0,0,0,26.565
444,3,121,396.212,373.485,36001.165,2,133,503.719,194.803,NA,2.02,0.007,90,90
445,3,122,398.232,373.99,36301.174,2,177,505.802,193.869,NA,2.082,0.007,14.036,-75.964
446,3,123,398.232,373.99,36601.184,2,154,505.802,193.869,NA,0,0,0,-14.036
447,3,124,393.182,373.99,36901.194,2,126,510.852,195.01,NA,5.051,0.017,180,180
448,3,125,385.606,374.495,37201.203,2,158,518.445,196.467,NA,7.593,0.025,176.186,-3.814
449,3,126,386.616,378.03,37501.213,2,117,522.122,192.79,NA,3.677,0.012,74.055,-102.131
450,3,127,386.616,378.03,37801.223,2,140,522.122,192.79,NA,0,0,0,-74.055
451,3,128,391.667,381.566,38101.232,2,120,528.287,188.042,NA,6.165,0.021,34.992,34.992
452,3,129,391.667,381.566,38401.242,2,124,528.287,188.042,NA,0,0,0,-34.992
453,3,130,395.202,377.02,38701.252,2,130,534.045,191.59,NA,5.758,0.019,-52.125,-52.125
454,3,131,395.202,376.515,39001.262,2,193,534.55,192.081,NA,0.505,0.002,-90,-37.875
455,3,132,399.747,369.444,39301.271,2,168,542.956,198.001,NA,8.406,0.028,-57.265,32.735
456,3,133,399.747,369.444,39601.281,2,198,542.956,198.001,NA,0,0,0,57.265
457,3,134,399.747,365.909,39901.291,2,251,546.491,201.465,NA,3.535,0.012,-90,-90
458,3,135,394.697,365.909,40201.3,2,97,551.542,202.526,NA,5.051,0.017,180,-90
459,3,136,394.697,361.364,40501.31,2,131,556.087,206.96,NA,4.545,0.015,-90,90
460,3,137,398.737,358.333,40801.32,2,197,561.138,209.092,NA,5.051,0.017,-36.87,53.13
461,3,138,398.737,358.333,41101.33,2,222,561.138,209.092,NA,0,0,0,36.87
462,3,139,398.232,357.323,41401.339,2,155,562.267,210.181,NA,1.129,0.004,-116.565,-116.565
463,3,140,398.232,357.323,41701.349,2,159,562.267,210.181,NA,0,0,0,116.565
464,3,141,398.232,357.323,42001.359,2,176,562.267,210.181,NA,0,0,0,0
465,3,142,398.232,357.323,42301.368,2,120,562.267,210.181,NA,0,0,0,0
466,3,143,401.263,356.313,42601.378,2,161,565.461,210.598,NA,3.194,0.011,-18.435,-18.435
467,3,144,404.293,356.313,42901.388,2,159,568.491,210.067,NA,3.03,0.01,0,18.435
468,3,145,404.293,356.313,43201.397,2,192,568.491,210.067,NA,0,0,0,0
469,3,146,404.293,356.313,43501.407,2,214,568.491,210.067,NA,0,0,0,0
470,3,147,400.758,356.818,43801.417,2,155,572.063,210.194,NA,3.571,0.012,171.87,171.87
471,3,148,400.758,359.343,44101.427,2,255,574.588,207.713,NA,2.525,0.008,90,-81.87
472,3,149,400.758,359.343,44401.436,2,239,574.588,207.713,NA,0,0,0,-90
473,3,150,400.758,359.343,44701.446,2,176,574.588,207.713,NA,0,0,0,0
474,3,151,401.768,351.263,45001.456,2,181,582.732,215.477,NA,8.144,0.027,-82.875,-82.875
475,3,152,404.798,349.747,45301.465,2,224,586.12,216.46,NA,3.388,0.011,-26.565,56.31
476,3,153,405.303,345.707,45601.475,2,167,590.191,220.369,NA,4.072,0.014,-82.875,-56.31
477,3,154,405.303,345.707,45901.485,2,189,590.191,220.369,NA,0,0,0,82.875
478,3,155,405.303,345.707,46201.495,2,155,590.191,220.369,NA,0,0,0,0
479,3,156,405.303,345.707,46501.504,2,203,590.191,220.369,NA,0,0,0,0
480,3,157,404.798,345.202,46801.514,2,200,590.906,220.947,NA,0.714,0.002,-135,-135
481,3,158,406.818,336.616,47101.524,2,247,599.726,229.132,NA,8.82,0.029,-76.759,58.241
482,3,159,406.818,336.616,47401.533,2,213,599.726,229.132,NA,0,0,0,76.759
483,3,160,406.818,327.02,47701.543,2,175,609.322,238.632,NA,9.596,0.032,-90,-90
484,3,161,405.303,320.455,48001.553,2,185,616.06,245.345,NA,6.738,0.022,-102.995,-12.995
485,3,162,405.303,320.455,48301.562,2,158,616.06,245.345,NA,0,0,0,102.995
486,3,163,401.263,320.455,48601.572,2,59,620.101,245.943,NA,4.04,0.013,180,180
487,3,164,401.263,312.374,48901.582,2,146,628.181,253.928,NA,8.081,0.027,-90,90
488,3,165,401.263,300.253,49201.592,2,167,640.303,265.916,NA,12.121,0.04,-90,0
489,3,166,395.202,289.646,49501.601,2,185,652.518,277.322,NA,12.216,0.041,-119.745,-29.745
490,3,167,392.172,273.99,49801.611,2,189,668.465,293.262,NA,15.947,0.053,-100.954,18.791
491,3,168,382.576,268.939,50101.621,2,177,679.309,299.924,NA,10.844,0.036,-152.241,-51.287
492,3,169,369.949,253.788,50401.63,2,140,699.032,317.344,NA,19.723,0.066,-129.806,22.436
493,3,170,358.838,233.586,50701.64,2,33,722.088,339.554,NA,23.056,0.077,-118.811,10.995
494,4,1,637.121,425,0,2,114,0,0,NA,NA,NA,NA,NA
495,4,2,637.121,417.929,300.01,2,71,7.071,7.071,NA,7.071,0.024,-90,NA
496,4,3,637.121,417.929,600.019,2,38,7.071,7.071,NA,0,0,0,90
497,4,4,637.121,417.929,900.029,2,43,7.071,7.071,NA,0,0,0,0
498,4,5,637.121,413.384,1200.039,2,83,11.616,11.616,NA,4.545,0.015,-90,-90
499,4,6,636.616,407.828,1500.049,2,97,17.195,17.179,NA,5.578,0.019,-95.194,-5.194
500,4,7,636.616,407.828,1800.058,2,127,17.195,17.179,NA,0,0,0,95.194
501,4,8,636.616,398.737,2100.068,2,90,26.286,26.267,NA,9.091,0.03,-90,-90
502,4,9,636.616,398.737,2400.078,2,120,26.286,26.267,NA,0,0,0,90
503,4,10,636.616,398.737,2700.087,2,144,26.286,26.267,NA,0,0,0,0
504,4,11,636.616,398.232,3000.097,2,172,26.791,26.772,NA,0.505,0.002,-90,-90
505,4,12,634.091,392.677,3300.107,2,101,32.893,32.465,NA,6.103,0.02,-114.444,-24.444
506,4,13,628.535,376.01,3600.116,2,81,50.461,49.737,NA,17.568,0.059,-108.435,6.009
507,4,14,628.535,376.01,3900.126,2,129,50.461,49.737,NA,0,0,0,108.435
508,4,15,628.535,376.01,4200.136,2,106,50.461,49.737,NA,0,0,0,0
509,4,16,628.535,372.475,4500.146,2,97,53.997,53.222,NA,3.535,0.012,-90,-90
510,4,17,631.566,372.475,4800.155,2,145,57.027,52.818,NA,3.03,0.01,0,90
511,4,18,631.566,379.04,5100.165,2,86,63.593,46.294,NA,6.566,0.022,90,90
512,4,19,632.576,379.04,5400.175,2,129,64.603,46.184,NA,1.01,0.003,0,-90
513,4,20,632.576,373.485,5700.184,2,191,70.158,51.715,NA,5.556,0.019,-90,-90
514,4,21,637.121,373.485,6000.194,2,165,74.704,51.515,NA,4.545,0.015,0,90
515,4,22,641.667,369.444,6300.204,2,139,80.785,55.741,NA,6.082,0.02,-41.634,-41.634
516,4,23,633.586,357.323,6600.214,2,88,95.353,67.769,NA,14.568,0.049,-123.69,-82.057
517,4,24,629.04,352.778,6900.223,2,90,101.782,72.673,NA,6.428,0.021,-135,-11.31
518,4,25,631.061,351.768,7200.233,2,133,104.04,73.483,NA,2.259,0.008,-26.565,108.435
519,4,26,631.566,351.768,7500.243,2,168,104.545,73.443,NA,0.505,0.002,0,26.565
520,4,27,631.566,350.758,7800.252,2,94,105.555,74.45,NA,1.01,0.003,-90,-90
521,4,28,631.566,347.727,8100.262,2,178,108.586,77.472,NA,3.03,0.01,-90,0
522,4,29,633.586,345.202,8400.272,2,180,111.82,79.876,NA,3.234,0.011,-51.34,38.66
523,4,30,633.586,340.152,8700.281,2,134,116.87,84.922,NA,5.051,0.017,-90,-38.66
524,4,31,633.586,339.646,9000.291,2,79,117.375,85.427,NA,0.505,0.002,-90,0
525,4,32,626.515,339.646,9300.301,2,55,124.446,86.01,NA,7.071,0.024,180,-90
526,4,33,618.434,347.222,9600.311,2,53,135.522,79.991,NA,11.077,0.037,136.848,-43.152
527,4,34,612.374,345.202,9900.32,2,183,141.911,83.547,NA,6.388,0.021,-161.565,61.587
528,4,35,612.374,345.202,10200.33,2,218,141.911,83.547,NA,0,0,0,161.565
529,4,36,612.374,344.697,10500.34,2,27,142.416,84.03,NA,0.505,0.002,-90,-90
530,4,37,637.121,372.475,10800.349,2,29,179.619,52.525,NA,37.203,0.124,48.302,138.302
531,4,38,638.131,389.141,11100.359,2,99,196.316,35.873,NA,16.697,0.056,86.532,38.23
532,4,39,644.192,389.141,11400.369,2,61,202.376,36.549,NA,6.061,0.02,0,-86.532
533,4,40,649.242,394.697,11700.378,2,16,209.885,32.637,NA,7.508,0.025,47.726,47.726
534,4,41,638.636,378.535,12000.388,2,111,229.216,46.489,NA,19.331,0.064,-123.275,-171.001
535,4,42,635.101,378.03,12300.398,2,247,232.787,47.013,NA,3.571,0.012,-171.87,-48.595
536,4,43,635.101,378.03,12600.408,2,203,232.787,47.013,NA,0,0,0,171.87
537,4,44,641.667,378.03,12900.417,2,156,239.352,47.189,NA,6.566,0.022,0,0
538,4,45,633.081,400.253,13200.427,2,70,263.176,25.075,NA,23.823,0.079,111.125,111.125
539,4,46,633.081,412.879,13500.437,2,53,275.802,12.777,NA,12.626,0.042,90,-21.125
540,4,47,632.071,416.414,13800.446,2,66,279.479,9.961,NA,3.677,0.012,105.945,15.945
541,4,48,649.747,436.616,14100.456,2,106,306.323,17.157,NA,26.844,0.089,48.814,-57.131
542,4,49,649.747,425,14400.466,2,129,317.939,12.626,NA,11.616,0.039,-90,-138.814
543,4,50,649.747,425,14700.476,2,219,317.939,12.626,NA,0,0,0,90
544,4,51,649.747,429.04,15000.485,2,85,321.979,13.257,NA,4.04,0.013,90,90
545,4,52,656.313,429.04,15300.495,2,101,328.545,19.613,NA,6.566,0.022,0,-90
546,4,53,656.313,429.04,15600.505,2,139,328.545,19.613,NA,0,0,0,0
547,4,54,656.313,429.04,15900.514,2,169,328.545,19.613,NA,0,0,0,0
548,4,55,658.838,429.04,16200.524,2,125,331.07,22.09,NA,2.525,0.008,0,0
549,4,56,658.838,418.939,16500.534,2,211,341.171,22.547,NA,10.101,0.034,-90,-90
550,4,57,657.828,420.96,16800.543,2,175,343.43,21.098,NA,2.259,0.008,116.565,-153.435
551,4,58,657.828,420.96,17100.553,2,204,343.43,21.098,NA,0,0,0,-116.565
552,4,59,651.768,423.99,17400.563,2,147,350.206,14.681,NA,6.776,0.023,153.435,153.435
553,4,60,651.768,423.99,17700.573,2,203,350.206,14.681,NA,0,0,0,-153.435
554,4,61,651.768,416.414,18000.582,2,193,357.781,16.978,NA,7.576,0.025,-90,-90
555,4,62,654.293,416.414,18300.592,2,184,360.307,19.199,NA,2.525,0.008,0,90
556,4,63,654.293,409.848,18600.602,2,255,366.872,22.901,NA,6.566,0.022,-90,-90
557,4,64,654.293,409.848,18900.611,2,137,366.872,22.901,NA,0,0,0,90
558,4,65,654.293,409.848,19200.621,2,166,366.872,22.901,NA,0,0,0,0
559,4,66,659.848,416.414,19500.631,2,128,375.473,24.295,NA,8.601,0.029,49.764,49.764
560,4,67,659.848,416.414,19800.641,2,140,375.473,24.295,NA,0,0,0,-49.764
561,4,68,659.848,416.414,20100.65,2,196,375.473,24.295,NA,0,0,0,0
562,4,69,659.848,405.303,20400.66,2,164,386.584,30.075,NA,11.111,0.037,-90,-90
563,4,70,646.717,403.788,20700.67,2,224,399.803,23.282,NA,13.218,0.044,-173.418,-83.418
564,4,71,636.111,403.788,21000.679,2,135,410.409,21.236,NA,10.606,0.035,180,-6.582
565,4,72,633.586,403.283,21300.689,2,216,412.984,22.003,NA,2.575,0.009,-168.69,11.31
566,4,73,633.586,403.283,21600.699,2,139,412.984,22.003,NA,0,0,0,168.69
567,4,74,643.182,397.727,21900.708,2,158,424.072,27.938,NA,11.088,0.037,-30.069,-30.069
568,4,75,643.182,397.727,22200.718,2,210,424.072,27.938,NA,0,0,0,30.069
569,4,76,644.192,399.747,22500.728,2,255,426.331,26.224,NA,2.259,0.008,63.435,63.435
570,4,77,645.202,403.283,22800.738,2,124,430.007,23.172,NA,3.677,0.012,74.055,10.62
571,4,78,646.717,402.273,23100.747,2,255,431.828,24.67,NA,1.821,0.006,-33.69,-107.745
572,4,79,650.253,398.232,23400.757,2,224,437.197,29.815,NA,5.369,0.018,-48.814,-15.124
573,4,80,657.323,394.697,23700.767,2,209,445.103,36.42,NA,7.905,0.026,-26.565,22.249
574,4,81,662.879,394.697,24000.776,2,182,450.658,39.771,NA,5.556,0.019,0,26.565
575,4,82,666.919,398.737,24300.786,2,145,456.372,39.72,NA,5.714,0.019,45,45
576,4,83,666.919,398.737,24600.796,2,109,456.372,39.72,NA,0,0,0,-45
577,4,84,658.838,398.737,24900.805,2,217,464.453,34.079,NA,8.081,0.027,180,180
578,4,85,655.808,391.162,25200.815,2,219,472.612,38.655,NA,8.159,0.027,-111.801,68.199
579,4,86,663.889,391.162,25500.825,2,177,480.693,43.146,NA,8.081,0.027,0,111.801
580,4,87,663.889,391.162,25800.835,2,87,480.693,43.146,NA,0,0,0,0
581,4,88,663.889,391.162,26100.844,2,193,480.693,43.146,NA,0,0,0,0
582,4,89,663.889,391.162,26400.854,2,239,480.693,43.146,NA,0,0,0,0
583,4,90,663.889,400.253,26700.864,2,141,489.784,36.455,NA,9.091,0.03,90,90
584,4,91,663.889,407.323,27000.873,2,183,496.855,32.078,NA,7.071,0.024,90,0
585,4,92,653.283,405.808,27300.883,2,107,507.568,25.09,NA,10.714,0.036,-171.87,98.13
586,4,93,654.293,397.222,27600.893,2,193,516.213,32.657,NA,8.645,0.029,-83.29,88.58
587,4,94,656.313,393.182,27900.903,2,120,520.731,37.158,NA,4.517,0.015,-63.435,19.855
588,4,95,656.313,385.101,28200.912,2,255,528.812,44.275,NA,8.081,0.027,-90,-26.565
589,4,96,656.313,386.616,28500.922,2,238,530.327,42.914,NA,1.515,0.005,90,180
590,4,97,660.354,383.586,28800.932,2,211,535.377,47.485,NA,5.051,0.017,-36.87,-126.87
591,4,98,666.414,383.586,29100.941,2,215,541.438,50.727,NA,6.061,0.02,0,36.87
592,4,99,669.444,383.586,29400.951,2,167,544.468,52.535,NA,3.03,0.01,0,0
593,4,100,669.444,383.586,29700.961,2,216,544.468,52.535,NA,0,0,0,0
594,4,101,669.444,383.586,30000.97,2,145,544.468,52.535,NA,0,0,0,0
595,4,102,660.859,380.051,30300.98,2,224,553.753,50.832,NA,9.285,0.031,-157.62,-157.62
596,4,103,660.859,371.97,30600.99,2,133,561.834,58.101,NA,8.081,0.027,-90,67.62
597,4,104,658.838,365.404,30901,2,154,568.704,63.43,NA,6.869,0.023,-107.103,-17.103
598,4,105,658.838,365.404,31201.009,2,133,568.704,63.43,NA,0,0,0,107.103
599,4,106,658.838,370.455,31501.019,2,255,573.754,58.71,NA,5.051,0.017,90,90
600,4,107,668.939,370.455,31801.029,2,255,583.855,63.147,NA,10.101,0.034,0,-90
601,4,108,675.505,370.455,32101.038,2,130,590.421,66.697,NA,6.566,0.022,0,0
602,4,109,675.505,370.455,32401.048,2,184,590.421,66.697,NA,0,0,0,0
603,4,110,674.495,349.747,32701.058,2,171,611.152,84.022,NA,20.732,0.069,-92.793,-92.793
604,4,111,668.434,336.111,33001.068,2,177,626.075,94.243,NA,14.923,0.05,-113.962,-21.17
605,4,112,668.434,336.111,33301.077,2,170,626.075,94.243,NA,0,0,0,113.962
606,4,113,668.434,320.96,33601.087,2,138,641.227,108.65,NA,15.152,0.051,-90,-90
607,4,114,669.444,320.96,33901.097,2,144,642.237,108.946,NA,1.01,0.003,0,90
608,4,115,669.444,320.96,34201.106,2,104,642.237,108.946,NA,0,0,0,0
609,4,116,672.98,315.404,34501.116,2,203,648.822,115.313,NA,6.585,0.022,-57.529,-57.529
610,4,117,672.98,297.727,34801.126,2,4,666.498,132.228,NA,17.677,0.059,-90,-32.471
611,4,118,679.04,287.626,35101.135,2,111,678.278,143.627,NA,11.78,0.039,-59.036,30.964
612,4,119,679.04,278.535,35401.145,2,182,687.369,152.345,NA,9.091,0.03,-90,-30.964
613,4,120,690.657,268.939,35701.155,2,228,702.436,164.988,NA,15.067,0.05,-39.56,50.44
614,4,121,709.343,266.414,36001.165,2,232,721.293,174.257,NA,18.857,0.063,-7.696,31.864
615,4,122,719.444,265.404,36301.174,2,137,731.444,179.577,NA,10.151,0.034,-5.711,1.985
616,4,123,721.97,260.859,36601.184,2,165,736.644,184.775,NA,5.2,0.017,-60.945,-55.235
617,4,124,727.525,260.859,36901.194,2,255,742.2,187.391,NA,5.556,0.019,0,60.945
618,4,125,727.525,260.859,37201.203,2,228,742.2,187.391,NA,0,0,0,0
619,4,126,729.04,249.242,37501.213,2,255,753.914,198.343,NA,11.715,0.039,-82.569,-82.569
620,4,127,730.556,257.828,37801.223,2,191,762.633,191.511,NA,8.719,0.029,79.992,162.561
621,4,128,733.586,259.848,38101.232,2,178,766.275,191.26,NA,3.642,0.012,33.69,-46.302
622,4,129,733.081,269.949,38401.242,2,171,776.388,182.343,NA,10.114,0.034,92.862,59.172
623,4,130,733.081,269.949,38701.252,2,116,776.388,182.343,NA,0,0,0,-92.862
624,4,131,733.586,277.02,39001.262,2,254,783.477,176.645,NA,7.089,0.024,85.914,85.914
625,4,132,733.586,277.02,39301.271,2,255,783.477,176.645,NA,0,0,0,-85.914
626,4,133,744.697,277.02,39601.281,2,132,794.588,182.95,NA,11.111,0.037,0,0
627,4,134,749.747,277.02,39901.291,2,168,799.639,185.964,NA,5.051,0.017,0,0
628,4,135,749.747,277.02,40201.3,2,233,799.639,185.964,NA,0,0,0,0
629,4,136,753.283,273.99,40501.31,2,182,804.295,190.519,NA,4.656,0.016,-40.601,-40.601
630,4,137,763.384,262.879,40801.32,2,163,819.311,205.489,NA,15.016,0.05,-47.726,-7.125
631,4,138,764.899,258.838,41101.33,2,165,823.626,209.611,NA,4.315,0.014,-69.444,-21.718
632,4,139,764.899,255.808,41401.339,2,242,826.657,212.021,NA,3.03,0.01,-90,-20.556
633,4,140,761.364,254.293,41701.349,2,138,830.503,211.133,NA,3.846,0.013,-156.801,-66.801
634,4,141,765.909,251.768,42001.359,2,196,835.703,215.861,NA,5.2,0.017,-29.055,127.747
635,4,142,767.929,246.717,42301.368,2,156,841.142,221.123,NA,5.44,0.018,-68.199,-39.144
636,4,143,767.929,246.717,42601.378,2,161,841.142,221.123,NA,0,0,0,68.199
637,4,144,769.949,244.697,42901.388,2,127,843.999,223.948,NA,2.857,0.01,-45,-45
638,4,145,774.495,244.697,43201.397,2,109,848.545,226.673,NA,4.545,0.015,0,45
639,4,146,777.02,235.101,43501.407,2,161,858.468,235.867,NA,9.923,0.033,-75.256,-75.256
640,4,147,792.677,235.606,43801.417,2,82,874.132,245.087,NA,15.665,0.052,1.848,77.104
641,4,148,793.182,234.596,44101.427,2,82,875.262,246.188,NA,1.129,0.004,-63.435,-65.283
642,4,149,793.182,230.556,44401.436,2,62,879.302,249.326,NA,4.04,0.013,-90,-26.565
643,4,150,807.828,226.515,44701.446,2,65,894.495,261.796,NA,15.194,0.051,-15.422,74.578
644,4,151,807.828,226.515,45001.456,2,106,894.495,261.796,NA,0,0,0,15.422
645,4,152,807.828,226.515,45301.465,2,57,894.495,261.796,NA,0,0,0,0
646,4,153,808.838,208.838,45601.475,2,48,912.201,276.066,NA,17.706,0.059,-86.73,-86.73
647,4,154,811.869,207.323,45901.485,2,19,915.589,279.141,NA,3.388,0.011,-26.565,60.164
648,4,155,818.434,194.697,46201.495,2,18,929.82,293.111,NA,14.231,0.047,-62.526,-35.961
649,4,156,818.434,195.202,46501.504,2,49,930.325,292.714,NA,0.505,0.002,90,152.526
650,4,157,818.434,195.202,46801.514,2,37,930.325,292.714,NA,0,0,0,-90
651,4,158,818.434,195.202,47101.524,2,75,930.325,292.714,NA,0,0,0,0
652,4,159,818.434,195.202,47401.533,2,111,930.325,292.714,NA,0,0,0,0
653,4,160,818.434,195.202,47701.543,2,79,930.325,292.714,NA,0,0,0,0
654,4,161,819.949,197.222,48001.553,2,68,932.851,292.077,NA,2.525,0.008,53.13,53.13
655,4,162,819.949,197.222,48301.562,2,126,932.851,292.077,NA,0,0,0,-53.13
656,4,163,819.949,197.222,48601.572,2,150,932.851,292.077,NA,0,0,0,0
657,4,164,819.949,197.222,48901.582,2,107,932.851,292.077,NA,0,0,0,0
658,4,165,819.949,189.646,49201.592,2,11,940.426,298.023,NA,7.576,0.025,-90,-90
659,4,166,806.313,184.091,49501.601,2,18,955.151,294.386,NA,14.725,0.049,-157.834,-67.834
660,4,167,805.303,177.02,49801.611,2,44,962.294,299.632,NA,7.142,0.024,-98.13,59.704
661,4,168,811.364,164.899,50101.621,2,73,975.845,313.07,NA,13.552,0.045,-63.435,34.695
662,4,169,815.909,164.899,50401.63,2,95,980.391,315.623,NA,4.545,0.015,0,63.435
663,5,1,457.576,606.061,0,2,19,0,0,NA,NA,NA,NA,NA
664,5,2,450.758,605.303,300.01,2,18,6.86,6.86,NA,6.86,0.023,-173.66,NA
665,5,3,448.485,605.303,600.019,2,10,9.133,9.122,NA,2.273,0.008,180,-6.34
666,5,4,443.561,602.273,900.029,2,17,14.915,14.518,NA,5.782,0.019,-148.392,31.608
667,5,5,443.561,602.273,1200.039,2,41,14.915,14.518,NA,0,0,0,148.392
668,5,6,443.561,602.273,1500.049,2,35,14.915,14.518,NA,0,0,0,0
669,5,7,435.606,602.273,1800.058,2,14,22.869,22.294,NA,7.955,0.027,180,180
670,5,8,435.606,602.273,2100.068,2,31,22.869,22.294,NA,0,0,0,-180
671,5,9,435.606,602.273,2400.078,2,35,22.869,22.294,NA,0,0,0,0
672,5,10,435.606,600.758,2700.087,2,70,24.385,22.601,NA,1.515,0.005,-90,-90
673,5,11,435.606,598.864,3000.097,2,72,26.278,23.118,NA,1.894,0.006,-90,0
674,5,12,435.606,594.697,3300.107,2,25,30.445,24.735,NA,4.167,0.014,-90,0
675,5,13,435.606,594.697,3600.116,2,51,30.445,24.735,NA,0,0,0,90
676,5,14,435.606,594.697,3900.126,2,97,30.445,24.735,NA,0,0,0,0
677,5,15,432.576,592.803,4200.136,2,107,34.019,28.298,NA,3.573,0.012,-147.995,-147.995
678,5,16,432.576,592.803,4500.146,2,78,34.019,28.298,NA,0,0,0,147.995
679,5,17,423.485,596.212,4800.155,2,67,43.728,35.485,NA,9.709,0.032,159.444,159.444
680,5,18,420.076,596.212,5100.165,2,43,47.137,38.772,NA,3.409,0.011,180,20.556
681,5,19,416.667,599.621,5400.175,2,69,51.958,41.413,NA,4.821,0.016,135,-45
682,5,20,416.667,599.621,5700.184,2,66,51.958,41.413,NA,0,0,0,-135
683,5,21,406.818,599.621,6000.194,2,165,61.806,51.164,NA,9.848,0.033,180,180
684,5,22,406.818,599.621,6300.204,2,222,61.806,51.164,NA,0,0,0,-180
685,5,23,406.818,599.621,6600.214,2,111,61.806,51.164,NA,0,0,0,0
686,5,24,398.864,599.621,6900.223,2,68,69.761,59.064,NA,7.955,0.027,180,180
687,5,25,393.561,599.621,7200.233,2,88,75.064,64.338,NA,5.303,0.018,180,0
688,5,26,393.561,599.621,7500.243,2,79,75.064,64.338,NA,0,0,0,-180
689,5,27,382.197,604.545,7800.252,2,66,87.449,75.394,NA,12.385,0.041,156.571,156.571
690,5,28,379.167,602.273,8100.262,2,104,91.237,78.501,NA,3.788,0.013,-143.13,60.299
691,5,29,378.788,600.379,8400.272,2,68,93.168,78.992,NA,1.931,0.006,-101.31,41.82
692,5,30,378.788,600.379,8700.281,2,127,93.168,78.992,NA,0,0,0,101.31
693,5,31,378.788,598.864,9000.291,2,103,94.683,79.116,NA,1.515,0.005,-90,-90
694,5,32,367.803,598.485,9300.301,2,107,105.675,90.092,NA,10.991,0.037,-178.025,-88.025
695,5,33,365.909,594.318,9600.311,2,118,110.251,92.416,NA,4.577,0.015,-114.444,63.581
696,5,34,365.53,589.015,9900.32,2,78,115.568,93.61,NA,5.317,0.018,-94.086,20.358
697,5,35,365.53,589.015,10200.33,2,106,115.568,93.61,NA,0,0,0,94.086
698,5,36,368.561,589.015,10500.34,2,98,118.598,90.632,NA,3.03,0.01,0,0
699,5,37,368.561,589.015,10800.349,2,106,118.598,90.632,NA,0,0,0,0
700,5,38,368.561,589.015,11100.359,2,118,118.598,90.632,NA,0,0,0,0
701,5,39,368.939,589.015,11400.369,2,133,118.977,90.26,NA,0.379,0.001,0,0
702,5,40,370.076,589.015,11700.378,2,96,120.113,89.145,NA,1.136,0.004,0,0
703,5,41,370.076,586.742,12000.388,2,81,122.386,89.607,NA,2.273,0.008,-90,-90
704,5,42,375.379,585.985,12300.398,2,71,127.743,84.613,NA,5.357,0.018,-8.13,81.87
705,5,43,378.788,585.985,12600.408,2,106,131.152,81.305,NA,3.409,0.011,0,8.13
706,5,44,377.652,587.879,12900.417,2,54,133.361,81.966,NA,2.209,0.007,120.964,120.964
707,5,45,377.652,591.288,13200.427,2,168,136.77,81.278,NA,3.409,0.011,90,-30.964
708,5,46,370.833,591.288,13500.437,2,93,143.588,87.991,NA,6.818,0.023,180,90
709,5,47,367.803,589.015,13800.446,2,119,147.376,91.377,NA,3.788,0.013,-143.13,36.87
710,5,48,367.803,589.773,14100.456,2,139,148.134,91.238,NA,0.758,0.003,90,-126.87
711,5,49,362.879,593.182,14400.466,2,157,154.123,95.569,NA,5.989,0.02,145.305,55.305
712,5,50,362.879,600.379,14700.476,2,70,161.32,94.867,NA,7.197,0.024,90,-55.305
713,5,51,369.318,600.379,15000.485,2,54,167.759,88.44,NA,6.439,0.021,0,-90
714,5,52,369.318,608.712,15300.495,2,53,176.092,88.297,NA,8.333,0.028,90,90
715,5,53,380.682,617.424,15600.505,2,56,190.411,77.729,NA,14.319,0.048,37.476,-52.524
716,5,54,388.636,621.212,15900.514,2,55,199.222,70.585,NA,8.81,0.029,25.463,-12.013
717,5,55,389.773,620.076,16200.524,2,77,200.829,69.236,NA,1.607,0.005,-45,-70.463
718,5,56,388.636,612.879,16500.534,2,64,208.115,69.276,NA,7.286,0.024,-98.973,-53.973
719,5,57,391.667,612.5,16800.543,2,152,211.169,66.223,NA,3.054,0.01,-7.125,91.848
720,5,58,391.667,612.5,17100.553,2,189,211.169,66.223,NA,0,0,0,7.125
721,5,59,391.667,612.5,17400.563,2,198,211.169,66.223,NA,0,0,0,0
722,5,60,391.667,612.5,17700.573,2,174,211.169,66.223,NA,0,0,0,0
723,5,61,410.606,623.864,18000.582,2,56,233.256,50.23,NA,22.087,0.074,30.964,30.964
724,5,62,411.364,617.424,18300.592,2,106,239.74,47.589,NA,6.484,0.022,-83.29,-114.254
725,5,63,409.47,615.53,18600.602,2,81,242.418,49.029,NA,2.678,0.009,-135,-51.71
726,5,64,407.955,613.636,18900.611,2,115,244.843,50.196,NA,2.425,0.008,-128.66,6.34
727,5,65,407.955,613.636,19200.621,2,91,244.843,50.196,NA,0,0,0,128.66
728,5,66,410.985,612.879,19500.631,2,62,247.967,47.087,NA,3.124,0.01,-14.036,-14.036
729,5,67,412.879,609.848,19800.641,2,142,251.541,44.857,NA,3.573,0.012,-57.995,-43.958
730,5,68,417.045,604.924,20100.65,2,95,257.991,40.546,NA,6.451,0.022,-49.764,8.231
731,5,69,416.667,604.924,20400.66,2,76,258.37,40.925,NA,0.379,0.001,180,-130.236
732,5,70,419.697,600.379,20700.67,2,79,263.833,38.303,NA,5.463,0.018,-56.31,123.69
733,5,71,420.833,599.621,21000.679,2,68,265.199,37.302,NA,1.366,0.005,-33.69,22.62
734,5,72,420.833,597.727,21300.689,2,140,267.092,37.676,NA,1.894,0.006,-90,-56.31
735,5,73,420.833,597.727,21600.699,2,76,267.092,37.676,NA,0,0,0,90
736,5,74,421.97,593.561,21900.708,2,83,271.411,37.736,NA,4.319,0.014,-74.745,-74.745
737,5,75,421.97,587.5,22200.718,2,64,277.472,40.153,NA,6.061,0.02,-90,-15.255
738,5,76,421.97,587.5,22500.728,2,71,277.472,40.153,NA,0,0,0,90
739,5,77,421.97,587.5,22800.738,2,90,277.472,40.153,NA,0,0,0,0
740,5,78,415.909,589.015,23100.747,2,118,283.719,45.018,NA,6.247,0.021,165.964,165.964
741,5,79,415.909,589.015,23400.757,2,92,283.719,45.018,NA,0,0,0,-165.964
742,5,80,415.909,589.015,23700.767,2,74,283.719,45.018,NA,0,0,0,0
743,5,81,415.909,594.318,24000.776,2,46,289.022,43.29,NA,5.303,0.018,90,90
744,5,82,415.909,595.455,24300.786,2,77,290.158,42.995,NA,1.136,0.004,90,0
745,5,83,410.227,595.455,24600.796,2,111,295.84,48.522,NA,5.682,0.019,180,90
746,5,84,410.227,590.152,24900.805,2,78,301.143,49.95,NA,5.303,0.018,-90,90
747,5,85,411.364,585.606,25200.815,2,94,305.829,50.537,NA,4.685,0.016,-75.964,14.036
748,5,86,407.576,585.606,25500.825,2,111,309.617,54.022,NA,3.788,0.013,180,-104.036
749,5,87,407.576,585.606,25800.835,2,98,309.617,54.022,NA,0,0,0,-180
750,5,88,407.576,579.167,26100.844,2,101,316.056,56.774,NA,6.439,0.021,-90,-90
751,5,89,407.197,575,26400.854,2,70,320.24,59.184,NA,4.184,0.014,-95.194,-5.194
752,5,90,407.197,571.212,26700.864,2,67,324.028,61.257,NA,3.788,0.013,-90,5.194
753,5,91,407.197,567.803,27000.873,2,153,327.437,63.259,NA,3.409,0.011,-90,0
754,5,92,407.197,567.803,27300.883,2,159,327.437,63.259,NA,0,0,0,90
755,5,93,407.197,557.576,27600.893,2,113,337.664,69.92,NA,10.227,0.034,-90,-90
756,5,94,403.409,550.758,27900.903,2,100,345.464,77.411,NA,7.8,0.026,-119.055,-29.055
757,5,95,403.409,550.758,28200.912,2,242,345.464,77.411,NA,0,0,0,119.055
758,5,96,400,550.379,28500.922,2,255,348.894,80.096,NA,3.43,0.011,-173.66,-173.66
759,5,97,400,550.379,28800.932,2,117,348.894,80.096,NA,0,0,0,173.66
760,5,98,396.591,550,29100.941,2,73,352.324,82.837,NA,3.43,0.011,-173.66,-173.66
761,5,99,390.152,548.864,29400.951,2,92,358.863,88.417,NA,6.539,0.022,-169.992,3.668
762,5,100,377.273,533.712,29700.961,2,93,378.748,108.087,NA,19.885,0.066,-130.365,39.627
763,5,101,370.455,532.955,30000.97,2,71,385.608,113.73,NA,6.86,0.023,-173.66,-43.295
764,5,102,370.455,534.091,30300.98,2,124,386.745,113.003,NA,1.136,0.004,90,-96.34
765,5,103,368.939,533.712,30600.99,2,83,388.307,114.415,NA,1.562,0.005,-165.964,104.036
766,5,104,368.939,529.545,30901,2,91,392.473,117.094,NA,4.167,0.014,-90,75.964
767,5,105,366.667,521.212,31201.009,2,88,401.111,124.353,NA,8.638,0.029,-105.255,-15.255
768,5,106,366.667,521.212,31501.019,2,36,401.111,124.353,NA,0,0,0,105.255
769,5,107,346.591,523.106,31801.029,2,122,421.276,138.561,NA,20.165,0.067,174.611,174.611
770,5,108,331.818,523.485,32101.038,2,137,436.053,150.445,NA,14.778,0.049,178.531,3.921
771,5,109,331.818,523.485,32401.048,2,94,436.053,150.445,NA,0,0,0,-178.531
772,5,110,331.439,529.924,32701.058,2,93,442.504,147.333,NA,6.451,0.022,93.366,93.366
773,5,111,331.439,529.924,33001.068,2,56,442.504,147.333,NA,0,0,0,-93.366
774,5,112,323.106,534.091,33301.077,2,201,451.821,152.518,NA,9.317,0.031,153.435,153.435
775,5,113,323.106,534.091,33601.087,2,143,451.821,152.518,NA,0,0,0,-153.435
776,5,114,323.106,534.091,33901.097,2,136,451.821,152.518,NA,0,0,0,0
777,5,115,325,525.379,34201.106,2,103,460.736,155.196,NA,8.916,0.03,-77.735,-77.735
778,5,116,331.818,526.894,34501.116,2,153,467.721,148.601,NA,6.985,0.023,12.529,90.264
779,5,117,331.439,521.97,34801.126,2,136,472.66,151.597,NA,4.939,0.016,-94.399,-106.928
780,5,118,331.439,520.455,35101.135,2,224,474.175,152.443,NA,1.515,0.005,-90,4.399
781,5,119,331.439,509.47,35401.145,2,83,485.16,158.872,NA,10.985,0.037,-90,0
782,5,120,331.439,509.47,35701.155,2,100,485.16,158.872,NA,0,0,0,90
783,5,121,324.621,508.712,36001.165,2,193,492.02,164.784,NA,6.86,0.023,-173.66,-173.66
784,5,122,324.621,508.712,36301.174,2,171,492.02,164.784,NA,0,0,0,173.66
785,5,123,315.152,498.864,36601.184,2,193,505.683,178.258,NA,13.663,0.046,-133.877,-133.877
786,5,124,307.576,493.182,36901.194,2,203,515.152,187.728,NA,9.47,0.032,-143.13,-9.253
787,5,125,292.424,476.136,37201.203,2,106,537.958,210.132,NA,22.806,0.076,-131.634,11.497
788,5,126,278.788,468.561,37501.213,2,165,553.558,225.547,NA,15.599,0.052,-150.945,-19.312
789,5,127,278.409,468.182,37801.223,2,130,554.093,226.078,NA,0.536,0.002,-135,15.945
790,5,128,272.727,467.803,38101.232,2,200,559.788,230.834,NA,5.694,0.019,-176.186,-41.186
791,5,129,272.727,458.333,38401.242,2,195,569.258,236.627,NA,9.47,0.032,-90,86.186
792,5,130,266.667,461.364,38701.252,2,80,576.033,239.549,NA,6.776,0.023,153.435,-116.565
793,5,131,260.985,467.045,39001.262,2,82,584.069,240.776,NA,8.035,0.027,135,-18.435
794,5,132,249.242,473.485,39301.271,2,117,597.461,246.939,NA,13.392,0.045,151.26,16.26
795,5,133,242.424,473.485,39601.281,2,234,604.279,252.718,NA,6.818,0.023,180,28.74
796,5,134,234.091,473.485,39901.291,2,167,612.612,259.85,NA,8.333,0.028,180,0
797,5,135,234.091,473.485,40201.3,2,52,612.612,259.85,NA,0,0,0,-180
798,5,136,248.106,469.697,40501.31,2,71,627.13,249.945,NA,14.518,0.048,-15.124,-15.124
799,5,137,250.379,462.121,40801.32,2,88,635.04,252.288,NA,7.909,0.026,-73.301,-58.177
800,5,138,255.682,459.091,41101.33,2,62,641.148,249.722,NA,6.108,0.02,-29.745,43.556
801,5,139,259.091,459.091,41401.339,2,115,644.557,246.974,NA,3.409,0.011,0,29.745
802,5,140,254.545,456.439,41701.349,2,141,649.819,252.206,NA,5.262,0.018,-149.744,-149.744
803,5,141,253.409,453.409,42001.359,2,96,653.055,254.925,NA,3.236,0.011,-110.556,39.188
804,5,142,264.394,453.409,42301.368,2,36,664.04,246.215,NA,10.985,0.037,0,110.556
805,5,143,262.879,458.333,42601.378,2,63,669.192,244.398,NA,5.152,0.017,107.103,107.103
806,5,144,255.682,458.333,42901.388,2,73,676.389,250.169,NA,7.197,0.024,180,72.897
807,5,145,255.682,458.333,43201.397,2,124,676.389,250.169,NA,0,0,0,-180
808,5,146,255.682,458.333,43501.407,2,130,676.389,250.169,NA,0,0,0,0
809,5,147,262.121,458.333,43801.417,2,105,682.829,245.002,NA,6.439,0.021,0,0
810,5,148,262.121,458.333,44101.427,2,81,682.829,245.002,NA,0,0,0,0
811,5,149,262.121,458.333,44401.436,2,84,682.829,245.002,NA,0,0,0,0
812,5,150,251.136,457.955,44701.446,2,82,693.82,254.072,NA,10.991,0.037,-178.025,-178.025
813,5,151,243.561,454.167,45001.456,2,102,702.29,262.439,NA,8.47,0.028,-153.435,24.59
814,5,152,246.97,457.197,45301.465,2,156,706.851,257.906,NA,4.561,0.015,41.634,-164.932
815,5,153,250.758,463.258,45601.475,2,111,713.998,251.329,NA,7.147,0.024,57.995,16.361
816,5,154,250.758,466.667,45901.485,2,98,717.407,249.408,NA,3.409,0.011,90,32.005
817,5,155,248.106,459.47,46201.495,2,132,725.077,255.669,NA,7.67,0.026,-110.225,159.775
818,5,156,239.015,459.091,46501.504,2,104,734.176,263.38,NA,9.099,0.03,-177.614,-67.389
819,5,157,239.015,459.091,46801.514,2,80,734.176,263.38,NA,0,0,0,177.614
820,5,158,233.333,458.712,47101.524,2,122,739.87,268.321,NA,5.694,0.019,-176.186,-176.186
821,5,159,221.591,450,47401.533,2,159,754.492,282.92,NA,14.621,0.049,-143.427,32.759
822,5,160,214.773,447.727,47701.543,2,148,761.679,289.867,NA,7.187,0.024,-161.565,-18.138
823,5,161,204.545,446.591,48001.553,2,195,771.969,299.09,NA,10.29,0.034,-173.66,-12.095
824,5,162,197.348,442.045,48301.562,2,92,780.481,307.602,NA,8.512,0.028,-147.724,25.935
825,5,163,197.348,442.045,48601.572,2,101,780.481,307.602,NA,0,0,0,147.724
826,5,164,183.333,438.258,48901.582,2,9,794.999,321.507,NA,14.518,0.048,-164.876,-164.876
827,5,165,143.939,433.712,49201.592,2,67,834.654,357.871,NA,39.655,0.132,-173.418,-8.542
828,5,166,130.682,435.227,49501.601,2,143,847.998,368.841,NA,13.344,0.044,173.48,-13.102
829,6,1,808.712,480.682,11700.378,2,21,0,0,NA,NA,NA,NA,NA
830,6,2,808.712,476.894,12000.388,2,18,3.788,3.788,NA,3.788,0.013,-90,NA
831,6,3,808.712,476.894,12300.398,2,18,3.788,3.788,NA,0,0,0,90
832,6,4,808.712,476.894,12600.408,2,44,3.788,3.788,NA,0,0,0,0
833,6,5,809.47,475.758,12900.417,2,62,5.154,4.982,NA,1.366,0.005,-56.31,-56.31
834,6,6,812.121,475.758,13200.427,2,39,7.805,5.989,NA,2.652,0.009,0,56.31
835,6,7,812.5,474.242,13500.437,2,21,9.367,7.471,NA,1.562,0.005,-75.964,-75.964
836,6,8,814.015,469.697,13800.446,2,52,14.158,12.198,NA,4.791,0.016,-71.565,4.399
837,6,9,814.015,469.697,14100.456,2,16,14.158,12.198,NA,0,0,0,71.565
838,6,10,805.682,469.318,14400.466,2,51,22.5,11.761,NA,8.342,0.028,-177.397,-177.397
839,6,11,805.682,469.318,14700.476,2,34,22.5,11.761,NA,0,0,0,177.397
840,6,12,806.439,470.076,15000.485,2,85,23.572,10.847,NA,1.071,0.004,45,45
841,6,13,808.333,470.076,15300.495,2,81,25.465,10.613,NA,1.894,0.006,0,-45
842,6,14,815.152,465.152,15600.505,2,45,33.876,16.812,NA,8.41,0.028,-35.838,-35.838
843,6,15,815.152,465.152,15900.514,2,35,33.876,16.812,NA,0,0,0,35.838
844,6,16,815.152,469.318,16200.524,2,53,38.043,13.061,NA,4.167,0.014,90,90
845,6,17,810.985,469.318,16500.534,2,59,42.209,11.589,NA,4.167,0.014,180,90
846,6,18,810.985,469.318,16800.543,2,111,42.209,11.589,NA,0,0,0,-180
847,6,19,804.167,470.455,17100.553,2,106,49.122,11.192,NA,6.912,0.023,170.538,170.538
848,6,20,795.076,470.833,17400.563,2,93,58.22,16.821,NA,9.099,0.03,177.614,7.076
849,6,21,793.939,477.652,17700.573,2,105,65.133,15.08,NA,6.912,0.023,99.462,-78.152
850,6,22,790.53,486.364,18000.582,2,57,74.488,19.049,NA,9.355,0.031,111.371,11.908
851,6,23,785.606,491.667,18300.592,2,25,81.725,25.584,NA,7.237,0.024,132.879,21.508
852,6,24,785.606,491.667,18600.602,2,152,81.725,25.584,NA,0,0,0,-132.879
853,6,25,779.545,496.97,18900.611,2,78,89.778,33.406,NA,8.053,0.027,138.814,138.814
854,6,26,779.545,498.106,19200.621,2,75,90.914,33.975,NA,1.136,0.004,90,-48.814
855,6,27,780.682,498.106,19500.631,2,54,92.051,33.005,NA,1.136,0.004,0,-90
856,6,28,784.091,498.106,19800.641,2,80,95.46,30.163,NA,3.409,0.011,0,0
857,6,29,784.091,498.106,20100.65,2,172,95.46,30.163,NA,0,0,0,0
858,6,30,784.091,498.106,20400.66,2,53,95.46,30.163,NA,0,0,0,0
859,6,31,784.091,498.106,20700.67,2,73,95.46,30.163,NA,0,0,0,0
860,6,32,784.091,501.515,21000.679,2,82,98.869,32.253,NA,3.409,0.011,90,90
861,6,33,784.091,501.515,21300.689,2,128,98.869,32.253,NA,0,0,0,-90
862,6,34,784.091,501.515,21600.699,2,72,98.869,32.253,NA,0,0,0,0
863,6,35,782.197,501.515,21900.708,2,55,100.763,33.721,NA,1.894,0.006,180,180
864,6,36,784.091,498.864,22200.718,2,81,104.021,30.607,NA,3.258,0.011,-54.462,125.538
865,6,37,785.985,498.864,22500.728,2,67,105.915,29.105,NA,1.894,0.006,0,54.462
866,6,38,786.742,500.379,22800.738,2,103,107.609,29.507,NA,1.694,0.006,63.435,63.435
867,6,39,791.288,505.303,23100.747,2,111,114.31,30.163,NA,6.701,0.022,47.291,-16.144
868,6,40,791.288,505.303,23400.757,2,97,114.31,30.163,NA,0,0,0,-47.291
869,6,41,791.288,499.621,23700.767,2,48,119.992,25.735,NA,5.682,0.019,-90,-90
870,6,42,792.803,491.667,24000.776,2,67,128.09,19.333,NA,8.098,0.027,-79.216,10.784
871,6,43,798.864,491.667,24300.786,2,114,134.15,14.753,NA,6.061,0.02,0,79.216
872,6,44,798.864,491.667,24600.796,2,79,134.15,14.753,NA,0,0,0,0
873,6,45,805.682,498.864,24900.805,2,112,144.064,18.433,NA,9.914,0.033,46.548,46.548
874,6,46,805.682,498.864,25200.815,2,63,144.064,18.433,NA,0,0,0,-46.548
875,6,47,803.788,500.758,25500.825,2,86,146.743,20.671,NA,2.678,0.009,135,135
876,6,48,803.409,503.788,25800.835,2,68,149.797,23.707,NA,3.054,0.01,97.125,-37.875
877,6,49,803.409,498.485,26100.844,2,95,155.1,18.576,NA,5.303,0.018,-90,172.875
878,6,50,801.136,498.485,26400.854,2,53,157.372,19.348,NA,2.273,0.008,180,-90
879,6,51,803.409,497.727,26700.864,2,101,159.768,17.851,NA,2.396,0.008,-18.435,161.565
880,6,52,807.197,490.53,27000.873,2,123,167.901,9.964,NA,8.133,0.027,-62.241,-43.807
881,6,53,808.712,488.258,27300.883,2,36,170.632,7.576,NA,2.731,0.009,-56.31,5.932
882,6,54,808.712,488.258,27600.893,2,97,170.632,7.576,NA,0,0,0,56.31
883,6,55,808.712,488.258,27900.903,2,92,170.632,7.576,NA,0,0,0,0
884,6,56,812.879,490.152,28200.912,2,35,175.209,10.346,NA,4.577,0.015,24.444,24.444
885,6,57,812.879,490.152,28500.922,2,81,175.209,10.346,NA,0,0,0,-24.444
886,6,58,808.333,490.152,28800.932,2,58,179.755,9.477,NA,4.545,0.015,180,180
887,6,59,809.091,492.424,29100.941,2,87,182.15,11.749,NA,2.396,0.008,71.565,-108.435
888,6,60,809.091,492.424,29400.951,2,58,182.15,11.749,NA,0,0,0,-71.565
889,6,61,809.091,492.424,29700.961,2,127,182.15,11.749,NA,0,0,0,0
890,6,62,809.091,483.712,30000.97,2,56,190.863,3.054,NA,8.712,0.029,-90,-90
891,6,63,809.091,483.712,30300.98,2,70,190.863,3.054,NA,0,0,0,90
892,6,64,809.091,483.712,30600.99,2,86,190.863,3.054,NA,0,0,0,0
893,6,65,809.091,483.712,30901,2,127,190.863,3.054,NA,0,0,0,0
894,6,66,809.47,481.818,31201.009,2,68,192.794,1.366,NA,1.931,0.006,-78.69,-78.69
895,6,67,809.848,473.864,31501.019,2,63,200.758,6.912,NA,7.964,0.027,-87.274,-8.584
896,6,68,811.364,461.742,31801.029,2,140,212.973,19.124,NA,12.216,0.041,-82.875,4.399
897,6,69,816.667,461.364,32101.038,2,43,218.29,20.892,NA,5.317,0.018,-4.086,78.789
898,6,70,818.182,454.924,32401.048,2,164,224.905,27.443,NA,6.615,0.022,-76.759,-72.674
899,6,71,818.182,460.606,32701.058,2,121,230.587,22.197,NA,5.682,0.019,90,166.759
900,6,72,815.53,462.5,33001.068,2,151,233.845,19.418,NA,3.258,0.011,144.462,54.462
901,6,73,820.833,459.47,33301.077,2,52,239.953,24.431,NA,6.108,0.02,-29.745,-174.207
902,6,74,820.833,460.227,33601.087,2,101,240.711,23.776,NA,0.758,0.003,90,119.745
903,6,75,820.833,460.227,33901.097,2,101,240.711,23.776,NA,0,0,0,-90
904,6,76,820.833,460.227,34201.106,2,104,240.711,23.776,NA,0,0,0,0
905,6,77,820.833,452.652,34501.116,2,160,248.286,30.539,NA,7.576,0.025,-90,-90
906,6,78,824.242,449.621,34801.126,2,173,252.847,34.727,NA,4.561,0.015,-41.634,48.366
907,6,79,828.03,449.621,35101.135,2,121,256.635,36.578,NA,3.788,0.013,0,41.634
908,6,80,828.03,441.288,35401.145,2,170,264.969,43.876,NA,8.333,0.028,-90,-90
909,6,81,828.03,441.288,35701.155,2,82,264.969,43.876,NA,0,0,0,90
910,6,82,829.545,431.439,36001.165,2,140,274.933,53.468,NA,9.964,0.033,-81.254,-81.254
911,6,83,833.333,426.515,36301.174,2,141,281.146,59.5,NA,6.213,0.021,-52.431,28.822
912,6,84,833.333,417.045,36601.184,2,97,290.615,68.233,NA,9.47,0.032,-90,-37.569
913,6,85,841.288,414.773,36901.194,2,146,298.888,73.52,NA,8.273,0.028,-15.945,74.055
914,6,86,841.288,410.985,37201.203,2,101,302.676,76.934,NA,3.788,0.013,-90,-74.055
915,6,87,845.455,407.197,37501.213,2,96,308.307,82.159,NA,5.631,0.019,-42.274,47.726
916,6,88,849.242,401.136,37801.223,2,107,315.454,89.276,NA,7.147,0.024,-57.995,-15.721
917,6,89,849.242,401.136,38101.232,2,142,315.454,89.276,NA,0,0,0,57.995
918,6,90,850,394.318,38401.242,2,120,322.314,95.725,NA,6.86,0.023,-83.66,-83.66
919,6,91,850.379,390.152,38701.252,2,54,326.498,99.659,NA,4.184,0.014,-84.806,-1.146
920,6,92,859.091,384.848,39001.262,2,59,336.697,108.268,NA,10.199,0.034,-31.329,53.477
921,6,93,862.879,378.409,39301.271,2,96,344.168,115.731,NA,7.471,0.025,-59.534,-28.206
922,6,94,862.879,378.409,39601.281,2,68,344.168,115.731,NA,0,0,0,59.534
923,6,95,862.879,368.182,39901.291,2,56,354.395,124.861,NA,10.227,0.034,-90,-90
924,6,96,858.333,356.061,40201.3,2,40,367.341,134.137,NA,12.945,0.043,-110.556,-20.556
925,6,97,860.606,346.97,40501.31,2,45,376.712,143.429,NA,9.371,0.031,-75.964,34.592
926,6,98,860.606,346.97,40801.32,2,46,376.712,143.429,NA,0,0,0,75.964
927,6,99,860.606,339.394,41101.33,2,35,384.287,150.517,NA,7.576,0.025,-90,-90
928,6,100,860.606,328.409,41401.339,2,59,395.272,160.873,NA,10.985,0.037,-90,0
929,6,101,860.606,321.591,41701.349,2,38,402.09,167.341,NA,6.818,0.023,-90,0
930,6,102,875.379,314.394,42001.359,2,36,418.523,179.154,NA,16.433,0.055,-25.974,64.026
931,6,103,875,300.758,42301.368,2,25,432.165,191.747,NA,13.642,0.045,-91.591,-65.617
932,6,104,885.985,271.591,42601.378,2,9,463.331,222.913,NA,31.167,0.104,-69.362,22.229
933,6,105,890.909,251.136,42901.388,2,8,484.37,243.818,NA,21.039,0.07,-76.464,-7.102
934,6,106,893.182,239.394,43201.397,2,17,496.331,255.646,NA,11.96,0.04,-79.046,-2.582
935,6,107,915.152,242.045,43501.407,2,2,518.46,261.298,NA,22.129,0.074,6.882,85.928
936,6,108,914.015,235.985,43801.417,2,9,524.626,266.393,NA,6.166,0.021,-100.62,-107.501
937,6,109,914.015,235.606,44101.427,2,6,525.005,266.741,NA,0.379,0.001,-90,10.62
938,6,110,925.379,235.606,44401.436,2,23,536.368,271.428,NA,11.364,0.038,0,90
939,6,111,920.455,235.985,44701.446,2,2,541.307,269.004,NA,4.939,0.016,175.601,175.601
940,6,112,920.455,235.985,45001.456,2,2,541.307,269.004,NA,0,0,0,-175.601
941,7,1,1094.697,746.717,15600.505,2,18,0,0,NA,NA,NA,NA,NA
942,7,2,1094.697,742.172,15900.514,2,48,4.545,4.545,NA,4.545,0.015,-90,NA
943,7,3,1097.727,742.172,16200.524,2,38,7.576,5.463,NA,3.03,0.01,0,90
944,7,4,1100.253,741.162,16500.534,2,12,10.296,7.857,NA,2.72,0.009,-21.801,-21.801
945,7,5,1100.253,735.606,16800.543,2,54,15.851,12.423,NA,5.556,0.019,-90,-68.199
946,7,6,1100.253,726.515,17100.553,2,70,24.942,20.952,NA,9.091,0.03,-90,0
947,7,7,1100.253,726.515,17400.563,2,136,24.942,20.952,NA,0,0,0,90
948,7,8,1100.253,726.515,17700.573,2,64,24.942,20.952,NA,0,0,0,0
949,7,9,1105.303,724.495,18000.582,2,153,30.382,24.623,NA,5.44,0.018,-21.801,-21.801
950,7,10,1105.303,717.424,18300.592,2,100,37.452,31.154,NA,7.071,0.024,-90,-68.199
951,7,11,1105.303,717.424,18600.602,2,92,37.452,31.154,NA,0,0,0,90
952,7,12,1105.303,717.424,18900.611,2,184,37.452,31.154,NA,0,0,0,0
953,7,13,1105.303,717.424,19200.621,2,102,37.452,31.154,NA,0,0,0,0
954,7,14,1105.303,708.838,19500.631,2,177,46.038,39.336,NA,8.586,0.029,-90,-90
955,7,15,1105.303,699.242,19800.641,2,119,55.634,48.645,NA,9.596,0.032,-90,0
956,7,16,1105.303,685.606,20100.65,2,145,69.27,62.025,NA,13.636,0.045,-90,0
957,7,17,1106.313,681.566,20400.66,2,147,73.435,66.179,NA,4.165,0.014,-75.964,14.036
958,7,18,1106.313,671.465,20700.67,2,45,83.536,76.144,NA,10.101,0.034,-90,-14.036
959,7,19,1106.818,658.838,21000.679,2,36,96.173,88.711,NA,12.636,0.042,-87.709,2.291
960,7,20,1112.879,652.778,21300.689,2,43,104.744,95.683,NA,8.571,0.029,-45,42.709
961,7,21,1122.98,642.172,21600.699,2,132,119.39,108.304,NA,14.646,0.049,-46.397,-1.397
962,7,22,1122.98,642.172,21900.708,2,110,119.39,108.304,NA,0,0,0,46.397
963,7,23,1129.545,628.535,22200.718,2,82,134.525,123.213,NA,15.135,0.05,-64.29,-64.29
964,7,24,1135.101,617.424,22500.728,2,36,146.947,135.459,NA,12.423,0.041,-63.435,0.855
965,7,25,1135.101,619.444,22800.738,2,99,148.968,133.532,NA,2.02,0.007,90,153.435
966,7,26,1138.636,615.404,23100.747,2,107,154.336,138.47,NA,5.369,0.018,-48.814,-138.814
967,7,27,1146.717,612.879,23400.757,2,91,162.802,143.593,NA,8.466,0.028,-17.354,31.46
968,7,28,1160.859,596.212,23700.767,2,103,184.66,164.405,NA,21.858,0.073,-49.686,-32.332
969,7,29,1164.899,591.667,24000.776,2,127,190.742,170.203,NA,6.082,0.02,-48.366,1.319
970,7,30,1164.899,591.667,24300.786,2,101,190.742,170.203,NA,0,0,0,48.366
971,7,31,1171.97,586.111,24600.796,2,138,199.734,178.228,NA,8.992,0.03,-38.157,-38.157
972,7,32,1177.525,578.03,24900.805,2,126,209.54,187.925,NA,9.806,0.033,-55.491,-17.334
973,7,33,1183.081,567.424,25200.815,2,150,221.513,199.894,NA,11.973,0.04,-62.354,-6.863
974,7,34,1182.576,560.859,25500.825,2,152,228.098,205.587,NA,6.585,0.022,-94.399,-32.045
975,7,35,1182.576,560.859,25800.835,2,130,228.098,205.587,NA,0,0,0,94.399
976,7,36,1175.505,557.323,26100.844,2,132,236.004,205.913,NA,7.905,0.026,-153.435,-153.435
977,7,37,1176.01,556.313,26400.854,2,134,237.133,207.04,NA,1.129,0.004,-63.435,90
978,7,38,1185.606,544.192,26700.864,2,203,252.593,221.993,NA,15.46,0.052,-51.633,11.802
979,7,39,1184.091,534.596,27000.873,2,223,262.308,230.188,NA,9.715,0.032,-98.973,-47.34
980,7,40,1184.091,529.04,27300.883,2,212,267.863,235.318,NA,5.556,0.019,-90,8.973
981,7,41,1184.091,522.98,27600.893,2,108,273.924,240.935,NA,6.061,0.02,-90,0
982,7,42,1190.657,512.374,27900.903,2,104,286.398,253.229,NA,12.474,0.042,-58.241,31.759
983,7,43,1190.657,503.283,28200.912,2,95,295.488,261.665,NA,9.091,0.03,-90,-31.759
984,7,44,1190.657,503.283,28500.922,2,42,295.488,261.665,NA,0,0,0,90
985,7,45,1185.101,505.808,28800.932,2,55,301.591,257.313,NA,6.103,0.02,155.556,155.556
986,7,46,1184.596,502.273,29100.941,2,55,305.162,260.451,NA,3.571,0.012,-98.13,106.314
987,7,47,1184.596,502.273,29400.951,2,83,305.162,260.451,NA,0,0,0,98.13
988,7,48,1173.99,502.273,29700.961,2,84,315.768,256.983,NA,10.606,0.035,180,180
989,7,49,1173.485,497.222,30000.97,2,71,320.844,261.64,NA,5.076,0.017,-95.711,84.289
990,7,50,1164.899,500.253,30300.98,2,68,329.949,256.268,NA,9.105,0.03,160.56,-103.729
991,7,51,1164.899,500.253,30600.99,2,93,329.949,256.268,NA,0,0,0,-160.56
992,7,52,1164.899,500.253,30901,2,117,329.949,256.268,NA,0,0,0,0
993,7,53,1162.879,500.253,31201.009,2,76,331.969,255.722,NA,2.02,0.007,180,180
994,7,54,1153.283,486.616,31501.019,2,57,348.643,266.617,NA,16.674,0.056,-125.134,54.866
995,7,55,1139.646,482.071,31801.029,2,71,363.017,268.437,NA,14.374,0.048,-161.565,-36.431
996,7,56,1131.061,481.061,32101.038,2,81,371.662,268.134,NA,8.645,0.029,-173.29,-11.725
997,7,57,1123.485,481.061,32401.048,2,43,379.238,267.212,NA,7.576,0.025,180,-6.71
998,7,58,1122.98,481.061,32701.058,2,49,379.743,267.158,NA,0.505,0.002,180,0
999,7,59,1115.909,480.556,33001.068,2,41,386.832,267.006,NA,7.089,0.024,-175.914,4.086
1000,7,60,1115.909,480.556,33301.077,2,27,386.832,267.006,NA,0,0,0,175.914
1001,7,61,1107.323,470.96,33601.087,2,40,399.708,276.046,NA,12.876,0.043,-131.82,-131.82
1002,7,62,1094.192,452.778,33901.097,2,10,422.136,293.94,NA,22.428,0.075,-125.838,5.983
1003,7,63,1094.192,448.232,34201.106,2,38,426.682,298.485,NA,4.545,0.015,-90,35.838
1004,7,64,1092.172,443.182,34501.116,2,102,432.121,303.546,NA,5.44,0.018,-111.801,-21.801
1005,7,65,1089.646,436.616,34801.126,2,44,439.156,310.142,NA,7.035,0.023,-111.038,0.764
1006,7,66,1089.646,436.111,35101.135,2,33,439.661,310.647,NA,0.505,0.002,-90,21.038
1007,7,67,1090.657,436.616,35401.145,2,72,440.79,310.127,NA,1.129,0.004,26.565,116.565
1008,7,68,1090.657,436.616,35701.155,2,2,440.79,310.127,NA,0,0,0,-26.565
1009,7,69,1106.313,435.606,36001.165,2,9,456.479,311.328,NA,15.689,0.052,-3.691,-3.691
1010,8,1,552.273,1005.808,7500.243,2,114,0,0,NA,NA,NA,NA,NA
1011,8,2,558.838,995.707,7800.252,2,66,12.047,12.047,NA,12.047,0.04,-56.976,NA
1012,8,3,558.838,995.707,8100.262,2,143,12.047,12.047,NA,0,0,0,56.976
1013,8,4,559.848,989.141,8400.272,2,72,18.69,18.308,NA,6.643,0.022,-81.254,-81.254
1014,8,5,561.364,990.152,8700.281,2,91,20.511,18.104,NA,1.821,0.006,33.69,114.944
1015,8,6,553.283,994.697,9000.291,2,71,29.783,11.157,NA,9.271,0.031,150.642,116.952
1016,8,7,550.758,996.717,9300.301,2,134,33.017,9.216,NA,3.234,0.011,141.34,-9.302
1017,8,8,548.232,999.747,9600.311,2,157,36.961,7.284,NA,3.945,0.013,129.806,-11.535
1018,8,9,545.202,1004.798,9900.32,2,82,42.851,7.142,NA,5.89,0.02,120.964,-8.842
1019,8,10,545.202,1004.798,10200.33,2,80,42.851,7.142,NA,0,0,0,-120.964
1020,8,11,545.202,1013.889,10500.34,2,137,51.942,10.738,NA,9.091,0.03,90,90
1021,8,12,545.202,1013.889,10800.349,2,139,51.942,10.738,NA,0,0,0,-90
1022,8,13,545.202,1013.889,11100.359,2,40,51.942,10.738,NA,0,0,0,0
1023,8,14,560.354,1013.889,11400.369,2,81,67.093,11.428,NA,15.152,0.051,0,0
1024,8,15,566.919,1013.889,11700.378,2,107,73.659,16.728,NA,6.566,0.022,0,0
1025,8,16,571.465,1026.515,12000.388,2,151,87.079,28.233,NA,13.42,0.045,70.201,70.201
1026,8,17,571.465,1030.051,12300.398,2,232,90.614,30.92,NA,3.535,0.012,90,19.799
1027,8,18,567.929,1034.596,12600.408,2,222,96.372,32.77,NA,5.758,0.019,127.875,37.875
1028,8,19,564.899,1038.131,12900.417,2,170,101.029,34.702,NA,4.656,0.016,130.601,2.726
1029,8,20,564.899,1041.667,13200.427,2,245,104.564,38.017,NA,3.535,0.012,90,-40.601
1030,8,21,564.899,1041.667,13500.437,2,212,104.564,38.017,NA,0,0,0,-90
1031,8,22,564.899,1044.192,13800.446,2,178,107.089,40.407,NA,2.525,0.008,90,90
1032,8,23,558.333,1046.212,14100.456,2,111,113.959,40.856,NA,6.869,0.023,162.897,72.897
1033,8,24,551.768,1046.212,14400.466,2,145,120.524,40.407,NA,6.566,0.022,180,17.103
1034,8,25,545.202,1048.737,14700.476,2,109,127.559,43.508,NA,7.035,0.023,158.962,-21.038
1035,8,26,545.202,1048.737,15000.485,2,104,127.559,43.508,NA,0,0,0,-158.962
1036,8,27,538.636,1050.758,15300.495,2,100,134.428,46.972,NA,6.869,0.023,162.897,162.897
1037,8,28,538.636,1050.758,15600.505,2,72,134.428,46.972,NA,0,0,0,-162.897
1038,8,29,541.667,1039.646,15900.514,2,96,145.945,35.462,NA,11.517,0.038,-74.745,-74.745
1039,8,30,546.212,1038.636,16200.524,2,125,150.602,33.383,NA,4.656,0.016,-12.529,62.216
1040,8,31,546.212,1031.061,16500.534,2,95,158.177,25.97,NA,7.576,0.025,-90,-77.471
1041,8,32,546.212,1031.061,16800.543,2,129,158.177,25.97,NA,0,0,0,90
1042,8,33,543.182,1026.515,17100.553,2,169,163.64,22.615,NA,5.463,0.018,-123.69,-123.69
1043,8,34,540.657,1026.515,17400.563,2,112,166.166,23.743,NA,2.525,0.008,180,-56.31
1044,8,35,540.657,1015.909,17700.573,2,241,176.772,15.394,NA,10.606,0.035,-90,90
1045,8,36,540.657,1015.909,18000.582,2,141,176.772,15.394,NA,0,0,0,90
1046,8,37,546.717,1014.394,18300.592,2,108,183.019,10.226,NA,6.247,0.021,-14.036,-14.036
1047,8,38,557.828,1007.828,18600.602,2,139,195.925,5.911,NA,12.906,0.043,-30.579,-16.543
1048,8,39,567.929,999.242,18900.611,2,160,209.182,16.978,NA,13.257,0.044,-40.365,-9.785
1049,8,40,567.929,999.242,19200.621,2,159,209.182,16.978,NA,0,0,0,40.365
1050,8,41,571.465,997.222,19500.631,2,147,213.254,21.025,NA,4.072,0.014,-29.745,-29.745
1051,8,42,572.475,995.202,19800.641,2,113,215.512,22.817,NA,2.259,0.008,-63.435,-33.69
1052,8,43,572.98,986.616,20100.65,2,69,224.113,28.233,NA,8.601,0.029,-86.634,-23.199
1053,8,44,571.97,991.667,20400.66,2,121,229.264,24.248,NA,5.151,0.017,101.31,-172.057
1054,8,45,570.96,1000.253,20700.67,2,122,237.909,19.495,NA,8.645,0.029,96.71,-4.6
1055,8,46,566.414,1003.283,21000.679,2,141,243.372,14.365,NA,5.463,0.018,146.31,49.6
1056,8,47,566.414,1003.283,21300.689,2,138,243.372,14.365,NA,0,0,0,-146.31
1057,8,48,564.394,1009.848,21600.699,2,228,250.241,12.777,NA,6.869,0.023,107.103,107.103
1058,8,49,563.889,1015.909,21900.708,2,216,256.323,15.394,NA,6.082,0.02,94.764,-12.339
1059,8,50,560.859,1015.909,22200.718,2,140,259.353,13.257,NA,3.03,0.01,180,85.236
1060,8,51,552.778,1022.475,22500.728,2,32,269.765,16.674,NA,10.412,0.035,140.906,-39.094
1061,8,52,540.152,1031.061,22800.738,2,151,285.034,28.011,NA,15.269,0.051,145.784,4.878
1062,8,53,535.606,1031.061,23100.747,2,178,289.579,30.257,NA,4.545,0.015,180,34.216
1063,8,54,529.545,1031.061,23400.757,2,175,295.64,33.974,NA,6.061,0.02,180,0
1064,8,55,529.545,1031.061,23700.767,2,63,295.64,33.974,NA,0,0,0,-180
1065,8,56,530.556,1043.182,24000.776,2,114,307.803,43.225,NA,12.163,0.041,85.236,85.236
1066,8,57,541.667,1032.071,24300.786,2,205,323.517,28.323,NA,15.713,0.052,-45,-130.236
1067,8,58,541.667,1032.071,24600.796,2,210,323.517,28.323,NA,0,0,0,45
1068,8,59,541.162,1026.01,24900.805,2,104,329.598,23.056,NA,6.082,0.02,-94.764,-94.764
1069,8,60,532.071,1026.01,25200.815,2,140,338.689,28.57,NA,9.091,0.03,180,-85.236
1070,8,61,532.071,1023.485,25500.825,2,155,341.214,26.844,NA,2.525,0.008,-90,90
1071,8,62,532.071,1023.485,25800.835,2,113,341.214,26.844,NA,0,0,0,90
1072,8,63,535.101,1023.485,26100.844,2,149,344.245,24.644,NA,3.03,0.01,0,0
1073,8,64,535.101,1031.566,26400.854,2,166,352.325,30.957,NA,8.081,0.027,90,90
1074,8,65,542.677,1043.182,26700.864,2,174,366.194,38.586,NA,13.868,0.046,56.889,-33.111
1075,8,66,542.677,1043.182,27000.873,2,110,366.194,38.586,NA,0,0,0,-56.889
1076,8,67,542.677,1051.768,27300.883,2,115,374.779,46.951,NA,8.586,0.029,90,90
1077,8,68,542.677,1054.798,27600.893,2,13,377.81,49.921,NA,3.03,0.01,90,0
1078,8,69,535.101,1079.545,27900.903,2,136,403.691,75.71,NA,25.881,0.086,107.021,17.021
1079,8,70,535.101,1095.707,28200.912,2,180,419.852,91.524,NA,16.162,0.054,90,-17.021
1080,8,71,533.586,1104.798,28500.922,2,191,429.069,100.738,NA,9.216,0.031,99.462,9.462
1081,8,72,528.535,1109.848,28800.932,2,142,436.211,106.714,NA,7.142,0.024,135,35.538
1082,8,73,516.919,1107.323,29100.941,2,218,448.099,107.495,NA,11.887,0.04,-167.735,57.265
1083,8,74,512.879,1109.848,29400.951,2,184,452.863,111.249,NA,4.765,0.016,147.995,-44.27
1084,8,75,529.04,1111.869,29700.961,2,160,469.151,108.575,NA,16.287,0.054,7.125,-140.87
1085,8,76,530.051,1122.98,30000.97,2,201,480.308,119.26,NA,11.157,0.037,84.806,77.681
1086,8,77,546.212,1143.182,30300.98,2,133,506.179,137.507,NA,25.871,0.086,51.34,-33.465
1087,8,78,550.253,1142.677,30600.99,2,151,510.251,136.884,NA,4.072,0.014,-7.125,-58.465
1088,8,79,550.253,1142.677,30901,2,239,510.251,136.884,NA,0,0,0,7.125
1089,8,80,550.253,1157.828,31201.009,2,185,525.402,152.034,NA,15.152,0.051,90,90
1090,8,81,550.253,1166.414,31501.019,2,246,533.988,160.619,NA,8.586,0.029,90,0
1091,8,82,548.737,1173.99,31801.029,2,244,541.714,168.219,NA,7.726,0.026,101.31,11.31
1092,8,83,548.737,1186.111,32101.038,2,140,553.835,180.338,NA,12.121,0.04,90,-11.31
1093,8,84,538.131,1192.172,32401.048,2,163,566.051,186.899,NA,12.216,0.041,150.255,60.255
1094,8,85,529.545,1200.253,32701.058,2,235,577.841,195.768,NA,11.791,0.039,136.736,-13.519
1095,8,86,522.475,1220.455,33001.068,2,185,599.245,216.705,NA,21.404,0.071,109.29,-27.446
1096,8,87,517.424,1228.03,33301.077,2,179,608.35,224.938,NA,9.105,0.03,123.69,14.4
1097,8,88,519.949,1232.071,33601.087,2,234,613.114,228.56,NA,4.765,0.016,57.995,-65.695
1098,8,89,519.949,1232.071,33901.097,2,255,613.114,228.56,NA,0,0,0,-57.995
1099,8,90,525.505,1235.606,34201.106,2,148,619.699,231.352,NA,6.585,0.022,32.471,32.471
1100,8,91,538.636,1245.707,34501.116,2,129,636.266,240.286,NA,16.567,0.055,37.569,5.097
1101,8,92,554.798,1259.848,34801.126,2,255,657.741,254.053,NA,21.475,0.072,41.186,3.617
1102,8,93,555.808,1271.97,35101.135,2,161,669.905,266.185,NA,12.163,0.041,85.236,44.05
1103,8,94,563.889,1273.485,35401.145,2,142,678.126,267.929,NA,8.222,0.027,10.62,-74.617
1104,8,95,570.96,1277.525,35701.155,2,240,686.27,272.359,NA,8.144,0.027,29.745,19.125
1105,8,96,570.96,1277.525,36001.165,2,176,686.27,272.359,NA,0,0,0,-29.745
1106,8,97,564.394,1283.081,36301.174,2,177,694.871,277.538,NA,8.601,0.029,139.764,139.764
1107,8,98,564.394,1283.081,36601.184,2,131,694.871,277.538,NA,0,0,0,-139.764
1108,8,99,571.465,1283.586,36901.194,2,125,701.959,278.44,NA,7.089,0.024,4.086,4.086
1109,8,100,579.545,1285.101,37201.203,2,229,710.181,280.621,NA,8.222,0.027,10.62,6.534
1110,8,101,593.182,1281.566,37501.213,2,189,724.268,278.776,NA,14.087,0.047,-14.534,-25.154
1111,8,102,604.798,1291.667,37801.223,2,249,739.662,290.644,NA,15.394,0.051,41.009,55.544
1112,8,103,613.889,1303.788,38101.232,2,102,754.813,304.284,NA,15.152,0.051,53.13,12.121
1113,8,104,625.505,1306.818,38401.242,2,186,766.818,309.79,NA,12.005,0.04,14.621,-38.509
1114,8,105,619.949,1323.99,38701.252,2,171,784.866,325.3,NA,18.048,0.06,107.928,93.307
1115,8,106,616.919,1341.162,39001.262,2,225,802.303,341.528,NA,17.437,0.058,100.008,-7.92
1116,8,107,629.545,1341.162,39301.271,2,142,814.93,344.141,NA,12.626,0.042,0,-100.008
1117,8,108,632.071,1359.343,39601.281,2,153,833.286,362.429,NA,18.356,0.061,82.093,82.093
1118,8,109,638.636,1362.374,39901.291,2,203,840.517,366.876,NA,7.231,0.024,24.775,-57.318
1119,8,110,645.707,1365.404,40201.3,2,127,848.21,371.536,NA,7.693,0.026,23.199,-1.577
1120,8,111,647.727,1375.505,40501.31,2,127,858.511,381.821,NA,10.301,0.034,78.69,55.491
1121,8,112,654.293,1375,40801.32,2,182,865.096,383.028,NA,6.585,0.022,-4.399,-83.089
1122,8,113,669.444,1375.505,41101.33,2,86,880.256,387.821,NA,15.16,0.051,1.909,6.308
1123,8,114,670.96,1405.303,41401.339,2,200,910.092,416.753,NA,29.836,0.099,87.089,85.18
1124,8,115,673.485,1420.96,41701.349,2,162,925.951,432.485,NA,15.859,0.053,80.838,-6.252
1125,8,116,673.485,1420.96,42001.359,2,241,925.951,432.485,NA,0,0,0,-80.838
1126,8,117,673.485,1420.96,42301.368,2,187,925.951,432.485,NA,0,0,0,0
1127,8,118,663.384,1431.566,42601.378,2,143,940.598,440.017,NA,14.646,0.049,133.603,133.603
1128,8,119,651.768,1434.596,42901.388,2,152,952.603,440.18,NA,12.005,0.04,165.379,31.776
1129,8,120,634.091,1434.596,43201.397,2,95,970.279,436.524,NA,17.677,0.059,180,14.621
1130,8,121,634.091,1434.596,43501.407,2,122,970.279,436.524,NA,0,0,0,-180
1131,8,122,595.707,1427.02,43801.417,2,173,1009.404,423.446,NA,39.124,0.13,-168.835,-168.835
1132,8,123,574.495,1422.98,44101.427,2,182,1030.997,417.763,NA,21.593,0.072,-169.216,-0.381
1133,8,124,566.414,1422.98,44401.436,2,191,1039.078,417.411,NA,8.081,0.027,180,-10.784
1134,8,125,566.414,1422.98,44701.446,2,240,1039.078,417.411,NA,0,0,0,-180
1135,8,126,566.414,1422.98,45001.456,2,198,1039.078,417.411,NA,0,0,0,0
1136,8,127,566.414,1423.99,45301.465,2,191,1040.088,418.421,NA,1.01,0.003,90,90
1137,8,128,555.808,1429.04,45601.475,2,197,1051.835,423.247,NA,11.747,0.039,154.537,64.537
1138,8,129,551.263,1427.02,45901.485,2,202,1056.81,421.213,NA,4.974,0.017,-156.038,49.426
1139,8,130,551.263,1427.02,46201.495,2,114,1056.81,421.213,NA,0,0,0,156.038
1140,8,131,551.263,1427.02,46501.504,2,179,1056.81,421.213,NA,0,0,0,0
1141,8,132,551.263,1427.02,46801.514,2,181,1056.81,421.213,NA,0,0,0,0
1142,8,133,551.263,1427.02,47101.524,2,130,1056.81,421.213,NA,0,0,0,0
1143,8,134,546.212,1427.02,47401.533,2,81,1061.86,421.256,NA,5.051,0.017,180,180
1144,8,135,549.747,1427.02,47701.543,2,209,1065.395,421.22,NA,3.535,0.012,0,-180
1145,8,136,555.808,1433.586,48001.553,2,219,1074.331,427.792,NA,8.935,0.03,47.291,47.291
1146,8,137,564.899,1438.636,48301.562,2,255,1084.73,433.012,NA,10.4,0.035,29.055,-18.236
1147,8,138,564.899,1438.636,48601.572,2,174,1084.73,433.012,NA,0,0,0,-29.055
1148,8,139,575,1441.162,48901.582,2,221,1095.142,435.946,NA,10.412,0.035,14.036,14.036
1149,8,140,575,1441.162,49201.592,2,217,1095.142,435.946,NA,0,0,0,-14.036
1150,8,141,575,1441.162,49501.601,2,255,1095.142,435.946,NA,0,0,0,0
1151,8,142,575,1441.162,49801.611,2,255,1095.142,435.946,NA,0,0,0,0
1152,8,143,575,1441.162,50101.621,2,240,1095.142,435.946,NA,0,0,0,0
1153,8,144,577.02,1441.162,50401.63,2,232,1097.162,436.056,NA,2.02,0.007,0,0
1154,8,145,582.576,1441.162,50701.64,2,222,1102.718,436.407,NA,5.556,0.019,0,0
1155,8,146,587.121,1450.758,51001.65,2,130,1113.336,446.312,NA,10.618,0.035,64.654,64.654
1156,8,147,587.121,1451.263,51301.659,2,62,1113.841,446.816,NA,0.505,0.002,90,25.346
1157,8,148,580.556,1449.242,51601.669,2,177,1120.71,444.335,NA,6.869,0.023,-162.897,107.103
1158,8,149,580.556,1449.242,51901.679,2,155,1120.71,444.335,NA,0,0,0,162.897
1159,8,150,595.707,1450.758,52201.689,2,168,1135.938,447.064,NA,15.227,0.051,5.711,5.711
1160,8,151,603.788,1466.414,52501.698,2,216,1153.557,463.478,NA,17.619,0.059,62.7,56.99
1161,8,152,612.879,1467.929,52801.708,2,125,1162.773,466.078,NA,9.216,0.031,9.462,-53.238
1162,8,153,635.101,1490.152,53101.718,2,190,1194.2,491.375,NA,31.427,0.105,45,35.538
1163,8,154,643.687,1498.737,53401.727,2,175,1206.342,501.334,NA,12.142,0.04,45,0
1164,8,155,646.717,1502.273,53701.737,2,239,1210.998,505.368,NA,4.656,0.016,49.399,4.399
1165,8,156,650.758,1515.404,54001.747,2,222,1224.737,519.025,NA,13.739,0.046,72.897,23.499
1166,8,157,657.828,1521.465,54301.757,2,107,1234.05,526.349,NA,9.313,0.031,40.601,-32.296
1167,8,158,654.293,1499.242,54601.766,2,146,1256.552,503.871,NA,22.502,0.075,-99.039,-139.641
1168,8,159,643.687,1499.242,54901.776,2,186,1267.158,501.831,NA,10.606,0.035,180,-80.961
1169,8,160,643.687,1493.182,55201.786,2,70,1273.218,495.873,NA,6.061,0.02,-90,90
1170,8,161,652.778,1518.434,55501.795,2,148,1300.057,522.386,NA,26.839,0.089,70.201,160.201
1171,8,162,654.798,1515.404,55801.805,2,95,1303.699,519.807,NA,3.642,0.012,-56.31,-126.511
1172,8,163,666.414,1527.525,56101.815,2,96,1320.488,534.057,NA,16.789,0.056,46.219,102.529
1173,8,164,680.051,1542.172,56401.824,2,211,1340.5,551.374,NA,20.012,0.067,47.045,0.827
1174,9,1,476.515,912.879,4200.136,2,17,0,0,NA,NA,NA,NA,NA
1175,9,2,466.919,916.414,4500.146,2,12,10.226,10.226,NA,10.226,0.034,159.775,NA
1176,9,3,466.414,916.414,4800.155,2,17,10.732,10.702,NA,0.505,0.002,180,20.225
1177,9,4,457.828,920.96,5100.165,2,75,20.446,20.359,NA,9.715,0.032,152.103,-27.897
1178,9,5,447.727,920.96,5400.175,2,51,30.547,29.901,NA,10.101,0.034,180,27.897
1179,9,6,447.727,920.96,5700.184,2,66,30.547,29.901,NA,0,0,0,-180
1180,9,7,446.717,923.485,6000.194,2,53,33.267,31.629,NA,2.72,0.009,111.801,111.801
1181,9,8,446.717,935.606,6300.204,2,73,45.388,37.476,NA,12.121,0.04,90,-21.801
1182,9,9,438.636,937.626,6600.214,2,93,53.718,45.246,NA,8.33,0.028,165.964,75.964
1183,9,10,435.606,953.788,6900.223,2,19,70.161,57.854,NA,16.443,0.055,100.62,-65.344
1184,9,11,430.556,953.788,7200.233,2,65,75.212,61.529,NA,5.051,0.017,180,79.38
1185,9,12,430.556,953.788,7500.243,2,80,75.212,61.529,NA,0,0,0,-180
1186,9,13,430.556,959.343,7800.252,2,78,80.767,65.355,NA,5.556,0.019,90,90
1187,9,14,437.626,959.343,8100.262,2,105,87.838,60.591,NA,7.071,0.024,0,-90
1188,9,15,434.596,966.414,8400.272,2,65,95.531,67.995,NA,7.693,0.026,113.199,113.199
1189,9,16,434.596,966.414,8700.281,2,81,95.531,67.995,NA,0,0,0,-113.199
1190,9,17,434.596,966.414,9000.291,2,68,95.531,67.995,NA,0,0,0,0
1191,9,18,434.596,968.434,9300.301,2,42,97.551,69.596,NA,2.02,0.007,90,90
1192,9,19,434.596,968.434,9600.311,2,30,97.551,69.596,NA,0,0,0,-90
1193,9,20,434.596,968.434,9900.32,2,105,97.551,69.596,NA,0,0,0,0
1194,9,21,430.051,968.434,10200.33,2,154,102.096,72.425,NA,4.545,0.015,180,180
1195,9,22,430.051,968.434,10500.34,2,67,102.096,72.425,NA,0,0,0,-180
1196,9,23,431.566,965.404,10800.349,2,94,105.484,69.133,NA,3.388,0.011,-63.435,-63.435
1197,9,24,426.01,965.404,11100.359,2,159,111.04,72.867,NA,5.556,0.019,180,-116.565
1198,9,25,424.495,963.889,11400.369,2,93,113.183,72.857,NA,2.143,0.007,-135,45
1199,9,26,410.354,956.818,11700.378,2,141,128.993,79.423,NA,15.811,0.053,-153.435,-18.435
1200,9,27,410.354,956.818,12000.388,2,88,128.993,79.423,NA,0,0,0,153.435
1201,9,28,405.808,956.818,12300.398,2,86,133.539,83.248,NA,4.545,0.015,180,180
1202,9,29,405.808,953.788,12600.408,2,52,136.569,81.689,NA,3.03,0.01,-90,90
1203,9,30,395.202,953.788,12900.417,2,84,147.175,91.024,NA,10.606,0.035,180,-90
1204,9,31,391.667,956.818,13200.427,2,89,151.831,95.551,NA,4.656,0.016,139.399,-40.601
1205,9,32,391.667,956.818,13500.437,2,41,151.831,95.551,NA,0,0,0,-139.399
1206,9,33,391.667,956.818,13800.446,2,49,151.831,95.551,NA,0,0,0,0
1207,9,34,391.667,956.818,14100.456,2,102,151.831,95.551,NA,0,0,0,0
1208,9,35,390.152,964.899,14400.466,2,38,160.053,100.821,NA,8.222,0.027,100.62,100.62
1209,9,36,390.152,964.899,14700.476,2,27,160.053,100.821,NA,0,0,0,-100.62
1210,9,37,390.152,964.899,15000.485,2,79,160.053,100.821,NA,0,0,0,0
1211,9,38,390.152,964.899,15300.495,2,98,160.053,100.821,NA,0,0,0,0
1212,9,39,383.586,965.909,15600.505,2,90,166.696,106.996,NA,6.643,0.022,171.254,171.254
1213,9,40,367.424,965.909,15900.514,2,112,182.857,121.297,NA,16.162,0.054,180,8.746
1214,9,41,364.394,978.535,16200.524,2,85,195.842,129.931,NA,12.985,0.043,103.496,-76.504
1215,9,42,363.384,978.535,16500.534,2,99,196.852,130.803,NA,1.01,0.003,180,76.504
1216,9,43,368.434,978.535,16800.543,2,68,201.903,126.46,NA,5.051,0.017,0,-180
1217,9,44,368.434,978.535,17100.553,2,82,201.903,126.46,NA,0,0,0,0
1218,9,45,371.465,967.929,17400.563,2,152,212.933,118.601,NA,11.03,0.037,-74.055,-74.055
1219,9,46,377.525,961.364,17700.573,2,114,221.869,110.226,NA,8.935,0.03,-47.291,26.764
1220,9,47,378.535,966.919,18000.582,2,112,227.515,111.895,NA,5.647,0.019,79.695,126.986
1221,9,48,383.586,969.444,18300.592,2,199,233.162,108.791,NA,5.647,0.019,26.565,-53.13
1222,9,49,383.586,978.535,18600.602,2,65,242.253,113.783,NA,9.091,0.03,90,63.435
1223,9,50,383.586,978.535,18900.611,2,127,242.253,113.783,NA,0,0,0,-90
1224,9,51,394.192,978.535,19200.621,2,38,252.859,105.299,NA,10.606,0.035,0,0
1225,9,52,394.192,988.636,19500.631,2,87,262.96,111.876,NA,10.101,0.034,90,90
1226,9,53,387.121,988.636,19800.641,2,105,270.031,117.177,NA,7.071,0.024,180,90
1227,9,54,387.121,988.636,20100.65,2,255,270.031,117.177,NA,0,0,0,-180
1228,9,55,387.626,978.03,20400.66,2,102,280.649,110.209,NA,10.618,0.035,-87.274,-87.274
1229,9,56,390.152,978.535,20700.67,2,97,283.224,108.487,NA,2.575,0.009,11.31,98.584
1230,9,57,392.172,977.525,21000.679,2,93,285.483,106.268,NA,2.259,0.008,-26.565,-37.875
1231,9,58,392.172,963.889,21300.689,2,46,299.119,98.569,NA,13.636,0.045,-90,-63.435
1232,9,59,383.081,957.828,21600.699,2,74,310.045,103.684,NA,10.926,0.036,-146.31,-56.31
1233,9,60,383.081,957.828,21900.708,2,63,310.045,103.684,NA,0,0,0,146.31
1234,9,61,383.081,951.263,22200.718,2,62,316.61,101.011,NA,6.566,0.022,-90,-90
1235,9,62,383.081,951.263,22500.728,2,84,316.61,101.011,NA,0,0,0,90
1236,9,63,381.061,951.263,22800.738,2,93,318.631,102.883,NA,2.02,0.007,180,180
1237,9,64,371.97,957.828,23100.747,2,124,329.845,113.799,NA,11.214,0.037,144.162,-35.838
1238,9,65,363.889,965.909,23400.757,2,96,341.273,124.486,NA,11.428,0.038,135,-9.162
1239,9,66,363.889,965.909,23700.767,2,75,341.273,124.486,NA,0,0,0,-135
1240,9,67,363.384,965.909,24000.776,2,83,341.778,124.944,NA,0.505,0.002,180,180
1241,9,68,356.313,965.909,24300.786,2,128,348.848,131.38,NA,7.071,0.024,180,0
1242,9,69,338.636,980.051,24600.796,2,63,371.486,153.371,NA,22.637,0.075,141.34,-38.66
1243,9,70,327.525,980.051,24900.805,2,59,382.597,163.432,NA,11.111,0.037,180,38.66
1244,9,71,327.525,980.051,25200.815,2,91,382.597,163.432,NA,0,0,0,-180
1245,9,72,332.576,974.495,25500.825,2,35,390.105,156.573,NA,7.508,0.025,-47.726,-47.726
1246,9,73,332.576,968.434,25800.835,2,108,396.165,154.289,NA,6.061,0.02,-90,-42.274
1247,9,74,336.111,959.848,26100.844,2,64,405.451,148.052,NA,9.285,0.031,-67.62,22.38
1248,9,75,340.152,972.475,26400.854,2,101,418.708,148.818,NA,13.257,0.044,72.255,139.875
1249,9,76,340.152,978.535,26700.864,2,178,424.768,151.347,NA,6.061,0.02,90,17.745
1250,9,77,340.152,978.535,27000.873,2,41,424.768,151.347,NA,0,0,0,-90
1251,9,78,348.232,978.535,27300.883,2,87,432.849,144.109,NA,8.081,0.027,0,0
1252,9,79,348.232,967.424,27600.893,2,99,443.96,139.398,NA,11.111,0.037,-90,-90
1253,9,80,348.232,962.374,27900.903,2,99,449.011,137.5,NA,5.051,0.017,-90,0
1254,9,81,348.232,962.374,28200.912,2,64,449.011,137.5,NA,0,0,0,90
1255,9,82,346.717,949.242,28500.922,2,77,462.229,134.796,NA,13.218,0.044,-96.582,-96.582
1256,9,83,343.182,936.616,28800.932,2,110,475.341,135.43,NA,13.112,0.044,-105.642,-9.06
1257,9,84,353.788,937.121,29100.941,2,161,485.959,125.099,NA,10.618,0.035,2.726,108.369
1258,9,85,353.788,938.131,29400.951,2,110,486.969,125.298,NA,1.01,0.003,90,87.274
1259,9,86,353.788,943.182,29700.961,2,81,492.02,126.413,NA,5.051,0.017,90,0
1260,9,87,357.828,943.182,30000.97,2,83,496.06,122.494,NA,4.04,0.013,0,-90
1261,9,88,361.364,947.727,30300.98,2,37,501.819,120.309,NA,5.758,0.019,52.125,52.125
1262,9,89,364.394,952.273,30600.99,2,56,507.282,118.84,NA,5.463,0.018,56.31,4.185
1263,9,90,364.394,952.273,30901,2,105,507.282,118.84,NA,0,0,0,-56.31
1264,9,91,365.404,952.273,31201.009,2,96,508.292,117.888,NA,1.01,0.003,0,0
1265,9,92,376.01,957.828,31501.019,2,74,520.265,110.099,NA,11.973,0.04,27.646,27.646
1266,9,93,384.091,973.99,31801.029,2,83,538.334,110.801,NA,18.069,0.06,63.435,35.789
1267,9,94,381.061,980.051,32101.038,2,104,545.11,116.72,NA,6.776,0.023,116.565,53.13
1268,9,95,381.061,994.192,32401.048,2,61,559.251,125.393,NA,14.141,0.047,90,-26.565
1269,9,96,380.051,1001.768,32701.058,2,103,566.894,131.174,NA,7.643,0.025,97.595,7.595
1270,9,97,383.586,1008.838,33001.068,2,97,574.799,133.582,NA,7.905,0.026,63.435,-34.16
1271,9,98,383.586,1008.838,33301.077,2,177,574.799,133.582,NA,0,0,0,-63.435
1272,9,99,382.576,1021.465,33601.087,2,49,587.466,143.581,NA,12.667,0.042,94.574,94.574
1273,9,100,377.02,1034.091,33901.097,2,89,601.26,156.817,NA,13.794,0.046,113.749,19.176
1274,9,101,352.273,1045.202,34201.106,2,168,628.388,181.509,NA,27.127,0.09,155.821,42.071
1275,9,102,331.061,1056.313,34501.116,2,27,652.334,204.28,NA,23.946,0.08,152.354,-3.467
1276,9,103,322.475,1072.475,34801.126,2,175,670.634,221.809,NA,18.301,0.061,117.979,-34.375
1277,9,104,312.879,1073.99,35101.135,2,79,680.349,229.638,NA,9.715,0.032,171.027,53.048
1278,9,105,326.515,1075.505,35401.145,2,91,694.07,221.24,NA,13.72,0.046,6.34,-164.687
1279,9,106,326.515,1075.505,35701.155,2,94,694.07,221.24,NA,0,0,0,-6.34
1280,9,107,326.515,1075.505,36001.165,2,153,694.07,221.24,NA,0,0,0,0
1281,9,108,326.515,1075.505,36301.174,2,165,694.07,221.24,NA,0,0,0,0
1282,9,109,326.515,1076.515,36601.184,2,67,695.08,221.984,NA,1.01,0.003,90,90
1283,9,110,347.222,1078.03,36901.194,2,91,715.842,209.742,NA,20.762,0.069,4.185,-85.815
1284,9,111,347.222,1078.535,37201.203,2,67,716.347,210.14,NA,0.505,0.002,90,85.815
1285,9,112,347.222,1084.091,37501.213,2,69,721.903,214.547,NA,5.556,0.019,90,0
1286,9,113,347.222,1084.091,37801.223,2,147,721.903,214.547,NA,0,0,0,-90
1287,9,114,344.192,1084.091,38101.232,2,108,724.933,216.386,NA,3.03,0.01,180,180
1288,9,115,342.172,1087.121,38401.242,2,96,728.575,220.02,NA,3.642,0.012,123.69,-56.31
1289,9,116,339.141,1102.273,38701.252,2,79,744.027,233.969,NA,15.452,0.052,101.31,-22.38
1290,9,117,339.646,1100.758,39001.262,2,77,745.624,232.447,NA,1.597,0.005,-71.565,-172.875
1291,9,118,341.667,1113.384,39301.271,2,123,758.411,241.633,NA,12.787,0.043,80.91,152.475
1292,9,119,343.182,1137.626,39601.281,2,71,782.7,261.322,NA,24.29,0.081,86.424,5.514
1293,9,120,344.697,1157.323,39901.291,2,110,802.455,277.721,NA,19.755,0.066,85.601,-0.822
1294,9,121,333.586,1159.848,40201.3,2,124,813.85,285.347,NA,11.394,0.038,167.196,81.594
1295,9,122,327.02,1172.98,40501.31,2,66,828.531,300.002,NA,14.681,0.049,116.565,-50.631
1296,9,123,314.394,1172.98,40801.32,2,57,841.157,306.49,NA,12.626,0.042,180,63.435
1297,9,124,295.707,1173.99,41101.33,2,66,859.872,317.601,NA,18.714,0.062,176.906,-3.094
1298,9,125,291.162,1179.545,41401.339,2,105,867.05,324.757,NA,7.178,0.024,129.289,-47.617
1299,9,126,284.091,1179.545,41701.349,2,70,874.12,328.844,NA,7.071,0.024,180,50.711
1300,9,127,272.98,1179.545,42001.359,2,119,885.231,335.466,NA,11.111,0.037,180,0
1301,10,1,519.949,884.596,7500.243,2,85,0,0,NA,NA,NA,NA,NA
1302,10,2,516.919,892.172,7800.252,2,43,8.159,8.159,NA,8.159,0.027,111.801,NA
1303,10,3,516.919,892.172,8100.262,2,95,8.159,8.159,NA,0,0,0,-111.801
1304,10,4,516.919,892.172,8400.272,2,142,8.159,8.159,NA,0,0,0,0
1305,10,5,514.899,892.172,8700.281,2,119,10.18,9.105,NA,2.02,0.007,180,180
1306,10,6,514.899,892.172,9000.291,2,142,10.18,9.105,NA,0,0,0,-180
1307,10,7,514.899,892.172,9300.301,2,122,10.18,9.105,NA,0,0,0,0
1308,10,8,514.899,892.172,9600.311,2,38,10.18,9.105,NA,0,0,0,0
1309,10,9,511.364,896.212,9900.32,2,160,15.548,14.445,NA,5.369,0.018,131.186,131.186
1310,10,10,509.848,896.717,10200.33,2,92,17.145,15.778,NA,1.597,0.005,161.565,30.379
1311,10,11,509.848,896.717,10500.34,2,61,17.145,15.778,NA,0,0,0,-161.565
1312,10,12,509.848,896.717,10800.349,2,101,17.145,15.778,NA,0,0,0,0
1313,10,13,509.848,896.717,11100.359,2,89,17.145,15.778,NA,0,0,0,0
1314,10,14,509.848,898.737,11400.369,2,68,19.166,17.378,NA,2.02,0.007,90,90
1315,10,15,509.848,902.273,11700.378,2,98,22.701,20.359,NA,3.535,0.012,90,0
1316,10,16,509.848,902.273,12000.388,2,100,22.701,20.359,NA,0,0,0,-90
1317,10,17,504.293,898.232,12300.398,2,111,29.57,20.762,NA,6.869,0.023,-143.973,-143.973
1318,10,18,504.293,894.697,12600.408,2,89,33.106,18.632,NA,3.535,0.012,-90,53.973
1319,10,19,507.323,894.192,12900.417,2,141,36.178,15.859,NA,3.072,0.01,-9.462,80.538
1320,10,20,509.343,890.152,13200.427,2,143,40.695,11.973,NA,4.517,0.015,-63.435,-53.973
1321,10,21,509.343,890.152,13500.437,2,127,40.695,11.973,NA,0,0,0,63.435
1322,10,22,509.343,884.091,13800.446,2,149,46.756,10.618,NA,6.061,0.02,-90,-90
1323,10,23,509.343,884.091,14100.456,2,153,46.756,10.618,NA,0,0,0,90
1324,10,24,509.343,884.091,14400.466,2,99,46.756,10.618,NA,0,0,0,0
1325,10,25,505.303,886.111,14700.476,2,123,51.273,14.725,NA,4.517,0.015,153.435,153.435
1326,10,26,491.667,889.141,15000.485,2,117,65.242,28.646,NA,13.969,0.047,167.471,14.036
1327,10,27,496.717,889.141,15300.495,2,141,70.293,23.673,NA,5.051,0.017,0,-167.471
1328,10,28,496.717,889.141,15600.505,2,130,70.293,23.673,NA,0,0,0,0
1329,10,29,496.717,881.061,15900.514,2,71,78.373,23.5,NA,8.081,0.027,-90,-90
1330,10,30,496.717,881.061,16200.524,2,96,78.373,23.5,NA,0,0,0,90
1331,10,31,496.717,881.061,16500.534,2,102,78.373,23.5,NA,0,0,0,0
1332,10,32,495.707,881.061,16800.543,2,100,79.383,24.499,NA,1.01,0.003,180,180
1333,10,33,492.172,881.061,17100.553,2,127,82.919,28.002,NA,3.535,0.012,180,0
1334,10,34,492.172,881.061,17400.563,2,191,82.919,28.002,NA,0,0,0,-180
1335,10,35,488.636,881.061,17700.573,2,131,86.454,31.512,NA,3.535,0.012,180,180
1336,10,36,488.636,881.061,18000.582,2,112,86.454,31.512,NA,0,0,0,-180
1337,10,37,490.657,879.04,18300.592,2,118,89.311,29.815,NA,2.857,0.01,-45,-45
1338,10,38,493.182,877.525,18600.602,2,116,92.256,27.686,NA,2.945,0.01,-30.964,14.036
1339,10,39,496.212,877.525,18900.611,2,147,95.286,24.768,NA,3.03,0.01,0,30.964
1340,10,40,501.768,873.485,19200.621,2,119,102.156,21.308,NA,6.869,0.023,-36.027,-36.027
1341,10,41,501.768,873.485,19500.631,2,85,102.156,21.308,NA,0,0,0,36.027
1342,10,42,501.768,873.485,19800.641,2,92,102.156,21.308,NA,0,0,0,0
1343,10,43,501.768,873.485,20100.65,2,106,102.156,21.308,NA,0,0,0,0
1344,10,44,501.768,873.485,20400.66,2,117,102.156,21.308,NA,0,0,0,0
1345,10,45,501.768,873.485,20700.67,2,84,102.156,21.308,NA,0,0,0,0
1346,10,46,498.737,873.485,21000.679,2,81,105.186,23.946,NA,3.03,0.01,180,180
1347,10,47,498.737,873.485,21300.689,2,104,105.186,23.946,NA,0,0,0,-180
1348,10,48,498.737,873.485,21600.699,2,86,105.186,23.946,NA,0,0,0,0
1349,10,49,492.677,873.485,21900.708,2,119,111.247,29.449,NA,6.061,0.02,180,180
1350,10,50,492.172,872.475,22200.718,2,118,112.376,30.307,NA,1.129,0.004,-116.565,63.435
1351,10,51,492.172,872.475,22500.728,2,122,112.376,30.307,NA,0,0,0,116.565
1352,10,52,492.172,872.475,22800.738,2,84,112.376,30.307,NA,0,0,0,0
1353,10,53,492.172,873.99,23100.747,2,94,113.891,29.734,NA,1.515,0.005,90,90
1354,10,54,491.162,875,23400.757,2,100,115.32,30.345,NA,1.428,0.005,135,45
1355,10,55,488.636,875,23700.767,2,118,117.845,32.75,NA,2.525,0.008,180,45
1356,10,56,488.636,882.576,24000.776,2,87,125.421,31.378,NA,7.576,0.025,90,-90
1357,10,57,488.636,884.091,24300.786,2,192,126.936,31.317,NA,1.515,0.005,90,0
1358,10,58,491.162,893.687,24600.796,2,75,136.859,30.189,NA,9.923,0.033,75.256,-14.744
1359,10,59,495.707,897.727,24900.805,2,71,142.94,27.57,NA,6.082,0.02,41.634,-33.623
1360,10,60,498.737,898.232,25200.815,2,46,146.012,25.217,NA,3.072,0.01,9.462,-32.171
1361,10,61,498.737,905.303,25500.825,2,107,153.083,29.643,NA,7.071,0.024,90,80.538
1362,10,62,498.737,905.303,25800.835,2,15,153.083,29.643,NA,0,0,0,-90
1363,10,63,488.131,905.303,26100.844,2,42,163.689,37.963,NA,10.606,0.035,180,180
1364,10,64,478.535,907.828,26400.854,2,84,173.612,47.485,NA,9.923,0.033,165.256,-14.744
1365,10,65,478.535,907.828,26700.864,2,73,173.612,47.485,NA,0,0,0,-165.256
1366,10,66,478.535,907.828,27000.873,2,110,173.612,47.485,NA,0,0,0,0
1367,10,67,478.535,920.96,27300.883,2,98,186.743,55.113,NA,13.131,0.044,90,90
1368,10,68,481.566,921.97,27600.893,2,63,189.937,53.573,NA,3.194,0.011,18.435,-71.565
1369,10,69,481.566,921.97,27900.903,2,69,189.937,53.573,NA,0,0,0,-18.435
1370,10,70,481.566,921.97,28200.912,2,41,189.937,53.573,NA,0,0,0,0
1371,10,71,481.566,921.97,28500.922,2,77,189.937,53.573,NA,0,0,0,0
1372,10,72,481.061,912.374,28800.932,2,126,199.547,47.791,NA,9.609,0.032,-93.013,-93.013
1373,10,73,481.061,911.869,29100.941,2,50,200.052,47.499,NA,0.505,0.002,-90,3.013
1374,10,74,481.061,911.869,29400.951,2,70,200.052,47.499,NA,0,0,0,90
1375,10,75,481.061,911.869,29700.961,2,130,200.052,47.499,NA,0,0,0,0
1376,10,76,481.061,905.303,30000.97,2,54,206.617,44.058,NA,6.566,0.022,-90,-90
1377,10,77,481.061,905.303,30300.98,2,87,206.617,44.058,NA,0,0,0,90
1378,10,78,481.061,901.263,30600.99,2,81,210.658,42.31,NA,4.04,0.013,-90,-90
1379,10,79,479.04,896.717,30901,2,70,215.632,42.667,NA,4.974,0.017,-113.962,-23.962
1380,10,80,478.535,896.212,31201.009,2,77,216.346,43.012,NA,0.714,0.002,-135,-21.038
1381,10,81,478.535,896.212,31501.019,2,76,216.346,43.012,NA,0,0,0,135
1382,10,82,471.97,896.212,31801.029,2,76,222.912,49.366,NA,6.566,0.022,180,180
1383,10,83,471.97,896.212,32101.038,2,65,222.912,49.366,NA,0,0,0,-180
1384,10,84,471.465,893.687,32401.048,2,57,225.487,49.33,NA,2.575,0.009,-101.31,-101.31
1385,10,85,468.939,893.687,32701.058,2,67,228.012,51.814,NA,2.525,0.008,180,-78.69
1386,10,86,462.374,893.182,33001.068,2,99,234.597,58.212,NA,6.585,0.022,-175.601,4.399
1387,10,87,462.374,893.182,33301.077,2,74,234.597,58.212,NA,0,0,0,175.601
1388,10,88,459.343,893.182,33601.087,2,110,237.628,61.211,NA,3.03,0.01,180,180
1389,10,89,459.343,897.727,33901.097,2,80,242.173,62.012,NA,4.545,0.015,90,-90
1390,10,90,459.343,905.808,34201.106,2,79,250.254,64.211,NA,8.081,0.027,90,0
1391,10,91,453.788,910.354,34501.116,2,54,257.432,70.999,NA,7.178,0.024,140.711,50.711
1392,10,92,453.283,915.404,34801.126,2,118,262.508,73.441,NA,5.076,0.017,95.711,-45
1393,10,93,443.182,915.404,35101.135,2,72,272.609,82.719,NA,10.101,0.034,180,84.289
1394,10,94,442.677,915.404,35401.145,2,123,273.114,83.188,NA,0.505,0.002,180,0
1395,10,95,442.677,911.364,35701.155,2,34,277.154,81.778,NA,4.04,0.013,-90,90
1396,10,96,439.141,911.364,36001.165,2,29,280.689,85.126,NA,3.535,0.012,180,-90
1397,10,97,434.596,911.364,36301.174,2,67,285.235,89.452,NA,4.545,0.015,180,0
1398,10,98,434.596,911.364,36601.184,2,53,285.235,89.452,NA,0,0,0,-180
1399,10,99,435.606,907.828,36901.194,2,92,288.912,87.485,NA,3.677,0.012,-74.055,-74.055
1400,10,100,435.606,907.828,37201.203,2,112,288.912,87.485,NA,0,0,0,74.055
1401,10,101,443.182,908.838,37501.213,2,106,296.555,80.504,NA,7.643,0.025,7.595,7.595
1402,10,102,443.182,916.919,37801.223,2,64,304.635,83.295,NA,8.081,0.027,90,82.405
1403,10,103,443.182,934.091,38101.232,2,96,321.807,91.34,NA,17.172,0.057,90,0
1404,10,104,443.182,934.091,38401.242,2,142,321.807,91.34,NA,0,0,0,-90
1405,10,105,451.263,944.697,38701.252,2,198,335.141,91.269,NA,13.334,0.044,52.696,52.696
1406,10,106,458.838,944.697,39001.262,2,66,342.717,85.713,NA,7.576,0.025,0,-52.696
1407,10,107,471.465,941.162,39301.271,2,111,355.828,74.501,NA,13.112,0.044,-15.642,-15.642
1408,10,108,474.495,941.162,39601.281,2,52,358.859,72.566,NA,3.03,0.01,0,15.642
1409,10,109,477.525,946.717,39901.291,2,4,365.187,75.225,NA,6.328,0.021,61.39,61.39
1410,10,110,484.091,972.475,40201.3,2,108,391.768,94.913,NA,26.581,0.089,75.7,14.31
1411,10,111,484.091,972.475,40501.31,2,101,391.768,94.913,NA,0,0,0,-75.7
1412,10,112,491.162,976.01,40801.32,2,72,399.673,95.84,NA,7.905,0.026,26.565,26.565
1413,10,113,494.192,981.566,41101.33,2,131,406.002,100.332,NA,6.328,0.021,61.39,34.824
1414,10,114,494.192,991.162,41401.339,2,107,415.598,109.634,NA,9.596,0.032,90,28.61
1415,10,115,494.192,994.697,41701.349,2,180,419.133,113.074,NA,3.535,0.012,90,0
1416,10,116,485.101,997.222,42001.359,2,81,428.568,117.894,NA,9.435,0.031,164.476,74.476
1417,10,117,476.515,997.222,42301.368,2,150,437.154,120.711,NA,8.586,0.029,180,15.524
1418,10,118,471.465,998.737,42601.378,2,137,442.427,124.012,NA,5.273,0.018,163.301,-16.699
1419,10,119,471.465,998.737,42901.388,2,137,442.427,124.012,NA,0,0,0,-163.301
1420,10,120,462.879,1004.293,43201.397,2,118,452.653,132.606,NA,10.226,0.034,147.095,147.095
1421,10,121,452.273,1014.394,43501.407,2,171,467.3,146.382,NA,14.646,0.049,136.397,-10.698
1422,10,122,452.273,999.242,43801.417,2,98,482.451,133.131,NA,15.152,0.051,-90,133.603
1423,10,123,456.313,999.242,44101.427,2,61,486.492,131.124,NA,4.04,0.013,0,90
1424,10,124,451.768,999.747,44401.436,2,82,491.065,133.823,NA,4.573,0.015,173.66,173.66
1425,10,125,440.152,1017.929,44701.446,2,86,512.641,155.388,NA,21.576,0.072,122.574,-51.086
1426,10,126,449.242,1025.505,45001.456,2,101,524.475,157.654,NA,11.834,0.039,39.806,-82.768
1427,10,127,449.242,1035.101,45301.465,2,117,534.071,166.287,NA,9.596,0.032,90,50.194
1428,10,128,449.242,1045.202,45601.475,2,136,544.172,175.482,NA,10.101,0.034,90,0
1429,10,129,445.202,1053.283,45901.485,2,86,553.206,184.506,NA,9.035,0.03,116.565,26.565
1430,10,130,444.192,1054.293,46201.495,2,87,554.635,185.839,NA,1.428,0.005,135,18.435
1431,10,131,444.192,1054.293,46501.504,2,111,554.635,185.839,NA,0,0,0,-135
1432,10,132,444.192,1054.293,46801.514,2,122,554.635,185.839,NA,0,0,0,0
1433,10,133,444.192,1054.293,47101.524,2,128,554.635,185.839,NA,0,0,0,0
1434,10,134,443.182,1054.798,47401.533,2,90,555.764,186.714,NA,1.129,0.004,153.435,153.435
1435,10,135,442.172,1062.374,47701.543,2,120,563.407,194.047,NA,7.643,0.025,97.595,-55.84
1436,10,136,442.172,1070.96,48001.553,2,185,571.993,201.943,NA,8.586,0.029,90,-7.595
1437,10,137,438.131,1081.566,48301.562,2,74,583.342,213.287,NA,11.35,0.038,110.854,20.854
1438,10,138,438.131,1094.192,48601.572,2,62,595.969,224.999,NA,12.626,0.042,90,-20.854
1439,10,139,432.576,1110.859,48901.582,2,81,613.537,242.547,NA,17.568,0.059,108.435,18.435
1440,10,140,432.576,1110.859,49201.592,2,102,613.537,242.547,NA,0,0,0,-108.435
1441,10,141,431.061,1120.96,49501.601,2,200,623.751,252.525,NA,10.214,0.034,98.531,98.531
1442,10,142,421.465,1127.02,49801.611,2,134,635.1,261.665,NA,11.35,0.038,147.724,49.194
1443,10,143,404.293,1143.182,50101.621,2,97,658.681,283.272,NA,23.581,0.079,136.736,-10.989
1444,10,144,393.182,1143.182,50401.63,2,90,669.793,287.987,NA,11.111,0.037,180,43.264
1445,10,145,380.051,1156.818,50701.64,2,120,688.724,306.066,NA,18.931,0.063,133.919,-46.081
1446,10,146,370.96,1158.838,51001.65,2,124,698.036,312.101,NA,9.313,0.031,167.471,33.552
1447,10,147,370.96,1155.808,51301.659,2,76,701.067,309.441,NA,3.03,0.01,-90,102.529
1448,10,148,370.96,1150.758,51601.669,2,130,706.117,305.025,NA,5.051,0.017,-90,0
1449,10,149,367.929,1150.758,51901.679,2,11,709.147,306.516,NA,3.03,0.01,180,-90
1450,10,150,362.374,1165.909,52201.689,2,116,725.285,322.439,NA,16.138,0.054,110.136,-69.864
1451,10,151,356.818,1182.576,52501.698,2,104,742.853,339.711,NA,17.568,0.059,108.435,-1.701
1452,10,152,348.737,1182.576,52801.708,2,114,750.934,343.665,NA,8.081,0.027,180,71.565
1453,10,153,335.101,1204.798,53101.718,2,78,777.007,369.727,NA,26.073,0.087,121.535,-58.465
1454,10,154,326.515,1204.798,53401.727,2,2,785.593,374.094,NA,8.586,0.029,180,58.465
1455,10,155,343.687,1191.667,53701.737,2,215,807.21,354.063,NA,21.617,0.072,-37.405,142.595
1456,10,156,349.747,1192.172,54001.747,2,82,813.291,351.527,NA,6.082,0.02,4.764,42.169
1457,10,157,358.838,1192.172,54301.757,2,100,822.382,347.217,NA,9.091,0.03,0,-4.764
1458,10,158,358.838,1192.172,54601.766,2,103,822.382,347.217,NA,0,0,0,0
1459,10,159,365.404,1192.172,54901.776,2,49,828.948,344.22,NA,6.566,0.022,0,0
1460,10,160,360.354,1164.394,55201.786,2,80,857.181,322.115,NA,28.233,0.094,-100.305,-100.305
1461,10,161,345.707,1149.242,55501.795,2,62,878.255,316.857,NA,21.073,0.07,-134.029,-33.724
1462,10,162,330.556,1147.222,55801.805,2,85,893.54,323.794,NA,15.286,0.051,-172.405,-38.376
1463,10,163,325,1143.687,56101.815,2,139,900.125,324.243,NA,6.585,0.022,-147.529,24.877
1464,10,164,325,1143.687,56401.824,2,85,900.125,324.243,NA,0,0,0,147.529
1465,10,165,307.323,1143.687,56701.834,2,33,917.802,335.169,NA,17.677,0.059,180,180
1466,10,166,286.111,1143.687,57001.844,2,158,939.014,349.011,NA,21.212,0.071,180,0
1467,10,167,284.596,1158.333,57301.854,2,214,953.739,361.003,NA,14.725,0.049,95.906,-84.094
1468,10,168,283.081,1150.758,57601.863,2,152,961.465,356.299,NA,7.726,0.026,-101.31,162.784
1469,10,169,282.576,1150.758,57901.873,2,100,961.97,356.635,NA,0.505,0.002,180,-78.69
1470,10,170,263.889,1148.232,58201.883,2,99,980.826,367.52,NA,18.857,0.063,-172.304,7.696
1471,10,171,248.232,1142.172,58501.892,2,124,997.615,374.4,NA,16.789,0.056,-158.839,13.465
1472,10,172,238.636,1138.131,58801.902,2,147,1008.027,378.705,NA,10.412,0.035,-157.166,1.672
1473,10,173,230.556,1137.121,59101.912,2,94,1016.171,384.081,NA,8.144,0.027,-172.875,-15.709
1474,10,174,230.556,1137.121,59401.922,2,123,1016.171,384.081,NA,0,0,0,172.875
1475,10,175,230.556,1137.121,59701.931,2,119,1016.171,384.081,NA,0,0,0,0
1476,10,176,223.99,1137.121,60001.941,2,133,1022.736,389.052,NA,6.566,0.022,180,180
1477,10,177,223.99,1135.606,60301.951,2,162,1024.251,388.07,NA,1.515,0.005,-90,90
1478,10,178,223.99,1135.606,60601.96,2,213,1024.251,388.07,NA,0,0,0,90
1479,10,179,223.99,1128.03,60901.97,2,110,1031.827,383.213,NA,7.576,0.025,-90,-90
1480,10,180,223.99,1128.03,61201.98,2,91,1031.827,383.213,NA,0,0,0,90
1481,10,181,222.475,1135.101,61501.989,2,126,1039.058,388.901,NA,7.231,0.024,102.095,102.095
1482,10,182,222.475,1135.101,61801.999,2,100,1039.058,388.901,NA,0,0,0,-102.095
1483,10,183,222.475,1135.101,62102.009,2,94,1039.058,388.901,NA,0,0,0,0
1484,10,184,222.475,1135.101,62402.019,2,112,1039.058,388.901,NA,0,0,0,0
1485,10,185,222.475,1135.101,62702.028,2,115,1039.058,388.901,NA,0,0,0,0
1486,10,186,222.475,1135.101,63002.038,2,91,1039.058,388.901,NA,0,0,0,0
1487,10,187,222.475,1141.667,63302.048,2,93,1045.624,393.162,NA,6.566,0.022,90,90
1488,10,188,222.475,1141.667,63602.057,2,120,1045.624,393.162,NA,0,0,0,-90
1489,10,189,222.475,1132.576,63902.067,2,73,1054.715,387.279,NA,9.091,0.03,-90,-90
1490,10,190,223.485,1132.576,64202.077,2,65,1055.725,386.504,NA,1.01,0.003,0,90
1491,10,191,226.01,1132.576,64502.086,2,197,1058.25,384.57,NA,2.525,0.008,0,0
1492,10,192,222.98,1132.576,64802.096,2,80,1061.281,386.891,NA,3.03,0.01,180,180
1493,10,193,215.404,1132.576,65102.106,2,174,1068.856,392.736,NA,7.576,0.025,180,0
1494,10,194,209.343,1132.576,65402.116,2,109,1074.917,397.455,NA,6.061,0.02,180,0
1495,10,195,199.747,1132.576,65702.125,2,102,1084.513,404.998,NA,9.596,0.032,180,0
1496,10,196,199.747,1132.576,66002.135,2,61,1084.513,404.998,NA,0,0,0,-180
1497,10,197,199.747,1132.576,66302.145,2,102,1084.513,404.998,NA,0,0,0,0
1498,10,198,199.747,1132.576,66602.154,2,97,1084.513,404.998,NA,0,0,0,0
1499,10,199,199.747,1132.576,66902.164,2,73,1084.513,404.998,NA,0,0,0,0
1500,10,200,183.586,1122.98,67202.174,2,87,1103.309,412.271,NA,18.796,0.063,-149.3,-149.3
1501,10,201,167.424,1115.404,67502.184,2,67,1121.158,421.363,NA,17.849,0.059,-154.885,-5.585
1502,10,202,167.424,1115.404,67802.193,2,75,1121.158,421.363,NA,0,0,0,154.885
1503,10,203,155.808,1106.818,68102.203,2,75,1135.602,426.593,NA,14.445,0.048,-143.531,-143.531
1504,10,204,150.253,1088.636,68402.213,2,114,1154.614,422.266,NA,19.012,0.063,-106.991,36.54
1505,10,205,141.667,1098.232,68702.222,2,88,1167.49,434.44,NA,12.876,0.043,131.82,-121.189
1506,10,206,141.667,1098.232,69002.232,2,89,1167.49,434.44,NA,0,0,0,-131.82
1507,10,207,141.667,1098.232,69302.242,2,110,1167.49,434.44,NA,0,0,0,0
1508,10,208,141.667,1098.232,69602.251,2,187,1167.49,434.44,NA,0,0,0,0
1509,10,209,141.667,1098.232,69902.261,2,132,1167.49,434.44,NA,0,0,0,0
1510,10,210,141.667,1098.232,70202.271,2,106,1167.49,434.44,NA,0,0,0,0
1511,10,211,139.141,1096.212,70502.281,2,84,1170.724,435.656,NA,3.234,0.011,-141.34,-141.34
1512,10,212,137.626,1096.212,70802.29,2,115,1172.239,436.981,NA,1.515,0.005,180,-38.66
1513,10,213,137.626,1101.263,71102.3,2,96,1177.29,439.449,NA,5.051,0.017,90,-90
1514,10,214,137.626,1104.293,71402.31,2,124,1180.32,440.951,NA,3.03,0.01,90,0
1515,10,215,137.626,1108.333,71702.319,2,98,1184.361,442.978,NA,4.04,0.013,90,0
1516,10,217,140.152,1104.293,72002.329,2,57,1189.125,438.763,NA,4.765,0.016,-57.995,-147.995
1517,11,1,466.667,982.576,11700.378,2,78,0,0,NA,NA,NA,NA,NA
1518,11,2,464.394,982.576,12000.388,2,81,2.273,2.273,NA,2.273,0.008,180,NA
1519,11,3,462.879,983.333,12300.398,2,103,3.967,3.863,NA,1.694,0.006,153.435,-26.565
1520,11,4,459.091,982.576,12600.408,2,72,7.83,7.576,NA,3.863,0.013,-168.69,37.875
1521,11,5,448.485,982.576,12900.417,2,138,18.436,18.182,NA,10.606,0.035,180,-11.31
1522,11,6,448.485,982.576,13200.427,2,103,18.436,18.182,NA,0,0,0,-180
1523,11,7,451.515,977.273,13500.437,2,87,24.543,16.053,NA,6.108,0.02,-60.255,-60.255
1524,11,8,451.515,977.273,13800.446,2,90,24.543,16.053,NA,0,0,0,60.255
1525,11,9,451.515,977.273,14100.456,2,102,24.543,16.053,NA,0,0,0,0
1526,11,10,457.576,976.515,14400.466,2,92,30.651,10.926,NA,6.108,0.02,-7.125,-7.125
1527,11,11,457.576,976.515,14700.476,2,116,30.651,10.926,NA,0,0,0,7.125
1528,11,12,459.848,971.97,15000.485,2,144,35.733,12.609,NA,5.082,0.017,-63.435,-63.435
1529,11,13,456.818,971.97,15300.495,2,82,38.763,14.473,NA,3.03,0.01,180,-116.565
1530,11,14,456.818,971.97,15600.505,2,67,38.763,14.473,NA,0,0,0,-180
1531,11,15,456.818,976.01,15900.514,2,96,42.804,11.836,NA,4.04,0.013,90,90
1532,11,16,456.818,980.051,16200.524,2,85,46.844,10.167,NA,4.04,0.013,90,0
1533,11,17,456.818,983.586,16500.534,2,102,50.38,9.9,NA,3.535,0.012,90,0
1534,11,18,456.818,983.586,16800.543,2,83,50.38,9.9,NA,0,0,0,-90
1535,11,19,460.859,983.586,17100.553,2,73,54.42,5.895,NA,4.04,0.013,0,0
1536,11,20,460.859,983.586,17400.563,2,82,54.42,5.895,NA,0,0,0,0
1537,11,21,460.859,983.586,17700.573,2,136,54.42,5.895,NA,0,0,0,0
1538,11,22,460.859,983.586,18000.582,2,95,54.42,5.895,NA,0,0,0,0
1539,11,23,465.909,981.061,18300.592,2,99,60.067,1.694,NA,5.647,0.019,-26.565,-26.565
1540,11,24,465.909,981.061,18600.602,2,53,60.067,1.694,NA,0,0,0,26.565
1541,11,25,466.919,983.081,18900.611,2,116,62.325,0.565,NA,2.259,0.008,63.435,63.435
1542,11,26,466.919,985.101,19200.621,2,96,64.346,2.538,NA,2.02,0.007,90,26.565
1543,11,27,466.919,985.101,19500.631,2,49,64.346,2.538,NA,0,0,0,-90
1544,11,28,465.404,985.101,19800.641,2,79,65.861,2.823,NA,1.515,0.005,180,180
1545,11,29,461.869,985.101,20100.65,2,130,69.396,5.422,NA,3.535,0.012,180,0
1546,11,30,459.848,985.101,20400.66,2,108,71.416,7.271,NA,2.02,0.007,180,0
1547,11,31,459.848,982.576,20700.67,2,75,73.942,6.818,NA,2.525,0.008,-90,90
1548,11,32,458.838,976.515,21000.679,2,94,80.086,9.9,NA,6.144,0.02,-99.462,-9.462
1549,11,33,455.303,976.515,21300.689,2,95,83.621,12.879,NA,3.535,0.012,180,-80.538
1550,11,34,453.788,985.101,21600.699,2,64,92.34,13.124,NA,8.719,0.029,100.008,-79.992
1551,11,35,447.222,985.101,21900.708,2,137,98.905,19.608,NA,6.566,0.022,180,79.992
1552,11,36,447.222,985.101,22200.718,2,113,98.905,19.608,NA,0,0,0,-180
1553,11,37,441.162,993.687,22500.728,2,116,109.415,27.82,NA,10.509,0.035,125.218,125.218
1554,11,38,441.162,993.687,22800.738,2,112,109.415,27.82,NA,0,0,0,-125.218
1555,11,39,441.162,993.687,23100.747,2,68,109.415,27.82,NA,0,0,0,0
1556,11,40,441.162,993.687,23400.757,2,122,109.415,27.82,NA,0,0,0,0
1557,11,41,441.162,993.687,23700.767,2,130,109.415,27.82,NA,0,0,0,0
1558,11,42,441.162,989.141,24000.776,2,3,113.96,26.337,NA,4.545,0.015,-90,-90
1559,11,43,448.232,978.535,24300.786,2,66,126.707,18.872,NA,12.747,0.042,-56.31,33.69
1560,11,44,448.232,971.97,24600.796,2,43,133.273,21.268,NA,6.566,0.022,-90,-33.69
1561,11,45,448.232,971.97,24900.805,2,26,133.273,21.268,NA,0,0,0,90
1562,11,46,457.323,978.535,25200.815,2,44,144.487,10.18,NA,11.214,0.037,35.838,35.838
1563,11,47,462.374,983.586,25500.825,2,61,151.629,4.41,NA,7.142,0.024,45,9.162
1564,11,48,457.323,984.596,25800.835,2,64,156.78,9.559,NA,5.151,0.017,168.69,123.69
1565,11,49,446.717,984.596,26100.844,2,66,167.386,20.052,NA,10.606,0.035,180,11.31
1566,11,50,446.717,984.596,26400.854,2,79,167.386,20.052,NA,0,0,0,-180
1567,11,51,446.212,984.596,26700.864,2,99,167.891,20.554,NA,0.505,0.002,180,180
1568,11,52,441.162,996.717,27000.873,2,99,181.022,29.163,NA,13.131,0.044,112.62,-67.38
1569,11,53,441.162,996.717,27300.883,2,73,181.022,29.163,NA,0,0,0,-112.62
1570,11,54,447.727,996.717,27600.893,2,68,187.588,23.636,NA,6.566,0.022,0,0
1571,11,55,446.717,992.677,27900.903,2,55,191.752,22.361,NA,4.165,0.014,-104.036,-104.036
1572,11,56,449.242,991.162,28200.912,2,70,194.697,19.425,NA,2.945,0.01,-30.964,73.072
1573,11,57,451.768,980.556,28500.922,2,51,205.6,15.035,NA,10.903,0.036,-76.608,-45.644
1574,11,58,458.333,970.96,28800.932,2,104,217.227,14.296,NA,11.627,0.039,-55.62,20.988
1575,11,59,458.333,970.96,29100.941,2,120,217.227,14.296,NA,0,0,0,55.62
1576,11,60,464.899,968.939,29400.951,2,90,224.097,13.75,NA,6.869,0.023,-17.103,-17.103
1577,11,61,472.475,968.939,29700.961,2,69,231.672,14.822,NA,7.576,0.025,0,17.103
1578,11,62,473.485,971.465,30000.97,2,49,234.392,13.036,NA,2.72,0.009,68.199,68.199
1579,11,63,473.485,979.545,30300.98,2,62,242.473,7.461,NA,8.081,0.027,90,21.801
1580,11,64,479.04,986.111,30600.99,2,64,251.074,12.869,NA,8.601,0.029,49.764,-40.236
1581,11,65,482.071,998.737,30901,2,67,264.058,22.327,NA,12.985,0.043,76.504,26.741
1582,11,66,480.051,1002.778,31201.009,2,61,268.576,24.233,NA,4.517,0.015,116.565,40.061
1583,11,67,477.02,1013.889,31501.019,2,102,280.093,32.98,NA,11.517,0.038,105.255,-11.31
1584,11,68,480.556,1019.444,31801.029,2,123,286.678,39.398,NA,6.585,0.022,57.529,-47.726
1585,11,69,485.101,1020.96,32101.038,2,80,291.469,42.581,NA,4.791,0.016,18.435,-39.094
1586,11,70,485.101,1024.495,32401.048,2,96,295.004,45.793,NA,3.535,0.012,90,71.565
1587,11,71,486.616,1025.505,32701.058,2,101,296.825,47.338,NA,1.821,0.006,33.69,-56.31
1588,11,72,480.556,1036.111,33001.068,2,54,309.041,55.308,NA,12.216,0.041,119.745,86.055
1589,11,73,480.556,1036.111,33301.077,2,61,309.041,55.308,NA,0,0,0,-119.745
1590,11,74,473.485,1036.111,33601.087,2,84,316.112,53.968,NA,7.071,0.024,180,180
1591,11,75,473.485,1036.111,33901.097,2,65,316.112,53.968,NA,0,0,0,-180
1592,11,76,473.485,1032.576,34201.106,2,83,319.647,50.463,NA,3.535,0.012,-90,-90
1593,11,77,473.485,1019.949,34501.116,2,71,332.273,37.991,NA,12.626,0.042,-90,0
1594,11,78,473.485,1019.949,34801.126,2,81,332.273,37.991,NA,0,0,0,90
1595,11,79,471.97,1019.949,35101.135,2,79,333.788,37.748,NA,1.515,0.005,180,180
1596,11,80,465.909,1019.949,35401.145,2,136,339.849,37.381,NA,6.061,0.02,180,0
1597,11,81,461.869,1023.99,35701.155,2,94,345.563,41.691,NA,5.714,0.019,135,-45
1598,11,82,461.869,1023.99,36001.165,2,139,345.563,41.691,NA,0,0,0,-135
1599,11,83,461.364,1029.04,36301.174,2,77,350.639,46.766,NA,5.076,0.017,95.711,95.711
1600,11,84,458.838,1029.04,36601.184,2,87,353.164,47.119,NA,2.525,0.008,180,84.289
1601,11,85,451.768,1029.04,36901.194,2,153,360.235,48.795,NA,7.071,0.024,180,0
1602,11,86,451.768,1029.04,37201.203,2,68,360.235,48.795,NA,0,0,0,-180
1603,11,87,451.263,1031.061,37501.213,2,113,362.317,50.873,NA,2.082,0.007,104.036,104.036
1604,11,88,451.263,1031.061,37801.223,2,89,362.317,50.873,NA,0,0,0,-104.036
1605,11,89,454.798,1031.061,38101.232,2,77,365.852,49.916,NA,3.535,0.012,0,0
1606,11,90,467.424,1042.172,38401.242,2,96,382.671,59.601,NA,16.819,0.056,41.348,41.348
1607,11,91,484.596,1056.313,38701.252,2,111,404.916,75.886,NA,22.245,0.074,39.472,-1.875
1608,11,92,494.697,1060.354,39001.262,2,103,415.796,82.675,NA,10.879,0.036,21.801,-17.671
1609,11,93,511.364,1076.01,39301.271,2,181,438.663,103.575,NA,22.867,0.076,43.21,21.409
1610,11,94,520.96,1094.697,39601.281,2,129,459.669,124.575,NA,21.007,0.07,62.819,19.609
1611,11,95,511.364,1108.333,39901.291,2,118,476.344,133.465,NA,16.674,0.056,125.134,62.315
1612,11,96,511.364,1108.333,40201.3,2,90,476.344,133.465,NA,0,0,0,-125.134
1613,11,97,510.859,1124.495,40501.31,2,85,492.513,148.64,NA,16.17,0.054,91.79,91.79
1614,11,98,530.051,1150.253,40801.32,2,88,524.635,179.257,NA,32.121,0.107,53.31,-38.48
1615,11,99,532.071,1154.798,41101.33,2,97,529.609,184.223,NA,4.974,0.017,66.038,12.727
1616,11,100,540.152,1157.323,41401.339,2,133,538.075,189.57,NA,8.466,0.028,17.354,-48.683
1617,11,101,540.152,1169.949,41701.349,2,96,550.701,201.268,NA,12.626,0.042,90,72.646
1618,11,102,541.162,1188.636,42001.359,2,106,569.415,219.113,NA,18.714,0.062,86.906,-3.094
1619,11,103,541.162,1201.768,42301.368,2,111,582.547,231.505,NA,13.131,0.044,90,3.094
1620,11,104,550.253,1201.768,42601.378,2,110,591.638,234.588,NA,9.091,0.03,0,-90
1621,11,105,559.848,1222.475,42901.388,2,58,614.46,257.36,NA,22.822,0.076,65.136,65.136
1622,11,106,559.848,1244.697,43201.397,2,103,636.682,278.191,NA,22.222,0.074,90,24.864
1623,11,107,569.444,1274.495,43501.407,2,114,667.987,309.484,NA,31.305,0.104,72.15,-17.85
1624,11,108,576.515,1307.828,43801.417,2,117,702.062,343.301,NA,34.075,0.114,78.024,5.874
1625,11,109,586.111,1327.02,44101.427,2,130,723.52,364.567,NA,21.457,0.072,63.435,-14.589
1626,11,110,592.172,1345.707,44401.436,2,120,743.165,384.208,NA,19.645,0.065,72.031,8.596
1627,11,111,592.172,1345.707,44701.446,2,115,743.165,384.208,NA,0,0,0,-72.031
1628,11,112,592.172,1345.707,45001.456,2,85,743.165,384.208,NA,0,0,0,0
1629,11,113,586.111,1345.707,45301.465,2,154,749.225,382.271,NA,6.061,0.02,180,180
1630,11,114,586.111,1354.798,45601.475,2,120,758.316,390.917,NA,9.091,0.03,90,-90
1631,11,115,590.152,1360.354,45901.485,2,137,765.186,397.448,NA,6.869,0.023,53.973,-36.027
1632,11,116,590.152,1361.869,46201.495,2,146,766.701,398.888,NA,1.515,0.005,90,36.027
1633,11,117,590.152,1370.455,46501.504,2,213,775.287,407.061,NA,8.586,0.029,90,0
1634,11,118,590.152,1377.02,46801.514,2,133,781.852,413.322,NA,6.566,0.022,90,0
1635,11,119,590.152,1376.515,47101.524,2,149,782.357,412.84,NA,0.505,0.002,-90,-180
1636,11,120,595.202,1381.566,47401.533,2,71,789.5,419.183,NA,7.142,0.024,45,135
1637,11,121,591.667,1386.616,47701.543,2,105,795.665,422.935,NA,6.165,0.021,124.992,79.992
1638,11,122,582.576,1390.152,48001.553,2,106,805.419,423.737,NA,9.754,0.033,158.749,33.757
1639,11,123,582.576,1400.758,48301.562,2,126,816.025,433.948,NA,10.606,0.035,90,-68.749
1640,11,124,582.576,1400.758,48601.572,2,103,816.025,433.948,NA,0,0,0,-90
1641,11,125,578.03,1401.768,48901.582,2,150,820.681,433.732,NA,4.656,0.016,167.471,167.471
1642,11,126,578.03,1404.293,49201.592,2,210,823.207,436.173,NA,2.525,0.008,90,-77.471
1643,11,127,578.03,1404.293,49501.601,2,166,823.207,436.173,NA,0,0,0,-90
1644,11,128,586.111,1404.293,49801.611,2,186,831.287,438.306,NA,8.081,0.027,0,0
1645,11,129,592.677,1407.323,50101.621,2,235,838.519,443.045,NA,7.231,0.024,24.775,24.775
1646,11,130,601.263,1407.323,50401.63,2,104,847.104,445.563,NA,8.586,0.029,0,-24.775
1647,11,131,601.263,1407.323,50701.64,2,155,847.104,445.563,NA,0,0,0,0
1648,11,132,602.778,1412.879,51001.65,2,133,852.863,451.317,NA,5.758,0.019,74.745,74.745
1649,11,133,602.778,1417.424,51301.659,2,89,857.408,455.653,NA,4.545,0.015,90,15.255
1650,11,134,596.212,1417.424,51601.669,2,51,863.974,453.735,NA,6.566,0.022,180,90
1651,11,135,582.071,1420.96,51901.679,2,76,878.551,453.319,NA,14.577,0.049,165.964,-14.036
1652,11,136,577.02,1428.535,52201.689,2,73,887.656,459.41,NA,9.105,0.03,123.69,-42.274
1653,11,137,577.02,1428.535,52501.698,2,86,887.656,459.41,NA,0,0,0,-123.69
1654,11,138,568.939,1427.02,52801.708,2,76,895.877,456.06,NA,8.222,0.027,-169.38,-169.38
1655,11,139,565.909,1427.02,53101.718,2,103,898.907,455.39,NA,3.03,0.01,180,-10.62
1656,11,140,565.909,1427.02,53401.727,2,71,898.907,455.39,NA,0,0,0,-180
1657,11,141,565.909,1427.02,53701.737,2,72,898.907,455.39,NA,0,0,0,0
1658,11,142,563.384,1432.576,54001.747,2,97,905.01,460.276,NA,6.103,0.02,114.444,114.444
1659,11,143,558.333,1439.646,54301.757,2,103,913.699,466.172,NA,8.689,0.029,125.538,11.094
1660,11,144,558.333,1439.646,54601.766,2,119,913.699,466.172,NA,0,0,0,-125.538
1661,11,145,558.333,1439.646,54901.776,2,143,913.699,466.172,NA,0,0,0,0
1662,11,146,558.333,1439.646,55201.786,2,110,913.699,466.172,NA,0,0,0,0
1663,11,147,558.333,1448.737,55501.795,2,99,922.79,475.089,NA,9.091,0.03,90,90
1664,11,148,558.333,1448.737,55801.805,2,112,922.79,475.089,NA,0,0,0,-90
1665,11,149,558.333,1448.737,56101.815,2,66,922.79,475.089,NA,0,0,0,0
1666,11,150,558.333,1454.293,56401.824,2,4,928.346,480.541,NA,5.556,0.019,90,90
1667,11,151,559.343,1485.101,56701.834,2,4,959.17,511,NA,30.825,0.103,88.122,-1.878
1668,11,152,568.434,1544.192,57001.844,2,85,1018.956,570.762,NA,59.786,0.199,81.254,-6.868
1669,11,153,565.404,1544.192,57301.854,2,158,1021.987,570.23,NA,3.03,0.01,180,98.746
1670,12,1,414.899,676.01,12300.398,2,88,0,0,NA,NA,NA,NA,NA
1671,12,2,421.97,675,12600.408,2,82,7.142,7.142,NA,7.142,0.024,-8.13,NA
1672,12,3,411.869,676.01,12900.417,2,78,17.294,3.03,NA,10.151,0.034,174.289,-177.58
1673,12,4,410.354,684.091,13200.427,2,145,25.516,9.271,NA,8.222,0.027,100.62,-73.67
1674,12,5,400.758,684.091,13500.437,2,111,35.111,16.287,NA,9.596,0.032,180,79.38
1675,12,6,400.253,684.091,13800.446,2,142,35.617,16.728,NA,0.505,0.002,180,0
1676,12,7,400.253,684.091,14100.456,2,106,35.617,16.728,NA,0,0,0,-180
1677,12,8,404.798,687.121,14400.466,2,198,41.079,15.016,NA,5.463,0.018,33.69,33.69
1678,12,9,404.798,687.121,14700.476,2,170,41.079,15.016,NA,0,0,0,-33.69
1679,12,10,404.798,687.121,15000.485,2,129,41.079,15.016,NA,0,0,0,0
1680,12,11,409.848,687.121,15300.495,2,93,46.13,12.205,NA,5.051,0.017,0,0
1681,12,12,417.929,690.657,15600.505,2,60,54.95,14.957,NA,8.82,0.029,23.629,23.629
1682,12,13,430.556,694.192,15900.514,2,91,68.062,23.994,NA,13.112,0.044,15.642,-7.987
1683,12,14,415.404,694.697,16200.524,2,87,83.222,18.694,NA,15.16,0.051,178.091,162.449
1684,12,15,415.404,694.697,16500.534,2,157,83.222,18.694,NA,0,0,0,-178.091
1685,12,16,415.404,694.697,16800.543,2,178,83.222,18.694,NA,0,0,0,0
1686,12,17,415.404,694.697,17100.553,2,117,83.222,18.694,NA,0,0,0,0
1687,12,18,422.475,691.162,17400.563,2,2,91.127,16.94,NA,7.905,0.026,-26.565,-26.565
1688,12,19,432.576,691.162,17700.573,2,52,101.228,23.282,NA,10.101,0.034,0,26.565
1689,12,20,432.576,691.162,18000.582,2,101,101.228,23.282,NA,0,0,0,0
1690,12,21,432.576,691.162,18300.592,2,125,101.228,23.282,NA,0,0,0,0
1691,12,22,436.111,691.667,18600.602,2,140,104.8,26.364,NA,3.571,0.012,8.13,8.13
1692,12,23,436.111,691.667,18900.611,2,151,104.8,26.364,NA,0,0,0,-8.13
1693,12,24,437.121,690.657,19200.621,2,76,106.228,26.615,NA,1.428,0.005,-45,-45
1694,12,25,437.121,690.657,19500.631,2,106,106.228,26.615,NA,0,0,0,45
1695,12,26,440.152,685.101,19800.641,2,170,112.556,26.839,NA,6.328,0.021,-61.39,-61.39
1696,12,27,440.152,685.101,20100.65,2,118,112.556,26.839,NA,0,0,0,61.39
1697,12,28,447.222,685.101,20400.66,2,72,119.627,33.577,NA,7.071,0.024,0,0
1698,12,29,449.242,685.101,20700.67,2,82,121.647,35.526,NA,2.02,0.007,0,0
1699,12,30,449.242,685.101,21000.679,2,71,121.647,35.526,NA,0,0,0,0
1700,12,31,449.242,691.162,21300.689,2,79,127.708,37.537,NA,6.061,0.02,90,90
1701,12,32,449.242,684.596,21600.699,2,110,134.274,35.4,NA,6.566,0.022,-90,-180
1702,12,33,449.242,684.596,21900.708,2,154,134.274,35.4,NA,0,0,0,90
1703,12,34,447.222,688.131,22200.718,2,167,138.345,34.521,NA,4.072,0.014,119.745,119.745
1704,12,35,441.162,688.131,22500.728,2,162,144.406,28.925,NA,6.061,0.02,180,60.255
1705,12,36,441.162,688.131,22800.738,2,143,144.406,28.925,NA,0,0,0,-180
1706,12,37,441.162,688.131,23100.747,2,113,144.406,28.925,NA,0,0,0,0
1707,12,38,441.162,688.131,23400.757,2,153,144.406,28.925,NA,0,0,0,0
1708,12,39,441.162,688.131,23700.767,2,130,144.406,28.925,NA,0,0,0,0
1709,12,40,448.232,691.667,24000.776,2,113,152.311,36.827,NA,7.905,0.026,26.565,26.565
1710,12,41,448.232,691.667,24300.786,2,124,152.311,36.827,NA,0,0,0,-26.565
1711,12,42,448.232,691.667,24600.796,2,169,152.311,36.827,NA,0,0,0,0
1712,12,43,448.232,691.667,24900.805,2,132,152.311,36.827,NA,0,0,0,0
1713,12,44,452.778,691.162,25200.815,2,139,156.885,40.797,NA,4.573,0.015,-6.34,-6.34
1714,12,45,452.778,691.162,25500.825,2,122,156.885,40.797,NA,0,0,0,6.34
1715,12,46,452.778,693.687,25800.835,2,148,159.41,41.8,NA,2.525,0.008,90,90
1716,12,47,452.778,693.687,26100.844,2,155,159.41,41.8,NA,0,0,0,-90
1717,12,48,452.778,693.687,26400.854,2,101,159.41,41.8,NA,0,0,0,0
1718,12,49,452.778,693.687,26700.864,2,77,159.41,41.8,NA,0,0,0,0
1719,12,50,452.778,693.687,27000.873,2,88,159.41,41.8,NA,0,0,0,0
1720,12,51,441.162,693.687,27300.883,2,129,171.026,31.657,NA,11.616,0.039,180,180
1721,12,52,441.162,691.667,27600.893,2,147,173.046,30.575,NA,2.02,0.007,-90,90
1722,12,53,441.162,691.667,27900.903,2,216,173.046,30.575,NA,0,0,0,90
1723,12,54,441.162,691.667,28200.912,2,214,173.046,30.575,NA,0,0,0,0
1724,12,55,441.162,697.222,28500.922,2,204,178.602,33.759,NA,5.556,0.019,90,90
1725,12,56,441.162,697.222,28800.932,2,185,178.602,33.759,NA,0,0,0,-90
1726,12,57,444.192,697.222,29100.941,2,224,181.632,36.167,NA,3.03,0.01,0,0
1727,12,58,448.737,693.687,29400.951,2,12,187.391,38.177,NA,5.758,0.019,-37.875,-37.875
1728,12,59,447.727,686.616,29700.961,2,6,194.533,34.499,NA,7.142,0.024,-98.13,-60.255
1729,12,60,445.707,680.556,30000.97,2,162,200.922,31.142,NA,6.388,0.021,-108.435,-10.305
1730,12,61,445.707,680.556,30300.98,2,197,200.922,31.142,NA,0,0,0,108.435
1731,12,62,439.646,676.515,30600.99,2,171,208.206,24.753,NA,7.284,0.024,-146.31,-146.31
1732,12,63,435.101,676.515,30901,2,139,212.751,20.208,NA,4.545,0.015,180,-33.69
1733,12,64,435.101,676.515,31201.009,2,110,212.751,20.208,NA,0,0,0,-180
1734,12,65,429.545,676.515,31501.019,2,92,218.307,14.655,NA,5.556,0.019,180,180
1735,12,66,412.374,676.515,31801.029,2,147,235.478,2.575,NA,17.172,0.057,180,0
1736,12,67,412.374,676.515,32101.038,2,130,235.478,2.575,NA,0,0,0,-180
1737,12,68,395.707,678.03,32401.048,2,74,252.214,19.298,NA,16.735,0.056,174.806,174.806
1738,12,69,395.707,678.03,32701.058,2,117,252.214,19.298,NA,0,0,0,-174.806
1739,12,70,395.707,678.03,33001.068,2,158,252.214,19.298,NA,0,0,0,0
1740,12,71,394.697,682.576,33301.077,2,130,256.87,21.242,NA,4.656,0.016,102.529,102.529
1741,12,72,394.697,682.576,33601.087,2,122,256.87,21.242,NA,0,0,0,-102.529
1742,12,73,393.182,685.606,33901.097,2,120,260.258,23.743,NA,3.388,0.011,116.565,116.565
1743,12,74,391.162,686.111,34201.106,2,116,262.34,25.797,NA,2.082,0.007,165.964,49.399
1744,12,75,382.576,686.111,34501.116,2,143,270.926,33.865,NA,8.586,0.029,180,14.036
1745,12,76,379.545,686.111,34801.126,2,106,273.957,36.768,NA,3.03,0.01,180,0
1746,12,77,379.545,686.111,35101.135,2,168,273.957,36.768,NA,0,0,0,-180
1747,12,78,388.131,689.141,35401.145,2,147,283.061,29.815,NA,9.105,0.03,19.44,19.44
1748,12,79,388.131,694.192,35701.155,2,111,288.112,32.359,NA,5.051,0.017,90,70.56
1749,12,80,378.535,696.717,36001.165,2,74,298.035,41.846,NA,9.923,0.033,165.256,75.256
1750,12,81,378.535,696.717,36301.174,2,135,298.035,41.846,NA,0,0,0,-165.256
1751,12,82,368.434,694.192,36601.184,2,98,308.447,49.895,NA,10.412,0.035,-165.964,-165.964
1752,12,83,358.333,690.657,36901.194,2,145,319.148,58.431,NA,10.702,0.036,-160.71,5.254
1753,12,84,327.02,687.626,37201.203,2,148,350.608,88.643,NA,31.459,0.105,-174.472,-13.763
1754,12,85,325.505,684.596,37501.213,2,152,353.996,89.805,NA,3.388,0.011,-116.565,57.907
1755,12,86,318.434,684.091,37801.223,2,204,361.084,96.803,NA,7.089,0.024,-175.914,-59.349
1756,12,87,316.414,686.616,38101.232,2,168,364.318,99.054,NA,3.234,0.011,128.66,-55.426
1757,12,88,295.707,686.616,38401.242,2,193,385.025,119.663,NA,20.707,0.069,180,51.34
1758,12,89,288.131,690.657,38701.252,2,160,393.611,127.611,NA,8.586,0.029,151.928,-28.072
1759,12,90,279.04,686.616,39001.262,2,172,403.56,136.272,NA,9.948,0.033,-156.038,52.035
1760,12,91,268.939,686.111,39301.271,2,204,413.673,146.309,NA,10.114,0.034,-177.138,-21.1
1761,12,92,252.273,684.091,39601.281,2,208,430.462,162.827,NA,16.789,0.056,-173.089,4.049
1762,12,93,252.273,683.586,39901.291,2,44,430.967,162.803,NA,0.505,0.002,-90,83.089
1763,12,94,227.02,683.586,40201.3,2,54,456.22,188.031,NA,25.253,0.084,180,-90
1764,12,95,208.333,683.586,40501.31,2,108,474.906,206.705,NA,18.687,0.062,180,0
1765,13,1,503.788,592.424,3600.116,2,39,0,0,NA,NA,NA,NA,NA
1766,13,2,496.97,589.015,3900.126,2,50,7.623,7.623,NA,7.623,0.025,-153.435,NA
1767,13,3,496.97,589.015,4200.136,2,63,7.623,7.623,NA,0,0,0,153.435
1768,13,4,493.939,585.985,4500.146,2,35,11.908,11.767,NA,4.285,0.014,-135,-135
1769,13,5,488.636,578.788,4800.155,2,33,20.848,20.384,NA,8.94,0.03,-126.384,8.616
1770,13,6,495.833,578.788,5100.165,2,21,28.045,15.787,NA,7.197,0.024,0,126.384
1771,13,7,496.97,577.652,5400.175,2,68,29.652,16.27,NA,1.607,0.005,-45,-45
1772,13,8,496.97,577.652,5700.184,2,144,29.652,16.27,NA,0,0,0,45
1773,13,9,496.97,577.652,6000.194,2,108,29.652,16.27,NA,0,0,0,0
1774,13,10,496.97,577.652,6300.204,2,102,29.652,16.27,NA,0,0,0,0
1775,13,11,496.97,577.652,6600.214,2,55,29.652,16.27,NA,0,0,0,0
1776,13,12,496.97,577.652,6900.223,2,44,29.652,16.27,NA,0,0,0,0
1777,13,13,494.697,585.227,7200.233,2,30,37.562,11.595,NA,7.909,0.026,106.699,106.699
1778,13,14,494.697,581.061,7500.243,2,26,41.728,14.553,NA,4.167,0.014,-90,163.301
1779,13,15,494.697,575.379,7800.252,2,56,47.41,19.318,NA,5.682,0.019,-90,0
1780,13,16,494.697,575.379,8100.262,2,56,47.41,19.318,NA,0,0,0,90
1781,13,17,494.697,575.379,8400.272,2,49,47.41,19.318,NA,0,0,0,0
1782,13,18,494.697,575.379,8700.281,2,33,47.41,19.318,NA,0,0,0,0
1783,13,19,494.697,575.379,9000.291,2,65,47.41,19.318,NA,0,0,0,0
1784,13,20,494.697,575.379,9300.301,2,62,47.41,19.318,NA,0,0,0,0
1785,13,21,496.212,577.273,9600.311,2,65,49.835,16.94,NA,2.425,0.008,51.34,51.34
1786,13,22,496.212,577.273,9900.32,2,80,49.835,16.94,NA,0,0,0,-51.34
1787,13,23,496.212,577.273,10200.33,2,154,49.835,16.94,NA,0,0,0,0
1788,13,24,496.212,577.273,10500.34,2,119,49.835,16.94,NA,0,0,0,0
1789,13,25,496.212,580.303,10800.349,2,64,52.866,14.294,NA,3.03,0.01,90,90
1790,13,26,496.212,588.636,11100.359,2,89,61.199,8.47,NA,8.333,0.028,90,0
1791,13,27,496.212,588.636,11400.369,2,81,61.199,8.47,NA,0,0,0,-90
1792,13,28,490.152,585.227,11700.378,2,114,68.153,15.419,NA,6.954,0.023,-150.642,-150.642
1793,13,29,490.152,578.788,12000.388,2,63,74.592,19.285,NA,6.439,0.021,-90,60.642
1794,13,30,490.152,578.788,12300.398,2,52,74.592,19.285,NA,0,0,0,90
1795,13,31,491.288,578.788,12600.408,2,58,75.728,18.499,NA,1.136,0.004,0,0
1796,13,32,495.455,578.788,12900.417,2,47,79.895,15.981,NA,4.167,0.014,0,0
1797,13,33,498.485,578.788,13200.427,2,120,82.925,14.631,NA,3.03,0.01,0,0
1798,13,34,491.667,578.788,13500.437,2,97,89.744,18.245,NA,6.818,0.023,180,180
1799,13,35,491.667,582.576,13800.446,2,74,93.531,15.618,NA,3.788,0.013,90,-90
1800,13,36,486.742,577.652,14100.456,2,64,100.495,22.556,NA,6.964,0.023,-135,135
1801,13,37,486.364,575.758,14400.466,2,58,102.427,24.112,NA,1.931,0.006,-101.31,33.69
1802,13,38,486.364,575.758,14700.476,2,100,102.427,24.112,NA,0,0,0,101.31
1803,13,39,496.591,575.758,15000.485,2,19,112.654,18.154,NA,10.227,0.034,0,0
1804,13,40,495.455,583.712,15300.495,2,65,120.689,12.056,NA,8.035,0.027,98.13,98.13
1805,13,41,490.909,582.197,15600.505,2,84,125.481,16.446,NA,4.791,0.016,-161.565,100.305
1806,13,42,490.909,582.197,15900.514,2,56,125.481,16.446,NA,0,0,0,161.565
1807,13,43,490.909,582.197,16200.524,2,107,125.481,16.446,NA,0,0,0,0
1808,13,44,487.879,589.015,16500.534,2,102,132.942,16.27,NA,7.461,0.025,113.962,113.962
1809,13,45,487.879,589.773,16800.543,2,120,133.7,16.129,NA,0.758,0.003,90,-23.962
1810,13,46,494.697,590.909,17100.553,2,75,140.612,9.216,NA,6.912,0.023,9.462,-80.538
1811,13,47,494.697,590.909,17400.563,2,98,140.612,9.216,NA,0,0,0,-9.462
1812,13,48,490.53,592.045,17700.573,2,90,144.931,13.263,NA,4.319,0.014,164.745,164.745
1813,13,49,487.5,592.424,18000.582,2,139,147.985,16.288,NA,3.054,0.01,172.875,8.13
1814,13,50,484.47,598.106,18300.592,2,88,154.424,20.136,NA,6.439,0.021,118.072,-54.802
1815,13,51,481.439,593.561,18600.602,2,99,159.887,22.377,NA,5.463,0.018,-123.69,118.237
1816,13,52,479.167,592.803,18900.611,2,55,162.283,24.624,NA,2.396,0.008,-161.565,-37.875
1817,13,53,479.167,592.803,19200.621,2,75,162.283,24.624,NA,0,0,0,161.565
1818,13,54,473.864,588.258,19500.631,2,114,169.267,30.213,NA,6.985,0.023,-139.399,-139.399
1819,13,55,463.258,587.5,19800.641,2,110,179.9,40.828,NA,10.633,0.035,-175.914,-36.516
1820,13,56,463.258,587.121,20100.65,2,75,180.279,40.876,NA,0.379,0.001,-90,85.914
1821,13,57,470.833,582.576,20400.66,2,26,189.114,34.395,NA,8.835,0.029,-30.964,59.036
1822,13,58,467.424,581.439,20700.67,2,61,192.707,37.987,NA,3.593,0.012,-161.565,-130.601
1823,13,59,467.424,581.439,21000.679,2,106,192.707,37.987,NA,0,0,0,161.565
1824,13,60,467.424,572.348,21300.689,2,74,201.798,41.537,NA,9.091,0.03,-90,-90
1825,13,61,467.424,572.348,21600.699,2,70,201.798,41.537,NA,0,0,0,90
1826,13,62,471.212,578.03,21900.708,2,61,208.627,35.614,NA,6.829,0.023,56.31,56.31
1827,13,63,471.212,578.03,22200.718,2,65,208.627,35.614,NA,0,0,0,-56.31
1828,13,64,458.333,576.894,22500.728,2,84,221.556,48.034,NA,12.929,0.043,-174.958,-174.958
1829,13,65,458.712,573.485,22800.738,2,48,224.986,48.893,NA,3.43,0.011,-83.66,91.298
1830,13,66,453.409,570.833,23100.747,2,57,230.915,54.81,NA,5.929,0.02,-153.435,-69.775
1831,13,67,453.409,570.833,23400.757,2,77,230.915,54.81,NA,0,0,0,153.435
1832,13,68,453.409,567.803,23700.767,2,64,233.945,56.073,NA,3.03,0.01,-90,-90
1833,13,69,456.818,566.667,24000.776,2,74,237.538,53.569,NA,3.593,0.012,-18.435,71.565
1834,13,70,456.818,560.227,24300.786,2,79,243.978,56.946,NA,6.439,0.021,-90,-71.565
1835,13,71,462.5,553.409,24600.796,2,37,252.853,56.806,NA,8.875,0.03,-50.194,39.806
1836,13,72,462.5,548.864,24900.805,2,100,257.399,60.018,NA,4.545,0.015,-90,-39.806
1837,13,73,462.5,548.864,25200.815,2,35,257.399,60.018,NA,0,0,0,90
1838,13,74,460.606,539.773,25500.825,2,89,266.685,68.094,NA,9.286,0.031,-101.768,-101.768
1839,13,75,450.758,539.394,25800.835,2,62,276.54,74.996,NA,9.856,0.033,-177.797,-76.029
1840,13,76,448.106,539.394,26100.844,2,86,279.192,76.894,NA,2.652,0.009,180,-2.203
1841,13,77,451.515,532.955,26400.854,2,52,286.478,79.178,NA,7.286,0.024,-62.103,117.897
1842,13,78,451.515,532.955,26700.864,2,97,286.478,79.178,NA,0,0,0,62.103
1843,13,79,443.182,532.576,27000.873,2,91,294.82,85.176,NA,8.342,0.028,-177.397,-177.397
1844,13,80,443.182,524.621,27300.883,2,67,302.775,90.941,NA,7.955,0.027,-90,87.397
1845,13,81,437.5,519.318,27600.893,2,138,310.547,98.684,NA,7.772,0.026,-136.975,-46.975
1846,13,82,437.5,519.318,27900.903,2,70,310.547,98.684,NA,0,0,0,136.975
1847,13,83,425,509.091,28200.912,2,78,326.697,114.682,NA,16.151,0.054,-140.711,-140.711
1848,13,84,409.47,508.333,28500.922,2,143,342.246,126.361,NA,15.549,0.052,-177.207,-36.497
1849,13,85,405.303,509.091,28800.932,2,73,346.481,129.011,NA,4.235,0.014,169.695,-13.098
1850,13,86,405.303,501.515,29100.941,2,69,354.057,134.029,NA,7.576,0.025,-90,100.305
1851,13,87,407.197,501.515,29400.951,2,148,355.951,132.643,NA,1.894,0.006,0,90
1852,13,88,404.924,497.348,29700.961,2,97,360.697,137.162,NA,4.746,0.016,-118.61,-118.61
1853,13,89,404.924,497.348,30000.97,2,143,360.697,137.162,NA,0,0,0,118.61
1854,13,90,397.348,497.348,30300.98,2,171,368.273,142.719,NA,7.576,0.025,180,180
1855,13,91,397.348,496.591,30600.99,2,110,369.03,143.225,NA,0.758,0.003,-90,90
1856,13,92,396.212,491.667,30901,2,101,374.084,147.393,NA,5.054,0.017,-102.995,-12.995
1857,13,93,396.212,491.667,31201.009,2,55,374.084,147.393,NA,0,0,0,102.995
1858,13,94,392.424,494.318,31501.019,2,104,378.708,148.414,NA,4.624,0.015,145.008,145.008
1859,13,95,391.288,496.212,31801.029,2,140,380.916,148.03,NA,2.209,0.007,120.964,-24.044
1860,13,96,395.833,500.379,32101.038,2,119,387.083,141.868,NA,6.166,0.021,42.51,-78.453
1861,13,97,402.273,500.379,32401.048,2,85,393.522,137.032,NA,6.439,0.021,0,-42.51
1862,13,98,402.652,500.758,32701.058,2,117,394.058,136.497,NA,0.536,0.002,45,45
1863,13,99,402.652,501.894,33001.068,2,161,395.194,135.736,NA,1.136,0.004,90,45
1864,13,100,395.455,497.348,33301.077,2,76,403.706,144.137,NA,8.512,0.028,-147.724,122.276
1865,13,101,395.455,487.879,33601.087,2,110,413.176,150.552,NA,9.47,0.032,-90,57.724
1866,13,102,386.742,487.879,33901.097,2,104,421.888,156.938,NA,8.712,0.029,180,-90
1867,13,103,377.652,487.879,34201.106,2,89,430.979,163.83,NA,9.091,0.03,180,0
1868,13,104,380.682,495.076,34501.116,2,176,438.788,156.945,NA,7.809,0.026,67.166,-112.834
1869,13,105,367.424,495.076,34801.126,2,95,452.046,167.546,NA,13.258,0.044,180,112.834
1870,13,106,367.045,491.667,35101.135,2,45,455.476,169.855,NA,3.43,0.011,-96.34,83.66
1871,13,107,360.227,484.091,35401.145,2,81,465.668,179.849,NA,10.192,0.034,-131.987,-35.647
1872,13,108,354.167,475,35701.155,2,89,476.594,190.197,NA,10.926,0.036,-123.69,8.297
1873,13,109,354.167,475,36001.165,2,67,476.594,190.197,NA,0,0,0,123.69
1874,13,110,342.803,473.485,36301.174,2,106,488.058,200.157,NA,11.464,0.038,-172.405,-172.405
1875,13,111,329.924,460.227,36601.184,2,108,506.541,218.414,NA,18.483,0.062,-134.17,38.236
1876,13,112,317.424,454.167,36901.194,2,185,520.433,232.049,NA,13.892,0.046,-154.134,-19.964
1877,13,113,307.576,448.485,37201.203,2,164,531.803,243.347,NA,11.37,0.038,-150.018,4.115
1878,13,114,307.576,439.773,37501.213,2,155,540.515,248.599,NA,8.712,0.029,-90,60.018
1879,13,115,312.121,439.773,37801.223,2,135,545.06,245.028,NA,4.545,0.015,0,90
1880,13,116,312.121,432.197,38101.232,2,96,552.636,249.818,NA,7.576,0.025,-90,-90
1881,13,117,313.636,420.455,38401.242,2,90,564.476,256.381,NA,11.84,0.039,-82.648,7.352
1882,13,118,317.424,407.955,38701.252,2,150,577.537,262.222,NA,13.061,0.044,-73.142,9.506
1883,13,119,319.318,407.955,39001.262,2,239,579.431,260.88,NA,1.894,0.006,0,73.142
1884,13,120,314.015,405.303,39301.271,2,231,585.36,266.511,NA,5.929,0.02,-153.435,-153.435
1885,13,121,306.818,403.409,39601.281,2,109,592.802,272.99,NA,7.442,0.025,-165.256,-11.821
1886,13,122,309.47,412.121,39901.291,2,52,601.909,265.083,NA,9.107,0.03,73.072,-121.671
1887,13,123,313.258,407.576,40201.3,2,171,607.826,265.463,NA,5.917,0.02,-50.194,-123.267
1888,13,124,309.848,405.682,40501.31,2,159,611.725,269.231,NA,3.9,0.013,-150.945,-100.751
1889,13,125,309.848,405.682,40801.32,2,184,611.725,269.231,NA,0,0,0,150.945
1890,13,126,309.848,405.682,41101.33,2,144,611.725,269.231,NA,0,0,0,0
1891,13,127,310.606,401.515,41401.339,2,164,615.96,271.598,NA,4.235,0.014,-79.695,-79.695
1892,13,128,312.121,403.788,41701.349,2,160,618.692,268.923,NA,2.731,0.009,56.31,136.005
1893,13,129,312.121,403.788,42001.359,2,189,618.692,268.923,NA,0,0,0,-56.31
1894,13,130,312.121,403.788,42301.368,2,229,618.692,268.923,NA,0,0,0,0
1895,13,131,312.121,403.788,42601.378,2,237,618.692,268.923,NA,0,0,0,0
1896,13,132,312.121,403.788,42901.388,2,217,618.692,268.923,NA,0,0,0,0
1897,13,133,312.121,403.788,43201.397,2,143,618.692,268.923,NA,0,0,0,0
1898,13,134,312.121,396.212,43501.407,2,186,626.268,274.291,NA,7.576,0.025,-90,-90
1899,13,135,308.712,393.182,43801.417,2,115,630.829,278.841,NA,4.561,0.015,-138.366,-48.366
1900,13,136,308.712,393.561,44101.427,2,180,631.208,278.57,NA,0.379,0.001,90,-131.634
1901,13,137,304.545,389.773,44401.436,2,175,636.839,284.192,NA,5.631,0.019,-137.726,132.274
1902,13,138,304.545,387.879,44701.446,2,159,638.733,285.546,NA,1.894,0.006,-90,47.726
1903,13,139,309.091,387.879,45001.456,2,79,643.278,282.393,NA,4.545,0.015,0,90
1904,13,140,312.121,395.833,45301.465,2,111,651.79,274.562,NA,8.512,0.028,69.146,69.146
1905,13,141,312.879,395.833,45601.475,2,67,652.548,274.033,NA,0.758,0.003,0,-69.146
1906,13,142,312.879,396.212,45901.485,2,126,652.927,273.762,NA,0.379,0.001,90,90
1907,13,143,307.576,396.212,46201.495,2,114,658.23,277.486,NA,5.303,0.018,180,90
1908,13,144,310.606,394.318,46501.504,2,100,661.803,276.704,NA,3.573,0.012,-32.005,147.995
1909,13,145,310.606,389.394,46801.514,2,133,666.727,280.251,NA,4.924,0.016,-90,-57.995
1910,13,146,310.606,399.242,47101.524,2,131,676.576,273.2,NA,9.848,0.033,90,180
1911,13,147,313.258,400.758,47401.533,2,76,679.63,270.255,NA,3.054,0.01,29.745,-60.255
1912,13,148,314.394,407.576,47701.543,2,81,686.542,264.649,NA,6.912,0.023,80.538,50.793
1913,13,149,312.879,393.939,48001.553,2,75,700.262,275.395,NA,13.72,0.046,-96.34,-176.878
1914,13,150,298.864,393.939,48301.562,2,119,714.277,285.29,NA,14.015,0.047,180,-83.66
1915,13,151,298.864,387.879,48601.572,2,169,720.338,289.539,NA,6.061,0.02,-90,90
1916,13,152,298.864,387.879,48901.582,2,137,720.338,289.539,NA,0,0,0,90
1917,13,153,291.667,387.5,49201.592,2,85,727.545,294.94,NA,7.207,0.024,-176.987,-176.987
1918,13,154,288.258,387.121,49501.601,2,111,730.975,297.662,NA,3.43,0.011,-173.66,3.327
1919,13,155,285.985,387.121,49801.611,2,140,733.248,299.312,NA,2.273,0.008,180,-6.34
1920,13,156,294.697,392.424,50101.621,2,82,743.447,289.342,NA,10.199,0.034,31.329,-148.671
1921,13,157,293.939,393.561,50401.63,2,138,744.813,289.107,NA,1.366,0.005,123.69,92.361
1922,13,158,295.833,395.076,50701.64,2,83,747.238,286.691,NA,2.425,0.008,38.66,-85.03
1923,13,159,296.97,399.621,51001.65,2,73,751.924,282.749,NA,4.685,0.016,75.964,37.304
1924,13,160,307.197,401.515,51301.659,2,124,762.325,274.033,NA,10.401,0.035,10.491,-65.472
1925,13,161,307.197,401.515,51601.669,2,124,762.325,274.033,NA,0,0,0,-10.491
1926,13,162,312.121,409.47,51901.679,2,146,771.68,264.969,NA,9.355,0.031,58.241,58.241
1927,13,163,312.121,409.47,52201.689,2,139,771.68,264.969,NA,0,0,0,-58.241
1928,13,164,312.121,409.47,52501.698,2,167,771.68,264.969,NA,0,0,0,0
1929,13,165,312.121,409.47,52801.708,2,187,771.68,264.969,NA,0,0,0,0
1930,13,166,312.121,409.47,53101.718,2,132,771.68,264.969,NA,0,0,0,0
1931,13,167,324.242,419.697,53401.727,2,132,787.539,249.141,NA,15.859,0.053,40.156,40.156
1932,13,168,322.348,419.697,53701.737,2,67,789.433,250.509,NA,1.894,0.006,180,139.844
1933,13,169,322.727,418.182,54001.747,2,96,790.995,251.283,NA,1.562,0.005,-75.964,104.036
1934,13,170,321.591,413.258,54301.757,2,118,796.049,255.532,NA,5.054,0.017,-102.995,-27.031
1935,13,171,309.47,412.879,54601.766,2,135,808.176,264.568,NA,12.127,0.04,-178.21,-75.215
1936,13,172,295.455,412.879,54901.776,2,47,822.191,275.026,NA,14.015,0.047,180,-1.79
1937,13,173,295.455,406.439,55201.786,2,89,828.631,279.273,NA,6.439,0.021,-90,90
1938,13,174,295.455,406.439,55501.795,2,100,828.631,279.273,NA,0,0,0,90
1939,13,175,295.455,406.439,55801.805,2,147,828.631,279.273,NA,0,0,0,0
1940,13,176,295.455,406.439,56101.815,2,230,828.631,279.273,NA,0,0,0,0
1941,13,177,304.167,407.576,56401.824,2,137,837.416,272.062,NA,8.786,0.029,7.431,7.431
1942,13,178,299.242,401.136,56701.834,2,69,845.523,280.053,NA,8.106,0.027,-127.405,-134.837
1943,13,179,291.288,403.409,57001.844,2,93,853.796,284.399,NA,8.273,0.028,164.055,-68.54
1944,13,180,293.182,413.258,57301.854,2,95,863.825,276.506,NA,10.029,0.033,79.114,-84.94
1945,13,181,290.53,413.258,57601.863,2,89,866.476,278.531,NA,2.652,0.009,180,100.886
1946,13,182,290.53,416.667,57901.873,2,74,869.885,276.35,NA,3.409,0.011,90,-90
1947,13,183,283.333,397.727,58201.883,2,85,890.146,294.121,NA,20.261,0.068,-110.807,159.193
1948,13,184,278.409,395.833,58501.892,2,97,895.422,299.071,NA,5.276,0.018,-158.962,-48.156
1949,13,185,278.409,395.833,58801.902,2,98,895.422,299.071,NA,0,0,0,158.962
1950,13,186,271.212,385.606,59101.912,2,71,907.928,311.232,NA,12.506,0.042,-125.134,-125.134
1951,13,187,270.455,382.197,59401.922,2,85,911.42,314.07,NA,3.492,0.012,-102.529,22.605
1952,13,188,264.394,373.485,59701.931,2,64,922.033,324.413,NA,10.613,0.035,-124.824,-22.296
1953,13,189,257.197,359.091,60001.941,2,92,938.126,339.487,NA,16.093,0.054,-116.565,8.259
1954,13,190,256.439,347.727,60301.951,2,44,949.514,347.934,NA,11.389,0.038,-93.814,22.751
1955,13,191,255.682,333.712,60601.96,2,36,963.55,358.453,NA,14.036,0.047,-93.094,0.72
1956,13,192,255.682,333.712,60901.97,2,63,963.55,358.453,NA,0,0,0,93.094
1957,13,193,250,325.758,61201.98,2,80,973.325,368.13,NA,9.775,0.033,-125.538,-125.538
1958,13,194,250,299.242,61501.989,2,102,999.841,387.768,NA,26.515,0.088,-90,35.538
1959,13,195,251.515,293.939,61801.999,2,92,1005.356,390.813,NA,5.515,0.018,-74.055,15.945
1960,13,196,256.439,277.273,62102.009,2,40,1022.735,400.627,NA,17.379,0.058,-73.54,0.515
1961,13,197,256.439,277.273,62402.019,2,101,1022.735,400.627,NA,0,0,0,73.54
1962,13,198,261.364,273.864,62702.028,2,50,1028.724,400.313,NA,5.989,0.02,-34.695,-34.695
1963,13,199,263.636,269.697,63002.038,2,42,1033.47,402.276,NA,4.746,0.016,-61.39,-26.694
1964,13,200,261.364,264.773,63302.048,2,75,1038.893,407.584,NA,5.423,0.018,-114.775,-53.386
1965,13,201,261.742,260.227,63602.057,2,39,1043.455,411.024,NA,4.561,0.015,-85.236,29.539
1966,13,202,264.773,251.515,63902.067,2,47,1052.679,416.35,NA,9.224,0.031,-70.821,14.415
1967,13,203,268.939,248.485,64202.077,2,38,1057.831,416.471,NA,5.152,0.017,-36.027,34.794
1968,13,204,264.394,242.424,64502.086,2,40,1065.407,424.039,NA,7.576,0.025,-126.87,-90.843
1969,13,205,264.394,242.424,64802.096,2,60,1065.407,424.039,NA,0,0,0,126.87
1970,13,206,250,242.424,65102.106,2,35,1079.801,432.329,NA,14.394,0.048,180,180
1971,13,207,241.288,232.955,65402.116,2,74,1092.668,445.112,NA,12.868,0.043,-132.614,47.386
1972,13,208,241.288,221.591,65702.125,2,20,1104.032,454.339,NA,11.364,0.038,-90,42.614
1973,13,209,241.288,221.591,66002.135,2,45,1104.032,454.339,NA,0,0,0,90
1974,13,210,234.091,210.985,66302.145,2,31,1116.849,467.154,NA,12.817,0.043,-124.16,-124.16
1975,13,211,234.091,209.848,66602.154,2,26,1117.986,468.082,NA,1.136,0.004,-90,34.16
1976,13,212,234.091,209.848,66902.164,2,63,1117.986,468.082,NA,0,0,0,90
1977,13,213,224.242,203.03,67202.174,2,29,1129.964,479.347,NA,11.978,0.04,-145.305,-145.305
1978,13,214,224.242,203.03,67502.184,2,16,1129.964,479.347,NA,0,0,0,145.305
1979,13,215,224.242,204.545,67802.193,2,29,1131.479,478.117,NA,1.515,0.005,90,90
1980,13,216,214.773,203.409,68102.203,2,159,1141.017,484.626,NA,9.538,0.032,-173.157,96.843
1981,13,217,214.773,195.076,68402.213,2,101,1149.35,491.341,NA,8.333,0.028,-90,83.157
1982,13,218,214.773,195.076,68702.222,2,138,1149.35,491.341,NA,0,0,0,90
1983,14,1,777.525,1067.929,21600.699,2,39,0,0,NA,NA,NA,NA,NA
1984,14,2,777.525,1075,21900.708,2,58,7.071,7.071,NA,7.071,0.024,90,NA
1985,14,3,770.455,1075,22200.718,2,19,14.141,9.999,NA,7.071,0.024,180,90
1986,14,4,762.879,1076.515,22500.728,2,86,21.867,16.978,NA,7.726,0.026,168.69,-11.31
1987,14,5,766.919,1076.515,22800.738,2,76,25.908,13.646,NA,4.04,0.013,0,-168.69
1988,14,6,766.919,1089.646,23100.747,2,97,39.039,24.169,NA,13.131,0.044,90,90
1989,14,7,766.919,1089.646,23400.757,2,143,39.039,24.169,NA,0,0,0,-90
1990,14,8,776.515,1090.657,23700.767,2,87,48.688,22.75,NA,9.649,0.032,6.009,6.009
1991,14,9,785.606,1091.667,24000.776,2,104,57.835,25.075,NA,9.147,0.03,6.34,0.331
1992,14,10,787.626,1096.212,24300.786,2,104,62.809,30.032,NA,4.974,0.017,66.038,59.697
1993,14,11,787.626,1096.212,24600.796,2,83,62.809,30.032,NA,0,0,0,-66.038
1994,14,12,804.293,1096.212,24900.805,2,87,79.476,38.941,NA,16.667,0.056,0,0
1995,14,13,803.283,1096.212,25200.815,2,97,80.486,38.254,NA,1.01,0.003,180,180
1996,14,14,801.768,1102.778,25500.825,2,156,87.224,42.451,NA,6.738,0.022,102.995,-77.005
1997,14,15,801.768,1102.778,25800.835,2,240,87.224,42.451,NA,0,0,0,-102.995
1998,14,16,801.768,1102.778,26100.844,2,170,87.224,42.451,NA,0,0,0,0
1999,14,17,808.333,1102.778,26400.854,2,131,93.79,46.514,NA,6.566,0.022,0,0
2000,14,18,816.414,1102.778,26700.864,2,64,101.87,52.218,NA,8.081,0.027,0,0
2001,14,19,823.99,1090.657,27000.873,2,130,116.164,51.725,NA,14.294,0.048,-57.995,-57.995
2002,14,20,823.99,1090.657,27300.883,2,117,116.164,51.725,NA,0,0,0,57.995
2003,14,21,823.99,1083.081,27600.893,2,78,123.74,48.873,NA,7.576,0.025,-90,-90
2004,14,22,823.99,1075.505,27900.903,2,100,131.316,47.078,NA,7.576,0.025,-90,0
2005,14,23,827.525,1075.505,28200.912,2,105,134.851,50.571,NA,3.535,0.012,0,90
2006,14,24,823.99,1072.475,28500.922,2,80,139.507,46.686,NA,4.656,0.016,-139.399,-139.399
2007,14,25,828.535,1072.475,28800.932,2,47,144.053,51.212,NA,4.545,0.015,0,139.399
2008,14,26,834.091,1072.475,29100.941,2,54,149.608,56.748,NA,5.556,0.019,0,0
2009,14,27,834.091,1072.98,29400.951,2,59,150.114,56.791,NA,0.505,0.002,90,90
2010,14,28,834.091,1081.566,29700.961,2,111,158.699,58.186,NA,8.586,0.029,90,0
2011,14,29,834.091,1086.616,30000.97,2,114,163.75,59.572,NA,5.051,0.017,90,0
2012,14,30,834.091,1086.616,30300.98,2,153,163.75,59.572,NA,0,0,0,-90
2013,14,31,834.091,1086.616,30600.99,2,91,163.75,59.572,NA,0,0,0,0
2014,14,32,823.485,1081.566,30901,2,133,175.497,47.94,NA,11.747,0.039,-154.537,-154.537
2015,14,33,823.485,1078.03,31201.009,2,72,179.032,47.057,NA,3.535,0.012,-90,64.537
2016,14,34,825,1078.03,31501.019,2,113,180.548,48.537,NA,1.515,0.005,0,90
2017,14,35,825,1078.03,31801.029,2,73,180.548,48.537,NA,0,0,0,0
2018,14,36,823.99,1083.586,32101.038,2,110,186.194,49.032,NA,5.647,0.019,100.305,100.305
2019,14,37,823.99,1089.141,32401.048,2,97,191.75,51.078,NA,5.556,0.019,90,-10.305
2020,14,38,830.556,1089.141,32701.058,2,143,198.315,57.115,NA,6.566,0.022,0,-90
2021,14,39,830.556,1089.141,33001.068,2,98,198.315,57.115,NA,0,0,0,0
2022,14,40,830.556,1084.596,33301.077,2,117,202.861,55.588,NA,4.545,0.015,-90,-90
2023,14,41,835.101,1084.596,33601.087,2,151,207.406,59.94,NA,4.545,0.015,0,90
2024,14,42,835.101,1084.596,33901.097,2,67,207.406,59.94,NA,0,0,0,0
2025,14,43,838.636,1094.192,34201.106,2,124,217.633,66.515,NA,10.226,0.034,69.775,69.775
2026,14,44,838.636,1088.636,34501.116,2,104,223.188,64.524,NA,5.556,0.019,-90,-159.775
2027,14,45,846.717,1088.636,34801.126,2,107,231.269,72.224,NA,8.081,0.027,0,90
2028,14,46,846.717,1088.636,35101.135,2,70,231.269,72.224,NA,0,0,0,0
2029,14,47,852.778,1084.596,35401.145,2,6,238.553,77.076,NA,7.284,0.024,-33.69,-33.69
2030,14,48,869.949,1084.596,35701.155,2,133,255.725,93.915,NA,17.172,0.057,0,33.69
2031,14,49,880.556,1084.596,36001.165,2,138,266.331,104.37,NA,10.606,0.035,0,0
2032,14,50,890.657,1084.596,36301.174,2,169,276.432,114.352,NA,10.101,0.034,0,0
2033,14,51,890.657,1084.596,36601.184,2,47,276.432,114.352,NA,0,0,0,0
2034,14,52,906.313,1087.626,36901.194,2,142,292.379,130.285,NA,15.947,0.053,10.954,10.954
2035,14,53,912.879,1101.263,37201.203,2,96,307.514,139.398,NA,15.135,0.05,64.29,53.336
2036,14,54,920.455,1104.293,37501.213,2,152,315.673,147.483,NA,8.159,0.027,21.801,-42.489
2037,14,55,926.515,1126.515,37801.223,2,86,338.707,160.095,NA,23.034,0.077,74.745,52.943
2038,14,56,927.525,1136.111,38101.232,2,103,348.356,164.769,NA,9.649,0.032,83.991,9.246
2039,14,57,927.525,1150.253,38401.242,2,197,362.497,171.106,NA,14.141,0.047,90,6.009
2040,14,58,923.99,1168.434,38701.252,2,206,381.02,177.632,NA,18.522,0.062,101.004,11.004
2041,14,59,934.091,1187.626,39001.262,2,135,402.707,197.079,NA,21.688,0.072,62.241,-38.762
2042,14,60,945.707,1191.667,39301.271,2,149,415.006,208.797,NA,12.299,0.041,19.179,-43.062
2043,14,61,946.212,1205.808,39601.281,2,152,429.157,217.867,NA,14.15,0.047,87.955,68.776
2044,14,62,946.212,1221.97,39901.291,2,151,445.318,228.438,NA,16.162,0.054,90,2.045
2045,14,63,946.717,1240.657,40201.3,2,239,464.012,241.786,NA,18.694,0.062,88.452,-1.548
2046,14,64,952.778,1242.172,40501.31,2,45,470.259,247.131,NA,6.247,0.021,14.036,-74.416
2047,14,65,961.364,1270.455,40801.32,2,210,499.816,273.52,NA,29.557,0.099,73.113,59.077
2048,14,66,964.899,1298.232,41101.33,2,139,527.818,296.898,NA,28.002,0.093,82.747,9.634
2049,14,67,970.96,1324.495,41401.339,2,214,554.771,321.314,NA,26.953,0.09,77.005,-5.741
2050,14,68,972.98,1325,41701.349,2,232,556.853,322.936,NA,2.082,0.007,14.036,-62.969
2051,14,69,978.03,1328.535,42001.359,2,203,563.018,328.813,NA,6.165,0.021,34.992,20.956
2052,14,70,971.97,1328.535,42301.368,2,255,569.079,325.153,NA,6.061,0.02,180,145.008
2053,14,71,969.949,1330.556,42601.378,2,186,571.936,325.576,NA,2.857,0.01,135,-45
2054,14,72,969.949,1338.131,42901.388,2,212,579.512,331.717,NA,7.576,0.025,90,-45
2055,14,73,964.899,1341.162,43201.397,2,228,585.402,331.308,NA,5.89,0.02,149.036,59.036
2056,14,74,961.364,1340.657,43501.407,2,196,588.973,328.902,NA,3.571,0.012,-171.87,39.094
2057,14,75,961.364,1340.657,43801.417,2,124,588.973,328.902,NA,0,0,0,171.87
2058,14,76,961.364,1348.232,44101.427,2,181,596.549,335.211,NA,7.576,0.025,90,90
2059,14,77,963.384,1348.232,44401.436,2,196,598.569,336.323,NA,2.02,0.007,0,-90
2060,14,78,963.384,1340.152,44701.446,2,173,606.65,329.618,NA,8.081,0.027,-90,-90
2061,14,79,956.313,1340.152,45001.456,2,255,613.72,325.684,NA,7.071,0.024,180,-90
2062,14,80,956.313,1340.152,45301.465,2,5,613.72,325.684,NA,0,0,0,-180
2063,14,81,956.313,1353.283,45601.475,2,113,626.852,336.737,NA,13.131,0.044,90,90
2064,14,82,947.727,1353.283,45901.485,2,107,635.438,332.258,NA,8.586,0.029,180,90
2065,14,83,948.232,1357.323,46201.495,2,80,639.509,335.991,NA,4.072,0.014,82.875,-97.125
2066,14,84,950.758,1379.545,46501.504,2,22,661.875,356.531,NA,22.365,0.075,83.517,0.642
2067,14,85,971.97,1392.677,46801.514,2,146,686.822,378.51,NA,24.948,0.083,31.759,-51.757
2068,14,86,973.99,1398.737,47101.524,2,77,693.211,384.75,NA,6.388,0.021,71.565,39.806
2069,14,87,975,1412.374,47401.533,2,161,706.884,397.037,NA,13.674,0.046,85.764,14.199
2070,14,88,983.081,1428.03,47701.543,2,123,724.503,414.639,NA,17.619,0.059,62.7,-23.063
2071,14,89,999.242,1429.04,48001.553,2,202,740.697,423.745,NA,16.193,0.054,3.576,-59.124
2072,14,90,1006.313,1426.515,48301.562,2,204,748.205,425.356,NA,7.508,0.025,-19.654,-23.23
2073,14,91,1014.899,1435.606,48601.572,2,132,760.709,437.644,NA,12.504,0.042,46.637,66.29
2074,14,92,1038.131,1424.495,48901.582,2,233,786.462,441.65,NA,25.753,0.086,-25.56,-72.197
2075,14,93,1048.232,1416.919,49201.592,2,109,799.088,441.674,NA,12.626,0.042,-36.87,-11.31
2076,14,94,1055.303,1415.909,49501.601,2,164,806.23,445.253,NA,7.142,0.024,-8.13,28.74
2077,14,95,1066.919,1408.838,49801.611,2,193,819.829,447.178,NA,13.599,0.045,-31.329,-23.199
2078,14,96,1077.525,1392.172,50101.621,2,170,839.585,441.739,NA,19.755,0.066,-57.529,-26.2
2079,14,97,1077.525,1380.051,50401.63,2,246,851.706,432.92,NA,12.121,0.04,-90,-32.471
2080,14,98,1068.939,1374.495,50701.64,2,201,861.932,422.971,NA,10.226,0.034,-147.095,-57.095
2081,14,99,1079.04,1372.98,51001.65,2,128,872.146,428.914,NA,10.214,0.034,-8.531,138.564
2082,14,100,1101.768,1372.475,51301.659,2,142,894.879,444.838,NA,22.733,0.076,-1.273,7.258
2083,14,101,1117.424,1372.475,51601.669,2,72,910.536,456.376,NA,15.657,0.052,0,1.273
2084,14,102,1125,1370.455,51901.679,2,141,918.376,460.717,NA,7.84,0.026,-14.931,-14.931
2085,14,103,1136.111,1380.051,52201.689,2,163,933.057,475.398,NA,14.681,0.049,40.815,55.747
2086,14,104,1148.737,1395.202,52501.698,2,119,952.78,494.88,NA,19.723,0.066,50.194,9.379
2087,14,105,1148.737,1401.768,52801.708,2,136,959.346,499.246,NA,6.566,0.022,90,39.806
2088,14,106,1149.747,1413.384,53101.718,2,164,971.006,507.827,NA,11.66,0.039,85.03,-4.97
2089,14,107,1157.828,1427.525,53401.727,2,166,987.293,523.392,NA,16.287,0.054,60.255,-24.775
2090,14,108,1161.869,1447.222,53701.737,2,167,1007.4,539.984,NA,20.107,0.067,78.408,18.153
2091,14,109,1177.02,1459.848,54001.747,2,13,1027.123,559.64,NA,19.723,0.066,39.806,-38.602
2092,14,110,1189.646,1467.424,54301.757,2,51,1041.848,573.969,NA,14.725,0.049,30.964,-8.842
2093,15,1,712.121,1079.924,32701.058,2,95,0,0,NA,NA,NA,NA,NA
2094,15,2,719.697,1080.682,33001.068,2,71,7.614,7.614,NA,7.614,0.025,5.711,NA
2095,15,3,728.788,1089.015,33301.077,2,30,19.946,18.985,NA,12.332,0.041,42.51,36.8
2096,15,4,735.606,1082.576,33601.087,2,29,29.324,23.634,NA,9.378,0.031,-43.363,-85.874
2097,15,5,754.167,1093.561,33901.097,2,40,50.892,44.201,NA,21.568,0.072,30.619,73.982
2098,15,6,757.197,1104.924,34201.106,2,59,62.653,51.544,NA,11.761,0.039,75.069,44.45
2099,15,7,757.197,1107.576,34501.116,2,9,65.304,52.881,NA,2.652,0.009,90,14.931
2100,15,8,774.621,1121.591,34801.126,2,116,87.666,75.116,NA,22.361,0.075,38.811,-51.189
2101,15,9,793.939,1121.591,35101.135,2,68,106.984,91.817,NA,19.318,0.064,0,-38.811
2102,15,10,791.667,1125.758,35401.145,2,127,111.73,91.805,NA,4.746,0.016,118.61,118.61
2103,15,11,791.667,1129.545,35701.155,2,86,115.518,93.754,NA,3.788,0.013,90,-28.61
2104,15,12,791.667,1143.939,36001.165,2,139,129.912,102.105,NA,14.394,0.048,90,0
2105,15,13,780.303,1168.939,36301.174,2,119,157.373,112.127,NA,27.461,0.092,114.444,24.444
2106,15,14,780.303,1176.894,36601.184,2,135,165.328,118.541,NA,7.955,0.027,90,-24.444
2107,15,15,780.682,1179.545,36901.194,2,124,168.006,120.934,NA,2.678,0.009,81.87,-8.13
2108,15,16,773.485,1186.111,37201.203,2,85,177.748,122.642,NA,9.742,0.032,137.626,55.757
2109,15,17,763.889,1192.172,37501.213,2,82,189.098,123.61,NA,11.35,0.038,147.724,10.098
2110,15,18,757.828,1215.909,37801.223,2,113,213.597,143.461,NA,24.499,0.082,104.323,-43.402
2111,15,19,752.273,1215.909,38101.232,2,103,219.152,141.789,NA,5.556,0.019,180,75.677
2112,15,20,752.273,1231.566,38401.242,2,122,234.809,156.867,NA,15.657,0.052,90,-90
2113,15,21,752.273,1247.222,38701.252,2,150,250.465,172.049,NA,15.657,0.052,90,0
2114,15,22,737.121,1269.949,39001.262,2,164,277.78,191.663,NA,27.315,0.091,123.69,33.69
2115,15,23,727.02,1279.04,39301.271,2,167,291.37,199.673,NA,13.59,0.045,138.013,14.323
2116,15,24,727.02,1293.687,39601.281,2,98,306.016,214.281,NA,14.646,0.049,90,-48.013
2117,15,25,725,1313.384,39901.291,2,148,325.816,233.815,NA,19.8,0.066,95.856,5.856
2118,15,26,724.242,1325.379,40201.3,2,220,337.835,245.754,NA,12.019,0.04,93.614,-2.242
2119,15,27,720.076,1348.106,40501.31,2,140,360.941,268.3,NA,23.106,0.077,100.389,6.775
2120,15,28,720.076,1360.606,40801.32,2,216,373.441,280.795,NA,12.5,0.042,90,-10.389
2121,15,29,720.833,1389.015,41101.33,2,160,401.86,309.214,NA,28.419,0.095,88.472,-1.528
2122,15,30,707.576,1398.864,41401.339,2,90,418.376,318.972,NA,16.515,0.055,143.393,54.92
2123,15,31,707.197,1416.288,41701.349,2,175,435.804,336.4,NA,17.428,0.058,91.245,-52.148
2124,15,32,697.348,1417.424,42001.359,2,115,445.718,337.823,NA,9.914,0.033,173.418,82.173
2125,15,33,708.333,1417.424,42301.368,2,161,456.703,337.521,NA,10.985,0.037,0,-173.418
2126,15,34,713.636,1425.758,42601.378,2,157,466.58,345.837,NA,9.878,0.033,57.529,57.529
2127,15,35,722.727,1432.576,42901.388,2,78,477.944,352.811,NA,11.364,0.038,36.87,-20.659
2128,15,36,740.53,1446.212,43201.397,2,147,500.369,367.388,NA,22.425,0.075,37.451,0.581
2129,15,37,751.515,1446.212,43501.407,2,71,511.354,368.4,NA,10.985,0.037,0,-37.451
2130,15,38,765.53,1441.667,43801.417,2,76,526.088,365.664,NA,14.734,0.049,-17.969,-17.969
2131,15,39,791.288,1458.333,44101.427,2,101,556.767,386.602,NA,30.679,0.102,32.905,50.874
2132,15,40,802.273,1467.424,44401.436,2,106,571.026,397.849,NA,14.259,0.048,39.611,6.705
2133,15,41,823.106,1473.864,44701.446,2,89,592.832,409.275,NA,21.806,0.073,17.176,-22.435
2134,15,42,842.045,1479.924,45001.456,2,121,612.718,420.571,NA,19.885,0.066,17.745,0.569
2135,15,43,838.258,1480.682,45301.465,2,141,616.58,420.139,NA,3.863,0.013,168.69,150.945
2136,15,44,843.182,1482.955,45601.475,2,198,622.004,423.805,NA,5.423,0.018,24.775,-143.915
2137,15,45,839.394,1481.061,45901.485,2,176,626.239,420.843,NA,4.235,0.014,-153.435,-178.21
2138,15,46,831.818,1470.833,46201.495,2,112,638.966,408.824,NA,12.727,0.042,-126.529,26.906
2139,15,47,826.136,1461.364,46501.504,2,223,650.01,398.115,NA,11.043,0.037,-120.964,5.565
2140,15,48,828.788,1478.03,46801.514,2,161,666.886,414.849,NA,16.876,0.056,80.961,-158.076
2141,15,49,836.364,1478.03,47101.524,2,170,674.462,417.043,NA,7.576,0.025,0,-80.961
2142,15,50,836.364,1489.015,47401.533,2,206,685.447,427.541,NA,10.985,0.037,90,90
2143,15,51,829.545,1489.015,47701.543,2,111,692.265,425.61,NA,6.818,0.023,180,90
2144,15,52,824.621,1496.97,48001.553,2,102,701.62,431.953,NA,9.355,0.031,121.759,-58.241
2145,15,53,821.591,1510.606,48301.562,2,69,715.589,444.376,NA,13.969,0.047,102.529,-19.231
2146,15,54,821.591,1517.045,48601.572,2,143,722.029,450.62,NA,6.439,0.021,90,-12.529
2147,15,55,821.591,1521.212,48901.582,2,134,726.195,454.663,NA,4.167,0.014,90,0
2148,15,56,821.591,1521.97,49201.592,2,46,726.953,455.399,NA,0.758,0.003,90,0
2149,15,57,823.485,1509.091,49501.601,2,109,739.97,443.38,NA,13.017,0.043,-81.634,-171.634
2150,15,58,825.758,1505.303,49801.611,2,106,744.388,440.296,NA,4.417,0.015,-59.036,22.598
2151,15,59,827.273,1507.955,50101.621,2,121,747.441,443.249,NA,3.054,0.01,60.255,119.291
2152,15,60,827.273,1507.955,50401.63,2,169,747.441,443.249,NA,0,0,0,-60.255
2153,15,61,827.273,1507.955,50701.64,2,112,747.441,443.249,NA,0,0,0,0
2154,15,62,827.273,1517.803,51001.65,2,93,757.29,452.767,NA,9.848,0.033,90,90
2155,15,63,823.106,1529.545,51301.659,2,104,769.75,463.116,NA,12.46,0.042,109.537,19.537
2156,15,64,806.061,1543.939,51601.669,2,86,792.06,473.429,NA,22.31,0.074,139.821,30.284
2157,16,1,1048.106,898.864,29700.961,2,24,0,0,NA,NA,NA,NA,NA
2158,16,2,1053.409,901.515,30000.97,2,39,5.929,5.929,NA,5.929,0.02,26.565,NA
2159,16,3,1065.53,911.364,30300.98,2,29,21.547,21.444,NA,15.618,0.052,39.094,12.529
2160,16,4,1071.212,911.364,30600.99,2,155,27.229,26.271,NA,5.682,0.019,0,-39.094
2161,16,5,1079.545,927.652,30901,2,151,45.524,42.628,NA,18.296,0.061,62.904,62.904
2162,16,6,1081.439,927.652,31201.009,2,172,47.418,44.044,NA,1.894,0.006,0,-62.904
2163,16,7,1093.939,929.545,31501.019,2,115,60.061,55.155,NA,12.643,0.042,8.616,8.616
2164,16,8,1104.924,932.955,31801.029,2,211,71.563,66.261,NA,11.502,0.038,17.241,8.626
2165,16,9,1115.53,932.955,32101.038,2,167,82.169,75.553,NA,10.606,0.035,0,-17.241
2166,16,10,1115.53,932.955,32401.048,2,80,82.169,75.553,NA,0,0,0,0
2167,16,11,1129.545,932.955,32701.058,2,167,96.184,88.287,NA,14.015,0.047,0,0
2168,16,12,1149.621,942.803,33001.068,2,32,118.545,110.616,NA,22.361,0.075,26.131,26.131
2169,16,13,1151.515,963.258,33301.077,2,99,139.087,121.82,NA,20.542,0.068,84.71,58.579
2170,16,14,1152.652,967.424,33601.087,2,210,143.406,125.021,NA,4.319,0.014,74.745,-9.965
2171,16,15,1157.955,970.455,33901.097,2,206,149.514,131.118,NA,6.108,0.02,29.745,-45
2172,16,16,1157.955,982.576,34201.106,2,117,161.635,138.11,NA,12.121,0.04,90,60.255
2173,16,17,1161.364,991.288,34501.116,2,189,170.991,146.183,NA,9.355,0.031,68.629,-21.371
2174,16,18,1161.742,991.288,34801.126,2,160,171.369,146.477,NA,0.379,0.001,0,-68.629
2175,16,19,1169.697,995.455,35101.135,2,159,180.349,155.287,NA,8.98,0.03,27.646,27.646
2176,16,20,1185.985,995.455,35401.145,2,255,196.637,168.346,NA,16.288,0.054,0,-27.646
2177,16,21,1185.985,995.455,35701.155,2,102,196.637,168.346,NA,0,0,0,0
2178,16,22,1202.652,1000.379,36001.165,2,198,214.016,184.904,NA,17.379,0.058,16.46,16.46
2179,16,23,1215.53,1002.273,36301.174,2,168,227.033,196.785,NA,13.017,0.043,8.366,-8.094
2180,16,24,1224.242,1010.985,36601.184,2,171,239.354,208.795,NA,12.321,0.041,45,36.634
2181,16,25,1236.742,1010.985,36901.194,2,228,251.854,219.442,NA,12.5,0.042,0,-45
2182,16,26,1249.621,1024.242,37201.203,2,204,270.337,237.336,NA,18.483,0.062,45.83,45.83
2183,16,27,1250,1024.621,37501.213,2,190,270.873,237.857,NA,0.536,0.002,45,-0.83
2184,16,28,1250,1029.167,37801.223,2,129,275.418,240.292,NA,4.545,0.015,90,45
2185,16,29,1257.576,1040.152,38101.232,2,122,288.762,252.665,NA,13.344,0.044,55.408,-34.592
2186,16,30,1262.5,1047.348,38401.242,2,151,297.482,260.792,NA,8.72,0.029,55.62,0.212
2187,16,31,1265.909,1037.879,38701.252,2,166,307.547,258.386,NA,10.065,0.034,-70.201,-125.821
2188,16,32,1269.697,1037.879,39001.262,2,141,311.335,261.587,NA,3.788,0.013,0,70.201
2189,16,33,1269.318,1037.5,39301.271,2,138,311.871,261.065,NA,0.536,0.002,-135,-135
2190,16,34,1278.409,1037.5,39601.281,2,130,320.962,268.811,NA,9.091,0.03,0,135
2191,16,35,1291.667,1041.288,39901.291,2,103,334.75,282.146,NA,13.788,0.046,15.945,15.945
2192,16,36,1302.273,1039.015,40201.3,2,89,345.597,290.247,NA,10.847,0.036,-12.095,-28.04
2193,16,37,1302.273,1039.015,40501.31,2,84,345.597,290.247,NA,0,0,0,12.095
2194,16,38,1299.621,1039.015,40801.32,2,69,348.248,287.928,NA,2.652,0.009,180,180
2195,16,39,1297.348,1031.061,41101.33,2,43,356.521,282.131,NA,8.273,0.028,-105.945,74.055
2196,16,40,1287.5,1031.061,41401.339,2,58,366.369,273.469,NA,9.848,0.033,180,-74.055
2197,16,41,1285.227,1025,41701.349,2,78,372.842,268.583,NA,6.473,0.022,-110.556,69.444
2198,16,42,1285.227,1025.379,42001.359,2,41,373.221,268.761,NA,0.379,0.001,90,-159.444
2199,16,43,1280.303,1021.97,42301.368,2,63,379.21,262.813,NA,5.989,0.02,-145.305,124.695
2200,16,44,1280.303,1017.424,42601.378,2,82,383.756,260.714,NA,4.545,0.015,-90,55.305
2201,16,45,1280.303,1017.424,42901.388,2,56,383.756,260.714,NA,0,0,0,90
2202,16,46,1283.333,1017.045,43201.397,2,64,386.809,263.247,NA,3.054,0.01,-7.125,-7.125
2203,16,47,1281.818,1012.121,43501.407,2,99,391.961,259.709,NA,5.152,0.017,-107.103,-99.978
2204,16,48,1284.091,1012.121,43801.417,2,91,394.234,261.756,NA,2.273,0.008,0,107.103
2205,16,49,1284.848,1003.03,44101.427,2,56,403.357,258.646,NA,9.122,0.03,-85.236,-85.236
2206,16,50,1291.667,1017.424,44401.436,2,79,419.284,270.884,NA,15.927,0.053,64.654,149.89
2207,16,51,1292.803,1009.848,44701.446,2,37,426.944,268.69,NA,7.661,0.026,-81.469,-146.123
2208,16,52,1289.773,1008.712,45001.456,2,59,430.181,265.461,NA,3.236,0.011,-159.444,-77.975
2209,16,53,1289.773,1008.712,45301.465,2,53,430.181,265.461,NA,0,0,0,159.444
2210,16,54,1290.152,1001.136,45601.475,2,95,437.766,262.766,NA,7.585,0.025,-87.138,-87.138
2211,16,55,1290.152,1001.136,45901.485,2,98,437.766,262.766,NA,0,0,0,87.138
2212,16,56,1291.667,994.697,46201.495,2,57,444.381,261.736,NA,6.615,0.022,-76.759,-76.759
2213,16,57,1298.106,994.697,46501.504,2,68,450.82,267.739,NA,6.439,0.021,0,76.759
2214,16,58,1302.273,994.697,46801.514,2,65,454.987,271.633,NA,4.167,0.014,0,0
2215,16,59,1309.47,1000,47101.524,2,53,463.927,280.249,NA,8.94,0.03,36.384,36.384
2216,16,60,1321.97,1000,47401.533,2,119,476.427,291.942,NA,12.5,0.042,0,-36.384
2217,16,61,1321.97,1000,47701.543,2,84,476.427,291.942,NA,0,0,0,0
2218,16,62,1328.409,992.424,48001.553,2,59,486.37,295.505,NA,9.943,0.033,-49.635,-49.635
2219,16,63,1323.864,991.667,48301.562,2,139,490.978,290.955,NA,4.608,0.015,-170.538,-120.902
2220,16,64,1321.97,991.667,48601.572,2,181,492.872,289.16,NA,1.894,0.006,180,-9.462
2221,16,65,1325.379,986.742,48901.582,2,106,498.861,290.866,NA,5.989,0.02,-55.305,124.695
2222,16,66,1329.545,986.742,49201.592,2,117,503.028,294.84,NA,4.167,0.014,0,55.305
2223,16,67,1332.955,986.742,49501.601,2,175,506.437,298.096,NA,3.409,0.011,0,0
2224,16,68,1338.258,986.742,49801.611,2,104,511.74,303.168,NA,5.303,0.018,0,0
2225,16,69,1348.106,1002.652,50101.621,2,82,530.45,317.446,NA,18.711,0.062,58.241,58.241
2226,16,70,1351.136,996.97,50401.63,2,93,536.89,318.516,NA,6.439,0.021,-61.928,-120.168
2227,16,71,1353.409,996.212,50701.64,2,166,539.285,320.448,NA,2.396,0.008,-18.435,43.493
2228,16,72,1353.409,996.212,51001.65,2,70,539.285,320.448,NA,0,0,0,18.435
2229,16,73,1353.409,996.212,51301.659,2,56,539.285,320.448,NA,0,0,0,0
2230,16,74,1362.879,996.212,51601.669,2,74,548.755,329.482,NA,9.47,0.032,0,0
2231,16,75,1362.879,1001.136,51901.679,2,182,553.679,330.971,NA,4.924,0.016,90,90
2232,16,76,1365.909,997.727,52201.689,2,50,558.241,332.825,NA,4.561,0.015,-48.366,-138.366
2233,16,77,1370.455,993.182,52501.698,2,92,564.669,335.864,NA,6.428,0.021,-45,3.366
2234,16,78,1370.455,984.848,52801.708,2,2,573.002,333.619,NA,8.333,0.028,-90,-45
2235,16,79,1385.985,968.182,53101.718,2,13,595.783,344.916,NA,22.781,0.076,-47.021,42.979
2236,16,80,1394.318,964.015,53401.727,2,127,605.1,352.289,NA,9.317,0.031,-26.565,20.456
2237,16,81,1394.697,965.53,53701.737,2,82,606.662,352.944,NA,1.562,0.005,75.964,102.529
2238,16,82,1403.03,973.485,54001.747,2,134,618.182,362.684,NA,11.52,0.038,43.668,-32.296
2239,16,83,1410.606,962.5,54601.766,2,108,631.526,368.043,NA,13.344,0.022,-55.408,-99.075
2240,16,84,1412.879,962.5,54901.776,2,92,633.799,370.282,NA,2.273,0.008,0,55.408
2241,16,85,1409.091,960.227,55201.786,2,102,638.216,366.163,NA,4.417,0.015,-149.036,-149.036
2242,16,86,1404.924,959.848,55501.795,2,39,642.4,361.992,NA,4.184,0.014,-174.806,-25.769
2243,16,87,1404.924,965.909,55801.805,2,119,648.461,363.062,NA,6.061,0.02,90,-95.194
2244,16,88,1404.924,969.697,56101.815,2,49,652.248,363.781,NA,3.788,0.013,90,0
2245,16,89,1411.742,969.697,56401.824,2,107,659.067,370.471,NA,6.818,0.023,0,-90
2246,16,90,1414.394,969.697,56701.834,2,102,661.718,373.074,NA,2.652,0.009,0,0
2247,16,91,1420.833,969.697,57001.844,2,112,668.158,379.398,NA,6.439,0.021,0,0
2248,16,92,1426.136,969.697,57301.854,2,112,673.461,384.609,NA,5.303,0.018,0,0
2249,16,93,1437.5,969.697,57601.863,2,63,684.824,395.784,NA,11.364,0.038,0,0
2250,16,94,1452.652,960.985,57901.873,2,68,702.302,409.287,NA,17.478,0.058,-29.899,-29.899
2251,16,95,1461.364,956.061,58201.883,2,91,712.309,417.197,NA,10.007,0.033,-29.476,0.423
2252,16,96,1492.424,945.076,58501.892,2,101,745.255,446.715,NA,32.946,0.11,-19.477,9.999
2253,16,97,1503.03,945.076,58801.902,2,72,755.861,457.265,NA,10.606,0.035,0,19.477
2254,16,98,1506.061,945.076,59101.912,2,109,758.892,460.28,NA,3.03,0.01,0,0
2255,16,99,1518.561,945.076,59401.922,2,75,771.392,472.719,NA,12.5,0.042,0,0
2256,16,100,1534.848,938.258,59701.931,2,94,789.049,488.334,NA,17.657,0.059,-22.714,-22.714
2257,16,101,1545.455,931.818,60001.941,2,40,801.457,498.439,NA,12.408,0.041,-31.264,-8.549
2258,17,1,807.828,565.404,16500.534,2,65,0,0,NA,NA,NA,NA,NA
2259,17,2,807.323,565.404,16800.543,2,73,0.505,0.505,NA,0.505,0.002,180,NA
2260,17,3,807.323,565.404,17100.553,2,18,0.505,0.505,NA,0,0,0,-180
2261,17,4,807.323,565.404,17400.563,2,100,0.505,0.505,NA,0,0,0,0
2262,17,5,809.848,565.404,17700.573,2,103,3.03,2.02,NA,2.525,0.008,0,0
2263,17,6,811.869,566.919,18000.582,2,99,5.556,4.315,NA,2.525,0.008,36.87,36.87
2264,17,7,811.869,566.414,18300.592,2,163,6.061,4.165,NA,0.505,0.002,-90,-126.87
2265,17,8,811.869,562.879,18600.602,2,158,9.596,4.765,NA,3.535,0.012,-90,0
2266,17,9,811.869,562.374,18900.611,2,178,10.101,5.051,NA,0.505,0.002,-90,0
2267,17,10,813.384,556.818,19200.621,2,252,15.859,10.226,NA,5.758,0.019,-74.745,15.255
2268,17,11,813.384,556.818,19500.631,2,109,15.859,10.226,NA,0,0,0,74.745
2269,17,12,815.404,556.818,19800.641,2,124,17.88,11.45,NA,2.02,0.007,0,0
2270,17,13,817.424,555.303,20100.65,2,197,20.405,13.932,NA,2.525,0.008,-36.87,-36.87
2271,17,14,817.929,554.798,20400.66,2,189,21.119,14.646,NA,0.714,0.002,-45,-8.13
2272,17,15,817.929,554.798,20700.67,2,215,21.119,14.646,NA,0,0,0,45
2273,17,16,817.929,554.798,21000.679,2,91,21.119,14.646,NA,0,0,0,0
2274,17,17,817.929,554.798,21300.689,2,158,21.119,14.646,NA,0,0,0,0
2275,17,18,816.919,554.798,21600.699,2,122,22.129,13.969,NA,1.01,0.003,180,180
2276,17,19,816.919,554.798,21900.708,2,169,22.129,13.969,NA,0,0,0,-180
2277,17,20,816.919,555.303,22200.718,2,144,22.634,13.59,NA,0.505,0.002,90,90
2278,17,21,821.97,560.354,22500.728,2,147,29.777,15.016,NA,7.142,0.024,45,-45
2279,17,22,818.434,563.384,22800.738,2,115,34.433,10.797,NA,4.656,0.016,139.399,94.399
2280,17,23,818.434,568.939,23100.747,2,184,39.989,11.18,NA,5.556,0.019,90,-49.399
2281,17,24,818.434,568.939,23400.757,2,104,39.989,11.18,NA,0,0,0,-90
2282,17,25,818.434,561.869,23700.767,2,114,47.059,11.18,NA,7.071,0.024,-90,-90
2283,17,26,818.434,560.859,24000.776,2,149,48.07,11.539,NA,1.01,0.003,-90,0
2284,17,27,819.949,560.354,24300.786,2,100,49.667,13.131,NA,1.597,0.005,-18.435,71.565
2285,17,28,819.949,560.354,24600.796,2,68,49.667,13.131,NA,0,0,0,18.435
2286,17,29,819.949,560.354,24900.805,2,131,49.667,13.131,NA,0,0,0,0
2287,17,30,822.98,560.354,25200.815,2,204,52.697,15.971,NA,3.03,0.01,0,0
2288,17,31,822.98,560.354,25500.825,2,180,52.697,15.971,NA,0,0,0,0
2289,17,32,822.98,560.354,25800.835,2,128,52.697,15.971,NA,0,0,0,0
2290,17,33,827.525,553.283,26100.844,2,133,61.103,23.128,NA,8.406,0.028,-57.265,-57.265
2291,17,34,827.525,553.283,26400.854,2,64,61.103,23.128,NA,0,0,0,57.265
2292,17,35,818.939,548.737,26700.864,2,229,70.817,20.031,NA,9.715,0.032,-152.103,-152.103
2293,17,36,818.939,548.737,27000.873,2,134,70.817,20.031,NA,0,0,0,152.103
2294,17,37,819.949,547.222,27300.883,2,177,72.638,21.852,NA,1.821,0.006,-56.31,-56.31
2295,17,38,819.949,546.212,27600.893,2,85,73.649,22.699,NA,1.01,0.003,-90,-33.69
2296,17,39,825.505,540.152,27900.903,2,94,81.87,30.825,NA,8.222,0.027,-47.49,42.51
2297,17,40,825.505,540.152,28200.912,2,107,81.87,30.825,NA,0,0,0,47.49
2298,17,41,825.505,540.152,28500.922,2,144,81.87,30.825,NA,0,0,0,0
2299,17,42,825.505,540.152,28800.932,2,149,81.87,30.825,NA,0,0,0,0
2300,17,43,832.071,537.626,29100.941,2,73,88.905,36.869,NA,7.035,0.023,-21.038,-21.038
2301,17,44,832.071,537.626,29400.951,2,97,88.905,36.869,NA,0,0,0,21.038
2302,17,45,830.556,537.626,29700.961,2,73,90.42,35.891,NA,1.515,0.005,180,180
2303,17,46,830.556,533.586,30000.97,2,118,94.46,39.101,NA,4.04,0.013,-90,90
2304,17,47,830.556,532.071,30300.98,2,145,95.975,40.344,NA,1.515,0.005,-90,0
2305,17,48,830.556,532.071,30600.99,2,136,95.975,40.344,NA,0,0,0,90
2306,17,49,832.071,532.071,30901,2,94,97.491,41.217,NA,1.515,0.005,0,0
2307,17,50,832.071,532.071,31201.009,2,135,97.491,41.217,NA,0,0,0,0
2308,17,51,834.596,527.525,31501.019,2,120,102.69,46.382,NA,5.2,0.017,-60.945,-60.945
2309,17,52,837.121,513.384,31801.029,2,184,117.056,59.701,NA,14.365,0.048,-79.875,-18.93
2310,17,53,837.121,513.384,32101.038,2,121,117.056,59.701,NA,0,0,0,79.875
2311,17,54,837.121,513.384,32401.048,2,131,117.056,59.701,NA,0,0,0,0
2312,17,55,840.152,506.818,32701.058,2,99,124.287,66.911,NA,7.231,0.024,-65.225,-65.225
2313,17,56,840.152,496.717,33001.068,2,122,134.388,75.912,NA,10.101,0.034,-90,-24.775
2314,17,57,841.667,496.717,33301.077,2,80,135.903,76.57,NA,1.515,0.005,0,90
2315,17,58,841.667,490.152,33601.087,2,179,142.469,82.51,NA,6.566,0.022,-90,-90
2316,17,59,843.687,485.101,33901.097,2,127,147.908,87.946,NA,5.44,0.018,-68.199,21.801
2317,17,60,857.323,477.02,34201.106,2,163,163.759,101.299,NA,15.851,0.053,-30.651,37.548
2318,17,61,858.333,475,34501.116,2,160,166.018,103.555,NA,2.259,0.008,-63.435,-32.784
2319,17,62,858.333,475,34801.126,2,135,166.018,103.555,NA,0,0,0,63.435
2320,17,63,858.333,475,35101.135,2,167,166.018,103.555,NA,0,0,0,0
2321,17,64,858.333,475,35401.145,2,204,166.018,103.555,NA,0,0,0,0
2322,17,65,858.333,470.455,35701.155,2,158,170.563,107.546,NA,4.545,0.015,-90,-90
2323,17,66,858.333,464.899,36001.165,2,158,176.119,112.481,NA,5.556,0.019,-90,0
2324,17,67,860.354,464.899,36301.174,2,95,178.139,113.403,NA,2.02,0.007,0,90
2325,17,68,860.354,464.899,36601.184,2,114,178.139,113.403,NA,0,0,0,0
2326,17,69,860.354,461.364,36901.194,2,176,181.674,116.547,NA,3.535,0.012,-90,-90
2327,17,70,857.323,448.737,37201.203,2,108,194.659,126.731,NA,12.985,0.043,-103.496,-13.496
2328,17,71,857.323,448.737,37501.213,2,185,194.659,126.731,NA,0,0,0,103.496
2329,17,72,857.323,448.737,37801.223,2,128,194.659,126.731,NA,0,0,0,0
2330,17,73,859.848,445.202,38101.232,2,137,199.004,130.976,NA,4.345,0.014,-54.462,-54.462
2331,17,74,859.848,434.091,38401.242,2,137,210.115,141.242,NA,11.111,0.037,-90,-35.538
2332,17,75,864.394,430.051,38701.252,2,247,216.196,146.698,NA,6.082,0.02,-41.634,48.366
2333,17,76,867.929,430.051,39001.262,2,107,219.732,148.097,NA,3.535,0.012,0,41.634
2334,17,77,879.04,430.051,39301.271,2,165,230.843,152.944,NA,11.111,0.037,0,0
2335,17,78,879.04,430.051,39601.281,2,240,230.843,152.944,NA,0,0,0,0
2336,17,79,883.586,427.02,39901.291,2,164,236.306,157.763,NA,5.463,0.018,-33.69,-33.69
2337,17,80,894.192,423.485,40201.3,2,138,247.486,166.132,NA,11.18,0.037,-18.435,15.255
2338,17,81,895.707,417.424,40501.31,2,210,253.733,172.107,NA,6.247,0.021,-75.964,-57.529
2339,17,82,895.707,417.424,40801.32,2,145,253.733,172.107,NA,0,0,0,75.964
2340,17,83,898.737,406.313,41101.33,2,136,265.25,183.233,NA,11.517,0.038,-74.745,-74.745
2341,17,84,898.737,406.313,41401.339,2,87,265.25,183.233,NA,0,0,0,74.745
2342,17,85,904.293,399.242,41701.349,2,93,274.242,192.133,NA,8.992,0.03,-51.843,-51.843
2343,17,86,904.798,399.242,42001.359,2,11,274.747,192.387,NA,0.505,0.002,0,51.843
2344,17,87,915.404,399.242,42301.368,2,119,285.353,197.945,NA,10.606,0.035,0,0
2345,17,88,916.919,399.242,42601.378,2,103,286.868,198.773,NA,1.515,0.005,0,0
2346,17,89,917.424,388.131,42901.388,2,74,297.991,208.415,NA,11.123,0.037,-87.397,-87.397
2347,17,90,929.545,376.515,43201.397,2,61,314.779,224.709,NA,16.789,0.056,-43.781,43.616
2348,17,91,929.545,366.919,43501.407,2,35,324.375,232.833,NA,9.596,0.032,-90,-46.219
2349,18,1,877.525,591.667,24600.796,2,97,0,0,NA,NA,NA,NA,NA
2350,18,2,877.525,591.667,24900.805,2,121,0,0,NA,0,0,0,NA
2351,18,3,877.525,588.636,25200.815,2,90,3.03,3.03,NA,3.03,0.01,-90,-90
2352,18,4,877.525,588.636,25500.825,2,113,3.03,3.03,NA,0,0,0,90
2353,18,5,876.515,584.091,25800.835,2,123,7.687,7.643,NA,4.656,0.016,-102.529,-102.529
2354,18,6,876.515,584.091,26100.844,2,96,7.687,7.643,NA,0,0,0,102.529
2355,18,7,876.515,579.545,26400.854,2,83,12.232,12.163,NA,4.545,0.015,-90,-90
2356,18,8,876.515,572.98,26700.864,2,66,18.798,18.714,NA,6.566,0.022,-90,0
2357,18,9,880.051,570.455,27000.873,2,57,23.142,21.362,NA,4.345,0.014,-35.538,54.462
2358,18,10,880.051,570.455,27300.883,2,61,23.142,21.362,NA,0,0,0,35.538
2359,18,11,884.091,565.909,27600.893,2,84,29.224,26.581,NA,6.082,0.02,-48.366,-48.366
2360,18,12,884.091,562.879,27900.903,2,66,32.254,29.527,NA,3.03,0.01,-90,-41.634
2361,18,13,885.101,560.354,28200.912,2,80,34.974,32.217,NA,2.72,0.009,-68.199,21.801
2362,18,14,887.626,558.333,28500.922,2,79,38.208,34.83,NA,3.234,0.011,-38.66,29.539
2363,18,15,894.192,556.313,28800.932,2,63,45.077,39.085,NA,6.869,0.023,-17.103,21.557
2364,18,16,894.192,556.313,29100.941,2,42,45.077,39.085,NA,0,0,0,17.103
2365,18,17,895.707,555.303,29400.951,2,98,46.898,40.656,NA,1.821,0.006,-33.69,-33.69
2366,18,18,896.212,555.303,29700.961,2,68,47.403,40.884,NA,0.505,0.002,0,33.69
2367,18,19,899.747,549.747,30000.97,2,97,53.988,47.445,NA,6.585,0.022,-57.529,-57.529
2368,18,20,899.747,536.616,30300.98,2,203,67.12,59.367,NA,13.131,0.044,-90,-32.471
2369,18,21,899.747,536.616,30600.99,2,42,67.12,59.367,NA,0,0,0,90
2370,18,22,882.071,536.616,30901,2,3,84.797,55.238,NA,17.677,0.059,180,180
2371,18,23,884.091,518.434,31201.009,2,171,103.09,73.526,NA,18.294,0.061,-83.66,96.34
2372,18,24,884.091,513.384,31501.019,2,152,108.141,78.558,NA,5.051,0.017,-90,-6.34
2373,18,25,890.152,510.354,31801.029,2,2,114.917,82.288,NA,6.776,0.023,-26.565,63.435
2374,18,26,895.202,492.172,32101.038,2,65,133.787,101.053,NA,18.87,0.063,-74.476,-47.911
2375,18,27,901.263,473.485,32401.048,2,107,153.432,120.542,NA,19.645,0.065,-72.031,2.445
2376,18,28,901.263,462.374,32701.058,2,225,164.543,131.454,NA,11.111,0.037,-90,-17.969
2377,18,29,901.263,452.778,33001.068,2,92,174.139,140.903,NA,9.596,0.032,-90,0
2378,18,30,908.333,449.242,33301.077,2,102,182.044,145.718,NA,7.905,0.026,-26.565,63.435
2379,18,31,916.919,449.242,33601.087,2,82,190.63,147.772,NA,8.586,0.029,0,26.565
2380,18,32,923.99,446.717,33901.097,2,35,198.138,152.215,NA,7.508,0.025,-19.654,-19.654
2381,18,33,932.071,438.636,34201.106,2,31,209.566,162.461,NA,11.428,0.038,-45,-25.346
2382,18,34,939.646,431.061,34501.116,2,19,220.28,172.201,NA,10.714,0.036,-45,0
2383,18,35,943.687,426.01,34801.126,2,16,226.748,178.38,NA,6.468,0.022,-51.34,-6.34
2384,18,36,952.273,412.879,35101.135,2,29,242.437,193.784,NA,15.689,0.052,-56.821,-5.481
2385,18,37,954.293,403.283,35401.145,2,26,252.243,203.425,NA,9.806,0.033,-78.111,-21.29
2386,18,38,954.293,402.778,35701.155,2,18,252.748,203.893,NA,0.505,0.002,-90,-11.889
2387,18,39,954.293,402.778,36001.165,2,10,252.748,203.893,NA,0,0,0,90
2388,18,40,965.404,396.212,36301.174,2,3,265.654,214.302,NA,12.906,0.043,-30.579,-30.579
2389,18,41,971.97,389.141,36601.184,2,22,275.303,223.464,NA,9.649,0.032,-47.121,-16.542
2390,18,42,976.515,387.121,36901.194,2,28,280.278,227.24,NA,4.974,0.017,-23.962,23.159
2391,18,43,976.515,387.626,37201.203,2,33,280.783,226.785,NA,0.505,0.002,90,113.962
2392,18,44,977.02,381.061,37501.213,2,28,287.368,232.925,NA,6.585,0.022,-85.601,-175.601
2393,18,45,977.02,381.061,37801.223,2,12,287.368,232.925,NA,0,0,0,85.601
2394,18,46,984.091,368.939,38101.232,2,53,301.4,246.908,NA,14.033,0.047,-59.744,-59.744
2395,18,47,989.141,364.899,38401.242,2,51,307.868,252.748,NA,6.468,0.022,-38.66,21.084
2396,18,48,989.141,364.899,38701.252,2,7,307.868,252.748,NA,0,0,0,38.66
2397,18,49,998.737,354.798,39001.262,2,5,321.801,266.081,NA,13.932,0.046,-46.469,-46.469
2398,18,50,1010.859,354.798,39301.271,2,7,333.922,271.817,NA,12.121,0.04,0,46.469
2399,18,51,1024.495,349.242,39601.281,2,7,348.647,283.495,NA,14.725,0.049,-22.166,-22.166
2400,18,52,1033.586,353.788,39901.291,2,67,358.81,284.502,NA,10.164,0.034,26.565,48.731
2401,18,53,1033.586,353.283,40201.3,2,2,359.316,284.924,NA,0.505,0.002,-90,-116.565
2402,19,1,647.222,516.919,20400.66,2,73,0,0,NA,NA,NA,NA,NA
2403,19,2,645.707,516.414,20700.67,2,66,1.597,1.597,NA,1.597,0.005,-161.565,NA
2404,19,3,640.152,516.414,21000.679,2,29,7.153,7.089,NA,5.556,0.019,180,-18.435
2405,19,4,639.141,522.98,21300.689,2,17,13.796,10.101,NA,6.643,0.022,98.746,-81.254
2406,19,5,639.141,522.98,21600.699,2,55,13.796,10.101,NA,0,0,0,-98.746
2407,19,6,636.616,522.98,21900.708,2,33,16.321,12.216,NA,2.525,0.008,180,180
2408,19,7,636.616,515.909,22200.718,2,52,23.392,10.654,NA,7.071,0.024,-90,90
2409,19,8,636.616,506.313,22500.728,2,88,32.987,14.999,NA,9.596,0.032,-90,0
2410,19,9,636.616,506.313,22800.738,2,74,32.987,14.999,NA,0,0,0,90
2411,19,10,627.02,506.313,23100.747,2,99,42.583,22.817,NA,9.596,0.032,180,180
2412,19,11,627.02,506.313,23400.757,2,116,42.583,22.817,NA,0,0,0,-180
2413,19,12,627.02,506.313,23700.767,2,93,42.583,22.817,NA,0,0,0,0
2414,19,13,627.02,506.313,24000.776,2,87,42.583,22.817,NA,0,0,0,0
2415,19,14,616.414,506.313,24300.786,2,96,53.19,32.583,NA,10.606,0.035,180,180
2416,19,15,615.909,506.313,24600.796,2,136,53.695,33.061,NA,0.505,0.002,180,0
2417,19,16,615.909,506.313,24900.805,2,72,53.695,33.061,NA,0,0,0,-180
2418,19,17,617.424,498.232,25200.815,2,104,61.916,35.173,NA,8.222,0.027,-79.38,-79.38
2419,19,18,619.949,495.202,25500.825,2,107,65.861,34.863,NA,3.945,0.013,-50.194,29.186
2420,19,19,620.96,495.202,25800.835,2,77,66.871,34.079,NA,1.01,0.003,0,50.194
2421,19,20,621.465,495.202,26100.844,2,106,67.376,33.691,NA,0.505,0.002,0,0
2422,19,21,621.465,492.172,26400.854,2,87,70.406,35.72,NA,3.03,0.01,-90,-90
2423,19,22,621.465,492.172,26700.864,2,115,70.406,35.72,NA,0,0,0,90
2424,19,23,621.465,492.172,27000.873,2,107,70.406,35.72,NA,0,0,0,0
2425,19,24,621.465,492.172,27300.883,2,117,70.406,35.72,NA,0,0,0,0
2426,19,25,621.465,492.172,27600.893,2,91,70.406,35.72,NA,0,0,0,0
2427,19,26,625,488.131,27900.903,2,99,75.775,36.367,NA,5.369,0.018,-48.814,-48.814
2428,19,27,625,487.626,28200.912,2,101,76.28,36.768,NA,0.505,0.002,-90,-41.186
2429,19,28,625,482.071,28500.922,2,84,81.836,41.331,NA,5.556,0.019,-90,0
2430,19,29,625,482.071,28800.932,2,95,81.836,41.331,NA,0,0,0,90
2431,19,30,625,482.071,29100.941,2,85,81.836,41.331,NA,0,0,0,0
2432,19,31,620.455,476.01,29400.951,2,96,89.411,48.888,NA,7.576,0.025,-126.87,-126.87
2433,19,32,620.455,474.495,29700.961,2,98,90.926,50.163,NA,1.515,0.005,-90,36.87
2434,19,33,622.475,474.495,30000.97,2,99,92.947,49.115,NA,2.02,0.007,0,90
2435,19,34,628.535,474.495,30300.98,2,57,99.007,46.357,NA,6.061,0.02,0,0
2436,19,35,630.051,473.99,30600.99,2,106,100.604,46.236,NA,1.597,0.005,-18.435,-18.435
2437,19,36,630.051,473.99,30901,2,118,100.604,46.236,NA,0,0,0,18.435
2438,19,37,630.051,473.99,31201.009,2,74,100.604,46.236,NA,0,0,0,0
2439,19,38,630.051,473.99,31501.019,2,113,100.604,46.236,NA,0,0,0,0
2440,19,39,630.051,473.99,31801.029,2,104,100.604,46.236,NA,0,0,0,0
2441,19,40,624.495,473.99,32101.038,2,125,106.16,48.574,NA,5.556,0.019,180,180
2442,19,41,624.495,477.525,32401.048,2,91,109.695,45.48,NA,3.535,0.012,90,-90
2443,19,42,624.495,484.091,32701.058,2,29,116.261,39.928,NA,6.566,0.022,90,0
2444,19,43,625,480.051,33001.068,2,57,120.333,43.048,NA,4.072,0.014,-82.875,-172.875
2445,19,44,631.061,476.01,33301.077,2,114,127.617,43.986,NA,7.284,0.024,-33.69,49.185
2446,19,45,635.606,467.929,33601.087,2,84,136.888,50.348,NA,9.271,0.031,-60.642,-26.952
2447,19,46,631.566,464.394,33901.097,2,108,142.257,54.809,NA,5.369,0.018,-138.814,-78.172
2448,19,47,631.566,464.394,34201.106,2,74,142.257,54.809,NA,0,0,0,138.814
2449,19,48,631.566,457.828,34501.116,2,97,148.823,61.13,NA,6.566,0.022,-90,-90
2450,19,49,635.606,451.263,34801.126,2,63,156.532,66.676,NA,7.709,0.026,-58.392,31.608
2451,19,50,635.606,446.212,35101.135,2,100,161.582,71.655,NA,5.051,0.017,-90,-31.608
2452,19,51,638.131,446.212,35401.145,2,102,164.108,71.289,NA,2.525,0.008,0,90
2453,19,52,637.121,440.152,35701.155,2,84,170.252,77.429,NA,6.144,0.02,-99.462,-99.462
2454,19,53,637.121,440.152,36001.165,2,117,170.252,77.429,NA,0,0,0,99.462
2455,19,54,633.586,431.061,36301.174,2,88,180.006,86.935,NA,9.754,0.033,-111.251,-111.251
2456,19,55,633.081,421.97,36601.184,2,96,189.111,95.997,NA,9.105,0.03,-93.18,18.071
2457,19,56,631.566,414.394,36901.194,2,95,196.837,103.714,NA,7.726,0.026,-101.31,-8.13
2458,19,57,624.495,400.758,37201.203,2,95,212.197,118.364,NA,15.361,0.051,-117.408,-16.098
2459,19,58,624.495,400.758,37501.213,2,111,212.197,118.364,NA,0,0,0,117.408
2460,19,59,617.929,392.172,37801.223,2,109,223.006,128.141,NA,10.809,0.036,-127.405,-127.405
2461,19,60,617.929,387.121,38101.232,2,106,228.056,133.062,NA,5.051,0.017,-90,37.405
2462,19,61,617.929,378.03,38401.242,2,120,237.147,141.944,NA,9.091,0.03,-90,0
2463,19,62,616.919,370.96,38701.252,2,158,244.29,149.072,NA,7.142,0.024,-98.13,-8.13
2464,19,63,618.434,357.323,39001.262,2,62,258.01,162.172,NA,13.72,0.046,-83.66,14.47
2465,19,64,618.434,348.737,39301.271,2,204,266.596,170.628,NA,8.586,0.029,-90,-6.34
2466,19,65,618.939,343.182,39601.281,2,190,272.174,176.024,NA,5.578,0.019,-84.806,5.194
2467,19,66,618.939,342.677,39901.291,2,111,272.679,176.523,NA,0.505,0.002,-90,-5.194
2468,19,67,618.939,334.596,40201.3,2,253,280.76,184.504,NA,8.081,0.027,-90,0
2469,19,68,618.939,334.596,40501.31,2,165,280.76,184.504,NA,0,0,0,90
2470,19,69,625.505,343.687,40801.32,2,100,291.974,174.588,NA,11.214,0.037,54.162,54.162
2471,19,70,617.424,347.222,41101.33,2,147,300.794,172.293,NA,8.82,0.029,156.371,102.208
2472,19,71,617.424,345.202,41401.339,2,130,302.815,174.283,NA,2.02,0.007,-90,113.629
2473,19,72,617.424,339.141,41701.349,2,102,308.875,180.258,NA,6.061,0.02,-90,0
2474,19,73,630.051,336.616,42001.359,2,176,321.752,181.119,NA,12.876,0.043,-11.31,78.69
2475,19,74,634.091,334.596,42301.368,2,86,326.269,182.795,NA,4.517,0.015,-26.565,-15.255
2476,19,75,639.141,324.495,42601.378,2,140,337.562,192.594,NA,11.293,0.038,-63.435,-36.87
2477,19,76,639.646,321.465,42901.388,2,106,340.634,195.601,NA,3.072,0.01,-80.538,-17.103
2478,19,77,639.646,314.394,43201.397,2,78,347.705,202.667,NA,7.071,0.024,-90,-9.462
2479,19,78,647.727,302.778,43501.407,2,117,361.855,214.142,NA,14.15,0.047,-55.176,34.824
2480,19,79,647.727,302.778,43801.417,2,186,361.855,214.142,NA,0,0,0,55.176
2481,19,80,647.727,302.778,44101.427,2,223,361.855,214.142,NA,0,0,0,0
2482,19,81,647.727,302.778,44401.436,2,214,361.855,214.142,NA,0,0,0,0
2483,19,82,647.727,302.778,44701.446,2,238,361.855,214.142,NA,0,0,0,0
2484,19,83,663.384,293.687,45001.456,2,152,379.96,223.817,NA,18.104,0.06,-30.141,-30.141
2485,19,84,663.384,293.687,45301.465,2,172,379.96,223.817,NA,0,0,0,30.141
2486,19,85,663.384,293.687,45601.475,2,146,379.96,223.817,NA,0,0,0,0
2487,19,86,663.384,293.687,45901.485,2,150,379.96,223.817,NA,0,0,0,0
2488,19,87,665.909,290.152,46201.495,2,173,384.304,227.536,NA,4.345,0.014,-54.462,-54.462
2489,19,88,665.909,290.152,46501.504,2,197,384.304,227.536,NA,0,0,0,54.462
2490,19,89,670.455,290.152,46801.514,2,182,388.85,227.955,NA,4.545,0.015,0,0
2491,19,90,672.475,290.152,47101.524,2,249,390.87,228.169,NA,2.02,0.007,0,0
2492,19,91,674.495,290.152,47401.533,2,214,392.89,228.402,NA,2.02,0.007,0,0
2493,19,92,674.495,290.152,47701.543,2,235,392.89,228.402,NA,0,0,0,0
2494,19,93,678.03,290.152,48001.553,2,249,396.426,228.851,NA,3.535,0.012,0,0
2495,19,94,681.061,294.697,48301.562,2,136,401.889,224.784,NA,5.463,0.018,56.31,56.31
2496,19,95,681.061,294.697,48601.572,2,111,401.889,224.784,NA,0,0,0,-56.31
2497,19,96,681.061,294.697,48901.582,2,132,401.889,224.784,NA,0,0,0,0
2498,19,97,682.071,291.667,49201.592,2,78,405.083,227.932,NA,3.194,0.011,-71.565,-71.565
2499,19,98,684.091,288.636,49501.601,2,78,408.725,231.241,NA,3.642,0.012,-56.31,15.255
2500,19,99,690.152,288.636,49801.611,2,109,414.785,232.284,NA,6.061,0.02,0,56.31
2501,19,100,703.283,280.051,50101.621,2,59,430.475,243.412,NA,15.689,0.052,-33.179,-33.179
2502,19,101,703.283,280.051,50401.63,2,74,430.475,243.412,NA,0,0,0,33.179
2503,19,102,726.515,280.051,50701.64,2,106,453.707,249.788,NA,23.232,0.077,0,0
2504,19,103,726.515,275,51001.65,2,91,458.757,254.583,NA,5.051,0.017,-90,-90
2505,19,104,737.626,258.838,51301.659,2,73,478.37,273.457,NA,19.613,0.065,-55.491,34.509
2506,19,105,740.152,242.677,51601.669,2,116,494.728,289.56,NA,16.358,0.055,-81.119,-25.628
2507,19,106,749.242,239.646,51901.679,2,113,504.31,295.446,NA,9.583,0.032,-18.435,62.684
2508,19,107,755.808,230.051,52201.689,2,116,515.938,306.732,NA,11.627,0.039,-55.62,-37.185
2509,19,108,755.808,230.051,52501.698,2,85,515.938,306.732,NA,0,0,0,55.62
2510,19,109,762.374,221.97,52801.708,2,134,526.349,316.631,NA,10.412,0.035,-50.906,-50.906
2511,19,110,766.414,211.869,53101.718,2,2,537.229,327.51,NA,10.879,0.036,-68.199,-17.292
2512,19,111,771.465,197.727,53401.727,2,61,552.245,342.52,NA,15.016,0.05,-70.346,-2.148
2513,19,112,771.465,197.727,53701.737,2,83,552.245,342.52,NA,0,0,0,70.346
2514,19,113,771.465,191.162,54001.747,2,160,558.81,348.646,NA,6.566,0.022,-90,-90
2515,19,114,773.485,187.626,54301.757,2,148,562.882,352.67,NA,4.072,0.014,-60.255,29.745
2516,19,115,773.485,185.101,54601.766,2,156,565.408,355.029,NA,2.525,0.008,-90,-29.745
2517,19,116,769.949,185.101,54901.776,2,79,568.943,353.787,NA,3.535,0.012,180,-90
2518,19,117,769.949,177.02,55201.786,2,211,577.024,361.377,NA,8.081,0.027,-90,90
2519,19,118,769.949,177.02,55501.795,2,74,577.024,361.377,NA,0,0,0,90
2520,19,119,754.798,177.02,55801.805,2,136,592.175,356.516,NA,15.152,0.051,180,180
2521,19,120,754.293,177.02,56101.815,2,113,592.68,356.364,NA,0.505,0.002,180,0
2522,19,121,758.838,178.535,56401.824,2,93,597.472,356.317,NA,4.791,0.016,18.435,-161.565
2523,19,122,765.909,178.535,56701.834,2,180,604.542,358.595,NA,7.071,0.024,0,-18.435
2524,19,123,765.909,170.96,57001.844,2,87,612.118,365.752,NA,7.576,0.025,-90,-90
2525,19,124,750.758,170.96,57301.854,2,131,627.27,361.12,NA,15.152,0.051,180,-90
2526,19,125,742.677,158.838,57601.863,2,167,641.837,370.585,NA,14.568,0.049,-123.69,56.31
2527,19,126,742.172,157.828,57901.873,2,24,642.967,371.432,NA,1.129,0.004,-116.565,7.125
2528,19,127,755.808,135.101,58201.883,2,47,669.471,396.958,NA,26.504,0.088,-59.036,57.529
2529,19,128,769.444,125.505,58501.892,2,72,686.145,410.053,NA,16.674,0.056,-35.134,23.902
2530,19,129,777.02,116.414,58801.902,2,64,697.979,421.013,NA,11.834,0.039,-50.194,-15.06
2531,19,130,797.222,90.152,59101.912,2,56,731.113,452.361,NA,33.134,0.11,-52.431,-2.237
2532,19,131,818.939,65.404,59401.922,2,24,764.038,483.066,NA,32.925,0.11,-48.731,3.7
2533,19,132,835.606,66.414,59701.931,2,95,780.735,488.307,NA,16.697,0.056,3.468,52.2
2534,19,133,837.121,57.323,60001.941,2,103,789.952,497.283,NA,9.216,0.031,-80.538,-84.006
2535,19,134,836.616,61.364,60301.951,2,65,794.024,493.357,NA,4.072,0.014,97.125,177.663
2536,19,135,836.616,61.869,60601.96,2,39,794.529,492.89,NA,0.505,0.002,90,-7.125
2537,19,136,836.616,61.869,60901.97,2,76,794.529,492.89,NA,0,0,0,-90
2538,19,137,840.152,51.263,61201.98,2,103,805.708,504.041,NA,11.18,0.037,-71.565,-71.565
2539,19,138,840.152,51.263,61501.989,2,56,805.708,504.041,NA,0,0,0,71.565
2540,19,139,835.101,53.788,61801.999,2,77,811.355,499.789,NA,5.647,0.019,153.435,153.435
2541,19,140,835.101,48.737,62102.009,2,95,816.406,504.473,NA,5.051,0.017,-90,116.565
2542,19,141,833.586,44.192,62402.019,2,143,821.197,508.136,NA,4.791,0.016,-108.435,-18.435
2543,19,142,834.596,40.657,62702.028,2,130,824.874,511.796,NA,3.677,0.012,-74.055,34.38
2544,19,143,834.596,34.596,63002.038,2,111,830.934,517.44,NA,6.061,0.02,-90,-15.945
2545,19,144,834.596,34.596,63302.048,2,55,830.934,517.44,NA,0,0,0,90
2546,19,145,834.596,18.939,63602.057,2,97,846.591,532.065,NA,15.657,0.052,-90,-90
2547,19,146,838.636,14.394,63902.067,2,142,852.672,537.746,NA,6.082,0.02,-48.366,41.634
2548,19,147,846.717,6.818,64202.077,2,124,863.749,547.724,NA,11.077,0.037,-43.152,5.214
2549,20,1,1081.061,835.606,33301.077,2,31,0,0,NA,NA,NA,NA,NA
2550,20,2,1089.141,832.576,33601.087,2,45,8.63,8.63,NA,8.63,0.029,-20.556,NA
2551,20,3,1097.222,828.535,33901.097,2,49,17.665,17.641,NA,9.035,0.03,-26.565,-6.009
2552,20,4,1103.788,828.535,34201.106,2,82,24.231,23.802,NA,6.566,0.022,0,26.565
2553,20,5,1108.333,835.606,34501.116,2,115,32.636,27.273,NA,8.406,0.028,57.265,57.265
2554,20,6,1113.889,837.121,34801.126,2,75,38.395,32.863,NA,5.758,0.019,15.255,-42.01
2555,20,7,1122.98,830.051,35101.135,2,65,49.912,42.286,NA,11.517,0.038,-37.875,-53.13
2556,20,8,1130.556,820.96,35401.145,2,114,61.745,51.617,NA,11.834,0.039,-50.194,-12.319
2557,20,9,1148.737,811.364,35701.155,2,168,82.304,71.888,NA,20.559,0.069,-27.824,22.37
2558,20,10,1156.818,809.343,36001.165,2,97,90.634,80.181,NA,8.33,0.028,-14.036,13.788
2559,20,11,1173.99,809.343,36301.174,2,87,107.805,96.569,NA,17.172,0.057,0,14.036
2560,20,12,1173.99,809.343,36601.184,2,112,107.805,96.569,NA,0,0,0,0
2561,20,13,1190.152,810.859,36901.194,2,161,124.038,111.863,NA,16.232,0.054,5.356,5.356
2562,20,14,1200.758,818.939,37201.203,2,145,137.372,120.852,NA,13.334,0.044,37.304,31.948
2563,20,15,1212.374,820.455,37501.213,2,133,149.086,132.184,NA,11.715,0.039,7.431,-29.873
2564,20,16,1212.374,820.455,37801.223,2,110,149.086,132.184,NA,0,0,0,-7.431
2565,20,17,1227.525,820.455,38101.232,2,130,164.238,147.246,NA,15.152,0.051,0,0
2566,20,18,1241.667,830.051,38401.242,2,83,181.327,160.702,NA,17.09,0.057,34.16,34.16
2567,20,19,1241.667,841.667,38701.252,2,124,192.944,160.72,NA,11.616,0.039,90,55.84
2568,20,20,1231.566,853.283,39001.262,2,88,208.337,151.54,NA,15.394,0.051,131.009,41.009
2569,20,21,1236.111,850.758,39301.271,2,151,213.537,155.789,NA,5.2,0.017,-29.055,-160.064
2570,20,22,1241.667,852.273,39601.281,2,140,219.296,161.469,NA,5.758,0.019,15.255,44.31
2571,20,23,1254.293,855.808,39901.291,2,185,232.407,174.406,NA,13.112,0.044,15.642,0.387
2572,20,24,1270.455,865.909,40201.3,2,56,251.466,191.803,NA,19.059,0.064,32.005,16.363
2573,20,25,1287.121,866.414,40501.31,2,114,268.14,208.351,NA,16.674,0.056,1.736,-30.27
2574,20,26,1305.808,866.414,40801.32,2,105,286.827,226.849,NA,18.687,0.062,0,-1.736
2575,20,27,1332.576,862.374,41101.33,2,78,313.898,252.936,NA,27.071,0.09,-8.584,-8.584
2576,20,28,1346.212,850.758,41401.339,2,227,331.811,265.584,NA,17.913,0.06,-40.426,-31.842
2577,20,29,1359.848,861.869,41701.349,2,109,349.401,280.022,NA,17.59,0.059,39.174,79.6
2578,20,30,1365.909,861.869,42001.359,2,103,355.462,286.057,NA,6.061,0.02,0,-39.174
2579,20,31,1371.465,851.263,42301.368,2,123,367.435,290.826,NA,11.973,0.04,-62.354,-62.354
2580,20,32,1388.131,843.182,42601.378,2,147,385.957,307.164,NA,18.522,0.062,-25.866,36.488
2581,20,33,1399.747,843.182,42901.388,2,102,397.573,318.777,NA,11.616,0.039,0,25.866
2582,20,34,1400.253,842.677,43201.397,2,181,398.288,319.27,NA,0.714,0.002,-45,-45
2583,20,35,1429.545,824.495,43501.407,2,54,432.765,348.662,NA,34.477,0.115,-31.827,13.173
2584,20,36,1439.646,820.455,43801.417,2,109,443.644,358.906,NA,10.879,0.036,-21.801,10.026
2585,20,37,1455.303,805.303,44101.427,2,131,465.431,375.467,NA,21.788,0.073,-44.061,-22.259
2586,20,38,1470.455,798.737,44401.436,2,87,481.944,391.135,NA,16.513,0.055,-23.429,20.632
2587,20,39,1484.596,802.273,44701.446,2,107,496.521,404.91,NA,14.577,0.049,14.036,37.465
2588,20,40,1512.879,801.263,45001.456,2,111,524.822,433.182,NA,28.301,0.094,-2.045,-16.082
2589,20,41,1525.505,804.293,45301.465,2,66,537.806,445.546,NA,12.985,0.043,13.496,15.541
2590,20,42,1529.04,801.768,45601.475,2,34,542.151,449.256,NA,4.345,0.014,-35.538,-49.033
2591,20,43,1541.162,788.131,45901.485,2,78,560.396,462.544,NA,18.245,0.061,-48.366,-12.829
2592,20,44,1541.162,785.101,46201.495,2,140,563.426,462.865,NA,3.03,0.01,-90,-41.634
2593,20,45,1547.222,780.051,46501.504,2,147,571.315,469.46,NA,7.889,0.026,-39.806,50.194
2594,21,1,1010.985,930.682,27000.873,2,30,0,0,NA,NA,NA,NA,NA
2595,21,2,1012.5,930.682,27300.883,2,30,1.515,1.515,NA,1.515,0.005,0,NA
2596,21,3,1016.288,930.303,27600.893,2,52,5.322,5.317,NA,3.807,0.013,-5.711,-5.711
2597,21,4,1024.621,930.303,27900.903,2,28,13.655,13.642,NA,8.333,0.028,0,5.711
2598,21,5,1022.727,937.121,28200.912,2,35,20.732,13.392,NA,7.076,0.024,105.524,105.524
2599,21,6,1022.727,937.121,28500.922,2,54,20.732,13.392,NA,0,0,0,-105.524
2600,21,7,1022.727,937.121,28800.932,2,42,20.732,13.392,NA,0,0,0,0
2601,21,8,1022.727,937.121,29100.941,2,41,20.732,13.392,NA,0,0,0,0
2602,21,9,1025,937.5,29400.951,2,54,23.036,15.586,NA,2.304,0.008,9.462,9.462
2603,21,10,1027.652,937.5,29700.961,2,52,25.687,18.007,NA,2.652,0.009,0,-9.462
2604,21,11,1029.924,936.364,30000.97,2,85,28.228,19.773,NA,2.541,0.008,-26.565,-26.565
2605,21,12,1025.758,932.197,30300.98,2,55,34.121,14.85,NA,5.893,0.02,-135,-108.435
2606,21,13,1025.758,931.818,30600.99,2,81,34.5,14.816,NA,0.379,0.001,-90,45
2607,21,14,1025.758,931.818,30901,2,51,34.5,14.816,NA,0,0,0,90
2608,21,15,1025.758,931.818,31201.009,2,77,34.5,14.816,NA,0,0,0,0
2609,21,16,1025.758,931.818,31501.019,2,47,34.5,14.816,NA,0,0,0,0
2610,21,17,1033.333,931.818,31801.029,2,116,42.075,22.377,NA,7.576,0.025,0,0
2611,21,18,1038.258,931.818,32101.038,2,81,47,27.296,NA,4.924,0.016,0,0
2612,21,19,1038.258,931.818,32401.048,2,51,47,27.296,NA,0,0,0,0
2613,21,20,1029.545,937.879,32701.058,2,117,57.612,19.907,NA,10.613,0.035,145.176,145.176
2614,21,21,1029.545,944.697,33001.068,2,69,64.431,23.258,NA,6.818,0.023,90,-55.176
2615,21,22,1028.409,944.697,33301.077,2,85,65.567,22.361,NA,1.136,0.004,180,90
2616,21,23,1028.03,950.758,33601.087,2,160,71.639,26.336,NA,6.072,0.02,93.576,-86.424
2617,21,24,1028.03,950.758,33901.097,2,124,71.639,26.336,NA,0,0,0,-93.576
2618,21,25,1024.242,952.652,34201.106,2,156,75.874,25.66,NA,4.235,0.014,153.435,153.435
2619,21,26,1026.894,952.273,34501.116,2,127,78.553,26.819,NA,2.678,0.009,-8.13,-161.565
2620,21,27,1026.894,955.682,34801.126,2,103,81.962,29.633,NA,3.409,0.011,90,98.13
2621,21,28,1022.727,955.682,35101.135,2,78,86.128,27.62,NA,4.167,0.014,180,90
2622,21,29,1022.727,956.439,35401.145,2,39,86.886,28.308,NA,0.758,0.003,90,-90
2623,21,30,1009.47,965.909,35701.155,2,29,103.178,35.26,NA,16.292,0.054,144.462,54.462
2624,21,31,997.348,977.273,36001.165,2,44,119.793,48.545,NA,16.615,0.055,136.848,-7.615
2625,21,32,987.121,977.273,36301.174,2,52,130.021,52.347,NA,10.227,0.034,180,43.152
2626,21,33,985.985,982.576,36601.184,2,50,135.444,57.602,NA,5.423,0.018,102.095,-77.905
2627,21,34,985.985,990.152,36901.194,2,120,143.02,64.511,NA,7.576,0.025,90,-12.095
2628,21,35,985.985,990.152,37201.203,2,70,143.02,64.511,NA,0,0,0,-90
2629,21,36,990.152,985.227,37501.213,2,61,149.47,58.389,NA,6.451,0.022,-49.764,-49.764
2630,21,37,995.076,985.227,37801.223,2,75,154.394,56.818,NA,4.924,0.016,0,49.764
2631,21,38,995.455,985.227,38101.232,2,82,154.773,56.713,NA,0.379,0.001,0,0
2632,21,39,995.455,985.227,38401.242,2,56,154.773,56.713,NA,0,0,0,0
2633,21,40,1004.545,977.652,38701.252,2,45,166.607,47.409,NA,11.834,0.039,-39.806,-39.806
2634,21,41,1004.545,982.197,39001.262,2,96,171.152,51.916,NA,4.545,0.015,90,129.806
2635,21,42,1007.197,982.197,39301.271,2,62,173.804,51.654,NA,2.652,0.009,0,-90
2636,21,43,1007.197,985.985,39601.281,2,46,177.592,55.433,NA,3.788,0.013,90,90
2637,21,44,1007.197,994.318,39901.291,2,128,185.925,63.749,NA,8.333,0.028,90,0
2638,21,45,1020.076,1002.273,40201.3,2,112,201.062,72.166,NA,15.137,0.05,31.701,-58.299
2639,21,46,1028.03,1002.652,40501.31,2,114,209.026,73.961,NA,7.964,0.027,2.726,-28.975
2640,21,47,1046.591,1006.439,40801.32,2,255,227.969,83.708,NA,18.943,0.063,11.535,8.808
2641,21,48,1046.591,1006.439,41101.33,2,250,227.969,83.708,NA,0,0,0,-11.535
2642,21,49,1061.364,1012.5,41401.339,2,93,243.937,96.085,NA,15.968,0.053,22.306,22.306
2643,21,50,1077.652,1022.727,41701.349,2,164,263.169,113.652,NA,19.233,0.064,32.125,9.819
2644,21,51,1093.561,1022.727,42001.359,2,89,279.078,123.657,NA,15.909,0.053,0,-32.125
2645,21,52,1126.136,1023.106,42301.368,2,146,311.656,147.655,NA,32.578,0.109,0.666,0.666
2646,21,53,1146.591,1029.545,42601.378,2,242,333.101,167.818,NA,21.444,0.071,17.475,16.809
2647,21,54,1159.848,1042.803,42901.388,2,196,351.85,186.364,NA,18.749,0.062,45,27.525
2648,21,55,1173.485,1051.136,43201.397,2,215,367.831,202.276,NA,15.981,0.053,31.43,-13.57
2649,21,56,1193.182,1051.515,43501.407,2,243,387.531,218.624,NA,19.701,0.066,1.102,-30.328
2650,21,57,1207.576,1056.818,43801.417,2,194,402.871,233.577,NA,15.34,0.051,20.225,19.123
2651,21,58,1220.076,1056.818,44101.427,2,144,415.371,244.191,NA,12.5,0.042,0,-20.225
2652,21,59,1208.712,1079.924,44401.436,2,255,441.12,247.728,NA,25.749,0.086,116.188,116.188
2653,21,60,1208.712,1079.924,44701.446,2,255,441.12,247.728,NA,0,0,0,-116.188
2654,21,61,1208.712,1079.924,45001.456,2,211,441.12,247.728,NA,0,0,0,0
2655,21,62,1219.318,1090.53,45301.465,2,47,456.12,262.592,NA,14.999,0.05,45,45
2656,21,63,1214.394,1096.212,45601.475,2,109,463.638,262.251,NA,7.519,0.025,130.914,85.914
2657,21,64,1223.864,1090.152,45901.485,2,92,474.881,265.985,NA,11.243,0.037,-32.619,-163.534
2658,21,65,1217.045,1101.515,46201.495,2,110,488.134,267.666,NA,13.252,0.044,120.964,153.583
2659,21,66,1204.167,1107.955,46501.504,2,151,502.532,262.192,NA,14.399,0.048,153.435,32.471
2660,21,67,1201.894,1128.03,46801.514,2,89,522.736,274.577,NA,20.204,0.067,96.459,-56.976
2661,21,68,1202.273,1141.288,47101.524,2,58,535.999,284.51,NA,13.263,0.044,88.363,-8.095
2662,21,69,1204.545,1153.409,47401.533,2,166,548.332,295.082,NA,12.332,0.041,79.38,-8.983
2663,21,70,1204.545,1160.985,47701.543,2,76,555.908,300.841,NA,7.576,0.025,90,10.62
2664,21,71,1204.545,1160.985,48001.553,2,125,555.908,300.841,NA,0,0,0,-90
2665,21,72,1204.545,1160.985,48301.562,2,105,555.908,300.841,NA,0,0,0,0
2666,21,73,1234.848,1170.833,48601.572,2,118,587.771,328.31,NA,31.863,0.106,18.004,18.004
2667,21,74,1250.379,1193.182,48901.582,2,93,614.986,355.269,NA,27.215,0.091,55.204,37.2
2668,21,75,1239.773,1207.197,49201.592,2,209,632.562,358.893,NA,17.576,0.059,127.117,71.913
2669,21,76,1241.667,1215.152,49501.601,2,129,640.738,366.247,NA,8.177,0.027,76.608,-50.509
2670,21,77,1262.5,1224.242,49801.611,2,208,663.469,386.572,NA,22.73,0.076,23.575,-53.033
2671,21,78,1262.879,1224.242,50101.621,2,139,663.848,386.818,NA,0.379,0.001,0,-23.575
2672,21,79,1276.515,1229.167,50401.63,2,136,678.346,399.499,NA,14.498,0.048,19.855,19.855
2673,21,80,1281.439,1244.697,50701.64,2,124,694.638,414.429,NA,16.292,0.054,72.408,52.552
2674,21,81,1291.667,1245.076,51001.65,2,104,704.873,421.457,NA,10.234,0.034,2.121,-70.286
2675,21,82,1292.045,1251.894,51301.659,2,141,711.701,426.816,NA,6.829,0.023,86.82,84.699
2676,21,83,1281.439,1279.167,51601.669,2,113,740.964,441.121,NA,29.262,0.098,111.251,24.43
2677,21,84,1281.439,1279.545,51901.679,2,135,741.342,441.42,NA,0.379,0.001,90,-21.251
2678,21,85,1278.409,1289.015,52201.689,2,162,751.285,447.122,NA,9.943,0.033,107.745,17.745
2679,21,86,1283.712,1301.515,52501.698,2,190,764.864,460.323,NA,13.578,0.045,67.011,-40.733
2680,21,87,1283.081,1316.414,52801.708,2,154,779.776,472.044,NA,14.912,0.05,92.426,25.415
2681,21,88,1302.778,1343.182,53101.718,2,212,813.01,505.272,NA,33.234,0.111,53.653,-38.774
2682,21,89,1319.444,1349.242,53401.727,2,95,830.744,519.943,NA,17.734,0.059,19.983,-33.669
2683,21,90,1346.717,1347.727,53701.737,2,131,858.059,535.391,NA,27.315,0.091,-3.18,-23.163
2684,21,91,1365.404,1359.343,54001.747,2,144,880.062,556.205,NA,22.003,0.073,31.866,35.046
2685,22,1,906.439,1014.773,31501.019,2,52,0,0,NA,NA,NA,NA,NA
2686,22,2,911.742,1012.5,31801.029,2,63,5.77,5.77,NA,5.77,0.019,-23.199,NA
2687,22,3,911.742,1012.5,32101.038,2,24,5.77,5.77,NA,0,0,0,23.199
2688,22,4,911.742,1012.5,32401.048,2,37,5.77,5.77,NA,0,0,0,0
2689,22,5,915.53,1014.015,32701.058,2,76,9.849,9.122,NA,4.08,0.014,21.801,21.801
2690,22,6,922.348,1017.045,33001.068,2,53,17.31,16.071,NA,7.461,0.025,23.962,2.161
2691,22,7,923.864,1015.152,33301.077,2,54,19.736,17.428,NA,2.425,0.008,-51.34,-75.303
2692,22,8,927.273,1015.152,33601.087,2,48,23.145,20.837,NA,3.409,0.011,0,51.34
2693,22,9,932.576,1015.152,33901.097,2,57,28.448,26.139,NA,5.303,0.018,0,0
2694,22,10,936.364,1015.152,34201.106,2,44,32.236,29.927,NA,3.788,0.013,0,0
2695,22,11,946.212,1022.727,34501.116,2,29,44.661,40.56,NA,12.425,0.041,37.569,37.569
2696,22,12,953.03,1022.727,34801.126,2,47,51.479,47.265,NA,6.818,0.023,0,-37.569
2697,22,13,950.758,1024.621,35101.135,2,33,54.438,45.399,NA,2.958,0.01,140.194,140.194
2698,22,14,950.758,1025,35401.145,2,43,54.816,45.483,NA,0.379,0.001,90,-50.194
2699,22,15,950.758,1025,35701.155,2,54,54.816,45.483,NA,0,0,0,-90
2700,22,16,950.758,1025,36001.165,2,7,54.816,45.483,NA,0,0,0,0
2701,22,17,967.045,1025,36301.174,2,74,71.104,61.463,NA,16.288,0.054,0,0
2702,22,18,970.455,1030.682,36601.184,2,90,77.73,65.962,NA,6.626,0.022,59.036,59.036
2703,22,19,970.455,1030.303,36901.194,2,159,78.109,65.872,NA,0.379,0.001,-90,-149.036
2704,22,20,970.455,1038.258,37201.203,2,151,86.064,68.187,NA,7.955,0.027,90,180
2705,22,21,970.833,1038.258,37501.213,2,95,86.443,68.543,NA,0.379,0.001,0,-90
2706,22,22,978.03,1038.258,37801.223,2,55,93.639,75.345,NA,7.197,0.024,0,0
2707,22,23,981.818,1053.409,38101.232,2,145,109.257,84.704,NA,15.618,0.052,75.964,75.964
2708,22,24,982.197,1053.788,38401.242,2,96,109.793,85.214,NA,0.536,0.002,45,-30.964
2709,22,25,982.197,1067.045,38701.252,2,78,123.051,92.042,NA,13.258,0.044,90,45
2710,22,26,980.682,1067.045,39001.262,2,111,124.566,90.799,NA,1.515,0.005,180,90
2711,22,27,980.682,1074.621,39301.271,2,81,132.141,95.361,NA,7.576,0.025,90,-90
2712,22,28,988.636,1077.273,39601.281,2,111,140.526,103.26,NA,8.385,0.028,18.435,-71.565
2713,22,29,1003.409,1078.409,39901.291,2,144,155.343,115.986,NA,14.816,0.049,4.399,-14.036
2714,22,30,1009.091,1076.515,40201.3,2,147,161.332,119.789,NA,5.989,0.02,-18.435,-22.834
2715,22,31,1017.803,1073.106,40501.31,2,85,170.687,125.716,NA,9.355,0.031,-21.371,-2.936
2716,22,32,1018.561,1072.727,40801.32,2,86,171.534,126.214,NA,0.847,0.003,-26.565,-5.194
2717,22,33,1028.03,1067.424,41101.33,2,121,182.388,132.501,NA,10.853,0.036,-29.249,-2.684
2718,22,34,1032.955,1071.591,41401.339,2,132,188.838,138.688,NA,6.451,0.022,40.236,69.485
2719,22,35,1033.333,1076.515,41701.349,2,116,193.777,141.118,NA,4.939,0.016,85.601,45.365
2720,22,36,1033.333,1076.515,42001.359,2,59,193.777,141.118,NA,0,0,0,-85.601
2721,22,37,1050.379,1076.515,42301.368,2,76,210.822,156.623,NA,17.045,0.057,0,0
2722,22,38,1060.227,1076.515,42601.378,2,84,220.671,165.719,NA,9.848,0.033,0,0
2723,22,39,1060.227,1079.545,42901.388,2,145,223.701,166.872,NA,3.03,0.01,90,90
2724,22,40,1060.227,1079.545,43201.397,2,234,223.701,166.872,NA,0,0,0,-90
2725,22,41,1060.227,1068.939,43501.407,2,133,234.307,163.048,NA,10.606,0.035,-90,-90
2726,22,42,1060.227,1068.939,43801.417,2,71,234.307,163.048,NA,0,0,0,90
2727,22,43,1059.091,1074.621,44101.427,2,3,240.102,163.964,NA,5.794,0.019,101.31,101.31
2728,22,44,1059.091,1090.152,44401.436,2,233,255.632,170.248,NA,15.53,0.052,90,-11.31
2729,22,45,1059.091,1090.152,44701.446,2,52,255.632,170.248,NA,0,0,0,-90
2730,22,46,1064.773,1098.864,45001.456,2,98,266.033,179.278,NA,10.401,0.035,56.889,56.889
2731,22,47,1068.561,1098.864,45301.465,2,94,269.821,182.632,NA,3.788,0.013,0,-56.889
2732,22,48,1068.561,1098.864,45601.475,2,153,269.821,182.632,NA,0,0,0,0
2733,22,49,1068.561,1098.864,45901.485,2,120,269.821,182.632,NA,0,0,0,0
2734,22,50,1082.197,1107.197,46201.495,2,62,285.802,198.577,NA,15.981,0.053,31.43,31.43
2735,22,51,1089.015,1114.773,46501.504,2,106,295.994,208.168,NA,10.192,0.034,48.013,16.583
2736,22,52,1105.682,1125,46801.514,2,58,315.549,227.701,NA,19.554,0.065,31.535,-16.478
2737,22,53,1133.333,1132.576,47101.524,2,141,344.219,255.653,NA,28.671,0.096,15.322,-16.213
2738,22,54,1142.045,1132.576,47401.533,2,137,352.931,263.416,NA,8.712,0.029,0,-15.322
2739,22,55,1154.545,1132.576,47701.543,2,75,365.431,274.653,NA,12.5,0.042,0,0
2740,22,56,1168.561,1132.576,48001.553,2,106,379.446,287.376,NA,14.015,0.047,0,0
2741,22,57,1183.333,1132.576,48301.562,2,102,394.219,300.912,NA,14.773,0.049,0,0
2742,22,58,1188.636,1132.576,48601.572,2,143,399.522,305.798,NA,5.303,0.018,0,0
2743,22,59,1199.621,1127.652,48901.582,2,67,411.56,314.161,NA,12.038,0.04,-24.146,-24.146
2744,22,60,1201.894,1126.894,49201.592,2,121,413.956,316.014,NA,2.396,0.008,-18.435,5.711
2745,22,61,1206.818,1124.242,49501.601,2,166,419.549,319.705,NA,5.593,0.019,-28.301,-9.866
2746,22,62,1215.152,1119.318,49801.611,2,221,429.228,325.934,NA,9.679,0.032,-30.579,-2.278
2747,22,63,1220.076,1115.53,50101.621,2,59,435.441,329.424,NA,6.213,0.021,-37.569,-6.989
2748,22,64,1220.076,1115.53,50401.63,2,82,435.441,329.424,NA,0,0,0,37.569
2749,22,65,1236.364,1114.394,50701.64,2,173,451.768,344.637,NA,16.327,0.054,-3.991,-3.991
2750,22,66,1244.318,1109.091,51001.65,2,169,461.328,350.796,NA,9.56,0.032,-33.69,-29.699
2751,22,67,1245.833,1102.273,51301.659,2,87,468.313,350.492,NA,6.985,0.023,-77.471,-43.781
2752,22,68,1245.455,1102.652,51601.669,2,90,468.849,350.22,NA,0.536,0.002,135,-147.529
2753,22,69,1255.303,1093.182,51901.679,2,74,482.511,357.567,NA,13.663,0.046,-43.877,-178.877
2754,22,70,1275,1107.955,52201.689,2,90,507.132,380.158,NA,24.621,0.082,36.87,80.747
2755,22,71,1298.485,1119.318,52501.698,2,130,533.222,405.745,NA,26.09,0.087,25.821,-11.049
2756,22,72,1316.288,1119.318,52801.708,2,95,551.025,422.972,NA,17.803,0.059,0,-25.821
2757,22,73,1329.924,1130.303,53101.718,2,157,568.536,438.961,NA,17.51,0.058,38.853,38.853
2758,22,74,1339.773,1141.288,53401.727,2,58,583.289,451.424,NA,14.753,0.049,48.122,9.269
2759,22,75,1349.621,1142.045,53701.737,2,101,593.166,461.095,NA,9.878,0.033,4.399,-43.723
2760,22,76,1353.788,1158.712,54001.747,2,191,610.346,469.935,NA,17.18,0.057,75.964,71.565
2761,22,77,1372.727,1174.621,54301.757,2,119,635.081,492.926,NA,24.735,0.082,40.03,-35.933
2762,22,78,1381.061,1175.379,54601.766,2,124,643.448,501.058,NA,8.368,0.028,5.194,-34.836
2763,22,79,1387.879,1180.682,54901.776,2,87,652.086,509.225,NA,8.638,0.029,37.875,32.681
2764,22,80,1395.833,1195.833,55201.786,2,53,669.199,521.814,NA,17.113,0.057,62.301,24.426
2765,22,81,1410.985,1216.667,55501.795,2,132,694.959,543.44,NA,25.76,0.086,53.973,-8.328
2766,22,82,1410.985,1216.667,55801.805,2,119,694.959,543.44,NA,0,0,0,-53.973
2767,22,83,1409.47,1230.303,56101.815,2,165,708.679,547.259,NA,13.72,0.046,96.34,96.34
2768,22,84,1414.015,1233.333,56401.824,2,120,714.142,552.632,NA,5.463,0.018,33.69,-62.65
2769,22,85,1428.788,1244.697,56701.834,2,154,732.78,570.713,NA,18.638,0.062,37.569,3.879
2770,22,86,1445.076,1247.727,57001.844,2,99,749.347,586.853,NA,16.567,0.055,10.539,-27.029
2771,22,87,1457.955,1255.682,57301.854,2,57,764.485,601.836,NA,15.137,0.05,31.701,21.162
2772,22,88,1463.636,1278.03,57601.863,2,75,787.544,616.257,NA,23.059,0.077,75.735,44.034
2773,22,89,1482.576,1287.121,57901.873,2,27,808.552,637.265,NA,21.008,0.07,25.641,-50.094
2774,22,90,1495.076,1290.53,58201.883,2,75,821.509,650.027,NA,12.957,0.043,15.255,-10.386
2775,23,1,848.864,1051.136,37801.223,2,36,0,0,NA,NA,NA,NA,NA
2776,23,2,853.409,1055.303,38101.232,2,26,6.166,6.166,NA,6.166,0.021,42.51,NA
2777,23,3,856.061,1067.424,38401.242,2,5,18.574,17.807,NA,12.408,0.041,77.661,35.15
2778,23,4,882.197,1067.424,38701.252,2,41,44.71,37.1,NA,26.136,0.087,0,-77.661
2779,23,5,891.667,1067.424,39001.262,2,39,54.18,45.797,NA,9.47,0.032,0,0
2780,23,6,904.545,1067.803,39301.271,2,53,67.064,58.123,NA,12.884,0.043,1.685,1.685
2781,23,7,914.394,1072.727,39601.281,2,77,78.075,68.996,NA,11.011,0.037,26.565,24.88
2782,23,8,922.727,1087.5,39901.291,2,161,95.036,82.33,NA,16.961,0.057,60.573,34.007
2783,23,9,922.727,1087.5,40201.3,2,83,95.036,82.33,NA,0,0,0,-60.573
2784,23,10,931.439,1096.97,40501.31,2,149,107.904,94.443,NA,12.868,0.043,47.386,47.386
2785,23,11,932.576,1105.682,40801.32,2,89,116.69,99.915,NA,8.786,0.029,82.569,35.183
2786,23,12,944.697,1131.061,41101.33,2,119,144.815,124.787,NA,28.125,0.094,64.47,-18.098
2787,23,13,957.955,1145.455,41401.339,2,62,164.384,144.211,NA,19.569,0.065,47.353,-17.117
2788,23,14,964.394,1151.263,41701.349,2,95,173.056,152.881,NA,8.672,0.029,42.049,-5.304
2789,23,15,972.475,1151.768,42001.359,2,134,181.152,159.394,NA,8.097,0.027,3.576,-38.473
2790,23,16,994.192,1163.889,42301.368,2,142,206.023,183.939,NA,24.871,0.083,29.168,25.591
2791,23,17,992.172,1176.515,42601.378,2,112,218.81,190.413,NA,12.787,0.043,99.09,69.923
2792,23,18,992.172,1183.586,42901.388,2,185,225.881,195.141,NA,7.071,0.024,90,-9.09
2793,23,19,1009.343,1185.101,43201.397,2,91,243.119,209.046,NA,17.238,0.057,5.042,-84.958
2794,23,20,1017.929,1199.747,43501.407,2,170,260.097,225.097,NA,16.978,0.057,59.621,54.578
2795,23,21,1043.687,1228.03,43801.417,2,81,298.351,263.149,NA,38.254,0.128,47.675,-11.945
2796,23,22,1053.788,1223.485,44101.427,2,222,309.427,267.765,NA,11.077,0.037,-24.228,-71.903
2797,23,23,1068.939,1216.919,44401.436,2,127,325.94,275.531,NA,16.513,0.055,-23.429,0.799
2798,23,24,1084.091,1202.273,44701.446,2,127,347.014,279.596,NA,21.073,0.07,-44.029,-20.6
2799,23,25,1098.232,1201.768,45001.456,2,101,361.164,291.332,NA,14.15,0.047,-2.045,41.984
2800,23,26,1098.737,1225.505,45301.465,2,164,384.907,304.699,NA,23.743,0.079,88.781,90.827
2801,23,27,1106.818,1221.212,45601.475,2,108,394.057,308.976,NA,9.15,0.031,-27.979,-116.761
2802,23,28,1106.818,1221.212,45901.485,2,159,394.057,308.976,NA,0,0,0,27.979
2803,23,29,1112.879,1223.106,46201.495,2,117,400.407,315.083,NA,6.35,0.021,17.354,17.354
2804,23,30,1123.106,1233.333,46501.504,2,103,414.87,329.249,NA,14.464,0.048,45,27.646
2805,23,31,1127.652,1233.333,46801.514,2,158,419.416,333.044,NA,4.545,0.015,0,-45
2806,23,32,1142.045,1221.591,47101.524,2,96,437.992,339.132,NA,18.576,0.062,-39.207,-39.207
2807,23,33,1156.818,1220.455,47401.533,2,123,452.808,351.432,NA,14.816,0.049,-4.399,34.808
2808,23,34,1162.121,1228.409,47701.543,2,119,462.368,359.939,NA,9.56,0.032,56.31,60.709
2809,23,35,1168.182,1234.47,48001.553,2,75,470.939,368.205,NA,8.571,0.029,45,-11.31
2810,23,36,1156.439,1234.47,48301.562,2,82,482.682,358.07,NA,11.742,0.039,180,135
2811,23,37,1147.348,1233.712,48601.572,2,114,491.804,349.896,NA,9.122,0.03,-175.236,4.764
2812,23,38,1141.667,1230.682,48901.582,2,108,498.244,343.468,NA,6.439,0.021,-151.928,23.309
2813,23,39,1137.121,1231.439,49201.592,2,114,502.852,340.002,NA,4.608,0.015,170.538,-37.535
2814,23,40,1137.121,1247.727,49501.601,2,119,519.14,348.913,NA,16.288,0.054,90,-80.538
2815,23,41,1136.364,1266.667,49801.611,2,136,538.094,359.318,NA,18.955,0.063,92.291,2.291
2816,23,42,1142.424,1276.894,50101.621,2,131,549.982,370.33,NA,11.888,0.04,59.349,-32.941
2817,23,43,1153.788,1295.455,50401.63,2,65,571.745,390.73,NA,21.763,0.073,58.523,-0.826
2818,23,44,1162.879,1313.258,50701.64,2,113,591.735,409.039,NA,19.99,0.067,62.949,4.426
2819,23,45,1179.545,1332.197,51001.65,2,130,616.964,433.988,NA,25.229,0.084,48.652,-14.297
2820,23,46,1186.742,1332.576,51301.659,2,172,624.171,439.739,NA,7.207,0.024,3.013,-45.639
2821,23,47,1186.742,1351.894,51601.669,2,97,643.489,452.346,NA,19.318,0.064,90,86.987
2822,23,48,1186.742,1351.894,51901.679,2,42,643.489,452.346,NA,0,0,0,-90
2823,23,49,1199.242,1376.136,52201.689,2,64,670.764,477.902,NA,27.275,0.091,62.723,62.723
2824,23,50,1207.197,1391.667,52501.698,2,73,688.213,494.332,NA,17.449,0.058,62.879,0.155
2825,23,51,1207.197,1391.667,52801.708,2,132,688.213,494.332,NA,0,0,0,-62.879
2826,23,52,1207.197,1391.667,53101.718,2,150,688.213,494.332,NA,0,0,0,0
2827,23,53,1207.197,1391.667,53401.727,2,106,688.213,494.332,NA,0,0,0,0
2828,23,54,1207.955,1396.97,53701.737,2,127,693.57,498.545,NA,5.357,0.018,81.87,81.87
2829,23,55,1212.5,1396.97,54001.747,2,126,698.115,501.829,NA,4.545,0.015,0,-81.87
2830,23,56,1212.5,1396.97,54301.757,2,102,698.115,501.829,NA,0,0,0,0
2831,23,57,1212.5,1396.97,54601.766,2,157,698.115,501.829,NA,0,0,0,0
2832,23,58,1218.561,1396.97,54901.776,2,74,704.176,506.238,NA,6.061,0.02,0,0
2833,23,59,1230.682,1401.515,55201.786,2,79,717.121,518.219,NA,12.945,0.043,20.556,20.556
2834,23,60,1231.061,1406.818,55501.795,2,121,722.438,522.096,NA,5.317,0.018,85.914,65.358
2835,23,61,1231.061,1407.197,55801.805,2,92,722.817,522.354,NA,0.379,0.001,90,4.086
2836,23,62,1231.061,1407.197,56101.815,2,118,722.817,522.354,NA,0,0,0,-90
2837,23,63,1232.576,1413.636,56401.824,2,132,729.432,527.865,NA,6.615,0.022,76.759,76.759
2838,23,64,1232.576,1424.242,56701.834,2,87,740.038,535.204,NA,10.606,0.035,90,13.241
2839,23,65,1233.712,1437.121,57001.844,2,75,752.967,545.062,NA,12.929,0.043,84.958,-5.042
2840,23,66,1233.712,1437.121,57301.854,2,132,752.967,545.062,NA,0,0,0,-84.958
2841,23,67,1233.712,1443.561,57601.863,2,93,759.406,549.641,NA,6.439,0.021,90,90
2842,23,68,1230.303,1471.97,57901.873,2,81,788.019,567.976,NA,28.613,0.095,96.843,6.843
2843,23,69,1213.258,1492.045,58201.883,2,86,814.355,572,NA,26.336,0.088,130.333,33.49
2844,24,1,1090.152,720.076,31201.009,2,44,0,0,NA,NA,NA,NA,NA
2845,24,2,1094.697,715.909,31501.019,2,39,6.166,6.166,NA,6.166,0.021,-42.51,NA
2846,24,3,1095.833,717.045,31801.029,2,38,7.773,6.439,NA,1.607,0.005,45,87.51
2847,24,4,1095.833,719.318,32101.038,2,32,10.046,5.732,NA,2.273,0.008,90,45
2848,24,5,1089.015,719.318,32401.048,2,48,16.864,1.366,NA,6.818,0.023,180,90
2849,24,6,1089.015,717.803,32701.058,2,55,18.379,2.541,NA,1.515,0.005,-90,90
2850,24,7,1090.909,717.803,33001.068,2,59,20.273,2.396,NA,1.894,0.006,0,90
2851,24,8,1086.742,713.258,33301.077,2,68,26.44,7.623,NA,6.166,0.021,-132.51,-132.51
2852,24,9,1089.394,713.258,33601.087,2,91,29.091,6.86,NA,2.652,0.009,0,132.51
2853,24,10,1090.909,713.258,33901.097,2,82,30.606,6.86,NA,1.515,0.005,0,0
2854,24,11,1094.697,708.712,34201.106,2,75,36.523,12.239,NA,5.917,0.02,-50.194,-50.194
2855,24,12,1100,714.773,34501.116,2,80,44.576,11.185,NA,8.053,0.027,48.814,99.009
2856,24,13,1103.03,718.939,34801.126,2,50,49.728,12.929,NA,5.152,0.017,53.973,5.159
2857,24,14,1109.091,718.939,35101.135,2,95,55.789,18.973,NA,6.061,0.02,0,-53.973
2858,24,15,1102.652,714.015,35401.145,2,59,63.895,13.892,NA,8.106,0.027,-142.595,-142.595
2859,24,16,1102.652,714.015,35701.155,2,57,63.895,13.892,NA,0,0,0,142.595
2860,24,17,1114.015,714.015,36001.165,2,86,75.259,24.621,NA,11.364,0.038,0,0
2861,24,18,1132.197,714.015,36301.174,2,63,93.441,42.48,NA,18.182,0.061,0,0
2862,24,19,1132.197,714.015,36601.184,2,87,93.441,42.48,NA,0,0,0,0
2863,24,20,1135.227,713.258,36901.194,2,130,96.564,45.589,NA,3.124,0.01,-14.036,-14.036
2864,24,21,1143.939,710.227,37201.203,2,71,105.788,54.682,NA,9.224,0.031,-19.179,-5.143
2865,24,22,1147.348,713.258,37501.213,2,125,110.35,57.602,NA,4.561,0.015,41.634,60.813
2866,24,23,1160.606,712.5,37801.223,2,159,123.629,70.861,NA,13.279,0.044,-3.27,-44.904
2867,24,24,1160.606,712.5,38101.232,2,152,123.629,70.861,NA,0,0,0,3.27
2868,24,25,1160.606,710.606,38401.242,2,114,125.523,71.088,NA,1.894,0.006,-90,-90
2869,24,26,1160.985,707.197,38701.252,2,149,128.953,71.995,NA,3.43,0.011,-83.66,6.34
2870,24,27,1168.182,707.197,39001.262,2,134,136.15,79.086,NA,7.197,0.024,0,83.66
2871,24,28,1168.182,707.197,39301.271,2,109,136.15,79.086,NA,0,0,0,0
2872,24,29,1168.182,707.197,39601.281,2,129,136.15,79.086,NA,0,0,0,0
2873,24,30,1168.182,707.197,39901.291,2,16,136.15,79.086,NA,0,0,0,0
2874,24,31,1183.333,707.197,40201.3,2,154,151.301,94.068,NA,15.152,0.051,0,0
2875,24,32,1190.909,714.773,40501.31,2,176,162.015,100.897,NA,10.714,0.036,45,45
2876,24,33,1192.803,714.773,40801.32,2,132,163.909,102.788,NA,1.894,0.006,0,-45
2877,24,34,1203.03,714.773,41101.33,2,151,174.136,113.003,NA,10.227,0.034,0,0
2878,24,35,1203.03,719.318,41401.339,2,136,178.682,112.881,NA,4.545,0.015,90,90
2879,24,36,1213.258,718.561,41701.349,2,81,188.937,123.115,NA,10.255,0.034,-4.236,-94.236
2880,24,37,1229.924,721.97,42001.359,2,123,205.949,139.786,NA,17.012,0.057,11.56,15.797
2881,24,38,1245.455,721.97,42301.368,2,160,221.479,155.315,NA,15.53,0.052,0,-11.56
2882,24,39,1264.394,728.788,42601.378,2,131,241.608,174.46,NA,20.129,0.067,19.799,19.799
2883,24,40,1279.167,743.939,42901.388,2,167,262.77,190.516,NA,21.161,0.071,45.725,25.926
2884,24,41,1289.773,743.939,43201.397,2,209,273.376,201.043,NA,10.606,0.035,0,-45.725
2885,24,42,1293.939,749.242,43501.407,2,149,280.12,205.865,NA,6.744,0.022,51.843,51.843
2886,24,43,1295.455,749.242,43801.417,2,239,281.635,207.364,NA,1.515,0.005,0,-51.843
2887,24,44,1301.894,773.485,44101.427,2,182,306.718,218.374,NA,25.083,0.084,75.124,75.124
2888,24,45,1301.894,781.818,44401.436,2,192,315.051,220.561,NA,8.333,0.028,90,14.876
2889,24,46,1304.545,793.182,44701.446,2,172,326.72,226.515,NA,11.669,0.039,76.866,-13.134
2890,24,47,1311.742,806.061,45001.456,2,99,341.474,237.689,NA,14.753,0.049,60.803,-16.063
2891,24,48,1332.576,805.682,45301.465,2,108,362.31,257.095,NA,20.837,0.069,-1.042,-61.844
2892,24,49,1338.636,801.136,45601.475,2,208,369.886,261.372,NA,7.576,0.025,-36.87,-35.828
2893,24,50,1347.348,801.136,45901.485,2,129,378.598,269.669,NA,8.712,0.029,0,36.87
2894,24,51,1361.364,796.212,46201.495,2,195,393.453,281.696,NA,14.855,0.05,-19.359,-19.359
2895,24,52,1350.379,772.348,46501.504,2,129,419.724,265.425,NA,26.271,0.088,-114.717,-95.358
2896,24,53,1350.379,762.879,46801.514,2,169,429.193,263.724,NA,9.47,0.032,-90,24.717
2897,24,54,1351.515,762.879,47101.524,2,152,430.33,264.845,NA,1.136,0.004,0,90
2898,24,55,1356.818,762.879,47401.533,2,69,435.633,270.08,NA,5.303,0.018,0,0
2899,24,56,1378.788,760.227,47701.543,2,147,457.762,291.416,NA,22.129,0.074,-6.882,-6.882
2900,24,57,1394.318,760.227,48001.553,2,127,473.292,306.805,NA,15.53,0.052,0,6.882
2901,24,58,1413.258,760.985,48301.562,2,140,492.247,325.686,NA,18.955,0.063,2.291,2.291
2902,24,59,1419.318,754.545,48601.572,2,95,501.09,330.967,NA,8.843,0.029,-46.736,-49.026
2903,24,60,1426.515,744.697,48901.582,2,111,513.288,337.264,NA,12.198,0.041,-53.842,-7.106
2904,24,61,1426.894,735.606,49201.592,2,232,522.386,337.1,NA,9.099,0.03,-87.614,-33.772
2905,24,62,1426.894,735.606,49501.601,2,101,522.386,337.1,NA,0,0,0,87.614
2906,24,63,1426.894,728.788,49801.611,2,173,529.205,336.855,NA,6.818,0.023,-90,-90
2907,24,64,1418.182,722.348,50101.621,2,138,540.038,328.038,NA,10.834,0.036,-143.531,-53.531
2908,24,65,1410.606,717.803,50401.63,2,178,548.873,320.463,NA,8.835,0.029,-149.036,-5.505
2909,24,66,1401.894,721.97,50701.64,2,123,558.53,311.748,NA,9.657,0.032,154.44,-56.524
2910,24,67,1401.515,724.242,51001.65,2,168,560.834,311.392,NA,2.304,0.008,99.462,-54.978
2911,24,68,1405.682,717.803,51301.659,2,143,568.504,315.538,NA,7.67,0.026,-57.095,-156.557
2912,24,69,1396.591,733.333,51601.669,2,188,586.5,306.726,NA,17.995,0.06,120.343,177.438
2913,24,70,1387.879,733.333,51901.679,2,194,595.212,298.022,NA,8.712,0.029,180,59.657
2914,24,71,1386.364,733.333,52201.689,2,172,596.727,296.509,NA,1.515,0.005,180,0
2915,24,72,1380.303,733.333,52501.698,2,157,602.787,290.454,NA,6.061,0.02,180,0
2916,24,73,1381.818,719.697,52801.708,2,115,616.508,291.667,NA,13.72,0.046,-83.66,96.34
2917,24,74,1393.939,706.439,53101.718,2,112,634.471,304.094,NA,17.963,0.06,-47.564,36.096
2918,24,75,1393.939,706.439,53401.727,2,234,634.471,304.094,NA,0,0,0,47.564
2919,24,76,1394.318,706.439,53701.737,2,94,634.85,304.472,NA,0.379,0.001,0,0
2920,24,77,1401.894,705.682,54001.747,2,161,642.464,312.075,NA,7.614,0.025,-5.711,-5.711
2921,24,78,1411.742,699.621,54301.757,2,96,654.027,322.241,NA,11.564,0.039,-31.608,-25.897
2922,24,79,1411.742,699.621,54601.766,2,70,654.027,322.241,NA,0,0,0,31.608
2923,24,80,1434.091,699.621,54901.776,2,184,676.376,344.547,NA,22.348,0.074,0,0
2924,24,81,1439.773,700.379,55201.786,2,218,682.108,350.176,NA,5.732,0.019,7.595,7.595
2925,24,82,1439.773,700.379,55501.795,2,126,682.108,350.176,NA,0,0,0,-7.595
2926,24,83,1445.076,695.455,55801.805,2,181,689.345,355.777,NA,7.237,0.024,-42.879,-42.879
2927,24,84,1458.333,695.833,56101.815,2,71,702.608,368.979,NA,13.263,0.044,1.637,44.515
2928,24,85,1464.015,705.682,56401.824,2,116,713.978,374.141,NA,11.37,0.038,60.018,58.382
2929,24,86,1465.909,712.879,56701.834,2,185,721.42,375.826,NA,7.442,0.025,75.256,15.238
2930,24,87,1465.909,712.879,57001.844,2,94,721.42,375.826,NA,0,0,0,-75.256
2931,24,88,1456.439,714.773,57301.854,2,103,731.077,366.326,NA,9.657,0.032,168.69,168.69
2932,24,89,1450.379,712.879,57601.863,2,100,737.427,360.299,NA,6.35,0.021,-162.646,28.664
2933,24,90,1450.758,693.939,57901.873,2,86,756.37,361.552,NA,18.943,0.063,-88.854,73.792
2934,24,91,1455.682,689.394,58201.883,2,127,763.071,366.816,NA,6.701,0.022,-42.709,46.145
2935,24,92,1456.439,685.606,58501.892,2,68,766.934,367.906,NA,3.863,0.013,-78.69,-35.981
2936,25,1,1077.652,737.121,36301.174,2,20,0,0,NA,NA,NA,NA,NA
2937,25,2,1082.576,737.121,36601.184,2,59,4.924,4.924,NA,4.924,0.016,0,NA
2938,25,3,1082.576,737.121,36901.194,2,26,4.924,4.924,NA,0,0,0,0
2939,25,4,1089.773,732.576,37201.203,2,21,13.436,12.945,NA,8.512,0.028,-32.276,-32.276
2940,25,5,1099.242,732.576,37501.213,2,67,22.906,22.064,NA,9.47,0.032,0,32.276
2941,25,6,1109.47,736.364,37801.223,2,90,33.812,31.827,NA,10.906,0.036,20.323,20.323
2942,25,7,1109.47,736.364,38101.232,2,77,33.812,31.827,NA,0,0,0,-20.323
2943,25,8,1114.773,735.606,38401.242,2,39,39.169,37.152,NA,5.357,0.018,-8.13,-8.13
2944,25,9,1120.455,750,38701.252,2,50,54.644,44.699,NA,15.475,0.052,68.459,76.589
2945,25,10,1126.515,750,39001.262,2,72,60.705,50.532,NA,6.061,0.02,0,-68.459
2946,25,11,1126.515,750,39301.271,2,56,60.705,50.532,NA,0,0,0,0
2947,25,12,1134.47,750,39601.281,2,90,68.659,58.259,NA,7.955,0.027,0,0
2948,25,13,1141.288,745.455,39901.291,2,43,76.854,64.18,NA,8.194,0.027,-33.69,-33.69
2949,25,14,1141.288,737.5,40201.3,2,53,84.808,63.637,NA,7.955,0.027,-90,-56.31
2950,25,15,1148.485,729.545,40501.31,2,66,95.535,71.237,NA,10.727,0.036,-47.862,42.138
2951,25,16,1154.924,725.379,40801.32,2,92,103.205,78.16,NA,7.67,0.026,-32.905,14.957
2952,25,17,1163.258,723.106,41101.33,2,93,111.843,86.746,NA,8.638,0.029,-15.255,17.65
2953,25,18,1163.258,723.106,41401.339,2,51,111.843,86.746,NA,0,0,0,15.255
2954,25,19,1169.318,716.667,41701.349,2,75,120.686,93.921,NA,8.843,0.029,-46.736,-46.736
2955,25,20,1178.788,705.682,42001.359,2,113,135.189,105.91,NA,14.503,0.048,-49.236,-2.501
2956,25,21,1185.606,693.939,42301.368,2,198,148.767,116.271,NA,13.578,0.045,-59.859,-10.622
2957,25,22,1185.606,693.939,42601.378,2,77,148.767,116.271,NA,0,0,0,59.859
2958,25,23,1200.758,688.258,42901.388,2,160,164.949,132.449,NA,16.182,0.054,-20.556,-20.556
2959,25,24,1212.121,679.167,43201.397,2,139,179.502,146.427,NA,14.553,0.049,-38.66,-18.104
2960,25,25,1230.303,675.379,43501.407,2,166,198.074,164.665,NA,18.572,0.062,-11.768,26.892
2961,25,26,1242.045,678.788,43801.417,2,198,210.301,174.437,NA,12.227,0.041,16.189,27.957
2962,25,27,1252.273,678.788,44101.427,2,234,220.528,184.107,NA,10.227,0.034,0,-16.189
2963,25,28,1270.455,670.833,44401.436,2,140,240.374,203.88,NA,19.846,0.066,-23.629,-23.629
2964,25,29,1278.788,659.091,44701.446,2,86,254.773,215.742,NA,14.399,0.048,-54.638,-31.008
2965,25,30,1298.485,659.848,45001.456,2,44,274.485,233.962,NA,19.712,0.066,2.203,56.84
2966,25,31,1311.364,660.606,45301.465,2,99,287.386,245.919,NA,12.901,0.043,3.366,1.164
2967,25,32,1326.515,661.364,45601.475,2,182,302.556,260.139,NA,15.17,0.051,2.862,-0.504
2968,25,33,1334.848,673.485,45901.485,2,139,317.266,264.953,NA,14.709,0.049,55.491,52.629
2969,25,34,1342.803,679.167,46201.495,2,80,327.041,271.411,NA,9.775,0.033,35.538,-19.954
2970,25,35,1348.485,694.318,46501.504,2,146,343.223,274.195,NA,16.182,0.054,69.444,33.906
2971,25,36,1357.576,707.576,46801.514,2,82,359.298,281.479,NA,16.075,0.054,55.561,-13.883
2972,25,37,1364.394,707.197,47101.524,2,67,366.126,288.3,NA,6.829,0.023,-3.18,-58.741
2973,25,38,1351.515,710.227,47401.533,2,104,379.357,275.181,NA,13.23,0.044,166.759,169.939
2974,25,39,1346.97,710.227,47701.543,2,167,383.902,270.658,NA,4.545,0.015,180,13.241
2975,25,40,1343.182,715.53,48001.553,2,126,390.419,266.407,NA,6.517,0.022,125.538,-54.462
2976,25,41,1366.667,698.864,48301.562,2,103,419.217,291.536,NA,28.798,0.096,-35.362,-160.9
2977,25,42,1376.894,695.076,48601.572,2,99,430.123,302.182,NA,10.906,0.036,-20.323,15.039
2978,25,43,1392.803,698.106,48901.582,2,91,446.318,317.557,NA,16.195,0.054,10.784,31.107
2979,25,44,1406.818,704.924,49201.592,2,159,461.904,330.738,NA,15.586,0.052,25.942,15.158
2980,25,45,1421.591,704.924,49501.601,2,196,476.677,345.443,NA,14.773,0.049,0,-25.942
2981,25,46,1437.5,702.273,49801.611,2,101,492.805,361.532,NA,16.129,0.054,-9.462,-9.462
2982,25,47,1450.379,685.227,50101.621,2,115,514.169,376.322,NA,21.364,0.071,-52.927,-43.465
2983,25,48,1449.621,685.985,50401.63,2,161,515.241,375.468,NA,1.071,0.004,135,-172.073
2984,25,49,1480.303,681.061,50701.64,2,179,546.315,406.535,NA,31.074,0.104,-9.118,-144.118
2985,25,50,1499.242,684.47,51001.65,2,108,565.559,424.866,NA,19.244,0.064,10.204,19.322
2986,25,51,1506.061,698.864,51301.659,2,78,581.486,430.114,NA,15.927,0.053,64.654,54.45
2987,25,52,1515.909,716.288,51601.669,2,89,601.501,438.752,NA,20.015,0.067,60.524,-4.13
2988,25,53,1529.924,722.727,51901.679,2,105,616.924,452.502,NA,15.424,0.051,24.677,-35.847
2989,25,54,1541.667,722.727,52201.689,2,118,628.667,464.238,NA,11.742,0.039,0,-24.677
2990,26,1,576.515,1008.333,6900.223,2,43,0,0,NA,NA,NA,NA,NA
2991,26,2,574.495,1011.364,7200.233,2,69,3.642,3.642,NA,3.642,0.012,123.69,NA
2992,26,3,574.495,1011.364,7500.243,2,51,3.642,3.642,NA,0,0,0,-123.69
2993,26,4,574.495,1011.364,7800.252,2,48,3.642,3.642,NA,0,0,0,0
2994,26,5,574.495,1011.364,8100.262,2,57,3.642,3.642,NA,0,0,0,0
2995,26,6,574.495,1016.414,8400.272,2,74,8.692,8.33,NA,5.051,0.017,90,90
2996,26,7,574.495,1023.485,8700.281,2,65,15.763,15.286,NA,7.071,0.024,90,0
2997,26,8,574.495,1023.485,9000.291,2,95,15.763,15.286,NA,0,0,0,-90
2998,26,9,572.475,1023.485,9300.301,2,92,17.783,15.681,NA,2.02,0.007,180,180
2999,26,10,570.455,1025,9600.311,2,88,20.309,17.734,NA,2.525,0.008,143.13,-36.87
3000,26,11,569.949,1027.525,9900.32,2,104,22.884,20.284,NA,2.575,0.009,101.31,-41.82
3001,26,12,569.949,1027.525,10200.33,2,83,22.884,20.284,NA,0,0,0,-101.31
3002,26,13,561.869,1031.061,10500.34,2,72,31.704,27.038,NA,8.82,0.029,156.371,156.371
3003,26,14,561.869,1031.061,10800.349,2,74,31.704,27.038,NA,0,0,0,-156.371
3004,26,15,561.869,1031.061,11100.359,2,87,31.704,27.038,NA,0,0,0,0
3005,26,16,561.869,1031.061,11400.369,2,151,31.704,27.038,NA,0,0,0,0
3006,26,17,561.869,1035.606,11700.378,2,117,36.25,30.957,NA,4.545,0.015,90,90
3007,26,18,561.364,1041.667,12000.388,2,96,42.331,36.615,NA,6.082,0.02,94.764,4.764
3008,26,19,561.364,1041.667,12300.398,2,115,42.331,36.615,NA,0,0,0,-94.764
3009,26,20,546.717,1042.172,12600.408,2,82,56.986,45.088,NA,14.655,0.049,178.025,178.025
3010,26,21,545.707,1042.172,12900.417,2,76,57.997,45.762,NA,1.01,0.003,180,1.975
3011,26,22,545.707,1042.172,13200.427,2,55,57.997,45.762,NA,0,0,0,-180
3012,26,23,537.121,1042.172,13500.437,2,82,66.582,51.932,NA,8.586,0.029,180,180
3013,26,24,537.121,1042.172,13800.446,2,89,66.582,51.932,NA,0,0,0,-180
3014,26,25,537.121,1042.172,14100.456,2,132,66.582,51.932,NA,0,0,0,0
3015,26,26,537.121,1034.596,14400.466,2,72,74.158,47.346,NA,7.576,0.025,-90,-90
3016,26,27,533.586,1031.566,14700.476,2,81,78.815,48.813,NA,4.656,0.016,-139.399,-49.399
3017,26,28,533.586,1031.566,15000.485,2,110,78.815,48.813,NA,0,0,0,139.399
3018,26,29,539.646,1021.465,15300.495,2,92,90.594,39.137,NA,11.78,0.039,-59.036,-59.036
3019,26,30,539.646,1021.465,15600.505,2,83,90.594,39.137,NA,0,0,0,59.036
3020,26,31,539.646,1021.465,15900.514,2,91,90.594,39.137,NA,0,0,0,0
3021,26,32,538.131,1015.909,16200.524,2,56,96.353,39.124,NA,5.758,0.019,-105.255,-105.255
3022,26,33,532.071,1009.848,16500.534,2,122,104.924,44.47,NA,8.571,0.029,-135,-29.745
3023,26,34,532.071,1009.848,16800.543,2,113,104.924,44.47,NA,0,0,0,135
3024,26,35,518.939,1009.848,17100.553,2,61,118.055,57.596,NA,13.131,0.044,180,180
3025,26,36,518.939,1009.848,17400.563,2,84,118.055,57.596,NA,0,0,0,-180
3026,26,37,518.939,1009.848,17700.573,2,86,118.055,57.596,NA,0,0,0,0
3027,26,38,518.939,1009.848,18000.582,2,81,118.055,57.596,NA,0,0,0,0
3028,26,39,518.939,1009.848,18300.592,2,119,118.055,57.596,NA,0,0,0,0
3029,26,40,518.939,1009.848,18600.602,2,54,118.055,57.596,NA,0,0,0,0
3030,26,41,518.939,1009.848,18900.611,2,96,118.055,57.596,NA,0,0,0,0
3031,26,42,518.939,1009.848,19200.621,2,87,118.055,57.596,NA,0,0,0,0
3032,26,43,518.939,1008.333,19500.631,2,122,119.57,57.576,NA,1.515,0.005,-90,-90
3033,26,44,518.939,1008.333,19800.641,2,87,119.57,57.576,NA,0,0,0,90
3034,26,45,518.939,1004.293,20100.65,2,113,123.611,57.717,NA,4.04,0.013,-90,-90
3035,26,46,518.939,1004.293,20400.66,2,95,123.611,57.717,NA,0,0,0,90
3036,26,47,518.939,1011.364,20700.67,2,84,130.681,57.655,NA,7.071,0.024,90,90
3037,26,48,518.939,1013.384,21000.679,2,69,132.701,57.797,NA,2.02,0.007,90,0
3038,26,49,518.939,1013.384,21300.689,2,93,132.701,57.797,NA,0,0,0,-90
3039,26,50,518.939,1013.384,21600.699,2,133,132.701,57.797,NA,0,0,0,0
3040,26,51,518.939,1013.384,21900.708,2,118,132.701,57.797,NA,0,0,0,0
3041,26,52,514.899,1013.384,22200.718,2,119,136.742,61.823,NA,4.04,0.013,180,180
3042,26,53,514.899,1014.394,22500.728,2,96,137.752,61.914,NA,1.01,0.003,90,-90
3043,26,54,514.899,1014.394,22800.738,2,121,137.752,61.914,NA,0,0,0,-90
3044,26,55,514.899,1014.394,23100.747,2,114,137.752,61.914,NA,0,0,0,0
3045,26,56,505.808,1007.828,23400.757,2,128,148.966,70.709,NA,11.214,0.037,-144.162,-144.162
3046,26,57,505.808,1007.828,23700.767,2,65,148.966,70.709,NA,0,0,0,144.162
3047,26,58,507.323,1003.788,24000.776,2,101,153.281,69.341,NA,4.315,0.014,-69.444,-69.444
3048,26,59,510.859,994.697,24300.786,2,32,163.035,67.058,NA,9.754,0.033,-68.749,0.694
3049,26,60,511.364,994.697,24600.796,2,57,163.54,66.563,NA,0.505,0.002,0,68.749
3050,26,61,511.364,994.697,24900.805,2,42,163.54,66.563,NA,0,0,0,0
3051,26,62,511.364,994.697,25200.815,2,51,163.54,66.563,NA,0,0,0,0
3052,26,63,511.364,994.697,25500.825,2,83,163.54,66.563,NA,0,0,0,0
3053,26,64,511.364,994.697,25800.835,2,133,163.54,66.563,NA,0,0,0,0
3054,26,65,511.364,991.162,26100.844,2,64,167.076,67.376,NA,3.535,0.012,-90,-90
3055,26,66,511.364,991.162,26400.854,2,113,167.076,67.376,NA,0,0,0,90
3056,26,67,507.323,995.707,26700.864,2,132,173.157,70.335,NA,6.082,0.02,131.634,131.634
3057,26,68,506.313,1003.283,27000.873,2,125,180.8,70.383,NA,7.643,0.025,97.595,-34.039
3058,26,69,501.768,1003.788,27300.883,2,71,185.373,74.886,NA,4.573,0.015,173.66,76.065
3059,26,70,501.768,1008.333,27600.893,2,112,189.919,74.747,NA,4.545,0.015,90,-83.66
3060,26,71,504.798,1012.879,27900.903,2,64,195.382,71.861,NA,5.463,0.018,56.31,-33.69
3061,26,72,505.808,1031.061,28200.912,2,84,213.592,74.27,NA,18.21,0.061,86.82,30.51
3062,26,73,508.333,1035.101,28500.922,2,151,218.356,73.248,NA,4.765,0.016,57.995,-28.826
3063,26,74,508.333,1035.101,28800.932,2,93,218.356,73.248,NA,0,0,0,-57.995
3064,26,75,508.333,1043.687,29100.941,2,100,226.942,76.803,NA,8.586,0.029,90,90
3065,26,76,506.818,1051.263,29400.951,2,95,234.668,81.857,NA,7.726,0.026,101.31,11.31
3066,26,77,502.778,1051.768,29700.961,2,98,238.74,85.579,NA,4.072,0.014,172.875,71.565
3067,26,78,502.778,1051.768,30000.97,2,116,238.74,85.579,NA,0,0,0,-172.875
3068,26,79,502.778,1051.768,30300.98,2,114,238.74,85.579,NA,0,0,0,0
3069,26,80,507.323,1055.303,30600.99,2,52,244.498,83.628,NA,5.758,0.019,37.875,37.875
3070,26,81,507.323,1055.303,30901,2,82,244.498,83.628,NA,0,0,0,-37.875
3071,26,82,507.323,1055.303,31201.009,2,123,244.498,83.628,NA,0,0,0,0
3072,26,83,507.323,1055.303,31501.019,2,130,244.498,83.628,NA,0,0,0,0
3073,26,84,500.253,1055.303,31801.029,2,185,251.569,89.566,NA,7.071,0.024,180,180
3074,26,85,500.253,1068.434,32101.038,2,63,264.7,97.099,NA,13.131,0.044,90,-90
3075,26,86,500.253,1068.434,32401.048,2,147,264.7,97.099,NA,0,0,0,-90
3076,26,87,500.253,1068.434,32701.058,2,80,264.7,97.099,NA,0,0,0,0
3077,26,88,489.646,1081.061,33001.068,2,126,281.19,113.294,NA,16.49,0.055,130.03,130.03
3078,26,89,480.556,1081.061,33301.077,2,142,290.281,120.406,NA,9.091,0.03,180,49.97
3079,26,90,479.545,1076.515,33601.087,2,162,294.937,118.541,NA,4.656,0.016,-102.529,77.471
3080,26,91,475.505,1076.515,33901.097,2,95,298.978,121.868,NA,4.04,0.013,180,-77.471
3081,26,92,475.505,1076.515,34201.106,2,131,298.978,121.868,NA,0,0,0,-180
3082,26,93,468.939,1076.515,34501.116,2,169,305.543,127.363,NA,6.566,0.022,180,180
3083,26,94,454.293,1082.576,34801.126,2,144,321.394,143.004,NA,15.851,0.053,157.521,-22.479
3084,26,95,462.879,1095.202,35101.135,2,169,336.663,143.036,NA,15.269,0.051,55.784,-101.736
3085,26,96,459.343,1101.768,35401.145,2,65,344.12,149.864,NA,7.457,0.025,118.301,62.516
3086,26,97,459.343,1109.343,35701.155,2,153,351.696,154.701,NA,7.576,0.025,90,-28.301
3087,26,98,453.283,1109.343,36001.165,2,67,357.756,159.34,NA,6.061,0.02,180,90
3088,26,99,453.283,1109.343,36301.174,2,137,357.756,159.34,NA,0,0,0,-180
3089,26,100,441.667,1111.869,36601.184,2,107,369.644,170.011,NA,11.887,0.04,167.735,167.735
3090,26,101,434.091,1116.919,36901.194,2,68,378.749,179.096,NA,9.105,0.03,146.31,-21.425
3091,26,102,434.091,1132.576,37201.203,2,123,394.405,189,NA,15.657,0.052,90,-56.31
3092,26,103,408.838,1163.889,37501.213,2,159,434.632,228.72,NA,40.227,0.134,128.884,38.884
3093,26,104,411.869,1157.323,37801.223,2,83,441.864,222.051,NA,7.231,0.024,-65.225,165.891
3094,26,105,411.869,1156.818,38101.232,2,164,442.369,221.712,NA,0.505,0.002,-90,-24.775
3095,26,106,411.869,1156.818,38401.242,2,230,442.369,221.712,NA,0,0,0,90
3096,26,107,411.869,1156.818,38701.252,2,237,442.369,221.712,NA,0,0,0,0
3097,26,108,411.869,1156.818,39001.262,2,111,442.369,221.712,NA,0,0,0,0
3098,26,109,408.333,1161.364,39301.271,2,137,448.127,227.384,NA,5.758,0.019,127.875,127.875
3099,26,110,408.333,1168.434,39601.281,2,170,455.198,232.201,NA,7.071,0.024,90,-37.875
3100,26,111,408.333,1174.495,39901.291,2,169,461.258,236.421,NA,6.061,0.02,90,0
3101,26,112,408.333,1174.495,40201.3,2,201,461.258,236.421,NA,0,0,0,-90
3102,26,113,408.333,1174.495,40501.31,2,100,461.258,236.421,NA,0,0,0,0
3103,26,114,412.879,1167.929,40801.32,2,183,469.244,228.578,NA,7.986,0.027,-55.305,-55.305
3104,26,115,409.848,1167.929,41101.33,2,157,472.274,230.757,NA,3.03,0.01,180,-124.695
3105,26,116,408.838,1167.929,41401.339,2,195,473.284,231.487,NA,1.01,0.003,180,0
3106,26,117,417.424,1169.444,41701.349,2,126,482.003,226.422,NA,8.719,0.029,10.008,-169.992
3107,26,118,417.424,1175.505,42001.359,2,156,488.063,230.773,NA,6.061,0.02,90,79.992
3108,26,119,417.424,1175.505,42301.368,2,191,488.063,230.773,NA,0,0,0,-90
3109,26,120,417.424,1175.505,42601.378,2,129,488.063,230.773,NA,0,0,0,0
3110,26,121,412.374,1175.505,42901.388,2,136,493.114,234.284,NA,5.051,0.017,180,180
3111,26,122,409.848,1174.495,43201.397,2,253,495.834,235.345,NA,2.72,0.009,-158.199,21.801
3112,26,123,407.828,1174.495,43501.407,2,255,497.854,236.78,NA,2.02,0.007,180,-21.801
3113,26,124,404.798,1174.495,43801.417,2,153,500.884,238.949,NA,3.03,0.01,180,0
3114,26,125,402.273,1174.495,44101.427,2,175,503.409,240.77,NA,2.525,0.008,180,0
3115,26,126,402.273,1174.495,44401.436,2,129,503.409,240.77,NA,0,0,0,-180
3116,26,127,398.737,1175,44701.446,2,156,506.981,243.686,NA,3.571,0.012,171.87,171.87
3117,26,128,398.737,1175,45001.456,2,190,506.981,243.686,NA,0,0,0,-171.87
3118,26,129,402.273,1176.01,45301.465,2,83,510.658,241.818,NA,3.677,0.012,15.945,15.945
3119,26,130,403.283,1180.556,45601.475,2,103,515.314,244.274,NA,4.656,0.016,77.471,61.526
3120,26,131,407.828,1187.626,45901.485,2,171,523.72,246.173,NA,8.406,0.028,57.265,-20.206
3121,26,132,407.828,1187.626,46201.495,2,147,523.72,246.173,NA,0,0,0,-57.265
3122,26,133,407.828,1187.626,46501.504,2,203,523.72,246.173,NA,0,0,0,0
3123,26,134,407.828,1187.626,46801.514,2,225,523.72,246.173,NA,0,0,0,0
3124,26,135,407.828,1187.626,47101.524,2,206,523.72,246.173,NA,0,0,0,0
3125,26,136,405.303,1188.131,47401.533,2,134,526.295,248.276,NA,2.575,0.009,168.69,168.69
3126,26,137,403.788,1189.646,47701.543,2,88,528.438,250.418,NA,2.143,0.007,135,-33.69
3127,26,138,403.283,1192.172,48001.553,2,227,531.013,252.598,NA,2.575,0.009,101.31,-33.69
3128,26,139,403.283,1198.737,48301.562,2,129,537.579,257.416,NA,6.566,0.022,90,-11.31
3129,26,140,403.283,1198.737,48601.572,2,85,537.579,257.416,NA,0,0,0,-90
3130,26,141,409.848,1198.737,48901.582,2,103,544.144,253.044,NA,6.566,0.022,0,0
3131,26,142,409.848,1198.737,49201.592,2,78,544.144,253.044,NA,0,0,0,0
3132,26,143,409.848,1190.657,49501.601,2,162,552.225,247.021,NA,8.081,0.027,-90,-90
3133,26,144,397.727,1190.657,49801.611,2,192,564.346,255.356,NA,12.121,0.04,180,-90
3134,26,145,382.576,1190.657,50101.621,2,130,579.498,266.185,NA,15.152,0.051,180,0
3135,26,146,382.071,1190.657,50401.63,2,144,580.003,266.553,NA,0.505,0.002,180,0
3136,26,147,390.657,1191.162,50701.64,2,190,588.603,260.71,NA,8.601,0.029,3.366,-176.634
3137,26,148,390.657,1198.232,51001.65,2,117,595.674,265.716,NA,7.071,0.024,90,86.634
3138,26,149,391.162,1204.293,51301.659,2,168,601.756,269.733,NA,6.082,0.02,85.236,-4.764
3139,26,150,391.162,1204.293,51601.669,2,172,601.756,269.733,NA,0,0,0,-85.236
3140,26,151,391.162,1212.879,51901.679,2,149,610.342,276.034,NA,8.586,0.029,90,90
3141,26,152,391.162,1221.465,52201.689,2,230,618.928,282.455,NA,8.586,0.029,90,0
3142,26,153,389.141,1209.343,52501.698,2,80,631.216,274.798,NA,12.288,0.041,-99.462,170.538
3143,26,154,378.03,1220.96,52801.708,2,131,647.291,290.871,NA,16.075,0.054,133.727,-126.811
3144,26,155,378.03,1220.96,53101.718,2,116,647.291,290.871,NA,0,0,0,-133.727
3145,26,156,378.03,1220.96,53401.727,2,228,647.291,290.871,NA,0,0,0,0
3146,26,157,378.03,1221.465,53701.737,2,202,647.796,291.241,NA,0.505,0.002,90,90
3147,26,158,378.03,1221.465,54001.747,2,150,647.796,291.241,NA,0,0,0,-90
3148,26,159,378.03,1221.465,54301.757,2,71,647.796,291.241,NA,0,0,0,0
3149,26,160,378.03,1227.525,54601.766,2,120,653.856,295.705,NA,6.061,0.02,90,90
3150,26,161,365.404,1239.141,54901.776,2,83,671.013,312.794,NA,17.157,0.057,137.386,47.386
3151,26,162,357.323,1252.273,55201.786,2,117,686.432,327.95,NA,15.419,0.051,121.608,-15.778
3152,26,163,357.323,1252.273,55501.795,2,100,686.432,327.95,NA,0,0,0,-121.608
3153,26,164,346.212,1251.768,55801.805,2,221,697.554,335.112,NA,11.123,0.037,-177.397,-177.397
3154,26,165,346.212,1251.768,56101.815,2,128,697.554,335.112,NA,0,0,0,177.397
3155,26,166,338.131,1261.869,56401.824,2,190,710.49,348.004,NA,12.936,0.043,128.66,128.66
3156,26,167,338.131,1261.869,56701.834,2,108,710.49,348.004,NA,0,0,0,-128.66
3157,26,168,338.131,1267.929,57001.844,2,136,716.55,352.444,NA,6.061,0.02,90,90
3158,26,169,338.131,1268.939,57301.854,2,69,717.56,353.189,NA,1.01,0.003,90,0
3159,26,170,335.606,1275.505,57601.863,2,93,724.595,359.747,NA,7.035,0.023,111.038,21.038
3160,26,171,333.081,1279.04,57901.873,2,125,728.94,364.064,NA,4.345,0.014,125.538,14.5
3161,26,172,325.505,1284.091,58201.883,2,182,738.045,372.892,NA,9.105,0.03,146.31,20.772
3162,26,173,325.505,1284.091,58501.892,2,86,738.045,372.892,NA,0,0,0,-146.31
3163,26,174,325.505,1299.747,58801.902,2,96,753.701,384.614,NA,15.657,0.052,90,90
3164,26,175,326.01,1312.879,59101.912,2,78,766.842,394.336,NA,13.141,0.044,87.797,-2.203
3165,26,176,323.99,1320.96,59401.922,2,115,775.172,401.876,NA,8.33,0.028,104.036,16.239
3166,26,177,333.586,1328.03,59701.931,2,116,787.091,401.523,NA,11.92,0.04,36.384,-67.652
3167,26,178,329.545,1331.566,60001.941,2,96,792.46,406.784,NA,5.369,0.018,138.814,102.43
3168,26,179,329.545,1331.566,60301.951,2,137,792.46,406.784,NA,0,0,0,-138.814
3169,26,180,329.545,1353.788,60601.96,2,83,814.682,424.656,NA,22.222,0.074,90,90
3170,26,181,329.545,1358.838,60901.97,2,32,819.733,428.775,NA,5.051,0.017,90,0
3171,26,182,329.545,1358.838,61201.98,2,89,819.733,428.775,NA,0,0,0,-90
3172,26,183,329.545,1358.838,61501.989,2,87,819.733,428.775,NA,0,0,0,0
3173,26,184,329.545,1371.465,61801.999,2,55,832.359,439.156,NA,12.626,0.042,90,90
3174,26,185,328.535,1376.515,62102.009,2,54,837.51,443.905,NA,5.151,0.017,101.31,11.31
3175,26,186,328.535,1376.515,62402.019,2,62,837.51,443.905,NA,0,0,0,-101.31
3176,26,187,328.535,1383.081,62702.028,2,97,844.075,449.366,NA,6.566,0.022,90,90
3177,26,188,328.535,1383.081,63002.038,2,35,844.075,449.366,NA,0,0,0,-90
3178,26,189,328.535,1391.667,63302.048,2,80,852.661,456.551,NA,8.586,0.029,90,90
3179,26,190,328.535,1391.667,63602.057,2,95,852.661,456.551,NA,0,0,0,-90
3180,26,191,326.01,1397.222,63902.067,2,29,858.764,462.588,NA,6.103,0.02,114.444,114.444
3181,27,1,462.374,717.424,20700.67,2,46,0,0,NA,NA,NA,NA,NA
3182,27,2,458.838,717.424,21000.679,2,92,3.535,3.535,NA,3.535,0.012,180,NA
3183,27,3,458.838,717.424,21300.689,2,89,3.535,3.535,NA,0,0,0,-180
3184,27,4,458.838,717.424,21600.699,2,138,3.535,3.535,NA,0,0,0,0
3185,27,5,463.889,717.424,21900.708,2,112,8.586,1.515,NA,5.051,0.017,0,0
3186,27,6,463.889,717.424,22200.718,2,107,8.586,1.515,NA,0,0,0,0
3187,27,7,466.919,717.424,22500.728,2,95,11.616,4.545,NA,3.03,0.01,0,0
3188,27,8,466.919,717.424,22800.738,2,48,11.616,4.545,NA,0,0,0,0
3189,27,9,464.899,723.485,23100.747,2,54,18.005,6.566,NA,6.388,0.021,108.435,108.435
3190,27,10,459.343,723.485,23400.757,2,43,23.56,6.776,NA,5.556,0.019,180,71.565
3191,27,11,458.333,723.485,23700.767,2,72,24.57,7.284,NA,1.01,0.003,180,0
3192,27,12,457.828,729.04,24000.776,2,86,30.149,12.474,NA,5.578,0.019,95.194,-84.806
3193,27,13,450.253,735.606,24300.786,2,50,40.174,21.852,NA,10.025,0.033,139.086,43.891
3194,27,14,450.253,735.606,24600.796,2,59,40.174,21.852,NA,0,0,0,-139.086
3195,27,15,450.253,745.202,24900.805,2,120,49.77,30.307,NA,9.596,0.032,90,90
3196,27,16,442.677,745.202,25200.815,2,151,57.345,34.053,NA,7.576,0.025,180,90
3197,27,17,433.081,747.727,25500.825,2,79,67.268,42.147,NA,9.923,0.033,165.256,-14.744
3198,27,18,428.03,752.273,25800.835,2,61,74.063,48.927,NA,6.795,0.023,138.013,-27.244
3199,27,19,428.03,752.273,26100.844,2,54,74.063,48.927,NA,0,0,0,-138.013
3200,27,20,428.03,759.343,26400.854,2,79,81.134,54.191,NA,7.071,0.024,90,90
3201,27,21,428.03,759.343,26700.864,2,130,81.134,54.191,NA,0,0,0,-90
3202,27,22,428.03,759.343,27000.873,2,106,81.134,54.191,NA,0,0,0,0
3203,27,23,428.03,759.343,27300.883,2,94,81.134,54.191,NA,0,0,0,0
3204,27,24,430.556,753.788,27600.893,2,76,87.236,48.319,NA,6.103,0.02,-65.556,-65.556
3205,27,25,432.576,753.788,27900.903,2,65,89.256,47.013,NA,2.02,0.007,0,65.556
3206,27,26,439.141,753.788,28200.912,2,85,95.822,43.152,NA,6.566,0.022,0,0
3207,27,27,437.121,754.798,28500.922,2,51,98.081,45.105,NA,2.259,0.008,153.435,153.435
3208,27,28,435.101,757.828,28800.932,2,61,101.723,48.747,NA,3.642,0.012,123.69,-29.745
3209,27,29,435.101,757.828,29100.941,2,105,101.723,48.747,NA,0,0,0,-123.69
3210,27,30,432.071,757.828,29400.951,2,77,104.753,50.505,NA,3.03,0.01,180,180
3211,27,31,432.071,757.828,29700.961,2,108,104.753,50.505,NA,0,0,0,-180
3212,27,32,432.071,757.828,30000.97,2,85,104.753,50.505,NA,0,0,0,0
3213,27,33,438.131,757.828,30300.98,2,141,110.813,47.119,NA,6.061,0.02,0,0
3214,27,34,440.152,757.828,30600.99,2,180,112.834,46.112,NA,2.02,0.007,0,0
3215,27,35,439.646,757.828,30901,2,110,113.339,46.357,NA,0.505,0.002,180,180
3216,27,36,441.667,757.828,31201.009,2,42,115.359,45.401,NA,2.02,0.007,0,-180
3217,27,37,441.162,765.909,31501.019,2,87,123.456,52.922,NA,8.097,0.027,93.576,93.576
3218,27,38,439.646,766.919,31801.029,2,102,125.276,54.464,NA,1.821,0.006,146.31,52.734
3219,27,39,439.646,770.455,32101.038,2,87,128.812,57.695,NA,3.535,0.012,90,-56.31
3220,27,40,439.646,770.455,32401.048,2,87,128.812,57.695,NA,0,0,0,-90
3221,27,41,439.646,771.97,32701.058,2,82,130.327,59.091,NA,1.515,0.005,90,90
3222,27,42,445.202,771.97,33001.068,2,95,135.883,57.185,NA,5.556,0.019,0,-90
3223,27,43,445.202,771.97,33301.077,2,83,135.883,57.185,NA,0,0,0,0
3224,27,44,438.636,771.97,33601.087,2,32,142.448,59.487,NA,6.566,0.022,180,180
3225,27,45,438.636,771.97,33901.097,2,76,142.448,59.487,NA,0,0,0,-180
3226,27,46,438.636,771.97,34201.106,2,106,142.448,59.487,NA,0,0,0,0
3227,27,47,446.212,771.97,34501.116,2,108,150.024,56.889,NA,7.576,0.025,0,0
3228,27,48,451.768,777.02,34801.126,2,94,157.532,60.532,NA,7.508,0.025,42.274,42.274
3229,27,49,452.778,777.02,35101.135,2,63,158.542,60.364,NA,1.01,0.003,0,-42.274
3230,27,50,452.778,777.02,35401.145,2,73,158.542,60.364,NA,0,0,0,0
3231,27,51,456.313,775.505,35701.155,2,90,162.389,58.396,NA,3.846,0.013,-23.199,-23.199
3232,27,52,456.313,775.505,36001.165,2,89,162.389,58.396,NA,0,0,0,23.199
3233,27,53,457.828,772.98,36301.174,2,72,165.333,55.741,NA,2.945,0.01,-59.036,-59.036
3234,27,54,461.364,765.909,36601.184,2,77,173.239,48.495,NA,7.905,0.026,-63.435,-4.399
3235,27,55,461.364,765.909,36901.194,2,71,173.239,48.495,NA,0,0,0,63.435
3236,27,56,462.879,760.354,37201.203,2,115,178.997,42.932,NA,5.758,0.019,-74.745,-74.745
3237,27,57,462.879,754.798,37501.213,2,85,184.553,37.377,NA,5.556,0.019,-90,-15.255
3238,27,58,456.313,748.737,37801.223,2,100,193.488,31.894,NA,8.935,0.03,-137.291,-47.291
3239,27,59,456.313,748.737,38101.232,2,217,193.488,31.894,NA,0,0,0,137.291
3240,27,60,455.303,748.737,38401.242,2,120,194.498,32.102,NA,1.01,0.003,180,180
3241,27,61,455.303,747.222,38701.252,2,154,196.013,30.625,NA,1.515,0.005,-90,90
3242,27,62,451.263,737.626,39001.262,2,255,206.425,23.056,NA,10.412,0.035,-112.834,-22.834
3243,27,63,451.263,737.626,39301.271,2,255,206.425,23.056,NA,0,0,0,112.834
3244,27,64,450.253,737.626,39601.281,2,70,207.435,23.559,NA,1.01,0.003,180,180
3245,27,65,442.677,740.657,39901.291,2,56,215.595,30.458,NA,8.159,0.027,158.199,-21.801
3246,27,66,416.414,747.222,40201.3,2,133,242.666,54.774,NA,27.071,0.09,165.964,7.765
3247,27,67,404.798,758.838,40501.31,2,101,259.093,70.923,NA,16.428,0.055,135,-30.964
3248,27,68,395.202,758.333,40801.32,2,68,268.702,78.649,NA,9.609,0.032,-176.987,48.013
3249,27,69,389.141,757.323,41101.33,2,98,274.847,83.396,NA,6.144,0.02,-170.538,6.45
3250,27,70,389.141,757.323,41401.339,2,92,274.847,83.396,NA,0,0,0,170.538
3251,27,71,370.96,765.909,41701.349,2,114,294.954,103.476,NA,20.107,0.067,154.722,154.722
3252,27,72,359.343,763.384,42001.359,2,137,306.841,112.816,NA,11.887,0.04,-167.735,37.542
3253,27,73,355.808,776.515,42301.368,2,43,320.44,121.852,NA,13.599,0.045,105.068,-87.196
3254,27,74,347.727,794.192,42601.378,2,90,339.876,137.975,NA,19.436,0.065,114.567,9.499
3255,27,75,336.616,799.242,42901.388,2,174,352.081,150.031,NA,12.205,0.041,155.556,40.989
3256,27,76,326.515,804.798,43201.397,2,189,363.609,161.529,NA,11.528,0.038,151.189,-4.367
3257,27,77,326.515,814.394,43501.407,2,107,373.205,166.915,NA,9.596,0.032,90,-61.189
3258,27,78,320.96,818.434,43801.417,2,28,380.075,173.784,NA,6.869,0.023,143.973,53.973
3259,27,79,309.343,821.97,44101.427,2,78,392.217,185.332,NA,12.142,0.04,163.072,19.1
3260,27,80,297.727,808.333,44401.436,2,66,410.13,188.077,NA,17.913,0.06,-130.426,66.501
3261,27,81,296.212,797.222,44701.446,2,207,421.344,184.33,NA,11.214,0.037,-97.765,32.661
3262,27,82,296.212,797.222,45001.456,2,89,421.344,184.33,NA,0,0,0,97.765
3263,27,83,276.01,796.717,45301.465,2,88,441.553,202.531,NA,20.208,0.067,-178.568,-178.568
3264,27,84,258.838,809.343,45601.475,2,71,462.867,223.329,NA,21.314,0.071,143.673,-37.759
3265,27,85,258.838,809.343,45901.485,2,71,462.867,223.329,NA,0,0,0,-143.673
3266,27,86,228.03,812.374,46201.495,2,179,493.824,252.848,NA,30.957,0.103,174.382,174.382
3267,27,87,204.293,812.374,46501.504,2,75,517.561,274.993,NA,23.737,0.079,180,5.618
3268,27,88,203.788,812.374,46801.514,2,166,518.066,275.467,NA,0.505,0.002,180,0
3269,27,89,203.788,809.848,47101.524,2,44,520.591,274.607,NA,2.525,0.008,-90,90
3270,27,90,205.303,796.212,47401.533,2,128,534.311,268.873,NA,13.72,0.046,-83.66,6.34
3271,27,91,208.333,796.212,47701.543,2,96,537.342,265.978,NA,3.03,0.01,0,83.66
3272,27,92,216.414,799.747,48001.553,2,93,546.162,259.371,NA,8.82,0.029,23.629,23.629
3273,27,93,216.414,799.747,48301.562,2,130,546.162,259.371,NA,0,0,0,-23.629
3274,27,94,216.414,799.747,48601.572,2,211,546.162,259.371,NA,0,0,0,0
3275,27,95,212.374,799.747,48901.582,2,222,550.203,263.205,NA,4.04,0.013,180,180
3276,27,96,208.838,799.747,49201.592,2,182,553.738,266.566,NA,3.535,0.012,180,0
3277,27,97,207.828,795.707,49501.601,2,62,557.903,266.311,NA,4.165,0.014,-104.036,75.964
3278,27,98,206.313,800.253,49801.611,2,121,562.694,269.124,NA,4.791,0.016,108.435,-147.529
3279,27,99,206.313,815.909,50101.621,2,78,578.351,274.347,NA,15.657,0.052,90,-18.435
3280,27,100,206.313,815.404,50401.63,2,108,578.856,274.166,NA,0.505,0.002,-90,-180
3281,27,101,195.707,807.323,50701.64,2,2,592.189,281.412,NA,13.334,0.044,-142.696,-52.696
3282,27,102,198.737,800.758,51001.65,2,152,599.42,276.493,NA,7.231,0.024,-65.225,77.471
3283,27,103,190.657,800.758,51301.659,2,31,607.501,284.209,NA,8.081,0.027,180,-114.775
3284,27,104,197.222,806.818,51601.669,2,125,616.437,279.815,NA,8.935,0.03,42.709,-137.291
3285,27,105,197.222,807.323,51901.679,2,122,616.942,279.977,NA,0.505,0.002,90,47.291
3286,27,106,197.222,807.323,52201.689,2,90,616.942,279.977,NA,0,0,0,-90
3287,27,107,198.737,807.323,52501.698,2,221,618.457,278.543,NA,1.515,0.005,0,0
3288,27,108,197.222,799.747,52801.708,2,156,626.183,277.637,NA,7.726,0.026,-101.31,-101.31
3289,27,109,180.556,784.091,53101.718,2,87,649.05,289.596,NA,22.867,0.076,-136.79,-35.48
3290,27,110,174.495,771.97,53401.727,2,75,662.602,293.001,NA,13.552,0.045,-116.565,20.225
3291,27,111,151.768,770.96,53701.737,2,87,685.351,315.186,NA,22.75,0.076,-177.455,-60.89
3292,27,112,134.091,773.485,54001.747,2,68,703.208,333.035,NA,17.856,0.06,171.87,-10.675
3293,27,113,122.98,756.313,54301.757,2,74,723.661,341.615,NA,20.453,0.068,-122.905,65.225
3294,28,1,721.212,505.303,22800.738,2,35,0,0,NA,NA,NA,NA,NA
3295,28,2,718.561,500.758,23100.747,2,51,5.262,5.262,NA,5.262,0.018,-120.256,NA
3296,28,3,718.561,500.758,23400.757,2,73,5.262,5.262,NA,0,0,0,120.256
3297,28,4,718.561,500.758,23700.767,2,92,5.262,5.262,NA,0,0,0,0
3298,28,5,717.424,509.091,24000.776,2,84,13.673,5.357,NA,8.41,0.028,97.765,97.765
3299,28,6,710.985,507.576,24300.786,2,63,20.288,10.477,NA,6.615,0.022,-166.759,95.475
3300,28,7,710.985,498.106,24600.796,2,74,29.758,12.506,NA,9.47,0.032,-90,76.759
3301,28,8,715.152,498.106,24900.805,2,50,33.924,9.409,NA,4.167,0.014,0,90
3302,28,9,717.803,490.909,25200.815,2,56,41.594,14.792,NA,7.67,0.026,-69.775,-69.775
3303,28,10,717.803,490.909,25500.825,2,96,41.594,14.792,NA,0,0,0,69.775
3304,28,11,720.833,490.909,25800.835,2,109,44.625,14.399,NA,3.03,0.01,0,0
3305,28,12,720.833,490.909,26100.844,2,93,44.625,14.399,NA,0,0,0,0
3306,28,13,720.833,490.909,26400.854,2,58,44.625,14.399,NA,0,0,0,0
3307,28,14,724.242,490.909,26700.864,2,85,48.034,14.709,NA,3.409,0.011,0,0
3308,28,15,726.515,484.848,27000.873,2,145,54.506,21.131,NA,6.473,0.022,-69.444,-69.444
3309,28,16,726.515,484.848,27300.883,2,112,54.506,21.131,NA,0,0,0,69.444
3310,28,17,726.515,476.136,27600.893,2,149,63.218,29.645,NA,8.712,0.029,-90,-90
3311,28,18,726.136,475.758,27900.903,2,108,63.754,29.953,NA,0.536,0.002,-135,-45
3312,28,19,722.727,477.652,28200.912,2,132,67.654,27.693,NA,3.9,0.013,150.945,-74.055
3313,28,20,724.242,472.348,28500.922,2,110,73.169,33.094,NA,5.515,0.018,-74.055,135
3314,28,21,736.364,473.106,28800.932,2,40,85.314,35.584,NA,12.145,0.04,3.576,77.631
3315,28,22,739.015,473.106,29100.941,2,60,87.966,36.791,NA,2.652,0.009,0,-3.576
3316,28,23,732.197,473.106,29400.951,2,61,94.784,34.019,NA,6.818,0.023,180,180
3317,28,24,740.152,473.106,29700.961,2,68,102.738,37.354,NA,7.955,0.027,0,-180
3318,28,25,745.455,473.106,30000.97,2,86,108.041,40.303,NA,5.303,0.018,0,0
3319,28,26,750.379,471.97,30300.98,2,118,113.095,44.292,NA,5.054,0.017,-12.995,-12.995
3320,28,27,757.576,464.015,30600.99,2,76,123.822,55.018,NA,10.727,0.036,-47.862,-34.868
3321,28,28,759.091,462.121,30901,2,158,126.248,57.441,NA,2.425,0.008,-51.34,-3.478
3322,28,29,766.667,462.121,31201.009,2,80,133.823,62.696,NA,7.576,0.025,0,51.34
3323,28,30,772.727,454.924,31501.019,2,11,143.232,72.054,NA,9.409,0.031,-49.899,-49.899
3324,28,31,787.879,437.5,31801.029,2,109,166.323,95.088,NA,23.091,0.077,-48.991,0.908
3325,28,32,791.667,428.409,32101.038,2,204,176.171,104.291,NA,9.848,0.033,-67.38,-18.389
3326,28,33,801.136,418.939,32401.048,2,98,189.563,117.671,NA,13.392,0.045,-45,22.38
3327,28,34,821.212,401.515,32701.058,2,116,216.146,144.125,NA,26.583,0.089,-40.956,4.044
3328,28,35,821.212,394.318,33001.068,2,228,223.343,149.391,NA,7.197,0.024,-90,-49.044
3329,28,36,821.212,394.318,33301.077,2,108,223.343,149.391,NA,0,0,0,90
3330,28,37,828.03,385.227,33601.087,2,115,234.707,160.712,NA,11.364,0.038,-53.13,-53.13
3331,28,38,847.348,378.409,33901.097,2,109,255.193,178.92,NA,20.486,0.068,-19.44,33.69
3332,28,39,860.606,365.909,34201.106,2,58,273.414,197.133,NA,18.221,0.061,-43.315,-23.875
3333,28,40,856.439,358.333,34501.116,2,70,282.06,199.716,NA,8.646,0.029,-118.811,-75.495
3334,28,41,856.439,352.273,34801.126,2,91,288.121,204.217,NA,6.061,0.02,-90,28.811
3335,28,42,853.788,343.182,35101.135,2,78,297.59,209.427,NA,9.47,0.032,-106.26,-16.26
3336,28,43,852.652,348.864,35401.145,2,68,303.385,204.327,NA,5.794,0.019,101.31,-152.43
3337,28,44,852.652,348.864,35701.155,2,73,303.385,204.327,NA,0,0,0,-101.31
3338,28,45,850,348.485,36001.165,2,58,306.063,202.924,NA,2.678,0.009,-171.87,-171.87
3339,28,46,835.985,337.121,36301.174,2,28,324.106,203.612,NA,18.043,0.06,-140.964,30.905
3340,28,47,826.515,332.576,36601.184,2,57,334.61,202.295,NA,10.504,0.035,-154.359,-13.395
3341,28,48,818.939,326.515,36901.194,2,59,344.312,203.754,NA,9.702,0.032,-141.34,13.019
3342,28,49,812.121,321.97,37201.203,2,93,352.507,204.635,NA,8.194,0.027,-146.31,-4.97
3343,28,50,807.197,317.045,37501.213,2,2,359.471,206.965,NA,6.964,0.023,-135,11.31
3344,28,51,809.47,289.773,37801.223,2,23,386.838,232.901,NA,27.367,0.091,-85.236,49.764
3345,28,52,804.545,281.439,38101.232,2,43,396.517,238.871,NA,9.679,0.032,-120.579,-35.343
3346,28,53,801.515,271.591,38401.242,2,56,406.821,247.123,NA,10.304,0.034,-107.103,13.476
3347,28,54,795.455,268.561,38701.252,2,26,413.597,248.111,NA,6.776,0.023,-153.435,-46.332
3348,28,55,804.924,256.439,39001.262,2,37,428.979,262.566,NA,15.382,0.051,-52.001,101.434
3349,28,56,811.742,249.621,39301.271,2,8,438.622,271.236,NA,9.642,0.032,-45,7.001
3350,28,57,812.121,240.909,39601.281,2,7,447.342,279.587,NA,8.72,0.029,-87.51,-42.51
3351,28,58,822.727,236.364,39901.291,2,73,458.881,287.461,NA,11.539,0.038,-23.199,64.312
3352,28,59,817.424,231.061,40201.3,2,110,466.381,290.63,NA,7.5,0.025,-135,-111.801
3353,28,60,811.364,222.727,40501.31,2,70,476.685,296.608,NA,10.304,0.034,-126.027,8.973
3354,28,61,806.439,221.97,40801.32,2,95,481.667,295.874,NA,4.982,0.017,-171.254,-45.226
3355,28,62,795.455,209.47,41101.33,2,84,498.308,305.007,NA,16.641,0.055,-131.309,39.945
3356,28,63,786.364,209.47,41401.339,2,24,507.399,302.923,NA,9.091,0.03,180,-48.691
3357,28,64,786.364,198.485,41701.349,2,175,518.383,313.659,NA,10.985,0.037,-90,90
3358,28,65,786.364,198.864,42001.359,2,118,518.762,313.289,NA,0.379,0.001,90,180
3359,28,66,776.515,198.864,42301.368,2,47,528.611,311.39,NA,9.848,0.033,180,90
3360,28,67,764.773,191.288,42601.378,2,109,542.585,317.022,NA,13.974,0.047,-147.171,32.829
3361,28,68,764.773,177.652,42901.388,2,213,556.221,330.534,NA,13.636,0.045,-90,57.171
3362,28,69,766.667,178.03,43201.397,2,190,558.153,330.414,NA,1.931,0.006,11.31,101.31
3363,28,70,770.076,178.03,43501.407,2,241,561.562,330.9,NA,3.409,0.011,0,-11.31
3364,28,71,770.833,178.03,43801.417,2,127,562.319,331.013,NA,0.758,0.003,0,0
3365,28,72,774.242,176.894,44101.427,2,157,565.913,332.663,NA,3.593,0.012,-18.435,-18.435
3366,28,73,777.652,172.727,44401.436,2,120,571.296,337.331,NA,5.384,0.018,-50.711,-32.276
3367,28,74,781.061,167.045,44701.446,2,130,577.922,343.511,NA,6.626,0.022,-59.036,-8.326
3368,28,75,781.061,167.045,45001.456,2,159,577.922,343.511,NA,0,0,0,59.036
3369,28,76,773.864,167.045,45301.465,2,149,585.119,342.331,NA,7.197,0.024,180,180
3370,28,77,768.939,167.045,45601.475,2,88,590.044,341.608,NA,4.924,0.016,180,0
3371,28,78,767.424,179.167,45901.485,2,91,602.259,329.394,NA,12.216,0.041,97.125,-82.875
3372,28,79,767.424,179.167,46201.495,2,169,602.259,329.394,NA,0,0,0,-97.125
3373,28,80,759.848,179.167,46501.504,2,153,609.835,328.417,NA,7.576,0.025,180,180
3374,28,81,759.848,172.348,46801.514,2,150,616.653,335.189,NA,6.818,0.023,-90,90
3375,28,82,759.848,172.348,47101.524,2,130,616.653,335.189,NA,0,0,0,90
3376,28,83,765.53,172.348,47401.533,2,145,622.335,335.891,NA,5.682,0.019,0,0
3377,28,84,771.591,172.727,47701.543,2,131,628.407,336.37,NA,6.072,0.02,3.576,3.576
3378,28,85,771.591,165.909,48001.553,2,78,635.226,343.113,NA,6.818,0.023,-90,-93.576
3379,28,86,767.045,166.667,48301.562,2,149,639.834,341.724,NA,4.608,0.015,170.538,-99.462
3380,28,87,767.045,166.667,48601.572,2,163,639.834,341.724,NA,0,0,0,-170.538
3381,28,88,767.045,166.667,48901.582,2,109,639.834,341.724,NA,0,0,0,0
3382,28,89,767.045,170.076,49201.592,2,140,643.243,338.346,NA,3.409,0.011,90,90
3383,28,90,770.076,169.697,49501.601,2,21,646.297,339.145,NA,3.054,0.01,-7.125,-97.125
3384,28,91,776.894,162.5,49801.611,2,27,656.211,347.296,NA,9.914,0.033,-46.548,-39.423
3385,28,92,780.682,160.985,50101.621,2,15,660.29,349.416,NA,4.08,0.014,-21.801,24.747
3386,28,93,790.53,150,50401.63,2,23,675.044,362.002,NA,14.753,0.049,-48.122,-26.321
3387,28,94,790.53,150,50701.64,2,16,675.044,362.002,NA,0,0,0,48.122
3388,28,95,790.53,150,51001.65,2,3,675.044,362.002,NA,0,0,0,0
3389,28,96,795.833,145.455,51301.659,2,26,682.028,367.504,NA,6.985,0.023,-40.601,-40.601
3390,28,97,804.545,139.015,51601.669,2,8,692.862,375.648,NA,10.834,0.036,-36.469,4.132
3391,28,98,804.545,139.015,51901.679,2,2,692.862,375.648,NA,0,0,0,36.469
3392,28,99,808.333,130.303,52201.689,2,78,702.362,384.987,NA,9.5,0.032,-66.501,-66.501
3393,28,100,808.333,130.303,52501.698,2,54,702.362,384.987,NA,0,0,0,66.501
3394,28,101,809.47,111.364,52801.708,2,46,721.335,403.705,NA,18.973,0.063,-86.566,-86.566
3395,28,102,810.227,99.242,53101.718,2,124,733.48,415.703,NA,12.145,0.04,-86.424,0.143
3396,28,103,804.545,90.909,53401.727,2,100,743.566,422.69,NA,10.086,0.034,-124.287,-37.863
3397,28,104,802.273,84.091,53701.737,2,97,750.753,428.941,NA,7.187,0.024,-108.435,15.852
3398,28,105,798.864,82.955,54001.747,2,217,754.346,429.428,NA,3.593,0.012,-161.565,-53.13
3399,28,106,798.864,71.591,54301.757,2,116,765.71,440.609,NA,11.364,0.038,-90,71.565
3400,28,107,784.47,62.5,54601.766,2,108,782.734,447.299,NA,17.024,0.057,-147.724,-57.724
3401,28,108,783.712,62.5,54901.776,2,110,783.492,447.192,NA,0.758,0.003,180,-32.276
3402,28,109,772.727,62.5,55201.786,2,133,794.477,445.79,NA,10.985,0.037,180,0
3403,28,110,772.727,53.788,55501.795,2,108,803.189,454.444,NA,8.712,0.029,-90,90
3404,28,111,780.303,53.788,55801.805,2,106,810.765,455.365,NA,7.576,0.025,0,90
3405,28,112,776.136,53.788,56101.815,2,102,814.931,454.843,NA,4.167,0.014,180,180
3406,28,113,775.758,46.212,56401.824,2,151,822.517,462.32,NA,7.585,0.025,-92.862,87.138
3407,28,114,775.758,46.212,56701.834,2,100,822.517,462.32,NA,0,0,0,92.862
3408,28,115,771.212,44.318,57001.844,2,163,827.441,463.689,NA,4.924,0.016,-157.38,-157.38
3409,28,116,771.212,38.636,57301.854,2,2,833.123,469.338,NA,5.682,0.019,-90,67.38
3410,29,1,503.788,553.03,3000.097,2,27,0,0,NA,NA,NA,NA,NA
3411,29,2,497.727,550.379,3300.107,2,38,6.615,6.615,NA,6.615,0.022,-156.371,NA
3412,29,3,497.727,550,3600.116,2,50,6.994,6.776,NA,0.379,0.001,-90,66.371
3413,29,4,496.97,546.97,3900.126,2,46,10.118,9.122,NA,3.124,0.01,-104.036,-14.036
3414,29,5,496.97,546.97,4200.136,2,20,10.118,9.122,NA,0,0,0,104.036
3415,29,6,485.227,545.455,4500.146,2,13,21.957,20.047,NA,11.84,0.039,-172.648,-172.648
3416,29,7,485.227,545.455,4800.155,2,52,21.957,20.047,NA,0,0,0,172.648
3417,29,8,485.227,545.455,5100.165,2,88,21.957,20.047,NA,0,0,0,0
3418,29,9,485.227,545.455,5400.175,2,12,21.957,20.047,NA,0,0,0,0
3419,29,10,490.152,542.045,5700.184,2,43,27.947,17.51,NA,5.989,0.02,-34.695,-34.695
3420,29,11,495.833,537.879,6000.194,2,47,34.992,17.113,NA,7.046,0.023,-36.254,-1.559
3421,29,12,495.455,531.818,6300.204,2,101,41.065,22.79,NA,6.072,0.02,-93.576,-57.322
3422,29,13,495.455,531.439,6600.214,2,94,41.444,23.143,NA,0.379,0.001,-90,3.576
3423,29,14,495.455,531.439,6900.223,2,111,41.444,23.143,NA,0,0,0,90
3424,29,15,495.455,531.439,7200.233,2,111,41.444,23.143,NA,0,0,0,0
3425,29,16,492.424,526.515,7500.243,2,60,47.226,28.848,NA,5.782,0.019,-121.608,-121.608
3426,29,17,487.5,526.515,7800.252,2,105,52.15,31.118,NA,4.924,0.016,180,-58.392
3427,29,18,484.47,533.712,8100.262,2,43,59.959,27.32,NA,7.809,0.026,112.834,-67.166
3428,29,19,477.652,539.394,8400.272,2,61,68.834,29.48,NA,8.875,0.03,140.194,27.361
3429,29,20,477.652,539.394,8700.281,2,158,68.834,29.48,NA,0,0,0,-140.194
3430,29,21,472.348,545.455,9000.291,2,75,76.887,32.339,NA,8.053,0.027,131.186,131.186
3431,29,22,472.348,545.455,9300.301,2,54,76.887,32.339,NA,0,0,0,-131.186
3432,29,23,472.348,551.515,9600.311,2,114,82.948,31.476,NA,6.061,0.02,90,90
3433,29,24,472.348,551.515,9900.32,2,139,82.948,31.476,NA,0,0,0,-90
3434,29,25,472.348,555.682,10200.33,2,110,87.114,31.551,NA,4.167,0.014,90,90
3435,29,26,464.773,555.682,10500.34,2,74,94.69,39.105,NA,7.576,0.025,180,90
3436,29,27,464.773,555.682,10800.349,2,127,94.69,39.105,NA,0,0,0,-180
3437,29,28,459.848,553.409,11100.359,2,121,100.114,43.941,NA,5.423,0.018,-155.225,-155.225
3438,29,29,457.576,553.409,11400.369,2,232,102.386,46.214,NA,2.273,0.008,180,-24.775
3439,29,30,457.576,553.409,11700.378,2,209,102.386,46.214,NA,0,0,0,-180
3440,29,31,459.47,548.864,12000.388,2,129,107.311,44.514,NA,4.924,0.016,-67.38,-67.38
3441,29,32,459.47,548.864,12300.398,2,112,107.311,44.514,NA,0,0,0,67.38
3442,29,33,459.47,548.864,12600.408,2,125,107.311,44.514,NA,0,0,0,0
3443,29,34,462.879,551.894,12900.417,2,78,111.872,40.925,NA,4.561,0.015,41.634,41.634
3444,29,35,462.879,551.894,13200.427,2,145,111.872,40.925,NA,0,0,0,-41.634
3445,29,36,462.879,551.894,13500.437,2,124,111.872,40.925,NA,0,0,0,0
3446,29,37,462.879,551.894,13800.446,2,83,111.872,40.925,NA,0,0,0,0
3447,29,38,462.879,551.894,14100.456,2,127,111.872,40.925,NA,0,0,0,0
3448,29,39,462.879,552.652,14400.466,2,240,112.629,40.911,NA,0.758,0.003,90,90
3449,29,40,466.667,552.652,14700.476,2,91,116.417,37.123,NA,3.788,0.013,0,-90
3450,29,41,474.621,552.652,15000.485,2,107,124.372,29.169,NA,7.955,0.027,0,0
3451,29,42,480.682,554.924,15300.495,2,103,130.844,23.184,NA,6.473,0.022,20.556,20.556
3452,29,43,480.682,554.924,15600.505,2,141,130.844,23.184,NA,0,0,0,-20.556
3453,29,44,480.682,554.924,15900.514,2,18,130.844,23.184,NA,0,0,0,0
3454,29,45,488.636,570.455,16200.524,2,86,148.293,23.091,NA,17.449,0.058,62.879,62.879
3455,29,46,489.773,564.394,16500.534,2,46,154.46,18.043,NA,6.166,0.021,-79.38,-142.259
3456,29,47,489.773,562.5,16800.543,2,117,156.354,16.914,NA,1.894,0.006,-90,-10.62
3457,29,48,489.015,557.955,17100.553,2,186,160.962,15.572,NA,4.608,0.015,-99.462,-9.462
3458,29,49,489.015,557.955,17400.563,2,4,160.962,15.572,NA,0,0,0,99.462
3459,29,50,497.348,569.318,17700.573,2,154,175.053,17.515,NA,14.092,0.047,53.746,53.746
3460,29,51,497.348,574.621,18000.582,2,114,180.356,22.531,NA,5.303,0.018,90,36.254
3461,29,52,500.758,580.303,18300.592,2,134,186.983,27.441,NA,6.626,0.022,59.036,-30.964
3462,29,53,500,575.379,18600.602,2,144,191.965,22.667,NA,4.982,0.017,-98.746,-157.782
3463,29,54,499.621,566.667,18900.611,2,110,200.685,14.259,NA,8.72,0.029,-92.49,6.257
3464,29,55,498.864,566.667,19200.621,2,115,201.443,14.498,NA,0.758,0.003,180,-87.51
3465,29,56,498.864,572.348,19500.631,2,129,207.124,19.936,NA,5.682,0.019,90,-90
3466,29,57,492.424,571.591,19800.641,2,122,213.608,21.763,NA,6.484,0.022,-173.29,96.71
3467,29,58,493.939,568.939,20100.65,2,230,216.662,18.711,NA,3.054,0.01,-60.255,113.035
3468,29,59,495.076,568.939,20400.66,2,171,217.799,18.138,NA,1.136,0.004,0,60.255
3469,29,60,499.621,565.53,20700.67,2,151,223.48,13.176,NA,5.682,0.019,-36.87,-36.87
3470,29,61,499.621,565.53,21000.679,2,97,223.48,13.176,NA,0,0,0,36.87
3471,29,62,499.621,564.773,21300.689,2,79,224.238,12.46,NA,0.758,0.003,-90,-90
3472,29,63,494.318,564.773,21600.699,2,185,229.541,15.085,NA,5.303,0.018,180,-90
3473,29,64,494.318,558.333,21900.708,2,110,235.98,10.853,NA,6.439,0.021,-90,90
3474,29,65,494.318,558.333,22200.718,2,86,235.98,10.853,NA,0,0,0,90
3475,29,66,503.788,553.03,22500.728,2,174,246.834,0,NA,10.853,0.036,-29.249,-29.249
3476,29,67,503.788,551.136,22800.738,2,147,248.728,1.894,NA,1.894,0.006,-90,-60.751
3477,29,68,506.061,551.136,23100.747,2,171,251,2.958,NA,2.273,0.008,0,90
3478,29,69,507.197,556.439,23400.757,2,236,256.424,4.821,NA,5.423,0.018,77.905,77.905
3479,29,70,509.848,553.03,23700.767,2,238,260.743,6.061,NA,4.319,0.014,-52.125,-130.03
3480,29,71,512.879,561.742,24000.776,2,136,269.967,12.591,NA,9.224,0.031,70.821,122.946
3481,29,72,512.879,569.318,24300.786,2,134,277.543,18.653,NA,7.576,0.025,90,19.179
3482,29,73,517.803,569.697,24600.796,2,108,282.481,21.776,NA,4.939,0.016,4.399,-85.601
3483,29,74,514.394,571.591,24900.805,2,119,286.381,21.377,NA,3.9,0.013,150.945,146.547
3484,29,75,514.394,579.545,25200.815,2,94,294.336,28.558,NA,7.955,0.027,90,-60.945
3485,29,76,514.394,579.545,25500.825,2,137,294.336,28.558,NA,0,0,0,-90
3486,29,77,514.394,579.545,25800.835,2,120,294.336,28.558,NA,0,0,0,0
3487,29,78,511.364,579.545,26100.844,2,189,297.366,27.576,NA,3.03,0.01,180,180
3488,29,79,510.606,589.394,26400.854,2,158,307.244,36.997,NA,9.878,0.033,94.399,-85.601
3489,29,80,510.606,589.394,26700.864,2,137,307.244,36.997,NA,0,0,0,-94.399
3490,29,81,510.227,593.939,27000.873,2,127,311.805,41.413,NA,4.561,0.015,94.764,94.764
3491,29,82,511.742,592.045,27300.883,2,55,314.23,39.818,NA,2.425,0.008,-51.34,-146.104
3492,29,83,505.303,583.333,27600.893,2,198,325.064,30.341,NA,10.834,0.036,-126.469,-75.129
3493,29,84,499.621,578.788,27900.903,2,172,332.34,26.092,NA,7.276,0.024,-141.34,-14.871
3494,29,85,499.621,578.788,28200.912,2,190,332.34,26.092,NA,0,0,0,141.34
3495,29,86,499.621,574.621,28500.922,2,253,336.507,21.989,NA,4.167,0.014,-90,-90
3496,29,87,495.455,571.591,28800.932,2,180,341.659,20.346,NA,5.152,0.017,-143.973,-53.973
3497,29,88,495.455,564.773,29100.941,2,201,348.477,14.399,NA,6.818,0.023,-90,53.973
3498,29,89,495.455,564.773,29400.951,2,89,348.477,14.399,NA,0,0,0,90
3499,29,90,495.455,559.848,29700.961,2,130,353.401,10.767,NA,4.924,0.016,-90,-90
3500,29,91,495.455,553.409,30000.97,2,203,359.841,8.342,NA,6.439,0.021,-90,0
3501,29,92,493.561,550.379,30300.98,2,199,363.414,10.565,NA,3.573,0.012,-122.005,-32.005
3502,29,93,482.576,550.379,30600.99,2,128,374.399,21.377,NA,10.985,0.037,180,-57.995
3503,29,94,475.758,548.864,30901,2,111,381.384,28.338,NA,6.985,0.023,-167.471,12.529
3504,29,95,475.758,548.864,31201.009,2,145,381.384,28.338,NA,0,0,0,167.471
3505,29,96,475.758,548.864,31501.019,2,123,381.384,28.338,NA,0,0,0,0
3506,29,97,475.758,539.394,31801.029,2,149,390.853,31.171,NA,9.47,0.032,-90,-90
3507,29,98,459.091,531.818,32101.038,2,136,409.161,49.475,NA,18.308,0.061,-155.556,-65.556
3508,29,99,445.455,529.924,32401.048,2,159,422.928,62.743,NA,13.767,0.046,-172.093,-16.537
3509,29,100,434.848,525.379,32701.058,2,227,434.467,74.278,NA,11.539,0.038,-156.801,15.291
3510,29,101,429.545,512.121,33001.068,2,205,448.746,84.767,NA,14.279,0.048,-111.801,45
3511,29,102,425.758,507.197,33301.077,2,153,454.959,90.495,NA,6.213,0.021,-127.569,-15.767
3512,29,103,420.833,506.439,33601.087,2,94,459.941,95.143,NA,4.982,0.017,-171.254,-43.685
3513,29,104,398.864,499.621,33901.097,2,57,482.944,117.735,NA,23.003,0.077,-162.759,8.495
3514,29,105,394.318,514.015,34201.106,2,244,498.039,116.214,NA,15.095,0.05,107.526,-89.716
3515,29,106,388.636,514.015,34501.116,2,113,503.721,121.581,NA,5.682,0.019,180,72.474
3516,29,107,388.636,514.015,34801.126,2,221,503.721,121.581,NA,0,0,0,-180
3517,29,108,385.606,512.879,35101.135,2,231,506.957,124.816,NA,3.236,0.011,-159.444,-159.444
3518,29,109,372.348,504.167,35401.145,2,113,522.821,140.228,NA,15.864,0.053,-146.689,12.755
3519,29,110,371.591,503.409,35701.155,2,204,523.892,141.203,NA,1.071,0.004,-135,11.689
3520,29,111,360.985,496.97,36001.165,2,137,536.3,153.413,NA,12.408,0.041,-148.736,-13.736
3521,29,112,351.515,493.561,36301.174,2,87,546.365,163.474,NA,10.065,0.034,-160.201,-11.465
3522,29,113,351.515,493.561,36601.184,2,190,546.365,163.474,NA,0,0,0,160.201
3523,29,114,340.152,476.136,36901.194,2,142,567.167,180.802,NA,20.802,0.069,-123.111,-123.111
3524,29,115,339.394,464.015,37201.203,2,148,579.312,186.947,NA,12.145,0.04,-93.576,29.535
3525,29,116,347.727,452.652,37501.213,2,255,593.404,185.555,NA,14.092,0.047,-53.746,39.83
3526,29,117,351.136,443.939,37801.223,2,195,602.759,187.625,NA,9.355,0.031,-68.629,-14.883
3527,29,118,362.879,439.394,38101.232,2,177,615.351,181.021,NA,12.591,0.042,-21.161,47.468
3528,29,119,381.061,439.773,38401.242,2,121,633.536,167.001,NA,18.186,0.061,1.193,22.355
3529,29,120,389.773,430.682,38701.252,2,159,646.128,167.238,NA,12.591,0.042,-46.219,-47.412
3530,29,121,396.212,419.318,39001.262,2,150,659.189,171.614,NA,13.061,0.044,-60.461,-14.242
3531,29,122,395.455,401.515,39301.271,2,104,677.008,186.26,NA,17.819,0.059,-92.437,-31.975
3532,29,123,381.818,401.515,39601.281,2,123,690.645,194.508,NA,13.636,0.045,180,-87.563
3533,29,124,382.576,399.621,39901.291,2,126,692.684,195.517,NA,2.04,0.007,-68.199,111.801
3534,29,125,390.152,392.045,40201.3,2,169,703.398,197.052,NA,10.714,0.036,-45,23.199
3535,29,126,391.667,386.364,40501.31,2,178,709.279,200.87,NA,5.88,0.02,-75.069,-30.069
3536,29,127,390.152,386.364,40801.32,2,237,710.794,201.72,NA,1.515,0.005,180,-104.931
3537,29,128,390.152,386.364,41101.33,2,247,710.794,201.72,NA,0,0,0,-180
3538,29,129,390.152,386.364,41401.339,2,214,710.794,201.72,NA,0,0,0,0
3539,29,130,390.152,386.364,41701.349,2,147,710.794,201.72,NA,0,0,0,0
3540,29,131,383.712,383.333,42001.359,2,99,717.91,207.883,NA,7.117,0.024,-154.799,-154.799
3541,29,132,385.606,382.576,42301.368,2,181,719.95,207.417,NA,2.04,0.007,-21.801,132.997
3542,29,133,391.667,389.773,42601.378,2,112,729.359,198.051,NA,9.409,0.031,49.899,71.701
3543,29,134,379.924,389.773,42901.388,2,154,741.102,204.927,NA,11.742,0.039,180,130.101
3544,29,135,363.636,389.773,43201.397,2,84,757.39,215.164,NA,16.288,0.054,180,0
3545,29,136,361.742,394.697,43501.407,2,97,762.665,212.712,NA,5.276,0.018,111.038,-68.962
3546,29,137,375.758,394.697,43801.417,2,180,776.681,203.62,NA,14.015,0.047,0,-111.038
3547,29,138,388.636,390.152,44101.427,2,176,790.338,199.473,NA,13.657,0.046,-19.44,-19.44
3548,29,139,387.879,387.121,44401.436,2,152,793.462,202.388,NA,3.124,0.01,-104.036,-84.596
3549,29,140,390.152,385.606,44701.446,2,159,796.193,202.346,NA,2.731,0.009,-33.69,70.346
3550,29,141,390.152,385.606,45001.456,2,227,796.193,202.346,NA,0,0,0,33.69
3551,29,142,390.152,385.606,45301.465,2,160,796.193,202.346,NA,0,0,0,0
3552,29,143,378.03,378.788,45601.475,2,154,810.1,214.885,NA,13.907,0.046,-150.642,-150.642
3553,29,144,378.03,378.788,45901.485,2,125,810.1,214.885,NA,0,0,0,150.642
3554,29,145,392.045,373.864,46201.495,2,215,824.955,211.156,NA,14.855,0.05,-19.359,-19.359
3555,29,146,398.485,373.864,46501.504,2,205,831.395,207.821,NA,6.439,0.021,0,19.359
3556,29,147,398.485,373.864,46801.514,2,134,831.395,207.821,NA,0,0,0,0
3557,29,148,393.939,381.818,47101.524,2,120,840.556,203.421,NA,9.162,0.031,119.745,119.745
3558,29,149,392.803,381.818,47401.533,2,157,841.693,204.037,NA,1.136,0.004,180,60.255
3559,29,150,389.394,381.818,47701.543,2,178,845.102,205.912,NA,3.409,0.011,180,0
3560,29,151,385.985,382.955,48001.553,2,146,848.695,206.89,NA,3.593,0.012,161.565,-18.435
3561,29,152,390.152,369.697,48301.562,2,188,862.592,215.695,NA,13.897,0.046,-72.553,125.882
3562,29,153,392.424,367.803,48601.572,2,129,865.551,216.127,NA,2.958,0.01,-39.806,32.747
3563,29,154,393.939,360.985,48901.582,2,164,872.535,221.242,NA,6.985,0.023,-77.471,-37.666
3564,29,155,392.424,359.848,49201.592,2,3,874.429,222.982,NA,1.894,0.006,-143.13,-65.659
3565,29,156,393.939,391.288,49501.601,2,126,905.905,195.518,NA,31.476,0.105,87.241,-129.629
3566,29,157,388.258,391.667,49801.611,2,233,911.599,198.458,NA,5.694,0.019,176.186,88.945
3567,29,158,388.258,391.667,50101.621,2,191,911.599,198.458,NA,0,0,0,-176.186
3568,29,159,379.924,384.091,50401.63,2,197,922.862,209.482,NA,11.262,0.038,-137.726,-137.726
3569,29,160,379.924,382.955,50701.64,2,202,923.998,210.4,NA,1.136,0.004,-90,47.726
3570,29,161,379.924,382.955,51001.65,2,255,923.998,210.4,NA,0,0,0,90
3571,29,162,379.924,382.955,51301.659,2,208,923.998,210.4,NA,0,0,0,0
3572,29,163,380.682,382.955,51601.669,2,197,924.756,209.954,NA,0.758,0.003,0,0
3573,29,164,380.682,388.258,51901.679,2,151,930.059,205.682,NA,5.303,0.018,90,90
3574,29,165,382.576,390.909,52201.689,2,180,933.317,202.424,NA,3.258,0.011,54.462,-35.538
3575,29,166,382.955,390.909,52501.698,2,176,933.696,202.198,NA,0.379,0.001,0,-54.462
3576,29,167,382.955,390.909,52801.708,2,205,933.696,202.198,NA,0,0,0,0
3577,29,168,382.197,390.909,53101.718,2,232,934.453,202.652,NA,0.758,0.003,180,180
3578,29,169,385.985,385.227,53401.727,2,162,941.282,205.025,NA,6.829,0.023,-56.31,123.69
3579,29,170,385.985,385.227,53701.737,2,91,941.282,205.025,NA,0,0,0,56.31
3580,29,171,385.985,385.227,54001.747,2,92,941.282,205.025,NA,0,0,0,0
3581,29,172,378.788,385.227,54301.757,2,47,948.479,209.244,NA,7.197,0.024,180,180
3582,29,173,377.273,385.227,54601.766,2,66,949.994,210.152,NA,1.515,0.005,180,0
3583,29,174,374.242,389.015,54901.776,2,65,954.845,209.005,NA,4.851,0.016,128.66,-51.34
3584,29,175,372.348,391.288,55201.786,2,129,957.803,208.415,NA,2.958,0.01,129.806,1.146
3585,29,176,371.97,398.106,55501.795,2,221,964.632,203.415,NA,6.829,0.023,93.18,-36.626
3586,29,177,371.97,398.106,55801.805,2,190,964.632,203.415,NA,0,0,0,-93.18
3587,29,178,367.045,394.318,56101.815,2,171,970.845,209.495,NA,6.213,0.021,-142.431,-142.431
3588,29,179,367.045,390.53,56401.824,2,179,974.633,212.379,NA,3.788,0.013,-90,52.431
3589,29,180,367.045,388.258,56701.834,2,204,976.905,214.123,NA,2.273,0.008,-90,0
3590,29,181,367.045,388.258,57001.844,2,161,976.905,214.123,NA,0,0,0,90
3591,29,182,360.227,369.318,57301.854,2,145,997.035,233.152,NA,20.129,0.067,-109.799,-109.799
3592,29,183,351.515,359.091,57601.863,2,139,1010.47,246.575,NA,13.435,0.045,-130.426,-20.627
3593,29,184,351.515,358.712,57901.873,2,117,1010.848,246.874,NA,0.379,0.001,-90,40.426
3594,29,185,341.667,354.167,58201.883,2,77,1021.695,256.574,NA,10.847,0.036,-155.225,-65.225
3595,29,186,335.985,342.424,58501.892,2,174,1034.74,269.282,NA,13.045,0.043,-115.821,39.404
3596,29,187,332.576,335.985,58801.902,2,119,1042.026,276.446,NA,7.286,0.024,-117.897,-2.076
3597,29,188,322.727,327.652,59101.912,2,138,1054.927,289.1,NA,12.901,0.043,-139.764,-21.866
3598,29,189,319.318,318.939,59401.922,2,197,1064.283,298.04,NA,9.355,0.031,-111.371,28.393
3599,29,190,305.682,314.773,59701.931,2,194,1078.541,309.859,NA,14.259,0.048,-163.009,-51.639
3600,29,191,296.97,309.47,60001.941,2,174,1088.741,319.524,NA,10.199,0.034,-148.671,14.338
3601,29,192,291.667,305.682,60301.951,2,104,1095.257,325.848,NA,6.517,0.022,-144.462,4.209
3602,29,193,289.773,304.924,60601.96,2,200,1097.297,327.657,NA,2.04,0.007,-158.199,-13.736
3603,29,194,289.015,293.561,60901.97,2,130,1108.686,336.826,NA,11.389,0.038,-93.814,64.385
3604,29,195,289.015,273.485,61201.98,2,68,1128.762,352.524,NA,20.076,0.067,-90,3.814
3605,29,196,289.015,256.818,61501.989,2,42,1145.429,365.881,NA,16.667,0.056,-90,0
3606,29,197,290.53,220.833,61801.999,2,82,1181.445,394.758,NA,36.017,0.12,-87.589,2.411
3607,29,198,280.682,208.712,62102.009,2,39,1197.063,410.282,NA,15.618,0.052,-129.094,-41.505
3608,29,199,276.515,188.636,62402.019,2,170,1217.567,429.46,NA,20.504,0.068,-101.725,27.369
3609,30,1,1121.212,842.803,44101.427,2,40,0,0,NA,NA,NA,NA,NA
3610,30,2,1136.364,846.591,44401.436,2,80,15.618,15.618,NA,15.618,0.052,14.036,NA
3611,30,3,1146.212,856.818,44701.446,2,72,29.816,28.661,NA,14.198,0.047,46.081,32.045
3612,30,4,1159.091,868.182,45001.456,2,36,46.991,45.595,NA,17.175,0.057,41.424,-4.657
3613,30,5,1170.076,866.667,45301.465,2,185,58.08,54.379,NA,11.089,0.037,-7.853,-49.277
3614,30,6,1181.061,866.667,45601.475,2,151,69.065,64.431,NA,10.985,0.037,0,7.853
3615,30,7,1210.227,877.273,45901.485,2,60,100.1,95.456,NA,31.035,0.103,19.983,19.983
3616,30,8,1250.758,891.667,46201.495,2,90,143.111,138.455,NA,43.01,0.143,19.552,-0.431
3617,30,9,1280.682,918.561,46501.504,2,4,183.344,176.55,NA,40.234,0.134,41.947,22.395
3618,30,10,1278.409,921.212,46801.514,2,125,186.837,175.667,NA,3.492,0.012,130.601,88.654
3619,30,11,1281.061,913.636,47101.524,2,74,194.863,174.84,NA,8.026,0.027,-70.71,158.689
3620,30,12,1280.682,900,47401.533,2,110,208.505,169.417,NA,13.642,0.045,-91.591,-20.881
3621,30,13,1280.682,900,47701.543,2,81,208.505,169.417,NA,0,0,0,91.591
3622,30,14,1296.212,900,48001.553,2,10,224.035,184.11,NA,15.53,0.052,0,0
3623,30,15,1320.455,898.106,48301.562,2,144,248.351,206.775,NA,24.316,0.081,-4.467,-4.467
3624,30,16,1330.303,896.591,48601.572,2,68,258.316,215.898,NA,9.964,0.033,-8.746,-4.279
3625,30,17,1343.561,904.924,48901.582,2,84,273.975,230.863,NA,15.659,0.052,32.152,40.898
3626,30,18,1357.576,913.258,49201.592,2,44,290.28,246.641,NA,16.305,0.054,30.735,-1.417
3627,30,19,1365.152,926.136,49501.601,2,71,305.222,257.781,NA,14.942,0.05,59.534,28.799
3628,30,20,1388.636,918.182,49801.611,2,181,330.017,277.845,NA,24.795,0.083,-18.712,-78.246
3629,30,21,1410.227,914.773,50101.621,2,43,351.876,297.841,NA,21.858,0.073,-8.973,9.739
3630,30,22,1431.818,914.394,50401.63,2,113,373.47,318.75,NA,21.594,0.072,-1.005,7.968
3631,30,23,1440.152,912.879,50701.64,2,72,381.94,326.547,NA,8.47,0.028,-10.305,-9.3
3632,30,24,1457.197,912.879,51001.65,2,50,398.985,343.215,NA,17.045,0.057,0,10.305
3633,30,25,1479.167,912.879,51301.659,2,41,420.955,364.749,NA,21.97,0.073,0,0
3634,30,26,1497.727,907.197,51601.669,2,126,440.366,381.982,NA,19.411,0.065,-17.021,-17.021
3635,30,27,1508.712,899.621,51901.679,2,55,453.71,391.643,NA,13.344,0.044,-34.592,-17.572
3636,30,28,1512.879,904.924,52201.689,2,47,460.454,396.563,NA,6.744,0.022,51.843,86.435
3637,30,29,1521.97,896.591,52501.698,2,124,472.786,404.351,NA,12.332,0.041,-42.51,-94.353
3638,30,30,1539.773,895.455,52801.708,2,133,490.626,421.859,NA,17.839,0.059,-3.652,38.858
3639,30,31,1542.045,896.212,53101.718,2,78,493.021,424.209,NA,2.396,0.008,18.435,22.087
3640,30,32,1548.864,895.076,53401.727,2,83,499.933,430.834,NA,6.912,0.023,-9.462,-27.897
3641,31,1,1037.121,953.03,42001.359,2,61,0,0,NA,NA,NA,NA,NA
3642,31,2,1044.318,958.333,42301.368,2,64,8.94,8.94,NA,8.94,0.03,36.384,NA
3643,31,3,1048.106,970.833,42601.378,2,81,22.001,20.919,NA,13.061,0.044,73.142,36.757
3644,31,4,1062.5,970.833,42901.388,2,88,36.395,31,NA,14.394,0.048,0,-73.142
3645,31,5,1077.652,980.682,43201.397,2,121,54.466,49.064,NA,18.071,0.06,33.024,33.024
3646,31,6,1089.394,980.682,43501.407,2,155,66.208,59.136,NA,11.742,0.039,0,-33.024
3647,31,7,1081.061,1000.758,43801.417,2,196,87.945,64.873,NA,21.737,0.072,112.543,112.543
3648,31,8,1081.061,1007.576,44101.427,2,154,94.763,70.042,NA,6.818,0.023,90,-22.543
3649,31,9,1100.758,1023.106,44401.436,2,50,119.846,94.658,NA,25.083,0.084,38.254,-51.746
3650,31,10,1127.273,1033.333,44701.446,2,65,148.265,120.731,NA,28.419,0.095,21.092,-17.162
3651,31,11,1144.697,1046.717,45001.456,2,168,170.237,142.653,NA,21.971,0.073,37.528,16.436
3652,31,12,1153.788,1050.758,45301.465,2,198,180.185,152.19,NA,9.948,0.033,23.962,-13.566
3653,31,13,1161.364,1067.929,45601.475,2,159,198.954,169.228,NA,18.769,0.063,66.194,42.232
3654,31,14,1180.556,1077.02,45901.485,2,214,220.19,189.597,NA,21.236,0.071,25.346,-40.848
3655,31,15,1180.556,1077.02,46201.495,2,112,220.19,189.597,NA,0,0,0,-25.346
3656,31,16,1200.758,1076.01,46501.504,2,210,240.417,204.697,NA,20.227,0.067,-2.862,-2.862
3657,31,17,1217.929,1063.384,46801.514,2,74,261.731,211.824,NA,21.314,0.071,-36.327,-33.464
3658,31,18,1226.01,1063.384,47101.524,2,119,269.812,218.762,NA,8.081,0.027,0,36.327
3659,31,19,1247.222,1052.778,47401.533,2,105,293.528,232.577,NA,23.716,0.079,-26.565,-26.565
3660,31,20,1256.818,1054.293,47701.543,2,100,303.243,241.911,NA,9.715,0.032,8.973,35.538
3661,31,21,1288.131,1072.98,48001.553,2,189,339.708,278.198,NA,36.465,0.122,30.828,21.855
3662,31,22,1309.848,1092.803,48301.562,2,197,369.112,306.458,NA,29.404,0.098,42.39,11.562
3663,31,23,1323.106,1095.076,48601.572,2,89,382.563,319.318,NA,13.451,0.045,9.728,-32.662
3664,31,24,1333.333,1106.818,48901.582,2,131,398.135,333.755,NA,15.572,0.052,48.945,39.218
3665,31,25,1333.333,1107.197,49201.592,2,128,398.513,333.93,NA,0.379,0.001,90,41.055
3666,31,26,1341.667,1118.561,49501.601,2,141,412.605,346.624,NA,14.092,0.047,53.746,-36.254
3667,31,27,1365.909,1135.227,49801.611,2,131,442.024,375.895,NA,29.419,0.098,34.509,-19.238
3668,31,28,1384.848,1135.227,50101.621,2,81,460.963,392.568,NA,18.939,0.063,0,-34.509
3669,31,29,1405.682,1132.576,50401.63,2,176,481.965,409.968,NA,21.001,0.07,-7.253,-7.253
3670,31,30,1424.242,1121.97,50701.64,2,84,503.342,422.378,NA,21.377,0.071,-29.745,-22.492
3671,31,31,1431.818,1121.591,51001.65,2,132,510.927,429.183,NA,7.585,0.025,-2.862,26.882
3672,31,32,1431.818,1142.803,51301.659,2,135,532.139,437.949,NA,21.212,0.071,90,92.862
3673,31,33,1435.227,1150.758,51601.669,2,151,540.794,444.505,NA,8.654,0.029,66.801,-23.199
3674,31,34,1441.288,1164.773,51901.679,2,66,556.063,456.274,NA,15.269,0.051,66.615,-0.187
3675,31,35,1441.288,1164.773,52201.689,2,83,556.063,456.274,NA,0,0,0,-66.615
3676,31,36,1441.288,1164.015,52501.698,2,139,556.821,455.922,NA,0.758,0.003,-90,-90
3677,31,37,1441.288,1164.015,52801.708,2,117,556.821,455.922,NA,0,0,0,90
3678,31,38,1441.288,1164.015,53101.718,2,152,556.821,455.922,NA,0,0,0,0
3679,31,39,1449.242,1164.015,53401.727,2,145,564.775,462.989,NA,7.955,0.027,0,0
3680,31,40,1451.136,1166.288,53701.737,2,96,567.734,465.712,NA,2.958,0.01,50.194,50.194
3681,31,41,1451.136,1166.288,54001.747,2,101,567.734,465.712,NA,0,0,0,-50.194
3682,31,42,1442.424,1154.545,54301.757,2,3,582.355,452.636,NA,14.621,0.049,-126.573,-126.573
3683,31,43,1446.212,1170.833,54601.766,2,116,599.078,463.458,NA,16.723,0.056,76.908,-156.519
3684,31,44,1457.576,1176.515,54901.776,2,117,611.782,476.159,NA,12.705,0.042,26.565,-50.343
3685,31,45,1463.258,1186.742,55201.786,2,156,623.482,486.018,NA,11.7,0.039,60.945,34.38
3686,31,46,1476.136,1187.879,55501.795,2,127,636.411,497.884,NA,12.929,0.043,5.042,-55.903
3687,31,47,1471.212,1189.773,55801.805,2,121,641.687,494.451,NA,5.276,0.018,158.962,153.92
3688,31,48,1471.212,1203.03,56101.815,2,87,654.944,500.934,NA,13.258,0.044,90,-68.962
3689,31,49,1471.212,1203.03,56401.824,2,75,654.944,500.934,NA,0,0,0,-90
3690,31,50,1484.091,1203.409,56701.834,2,132,667.829,512.32,NA,12.884,0.043,1.685,1.685
3691,31,51,1487.121,1212.5,57001.844,2,73,677.411,519.446,NA,9.583,0.032,71.565,69.88
3692,31,52,1490.53,1212.5,57301.854,2,47,680.82,522.402,NA,3.409,0.011,0,-71.565
3693,31,53,1505.682,1229.545,57601.863,2,45,703.627,544.068,NA,22.806,0.076,48.366,48.366
3694,31,54,1505.682,1254.167,57901.873,2,65,728.248,556.985,NA,24.621,0.082,90,41.634
3695,31,55,1497.727,1255.303,58201.883,2,165,736.283,550.933,NA,8.035,0.027,171.87,81.87
3696,31,56,1491.667,1249.621,58501.892,2,88,744.59,542.75,NA,8.307,0.028,-136.848,51.282
3697,31,57,1495.076,1245.833,58801.902,2,129,749.687,543.559,NA,5.096,0.017,-48.013,88.835
3698,31,58,1495.076,1245.833,59101.912,2,107,749.687,543.559,NA,0,0,0,48.013
3699,31,59,1495.076,1245.833,59401.922,2,129,749.687,543.559,NA,0,0,0,0
3700,31,60,1495.076,1245.833,59701.931,2,91,749.687,543.559,NA,0,0,0,0
3701,31,61,1495.076,1245.833,60001.941,2,82,749.687,543.559,NA,0,0,0,0
3702,31,62,1501.136,1245.833,60301.951,2,63,755.747,548.674,NA,6.061,0.02,0,0
3703,31,63,1503.788,1252.652,60601.96,2,133,763.063,554.572,NA,7.316,0.024,68.749,68.749
3704,31,64,1512.879,1252.652,60901.97,2,79,772.154,562.244,NA,9.091,0.03,0,-68.749
3705,31,65,1512.879,1252.652,61201.98,2,96,772.154,562.244,NA,0,0,0,0
3706,31,66,1517.803,1254.545,61501.989,2,94,777.43,567.421,NA,5.276,0.018,21.038,21.038
3707,31,67,1525.379,1259.47,61801.999,2,142,786.465,576.455,NA,9.036,0.03,33.024,11.986
3708,31,68,1525.379,1259.47,62102.009,2,96,786.465,576.455,NA,0,0,0,-33.024
3709,31,69,1538.636,1259.47,62402.019,2,133,799.723,587.727,NA,13.258,0.044,0,0
3710,31,70,1540.152,1268.182,62702.028,2,72,808.566,593.599,NA,8.843,0.029,80.134,80.134
3711,31,71,1545.076,1268.182,63002.038,2,61,813.49,597.778,NA,4.924,0.016,0,-80.134
3712,32,1,442.045,818.561,10500.34,2,31,0,0,NA,NA,NA,NA,NA
3713,32,2,439.773,823.106,10800.349,2,68,5.082,5.082,NA,5.082,0.017,116.565,NA
3714,32,3,439.773,826.515,11100.359,2,51,8.491,8.273,NA,3.409,0.011,90,-26.565
3715,32,4,435.227,831.439,11400.369,2,55,15.193,14.572,NA,6.701,0.022,132.709,42.709
3716,32,5,435.227,831.439,11700.378,2,70,15.193,14.572,NA,0,0,0,-132.709
3717,32,6,430.682,833.712,12000.388,2,54,20.274,18.939,NA,5.082,0.017,153.435,153.435
3718,32,7,430.682,838.636,12300.398,2,97,25.199,23.069,NA,4.924,0.016,90,-63.435
3719,32,8,428.409,846.212,12600.408,2,45,33.108,30.831,NA,7.909,0.026,106.699,16.699
3720,32,9,422.727,848.106,12900.417,2,55,39.097,35.301,NA,5.989,0.02,161.565,54.866
3721,32,10,422.727,848.106,13200.427,2,109,39.097,35.301,NA,0,0,0,-161.565
3722,32,11,417.803,856.061,13500.437,2,101,48.453,44.654,NA,9.355,0.031,121.759,121.759
3723,32,12,409.848,856.439,13800.446,2,48,56.416,49.714,NA,7.964,0.027,177.274,55.514
3724,32,13,407.197,867.803,14100.456,2,99,68.085,60.326,NA,11.669,0.039,103.134,-74.14
3725,32,14,404.924,867.803,14400.466,2,97,70.358,61.667,NA,2.273,0.008,180,76.866
3726,32,15,404.924,867.803,14700.476,2,68,70.358,61.667,NA,0,0,0,-180
3727,32,16,399.242,862.879,15000.485,2,78,77.876,61.613,NA,7.519,0.025,-139.086,-139.086
3728,32,17,399.242,862.879,15300.495,2,92,77.876,61.613,NA,0,0,0,139.086
3729,32,18,399.242,862.879,15600.505,2,108,77.876,61.613,NA,0,0,0,0
3730,32,19,396.97,863.636,15900.514,2,71,80.272,63.747,NA,2.396,0.008,161.565,161.565
3731,32,20,396.97,867.803,16200.524,2,81,84.439,66.758,NA,4.167,0.014,90,-71.565
3732,32,21,391.288,868.939,16500.534,2,50,90.233,71.515,NA,5.794,0.019,168.69,78.69
3733,32,22,391.288,868.939,16800.543,2,121,90.233,71.515,NA,0,0,0,-168.69
3734,32,23,391.288,868.939,17100.553,2,61,90.233,71.515,NA,0,0,0,0
3735,32,24,392.424,858.712,17400.563,2,116,100.523,63.831,NA,10.29,0.034,-83.66,-83.66
3736,32,25,392.424,858.712,17700.573,2,179,100.523,63.831,NA,0,0,0,83.66
3737,32,26,390.53,858.712,18000.582,2,110,102.417,65.314,NA,1.894,0.006,180,180
3738,32,27,406.818,853.409,18300.592,2,102,119.547,49.552,NA,17.129,0.057,-18.034,161.966
3739,32,28,416.667,850.379,18600.602,2,55,129.851,40.7,NA,10.304,0.034,-17.103,0.932
3740,32,29,417.803,850.379,18900.611,2,73,130.987,40.001,NA,1.136,0.004,0,17.103
3741,32,30,417.803,850.379,19200.621,2,62,130.987,40.001,NA,0,0,0,0
3742,32,31,413.636,858.712,19500.631,2,79,140.304,49.186,NA,9.317,0.031,116.565,116.565
3743,32,32,417.424,861.742,19800.641,2,87,145.155,49.708,NA,4.851,0.016,38.66,-77.905
3744,32,33,417.424,867.424,20100.65,2,88,150.837,54.716,NA,5.682,0.019,90,51.34
3745,32,34,419.697,874.621,20400.66,2,69,158.384,60.351,NA,7.547,0.025,72.474,-17.526
3746,32,35,419.697,874.242,20700.67,2,80,158.763,59.999,NA,0.379,0.001,-90,-162.474
3747,32,36,426.894,878.03,21000.679,2,121,166.896,61.369,NA,8.133,0.027,27.759,117.759
3748,32,37,426.894,878.03,21300.689,2,62,166.896,61.369,NA,0,0,0,-27.759
3749,32,38,419.697,868.561,21600.699,2,195,178.79,54.767,NA,11.894,0.04,-127.235,-127.235
3750,32,39,419.697,856.061,21900.708,2,76,191.29,43.654,NA,12.5,0.042,-90,37.235
3751,32,40,421.591,856.061,22200.718,2,89,193.184,42.716,NA,1.894,0.006,0,90
3752,32,41,428.03,856.061,22500.728,2,165,199.623,40.033,NA,6.439,0.021,0,0
3753,32,42,432.955,855.303,22800.738,2,137,204.606,37.85,NA,4.982,0.017,-8.746,-8.746
3754,32,43,432.955,855.303,23100.747,2,83,204.606,37.85,NA,0,0,0,8.746
3755,32,44,427.273,850.379,23400.757,2,87,212.124,35.08,NA,7.519,0.025,-139.086,-139.086
3756,32,45,426.894,850.379,23700.767,2,140,212.503,35.242,NA,0.379,0.001,180,-40.914
3757,32,46,425.379,846.97,24000.776,2,125,216.234,32.937,NA,3.731,0.012,-113.962,66.038
3758,32,47,425.379,842.424,24300.786,2,99,220.779,29.108,NA,4.545,0.015,-90,23.962
3759,32,48,435.606,838.636,24600.796,2,97,231.685,21.083,NA,10.906,0.036,-20.323,69.677
3760,32,49,439.015,838.636,24900.805,2,98,235.094,20.303,NA,3.409,0.011,0,20.323
3761,32,50,439.015,840.152,25200.815,2,112,236.61,21.803,NA,1.515,0.005,90,90
3762,32,51,439.015,848.106,25500.825,2,39,244.564,29.7,NA,7.955,0.027,90,0
3763,32,52,439.015,865.53,25800.835,2,172,261.988,47.067,NA,17.424,0.058,90,0
3764,32,53,426.894,859.848,26100.844,2,134,275.375,43.98,NA,13.387,0.045,-154.885,115.115
3765,32,54,429.924,859.47,26400.854,2,106,278.429,42.667,NA,3.054,0.01,-7.125,147.76
3766,32,55,418.561,864.015,26700.864,2,112,290.668,51.163,NA,12.239,0.041,158.199,165.324
3767,32,56,418.561,864.015,27000.873,2,114,290.668,51.163,NA,0,0,0,-158.199
3768,32,57,416.667,864.015,27300.883,2,86,292.562,52.06,NA,1.894,0.006,180,180
3769,32,58,414.015,854.167,27600.893,2,101,302.761,45.315,NA,10.199,0.034,-105.068,74.932
3770,32,59,414.015,854.167,27900.903,2,84,302.761,45.315,NA,0,0,0,105.068
3771,32,60,411.742,854.167,28200.912,2,103,305.034,46.755,NA,2.273,0.008,180,180
3772,32,61,417.424,851.515,28500.922,2,90,311.304,41.136,NA,6.27,0.021,-25.017,154.983
3773,32,62,417.424,846.591,28800.932,2,111,316.228,37.308,NA,4.924,0.016,-90,-64.983
3774,32,63,420.833,848.485,29100.941,2,91,320.128,36.68,NA,3.9,0.013,29.055,119.055
3775,32,64,407.576,848.485,29400.951,2,130,333.386,45.647,NA,13.258,0.044,180,150.945
3776,32,65,402.652,839.015,29700.961,2,69,344.059,44.388,NA,10.673,0.036,-117.474,62.526
3777,32,66,402.652,839.015,30000.97,2,40,344.059,44.388,NA,0,0,0,117.474
3778,32,67,408.712,839.773,30300.98,2,10,350.167,39.51,NA,6.108,0.02,7.125,7.125
3779,32,68,408.712,848.106,30600.99,2,21,358.5,44.543,NA,8.333,0.028,90,82.875
3780,32,69,407.955,857.955,30901,2,102,368.378,52.097,NA,9.878,0.033,94.399,4.399
3781,32,70,400,869.318,31201.009,2,89,382.249,65.91,NA,13.871,0.046,124.992,30.593
3782,32,71,400,869.318,31501.019,2,95,382.249,65.91,NA,0,0,0,-124.992
3783,32,72,398.106,871.97,31801.029,2,57,385.507,69.161,NA,3.258,0.011,125.538,125.538
3784,32,73,394.697,867.045,32101.038,2,80,391.497,67.769,NA,5.989,0.02,-124.695,109.767
3785,32,74,398.864,867.045,32401.048,2,70,395.663,64.926,NA,4.167,0.014,0,124.695
3786,32,75,398.864,870.833,32701.058,2,85,399.451,67.802,NA,3.788,0.013,90,90
3787,32,76,400.758,870.833,33001.068,2,70,401.345,66.612,NA,1.894,0.006,0,-90
3788,32,77,399.621,870.455,33301.077,2,73,402.543,67.028,NA,1.198,0.004,-161.565,-161.565
3789,32,78,392.803,870.455,33601.087,2,181,409.361,71.539,NA,6.818,0.023,180,-18.435
3790,32,79,388.258,870.455,33901.097,2,76,413.906,74.74,NA,4.545,0.015,180,0
3791,32,80,388.258,878.788,34201.106,2,146,422.24,80.749,NA,8.333,0.028,90,-90
3792,32,81,388.258,878.788,34501.116,2,98,422.24,80.749,NA,0,0,0,-90
3793,32,82,390.909,884.47,34801.126,2,123,428.51,83.42,NA,6.27,0.021,64.983,64.983
3794,32,83,384.848,889.773,35101.135,2,32,436.563,91.338,NA,8.053,0.027,138.814,73.831
3795,32,84,381.439,900.379,35401.145,2,166,447.703,101.82,NA,11.14,0.037,107.819,-30.995
3796,32,85,369.318,910.985,35701.155,2,93,463.81,117.607,NA,16.106,0.054,138.814,30.995
3797,32,86,369.318,910.985,36001.165,2,152,463.81,117.607,NA,0,0,0,-138.814
3798,32,87,342.803,913.636,36301.174,2,139,490.457,137.435,NA,26.647,0.089,174.289,174.289
3799,32,88,333.333,913.636,36601.184,2,97,499.927,144.422,NA,9.47,0.032,180,5.711
3800,32,89,330.682,909.47,36901.194,2,132,504.866,143.758,NA,4.939,0.016,-122.471,57.529
3801,32,90,317.803,898.485,37201.203,2,125,521.793,147.73,NA,16.927,0.056,-139.538,-17.067
3802,32,91,317.803,898.485,37501.213,2,136,521.793,147.73,NA,0,0,0,139.538
3803,32,92,309.848,887.5,37801.223,2,95,535.355,149.093,NA,13.563,0.045,-125.91,-125.91
3804,32,93,303.03,885.227,38101.232,2,131,542.542,154.174,NA,7.187,0.024,-161.565,-35.655
3805,32,94,286.364,883.712,38401.242,2,173,559.278,168.765,NA,16.735,0.056,-174.806,-13.241
3806,32,95,278.409,875.379,38701.252,2,117,570.798,173.22,NA,11.52,0.038,-133.668,41.138
3807,32,96,273.106,866.667,39001.262,2,151,580.997,175.655,NA,10.199,0.034,-121.329,12.339
3808,32,97,254.545,849.242,39301.271,2,142,606.455,189.994,NA,25.458,0.085,-136.809,-15.48
3809,32,98,239.773,844.318,39601.281,2,117,622.027,203.906,NA,15.572,0.052,-161.565,-24.756
3810,32,99,230.303,829.167,39901.291,2,42,639.894,212.008,NA,17.867,0.06,-122.005,39.56
3811,32,100,224.621,824.621,40201.3,2,128,647.171,217.509,NA,7.276,0.024,-141.34,-19.335
3812,32,101,217.803,810.606,40501.31,2,117,662.756,224.383,NA,15.586,0.052,-115.942,25.398
3813,32,102,211.742,801.515,40801.32,2,107,673.682,230.933,NA,10.926,0.036,-123.69,-7.748
3814,32,103,209.848,797.727,41101.33,2,145,677.917,233.13,NA,4.235,0.014,-116.565,7.125
3815,32,104,204.545,801.894,41401.339,2,214,684.661,238.084,NA,6.744,0.022,141.843,-101.592
3816,32,105,210.227,806.439,41701.349,2,94,691.938,232.135,NA,7.276,0.024,38.66,-103.183
3817,32,106,212.5,807.576,42001.359,2,77,694.479,229.808,NA,2.541,0.008,26.565,-12.095
3818,32,107,217.045,805.682,42301.368,2,87,699.403,225.368,NA,4.924,0.016,-22.62,-49.185
3819,32,108,220.076,806.061,42601.378,2,105,702.457,222.321,NA,3.054,0.01,7.125,29.745
3820,32,109,213.258,805.682,42901.388,2,154,709.285,229.15,NA,6.829,0.023,-176.82,176.055
3821,32,110,194.318,805.303,43201.397,2,174,728.229,248.082,NA,18.943,0.063,-178.854,-2.034
3822,33,1,595.707,998.737,8700.281,2,51,0,0,NA,NA,NA,NA,NA
3823,33,2,594.192,1002.273,9000.291,2,48,3.846,3.846,NA,3.846,0.013,113.199,NA
3824,33,3,588.636,1002.273,9300.301,2,82,9.402,7.905,NA,5.556,0.019,180,66.801
3825,33,4,588.636,1002.273,9600.311,2,90,9.402,7.905,NA,0,0,0,-180
3826,33,5,587.626,1002.273,9900.32,2,112,10.412,8.82,NA,1.01,0.003,180,180
3827,33,6,587.626,1002.273,10200.33,2,85,10.412,8.82,NA,0,0,0,-180
3828,33,7,587.626,1006.818,10500.34,2,45,14.957,11.428,NA,4.545,0.015,90,90
3829,33,8,587.626,1009.848,10800.349,2,80,17.988,13.739,NA,3.03,0.01,90,0
3830,33,9,588.131,1010.354,11100.359,2,52,18.702,13.868,NA,0.714,0.002,45,-45
3831,33,10,588.131,1010.354,11400.369,2,43,18.702,13.868,NA,0,0,0,-45
3832,33,11,588.131,1010.354,11700.378,2,72,18.702,13.868,NA,0,0,0,0
3833,33,12,591.667,1008.333,12000.388,2,74,22.774,10.412,NA,4.072,0.014,-29.745,-29.745
3834,33,13,593.687,1006.818,12300.398,2,113,25.299,8.33,NA,2.525,0.008,-36.87,-7.125
3835,33,14,593.687,1006.818,12600.408,2,107,25.299,8.33,NA,0,0,0,36.87
3836,33,15,593.687,1006.818,12900.417,2,111,25.299,8.33,NA,0,0,0,0
3837,33,16,588.131,1009.343,13200.427,2,131,31.402,13.034,NA,6.103,0.02,155.556,155.556
3838,33,17,582.071,1013.384,13500.437,2,117,38.686,20.012,NA,7.284,0.024,146.31,-9.246
3839,33,18,582.071,1013.384,13800.446,2,73,38.686,20.012,NA,0,0,0,-146.31
3840,33,19,577.525,1013.384,14100.456,2,167,43.231,23.347,NA,4.545,0.015,180,180
3841,33,20,577.525,1009.343,14400.466,2,146,47.271,21.049,NA,4.04,0.013,-90,90
3842,33,21,577.525,1009.343,14700.476,2,157,47.271,21.049,NA,0,0,0,90
3843,33,22,577.525,1009.343,15000.485,2,103,47.271,21.049,NA,0,0,0,0
3844,33,23,577.525,1009.343,15300.495,2,105,47.271,21.049,NA,0,0,0,0
3845,33,24,577.525,1004.798,15600.505,2,111,51.817,19.165,NA,4.545,0.015,-90,-90
3846,33,25,577.525,1004.798,15900.514,2,119,51.817,19.165,NA,0,0,0,90
3847,33,26,577.525,1004.798,16200.524,2,112,51.817,19.165,NA,0,0,0,0
3848,33,27,582.576,1005.303,16500.534,2,92,56.893,14.681,NA,5.076,0.017,5.711,5.711
3849,33,28,582.576,1005.303,16800.543,2,78,56.893,14.681,NA,0,0,0,-5.711
3850,33,29,582.576,1005.303,17100.553,2,116,56.893,14.681,NA,0,0,0,0
3851,33,30,582.576,1005.303,17400.563,2,119,56.893,14.681,NA,0,0,0,0
3852,33,31,582.576,1005.303,17700.573,2,53,56.893,14.681,NA,0,0,0,0
3853,33,32,586.616,1005.303,18000.582,2,139,60.933,11.214,NA,4.04,0.013,0,0
3854,33,33,587.626,1005.303,18300.592,2,128,61.943,10.412,NA,1.01,0.003,0,0
3855,33,34,587.626,1012.879,18600.602,2,92,69.519,16.287,NA,7.576,0.025,90,90
3856,33,35,587.626,1012.879,18900.611,2,97,69.519,16.287,NA,0,0,0,-90
3857,33,36,588.131,1012.879,19200.621,2,96,70.024,16.043,NA,0.505,0.002,0,0
3858,33,37,591.162,1012.879,19500.631,2,93,73.054,14.854,NA,3.03,0.01,0,0
3859,33,38,591.162,1012.879,19800.641,2,78,73.054,14.854,NA,0,0,0,0
3860,33,39,591.162,1012.879,20100.65,2,122,73.054,14.854,NA,0,0,0,0
3861,33,40,591.162,1012.879,20400.66,2,106,73.054,14.854,NA,0,0,0,0
3862,33,41,596.717,1011.869,20700.67,2,57,78.701,13.17,NA,5.647,0.019,-10.305,-10.305
3863,33,42,599.242,1019.949,21000.679,2,123,87.167,21.505,NA,8.466,0.028,72.646,82.951
3864,33,43,599.242,1019.949,21300.689,2,161,87.167,21.505,NA,0,0,0,-72.646
3865,33,44,597.222,1019.949,21600.699,2,167,89.187,21.266,NA,2.02,0.007,180,180
3866,33,45,589.141,1022.475,21900.708,2,71,97.653,24.629,NA,8.466,0.028,162.646,-17.354
3867,33,46,589.141,1028.03,22200.718,2,92,103.209,30.02,NA,5.556,0.019,90,-72.646
3868,33,47,589.141,1028.03,22500.728,2,93,103.209,30.02,NA,0,0,0,-90
3869,33,48,587.121,1030.051,22800.738,2,50,106.066,32.469,NA,2.857,0.01,135,135
3870,33,49,587.121,1036.111,23100.747,2,112,112.127,38.347,NA,6.061,0.02,90,-45
3871,33,50,583.081,1036.111,23400.757,2,85,116.167,39.449,NA,4.04,0.013,180,90
3872,33,51,581.061,1040.152,23700.767,2,107,120.684,43.928,NA,4.517,0.015,116.565,-63.435
3873,33,52,579.545,1047.727,24000.776,2,95,128.41,51.587,NA,7.726,0.026,101.31,-15.255
3874,33,53,579.545,1047.727,24300.786,2,133,128.41,51.587,NA,0,0,0,-101.31
3875,33,54,574.495,1047.727,24600.796,2,146,133.461,53.385,NA,5.051,0.017,180,180
3876,33,55,571.97,1044.192,24900.805,2,53,137.805,51.279,NA,4.345,0.014,-125.538,54.462
3877,33,56,571.97,1040.657,25200.815,2,61,141.341,48.173,NA,3.535,0.012,-90,35.538
3878,33,57,571.97,1040.657,25500.825,2,80,141.341,48.173,NA,0,0,0,90
3879,33,58,572.475,1040.657,25800.835,2,62,141.846,47.927,NA,0.505,0.002,0,0
3880,33,59,585.606,1040.657,26100.844,2,84,154.977,43.119,NA,13.131,0.044,0,0
3881,33,60,597.727,1040.152,26400.854,2,106,167.109,41.463,NA,12.132,0.04,-2.386,-2.386
3882,33,61,604.293,1040.152,26700.864,2,101,173.674,42.295,NA,6.566,0.022,0,2.386
3883,33,62,604.293,1039.141,27000.873,2,110,174.684,41.306,NA,1.01,0.003,-90,-90
3884,33,63,603.788,1034.091,27300.883,2,97,179.76,36.265,NA,5.076,0.017,-95.711,-5.711
3885,33,64,603.788,1034.091,27600.893,2,103,179.76,36.265,NA,0,0,0,95.711
3886,33,65,608.838,1030.051,27900.903,2,100,186.228,33.955,NA,6.468,0.022,-38.66,-38.66
3887,33,66,608.838,1044.697,28200.912,2,133,200.874,47.799,NA,14.646,0.049,90,128.66
3888,33,67,608.838,1044.697,28500.922,2,139,200.874,47.799,NA,0,0,0,-90
3889,33,68,608.838,1044.697,28800.932,2,104,200.874,47.799,NA,0,0,0,0
3890,33,69,606.313,1050.253,29100.941,2,150,206.977,52.596,NA,6.103,0.02,114.444,114.444
3891,33,70,606.313,1050.253,29400.951,2,255,206.977,52.596,NA,0,0,0,-114.444
3892,33,71,594.697,1053.283,29700.961,2,130,218.982,54.555,NA,12.005,0.04,165.379,165.379
3893,33,72,586.616,1054.798,30000.97,2,114,227.203,56.793,NA,8.222,0.027,169.38,4.001
3894,33,73,581.566,1058.333,30300.98,2,113,233.368,61.251,NA,6.165,0.021,145.008,-24.372
3895,33,74,581.566,1058.333,30600.99,2,229,233.368,61.251,NA,0,0,0,-145.008
3896,33,75,566.414,1064.394,30901,2,141,249.687,71.895,NA,16.319,0.054,158.199,158.199
3897,33,76,554.798,1064.394,31201.009,2,100,261.303,77.359,NA,11.616,0.039,180,21.801
3898,33,77,554.293,1064.394,31501.019,2,48,261.808,77.627,NA,0.505,0.002,180,0
3899,33,78,551.768,1067.929,31801.029,2,102,266.153,81.965,NA,4.345,0.014,125.538,-54.462
3900,33,79,551.768,1068.434,32101.038,2,118,266.658,82.391,NA,0.505,0.002,90,-35.538
3901,33,80,556.818,1078.03,32401.048,2,97,277.502,88.316,NA,10.844,0.036,62.241,-27.759
3902,33,81,556.818,1086.111,32701.058,2,79,285.583,95.637,NA,8.081,0.027,90,27.759
3903,33,82,556.818,1086.111,33001.068,2,158,285.583,95.637,NA,0,0,0,-90
3904,33,83,551.768,1086.111,33301.077,2,88,290.633,97.8,NA,5.051,0.017,180,180
3905,33,84,547.727,1086.616,33601.087,2,91,294.705,100.124,NA,4.072,0.014,172.875,-7.125
3906,33,85,541.667,1086.616,33901.097,2,102,300.766,103.165,NA,6.061,0.02,180,7.125
3907,33,86,541.667,1086.616,34201.106,2,137,300.766,103.165,NA,0,0,0,-180
3908,33,87,530.556,1086.616,34501.116,2,190,311.877,109.396,NA,11.111,0.037,180,180
3909,33,88,519.949,1086.616,34801.126,2,136,322.483,116.025,NA,10.606,0.035,180,0
3910,33,89,513.384,1096.717,35101.135,2,74,334.53,127.973,NA,12.047,0.04,123.024,-56.976
3911,33,90,513.384,1096.717,35401.145,2,66,334.53,127.973,NA,0,0,0,-123.024
3912,33,91,513.384,1096.717,35701.155,2,119,334.53,127.973,NA,0,0,0,0
3913,33,92,516.919,1102.778,36001.165,2,84,341.547,130.506,NA,7.016,0.023,59.744,59.744
3914,33,93,526.01,1102.778,36301.174,2,80,350.637,125.228,NA,9.091,0.03,0,-59.744
3915,33,94,537.121,1102.778,36601.184,2,77,361.749,119.401,NA,11.111,0.037,0,0
3916,33,95,532.576,1099.747,36901.194,2,111,367.211,119.116,NA,5.463,0.018,-146.31,-146.31
3917,33,96,531.061,1096.717,37201.203,2,98,370.599,117.385,NA,3.388,0.011,-116.565,29.745
3918,33,97,515.404,1107.323,37501.213,2,119,389.51,135.054,NA,18.911,0.063,145.886,-97.549
3919,33,98,515.404,1107.323,37801.223,2,81,389.51,135.054,NA,0,0,0,-145.886
3920,33,99,515.404,1109.343,38101.232,2,91,391.53,136.683,NA,2.02,0.007,90,90
3921,33,100,513.384,1109.343,38401.242,2,108,393.551,137.88,NA,2.02,0.007,180,90
3922,33,101,507.323,1109.343,38701.252,2,92,399.611,141.582,NA,6.061,0.02,180,0
3923,33,102,507.323,1120.455,39001.262,2,153,410.722,150.422,NA,11.111,0.037,90,-90
3924,33,103,491.162,1141.667,39301.271,2,102,437.39,177.083,NA,26.667,0.089,127.304,37.304
3925,33,104,477.02,1147.727,39601.281,2,87,452.775,190.485,NA,15.385,0.051,156.801,29.497
3926,33,105,459.848,1155.303,39901.291,2,138,471.544,207.293,NA,18.769,0.063,156.194,-0.607
3927,33,106,459.848,1155.303,40201.3,2,123,471.544,207.293,NA,0,0,0,-156.194
3928,33,107,473.485,1156.313,40501.31,2,77,485.217,199.42,NA,13.674,0.046,4.236,4.236
3929,33,108,492.677,1179.04,40801.32,2,252,514.964,207.664,NA,29.747,0.099,49.821,45.584
3930,33,109,493.182,1179.04,41101.33,2,80,515.469,207.414,NA,0.505,0.002,0,-49.821
3931,33,110,496.717,1211.364,41401.339,2,114,547.985,234.54,NA,32.516,0.108,83.758,83.758
3932,33,111,496.717,1226.01,41701.349,2,85,562.632,247.895,NA,14.646,0.049,90,6.242
3933,33,112,502.778,1228.03,42001.359,2,83,569.02,247.409,NA,6.388,0.021,18.435,-71.565
3934,33,113,502.778,1234.091,42301.368,2,144,575.081,253.036,NA,6.061,0.02,90,71.565
3935,33,114,508.333,1260.354,42601.378,2,116,601.924,275.821,NA,26.844,0.089,78.056,-11.944
3936,33,115,508.333,1260.354,42901.388,2,76,601.924,275.821,NA,0,0,0,-78.056
3937,33,116,519.444,1274.495,43201.397,2,218,619.909,286.109,NA,17.984,0.06,51.843,51.843
3938,33,117,519.444,1274.495,43501.407,2,180,619.909,286.109,NA,0,0,0,-51.843
3939,33,118,519.444,1274.495,43801.417,2,81,619.909,286.109,NA,0,0,0,0
3940,33,119,519.444,1291.162,44101.427,2,77,636.575,302.205,NA,16.667,0.056,90,90
3941,33,120,523.485,1292.172,44401.436,2,60,640.74,302.192,NA,4.165,0.014,14.036,-75.964
3942,33,121,523.485,1292.172,44701.446,2,90,640.74,302.192,NA,0,0,0,-14.036
3943,33,122,534.596,1295.202,45001.456,2,142,652.257,302.698,NA,11.517,0.038,15.255,15.255
3944,33,123,534.596,1295.202,45301.465,2,136,652.257,302.698,NA,0,0,0,-15.255
3945,33,124,534.596,1298.737,45601.475,2,141,655.792,306.161,NA,3.535,0.012,90,90
3946,33,125,529.545,1299.747,45901.485,2,224,660.943,308.195,NA,5.151,0.017,168.69,78.69
3947,33,126,523.485,1299.747,46201.495,2,138,667.004,309.553,NA,6.061,0.02,180,11.31
3948,33,127,523.485,1299.747,46501.504,2,84,667.004,309.553,NA,0,0,0,-180
3949,33,128,530.051,1295.707,46801.514,2,126,674.713,304.141,NA,7.709,0.026,-31.608,-31.608
3950,33,129,530.051,1302.273,47101.524,2,82,681.278,310.555,NA,6.566,0.022,90,121.608
3951,33,130,530.051,1310.859,47401.533,2,200,689.864,318.952,NA,8.586,0.029,90,0
3952,33,131,530.051,1313.889,47701.543,2,179,692.895,321.918,NA,3.03,0.01,90,0
3953,33,132,530.051,1313.889,48001.553,2,149,692.895,321.918,NA,0,0,0,-90
3954,33,133,526.515,1320.96,48301.562,2,187,700.8,329.567,NA,7.905,0.026,116.565,116.565
3955,33,134,526.515,1328.535,48601.572,2,229,708.376,336.978,NA,7.576,0.025,90,-26.565
3956,33,135,526.515,1328.535,48901.582,2,216,708.376,336.978,NA,0,0,0,-90
3957,33,136,520.96,1309.343,49201.592,2,141,728.356,319.473,NA,19.98,0.067,-106.144,-106.144
3958,33,137,520.96,1309.343,49501.601,2,94,728.356,319.473,NA,0,0,0,106.144
3959,33,138,520.96,1309.343,49801.611,2,121,728.356,319.473,NA,0,0,0,0
3960,33,139,506.818,1318.434,50101.621,2,172,745.167,331.824,NA,16.811,0.056,147.265,147.265
3961,33,140,506.818,1318.434,50401.63,2,107,745.167,331.824,NA,0,0,0,-147.265
3962,33,141,506.313,1318.434,50701.64,2,114,745.672,331.96,NA,0.505,0.002,180,180
3963,33,142,487.626,1318.434,51001.65,2,156,764.359,337.472,NA,18.687,0.062,180,0
3964,33,143,478.535,1329.545,51301.659,2,102,778.715,350.946,NA,14.356,0.048,129.289,-50.711
3965,33,144,466.919,1330.051,51601.669,2,121,790.342,355.464,NA,11.627,0.039,177.51,48.221
3966,33,145,448.232,1344.697,51901.679,2,125,814.085,376.081,NA,23.743,0.079,141.911,-35.599
3967,33,146,454.293,1341.667,52201.689,2,88,820.861,370.943,NA,6.776,0.023,-26.565,-168.476
3968,33,147,445.707,1341.667,52501.698,2,107,829.447,374.3,NA,8.586,0.029,180,-153.435
3969,33,148,434.596,1341.667,52801.708,2,137,840.558,378.89,NA,11.111,0.037,180,0
3970,33,149,432.576,1340.657,53101.718,2,108,842.817,378.841,NA,2.259,0.008,-153.435,26.565
3971,33,150,432.576,1334.091,53401.727,2,119,849.382,372.926,NA,6.566,0.022,-90,63.435
3972,33,151,432.576,1334.091,53701.737,2,111,849.382,372.926,NA,0,0,0,90
3973,33,152,432.576,1334.091,54001.747,2,114,849.382,372.926,NA,0,0,0,0
3974,33,153,425.505,1340.152,54301.757,2,86,858.695,381.487,NA,9.313,0.031,139.399,139.399
3975,33,154,417.929,1340.152,54601.766,2,191,866.271,384.927,NA,7.576,0.025,180,40.601
3976,33,155,419.949,1329.04,54901.776,2,95,877.564,374.153,NA,11.293,0.038,-79.695,100.305
3977,33,156,419.949,1329.04,55201.786,2,143,877.564,374.153,NA,0,0,0,79.695
3978,33,157,419.949,1329.04,55501.795,2,100,877.564,374.153,NA,0,0,0,0
3979,33,158,419.949,1329.04,55801.805,2,136,877.564,374.153,NA,0,0,0,0
3980,33,159,415.404,1316.919,56101.815,2,96,890.509,365.717,NA,12.945,0.043,-110.556,-110.556
3981,33,160,415.404,1316.919,56401.824,2,129,890.509,365.717,NA,0,0,0,110.556
3982,33,161,415.404,1316.919,56701.834,2,95,890.509,365.717,NA,0,0,0,0
3983,33,162,415.404,1316.919,57001.844,2,161,890.509,365.717,NA,0,0,0,0
3984,33,163,414.394,1324.495,57301.854,2,93,898.152,372.817,NA,7.643,0.025,97.595,97.595
3985,33,164,404.798,1319.444,57601.863,2,135,908.996,373.228,NA,10.844,0.036,-152.241,110.164
3986,33,165,406.313,1312.879,57901.873,2,135,915.734,366.817,NA,6.738,0.022,-77.005,75.236
3987,33,166,409.848,1309.343,58201.883,2,176,920.734,361.966,NA,5,0.017,-45,32.005
3988,33,167,420.455,1300.758,58501.892,2,130,934.38,349.184,NA,13.646,0.045,-38.991,6.009
3989,33,168,428.03,1300.758,58801.902,2,127,941.956,345.444,NA,7.576,0.025,0,38.991
3990,33,169,434.091,1289.141,59101.912,2,137,955.058,332.347,NA,13.102,0.044,-62.447,-62.447
3991,33,170,434.091,1289.646,59401.922,2,217,955.563,332.788,NA,0.505,0.002,90,152.447
3992,33,171,440.152,1294.192,59701.931,2,85,963.138,333.903,NA,7.576,0.025,36.87,-53.13
3993,33,172,444.192,1296.212,60001.941,2,76,967.656,333.838,NA,4.517,0.015,26.565,-10.305
3994,33,173,444.192,1296.212,60301.951,2,54,967.656,333.838,NA,0,0,0,-26.565
3995,33,174,452.778,1284.091,60601.96,2,48,982.51,319.148,NA,14.854,0.05,-54.689,-54.689
3996,33,175,452.778,1284.091,60901.97,2,99,982.51,319.148,NA,0,0,0,54.689
3997,33,176,446.212,1283.586,61201.98,2,134,989.095,321.695,NA,6.585,0.022,-175.601,-175.601
3998,33,177,436.616,1282.071,61501.989,2,131,998.81,324.943,NA,9.715,0.032,-171.027,4.574
3999,33,178,427.525,1282.071,61801.999,2,132,1007.901,329.489,NA,9.091,0.03,180,-8.973
4000,33,179,427.525,1282.071,62102.009,2,103,1007.901,329.489,NA,0,0,0,-180
4001,33,180,427.02,1298.232,62402.019,2,145,1024.07,343.733,NA,16.17,0.054,91.79,91.79
4002,33,181,434.091,1299.747,62702.028,2,100,1031.301,341.653,NA,7.231,0.024,12.095,-79.695
4003,33,182,422.98,1306.818,63002.038,2,77,1044.471,353.198,NA,13.17,0.044,147.529,135.434
4004,33,183,422.475,1306.818,63302.048,2,102,1044.976,353.445,NA,0.505,0.002,180,32.471
4005,33,184,401.768,1307.323,63602.057,2,75,1065.69,364.469,NA,20.713,0.069,178.603,-1.397
4006,33,185,401.768,1307.323,63902.067,2,99,1065.69,364.469,NA,0,0,0,-178.603
4007,33,186,395.707,1313.889,64202.077,2,44,1074.625,373.257,NA,8.935,0.03,132.709,132.709
4008,33,187,393.687,1317.424,64502.086,2,80,1078.697,377.324,NA,4.072,0.014,119.745,-12.965
4009,33,188,381.061,1309.343,64802.096,2,60,1093.688,377.557,NA,14.991,0.05,-147.381,92.874
4010,33,189,381.061,1309.343,65102.106,2,50,1093.688,377.557,NA,0,0,0,147.381
4011,33,190,381.061,1309.343,65402.116,2,68,1093.688,377.557,NA,0,0,0,0
4012,33,191,366.414,1309.343,65702.125,2,54,1108.334,386.072,NA,14.646,0.049,180,180
4013,33,192,366.414,1309.343,66002.135,2,64,1108.334,386.072,NA,0,0,0,-180
4014,33,193,365.404,1309.343,66302.145,2,44,1109.344,386.672,NA,1.01,0.003,180,180
4015,33,194,357.323,1317.929,66602.154,2,64,1121.135,398.385,NA,11.791,0.039,133.264,-46.736
4016,33,195,347.727,1331.566,66902.164,2,79,1137.809,415.053,NA,16.674,0.056,125.134,-8.13
4017,33,196,343.182,1345.202,67202.174,2,53,1152.183,428.727,NA,14.374,0.048,108.435,-16.699
4018,33,197,334.091,1367.929,67502.184,2,41,1176.661,452.488,NA,24.478,0.082,111.801,3.366
4019,33,198,327.525,1384.091,67802.193,2,49,1194.105,469.488,NA,17.444,0.058,112.109,0.308
4020,33,199,319.444,1390.657,68102.203,2,23,1204.517,479.502,NA,10.412,0.035,140.906,28.797
4021,33,200,319.444,1390.657,68402.213,2,67,1204.517,479.502,NA,0,0,0,-140.906
4022,33,201,315.404,1404.798,68702.222,2,79,1219.224,493.412,NA,14.707,0.049,105.945,105.945
4023,33,202,310.354,1410.354,69002.232,2,40,1226.733,500.854,NA,7.508,0.025,132.274,26.328
4024,33,203,310.354,1410.354,69302.242,2,63,1226.733,500.854,NA,0,0,0,-132.274
4025,33,204,302.778,1420.96,69602.251,2,43,1239.766,513.886,NA,13.034,0.043,125.538,125.538
4026,33,205,297.222,1420.96,69902.261,2,84,1245.322,517.073,NA,5.556,0.019,180,54.462
4027,33,206,297.222,1420.96,70202.271,2,109,1245.322,517.073,NA,0,0,0,-180
4028,33,207,297.222,1419.444,70502.281,2,47,1246.837,515.837,NA,1.515,0.005,-90,-90
4029,33,208,292.677,1427.525,70802.29,2,111,1256.109,525.058,NA,9.271,0.031,119.358,-150.642
4030,33,209,289.646,1436.616,71102.3,2,28,1265.691,534.239,NA,9.583,0.032,108.435,-10.923
4031,34,1,741.162,1083.586,30600.99,2,34,0,0,NA,NA,NA,NA,NA
4032,34,2,738.131,1086.616,30901,2,46,4.285,4.285,NA,4.285,0.014,135,NA
4033,34,3,737.626,1097.727,31201.009,2,133,15.408,14.577,NA,11.123,0.037,92.603,-42.397
4034,34,4,737.121,1104.798,31501.019,2,69,22.497,21.593,NA,7.089,0.024,94.086,1.483
4035,34,5,717.424,1110.354,31801.029,2,137,42.962,35.777,NA,20.465,0.068,164.249,70.163
4036,34,6,717.424,1110.354,32101.038,2,161,42.962,35.777,NA,0,0,0,-164.249
4037,34,7,717.424,1116.919,32401.048,2,255,49.528,40.922,NA,6.566,0.022,90,90
4038,34,8,717.424,1120.96,32701.058,2,255,53.568,44.275,NA,4.04,0.013,90,0
4039,34,9,717.424,1120.96,33001.068,2,187,53.568,44.275,NA,0,0,0,-90
4040,34,10,720.455,1122.98,33301.077,2,95,57.21,44.505,NA,3.642,0.012,33.69,33.69
4041,34,11,720.455,1134.091,33601.087,2,146,68.321,54.585,NA,11.111,0.037,90,56.31
4042,34,12,703.788,1152.778,33901.097,2,167,93.361,78.64,NA,25.04,0.083,131.73,41.73
4043,34,13,703.283,1140.657,34201.106,2,99,105.493,68.497,NA,12.132,0.04,-92.386,135.885
4044,34,14,703.283,1140.657,34501.116,2,151,105.493,68.497,NA,0,0,0,92.386
4045,34,15,688.131,1151.768,34801.126,2,85,124.282,86.377,NA,18.789,0.063,143.746,143.746
4046,34,16,688.131,1151.768,35101.135,2,149,124.282,86.377,NA,0,0,0,-143.746
4047,34,17,677.525,1162.374,35401.145,2,105,139.281,101.277,NA,14.999,0.05,135,135
4048,34,18,659.848,1169.949,35701.155,2,128,158.513,118.619,NA,19.232,0.064,156.801,21.801
4049,34,19,640.657,1190.152,36001.165,2,170,186.377,146.484,NA,27.865,0.093,133.531,-23.27
4050,34,20,634.091,1191.667,36301.174,2,48,193.116,152.137,NA,6.738,0.022,167.005,33.474
4051,34,21,636.616,1185.101,36601.184,2,110,200.15,145.723,NA,7.035,0.023,-68.962,124.032
4052,34,22,629.545,1186.111,36901.194,2,108,207.293,151.557,NA,7.142,0.024,171.87,-119.168
4053,34,23,632.576,1182.071,37201.203,2,133,212.343,146.595,NA,5.051,0.017,-53.13,135
4054,34,24,638.636,1182.071,37501.213,2,113,218.404,142.164,NA,6.061,0.02,0,53.13
4055,34,25,645.202,1183.081,37801.223,2,162,225.047,138.23,NA,6.643,0.022,8.746,8.746
4056,34,26,645.202,1183.081,38101.232,2,215,225.047,138.23,NA,0,0,0,-8.746
4057,34,27,646.717,1188.131,38401.242,2,213,230.32,140.888,NA,5.273,0.018,73.301,73.301
4058,34,28,646.717,1188.131,38701.252,2,143,230.32,140.888,NA,0,0,0,-73.301
4059,34,29,645.707,1198.232,39001.262,2,127,240.471,149.182,NA,10.151,0.034,95.711,95.711
4060,34,30,638.636,1204.798,39301.271,2,64,250.12,158.757,NA,9.649,0.032,137.121,41.411
4061,34,31,638.636,1218.939,39601.281,2,53,264.261,169.8,NA,14.141,0.047,90,-47.121
4062,34,32,638.636,1218.939,39901.291,2,152,264.261,169.8,NA,0,0,0,-90
4063,34,33,646.212,1217.424,40201.3,2,118,271.987,164.098,NA,7.726,0.026,-11.31,-11.31
4064,34,34,646.212,1217.424,40501.31,2,148,271.987,164.098,NA,0,0,0,11.31
4065,34,35,646.212,1217.424,40801.32,2,141,271.987,164.098,NA,0,0,0,0
4066,34,36,646.212,1218.939,41101.33,2,134,273.502,165.336,NA,1.515,0.005,90,90
4067,34,37,646.212,1222.98,41401.339,2,124,277.543,168.66,NA,4.04,0.013,90,0
4068,34,38,650.758,1222.98,41701.349,2,86,282.088,166.143,NA,4.545,0.015,0,-90
4069,34,39,650.758,1208.838,42001.359,2,74,296.23,154.47,NA,14.141,0.047,-90,-90
4070,34,40,650.758,1208.838,42301.368,2,46,296.23,154.47,NA,0,0,0,90
4071,34,41,650.758,1219.949,42601.378,2,120,307.341,163.609,NA,11.111,0.037,90,90
4072,34,42,650.758,1229.04,42901.388,2,104,316.432,171.26,NA,9.091,0.03,90,0
4073,34,43,648.232,1223.99,43201.397,2,161,322.078,168.372,NA,5.647,0.019,-116.565,153.435
4074,34,44,648.232,1223.99,43501.407,2,95,322.078,168.372,NA,0,0,0,116.565
4075,34,45,646.212,1229.04,43801.417,2,87,327.518,173.702,NA,5.44,0.018,111.801,111.801
4076,34,46,654.798,1243.687,44101.427,2,130,344.495,181.909,NA,16.978,0.057,59.621,-52.181
4077,34,47,653.788,1243.182,44401.436,2,63,345.625,181.948,NA,1.129,0.004,-153.435,146.944
4078,34,48,659.343,1254.798,44701.446,2,108,358.501,189.757,NA,12.876,0.043,64.44,-142.125
4079,34,49,671.465,1267.929,45001.456,2,76,376.371,197.079,NA,17.871,0.06,47.291,-17.149
4080,34,50,671.465,1283.586,45301.465,2,97,392.028,211.796,NA,15.657,0.052,90,42.709
4081,34,51,667.929,1291.667,45601.475,2,109,400.848,220.591,NA,8.82,0.029,113.629,23.629
4082,34,52,661.364,1291.667,45901.485,2,99,407.414,222.857,NA,6.566,0.022,180,66.371
4083,34,53,662.879,1282.071,46201.495,2,106,417.129,213.365,NA,9.715,0.032,-81.027,98.973
4084,34,54,670.455,1286.616,46501.504,2,149,425.964,214.99,NA,8.835,0.029,30.964,111.991
4085,34,55,672.475,1289.646,46801.514,2,133,429.606,217.207,NA,3.642,0.012,56.31,25.346
4086,34,56,680.556,1304.293,47101.524,2,174,446.333,228.877,NA,16.728,0.056,61.113,4.803
4087,34,57,692.677,1315.404,47401.533,2,101,462.777,236.834,NA,16.443,0.055,42.51,-18.603
4088,34,58,694.697,1314.899,47701.543,2,220,464.859,235.934,NA,2.082,0.007,-14.036,-56.547
4089,34,59,694.697,1322.98,48001.553,2,182,472.94,243.861,NA,8.081,0.027,90,104.036
4090,34,60,702.273,1330.051,48301.562,2,149,483.303,249.514,NA,10.363,0.035,43.025,-46.975
4091,34,61,702.273,1330.051,48601.572,2,127,483.303,249.514,NA,0,0,0,-43.025
4092,34,62,695.202,1330.051,48901.582,2,204,490.373,250.713,NA,7.071,0.024,180,180
4093,34,63,695.202,1330.051,49201.592,2,192,490.373,250.713,NA,0,0,0,-180
4094,34,64,707.828,1327.02,49501.601,2,135,503.358,245.706,NA,12.985,0.043,-13.496,-13.496
4095,34,65,712.374,1332.071,49801.611,2,118,510.153,250.147,NA,6.795,0.023,48.013,61.509
4096,34,66,712.374,1332.071,50101.621,2,124,510.153,250.147,NA,0,0,0,-48.013
4097,34,67,716.414,1339.646,50401.63,2,172,518.739,257.254,NA,8.586,0.029,61.928,61.928
4098,34,68,716.414,1346.717,50701.64,2,151,525.809,264.292,NA,7.071,0.024,90,28.072
4099,34,69,722.475,1360.354,51001.65,2,185,540.732,277.398,NA,14.923,0.05,66.038,-23.962
4100,34,70,728.535,1360.354,51301.659,2,179,546.793,277.056,NA,6.061,0.02,0,-66.038
4101,34,71,736.616,1358.838,51601.669,2,195,555.014,275.29,NA,8.222,0.027,-10.62,-10.62
4102,34,72,745.707,1354.798,51901.679,2,165,564.963,271.25,NA,9.948,0.033,-23.962,-13.343
4103,34,73,756.313,1355.303,52201.689,2,119,575.581,272.139,NA,10.618,0.035,2.726,26.689
4104,34,74,765.909,1367.929,52501.698,2,144,591.44,285.418,NA,15.859,0.053,52.765,50.039
4105,34,75,770.96,1368.939,52801.708,2,207,596.59,286.905,NA,5.151,0.017,11.31,-41.455
4106,34,76,770.96,1368.939,53101.718,2,146,596.59,286.905,NA,0,0,0,-11.31
4107,34,77,777.525,1379.04,53401.727,2,177,608.637,297.684,NA,12.047,0.04,56.976,56.976
4108,34,78,787.121,1388.131,53701.737,2,184,621.856,307.994,NA,13.218,0.044,43.452,-13.524
4109,34,79,789.646,1392.677,54001.747,2,99,627.056,312.871,NA,5.2,0.017,60.945,17.494
4110,34,80,796.212,1401.263,54301.757,2,165,637.864,322.411,NA,10.809,0.036,52.595,-8.351
4111,34,81,803.788,1403.283,54601.766,2,195,645.705,325.773,NA,7.84,0.026,14.931,-37.663
4112,34,82,803.788,1402.778,54901.776,2,114,646.21,325.278,NA,0.505,0.002,-90,-104.931
4113,34,83,813.384,1404.293,55201.786,2,70,655.925,328.739,NA,9.715,0.032,8.973,98.973
4114,34,84,829.545,1421.465,55501.795,2,127,679.506,349.247,NA,23.581,0.079,46.736,37.763
4115,34,85,838.131,1429.04,55801.805,2,168,690.956,358.806,NA,11.45,0.038,41.424,-5.312
4116,34,86,842.677,1438.636,56101.815,2,99,701.574,369.278,NA,10.618,0.035,64.654,23.23
4117,34,87,844.697,1459.343,56401.824,2,105,722.379,389.761,NA,20.805,0.069,84.428,19.774
4118,34,88,845.707,1477.02,56701.834,2,141,740.085,407.088,NA,17.706,0.059,86.73,2.302
4119,34,89,833.586,1479.545,57001.844,2,135,752.466,406.603,NA,12.381,0.041,168.232,81.502
4120,34,90,840.152,1480.556,57301.854,2,152,759.109,409.126,NA,6.643,0.022,8.746,-159.486
4121,34,91,840.152,1486.111,57601.863,2,119,764.665,414.518,NA,5.556,0.019,90,81.254
4122,34,92,840.152,1486.111,57901.873,2,105,764.665,414.518,NA,0,0,0,-90
4123,34,93,838.131,1492.677,58201.883,2,92,771.534,420.427,NA,6.869,0.023,107.103,107.103
4124,34,94,841.162,1510.354,58501.892,2,68,789.469,438.327,NA,17.935,0.06,80.272,-26.83
4125,34,95,856.313,1510.859,58801.902,2,85,804.629,442.518,NA,15.16,0.051,1.909,-78.363
4126,34,96,861.364,1513.889,59101.912,2,130,810.519,446.776,NA,5.89,0.02,30.964,29.055
4127,34,97,862.879,1526.01,59401.922,2,43,822.734,458.862,NA,12.216,0.041,82.875,51.911
4128,34,98,867.424,1526.01,59701.931,2,73,827.28,460.089,NA,4.545,0.015,0,-82.875
4129,34,99,867.424,1532.071,60001.941,2,101,833.34,465.919,NA,6.061,0.02,90,90
4130,34,100,871.97,1537.626,60301.951,2,94,840.518,472.508,NA,7.178,0.024,50.711,-39.289
4131,35,1,471.212,880.303,4200.136,2,48,0,0,NA,NA,NA,NA,NA
4132,35,2,471.591,885.227,4500.146,2,42,4.939,4.939,NA,4.939,0.016,85.601,NA
4133,35,3,471.591,885.227,4800.155,2,47,4.939,4.939,NA,0,0,0,-85.601
4134,35,4,471.591,892.424,5100.165,2,32,12.136,12.127,NA,7.197,0.024,90,90
4135,35,5,471.591,892.424,5400.175,2,72,12.136,12.127,NA,0,0,0,-90
4136,35,6,471.591,892.424,5700.184,2,37,12.136,12.127,NA,0,0,0,0
4137,35,7,471.591,896.212,6000.194,2,84,15.924,15.914,NA,3.788,0.013,90,90
4138,35,8,471.591,903.03,6300.204,2,85,22.742,22.73,NA,6.818,0.023,90,0
4139,35,9,470.076,906.439,6600.214,2,85,26.472,26.161,NA,3.731,0.012,113.962,23.962
4140,35,10,464.394,918.182,6900.223,2,81,39.517,38.488,NA,13.045,0.043,115.821,1.859
4141,35,11,462.5,918.182,7200.233,2,69,41.411,38.868,NA,1.894,0.006,180,64.179
4142,35,12,464.015,919.318,7500.243,2,102,43.305,39.673,NA,1.894,0.006,36.87,-143.13
4143,35,13,464.015,924.242,7800.252,2,56,48.229,44.525,NA,4.924,0.016,90,53.13
4144,35,14,464.015,928.409,8100.262,2,142,52.396,48.641,NA,4.167,0.014,90,0
4145,35,15,464.015,929.924,8400.272,2,84,53.911,50.14,NA,1.515,0.005,90,0
4146,35,16,464.015,931.818,8700.281,2,70,55.805,52.015,NA,1.894,0.006,90,0
4147,35,17,460.606,935.227,9000.291,2,105,60.626,55.939,NA,4.821,0.016,135,45
4148,35,18,460.606,935.227,9300.301,2,97,60.626,55.939,NA,0,0,0,-135
4149,35,19,452.273,934.47,9600.311,2,77,68.994,57.382,NA,8.368,0.028,-174.806,-174.806
4150,35,20,447.348,934.47,9900.32,2,123,73.918,59.19,NA,4.924,0.016,180,-5.194
4151,35,21,447.348,934.47,10200.33,2,43,73.918,59.19,NA,0,0,0,-180
4152,35,22,441.288,934.47,10500.34,2,85,79.979,61.883,NA,6.061,0.02,180,180
4153,35,23,438.636,934.47,10800.349,2,153,82.63,63.208,NA,2.652,0.009,180,0
4154,35,24,437.5,939.394,11100.359,2,86,87.684,68.031,NA,5.054,0.017,102.995,-77.005
4155,35,25,437.5,939.394,11400.369,2,111,87.684,68.031,NA,0,0,0,-102.995
4156,35,26,432.955,935.606,11700.378,2,76,93.601,67.246,NA,5.917,0.02,-140.194,-140.194
4157,35,27,429.924,935.606,12000.388,2,109,96.631,69.015,NA,3.03,0.01,180,-39.806
4158,35,28,420.076,932.197,12300.398,2,46,107.053,72.855,NA,10.422,0.035,-160.907,19.093
4159,35,29,419.697,932.197,12600.408,2,71,107.432,73.122,NA,0.379,0.001,180,-19.093
4160,35,30,419.697,932.197,12900.417,2,94,107.432,73.122,NA,0,0,0,-180
4161,35,31,419.697,932.197,13200.427,2,67,107.432,73.122,NA,0,0,0,0
4162,35,32,419.697,935.985,13500.437,2,138,111.22,75.857,NA,3.788,0.013,90,90
4163,35,33,419.697,935.985,13800.446,2,125,111.22,75.857,NA,0,0,0,-90
4164,35,34,419.697,935.985,14100.456,2,75,111.22,75.857,NA,0,0,0,0
4165,35,35,414.773,935.985,14400.466,2,188,116.144,79.283,NA,4.924,0.016,180,180
4166,35,36,414.773,935.985,14700.476,2,99,116.144,79.283,NA,0,0,0,-180
4167,35,37,413.258,930.303,15000.485,2,61,122.024,76.542,NA,5.88,0.02,-104.931,-104.931
4168,35,38,413.258,930.303,15300.495,2,121,122.024,76.542,NA,0,0,0,104.931
4169,35,39,413.258,930.303,15600.505,2,92,122.024,76.542,NA,0,0,0,0
4170,35,40,413.258,930.303,15900.514,2,90,122.024,76.542,NA,0,0,0,0
4171,35,41,411.364,933.712,16200.524,2,77,125.924,80.215,NA,3.9,0.013,119.055,119.055
4172,35,42,409.848,932.955,16500.534,2,71,127.618,80.856,NA,1.694,0.006,-153.435,87.51
4173,35,43,410.227,939.015,16800.543,2,57,133.691,84.654,NA,6.072,0.02,86.424,-120.141
4174,35,44,410.227,939.015,17100.553,2,82,133.691,84.654,NA,0,0,0,-86.424
4175,35,45,415.53,940.909,17400.563,2,96,139.322,82.302,NA,5.631,0.019,19.654,19.654
4176,35,46,415.53,940.909,17700.573,2,162,139.322,82.302,NA,0,0,0,-19.654
4177,35,47,415.53,940.909,18000.582,2,107,139.322,82.302,NA,0,0,0,0
4178,35,48,420.455,934.47,18300.592,2,87,147.428,74.232,NA,8.106,0.027,-52.595,-52.595
4179,35,49,420.455,934.47,18600.602,2,170,147.428,74.232,NA,0,0,0,52.595
4180,35,50,420.455,943.561,18900.611,2,109,156.519,81.104,NA,9.091,0.03,90,90
4181,35,51,420.455,945.833,19200.621,2,213,158.792,82.889,NA,2.273,0.008,90,0
4182,35,52,416.667,946.97,19500.631,2,108,162.746,86.137,NA,3.955,0.013,163.301,73.301
4183,35,53,416.667,951.894,19800.641,2,123,167.671,90.003,NA,4.924,0.016,90,-73.301
4184,35,54,416.667,951.894,20100.65,2,151,167.671,90.003,NA,0,0,0,-90
4185,35,55,416.667,954.924,20400.66,2,80,170.701,92.431,NA,3.03,0.01,90,90
4186,35,56,416.667,954.924,20700.67,2,54,170.701,92.431,NA,0,0,0,-90
4187,35,57,416.667,954.924,21000.679,2,113,170.701,92.431,NA,0,0,0,0
4188,35,58,410.227,950.379,21300.689,2,122,178.583,92.897,NA,7.882,0.026,-144.782,-144.782
4189,35,59,407.197,947.348,21600.699,2,72,182.869,92.699,NA,4.285,0.014,-135,9.782
4190,35,60,407.197,947.348,21900.708,2,106,182.869,92.699,NA,0,0,0,135
4191,35,61,407.197,947.348,22200.718,2,68,182.869,92.699,NA,0,0,0,0
4192,35,62,407.197,947.348,22500.728,2,123,182.869,92.699,NA,0,0,0,0
4193,35,63,402.652,941.288,22800.738,2,82,190.444,91.759,NA,7.576,0.025,-126.87,-126.87
4194,35,64,402.652,941.288,23100.747,2,63,190.444,91.759,NA,0,0,0,126.87
4195,35,65,402.652,941.288,23400.757,2,51,190.444,91.759,NA,0,0,0,0
4196,35,66,402.652,941.288,23700.767,2,136,190.444,91.759,NA,0,0,0,0
4197,35,67,409.848,941.288,24000.776,2,126,197.641,86.514,NA,7.197,0.024,0,0
4198,35,68,412.121,945.833,24300.786,2,181,202.723,88.238,NA,5.082,0.017,63.435,63.435
4199,35,69,414.015,951.136,24600.796,2,72,208.354,91.043,NA,5.631,0.019,70.346,6.911
4200,35,70,413.258,958.712,24900.805,2,83,215.968,97.502,NA,7.614,0.025,95.711,25.364
4201,35,71,410.985,959.848,25200.815,2,77,218.509,99.774,NA,2.541,0.008,153.435,57.724
4202,35,72,409.091,963.636,25500.825,2,153,222.744,103.94,NA,4.235,0.014,116.565,-36.87
4203,35,73,402.652,963.258,25800.835,2,63,229.194,107.62,NA,6.451,0.022,-176.634,66.801
4204,35,74,402.652,954.924,26100.844,2,121,237.528,101.335,NA,8.333,0.028,-90,86.634
4205,35,75,397.727,957.197,26400.854,2,116,242.951,106.361,NA,5.423,0.018,155.225,-114.775
4206,35,76,397.727,957.197,26700.864,2,141,242.951,106.361,NA,0,0,0,-155.225
4207,35,77,397.727,959.091,27000.873,2,104,244.845,107.738,NA,1.894,0.006,90,90
4208,35,78,393.561,953.788,27300.883,2,65,251.589,106.91,NA,6.744,0.022,-128.157,141.843
4209,35,79,393.561,953.788,27600.893,2,127,251.589,106.91,NA,0,0,0,128.157
4210,35,80,398.485,950.379,27900.903,2,89,257.578,100.994,NA,5.989,0.02,-34.695,-34.695
4211,35,81,401.894,942.045,28200.912,2,129,266.582,92.829,NA,9.004,0.03,-67.751,-33.056
4212,35,82,401.894,942.045,28500.922,2,89,266.582,92.829,NA,0,0,0,67.751
4213,35,83,401.894,942.045,28800.932,2,165,266.582,92.829,NA,0,0,0,0
4214,35,84,395.076,942.045,29100.941,2,108,273.4,98.025,NA,6.818,0.023,180,180
4215,35,85,395.455,941.667,29400.951,2,109,273.936,97.492,NA,0.536,0.002,-45,135
4216,35,86,395.455,941.667,29700.961,2,126,273.936,97.492,NA,0,0,0,45
4217,35,87,399.242,947.348,30000.97,2,122,280.765,98.36,NA,6.829,0.023,56.31,56.31
4218,35,88,399.242,951.515,30300.98,2,80,284.931,101.246,NA,4.167,0.014,90,33.69
4219,35,89,400.379,954.924,30600.99,2,98,288.525,102.887,NA,3.593,0.012,71.565,-18.435
4220,35,90,400.379,954.924,30901,2,118,288.525,102.887,NA,0,0,0,-71.565
4221,35,91,402.652,958.333,31201.009,2,85,292.622,103.871,NA,4.097,0.014,56.31,56.31
4222,35,92,407.955,958.333,31501.019,2,58,297.925,100.45,NA,5.303,0.018,0,-56.31
4223,35,93,411.364,959.47,31801.029,2,107,301.518,99.243,NA,3.593,0.012,18.435,18.435
4224,35,94,406.818,953.03,32101.038,2,141,309.401,97.138,NA,7.882,0.026,-125.218,-143.653
4225,35,95,404.167,947.348,32401.048,2,169,315.671,94.817,NA,6.27,0.021,-115.017,10.201
4226,35,96,405.303,946.591,32701.058,2,106,317.036,93.478,NA,1.366,0.005,-33.69,81.327
4227,35,97,405.303,946.591,33001.068,2,131,317.036,93.478,NA,0,0,0,33.69
4228,35,98,402.273,954.167,33301.077,2,255,325.196,101.037,NA,8.159,0.027,111.801,111.801
4229,35,99,392.803,955.682,33601.087,2,99,334.786,108.766,NA,9.59,0.032,170.91,59.108
4230,35,100,392.803,962.121,33901.097,2,114,341.225,113.323,NA,6.439,0.021,90,-80.91
4231,35,101,392.803,962.121,34201.106,2,123,341.225,113.323,NA,0,0,0,-90
4232,35,102,385.985,960.606,34501.116,2,116,348.21,117.099,NA,6.985,0.023,-167.471,-167.471
4233,35,103,375.758,960.227,34801.126,2,118,358.444,124.497,NA,10.234,0.034,-177.879,-10.408
4234,35,104,365.909,957.197,35101.135,2,77,368.748,130.389,NA,10.304,0.034,-162.897,14.982
4235,35,105,361.364,956.061,35401.145,2,141,373.433,133.439,NA,4.685,0.016,-165.964,-3.066
4236,35,106,352.273,956.061,35701.155,2,79,382.524,141.017,NA,9.091,0.03,180,-14.036
4237,35,107,343.182,956.061,36001.165,2,130,391.615,148.765,NA,9.091,0.03,180,0
4238,35,108,331.439,957.197,36301.174,2,77,403.413,159.528,NA,11.797,0.039,174.472,-5.528
4239,35,109,315.909,948.864,36601.184,2,40,421.037,169.763,NA,17.625,0.059,-151.783,33.745
4240,35,110,292.045,955.303,36901.194,2,48,445.755,194.231,NA,24.717,0.082,164.899,-43.318
4241,35,111,285.606,960.227,37201.203,2,55,453.861,202.083,NA,8.106,0.027,142.595,-22.304
4242,35,112,268.561,964.773,37501.213,2,66,471.502,219.551,NA,17.641,0.059,165.069,22.474
4243,35,113,260.606,967.045,37801.223,2,132,479.775,227.77,NA,8.273,0.028,164.055,-1.014
4244,35,114,260.606,967.045,38101.232,2,124,479.775,227.77,NA,0,0,0,-164.055
4245,35,115,255.303,961.742,38401.242,2,123,487.275,230.758,NA,7.5,0.025,-135,-135
4246,35,116,246.212,953.788,38701.252,2,123,499.354,236.696,NA,12.08,0.04,-138.814,-3.814
4247,35,117,238.636,953.788,39001.262,2,110,506.93,243.909,NA,7.576,0.025,180,-41.186
4248,35,118,235.985,958.333,39301.271,2,137,512.192,247.832,NA,5.262,0.018,120.256,-59.744
4249,35,119,240.53,958.333,39601.281,2,86,516.738,243.522,NA,4.545,0.015,0,-120.256
4250,35,120,240.53,958.333,39901.291,2,249,516.738,243.522,NA,0,0,0,0
4251,35,121,233.712,948.864,40201.3,2,125,528.407,247.198,NA,11.669,0.039,-125.754,-125.754
4252,36,1,488.636,953.03,6000.194,2,87,0,0,NA,NA,NA,NA,NA
4253,36,2,482.197,958.712,6300.204,2,44,8.588,8.588,NA,8.588,0.029,138.576,NA
4254,36,3,475,964.773,6600.214,2,70,17.997,17.995,NA,9.409,0.031,139.899,1.323
4255,36,4,474.242,971.591,6900.223,2,28,24.857,23.488,NA,6.86,0.023,96.34,-43.559
4256,36,5,465.152,980.303,7200.233,2,83,37.448,35.991,NA,12.591,0.042,136.219,39.879
4257,36,6,465.152,980.303,7500.243,2,53,37.448,35.991,NA,0,0,0,-136.219
4258,36,7,457.197,983.333,7800.252,2,94,45.96,43.666,NA,8.512,0.028,159.146,159.146
4259,36,8,456.818,989.394,8100.262,2,128,52.033,48.319,NA,6.072,0.02,93.576,-65.569
4260,36,9,454.167,994.318,8400.272,2,107,57.626,53.785,NA,5.593,0.019,118.301,24.724
4261,36,10,450.758,992.803,8700.281,2,140,61.356,54.924,NA,3.731,0.012,-156.038,85.662
4262,36,11,450.758,992.803,9000.291,2,152,61.356,54.924,NA,0,0,0,156.038
4263,36,12,450.758,992.803,9300.301,2,100,61.356,54.924,NA,0,0,0,0
4264,36,13,450.758,992.803,9600.311,2,31,61.356,54.924,NA,0,0,0,0
4265,36,14,443.939,992.803,9900.32,2,102,68.174,59.831,NA,6.818,0.023,180,180
4266,36,15,443.939,992.803,10200.33,2,91,68.174,59.831,NA,0,0,0,-180
4267,36,16,440.152,989.394,10500.34,2,94,73.27,60.606,NA,5.096,0.017,-138.013,-138.013
4268,36,17,440.152,989.394,10800.349,2,97,73.27,60.606,NA,0,0,0,138.013
4269,36,18,432.576,989.394,11100.359,2,115,80.846,66.821,NA,7.576,0.025,180,180
4270,36,19,429.545,986.742,11400.369,2,103,84.873,68.031,NA,4.027,0.013,-138.814,41.186
4271,36,20,429.545,986.742,11700.378,2,89,84.873,68.031,NA,0,0,0,138.814
4272,36,21,424.242,982.576,12000.388,2,141,91.617,70.849,NA,6.744,0.022,-141.843,-141.843
4273,36,22,417.424,982.576,12300.398,2,186,98.435,77.098,NA,6.818,0.023,180,-38.157
4274,36,23,413.258,982.955,12600.408,2,152,102.619,81.101,NA,4.184,0.014,174.806,-5.194
4275,36,24,413.258,976.515,12900.417,2,201,109.058,78.953,NA,6.439,0.021,-90,95.194
4276,36,25,417.424,977.652,13200.427,2,181,113.377,75.348,NA,4.319,0.014,15.255,105.255
4277,36,26,417.424,977.652,13500.437,2,151,113.377,75.348,NA,0,0,0,-15.255
4278,36,27,417.424,977.652,13800.446,2,155,113.377,75.348,NA,0,0,0,0
4279,36,28,419.697,973.864,14100.456,2,136,117.795,72.019,NA,4.417,0.015,-59.036,-59.036
4280,36,29,425.758,972.727,14400.466,2,115,123.961,65.892,NA,6.166,0.021,-10.62,48.417
4281,36,30,425.758,964.394,14700.476,2,120,132.294,63.897,NA,8.333,0.028,-90,-79.38
4282,36,31,425.758,964.394,15000.485,2,194,132.294,63.897,NA,0,0,0,90
4283,36,32,420.076,962.5,15300.495,2,150,138.283,69.212,NA,5.989,0.02,-161.565,-161.565
4284,36,33,420.076,952.652,15600.505,2,104,148.132,68.562,NA,9.848,0.033,-90,71.565
4285,36,34,425,949.242,15900.514,2,106,154.121,63.749,NA,5.989,0.02,-34.695,55.305
4286,36,35,431.439,949.242,16200.524,2,108,160.56,57.322,NA,6.439,0.021,0,34.695
4287,36,36,431.439,955.682,16500.534,2,107,167,57.258,NA,6.439,0.021,90,90
4288,36,37,437.121,955.682,16800.543,2,97,172.682,51.583,NA,5.682,0.019,0,-90
4289,36,38,443.939,951.894,17100.553,2,123,180.481,44.711,NA,7.8,0.026,-29.055,-29.055
4290,36,39,461.364,946.212,17400.563,2,90,198.809,28.112,NA,18.327,0.061,-18.06,10.994
4291,36,40,477.652,944.318,17700.573,2,226,215.206,14.02,NA,16.398,0.055,-6.633,11.428
4292,36,41,488.258,941.667,18000.582,2,135,226.139,11.37,NA,10.932,0.036,-14.036,-7.404
4293,36,42,487.879,941.667,18300.592,2,165,226.517,11.389,NA,0.379,0.001,180,-165.964
4294,36,43,487.879,932.576,18600.602,2,129,235.608,20.469,NA,9.091,0.03,-90,90
4295,36,44,473.864,932.576,18900.611,2,131,249.623,25.231,NA,14.015,0.047,180,-90
4296,36,45,477.273,926.515,19200.621,2,132,256.577,28.848,NA,6.954,0.023,-60.642,119.358
4297,36,46,484.091,926.515,19500.631,2,153,263.395,26.902,NA,6.818,0.023,0,60.642
4298,36,47,503.03,926.515,19800.641,2,114,282.335,30.17,NA,18.939,0.063,0,0
4299,36,48,507.576,926.515,20100.65,2,162,286.88,32.585,NA,4.545,0.015,0,0
4300,36,49,506.818,931.439,20400.66,2,111,291.862,28.227,NA,4.982,0.017,98.746,98.746
4301,36,50,509.848,937.5,20700.67,2,101,298.638,26.29,NA,6.776,0.023,63.435,-35.311
4302,36,51,520.833,931.818,21000.679,2,141,311.006,38.556,NA,12.367,0.041,-27.35,-90.785
4303,36,52,520.833,931.818,21300.689,2,89,311.006,38.556,NA,0,0,0,27.35
4304,36,53,525.758,941.667,21600.699,2,59,322.016,38.822,NA,11.011,0.037,63.435,63.435
4305,36,54,537.121,941.667,21900.708,2,139,333.38,49.799,NA,11.364,0.038,0,-63.435
4306,36,55,531.818,951.515,22200.718,2,100,344.566,43.208,NA,11.185,0.037,118.301,118.301
4307,36,56,531.818,962.121,22500.728,2,66,355.172,44.128,NA,10.606,0.035,90,-28.301
4308,36,57,523.485,971.212,22800.738,2,112,367.504,39.306,NA,12.332,0.041,132.51,42.51
4309,36,58,515.152,967.045,23100.747,2,126,376.821,29.991,NA,9.317,0.031,-153.435,74.055
4310,36,59,515.152,967.045,23400.757,2,120,376.821,29.991,NA,0,0,0,153.435
4311,36,60,515.152,967.045,23700.767,2,91,376.821,29.991,NA,0,0,0,0
4312,36,61,518.939,967.045,24000.776,2,99,380.609,33.387,NA,3.788,0.013,0,0
4313,36,62,519.697,960.606,24300.786,2,55,387.093,31.971,NA,6.484,0.022,-83.29,-83.29
4314,36,63,521.212,960.227,24600.796,2,78,388.655,33.361,NA,1.562,0.005,-14.036,69.254
4315,36,64,521.212,960.227,24900.805,2,44,388.655,33.361,NA,0,0,0,14.036
4316,36,65,517.803,951.894,25200.815,2,98,397.658,29.189,NA,9.004,0.03,-112.249,-112.249
4317,36,66,517.803,951.894,25500.825,2,102,397.658,29.189,NA,0,0,0,112.249
4318,36,67,513.636,951.894,25800.835,2,78,401.825,25.026,NA,4.167,0.014,180,180
4319,36,68,523.106,951.515,26100.844,2,90,411.302,34.503,NA,9.477,0.032,-2.291,177.709
4320,36,69,531.061,953.788,26400.854,2,98,419.575,42.431,NA,8.273,0.028,15.945,18.236
4321,36,70,530.303,955.682,26700.864,2,100,421.615,41.751,NA,2.04,0.007,111.801,95.856
4322,36,71,529.167,957.955,27000.873,2,75,424.156,40.828,NA,2.541,0.008,116.565,4.764
4323,36,72,529.167,965.53,27300.883,2,81,431.732,42.414,NA,7.576,0.025,90,-26.565
4324,36,73,529.167,965.53,27600.893,2,73,431.732,42.414,NA,0,0,0,-90
4325,36,74,544.318,976.136,27900.903,2,72,450.226,60.286,NA,18.495,0.062,34.992,34.992
4326,36,75,551.894,976.136,28200.912,2,90,457.802,67.345,NA,7.576,0.025,0,-34.992
4327,36,76,551.894,976.136,28500.922,2,70,457.802,67.345,NA,0,0,0,0
4328,36,77,558.333,973.106,28800.932,2,57,464.919,72.531,NA,7.117,0.024,-25.201,-25.201
4329,36,78,562.5,973.106,29100.941,2,64,469.086,76.543,NA,4.167,0.014,0,25.201
4330,36,79,559.47,969.697,29400.951,2,60,473.647,72.768,NA,4.561,0.015,-131.634,-131.634
4331,36,80,562.121,967.803,29700.961,2,65,476.905,74.955,NA,3.258,0.011,-35.538,96.096
4332,36,81,564.773,967.803,30000.97,2,66,479.557,77.556,NA,2.652,0.009,0,35.538
4333,36,82,572.727,970.076,30300.98,2,25,487.83,85.801,NA,8.273,0.028,15.945,15.945
4334,36,83,579.545,983.712,30600.99,2,59,503.076,95.947,NA,15.246,0.051,63.435,47.49
4335,36,84,584.848,987.879,30901,2,65,509.82,102.329,NA,6.744,0.022,38.157,-25.278
4336,36,85,584.848,987.879,31201.009,2,57,509.82,102.329,NA,0,0,0,-38.157
4337,36,86,584.848,995.833,31501.019,2,74,517.774,105.304,NA,7.955,0.027,90,90
4338,36,87,588.636,997.727,31801.029,2,74,522.009,109.535,NA,4.235,0.014,26.565,-63.435
4339,36,88,588.636,997.727,32101.038,2,89,522.009,109.535,NA,0,0,0,-26.565
4340,36,89,599.621,998.485,32401.048,2,70,533.02,119.932,NA,11.011,0.037,3.945,3.945
4341,36,90,607.197,1007.197,32701.058,2,26,544.565,130.348,NA,11.545,0.038,48.991,45.046
4342,36,91,614.773,1006.818,33001.068,2,47,552.151,137.126,NA,7.585,0.025,-2.862,-51.853
4343,36,92,627.652,1002.273,33301.077,2,38,565.808,147.479,NA,13.657,0.046,-19.44,-16.578
4344,36,93,631.061,1012.121,33601.087,2,40,576.23,154.196,NA,10.422,0.035,70.907,90.347
4345,36,94,630.682,1013.258,33901.097,2,38,577.428,154.286,NA,1.198,0.004,108.435,37.528
4346,36,95,635.227,1013.258,34201.106,2,33,581.973,158.481,NA,4.545,0.015,0,-108.435
4347,36,96,633.333,1014.773,34501.116,2,20,584.399,157.319,NA,2.425,0.008,141.34,141.34
4348,36,97,637.879,1020.455,34801.126,2,20,591.675,163.766,NA,7.276,0.024,51.34,-90
4349,36,98,637.879,1010.606,35101.135,2,38,601.523,159.963,NA,9.848,0.033,-90,-141.34
4350,36,99,639.015,1010.985,35401.145,2,44,602.721,161.16,NA,1.198,0.004,18.435,108.435
4351,37,1,820.833,1050.758,34801.126,2,39,0,0,NA,NA,NA,NA,NA
4352,37,2,820.833,1051.515,35101.135,2,56,0.758,0.758,NA,0.758,0.003,90,NA
4353,37,3,826.136,1058.333,35401.145,2,48,9.395,9.247,NA,8.638,0.029,52.125,-37.875
4354,37,4,832.955,1058.333,35701.155,2,19,16.213,14.294,NA,6.818,0.023,0,-52.125
4355,37,5,836.364,1070.833,36001.165,2,61,29.17,25.382,NA,12.957,0.043,74.745,74.745
4356,37,6,830.682,1085.227,36301.174,2,82,44.645,35.849,NA,15.475,0.052,111.541,36.796
4357,37,7,831.439,1095.833,36601.184,2,124,55.278,46.307,NA,10.633,0.035,85.914,-25.627
4358,37,8,829.545,1099.621,36901.194,2,102,59.513,49.634,NA,4.235,0.014,116.565,30.651
4359,37,9,830.682,1111.364,37201.203,2,33,71.31,61.401,NA,11.797,0.039,84.472,-32.093
4360,37,10,833.333,1118.561,37501.213,2,133,78.98,68.946,NA,7.67,0.026,69.775,-14.697
4361,37,11,833.333,1124.242,37801.223,2,119,84.662,74.54,NA,5.682,0.019,90,20.225
4362,37,12,840.53,1131.818,38101.232,2,96,95.111,83.419,NA,10.449,0.035,46.469,-43.531
4363,37,13,857.197,1135.985,38401.242,2,159,112.291,92.661,NA,17.18,0.057,14.036,-32.433
4364,37,14,864.773,1139.015,38701.252,2,206,120.45,98.59,NA,8.159,0.027,21.801,7.765
4365,37,15,872.348,1138.636,39001.262,2,131,128.035,101.865,NA,7.585,0.025,-2.862,-24.664
4366,37,16,879.924,1140.909,39301.271,2,87,135.945,107.792,NA,7.909,0.026,16.699,19.562
4367,37,17,882.197,1152.273,39601.281,2,209,147.533,118.62,NA,11.589,0.039,78.69,61.991
4368,37,18,882.197,1153.788,39901.291,2,103,149.048,119.92,NA,1.515,0.005,90,11.31
4369,37,19,879.167,1164.394,40201.3,2,188,160.079,127.734,NA,11.03,0.037,105.945,15.945
4370,37,20,880.682,1182.955,40501.31,2,157,178.701,145.113,NA,18.622,0.062,85.333,-20.612
4371,37,21,887.5,1178.788,40801.32,2,198,186.692,144.348,NA,7.991,0.027,-31.43,-116.763
4372,37,22,892.424,1188.636,41101.33,2,126,197.703,155.357,NA,11.011,0.037,63.435,94.865
4373,37,23,889.394,1180.682,41401.339,2,226,206.215,146.904,NA,8.512,0.028,-110.854,-174.289
4374,37,24,890.53,1179.545,41701.349,2,255,207.822,146.438,NA,1.607,0.005,-45,65.854
4375,37,25,893.939,1179.545,42001.359,2,254,211.231,148.091,NA,3.409,0.011,0,45
4376,37,26,896.97,1179.545,42301.368,2,255,214.261,149.61,NA,3.03,0.01,0,0
4377,37,27,896.97,1182.955,42601.378,2,215,217.67,152.554,NA,3.409,0.011,90,90
4378,37,28,896.97,1190.152,42901.388,2,150,224.867,158.831,NA,7.197,0.024,90,0
4379,37,29,895.833,1194.318,43201.397,2,104,229.186,161.971,NA,4.319,0.014,105.255,15.255
4380,37,30,895.833,1204.545,43501.407,2,189,239.414,171.101,NA,10.227,0.034,90,-15.255
4381,37,31,891.288,1204.545,43801.417,2,171,243.959,169.158,NA,4.545,0.015,180,90
4382,37,32,920.455,1215.909,44101.427,2,133,275.261,192.871,NA,31.302,0.104,21.286,-158.714
4383,37,33,935.985,1212.879,44401.436,2,173,291.084,198.855,NA,15.823,0.053,-11.041,-32.327
4384,37,34,950.379,1209.848,44701.446,2,166,305.794,205.163,NA,14.709,0.049,-11.889,-0.848
4385,37,35,971.591,1227.652,45001.456,2,207,333.487,232.421,NA,27.693,0.092,40.006,51.895
4386,37,36,983.712,1237.121,45301.465,2,128,348.869,247.509,NA,15.382,0.051,37.999,-2.008
4387,37,37,998.485,1237.121,45601.475,2,112,363.641,257.471,NA,14.773,0.049,0,-37.999
4388,37,38,1011.364,1235.985,45901.485,2,231,376.57,265.727,NA,12.929,0.043,-5.042,-5.042
4389,37,39,1011.364,1235.985,46201.495,2,174,376.57,265.727,NA,0,0,0,5.042
4390,37,40,1011.364,1242.803,46501.504,2,145,383.388,270.524,NA,6.818,0.023,90,90
4391,37,41,1021.591,1243.561,46801.514,2,131,393.644,278.346,NA,10.255,0.034,4.236,-85.764
4392,37,42,1035.227,1253.409,47101.524,2,32,410.465,295.013,NA,16.821,0.056,35.838,31.601
4393,37,43,1032.197,1268.561,47401.533,2,220,425.916,303.501,NA,15.452,0.052,101.31,65.472
4394,37,44,1033.712,1271.212,47701.543,2,212,428.97,306.46,NA,3.054,0.01,60.255,-41.055
4395,37,45,1048.864,1285.606,48001.553,2,216,449.869,327.34,NA,20.899,0.07,43.531,-16.724
4396,37,46,1074.242,1297.348,48301.562,2,236,477.832,353.586,NA,27.964,0.093,24.829,-18.702
4397,37,47,1087.121,1301.515,48601.572,2,211,491.368,365.771,NA,13.536,0.045,17.928,-6.901
4398,37,48,1093.939,1301.515,48901.582,2,172,498.187,370.764,NA,6.818,0.023,0,-17.928
4399,37,49,1099.242,1315.53,49201.592,2,133,513.171,384.209,NA,14.985,0.05,69.274,69.274
4400,37,50,1112.5,1318.182,49501.601,2,95,526.692,395.708,NA,13.52,0.045,11.31,-57.965
4401,37,51,1118.939,1331.061,49801.611,2,98,541.091,409.191,NA,14.399,0.048,63.435,52.125
4402,37,52,1135.227,1331.061,50101.621,2,172,557.378,421.205,NA,16.288,0.054,0,-63.435
4403,37,53,1135.227,1331.061,50401.63,2,158,557.378,421.205,NA,0,0,0,0
4404,37,54,1135.227,1331.061,50701.64,2,151,557.378,421.205,NA,0,0,0,0
4405,37,55,1135.227,1331.061,51001.65,2,226,557.378,421.205,NA,0,0,0,0
4406,37,56,1129.924,1330.682,51301.659,2,199,562.695,417.007,NA,5.317,0.018,-175.914,-175.914
4407,37,57,1132.576,1330.682,51601.669,2,216,565.346,418.976,NA,2.652,0.009,0,175.914
4408,37,58,1132.576,1326.136,51901.679,2,236,569.892,415.953,NA,4.545,0.015,-90,-90
4409,37,59,1127.652,1326.136,52201.689,2,210,574.816,412.275,NA,4.924,0.016,180,-90
4410,37,60,1127.652,1326.136,52501.698,2,130,574.816,412.275,NA,0,0,0,-180
4411,37,61,1131.061,1334.848,52801.708,2,156,584.172,420.653,NA,9.355,0.031,68.629,68.629
4412,37,62,1133.333,1334.47,53101.718,2,244,586.476,422.077,NA,2.304,0.008,-9.462,-78.092
4413,37,63,1138.636,1328.409,53401.727,2,221,594.529,422.006,NA,8.053,0.027,-48.814,-39.352
4414,37,64,1150.758,1315.53,53701.737,2,34,612.215,423.03,NA,17.686,0.059,-46.736,2.078
4415,37,65,1147.348,1312.879,54001.747,2,45,616.533,418.712,NA,4.319,0.014,-142.125,-95.389
4416,37,66,1151.136,1310.227,54301.757,2,120,621.157,420.029,NA,4.624,0.015,-34.992,107.133
4417,37,67,1151.515,1320.076,54601.766,2,99,631.013,426.477,NA,9.856,0.033,87.797,122.789
4418,37,68,1151.515,1320.076,54901.776,2,213,631.013,426.477,NA,0,0,0,-87.797
4419,37,69,1151.136,1320.076,55201.786,2,255,631.392,426.183,NA,0.379,0.001,180,180
4420,37,70,1153.03,1314.015,55501.795,2,220,637.741,423.862,NA,6.35,0.021,-72.646,107.354
4421,37,71,1157.955,1314.015,55801.805,2,122,642.665,427.733,NA,4.924,0.016,0,72.646
4422,37,72,1169.697,1310.606,56101.815,2,176,654.893,435.002,NA,12.227,0.041,-16.189,-16.189
4423,37,73,1169.697,1310.606,56401.824,2,187,654.893,435.002,NA,0,0,0,16.189
4424,37,74,1160.227,1327.652,56701.834,2,198,674.392,438.017,NA,19.499,0.065,119.055,119.055
4425,37,75,1152.652,1332.576,57001.844,2,196,683.428,435.344,NA,9.036,0.03,146.976,27.922
4426,37,76,1155.303,1340.909,57301.854,2,156,692.173,442.784,NA,8.745,0.029,72.35,-74.626
4427,37,77,1152.652,1357.576,57601.863,2,211,709.049,451.93,NA,16.876,0.056,99.039,26.69
4428,37,78,1155.303,1365.53,57901.873,2,187,717.434,459.295,NA,8.385,0.028,71.565,-27.474
4429,37,79,1160.606,1367.803,58201.883,2,115,723.203,464.719,NA,5.77,0.019,23.199,-48.366
4430,37,80,1170.455,1363.258,58501.892,2,236,734.05,468.926,NA,10.847,0.036,-24.775,-47.974
4431,37,81,1170.455,1363.258,58801.902,2,157,734.05,468.926,NA,0,0,0,24.775
4432,37,82,1166.667,1352.652,59101.912,2,103,745.312,459.065,NA,11.262,0.038,-109.654,-109.654
4433,37,83,1157.197,1341.667,59401.922,2,174,759.815,444.712,NA,14.503,0.048,-130.764,-21.11
4434,37,84,1151.894,1342.424,59701.931,2,213,765.172,441.215,NA,5.357,0.018,171.87,-57.366
4435,37,85,1150,1346.212,60001.941,2,235,769.407,442.317,NA,4.235,0.014,116.565,-55.305
4436,37,86,1166.667,1361.742,60301.951,2,132,792.188,465.094,NA,22.781,0.076,42.979,-73.586
4437,37,87,1172.727,1370.455,60601.96,2,119,802.801,475.432,NA,10.613,0.035,55.176,12.197
4438,37,88,1177.273,1365.152,60901.97,2,138,809.785,475.282,NA,6.985,0.023,-49.399,-104.574
4439,37,89,1176.894,1381.818,61201.98,2,118,826.456,486.19,NA,16.671,0.056,91.302,140.701
4440,37,90,1171.97,1372.727,61501.989,2,159,836.795,476.404,NA,10.339,0.034,-118.443,150.255
4441,37,91,1175.758,1357.197,61801.999,2,114,852.781,468.91,NA,15.986,0.053,-76.293,42.15
4442,37,92,1170.455,1357.955,62102.009,2,131,858.138,465.408,NA,5.357,0.018,171.87,-111.837
4443,37,93,1166.288,1354.924,62402.019,2,136,863.29,460.278,NA,5.152,0.017,-143.973,44.157
4444,37,94,1176.894,1337.5,62702.028,2,143,883.688,457.166,NA,20.398,0.068,-58.671,85.301
4445,37,95,1176.894,1337.5,63002.038,2,178,883.688,457.166,NA,0,0,0,58.671
4446,37,96,1156.439,1331.439,63302.048,2,136,905.022,437.509,NA,21.334,0.071,-163.496,-163.496
4447,37,97,1156.439,1331.061,63602.057,2,115,905.4,437.266,NA,0.379,0.001,-90,73.496
4448,37,98,1142.424,1340.909,63902.067,2,221,922.53,433.138,NA,17.129,0.057,144.904,-125.096
4449,37,99,1141.667,1357.576,64202.077,2,161,939.214,443.927,NA,16.684,0.056,92.603,-52.302
4450,37,100,1141.667,1357.576,64502.086,2,170,939.214,443.927,NA,0,0,0,-92.603
4451,37,101,1140.909,1366.288,64802.096,2,110,947.959,449.453,NA,8.745,0.029,94.97,94.97
4452,37,102,1149.242,1365.909,65102.106,2,57,956.301,455.163,NA,8.342,0.028,-2.603,-97.572
4453,37,103,1144.318,1382.955,65402.116,2,75,974.043,463.678,NA,17.742,0.059,106.113,108.716
4454,37,104,1134.47,1387.121,65702.125,2,142,984.737,459.9,NA,10.694,0.036,157.068,50.954
4455,37,105,1142.424,1397.727,66002.135,2,144,997.994,473.084,NA,13.258,0.044,53.13,-103.938
4456,37,106,1142.424,1397.727,66302.145,2,55,997.994,473.084,NA,0,0,0,-53.13
4457,37,107,1140.53,1405.682,66602.154,2,70,1006.171,477.679,NA,8.177,0.027,103.392,103.392
4458,37,108,1128.788,1426.136,66902.164,2,64,1029.757,485.536,NA,23.585,0.079,119.859,16.467
4459,37,109,1119.697,1434.47,67202.174,2,118,1042.089,486.369,NA,12.332,0.041,137.49,17.631
4460,37,110,1104.545,1451.136,67502.184,2,111,1064.614,490.709,NA,22.524,0.075,132.274,-5.216
4461,37,111,1093.561,1471.97,67802.193,2,76,1088.165,501.797,NA,23.552,0.079,117.801,-14.472
4462,37,112,1082.955,1477.273,68102.203,2,89,1100.023,500.622,NA,11.858,0.04,153.435,35.633
4463,37,113,1081.818,1487.121,68402.213,2,84,1109.937,508.455,NA,9.914,0.033,96.582,-56.853
4464,37,114,1073.106,1486.742,68702.222,2,146,1118.658,503.711,NA,8.72,0.029,-177.51,85.908
4465,37,115,1066.667,1487.879,69002.232,2,126,1125.196,501.507,NA,6.539,0.022,169.992,-12.498
4466,37,116,1066.667,1487.879,69302.242,2,162,1125.196,501.507,NA,0,0,0,-169.992
4467,37,117,1058.712,1489.773,69602.251,2,72,1133.373,499.32,NA,8.177,0.027,166.608,166.608
4468,37,118,1067.424,1493.561,69902.261,2,155,1142.873,506.835,NA,9.5,0.032,23.499,-143.109
4469,37,119,1067.424,1506.818,70202.271,2,107,1156.131,518.458,NA,13.258,0.044,90,66.501
4470,37,120,1048.864,1540.152,70502.281,2,45,1194.283,539.911,NA,38.152,0.127,119.11,29.11
4471,37,121,1036.364,1544.318,70802.29,2,88,1207.459,538.568,NA,13.176,0.044,161.565,42.455
4472,37,122,1010.985,1543.182,71102.3,2,112,1232.864,527.863,NA,25.404,0.085,-177.436,20.999
4473,37,123,1004.924,1543.939,71402.31,2,66,1238.971,526.42,NA,6.108,0.02,172.875,-9.689
4474,37,124,1006.818,1549.242,71702.319,2,104,1244.603,532.05,NA,5.631,0.019,70.346,-102.529
4475,38,1,1065.909,931.566,43501.407,2,55,0,0,NA,NA,NA,NA,NA
4476,38,2,1076.515,941.162,43801.417,2,73,14.303,14.303,NA,14.303,0.048,42.138,NA
4477,38,3,1082.071,952.778,44101.427,2,114,27.179,26.667,NA,12.876,0.043,64.44,22.302
4478,38,4,1091.162,952.778,44401.436,2,140,36.27,32.979,NA,9.091,0.03,0,-64.44
4479,38,5,1105.303,968.939,44701.446,2,77,57.745,54.302,NA,21.475,0.072,48.814,48.814
4480,38,6,1105.303,968.939,45001.456,2,109,57.745,54.302,NA,0,0,0,-48.814
4481,38,7,1111.869,968.434,45301.465,2,107,64.33,58.92,NA,6.585,0.022,-4.399,-4.399
4482,38,8,1111.869,974.495,45601.475,2,130,70.391,62.89,NA,6.061,0.02,90,94.399
4483,38,9,1118.434,981.061,45901.485,2,167,79.676,72.171,NA,9.285,0.031,45,-45
4484,38,10,1118.434,981.061,46201.495,2,93,79.676,72.171,NA,0,0,0,-45
4485,38,11,1125,988.131,46501.504,2,85,89.325,81.801,NA,9.649,0.032,47.121,47.121
4486,38,12,1128.535,978.535,46801.514,2,89,99.551,78.283,NA,10.226,0.034,-69.775,-116.896
4487,38,13,1150.758,975,47101.524,2,117,122.053,95.32,NA,22.502,0.075,-9.039,60.736
4488,38,14,1164.394,983.081,47401.533,2,76,137.904,111.144,NA,15.851,0.053,30.651,39.69
4489,38,15,1173.99,983.081,47701.543,2,54,147.5,119.73,NA,9.596,0.032,0,-30.651
4490,38,16,1184.596,1000.758,48001.553,2,127,168.114,137.383,NA,20.614,0.069,59.036,59.036
4491,38,17,1192.172,1015.909,48301.562,2,57,185.054,151.842,NA,16.94,0.056,63.435,4.399
4492,38,18,1195.707,1033.586,48601.572,2,121,203.081,165.093,NA,18.027,0.06,78.69,15.255
4493,38,19,1200,1042.803,48901.582,2,163,213.249,174.224,NA,10.168,0.034,65.026,-13.664
4494,38,20,1210.606,1044.318,49201.592,2,177,223.963,183.44,NA,10.714,0.036,8.13,-56.896
4495,38,21,1222.348,1044.318,49501.601,2,170,235.705,192.838,NA,11.742,0.039,0,-8.13
4496,38,22,1222.348,1044.318,49801.611,2,93,235.705,192.838,NA,0,0,0,0
4497,38,23,1235.985,1043.939,50101.621,2,154,249.347,203.847,NA,13.642,0.045,-1.591,-1.591
4498,38,24,1245.076,1031.818,50401.63,2,140,264.498,205.308,NA,15.152,0.051,-53.13,-51.539
4499,38,25,1255.303,1028.409,50701.64,2,61,275.279,212.717,NA,10.78,0.036,-18.435,34.695
4500,38,26,1273.864,1023.485,51001.65,2,149,294.482,227.364,NA,19.203,0.064,-14.859,3.576
4501,38,27,1288.636,1023.106,51301.659,2,135,309.259,240.805,NA,14.778,0.049,-1.469,13.39
4502,38,28,1299.242,1022.348,51601.669,2,141,319.892,250.372,NA,10.633,0.035,-4.086,-2.617
4503,38,29,1295.076,1018.182,51901.679,2,91,325.785,244.989,NA,5.893,0.02,-135,-130.914
4504,38,30,1304.924,1018.561,52201.689,2,68,335.641,254.355,NA,9.856,0.033,2.203,137.203
4505,38,31,1319.697,1030.303,52501.698,2,94,354.512,272.318,NA,18.871,0.063,38.48,36.278
4506,38,32,1336.742,1026.515,52801.708,2,95,371.973,286.995,NA,17.461,0.058,-12.529,-51.009
4507,38,33,1347.727,1026.515,53101.718,2,177,382.958,297.383,NA,10.985,0.037,0,12.529
4508,38,34,1347.727,1026.515,53401.727,2,170,382.958,297.383,NA,0,0,0,0
4509,38,35,1359.848,1028.03,53701.737,2,110,395.173,309.364,NA,12.216,0.041,7.125,7.125
4510,38,36,1359.848,1028.03,54001.747,2,86,395.173,309.364,NA,0,0,0,-7.125
4511,38,37,1359.848,1018.939,54301.757,2,126,404.264,306.651,NA,9.091,0.03,-90,-90
4512,38,38,1351.515,1021.212,54601.766,2,54,412.902,299.345,NA,8.638,0.029,164.745,-105.255
4513,38,39,1351.515,1015.152,54901.776,2,113,418.963,297.586,NA,6.061,0.02,-90,105.255
4514,38,40,1343.561,1014.773,55201.786,2,98,426.926,289.851,NA,7.964,0.027,-177.274,-87.274
4515,38,41,1346.97,1018.939,55501.795,2,60,432.31,294.328,NA,5.384,0.018,50.711,-132.016
4516,38,42,1343.182,1018.939,55801.805,2,106,436.098,290.713,NA,3.788,0.013,180,129.289
4517,38,43,1338.258,1018.939,56101.815,2,125,441.022,286.021,NA,4.924,0.016,180,0
4518,38,44,1337.121,1015.152,56401.824,2,101,444.976,283.8,NA,3.955,0.013,-106.699,73.301
4519,38,45,1335.606,1020.455,56701.834,2,157,450.492,283.968,NA,5.515,0.018,105.945,-147.355
4520,38,46,1332.955,1020.455,57001.844,2,134,453.143,281.451,NA,2.652,0.009,180,74.055
4521,38,47,1332.955,1020.455,57301.854,2,200,453.143,281.451,NA,0,0,0,-180
4522,38,48,1330.303,1018.561,57601.863,2,153,456.402,278.338,NA,3.258,0.011,-144.462,-144.462
4523,38,49,1331.061,1012.121,57901.873,2,123,462.885,277.118,NA,6.484,0.022,-83.29,61.172
4524,38,50,1338.258,1013.636,58201.883,2,74,470.24,284.446,NA,7.355,0.025,11.889,95.179
4525,38,51,1338.258,1029.545,58501.892,2,155,486.149,289.437,NA,15.909,0.053,90,78.111
4526,38,52,1339.773,1035.606,58801.902,2,128,492.396,292.96,NA,6.247,0.021,75.964,-14.036
4527,38,53,1339.773,1035.606,59101.912,2,7,492.396,292.96,NA,0,0,0,-75.964
4528,38,54,1368.561,1035.227,59401.922,2,183,521.187,319.912,NA,28.79,0.096,-0.754,-0.754
4529,38,55,1379.167,1035.227,59701.931,2,161,531.793,329.964,NA,10.606,0.035,0,0.754
4530,38,56,1403.409,1035.985,60001.941,2,101,556.047,353.284,NA,24.254,0.081,1.79,1.79
4531,38,57,1410.606,1033.712,60301.951,2,71,563.594,359.513,NA,7.547,0.025,-17.526,-19.315
4532,38,58,1406.061,1016.288,60601.96,2,140,581.602,350.544,NA,18.007,0.06,-104.621,-87.095
4533,38,59,1400,1001.136,60901.97,2,127,597.92,341.258,NA,16.319,0.054,-111.801,-7.181
4534,38,60,1398.864,981.439,61201.98,2,137,617.65,336.669,NA,19.73,0.066,-93.302,18.5
4535,38,61,1401.515,965.152,61501.989,2,161,634.152,337.282,NA,16.502,0.055,-80.754,12.548
4536,38,62,1413.258,958.333,61801.999,2,157,647.731,348.378,NA,13.578,0.045,-30.141,50.613
4537,38,63,1428.788,958.333,62102.009,2,111,663.261,363.865,NA,15.53,0.052,0,30.141
4538,38,64,1432.576,945.455,62402.019,2,183,676.685,366.93,NA,13.424,0.045,-73.61,-73.61
4539,38,65,1439.394,942.803,62702.028,2,82,684.001,373.654,NA,7.316,0.024,-21.251,52.36
4540,38,66,1439.394,942.803,63002.038,2,123,684.001,373.654,NA,0,0,0,21.251
4541,38,67,1441.288,927.273,63302.048,2,97,699.646,375.403,NA,15.645,0.052,-83.047,-83.047
4542,38,68,1457.576,923.485,63602.057,2,139,716.369,391.75,NA,16.723,0.056,-13.092,69.955
4543,38,69,1470.076,918.561,63902.067,2,118,729.804,404.376,NA,13.435,0.045,-21.501,-8.41
4544,38,70,1470.076,918.939,64202.077,2,75,730.183,404.364,NA,0.379,0.001,90,111.501
4545,38,71,1484.848,902.273,64502.086,2,86,752.454,419.962,NA,22.271,0.074,-48.447,-138.447
4546,38,72,1498.485,935.227,64802.096,2,79,788.118,432.591,NA,35.664,0.119,67.521,115.968
4547,38,73,1506.818,944.318,65102.106,2,128,800.451,441.093,NA,12.332,0.041,47.49,-20.031
4548,38,74,1520.076,946.97,65402.116,2,117,813.971,454.428,NA,13.52,0.045,11.31,-36.18
4549,38,75,1535.985,952.273,65702.125,2,127,830.741,470.532,NA,16.77,0.056,18.435,7.125
4550,38,76,1543.939,951.515,66002.135,2,95,838.731,478.446,NA,7.991,0.027,-5.44,-23.875
4551,38,77,1548.106,944.318,66302.145,2,87,847.047,482.366,NA,8.316,0.028,-59.931,-54.491
4552,39,1,1090.657,703.283,39001.262,2,20,0,0,NA,NA,NA,NA,NA
4553,39,2,1098.232,699.242,39301.271,2,32,8.586,8.586,NA,8.586,0.029,-28.072,NA
4554,39,3,1102.778,702.273,39601.281,2,12,14.049,12.163,NA,5.463,0.018,33.69,61.763
4555,39,4,1123.485,702.273,39901.291,2,99,34.756,32.844,NA,20.707,0.069,0,-33.69
4556,39,5,1122.475,702.273,40201.3,2,47,35.766,31.834,NA,1.01,0.003,180,180
4557,39,6,1134.596,701.263,40501.31,2,114,47.929,43.986,NA,12.163,0.041,-4.764,175.236
4558,39,7,1137.121,700.758,40801.32,2,164,50.504,46.533,NA,2.575,0.009,-11.31,-6.546
4559,39,8,1146.212,700.758,41101.33,2,98,59.595,55.613,NA,9.091,0.03,0,11.31
4560,39,9,1146.212,700.758,41401.339,2,93,59.595,55.613,NA,0,0,0,0
4561,39,10,1146.212,700.758,41701.349,2,104,59.595,55.613,NA,0,0,0,0
4562,39,11,1146.212,700.758,42001.359,2,78,59.595,55.613,NA,0,0,0,0
4563,39,12,1159.343,697.222,42301.368,2,80,73.194,68.954,NA,13.599,0.045,-15.068,-15.068
4564,39,13,1163.384,702.778,42601.378,2,37,80.064,72.729,NA,6.869,0.023,53.973,69.041
4565,39,14,1168.939,706.313,42901.388,2,54,86.649,78.341,NA,6.585,0.022,32.471,-21.501
4566,39,15,1174.495,716.414,43201.397,2,105,98.177,84.861,NA,11.528,0.038,61.189,28.718
4567,39,16,1180.051,717.424,43501.407,2,71,103.823,90.506,NA,5.647,0.019,10.305,-50.884
4568,39,17,1197.727,720.455,43801.417,2,168,121.758,108.439,NA,17.935,0.06,9.728,-0.577
4569,39,18,1197.727,720.455,44101.427,2,163,121.758,108.439,NA,0,0,0,-9.728
4570,39,19,1197.727,720.455,44401.436,2,93,121.758,108.439,NA,0,0,0,0
4571,39,20,1197.727,720.455,44701.446,2,139,121.758,108.439,NA,0,0,0,0
4572,39,21,1197.727,720.455,45001.456,2,207,121.758,108.439,NA,0,0,0,0
4573,39,22,1197.727,720.455,45301.465,2,128,121.758,108.439,NA,0,0,0,0
4574,39,23,1195.707,718.434,45601.475,2,206,124.615,106.138,NA,2.857,0.01,-135,-135
4575,39,24,1195.707,714.899,45901.485,2,60,128.15,105.691,NA,3.535,0.012,-90,45
4576,39,25,1199.747,713.889,46201.495,2,69,132.315,109.605,NA,4.165,0.014,-14.036,75.964
4577,39,26,1200.253,713.889,46501.504,2,92,132.82,110.108,NA,0.505,0.002,0,14.036
4578,39,27,1205.303,713.889,46801.514,2,112,137.871,115.136,NA,5.051,0.017,0,0
4579,39,28,1205.303,709.343,47101.524,2,98,142.416,114.807,NA,4.545,0.015,-90,-90
4580,39,29,1209.343,709.343,47401.533,2,119,146.457,118.842,NA,4.04,0.013,0,90
4581,39,30,1209.343,709.343,47701.543,2,98,146.457,118.842,NA,0,0,0,0
4582,39,31,1217.424,707.828,48001.553,2,116,154.678,126.849,NA,8.222,0.027,-10.62,-10.62
4583,39,32,1217.424,707.828,48301.562,2,119,154.678,126.849,NA,0,0,0,10.62
4584,39,33,1223.99,707.828,48601.572,2,27,161.244,133.411,NA,6.566,0.022,0,0
4585,39,34,1233.081,724.495,48901.582,2,64,180.229,143.995,NA,18.985,0.063,61.39,61.39
4586,39,35,1244.697,724.495,49201.592,2,44,191.845,155.494,NA,11.616,0.039,0,-61.39
4587,39,36,1244.697,724.495,49501.601,2,81,191.845,155.494,NA,0,0,0,0
4588,39,37,1262.374,726.01,49801.611,2,31,209.586,173.215,NA,17.742,0.059,4.899,4.899
4589,39,38,1282.071,726.01,50101.621,2,122,229.283,192.759,NA,19.697,0.066,0,-4.899
4590,39,39,1282.071,726.01,50401.63,2,102,229.283,192.759,NA,0,0,0,0
4591,39,40,1287.121,732.576,50701.64,2,177,237.567,198.636,NA,8.283,0.028,52.431,52.431
4592,39,41,1292.677,741.162,51001.65,2,103,247.793,205.541,NA,10.226,0.034,57.095,4.663
4593,39,42,1291.667,757.955,51301.659,2,69,264.617,208.312,NA,16.823,0.056,93.442,36.347
4594,39,43,1291.667,768.561,51601.669,2,245,275.223,211.344,NA,10.606,0.035,90,-3.442
4595,39,44,1301.515,767.045,51901.679,2,50,285.187,220.288,NA,9.964,0.033,-8.746,-98.746
4596,39,45,1308.712,776.515,52201.689,2,104,297.081,230.024,NA,11.894,0.04,52.765,61.511
4597,39,46,1308.712,785.985,52501.698,2,91,306.551,233.212,NA,9.47,0.032,90,37.235
4598,39,47,1309.47,787.121,52801.708,2,72,307.917,234.325,NA,1.366,0.005,56.31,-33.69
4599,39,48,1310.985,790.53,53101.718,2,49,311.647,236.974,NA,3.731,0.012,66.038,9.728
4600,39,49,1318.182,792.803,53401.727,2,94,319.195,244.503,NA,7.547,0.025,17.526,-48.512
4601,39,50,1335.606,803.03,53701.737,2,52,339.398,264.48,NA,20.204,0.067,30.411,12.886
4602,39,51,1340.53,803.03,54001.747,2,86,344.323,269.047,NA,4.924,0.016,0,-30.411
4603,39,52,1327.273,807.197,54301.757,2,131,358.22,258.429,NA,13.897,0.046,162.553,162.553
4604,39,53,1323.106,807.955,54601.766,2,94,362.455,254.929,NA,4.235,0.014,169.695,7.142
4605,39,54,1326.136,802.273,54901.776,2,110,368.894,255.44,NA,6.439,0.021,-61.928,128.377
4606,39,55,1330.303,800.379,55201.786,2,72,373.471,258.569,NA,4.577,0.015,-24.444,37.484
4607,39,56,1342.424,794.697,55501.795,2,82,386.858,267.85,NA,13.387,0.045,-25.115,-0.671
4608,39,57,1347.727,793.561,55801.805,2,106,392.281,272.462,NA,5.423,0.018,-12.095,13.02
4609,39,58,1362.5,798.864,56101.815,2,70,407.977,288.157,NA,15.696,0.052,19.747,31.842
4610,39,59,1365.53,807.197,56401.824,2,105,416.844,293.86,NA,8.867,0.03,70.017,50.27
4611,39,60,1354.924,826.894,56701.834,2,102,439.215,291.748,NA,22.371,0.075,118.301,48.284
4612,39,61,1354.924,826.894,57001.844,2,98,439.215,291.748,NA,0,0,0,-118.301
4613,39,62,1360.985,826.894,57301.854,2,191,445.276,297.249,NA,6.061,0.02,0,0
4614,39,63,1365.909,826.894,57601.863,2,101,450.2,301.734,NA,4.924,0.016,0,0
4615,39,64,1380.682,826.894,57901.873,2,83,464.973,315.269,NA,14.773,0.049,0,0
4616,39,65,1392.045,816.288,58201.883,2,121,480.517,321.878,NA,15.544,0.052,-43.025,-43.025
4617,39,66,1399.621,811.742,58501.892,2,171,489.352,327.449,NA,8.835,0.029,-30.964,12.061
4618,39,67,1409.091,806.439,58801.902,2,83,500.205,334.726,NA,10.853,0.036,-29.249,1.715
4619,39,68,1419.697,789.015,59101.912,2,65,520.603,340.026,NA,20.398,0.068,-58.671,-29.422
4620,39,69,1425.758,769.318,59401.922,2,140,541.212,341.546,NA,20.608,0.069,-72.897,-14.226
4621,39,70,1431.439,761.364,59701.931,2,61,550.987,345.697,NA,9.775,0.033,-54.462,18.435
4622,39,71,1423.485,768.182,60001.941,2,102,561.464,339.097,NA,10.477,0.035,139.399,-166.139
4623,39,72,1426.136,765.152,60301.951,2,120,565.49,341.137,NA,4.027,0.013,-48.814,171.787
4624,39,73,1440.909,765.152,60601.96,2,55,580.263,355.675,NA,14.773,0.049,0,48.814
4625,39,74,1458.712,748.864,60901.97,2,111,604.393,370.867,NA,24.13,0.08,-42.455,-42.455
4626,39,75,1483.712,729.924,61201.98,2,104,635.757,393.957,NA,31.364,0.105,-37.147,5.309
4627,39,76,1500.758,717.045,61501.989,2,43,657.121,410.332,NA,21.364,0.071,-37.073,0.074
4628,39,77,1517.803,717.803,61801.999,2,167,674.183,427.393,NA,17.062,0.057,2.545,39.618
4629,39,78,1527.273,697.727,62102.009,2,53,696.38,436.652,NA,22.197,0.074,-64.747,-67.292
4630,39,79,1532.197,713.636,62402.019,2,80,713.034,441.662,NA,16.654,0.056,72.801,137.548
4631,39,80,1543.182,686.364,62702.028,2,76,742.436,452.841,NA,29.402,0.098,-68.062,-140.863
4632,40,1,975.505,610.859,15900.514,2,59,0,0,NA,NA,NA,NA,NA
4633,40,2,975.505,608.333,16200.524,2,62,2.525,2.525,NA,2.525,0.008,-90,NA
4634,40,3,975.505,605.303,16500.534,2,61,5.556,5.556,NA,3.03,0.01,-90,0
4635,40,4,975.505,605.303,16800.543,2,91,5.556,5.556,NA,0,0,0,90
4636,40,5,975.505,605.303,17100.553,2,108,5.556,5.556,NA,0,0,0,0
4637,40,6,975.505,605.303,17400.563,2,65,5.556,5.556,NA,0,0,0,0
4638,40,7,975.505,605.303,17700.573,2,92,5.556,5.556,NA,0,0,0,0
4639,40,8,975.505,605.303,18000.582,2,90,5.556,5.556,NA,0,0,0,0
4640,40,9,977.525,605.303,18300.592,2,98,7.576,5.911,NA,2.02,0.007,0,0
4641,40,10,974.495,604.293,18600.602,2,58,10.77,6.643,NA,3.194,0.011,-161.565,-161.565
4642,40,11,974.495,602.273,18900.611,2,76,12.79,8.645,NA,2.02,0.007,-90,71.565
4643,40,12,974.495,602.273,19200.621,2,52,12.79,8.645,NA,0,0,0,90
4644,40,13,975,600.758,19500.631,2,37,14.387,10.114,NA,1.597,0.005,-71.565,-71.565
4645,40,14,979.04,599.242,19800.641,2,66,18.702,12.142,NA,4.315,0.014,-20.556,51.009
4646,40,15,980.556,597.222,20100.65,2,148,21.228,14.542,NA,2.525,0.008,-53.13,-32.574
4647,40,16,984.596,593.687,20400.66,2,145,26.596,19.43,NA,5.369,0.018,-41.186,11.944
4648,40,17,984.596,593.687,20700.67,2,148,26.596,19.43,NA,0,0,0,41.186
4649,40,18,981.061,592.677,21000.679,2,157,30.273,19.012,NA,3.677,0.012,-164.055,-164.055
4650,40,19,982.576,590.657,21300.689,2,68,32.799,21.404,NA,2.525,0.008,-53.13,110.925
4651,40,20,984.596,590.657,21600.699,2,98,34.819,22.153,NA,2.02,0.007,0,53.13
4652,40,21,986.111,590.657,21900.708,2,71,36.334,22.817,NA,1.515,0.005,0,0
4653,40,22,986.111,590.657,22200.718,2,84,36.334,22.817,NA,0,0,0,0
4654,40,23,986.111,590.657,22500.728,2,112,36.334,22.817,NA,0,0,0,0
4655,40,24,986.111,590.657,22800.738,2,89,36.334,22.817,NA,0,0,0,0
4656,40,25,986.111,590.657,23100.747,2,141,36.334,22.817,NA,0,0,0,0
4657,40,26,984.091,589.141,23400.757,2,151,38.859,23.353,NA,2.525,0.008,-143.13,-143.13
4658,40,27,984.091,579.545,23700.767,2,187,48.455,32.469,NA,9.596,0.032,-90,53.13
4659,40,28,984.091,579.545,24000.776,2,123,48.455,32.469,NA,0,0,0,90
4660,40,29,978.535,581.061,24300.786,2,113,54.214,29.952,NA,5.758,0.019,164.745,164.745
4661,40,30,982.071,580.556,24600.796,2,104,57.785,31.006,NA,3.571,0.012,-8.13,-172.875
4662,40,31,982.071,587.121,24900.805,2,83,64.35,24.629,NA,6.566,0.022,90,98.13
4663,40,32,982.071,587.121,25200.815,2,99,64.35,24.629,NA,0,0,0,-90
4664,40,33,985.606,587.626,25500.825,2,79,67.922,25.333,NA,3.571,0.012,8.13,8.13
4665,40,34,985.606,587.626,25800.835,2,78,67.922,25.333,NA,0,0,0,-8.13
4666,40,35,985.606,593.687,26100.844,2,105,73.982,19.922,NA,6.061,0.02,90,90
4667,40,36,989.646,593.687,26400.854,2,99,78.023,22.245,NA,4.04,0.013,0,-90
4668,40,37,991.667,587.626,26700.864,2,52,84.411,28.301,NA,6.388,0.021,-71.565,-71.565
4669,40,38,995.707,586.616,27000.873,2,97,88.576,31.557,NA,4.165,0.014,-14.036,57.529
4670,40,39,995.707,586.616,27300.883,2,112,88.576,31.557,NA,0,0,0,14.036
4671,40,40,999.747,586.616,27600.893,2,112,92.616,34.284,NA,4.04,0.013,0,0
4672,40,41,999.747,586.616,27900.903,2,87,92.616,34.284,NA,0,0,0,0
4673,40,42,999.747,581.566,28200.912,2,73,97.667,38.023,NA,5.051,0.017,-90,-90
4674,40,43,999.747,581.566,28500.922,2,82,97.667,38.023,NA,0,0,0,90
4675,40,44,994.192,581.566,28800.932,2,110,103.222,34.746,NA,5.556,0.019,180,180
4676,40,45,994.192,578.03,29100.941,2,163,106.758,37.774,NA,3.535,0.012,-90,90
4677,40,46,994.192,578.03,29400.951,2,73,106.758,37.774,NA,0,0,0,90
4678,40,47,991.162,576.01,29700.961,2,104,110.4,38.204,NA,3.642,0.012,-146.31,-146.31
4679,40,48,992.172,573.485,30000.97,2,94,113.119,40.922,NA,2.72,0.009,-68.199,78.111
4680,40,49,990.657,567.424,30300.98,2,105,119.367,46.001,NA,6.247,0.021,-104.036,-35.838
4681,40,50,990.657,567.424,30600.99,2,130,119.367,46.001,NA,0,0,0,104.036
4682,40,51,998.232,567.424,30901,2,81,126.942,49.021,NA,7.576,0.025,0,0
4683,40,52,997.222,566.414,31201.009,2,219,128.371,49.467,NA,1.428,0.005,-135,-135
4684,40,53,996.212,560.859,31501.019,2,143,134.018,54.118,NA,5.647,0.019,-100.305,34.695
4685,40,54,996.212,561.364,31801.029,2,226,134.523,53.652,NA,0.505,0.002,90,-169.695
4686,40,55,996.212,559.848,32101.038,2,252,136.038,55.053,NA,1.515,0.005,-90,-180
4687,40,56,996.212,555.303,32401.048,2,161,140.583,59.289,NA,4.545,0.015,-90,0
4688,40,57,993.687,555.303,32701.058,2,106,143.108,58.455,NA,2.525,0.008,180,-90
4689,40,58,992.172,551.263,33001.068,2,117,147.424,61.883,NA,4.315,0.014,-110.556,69.444
4690,40,59,992.172,551.263,33301.077,2,142,147.424,61.883,NA,0,0,0,110.556
4691,40,60,992.172,551.263,33601.087,2,154,147.424,61.883,NA,0,0,0,0
4692,40,61,992.172,551.263,33901.097,2,97,147.424,61.883,NA,0,0,0,0
4693,40,62,992.172,551.263,34201.106,2,182,147.424,61.883,NA,0,0,0,0
4694,40,63,1002.273,551.263,34501.116,2,131,157.525,65.331,NA,10.101,0.034,0,0
4695,40,64,1005.303,549.242,34801.126,2,115,161.167,68.443,NA,3.642,0.012,-33.69,-33.69
4696,40,65,1010.859,551.263,35101.135,2,98,167.078,69.293,NA,5.911,0.02,19.983,53.673
4697,40,66,1010.859,551.263,35401.145,2,130,167.078,69.293,NA,0,0,0,-19.983
4698,40,67,1008.838,550.253,35701.155,2,123,169.337,69.168,NA,2.259,0.008,-153.435,-153.435
4699,40,68,1011.364,550.253,36001.165,2,145,171.862,70.42,NA,2.525,0.008,0,153.435
4700,40,69,1013.384,549.747,36301.174,2,119,173.944,71.898,NA,2.082,0.007,-14.036,-14.036
4701,40,70,1008.838,544.697,36601.184,2,65,180.739,74.084,NA,6.795,0.023,-131.987,-117.951
4702,40,71,1005.808,540.657,36901.194,2,148,185.79,76.463,NA,5.051,0.017,-126.87,5.117
4703,40,72,1005.808,540.657,37201.203,2,83,185.79,76.463,NA,0,0,0,126.87
4704,40,73,1005.808,535.606,37501.213,2,99,190.84,81.125,NA,5.051,0.017,-90,-90
4705,40,74,1005.808,535.606,37801.223,2,54,190.84,81.125,NA,0,0,0,90
4706,40,75,1002.778,530.556,38101.232,2,169,196.73,84.808,NA,5.89,0.02,-120.964,-120.964
4707,40,76,1003.788,527.525,38401.242,2,176,199.924,88.002,NA,3.194,0.011,-71.565,49.399
4708,40,77,1003.788,526.01,38701.252,2,200,201.439,89.438,NA,1.515,0.005,-90,-18.435
4709,40,78,1003.788,526.01,39001.262,2,79,201.439,89.438,NA,0,0,0,90
4710,40,79,1003.788,526.515,39301.271,2,184,201.944,88.959,NA,0.505,0.002,90,90
4711,40,80,999.242,526.515,39601.281,2,144,206.49,87.62,NA,4.545,0.015,180,90
4712,40,81,1000.253,526.515,39901.291,2,110,207.5,87.899,NA,1.01,0.003,0,-180
4713,40,82,1004.798,529.04,40201.3,2,192,212.7,86.904,NA,5.2,0.017,29.055,29.055
4714,40,83,1008.838,529.04,40501.31,2,92,216.74,88.348,NA,4.04,0.013,0,-29.055
4715,40,84,1011.364,538.131,40801.32,2,79,226.175,81.087,NA,9.435,0.031,74.476,74.476
4716,40,85,1011.364,538.131,41101.33,2,94,226.175,81.087,NA,0,0,0,-74.476
4717,40,86,1013.889,538.131,41401.339,2,170,228.7,82.235,NA,2.525,0.008,0,0
4718,40,87,1013.889,538.131,41701.349,2,169,228.7,82.235,NA,0,0,0,0
4719,40,88,1013.889,538.131,42001.359,2,205,228.7,82.235,NA,0,0,0,0
4720,40,89,1013.889,538.131,42301.368,2,255,228.7,82.235,NA,0,0,0,0
4721,40,90,1013.889,542.677,42601.378,2,180,233.246,78.244,NA,4.545,0.015,90,90
4722,40,91,1013.384,542.677,42901.388,2,224,233.751,77.997,NA,0.505,0.002,180,90
4723,40,92,1012.879,542.677,43201.397,2,175,234.256,77.753,NA,0.505,0.002,180,0
4724,40,93,1007.828,542.677,43501.407,2,255,239.307,75.456,NA,5.051,0.017,180,0
4725,40,94,1007.828,544.192,43801.417,2,137,240.822,74.089,NA,1.515,0.005,90,-90
4726,40,95,1007.828,544.192,44101.427,2,89,240.822,74.089,NA,0,0,0,-90
4727,40,96,1004.798,544.192,44401.436,2,129,243.852,72.818,NA,3.03,0.01,180,180
4728,40,97,1004.293,545.202,44701.446,2,152,244.981,71.69,NA,1.129,0.004,116.565,-63.435
4729,40,98,1004.293,545.202,45001.456,2,91,244.981,71.69,NA,0,0,0,-116.565
4730,40,99,999.242,545.202,45301.465,2,114,250.032,69.816,NA,5.051,0.017,180,180
4731,40,100,993.182,539.646,45601.475,2,73,258.253,73.373,NA,8.222,0.027,-137.49,42.51
4732,40,101,993.182,539.646,45901.485,2,136,258.253,73.373,NA,0,0,0,137.49
4733,40,102,993.182,544.192,46201.495,2,138,262.799,68.97,NA,4.545,0.015,90,90
4734,40,103,991.667,544.192,46501.504,2,188,264.314,68.598,NA,1.515,0.005,180,90
4735,40,104,991.667,550.253,46801.514,2,165,270.375,62.724,NA,6.061,0.02,90,-90
4736,40,105,992.677,553.788,47101.524,2,126,274.051,59.598,NA,3.677,0.012,74.055,-15.945
4737,40,106,1005.303,553.788,47401.533,2,68,286.678,64.382,NA,12.626,0.042,0,-74.055
4738,40,107,1002.273,525.505,47701.543,2,176,315.122,89.452,NA,28.445,0.095,-96.116,-96.116
4739,40,108,1011.869,520.96,48001.553,2,193,325.741,96.975,NA,10.618,0.035,-25.346,70.769
4740,40,109,1011.869,520.96,48301.562,2,240,325.741,96.975,NA,0,0,0,25.346
4741,40,110,1015.404,520.96,48601.572,2,197,329.276,98.355,NA,3.535,0.012,0,0
4742,40,111,1019.949,518.434,48901.582,2,191,334.476,102.555,NA,5.2,0.017,-29.055,-29.055
4743,40,112,1028.03,507.323,49201.592,2,106,348.215,116.097,NA,13.739,0.046,-53.973,-24.918
4744,40,113,1034.091,502.273,49501.601,2,144,356.104,123.382,NA,7.889,0.026,-39.806,14.167
4745,40,114,1036.616,497.727,49801.611,2,87,361.304,128.582,NA,5.2,0.017,-60.945,-21.14
4746,40,115,1036.616,497.727,50101.621,2,117,361.304,128.582,NA,0,0,0,60.945
4747,40,116,1036.616,508.333,50401.63,2,166,371.91,119.357,NA,10.606,0.035,90,90
4748,40,117,1037.626,517.424,50701.64,2,150,381.056,112.201,NA,9.147,0.03,83.66,-6.34
4749,40,118,1037.626,517.424,51001.65,2,154,381.056,112.201,NA,0,0,0,-83.66
4750,40,119,1040.657,516.414,51301.659,2,115,384.251,114.737,NA,3.194,0.011,-18.435,-18.435
4751,40,120,1044.192,508.838,51601.669,2,107,392.611,122.988,NA,8.36,0.028,-64.983,-46.548
4752,40,121,1053.788,494.697,51901.679,2,149,409.701,140.078,NA,17.09,0.057,-55.84,9.143
4753,40,122,1053.788,494.697,52201.689,2,88,409.701,140.078,NA,0,0,0,55.84
4754,40,123,1058.333,485.606,52501.698,2,255,419.864,150.162,NA,10.164,0.034,-63.435,-63.435
4755,40,124,1072.98,472.475,52801.708,2,210,439.536,169.267,NA,19.671,0.066,-41.878,21.557
4756,40,125,1089.646,460.859,53101.718,2,215,459.851,188.489,NA,20.315,0.068,-34.875,7.003
4757,40,126,1089.646,460.859,53401.727,2,122,459.851,188.489,NA,0,0,0,34.875
4758,40,127,1089.646,460.859,53701.737,2,172,459.851,188.489,NA,0,0,0,0
4759,40,128,1089.646,460.859,54001.747,2,219,459.851,188.489,NA,0,0,0,0
4760,40,129,1106.818,450.253,54301.757,2,91,480.034,207.455,NA,20.183,0.067,-31.701,-31.701
4761,40,130,1109.848,438.636,54601.766,2,184,492.039,218.423,NA,12.005,0.04,-75.379,-43.678
4762,40,131,1112.879,428.03,54901.776,2,226,503.069,228.687,NA,11.03,0.037,-74.055,1.325
4763,40,132,1114.394,412.374,55201.786,2,119,518.799,242.253,NA,15.73,0.052,-84.472,-10.418
4764,40,133,1105.808,412.879,55501.795,2,240,527.4,237.012,NA,8.601,0.029,176.634,-98.894
4765,40,134,1105.808,412.879,55801.805,2,126,527.4,237.012,NA,0,0,0,-176.634
4766,40,135,1115.404,412.374,56101.815,2,248,537.009,242.833,NA,9.609,0.032,-3.013,-3.013
4767,40,136,1118.939,412.374,56401.824,2,231,540.544,244.887,NA,3.535,0.012,0,3.013
4768,40,137,1122.475,416.414,56701.834,2,169,545.913,243.739,NA,5.369,0.018,48.814,48.814
4769,40,138,1120.455,420.455,57001.844,2,162,550.43,239.299,NA,4.517,0.015,116.565,67.751
4770,40,139,1111.364,421.465,57301.854,2,155,559.577,233.083,NA,9.147,0.03,173.66,57.095
4771,40,140,1111.364,414.899,57601.863,2,176,566.143,238.449,NA,6.566,0.022,-90,96.34
4772,40,141,1106.818,393.182,57901.873,2,250,588.331,254.217,NA,22.188,0.074,-101.821,-11.821
4773,40,142,1108.333,378.03,58201.883,2,99,603.558,268.053,NA,15.227,0.051,-84.289,17.532
4774,40,143,1117.929,365.909,58501.892,2,186,619.018,283.346,NA,15.46,0.052,-51.633,32.657
4775,40,144,1126.01,355.808,58801.902,2,207,631.953,296.146,NA,12.936,0.043,-51.34,0.292
4776,40,145,1135.606,347.727,59101.912,2,165,644.498,308.01,NA,12.545,0.042,-40.101,11.239
4777,40,146,1138.636,372.475,59401.922,2,238,669.431,288.858,NA,24.932,0.083,83.019,123.12
4778,40,147,1150.758,363.889,59701.931,2,185,684.285,302.832,NA,14.854,0.05,-35.311,-118.33
4779,40,148,1161.364,360.354,60001.941,2,255,695.464,311.923,NA,11.18,0.037,-18.435,16.876
4780,40,149,1172.475,357.323,60301.951,2,247,706.981,321.056,NA,11.517,0.038,-15.255,3.18
4781,40,150,1184.091,356.818,60601.96,2,156,718.609,328.701,NA,11.627,0.039,-2.49,12.766
4782,40,151,1170.455,345.202,60901.97,2,255,736.522,329.513,NA,17.913,0.06,-139.574,-137.084
4783,40,152,1170.455,345.202,61201.98,2,255,736.522,329.513,NA,0,0,0,139.574
4784,40,153,1161.364,342.677,61501.989,2,236,745.957,326.29,NA,9.435,0.031,-164.476,-164.476
4785,40,154,1165.909,336.111,61801.999,2,218,753.942,334.275,NA,7.986,0.027,-55.305,109.171
4786,40,155,1166.919,339.646,62102.009,2,255,757.619,331.957,NA,3.677,0.012,74.055,129.359
4787,40,156,1166.919,339.646,62402.019,2,255,757.619,331.957,NA,0,0,0,-74.055
4788,40,157,1166.919,339.646,62702.028,2,255,757.619,331.957,NA,0,0,0,0
4789,40,158,1166.919,339.646,63002.038,2,185,757.619,331.957,NA,0,0,0,0
4790,40,159,1166.919,339.646,63302.048,2,117,757.619,331.957,NA,0,0,0,0
4791,40,160,1172.98,335.101,63602.057,2,205,765.195,339.173,NA,7.576,0.025,-36.87,-36.87
4792,40,161,1178.03,332.071,63902.067,2,184,771.085,344.585,NA,5.89,0.02,-30.964,5.906
4793,40,162,1178.03,332.071,64202.077,2,148,771.085,344.585,NA,0,0,0,30.964
4794,40,163,1179.04,325,64502.086,2,252,778.227,350.916,NA,7.142,0.024,-81.87,-81.87
4795,40,164,1176.01,318.939,64802.096,2,168,785.003,354.146,NA,6.776,0.023,-116.565,-34.695
4796,40,165,1176.01,308.333,65102.106,2,176,795.609,362.938,NA,10.606,0.035,-90,26.565
4797,40,166,1179.545,300.758,65402.116,2,188,803.969,371.208,NA,8.36,0.028,-64.983,25.017
4798,40,167,1176.515,292.677,65702.125,2,129,812.6,376.357,NA,8.63,0.029,-110.556,-45.573
4799,40,168,1169.949,290.657,66002.135,2,157,819.469,374.617,NA,6.869,0.023,-162.897,-52.341
4800,40,169,1163.889,266.919,66302.145,2,92,843.968,392.151,NA,24.499,0.082,-104.323,58.575
4801,40,170,1170.455,251.263,66602.154,2,125,860.946,409.041,NA,16.978,0.057,-67.249,37.074
4802,40,171,1170.455,245.202,66902.164,2,102,867.006,414.379,NA,6.061,0.02,-90,-22.751
4803,40,172,1175,246.717,67202.174,2,90,871.798,415.207,NA,4.791,0.016,18.435,108.435
4804,40,173,1182.576,240.657,67502.184,2,231,881.499,424.179,NA,9.702,0.032,-38.66,-57.095
4805,40,174,1192.172,230.051,67802.193,2,30,895.802,438.132,NA,14.303,0.048,-47.862,-9.203
4806,40,175,1212.879,209.343,68102.203,2,104,925.086,466.434,NA,29.284,0.098,-45,2.862
4807,40,176,1223.485,201.768,68402.213,2,77,938.12,478.382,NA,13.034,0.043,-35.538,9.462
4808,40,177,1229.545,194.192,68702.222,2,102,947.822,488.004,NA,9.702,0.032,-51.34,-15.803
4809,40,178,1238.131,181.061,69002.232,2,59,963.511,503.685,NA,15.689,0.052,-56.821,-5.481
4810,40,179,1254.293,158.333,69302.242,2,124,991.399,531.509,NA,27.888,0.093,-54.583,2.239
4811,40,180,1262.374,150.253,69602.251,2,219,1002.827,542.634,NA,11.428,0.038,-45,9.583
4812,40,181,1262.879,138.636,69902.261,2,118,1014.454,552.791,NA,11.627,0.039,-87.51,-42.51
4813,41,1,1042.803,683.333,31501.019,2,21,0,0,NA,NA,NA,NA,NA
4814,41,2,1043.939,680.303,31801.029,2,73,3.236,3.236,NA,3.236,0.011,-69.444,NA
4815,41,3,1046.591,680.303,32101.038,2,76,5.888,4.851,NA,2.652,0.009,0,69.444
4816,41,4,1054.167,679.924,32401.048,2,60,13.473,11.864,NA,7.585,0.025,-2.862,-2.862
4817,41,5,1052.273,673.864,32701.058,2,109,19.823,13.392,NA,6.35,0.021,-107.354,-104.492
4818,41,6,1055.303,667.424,33001.068,2,143,26.94,20.232,NA,7.117,0.024,-64.799,42.555
4819,41,7,1055.303,667.424,33301.077,2,120,26.94,20.232,NA,0,0,0,64.799
4820,41,8,1055.682,667.424,33601.087,2,99,27.318,20.469,NA,0.379,0.001,0,0
4821,41,9,1059.848,667.424,33901.097,2,121,31.485,23.316,NA,4.167,0.014,0,0
4822,41,10,1059.848,671.591,34201.106,2,70,35.652,20.699,NA,4.167,0.014,90,90
4823,41,11,1059.848,676.515,34501.116,2,103,40.576,18.359,NA,4.924,0.016,90,0
4824,41,12,1059.848,673.864,34801.126,2,92,43.227,19.499,NA,2.652,0.009,-90,-180
4825,41,13,1059.848,673.485,35101.135,2,83,43.606,19.686,NA,0.379,0.001,-90,0
4826,41,14,1056.061,667.424,35401.145,2,51,50.753,20.709,NA,7.147,0.024,-122.005,-32.005
4827,41,15,1063.636,667.424,35701.155,2,134,58.329,26.213,NA,7.576,0.025,0,122.005
4828,41,16,1063.636,671.97,36001.165,2,77,62.874,23.731,NA,4.545,0.015,90,90
4829,41,17,1064.773,668.939,36301.174,2,151,66.111,26.265,NA,3.236,0.011,-69.444,-159.444
4830,41,18,1065.53,673.106,36601.184,2,52,70.346,24.922,NA,4.235,0.014,79.695,149.139
4831,41,19,1067.424,661.364,36901.194,2,117,82.24,32.998,NA,11.894,0.04,-80.838,-160.533
4832,41,20,1062.879,657.576,37201.203,2,109,88.157,32.657,NA,5.917,0.02,-140.194,-59.357
4833,41,21,1067.424,655.682,37501.213,2,127,93.081,37.024,NA,4.924,0.016,-22.62,117.575
4834,41,22,1057.576,649.242,37801.223,2,125,104.848,37.154,NA,11.767,0.039,-146.821,-124.202
4835,41,23,1055.682,643.182,38101.232,2,255,111.197,42.166,NA,6.35,0.021,-107.354,39.467
4836,41,24,1050.379,639.773,38401.242,2,83,117.502,44.214,NA,6.304,0.021,-147.265,-39.911
4837,41,25,1041.288,638.258,38701.252,2,68,126.718,45.101,NA,9.216,0.031,-170.538,-23.273
4838,41,26,1041.667,628.788,39001.262,2,142,136.195,54.557,NA,9.477,0.032,-87.709,82.828
4839,41,27,1048.864,629.924,39301.271,2,13,143.481,53.752,NA,7.286,0.024,8.973,96.682
4840,41,28,1067.803,645.076,39601.281,2,139,167.736,45.702,NA,24.254,0.081,38.66,29.687
4841,41,29,1080.682,656.439,39901.291,2,138,184.911,46.455,NA,17.175,0.057,41.424,2.764
4842,41,30,1082.955,656.439,40201.3,2,167,187.184,48.326,NA,2.273,0.008,0,-41.424
4843,41,31,1089.773,655.303,40501.31,2,74,194.096,54.698,NA,6.912,0.023,-9.462,-9.462
4844,41,32,1101.515,661.364,40801.32,2,135,207.31,62.688,NA,13.214,0.044,27.3,36.762
4845,41,33,1101.894,661.742,41101.33,2,80,207.846,62.912,NA,0.536,0.002,45,17.7
4846,41,34,1102.273,654.924,41401.339,2,220,214.675,65.907,NA,6.829,0.023,-86.82,-131.82
4847,41,35,1114.015,659.091,41701.349,2,144,227.134,75.225,NA,12.46,0.042,19.537,106.357
4848,41,36,1114.394,658.333,42001.359,2,141,227.981,75.83,NA,0.847,0.003,-63.435,-82.972
4849,41,37,1114.394,658.333,42301.368,2,137,227.981,75.83,NA,0,0,0,63.435
4850,41,38,1113.258,658.333,42601.378,2,175,229.118,74.759,NA,1.136,0.004,180,180
4851,41,39,1118.561,658.333,42901.388,2,140,234.421,79.776,NA,5.303,0.018,0,-180
4852,41,40,1126.515,653.409,43201.397,2,129,243.776,88.9,NA,9.355,0.031,-31.759,-31.759
4853,41,41,1140.53,653.409,43501.407,2,204,257.791,102.206,NA,14.015,0.047,0,31.759
4854,41,42,1143.939,668.939,43801.417,2,154,273.691,102.156,NA,15.9,0.053,77.619,77.619
4855,41,43,1138.258,670.455,44101.427,2,222,279.572,96.319,NA,5.88,0.02,165.069,87.449
4856,41,44,1138.258,673.864,44401.436,2,231,282.981,95.923,NA,3.409,0.011,90,-75.069
4857,41,45,1138.258,676.515,44701.446,2,168,285.632,95.698,NA,2.652,0.009,90,0
4858,41,46,1138.258,676.515,45001.456,2,171,285.632,95.698,NA,0,0,0,-90
4859,41,47,1142.424,673.106,45301.465,2,180,291.016,100.145,NA,5.384,0.018,-39.289,-39.289
4860,41,48,1146.591,673.106,45601.475,2,189,295.183,104.291,NA,4.167,0.014,0,39.289
4861,41,49,1143.939,670.455,45901.485,2,155,298.932,101.953,NA,3.75,0.012,-135,-135
4862,41,50,1137.5,676.136,46201.495,2,141,307.52,94.97,NA,8.588,0.029,138.576,-86.424
4863,41,51,1137.5,665.909,46501.504,2,126,317.747,96.287,NA,10.227,0.034,-90,131.424
4864,41,52,1140.909,665.909,46801.514,2,129,321.157,99.641,NA,3.409,0.011,0,90
4865,41,53,1147.348,667.424,47101.524,2,129,327.772,105.749,NA,6.615,0.022,13.241,13.241
4866,41,54,1151.515,667.045,47401.533,2,136,331.956,109.926,NA,4.184,0.014,-5.194,-18.435
4867,41,55,1155.303,635.985,47701.543,2,133,363.246,122.058,NA,31.291,0.104,-83.047,-77.853
4868,41,56,1162.879,628.788,48001.553,2,211,373.696,131.884,NA,10.449,0.035,-43.531,39.516
4869,41,57,1171.97,623.106,48301.562,2,227,384.416,142.518,NA,10.72,0.036,-32.005,11.526
4870,41,58,1177.273,624.242,48601.572,2,181,389.84,146.88,NA,5.423,0.018,12.095,44.1
4871,41,59,1197.348,615.53,48901.582,2,212,411.724,168.765,NA,21.885,0.073,-23.459,-35.554
4872,41,60,1220.833,601.136,49201.592,2,240,439.269,196.09,NA,27.545,0.092,-31.504,-8.045
4873,41,61,1235.606,609.47,49501.601,2,180,456.23,206.468,NA,16.961,0.057,29.427,60.932
4874,41,62,1249.242,609.091,49801.611,2,189,469.872,219.384,NA,13.642,0.045,-1.591,-31.019
4875,41,63,1252.652,601.136,50101.621,2,142,478.526,225.372,NA,8.654,0.029,-66.801,-65.21
4876,41,64,1263.258,606.061,50401.63,2,189,490.22,233.605,NA,11.693,0.039,24.905,91.706
4877,41,65,1290.909,609.091,50701.64,2,202,518.037,258.976,NA,27.817,0.093,6.254,-18.651
4878,41,66,1305.682,601.894,51001.65,2,222,534.469,275.205,NA,16.433,0.055,-25.974,-32.228
4879,41,67,1309.47,596.591,51301.659,2,200,540.986,280.42,NA,6.517,0.022,-54.462,-28.488
4880,41,68,1319.318,582.197,51601.669,2,167,558.427,294.43,NA,17.441,0.058,-55.62,-1.157
4881,41,69,1335.606,569.697,51901.679,2,233,578.958,314.081,NA,20.532,0.068,-37.504,18.116
4882,41,70,1347.727,580.682,52201.689,2,251,595.317,321.739,NA,16.358,0.055,42.184,79.689
4883,41,71,1355.303,580.682,52501.698,2,200,602.892,328.928,NA,7.576,0.025,0,-42.184
4884,41,72,1349.621,562.121,52801.708,2,167,622.303,329.894,NA,19.411,0.065,-107.021,-107.021
4885,41,73,1349.242,545.455,53101.718,2,181,638.974,336.029,NA,16.671,0.056,-91.302,15.719
4886,41,74,1358.712,534.848,53401.727,2,212,653.193,349.065,NA,14.218,0.047,-48.24,43.062
4887,41,75,1367.045,529.167,53701.737,2,217,663.279,359.027,NA,10.086,0.034,-34.287,13.953
4888,41,76,1372.727,525.379,54001.747,2,161,670.107,365.786,NA,6.829,0.023,-33.69,0.597
4889,41,77,1385.606,522.727,54301.757,2,253,683.256,378.561,NA,13.149,0.044,-11.634,22.056
4890,41,78,1384.47,537.121,54601.766,2,177,697.695,371.637,NA,14.439,0.048,94.514,106.148
4891,41,79,1384.47,553.788,54901.776,2,214,714.362,365.401,NA,16.667,0.056,90,-4.514
4892,41,80,1385.227,557.576,55201.786,2,187,718.224,364.787,NA,3.863,0.013,78.69,-11.31
4893,41,81,1406.439,568.561,55501.795,2,185,742.112,381.319,NA,23.888,0.08,27.378,-51.312
4894,41,82,1412.879,572.727,55801.805,2,142,749.782,386.251,NA,7.67,0.026,32.905,5.528
4895,41,83,1460.985,572.727,56101.815,2,188,797.888,432.562,NA,48.106,0.16,0,-32.905
4896,41,84,1490.909,557.955,56401.824,2,156,831.26,465.316,NA,33.372,0.111,-26.274,-26.274
4897,41,85,1492.045,549.242,56701.834,2,175,840.046,468.827,NA,8.786,0.029,-82.569,-56.294
4898,41,86,1503.409,530.303,57001.844,2,142,862.133,485.362,NA,22.087,0.074,-59.036,23.532
4899,41,87,1505.682,529.167,57301.854,2,81,864.674,487.877,NA,2.541,0.008,-26.565,32.471
4900,41,88,1537.879,535.606,57601.863,2,84,897.509,516.646,NA,32.835,0.109,11.31,37.875
4901,41,89,1539.773,514.773,57901.873,2,185,918.428,524.778,NA,20.919,0.07,-84.806,-96.116
4902,41,90,1544.697,496.97,58201.883,2,161,936.899,535.377,NA,18.471,0.062,-74.539,10.267
4903,41,91,1544.318,484.47,58501.892,2,126,949.405,539.504,NA,12.506,0.042,-91.736,-17.197
4904,41,92,1544.318,484.47,58801.902,2,125,949.405,539.504,NA,0,0,0,91.736
4905,41,93,1539.394,477.652,59101.912,2,163,957.815,537.501,NA,8.41,0.028,-125.838,-125.838
4906,41,94,1539.394,467.424,59401.922,2,3,968.043,541.497,NA,10.227,0.034,-90,35.838
4907,41,95,1545.455,473.864,59701.931,2,2,976.886,544.551,NA,8.843,0.029,46.736,136.736
4908,42,1,970.076,626.894,35101.135,2,26,0,0,NA,NA,NA,NA,NA
4909,42,2,975.379,619.697,35401.145,2,31,8.94,8.94,NA,8.94,0.03,-53.616,NA
4910,42,3,975.379,619.697,35701.155,2,37,8.94,8.94,NA,0,0,0,53.616
4911,42,4,980.682,619.697,36001.165,2,29,14.243,12.817,NA,5.303,0.018,0,0
4912,42,5,980.682,616.667,36301.174,2,67,17.273,14.734,NA,3.03,0.01,-90,-90
4913,42,6,986.364,605.682,36601.184,2,64,29.64,26.744,NA,12.367,0.041,-62.65,27.35
4914,42,7,988.258,605.682,36901.194,2,54,31.534,27.938,NA,1.894,0.006,0,62.65
4915,42,8,995.833,605.682,37201.203,2,79,39.11,33.368,NA,7.576,0.025,0,0
4916,42,9,990.909,601.136,37501.213,2,42,45.811,33.128,NA,6.701,0.022,-137.291,-137.291
4917,42,10,979.924,599.242,37801.223,2,64,56.958,29.353,NA,11.147,0.037,-170.218,-32.927
4918,42,11,979.924,599.621,38101.232,2,71,57.337,28.996,NA,0.379,0.001,90,-99.782
4919,42,12,971.97,599.242,38401.242,2,106,65.301,27.716,NA,7.964,0.027,-177.274,92.726
4920,42,13,962.5,602.652,38701.252,2,82,75.365,25.399,NA,10.065,0.034,160.201,-22.525
4921,42,14,959.47,599.242,39001.262,2,62,79.927,29.616,NA,4.561,0.015,-131.634,68.165
4922,42,15,959.47,599.242,39301.271,2,52,79.927,29.616,NA,0,0,0,131.634
4923,42,16,978.788,593.182,39601.281,2,119,100.173,34.82,NA,20.247,0.067,-17.418,-17.418
4924,42,17,983.712,600.758,39901.291,2,55,109.209,29.48,NA,9.036,0.03,56.976,74.394
4925,42,18,999.621,592.424,40201.3,2,97,127.168,45.399,NA,17.959,0.06,-27.646,-84.622
4926,42,19,1006.818,592.424,40501.31,2,72,134.365,50.38,NA,7.197,0.024,0,27.646
4927,42,20,1006.818,607.197,40801.32,2,55,149.138,41.689,NA,14.773,0.049,90,90
4928,42,21,1006.818,607.197,41101.33,2,75,149.138,41.689,NA,0,0,0,-90
4929,42,22,1018.561,610.606,41401.339,2,73,161.365,51.148,NA,12.227,0.041,16.189,16.189
4930,42,23,1029.924,618.939,41701.349,2,35,175.457,60.375,NA,14.092,0.047,36.254,20.065
4931,42,24,1029.924,618.939,42001.359,2,19,175.457,60.375,NA,0,0,0,-36.254
4932,42,25,1040.152,623.864,42301.368,2,24,186.808,70.141,NA,11.351,0.038,25.71,25.71
4933,42,26,1050.379,622.727,42601.378,2,51,197.098,80.411,NA,10.29,0.034,-6.34,-32.05
4934,42,27,1058.712,626.515,42901.388,2,19,206.252,88.637,NA,9.154,0.031,24.444,30.784
4935,42,28,1073.106,630.303,43201.397,2,59,221.136,103.087,NA,14.884,0.05,14.744,-9.7
4936,42,29,1085.985,628.409,43501.407,2,100,234.153,115.919,NA,13.017,0.043,-8.366,-23.109
4937,42,30,1095.076,628.409,43801.417,2,84,243.244,125.009,NA,9.091,0.03,0,8.366
4938,42,31,1109.47,616.667,44101.427,2,68,261.82,139.769,NA,18.576,0.062,-39.207,-39.207
4939,42,32,1118.561,605.303,44401.436,2,86,276.373,150.046,NA,14.553,0.049,-51.34,-12.133
4940,42,33,1118.182,618.561,44701.446,2,65,289.636,148.34,NA,13.263,0.044,91.637,142.977
4941,42,34,1118.182,618.561,45001.456,2,84,289.636,148.34,NA,0,0,0,-91.637
4942,42,35,1118.182,618.561,45301.465,2,64,289.636,148.34,NA,0,0,0,0
4943,42,36,1123.106,616.667,45601.475,2,45,294.912,153.372,NA,5.276,0.018,-21.038,-21.038
4944,42,37,1136.742,609.848,45901.485,2,75,310.158,167.536,NA,15.246,0.051,-26.565,-5.528
4945,42,38,1146.591,619.318,46201.495,2,105,323.82,176.678,NA,13.663,0.046,43.877,70.442
4946,42,39,1153.03,615.152,46501.504,2,74,331.49,183.331,NA,7.67,0.026,-32.905,-76.782
4947,42,40,1151.136,607.197,46801.514,2,70,339.667,182.129,NA,8.177,0.027,-103.392,-70.487
4948,42,41,1149.621,575.758,47101.524,2,130,371.143,186.686,NA,31.476,0.105,-92.759,10.633
4949,42,42,1156.439,568.939,47401.533,2,79,380.785,195.167,NA,9.642,0.032,-45,47.759
4950,42,43,1156.439,558.712,47701.543,2,37,391.012,198.444,NA,10.227,0.034,-90,-45
4951,42,44,1167.803,564.015,48001.553,2,89,403.553,207.484,NA,12.54,0.042,25.017,115.017
4952,42,45,1186.364,564.015,48301.562,2,174,422.113,225.243,NA,18.561,0.062,0,-25.017
4953,42,46,1186.364,564.015,48601.572,2,61,422.113,225.243,NA,0,0,0,0
4954,42,47,1217.045,562.121,48901.582,2,68,452.853,255.322,NA,30.74,0.102,-3.532,-3.532
4955,42,48,1232.576,544.318,49201.592,2,122,476.478,275.182,NA,23.625,0.079,-48.9,-45.368
4956,42,49,1244.697,542.424,49501.601,2,145,488.747,287.319,NA,12.268,0.041,-8.881,40.02
4957,42,50,1255.682,536.742,49801.611,2,190,501.114,299.496,NA,12.367,0.041,-27.35,-18.469
4958,42,51,1261.364,528.788,50101.621,2,162,510.889,307.365,NA,9.775,0.033,-54.462,-27.112
4959,42,52,1270.833,511.742,50401.63,2,39,530.389,322.048,NA,19.499,0.065,-60.945,-6.483
4960,42,53,1275.379,470.455,50701.64,2,100,571.926,343.05,NA,41.537,0.138,-83.718,-22.772
4961,42,54,1285.985,458.712,51001.65,2,101,587.749,357.888,NA,15.823,0.053,-47.911,35.807
4962,42,55,1281.818,439.394,51301.659,2,122,607.512,363.785,NA,19.762,0.066,-102.171,-54.261
4963,42,56,1276.894,441.288,51601.669,2,115,612.787,358.59,NA,5.276,0.018,158.962,-98.866
4964,42,57,1285.606,441.288,51901.679,2,121,621.5,366.072,NA,8.712,0.029,0,-158.962
4965,42,58,1293.561,438.258,52201.689,2,82,630.012,374.468,NA,8.512,0.028,-20.854,-20.854
4966,42,59,1299.621,420.076,52501.698,2,99,649.177,389.068,NA,19.165,0.064,-71.565,-50.711
4967,42,60,1294.318,410.606,52801.708,2,78,660.031,389.761,NA,10.853,0.036,-119.249,-47.684
4968,42,61,1288.636,385.985,53101.718,2,45,685.299,399.397,NA,25.268,0.084,-102.995,16.254
4969,42,62,1296.212,378.788,53401.727,2,67,695.748,409.782,NA,10.449,0.035,-43.531,59.463
4970,42,63,1326.894,390.909,53701.737,2,147,728.738,427.794,NA,32.989,0.11,21.557,65.088
4971,42,64,1343.182,390.53,54001.747,2,61,745.03,441.674,NA,16.292,0.054,-1.332,-22.889
4972,42,65,1356.061,390.53,54301.757,2,118,757.909,452.606,NA,12.879,0.043,0,1.332
4973,42,66,1382.197,397.727,54601.766,2,189,785.018,471.552,NA,27.109,0.09,15.396,15.396
4974,42,67,1393.182,403.788,54901.776,2,82,797.564,478.325,NA,12.546,0.042,28.887,13.491
4975,42,68,1382.955,409.47,55201.786,2,80,809.263,466.629,NA,11.7,0.039,150.945,122.059
4976,42,69,1382.955,389.773,55501.795,2,113,828.96,476.125,NA,19.697,0.066,-90,119.055
4977,42,70,1370.833,389.394,55801.805,2,159,841.087,465.846,NA,12.127,0.04,-178.21,-88.21
4978,42,71,1369.697,367.424,56101.815,2,63,863.086,476.468,NA,21.999,0.073,-92.961,85.249
4979,42,72,1371.591,341.288,56401.824,2,114,889.291,492.732,NA,26.205,0.087,-85.855,7.106
4980,42,73,1368.939,326.136,56701.834,2,154,904.673,499.547,NA,15.382,0.051,-99.926,-14.071
4981,42,74,1386.742,302.652,57001.844,2,203,934.143,527.962,NA,29.47,0.098,-52.836,47.091
4982,43,1,469.444,789.141,32101.038,2,31,0,0,NA,NA,NA,NA,NA
4983,43,2,460.354,788.636,32401.048,2,65,9.105,9.105,NA,9.105,0.03,-176.82,NA
4984,43,3,460.354,794.697,32701.058,2,57,15.166,10.654,NA,6.061,0.02,90,-93.18
4985,43,4,456.313,799.242,33001.068,2,75,21.247,16.567,NA,6.082,0.02,131.634,41.634
4986,43,5,456.313,799.242,33301.077,2,110,21.247,16.567,NA,0,0,0,-131.634
4987,43,6,455.303,799.242,33601.087,2,101,22.257,17.378,NA,1.01,0.003,180,180
4988,43,7,455.303,799.242,33901.097,2,87,22.257,17.378,NA,0,0,0,-180
4989,43,8,455.303,808.333,34201.106,2,237,31.348,23.839,NA,9.091,0.03,90,90
4990,43,9,445.707,808.333,34501.116,2,149,40.944,30.525,NA,9.596,0.032,180,90
4991,43,10,437.626,807.828,34801.126,2,31,49.041,36.9,NA,8.097,0.027,-176.424,3.576
4992,43,11,436.111,803.788,35101.135,2,88,53.356,36.409,NA,4.315,0.014,-110.556,65.868
4993,43,12,436.111,803.788,35401.145,2,127,53.356,36.409,NA,0,0,0,110.556
4994,43,13,428.03,800.253,35701.155,2,81,62.176,42.879,NA,8.82,0.029,-156.371,-156.371
4995,43,14,428.03,793.687,36001.165,2,72,68.742,41.663,NA,6.566,0.022,-90,66.371
4996,43,15,419.444,793.687,36301.174,2,57,77.328,50.206,NA,8.586,0.029,180,-90
4997,43,16,419.444,793.687,36601.184,2,112,77.328,50.206,NA,0,0,0,-180
4998,43,17,418.434,789.141,36901.194,2,81,81.984,51.01,NA,4.656,0.016,-102.529,-102.529
4999,43,18,418.434,789.141,37201.203,2,91,81.984,51.01,NA,0,0,0,102.529
5000,43,19,422.98,786.111,37501.213,2,83,87.447,46.563,NA,5.463,0.018,-33.69,-33.69
5001,43,20,429.545,784.091,37801.223,2,82,94.316,40.217,NA,6.869,0.023,-17.103,16.587
5002,43,21,429.545,781.061,38101.232,2,147,97.347,40.709,NA,3.03,0.01,-90,-72.897
5003,43,22,425,779.04,38401.242,2,100,102.321,45.578,NA,4.974,0.017,-156.038,-66.038
5004,43,23,428.535,775.505,38701.252,2,91,107.321,43.122,NA,5,0.017,-45,111.038
5005,43,24,428.535,775.505,39001.262,2,121,107.321,43.122,NA,0,0,0,45
5006,43,25,427.525,775,39301.271,2,119,108.45,44.24,NA,1.129,0.004,-153.435,-153.435
5007,43,26,418.939,782.576,39601.281,2,55,119.9,50.93,NA,11.45,0.038,138.576,-67.989
5008,43,27,410.354,790.657,39901.291,2,84,131.691,59.11,NA,11.791,0.039,136.736,-1.841
5009,43,28,410.354,800.758,40201.3,2,70,141.792,60.222,NA,10.101,0.034,90,-46.736
5010,43,29,378.535,800.758,40501.31,2,153,173.61,91.648,NA,31.818,0.106,180,90
5011,43,30,375.379,801.136,40801.32,2,139,176.789,94.827,NA,3.179,0.011,173.157,-6.843
5012,43,31,363.636,805.303,41101.33,2,138,189.249,107.035,NA,12.46,0.042,160.463,-12.694
5013,43,32,354.545,816.288,41401.339,2,93,203.508,118.062,NA,14.259,0.048,129.611,-30.853
5014,43,33,349.242,833.333,41701.349,2,59,221.359,128.068,NA,17.851,0.06,107.281,-22.329
5015,43,34,341.288,851.515,42001.359,2,129,241.205,142.529,NA,19.846,0.066,113.629,6.348
5016,43,35,335.985,852.652,42301.368,2,142,246.628,147.801,NA,5.423,0.018,167.905,54.276
5017,43,36,343.939,856.439,42601.378,2,106,255.439,142.41,NA,8.81,0.029,25.463,-142.442
5018,43,37,336.742,864.773,42901.388,2,95,266.449,152.741,NA,11.011,0.037,130.815,105.352
5019,43,38,336.364,891.288,43201.397,2,140,292.967,167.763,NA,26.518,0.088,90.818,-39.997
5020,43,39,336.364,903.788,43501.407,2,66,305.467,175.654,NA,12.5,0.042,90,-0.818
5021,43,40,339.773,923.106,43801.417,2,117,325.084,186.444,NA,19.617,0.065,79.992,-10.008
5022,43,41,340.909,917.424,44101.427,2,144,330.878,181.598,NA,5.794,0.019,-78.69,-158.682
5023,43,42,330.682,917.424,44401.436,2,145,341.106,188.975,NA,10.227,0.034,180,-101.31
5024,43,43,325,922.727,44701.446,2,160,348.878,196.747,NA,7.772,0.026,136.975,-43.025
5025,43,44,300.758,930.303,45001.456,2,136,374.276,219.959,NA,25.399,0.085,162.646,25.671
5026,43,45,275.758,921.591,45301.465,2,106,400.751,234.643,NA,26.475,0.088,-160.787,36.567
5027,43,46,274.621,900.758,45601.475,2,145,421.615,224.531,NA,20.864,0.07,-93.122,67.665
5028,43,47,256.061,873.485,45901.485,2,106,454.604,229.448,NA,32.989,0.11,-124.237,-31.115
5029,43,48,249.242,851.136,46201.495,2,113,477.97,228.763,NA,23.365,0.078,-106.966,17.271
5030,43,49,240.152,833.712,46501.504,2,102,497.623,233.585,NA,19.653,0.066,-117.553,-10.587
5031,43,50,227.652,833.712,46801.514,2,117,510.123,245.867,NA,12.5,0.042,180,-62.447
5032,43,51,232.197,838.258,47101.524,2,92,516.551,242.278,NA,6.428,0.021,45,-135
5033,43,52,232.576,838.636,47401.533,2,142,517.087,241.985,NA,0.536,0.002,45,0
5034,43,53,232.576,838.636,47701.543,2,146,517.087,241.985,NA,0,0,0,-45
5035,43,54,234.091,827.652,48001.553,2,164,528.176,238.483,NA,11.089,0.037,-82.147,-82.147
5036,43,55,234.091,827.652,48301.562,2,13,528.176,238.483,NA,0,0,0,82.147
5037,43,56,208.712,850.758,48601.572,2,105,562.497,267.914,NA,34.322,0.114,137.684,137.684
5038,44,1,680.682,1067.045,32401.048,2,31,0,0,NA,NA,NA,NA,NA
5039,44,2,680.303,1075.758,32701.058,2,51,8.72,8.72,NA,8.72,0.029,92.49,NA
5040,44,3,682.197,1075.758,33001.068,2,33,10.614,8.843,NA,1.894,0.006,0,-92.49
5041,44,4,683.712,1075.758,33301.077,2,77,12.129,9.224,NA,1.515,0.005,0,0
5042,44,5,688.258,1083.712,33601.087,2,85,21.291,18.308,NA,9.162,0.031,60.255,60.255
5043,44,6,693.182,1089.015,33901.097,2,71,28.528,25.277,NA,7.237,0.024,47.121,-13.134
5044,44,7,693.182,1089.015,34201.106,2,46,28.528,25.277,NA,0,0,0,-47.121
5045,44,8,692.424,1089.015,34501.116,2,52,29.285,24.911,NA,0.758,0.003,180,180
5046,44,9,702.273,1097.348,34801.126,2,85,42.186,37.208,NA,12.901,0.043,40.236,-139.764
5047,44,10,717.424,1097.348,35101.135,2,62,57.338,47.626,NA,15.152,0.051,0,-40.236
5048,44,11,718.561,1108.333,35401.145,2,60,68.381,56.031,NA,11.043,0.037,84.094,84.094
5049,44,12,732.197,1114.773,35701.155,2,36,83.462,70.226,NA,15.08,0.05,25.278,-58.816
5050,44,13,748.864,1116.288,36001.165,2,27,100.197,84.105,NA,16.735,0.056,5.194,-20.083
5051,44,14,756.061,1116.288,36301.174,2,52,107.394,90.038,NA,7.197,0.024,0,-5.194
5052,44,15,778.409,1115.53,36601.184,2,40,129.755,109.094,NA,22.361,0.075,-1.941,-1.941
5053,44,16,774.242,1122.348,36901.194,2,63,137.746,108.683,NA,7.991,0.027,121.43,123.371
5054,44,17,782.576,1116.667,37201.203,2,54,147.832,113.334,NA,10.086,0.034,-34.287,-155.716
5055,44,18,787.879,1115.53,37501.213,2,59,153.255,117.652,NA,5.423,0.018,-12.095,22.192
5056,44,19,787.879,1115.53,37801.223,2,50,153.255,117.652,NA,0,0,0,12.095
5057,44,20,790.152,1126.515,38101.232,2,33,164.473,124.58,NA,11.217,0.037,78.311,78.311
5058,44,21,802.652,1125.758,38401.242,2,51,176.996,135.365,NA,12.523,0.042,-3.468,-81.779
5059,44,22,810.227,1136.742,38701.252,2,95,190.34,147.104,NA,13.344,0.044,55.408,58.876
5060,44,23,810.227,1136.742,39001.262,2,55,190.34,147.104,NA,0,0,0,-55.408
5061,44,24,817.803,1142.424,39301.271,2,65,199.809,156.474,NA,9.47,0.032,36.87,36.87
5062,44,25,817.045,1175.379,39601.281,2,23,232.773,174.158,NA,32.963,0.11,91.317,54.447
5063,44,26,806.439,1163.258,39901.291,2,104,248.879,158.341,NA,16.106,0.054,-131.186,137.497
5064,44,27,810.606,1180.682,40201.3,2,74,266.794,172.608,NA,17.916,0.06,76.551,-152.263
5065,44,28,819.697,1181.818,40501.31,2,88,275.956,180.272,NA,9.162,0.031,7.125,-69.426
5066,44,29,821.97,1185.985,40801.32,2,139,280.702,184.686,NA,4.746,0.016,61.39,54.265
5067,44,30,826.136,1184.848,41101.33,2,102,285.021,187.175,NA,4.319,0.014,-15.255,-76.645
5068,44,31,838.258,1184.848,41401.339,2,81,297.142,196.743,NA,12.121,0.04,0,15.255
5069,44,32,842.045,1196.97,41701.349,2,83,309.842,207.168,NA,12.699,0.042,72.646,72.646
5070,44,33,834.47,1196.212,42001.359,2,105,317.455,200.835,NA,7.614,0.025,-174.289,113.065
5071,44,34,831.818,1197.727,42301.368,2,119,320.509,199.8,NA,3.054,0.01,150.255,-35.455
5072,44,35,832.197,1207.197,42601.378,2,77,329.986,206.396,NA,9.477,0.032,87.709,-62.546
5073,44,36,827.652,1207.955,42901.388,2,101,334.595,203.606,NA,4.608,0.015,170.538,82.828
5074,44,37,846.591,1219.318,43201.397,2,194,356.681,225.195,NA,22.087,0.074,30.964,-139.574
5075,44,38,851.136,1222.727,43501.407,2,72,362.363,230.85,NA,5.682,0.019,36.87,5.906
5076,44,39,856.818,1222.727,43801.417,2,99,368.045,235.076,NA,5.682,0.019,0,-36.87
5077,44,40,864.773,1221.97,44101.427,2,103,376.036,240.605,NA,7.991,0.027,-5.44,-5.44
5078,44,41,865.53,1223.864,44401.436,2,142,378.075,242.406,NA,2.04,0.007,68.199,73.639
5079,44,42,877.652,1240.909,44701.446,2,107,398.991,262.727,NA,20.916,0.07,54.583,-13.616
5080,44,43,877.652,1243.182,45001.456,2,137,401.264,264.237,NA,2.273,0.008,90,35.417
5081,44,44,877.652,1244.697,45301.465,2,128,402.779,265.249,NA,1.515,0.005,90,0
5082,44,45,895.076,1250.379,45601.475,2,222,421.106,282.092,NA,18.327,0.061,18.06,-71.94
5083,44,46,894.318,1275,45901.485,2,173,445.739,298.137,NA,24.633,0.082,91.762,73.702
5084,44,47,894.318,1292.045,46201.495,2,65,462.785,310.267,NA,17.045,0.057,90,-1.762
5085,44,48,900.758,1301.136,46501.504,2,103,473.925,321.297,NA,11.14,0.037,54.689,-35.311
5086,44,49,910.227,1301.136,46801.514,2,114,483.395,327.856,NA,9.47,0.032,0,-54.689
5087,44,50,915.152,1322.348,47101.524,2,162,505.171,346.635,NA,21.776,0.073,76.931,76.931
5088,44,51,914.015,1337.5,47401.533,2,109,520.365,357.198,NA,15.194,0.051,94.289,17.358
5089,44,52,919.697,1338.636,47701.543,2,135,526.159,361.787,NA,5.794,0.019,11.31,-82.979
5090,44,53,925,1353.03,48001.553,2,72,541.499,376.137,NA,15.34,0.051,69.775,58.465
5091,44,54,921.591,1371.97,48301.562,2,147,560.743,388.608,NA,19.244,0.064,100.204,30.429
5092,44,55,920.076,1385.985,48601.572,2,102,574.84,398.788,NA,14.097,0.047,96.17,-4.034
5093,44,56,915.152,1388.636,48901.582,2,213,580.433,397.991,NA,5.593,0.019,151.699,55.529
5094,44,57,915.152,1404.167,49201.592,2,141,595.963,410.642,NA,15.53,0.052,90,-61.699
5095,44,58,922.348,1403.409,49501.601,2,238,603.2,414.178,NA,7.237,0.024,-6.009,-96.009
5096,44,59,927.273,1418.939,49801.611,2,149,619.492,429.693,NA,16.292,0.054,72.408,78.417
5097,44,60,927.273,1418.939,50101.621,2,144,619.492,429.693,NA,0,0,0,-72.408
5098,44,61,922.727,1431.061,50401.63,2,118,632.437,437.142,NA,12.945,0.043,110.556,110.556
5099,44,62,922.727,1437.121,50701.64,2,165,638.498,442.201,NA,6.061,0.02,90,-20.556
5100,44,63,934.848,1414.015,51001.65,2,164,664.59,430.103,NA,26.092,0.087,-62.319,-152.319
5101,44,64,930.682,1409.091,51301.659,2,65,671.041,423.669,NA,6.451,0.022,-130.236,-67.917
5102,44,65,941.667,1406.061,51601.669,2,123,682.436,427.837,NA,11.395,0.038,-15.422,114.814
5103,44,66,948.864,1409.47,51901.679,2,102,690.4,434.944,NA,7.964,0.027,25.346,40.768
5104,44,67,964.394,1408.712,52201.689,2,109,705.948,444.104,NA,15.549,0.052,-2.793,-28.139
5105,44,68,964.394,1408.712,52501.698,2,156,705.948,444.104,NA,0,0,0,2.793
5106,44,69,967.424,1401.515,52801.708,2,77,713.757,440.558,NA,7.809,0.026,-67.166,-67.166
5107,44,70,971.212,1417.803,53101.718,2,74,730.48,455.454,NA,16.723,0.056,76.908,144.074
5108,44,71,966.667,1420.833,53401.727,2,131,735.943,454.921,NA,5.463,0.018,146.31,69.402
5109,44,72,966.667,1423.485,53701.737,2,152,738.594,456.986,NA,2.652,0.009,90,-56.31
5110,44,73,970.076,1433.712,54001.747,2,57,749.375,467.112,NA,10.78,0.036,71.565,-18.435
5111,44,74,974.621,1440.909,54301.757,2,89,757.887,475.578,NA,8.512,0.028,57.724,-13.841
5112,44,75,984.091,1445.833,54601.766,2,60,768.56,485.322,NA,10.673,0.036,27.474,-30.25
5113,44,76,998.485,1448.106,54901.776,2,184,783.133,496.191,NA,14.572,0.049,8.973,-18.502
5114,44,77,1003.788,1453.788,55201.786,2,169,790.905,503.952,NA,7.772,0.026,46.975,38.002
5115,44,78,1002.273,1458.712,55501.795,2,71,796.057,506.778,NA,5.152,0.017,107.103,60.128
5116,44,79,996.97,1468.561,55801.805,2,121,807.242,511.129,NA,11.185,0.037,118.301,11.198
5117,44,80,996.97,1468.561,56101.815,2,156,807.242,511.129,NA,0,0,0,-118.301
5118,44,81,996.97,1476.894,56401.824,2,137,815.576,517.7,NA,8.333,0.028,90,90
5119,44,82,985.227,1491.667,56701.834,2,182,834.447,522.543,NA,18.871,0.063,128.48,38.48
5120,44,83,976.515,1491.667,57001.844,2,147,843.159,517.514,NA,8.712,0.029,180,51.52
5121,44,84,976.515,1488.258,57301.854,2,135,846.568,514.72,NA,3.409,0.011,-90,90
5122,44,85,976.515,1489.015,57601.863,2,82,847.326,515.34,NA,0.758,0.003,90,180
5123,44,86,987.879,1510.606,57901.873,2,108,871.724,539.552,NA,24.399,0.081,62.241,-27.759
5124,44,87,985.227,1518.939,58201.883,2,17,880.469,544.937,NA,8.745,0.029,107.65,45.409
5125,44,88,985.985,1536.364,58501.892,2,62,897.91,559.883,NA,17.441,0.058,87.51,-20.14
5126,44,89,985.227,1545.455,58801.902,2,69,907.032,567.118,NA,9.122,0.03,94.764,7.253
5127,45,1,492.424,681.818,23100.747,2,128,0,0,NA,NA,NA,NA,NA
5128,45,2,492.424,678.03,23400.757,2,193,3.788,3.788,NA,3.788,0.013,-90,NA
5129,45,3,492.424,677.652,23700.767,2,46,4.167,4.167,NA,0.379,0.001,-90,0
5130,45,4,490.53,684.091,24000.776,2,90,10.879,2.958,NA,6.712,0.022,106.39,-163.61
5131,45,5,490.53,684.091,24300.786,2,55,10.879,2.958,NA,0,0,0,-106.39
5132,45,6,494.318,684.091,24600.796,2,77,14.667,2.958,NA,3.788,0.013,0,0
5133,45,7,494.318,684.091,24900.805,2,62,14.667,2.958,NA,0,0,0,0
5134,45,8,495.455,680.303,25200.815,2,33,18.621,3.388,NA,3.955,0.013,-73.301,-73.301
5135,45,9,495.455,679.167,25500.825,2,74,19.758,4.027,NA,1.136,0.004,-90,-16.699
5136,45,10,500,678.409,25800.835,2,51,24.366,8.307,NA,4.608,0.015,-9.462,80.538
5137,45,11,500.379,675.758,26100.844,2,51,27.044,10,NA,2.678,0.009,-81.87,-72.408
5138,45,12,504.545,673.106,26400.854,2,26,31.983,14.927,NA,4.939,0.016,-32.471,49.399
5139,45,13,508.333,667.045,26700.864,2,62,39.13,21.71,NA,7.147,0.024,-57.995,-25.523
5140,45,14,510.606,666.288,27000.873,2,66,41.526,23.912,NA,2.396,0.008,-18.435,39.56
5141,45,15,515.909,662.5,27300.883,2,72,48.043,30.409,NA,6.517,0.022,-35.538,-17.103
5142,45,16,519.318,655.682,27600.893,2,96,55.666,37.502,NA,7.623,0.025,-63.435,-27.897
5143,45,17,519.318,655.682,27900.903,2,47,55.666,37.502,NA,0,0,0,63.435
5144,45,18,514.773,652.273,28200.912,2,79,61.347,37.046,NA,5.682,0.019,-143.13,-143.13
5145,45,19,514.773,652.273,28500.922,2,122,61.347,37.046,NA,0,0,0,143.13
5146,45,20,514.773,648.485,28800.932,2,139,65.135,40.132,NA,3.788,0.013,-90,-90
5147,45,21,516.288,648.485,29100.941,2,87,66.65,40.995,NA,1.515,0.005,0,90
5148,45,22,518.182,646.97,29400.951,2,61,69.076,43.334,NA,2.425,0.008,-38.66,-38.66
5149,45,23,518.182,636.742,29700.961,2,173,79.303,51.916,NA,10.227,0.034,-90,-51.34
5150,45,24,518.182,636.742,30000.97,2,109,79.303,51.916,NA,0,0,0,90
5151,45,25,514.394,634.47,30300.98,2,72,83.721,52.197,NA,4.417,0.015,-149.036,-149.036
5152,45,26,512.121,627.273,30600.99,2,68,91.268,57.993,NA,7.547,0.025,-107.526,41.511
5153,45,27,512.121,627.273,30901,2,141,91.268,57.993,NA,0,0,0,107.526
5154,45,28,509.47,627.273,31201.009,2,102,93.919,57.147,NA,2.652,0.009,180,180
5155,45,29,509.47,624.242,31501.019,2,97,96.95,60.046,NA,3.03,0.01,-90,90
5156,45,30,509.47,624.242,31801.029,2,86,96.95,60.046,NA,0,0,0,90
5157,45,31,515.53,624.242,32101.038,2,85,103.01,62.039,NA,6.061,0.02,0,0
5158,45,32,518.182,624.242,32401.048,2,144,105.662,63.075,NA,2.652,0.009,0,0
5159,45,33,518.182,624.242,32701.058,2,116,105.662,63.075,NA,0,0,0,0
5160,45,34,521.591,632.955,33001.068,2,59,115.017,56.906,NA,9.355,0.031,68.629,68.629
5161,45,35,527.273,632.955,33301.077,2,109,120.699,60.017,NA,5.682,0.019,0,-68.629
5162,45,36,527.273,632.955,33601.087,2,100,120.699,60.017,NA,0,0,0,0
5163,45,37,527.273,631.818,33901.097,2,127,121.835,60.946,NA,1.136,0.004,-90,-90
5164,45,38,527.273,629.545,34201.106,2,112,124.108,62.824,NA,2.273,0.008,-90,0
5165,45,39,527.273,629.545,34501.116,2,253,124.108,62.824,NA,0,0,0,90
5166,45,40,527.273,629.545,34801.126,2,69,124.108,62.824,NA,0,0,0,0
5167,45,41,515.53,631.818,35101.135,2,93,136.068,55.081,NA,11.96,0.04,169.046,169.046
5168,45,42,515.53,631.818,35401.145,2,114,136.068,55.081,NA,0,0,0,-169.046
5169,45,43,515.53,630.682,35701.155,2,95,137.205,56.114,NA,1.136,0.004,-90,-90
5170,45,44,515.53,633.712,36001.165,2,180,140.235,53.367,NA,3.03,0.01,90,180
5171,45,45,515.53,633.712,36301.174,2,156,140.235,53.367,NA,0,0,0,-90
5172,45,46,514.394,644.318,36601.184,2,82,150.902,43.462,NA,10.667,0.036,96.116,96.116
5173,45,47,505.682,643.561,36901.194,2,153,159.647,40.49,NA,8.745,0.029,-175.03,88.854
5174,45,48,503.788,643.939,37201.203,2,115,161.578,39.547,NA,1.931,0.006,168.69,-16.28
5175,45,49,491.667,643.939,37501.213,2,88,173.699,37.886,NA,12.121,0.04,180,11.31
5176,45,50,491.667,643.939,37801.223,2,105,173.699,37.886,NA,0,0,0,-180
5177,45,51,491.667,640.152,38101.232,2,54,177.487,41.674,NA,3.788,0.013,-90,-90
5178,45,52,483.333,631.439,38401.242,2,177,189.543,51.192,NA,12.056,0.04,-133.727,-43.727
5179,45,53,483.333,631.439,38701.252,2,171,189.543,51.192,NA,0,0,0,133.727
5180,45,54,475,635.227,39001.262,2,175,198.697,49.743,NA,9.154,0.031,155.556,155.556
5181,45,55,453.03,635.606,39301.271,2,153,220.67,60.724,NA,21.973,0.073,179.012,23.456
5182,45,56,453.03,635.606,39601.281,2,189,220.67,60.724,NA,0,0,0,-179.012
5183,45,57,443.561,635.606,39901.291,2,167,230.14,67.255,NA,9.47,0.032,180,180
5184,45,58,428.409,635.606,40201.3,2,110,245.291,78.953,NA,15.152,0.051,180,0
5185,45,59,428.03,635.606,40501.31,2,139,245.67,79.26,NA,0.379,0.001,180,0
5186,45,60,425.379,639.394,40801.32,2,148,250.294,79.34,NA,4.624,0.015,124.992,-55.008
5187,45,61,412.5,644.318,41101.33,2,188,264.082,88.284,NA,13.788,0.046,159.075,34.083
5188,45,62,405.303,637.121,41401.339,2,106,274.26,97.918,NA,10.178,0.034,-135,65.925
5189,45,63,388.258,634.091,41701.349,2,165,291.573,114.58,NA,17.313,0.058,-169.919,-34.919
5190,45,64,379.924,622.727,42001.359,2,99,305.664,127.075,NA,14.092,0.047,-126.254,43.666
5191,45,65,364.773,609.091,42301.368,2,188,326.049,146.916,NA,20.384,0.068,-138.013,-11.759
5192,45,66,356.061,606.061,42601.378,2,71,335.273,155.994,NA,9.224,0.031,-160.821,-22.808
5193,45,67,347.348,605.303,42901.388,2,149,344.018,164.017,NA,8.745,0.029,-175.03,-14.209
5194,45,68,328.409,603.409,43201.397,2,209,363.052,181.794,NA,19.034,0.063,-174.289,0.741
5195,45,69,317.424,595.455,43501.407,2,229,376.614,195.15,NA,13.563,0.045,-144.09,30.199
5196,45,70,302.273,585.606,43801.417,2,90,394.685,213.106,NA,18.071,0.06,-146.976,-2.886
5197,45,71,286.742,581.439,44101.427,2,95,410.765,228.869,NA,16.08,0.054,-164.982,-18.006
5198,45,72,282.197,571.97,44401.436,2,157,421.269,237.197,NA,10.504,0.035,-115.641,49.341
5199,45,73,282.197,571.97,44701.446,2,121,421.269,237.197,NA,0,0,0,115.641
5200,45,74,271.97,566.667,45001.456,2,196,432.789,248.717,NA,11.52,0.038,-152.592,-152.592
5201,45,75,260.227,565.909,45301.465,2,151,444.556,259.519,NA,11.767,0.039,-176.309,-23.716
5202,45,76,241.288,553.409,45601.475,2,108,467.248,282.061,NA,22.693,0.076,-146.575,29.733
5203,45,77,231.061,554.545,45901.485,2,113,477.539,290.705,NA,10.29,0.034,173.66,-39.765
5204,45,78,235.606,574.621,46201.495,2,162,498.123,278.293,NA,20.584,0.069,77.242,-96.417
5205,45,79,239.015,602.273,46501.504,2,255,525.983,265.601,NA,27.861,0.093,82.972,5.729
5206,45,80,241.288,608.712,46801.514,2,144,532.812,261.561,NA,6.829,0.023,70.56,-12.412
5207,45,81,242.803,606.818,47101.524,2,151,535.238,260.645,NA,2.425,0.008,-51.34,-121.9
5208,45,82,243.182,632.576,47401.533,2,96,560.998,254.06,NA,25.76,0.086,89.157,140.498
5209,45,83,240.152,643.939,47701.543,2,215,572.759,255.101,NA,11.761,0.039,104.931,15.774
5210,45,84,234.091,654.924,48001.553,2,185,585.304,259.729,NA,12.546,0.042,118.887,13.955
5211,45,85,221.97,657.197,48301.562,2,98,597.637,271.573,NA,12.332,0.041,169.38,50.494
5212,45,86,222.348,670.833,48601.572,2,187,611.279,270.299,NA,13.642,0.045,88.409,-80.971
5213,45,87,213.258,684.848,48901.582,2,145,627.984,279.183,NA,16.705,0.056,122.969,34.561
5214,45,88,211.364,696.97,49201.592,2,199,640.252,281.469,NA,12.268,0.041,98.881,-24.089
5215,45,89,212.5,706.439,49501.601,2,69,649.79,281.005,NA,9.538,0.032,83.157,-15.723
5216,45,90,184.47,680.682,49801.611,2,94,687.858,307.957,NA,38.068,0.127,-137.42,139.423
5217,45,91,177.652,684.091,50101.621,2,94,695.481,314.781,NA,7.623,0.025,153.435,-69.146
5218,45,92,174.242,671.212,50401.63,2,92,708.803,318.359,NA,13.322,0.044,-104.826,101.739
5219,45,93,174.242,670.833,50701.64,2,241,709.182,318.371,NA,0.379,0.001,-90,14.826
5220,45,94,174.242,670.833,51001.65,2,224,709.182,318.371,NA,0,0,0,90
5221,45,95,174.242,670.833,51301.659,2,33,709.182,318.371,NA,0,0,0,0
5222,45,96,168.561,680.303,51601.669,2,112,720.225,323.867,NA,11.043,0.037,120.964,120.964
5223,45,97,162.879,675.379,51901.679,2,101,727.744,329.608,NA,7.519,0.025,-139.086,99.951
5224,45,98,162.879,675.379,52201.689,2,120,727.744,329.608,NA,0,0,0,139.086
5225,45,99,152.273,675,52501.698,2,121,738.357,340.22,NA,10.613,0.035,-177.955,-177.955
5226,45,100,152.273,675,52801.708,2,82,738.357,340.22,NA,0,0,0,177.955
5227,45,101,152.273,675,53101.718,2,182,738.357,340.22,NA,0,0,0,0
5228,45,102,137.879,685.985,53401.727,2,60,756.463,354.57,NA,18.107,0.06,142.651,142.651
5229,46,1,609.47,531.818,21000.679,2,36,0,0,NA,NA,NA,NA,NA
5230,46,2,605.682,530.303,21300.689,2,29,4.08,4.08,NA,4.08,0.014,-158.199,NA
5231,46,3,605.682,530.303,21600.699,2,27,4.08,4.08,NA,0,0,0,158.199
5232,46,4,604.924,525.758,21900.708,2,40,8.688,7.576,NA,4.608,0.015,-99.462,-99.462
5233,46,5,602.652,522.348,22200.718,2,78,12.785,11.669,NA,4.097,0.014,-123.69,-24.228
5234,46,6,597.348,522.348,22500.728,2,54,18.088,15.382,NA,5.303,0.018,180,-56.31
5235,46,7,597.348,518.182,22800.738,2,57,22.255,18.245,NA,4.167,0.014,-90,90
5236,46,8,600,518.182,23100.747,2,101,24.906,16.602,NA,2.652,0.009,0,90
5237,46,9,600.379,517.045,23400.757,2,77,26.104,17.346,NA,1.198,0.004,-71.565,-71.565
5238,46,10,595.455,514.773,23700.767,2,65,31.528,22.067,NA,5.423,0.018,-155.225,-83.66
5239,46,11,595.455,514.773,24000.776,2,116,31.528,22.067,NA,0,0,0,155.225
5240,46,12,595.455,525,24300.786,2,88,41.755,15.586,NA,10.227,0.034,90,90
5241,46,13,595.455,525,24600.796,2,48,41.755,15.586,NA,0,0,0,-90
5242,46,14,602.652,533.712,24900.805,2,34,53.055,7.076,NA,11.3,0.038,50.44,50.44
5243,46,15,603.03,533.712,25200.815,2,48,53.434,6.712,NA,0.379,0.001,0,-50.44
5244,46,16,603.03,529.545,25500.825,2,31,57.601,6.829,NA,4.167,0.014,-90,-90
5245,46,17,603.03,521.591,25800.835,2,48,65.555,12.086,NA,7.955,0.027,-90,0
5246,46,18,597.727,515.152,26100.844,2,182,73.897,20.388,NA,8.342,0.028,-129.472,-39.472
5247,46,19,597.727,509.848,26400.854,2,142,79.2,24.911,NA,5.303,0.018,-90,39.472
5248,46,20,597.727,509.848,26700.864,2,100,79.2,24.911,NA,0,0,0,90
5249,46,21,593.939,510.606,27000.873,2,137,83.063,26.29,NA,3.863,0.013,168.69,168.69
5250,46,22,593.939,510.606,27300.883,2,124,83.063,26.29,NA,0,0,0,-168.69
5251,46,23,593.939,510.606,27600.893,2,128,83.063,26.29,NA,0,0,0,0
5252,46,24,596.97,511.364,27900.903,2,54,86.187,23.972,NA,3.124,0.01,14.036,14.036
5253,46,25,598.485,504.167,28200.912,2,100,93.541,29.754,NA,7.355,0.025,-78.111,-92.148
5254,46,26,598.485,504.167,28500.922,2,69,93.541,29.754,NA,0,0,0,78.111
5255,46,27,599.242,502.652,28800.932,2,82,95.235,30.908,NA,1.694,0.006,-63.435,-63.435
5256,46,28,603.788,501.515,29100.941,2,97,99.921,30.831,NA,4.685,0.016,-14.036,49.399
5257,46,29,603.788,501.515,29400.951,2,68,99.921,30.831,NA,0,0,0,14.036
5258,46,30,603.788,507.576,29700.961,2,85,105.981,24.899,NA,6.061,0.02,90,90
5259,46,31,597.348,503.409,30000.97,2,69,113.651,30.887,NA,7.67,0.026,-147.095,122.905
5260,46,32,592.803,507.197,30300.98,2,64,119.568,29.732,NA,5.917,0.02,140.194,-72.711
5261,46,33,592.803,500,30600.99,2,105,126.765,35.919,NA,7.197,0.024,-90,129.806
5262,46,34,586.742,492.045,30901,2,95,136.765,45.808,NA,10,0.033,-127.304,-37.304
5263,46,35,586.742,492.803,31201.009,2,133,137.523,45.152,NA,0.758,0.003,90,-142.696
5264,46,36,584.47,492.045,31501.019,2,89,139.918,46.977,NA,2.396,0.008,-161.565,108.435
5265,46,37,588.258,481.061,31801.029,2,69,151.538,55.012,NA,11.62,0.039,-70.974,90.591
5266,46,38,589.394,479.545,32101.038,2,77,153.432,55.995,NA,1.894,0.006,-53.13,17.844
5267,46,39,589.394,479.545,32401.048,2,131,153.432,55.995,NA,0,0,0,53.13
5268,46,40,596.97,472.727,32701.058,2,126,163.624,60.399,NA,10.192,0.034,-41.987,-41.987
5269,46,41,598.485,459.47,33001.068,2,58,176.968,73.178,NA,13.344,0.044,-83.48,-41.493
5270,46,42,598.485,459.47,33301.077,2,92,176.968,73.178,NA,0,0,0,83.48
5271,46,43,590.53,439.015,33601.087,2,81,198.915,94.716,NA,21.947,0.073,-111.251,-111.251
5272,46,44,581.818,432.955,33901.097,2,192,209.528,102.658,NA,10.613,0.035,-145.176,-33.925
5273,46,45,580.682,425.379,34201.106,2,96,217.188,110.264,NA,7.661,0.026,-98.531,46.645
5274,46,46,579.167,414.015,34501.116,2,109,228.652,121.638,NA,11.464,0.038,-97.595,0.936
5275,46,47,579.167,410.227,34801.126,2,96,232.44,125.31,NA,3.788,0.013,-90,7.595
5276,46,48,574.242,403.409,35101.135,2,68,240.851,133.154,NA,8.41,0.028,-125.838,-35.838
5277,46,49,574.242,403.409,35401.145,2,81,240.851,133.154,NA,0,0,0,125.838
5278,46,50,562.879,403.409,35701.155,2,84,252.214,136.6,NA,11.364,0.038,180,180
5279,46,51,562.879,376.515,36001.165,2,58,279.108,162.141,NA,26.894,0.09,-90,90
5280,46,52,572.348,351.136,36301.174,2,47,306.196,184.456,NA,27.088,0.09,-69.538,20.462
5281,46,53,570.076,331.439,36601.184,2,152,326.024,204.214,NA,19.828,0.066,-96.582,-27.044
5282,46,54,563.258,325,36901.194,2,200,335.402,211.918,NA,9.378,0.031,-136.637,-40.055
5283,46,55,545.076,313.636,37201.203,2,171,356.843,227.486,NA,21.441,0.071,-147.995,-11.358
5284,46,56,543.561,312.879,37501.213,2,118,358.537,228.645,NA,1.694,0.006,-153.435,-5.44
5285,46,57,533.333,303.788,37801.223,2,185,372.221,240.405,NA,13.684,0.046,-138.366,15.068
5286,46,58,527.273,308.712,38101.232,2,162,380.03,237.766,NA,7.809,0.026,140.906,-80.727
5287,46,59,525,287.121,38401.242,2,184,401.74,258.866,NA,21.71,0.072,-96.009,123.085
5288,46,60,525,287.121,38701.252,2,103,401.74,258.866,NA,0,0,0,96.009
5289,46,61,525,279.167,39001.262,2,108,409.694,266.398,NA,7.955,0.027,-90,-90
5290,46,62,535.985,279.167,39301.271,2,97,420.679,263.121,NA,10.985,0.037,0,90
5291,46,63,543.561,274.242,39601.281,2,232,429.715,265.875,NA,9.036,0.03,-33.024,-33.024
5292,46,64,544.318,257.955,39901.291,2,51,446.02,281.507,NA,16.305,0.054,-87.337,-54.313
5293,46,65,570.455,236.364,40201.3,2,159,479.921,298.019,NA,33.901,0.113,-39.56,47.777
5294,46,66,580.303,216.667,40501.31,2,232,501.943,316.498,NA,22.022,0.073,-63.435,-23.875
5295,46,67,577.652,207.576,40801.32,2,212,511.413,325.8,NA,9.47,0.032,-106.26,-42.825
5296,46,68,577.652,207.576,41101.33,2,157,511.413,325.8,NA,0,0,0,106.26
5297,46,69,577.652,207.576,41401.339,2,125,511.413,325.8,NA,0,0,0,0
5298,46,70,577.652,207.576,41701.349,2,98,511.413,325.8,NA,0,0,0,0
5299,46,71,583.333,204.545,42001.359,2,78,517.852,328.315,NA,6.439,0.021,-28.072,-28.072
5300,46,72,597.348,193.939,42301.368,2,90,535.428,338.096,NA,17.576,0.059,-37.117,-9.044
5301,46,73,614.773,182.197,42601.378,2,121,556.44,349.661,NA,21.012,0.07,-33.977,3.14
5302,46,74,627.652,171.212,42901.388,2,103,573.367,361.064,NA,16.927,0.056,-40.462,-6.486
5303,46,75,631.818,161.742,43201.397,2,139,583.713,370.75,NA,10.346,0.034,-66.251,-25.788
5304,46,76,623.106,161.742,43501.407,2,93,592.425,370.327,NA,8.712,0.029,180,-113.749
5305,46,77,623.106,162.121,43801.417,2,100,592.804,369.948,NA,0.379,0.001,90,-90
5306,46,78,623.106,162.121,44101.427,2,164,592.804,369.948,NA,0,0,0,-90
5307,46,79,623.106,162.121,44401.436,2,59,592.804,369.948,NA,0,0,0,0
5308,46,80,631.439,162.121,44701.446,2,123,601.137,370.349,NA,8.333,0.028,0,0
5309,46,81,631.439,162.121,45001.456,2,155,601.137,370.349,NA,0,0,0,0
5310,46,82,631.439,162.121,45301.465,2,142,601.137,370.349,NA,0,0,0,0
5311,46,83,631.439,162.121,45601.475,2,160,601.137,370.349,NA,0,0,0,0
5312,46,84,633.333,160.606,45901.485,2,199,603.562,371.978,NA,2.425,0.008,-38.66,-38.66
5313,46,85,636.742,153.788,46201.495,2,131,611.185,379.013,NA,7.623,0.025,-63.435,-24.775
5314,46,86,632.576,145.455,46501.504,2,100,620.502,387.054,NA,9.317,0.031,-116.565,-53.13
5315,46,87,632.576,145.833,46801.514,2,117,620.881,386.676,NA,0.379,0.001,90,-153.435
5316,46,88,629.924,150.758,47101.524,2,116,626.474,381.609,NA,5.593,0.019,118.301,28.301
5317,46,89,629.924,151.136,47401.533,2,128,626.853,381.231,NA,0.379,0.001,90,-28.301
5318,46,90,629.924,156.439,47701.543,2,120,632.156,375.936,NA,5.303,0.018,90,0
5319,46,91,629.924,162.5,48001.553,2,196,638.216,369.884,NA,6.061,0.02,90,0
5320,46,92,629.924,162.5,48301.562,2,192,638.216,369.884,NA,0,0,0,-90
5321,46,93,629.167,162.5,48601.572,2,234,638.974,369.843,NA,0.758,0.003,180,180
5322,46,94,629.167,162.5,48901.582,2,199,638.974,369.843,NA,0,0,0,-180
5323,46,95,624.242,162.5,49201.592,2,104,643.898,369.614,NA,4.924,0.016,180,180
5324,46,96,632.955,146.97,49501.601,2,132,661.705,385.564,NA,17.807,0.059,-60.709,119.291
5325,46,97,640.53,149.621,49801.611,2,76,669.732,383.457,NA,8.026,0.027,19.29,79.999
5326,46,98,647.348,143.939,50101.621,2,105,678.607,389.724,NA,8.875,0.03,-39.806,-59.096
5327,46,99,668.939,136.364,50401.63,2,205,701.488,399.901,NA,22.881,0.076,-19.335,20.471
5328,46,100,667.045,136.364,50701.64,2,54,703.382,399.624,NA,1.894,0.006,180,-160.665
5329,46,101,695.076,135.227,51001.65,2,109,731.435,405.725,NA,28.053,0.094,-2.322,177.678
5330,46,102,706.818,128.409,51301.659,2,99,745.014,414.989,NA,13.578,0.045,-30.141,-27.82
5331,46,103,711.364,134.47,51601.669,2,98,752.59,410.205,NA,7.576,0.025,53.13,83.271
5332,46,104,723.864,130.303,51901.679,2,183,765.766,417.493,NA,13.176,0.044,-18.435,-71.565
5333,46,105,731.818,127.652,52201.689,2,152,774.151,422.279,NA,8.385,0.028,-18.435,0
5334,46,106,737.879,123.485,52501.698,2,115,781.505,428.048,NA,7.355,0.025,-34.509,-16.074
5335,46,107,754.545,123.485,52801.708,2,191,798.172,433.339,NA,16.667,0.056,0,34.509
5336,46,108,753.409,123.485,53101.718,2,74,799.308,432.96,NA,1.136,0.004,180,180
5337,46,109,768.182,123.485,53401.727,2,127,814.081,438.093,NA,14.773,0.049,0,-180
5338,46,110,756.818,115.909,53701.737,2,108,827.738,441.239,NA,13.657,0.046,-146.31,-146.31
5339,46,111,750.758,108.333,54001.747,2,157,837.44,446.432,NA,9.702,0.032,-128.66,17.65
5340,46,112,750.758,93.939,54301.757,2,158,851.834,460.109,NA,14.394,0.048,-90,38.66
5341,46,113,739.773,64.394,54601.766,2,36,883.356,485.247,NA,31.521,0.105,-110.395,-20.395
5342,46,114,737.121,39.394,54901.776,2,91,908.496,508.701,NA,25.14,0.084,-96.054,14.341
5343,46,115,728.03,37.5,55201.786,2,200,917.782,508.338,NA,9.286,0.031,-168.232,-72.178
5344,46,116,723.485,28.788,55501.795,2,151,927.608,515.79,NA,9.827,0.033,-117.553,50.679
5345,46,117,723.106,28.409,55801.805,2,196,928.144,516.076,NA,0.536,0.002,-135,-17.447
5346,46,118,716.288,28.409,56101.815,2,88,934.962,514.617,NA,6.818,0.023,180,-45
5347,46,119,720.455,33.333,56401.824,2,102,941.413,510.69,NA,6.451,0.022,49.764,-130.236
5348,46,120,725,28.788,56701.834,2,114,947.841,516.127,NA,6.428,0.021,-45,-94.764
5349,46,121,730.682,26.515,57001.844,2,76,953.961,519.638,NA,6.12,0.02,-21.801,23.199
5350,46,122,721.591,22.727,57301.854,2,72,963.809,521.291,NA,9.848,0.033,-157.38,-135.579
5351,47,1,594.697,531.818,30901,2,41,0,0,NA,NA,NA,NA,NA
5352,47,2,593.182,523.864,31201.009,2,62,8.098,8.098,NA,8.098,0.027,-100.784,NA
5353,47,3,593.182,516.667,31501.019,2,82,15.295,15.227,NA,7.197,0.024,-90,10.784
5354,47,4,593.182,516.667,31801.029,2,134,15.295,15.227,NA,0,0,0,90
5355,47,5,589.773,509.091,32101.038,2,201,23.602,23.255,NA,8.307,0.028,-114.228,-114.228
5356,47,6,585.227,501.894,32401.048,2,116,32.114,31.387,NA,8.512,0.028,-122.276,-8.048
5357,47,7,583.333,493.561,32701.058,2,92,40.66,39.91,NA,8.546,0.028,-102.804,19.471
5358,47,8,587.5,484.091,33001.068,2,117,51.006,48.267,NA,10.346,0.034,-66.251,36.554
5359,47,9,593.182,479.545,33301.077,2,54,58.282,52.295,NA,7.276,0.024,-38.66,27.591
5360,47,10,597.348,473.485,33601.087,2,75,65.637,58.394,NA,7.355,0.025,-55.491,-16.832
5361,47,11,600.379,468.939,33901.097,2,74,71.1,63.135,NA,5.463,0.018,-56.31,-0.818
5362,47,12,599.621,443.561,34201.106,2,77,96.49,88.395,NA,25.39,0.085,-91.71,-35.4
5363,47,13,610.227,425.758,34501.116,2,73,117.213,107.192,NA,20.723,0.069,-59.216,32.494
5364,47,14,624.242,400,34801.126,2,150,146.536,135.089,NA,29.324,0.098,-61.449,-2.233
5365,47,15,618.939,387.5,35101.135,2,115,160.115,146.34,NA,13.578,0.045,-112.989,-51.54
5366,47,16,623.864,368.561,35401.145,2,133,179.684,165.842,NA,19.569,0.065,-75.426,37.563
5367,47,17,634.47,356.061,35701.155,2,123,196.077,180.202,NA,16.393,0.055,-49.686,25.74
5368,47,18,638.258,340.53,36001.165,2,236,212.063,196.185,NA,15.986,0.053,-76.293,-26.607
5369,47,19,641.667,326.894,36301.174,2,117,226.119,210.238,NA,14.056,0.047,-75.964,0.329
5370,47,20,643.561,308.333,36601.184,2,103,244.776,228.764,NA,18.657,0.062,-84.174,-8.21
5371,47,21,656.818,307.955,36901.194,2,46,258.039,232.323,NA,13.263,0.044,-1.637,82.537
5372,47,22,659.091,300.758,37201.203,2,98,265.586,239.866,NA,7.547,0.025,-72.474,-70.838
5373,47,23,665.53,289.773,37501.213,2,107,278.319,252.197,NA,12.733,0.042,-59.621,12.854
5374,47,24,673.106,272.727,37801.223,2,65,296.972,270.696,NA,18.653,0.062,-66.038,-6.417
5375,47,25,680.682,256.439,38101.232,2,229,314.936,288.491,NA,17.963,0.06,-65.056,0.981
5376,47,26,681.061,244.697,38401.242,2,144,326.684,299.829,NA,11.749,0.039,-88.152,-23.096
5377,47,27,687.121,242.803,38701.252,2,94,333.034,303.434,NA,6.35,0.021,-17.354,70.798
5378,47,28,702.273,231.439,39001.262,2,88,351.973,319.061,NA,18.939,0.063,-36.87,-19.516
5379,47,29,718.939,212.5,39301.271,2,228,377.202,342.637,NA,25.229,0.084,-48.652,-11.782
5380,47,30,715.909,204.545,39601.281,2,91,385.714,348.998,NA,8.512,0.028,-110.854,-62.202
5381,47,31,716.288,191.288,39901.291,2,139,398.977,361.587,NA,13.263,0.044,-88.363,22.491
5382,47,32,714.015,179.545,40201.3,2,107,410.937,371.931,NA,11.96,0.04,-100.954,-12.591
5383,47,33,704.924,168.182,40501.31,2,89,425.49,379.976,NA,14.553,0.049,-128.66,-27.706
5384,47,34,704.545,155.682,40801.32,2,106,437.996,391.849,NA,12.506,0.042,-91.736,36.924
5385,47,35,703.409,143.561,41101.33,2,100,450.17,403.19,NA,12.174,0.041,-95.356,-3.62
5386,47,36,704.545,129.167,41401.339,2,123,464.609,417.367,NA,14.439,0.048,-85.486,9.87
5387,47,37,704.545,125.379,41701.349,2,124,468.397,421.022,NA,3.788,0.013,-90,-4.514
5388,47,38,704.545,125.379,42001.359,2,102,468.397,421.022,NA,0,0,0,90
5389,47,39,704.545,125.379,42301.368,2,82,468.397,421.022,NA,0,0,0,0
5390,47,40,712.121,132.197,42601.378,2,146,478.589,416.516,NA,10.192,0.034,41.987,41.987
5391,47,41,711.742,139.015,42901.388,2,123,485.417,409.871,NA,6.829,0.023,93.18,51.193
5392,47,42,704.167,140.53,43201.397,2,152,493.143,406.312,NA,7.726,0.026,168.69,75.51
5393,47,43,689.394,132.576,43501.407,2,196,509.921,410.319,NA,16.778,0.056,-151.699,39.611
5394,47,44,672.727,109.47,43801.417,2,94,538.411,429.496,NA,28.49,0.095,-125.803,25.896
5395,47,45,672.727,109.848,44101.427,2,192,538.79,429.124,NA,0.379,0.001,90,-144.197
5396,47,46,672.727,109.47,44401.436,2,130,539.169,429.496,NA,0.379,0.001,-90,-180
5397,47,47,665.909,106.818,44701.446,2,190,546.484,430.925,NA,7.316,0.024,-158.749,-68.749
5398,47,48,665.909,92.045,45001.456,2,198,561.257,445.501,NA,14.773,0.049,-90,68.749
5399,47,49,671.97,84.848,45301.465,2,149,570.666,453.6,NA,9.409,0.031,-49.899,40.101
5400,47,50,676.136,83.333,45601.475,2,70,575.1,455.819,NA,4.434,0.015,-19.983,29.916
5401,47,51,675.758,81.061,45901.485,2,137,577.404,457.988,NA,2.304,0.008,-99.462,-79.479
5402,47,52,674.242,78.788,46201.495,2,136,580.135,459.961,NA,2.731,0.009,-123.69,-24.228
5403,47,53,674.242,79.167,46501.504,2,95,580.514,459.588,NA,0.379,0.001,90,-146.31
5404,47,54,665.53,79.167,46801.514,2,128,589.226,458.16,NA,8.712,0.029,180,90
5405,47,55,665.53,75,47101.524,2,58,593.393,462.277,NA,4.167,0.014,-90,90
5406,47,56,671.591,75,47401.533,2,153,599.453,463.245,NA,6.061,0.02,0,90
5407,47,57,684.848,51.136,47701.543,2,86,626.752,489.063,NA,27.299,0.091,-60.945,-60.945
5408,48,1,1075,922.727,45001.456,2,76,0,0,NA,NA,NA,NA,NA
5409,48,2,1084.47,923.106,45301.465,2,50,9.477,9.477,NA,9.477,0.032,2.291,NA
5410,48,3,1092.803,923.106,45601.475,2,56,17.811,17.807,NA,8.333,0.028,0,-2.291
5411,48,4,1100.379,919.697,45901.485,2,67,26.118,25.559,NA,8.307,0.028,-24.228,-24.228
5412,48,5,1110.227,928.409,46201.495,2,117,39.267,35.683,NA,13.149,0.044,41.496,65.724
5413,48,6,1117.045,929.545,46501.504,2,108,46.179,42.595,NA,6.912,0.023,9.462,-32.034
5414,48,7,1125.379,929.545,46801.514,2,85,54.513,50.838,NA,8.333,0.028,0,-9.462
5415,48,8,1128.03,936.364,47101.524,2,57,61.828,54.755,NA,7.316,0.024,68.749,68.749
5416,48,9,1142.424,932.576,47401.533,2,128,76.712,68.14,NA,14.884,0.05,-14.744,-83.493
5417,48,10,1142.424,932.576,47701.543,2,136,76.712,68.14,NA,0,0,0,14.744
5418,48,11,1142.424,932.576,48001.553,2,126,76.712,68.14,NA,0,0,0,0
5419,48,12,1148.485,932.576,48301.562,2,126,82.773,74.142,NA,6.061,0.02,0,0
5420,48,13,1155.682,932.576,48601.572,2,110,89.97,81.281,NA,7.197,0.024,0,0
5421,48,14,1159.848,930.682,48901.582,2,74,94.547,85.221,NA,4.577,0.015,-24.444,-24.444
5422,48,15,1174.621,928.03,49201.592,2,58,109.555,99.762,NA,15.009,0.05,-10.176,14.268
5423,48,16,1185.985,927.652,49501.601,2,89,120.925,111.094,NA,11.37,0.038,-1.909,8.266
5424,48,17,1192.424,927.652,49801.611,2,125,127.365,117.527,NA,6.439,0.021,0,1.909
5425,48,18,1192.424,927.652,50101.621,2,98,127.365,117.527,NA,0,0,0,0
5426,48,19,1199.242,929.167,50401.63,2,127,134.349,124.409,NA,6.985,0.023,12.529,12.529
5427,48,20,1204.167,931.439,50701.64,2,119,139.773,129.46,NA,5.423,0.018,24.775,12.246
5428,48,21,1204.167,931.439,51001.65,2,56,139.773,129.46,NA,0,0,0,-24.775
5429,48,22,1209.47,928.409,51301.659,2,75,145.88,134.59,NA,6.108,0.02,-29.745,-29.745
5430,48,23,1209.47,928.409,51601.669,2,120,145.88,134.59,NA,0,0,0,29.745
5431,48,24,1209.47,928.409,51901.679,2,153,145.88,134.59,NA,0,0,0,0
5432,48,25,1209.47,928.409,52201.689,2,78,145.88,134.59,NA,0,0,0,0
5433,48,26,1210.606,935.606,52501.698,2,94,153.167,136.216,NA,7.286,0.024,81.027,81.027
5434,48,27,1211.742,938.258,52801.708,2,46,156.051,137.622,NA,2.885,0.01,66.801,-14.226
5435,48,28,1211.742,925.758,53101.718,2,125,168.551,136.776,NA,12.5,0.042,-90,-156.801
5436,48,29,1213.258,923.106,53401.727,2,100,171.605,138.258,NA,3.054,0.01,-60.255,29.745
5437,48,30,1213.258,923.106,53701.737,2,115,171.605,138.258,NA,0,0,0,60.255
5438,48,31,1221.212,923.106,54001.747,2,62,179.56,146.213,NA,7.955,0.027,0,0
5439,48,32,1223.106,923.106,54301.757,2,90,181.454,148.107,NA,1.894,0.006,0,0
5440,48,33,1228.03,923.106,54601.766,2,126,186.378,153.031,NA,4.924,0.016,0,0
5441,48,34,1228.03,923.106,54901.776,2,76,186.378,153.031,NA,0,0,0,0
5442,48,35,1228.03,923.106,55201.786,2,155,186.378,153.031,NA,0,0,0,0
5443,48,36,1231.818,913.636,55501.795,2,89,196.577,157.081,NA,10.199,0.034,-68.199,-68.199
5444,48,37,1231.818,913.636,55801.805,2,135,196.577,157.081,NA,0,0,0,68.199
5445,48,38,1231.818,913.636,56101.815,2,91,196.577,157.081,NA,0,0,0,0
5446,48,39,1231.818,913.636,56401.824,2,82,196.577,157.081,NA,0,0,0,0
5447,48,40,1234.848,920.455,56701.834,2,171,204.038,159.865,NA,7.461,0.025,66.038,66.038
5448,48,41,1234.848,920.455,57001.844,2,102,204.038,159.865,NA,0,0,0,-66.038
5449,48,42,1227.273,920.455,57301.854,2,152,211.614,152.29,NA,7.576,0.025,180,180
5450,48,43,1228.03,920.455,57601.863,2,62,212.372,153.047,NA,0.758,0.003,0,-180
5451,48,44,1235.227,921.97,57901.873,2,138,219.726,160.229,NA,7.355,0.025,11.889,11.889
5452,48,45,1243.939,916.667,58201.883,2,167,229.926,169.048,NA,10.199,0.034,-31.329,-43.217
5453,48,46,1246.97,914.394,58501.892,2,114,233.714,172.171,NA,3.788,0.013,-36.87,-5.541
5454,48,47,1253.03,910.606,58801.902,2,126,240.86,178.442,NA,7.147,0.024,-32.005,4.865
5455,48,48,1264.394,897.348,59101.912,2,152,258.322,191.087,NA,17.461,0.058,-49.399,-17.393
5456,48,49,1264.394,895.076,59401.922,2,132,260.594,191.402,NA,2.273,0.008,-90,-40.601
5457,48,50,1264.394,895.076,59701.931,2,178,260.594,191.402,NA,0,0,0,90
5458,48,51,1264.394,895.076,60001.941,2,142,260.594,191.402,NA,0,0,0,0
5459,48,52,1264.394,890.909,60301.951,2,129,264.761,192.048,NA,4.167,0.014,-90,-90
5460,48,53,1259.091,885.227,60601.96,2,98,272.533,187.872,NA,7.772,0.026,-133.025,-43.025
5461,48,54,1258.333,878.03,60901.97,2,203,279.77,188.703,NA,7.237,0.024,-96.009,37.016
5462,48,55,1258.333,878.03,61201.98,2,120,279.77,188.703,NA,0,0,0,96.009
5463,48,56,1251.515,878.788,61501.989,2,107,286.63,181.902,NA,6.86,0.023,173.66,173.66
5464,48,57,1251.515,890.152,61801.999,2,181,297.994,179.496,NA,11.364,0.038,90,-83.66
5465,48,58,1252.652,894.318,62102.009,2,142,302.313,179.909,NA,4.319,0.014,74.745,-15.255
5466,48,59,1253.409,894.318,62402.019,2,137,303.07,180.657,NA,0.758,0.003,0,-74.745
5467,48,60,1260.606,888.258,62702.028,2,126,312.479,188.78,NA,9.409,0.031,-40.101,-40.101
5468,48,61,1276.136,878.788,63002.038,2,72,330.669,205.88,NA,18.19,0.061,-31.373,8.728
5469,48,62,1288.258,878.409,63302.048,2,102,342.796,217.814,NA,12.127,0.04,-1.79,29.583
5470,48,63,1303.788,873.485,63602.057,2,76,359.088,234.027,NA,16.292,0.054,-17.592,-15.803
5471,48,64,1343.939,859.47,63902.067,2,100,401.615,276.279,NA,42.527,0.142,-19.242,-1.649
5472,48,65,1360.985,856.061,64202.077,2,88,418.998,293.652,NA,17.383,0.058,-11.31,7.932
5473,48,66,1370.076,858.712,64502.086,2,118,428.468,301.94,NA,9.47,0.032,16.26,27.57
5474,48,67,1376.515,869.697,64802.096,2,110,441.201,306.143,NA,12.733,0.042,59.621,43.361
5475,48,68,1376.515,869.697,65102.106,2,109,441.201,306.143,NA,0,0,0,-59.621
5476,48,69,1378.03,860.227,65402.116,2,106,450.791,309.408,NA,9.59,0.032,-80.91,-80.91
5477,48,70,1381.061,854.545,65702.125,2,154,457.231,313.563,NA,6.439,0.021,-61.928,18.982
5478,48,71,1385.606,854.545,66002.135,2,167,461.776,318.001,NA,4.545,0.015,0,61.928
5479,48,72,1385.606,854.924,66302.145,2,94,462.155,317.92,NA,0.379,0.001,90,90
5480,48,73,1390.909,849.242,66602.154,2,155,469.927,324.343,NA,7.772,0.026,-46.975,-136.975
5481,48,74,1390.909,849.242,66902.164,2,81,469.927,324.343,NA,0,0,0,46.975
5482,48,75,1395.833,853.409,67202.174,2,88,476.378,328.236,NA,6.451,0.022,40.236,40.236
5483,48,76,1395.833,854.167,67502.184,2,131,477.135,328.077,NA,0.758,0.003,90,49.764
5484,48,77,1405.682,854.167,67802.193,2,85,486.984,337.714,NA,9.848,0.033,0,-90
5485,48,78,1408.712,854.167,68102.203,2,215,490.014,340.682,NA,3.03,0.01,0,0
5486,48,79,1408.712,854.167,68402.213,2,103,490.014,340.682,NA,0,0,0,0
5487,48,80,1415.909,848.485,68702.222,2,95,499.184,348.9,NA,9.169,0.031,-38.29,-38.29
5488,48,81,1416.667,848.106,69002.232,2,68,500.031,349.721,NA,0.847,0.003,-26.565,11.725
5489,48,82,1419.697,848.106,69302.242,2,68,503.061,352.682,NA,3.03,0.01,0,26.565
5490,48,83,1420.455,856.439,69602.251,2,47,511.429,351.757,NA,8.368,0.028,84.806,84.806
5491,48,84,1424.242,856.439,69902.261,2,44,515.216,355.478,NA,3.788,0.013,0,-84.806
5492,48,85,1424.242,856.439,70202.271,2,57,515.216,355.478,NA,0,0,0,0
5493,48,86,1432.576,856.439,70502.281,2,34,523.55,363.668,NA,8.333,0.028,0,0
5494,48,87,1436.364,856.439,70802.29,2,70,527.338,367.393,NA,3.788,0.013,0,0
5495,48,88,1439.015,854.545,71102.3,2,74,530.596,370.346,NA,3.258,0.011,-35.538,-35.538
5496,48,89,1443.561,850.379,71402.31,2,65,536.762,375.594,NA,6.166,0.021,-42.51,-6.973
5497,48,90,1447.348,849.621,71702.319,2,102,540.625,379.457,NA,3.863,0.013,-11.31,31.201
5498,48,92,1452.273,840.909,72002.329,2,78,550.633,386.043,NA,10.007,0.033,-60.524,-49.214
5499,49,1,435.606,846.212,13500.437,2,81,0,0,NA,NA,NA,NA,NA
5500,49,2,431.818,850.379,13800.446,2,37,5.631,5.631,NA,5.631,0.019,132.274,NA
5501,49,3,425.379,843.939,14100.456,2,136,14.738,10.477,NA,9.107,0.03,-135,92.726
5502,49,4,425.379,838.636,14400.466,2,78,20.041,12.727,NA,5.303,0.018,-90,45
5503,49,5,425.379,838.636,14700.476,2,108,20.041,12.727,NA,0,0,0,90
5504,49,6,424.621,834.47,15000.485,2,120,24.276,16.08,NA,4.235,0.014,-100.305,-100.305
5505,49,7,423.106,833.333,15300.495,2,111,26.17,17.948,NA,1.894,0.006,-143.13,-42.825
5506,49,8,426.515,833.712,15600.505,2,102,29.6,15.456,NA,3.43,0.011,6.34,149.47
5507,49,9,426.515,833.712,15900.514,2,57,29.6,15.456,NA,0,0,0,-6.34
5508,49,10,426.515,840.909,16200.524,2,104,36.797,10.525,NA,7.197,0.024,90,90
5509,49,11,424.242,842.424,16500.534,2,83,39.528,11.978,NA,2.731,0.009,146.31,56.31
5510,49,12,422.348,847.727,16800.543,2,83,45.159,13.344,NA,5.631,0.019,109.654,-36.656
5511,49,13,428.788,854.924,17100.553,2,117,54.817,11.063,NA,9.657,0.032,48.18,-61.474
5512,49,14,435.606,867.803,17400.563,2,193,69.389,21.591,NA,14.572,0.049,62.103,13.923
5513,49,15,435.985,867.803,17700.573,2,108,69.768,21.594,NA,0.379,0.001,0,-62.103
5514,49,16,435.985,881.439,18000.582,2,100,83.404,35.229,NA,13.636,0.045,90,90
5515,49,17,432.197,881.439,18300.592,2,159,87.192,35.392,NA,3.788,0.013,180,90
5516,49,18,432.197,884.091,18600.602,2,116,89.843,38.032,NA,2.652,0.009,90,-90
5517,49,19,425,884.47,18900.611,2,114,97.05,39.701,NA,7.207,0.024,176.987,86.987
5518,49,20,425,884.091,19200.621,2,150,97.429,39.336,NA,0.379,0.001,-90,93.013
5519,49,21,425,893.182,19500.631,2,201,106.52,48.152,NA,9.091,0.03,90,180
5520,49,22,425,893.182,19800.641,2,104,106.52,48.152,NA,0,0,0,-90
5521,49,23,425,893.182,20100.65,2,99,106.52,48.152,NA,0,0,0,0
5522,49,24,421.591,903.788,20400.66,2,105,117.66,59.257,NA,11.14,0.037,107.819,107.819
5523,49,25,418.182,909.47,20700.67,2,120,124.287,65.613,NA,6.626,0.022,120.964,13.145
5524,49,26,418.182,909.47,21000.679,2,179,124.287,65.613,NA,0,0,0,-120.964
5525,49,27,412.5,909.47,21300.689,2,99,129.968,67.345,NA,5.682,0.019,180,180
5526,49,28,399.242,911.742,21600.699,2,124,143.419,74.944,NA,13.451,0.045,170.272,-9.728
5527,49,29,399.242,911.742,21900.708,2,193,143.419,74.944,NA,0,0,0,-170.272
5528,49,30,399.621,900.758,22200.718,2,195,154.411,65.346,NA,10.991,0.037,-88.025,-88.025
5529,49,31,401.136,891.667,22500.728,2,172,163.627,57.046,NA,9.216,0.031,-80.538,7.487
5530,49,32,401.136,889.394,22800.738,2,67,165.9,55.252,NA,2.273,0.008,-90,-9.462
5531,49,33,393.939,895.833,23100.747,2,104,175.557,64.795,NA,9.657,0.032,138.18,-131.82
5532,49,34,390.909,903.788,23400.757,2,107,184.069,72.889,NA,8.512,0.028,110.854,-27.325
5533,49,35,379.545,913.636,23700.767,2,124,199.107,87.686,NA,15.037,0.05,139.086,28.231
5534,49,36,378.409,916.667,24000.776,2,194,202.343,90.749,NA,3.236,0.011,110.556,-28.53
5535,49,37,375.758,915.909,24300.786,2,99,205.101,91.867,NA,2.758,0.009,-164.055,85.389
5536,49,38,375.758,915.909,24600.796,2,129,205.101,91.867,NA,0,0,0,164.055
5537,49,39,356.818,915.909,24900.805,2,99,224.04,105.191,NA,18.939,0.063,180,180
5538,49,40,346.591,929.545,25200.815,2,161,241.085,121.935,NA,17.045,0.057,126.87,-53.13
5539,49,41,337.879,937.121,25500.825,2,88,252.631,133.473,NA,11.545,0.038,138.991,12.121
5540,49,42,326.894,936.742,25800.835,2,103,263.622,141.471,NA,10.991,0.037,-178.025,42.984
5541,49,43,317.803,935.985,26100.844,2,226,272.745,148.11,NA,9.122,0.03,-175.236,2.789
5542,49,44,319.697,923.106,26400.854,2,222,285.762,139.096,NA,13.017,0.043,-81.634,93.602
5543,49,45,310.985,914.773,26700.864,2,131,297.818,142.236,NA,12.056,0.04,-136.273,-54.639
5544,49,46,301.515,905.303,27000.873,2,131,311.21,146.534,NA,13.392,0.045,-135,1.273
5545,49,47,290.909,895.455,27300.883,2,230,325.683,152.846,NA,14.473,0.048,-137.121,-2.121
5546,49,48,287.121,885.985,27600.893,2,157,335.883,153.719,NA,10.199,0.034,-111.801,25.32
5547,49,49,274.621,880.682,27900.903,2,154,349.461,164.634,NA,13.578,0.045,-157.011,-45.21
5548,49,50,269.318,873.485,28200.912,2,191,358.401,168.51,NA,8.94,0.03,-126.384,30.627
5549,49,51,268.939,864.773,28500.922,2,128,367.121,167.697,NA,8.72,0.029,-92.49,33.895
5550,49,52,243.939,861.364,28800.932,2,152,392.352,192.265,NA,25.231,0.084,-172.235,-79.745
5551,49,53,237.121,861.364,29100.941,2,194,399.171,199.062,NA,6.818,0.023,180,-7.765
5552,50,1,490.404,656.061,24900.805,2,46,0,0,NA,NA,NA,NA,NA
5553,50,2,484.848,656.061,25200.815,2,101,5.556,5.556,NA,5.556,0.019,180,NA
5554,50,3,484.848,656.061,25500.825,2,67,5.556,5.556,NA,0,0,0,-180
5555,50,4,484.848,656.061,25800.835,2,118,5.556,5.556,NA,0,0,0,0
5556,50,5,484.848,656.061,26100.844,2,59,5.556,5.556,NA,0,0,0,0
5557,50,6,480.303,651.01,26400.854,2,74,12.35,11.293,NA,6.795,0.023,-131.987,-131.987
5558,50,7,480.303,651.01,26700.864,2,117,12.35,11.293,NA,0,0,0,131.987
5559,50,8,480.303,653.283,27000.873,2,162,14.623,10.476,NA,2.273,0.008,90,90
5560,50,9,478.283,658.838,27300.883,2,128,20.535,12.435,NA,5.911,0.02,109.983,19.983
5561,50,10,475.758,658.838,27600.893,2,136,23.06,14.908,NA,2.525,0.008,180,70.017
5562,50,11,475.758,658.838,27900.903,2,113,23.06,14.908,NA,0,0,0,-180
5563,50,12,467.929,658.838,28200.912,2,78,30.888,22.646,NA,7.828,0.026,180,180
5564,50,13,467.677,658.838,28500.922,2,132,31.141,22.896,NA,0.253,8.417E-4,180,0
5565,50,14,467.677,653.283,28800.932,2,115,36.696,22.896,NA,5.556,0.019,-90,90
5566,50,15,468.939,651.515,29100.941,2,158,38.868,21.941,NA,2.172,0.007,-54.462,35.538
5567,50,16,468.939,648.485,29400.951,2,121,41.899,22.762,NA,3.03,0.01,-90,-35.538
5568,50,17,470.707,645.455,29700.961,2,126,45.407,22.371,NA,3.508,0.012,-59.744,30.256
5569,50,18,474.747,645.707,30000.97,2,153,49.455,18.77,NA,4.048,0.013,3.576,63.32
5570,50,19,479.04,645.707,30300.98,2,75,53.748,15.373,NA,4.293,0.014,0,-3.576
5571,50,20,483.838,645.707,30600.99,2,95,58.546,12.26,NA,4.798,0.016,0,0
5572,50,21,485.606,645.455,30901,2,106,60.332,11.641,NA,1.786,0.006,-8.13,-8.13
5573,50,22,485.606,638.131,31201.009,2,112,67.655,18.56,NA,7.323,0.024,-90,-81.87
5574,50,23,482.071,638.131,31501.019,2,70,71.19,19.771,NA,3.535,0.012,180,-90
5575,50,24,472.98,638.131,31801.029,2,112,80.281,25.001,NA,9.091,0.03,180,0
5576,50,25,465.909,638.131,32101.038,2,167,87.352,30.356,NA,7.071,0.024,180,0
5577,50,26,457.071,632.323,32401.048,2,124,97.928,40.922,NA,10.576,0.035,-146.689,33.311
5578,50,27,456.061,629.924,32701.058,2,228,100.531,43.158,NA,2.603,0.009,-112.834,33.856
5579,50,28,449.621,625,33001.068,2,105,108.637,51.264,NA,8.106,0.027,-142.595,-29.761
5580,50,29,434.47,617.803,33301.077,2,140,125.411,67.766,NA,16.774,0.056,-154.592,-11.998
5581,50,30,434.47,617.803,33601.087,2,113,125.411,67.766,NA,0,0,0,154.592
5582,50,31,429.545,611.742,33901.097,2,125,133.22,75.285,NA,7.809,0.026,-129.094,-129.094
5583,50,32,415.909,611.742,34201.106,2,162,146.856,86.681,NA,13.636,0.045,180,-50.906
5584,50,33,405.682,610.606,34501.116,2,157,157.147,96.146,NA,10.29,0.034,-173.66,6.34
5585,50,34,405.303,610.606,34801.126,2,92,157.525,96.48,NA,0.379,0.001,180,-6.34
5586,50,35,382.197,610.606,35101.135,2,211,180.632,117.366,NA,23.106,0.077,180,0
5587,50,36,374.242,598.485,35401.145,2,201,195.13,129.648,NA,14.498,0.048,-123.275,56.725
5588,50,37,367.045,595.833,35701.155,2,153,202.8,137.276,NA,7.67,0.026,-159.775,-36.5
5589,50,38,353.03,589.394,36001.165,2,156,218.223,152.696,NA,15.424,0.051,-155.323,4.452
5590,50,39,340.152,587.5,36301.174,2,250,231.241,165.156,NA,13.017,0.043,-171.634,-16.311
5591,50,40,329.924,584.47,36601.184,2,165,241.907,175.724,NA,10.667,0.036,-163.496,8.138
5592,50,41,325.379,570.455,36901.194,2,204,256.641,185.908,NA,14.734,0.049,-107.969,55.526
5593,50,42,325.379,570.455,37201.203,2,148,256.641,185.908,NA,0,0,0,107.969
5594,50,43,314.015,569.697,37501.213,2,187,268.03,196.397,NA,11.389,0.038,-176.186,-176.186
5595,50,44,300,569.697,37801.223,2,135,282.045,209.075,NA,14.015,0.047,180,-3.814
5596,50,45,300,569.697,38101.232,2,130,282.045,209.075,NA,0,0,0,-180
5597,50,46,287.879,577.273,38401.242,2,88,296.339,217.311,NA,14.294,0.048,147.995,147.995
5598,50,47,286.742,587.121,38701.252,2,117,306.253,215.013,NA,9.914,0.033,96.582,-51.413
5599,50,48,286.742,603.03,39001.262,2,167,322.162,210.453,NA,15.909,0.053,90,-6.582
5600,50,49,279.924,600.758,39301.271,2,158,329.349,217.624,NA,7.187,0.024,-161.565,108.435
5601,50,50,279.924,579.545,39601.281,2,124,350.561,223.956,NA,21.212,0.071,-90,71.565
5602,50,51,280.303,565.909,39901.291,2,130,364.203,228.626,NA,13.642,0.045,-88.409,1.591
5603,50,52,280.303,554.167,40201.3,2,183,375.945,233.505,NA,11.742,0.039,-90,-1.591
5604,50,53,280.303,554.167,40501.31,2,155,375.945,233.505,NA,0,0,0,90
5605,50,54,271.591,554.167,40801.32,2,180,384.657,241.374,NA,8.712,0.029,180,180
5606,50,55,260.985,550.758,41101.33,2,171,395.798,252.432,NA,11.14,0.037,-162.181,17.819
5607,50,56,254.545,562.121,41401.339,2,161,408.859,253.878,NA,13.061,0.044,119.539,-78.28
5608,50,57,248.106,566.288,41701.349,2,188,416.529,258.394,NA,7.67,0.026,147.095,27.556
5609,50,58,248.106,566.288,42001.359,2,90,416.529,258.394,NA,0,0,0,-147.095
5610,50,59,242.424,539.015,42301.368,2,140,444.387,274.215,NA,27.858,0.093,-101.768,-101.768
5611,50,60,240.152,526.894,42601.378,2,149,456.72,281.621,NA,12.332,0.041,-100.62,1.149
5612,50,61,240.152,526.894,42901.388,2,102,456.72,281.621,NA,0,0,0,100.62
5613,50,62,234.848,487.121,43201.397,2,189,496.844,306.348,NA,40.125,0.134,-97.595,-97.595
5614,50,63,241.288,480.303,43501.407,2,151,506.223,304.876,NA,9.378,0.031,-46.637,50.958
5615,50,64,232.576,450,43801.417,2,200,537.753,330.055,NA,31.531,0.105,-106.04,-59.403
5616,50,65,218.939,435.227,44101.427,2,210,557.858,349.943,NA,20.104,0.067,-132.709,-26.669
5617,50,66,215.909,438.258,44401.436,2,178,562.143,350.408,NA,4.285,0.014,135,-92.291
5618,50,67,206.439,434.47,44701.446,2,136,572.342,360.192,NA,10.199,0.034,-158.199,66.801
5619,50,68,197.727,432.955,45001.456,2,74,581.185,368.016,NA,8.843,0.029,-170.134,-11.936
5620,50,69,193.939,441.288,45301.465,2,184,590.339,366.086,NA,9.154,0.031,114.444,-75.422
5621,50,70,193.939,441.288,45601.475,2,146,590.339,366.086,NA,0,0,0,-114.444
5622,50,71,155.303,434.848,45901.485,2,116,629.508,401.531,NA,39.169,0.131,-170.538,-170.538
