Nr,TID,PID,x [micron],y [micron],t [sec],c [idx],I [val],Len [micron],D2S [micron],D2R [micron],D2P [micron],v [micron/sec],α [deg],Δα [deg]
1,1,1,501.768,610.859,0,2,54,0,0,NA,NA,NA,NA,NA
2,1,2,496.717,609.848,300.01,2,48,5.151,5.151,NA,5.151,0.017,-168.69,NA
3,1,3,496.717,609.848,600.02,2,67,5.151,5.151,NA,0,0,0,168.69
4,1,4,496.717,609.848,900.03,2,79,5.151,5.151,NA,0,0,0,0
5,1,5,496.717,606.313,1200.04,2,100,8.686,6.795,NA,3.535,0.012,-90,-90
6,1,6,501.263,606.313,1500.05,2,116,13.231,4.573,NA,4.545,0.015,0,90
7,1,7,501.263,609.848,1800.06,2,99,16.767,1.129,NA,3.535,0.012,90,90
8,1,8,504.293,609.848,2100.07,2,55,19.797,2.72,NA,3.03,0.01,0,-90
9,1,9,506.313,606.818,2400.08,2,59,23.439,6.082,NA,3.642,0.012,-56.31,-56.31
10,1,10,501.768,604.798,2700.09,2,73,28.413,6.061,NA,4.974,0.017,-156.038,-99.728
11,1,11,501.768,599.242,3000.1,2,81,33.969,11.616,NA,5.556,0.019,-90,66.038
12,1,12,494.192,599.242,3300.11,2,124,41.544,13.868,NA,7.576,0.025,180,-90
13,1,13,493.687,599.242,3600.12,2,58,42.049,14.15,NA,0.505,0.002,180,0
14,1,14,490.657,599.242,3900.13,2,55,45.08,16.075,NA,3.03,0.01,180,0
15,1,15,490.657,599.242,4200.14,2,100,45.08,16.075,NA,0,0,0,-180
16,1,16,490.657,599.242,4500.15,2,113,45.08,16.075,NA,0,0,0,0
17,1,17,486.616,599.242,4800.16,2,129,49.12,19.092,NA,4.04,0.013,180,180
18,1,18,484.596,598.232,5100.17,2,191,51.379,21.314,NA,2.259,0.008,-153.435,26.565
19,1,19,484.596,598.232,5400.18,2,241,51.379,21.314,NA,0,0,0,153.435
20,1,20,478.03,597.727,5700.19,2,110,57.964,27.127,NA,6.585,0.022,-175.601,-175.601
21,1,21,477.02,594.697,6000.2,2,202,61.158,29.557,NA,3.194,0.011,-108.435,67.166
22,1,22,476.515,594.192,6300.21,2,199,61.872,30.257,NA,0.714,0.002,-135,-26.565
23,1,23,476.515,589.141,6600.22,2,186,66.923,33.307,NA,5.051,0.017,-90,45
24,1,24,476.515,587.626,6900.23,2,205,68.438,34.314,NA,1.515,0.005,-90,0
25,1,25,478.535,586.111,7200.24,2,133,70.963,33.944,NA,2.525,0.008,-36.87,53.13
26,1,26,478.535,578.03,7500.249,2,115,79.044,40.217,NA,8.081,0.027,-90,-53.13
27,1,27,478.535,570.96,7800.259,2,82,86.115,46.17,NA,7.071,0.024,-90,0
28,1,28,478.535,570.455,8100.269,2,148,86.62,46.607,NA,0.505,0.002,-90,0
29,1,29,478.535,570.455,8400.279,2,73,86.62,46.607,NA,0,0,0,90
30,1,30,478.535,570.455,8700.289,2,108,86.62,46.607,NA,0,0,0,0
31,1,31,471.465,567.929,9000.299,2,116,94.128,52.547,NA,7.508,0.025,-160.346,-160.346
32,1,32,471.465,567.929,9300.309,2,116,94.128,52.547,NA,0,0,0,160.346
33,1,33,472.475,575.505,9600.319,2,113,101.771,45.912,NA,7.643,0.025,82.405,82.405
34,1,34,472.475,575.505,9900.329,2,137,101.771,45.912,NA,0,0,0,-82.405
35,1,35,476.515,570.455,10200.339,2,136,108.239,47.646,NA,6.468,0.022,-51.34,-51.34
36,1,36,477.525,560.354,10500.349,2,83,118.39,56.022,NA,10.151,0.034,-84.289,-32.949
37,1,37,477.525,560.354,10800.359,2,126,118.39,56.022,NA,0,0,0,84.289
38,1,38,479.545,569.949,11100.369,2,161,128.196,46.555,NA,9.806,0.033,78.111,78.111
39,1,39,479.545,569.949,11400.379,2,208,128.196,46.555,NA,0,0,0,-78.111
40,1,40,479.545,565.404,11700.389,2,184,132.742,50.596,NA,4.545,0.015,-90,-90
41,1,41,480.556,564.899,12000.399,2,216,133.871,50.619,NA,1.129,0.004,-26.565,63.435
42,1,42,476.01,564.899,12300.409,2,202,138.417,52.685,NA,4.545,0.015,180,-153.435
43,1,43,473.99,565.404,12600.419,2,172,140.499,53.27,NA,2.082,0.007,165.964,-14.036
44,1,44,473.99,565.909,12900.429,2,121,141.004,52.84,NA,0.505,0.002,90,-75.964
45,1,45,473.99,565.909,13200.439,2,217,141.004,52.84,NA,0,0,0,-90
46,1,46,469.444,562.374,13500.449,2,129,146.762,58.272,NA,5.758,0.019,-142.125,-142.125
47,1,47,469.444,562.374,13800.459,2,155,146.762,58.272,NA,0,0,0,142.125
48,1,48,466.919,562.374,14100.469,2,233,149.288,59.709,NA,2.525,0.008,180,180
49,1,49,468.434,562.374,14400.479,2,141,150.803,58.838,NA,1.515,0.005,0,-180
50,1,50,470.96,558.333,14700.489,2,156,155.567,60.894,NA,4.765,0.016,-57.995,-57.995
51,1,51,470.96,556.818,15000.499,2,208,157.083,62.205,NA,1.515,0.005,-90,-32.005
52,1,52,468.939,556.313,15300.509,2,189,159.165,63.662,NA,2.082,0.007,-165.964,-75.964
53,1,53,468.939,556.313,15600.519,2,219,159.165,63.662,NA,0,0,0,165.964
54,1,54,467.929,566.414,15900.529,2,104,169.316,55.86,NA,10.151,0.034,95.711,95.711
55,1,55,463.889,566.414,16200.539,2,129,173.357,58.396,NA,4.04,0.013,180,84.289
56,1,56,462.879,570.96,16500.549,2,190,178.013,55.716,NA,4.656,0.016,102.529,-77.471
57,1,57,457.828,570.96,16800.559,2,184,183.064,59.351,NA,5.051,0.017,180,77.471
58,1,58,457.828,568.939,17100.569,2,147,185.084,60.728,NA,2.02,0.007,-90,90
59,1,59,460.354,565.909,17400.579,2,159,189.028,61.119,NA,3.945,0.013,-50.194,39.806
60,1,60,457.828,565.909,17700.589,2,144,191.554,62.858,NA,2.525,0.008,180,-129.806
61,1,61,454.798,565.909,18000.599,2,87,194.584,65.012,NA,3.03,0.01,180,0
62,1,62,451.768,565.909,18300.609,2,113,197.614,67.234,NA,3.03,0.01,180,0
63,1,63,451.768,559.848,18600.619,2,247,203.675,71.428,NA,6.061,0.02,-90,90
64,1,64,451.768,562.374,18900.629,2,206,206.2,69.648,NA,2.525,0.008,90,180
65,1,65,447.222,562.374,19200.639,2,255,210.746,72.979,NA,4.545,0.015,180,90
66,1,66,450.253,562.374,19500.649,2,137,213.776,70.743,NA,3.03,0.01,0,-180
67,1,67,450.253,556.818,19800.659,2,161,219.331,74.66,NA,5.556,0.019,-90,-90
68,1,68,450.253,557.323,20100.669,2,225,219.836,74.296,NA,0.505,0.002,90,180
69,1,69,458.333,552.273,20400.679,2,129,229.366,72.93,NA,9.529,0.032,-32.005,-122.005
70,1,70,453.788,547.222,20700.689,2,186,236.16,79.697,NA,6.795,0.023,-131.987,-99.982
71,1,71,453.788,539.646,21000.699,2,190,243.736,85.867,NA,7.576,0.025,-90,41.987
72,1,72,453.788,539.646,21300.709,2,250,243.736,85.867,NA,0,0,0,90
73,1,73,448.232,545.202,21600.719,2,136,251.593,84.716,NA,7.857,0.026,135,135
74,1,74,448.232,550.253,21900.728,2,191,256.643,80.865,NA,5.051,0.017,90,-45
75,1,75,448.232,550.253,22200.738,2,162,256.643,80.865,NA,0,0,0,-90
76,1,76,444.192,547.222,22500.748,2,201,261.694,85.817,NA,5.051,0.017,-143.13,-143.13
77,1,77,443.687,547.222,22800.758,2,255,262.199,86.157,NA,0.505,0.002,180,-36.87
78,1,78,443.687,547.222,23100.768,2,139,262.199,86.157,NA,0,0,0,-180
79,1,79,445.202,548.232,23400.778,2,253,264.02,84.39,NA,1.821,0.006,33.69,33.69
80,1,80,442.172,559.848,23700.788,2,184,276.025,78.446,NA,12.005,0.04,104.621,70.931
81,1,81,437.626,559.848,24000.798,2,255,280.57,81.952,NA,4.545,0.015,180,75.379
82,1,82,437.626,551.263,24300.808,2,255,289.156,87.555,NA,8.586,0.029,-90,90
83,1,83,445.202,554.798,24600.818,2,182,297.516,79.64,NA,8.36,0.028,25.017,115.017
84,1,84,442.172,558.838,24900.828,2,167,302.567,79.106,NA,5.051,0.017,126.87,101.853
85,1,85,442.172,556.313,25200.838,2,213,305.092,80.789,NA,2.525,0.008,-90,143.13
86,1,86,444.192,556.313,25500.848,2,246,307.112,79.311,NA,2.02,0.007,0,90
87,1,87,443.182,556.313,25800.858,2,210,308.122,80.047,NA,1.01,0.003,180,180
88,1,88,443.182,556.313,26100.868,2,255,308.122,80.047,NA,0,0,0,-180
89,1,89,443.182,556.313,26400.878,2,136,308.122,80.047,NA,0,0,0,0
90,1,90,443.182,556.313,26700.888,2,221,308.122,80.047,NA,0,0,0,0
91,1,91,443.182,561.364,27000.898,2,198,313.173,76.695,NA,5.051,0.017,90,90
92,1,92,442.677,563.889,27300.908,2,180,315.748,75.484,NA,2.575,0.009,101.31,11.31
93,1,93,442.677,563.889,27600.918,2,194,315.748,75.484,NA,0,0,0,-101.31
94,1,94,442.677,566.919,27900.928,2,139,318.778,73.637,NA,3.03,0.01,90,90
95,1,95,442.677,571.465,28200.938,2,100,323.324,71.018,NA,4.545,0.015,90,0
96,1,96,442.172,574.495,28500.948,2,161,326.396,69.814,NA,3.072,0.01,99.462,9.462
97,1,97,443.182,579.04,28800.958,2,255,331.052,66.669,NA,4.656,0.016,77.471,-21.991
98,1,98,443.182,579.04,29100.968,2,227,331.052,66.669,NA,0,0,0,-77.471
99,1,99,443.182,579.04,29400.978,2,99,331.052,66.669,NA,0,0,0,0
100,1,100,443.182,579.04,29700.988,2,151,331.052,66.669,NA,0,0,0,0
101,1,101,443.182,579.04,30000.998,2,117,331.052,66.669,NA,0,0,0,0
102,1,102,449.747,582.071,30301.008,2,166,338.284,59.455,NA,7.231,0.024,24.775,24.775
103,1,103,454.293,582.071,30601.018,2,123,342.829,55.521,NA,4.545,0.015,0,-24.775
104,1,104,451.768,580.556,30901.028,2,216,345.774,58.466,NA,2.945,0.01,-149.036,-149.036
105,1,105,445.707,580.556,31201.038,2,150,351.835,63.726,NA,6.061,0.02,180,-30.964
106,1,106,445.707,571.465,31501.048,2,255,360.925,68.518,NA,9.091,0.03,-90,90
107,1,107,442.677,571.465,31801.058,2,114,363.956,71.018,NA,3.03,0.01,180,-90
108,1,108,442.677,555.303,32101.068,2,166,380.117,81.106,NA,16.162,0.054,-90,90
109,1,109,450.253,552.273,32401.078,2,143,388.277,78.014,NA,8.159,0.027,-21.801,68.199
110,1,110,455.808,550.758,32701.088,2,248,394.035,75.66,NA,5.758,0.019,-15.255,6.546
111,1,111,453.788,542.172,33001.098,2,138,402.856,83.785,NA,8.82,0.029,-103.241,-87.985
112,1,112,438.636,535.101,33301.108,2,223,419.576,98.614,NA,16.72,0.056,-154.983,-51.743
113,1,113,428.03,532.576,33601.118,2,203,430.478,107.543,NA,10.903,0.036,-166.608,-11.624
114,1,114,419.949,529.04,33901.128,2,169,439.299,115.708,NA,8.82,0.029,-156.371,10.237
115,1,115,417.424,521.97,34201.138,2,152,446.807,122.536,NA,7.508,0.025,-109.654,46.717
116,1,116,408.838,510.354,34501.148,2,223,461.251,136.884,NA,14.445,0.048,-126.469,-16.815
117,1,117,403.283,506.818,34801.158,2,186,467.837,143.261,NA,6.585,0.022,-147.529,-21.06
118,1,118,402.778,502.273,35101.168,2,175,472.41,146.935,NA,4.573,0.015,-96.34,51.189
119,1,119,402.778,502.273,35401.178,2,192,472.41,146.935,NA,0,0,0,96.34
120,1,120,393.182,502.273,35701.188,2,118,482.006,153.564,NA,9.596,0.032,180,180
121,1,121,391.667,497.222,36001.198,2,255,487.279,158.226,NA,5.273,0.018,-106.699,73.301
122,1,122,391.667,491.667,36301.207,2,164,492.834,162.262,NA,5.556,0.019,-90,16.699
123,1,123,379.04,491.667,36601.217,2,187,505.461,171.081,NA,12.626,0.042,180,-90
124,1,124,379.04,491.667,36901.227,2,255,505.461,171.081,NA,0,0,0,-180
125,1,125,359.343,491.667,37201.237,2,125,525.158,185.719,NA,19.697,0.066,180,180
126,1,126,355.303,493.687,37501.247,2,255,529.675,187.566,NA,4.517,0.015,153.435,-26.565
127,1,127,349.747,491.667,37801.257,2,196,535.586,193.176,NA,5.911,0.02,-160.017,46.548
128,1,128,341.162,483.081,38101.267,2,187,547.729,205.235,NA,12.142,0.04,-135,25.017
129,1,129,330.051,482.576,38401.277,2,255,558.851,214.344,NA,11.123,0.037,-177.397,-42.397
130,1,130,337.121,486.616,38701.287,2,171,566.995,206.264,NA,8.144,0.027,29.745,-152.858
131,1,131,331.566,486.111,39001.297,2,183,572.573,211.023,NA,5.578,0.019,-174.806,155.45
132,1,132,330.556,486.111,39301.307,2,240,573.583,211.838,NA,1.01,0.003,180,-5.194
133,1,133,333.081,494.192,39601.317,2,145,582.05,205.101,NA,8.466,0.028,72.646,-107.354
134,1,134,338.636,487.121,39901.327,2,149,591.042,204.75,NA,8.992,0.03,-51.843,-124.489
135,1,135,341.667,488.636,40201.337,2,133,594.43,201.421,NA,3.388,0.011,26.565,78.408
136,1,136,335.606,483.586,40501.347,2,73,602.319,209.304,NA,7.889,0.026,-140.194,-166.759
137,1,137,343.687,476.515,40801.357,2,119,613.056,207.455,NA,10.738,0.036,-41.186,99.009
138,1,138,342.172,473.99,41101.367,2,109,616.001,210.247,NA,2.945,0.01,-120.964,-79.778
139,1,139,334.091,471.97,41401.377,2,110,624.331,217.728,NA,8.33,0.028,-165.964,-45
140,1,140,329.04,468.939,41701.387,2,139,630.221,223.553,NA,5.89,0.02,-149.036,16.928
141,1,141,317.424,474.495,42001.397,2,83,643.097,229.298,NA,12.876,0.043,154.44,-56.524
142,1,142,313.384,481.566,42301.407,2,82,651.241,228.484,NA,8.144,0.027,119.745,-34.695
143,2,1,483.586,725.505,0,2,36,0,0,NA,NA,NA,NA,NA
144,2,2,483.586,725.505,300.01,2,28,0,0,NA,0,0,0,NA
145,2,3,478.535,725.505,600.02,2,37,5.051,5.051,NA,5.051,0.017,180,180
146,2,4,478.535,725.505,900.03,2,35,5.051,5.051,NA,0,0,0,-180
147,2,5,478.535,725.505,1200.04,2,41,5.051,5.051,NA,0,0,0,0
148,2,6,473.99,725.505,1500.05,2,8,9.596,9.596,NA,4.545,0.015,180,180
149,2,7,465.404,730.556,1800.06,2,94,19.557,18.87,NA,9.961,0.033,149.534,-30.466
150,2,8,452.778,738.636,2100.07,2,91,34.548,33.49,NA,14.991,0.05,147.381,-2.154
151,2,9,443.687,743.687,2400.08,2,140,44.947,43.846,NA,10.4,0.035,150.945,3.565
152,2,10,443.687,743.687,2700.09,2,144,44.947,43.846,NA,0,0,0,-150.945
153,2,11,441.162,747.727,3000.1,2,211,49.712,47.892,NA,4.765,0.016,122.005,122.005
154,2,12,434.091,747.727,3300.11,2,177,56.783,54.255,NA,7.071,0.024,180,57.995
155,2,13,431.061,747.727,3600.12,2,141,59.813,57.033,NA,3.03,0.01,180,0
156,2,14,431.061,751.768,3900.13,2,169,63.854,58.725,NA,4.04,0.013,90,-90
157,2,15,431.061,751.768,4200.14,2,191,63.854,58.725,NA,0,0,0,-90
158,2,16,428.03,754.293,4500.15,2,236,67.798,62.571,NA,3.945,0.013,140.194,140.194
159,2,17,428.03,761.869,4800.16,2,92,75.374,66.398,NA,7.576,0.025,90,-50.194
160,2,18,428.03,762.879,5100.17,2,123,76.384,66.957,NA,1.01,0.003,90,0
161,2,19,428.03,764.899,5400.18,2,168,78.404,68.105,NA,2.02,0.007,90,0
162,2,20,419.444,771.97,5700.19,2,137,89.527,79.203,NA,11.123,0.037,140.528,50.528
163,2,21,418.939,771.97,6000.2,2,151,90.032,79.612,NA,0.505,0.002,180,39.472
164,2,22,415.909,771.97,6300.21,2,245,93.062,82.092,NA,3.03,0.01,180,0
165,2,23,415.909,779.545,6600.22,2,190,100.638,86.605,NA,7.576,0.025,90,-90
166,2,24,414.899,782.071,6900.23,2,212,103.358,88.981,NA,2.72,0.009,111.801,21.801
167,2,25,410.354,782.576,7200.24,2,239,107.931,92.844,NA,4.573,0.015,173.66,61.858
168,2,26,407.323,789.141,7500.249,2,140,115.162,99.326,NA,7.231,0.024,114.775,-58.885
169,2,27,404.293,789.141,7800.259,2,166,118.193,101.671,NA,3.03,0.01,180,65.225
170,2,28,395.707,789.141,8100.269,2,228,126.778,108.5,NA,8.586,0.029,180,0
171,2,29,391.162,794.697,8400.279,2,160,133.957,115.455,NA,7.178,0.024,129.289,-50.711
172,2,30,389.646,791.162,8700.289,2,109,137.803,114.61,NA,3.846,0.013,-113.199,117.512
173,2,31,389.646,790.657,9000.299,2,169,138.308,114.321,NA,0.505,0.002,-90,23.199
174,2,32,386.616,796.212,9300.309,2,180,144.636,120.011,NA,6.328,0.021,118.61,-151.39
175,2,33,386.616,796.212,9600.319,2,161,144.636,120.011,NA,0,0,0,-118.61
176,2,34,386.616,804.293,9900.329,2,163,152.717,124.943,NA,8.081,0.027,90,90
177,2,35,379.545,804.293,10200.339,2,117,159.788,130.506,NA,7.071,0.024,180,90
178,2,36,373.485,804.293,10500.349,2,207,165.848,135.387,NA,6.061,0.02,180,0
179,2,37,372.475,795.707,10800.359,2,132,174.493,131.431,NA,8.645,0.029,-96.71,83.29
180,2,38,372.475,795.707,11100.369,2,177,174.493,131.431,NA,0,0,0,96.71
181,2,39,368.939,794.192,11400.379,2,127,178.34,133.648,NA,3.846,0.013,-156.801,-156.801
182,2,40,361.869,795.707,11700.389,2,255,185.571,140.511,NA,7.231,0.024,167.905,-35.293
183,2,41,361.869,802.778,12000.399,2,255,192.642,144.174,NA,7.071,0.024,90,-77.905
184,2,42,361.869,806.313,12300.409,2,120,196.177,146.099,NA,3.535,0.012,90,0
185,2,43,361.869,806.313,12600.419,2,225,196.177,146.099,NA,0,0,0,-90
186,2,44,357.323,808.838,12900.429,2,249,201.377,151.283,NA,5.2,0.017,150.945,150.945
187,2,45,357.323,811.869,13200.439,2,232,204.407,152.974,NA,3.03,0.01,90,-60.945
188,2,46,352.778,813.384,13500.449,2,216,209.198,157.586,NA,4.791,0.016,161.565,71.565
189,2,47,349.242,821.465,13800.459,2,152,218.019,165.095,NA,8.82,0.029,113.629,-47.936
190,2,48,342.677,821.465,14100.469,2,99,224.584,170.481,NA,6.566,0.022,180,66.371
191,2,49,339.646,821.465,14400.479,2,133,227.615,172.994,NA,3.03,0.01,180,0
192,2,50,333.586,822.98,14700.489,2,212,233.862,178.889,NA,6.247,0.021,165.964,-14.036
193,2,51,327.525,822.98,15000.499,2,139,239.923,184.001,NA,6.061,0.02,180,14.036
194,2,52,327.525,822.98,15300.509,2,118,239.923,184.001,NA,0,0,0,-180
195,2,53,317.929,822.475,15600.519,2,255,249.532,191.951,NA,9.609,0.032,-176.987,-176.987
196,2,54,315.909,818.939,15900.529,2,207,253.604,191.952,NA,4.072,0.014,-119.745,57.242
197,2,55,315.909,811.364,16200.539,2,204,261.179,188.38,NA,7.576,0.025,-90,29.745
198,2,56,322.475,796.717,16500.549,2,255,277.23,176.148,NA,16.051,0.054,-65.854,24.146
199,2,57,322.475,790.152,16800.559,2,245,283.796,173.597,NA,6.566,0.022,-90,-24.146
200,2,58,322.475,782.071,17100.569,2,255,291.877,170.753,NA,8.081,0.027,-90,0
201,2,59,311.364,777.02,17400.579,2,255,304.082,179.762,NA,12.205,0.041,-155.556,-65.556
202,2,60,307.323,769.949,17700.589,2,255,312.225,181.78,NA,8.144,0.027,-119.745,35.811
203,2,61,307.323,769.949,18000.599,2,215,312.225,181.78,NA,0,0,0,119.745
204,2,62,307.323,769.949,18300.609,2,209,312.225,181.78,NA,0,0,0,0
205,2,63,307.323,774.495,18600.619,2,216,316.771,182.944,NA,4.545,0.015,90,90
206,2,64,301.263,774.495,18900.629,2,173,322.831,188.79,NA,6.061,0.02,180,90
207,2,65,303.283,778.03,19200.639,2,168,326.903,187.798,NA,4.072,0.014,60.255,-119.745
208,2,66,303.283,778.03,19500.649,2,157,326.903,187.798,NA,0,0,0,-60.255
209,2,67,303.283,778.03,19800.659,2,211,326.903,187.798,NA,0,0,0,0
210,2,68,297.727,778.03,20100.669,2,202,332.459,193.138,NA,5.556,0.019,180,180
211,2,69,297.727,776.01,20400.679,2,246,334.479,192.598,NA,2.02,0.007,-90,90
212,2,70,299.242,772.98,20700.689,2,244,337.867,190.358,NA,3.388,0.011,-63.435,26.565
213,2,71,303.788,772.98,21000.699,2,248,342.412,185.96,NA,4.545,0.015,0,63.435
214,2,72,303.788,772.475,21300.709,2,182,342.918,185.832,NA,0.505,0.002,-90,-90
215,2,73,303.788,772.475,21600.719,2,235,342.918,185.832,NA,0,0,0,90
216,2,74,304.293,772.475,21900.728,2,203,343.423,185.343,NA,0.505,0.002,0,0
217,2,75,308.838,772.475,22200.738,2,157,347.968,180.95,NA,4.545,0.015,0,0
218,2,76,310.859,772.475,22500.748,2,232,349.988,179,NA,2.02,0.007,0,0
219,2,77,310.354,769.949,22800.758,2,136,352.563,178.843,NA,2.575,0.009,-101.31,-101.31
220,2,78,310.354,769.949,23100.768,2,118,352.563,178.843,NA,0,0,0,101.31
221,2,79,302.778,769.444,23400.778,2,180,360.156,186.071,NA,7.593,0.025,-176.186,-176.186
222,2,80,301.768,761.869,23700.788,2,119,367.799,185.419,NA,7.643,0.025,-97.595,78.591
223,2,81,301.768,761.869,24000.798,2,104,367.799,185.419,NA,0,0,0,97.595
224,2,82,295.707,763.384,24300.808,2,110,374.046,191.659,NA,6.247,0.021,165.964,165.964
225,2,83,295.707,761.364,24600.818,2,79,376.066,191.27,NA,2.02,0.007,-90,104.036
226,2,84,286.111,761.364,24900.828,2,94,385.662,200.704,NA,9.596,0.032,180,-90
227,2,85,281.061,761.364,25200.838,2,115,390.713,205.675,NA,5.051,0.017,180,0
228,2,86,270.455,760.859,25500.848,2,102,401.331,216.044,NA,10.618,0.035,-177.274,2.726
229,2,87,255.808,757.828,25800.858,2,18,416.287,230.06,NA,14.957,0.05,-168.311,8.963
230,2,88,246.717,757.828,26100.868,2,13,425.378,239.064,NA,9.091,0.03,180,-11.689
231,2,89,240.152,747.727,26400.878,2,136,437.426,244.447,NA,12.047,0.04,-123.024,56.976
232,2,90,237.121,739.646,26700.888,2,158,446.056,246.87,NA,8.63,0.029,-110.556,12.468
233,2,91,234.596,734.596,27000.898,2,133,451.703,249.156,NA,5.647,0.019,-116.565,-6.009
234,2,92,228.03,730.556,27300.908,2,237,459.412,255.605,NA,7.709,0.026,-148.392,-31.827
235,2,93,237.626,717.929,27600.918,2,78,475.271,246.076,NA,15.859,0.053,-52.765,95.627
236,3,1,511.364,681.061,4800.16,2,70,0,0,NA,NA,NA,NA,NA
237,3,2,507.576,681.061,5100.17,2,92,3.788,3.788,NA,3.788,0.013,180,NA
238,3,3,504.924,683.712,5400.18,2,61,7.538,6.964,NA,3.75,0.012,135,-45
239,3,4,504.924,683.712,5700.19,2,84,7.538,6.964,NA,0,0,0,-135
240,3,5,501.515,679.545,6000.2,2,102,12.921,9.964,NA,5.384,0.018,-129.289,-129.289
241,3,6,498.864,672.727,6300.21,2,235,20.237,15.023,NA,7.316,0.024,-111.251,18.039
242,3,7,498.485,672.727,6600.22,2,161,20.616,15.34,NA,0.379,0.001,180,-68.749
243,3,8,498.485,666.288,6900.23,2,137,27.055,19.598,NA,6.439,0.021,-90,90
244,3,9,491.667,664.773,7200.24,2,148,34.04,25.559,NA,6.985,0.023,-167.471,-77.471
245,3,10,484.47,664.773,7500.249,2,89,41.237,31.442,NA,7.197,0.024,180,-12.529
246,3,11,483.712,659.47,7800.259,2,140,46.593,35.082,NA,5.357,0.018,-98.13,81.87
247,3,12,483.712,659.47,8100.269,2,240,46.593,35.082,NA,0,0,0,98.13
248,3,13,482.955,659.47,8400.279,2,125,47.351,35.683,NA,0.758,0.003,180,180
249,3,14,477.273,659.47,8700.289,2,217,53.033,40.353,NA,5.682,0.019,180,0
250,3,15,468.182,659.47,9000.299,2,173,62.124,48.279,NA,9.091,0.03,180,0
251,3,16,461.742,656.818,9300.309,2,97,69.088,55.226,NA,6.964,0.023,-157.62,22.38
252,3,17,461.364,656.439,9600.319,2,144,69.623,55.733,NA,0.536,0.002,-135,22.62
253,3,18,451.894,652.652,9900.329,2,216,79.823,65.907,NA,10.199,0.034,-158.199,-23.199
254,3,19,451.894,652.652,10200.339,2,255,79.823,65.907,NA,0,0,0,158.199
255,3,20,451.894,652.652,10500.349,2,241,79.823,65.907,NA,0,0,0,0
256,3,21,450.758,667.803,10800.359,2,170,95.017,62.039,NA,15.194,0.051,94.289,94.289
257,3,22,445.455,667.803,11100.369,2,110,100.32,67.229,NA,5.303,0.018,180,85.711
258,3,23,440.53,667.803,11400.379,2,192,105.244,72.063,NA,4.924,0.016,180,0
259,3,24,439.015,671.97,11700.389,2,125,109.677,72.917,NA,4.434,0.015,109.983,-70.017
260,3,25,433.712,676.515,12000.399,2,217,116.662,77.784,NA,6.985,0.023,139.399,29.416
261,3,26,430.682,678.409,12300.409,2,239,120.235,80.725,NA,3.573,0.012,147.995,8.596
262,3,27,428.409,674.621,12600.419,2,255,124.653,83.204,NA,4.417,0.015,-120.964,91.042
263,3,28,428.409,668.182,12900.429,2,196,131.092,83.948,NA,6.439,0.021,-90,30.964
264,3,29,425.758,668.182,13200.439,2,174,133.744,86.569,NA,2.652,0.009,180,-90
265,3,30,424.242,668.182,13500.449,2,255,135.259,88.068,NA,1.515,0.005,180,0
266,3,31,420.833,658.333,13800.459,2,255,145.681,93.34,NA,10.422,0.035,-109.093,70.907
267,3,32,410.606,653.788,14100.469,2,229,156.873,104.383,NA,11.192,0.037,-156.038,-46.944
268,3,33,403.788,652.273,14400.479,2,139,163.857,111.361,NA,6.985,0.023,-167.471,-11.434
269,3,34,405.303,645.833,14700.489,2,182,170.472,111.758,NA,6.615,0.022,-76.759,90.712
270,3,35,408.712,644.318,15000.499,2,255,174.203,109.029,NA,3.731,0.012,-23.962,52.797
271,3,36,417.803,644.318,15300.509,2,237,183.294,100.517,NA,9.091,0.03,0,23.962
272,3,37,417.803,642.803,15600.519,2,245,184.809,101.08,NA,1.515,0.005,-90,-90
273,3,38,417.803,634.848,15900.529,2,164,192.764,104.351,NA,7.955,0.027,-90,0
274,3,39,414.394,640.152,16200.539,2,245,199.068,105.246,NA,6.304,0.021,122.735,-147.265
275,3,40,414.394,640.152,16500.549,2,224,199.068,105.246,NA,0,0,0,-122.735
276,3,41,414.394,640.152,16800.559,2,210,199.068,105.246,NA,0,0,0,0
277,3,42,413.636,639.773,17100.569,2,237,199.915,106.091,NA,0.847,0.003,-153.435,-153.435
278,3,43,405.682,639.773,17400.579,2,207,207.869,113.461,NA,7.955,0.027,180,-26.565
279,3,44,405.682,641.288,17700.589,2,168,209.385,112.918,NA,1.515,0.005,90,-90
280,3,45,405.682,646.591,18000.599,2,248,214.688,111.161,NA,5.303,0.018,90,0
281,3,46,405.682,649.242,18300.609,2,255,217.339,110.368,NA,2.652,0.009,90,0
282,3,47,414.394,649.242,18600.619,2,212,226.051,102.056,NA,8.712,0.029,0,-90
283,3,48,409.47,645.076,18900.629,2,255,232.502,108.061,NA,6.451,0.022,-139.764,-139.764
284,3,49,409.47,644.697,19200.639,2,166,232.881,108.188,NA,0.379,0.001,-90,49.764
285,3,50,409.47,654.167,19500.649,2,255,242.35,105.383,NA,9.47,0.032,90,180
286,3,51,406.818,654.167,19800.659,2,255,245.002,107.949,NA,2.652,0.009,180,90
287,3,52,406.818,660.227,20100.669,2,255,251.062,106.601,NA,6.061,0.02,90,-90
288,3,53,406.818,660.227,20400.679,2,255,251.062,106.601,NA,0,0,0,-90
289,3,54,408.333,660.227,20700.689,2,255,252.578,105.116,NA,1.515,0.005,0,0
290,3,55,408.333,660.227,21000.699,2,189,252.578,105.116,NA,0,0,0,0
291,3,56,407.576,659.848,21300.709,2,255,253.424,105.933,NA,0.847,0.003,-153.435,-153.435
292,3,57,407.576,659.091,21600.719,2,255,254.182,106.088,NA,0.758,0.003,-90,63.435
293,3,58,407.576,659.091,21900.728,2,255,254.182,106.088,NA,0,0,0,90
294,3,59,412.5,655.303,22200.738,2,158,260.395,102.164,NA,6.213,0.021,-37.569,-37.569
295,3,60,412.5,654.545,22500.748,2,247,261.152,102.358,NA,0.758,0.003,-90,-52.431
296,3,61,413.258,654.545,22800.758,2,228,261.91,101.626,NA,0.758,0.003,0,90
297,3,62,404.924,654.545,23100.768,2,232,270.243,109.692,NA,8.333,0.028,180,180
298,3,63,402.273,658.712,23400.778,2,236,275.182,111.357,NA,4.939,0.016,122.471,-57.529
299,3,64,402.273,658.712,23700.788,2,203,275.182,111.357,NA,0,0,0,-122.471
300,3,65,402.273,658.712,24000.798,2,196,275.182,111.357,NA,0,0,0,0
301,3,66,403.409,653.788,24300.808,2,255,280.236,111.346,NA,5.054,0.017,-77.005,-77.005
302,3,67,402.273,653.788,24600.818,2,215,281.372,112.448,NA,1.136,0.004,180,-102.995
303,3,68,401.515,650.758,24900.828,2,220,284.496,113.952,NA,3.124,0.01,-104.036,75.964
304,3,69,398.106,646.591,25200.838,2,255,289.879,118.387,NA,5.384,0.018,-129.289,-25.253
305,3,70,398.106,646.591,25500.848,2,136,289.879,118.387,NA,0,0,0,129.289
306,3,71,381.061,651.136,25800.858,2,206,307.52,133.695,NA,17.641,0.059,165.069,165.069
307,3,72,377.525,653.788,26100.868,2,255,311.939,136.589,NA,4.419,0.015,143.13,-21.938
308,3,73,370.96,653.788,26400.878,2,255,318.505,143.028,NA,6.566,0.022,180,36.87
309,3,74,364.394,653.788,26700.888,2,255,325.071,149.479,NA,6.566,0.022,180,0
310,3,75,361.364,653.788,27000.898,2,255,328.101,152.459,NA,3.03,0.01,180,0
311,3,76,361.364,653.788,27300.908,2,91,328.101,152.459,NA,0,0,0,-180
312,3,77,359.343,649.747,27600.918,2,255,332.618,155.212,NA,4.517,0.015,-116.565,-116.565
313,3,78,352.273,649.747,27900.928,2,244,339.689,162.143,NA,7.071,0.024,180,-63.435
314,3,79,346.212,649.747,28200.938,2,202,345.75,168.094,NA,6.061,0.02,180,0
315,3,80,342.677,641.667,28500.948,2,255,354.57,173.226,NA,8.82,0.029,-113.629,66.371
316,3,81,346.212,638.636,28800.958,2,248,359.226,170.513,NA,4.656,0.016,-40.601,73.028
317,3,82,347.222,635.101,29100.968,2,203,362.903,170.454,NA,3.677,0.012,-74.055,-33.453
318,3,83,342.172,635.101,29400.978,2,255,367.954,175.323,NA,5.051,0.017,180,-105.945
319,3,84,342.172,635.101,29700.988,2,64,367.954,175.323,NA,0,0,0,-180
320,3,85,326.515,634.091,30000.998,2,174,383.643,190.723,NA,15.689,0.052,-176.309,-176.309
321,3,86,328.03,631.566,30301.008,2,114,386.588,189.897,NA,2.945,0.01,-59.036,117.272
322,3,87,328.535,631.566,30601.018,2,205,387.093,189.409,NA,0.505,0.002,0,59.036
323,3,88,320.455,631.566,30901.028,2,215,395.174,197.221,NA,8.081,0.027,180,180
324,3,89,317.424,641.162,31201.038,2,209,405.237,198.001,NA,10.063,0.034,107.526,-72.474
325,3,90,316.414,641.162,31501.048,2,186,406.247,198.991,NA,1.01,0.003,180,72.474
326,3,91,321.97,636.111,31801.058,2,255,413.755,194.655,NA,7.508,0.025,-42.274,137.726
327,3,92,323.485,650.758,32101.068,2,219,428.479,190.307,NA,14.725,0.049,84.094,126.368
328,3,93,323.99,654.798,32401.078,2,167,432.551,189.205,NA,4.072,0.014,82.875,-1.219
329,3,94,319.949,652.778,32701.088,2,216,437.069,193.492,NA,4.517,0.015,-153.435,123.69
330,3,95,315.404,651.263,33001.098,2,255,441.86,198.212,NA,4.791,0.016,-161.565,-8.13
331,3,96,303.788,651.263,33301.108,2,255,453.476,209.704,NA,11.616,0.039,180,-18.435
332,3,97,303.788,651.263,33601.118,2,238,453.476,209.704,NA,0,0,0,-180
333,3,98,299.242,652.273,33901.128,2,141,458.132,214.066,NA,4.656,0.016,167.471,167.471
334,3,99,298.737,657.323,34201.138,2,250,463.208,213.947,NA,5.076,0.017,95.711,-71.761
335,3,100,288.131,657.828,34501.148,2,204,473.826,224.438,NA,10.618,0.035,177.274,81.563
336,3,101,288.131,653.788,34801.158,2,233,477.867,224.892,NA,4.04,0.013,-90,92.726
337,3,102,288.131,653.788,35101.168,2,248,477.867,224.892,NA,0,0,0,90
338,3,103,288.131,653.788,35401.178,2,255,477.867,224.892,NA,0,0,0,0
339,3,104,288.131,650.253,35701.188,2,202,481.402,225.348,NA,3.535,0.012,-90,-90
340,3,105,286.616,649.242,36001.198,2,248,483.223,226.989,NA,1.821,0.006,-146.31,-56.31
341,3,106,296.717,649.242,36301.207,2,255,493.324,216.992,NA,10.101,0.034,0,146.31
342,3,107,296.717,649.242,36601.217,2,253,493.324,216.992,NA,0,0,0,0
343,3,108,296.717,649.242,36901.227,2,222,493.324,216.992,NA,0,0,0,0
344,3,109,296.717,649.242,37201.237,2,230,493.324,216.992,NA,0,0,0,0
345,3,110,293.687,649.242,37501.247,2,255,496.354,219.99,NA,3.03,0.01,180,180
346,3,111,293.687,645.707,37801.257,2,239,499.89,220.529,NA,3.535,0.012,-90,90
347,3,112,290.152,645.202,38101.267,2,242,503.461,224.1,NA,3.571,0.012,-171.87,-81.87
348,3,113,278.03,647.222,38401.277,2,250,515.749,235.774,NA,12.288,0.041,170.538,-17.592
349,3,114,280.051,651.768,38701.287,2,254,520.723,233.161,NA,4.974,0.017,66.038,-104.5
350,3,115,280.051,654.293,39001.297,2,166,523.249,232.857,NA,2.525,0.008,90,23.962
351,3,116,280.556,654.293,39301.307,2,219,523.754,232.355,NA,0.505,0.002,0,-90
352,3,117,280.556,654.293,39601.317,2,196,523.754,232.355,NA,0,0,0,0
353,3,118,282.576,652.273,39901.327,2,222,526.611,230.592,NA,2.857,0.01,-45,-45
354,3,119,288.636,652.273,40201.337,2,255,532.671,224.58,NA,6.061,0.02,0,45
355,3,120,290.152,647.727,40501.347,2,187,537.463,223.709,NA,4.791,0.016,-71.565,-71.565
356,3,121,288.131,647.727,40801.357,2,199,539.483,225.707,NA,2.02,0.007,180,-108.435
357,3,122,288.131,647.727,41101.367,2,179,539.483,225.707,NA,0,0,0,-180
358,3,123,288.131,647.727,41401.377,2,224,539.483,225.707,NA,0,0,0,0
359,3,124,288.131,647.727,41701.387,2,246,539.483,225.707,NA,0,0,0,0
360,3,125,288.131,647.727,42001.397,2,234,539.483,225.707,NA,0,0,0,0
361,3,126,288.131,647.727,42301.407,2,203,539.483,225.707,NA,0,0,0,0
362,3,127,293.687,651.768,42601.417,2,235,546.352,219.639,NA,6.869,0.023,36.027,36.027
363,3,128,297.222,651.768,42901.427,2,255,549.888,216.136,NA,3.535,0.012,0,-36.027
364,3,129,297.222,651.768,43201.437,2,111,549.888,216.136,NA,0,0,0,0
365,3,130,284.091,650.253,43501.447,2,255,563.106,229.351,NA,13.218,0.044,-173.418,-173.418
366,3,131,280.556,642.172,43801.457,2,255,571.926,234.061,NA,8.82,0.029,-113.629,59.789
367,3,132,277.525,632.071,44101.467,2,201,582.472,238.915,NA,10.546,0.035,-106.699,6.93
368,3,133,277.525,632.071,44401.477,2,207,582.472,238.915,NA,0,0,0,106.699
369,3,134,280.051,632.071,44701.487,2,255,584.997,236.444,NA,2.525,0.008,0,0
370,3,135,279.545,618.434,45001.497,2,102,598.643,240.129,NA,13.646,0.045,-92.121,-92.121
371,3,136,279.545,616.919,45301.507,2,118,600.158,240.528,NA,1.515,0.005,-90,2.121
372,3,137,279.545,630.556,45601.517,2,232,613.795,237.256,NA,13.636,0.045,90,180
373,3,138,272.475,632.071,45901.527,2,255,621.026,243.86,NA,7.231,0.024,167.905,77.905
374,3,139,272.475,638.131,46201.537,2,137,627.086,242.716,NA,6.061,0.02,90,-77.905
375,3,140,286.616,655.808,46501.547,2,255,649.724,226.162,NA,22.637,0.075,51.34,-38.66
376,3,141,287.121,655.808,46801.557,2,233,650.229,225.66,NA,0.505,0.002,0,-51.34
377,3,142,287.626,648.232,47101.567,2,179,657.821,226.133,NA,7.593,0.025,-86.186,-86.186
378,3,143,287.626,643.687,47401.577,2,250,662.367,226.837,NA,4.545,0.015,-90,-3.814
379,3,144,287.626,640.152,47701.587,2,186,665.902,227.447,NA,3.535,0.012,-90,0
380,3,145,291.667,640.152,48001.597,2,135,669.943,223.473,NA,4.04,0.013,0,90
381,3,146,291.667,654.798,48301.607,2,255,684.589,221.261,NA,14.646,0.049,90,90
382,3,147,279.04,649.747,48601.617,2,223,698.188,234.424,NA,13.599,0.045,-158.199,111.801
383,3,148,268.434,640.152,48901.627,2,253,712.491,246.35,NA,14.303,0.048,-137.862,20.336
384,3,149,268.434,640.152,49201.637,2,163,712.491,246.35,NA,0,0,0,137.862
385,3,150,256.313,636.616,49501.647,2,199,725.117,258.894,NA,12.626,0.042,-163.74,-163.74
386,3,151,263.384,636.616,49801.657,2,52,732.188,251.931,NA,7.071,0.024,0,163.74
387,3,152,265.909,631.566,50101.667,2,189,737.834,250.395,NA,5.647,0.019,-63.435,-63.435
388,3,153,262.879,626.01,50401.677,2,248,744.163,254.51,NA,6.328,0.021,-118.61,-55.176
389,3,154,249.242,625.505,50701.686,2,220,757.808,267.944,NA,13.646,0.045,-177.879,-59.268
390,3,155,248.737,625,51001.696,2,226,758.523,268.543,NA,0.714,0.002,-135,42.879
391,3,156,248.737,625,51301.706,2,5,758.523,268.543,NA,0,0,0,135
392,3,157,261.869,640.152,51601.716,2,224,778.573,252.827,NA,20.05,0.067,49.086,49.086
393,3,158,265.909,646.717,51901.726,2,250,786.282,247.846,NA,7.709,0.026,58.392,9.307
394,3,159,263.889,646.717,52201.736,2,184,788.302,249.846,NA,2.02,0.007,180,121.608
395,3,160,256.818,649.242,52501.746,2,236,795.81,256.526,NA,7.508,0.025,160.346,-19.654
396,3,161,265.404,653.283,52801.756,2,226,805.299,247.523,NA,9.489,0.032,25.201,-135.145
397,3,162,265.404,653.283,53101.766,2,252,805.299,247.523,NA,0,0,0,-25.201
398,3,163,257.323,655.303,53401.776,2,209,813.629,255.343,NA,8.33,0.028,165.964,165.964
399,3,164,257.323,653.788,53701.786,2,215,815.144,255.5,NA,1.515,0.005,-90,104.036
400,3,165,257.323,653.788,54001.796,2,116,815.144,255.5,NA,0,0,0,90
401,3,166,239.646,644.697,54301.806,2,205,835.021,274.14,NA,19.877,0.066,-152.784,-152.784
402,3,167,216.414,618.434,54601.816,2,117,870.085,301.525,NA,35.064,0.117,-131.496,21.287
403,3,168,210.354,610.859,54901.826,2,255,879.787,309.088,NA,9.702,0.032,-128.66,2.837
404,3,169,205.303,601.263,55201.836,2,229,890.631,316.292,NA,10.844,0.036,-117.759,10.901
405,3,170,200.253,598.232,55501.846,2,255,896.521,321.948,NA,5.89,0.02,-149.036,-31.278
406,3,171,211.869,583.586,55801.856,2,10,915.214,314.958,NA,18.694,0.062,-51.582,97.454
407,3,172,232.071,579.04,56101.866,2,130,935.921,297.343,NA,20.707,0.069,-12.68,38.902
408,3,173,215.404,586.111,56401.876,2,56,954.026,310.817,NA,18.104,0.06,157.011,169.692
409,3,174,205.303,586.111,56701.886,2,255,964.127,320.45,NA,10.101,0.034,180,22.989
410,3,175,195.202,578.03,57001.896,2,219,977.062,332.526,NA,12.936,0.043,-141.34,38.66
411,3,176,190.657,569.949,57301.906,2,255,986.334,339.409,NA,9.271,0.031,-119.358,21.982
412,3,177,190.657,560.859,57601.916,2,248,995.425,342.493,NA,9.091,0.03,-90,29.358
413,3,178,190.657,549.747,57901.926,2,230,1006.536,346.549,NA,11.111,0.037,-90,0
414,3,179,189.141,563.889,58201.936,2,255,1020.758,342.865,NA,14.222,0.047,96.116,-173.884
415,3,180,179.04,559.343,58501.946,2,76,1031.835,353.912,NA,11.077,0.037,-155.772,108.112
416,3,181,156.818,522.475,58801.956,2,154,1074.883,388.397,NA,43.048,0.143,-121.079,34.693
417,3,182,144.192,522.98,59101.966,2,185,1087.519,399.756,NA,12.636,0.042,177.709,-61.212
418,3,183,139.141,521.465,59401.976,2,255,1092.792,404.994,NA,5.273,0.018,-163.301,18.99
419,3,184,137.121,514.394,59701.986,2,249,1100.146,409.677,NA,7.354,0.025,-105.945,57.355
420,3,185,137.121,513.889,60001.996,2,211,1100.651,409.883,NA,0.505,0.002,-90,15.945
421,3,186,137.121,509.848,60302.006,2,220,1104.691,411.547,NA,4.04,0.013,-90,0
422,4,1,588.258,509.47,0,2,76,0,0,NA,NA,NA,NA,NA
423,4,2,582.197,509.47,300.01,2,52,6.061,6.061,NA,6.061,0.02,180,NA
424,4,3,582.197,509.47,600.02,2,78,6.061,6.061,NA,0,0,0,-180
425,4,4,579.545,505.303,900.03,2,79,10.999,9.657,NA,4.939,0.016,-122.471,-122.471
426,4,5,579.545,505.303,1200.04,2,77,10.999,9.657,NA,0,0,0,122.471
427,4,6,579.545,505.303,1500.05,2,98,10.999,9.657,NA,0,0,0,0
428,4,7,571.591,505.303,1800.06,2,96,18.954,17.18,NA,7.955,0.027,180,180
429,4,8,570.833,505.303,2100.07,2,113,19.712,17.916,NA,0.758,0.003,180,0
430,4,9,569.318,505.303,2400.08,2,105,21.227,19.392,NA,1.515,0.005,180,0
431,4,10,569.318,505.303,2700.09,2,100,21.227,19.392,NA,0,0,0,-180
432,4,11,569.318,505.303,3000.1,2,97,21.227,19.392,NA,0,0,0,0
433,4,12,569.318,502.652,3300.11,2,54,23.878,20.129,NA,2.652,0.009,-90,-90
434,4,13,573.106,496.212,3600.12,2,98,31.349,20.133,NA,7.471,0.025,-59.534,30.466
435,4,14,573.106,496.212,3900.13,2,108,31.349,20.133,NA,0,0,0,59.534
436,4,15,575.379,491.288,4200.14,2,126,36.772,22.281,NA,5.423,0.018,-65.225,-65.225
437,4,16,575.379,490.152,4500.15,2,105,37.909,23.218,NA,1.136,0.004,-90,-24.775
438,4,17,575.379,490.152,4800.16,2,105,37.909,23.218,NA,0,0,0,90
439,4,18,575.379,490.152,5100.17,2,118,37.909,23.218,NA,0,0,0,0
440,4,19,575.379,495.833,5400.18,2,108,43.591,18.757,NA,5.682,0.019,90,90
441,4,20,573.864,495.833,5700.19,2,121,45.106,19.828,NA,1.515,0.005,180,90
442,4,21,564.015,495.833,6000.2,2,170,54.954,27.814,NA,9.848,0.033,180,0
443,4,22,563.258,495.076,6300.21,2,140,56.026,28.848,NA,1.071,0.004,-135,45
444,4,23,558.333,495.076,6600.22,2,152,60.95,33.206,NA,4.924,0.016,180,-45
445,4,24,558.333,495.076,6900.23,2,86,60.95,33.206,NA,0,0,0,-180
446,4,25,552.273,495.455,7200.24,2,165,67.022,38.618,NA,6.072,0.02,176.424,176.424
447,4,26,552.273,495.455,7500.249,2,195,67.022,38.618,NA,0,0,0,-176.424
448,4,27,550.758,498.106,7800.259,2,100,70.076,39.184,NA,3.054,0.01,119.745,119.745
449,4,28,550.758,498.106,8100.269,2,76,70.076,39.184,NA,0,0,0,-119.745
450,4,29,545.833,504.545,8400.279,2,131,78.183,42.709,NA,8.106,0.027,127.405,127.405
451,4,30,545.833,504.545,8700.289,2,57,78.183,42.709,NA,0,0,0,-127.405
452,4,31,546.212,504.545,9000.299,2,81,78.561,42.333,NA,0.379,0.001,0,0
453,4,32,548.864,508.712,9300.309,2,97,83.5,39.401,NA,4.939,0.016,57.529,57.529
454,4,33,548.864,508.712,9600.319,2,43,83.5,39.401,NA,0,0,0,-57.529
455,4,34,554.924,502.273,9900.329,2,148,92.343,34.101,NA,8.843,0.029,-46.736,-46.736
456,4,35,554.924,502.273,10200.339,2,102,92.343,34.101,NA,0,0,0,46.736
457,4,36,551.515,502.652,10500.349,2,125,95.773,37.37,NA,3.43,0.011,173.66,173.66
458,4,37,548.864,502.652,10800.359,2,107,98.425,39.98,NA,2.652,0.009,180,6.34
459,4,38,548.864,502.652,11100.369,2,122,98.425,39.98,NA,0,0,0,-180
460,4,39,548.864,501.136,11400.379,2,134,99.94,40.266,NA,1.515,0.005,-90,-90
461,4,40,550.758,497.727,11700.389,2,114,103.84,39.295,NA,3.9,0.013,-60.945,29.055
462,4,41,550.758,497.727,12000.399,2,115,103.84,39.295,NA,0,0,0,60.945
463,4,42,550.758,497.727,12300.409,2,80,103.84,39.295,NA,0,0,0,0
464,4,43,550.758,497.727,12600.419,2,122,103.84,39.295,NA,0,0,0,0
465,4,44,550.758,497.727,12900.429,2,90,103.84,39.295,NA,0,0,0,0
466,4,45,550.758,497.727,13200.439,2,69,103.84,39.295,NA,0,0,0,0
467,4,46,545.833,497.727,13500.449,2,89,108.764,44.019,NA,4.924,0.016,180,180
468,4,47,545.833,497.727,13800.459,2,96,108.764,44.019,NA,0,0,0,-180
469,4,48,544.697,495.833,14100.469,2,83,110.973,45.645,NA,2.209,0.007,-120.964,-120.964
470,4,49,546.212,485.985,14400.479,2,90,120.937,48.16,NA,9.964,0.033,-81.254,39.71
471,4,50,546.212,482.576,14700.489,2,88,124.346,49.911,NA,3.409,0.011,-90,-8.746
472,4,51,546.212,475.758,15000.499,2,90,131.164,53.892,NA,6.818,0.023,-90,0
473,4,52,544.697,470.455,15300.509,2,54,136.679,58.478,NA,5.515,0.018,-105.945,-15.945
474,4,53,544.697,470.455,15600.519,2,84,136.679,58.478,NA,0,0,0,105.945
475,4,54,541.288,470.455,15900.529,2,75,140.089,61.06,NA,3.409,0.011,180,180
476,4,55,541.288,470.455,16200.539,2,99,140.089,61.06,NA,0,0,0,-180
477,4,56,541.288,470.455,16500.549,2,65,140.089,61.06,NA,0,0,0,0
478,4,57,545.455,470.455,16800.559,2,144,144.255,57.916,NA,4.167,0.014,0,0
479,4,58,554.545,461.364,17100.569,2,61,157.112,58.743,NA,12.856,0.043,-45,-45
480,4,59,554.545,454.545,17400.579,2,68,163.93,64.445,NA,6.818,0.023,-90,-45
481,4,60,560.354,446.717,17700.589,2,148,173.678,68.677,NA,9.748,0.032,-53.427,36.573
482,4,61,558.838,442.172,18000.599,2,112,178.469,73.447,NA,4.791,0.016,-108.435,-55.008
483,4,62,558.838,438.636,18300.609,2,119,182.004,76.7,NA,3.535,0.012,-90,18.435
484,4,63,558.838,438.636,18600.619,2,98,182.004,76.7,NA,0,0,0,90
485,4,64,558.838,438.636,18900.629,2,130,182.004,76.7,NA,0,0,0,0
486,4,65,558.838,438.636,19200.639,2,181,182.004,76.7,NA,0,0,0,0
487,4,66,563.889,429.545,19500.649,2,97,192.404,83.557,NA,10.4,0.035,-60.945,-60.945
488,4,67,563.889,427.02,19800.659,2,96,194.929,85.975,NA,2.525,0.008,-90,-29.055
489,4,68,569.949,423.99,20100.669,2,119,201.705,87.418,NA,6.776,0.023,-26.565,63.435
490,4,69,569.949,423.99,20400.679,2,134,201.705,87.418,NA,0,0,0,26.565
491,4,70,570.455,420.455,20700.689,2,143,205.276,90.778,NA,3.571,0.012,-81.87,-81.87
492,4,71,570.455,420.455,21000.699,2,161,205.276,90.778,NA,0,0,0,81.87
493,4,72,566.414,414.394,21300.709,2,255,212.56,97.553,NA,7.284,0.024,-123.69,-123.69
494,4,73,566.414,414.394,21600.719,2,77,212.56,97.553,NA,0,0,0,123.69
495,4,74,564.394,399.747,21900.728,2,82,227.345,112.287,NA,14.785,0.049,-97.853,-97.853
496,4,75,565.404,395.707,22200.738,2,69,231.51,116.035,NA,4.165,0.014,-75.964,21.89
497,4,76,563.889,395.707,22500.748,2,119,233.025,116.343,NA,1.515,0.005,180,-104.036
498,4,77,563.889,396.212,22800.758,2,214,233.53,115.85,NA,0.505,0.002,90,-90
499,4,78,557.323,396.212,23100.768,2,119,240.096,117.406,NA,6.566,0.022,180,90
500,4,79,557.828,396.212,23400.778,2,61,240.601,117.274,NA,0.505,0.002,0,-180
501,4,80,559.848,396.212,23700.788,2,90,242.621,116.766,NA,2.02,0.007,0,0
502,4,81,558.838,392.172,24000.798,2,132,246.786,120.931,NA,4.165,0.014,-104.036,-104.036
503,4,82,558.838,392.172,24300.808,2,179,246.786,120.931,NA,0,0,0,104.036
504,4,83,558.838,386.111,24600.818,2,135,252.847,126.818,NA,6.061,0.02,-90,-90
505,4,84,558.838,384.091,24900.828,2,139,254.867,128.784,NA,2.02,0.007,-90,0
506,4,85,560.354,384.091,25200.838,2,124,256.382,128.446,NA,1.515,0.005,0,90
507,4,86,560.354,384.091,25500.848,2,135,256.382,128.446,NA,0,0,0,0
508,4,87,555.303,384.091,25800.858,2,134,261.432,129.637,NA,5.051,0.017,180,180
509,4,88,551.768,384.091,26100.868,2,118,264.968,130.581,NA,3.535,0.012,180,0
510,4,89,550.253,383.586,26400.878,2,159,266.565,131.496,NA,1.597,0.005,-161.565,18.435
511,4,90,550.253,383.586,26700.888,2,108,266.565,131.496,NA,0,0,0,161.565
512,4,91,545.202,383.586,27000.898,2,94,271.615,133.043,NA,5.051,0.017,180,180
513,4,92,544.697,383.586,27300.908,2,47,272.12,133.208,NA,0.505,0.002,180,0
514,4,93,539.646,381.566,27600.918,2,160,277.56,136.83,NA,5.44,0.018,-158.199,21.801
515,4,94,539.141,381.566,27900.928,2,195,278.065,137.01,NA,0.505,0.002,180,-21.801
516,4,95,536.616,381.566,28200.938,2,240,280.59,137.936,NA,2.525,0.008,180,0
517,4,96,536.616,381.566,28500.948,2,240,280.59,137.936,NA,0,0,0,-180
518,4,97,536.111,386.616,28800.958,2,236,285.666,133.463,NA,5.076,0.017,95.711,95.711
519,4,98,536.111,386.616,29100.968,2,144,285.666,133.463,NA,0,0,0,-95.711
520,4,99,530.556,386.616,29400.978,2,134,291.222,135.73,NA,5.556,0.019,180,180
521,4,100,530.556,380.051,29700.988,2,172,297.787,141.7,NA,6.566,0.022,-90,90
522,4,101,530.556,380.051,30000.998,2,173,297.787,141.7,NA,0,0,0,90
523,4,102,530.556,379.545,30301.008,2,132,298.292,142.161,NA,0.505,0.002,-90,-90
524,4,103,528.535,377.02,30601.018,2,114,301.526,145.291,NA,3.234,0.011,-128.66,-38.66
525,4,104,528.535,377.02,30901.028,2,149,301.526,145.291,NA,0,0,0,128.66
526,4,105,534.091,377.02,31201.038,2,141,307.082,143.098,NA,5.556,0.019,0,0
527,4,106,536.616,372.475,31501.048,2,149,312.282,146.405,NA,5.2,0.017,-60.945,-60.945
528,4,107,542.172,369.949,31801.058,2,94,318.384,146.935,NA,6.103,0.02,-24.444,36.501
529,4,108,547.222,369.949,32101.068,2,165,323.435,145.43,NA,5.051,0.017,0,24.444
530,4,109,547.222,369.949,32401.078,2,138,323.435,145.43,NA,0,0,0,0
531,4,110,547.222,369.949,32701.088,2,167,323.435,145.43,NA,0,0,0,0
532,4,111,552.273,374.495,33001.098,2,173,330.229,139.689,NA,6.795,0.023,41.987,41.987
533,4,112,552.273,374.495,33301.108,2,192,330.229,139.689,NA,0,0,0,-41.987
534,4,113,555.303,370.455,33601.118,2,208,335.28,142.868,NA,5.051,0.017,-53.13,-53.13
535,4,114,557.828,367.929,33901.128,2,158,338.851,144.774,NA,3.571,0.012,-45,8.13
536,4,115,557.323,367.929,34201.138,2,147,339.356,144.881,NA,0.505,0.002,180,-135
537,4,116,551.263,363.384,34501.148,2,204,346.932,150.697,NA,7.576,0.025,-143.13,36.87
538,4,117,551.263,355.808,34801.158,2,190,354.508,158.052,NA,7.576,0.025,-90,53.13
539,4,118,551.263,355.808,35101.168,2,203,354.508,158.052,NA,0,0,0,90
540,4,119,549.242,354.798,35401.178,2,176,356.766,159.517,NA,2.259,0.008,-153.435,-153.435
541,4,120,549.242,353.788,35701.188,2,80,357.776,160.496,NA,1.01,0.003,-90,63.435
542,4,121,547.222,349.747,36001.198,2,197,362.294,164.909,NA,4.517,0.015,-116.565,-26.565
543,4,122,547.222,344.697,36301.207,2,255,367.344,169.806,NA,5.051,0.017,-90,26.565
544,4,123,547.222,344.697,36601.217,2,99,367.344,169.806,NA,0,0,0,90
545,4,124,545.202,342.172,36901.227,2,142,370.578,172.75,NA,3.234,0.011,-128.66,-128.66
546,4,125,545.202,337.121,37201.237,2,179,375.629,177.645,NA,5.051,0.017,-90,38.66
547,4,126,545.202,337.121,37501.247,2,162,375.629,177.645,NA,0,0,0,90
548,4,127,545.202,337.121,37801.257,2,78,375.629,177.645,NA,0,0,0,0
549,4,128,549.747,337.121,38101.267,2,99,380.174,176.598,NA,4.545,0.015,0,0
550,4,129,553.283,337.121,38401.277,2,164,383.709,175.861,NA,3.535,0.012,0,0
551,4,130,556.818,337.121,38701.287,2,144,387.245,175.193,NA,3.535,0.012,0,0
552,4,131,555.303,335.606,39001.297,2,126,389.388,176.959,NA,2.143,0.007,-135,-135
553,4,132,549.242,334.091,39301.307,2,168,395.635,179.666,NA,6.247,0.021,-165.964,-30.964
554,4,133,549.242,332.071,39601.317,2,176,397.655,181.639,NA,2.02,0.007,-90,75.964
555,4,134,549.242,332.071,39901.327,2,117,397.655,181.639,NA,0,0,0,90
556,4,135,548.737,325.505,40201.337,2,114,404.24,188.162,NA,6.585,0.022,-94.399,-94.399
557,4,136,543.182,321.465,40501.347,2,177,411.109,193.333,NA,6.869,0.023,-143.973,-49.574
558,4,137,543.182,313.384,40801.357,2,184,419.19,201.2,NA,8.081,0.027,-90,53.973
559,4,138,543.182,313.384,41101.367,2,241,419.19,201.2,NA,0,0,0,90
560,4,139,543.182,313.384,41401.377,2,122,419.19,201.2,NA,0,0,0,0
561,4,140,543.182,313.384,41701.387,2,155,419.19,201.2,NA,0,0,0,0
562,4,141,537.626,307.828,42001.397,2,148,427.047,207.901,NA,7.857,0.026,-135,-135
563,4,142,534.596,306.818,42301.407,2,121,430.241,209.636,NA,3.194,0.011,-161.565,-26.565
564,4,143,541.162,308.333,42601.417,2,136,436.979,206.577,NA,6.738,0.022,12.995,174.56
565,4,144,541.162,302.273,42901.427,2,122,443.04,212.482,NA,6.061,0.02,-90,-102.995
566,4,145,541.162,294.192,43201.437,2,152,451.121,220.369,NA,8.081,0.027,-90,0
567,4,146,536.111,294.192,43501.447,2,218,456.171,221.503,NA,5.051,0.017,180,-90
568,4,147,529.545,297.222,43801.457,2,188,463.403,220.218,NA,7.231,0.024,155.225,-24.775
569,4,148,524.495,297.222,44101.467,2,201,468.453,221.618,NA,5.051,0.017,180,24.775
570,4,149,524.495,297.222,44401.477,2,176,468.453,221.618,NA,0,0,0,-180
571,4,150,518.434,300.253,44701.487,2,148,475.229,220.561,NA,6.776,0.023,153.435,153.435
572,4,151,511.364,299.242,45001.497,2,148,482.371,223.849,NA,7.142,0.024,-171.87,34.695
573,4,152,511.364,299.242,45301.507,2,106,482.371,223.849,NA,0,0,0,171.87
574,4,153,511.364,294.697,45601.517,2,122,486.917,228.123,NA,4.545,0.015,-90,-90
575,4,154,504.798,291.667,45901.527,2,175,494.148,233.246,NA,7.231,0.024,-155.225,-65.225
576,4,155,504.293,283.586,46201.537,2,167,502.245,240.985,NA,8.097,0.027,-93.576,61.649
577,4,156,504.293,283.586,46501.547,2,103,502.245,240.985,NA,0,0,0,93.576
578,4,157,509.343,277.02,46801.557,2,99,510.528,245.48,NA,8.283,0.028,-52.431,-52.431
579,4,158,515.404,276.515,47101.567,2,61,516.61,244.081,NA,6.082,0.02,-4.764,47.668
580,4,159,517.424,270.455,47401.577,2,73,522.998,249.29,NA,6.388,0.021,-71.565,-66.801
581,4,160,515.404,257.323,47701.587,2,51,536.284,262.46,NA,13.286,0.044,-98.746,-27.181
582,4,161,507.323,245.202,48001.597,2,107,550.852,276.383,NA,14.568,0.049,-123.69,-24.944
583,4,162,504.293,239.646,48301.607,2,71,557.18,282.586,NA,6.328,0.021,-118.61,5.08
584,4,163,513.889,234.596,48601.617,2,61,568.024,284.757,NA,10.844,0.036,-27.759,90.852
585,4,164,523.99,236.111,48901.627,2,166,578.238,280.812,NA,10.214,0.034,8.531,36.289
586,4,165,529.04,233.586,49201.637,2,163,583.885,282.168,NA,5.647,0.019,-26.565,-35.096
587,4,166,529.04,233.586,49501.647,2,69,583.885,282.168,NA,0,0,0,26.565
588,4,167,535.606,231.061,49801.657,2,64,590.919,283.344,NA,7.035,0.023,-21.038,-21.038
589,4,168,535.606,231.061,50101.667,2,3,590.919,283.344,NA,0,0,0,21.038
590,4,169,527.525,214.394,50401.677,2,73,609.442,301.261,NA,18.522,0.062,-115.866,-115.866
591,4,170,522.475,199.242,50701.686,2,142,625.413,317.125,NA,15.971,0.053,-108.435,7.431
592,4,171,512.879,185.101,51001.696,2,74,642.503,333.012,NA,17.09,0.057,-124.16,-15.725
593,4,172,509.343,175,51301.706,2,110,653.204,343.653,NA,10.702,0.036,-109.29,14.87
594,4,173,509.343,175,51601.716,2,109,653.204,343.653,NA,0,0,0,109.29
595,4,174,509.343,169.444,51901.726,2,84,658.76,349.062,NA,5.556,0.019,-90,-90
596,4,175,503.283,169.444,52201.736,2,255,664.821,350.482,NA,6.061,0.02,180,-90
597,4,176,494.192,159.848,52501.746,2,140,678.039,362.054,NA,13.218,0.044,-133.452,46.548
598,5,1,681.566,528.535,0,2,38,0,0,NA,NA,NA,NA,NA
599,5,2,681.566,523.485,300.01,2,49,5.051,5.051,NA,5.051,0.017,-90,NA
600,5,3,681.566,523.485,600.02,2,54,5.051,5.051,NA,0,0,0,90
601,5,4,675,523.485,900.03,2,98,11.616,8.283,NA,6.566,0.022,180,180
602,5,5,674.495,521.465,1200.04,2,92,13.699,9.999,NA,2.082,0.007,-104.036,75.964
603,5,6,674.495,521.465,1500.05,2,111,13.699,9.999,NA,0,0,0,104.036
604,5,7,670.455,521.465,1800.06,2,131,17.739,13.17,NA,4.04,0.013,180,180
605,5,8,670.455,515.909,2100.07,2,65,23.294,16.819,NA,5.556,0.019,-90,90
606,5,9,670.455,515.909,2400.08,2,95,23.294,16.819,NA,0,0,0,90
607,5,10,668.434,513.384,2700.09,2,147,26.528,20.05,NA,3.234,0.011,-128.66,-128.66
608,5,11,668.434,513.384,3000.1,2,104,26.528,20.05,NA,0,0,0,128.66
609,5,12,668.434,513.384,3300.11,2,87,26.528,20.05,NA,0,0,0,0
610,5,13,668.434,513.384,3600.12,2,117,26.528,20.05,NA,0,0,0,0
611,5,14,668.434,513.384,3900.13,2,120,26.528,20.05,NA,0,0,0,0
612,5,15,668.434,510.354,4200.14,2,64,29.559,22.428,NA,3.03,0.01,-90,-90
613,5,16,668.434,507.828,4500.15,2,83,32.084,24.52,NA,2.525,0.008,-90,0
614,5,17,668.434,501.263,4800.16,2,149,38.65,30.269,NA,6.566,0.022,-90,0
615,5,18,668.434,495.707,5100.17,2,39,44.205,35.357,NA,5.556,0.019,-90,0
616,5,19,671.465,488.131,5400.18,2,73,52.365,41.648,NA,8.159,0.027,-68.199,21.801
617,5,20,672.98,485.101,5700.19,2,161,55.752,44.275,NA,3.388,0.011,-63.435,4.764
618,5,21,667.424,485.101,6000.2,2,186,61.308,45.678,NA,5.556,0.019,180,-116.565
619,5,22,667.424,485.101,6300.21,2,165,61.308,45.678,NA,0,0,0,-180
620,5,23,667.424,485.101,6600.22,2,149,61.308,45.678,NA,0,0,0,0
621,5,24,667.424,480.051,6900.23,2,144,66.359,50.505,NA,5.051,0.017,-90,-90
622,5,25,667.424,480.051,7200.24,2,190,66.359,50.505,NA,0,0,0,90
623,5,26,667.424,480.051,7500.249,2,157,66.359,50.505,NA,0,0,0,0
624,5,27,667.424,480.051,7800.259,2,133,66.359,50.505,NA,0,0,0,0
625,5,28,659.848,480.051,8100.269,2,170,73.934,53.126,NA,7.576,0.025,180,180
626,5,29,655.303,478.03,8400.279,2,186,78.908,56.925,NA,4.974,0.017,-156.038,23.962
627,5,30,655.303,479.04,8700.289,2,136,79.919,56.031,NA,1.01,0.003,90,-113.962
628,5,31,653.283,476.01,9000.299,2,255,83.561,59.656,NA,3.642,0.012,-123.69,146.31
629,5,32,653.283,472.475,9300.309,2,196,87.096,62.791,NA,3.535,0.012,-90,33.69
630,5,33,649.242,470.96,9600.319,2,183,91.411,66.028,NA,4.315,0.014,-159.444,-69.444
631,5,34,647.222,470.96,9900.329,2,207,93.431,67.041,NA,2.02,0.007,180,-20.556
632,5,35,649.242,473.99,10200.339,2,184,97.073,63.403,NA,3.642,0.012,56.31,-123.69
633,5,36,649.242,473.99,10500.349,2,159,97.073,63.403,NA,0,0,0,-56.31
634,5,37,649.242,473.99,10800.359,2,166,97.073,63.403,NA,0,0,0,0
635,5,38,649.242,473.99,11100.369,2,233,97.073,63.403,NA,0,0,0,0
636,5,39,649.242,473.99,11400.379,2,247,97.073,63.403,NA,0,0,0,0
637,5,40,647.222,472.475,11700.389,2,169,99.598,65.744,NA,2.525,0.008,-143.13,-143.13
638,5,41,647.222,470.455,12000.399,2,234,101.619,67.475,NA,2.02,0.007,-90,53.13
639,5,42,648.232,470.455,12300.409,2,148,102.629,66.966,NA,1.01,0.003,0,90
640,5,43,650.758,467.424,12600.419,2,206,106.573,68.438,NA,3.945,0.013,-50.194,-50.194
641,5,44,650.758,467.424,12900.429,2,174,106.573,68.438,NA,0,0,0,50.194
642,5,45,650.758,463.889,13200.439,2,100,110.109,71.612,NA,3.535,0.012,-90,-90
643,5,46,650.758,463.889,13500.449,2,118,110.109,71.612,NA,0,0,0,90
644,5,47,651.263,461.869,13800.459,2,137,112.191,73.231,NA,2.082,0.007,-75.964,-75.964
645,5,48,652.273,461.364,14100.469,2,146,113.32,73.281,NA,1.129,0.004,-26.565,49.399
646,5,49,654.293,456.818,14400.479,2,111,118.295,76.728,NA,4.974,0.017,-66.038,-39.472
647,5,50,654.293,456.818,14700.489,2,143,118.295,76.728,NA,0,0,0,66.038
648,5,51,654.293,456.818,15000.499,2,209,118.295,76.728,NA,0,0,0,0
649,5,52,654.293,456.818,15300.509,2,125,118.295,76.728,NA,0,0,0,0
650,5,53,654.293,456.818,15600.519,2,135,118.295,76.728,NA,0,0,0,0
651,5,54,654.293,456.818,15900.529,2,191,118.295,76.728,NA,0,0,0,0
652,5,55,652.273,455.808,16200.539,2,144,120.553,78.405,NA,2.259,0.008,-153.435,-153.435
653,5,56,652.273,455.808,16500.549,2,140,120.553,78.405,NA,0,0,0,153.435
654,5,57,650.758,454.293,16800.559,2,179,122.696,80.381,NA,2.143,0.007,-135,-135
655,5,58,650.758,454.293,17100.569,2,101,122.696,80.381,NA,0,0,0,135
656,5,59,651.263,451.768,17400.579,2,152,125.271,82.532,NA,2.575,0.009,-78.69,-78.69
657,5,60,654.293,450.758,17700.589,2,202,128.465,82.421,NA,3.194,0.011,-18.435,60.255
658,5,61,658.333,450.758,18000.599,2,146,132.506,81.173,NA,4.04,0.013,0,18.435
659,5,62,660.354,449.747,18300.609,2,159,134.765,81.593,NA,2.259,0.008,-26.565,-26.565
660,5,63,661.364,447.222,18600.619,2,180,137.484,83.785,NA,2.72,0.009,-68.199,-41.634
661,5,64,664.394,444.192,18900.629,2,136,141.77,86.074,NA,4.285,0.014,-45,23.199
662,5,65,664.394,444.192,19200.639,2,130,141.77,86.074,NA,0,0,0,45
663,5,66,669.444,439.646,19500.649,2,150,148.565,89.712,NA,6.795,0.023,-41.987,-41.987
664,5,67,669.444,438.131,19800.659,2,125,150.08,91.213,NA,1.515,0.005,-90,-48.013
665,5,68,669.444,438.131,20100.669,2,116,150.08,91.213,NA,0,0,0,90
666,5,69,669.444,435.606,20400.679,2,255,152.605,93.716,NA,2.525,0.008,-90,-90
667,5,70,668.939,433.586,20700.689,2,116,154.687,95.785,NA,2.082,0.007,-104.036,-14.036
668,5,71,668.939,431.566,21000.699,2,110,156.708,97.788,NA,2.02,0.007,-90,14.036
669,5,72,671.465,428.03,21300.709,2,96,161.052,101.011,NA,4.345,0.014,-54.462,35.538
670,5,73,672.475,426.01,21600.719,2,76,163.311,102.928,NA,2.259,0.008,-63.435,-8.973
671,5,74,672.475,426.01,21900.728,2,105,163.311,102.928,NA,0,0,0,63.435
672,5,75,672.475,412.879,22200.738,2,93,176.442,116.013,NA,13.131,0.044,-90,-90
673,5,76,678.535,398.232,22500.748,2,113,192.293,130.338,NA,15.851,0.053,-67.521,22.479
674,5,77,687.121,391.667,22800.758,2,92,203.102,136.981,NA,10.809,0.036,-37.405,30.115
675,5,78,687.121,387.121,23100.768,2,166,207.647,141.523,NA,4.545,0.015,-90,-52.595
676,5,79,687.121,379.04,23400.778,2,108,215.728,149.598,NA,8.081,0.027,-90,0
677,5,80,690.152,379.04,23700.788,2,165,218.758,149.741,NA,3.03,0.01,0,90
678,5,81,694.192,378.535,24000.798,2,156,222.83,150.53,NA,4.072,0.014,-7.125,-7.125
679,5,82,694.697,379.04,24300.808,2,149,223.544,150.071,NA,0.714,0.002,45,52.125
680,5,83,697.727,378.535,24600.818,2,201,226.616,150.868,NA,3.072,0.01,-9.462,-54.462
681,5,84,697.727,371.465,24900.828,2,142,233.687,157.9,NA,7.071,0.024,-90,-80.538
682,5,85,709.848,366.919,25200.838,2,110,246.632,164.072,NA,12.945,0.043,-20.556,69.444
683,5,86,726.515,362.374,25500.848,2,77,263.908,172.134,NA,17.275,0.058,-15.255,5.301
684,5,87,737.121,353.788,25800.858,2,192,277.554,183.366,NA,13.646,0.045,-38.991,-23.736
685,5,88,742.677,348.232,26100.868,2,182,285.41,190.378,NA,7.857,0.026,-45,-6.009
686,5,89,748.737,345.202,26400.878,2,255,292.186,195.252,NA,6.776,0.023,-26.565,18.435
687,5,90,748.737,334.091,26700.888,2,255,303.297,205.72,NA,11.111,0.037,-90,-63.435
688,5,91,748.232,319.444,27000.898,2,176,317.953,219.462,NA,14.655,0.049,-91.975,-1.975
689,5,92,748.232,319.444,27300.908,2,146,317.953,219.462,NA,0,0,0,91.975
690,5,93,745.202,316.414,27600.918,2,230,322.238,221.461,NA,4.285,0.014,-135,-135
691,5,94,744.697,311.869,27900.928,2,183,326.811,225.677,NA,4.573,0.015,-96.34,38.66
692,5,95,747.727,310.354,28200.938,2,174,330.199,227.993,NA,3.388,0.011,-26.565,69.775
693,5,96,760.354,310.354,28500.948,2,79,342.826,231.972,NA,12.626,0.042,0,26.565
694,5,97,764.899,315.404,28800.958,2,173,349.62,228.844,NA,6.795,0.023,48.013,48.013
695,5,98,764.899,317.929,29100.968,2,215,352.146,226.494,NA,2.525,0.008,90,41.987
696,5,99,764.899,317.929,29400.978,2,207,352.146,226.494,NA,0,0,0,-90
697,5,100,766.919,313.384,29700.988,2,214,357.12,231.464,NA,4.974,0.017,-66.038,-66.038
698,5,101,766.919,307.323,30000.998,2,164,363.181,237.108,NA,6.061,0.02,-90,-23.962
699,5,102,778.03,297.727,30301.008,2,145,377.862,250.156,NA,14.681,0.049,-40.815,49.185
700,5,103,775,293.182,30601.018,2,228,383.325,253.222,NA,5.463,0.018,-123.69,-82.875
701,5,104,775,293.182,30901.028,2,112,383.325,253.222,NA,0,0,0,123.69
702,5,105,775,293.182,31201.038,2,67,383.325,253.222,NA,0,0,0,0
703,5,106,775,293.182,31501.048,2,168,383.325,253.222,NA,0,0,0,0
704,5,107,775,297.222,31801.058,2,128,387.365,249.471,NA,4.04,0.013,90,90
705,5,108,775.505,304.293,32101.068,2,255,394.454,243.124,NA,7.089,0.024,85.914,-4.086
706,5,109,777.02,304.293,32401.078,2,188,395.969,243.713,NA,1.515,0.005,0,-85.914
707,5,110,768.939,305.808,32701.088,2,156,404.191,239.252,NA,8.222,0.027,169.38,169.38
708,5,111,763.384,304.798,33001.098,2,153,409.837,238.228,NA,5.647,0.019,-169.695,20.925
709,5,112,756.313,305.303,33301.108,2,144,416.926,235.414,NA,7.089,0.024,175.914,-14.39
710,5,113,749.747,313.384,33601.118,2,197,427.338,225.697,NA,10.412,0.035,129.094,-46.821
711,5,114,746.717,312.879,33901.128,2,126,430.41,225.283,NA,3.072,0.01,-170.538,60.368
712,5,115,746.717,305.303,34201.138,2,188,437.986,232.545,NA,7.576,0.025,-90,80.538
713,5,116,745.202,302.778,34501.148,2,193,440.931,234.555,NA,2.945,0.01,-120.964,-30.964
714,5,117,745.202,302.778,34801.158,2,121,440.931,234.555,NA,0,0,0,120.964
715,5,118,746.212,299.747,35101.168,2,235,444.125,237.746,NA,3.194,0.011,-71.565,-71.565
716,5,119,750.253,299.747,35401.178,2,92,448.165,238.876,NA,4.04,0.013,0,71.565
717,5,120,755.808,291.667,35701.188,2,140,457.972,248.231,NA,9.806,0.033,-55.491,-55.491
718,5,121,755.808,291.667,36001.198,2,171,457.972,248.231,NA,0,0,0,55.491
719,5,122,755.808,287.626,36301.207,2,195,462.012,252.09,NA,4.04,0.013,-90,-90
720,5,123,755.808,287.626,36601.217,2,197,462.012,252.09,NA,0,0,0,90
721,5,124,755.808,287.626,36901.227,2,174,462.012,252.09,NA,0,0,0,0
722,5,125,755.808,287.626,37201.237,2,207,462.012,252.09,NA,0,0,0,0
723,5,126,755.808,272.475,37501.247,2,254,477.164,266.606,NA,15.152,0.051,-90,-90
724,5,127,755.808,266.919,37801.257,2,213,482.719,271.947,NA,5.556,0.019,-90,0
725,5,128,755.808,266.919,38101.267,2,222,482.719,271.947,NA,0,0,0,90
726,5,129,755.303,259.343,38401.277,2,191,490.312,279.108,NA,7.593,0.025,-93.814,-93.814
727,5,130,750.253,255.303,38701.287,2,241,496.779,281.734,NA,6.468,0.022,-141.34,-47.526
728,5,131,743.687,248.737,39001.297,2,198,506.065,286.611,NA,9.285,0.031,-135,6.34
729,5,132,743.687,248.737,39301.307,2,249,506.065,286.611,NA,0,0,0,135
730,5,133,739.646,244.697,39601.317,2,187,511.779,289.72,NA,5.714,0.019,-135,-135
731,5,134,734.596,240.152,39901.327,2,183,518.573,293.219,NA,6.795,0.023,-138.013,-3.013
732,5,135,733.081,240.152,40201.337,2,209,520.089,292.949,NA,1.515,0.005,180,-41.987
733,5,136,725,234.091,40501.347,2,125,530.19,297.631,NA,10.101,0.034,-143.13,36.87
734,5,137,714.899,233.081,40801.357,2,255,540.341,297.329,NA,10.151,0.034,-174.289,-31.159
735,5,138,714.394,228.03,41101.367,2,255,545.417,302.293,NA,5.076,0.017,-95.711,78.579
736,5,139,714.394,222.98,41401.377,2,188,550.467,307.314,NA,5.051,0.017,-90,5.711
737,5,140,715.404,221.97,41701.387,2,214,551.896,308.428,NA,1.428,0.005,-45,45
738,5,141,718.434,211.869,42001.397,2,98,562.441,318.806,NA,10.546,0.035,-73.301,-28.301
739,5,142,718.434,211.869,42301.407,2,241,562.441,318.806,NA,0,0,0,73.301
740,5,143,724.495,219.949,42601.417,2,188,572.542,311.558,NA,10.101,0.034,53.13,53.13
741,5,144,726.01,220.96,42901.427,2,209,574.363,310.77,NA,1.821,0.006,33.69,-19.44
742,5,145,726.01,220.96,43201.437,2,171,574.363,310.77,NA,0,0,0,-33.69
743,5,146,726.01,220.96,43501.447,2,163,574.363,310.77,NA,0,0,0,0
744,5,147,722.98,224.495,43801.457,2,221,579.02,306.848,NA,4.656,0.016,130.601,130.601
745,5,148,717.424,223.485,44101.467,2,255,584.666,307.151,NA,5.647,0.019,-169.695,59.704
746,5,149,715.909,223.485,44401.477,2,255,586.182,306.978,NA,1.515,0.005,180,-10.305
747,5,150,715.404,218.434,44701.487,2,241,591.257,311.942,NA,5.076,0.017,-95.711,84.289
748,5,151,715.404,209.848,45001.497,2,207,599.843,320.478,NA,8.586,0.029,-90,5.711
749,5,152,715.404,209.848,45301.507,2,193,599.843,320.478,NA,0,0,0,90
750,5,153,715.404,209.848,45601.517,2,237,599.843,320.478,NA,0,0,0,0
751,5,154,715.404,209.848,45901.527,2,229,599.843,320.478,NA,0,0,0,0
752,5,155,714.899,208.838,46201.537,2,200,600.972,321.43,NA,1.129,0.004,-116.565,-116.565
753,5,156,711.869,205.303,46501.547,2,229,605.629,324.65,NA,4.656,0.016,-130.601,-14.036
754,5,157,711.869,205.303,46801.557,2,116,605.629,324.65,NA,0,0,0,130.601
755,5,158,698.737,197.222,47101.567,2,174,621.047,331.758,NA,15.419,0.051,-148.392,-148.392
756,5,159,698.232,191.162,47401.577,2,202,627.129,337.785,NA,6.082,0.02,-94.764,53.629
757,5,160,698.232,191.162,47701.587,2,57,627.129,337.785,NA,0,0,0,94.764
758,5,161,695.202,181.566,48001.597,2,198,637.192,347.238,NA,10.063,0.034,-107.526,-107.526
759,5,162,695.202,176.515,48301.607,2,232,642.242,352.284,NA,5.051,0.017,-90,17.526
760,5,163,693.687,169.444,48601.617,2,167,649.474,359.295,NA,7.231,0.024,-102.095,-12.095
761,5,164,684.091,165.404,48901.627,2,221,659.886,363.14,NA,10.412,0.035,-157.166,-55.072
762,5,165,684.091,160.354,49201.637,2,247,664.936,368.19,NA,5.051,0.017,-90,67.166
763,5,166,683.081,158.333,49501.647,2,213,667.195,370.205,NA,2.259,0.008,-116.565,-26.565
764,5,167,684.091,152.273,49801.657,2,233,673.339,376.271,NA,6.144,0.02,-80.538,36.027
765,5,168,684.091,146.717,50101.667,2,207,678.895,381.827,NA,5.556,0.019,-90,-9.462
766,5,169,684.091,147.222,50401.677,2,148,679.4,381.321,NA,0.505,0.002,90,180
767,5,170,684.091,147.222,50701.686,2,80,679.4,381.321,NA,0,0,0,-90
768,5,171,684.091,147.222,51001.696,2,128,679.4,381.321,NA,0,0,0,0
769,5,172,672.98,147.222,51301.706,2,80,690.511,381.41,NA,11.111,0.037,180,180
770,6,1,990.152,719.697,10500.349,2,25,0,0,NA,NA,NA,NA,NA
771,6,2,990.152,718.561,10800.359,2,14,1.136,1.136,NA,1.136,0.004,-90,NA
772,6,3,990.152,718.561,11100.369,2,50,1.136,1.136,NA,0,0,0,90
773,6,4,990.152,718.561,11400.379,2,81,1.136,1.136,NA,0,0,0,0
774,6,5,990.152,718.561,11700.389,2,64,1.136,1.136,NA,0,0,0,0
775,6,6,990.152,712.121,12000.399,2,68,7.576,7.576,NA,6.439,0.021,-90,-90
776,6,7,990.152,708.333,12300.409,2,35,11.364,11.364,NA,3.788,0.013,-90,0
777,6,8,990.152,705.303,12600.419,2,33,14.394,14.394,NA,3.03,0.01,-90,0
778,6,9,990.152,705.303,12900.429,2,94,14.394,14.394,NA,0,0,0,90
779,6,10,991.667,699.242,13200.439,2,94,20.641,20.511,NA,6.247,0.021,-75.964,-75.964
780,6,11,996.591,698.864,13500.449,2,79,25.58,21.806,NA,4.939,0.016,-4.399,71.565
781,6,12,1002.273,698.864,13800.459,2,58,31.262,24.103,NA,5.682,0.019,0,4.399
782,6,13,1006.439,698.864,14100.469,2,81,35.428,26.445,NA,4.167,0.014,0,0
783,6,14,1009.091,698.485,14400.479,2,44,38.107,28.437,NA,2.678,0.009,-8.13,-8.13
784,6,15,1009.091,698.485,14700.489,2,105,38.107,28.437,NA,0,0,0,8.13
785,6,16,1009.091,692.803,15000.499,2,83,43.789,32.894,NA,5.682,0.019,-90,-90
786,6,17,1009.091,692.803,15300.509,2,142,43.789,32.894,NA,0,0,0,90
787,6,18,1009.091,692.803,15600.519,2,160,43.789,32.894,NA,0,0,0,0
788,6,19,1009.091,692.803,15900.529,2,137,43.789,32.894,NA,0,0,0,0
789,6,20,1009.091,685.985,16200.539,2,118,50.607,38.668,NA,6.818,0.023,-90,-90
790,6,21,1009.091,679.545,16500.549,2,108,57.046,44.394,NA,6.439,0.021,-90,0
791,6,22,1007.197,679.545,16800.559,2,43,58.94,43.62,NA,1.894,0.006,180,-90
792,6,23,1009.47,675.758,17100.569,2,35,63.357,47.999,NA,4.417,0.015,-59.036,120.964
793,6,24,1008.333,675,17400.579,2,74,64.723,48.253,NA,1.366,0.005,-146.31,-87.274
794,6,25,1008.333,675,17700.589,2,129,64.723,48.253,NA,0,0,0,146.31
795,6,26,1008.333,670.833,18000.599,2,91,68.89,52.137,NA,4.167,0.014,-90,-90
796,6,27,1004.924,664.394,18300.609,2,82,76.176,57.242,NA,7.286,0.024,-117.897,-27.897
797,6,28,1004.167,662.5,18600.619,2,70,78.216,58.889,NA,2.04,0.007,-111.801,6.096
798,6,29,1004.167,662.5,18900.629,2,90,78.216,58.889,NA,0,0,0,111.801
799,6,30,995.455,662.5,19200.639,2,161,86.928,57.442,NA,8.712,0.029,180,180
800,6,31,993.561,660.985,19500.649,2,101,89.353,58.811,NA,2.425,0.008,-141.34,38.66
801,6,32,993.561,659.848,19800.659,2,177,90.49,59.946,NA,1.136,0.004,-90,51.34
802,6,33,991.288,659.848,20100.669,2,140,92.763,59.859,NA,2.273,0.008,180,-90
803,6,34,991.288,659.848,20400.679,2,122,92.763,59.859,NA,0,0,0,-180
804,6,35,990.152,658.333,20700.689,2,76,94.656,61.364,NA,1.894,0.006,-126.87,-126.87
805,6,36,988.258,654.545,21000.699,2,95,98.891,65.179,NA,4.235,0.014,-116.565,10.305
806,6,37,990.152,648.485,21300.709,2,101,105.241,71.212,NA,6.35,0.021,-72.646,43.919
807,6,38,992.424,645.455,21600.719,2,125,109.029,74.277,NA,3.788,0.013,-53.13,19.516
808,6,39,996.212,642.803,21900.728,2,76,113.653,77.132,NA,4.624,0.015,-34.992,18.138
809,6,40,1006.818,638.258,22200.738,2,105,125.192,83.127,NA,11.539,0.038,-23.199,11.793
810,6,41,1009.848,638.258,22500.748,2,115,128.222,83.788,NA,3.03,0.01,0,23.199
811,6,42,1009.848,638.258,22800.758,2,69,128.222,83.788,NA,0,0,0,0
812,6,43,1015.53,638.258,23100.768,2,144,133.904,85.302,NA,5.682,0.019,0,0
813,6,44,1014.394,638.258,23400.778,2,76,135.04,84.971,NA,1.136,0.004,180,180
814,6,45,1022.348,638.258,23700.788,2,63,142.995,87.573,NA,7.955,0.027,0,-180
815,6,46,1022.348,637.121,24000.798,2,102,144.131,88.631,NA,1.136,0.004,-90,-90
816,6,47,1022.348,633.333,24300.808,2,119,147.919,92.17,NA,3.788,0.013,-90,0
817,6,48,1030.303,627.273,24600.818,2,140,157.919,100.769,NA,10,0.033,-37.304,52.696
818,6,49,1030.303,627.652,24900.828,2,59,158.298,100.422,NA,0.379,0.001,90,127.304
819,6,50,1030.303,627.652,25200.838,2,112,158.298,100.422,NA,0,0,0,-90
820,6,51,1042.803,627.652,25500.848,2,155,170.798,106.04,NA,12.5,0.042,0,0
821,6,52,1050.379,627.652,25800.858,2,76,178.374,109.999,NA,7.576,0.025,0,0
822,6,53,1050.379,629.545,26100.868,2,133,180.268,108.419,NA,1.894,0.006,90,90
823,6,54,1056.439,634.848,26400.878,2,89,188.321,107.672,NA,8.053,0.027,41.186,-48.814
824,6,55,1056.439,634.848,26700.888,2,160,188.321,107.672,NA,0,0,0,-41.186
825,6,56,1058.333,630.303,27000.898,2,96,193.245,112.428,NA,4.924,0.016,-67.38,-67.38
826,6,57,1069.318,624.621,27300.908,2,70,205.612,123.72,NA,12.367,0.041,-27.35,40.03
827,6,58,1078.788,616.288,27600.918,2,176,218.227,136.198,NA,12.614,0.042,-41.348,-13.998
828,6,59,1070.455,614.015,27900.928,2,142,226.864,132.73,NA,8.638,0.029,-164.745,-123.397
829,6,60,1074.242,610.227,28200.938,2,158,232.221,138.039,NA,5.357,0.018,-45,119.745
830,6,61,1074.242,610.227,28500.948,2,213,232.221,138.039,NA,0,0,0,45
831,6,62,1079.167,610.227,28800.958,2,109,237.145,141.093,NA,4.924,0.016,0,0
832,6,63,1081.818,608.712,29100.968,2,135,240.199,143.946,NA,3.054,0.01,-29.745,-29.745
833,6,64,1086.742,608.712,29400.978,2,70,245.124,147.131,NA,4.924,0.016,0,29.745
834,6,65,1093.939,608.333,29700.988,2,61,252.331,152.229,NA,7.207,0.024,-3.013,-3.013
835,6,66,1101.515,606.439,30000.998,2,65,260.139,158.837,NA,7.809,0.026,-14.036,-11.023
836,6,67,1108.712,604.545,30301.008,2,79,267.581,165.277,NA,7.442,0.025,-14.744,-0.707
837,6,68,1134.091,601.136,30601.018,2,81,293.188,186.481,NA,25.607,0.085,-7.651,7.093
838,6,69,1140.909,604.167,30901.028,2,82,300.649,189.934,NA,7.461,0.025,23.962,31.613
839,6,70,1162.879,615.53,31201.038,2,77,325.384,201.706,NA,24.735,0.082,27.35,3.387
840,6,71,1164.015,615.152,31501.048,2,78,326.582,202.875,NA,1.198,0.004,-18.435,-45.785
841,6,72,1164.773,613.636,31801.058,2,145,328.276,204.307,NA,1.694,0.006,-63.435,-45
842,6,73,1174.621,609.47,32101.068,2,79,338.969,214.893,NA,10.694,0.036,-22.932,40.503
843,6,74,1196.97,600.758,32401.078,2,135,362.956,238.58,NA,23.987,0.08,-21.297,1.635
844,6,75,1184.47,591.288,32701.088,2,89,378.638,232.913,NA,15.682,0.052,-142.853,-121.556
845,6,76,1184.47,585.227,33001.098,2,205,384.699,236.308,NA,6.061,0.02,-90,52.853
846,6,77,1181.439,585.227,33301.108,2,119,387.729,233.823,NA,3.03,0.01,180,-90
847,6,78,1181.061,582.576,33601.118,2,111,390.407,235.05,NA,2.678,0.009,-98.13,81.87
848,6,79,1200.758,582.576,33901.128,2,136,410.104,251.311,NA,19.697,0.066,0,98.13
849,6,80,1201.894,589.394,34201.138,2,119,417.017,248.624,NA,6.912,0.023,80.538,80.538
850,6,81,1207.955,589.773,34501.148,2,137,423.089,253.611,NA,6.072,0.02,3.576,-76.961
851,6,82,1207.955,589.773,34801.158,2,139,423.089,253.611,NA,0,0,0,-3.576
852,6,83,1207.955,589.773,35101.168,2,206,423.089,253.611,NA,0,0,0,0
853,6,84,1207.955,589.773,35401.178,2,185,423.089,253.611,NA,0,0,0,0
854,6,85,1207.955,589.773,35701.188,2,160,423.089,253.611,NA,0,0,0,0
855,6,86,1212.121,589.773,36001.198,2,154,427.256,257.198,NA,4.167,0.014,0,0
856,6,87,1216.667,589.773,36301.207,2,135,431.801,261.131,NA,4.545,0.015,0,0
857,6,88,1220.455,589.773,36601.217,2,100,435.589,264.424,NA,3.788,0.013,0,0
858,6,89,1232.955,585.227,36901.227,2,124,448.89,277.553,NA,13.301,0.044,-19.983,-19.983
859,6,90,1235.985,583.333,37201.237,2,115,452.463,281.121,NA,3.573,0.012,-32.005,-12.022
860,6,91,1235.227,575.379,37501.247,2,136,460.454,284.411,NA,7.991,0.027,-95.44,-63.435
861,6,92,1233.333,567.045,37801.257,2,61,469,287.123,NA,8.546,0.028,-102.804,-7.364
862,6,93,1235.606,552.273,38101.267,2,123,483.946,297.118,NA,14.947,0.05,-81.254,21.55
863,6,94,1235.606,544.318,38401.277,2,170,491.901,301.671,NA,7.955,0.027,-90,-8.746
864,6,95,1232.197,543.182,38701.287,2,159,495.494,299.572,NA,3.593,0.012,-161.565,-71.565
865,6,96,1228.788,543.182,39001.297,2,140,498.903,296.825,NA,3.409,0.011,180,-18.435
866,6,97,1228.788,543.182,39301.307,2,235,498.903,296.825,NA,0,0,0,-180
867,6,98,1228.788,543.182,39601.317,2,195,498.903,296.825,NA,0,0,0,0
868,6,99,1228.788,543.182,39901.327,2,255,498.903,296.825,NA,0,0,0,0
869,6,100,1228.788,543.182,40201.337,2,205,498.903,296.825,NA,0,0,0,0
870,6,101,1229.545,545.833,40501.347,2,180,501.661,295.868,NA,2.758,0.009,74.055,74.055
871,6,102,1229.545,545.833,40801.357,2,211,501.661,295.868,NA,0,0,0,-74.055
872,6,103,1229.545,539.394,41101.367,2,181,508.1,299.698,NA,6.439,0.021,-90,-90
873,6,104,1225.379,535.606,41401.377,2,200,513.731,298.699,NA,5.631,0.019,-137.726,-47.726
874,6,105,1225.379,537.5,41701.387,2,255,515.625,297.536,NA,1.894,0.006,90,-132.274
875,6,106,1225.379,537.5,42001.397,2,114,515.625,297.536,NA,0,0,0,-90
876,6,107,1225.379,537.5,42301.407,2,142,515.625,297.536,NA,0,0,0,0
877,6,108,1225.379,534.091,42601.417,2,148,519.034,299.636,NA,3.409,0.011,-90,-90
878,6,109,1230.682,534.091,42901.427,2,94,524.338,303.816,NA,5.303,0.018,0,90
879,6,110,1235.985,534.091,43201.437,2,159,529.641,308.032,NA,5.303,0.018,0,0
880,6,111,1238.636,537.5,43501.447,2,188,533.959,308.124,NA,4.319,0.014,52.125,52.125
881,6,112,1238.636,537.5,43801.457,2,123,533.959,308.124,NA,0,0,0,-52.125
882,6,113,1237.121,537.5,44101.467,2,95,535.475,306.904,NA,1.515,0.005,180,180
883,6,114,1233.712,540.909,44401.477,2,107,540.296,302.137,NA,4.821,0.016,135,-45
884,6,115,1233.712,540.909,44701.487,2,156,540.296,302.137,NA,0,0,0,-135
885,6,116,1237.879,543.939,45001.497,2,157,545.448,303.743,NA,5.152,0.017,36.027,36.027
886,6,117,1242.803,543.939,45301.507,2,155,550.372,307.772,NA,4.924,0.016,0,-36.027
887,6,118,1246.212,542.045,45601.517,2,165,554.272,311.652,NA,3.9,0.013,-29.055,-29.055
888,6,119,1252.273,542.045,45901.527,2,237,560.333,316.651,NA,6.061,0.02,0,29.055
889,6,120,1252.273,542.045,46201.537,2,171,560.333,316.651,NA,0,0,0,0
890,6,121,1250,540.53,46501.547,2,148,563.064,315.629,NA,2.731,0.009,-146.31,-146.31
891,6,122,1244.697,540.53,46801.557,2,198,568.367,311.278,NA,5.303,0.018,180,-33.69
892,6,123,1244.697,536.364,47101.567,2,249,572.534,313.695,NA,4.167,0.014,-90,90
893,6,124,1244.697,529.545,47401.577,2,217,579.352,317.728,NA,6.818,0.023,-90,0
894,6,125,1244.697,529.545,47701.587,2,136,579.352,317.728,NA,0,0,0,90
895,6,126,1250.379,532.197,48001.597,2,110,585.622,320.741,NA,6.27,0.021,25.017,25.017
896,6,127,1251.894,535.985,48301.607,2,158,589.702,319.78,NA,4.08,0.014,68.199,43.182
897,6,128,1251.894,536.364,48601.617,2,123,590.08,319.563,NA,0.379,0.001,90,21.801
898,6,129,1245.076,533.712,48901.627,2,116,597.396,315.558,NA,7.316,0.024,-158.749,111.251
899,6,130,1237.121,533.712,49201.637,2,225,605.351,309.167,NA,7.955,0.027,180,-21.251
900,6,131,1237.121,533.712,49501.647,2,224,605.351,309.167,NA,0,0,0,-180
901,6,132,1237.121,533.712,49801.657,2,115,605.351,309.167,NA,0,0,0,0
902,6,133,1245.455,533.712,50101.667,2,155,613.684,315.864,NA,8.333,0.028,0,0
903,6,134,1252.273,532.197,50401.677,2,140,620.668,322.279,NA,6.985,0.023,-12.529,-12.529
904,6,135,1252.273,524.621,50701.686,2,239,628.244,326.745,NA,7.576,0.025,-90,-77.471
905,6,136,1253.409,521.591,51001.696,2,114,631.48,329.47,NA,3.236,0.011,-69.444,20.556
906,6,137,1258.712,509.47,51301.706,2,145,644.711,341.058,NA,13.23,0.044,-66.371,3.073
907,6,138,1268.182,499.242,51601.716,2,75,658.649,354.825,NA,13.938,0.046,-47.203,19.168
908,6,139,1268.182,493.182,51901.726,2,46,664.71,358.622,NA,6.061,0.02,-90,-42.797
909,6,140,1267.803,485.227,52201.736,2,168,672.673,363.409,NA,7.964,0.027,-92.726,-2.726
910,6,141,1267.803,484.47,52501.746,2,218,673.431,363.899,NA,0.758,0.003,-90,2.726
911,6,142,1271.212,484.47,52801.756,2,177,676.84,366.506,NA,3.409,0.011,0,90
912,6,143,1271.212,477.652,53101.766,2,80,683.658,370.919,NA,6.818,0.023,-90,-90
913,6,144,1271.212,470.455,53401.776,2,76,690.855,375.655,NA,7.197,0.024,-90,0
914,6,145,1271.212,462.5,53701.786,2,125,698.81,380.979,NA,7.955,0.027,-90,0
915,6,146,1281.061,457.576,54001.796,2,233,709.821,391.581,NA,11.011,0.037,-26.565,63.435
916,6,147,1281.061,457.576,54301.806,2,174,709.821,391.581,NA,0,0,0,26.565
917,6,148,1281.061,450,54601.816,2,215,717.396,396.692,NA,7.576,0.025,-90,-90
918,6,149,1285.227,448.485,54901.826,2,170,721.83,400.781,NA,4.434,0.015,-19.983,70.017
919,6,150,1264.015,447.348,55201.836,2,99,743.073,386.232,NA,21.243,0.071,-176.934,-156.95
920,6,151,1254.545,447.348,55501.846,2,103,752.542,379.576,NA,9.47,0.032,180,-3.066
921,6,152,1248.485,458.712,55801.856,2,83,765.421,367.218,NA,12.879,0.043,118.072,-61.928
922,6,153,1243.939,464.773,56101.866,2,117,772.997,359.715,NA,7.576,0.025,126.87,8.797
923,6,154,1242.803,465.152,56401.876,2,130,774.195,358.645,NA,1.198,0.004,161.565,34.695
924,6,155,1261.742,482.576,56701.886,2,71,799.93,360.539,NA,25.735,0.086,42.614,-118.951
925,6,156,1263.258,490.909,57001.896,2,198,808.4,356.274,NA,8.47,0.028,79.695,37.081
926,6,157,1267.045,496.591,57301.906,2,142,815.229,355.593,NA,6.829,0.023,56.31,-23.385
927,6,158,1278.03,498.485,57601.916,2,136,826.375,363.055,NA,11.147,0.037,9.782,-46.528
928,6,159,1278.03,498.485,57901.926,2,51,826.375,363.055,NA,0,0,0,-9.782
929,6,160,1273.485,508.333,58201.936,2,98,837.222,353.486,NA,10.847,0.036,114.775,114.775
930,6,161,1273.864,523.106,58501.946,2,196,852,345.167,NA,14.778,0.049,88.531,-26.244
931,6,162,1276.515,526.136,58801.956,2,191,856.026,345.644,NA,4.027,0.013,48.814,-39.717
932,6,163,1287.879,503.03,59101.966,2,88,881.776,368.22,NA,25.749,0.086,-63.812,-112.626
933,6,164,1289.773,501.515,59401.976,2,70,884.201,370.643,NA,2.425,0.008,-38.66,25.152
934,6,165,1296.212,506.061,59701.986,2,73,892.083,373.247,NA,7.882,0.026,35.218,73.877
935,6,166,1301.894,509.848,60001.996,2,83,898.912,375.792,NA,6.829,0.023,33.69,-1.528
936,6,167,1301.894,509.848,60302.006,2,95,898.912,375.792,NA,0,0,0,-33.69
937,6,168,1301.894,509.848,60602.016,2,81,898.912,375.792,NA,0,0,0,0
938,6,169,1301.894,509.848,60902.026,2,146,898.912,375.792,NA,0,0,0,0
939,6,170,1298.485,509.848,61202.036,2,82,902.321,372.969,NA,3.409,0.011,180,180
940,6,171,1291.288,509.848,61502.046,2,61,909.518,367.042,NA,7.197,0.024,180,0
941,6,172,1291.288,515.909,61802.056,2,76,915.578,363.611,NA,6.061,0.02,90,-90
942,6,173,1291.288,520.833,62102.066,2,164,920.503,360.874,NA,4.924,0.016,90,0
943,6,174,1295.076,507.197,62402.076,2,103,934.655,371.665,NA,14.153,0.047,-74.476,-164.476
944,6,175,1295.076,507.197,62702.086,2,157,934.655,371.665,NA,0,0,0,74.476
945,6,176,1295.076,507.197,63002.096,2,205,934.655,371.665,NA,0,0,0,0
946,6,177,1307.955,514.773,63302.106,2,119,949.597,378.144,NA,14.942,0.05,30.466,30.466
947,6,178,1314.015,524.242,63602.116,2,63,960.84,378.273,NA,11.243,0.037,57.381,26.915
948,6,179,1317.803,530.303,63902.126,2,81,967.987,378.452,NA,7.147,0.024,57.995,0.614
949,6,180,1326.894,535.227,64202.136,2,42,978.326,383.959,NA,10.339,0.034,28.443,-29.552
950,6,181,1333.333,535.606,64502.146,2,161,984.777,389.44,NA,6.451,0.022,3.366,-25.076
951,6,182,1333.333,535.606,64802.156,2,54,984.777,389.44,NA,0,0,0,-3.366
952,6,183,1327.652,529.545,65102.165,2,112,993.084,387.381,NA,8.307,0.028,-133.152,-133.152
953,6,184,1334.47,528.409,65402.175,2,100,999.996,393.886,NA,6.912,0.023,-9.462,123.69
954,6,185,1334.091,528.409,65702.185,2,83,1000.375,393.555,NA,0.379,0.001,180,-170.538
955,6,186,1334.091,528.409,66002.195,2,63,1000.375,393.555,NA,0,0,0,-180
956,6,187,1334.091,528.409,66302.205,2,40,1000.375,393.555,NA,0,0,0,0
957,6,188,1334.091,528.409,66602.215,2,58,1000.375,393.555,NA,0,0,0,0
958,6,189,1335.227,525.379,66902.225,2,116,1003.611,396.026,NA,3.236,0.011,-69.444,-69.444
959,6,190,1335.227,525.379,67202.235,2,186,1003.611,396.026,NA,0,0,0,69.444
960,6,191,1352.273,521.97,67502.245,2,133,1020.994,412.587,NA,17.383,0.058,-11.31,-11.31
961,6,192,1352.273,521.97,67802.255,2,98,1020.994,412.587,NA,0,0,0,11.31
962,6,193,1360.606,512.5,68102.265,2,29,1033.609,424.461,NA,12.614,0.042,-48.652,-48.652
963,6,194,1375.758,506.818,68402.275,2,63,1049.791,440.465,NA,16.182,0.054,-20.556,28.096
964,6,195,1384.091,503.409,68702.285,2,81,1058.794,449.409,NA,9.004,0.03,-22.249,-1.693
965,6,196,1386.364,501.894,69002.295,2,57,1061.526,452.131,NA,2.731,0.009,-33.69,-11.441
966,6,197,1395.076,498.106,69302.305,2,76,1071.026,461.591,NA,9.5,0.032,-23.499,10.192
967,6,198,1401.894,493.939,69602.315,2,45,1079.016,469.572,NA,7.991,0.027,-31.43,-7.931
968,6,199,1409.091,492.803,69902.325,2,93,1086.302,476.436,NA,7.286,0.024,-8.973,22.457
969,6,200,1423.106,490.53,70202.335,2,96,1100.501,489.864,NA,14.198,0.047,-9.211,-0.238
970,6,201,1423.106,490.53,70502.345,2,57,1100.501,489.864,NA,0,0,0,9.211
971,6,202,1425,489.394,70802.355,2,38,1102.709,492.07,NA,2.209,0.007,-30.964,-30.964
972,6,203,1439.015,487.879,71102.365,2,80,1116.806,505.191,NA,14.097,0.047,-6.17,24.794
973,6,204,1439.015,487.879,71402.375,2,57,1116.806,505.191,NA,0,0,0,6.17
974,6,205,1454.545,487.879,71702.385,2,64,1132.336,519.039,NA,15.53,0.052,0,0
975,6,206,1465.53,485.606,72002.395,2,53,1143.554,529.89,NA,11.217,0.037,-11.689,-11.689
976,7,1,577.02,540.152,4500.15,2,56,0,0,NA,NA,NA,NA,NA
977,7,2,575,536.111,4800.16,2,97,4.517,4.517,NA,4.517,0.015,-116.565,NA
978,7,3,575,536.111,5100.17,2,72,4.517,4.517,NA,0,0,0,116.565
979,7,4,571.97,533.586,5400.18,2,116,8.462,8.283,NA,3.945,0.013,-140.194,-140.194
980,7,5,571.97,533.586,5700.19,2,76,8.462,8.283,NA,0,0,0,140.194
981,7,6,568.939,533.586,6000.2,2,65,11.492,10.412,NA,3.03,0.01,180,180
982,7,7,568.939,533.586,6300.21,2,79,11.492,10.412,NA,0,0,0,-180
983,7,8,568.939,533.586,6600.22,2,98,11.492,10.412,NA,0,0,0,0
984,7,9,568.939,533.586,6900.23,2,42,11.492,10.412,NA,0,0,0,0
985,7,10,566.919,536.616,7200.24,2,62,15.134,10.702,NA,3.642,0.012,123.69,123.69
986,7,11,562.879,536.616,7500.249,2,114,19.175,14.577,NA,4.04,0.013,180,56.31
987,7,12,562.879,536.616,7800.259,2,88,19.175,14.577,NA,0,0,0,-180
988,7,13,555.808,536.616,8100.269,2,67,26.245,21.505,NA,7.071,0.024,180,180
989,7,14,555.808,536.616,8400.279,2,61,26.245,21.505,NA,0,0,0,-180
990,7,15,555.303,536.616,8700.289,2,104,26.75,22.003,NA,0.505,0.002,180,180
991,7,16,553.283,537.121,9000.299,2,124,28.833,23.93,NA,2.082,0.007,165.964,-14.036
992,7,17,552.273,537.121,9300.309,2,78,29.843,24.932,NA,1.01,0.003,180,14.036
993,7,18,548.232,537.121,9600.319,2,119,33.883,28.947,NA,4.04,0.013,180,0
994,7,19,548.232,537.121,9900.329,2,117,33.883,28.947,NA,0,0,0,-180
995,7,20,548.232,537.121,10200.339,2,95,33.883,28.947,NA,0,0,0,0
996,7,21,548.232,537.121,10500.349,2,119,33.883,28.947,NA,0,0,0,0
997,7,22,545.707,538.636,10800.359,2,117,36.828,31.35,NA,2.945,0.01,149.036,149.036
998,7,23,543.182,538.636,11100.369,2,86,39.353,33.872,NA,2.525,0.008,180,30.964
999,7,24,539.141,538.636,11400.379,2,150,43.394,37.909,NA,4.04,0.013,180,0
1000,7,25,539.141,538.636,11700.389,2,37,43.394,37.909,NA,0,0,0,-180
1001,7,26,531.566,539.646,12000.399,2,110,51.037,45.457,NA,7.643,0.025,172.405,172.405
1002,7,27,523.485,539.646,12300.409,2,135,59.117,53.538,NA,8.081,0.027,180,7.595
1003,7,28,523.485,539.646,12600.419,2,172,59.117,53.538,NA,0,0,0,-180
1004,7,29,518.939,538.636,12900.429,2,163,63.774,58.101,NA,4.656,0.016,-167.471,-167.471
1005,7,30,518.434,538.636,13200.439,2,244,64.279,58.605,NA,0.505,0.002,180,-12.529
1006,7,31,516.414,530.051,13500.449,2,90,73.099,61.442,NA,8.82,0.029,-103.241,76.759
1007,7,32,516.414,530.051,13800.459,2,87,73.099,61.442,NA,0,0,0,103.241
1008,7,33,516.414,530.051,14100.469,2,154,73.099,61.442,NA,0,0,0,0
1009,7,34,516.414,530.051,14400.479,2,219,73.099,61.442,NA,0,0,0,0
1010,7,35,516.414,530.051,14700.489,2,181,73.099,61.442,NA,0,0,0,0
1011,7,36,521.465,530.051,15000.499,2,186,78.15,56.466,NA,5.051,0.017,0,0
1012,7,37,521.465,526.01,15300.509,2,156,82.19,57.327,NA,4.04,0.013,-90,-90
1013,7,38,526.01,526.01,15600.519,2,157,86.735,52.934,NA,4.545,0.015,0,90
1014,7,39,526.01,526.01,15900.529,2,140,86.735,52.934,NA,0,0,0,0
1015,7,40,526.01,526.01,16200.539,2,76,86.735,52.934,NA,0,0,0,0
1016,7,41,526.01,526.01,16500.549,2,136,86.735,52.934,NA,0,0,0,0
1017,7,42,526.01,525,16800.559,2,126,87.746,53.213,NA,1.01,0.003,-90,-90
1018,7,43,516.919,525,17100.569,2,86,96.836,61.981,NA,9.091,0.03,180,-90
1019,7,44,516.919,525,17400.579,2,67,96.836,61.981,NA,0,0,0,-180
1020,7,45,516.919,525,17700.589,2,67,96.836,61.981,NA,0,0,0,0
1021,7,46,513.384,522.98,18000.599,2,120,100.908,65.912,NA,4.072,0.014,-150.255,-150.255
1022,7,47,512.374,519.949,18300.609,2,217,104.103,67.73,NA,3.194,0.011,-108.435,41.82
1023,7,48,503.283,523.99,18600.619,2,144,114.051,75.488,NA,9.948,0.033,156.038,-95.528
1024,7,49,495.707,523.99,18900.629,2,124,121.627,82.904,NA,7.576,0.025,180,23.962
1025,7,50,495.707,523.99,19200.639,2,89,121.627,82.904,NA,0,0,0,-180
1026,7,51,494.192,521.465,19500.649,2,109,124.572,84.91,NA,2.945,0.01,-120.964,-120.964
1027,7,52,490.657,516.919,19800.659,2,160,130.33,89.434,NA,5.758,0.019,-127.875,-6.911
1028,7,53,490.657,512.374,20100.669,2,133,134.875,90.721,NA,4.545,0.015,-90,37.875
1029,7,54,490.657,512.374,20400.679,2,149,134.875,90.721,NA,0,0,0,90
1030,7,55,488.131,500.253,20700.689,2,121,147.257,97.433,NA,12.381,0.041,-101.768,-101.768
1031,7,56,487.121,496.212,21000.699,2,147,151.422,100.062,NA,4.165,0.014,-104.036,-2.268
1032,7,57,485.101,490.152,21300.709,2,100,157.81,104.638,NA,6.388,0.021,-108.435,-4.399
1033,7,58,485.101,490.152,21600.719,2,128,157.81,104.638,NA,0,0,0,108.435
1034,7,59,484.596,487.626,21900.728,2,142,160.385,106.307,NA,2.575,0.009,-101.31,-101.31
1035,7,60,483.081,486.616,22200.738,2,182,162.206,108.123,NA,1.821,0.006,-146.31,-45
1036,7,61,483.081,485.101,22500.748,2,72,163.722,108.881,NA,1.515,0.005,-90,56.31
1037,7,62,477.02,482.576,22800.758,2,179,170.287,115.391,NA,6.566,0.022,-157.38,-67.38
1038,7,63,476.515,481.566,23100.768,2,86,171.417,116.334,NA,1.129,0.004,-116.565,40.815
1039,7,64,470.455,481.566,23400.778,2,142,177.477,121.608,NA,6.061,0.02,180,-63.435
1040,7,65,464.899,481.566,23700.788,2,146,183.033,126.505,NA,5.556,0.019,180,0
1041,7,66,461.869,481.566,24000.798,2,105,186.063,129.198,NA,3.03,0.01,180,0
1042,7,67,461.869,481.566,24300.808,2,68,186.063,129.198,NA,0,0,0,-180
1043,7,68,461.869,481.566,24600.818,2,100,186.063,129.198,NA,0,0,0,0
1044,7,69,463.889,481.566,24900.828,2,114,188.083,127.401,NA,2.02,0.007,0,0
1045,7,70,463.889,481.566,25200.838,2,84,188.083,127.401,NA,0,0,0,0
1046,7,71,463.889,479.545,25500.848,2,65,190.103,128.342,NA,2.02,0.007,-90,-90
1047,7,72,464.899,479.04,25800.858,2,63,191.233,127.694,NA,1.129,0.004,-26.565,63.435
1048,7,73,461.364,479.04,26100.868,2,96,194.768,130.809,NA,3.535,0.012,180,-153.435
1049,7,74,461.364,482.576,26400.878,2,131,198.303,129.195,NA,3.535,0.012,90,-90
1050,7,75,461.364,482.576,26700.888,2,153,198.303,129.195,NA,0,0,0,-90
1051,7,76,461.364,482.576,27000.898,2,150,198.303,129.195,NA,0,0,0,0
1052,7,77,466.414,482.576,27300.908,2,137,203.354,124.694,NA,5.051,0.017,0,0
1053,7,78,471.465,481.566,27600.918,2,115,208.504,120.724,NA,5.151,0.017,-11.31,-11.31
1054,7,79,471.465,481.566,27900.928,2,120,208.504,120.724,NA,0,0,0,11.31
1055,7,80,473.99,485.101,28200.938,2,119,212.849,116.815,NA,4.345,0.014,54.462,54.462
1056,7,81,473.99,485.101,28500.948,2,188,212.849,116.815,NA,0,0,0,-54.462
1057,7,82,474.495,485.101,28800.958,2,107,213.354,116.37,NA,0.505,0.002,0,0
1058,7,83,479.04,485.101,29100.968,2,153,217.9,112.386,NA,4.545,0.015,0,0
1059,7,84,482.576,485.101,29400.978,2,134,221.435,109.317,NA,3.535,0.012,0,0
1060,7,85,482.576,482.576,29700.988,2,115,223.96,110.611,NA,2.525,0.008,-90,-90
1061,7,86,484.596,482.576,30000.998,2,115,225.98,108.891,NA,2.02,0.007,0,90
1062,7,87,484.596,482.576,30301.008,2,86,225.98,108.891,NA,0,0,0,0
1063,7,88,485.606,482.576,30601.018,2,102,226.99,108.035,NA,1.01,0.003,0,0
1064,7,89,490.657,474.495,30901.028,2,155,236.52,108.487,NA,9.529,0.032,-57.995,-57.995
1065,7,90,489.141,473.99,31201.038,2,136,238.117,110,NA,1.597,0.005,-161.565,-103.57
1066,7,91,486.111,473.99,31501.048,2,114,241.147,112.436,NA,3.03,0.01,180,-18.435
1067,7,92,482.576,473.99,31801.058,2,66,244.683,115.313,NA,3.535,0.012,180,0
1068,7,93,482.576,473.99,32101.068,2,180,244.683,115.313,NA,0,0,0,-180
1069,7,94,482.576,473.99,32401.078,2,134,244.683,115.313,NA,0,0,0,0
1070,7,95,482.576,473.99,32701.088,2,136,244.683,115.313,NA,0,0,0,0
1071,7,96,482.071,466.919,33001.098,2,208,251.771,119.91,NA,7.089,0.024,-94.086,-94.086
1072,7,97,482.071,464.394,33301.108,2,237,254.296,121.469,NA,2.525,0.008,-90,4.086
1073,7,98,482.576,456.818,33601.118,2,102,261.889,125.953,NA,7.593,0.025,-86.186,3.814
1074,7,99,482.576,456.818,33901.128,2,96,261.889,125.953,NA,0,0,0,86.186
1075,7,100,482.071,456.818,34201.138,2,123,262.394,126.332,NA,0.505,0.002,180,180
1076,7,101,470.455,455.303,34501.148,2,96,274.109,136.219,NA,11.715,0.039,-172.569,7.431
1077,7,102,458.838,460.354,34801.158,2,96,286.775,142.6,NA,12.667,0.042,156.501,-30.93
1078,7,103,455.303,472.475,35101.168,2,145,299.402,139.267,NA,12.626,0.042,106.26,-50.241
1079,7,104,455.303,472.475,35401.178,2,193,299.402,139.267,NA,0,0,0,-106.26
1080,7,105,452.273,465.909,35701.188,2,207,306.633,145.168,NA,7.231,0.024,-114.775,-114.775
1081,7,106,449.747,462.374,36001.198,2,207,310.977,149.157,NA,4.345,0.014,-125.538,-10.763
1082,7,107,449.747,452.778,36301.207,2,149,320.573,154.378,NA,9.596,0.032,-90,35.538
1083,7,108,449.747,452.273,36601.217,2,149,321.078,154.664,NA,0.505,0.002,-90,0
1084,7,109,454.293,442.677,36901.227,2,94,331.696,156.727,NA,10.618,0.035,-64.654,25.346
1085,7,110,454.293,442.677,37201.237,2,153,331.696,156.727,NA,0,0,0,64.654
1086,7,111,447.727,448.232,37501.247,2,159,340.297,158.637,NA,8.601,0.029,139.764,139.764
1087,7,112,437.626,448.232,37801.257,2,208,350.398,166.972,NA,10.101,0.034,180,40.236
1088,7,113,435.101,439.646,38101.267,2,90,359.348,173.903,NA,8.95,0.03,-106.39,73.61
1089,7,114,435.101,439.141,38401.277,2,151,359.853,174.196,NA,0.505,0.002,-90,16.39
1090,7,115,435.101,428.03,38701.287,2,255,370.964,180.865,NA,11.111,0.037,-90,0
1091,7,116,438.131,418.939,39001.297,2,103,380.547,184.343,NA,9.583,0.032,-71.565,18.435
1092,7,117,435.101,406.818,39301.307,2,163,393.041,194.728,NA,12.494,0.042,-104.036,-32.471
1093,7,118,435.101,407.323,39601.317,2,152,393.546,194.382,NA,0.505,0.002,90,-165.964
1094,7,119,435.101,400.758,39901.327,2,188,400.111,198.926,NA,6.566,0.022,-90,-180
1095,7,120,433.081,389.646,40201.337,2,153,411.405,208.255,NA,11.293,0.038,-100.305,-10.305
1096,7,121,425.505,389.646,40501.347,2,135,418.981,213.562,NA,7.576,0.025,180,-79.695
1097,7,122,425.505,398.737,40801.357,2,163,428.071,207.255,NA,9.091,0.03,90,-90
1098,7,123,412.879,398.232,41101.367,2,181,440.708,216.987,NA,12.636,0.042,-177.709,92.291
1099,7,124,402.778,392.677,41401.377,2,47,452.236,228.274,NA,11.528,0.038,-151.189,26.52
1100,7,125,387.626,385.606,41701.387,2,70,468.956,244.447,NA,16.72,0.056,-154.983,-3.794
1101,7,126,368.939,385.606,42001.397,2,99,487.643,259.195,NA,18.687,0.062,180,-25.017
1102,7,127,358.333,385.606,42301.407,2,238,498.249,267.784,NA,10.606,0.035,180,0
1103,7,128,351.263,377.525,42601.417,2,142,508.986,278.233,NA,10.738,0.036,-131.186,48.814
1104,7,129,350.758,377.02,42901.427,2,203,509.701,278.938,NA,0.714,0.002,-135,-3.814
1105,7,130,350.758,372.475,43201.437,2,103,514.246,281.621,NA,4.545,0.015,-90,45
1106,7,131,350.758,372.475,43501.447,2,184,514.246,281.621,NA,0,0,0,90
1107,7,132,342.172,372.475,43801.457,2,104,522.832,288.564,NA,8.586,0.029,180,180
1108,7,133,342.677,368.939,44101.467,2,87,526.403,290.225,NA,3.571,0.012,-81.87,98.13
1109,7,134,342.677,368.939,44401.477,2,180,526.403,290.225,NA,0,0,0,81.87
1110,7,135,342.677,368.939,44701.487,2,94,526.403,290.225,NA,0,0,0,0
1111,7,136,345.707,368.939,45001.497,2,136,529.433,287.784,NA,3.03,0.01,0,0
1112,7,137,349.747,365.404,45301.507,2,143,534.802,286.687,NA,5.369,0.018,-41.186,-41.186
1113,7,138,345.707,364.394,45601.517,2,138,538.967,290.511,NA,4.165,0.014,-165.964,-124.778
1114,7,139,323.485,368.939,45901.527,2,129,561.649,305.931,NA,22.682,0.076,168.44,-25.596
1115,8,1,503.283,695.707,3900.13,2,22,0,0,NA,NA,NA,NA,NA
1116,8,2,492.677,695.707,4200.14,2,50,10.606,10.606,NA,10.606,0.035,180,NA
1117,8,3,488.131,695.707,4500.15,2,109,15.152,15.152,NA,4.545,0.015,180,0
1118,8,4,484.596,695.707,4800.16,2,85,18.687,18.687,NA,3.535,0.012,180,0
1119,8,5,479.04,695.707,5100.17,2,117,24.242,24.242,NA,5.556,0.019,180,0
1120,8,6,464.899,695.707,5400.18,2,85,38.384,38.384,NA,14.141,0.047,180,0
1121,8,7,443.687,691.162,5700.19,2,101,60.078,59.769,NA,21.694,0.072,-167.905,12.095
1122,8,8,433.081,690.657,6000.2,2,99,70.696,70.383,NA,10.618,0.035,-177.274,-9.368
1123,8,9,433.586,688.636,6300.21,2,145,72.778,70.055,NA,2.082,0.007,-75.964,101.31
1124,8,10,433.586,688.636,6600.22,2,159,72.778,70.055,NA,0,0,0,75.964
1125,8,11,433.586,688.636,6900.23,2,203,72.778,70.055,NA,0,0,0,0
1126,8,12,433.586,688.636,7200.24,2,165,72.778,70.055,NA,0,0,0,0
1127,8,13,418.939,688.636,7500.249,2,117,87.424,84.639,NA,14.646,0.049,180,180
1128,8,14,412.879,688.636,7800.259,2,127,93.485,90.68,NA,6.061,0.02,180,0
1129,8,15,412.879,688.636,8100.269,2,182,93.485,90.68,NA,0,0,0,-180
1130,8,16,415.909,684.091,8400.279,2,191,98.948,88.143,NA,5.463,0.018,-56.31,-56.31
1131,8,17,421.465,684.091,8700.289,2,195,104.504,82.639,NA,5.556,0.019,0,56.31
1132,8,18,421.465,689.646,9000.299,2,218,110.059,82.042,NA,5.556,0.019,90,90
1133,8,19,421.465,701.263,9300.309,2,207,121.675,82.007,NA,11.616,0.039,90,0
1134,8,20,414.394,701.263,9600.319,2,96,128.746,89.062,NA,7.071,0.024,180,90
1135,8,21,403.788,698.232,9900.329,2,248,139.776,99.527,NA,11.03,0.037,-164.055,15.945
1136,8,22,403.788,697.727,10200.339,2,125,140.281,99.515,NA,0.505,0.002,-90,74.055
1137,8,23,395.202,698.232,10500.349,2,217,148.882,108.11,NA,8.601,0.029,176.634,-93.366
1138,8,24,395.202,698.232,10800.359,2,191,148.882,108.11,NA,0,0,0,-176.634
1139,8,25,399.242,703.283,11100.369,2,227,155.35,104.316,NA,6.468,0.022,51.34,51.34
1140,8,26,399.242,705.303,11400.379,2,151,157.37,104.482,NA,2.02,0.007,90,38.66
1141,8,27,390.152,705.303,11700.389,2,210,166.461,113.538,NA,9.091,0.03,180,90
1142,8,28,383.081,701.263,12000.399,2,102,174.605,120.33,NA,8.144,0.027,-150.255,29.745
1143,8,29,377.02,697.222,12300.409,2,138,181.889,126.272,NA,7.284,0.024,-146.31,3.945
1144,8,30,380.051,683.586,12600.419,2,161,195.858,123.827,NA,13.969,0.047,-77.471,68.839
1145,8,31,380.051,683.586,12900.429,2,119,195.858,123.827,NA,0,0,0,77.471
1146,8,32,388.131,681.566,13200.439,2,132,204.187,116.017,NA,8.33,0.028,-14.036,-14.036
1147,8,33,388.131,681.566,13500.449,2,141,204.187,116.017,NA,0,0,0,14.036
1148,8,34,386.111,685.606,13800.459,2,233,208.705,117.606,NA,4.517,0.015,116.565,116.565
1149,8,35,380.556,689.646,14100.469,2,236,215.574,122.877,NA,6.869,0.023,143.973,27.408
1150,8,36,386.111,700.758,14400.479,2,150,227.997,117.281,NA,12.423,0.041,63.435,-80.538
1151,8,37,386.111,700.758,14700.489,2,158,227.997,117.281,NA,0,0,0,-63.435
1152,8,38,391.162,698.737,15000.499,2,189,233.436,112.162,NA,5.44,0.018,-21.801,-21.801
1153,8,39,391.162,698.737,15300.509,2,239,233.436,112.162,NA,0,0,0,21.801
1154,8,40,389.141,698.737,15600.519,2,162,235.456,114.182,NA,2.02,0.007,180,180
1155,8,41,377.525,706.313,15900.529,2,186,249.325,126.204,NA,13.868,0.046,146.889,-33.111
1156,8,42,369.444,705.303,16200.539,2,144,257.468,134.182,NA,8.144,0.027,-172.875,40.236
1157,8,43,353.283,700.758,16500.549,2,211,274.257,150.085,NA,16.789,0.056,-164.291,8.584
1158,8,44,345.707,700.758,16800.559,2,185,281.833,157.657,NA,7.576,0.025,180,-15.709
1159,8,45,342.677,701.768,17100.569,2,226,285.027,160.72,NA,3.194,0.011,161.565,-18.435
1160,8,46,339.646,701.768,17400.579,2,176,288.057,163.749,NA,3.03,0.01,180,18.435
1161,8,47,339.646,701.768,17700.589,2,254,288.057,163.749,NA,0,0,0,-180
1162,8,48,336.616,702.273,18000.599,2,214,291.129,166.796,NA,3.072,0.01,170.538,170.538
1163,8,49,332.071,702.273,18300.609,2,180,295.675,171.338,NA,4.545,0.015,180,9.462
1164,8,50,333.081,711.869,18600.619,2,218,305.324,170.968,NA,9.649,0.032,83.991,-96.009
1165,8,51,333.081,711.869,18900.629,2,255,305.324,170.968,NA,0,0,0,-83.991
1166,8,52,332.576,717.929,19200.639,2,185,311.405,172.147,NA,6.082,0.02,94.764,94.764
1167,8,53,328.535,716.919,19500.649,2,133,315.57,176.03,NA,4.165,0.014,-165.964,99.273
1168,8,54,329.545,714.394,19800.659,2,185,318.29,174.739,NA,2.72,0.009,-68.199,97.765
1169,8,55,329.04,707.828,20100.669,2,202,324.875,174.664,NA,6.585,0.022,-94.399,-26.2
1170,8,56,329.04,701.768,20400.679,2,255,330.936,174.348,NA,6.061,0.02,-90,4.399
1171,8,57,333.586,701.768,20700.689,2,255,335.481,169.805,NA,4.545,0.015,0,90
1172,8,58,335.606,706.313,21000.699,2,202,340.455,168.012,NA,4.974,0.017,66.038,66.038
1173,8,59,336.111,706.313,21300.709,2,232,340.96,167.508,NA,0.505,0.002,0,-66.038
1174,8,60,338.636,708.333,21600.719,2,110,344.194,165.13,NA,3.234,0.011,38.66,38.66
1175,8,61,338.636,708.333,21900.728,2,206,344.194,165.13,NA,0,0,0,-38.66
1176,8,62,335.606,708.333,22200.738,2,197,347.224,168.151,NA,3.03,0.01,180,180
1177,8,63,335.606,710.859,22500.748,2,255,349.75,168.36,NA,2.525,0.008,90,-90
1178,8,64,335.606,710.859,22800.758,2,255,349.75,168.36,NA,0,0,0,-90
1179,8,65,333.586,715.404,23100.768,2,255,354.724,170.836,NA,4.974,0.017,113.962,113.962
1180,8,66,329.04,715.404,23400.778,2,224,359.269,175.352,NA,4.545,0.015,180,66.038
1181,8,67,326.515,715.404,23700.788,2,217,361.795,177.862,NA,2.525,0.008,180,0
1182,8,68,319.949,715.404,24000.798,2,155,368.36,184.388,NA,6.566,0.022,180,0
1183,8,69,315.909,721.465,24300.808,2,184,375.644,189.136,NA,7.284,0.024,123.69,-56.31
1184,8,70,315.909,721.97,24600.818,2,109,376.149,189.205,NA,0.505,0.002,90,-33.69
1185,8,71,315.404,728.03,24900.828,2,86,382.231,190.639,NA,6.082,0.02,94.764,4.764
1186,8,72,301.263,731.061,25200.838,2,89,396.693,205.09,NA,14.462,0.048,167.905,73.142
1187,8,73,298.737,734.596,25500.848,2,132,401.038,208.209,NA,4.345,0.014,125.538,-42.368
1188,8,74,298.737,734.596,25800.858,2,76,401.038,208.209,NA,0,0,0,-125.538
1189,8,75,289.646,736.111,26100.868,2,120,410.254,217.424,NA,9.216,0.031,170.538,170.538
1190,8,76,289.646,731.061,26400.878,2,104,415.305,216.542,NA,5.051,0.017,-90,99.462
1191,8,77,290.152,727.525,26700.888,2,76,418.876,215.493,NA,3.571,0.012,-81.87,8.13
1192,8,78,290.152,720.455,27000.898,2,210,425.947,214.563,NA,7.071,0.024,-90,-8.13
1193,8,79,290.152,720.455,27300.908,2,160,425.947,214.563,NA,0,0,0,90
1194,8,80,288.636,708.333,27600.918,2,127,438.162,215.018,NA,12.216,0.041,-97.125,-97.125
1195,8,81,281.061,701.768,27900.928,2,86,448.187,222.305,NA,10.025,0.033,-139.086,-41.961
1196,8,82,278.03,692.172,28200.938,2,15,458.25,225.28,NA,10.063,0.034,-107.526,31.56
1197,8,83,278.03,683.081,28500.948,2,48,467.341,225.606,NA,9.091,0.03,-90,17.526
1198,8,84,278.03,670.455,28800.958,2,128,479.967,226.664,NA,12.626,0.042,-90,0
1199,8,85,282.576,662.374,29100.968,2,148,489.239,223.21,NA,9.271,0.031,-60.642,29.358
1200,8,86,282.576,655.303,29400.978,2,255,496.31,224.375,NA,7.071,0.024,-90,-29.358
1201,8,87,287.626,655.303,29700.988,2,255,501.36,219.409,NA,5.051,0.017,0,90
1202,8,88,287.626,655.303,30000.998,2,210,501.36,219.409,NA,0,0,0,0
1203,8,89,275.505,657.828,30301.008,2,101,513.742,230.906,NA,12.381,0.041,168.232,168.232
1204,8,90,268.434,657.828,30601.018,2,254,520.812,237.884,NA,7.071,0.024,180,11.768
1205,8,91,268.434,654.293,30901.028,2,171,524.348,238.472,NA,3.535,0.012,-90,90
1206,8,92,268.434,654.293,31201.038,2,168,524.348,238.472,NA,0,0,0,90
1207,8,93,268.434,654.293,31501.048,2,151,524.348,238.472,NA,0,0,0,0
1208,8,94,269.949,648.737,31801.058,2,116,530.106,238.014,NA,5.758,0.019,-74.745,-74.745
1209,8,95,269.949,644.697,32101.068,2,178,534.146,238.844,NA,4.04,0.013,-90,-15.255
1210,8,96,269.444,644.697,32401.078,2,255,534.652,239.337,NA,0.505,0.002,180,-90
1211,9,1,486.111,787.626,3300.11,2,89,0,0,NA,NA,NA,NA,NA
1212,9,2,481.061,789.646,3600.12,2,48,5.44,5.44,NA,5.44,0.018,158.199,NA
1213,9,3,481.061,789.646,3900.13,2,79,5.44,5.44,NA,0,0,0,-158.199
1214,9,4,479.545,791.667,4200.14,2,53,7.965,7.709,NA,2.525,0.008,126.87,126.87
1215,9,5,478.535,798.737,4500.15,2,91,15.107,13.448,NA,7.142,0.024,98.13,-28.74
1216,9,6,476.515,801.768,4800.16,2,100,18.749,17.09,NA,3.642,0.012,123.69,25.56
1217,9,7,476.515,801.768,5100.17,2,59,18.749,17.09,NA,0,0,0,-123.69
1218,9,8,476.515,801.768,5400.18,2,132,18.749,17.09,NA,0,0,0,0
1219,9,9,476.515,801.768,5700.19,2,78,18.749,17.09,NA,0,0,0,0
1220,9,10,467.929,801.768,6000.2,2,68,27.335,23.034,NA,8.586,0.029,180,180
1221,9,11,467.929,801.768,6300.21,2,78,27.335,23.034,NA,0,0,0,-180
1222,9,12,467.929,802.778,6600.22,2,92,28.345,23.667,NA,1.01,0.003,90,90
1223,9,13,467.929,804.293,6900.23,2,106,29.86,24.665,NA,1.515,0.005,90,0
1224,9,14,467.929,810.354,7200.24,2,125,35.921,29.105,NA,6.061,0.02,90,0
1225,9,15,467.929,810.354,7500.249,2,100,35.921,29.105,NA,0,0,0,-90
1226,9,16,467.929,811.869,7800.259,2,75,37.436,30.303,NA,1.515,0.005,90,90
1227,9,17,467.929,815.404,8100.269,2,146,40.971,33.199,NA,3.535,0.012,90,0
1228,9,18,467.929,819.949,8400.279,2,168,45.517,37.086,NA,4.545,0.015,90,0
1229,9,19,467.929,821.97,8700.289,2,126,47.537,38.859,NA,2.02,0.007,90,0
1230,9,20,467.929,823.485,9000.299,2,154,49.052,40.205,NA,1.515,0.005,90,0
1231,9,21,467.929,823.485,9300.309,2,141,49.052,40.205,NA,0,0,0,-90
1232,9,22,467.929,825,9600.319,2,89,50.567,41.562,NA,1.515,0.005,90,90
1233,9,23,467.929,826.515,9900.329,2,139,52.083,42.929,NA,1.515,0.005,90,0
1234,9,24,466.919,827.02,10200.339,2,68,53.212,43.82,NA,1.129,0.004,153.435,63.435
1235,9,25,466.919,827.02,10500.349,2,138,53.212,43.82,NA,0,0,0,-153.435
1236,9,26,466.919,824.495,10800.359,2,101,55.737,41.565,NA,2.525,0.008,-90,-90
1237,9,27,465.404,823.99,11100.369,2,146,57.334,41.846,NA,1.597,0.005,-161.565,-71.565
1238,9,28,460.354,822.98,11400.379,2,80,62.485,43.742,NA,5.151,0.017,-168.69,-7.125
1239,9,29,460.354,822.98,11700.389,2,154,62.485,43.742,NA,0,0,0,168.69
1240,9,30,456.313,822.98,12000.399,2,98,66.525,46.236,NA,4.04,0.013,180,180
1241,9,31,456.313,822.98,12300.409,2,77,66.525,46.236,NA,0,0,0,-180
1242,9,32,455.303,822.98,12600.419,2,139,67.535,46.894,NA,1.01,0.003,180,180
1243,9,33,454.293,822.98,12900.429,2,124,68.545,47.563,NA,1.01,0.003,180,0
1244,9,34,454.293,823.99,13200.439,2,123,69.556,48.319,NA,1.01,0.003,90,-90
1245,9,35,459.343,827.525,13500.449,2,116,75.72,48.046,NA,6.165,0.021,34.992,-55.008
1246,9,36,459.343,832.071,13800.459,2,69,80.266,51.883,NA,4.545,0.015,90,55.008
1247,9,37,459.343,832.071,14100.469,2,106,80.266,51.883,NA,0,0,0,-90
1248,9,38,459.343,832.071,14400.479,2,69,80.266,51.883,NA,0,0,0,0
1249,9,39,459.343,832.071,14700.489,2,111,80.266,51.883,NA,0,0,0,0
1250,9,40,459.343,832.071,15000.499,2,255,80.266,51.883,NA,0,0,0,0
1251,9,41,458.333,836.111,15300.509,2,147,84.431,55.878,NA,4.165,0.014,104.036,104.036
1252,9,42,455.808,836.111,15600.519,2,195,86.956,57.176,NA,2.525,0.008,180,75.964
1253,9,43,455.808,837.121,15900.529,2,155,87.966,58.035,NA,1.01,0.003,90,-90
1254,9,44,453.283,842.677,16200.539,2,131,94.069,64.096,NA,6.103,0.02,114.444,24.444
1255,9,45,453.283,842.677,16500.549,2,176,94.069,64.096,NA,0,0,0,-114.444
1256,9,46,448.737,842.677,16800.559,2,127,98.614,66.538,NA,4.545,0.015,180,180
1257,9,47,448.737,836.616,17100.569,2,255,104.675,61.618,NA,6.061,0.02,-90,90
1258,9,48,448.737,836.616,17400.579,2,226,104.675,61.618,NA,0,0,0,90
1259,9,49,448.737,836.616,17700.589,2,172,104.675,61.618,NA,0,0,0,0
1260,9,50,453.788,836.616,18000.599,2,170,109.725,58.692,NA,5.051,0.017,0,0
1261,9,51,452.778,835.606,18300.609,2,134,111.154,58.422,NA,1.428,0.005,-135,-135
1262,9,52,450.253,834.596,18600.619,2,126,113.873,59.093,NA,2.72,0.009,-158.199,-23.199
1263,9,53,450.253,834.596,18900.629,2,159,113.873,59.093,NA,0,0,0,158.199
1264,9,54,450.253,834.596,19200.639,2,134,113.873,59.093,NA,0,0,0,0
1265,9,55,456.313,826.01,19500.649,2,134,124.383,48.593,NA,10.509,0.035,-54.782,-54.782
1266,9,56,456.313,826.01,19800.659,2,131,124.383,48.593,NA,0,0,0,54.782
1267,9,57,457.828,818.939,20100.669,2,148,131.614,42.195,NA,7.231,0.024,-77.905,-77.905
1268,9,58,457.828,817.424,20400.679,2,205,133.129,41.083,NA,1.515,0.005,-90,-12.095
1269,9,59,453.283,813.384,20700.689,2,198,139.211,41.727,NA,6.082,0.02,-138.366,-48.366
1270,9,60,454.798,812.879,21000.699,2,123,140.808,40.227,NA,1.597,0.005,-18.435,119.932
1271,9,61,454.798,812.879,21300.709,2,199,140.808,40.227,NA,0,0,0,18.435
1272,9,62,454.798,802.778,21600.719,2,129,150.909,34.786,NA,10.101,0.034,-90,-90
1273,9,63,454.798,795.202,21900.728,2,135,158.485,32.217,NA,7.576,0.025,-90,0
1274,9,64,454.798,791.162,22200.738,2,82,162.525,31.512,NA,4.04,0.013,-90,0
1275,9,65,454.293,784.596,22500.748,2,169,169.11,31.962,NA,6.585,0.022,-94.399,-4.399
1276,9,66,454.293,784.596,22800.758,2,162,169.11,31.962,NA,0,0,0,94.399
1277,9,67,454.293,775,23100.768,2,181,178.706,34.232,NA,9.596,0.032,-90,-90
1278,9,68,453.283,775,23400.778,2,141,179.716,35.173,NA,1.01,0.003,180,-90
1279,9,69,446.212,775,23700.788,2,173,186.787,41.849,NA,7.071,0.024,180,0
1280,9,70,432.576,775,24000.798,2,91,200.423,55.004,NA,13.636,0.045,180,0
1281,9,71,431.061,772.475,24300.808,2,255,203.368,57.098,NA,2.945,0.01,-120.964,59.036
1282,9,72,430.556,772.475,24600.818,2,255,203.873,57.585,NA,0.505,0.002,180,-59.036
1283,9,73,426.01,772.475,24900.828,2,150,208.419,61.981,NA,4.545,0.015,180,0
1284,9,74,413.889,772.475,25200.838,2,125,220.54,73.794,NA,12.121,0.04,180,0
1285,9,75,406.313,772.475,25500.848,2,151,228.116,81.224,NA,7.576,0.025,180,0
1286,9,76,406.313,772.475,25800.858,2,142,228.116,81.224,NA,0,0,0,-180
1287,9,77,410.859,771.465,26100.868,2,136,232.772,76.968,NA,4.656,0.016,-12.529,-12.529
1288,9,78,410.859,782.071,26400.878,2,253,243.378,75.457,NA,10.606,0.035,90,102.529
1289,9,79,407.828,785.606,26700.888,2,167,248.034,78.309,NA,4.656,0.016,130.601,40.601
1290,9,80,401.768,785.606,27000.898,2,172,254.095,84.368,NA,6.061,0.02,180,49.399
1291,9,81,385.101,772.98,27300.908,2,137,275.004,102.066,NA,20.909,0.07,-142.853,37.147
1292,9,82,383.586,780.051,27600.918,2,234,282.236,102.805,NA,7.231,0.024,102.095,-115.052
1293,9,83,383.081,781.566,27900.928,2,193,283.833,103.208,NA,1.597,0.005,108.435,6.34
1294,9,84,374.495,781.566,28200.938,2,163,292.419,111.781,NA,8.586,0.029,180,71.565
1295,9,85,372.98,781.061,28500.948,2,223,294.016,113.322,NA,1.597,0.005,-161.565,18.435
1296,9,86,368.434,780.051,28800.958,2,169,298.672,117.92,NA,4.656,0.016,-167.471,-5.906
1297,9,87,365.404,780.051,29100.968,2,146,301.702,120.945,NA,3.03,0.01,180,-12.529
1298,9,88,365.404,780.051,29400.978,2,145,301.702,120.945,NA,0,0,0,-180
1299,9,89,366.919,785.606,29700.988,2,190,307.461,119.209,NA,5.758,0.019,74.745,74.745
1300,9,90,360.354,785.606,30000.998,2,194,314.026,125.774,NA,6.566,0.022,180,105.255
1301,9,91,360.354,785.606,30301.008,2,207,314.026,125.774,NA,0,0,0,-180
1302,9,92,351.263,785.606,30601.018,2,154,323.117,134.864,NA,9.091,0.03,180,180
1303,9,93,349.747,791.162,30901.028,2,150,328.876,136.409,NA,5.758,0.019,105.255,-74.745
1304,9,94,338.636,798.232,31201.038,2,131,342.046,147.856,NA,13.17,0.044,147.529,42.274
1305,9,95,335.101,798.232,31501.048,2,162,345.581,151.382,NA,3.535,0.012,180,32.471
1306,9,96,335.101,798.232,31801.058,2,147,345.581,151.382,NA,0,0,0,-180
1307,9,97,328.03,798.232,32101.068,2,236,352.652,158.436,NA,7.071,0.024,180,180
1308,9,98,318.434,798.232,32401.078,2,229,362.248,168.012,NA,9.596,0.032,180,0
1309,9,99,318.434,796.212,32701.088,2,232,364.268,167.896,NA,2.02,0.007,-90,90
1310,9,100,318.434,796.212,33001.098,2,217,364.268,167.896,NA,0,0,0,90
1311,9,101,313.384,796.212,33301.108,2,75,369.319,172.941,NA,5.051,0.017,180,180
1312,9,102,311.364,801.768,33601.118,2,132,375.23,175.319,NA,5.911,0.02,109.983,-70.017
1313,9,103,304.798,808.838,33901.128,2,165,384.879,182.55,NA,9.649,0.032,132.879,22.896
1314,9,104,296.717,808.838,34201.138,2,106,392.96,190.578,NA,8.081,0.027,180,47.121
1315,9,105,290.152,807.828,34501.148,2,181,399.603,196.998,NA,6.643,0.022,-171.254,8.746
1316,9,106,290.152,803.788,34801.158,2,188,403.643,196.625,NA,4.04,0.013,-90,81.254
1317,9,107,290.152,803.788,35101.168,2,192,403.643,196.625,NA,0,0,0,90
1318,9,108,290.152,798.737,35401.178,2,198,408.694,196.274,NA,5.051,0.017,-90,-90
1319,9,109,290.152,798.737,35701.188,2,159,408.694,196.274,NA,0,0,0,90
1320,9,110,281.061,802.273,36001.198,2,124,418.448,205.573,NA,9.754,0.033,158.749,158.749
1321,9,111,276.01,809.343,36301.207,2,144,427.137,211.22,NA,8.689,0.029,125.538,-33.212
1322,9,112,269.949,812.879,36601.217,2,154,434.153,217.632,NA,7.016,0.023,149.744,24.206
1323,9,113,264.899,813.889,36901.227,2,121,439.304,222.766,NA,5.151,0.017,168.69,18.947
1324,9,114,258.333,823.99,37201.237,2,78,451.351,230.662,NA,12.047,0.04,123.024,-45.666
1325,9,115,257.828,832.071,37501.247,2,137,459.448,232.569,NA,8.097,0.027,93.576,-29.448
1326,9,116,269.444,833.081,37801.257,2,129,471.108,221.383,NA,11.66,0.039,4.97,-88.607
1327,9,117,278.535,833.081,38101.267,2,126,480.199,212.494,NA,9.091,0.03,0,-4.97
1328,9,118,276.515,836.616,38401.277,2,172,484.271,215.245,NA,4.072,0.014,119.745,119.745
1329,9,119,276.515,845.202,38701.287,2,225,492.856,217.36,NA,8.586,0.029,90,-29.745
1330,9,120,276.515,847.727,39001.297,2,227,495.382,218.043,NA,2.525,0.008,90,0
1331,9,121,263.889,847.727,39301.307,2,255,508.008,230.206,NA,12.626,0.042,180,90
1332,9,122,259.343,843.687,39601.317,2,157,514.09,233.594,NA,6.082,0.02,-138.366,41.634
1333,9,123,259.343,837.121,39901.327,2,223,520.655,232.106,NA,6.566,0.022,-90,48.366
1334,9,124,257.323,837.121,40201.337,2,199,522.675,234.08,NA,2.02,0.007,180,-90
1335,9,125,250.253,837.121,40501.347,2,93,529.746,240.996,NA,7.071,0.024,180,0
1336,9,126,239.141,855.808,40801.357,2,137,551.487,256.208,NA,21.741,0.072,120.735,-59.265
1337,9,127,231.061,868.434,41101.367,2,231,566.478,267.546,NA,14.991,0.05,122.619,1.884
1338,9,128,228.535,880.556,41401.377,2,198,578.859,273.827,NA,12.381,0.041,101.768,-20.851
1339,9,129,228.03,896.717,41701.387,2,94,595.029,280.19,NA,16.17,0.054,91.79,-9.978
1340,9,130,228.03,909.848,42001.397,2,255,608.16,285.559,NA,13.131,0.044,90,-1.79
1341,9,131,223.99,911.869,42301.407,2,162,612.677,290.075,NA,4.517,0.015,153.435,63.435
1342,9,132,222.98,917.424,42601.417,2,236,618.324,293.403,NA,5.647,0.019,100.305,-53.13
1343,9,133,218.434,927.525,42901.427,2,206,629.4,302.031,NA,11.077,0.037,114.228,13.923
1344,9,134,220.455,935.606,43201.437,2,134,637.73,304.091,NA,8.33,0.028,75.964,-38.264
1345,9,135,221.97,949.242,43501.447,2,202,651.45,309.662,NA,13.72,0.046,83.66,7.696
1346,9,136,222.475,959.848,43801.457,2,245,662.068,314.904,NA,10.618,0.035,87.274,3.614
1347,9,137,222.475,964.394,44101.467,2,159,666.614,317.413,NA,4.545,0.015,90,2.726
1348,9,138,226.136,977.652,44401.477,2,255,680.368,322.019,NA,13.754,0.046,74.56,-15.44
1349,9,139,225,993.939,44701.487,2,221,696.695,332.782,NA,16.327,0.054,93.991,19.431
1350,9,140,218.561,988.636,45001.497,2,208,705.037,334.647,NA,8.342,0.028,-140.528,125.482
1351,9,141,213.636,990.53,45301.507,2,155,710.313,339.724,NA,5.276,0.018,158.962,-60.51
1352,9,142,193.561,979.924,45601.517,2,255,733.018,350.092,NA,22.705,0.076,-152.152,48.885
1353,9,143,188.636,978.788,45901.527,2,104,738.072,353.601,NA,5.054,0.017,-167.005,-14.853
1354,9,144,174.242,969.318,46201.537,2,185,755.301,360.935,NA,17.23,0.057,-146.659,20.346
1355,9,145,166.414,961.869,46501.547,2,66,766.108,364.097,NA,10.806,0.036,-136.42,10.239
1356,9,146,155.303,960.859,46801.557,2,121,777.265,373.421,NA,11.157,0.037,-174.806,-38.385
1357,9,147,146.717,960.859,47101.567,2,209,785.851,381.048,NA,8.586,0.029,180,-5.194
1358,9,148,134.596,961.364,47401.577,2,183,797.982,392.107,NA,12.132,0.04,177.614,-2.386
1359,10,1,472.475,978.03,5400.18,2,113,0,0,NA,NA,NA,NA,NA
1360,10,2,464.899,977.525,5700.19,2,201,7.593,7.593,NA,7.593,0.025,-176.186,NA
1361,10,3,458.333,975,6000.2,2,135,14.627,14.462,NA,7.035,0.023,-158.962,17.223
1362,10,4,458.333,975,6300.21,2,160,14.627,14.462,NA,0,0,0,158.962
1363,10,5,451.768,975,6600.22,2,157,21.193,20.928,NA,6.566,0.022,180,180
1364,10,6,450.758,975,6900.23,2,136,22.203,21.928,NA,1.01,0.003,180,0
1365,10,7,448.232,975.505,7200.24,2,94,24.778,24.374,NA,2.575,0.009,168.69,-11.31
1366,10,8,441.667,976.515,7500.249,2,95,31.421,30.845,NA,6.643,0.022,171.254,2.564
1367,10,9,436.111,981.061,7800.259,2,93,38.599,36.49,NA,7.178,0.024,140.711,-30.543
1368,10,10,436.111,981.061,8100.269,2,126,38.599,36.49,NA,0,0,0,-140.711
1369,10,11,429.545,990.152,8400.279,2,134,49.813,44.608,NA,11.214,0.037,125.838,125.838
1370,10,12,429.04,995.707,8700.289,2,206,55.392,46.894,NA,5.578,0.019,95.194,-30.643
1371,10,13,435.606,997.222,9000.299,2,172,62.13,41.565,NA,6.738,0.022,12.995,-82.2
1372,10,14,446.212,1003.788,9300.309,2,105,74.604,36.786,NA,12.474,0.042,31.759,18.765
1373,10,15,446.212,1003.788,9600.319,2,174,74.604,36.786,NA,0,0,0,-31.759
1374,10,16,454.293,1003.788,9900.329,2,167,82.684,31.528,NA,8.081,0.027,0,0
1375,10,17,462.879,1005.808,10200.339,2,148,91.505,29.389,NA,8.82,0.029,13.241,13.241
1376,10,18,462.879,1010.354,10500.349,2,126,96.05,33.718,NA,4.545,0.015,90,76.759
1377,10,19,475.505,1019.444,10800.359,2,89,111.609,41.525,NA,15.559,0.052,35.754,-54.246
1378,10,20,486.111,1023.99,11100.369,2,115,123.148,47.94,NA,11.539,0.038,23.199,-12.555
1379,10,21,500.758,1024.495,11400.379,2,255,137.803,54.396,NA,14.655,0.049,1.975,-21.224
1380,10,22,496.717,1031.061,11700.389,2,134,145.512,58.309,NA,7.709,0.026,121.608,119.633
1381,10,23,491.667,1032.071,12000.399,2,110,150.663,57.347,NA,5.151,0.017,168.69,47.083
1382,10,24,494.697,1041.667,12300.409,2,81,160.726,67.405,NA,10.063,0.034,72.474,-96.216
1383,10,25,499.242,1047.727,12600.419,2,73,168.302,74.66,NA,7.576,0.025,53.13,-19.344
1384,10,26,499.242,1047.727,12900.429,2,152,168.302,74.66,NA,0,0,0,-53.13
1385,10,27,494.192,1047.727,13200.439,2,72,173.352,73.002,NA,5.051,0.017,180,180
1386,10,28,493.687,1053.283,13500.449,2,100,178.93,78.185,NA,5.578,0.019,95.194,-84.806
1387,10,29,489.141,1053.283,13800.459,2,94,183.476,77.076,NA,4.545,0.015,180,84.806
1388,10,30,483.586,1052.778,14100.469,2,106,189.054,75.569,NA,5.578,0.019,-174.806,5.194
1389,10,31,483.586,1042.172,14400.479,2,164,199.66,65.097,NA,10.606,0.035,-90,84.806
1390,10,32,487.626,1039.141,14700.489,2,255,204.711,62.961,NA,5.051,0.017,-36.87,53.13
1391,10,33,481.566,1021.465,15000.499,2,175,223.398,44.376,NA,18.687,0.062,-108.925,-72.055
1392,10,34,475,1011.869,15300.509,2,228,235.025,33.932,NA,11.627,0.039,-124.38,-15.456
1393,10,35,475,1006.818,15600.519,2,135,240.075,28.898,NA,5.051,0.017,-90,34.38
1394,10,36,477.02,1003.283,15900.529,2,185,244.147,25.658,NA,4.072,0.014,-60.255,29.745
1395,10,37,477.02,1003.283,16200.539,2,245,244.147,25.658,NA,0,0,0,60.255
1396,10,38,480.556,1011.869,16500.549,2,255,253.433,34.79,NA,9.285,0.031,67.62,67.62
1397,10,39,480.556,1011.869,16800.559,2,255,253.433,34.79,NA,0,0,0,-67.62
1398,10,40,480.556,1011.869,17100.569,2,170,253.433,34.79,NA,0,0,0,0
1399,10,41,475,1019.444,17400.579,2,255,262.827,41.491,NA,9.394,0.031,126.254,126.254
1400,10,42,469.949,1036.616,17700.589,2,154,280.726,58.64,NA,17.899,0.06,106.39,-19.864
1401,10,43,462.374,1036.616,18000.599,2,79,288.302,59.45,NA,7.576,0.025,180,73.61
1402,10,44,459.848,1042.677,18300.609,2,140,294.868,65.868,NA,6.566,0.022,112.62,-67.38
1403,10,45,459.848,1042.677,18600.619,2,255,294.868,65.868,NA,0,0,0,-112.62
1404,10,46,459.848,1052.273,18900.629,2,172,304.463,75.308,NA,9.596,0.032,90,90
1405,10,47,465.909,1060.354,19200.639,2,135,314.564,82.585,NA,10.101,0.034,53.13,-36.87
1406,10,48,466.414,1052.273,19500.649,2,72,322.661,74.489,NA,8.097,0.027,-86.424,-139.554
1407,10,49,465.909,1052.273,19800.659,2,248,323.166,74.532,NA,0.505,0.002,180,-93.576
1408,10,50,452.778,1052.273,20100.669,2,210,336.297,76.811,NA,13.131,0.044,180,0
1409,10,51,450.758,1059.848,20400.679,2,211,344.138,84.651,NA,7.84,0.026,104.931,-75.069
1410,10,52,448.737,1060.859,20700.689,2,136,346.397,86.163,NA,2.259,0.008,153.435,48.504
1411,10,53,448.737,1067.929,21000.699,2,90,353.467,92.98,NA,7.071,0.024,90,-63.435
1412,10,54,448.737,1067.929,21300.709,2,171,353.467,92.98,NA,0,0,0,-90
1413,10,55,446.212,1067.929,21600.719,2,255,355.993,93.657,NA,2.525,0.008,180,180
1414,10,56,440.657,1067.424,21900.728,2,202,361.571,94.888,NA,5.578,0.019,-174.806,5.194
1415,10,57,442.677,1082.576,22200.738,2,126,376.857,108.709,NA,15.286,0.051,82.405,-102.789
1416,10,58,450.758,1094.697,22500.748,2,135,391.424,118.671,NA,14.568,0.049,56.31,-26.095
1417,10,59,457.323,1106.818,22800.758,2,136,405.21,129.676,NA,13.785,0.046,61.557,5.247
1418,10,60,471.97,1125,23100.768,2,108,428.557,146.971,NA,23.347,0.078,51.147,-10.41
1419,10,61,483.081,1123.99,23400.778,2,255,439.714,146.344,NA,11.157,0.037,-5.194,-56.341
1420,10,62,483.081,1131.061,23700.788,2,159,446.785,153.397,NA,7.071,0.024,90,95.194
1421,10,63,490.152,1131.566,24000.798,2,197,453.873,154.55,NA,7.089,0.024,4.086,-85.914
1422,10,64,490.152,1131.566,24300.808,2,117,453.873,154.55,NA,0,0,0,-4.086
1423,10,65,486.111,1129.545,24600.818,2,87,458.391,152.128,NA,4.517,0.015,-153.435,-153.435
1424,10,66,486.616,1128.03,24900.828,2,197,459.988,150.665,NA,1.597,0.005,-71.565,81.87
1425,10,67,489.646,1130.556,25200.838,2,255,463.932,153.489,NA,3.945,0.013,39.806,111.371
1426,10,68,495.707,1130.556,25500.848,2,109,469.993,154.284,NA,6.061,0.02,0,-39.806
1427,10,69,495.707,1123.485,25800.858,2,222,477.064,147.298,NA,7.071,0.024,-90,-90
1428,10,70,491.667,1123.485,26100.868,2,171,481.104,146.715,NA,4.04,0.013,180,-90
1429,10,71,481.061,1128.535,26400.878,2,135,492.851,150.75,NA,11.747,0.039,154.537,-25.463
1430,10,72,477.02,1136.111,26700.888,2,125,501.437,158.146,NA,8.586,0.029,118.072,-36.464
1431,10,73,476.515,1145.707,27000.898,2,185,511.046,167.725,NA,9.609,0.032,93.013,-25.06
1432,10,74,465.909,1142.677,27300.908,2,122,522.077,164.777,NA,11.03,0.037,-164.055,102.933
1433,10,75,456.818,1142.172,27600.918,2,154,531.182,164.886,NA,9.105,0.03,-176.82,-12.766
1434,10,76,456.818,1142.172,27900.928,2,203,531.182,164.886,NA,0,0,0,176.82
1435,10,77,456.818,1130.556,28200.938,2,214,542.798,153.327,NA,11.616,0.039,-90,-90
1436,10,78,465.909,1124.495,28500.948,2,164,553.724,146.612,NA,10.926,0.036,-33.69,56.31
1437,10,79,465.909,1122.98,28800.958,2,249,555.239,145.098,NA,1.515,0.005,-90,-56.31
1438,10,80,456.313,1131.061,29100.968,2,200,567.784,153.881,NA,12.545,0.042,139.899,-130.101
1439,10,81,439.141,1142.172,29400.978,2,175,588.237,167.492,NA,20.453,0.068,147.095,7.196
1440,10,82,439.141,1137.121,29700.988,2,242,593.288,162.545,NA,5.051,0.017,-90,122.905
1441,10,83,430.051,1139.646,30000.998,2,157,602.723,167.092,NA,9.435,0.031,164.476,-105.524
1442,10,84,428.03,1153.283,30301.008,2,189,616.508,180.8,NA,13.785,0.046,98.427,-66.049
1443,10,85,420.96,1155.808,30601.018,2,130,624.016,185.091,NA,7.508,0.025,160.346,61.919
1444,10,86,420.96,1155.808,30901.028,2,161,624.016,185.091,NA,0,0,0,-160.346
1445,10,87,420.96,1173.485,31201.038,2,162,641.693,202.129,NA,17.677,0.059,90,90
1446,10,88,420.96,1190.152,31501.048,2,253,658.36,218.287,NA,16.667,0.056,90,0
1447,10,89,417.929,1195.707,31801.058,2,231,664.688,224.407,NA,6.328,0.021,118.61,28.61
1448,10,90,417.424,1195.707,32101.068,2,158,665.193,224.53,NA,0.505,0.002,180,61.39
1449,10,91,417.424,1205.303,32401.078,2,95,674.789,233.845,NA,9.596,0.032,90,-90
1450,10,92,422.475,1197.222,32701.088,2,115,684.318,224.822,NA,9.529,0.032,-57.995,-147.995
1451,10,93,422.475,1185.101,33001.098,2,151,696.439,213.022,NA,12.121,0.04,-90,-32.005
1452,10,94,423.485,1177.02,33301.108,2,255,704.583,204.932,NA,8.144,0.027,-82.875,7.125
1453,10,95,430.556,1166.919,33601.118,2,255,716.913,193.484,NA,12.33,0.041,-55.008,27.867
1454,10,96,430.556,1166.919,33901.128,2,255,716.913,193.484,NA,0,0,0,55.008
1455,10,97,435.606,1156.818,34201.138,2,229,728.206,182.55,NA,11.293,0.038,-63.435,-63.435
1456,10,98,443.182,1147.222,34501.148,2,242,740.432,171.709,NA,12.226,0.041,-51.71,11.725
1457,10,99,443.182,1147.222,34801.158,2,142,740.432,171.709,NA,0,0,0,51.71
1458,10,100,451.263,1155.303,35101.168,2,243,751.86,178.537,NA,11.428,0.038,45,45
1459,10,101,453.283,1164.394,35401.178,2,195,761.173,187.349,NA,9.313,0.031,77.471,32.471
1460,10,102,454.293,1163.384,35701.188,2,203,762.601,186.243,NA,1.428,0.005,-45,-122.471
1461,10,103,455.303,1154.798,36001.198,2,213,771.246,177.6,NA,8.645,0.029,-83.29,-38.29
1462,10,104,453.788,1150.253,36301.207,2,248,776.038,173.233,NA,4.791,0.016,-108.435,-25.145
1463,10,105,453.788,1150.758,36601.217,2,167,776.543,173.735,NA,0.505,0.002,90,-161.565
1464,10,106,445.202,1148.737,36901.227,2,154,785.363,172.872,NA,8.82,0.029,-166.759,103.241
1465,10,107,437.121,1144.697,37201.237,2,255,794.398,170.375,NA,9.035,0.03,-153.435,13.325
1466,10,108,436.616,1139.141,37501.247,2,175,799.976,165.053,NA,5.578,0.019,-95.194,58.241
1467,10,109,436.616,1139.141,37801.257,2,226,799.976,165.053,NA,0,0,0,95.194
1468,10,110,436.616,1150.253,38101.267,2,241,811.087,175.916,NA,11.111,0.037,90,90
1469,10,111,446.717,1162.879,38401.277,2,255,827.257,186.634,NA,16.17,0.054,51.34,-38.66
1470,10,112,458.333,1162.879,38701.287,2,224,838.873,185.389,NA,11.616,0.039,0,-51.34
1471,10,113,458.333,1162.879,39001.297,2,138,838.873,185.389,NA,0,0,0,0
1472,10,114,467.424,1162.879,39301.307,2,88,847.964,184.917,NA,9.091,0.03,0,0
1473,10,115,467.424,1172.98,39601.317,2,89,858.065,195.015,NA,10.101,0.034,90,90
1474,10,116,477.525,1185.606,39901.327,2,237,874.234,207.637,NA,16.17,0.054,51.34,-38.66
1475,10,117,480.051,1192.677,40201.337,2,101,881.742,214.78,NA,7.508,0.025,70.346,19.006
1476,10,118,496.717,1214.899,40501.347,2,249,909.52,238.106,NA,27.778,0.093,53.13,-17.216
1477,10,119,506.313,1229.04,40801.357,2,190,926.61,253.281,NA,17.09,0.057,55.84,2.71
1478,10,120,512.374,1242.677,41101.367,2,252,941.533,267.637,NA,14.923,0.05,66.038,10.197
1479,10,121,520.96,1253.283,41401.377,2,252,955.178,279.49,NA,13.646,0.045,51.009,-15.029
1480,10,122,525.505,1262.374,41701.387,2,151,965.342,289.246,NA,10.164,0.034,63.435,12.426
1481,10,123,528.03,1274.495,42001.397,2,109,977.724,301.625,NA,12.381,0.041,78.232,14.797
1482,10,124,517.424,1300.758,42301.407,2,240,1006.047,325.843,NA,28.323,0.094,111.991,33.759
1483,10,125,505.303,1299.242,42601.417,2,194,1018.263,322.885,NA,12.216,0.041,-172.875,75.134
1484,10,126,504.798,1310.354,42901.427,2,229,1029.385,333.891,NA,11.123,0.037,92.603,-94.522
1485,10,127,509.848,1316.919,43201.437,2,86,1037.669,340.944,NA,8.283,0.028,52.431,-40.171
1486,10,128,509.848,1330.556,43501.447,2,184,1051.305,354.501,NA,13.636,0.045,90,37.569
1487,10,129,490.657,1349.747,43801.457,2,185,1078.446,372.162,NA,27.141,0.09,135,45
1488,10,130,490.657,1349.747,44101.467,2,210,1078.446,372.162,NA,0,0,0,-135
1489,10,131,490.657,1349.747,44401.477,2,104,1078.446,372.162,NA,0,0,0,0
1490,10,132,481.061,1362.879,44701.487,2,106,1094.71,384.944,NA,16.264,0.054,126.158,126.158
1491,10,133,459.343,1370.96,45001.497,2,87,1117.882,393.149,NA,23.172,0.077,159.59,33.432
1492,10,134,449.747,1380.556,45301.507,2,74,1131.453,403.166,NA,13.571,0.045,135,-24.59
1493,10,135,431.566,1390.152,45601.517,2,197,1152.012,414.147,NA,20.559,0.069,152.176,17.176
1494,10,136,426.515,1406.818,45901.527,2,217,1169.427,431.244,NA,17.415,0.058,106.858,-45.318
1495,10,137,426.515,1419.444,46201.537,2,168,1182.053,443.8,NA,12.626,0.042,90,-16.858
1496,10,138,423.99,1437.626,46501.547,2,200,1200.409,462.146,NA,18.356,0.061,97.907,7.907
1497,10,139,428.03,1433.081,46801.557,2,190,1206.491,457.216,NA,6.082,0.02,-48.366,-146.274
1498,10,140,428.03,1443.182,47101.567,2,229,1216.592,467.27,NA,10.101,0.034,90,138.366
1499,10,141,428.03,1443.182,47401.577,2,144,1216.592,467.27,NA,0,0,0,-90
1500,10,142,428.03,1449.242,47701.587,2,116,1222.653,473.303,NA,6.061,0.02,90,90
1501,10,143,428.03,1449.242,48001.597,2,195,1222.653,473.303,NA,0,0,0,-90
1502,10,144,428.03,1449.242,48301.607,2,187,1222.653,473.303,NA,0,0,0,0
1503,10,145,426.01,1447.222,48601.617,2,157,1225.51,471.487,NA,2.857,0.01,-135,-135
1504,10,146,423.99,1446.717,48901.627,2,187,1227.592,471.188,NA,2.082,0.007,-165.964,-30.964
1505,10,147,429.545,1455.303,49201.637,2,224,1237.818,479.2,NA,10.226,0.034,57.095,-136.941
1506,10,148,429.545,1446.212,49501.647,2,128,1246.909,470.146,NA,9.091,0.03,-90,-147.095
1507,10,149,425.505,1450.253,49801.657,2,137,1252.623,474.552,NA,5.714,0.019,135,-135
1508,10,150,425.505,1456.818,50101.667,2,91,1259.189,481.086,NA,6.566,0.022,90,-45
1509,10,151,429.04,1473.99,50401.677,2,103,1276.721,497.858,NA,17.532,0.058,78.366,-11.634
1510,11,1,586.111,1021.465,12300.409,2,35,0,0,NA,NA,NA,NA,NA
1511,11,2,577.02,1020.455,12600.419,2,87,9.147,9.147,NA,9.147,0.03,-173.66,NA
1512,11,3,570.96,1019.949,12900.429,2,121,15.228,15.227,NA,6.082,0.02,-175.236,-1.577
1513,11,4,562.879,1019.949,13200.439,2,161,23.309,23.282,NA,8.081,0.027,180,-4.764
1514,11,5,557.323,1019.949,13500.449,2,101,28.865,28.828,NA,5.556,0.019,180,0
1515,11,6,556.818,1019.949,13800.459,2,95,29.37,29.332,NA,0.505,0.002,180,0
1516,11,7,556.313,1017.929,14100.469,2,51,31.452,30.007,NA,2.082,0.007,-104.036,75.964
1517,11,8,549.242,1027.02,14400.479,2,197,42.969,37.285,NA,11.517,0.038,127.875,-128.089
1518,11,9,549.242,1027.02,14700.489,2,147,42.969,37.285,NA,0,0,0,-127.875
1519,11,10,561.869,1047.222,15000.499,2,12,66.792,35.372,NA,23.823,0.079,57.995,57.995
1520,11,11,550.253,1037.121,15300.509,2,224,82.186,39.128,NA,15.394,0.051,-138.991,163.014
1521,11,12,550.253,1040.657,15600.519,2,250,85.721,40.671,NA,3.535,0.012,90,-131.009
1522,11,13,542.677,1040.657,15900.529,2,209,93.297,47.485,NA,7.576,0.025,180,90
1523,11,14,542.172,1040.657,16200.539,2,255,93.802,47.948,NA,0.505,0.002,180,0
1524,11,15,538.131,1043.182,16500.549,2,172,98.567,52.666,NA,4.765,0.016,147.995,-32.005
1525,11,16,539.141,1042.677,16800.559,2,255,99.696,51.537,NA,1.129,0.004,-26.565,-174.56
1526,11,17,539.141,1042.677,17100.569,2,217,99.696,51.537,NA,0,0,0,26.565
1527,11,18,539.141,1042.677,17400.579,2,219,99.696,51.537,NA,0,0,0,0
1528,11,19,538.131,1046.717,17700.589,2,154,103.861,54.219,NA,4.165,0.014,104.036,104.036
1529,11,20,538.131,1055.808,18000.599,2,105,112.952,59.005,NA,9.091,0.03,90,-14.036
1530,11,21,538.131,1055.808,18300.609,2,107,112.952,59.005,NA,0,0,0,-90
1531,11,22,538.131,1064.899,18600.619,2,167,122.043,64.719,NA,9.091,0.03,90,90
1532,11,23,536.616,1071.465,18900.629,2,255,128.781,70.354,NA,6.738,0.022,102.995,12.995
1533,11,24,531.566,1080.051,19200.639,2,255,138.742,80.047,NA,9.961,0.033,120.466,17.471
1534,11,25,531.566,1080.051,19500.649,2,255,138.742,80.047,NA,0,0,0,-120.466
1535,11,26,524.495,1085.606,19800.659,2,255,147.734,88.942,NA,8.992,0.03,141.843,141.843
1536,11,27,519.949,1089.646,20100.669,2,108,153.816,95.006,NA,6.082,0.02,138.366,-3.476
1537,11,28,519.949,1104.293,20400.679,2,109,168.462,106.009,NA,14.646,0.049,90,-48.366
1538,11,29,523.99,1112.879,20700.689,2,227,177.951,110.524,NA,9.489,0.032,64.799,-25.201
1539,11,30,523.99,1112.879,21000.699,2,255,177.951,110.524,NA,0,0,0,-64.799
1540,11,31,523.99,1112.879,21300.709,2,204,177.951,110.524,NA,0,0,0,0
1541,11,32,523.99,1112.879,21600.719,2,183,177.951,110.524,NA,0,0,0,0
1542,11,33,523.99,1123.99,21900.728,2,140,189.063,119.877,NA,11.111,0.037,90,90
1543,11,34,527.525,1127.02,22200.738,2,53,193.719,120.724,NA,4.656,0.016,40.601,-49.399
1544,11,35,529.04,1137.626,22500.748,2,253,204.433,129.424,NA,10.714,0.036,81.87,41.269
1545,11,36,528.535,1139.646,22800.758,2,253,206.515,131.461,NA,2.082,0.007,104.036,22.166
1546,11,37,535.101,1140.657,23100.768,2,197,213.158,129.649,NA,6.643,0.022,8.746,-95.29
1547,11,38,537.626,1142.172,23400.778,2,255,216.103,130.081,NA,2.945,0.01,30.964,22.218
1548,11,39,537.626,1142.172,23700.788,2,250,216.103,130.081,NA,0,0,0,-30.964
1549,11,40,537.626,1142.172,24000.798,2,216,216.103,130.081,NA,0,0,0,0
1550,11,41,537.626,1142.172,24300.808,2,150,216.103,130.081,NA,0,0,0,0
1551,11,42,547.727,1149.747,24600.818,2,139,228.729,133.902,NA,12.626,0.042,36.87,36.87
1552,11,43,547.727,1149.747,24900.828,2,163,228.729,133.902,NA,0,0,0,-36.87
1553,11,44,547.727,1157.828,25200.838,2,101,236.81,141.663,NA,8.081,0.027,90,90
1554,11,45,547.727,1170.455,25500.848,2,133,249.436,153.855,NA,12.626,0.042,90,0
1555,11,46,553.788,1182.576,25800.858,2,181,262.988,164.322,NA,13.552,0.045,63.435,-26.565
1556,11,47,553.788,1188.131,26100.868,2,226,268.544,169.772,NA,5.556,0.019,90,26.565
1557,11,48,553.788,1188.131,26400.878,2,186,268.544,169.772,NA,0,0,0,-90
1558,11,49,553.788,1188.131,26700.888,2,255,268.544,169.772,NA,0,0,0,0
1559,11,50,553.788,1195.707,27000.898,2,153,276.119,177.215,NA,7.576,0.025,90,90
1560,11,51,552.273,1201.768,27300.908,2,154,282.366,183.451,NA,6.247,0.021,104.036,14.036
1561,11,52,545.202,1203.283,27600.918,2,124,289.598,186.364,NA,7.231,0.024,167.905,63.869
1562,11,53,545.707,1210.354,27900.928,2,95,296.686,193.162,NA,7.089,0.024,85.914,-81.991
1563,11,54,543.182,1214.899,28200.938,2,105,301.886,198.141,NA,5.2,0.017,119.055,33.14
1564,11,55,543.182,1221.97,28500.948,2,233,308.957,205.049,NA,7.071,0.024,90,-29.055
1565,11,56,540.152,1227.02,28800.958,2,212,314.847,210.631,NA,5.89,0.02,120.964,30.964
1566,11,57,539.141,1233.586,29100.968,2,126,321.49,217.259,NA,6.643,0.022,98.746,-22.218
1567,11,58,537.121,1246.212,29400.978,2,132,334.277,230.025,NA,12.787,0.043,99.09,0.344
1568,11,59,534.596,1249.747,29700.988,2,133,338.621,234.023,NA,4.345,0.014,125.538,26.447
1569,11,60,537.121,1269.949,30000.998,2,255,358.98,253.268,NA,20.359,0.068,82.875,-42.663
1570,11,61,529.545,1269.949,30301.008,2,134,366.556,254.842,NA,7.576,0.025,180,97.125
1571,11,62,529.545,1279.04,30601.018,2,129,375.647,263.714,NA,9.091,0.03,90,-90
1572,11,63,520.96,1289.141,30901.028,2,86,388.904,275.492,NA,13.257,0.044,130.365,40.365
1573,11,64,520.96,1289.141,31201.038,2,150,388.904,275.492,NA,0,0,0,-130.365
1574,11,65,520.96,1301.263,31501.048,2,105,401.025,287.283,NA,12.121,0.04,90,90
1575,11,66,527.02,1316.919,31801.058,2,213,417.814,301.306,NA,16.789,0.056,68.839,-21.161
1576,11,67,529.04,1327.02,32101.068,2,225,428.115,310.84,NA,10.301,0.034,78.69,9.851
1577,11,68,529.04,1327.02,32401.078,2,128,428.115,310.84,NA,0,0,0,-78.69
1578,11,69,541.162,1327.525,32701.088,2,122,440.247,309.344,NA,12.132,0.04,2.386,2.386
1579,11,70,539.141,1343.182,33001.098,2,142,456.033,325.128,NA,15.786,0.053,97.352,94.966
1580,11,71,531.061,1345.202,33301.108,2,208,464.363,328.385,NA,8.33,0.028,165.964,68.611
1581,11,72,531.061,1347.727,33601.118,2,238,466.888,330.874,NA,2.525,0.008,90,-75.964
1582,11,73,531.061,1347.727,33901.128,2,209,466.888,330.874,NA,0,0,0,-90
1583,11,74,544.697,1356.313,34201.138,2,127,483.002,337.4,NA,16.114,0.054,32.196,32.196
1584,11,75,548.232,1360.354,34501.148,2,137,488.371,340.999,NA,5.369,0.018,48.814,16.618
1585,11,76,548.232,1360.354,34801.158,2,174,488.371,340.999,NA,0,0,0,-48.814
1586,11,77,548.232,1362.374,35101.168,2,73,490.391,343.007,NA,2.02,0.007,90,90
1587,11,78,563.384,1362.374,35401.178,2,95,505.543,341.666,NA,15.152,0.051,0,-90
1588,11,79,579.04,1362.374,35701.188,2,67,521.199,340.982,NA,15.657,0.052,0,0
1589,11,80,586.616,1367.424,36001.198,2,113,530.304,345.96,NA,9.105,0.03,33.69,33.69
1590,11,81,603.283,1372.475,36301.207,2,145,547.719,351.43,NA,17.415,0.058,16.858,-16.832
1591,11,82,608.333,1377.525,36601.217,2,164,554.862,356.753,NA,7.142,0.024,45,28.142
1592,11,83,620.455,1377.02,36901.227,2,119,566.993,357.21,NA,12.132,0.04,-2.386,-47.386
1593,11,84,631.566,1379.545,37201.237,2,138,578.388,360.954,NA,11.394,0.038,12.804,15.19
1594,11,85,634.596,1381.566,37501.247,2,207,582.03,363.35,NA,3.642,0.012,33.69,20.886
1595,11,86,634.091,1381.061,37801.257,2,133,582.744,362.783,NA,0.714,0.002,-135,-168.69
1596,11,87,618.434,1387.121,38101.267,2,115,599.533,367.082,NA,16.789,0.056,158.839,-66.161
1597,11,88,611.364,1386.616,38401.277,2,242,606.621,366.024,NA,7.089,0.024,-175.914,25.247
1598,11,89,611.364,1381.566,38701.287,2,176,611.672,360.985,NA,5.051,0.017,-90,85.914
1599,11,90,607.828,1381.566,39001.297,2,156,615.207,360.755,NA,3.535,0.012,180,-90
1600,11,91,612.879,1379.545,39301.307,2,172,620.647,359.08,NA,5.44,0.018,-21.801,158.199
1601,11,92,612.879,1368.939,39601.317,2,154,631.253,348.504,NA,10.606,0.035,-90,-68.199
1602,11,93,612.879,1368.939,39901.327,2,174,631.253,348.504,NA,0,0,0,90
1603,11,94,612.879,1361.869,40201.337,2,146,638.324,341.455,NA,7.071,0.024,-90,-90
1604,11,95,619.444,1366.414,40501.347,2,157,646.309,346.556,NA,7.986,0.027,34.695,124.695
1605,11,96,624.495,1366.414,40801.357,2,232,651.36,347.078,NA,5.051,0.017,0,-34.695
1606,11,97,621.465,1367.424,41101.367,2,153,654.554,347.761,NA,3.194,0.011,161.565,161.565
1607,11,98,621.465,1377.02,41401.377,2,236,664.15,357.309,NA,9.596,0.032,90,-71.565
1608,11,99,616.919,1378.03,41701.387,2,174,668.806,357.894,NA,4.656,0.016,167.471,77.471
1609,11,100,616.919,1378.03,42001.397,2,167,668.806,357.894,NA,0,0,0,-167.471
1610,11,101,616.919,1386.616,42301.407,2,179,677.392,366.449,NA,8.586,0.029,90,90
1611,11,102,619.444,1390.657,42601.417,2,250,682.157,370.694,NA,4.765,0.016,57.995,-32.005
1612,11,103,612.374,1390.657,42901.427,2,192,689.227,370.125,NA,7.071,0.024,180,122.005
1613,11,104,609.848,1390.657,43201.437,2,245,691.753,369.954,NA,2.525,0.008,180,0
1614,11,105,609.848,1390.152,43501.447,2,238,692.258,369.45,NA,0.505,0.002,-90,90
1615,11,106,609.848,1390.152,43801.457,2,120,692.258,369.45,NA,0,0,0,90
1616,11,107,613.889,1398.232,44101.467,2,245,701.292,377.79,NA,9.035,0.03,63.435,63.435
1617,11,108,613.889,1398.232,44401.477,2,242,701.292,377.79,NA,0,0,0,-63.435
1618,11,109,613.889,1406.818,44701.487,2,244,709.878,386.353,NA,8.586,0.029,90,90
1619,11,110,613.384,1406.818,45001.497,2,189,710.383,386.317,NA,0.505,0.002,180,90
1620,11,111,613.384,1413.384,45301.507,2,255,716.949,392.867,NA,6.566,0.022,90,-90
1621,11,112,614.394,1412.374,45601.517,2,183,718.377,391.931,NA,1.428,0.005,-45,-135
1622,11,113,614.394,1414.394,45901.527,2,255,720.398,393.946,NA,2.02,0.007,90,135
1623,11,114,614.394,1418.434,46201.537,2,183,724.438,397.976,NA,4.04,0.013,90,0
1624,11,115,612.879,1421.465,46501.547,2,178,727.826,400.895,NA,3.388,0.011,116.565,26.565
1625,11,116,612.879,1420.96,46801.557,2,155,728.331,400.391,NA,0.505,0.002,-90,153.435
1626,11,117,612.879,1428.03,47101.567,2,170,735.402,407.446,NA,7.071,0.024,90,180
1627,11,118,612.879,1432.071,47401.577,2,143,739.442,411.478,NA,4.04,0.013,90,0
1628,11,119,614.899,1440.657,47701.587,2,127,748.262,420.179,NA,8.82,0.029,76.759,-13.241
1629,11,120,614.899,1440.657,48001.597,2,239,748.262,420.179,NA,0,0,0,-76.759
1630,11,121,615.404,1440.657,48301.607,2,90,748.767,420.214,NA,0.505,0.002,0,0
1631,11,122,613.889,1445.707,48601.617,2,93,754.04,425.151,NA,5.273,0.018,106.699,106.699
1632,11,123,616.919,1451.263,48901.627,2,167,760.369,430.901,NA,6.328,0.021,61.39,-45.31
1633,11,124,620.96,1450.253,49201.637,2,246,764.533,430.202,NA,4.165,0.014,-14.036,-75.426
1634,11,125,620.96,1447.222,49501.647,2,149,767.564,427.181,NA,3.03,0.01,-90,-75.964
1635,11,126,621.97,1450.253,49801.657,2,131,770.758,430.285,NA,3.194,0.011,71.565,161.565
1636,11,127,621.97,1458.838,50101.667,2,122,779.344,438.841,NA,8.586,0.029,90,18.435
1637,11,128,625.505,1464.899,50401.677,2,108,786.36,445.181,NA,7.016,0.023,59.744,-30.256
1638,11,129,634.091,1476.01,50701.686,2,58,800.402,457.071,NA,14.042,0.047,52.306,-7.438
1639,11,130,638.131,1480.556,51001.696,2,121,806.484,462.029,NA,6.082,0.02,48.366,-3.939
1640,11,131,647.222,1483.081,51301.706,2,80,815.919,465.644,NA,9.435,0.031,15.524,-32.842
1641,11,132,651.768,1492.172,51601.716,2,95,826.083,475.264,NA,10.164,0.034,63.435,47.911
1642,11,133,654.798,1496.717,51901.726,2,81,831.546,480.19,NA,5.463,0.018,56.31,-7.125
1643,11,134,662.374,1518.939,52201.736,2,158,855.024,503.286,NA,23.478,0.078,71.175,14.865
1644,11,135,662.374,1525,52501.746,2,222,861.084,509.278,NA,6.061,0.02,90,18.825
1645,11,136,662.374,1525,52801.756,2,219,861.084,509.278,NA,0,0,0,-90
1646,11,137,662.374,1525,53101.766,2,215,861.084,509.278,NA,0,0,0,0
1647,11,138,662.374,1525,53401.776,2,149,861.084,509.278,NA,0,0,0,0
1648,11,139,662.374,1529.04,53701.786,2,165,865.125,513.273,NA,4.04,0.013,90,90
1649,11,140,660.859,1533.081,54001.796,2,70,869.44,517.048,NA,4.315,0.014,110.556,20.556
1650,11,141,654.293,1534.596,54301.806,2,59,876.178,517.641,NA,6.738,0.022,167.005,56.449
1651,11,142,654.293,1538.636,54601.816,2,50,880.218,521.647,NA,4.04,0.013,90,-77.005
1652,11,143,654.293,1542.677,54901.826,2,52,884.259,525.653,NA,4.04,0.013,90,0
1653,12,1,739.646,1022.475,7800.259,2,10,0,0,NA,NA,NA,NA,NA
1654,12,2,739.646,1028.535,8100.269,2,97,6.061,6.061,NA,6.061,0.02,90,NA
1655,12,3,739.646,1030.556,8400.279,2,48,8.081,8.081,NA,2.02,0.007,90,0
1656,12,4,743.687,1033.081,8700.289,2,28,12.845,11.35,NA,4.765,0.016,32.005,-57.995
1657,12,5,747.222,1033.586,9000.299,2,65,16.417,13.448,NA,3.571,0.012,8.13,-23.875
1658,12,6,753.283,1038.131,9300.309,2,89,23.992,20.762,NA,7.576,0.025,36.87,28.74
1659,12,7,751.768,1036.616,9600.319,2,64,26.135,18.625,NA,2.143,0.007,-135,-171.87
1660,12,8,750.253,1038.636,9900.329,2,41,28.66,19.331,NA,2.525,0.008,126.87,-98.13
1661,12,9,750.253,1042.677,10200.339,2,74,32.701,22.817,NA,4.04,0.013,90,-36.87
1662,12,10,748.232,1043.182,10500.349,2,90,34.783,22.417,NA,2.082,0.007,165.964,75.964
1663,12,11,745.707,1043.182,10800.359,2,76,37.308,21.576,NA,2.525,0.008,180,14.036
1664,12,12,742.677,1043.182,11100.369,2,61,40.339,20.928,NA,3.03,0.01,180,0
1665,12,13,742.677,1043.182,11400.379,2,121,40.339,20.928,NA,0,0,0,-180
1666,12,14,742.677,1043.182,11700.389,2,98,40.339,20.928,NA,0,0,0,0
1667,12,15,742.677,1043.182,12000.399,2,33,40.339,20.928,NA,0,0,0,0
1668,12,16,742.677,1043.182,12300.409,2,100,40.339,20.928,NA,0,0,0,0
1669,12,17,746.717,1049.242,12600.419,2,70,47.623,27.686,NA,7.284,0.024,56.31,56.31
1670,12,18,749.747,1049.242,12900.429,2,92,50.653,28.61,NA,3.03,0.01,0,-56.31
1671,12,19,750.758,1049.242,13200.439,2,83,51.663,28.982,NA,1.01,0.003,0,0
1672,12,20,750.758,1046.717,13500.449,2,59,54.188,26.667,NA,2.525,0.008,-90,-90
1673,12,21,748.737,1043.687,13800.459,2,52,57.83,23.078,NA,3.642,0.012,-123.69,-33.69
1674,12,22,745.202,1043.687,14100.469,2,57,61.366,21.928,NA,3.535,0.012,180,-56.31
1675,12,23,742.172,1044.697,14400.479,2,65,64.56,22.365,NA,3.194,0.011,161.565,-18.435
1676,12,24,741.162,1047.727,14700.489,2,53,67.754,25.298,NA,3.194,0.011,108.435,-53.13
1677,12,25,741.162,1047.727,15000.499,2,97,67.754,25.298,NA,0,0,0,-108.435
1678,12,26,743.182,1051.768,15300.509,2,80,72.271,29.505,NA,4.517,0.015,63.435,63.435
1679,12,27,744.697,1059.343,15600.519,2,80,79.997,37.213,NA,7.726,0.026,78.69,15.255
1680,12,28,744.697,1064.899,15900.529,2,113,85.553,42.724,NA,5.556,0.019,90,11.31
1681,12,29,744.697,1064.899,16200.539,2,103,85.553,42.724,NA,0,0,0,-90
1682,12,30,744.697,1065.909,16500.549,2,94,86.563,43.727,NA,1.01,0.003,90,90
1683,12,31,740.657,1077.02,16800.559,2,185,98.386,54.555,NA,11.823,0.039,109.983,19.983
1684,12,32,733.081,1085.606,17100.569,2,160,109.836,63.472,NA,11.45,0.038,131.424,21.441
1685,12,33,732.576,1096.212,17400.579,2,202,120.454,74.076,NA,10.618,0.035,92.726,-38.697
1686,12,34,732.071,1105.808,17700.589,2,135,130.063,83.677,NA,9.609,0.032,93.013,0.286
1687,12,35,736.616,1109.848,18000.599,2,146,136.145,87.426,NA,6.082,0.02,41.634,-51.379
1688,12,36,739.646,1111.364,18300.609,2,137,139.533,88.889,NA,3.388,0.011,26.565,-15.068
1689,12,37,742.677,1116.919,18600.619,2,157,145.861,94.493,NA,6.328,0.021,61.39,34.824
1690,12,38,742.677,1122.475,18900.629,2,162,151.417,100.046,NA,5.556,0.019,90,28.61
1691,12,39,742.677,1128.535,19200.639,2,161,157.477,106.104,NA,6.061,0.02,90,0
1692,12,40,747.222,1132.071,19500.649,2,116,163.236,109.857,NA,5.758,0.019,37.875,-52.125
1693,12,41,753.788,1136.111,19800.659,2,135,170.945,114.513,NA,7.709,0.026,31.608,-6.267
1694,12,42,753.788,1136.111,20100.669,2,200,170.945,114.513,NA,0,0,0,-31.608
1695,12,43,749.242,1140.152,20400.679,2,122,177.027,118.067,NA,6.082,0.02,138.366,138.366
1696,12,44,757.323,1147.222,20700.689,2,122,187.764,125.994,NA,10.738,0.036,41.186,-97.181
1697,12,45,761.364,1151.768,21000.699,2,219,193.846,131.104,NA,6.082,0.02,48.366,7.181
1698,12,46,761.364,1151.768,21300.709,2,117,193.846,131.104,NA,0,0,0,-48.366
1699,12,47,761.364,1157.323,21600.719,2,93,199.401,136.586,NA,5.556,0.019,90,90
1700,12,48,761.364,1159.848,21900.728,2,152,201.927,139.08,NA,2.525,0.008,90,0
1701,12,49,763.889,1163.889,22200.738,2,119,206.691,143.477,NA,4.765,0.016,57.995,-32.005
1702,12,50,763.889,1163.889,22500.748,2,165,206.691,143.477,NA,0,0,0,-57.995
1703,12,51,759.343,1167.929,22800.758,2,108,212.773,146.782,NA,6.082,0.02,138.366,138.366
1704,12,52,759.343,1175,23100.768,2,232,219.844,153.792,NA,7.071,0.024,90,-48.366
1705,12,53,760.859,1182.071,23400.778,2,255,227.075,160.999,NA,7.231,0.024,77.905,-12.095
1706,12,54,763.889,1182.071,23700.788,2,255,230.105,161.427,NA,3.03,0.01,0,-77.905
1707,12,55,763.889,1182.071,24000.798,2,255,230.105,161.427,NA,0,0,0,0
1708,12,56,757.323,1182.071,24300.808,2,148,236.671,160.572,NA,6.566,0.022,180,180
1709,12,57,757.323,1187.121,24600.818,2,176,241.721,165.593,NA,5.051,0.017,90,-90
1710,12,58,764.394,1187.121,24900.828,2,168,248.792,166.496,NA,7.071,0.024,0,-90
1711,12,59,760.354,1187.121,25200.838,2,218,252.832,165.943,NA,4.04,0.013,180,180
1712,12,60,760.354,1193.182,25500.848,2,107,258.893,171.958,NA,6.061,0.02,90,-90
1713,12,61,760.354,1204.293,25800.858,2,189,270.004,182.994,NA,11.111,0.037,90,0
1714,12,62,760.354,1204.293,26100.868,2,173,270.004,182.994,NA,0,0,0,-90
1715,12,63,760.354,1205.808,26400.878,2,172,271.519,184.499,NA,1.515,0.005,90,90
1716,12,64,760.354,1215.404,26700.888,2,165,281.115,194.037,NA,9.596,0.032,90,0
1717,12,65,760.354,1224.495,27000.898,2,172,290.206,203.079,NA,9.091,0.03,90,0
1718,12,66,760.354,1224.495,27300.908,2,204,290.206,203.079,NA,0,0,0,-90
1719,12,67,757.828,1228.03,27600.918,2,253,294.551,206.358,NA,4.345,0.014,125.538,125.538
1720,12,68,757.828,1233.586,27900.928,2,192,300.106,211.893,NA,5.556,0.019,90,-35.538
1721,12,69,754.798,1233.586,28200.938,2,255,303.137,211.654,NA,3.03,0.01,180,90
1722,12,70,754.798,1233.586,28500.948,2,246,303.137,211.654,NA,0,0,0,-180
1723,12,71,754.798,1233.586,28800.958,2,201,303.137,211.654,NA,0,0,0,0
1724,12,72,754.798,1237.121,29100.968,2,173,306.672,215.181,NA,3.535,0.012,90,90
1725,12,73,747.222,1237.121,29400.978,2,253,314.248,214.78,NA,7.576,0.025,180,90
1726,12,74,745.202,1237.121,29700.988,2,192,316.268,214.718,NA,2.02,0.007,180,0
1727,12,75,745.202,1237.121,30000.998,2,189,316.268,214.718,NA,0,0,0,-180
1728,12,76,743.687,1237.121,30301.008,2,187,317.783,214.684,NA,1.515,0.005,180,180
1729,12,77,743.687,1240.152,30601.018,2,220,320.813,217.714,NA,3.03,0.01,90,-90
1730,12,78,743.687,1244.697,30901.028,2,247,325.359,222.259,NA,4.545,0.015,90,0
1731,12,79,748.232,1244.697,31201.038,2,186,329.904,222.388,NA,4.545,0.015,0,-90
1732,12,80,748.232,1244.697,31501.048,2,106,329.904,222.388,NA,0,0,0,0
1733,12,81,746.212,1245.707,31801.058,2,143,332.163,223.329,NA,2.259,0.008,153.435,153.435
1734,12,82,746.212,1248.232,32101.068,2,226,334.688,225.853,NA,2.525,0.008,90,-63.435
1735,12,83,746.212,1249.242,32401.078,2,129,335.698,226.863,NA,1.01,0.003,90,0
1736,12,84,746.212,1249.242,32701.088,2,176,335.698,226.863,NA,0,0,0,-90
1737,12,85,746.212,1261.364,33001.098,2,174,347.82,238.979,NA,12.121,0.04,90,90
1738,12,86,747.222,1266.919,33301.108,2,171,353.466,244.562,NA,5.647,0.019,79.695,-10.305
1739,12,87,758.838,1267.424,33601.118,2,197,365.093,245.7,NA,11.627,0.039,2.49,-77.206
1740,12,88,761.364,1267.424,33901.128,2,196,367.619,245.91,NA,2.525,0.008,0,-2.49
1741,12,89,766.919,1267.424,34201.138,2,170,373.174,246.463,NA,5.556,0.019,0,0
1742,12,90,766.919,1277.02,34501.148,2,212,382.77,256.002,NA,9.596,0.032,90,90
1743,12,91,766.919,1277.02,34801.158,2,159,382.77,256.002,NA,0,0,0,-90
1744,12,92,767.424,1278.03,35101.168,2,163,383.899,257.061,NA,1.129,0.004,63.435,63.435
1745,12,93,767.424,1285.606,35401.178,2,128,391.475,264.593,NA,7.576,0.025,90,26.565
1746,12,94,767.424,1295.202,35701.188,2,187,401.071,274.138,NA,9.596,0.032,90,0
1747,12,95,760.354,1300.758,36001.198,2,196,410.063,279.052,NA,8.992,0.03,141.843,51.843
1748,12,96,745.202,1301.768,36301.207,2,129,425.248,279.348,NA,15.185,0.051,176.186,34.343
1749,12,97,733.081,1307.323,36601.217,2,143,438.582,284.924,NA,13.334,0.044,155.376,-20.809
1750,12,98,723.99,1308.838,36901.227,2,191,447.799,286.791,NA,9.216,0.031,170.538,15.161
1751,12,99,722.98,1310.859,37201.237,2,213,450.057,288.865,NA,2.259,0.008,116.565,-53.973
1752,12,100,715.404,1310.859,37501.247,2,255,457.633,289.401,NA,7.576,0.025,180,63.435
1753,12,101,715.404,1304.798,37801.257,2,248,463.694,283.362,NA,6.061,0.02,-90,90
1754,12,102,714.899,1305.808,38101.267,2,209,464.823,284.412,NA,1.129,0.004,116.565,-153.435
1755,12,103,722.475,1306.313,38401.277,2,255,472.415,284.357,NA,7.593,0.025,3.814,-112.751
1756,12,104,722.475,1306.313,38701.287,2,255,472.415,284.357,NA,0,0,0,-3.814
1757,12,105,726.01,1322.98,39001.297,2,255,489.453,300.814,NA,17.038,0.057,78.024,78.024
1758,12,106,728.03,1325.505,39301.307,2,255,492.687,303.253,NA,3.234,0.011,51.34,-26.684
1759,12,107,734.091,1323.99,39601.317,2,255,498.934,301.566,NA,6.247,0.021,-14.036,-65.376
1760,12,108,736.111,1329.545,39901.327,2,228,504.845,307.091,NA,5.911,0.02,70.017,84.053
1761,12,109,738.131,1338.636,40201.337,2,255,514.158,316.165,NA,9.313,0.031,77.471,7.454
1762,12,110,742.677,1346.212,40501.347,2,255,522.993,323.752,NA,8.835,0.029,59.036,-18.435
1763,12,111,749.747,1346.212,40801.357,2,231,530.064,323.895,NA,7.071,0.024,0,-59.036
1764,12,112,743.687,1347.727,41101.367,2,255,536.311,325.278,NA,6.247,0.021,165.964,165.964
1765,12,113,743.687,1347.727,41401.377,2,217,536.311,325.278,NA,0,0,0,-165.964
1766,12,114,743.687,1351.263,41701.387,2,186,539.846,328.813,NA,3.535,0.012,90,90
1767,12,115,743.687,1351.263,42001.397,2,158,539.846,328.813,NA,0,0,0,-90
1768,12,116,738.636,1352.273,42301.407,2,125,544.997,329.8,NA,5.151,0.017,168.69,168.69
1769,12,117,736.111,1351.263,42601.417,2,233,547.716,328.807,NA,2.72,0.009,-158.199,33.111
1770,12,118,736.111,1351.263,42901.427,2,94,547.716,328.807,NA,0,0,0,158.199
1771,12,119,731.566,1351.263,43201.437,2,181,552.262,328.887,NA,4.545,0.015,180,180
1772,12,120,731.566,1360.354,43501.447,2,255,561.353,337.975,NA,9.091,0.03,90,-90
1773,12,121,731.566,1368.939,43801.457,2,255,569.939,346.559,NA,8.586,0.029,90,0
1774,12,122,731.566,1370.455,44101.467,2,149,571.454,348.074,NA,1.515,0.005,90,0
1775,12,123,731.566,1370.455,44401.477,2,187,571.454,348.074,NA,0,0,0,-90
1776,12,124,731.061,1370.455,44701.487,2,252,571.959,348.086,NA,0.505,0.002,180,180
1777,12,125,731.061,1370.455,45001.497,2,178,571.959,348.086,NA,0,0,0,-180
1778,12,126,731.061,1370.455,45301.507,2,225,571.959,348.086,NA,0,0,0,0
1779,12,127,723.99,1370.455,45601.517,2,255,579.03,348.332,NA,7.071,0.024,180,180
1780,12,128,723.99,1375.505,45901.527,2,255,584.08,353.377,NA,5.051,0.017,90,-90
1781,12,129,723.99,1375.505,46201.537,2,132,584.08,353.377,NA,0,0,0,-90
1782,12,130,720.96,1375.505,46501.547,2,181,587.11,353.525,NA,3.03,0.01,180,180
1783,12,131,720.96,1381.061,46801.557,2,235,592.666,359.072,NA,5.556,0.019,90,-90
1784,12,132,720.96,1393.182,47101.567,2,255,604.787,371.178,NA,12.121,0.04,90,0
1785,12,133,720.96,1393.182,47401.577,2,255,604.787,371.178,NA,0,0,0,-90
1786,12,134,720.96,1393.182,47701.587,2,185,604.787,371.178,NA,0,0,0,0
1787,12,135,720.96,1393.182,48001.597,2,183,604.787,371.178,NA,0,0,0,0
1788,12,136,718.939,1397.727,48301.607,2,255,609.761,375.823,NA,4.974,0.017,113.962,113.962
1789,12,137,718.939,1397.727,48601.617,2,255,609.761,375.823,NA,0,0,0,-113.962
1790,12,138,730.051,1403.283,48901.627,2,243,622.184,380.929,NA,12.423,0.041,26.565,26.565
1791,12,139,730.051,1408.333,49201.637,2,255,627.234,385.978,NA,5.051,0.017,90,63.435
1792,12,140,730.051,1408.333,49501.647,2,198,627.234,385.978,NA,0,0,0,-90
1793,12,141,730.051,1409.848,49801.657,2,236,628.75,387.493,NA,1.515,0.005,90,90
1794,12,142,727.02,1409.848,50101.667,2,255,631.78,387.579,NA,3.03,0.01,180,90
1795,12,143,726.515,1409.848,50401.677,2,140,632.285,387.596,NA,0.505,0.002,180,0
1796,12,144,726.01,1414.394,50701.686,2,142,636.858,392.156,NA,4.573,0.015,96.34,-83.66
1797,12,145,726.01,1425.505,51001.696,2,251,647.969,403.261,NA,11.111,0.037,90,-6.34
1798,12,146,726.01,1425.505,51301.706,2,175,647.969,403.261,NA,0,0,0,-90
1799,12,147,720.96,1426.01,51601.716,2,250,653.045,403.968,NA,5.076,0.017,174.289,174.289
1800,12,148,716.919,1426.01,51901.726,2,255,657.086,404.175,NA,4.04,0.013,180,5.711
1801,12,149,715.404,1426.01,52201.736,2,255,658.601,404.263,NA,1.515,0.005,180,0
1802,12,150,725,1427.525,52501.746,2,255,668.315,405.315,NA,9.715,0.032,8.973,-171.027
1803,12,151,728.03,1435.606,52801.756,2,255,676.946,413.295,NA,8.63,0.029,69.444,60.471
1804,12,152,731.061,1439.646,53101.766,2,255,681.996,417.26,NA,5.051,0.017,53.13,-16.314
1805,12,153,731.061,1439.646,53401.776,2,237,681.996,417.26,NA,0,0,0,-53.13
1806,12,154,735.101,1443.687,53701.786,2,255,687.71,421.237,NA,5.714,0.019,45,45
1807,12,155,735.101,1448.737,54001.796,2,151,692.761,426.287,NA,5.051,0.017,90,45
1808,12,156,752.778,1465.909,54301.806,2,255,717.405,443.629,NA,24.644,0.082,44.17,-45.83
1809,12,157,754.293,1469.949,54601.816,2,255,721.72,447.714,NA,4.315,0.014,69.444,25.274
1810,12,158,754.293,1473.99,54901.826,2,255,725.761,451.753,NA,4.04,0.013,90,20.556
1811,12,159,754.293,1473.99,55201.836,2,243,725.761,451.753,NA,0,0,0,-90
1812,12,160,754.293,1473.99,55501.846,2,137,725.761,451.753,NA,0,0,0,0
1813,12,161,754.293,1481.061,55801.856,2,185,732.831,458.82,NA,7.071,0.024,90,90
1814,12,162,754.293,1493.687,56101.866,2,198,745.458,471.44,NA,12.626,0.042,90,0
1815,12,163,754.293,1493.687,56401.876,2,85,745.458,471.44,NA,0,0,0,-90
1816,12,164,754.293,1508.333,56701.886,2,233,760.104,486.079,NA,14.646,0.049,90,90
1817,12,165,754.293,1516.919,57001.896,2,193,768.69,494.661,NA,8.586,0.029,90,0
1818,12,166,749.242,1517.424,57301.906,2,255,773.766,495.043,NA,5.076,0.017,174.289,84.289
1819,12,167,743.182,1517.424,57601.916,2,225,779.826,494.962,NA,6.061,0.02,180,5.711
1820,12,168,743.182,1521.465,57901.926,2,166,783.867,499.002,NA,4.04,0.013,90,-90
1821,12,169,743.182,1531.061,58201.936,2,255,793.463,508.598,NA,9.596,0.032,90,0
1822,12,170,743.182,1531.061,58501.946,2,255,793.463,508.598,NA,0,0,0,-90
1823,12,171,748.232,1531.061,58801.956,2,252,798.513,508.658,NA,5.051,0.017,0,0
1824,12,172,748.232,1531.061,59101.966,2,254,798.513,508.658,NA,0,0,0,0
1825,12,173,748.232,1531.061,59401.976,2,244,798.513,508.658,NA,0,0,0,0
1826,12,174,748.232,1531.061,59701.986,2,122,798.513,508.658,NA,0,0,0,0
1827,12,175,753.283,1531.061,60001.996,2,154,803.564,508.769,NA,5.051,0.017,0,0
1828,12,176,753.283,1531.061,60302.006,2,144,803.564,508.769,NA,0,0,0,0
1829,12,177,753.283,1535.606,60602.016,2,170,808.109,513.312,NA,4.545,0.015,90,90
1830,12,178,753.283,1535.606,60902.026,2,175,808.109,513.312,NA,0,0,0,-90
1831,12,179,751.768,1525,61202.036,2,149,818.823,502.671,NA,10.714,0.036,-98.13,-98.13
1832,12,180,751.263,1525,61502.046,2,155,819.328,502.659,NA,0.505,0.002,180,-81.87
1833,12,181,751.263,1528.535,61802.056,2,178,822.863,506.194,NA,3.535,0.012,90,-90
1834,12,182,742.172,1531.061,62102.066,2,176,832.298,508.592,NA,9.435,0.031,164.476,74.476
1835,12,183,737.121,1542.172,62402.076,2,141,844.503,519.703,NA,12.205,0.041,114.444,-50.032
1836,13,1,661.364,1033.712,8700.289,2,59,0,0,NA,NA,NA,NA,NA
1837,13,2,661.742,1039.015,9000.299,2,124,5.317,5.317,NA,5.317,0.018,85.914,NA
1838,13,3,662.879,1043.939,9300.309,2,229,10.37,10.339,NA,5.054,0.017,77.005,-8.909
1839,13,4,662.879,1048.864,9600.319,2,239,15.294,15.227,NA,4.924,0.016,90,12.995
1840,13,5,662.879,1048.864,9900.329,2,150,15.294,15.227,NA,0,0,0,-90
1841,13,6,662.879,1048.864,10200.339,2,114,15.294,15.227,NA,0,0,0,0
1842,13,7,662.879,1048.864,10500.349,2,73,15.294,15.227,NA,0,0,0,0
1843,13,8,659.47,1048.864,10800.359,2,75,18.704,15.269,NA,3.409,0.011,180,180
1844,13,9,658.712,1048.864,11100.369,2,93,19.461,15.382,NA,0.758,0.003,180,0
1845,13,10,658.712,1050.758,11400.379,2,128,21.355,17.25,NA,1.894,0.006,90,-90
1846,13,11,657.197,1051.136,11700.389,2,120,22.917,17.916,NA,1.562,0.005,165.964,75.964
1847,13,12,656.061,1051.136,12000.399,2,109,24.053,18.213,NA,1.136,0.004,180,14.036
1848,13,13,656.061,1054.545,12300.409,2,134,27.462,21.498,NA,3.409,0.011,90,-90
1849,13,14,656.061,1054.545,12600.419,2,239,27.462,21.498,NA,0,0,0,-90
1850,13,15,654.167,1051.894,12900.429,2,208,30.721,19.554,NA,3.258,0.011,-125.538,-125.538
1851,13,16,652.652,1050,13200.439,2,136,33.146,18.471,NA,2.425,0.008,-128.66,-3.122
1852,13,17,653.788,1050,13500.449,2,210,34.283,17.963,NA,1.136,0.004,0,128.66
1853,13,18,655.682,1053.788,13800.459,2,163,38.518,20.864,NA,4.235,0.014,63.435,63.435
1854,13,19,655.682,1053.788,14100.469,2,129,38.518,20.864,NA,0,0,0,-63.435
1855,13,20,655.682,1053.788,14400.479,2,152,38.518,20.864,NA,0,0,0,0
1856,13,21,653.788,1058.712,14700.489,2,200,43.793,26.123,NA,5.276,0.018,111.038,111.038
1857,13,22,649.242,1064.015,15000.499,2,176,50.778,32.637,NA,6.985,0.023,130.601,19.564
1858,13,23,644.697,1070.833,15300.509,2,181,58.972,40.691,NA,8.194,0.027,123.69,-6.911
1859,13,24,644.697,1070.833,15600.519,2,255,58.972,40.691,NA,0,0,0,-123.69
1860,13,25,640.152,1075,15900.529,2,255,65.139,46.418,NA,6.166,0.021,137.49,137.49
1861,13,26,640.152,1075,16200.539,2,255,65.139,46.418,NA,0,0,0,-137.49
1862,13,27,646.97,1080.303,16500.549,2,232,73.776,48.764,NA,8.638,0.029,37.875,37.875
1863,13,28,651.515,1084.47,16800.559,2,255,79.942,51.704,NA,6.166,0.021,42.51,4.635
1864,13,29,651.515,1084.47,17100.569,2,253,79.942,51.704,NA,0,0,0,-42.51
1865,13,30,653.03,1089.773,17400.579,2,212,85.458,56.677,NA,5.515,0.018,74.055,74.055
1866,13,31,653.03,1095.833,17700.589,2,244,91.518,62.678,NA,6.061,0.02,90,15.945
1867,13,32,646.212,1098.106,18000.599,2,153,98.705,66.152,NA,7.187,0.024,161.565,71.565
1868,13,33,646.212,1098.106,18300.609,2,253,98.705,66.152,NA,0,0,0,-161.565
1869,13,34,643.561,1098.106,18600.619,2,255,101.357,66.81,NA,2.652,0.009,180,180
1870,13,35,637.879,1098.106,18900.629,2,255,107.039,68.543,NA,5.682,0.019,180,0
1871,13,36,637.879,1098.106,19200.639,2,241,107.039,68.543,NA,0,0,0,-180
1872,13,37,632.955,1099.242,19500.649,2,255,112.092,71.423,NA,5.054,0.017,167.005,167.005
1873,13,38,632.197,1101.136,19800.659,2,255,114.132,73.462,NA,2.04,0.007,111.801,-55.204
1874,13,39,632.197,1101.136,20100.669,2,255,114.132,73.462,NA,0,0,0,-111.801
1875,13,40,632.197,1101.136,20400.679,2,236,114.132,73.462,NA,0,0,0,0
1876,13,41,632.197,1103.409,20700.689,2,191,116.405,75.554,NA,2.273,0.008,90,90
1877,13,42,632.197,1103.409,21000.699,2,255,116.405,75.554,NA,0,0,0,-90
1878,13,43,632.197,1103.409,21300.709,2,225,116.405,75.554,NA,0,0,0,0
1879,13,44,636.742,1107.955,21600.719,2,145,122.833,78.219,NA,6.428,0.021,45,45
1880,13,45,641.288,1107.955,21900.728,2,71,127.379,76.909,NA,4.545,0.015,0,-45
1881,13,46,641.288,1107.955,22200.738,2,230,127.379,76.909,NA,0,0,0,0
1882,13,47,641.288,1107.955,22500.748,2,240,127.379,76.909,NA,0,0,0,0
1883,13,48,641.288,1109.848,22800.758,2,255,129.273,78.739,NA,1.894,0.006,90,90
1884,13,49,641.288,1114.394,23100.768,2,142,133.818,83.142,NA,4.545,0.015,90,0
1885,13,50,641.288,1114.394,23400.778,2,186,133.818,83.142,NA,0,0,0,-90
1886,13,51,645.455,1111.742,23700.788,2,137,138.757,79.636,NA,4.939,0.016,-32.471,-32.471
1887,13,52,648.106,1111.742,24000.798,2,107,141.408,79.149,NA,2.652,0.009,0,32.471
1888,13,53,648.106,1111.742,24300.808,2,133,141.408,79.149,NA,0,0,0,0
1889,13,54,648.106,1111.742,24600.818,2,255,141.408,79.149,NA,0,0,0,0
1890,13,55,649.242,1118.561,24900.828,2,235,148.321,85.71,NA,6.912,0.023,80.538,80.538
1891,13,56,657.576,1120.076,25200.838,2,179,156.79,86.447,NA,8.47,0.028,10.305,-70.233
1892,13,57,657.576,1120.076,25500.848,2,171,156.79,86.447,NA,0,0,0,-10.305
1893,13,58,665.909,1120.833,25800.858,2,155,165.158,87.24,NA,8.368,0.028,5.194,5.194
1894,13,59,664.773,1135.985,26100.868,2,255,180.352,102.33,NA,15.194,0.051,94.289,89.095
1895,13,60,666.288,1151.136,26400.878,2,132,195.579,117.527,NA,15.227,0.051,84.289,-10
1896,13,61,667.424,1157.955,26700.888,2,118,202.492,124.39,NA,6.912,0.023,80.538,-3.752
1897,13,62,667.424,1167.803,27000.898,2,138,212.34,134.228,NA,9.848,0.033,90,9.462
1898,13,63,667.424,1168.182,27300.908,2,121,212.719,134.606,NA,0.379,0.001,90,0
1899,13,64,667.424,1168.182,27600.918,2,162,212.719,134.606,NA,0,0,0,-90
1900,13,65,667.424,1168.182,27900.928,2,211,212.719,134.606,NA,0,0,0,0
1901,13,66,672.348,1168.182,28200.938,2,223,217.643,134.918,NA,4.924,0.016,0,0
1902,13,67,673.106,1167.803,28500.948,2,246,218.49,134.604,NA,0.847,0.003,-26.565,-26.565
1903,13,68,678.788,1172.727,28800.958,2,126,226.009,140.103,NA,7.519,0.025,40.914,67.479
1904,13,69,687.121,1175.758,29100.968,2,124,234.876,144.362,NA,8.867,0.03,19.983,-20.931
1905,13,70,687.121,1175.758,29400.978,2,163,234.876,144.362,NA,0,0,0,-19.983
1906,13,71,688.636,1180.303,29700.988,2,255,239.667,149.106,NA,4.791,0.016,71.565,71.565
1907,13,72,688.636,1192.045,30000.998,2,194,251.41,160.665,NA,11.742,0.039,90,18.435
1908,13,73,688.258,1196.212,30301.008,2,197,255.594,164.71,NA,4.184,0.014,95.194,5.194
1909,13,74,687.121,1206.818,30601.018,2,240,266.26,175.012,NA,10.667,0.036,96.116,0.921
1910,13,75,682.576,1207.955,30901.028,2,175,270.946,175.529,NA,4.685,0.016,165.964,69.848
1911,13,76,679.924,1207.955,31201.038,2,221,273.597,175.228,NA,2.652,0.009,180,14.036
1912,13,77,679.545,1207.955,31501.048,2,199,273.976,175.188,NA,0.379,0.001,180,0
1913,13,78,678.03,1211.364,31801.058,2,177,277.707,178.432,NA,3.731,0.012,113.962,-66.038
1914,13,79,679.924,1218.561,32101.068,2,181,285.149,185.778,NA,7.442,0.025,75.256,-38.706
1915,13,80,679.924,1218.561,32401.078,2,247,285.149,185.778,NA,0,0,0,-75.256
1916,13,81,679.924,1218.561,32701.088,2,133,285.149,185.778,NA,0,0,0,0
1917,13,82,676.894,1229.167,33001.098,2,255,296.179,196.071,NA,11.03,0.037,105.945,105.945
1918,13,83,673.864,1229.167,33301.108,2,242,299.209,195.854,NA,3.03,0.01,180,74.055
1919,13,84,673.864,1229.167,33601.118,2,118,299.209,195.854,NA,0,0,0,-180
1920,13,85,673.864,1234.091,33901.128,2,165,304.134,200.768,NA,4.924,0.016,90,90
1921,13,86,673.485,1241.667,34201.138,2,182,311.719,208.308,NA,7.585,0.025,92.862,2.862
1922,13,87,672.727,1248.864,34501.148,2,215,318.956,215.451,NA,7.237,0.024,96.009,3.147
1923,13,88,672.727,1248.864,34801.158,2,156,318.956,215.451,NA,0,0,0,-96.009
1924,13,89,675,1248.864,35101.168,2,255,321.228,215.583,NA,2.273,0.008,0,0
1925,13,90,678.788,1254.545,35401.178,2,122,328.057,221.52,NA,6.829,0.023,56.31,56.31
1926,13,91,679.167,1267.045,35701.188,2,251,340.563,234.012,NA,12.506,0.042,88.264,31.954
1927,13,92,679.545,1267.424,36001.198,2,255,341.098,234.418,NA,0.536,0.002,45,-43.264
1928,13,93,678.03,1270.96,36301.207,2,238,344.945,237.832,NA,3.846,0.013,113.199,68.199
1929,13,94,678.03,1270.96,36601.217,2,211,344.945,237.832,NA,0,0,0,-113.199
1930,13,95,680.051,1270.96,36901.227,2,251,346.965,237.982,NA,2.02,0.007,0,0
1931,13,96,683.586,1271.465,37201.237,2,253,350.536,238.789,NA,3.571,0.012,8.13,8.13
1932,13,97,683.586,1271.465,37501.247,2,250,350.536,238.789,NA,0,0,0,-8.13
1933,13,98,683.586,1276.515,37801.257,2,228,355.587,243.818,NA,5.051,0.017,90,90
1934,13,99,681.061,1277.525,38101.267,2,128,358.307,244.607,NA,2.72,0.009,158.199,68.199
1935,13,100,681.061,1281.566,38401.277,2,178,362.347,248.635,NA,4.04,0.013,90,-68.199
1936,13,101,681.061,1292.172,38701.287,2,255,372.953,259.209,NA,10.606,0.035,90,0
1937,13,102,681.061,1292.677,39001.297,2,179,373.458,259.713,NA,0.505,0.002,90,0
1938,13,103,679.04,1292.677,39301.307,2,218,375.478,259.567,NA,2.02,0.007,180,90
1939,13,104,682.576,1299.242,39601.317,2,89,382.935,266.376,NA,7.457,0.025,61.699,-118.301
1940,13,105,682.576,1308.333,39901.327,2,153,392.026,275.439,NA,9.091,0.03,90,28.301
1941,13,106,682.576,1308.333,40201.337,2,223,392.026,275.439,NA,0,0,0,-90
1942,13,107,679.04,1307.323,40501.347,2,188,395.703,274.182,NA,3.677,0.012,-164.055,-164.055
1943,13,108,679.04,1302.778,40801.357,2,255,400.248,269.646,NA,4.545,0.015,-90,74.055
1944,13,109,685.101,1303.283,41101.367,2,178,406.33,270.614,NA,6.082,0.02,4.764,94.764
1945,13,110,683.081,1316.919,41401.377,2,130,420.115,284.039,NA,13.785,0.046,98.427,93.663
1946,13,111,678.03,1318.434,41701.387,2,231,425.388,285.21,NA,5.273,0.018,163.301,64.874
1947,13,112,678.03,1318.434,42001.397,2,137,425.388,285.21,NA,0,0,0,-163.301
1948,13,113,678.03,1332.071,42301.407,2,82,439.024,298.824,NA,13.636,0.045,90,90
1949,13,114,674.495,1334.596,42601.417,2,178,443.369,301.17,NA,4.345,0.014,144.462,54.462
1950,13,115,674.495,1334.596,42901.427,2,145,443.369,301.17,NA,0,0,0,-144.462
1951,13,116,666.414,1337.121,43201.437,2,202,451.835,303.451,NA,8.466,0.028,162.646,162.646
1952,13,117,666.414,1345.707,43501.447,2,175,460.421,312.036,NA,8.586,0.029,90,-72.646
1953,13,118,666.414,1350.758,43801.457,2,109,465.472,317.086,NA,5.051,0.017,90,0
1954,13,119,670.96,1368.434,44101.467,2,252,483.723,334.86,NA,18.252,0.061,75.579,-14.421
1955,13,120,670.96,1377.02,44401.477,2,201,492.309,343.442,NA,8.586,0.029,90,14.421
1956,13,121,668.939,1381.566,44701.487,2,188,497.283,347.936,NA,4.974,0.017,113.962,23.962
1957,13,122,670.455,1386.616,45001.497,2,99,502.556,353.021,NA,5.273,0.018,73.301,-40.662
1958,13,123,677.525,1401.263,45301.507,2,255,518.82,367.906,NA,16.264,0.054,64.231,-9.07
1959,13,124,680.303,1408.712,45601.517,2,255,526.771,375.478,NA,7.951,0.027,69.55,5.32
1960,13,125,680.303,1415.909,45901.527,2,255,533.968,382.666,NA,7.197,0.024,90,20.45
1961,13,126,680.303,1415.909,46201.537,2,199,533.968,382.666,NA,0,0,0,-90
1962,13,127,680.303,1409.47,46501.547,2,214,540.407,376.235,NA,6.439,0.021,-90,-90
1963,13,128,680.303,1409.47,46801.557,2,189,540.407,376.235,NA,0,0,0,90
1964,13,129,680.303,1432.955,47101.567,2,187,563.892,399.691,NA,23.485,0.078,90,90
1965,13,130,685.985,1447.348,47401.577,2,63,579.367,414.368,NA,15.475,0.052,68.459,-21.541
1966,13,131,682.576,1456.818,47701.587,2,190,589.431,423.637,NA,10.065,0.034,109.799,41.34
1967,13,132,682.197,1462.5,48001.597,2,205,595.126,429.294,NA,5.694,0.019,93.814,-15.985
1968,13,133,686.742,1469.318,48301.607,2,224,603.32,436.345,NA,8.194,0.027,56.31,-37.504
1969,13,134,686.742,1469.318,48601.617,2,207,603.32,436.345,NA,0,0,0,-56.31
1970,13,135,684.848,1484.47,48901.627,2,187,618.59,451.369,NA,15.269,0.051,97.125,97.125
1971,13,136,684.848,1490.152,49201.637,2,212,624.272,457.043,NA,5.682,0.019,90,-7.125
1972,13,137,687.5,1496.212,49501.647,2,219,630.887,463.238,NA,6.615,0.022,66.371,-23.629
1973,13,138,707.576,1493.182,49801.657,2,129,651.19,461.788,NA,20.303,0.068,-8.584,-74.954
1974,13,139,714.394,1493.182,50101.667,2,163,658.008,462.52,NA,6.818,0.023,0,8.584
1975,13,140,715.909,1506.818,50401.677,2,163,671.728,476.24,NA,13.72,0.046,83.66,83.66
1976,13,141,712.5,1515.152,50701.686,2,233,680.732,484.148,NA,9.004,0.03,112.249,28.589
1977,13,142,712.5,1520.833,51001.696,2,129,686.414,489.798,NA,5.682,0.019,90,-22.249
1978,13,143,709.47,1531.818,51301.706,2,114,697.809,500.424,NA,11.395,0.038,105.422,15.422
1979,13,144,707.197,1537.5,51601.716,2,89,703.929,505.868,NA,6.12,0.02,111.801,6.379
1980,14,1,786.742,1018.939,8100.269,2,23,0,0,NA,NA,NA,NA,NA
1981,14,2,786.742,1024.242,8400.279,2,47,5.303,5.303,NA,5.303,0.018,90,NA
1982,14,3,787.879,1029.167,8700.289,2,18,10.357,10.29,NA,5.054,0.017,77.005,-12.995
1983,14,4,787.879,1030.303,9000.299,2,53,11.493,11.42,NA,1.136,0.004,90,12.995
1984,14,5,787.879,1034.47,9300.309,2,77,15.66,15.572,NA,4.167,0.014,90,0
1985,14,6,787.879,1040.909,9600.319,2,89,22.099,21.999,NA,6.439,0.021,90,0
1986,14,7,787.879,1040.909,9900.329,2,53,22.099,21.999,NA,0,0,0,-90
1987,14,8,783.712,1040.909,10200.339,2,80,26.266,22.178,NA,4.167,0.014,180,180
1988,14,9,783.712,1043.182,10500.349,2,106,28.539,24.431,NA,2.273,0.008,90,-90
1989,14,10,780.303,1043.939,10800.359,2,36,32.031,25.816,NA,3.492,0.012,167.471,77.471
1990,14,11,780.303,1043.939,11100.369,2,71,32.031,25.816,NA,0,0,0,-167.471
1991,14,12,780.303,1048.485,11400.379,2,115,36.576,30.239,NA,4.545,0.015,90,90
1992,14,13,780.303,1048.485,11700.389,2,57,36.576,30.239,NA,0,0,0,-90
1993,14,14,782.955,1057.197,12000.399,2,112,45.683,38.445,NA,9.107,0.03,73.072,73.072
1994,14,15,782.955,1057.197,12300.409,2,147,45.683,38.445,NA,0,0,0,-73.072
1995,14,16,782.955,1057.197,12600.419,2,127,45.683,38.445,NA,0,0,0,0
1996,14,17,782.955,1057.197,12900.429,2,131,45.683,38.445,NA,0,0,0,0
1997,14,18,783.712,1053.409,13200.439,2,155,49.546,34.603,NA,3.863,0.013,-78.69,-78.69
1998,14,19,786.364,1051.894,13500.449,2,105,52.6,32.957,NA,3.054,0.01,-29.745,48.945
1999,14,20,784.848,1051.894,13800.459,2,104,54.115,33.009,NA,1.515,0.005,180,-150.255
2000,14,21,779.167,1051.894,14100.469,2,93,59.797,33.814,NA,5.682,0.019,180,0
2001,14,22,779.167,1051.894,14400.479,2,78,59.797,33.814,NA,0,0,0,-180
2002,14,23,775.379,1051.894,14700.489,2,138,63.585,34.859,NA,3.788,0.013,180,180
2003,14,24,775.379,1051.894,15000.499,2,65,63.585,34.859,NA,0,0,0,-180
2004,14,25,772.348,1052.652,15300.509,2,135,66.708,36.656,NA,3.124,0.01,165.964,165.964
2005,14,26,771.591,1053.409,15600.519,2,94,67.779,37.653,NA,1.071,0.004,135,-30.964
2006,14,27,771.591,1056.818,15900.529,2,129,71.189,40.797,NA,3.409,0.011,90,-45
2007,14,28,774.621,1059.091,16200.539,2,83,74.976,41.941,NA,3.788,0.013,36.87,-53.13
2008,14,29,774.621,1059.091,16500.549,2,116,74.976,41.941,NA,0,0,0,-36.87
2009,14,30,774.621,1059.091,16800.559,2,121,74.976,41.941,NA,0,0,0,0
2010,14,31,774.621,1059.091,17100.569,2,143,74.976,41.941,NA,0,0,0,0
2011,14,32,771.97,1060.227,17400.579,2,102,77.861,43.851,NA,2.885,0.01,156.801,156.801
2012,14,33,771.97,1059.848,17700.589,2,142,78.24,43.495,NA,0.379,0.001,-90,113.199
2013,14,34,771.97,1059.848,18000.599,2,129,78.24,43.495,NA,0,0,0,90
2014,14,35,771.97,1059.848,18300.609,2,98,78.24,43.495,NA,0,0,0,0
2015,14,36,771.97,1059.848,18600.619,2,138,78.24,43.495,NA,0,0,0,0
2016,14,37,777.652,1059.848,18900.629,2,136,83.922,41.907,NA,5.682,0.019,0,0
2017,14,38,777.652,1065.152,19200.639,2,168,89.225,47.098,NA,5.303,0.018,90,90
2018,14,39,782.955,1065.53,19500.649,2,121,94.541,46.745,NA,5.317,0.018,4.086,-85.914
2019,14,40,782.955,1065.53,19800.659,2,124,94.541,46.745,NA,0,0,0,-4.086
2020,14,41,788.636,1070.076,20100.669,2,179,101.818,51.171,NA,7.276,0.024,38.66,38.66
2021,14,42,788.636,1077.652,20400.679,2,123,109.393,58.743,NA,7.576,0.025,90,51.34
2022,14,43,790.53,1088.258,20700.689,2,74,120.167,69.422,NA,10.774,0.036,79.875,-10.125
2023,14,44,790.53,1088.258,21000.699,2,107,120.167,69.422,NA,0,0,0,-79.875
2024,14,45,795.076,1096.591,21300.709,2,147,129.66,78.097,NA,9.492,0.032,61.39,61.39
2025,14,46,799.621,1103.788,21600.719,2,99,138.172,85.82,NA,8.512,0.028,57.724,-3.665
2026,14,47,799.621,1107.955,21900.728,2,138,142.339,89.942,NA,4.167,0.014,90,32.276
2027,14,48,793.182,1113.636,22200.738,2,130,150.926,94.916,NA,8.588,0.029,138.576,48.576
2028,14,49,793.182,1113.636,22500.748,2,132,150.926,94.916,NA,0,0,0,-138.576
2029,14,50,793.182,1122.348,22800.758,2,204,159.638,103.609,NA,8.712,0.029,90,90
2030,14,51,792.803,1123.864,23100.768,2,190,161.2,105.099,NA,1.562,0.005,104.036,14.036
2031,14,52,792.424,1134.848,23400.778,2,100,172.191,116.048,NA,10.991,0.037,91.975,-12.061
2032,14,53,791.667,1137.5,23700.788,2,144,174.949,118.663,NA,2.758,0.009,105.945,13.97
2033,14,54,789.394,1136.364,24000.798,2,130,177.49,117.454,NA,2.541,0.008,-153.435,100.62
2034,14,55,789.394,1144.318,24300.808,2,109,185.445,125.407,NA,7.955,0.027,90,-116.565
2035,14,56,790.53,1147.727,24600.818,2,222,189.038,128.844,NA,3.593,0.012,71.565,-18.435
2036,14,57,790.53,1147.727,24900.828,2,116,189.038,128.844,NA,0,0,0,-71.565
2037,14,58,794.318,1151.894,25200.838,2,128,194.669,133.17,NA,5.631,0.019,47.726,47.726
2038,14,59,796.212,1157.576,25500.848,2,129,200.658,138.959,NA,5.989,0.02,71.565,23.839
2039,14,60,796.212,1160.985,25800.858,2,137,204.067,142.361,NA,3.409,0.011,90,18.435
2040,14,61,796.212,1160.985,26100.868,2,90,204.067,142.361,NA,0,0,0,-90
2041,14,62,796.212,1160.985,26400.878,2,229,204.067,142.361,NA,0,0,0,0
2042,14,63,797.727,1166.288,26700.888,2,170,209.583,147.757,NA,5.515,0.018,74.055,74.055
2043,14,64,797.727,1166.288,27000.898,2,153,209.583,147.757,NA,0,0,0,-74.055
2044,14,65,797.727,1169.318,27300.908,2,132,212.613,150.779,NA,3.03,0.01,90,90
2045,14,66,797.727,1169.318,27600.918,2,145,212.613,150.779,NA,0,0,0,-90
2046,14,67,797.727,1169.318,27900.928,2,155,212.613,150.779,NA,0,0,0,0
2047,14,68,800,1169.318,28200.938,2,139,214.886,150.962,NA,2.273,0.008,0,0
2048,14,69,800,1171.97,28500.948,2,217,217.537,153.604,NA,2.652,0.009,90,90
2049,14,70,800,1173.864,28800.958,2,130,219.431,155.49,NA,1.894,0.006,90,0
2050,14,71,800.758,1173.864,29100.968,2,99,220.189,155.557,NA,0.758,0.003,0,-90
2051,14,72,802.273,1178.03,29400.978,2,144,224.622,159.847,NA,4.434,0.015,70.017,70.017
2052,14,73,802.273,1182.955,29700.988,2,101,229.547,164.749,NA,4.924,0.016,90,19.983
2053,14,74,802.273,1182.955,30000.998,2,103,229.547,164.749,NA,0,0,0,-90
2054,14,75,800.758,1185.606,30301.008,2,149,232.601,167.255,NA,3.054,0.01,119.745,119.745
2055,14,76,793.939,1185.606,30601.018,2,91,239.419,166.822,NA,6.818,0.023,180,60.255
2056,14,77,789.773,1185.606,30901.028,2,95,243.585,166.694,NA,4.167,0.014,180,0
2057,14,78,785.606,1182.576,31201.038,2,117,248.737,163.64,NA,5.152,0.017,-143.973,36.027
2058,14,79,785.606,1182.576,31501.048,2,213,248.737,163.64,NA,0,0,0,143.973
2059,14,80,783.333,1184.848,31801.058,2,187,251.952,165.944,NA,3.214,0.011,135,135
2060,14,81,796.212,1187.879,32101.068,2,200,265.182,169.205,NA,13.23,0.044,13.241,-121.759
2061,14,82,796.97,1194.697,32401.078,2,224,272.042,176.055,NA,6.86,0.023,83.66,70.419
2062,14,83,801.515,1204.545,32701.088,2,239,282.889,186.193,NA,10.847,0.036,65.225,-18.435
2063,14,84,803.409,1210.985,33001.098,2,212,289.601,192.767,NA,6.712,0.022,73.61,8.386
2064,14,85,804.924,1214.394,33301.108,2,236,293.332,196.298,NA,3.731,0.012,66.038,-7.573
2065,14,86,803.788,1210.227,33601.118,2,249,297.651,192.046,NA,4.319,0.014,-105.255,-171.293
2066,14,87,805.682,1213.258,33901.128,2,255,301.224,195.239,NA,3.573,0.012,57.995,163.25
2067,14,88,805.682,1213.258,34201.138,2,232,301.224,195.239,NA,0,0,0,-57.995
2068,14,89,805.682,1207.197,34501.148,2,242,307.285,189.208,NA,6.061,0.02,-90,-90
2069,14,90,805.682,1207.197,34801.158,2,255,307.285,189.208,NA,0,0,0,90
2070,14,91,807.955,1203.788,35101.168,2,140,311.382,186.062,NA,4.097,0.014,-56.31,-56.31
2071,14,92,809.091,1215.152,35401.178,2,170,322.802,197.481,NA,11.42,0.038,84.289,140.599
2072,14,93,809.091,1219.697,35701.188,2,234,327.348,201.998,NA,4.545,0.015,90,5.711
2073,14,94,809.091,1219.697,36001.198,2,224,327.348,201.998,NA,0,0,0,-90
2074,14,95,814.015,1222.348,36301.207,2,143,332.94,205.229,NA,5.593,0.019,28.301,28.301
2075,14,96,807.576,1215.152,36601.217,2,255,342.598,197.315,NA,9.657,0.032,-131.82,-160.121
2076,14,97,805.682,1215.152,36901.227,2,146,344.492,197.124,NA,1.894,0.006,180,-48.18
2077,14,98,805.682,1221.591,37201.237,2,157,350.931,203.535,NA,6.439,0.021,90,-90
2078,14,99,813.258,1227.273,37501.247,2,228,360.401,210.014,NA,9.47,0.032,36.87,-53.13
2079,14,100,814.773,1228.03,37801.257,2,169,362.095,210.961,NA,1.694,0.006,26.565,-10.305
2080,14,101,814.773,1228.03,38101.267,2,149,362.095,210.961,NA,0,0,0,-26.565
2081,14,102,814.773,1240.152,38401.277,2,198,374.216,222.981,NA,12.121,0.04,90,90
2082,14,103,815.909,1247.727,38701.287,2,203,381.876,230.64,NA,7.661,0.026,81.469,-8.531
2083,14,104,815.909,1247.727,39001.297,2,180,381.876,230.64,NA,0,0,0,-81.469
2084,14,105,819.697,1255.682,39301.307,2,158,390.687,239.025,NA,8.81,0.029,64.537,64.537
2085,14,106,824.242,1271.591,39601.317,2,80,407.232,255.419,NA,16.546,0.055,74.055,9.518
2086,14,107,826.136,1278.03,39901.327,2,149,413.945,262.069,NA,6.712,0.022,73.61,-0.444
2087,14,108,832.197,1273.106,40201.337,2,142,421.754,258.199,NA,7.809,0.026,-39.094,-112.704
2088,14,109,832.197,1284.848,40501.347,2,168,433.496,269.766,NA,11.742,0.039,90,129.094
2089,14,110,832.197,1290.152,40801.357,2,102,438.799,274.995,NA,5.303,0.018,90,0
2090,14,111,840.53,1301.894,41101.367,2,132,453.198,288.022,NA,14.399,0.048,54.638,-35.362
2091,14,112,841.288,1322.348,41401.377,2,119,473.666,308.273,NA,20.469,0.068,87.879,33.241
2092,14,113,841.288,1331.818,41701.387,2,136,483.136,317.598,NA,9.47,0.032,90,2.121
2093,14,114,842.424,1340.909,42001.397,2,158,492.298,326.749,NA,9.162,0.031,82.875,-7.125
2094,14,115,844.318,1350.379,42301.407,2,135,501.955,336.403,NA,9.657,0.032,78.69,-4.185
2095,14,116,844.318,1353.409,42601.417,2,198,504.985,339.389,NA,3.03,0.01,90,11.31
2096,14,117,848.106,1359.47,42901.427,2,121,512.132,346.015,NA,7.147,0.024,57.995,-32.005
2097,14,118,856.439,1359.47,43201.437,2,213,520.466,347.59,NA,8.333,0.028,0,-57.995
2098,14,119,859.091,1369.318,43501.447,2,136,530.665,357.77,NA,10.199,0.034,74.932,74.932
2099,14,120,856.818,1371.591,43801.457,2,153,533.879,359.547,NA,3.214,0.011,135,60.068
2100,14,121,856.818,1376.136,44101.467,2,205,538.424,364.006,NA,4.545,0.015,90,-45
2101,14,122,856.818,1376.136,44401.477,2,123,538.424,364.006,NA,0,0,0,-90
2102,14,123,856.818,1376.136,44701.487,2,201,538.424,364.006,NA,0,0,0,0
2103,14,124,860.227,1386.364,45001.497,2,255,549.205,374.701,NA,10.78,0.036,71.565,71.565
2104,14,125,860.227,1386.364,45301.507,2,255,549.205,374.701,NA,0,0,0,-71.565
2105,14,126,862.5,1390.152,45601.517,2,252,553.622,378.864,NA,4.417,0.015,59.036,59.036
2106,14,127,861.742,1390.152,45901.527,2,240,554.38,378.713,NA,0.758,0.003,180,120.964
2107,14,128,862.879,1394.697,46201.537,2,255,559.065,383.393,NA,4.685,0.016,75.964,-104.036
2108,14,129,866.667,1394.697,46501.547,2,148,562.853,384.164,NA,3.788,0.013,0,-75.964
2109,14,130,867.803,1396.97,46801.557,2,138,565.394,386.624,NA,2.541,0.008,63.435,63.435
2110,14,131,867.803,1407.197,47101.567,2,116,575.621,396.629,NA,10.227,0.034,90,26.565
2111,14,132,862.5,1407.197,47401.577,2,235,580.924,395.58,NA,5.303,0.018,180,90
2112,14,133,862.121,1408.712,47701.587,2,245,582.486,396.995,NA,1.562,0.005,104.036,-75.964
2113,14,134,862.121,1408.712,48001.597,2,196,582.486,396.995,NA,0,0,0,-104.036
2114,14,135,862.121,1408.712,48301.607,2,189,582.486,396.995,NA,0,0,0,0
2115,14,136,857.197,1400.758,48601.617,2,142,591.842,388.264,NA,9.355,0.031,-121.759,-121.759
2116,14,137,852.652,1400.758,48901.627,2,145,596.387,387.465,NA,4.545,0.015,180,-58.241
2117,14,138,850,1399.621,49201.637,2,221,599.272,385.902,NA,2.885,0.01,-156.801,23.199
2118,14,139,850,1399.621,49501.647,2,238,599.272,385.902,NA,0,0,0,156.801
2119,14,140,850,1395.076,49801.657,2,255,603.817,381.419,NA,4.545,0.015,-90,-90
2120,14,141,860.227,1395.076,50101.667,2,226,614.044,383.247,NA,10.227,0.034,0,90
2121,14,142,860.985,1398.106,50401.677,2,125,617.168,386.367,NA,3.124,0.01,75.964,75.964
2122,14,143,857.955,1398.106,50701.686,2,250,620.198,385.796,NA,3.03,0.01,180,104.036
2123,14,144,860.227,1411.364,51001.696,2,203,633.649,399.245,NA,13.451,0.045,80.272,-99.728
2124,14,145,860.606,1412.879,51301.706,2,223,635.211,400.804,NA,1.562,0.005,75.964,-4.309
2125,14,146,859.47,1412.879,51601.716,2,86,636.347,400.596,NA,1.136,0.004,180,104.036
2126,14,147,848.864,1408.712,51901.726,2,203,647.743,394.692,NA,11.395,0.038,-158.552,21.448
2127,14,148,845.076,1406.818,52201.736,2,143,651.978,392.241,NA,4.235,0.014,-153.435,5.117
2128,14,149,846.591,1406.818,52501.746,2,228,653.493,392.469,NA,1.515,0.005,0,153.435
2129,14,150,846.591,1406.818,52801.756,2,185,653.493,392.469,NA,0,0,0,0
2130,14,151,846.591,1406.818,53101.766,2,197,653.493,392.469,NA,0,0,0,0
2131,14,152,857.955,1406.818,53401.776,2,241,664.856,394.362,NA,11.364,0.038,0,0
2132,14,153,861.364,1406.818,53701.786,2,124,668.265,394.991,NA,3.409,0.011,0,0
2133,14,154,861.364,1406.818,54001.796,2,74,668.265,394.991,NA,0,0,0,0
2134,14,155,861.364,1406.818,54301.806,2,171,668.265,394.991,NA,0,0,0,0
2135,14,156,863.258,1405.682,54601.816,2,93,670.474,394.239,NA,2.209,0.007,-30.964,-30.964
2136,14,157,863.258,1405.682,54901.826,2,181,670.474,394.239,NA,0,0,0,30.964
2137,14,158,863.258,1405.682,55201.836,2,244,670.474,394.239,NA,0,0,0,0
2138,14,159,863.258,1405.682,55501.846,2,160,670.474,394.239,NA,0,0,0,0
2139,14,160,860.227,1406.818,55801.856,2,76,673.711,394.778,NA,3.236,0.011,159.444,159.444
2140,14,161,858.333,1400.379,56101.866,2,126,680.423,388.1,NA,6.712,0.022,-106.39,94.167
2141,14,162,858.333,1393.561,56401.876,2,122,687.241,381.4,NA,6.818,0.023,-90,16.39
2142,14,163,859.091,1392.803,56701.886,2,94,688.312,380.8,NA,1.071,0.004,-45,45
2143,14,164,858.333,1392.045,57001.896,2,200,689.384,379.912,NA,1.071,0.004,-135,-90
2144,14,165,858.333,1392.424,57301.906,2,119,689.762,380.284,NA,0.379,0.001,90,-135
2145,14,166,873.106,1392.424,57601.916,2,144,704.535,383.34,NA,14.773,0.049,0,-90
2146,14,167,877.273,1392.424,57901.926,2,148,708.702,384.3,NA,4.167,0.014,0,0
2147,14,168,881.818,1392.424,58201.936,2,158,713.247,385.396,NA,4.545,0.015,0,0
2148,14,169,881.818,1392.424,58501.946,2,100,713.247,385.396,NA,0,0,0,0
2149,14,170,885.606,1396.97,58801.956,2,209,719.164,390.744,NA,5.917,0.02,50.194,50.194
2150,14,171,887.5,1399.621,59101.966,2,239,722.423,393.79,NA,3.258,0.011,54.462,4.268
2151,14,172,878.409,1404.545,59401.976,2,223,732.761,396.352,NA,10.339,0.034,151.557,97.095
2152,14,173,875.758,1406.818,59701.986,2,139,736.254,397.962,NA,3.492,0.012,139.399,-12.158
2153,14,174,868.561,1401.515,60001.996,2,183,745.193,391.227,NA,8.94,0.03,-143.616,76.986
2154,14,175,865.152,1399.242,60302.006,2,139,749.291,388.302,NA,4.097,0.014,-146.31,-2.694
2155,14,176,865.152,1393.561,60602.016,2,188,754.972,382.739,NA,5.682,0.019,-90,56.31
2156,14,177,865.152,1393.561,60902.026,2,135,754.972,382.739,NA,0,0,0,90
2157,14,178,865.152,1386.742,61202.036,2,143,761.791,376.068,NA,6.818,0.023,-90,-90
2158,14,179,870.833,1386.742,61502.046,2,160,767.472,377.293,NA,5.682,0.019,0,90
2159,14,180,865.909,1391.288,61802.056,2,196,774.174,380.671,NA,6.701,0.022,137.291,137.291
2160,14,181,865.909,1391.288,62102.066,2,151,774.174,380.671,NA,0,0,0,-137.291
2161,14,182,865.909,1391.288,62402.076,2,141,774.174,380.671,NA,0,0,0,0
2162,14,183,864.394,1402.652,62702.086,2,164,785.638,391.49,NA,11.464,0.038,97.595,97.595
2163,14,184,842.803,1411.364,63002.096,2,200,808.92,396.408,NA,23.282,0.078,158.025,60.431
2164,14,185,842.424,1411.364,63302.106,2,220,809.299,396.355,NA,0.379,0.001,180,21.975
2165,14,186,838.258,1415.909,63602.116,2,235,815.465,400.298,NA,6.166,0.021,132.51,-47.49
2166,14,187,822.727,1421.591,63902.126,2,236,832.003,404.256,NA,16.537,0.055,159.905,27.394
2167,14,188,822.727,1421.591,64202.136,2,219,832.003,404.256,NA,0,0,0,-159.905
2168,14,189,818.182,1423.106,64502.146,2,242,836.794,405.388,NA,4.791,0.016,161.565,161.565
2169,14,190,817.803,1423.106,64802.156,2,172,837.173,405.358,NA,0.379,0.001,180,18.435
2170,14,191,821.212,1423.485,65102.165,2,244,840.603,406.011,NA,3.43,0.011,6.34,-173.66
2171,14,192,814.015,1432.955,65402.175,2,206,852.497,414.912,NA,11.894,0.04,127.235,120.895
2172,14,193,812.5,1432.955,65702.185,2,255,854.012,414.816,NA,1.515,0.005,180,52.765
2173,14,194,812.5,1432.955,66002.195,2,250,854.012,414.816,NA,0,0,0,-180
2174,14,195,812.5,1432.955,66302.205,2,243,854.012,414.816,NA,0,0,0,0
2175,14,196,806.061,1443.939,66602.215,2,251,866.745,425.439,NA,12.733,0.042,120.379,120.379
2176,14,197,806.061,1443.939,66902.225,2,255,866.745,425.439,NA,0,0,0,-120.379
2177,14,198,806.061,1443.939,67202.235,2,255,866.745,425.439,NA,0,0,0,0
2178,14,199,799.242,1453.409,67502.245,2,238,878.414,434.649,NA,11.669,0.039,125.754,125.754
2179,14,200,794.697,1456.439,67802.255,2,136,883.877,437.572,NA,5.463,0.018,146.31,20.556
2180,14,201,787.5,1456.818,68102.265,2,112,891.084,437.879,NA,7.207,0.024,176.987,30.677
2181,14,202,787.5,1465.909,68402.275,2,78,900.175,446.97,NA,9.091,0.03,90,-86.987
2182,14,203,787.5,1476.136,68702.285,2,85,910.402,457.198,NA,10.227,0.034,90,0
2183,14,204,786.742,1484.47,69002.295,2,100,918.77,465.53,NA,8.368,0.028,95.194,5.194
2184,14,205,777.652,1495.076,69302.305,2,127,932.739,476.223,NA,13.969,0.047,130.601,35.407
2185,14,206,769.318,1495.833,69602.315,2,166,941.107,477.212,NA,8.368,0.028,174.806,44.204
2186,14,207,764.394,1487.5,69902.325,2,59,950.786,469.093,NA,9.679,0.032,-120.579,64.615
2187,14,208,759.091,1474.621,70202.335,2,70,964.714,456.52,NA,13.928,0.046,-112.38,8.199
2188,14,209,751.894,1463.636,70502.345,2,140,977.846,446.06,NA,13.133,0.044,-123.232,-10.852
2189,14,210,751.894,1463.636,70802.355,2,147,977.846,446.06,NA,0,0,0,123.232
2190,14,211,748.485,1442.424,71102.365,2,97,999.331,425.209,NA,21.484,0.072,-99.13,-99.13
2191,14,212,748.485,1430.682,71402.375,2,116,1011.073,413.516,NA,11.742,0.039,-90,9.13
2192,14,213,755.303,1424.242,71702.385,2,82,1020.451,406.521,NA,9.378,0.031,-43.363,46.637
2193,14,215,760.985,1432.576,72002.395,2,150,1030.537,414.438,NA,10.086,0.034,55.713,99.077
2194,15,1,507.828,920.96,5700.19,2,42,0,0,NA,NA,NA,NA,NA
2195,15,2,500.253,920.96,6000.2,2,111,7.576,7.576,NA,7.576,0.025,180,NA
2196,15,3,500.253,920.96,6300.21,2,107,7.576,7.576,NA,0,0,0,-180
2197,15,4,500.253,920.96,6600.22,2,69,7.576,7.576,NA,0,0,0,0
2198,15,5,503.283,927.525,6900.23,2,67,14.807,7.986,NA,7.231,0.024,65.225,65.225
2199,15,6,504.293,929.04,7200.24,2,127,16.628,8.82,NA,1.821,0.006,56.31,-8.915
2200,15,7,504.293,930.051,7500.249,2,92,17.638,9.754,NA,1.01,0.003,90,33.69
2201,15,8,504.293,930.051,7800.259,2,96,17.638,9.754,NA,0,0,0,-90
2202,15,9,504.293,932.071,8100.269,2,107,19.658,11.66,NA,2.02,0.007,90,90
2203,15,10,504.293,932.071,8400.279,2,110,19.658,11.66,NA,0,0,0,-90
2204,15,11,504.293,932.071,8700.289,2,138,19.658,11.66,NA,0,0,0,0
2205,15,12,505.303,933.081,9000.299,2,215,21.087,12.381,NA,1.428,0.005,45,45
2206,15,13,508.333,933.081,9300.309,2,114,24.117,12.132,NA,3.03,0.01,0,-45
2207,15,14,508.333,933.081,9600.319,2,125,24.117,12.132,NA,0,0,0,0
2208,15,15,508.333,938.131,9900.329,2,132,29.168,17.179,NA,5.051,0.017,90,90
2209,15,16,508.333,940.152,10200.339,2,97,31.188,19.199,NA,2.02,0.007,90,0
2210,15,17,508.333,940.152,10500.349,2,190,31.188,19.199,NA,0,0,0,-90
2211,15,18,508.333,940.152,10800.359,2,255,31.188,19.199,NA,0,0,0,0
2212,15,19,503.788,940.152,11100.369,2,255,35.733,19.613,NA,4.545,0.015,180,180
2213,15,20,499.747,938.636,11400.379,2,142,40.048,19.436,NA,4.315,0.014,-159.444,20.556
2214,15,21,499.747,938.636,11700.389,2,124,40.048,19.436,NA,0,0,0,159.444
2215,15,22,499.747,938.636,12000.399,2,110,40.048,19.436,NA,0,0,0,0
2216,15,23,499.747,938.636,12300.409,2,115,40.048,19.436,NA,0,0,0,0
2217,15,24,499.747,938.636,12600.419,2,84,40.048,19.436,NA,0,0,0,0
2218,15,25,499.747,938.131,12900.429,2,84,40.553,18.978,NA,0.505,0.002,-90,-90
2219,15,26,499.747,939.646,13200.439,2,183,42.069,20.359,NA,1.515,0.005,90,180
2220,15,27,499.747,944.697,13500.449,2,89,47.119,25.075,NA,5.051,0.017,90,0
2221,15,28,499.747,944.697,13800.459,2,102,47.119,25.075,NA,0,0,0,-90
2222,15,29,499.747,947.222,14100.469,2,118,49.644,27.478,NA,2.525,0.008,90,90
2223,15,30,499.747,953.788,14400.479,2,135,56.21,33.808,NA,6.566,0.022,90,0
2224,15,31,499.747,954.798,14700.489,2,255,57.22,34.79,NA,1.01,0.003,90,0
2225,15,32,499.747,961.869,15000.499,2,255,64.291,41.7,NA,7.071,0.024,90,0
2226,15,33,492.677,964.899,15300.509,2,241,71.984,46.478,NA,7.693,0.026,156.801,66.801
2227,15,34,483.081,965.404,15600.519,2,203,81.593,50.87,NA,9.609,0.032,176.987,20.186
2228,15,35,475.505,965.404,15900.529,2,181,89.169,54.955,NA,7.576,0.025,180,3.013
2229,15,36,475,965.404,16200.539,2,119,89.674,55.254,NA,0.505,0.002,180,0
2230,15,37,474.495,965.404,16500.549,2,112,90.179,55.556,NA,0.505,0.002,180,0
2231,15,38,472.475,972.475,16800.559,2,153,97.532,62.479,NA,7.354,0.025,105.945,-74.055
2232,15,39,464.899,972.475,17100.569,2,165,105.108,67.058,NA,7.576,0.025,180,74.055
2233,15,40,458.333,972.475,17400.579,2,153,111.674,71.439,NA,6.566,0.022,180,0
2234,15,41,456.313,972.475,17700.589,2,147,113.694,72.853,NA,2.02,0.007,180,0
2235,15,42,456.313,972.475,18000.599,2,236,113.694,72.853,NA,0,0,0,-180
2236,15,43,443.182,972.475,18300.609,2,155,126.825,82.662,NA,13.131,0.044,180,180
2237,15,44,443.182,977.02,18600.619,2,229,131.371,85.568,NA,4.545,0.015,90,-90
2238,15,45,437.121,977.02,18900.629,2,135,137.431,90.235,NA,6.061,0.02,180,90
2239,15,46,437.121,977.02,19200.639,2,114,137.431,90.235,NA,0,0,0,-180
2240,15,47,435.101,977.02,19500.649,2,144,139.451,91.826,NA,2.02,0.007,180,180
2241,15,48,435.101,977.02,19800.659,2,147,139.451,91.826,NA,0,0,0,-180
2242,15,49,428.03,977.02,20100.669,2,149,146.522,97.522,NA,7.071,0.024,180,180
2243,15,50,425.505,982.071,20400.679,2,91,152.169,102.526,NA,5.647,0.019,116.565,-63.435
2244,15,51,425.505,979.545,20700.689,2,117,154.694,101.042,NA,2.525,0.008,-90,153.435
2245,15,52,419.949,979.545,21000.699,2,104,160.25,105.617,NA,5.556,0.019,180,-90
2246,15,53,419.949,979.545,21300.709,2,224,160.25,105.617,NA,0,0,0,-180
2247,15,54,419.949,979.545,21600.719,2,115,160.25,105.617,NA,0,0,0,0
2248,15,55,419.949,986.616,21900.728,2,155,167.32,109.697,NA,7.071,0.024,90,90
2249,15,56,417.929,986.616,22200.738,2,225,169.341,111.322,NA,2.02,0.007,180,90
2250,15,57,417.929,986.616,22500.748,2,180,169.341,111.322,NA,0,0,0,-180
2251,15,58,422.98,983.081,22800.758,2,155,175.505,105.159,NA,6.165,0.021,-34.992,-34.992
2252,15,59,422.98,990.657,23100.768,2,114,183.081,109.804,NA,7.576,0.025,90,124.992
2253,15,60,413.384,991.667,23400.778,2,200,192.73,117.98,NA,9.649,0.032,173.991,83.991
2254,15,61,414.899,990.657,23700.788,2,245,194.551,116.162,NA,1.821,0.006,-33.69,152.319
2255,15,62,414.899,990.657,24000.798,2,199,194.551,116.162,NA,0,0,0,33.69
2256,15,63,414.899,990.657,24300.808,2,255,194.551,116.162,NA,0,0,0,0
2257,15,64,414.899,994.697,24600.818,2,243,198.592,118.63,NA,4.04,0.013,90,90
2258,15,65,414.899,1008.333,24900.828,2,96,212.228,127.554,NA,13.636,0.045,90,0
2259,15,66,411.869,1009.848,25200.838,2,255,215.616,130.803,NA,3.388,0.011,153.435,63.435
2260,15,67,411.869,1009.848,25500.848,2,170,215.616,130.803,NA,0,0,0,-153.435
2261,15,68,411.869,1017.424,25800.858,2,64,223.192,136.065,NA,7.576,0.025,90,90
2262,15,69,422.98,1021.465,26100.868,2,189,235.015,131.531,NA,11.823,0.039,19.983,-70.017
2263,15,70,429.545,1021.465,26400.878,2,178,241.58,127.395,NA,6.566,0.022,0,-19.983
2264,15,71,443.939,1025.379,26700.888,2,214,256.497,122.414,NA,14.917,0.05,15.213,15.213
2265,15,72,440.53,1037.121,27000.898,2,54,268.724,134.248,NA,12.227,0.041,106.189,90.977
2266,15,73,440.53,1052.273,27300.908,2,80,283.876,147.554,NA,15.152,0.051,90,-16.189
2267,15,74,439.394,1060.985,27600.918,2,113,292.662,155.854,NA,8.786,0.029,97.431,7.431
2268,15,75,427.273,1068.561,27900.928,2,69,306.956,168.152,NA,14.294,0.048,147.995,50.563
2269,15,76,427.273,1068.561,28200.938,2,126,306.956,168.152,NA,0,0,0,-147.995
2270,15,77,423.864,1073.485,28500.948,2,237,312.945,174.109,NA,5.989,0.02,124.695,124.695
2271,15,78,407.955,1077.273,28800.958,2,68,329.298,185.495,NA,16.354,0.055,166.608,41.912
2272,15,79,403.03,1086.364,29100.968,2,86,339.637,195.809,NA,10.339,0.034,118.443,-48.165
2273,15,80,400.758,1085.606,29400.978,2,235,342.033,196.399,NA,2.396,0.008,-161.565,79.992
2274,15,81,404.167,1076.894,29700.988,2,147,351.388,187.246,NA,9.355,0.031,-68.629,92.936
2275,15,82,428.788,1068.939,30000.998,2,111,377.263,167.766,NA,25.874,0.086,-17.904,50.725
2276,15,83,434.47,1066.667,30301.008,2,139,383.382,163.132,NA,6.12,0.02,-21.801,-3.897
2277,15,84,418.939,1081.061,30601.018,2,255,404.557,183.122,NA,21.175,0.071,137.175,158.976
2278,15,85,418.939,1079.167,30901.028,2,83,406.451,181.468,NA,1.894,0.006,-90,132.825
2279,15,86,418.939,1087.879,31201.038,2,167,415.163,189.112,NA,8.712,0.029,90,180
2280,15,87,415.53,1093.939,31501.048,2,136,422.117,196.064,NA,6.954,0.023,119.358,29.358
2281,15,88,407.955,1098.485,31801.058,2,199,430.952,203.691,NA,8.835,0.029,149.036,29.678
2282,15,89,405.303,1097.348,32101.068,2,133,433.836,204.021,NA,2.885,0.01,-156.801,54.162
2283,15,90,405.303,1097.348,32401.078,2,145,433.836,204.021,NA,0,0,0,156.801
2284,15,91,405.303,1097.348,32701.088,2,104,433.836,204.021,NA,0,0,0,0
2285,15,92,405.303,1108.333,33001.098,2,154,444.821,213.589,NA,10.985,0.037,90,90
2286,15,93,405.303,1108.333,33301.108,2,136,444.821,213.589,NA,0,0,0,-90
2287,15,94,405.303,1108.333,33601.118,2,229,444.821,213.589,NA,0,0,0,0
2288,15,95,416.288,1107.955,33901.128,2,116,455.813,208.199,NA,10.991,0.037,-1.975,-1.975
2289,15,96,416.288,1119.697,34201.138,2,128,467.555,218.806,NA,11.742,0.039,90,91.975
2290,15,97,402.273,1121.97,34501.148,2,223,481.753,227.04,NA,14.198,0.047,170.789,80.789
2291,15,98,389.394,1124.242,34801.158,2,173,494.831,235.267,NA,13.078,0.044,169.992,-0.797
2292,15,99,389.394,1128.03,35101.168,2,215,498.619,238.548,NA,3.788,0.013,90,-79.992
2293,15,100,389.394,1139.015,35401.178,2,193,509.604,248.143,NA,10.985,0.037,90,0
2294,15,101,382.576,1140.152,35701.188,2,201,516.516,252.455,NA,6.912,0.023,170.538,80.538
2295,15,102,382.576,1147.348,36001.198,2,152,523.713,258.728,NA,7.197,0.024,90,-80.538
2296,15,103,378.03,1147.348,36301.207,2,226,528.258,260.959,NA,4.545,0.015,180,90
2297,15,104,378.03,1155.682,36601.217,2,189,536.592,268.22,NA,8.333,0.028,90,-90
2298,15,105,378.03,1156.061,36901.227,2,154,536.97,268.552,NA,0.379,0.001,90,0
2299,15,106,379.167,1165.152,37201.237,2,120,546.132,276.014,NA,9.162,0.031,82.875,-7.125
2300,15,107,384.091,1178.788,37501.247,2,221,560.63,285.983,NA,14.498,0.048,70.145,-12.73
2301,15,108,384.091,1178.409,37801.257,2,198,561.009,285.642,NA,0.379,0.001,-90,-160.145
2302,15,109,385.606,1185.227,38101.267,2,206,567.994,291.163,NA,6.985,0.023,77.471,167.471
2303,15,110,388.636,1188.258,38401.277,2,212,572.279,292.669,NA,4.285,0.014,45,-32.471
2304,15,111,388.636,1197.727,38701.287,2,220,581.749,301.342,NA,9.47,0.032,90,45
2305,15,112,399.621,1209.091,39001.297,2,120,597.554,307.78,NA,15.805,0.053,45.971,-44.029
2306,15,113,406.439,1209.848,39301.307,2,170,604.414,306.164,NA,6.86,0.023,6.34,-39.631
2307,15,114,406.439,1209.848,39601.317,2,216,604.414,306.164,NA,0,0,0,-6.34
2308,15,115,407.576,1221.97,39901.327,2,160,616.588,317.266,NA,12.174,0.041,84.644,84.644
2309,15,116,416.288,1220.833,40201.337,2,255,625.374,313.535,NA,8.786,0.029,-7.431,-92.076
2310,15,117,416.288,1229.545,40501.347,2,199,634.086,321.877,NA,8.712,0.029,90,97.431
2311,15,118,416.288,1229.545,40801.357,2,174,634.086,321.877,NA,0,0,0,-90
2312,15,119,412.5,1232.955,41101.367,2,180,639.183,326.234,NA,5.096,0.017,138.013,138.013
2313,15,120,412.879,1236.742,41401.377,2,68,642.989,329.749,NA,3.807,0.013,84.289,-53.723
2314,15,121,417.045,1245.833,41701.387,2,141,652.99,337.32,NA,10,0.033,65.376,-18.913
2315,15,122,425.379,1248.106,42001.397,2,114,661.627,337.376,NA,8.638,0.029,15.255,-50.121
2316,15,123,430.682,1257.955,42301.407,2,140,672.813,345.713,NA,11.185,0.037,61.699,46.444
2317,15,124,430.682,1257.955,42601.417,2,130,672.813,345.713,NA,0,0,0,-61.699
2318,15,125,430.682,1264.773,42901.427,2,111,679.631,352.362,NA,6.818,0.023,90,90
2319,15,126,437.879,1274.242,43201.437,2,183,691.525,360.141,NA,11.894,0.04,52.765,-37.235
2320,15,127,437.879,1274.242,43501.447,2,252,691.525,360.141,NA,0,0,0,-52.765
2321,15,128,441.288,1274.242,43801.457,2,196,694.934,359.495,NA,3.409,0.011,0,0
2322,15,129,441.288,1283.333,44101.467,2,218,704.025,368.432,NA,9.091,0.03,90,90
2323,15,130,441.667,1292.045,44401.477,2,169,712.745,376.938,NA,8.72,0.029,87.51,-2.49
2324,15,131,437.5,1294.697,44701.487,2,227,717.684,380.297,NA,4.939,0.016,147.529,60.018
2325,15,132,437.5,1294.697,45001.497,2,242,717.684,380.297,NA,0,0,0,-147.529
2326,15,133,439.394,1305.682,45301.507,2,254,728.831,390.761,NA,11.147,0.037,80.218,80.218
2327,15,134,439.394,1305.682,45601.517,2,175,728.831,390.761,NA,0,0,0,-80.218
2328,15,135,429.545,1304.167,45901.527,2,168,738.796,391.121,NA,9.964,0.033,-171.254,-171.254
2329,15,136,429.545,1296.212,46201.537,2,250,746.75,383.331,NA,7.955,0.027,-90,81.254
2330,15,137,433.333,1296.212,46501.547,2,255,750.538,382.575,NA,3.788,0.013,0,90
2331,15,138,435.606,1300.758,46801.557,2,255,755.62,386.604,NA,5.082,0.017,63.435,63.435
2332,15,139,439.015,1301.515,47101.567,2,192,759.112,386.727,NA,3.492,0.012,12.529,-50.906
2333,15,140,439.015,1308.712,47401.577,2,255,766.309,393.811,NA,7.197,0.024,90,77.471
2334,15,141,439.015,1308.712,47701.587,2,217,766.309,393.811,NA,0,0,0,-90
2335,15,142,439.015,1315.909,48001.597,2,255,773.506,400.899,NA,7.197,0.024,90,90
2336,15,143,439.015,1318.182,48301.607,2,255,775.779,403.139,NA,2.273,0.008,90,0
2337,15,144,438.636,1319.697,48601.617,2,255,777.341,404.696,NA,1.562,0.005,104.036,14.036
2338,15,145,440.53,1324.621,48901.627,2,255,782.617,409.233,NA,5.276,0.018,68.962,-35.074
2339,15,146,440.53,1324.242,49201.637,2,255,782.995,408.859,NA,0.379,0.001,-90,-158.962
2340,15,147,440.53,1324.242,49501.647,2,172,782.995,408.859,NA,0,0,0,90
2341,15,148,435.985,1331.818,49801.657,2,206,791.83,417.093,NA,8.835,0.029,120.964,120.964
2342,15,149,435.985,1336.364,50101.667,2,183,796.376,421.571,NA,4.545,0.015,90,-30.964
2343,15,150,428.788,1341.667,50401.677,2,210,805.315,428.068,NA,8.94,0.03,143.616,53.616
2344,15,151,428.409,1346.97,50701.686,2,154,810.632,433.35,NA,5.317,0.018,94.086,-49.53
2345,15,152,425.758,1342.803,51001.696,2,203,815.571,429.753,NA,4.939,0.016,-122.471,143.443
2346,15,153,425.758,1342.803,51301.706,2,255,815.571,429.753,NA,0,0,0,122.471
2347,15,154,425.758,1351.894,51601.716,2,255,824.661,438.68,NA,9.091,0.03,90,90
2348,15,155,416.288,1351.894,51901.726,2,246,834.131,440.55,NA,9.47,0.032,180,90
2349,15,156,407.955,1351.894,52201.736,2,228,842.465,442.356,NA,8.333,0.028,180,0
2350,15,157,404.545,1359.091,52501.746,2,129,850.428,450.14,NA,7.964,0.027,115.346,-64.654
2351,15,158,404.545,1359.091,52801.756,2,162,850.428,450.14,NA,0,0,0,-115.346
2352,15,159,393.561,1359.091,53101.766,2,164,861.413,452.787,NA,10.985,0.037,180,180
2353,15,160,382.197,1358.712,53401.776,2,179,872.783,455.423,NA,11.37,0.038,-178.091,1.909
2354,15,161,371.97,1343.939,53701.786,2,216,890.75,444.263,NA,17.967,0.06,-124.695,53.396
2355,15,162,360.985,1343.939,54001.796,2,49,901.735,447.744,NA,10.985,0.037,180,-55.305
2356,15,163,344.318,1347.727,54301.806,2,154,918.827,457.019,NA,17.092,0.057,167.196,-12.804
2357,15,164,335.227,1351.894,54601.816,2,129,928.827,464.215,NA,10,0.033,155.376,-11.819
2358,15,165,327.652,1353.03,54901.826,2,122,936.488,468.133,NA,7.661,0.026,171.469,16.093
2359,15,166,322.727,1360.985,55201.836,2,176,945.843,477.373,NA,9.355,0.031,121.759,-49.71
2360,15,167,312.5,1383.333,55501.846,2,173,970.421,501.939,NA,24.577,0.082,114.59,-7.169
2361,15,168,312.5,1392.045,55801.856,2,115,979.133,509.976,NA,8.712,0.029,90,-24.59
2362,15,169,306.818,1392.045,56101.866,2,144,984.814,512.179,NA,5.682,0.019,180,90
2363,15,170,303.788,1393.939,56401.876,2,149,988.388,515.114,NA,3.573,0.012,147.995,-32.005
2364,15,171,303.788,1393.939,56701.886,2,104,988.388,515.114,NA,0,0,0,-147.995
2365,15,172,303.788,1393.939,57001.896,2,117,988.388,515.114,NA,0,0,0,0
2366,15,173,303.788,1393.939,57301.906,2,123,988.388,515.114,NA,0,0,0,0
2367,15,174,295.076,1389.773,57601.916,2,114,998.045,514.829,NA,9.657,0.032,-154.44,-154.44
2368,15,175,292.803,1386.742,57901.926,2,88,1001.833,513.02,NA,3.788,0.013,-126.87,27.57
2369,15,176,292.803,1386.364,58201.936,2,95,1002.212,512.676,NA,0.379,0.001,-90,36.87
2370,15,177,295.833,1381.061,58501.946,2,75,1008.32,506.591,NA,6.108,0.02,-60.255,29.745
2371,15,178,295.833,1381.061,58801.956,2,53,1008.32,506.591,NA,0,0,0,60.255
2372,15,179,295.833,1381.061,59101.966,2,33,1008.32,506.591,NA,0,0,0,0
2373,15,180,296.591,1382.576,59401.976,2,65,1010.014,507.652,NA,1.694,0.006,63.435,63.435
2374,15,181,291.288,1381.818,59701.986,2,113,1015.37,509.196,NA,5.357,0.018,-171.87,124.695
2375,15,182,289.394,1376.894,60001.996,2,201,1020.646,505.559,NA,5.276,0.018,-111.038,60.832
2376,15,183,287.121,1368.182,60302.006,2,129,1029.65,498.718,NA,9.004,0.03,-104.621,6.417
2377,15,184,287.121,1368.182,60602.016,2,75,1029.65,498.718,NA,0,0,0,104.621
2378,15,185,287.121,1379.167,60902.026,2,152,1040.635,508.592,NA,10.985,0.037,90,90
2379,15,186,295.455,1377.273,61202.036,2,68,1049.181,503.313,NA,8.546,0.028,-12.804,-102.804
2380,15,187,300,1392.045,61502.046,2,64,1064.637,514.893,NA,15.456,0.052,72.897,85.702
2381,15,188,295.076,1410.606,61802.056,2,130,1083.84,533.87,NA,19.203,0.064,104.859,31.961
2382,15,189,292.424,1420.833,62102.066,2,126,1094.405,544.309,NA,10.565,0.035,104.534,-0.324
2383,15,190,287.121,1430.682,62402.076,2,76,1105.591,555.453,NA,11.185,0.037,118.301,13.766
2384,15,191,282.955,1435.227,62702.086,2,97,1111.757,561.284,NA,6.166,0.021,132.51,14.21
2385,15,192,283.712,1446.591,63002.096,2,140,1123.146,571.416,NA,11.389,0.038,86.186,-46.325
2386,15,193,300.758,1452.652,63302.106,2,125,1141.236,570.591,NA,18.091,0.06,19.573,-66.613
2387,15,194,307.955,1455.303,63602.116,2,109,1148.906,570.502,NA,7.67,0.026,20.225,0.652
2388,15,195,306.061,1467.045,63902.126,2,176,1160.801,582.168,NA,11.894,0.04,99.162,78.937
2389,15,196,292.045,1485.985,64202.136,2,75,1184.362,604.827,NA,23.561,0.079,126.501,27.339
2390,16,1,982.071,944.697,28500.948,2,121,0,0,NA,NA,NA,NA,NA
2391,16,2,984.091,944.697,28800.958,2,72,2.02,2.02,NA,2.02,0.007,0,NA
2392,16,3,984.091,950.253,29100.968,2,130,7.576,5.911,NA,5.556,0.019,90,90
2393,16,4,984.091,953.283,29400.978,2,106,10.606,8.82,NA,3.03,0.01,90,0
2394,16,5,993.687,953.283,29700.988,2,45,20.202,14.445,NA,9.596,0.032,0,-90
2395,16,6,1010.859,953.283,30000.998,2,153,37.374,30.041,NA,17.172,0.057,0,0
2396,16,7,1011.364,961.869,30301.008,2,157,45.974,33.955,NA,8.601,0.029,86.634,86.634
2397,16,8,1011.364,961.869,30601.018,2,69,45.974,33.955,NA,0,0,0,-86.634
2398,16,9,1029.04,980.556,30901.028,2,218,71.697,59.093,NA,25.723,0.086,46.591,46.591
2399,16,10,1044.697,990.152,31201.038,2,244,90.061,77.383,NA,18.363,0.061,31.504,-15.087
2400,16,11,1051.768,992.677,31501.048,2,164,97.569,84.615,NA,7.508,0.025,19.654,-11.85
2401,16,12,1061.869,993.182,31801.058,2,215,107.682,93.373,NA,10.114,0.034,2.862,-16.791
2402,16,13,1071.465,993.182,32101.068,2,252,117.278,101.696,NA,9.596,0.032,0,-2.862
2403,16,14,1086.111,993.182,32401.078,2,255,131.925,114.783,NA,14.646,0.049,0,0
2404,16,15,1088.131,994.697,32701.088,2,169,134.45,117.255,NA,2.525,0.008,36.87,36.87
2405,16,16,1103.283,1006.818,33001.098,2,225,153.853,136.204,NA,19.403,0.065,38.66,1.79
2406,16,17,1113.258,1017.045,33301.108,2,255,168.14,149.814,NA,14.286,0.048,45.716,7.056
2407,16,18,1119.697,1016.667,33601.118,2,255,174.59,155.308,NA,6.451,0.022,-3.366,-49.083
2408,16,19,1119.697,1012.5,33901.128,2,229,178.757,153.422,NA,4.167,0.014,-90,-86.634
2409,16,20,1123.485,1009.848,34201.138,2,230,183.38,155.701,NA,4.624,0.015,-34.992,55.008
2410,16,21,1123.485,1009.848,34501.148,2,233,183.38,155.701,NA,0,0,0,34.992
2411,16,22,1117.424,1009.47,34801.158,2,246,189.453,150.054,NA,6.072,0.02,-176.424,-176.424
2412,16,23,1125.758,1006.818,35101.168,2,229,198.198,156.541,NA,8.745,0.029,-17.65,158.774
2413,16,24,1135.227,1006.818,35401.178,2,249,207.668,165.275,NA,9.47,0.032,0,17.65
2414,16,25,1141.667,1006.818,35701.188,2,199,214.107,171.26,NA,6.439,0.021,0,0
2415,16,26,1149.621,1007.955,36001.198,2,248,222.142,179.094,NA,8.035,0.027,8.13,8.13
2416,16,27,1166.667,1013.258,36301.207,2,216,239.994,196.917,NA,17.851,0.06,17.281,9.151
2417,16,28,1179.924,1014.773,36601.217,2,93,253.337,209.897,NA,13.344,0.044,6.52,-10.762
2418,16,29,1183.333,1022.727,36901.227,2,152,261.992,215.86,NA,8.654,0.029,66.801,60.282
2419,16,30,1183.333,1022.727,37201.237,2,252,261.992,215.86,NA,0,0,0,-66.801
2420,16,31,1189.773,1029.545,37501.247,2,255,271.37,224.364,NA,9.378,0.031,46.637,46.637
2421,16,32,1194.318,1034.848,37801.257,2,255,278.355,230.6,NA,6.985,0.023,49.399,2.762
2422,16,33,1218.182,1034.091,38101.267,2,226,302.23,252.467,NA,23.876,0.08,-1.818,-51.217
2423,16,34,1224.242,1029.545,38401.277,2,255,309.806,256.606,NA,7.576,0.025,-36.87,-35.052
2424,16,35,1229.924,1029.545,38701.287,2,212,315.488,261.975,NA,5.682,0.019,0,36.87
2425,16,36,1248.485,1029.545,39001.297,2,230,334.048,279.599,NA,18.561,0.062,0,0
2426,16,37,1262.121,1029.545,39301.307,2,255,347.685,292.622,NA,13.636,0.045,0,0
2427,16,38,1262.121,1029.545,39601.317,2,255,347.685,292.622,NA,0,0,0,0
2428,16,39,1262.121,1029.545,39901.327,2,255,347.685,292.622,NA,0,0,0,0
2429,16,40,1270.455,1028.788,40201.337,2,255,356.052,300.394,NA,8.368,0.028,-5.194,-5.194
2430,16,41,1283.333,1026.515,40501.347,2,255,369.13,312.175,NA,13.078,0.044,-10.008,-4.814
2431,16,42,1283.333,1026.515,40801.357,2,225,369.13,312.175,NA,0,0,0,10.008
2432,16,43,1292.045,1022.348,41101.367,2,255,378.788,319.553,NA,9.657,0.032,-25.56,-25.56
2433,16,44,1295.076,1022.348,41401.377,2,202,381.818,322.493,NA,3.03,0.01,0,25.56
2434,16,45,1295.076,1014.015,41701.387,2,255,390.151,320.589,NA,8.333,0.028,-90,-90
2435,16,46,1301.136,1014.015,42001.397,2,205,396.212,326.509,NA,6.061,0.02,0,90
2436,16,47,1310.606,1043.561,42301.407,2,240,427.238,343.088,NA,31.026,0.103,72.229,72.229
2437,16,48,1312.121,1055.682,42601.417,2,238,439.453,348.211,NA,12.216,0.041,82.875,10.646
2438,16,49,1311.364,1055.303,42901.427,2,207,440.3,347.372,NA,0.847,0.003,-153.435,123.69
2439,16,50,1311.364,1055.303,43201.437,2,255,440.3,347.372,NA,0,0,0,153.435
2440,16,51,1314.394,1055.303,43501.447,2,255,443.331,350.246,NA,3.03,0.01,0,0
2441,16,52,1319.318,1055.303,43801.457,2,255,448.255,354.922,NA,4.924,0.016,0,0
2442,16,53,1325,1055.303,44101.467,2,254,453.937,360.325,NA,5.682,0.019,0,0
2443,16,54,1325.758,1051.136,44401.477,2,255,458.172,359.792,NA,4.235,0.014,-79.695,-79.695
2444,16,55,1328.409,1050,44701.487,2,255,461.056,361.993,NA,2.885,0.01,-23.199,56.497
2445,16,56,1328.409,1046.591,45001.497,2,255,464.465,361.016,NA,3.409,0.011,-90,-66.801
2446,16,57,1332.576,1045.833,45301.507,2,234,468.7,364.805,NA,4.235,0.014,-10.305,79.695
2447,16,58,1340.152,1046.591,45601.517,2,255,476.314,372.296,NA,7.614,0.025,5.711,16.015
2448,16,59,1351.894,1051.136,45901.527,2,255,488.905,384.836,NA,12.591,0.042,21.161,15.451
2449,16,60,1355.682,1053.788,46201.537,2,254,493.529,389.212,NA,4.624,0.015,34.992,13.831
2450,16,61,1363.258,1053.409,46501.547,2,216,501.114,396.386,NA,7.585,0.025,-2.862,-37.854
2451,16,62,1379.545,1053.409,46801.557,2,222,517.402,412.073,NA,16.288,0.054,0,2.862
2452,16,63,1392.424,1053.409,47101.567,2,118,530.281,424.51,NA,12.879,0.043,0,0
2453,16,64,1395.455,1052.652,47401.577,2,227,533.405,427.247,NA,3.124,0.01,-14.036,-14.036
2454,16,65,1397.348,1052.652,47701.587,2,192,535.299,429.08,NA,1.894,0.006,0,14.036
2455,16,66,1404.167,1052.652,48001.597,2,203,542.117,435.682,NA,6.818,0.023,0,0
2456,16,67,1412.5,1052.652,48301.607,2,255,550.45,443.761,NA,8.333,0.028,0,0
2457,16,68,1420.455,1058.333,48601.617,2,223,560.225,452.873,NA,9.775,0.033,35.538,35.538
2458,16,69,1420.455,1058.333,48901.627,2,227,560.225,452.873,NA,0,0,0,-35.538
2459,16,70,1425,1058.333,49201.637,2,230,564.771,457.274,NA,4.545,0.015,0,0
2460,16,71,1422.348,1062.121,49501.647,2,233,569.395,455.668,NA,4.624,0.015,124.992,124.992
2461,16,72,1422.348,1062.121,49801.657,2,166,569.395,455.668,NA,0,0,0,-124.992
2462,16,73,1422.348,1062.121,50101.667,2,187,569.395,455.668,NA,0,0,0,0
2463,16,74,1420.833,1068.561,50401.677,2,213,576.01,455.911,NA,6.615,0.022,103.241,103.241
2464,16,75,1420.833,1068.561,50701.686,2,234,576.01,455.911,NA,0,0,0,-103.241
2465,16,76,1420.833,1077.273,51001.696,2,221,584.722,458.355,NA,8.712,0.029,90,90
2466,16,77,1420.833,1077.273,51301.706,2,226,584.722,458.355,NA,0,0,0,-90
2467,16,78,1416.667,1077.652,51601.716,2,255,588.906,454.478,NA,4.184,0.014,174.806,174.806
2468,16,79,1416.667,1077.652,51901.726,2,255,588.906,454.478,NA,0,0,0,-174.806
2469,16,80,1421.97,1079.924,52201.736,2,234,594.675,460.215,NA,5.77,0.019,23.199,23.199
2470,16,81,1423.106,1091.667,52501.746,2,252,606.473,464.879,NA,11.797,0.039,84.472,61.274
2471,16,82,1428.788,1094.697,52801.756,2,193,612.912,471.228,NA,6.439,0.021,28.072,-56.4
2472,16,83,1439.015,1100.379,53101.766,2,187,624.612,482.737,NA,11.7,0.039,29.055,0.982
2473,16,84,1439.015,1115.152,53401.776,2,237,639.384,487.702,NA,14.773,0.049,90,60.945
2474,16,85,1440.152,1131.061,53701.786,2,202,655.334,494.54,NA,15.95,0.053,85.914,-4.086
2475,16,86,1441.288,1156.818,54001.796,2,225,681.117,505.842,NA,25.783,0.086,87.474,1.559
2476,16,87,1448.485,1168.939,54301.806,2,205,695.213,517.52,NA,14.097,0.047,59.3,-28.174
2477,16,88,1456.818,1179.545,54601.816,2,248,708.702,529.659,NA,13.488,0.045,51.843,-7.458
2478,16,89,1468.561,1183.333,54901.826,2,181,721.04,541.867,NA,12.338,0.041,17.879,-33.964
2479,16,90,1479.545,1192.424,55201.836,2,211,735.299,555.743,NA,14.259,0.048,39.611,21.732
2480,16,91,1477.652,1194.697,55501.846,2,180,738.257,555.068,NA,2.958,0.01,129.806,90.195
2481,16,92,1481.439,1202.273,55801.856,2,160,746.727,561.885,NA,8.47,0.028,63.435,-66.371
2482,16,93,1488.636,1207.576,56101.866,2,96,755.667,570.714,NA,8.94,0.03,36.384,-27.051
2483,16,94,1481.439,1210.227,56401.876,2,148,763.337,565.575,NA,7.67,0.026,159.775,123.391
2484,16,95,1481.061,1209.848,56701.886,2,202,763.872,565.063,NA,0.536,0.002,-135,65.225
2485,16,96,1482.955,1212.879,57001.896,2,192,767.446,568.16,NA,3.573,0.012,57.995,-167.005
2486,16,97,1488.636,1220.833,57301.906,2,65,777.221,576.94,NA,9.775,0.033,54.462,-3.532
2487,16,98,1483.333,1223.106,57601.916,2,185,782.991,573.39,NA,5.77,0.019,156.801,102.339
2488,16,99,1487.879,1228.03,57901.926,2,142,789.692,579.758,NA,6.701,0.022,47.291,-109.511
2489,16,100,1487.879,1228.409,58201.936,2,173,790.071,579.943,NA,0.379,0.001,90,42.709
2490,16,101,1490.909,1231.818,58501.946,2,116,794.632,584.256,NA,4.561,0.015,48.366,-41.634
2491,16,102,1492.045,1231.818,58801.956,2,111,795.768,585.246,NA,1.136,0.004,0,-48.366
2492,16,103,1492.045,1231.818,59101.966,2,137,795.768,585.246,NA,0,0,0,0
2493,16,104,1492.045,1231.818,59401.976,2,245,795.768,585.246,NA,0,0,0,0
2494,16,105,1492.045,1231.818,59701.986,2,152,795.768,585.246,NA,0,0,0,0
2495,16,106,1492.803,1233.712,60001.996,2,155,797.808,586.837,NA,2.04,0.007,68.199,68.199
2496,16,107,1498.106,1238.636,60302.006,2,66,805.045,593.879,NA,7.237,0.024,42.879,-25.32
2497,16,108,1503.788,1244.318,60602.016,2,136,813.08,601.633,NA,8.035,0.027,45,2.121
2498,16,109,1503.788,1244.318,60902.026,2,105,813.08,601.633,NA,0,0,0,-45
2499,16,110,1503.788,1246.591,61202.036,2,77,815.353,602.768,NA,2.273,0.008,90,90
2500,16,111,1503.788,1246.97,61502.046,2,84,815.732,602.957,NA,0.379,0.001,90,0
2501,16,112,1509.848,1256.818,61802.056,2,149,827.296,613.163,NA,11.564,0.039,58.392,-31.608
2502,16,113,1512.121,1258.333,62102.066,2,191,830.027,615.891,NA,2.731,0.009,33.69,-24.702
2503,16,114,1512.121,1258.333,62402.076,2,207,830.027,615.891,NA,0,0,0,-33.69
2504,16,115,1512.121,1258.333,62702.086,2,121,830.027,615.891,NA,0,0,0,0
2505,16,116,1514.015,1264.394,63002.096,2,123,836.377,620.621,NA,6.35,0.021,72.646,72.646
2506,16,117,1518.561,1268.182,63302.106,2,128,842.294,626.469,NA,5.917,0.02,39.806,-32.84
2507,16,118,1519.697,1271.97,63602.116,2,115,846.248,629.404,NA,3.955,0.013,73.301,33.495
2508,16,119,1521.212,1283.712,63902.126,2,44,858.088,636.871,NA,11.84,0.039,82.648,9.347
2509,16,120,1524.621,1284.091,64202.136,2,40,861.518,639.96,NA,3.43,0.011,6.34,-76.307
2510,16,121,1533.712,1290.909,64502.146,2,25,872.882,651.284,NA,11.364,0.038,36.87,30.53
2511,17,1,732.576,1039.646,21600.719,2,27,0,0,NA,NA,NA,NA,NA
2512,17,2,736.616,1046.212,21900.728,2,32,7.709,7.709,NA,7.709,0.026,58.392,NA
2513,17,3,737.121,1050.253,22200.738,2,36,11.781,11.539,NA,4.072,0.014,82.875,24.482
2514,17,4,748.737,1050.253,22500.748,2,69,23.397,19.331,NA,11.616,0.039,0,-82.875
2515,17,5,764.899,1052.273,22800.758,2,23,39.685,34.702,NA,16.287,0.054,7.125,7.125
2516,17,6,764.899,1064.899,23100.768,2,83,52.311,41.018,NA,12.626,0.042,90,82.875
2517,17,7,764.899,1064.899,23400.778,2,106,52.311,41.018,NA,0,0,0,-90
2518,17,8,764.899,1064.899,23700.788,2,111,52.311,41.018,NA,0,0,0,0
2519,17,9,782.071,1065.909,24000.798,2,107,69.512,56.031,NA,17.201,0.057,3.366,3.366
2520,17,10,795.202,1065.909,24300.808,2,98,82.644,67.91,NA,13.131,0.044,0,-3.366
2521,17,11,794.697,1077.02,24600.818,2,105,93.766,72.497,NA,11.123,0.037,92.603,92.603
2522,17,12,794.697,1077.02,24900.828,2,174,93.766,72.497,NA,0,0,0,-92.603
2523,17,13,800.758,1082.576,25200.838,2,248,101.988,80.571,NA,8.222,0.027,42.51,42.51
2524,17,14,813.889,1085.101,25500.848,2,101,115.36,93.155,NA,13.372,0.045,10.886,-31.625
2525,17,15,818.434,1092.677,25800.858,2,113,124.195,100.915,NA,8.835,0.029,59.036,48.151
2526,17,16,827.525,1102.273,26100.868,2,58,137.413,113.743,NA,13.218,0.044,46.548,-12.488
2527,17,17,832.576,1107.323,26400.878,2,60,144.555,120.748,NA,7.142,0.024,45,-1.548
2528,17,18,832.576,1109.848,26700.888,2,172,147.081,122.182,NA,2.525,0.008,90,45
2529,17,19,840.152,1114.899,27000.898,2,127,156.186,131.284,NA,9.105,0.03,33.69,-56.31
2530,17,20,840.152,1114.899,27300.908,2,147,156.186,131.284,NA,0,0,0,-33.69
2531,17,21,850.758,1114.899,27600.918,2,123,166.792,140.107,NA,10.606,0.035,0,0
2532,17,22,869.949,1114.899,27900.928,2,184,185.984,156.635,NA,19.192,0.064,0,0
2533,17,23,881.566,1121.97,28200.938,2,187,199.583,170.221,NA,13.599,0.045,31.329,31.329
2534,17,24,892.677,1130.051,28500.948,2,145,213.321,183.862,NA,13.739,0.046,36.027,4.699
2535,17,25,906.313,1130.051,28800.958,2,136,226.958,195.851,NA,13.636,0.045,0,-36.027
2536,17,26,906.313,1131.566,29100.968,2,73,228.473,196.555,NA,1.515,0.005,90,90
2537,17,27,906.313,1136.111,29400.978,2,187,233.018,198.721,NA,4.545,0.015,90,0
2538,17,28,908.333,1140.657,29700.988,2,186,237.993,202.716,NA,4.974,0.017,66.038,-23.962
2539,17,29,908.333,1140.657,30000.998,2,81,237.993,202.716,NA,0,0,0,-66.038
2540,17,30,915.404,1138.636,30301.008,2,136,245.346,207.907,NA,7.354,0.025,-15.945,-15.945
2541,17,31,927.02,1140.657,30601.018,2,192,257.137,219.116,NA,11.791,0.039,9.866,25.811
2542,17,32,935.606,1144.192,30901.028,2,65,266.422,228.366,NA,9.285,0.031,22.38,12.514
2543,17,33,939.646,1144.192,31201.038,2,150,270.462,231.966,NA,4.04,0.013,0,-22.38
2544,17,34,933.081,1155.808,31501.048,2,247,283.806,231.724,NA,13.343,0.044,119.476,119.476
2545,17,35,935.606,1155.303,31801.058,2,175,286.381,233.662,NA,2.575,0.009,-11.31,-130.786
2546,17,36,937.121,1155.303,32101.068,2,177,287.896,234.979,NA,1.515,0.005,0,11.31
2547,17,37,937.121,1165.909,32401.078,2,156,298.502,240.377,NA,10.606,0.035,90,90
2548,17,38,939.141,1165.909,32701.088,2,139,300.522,242.098,NA,2.02,0.007,0,-90
2549,17,39,943.182,1165.404,33001.098,2,170,304.594,245.295,NA,4.072,0.014,-7.125,-7.125
2550,17,40,946.717,1179.545,33301.108,2,189,319.171,255.79,NA,14.577,0.049,75.964,83.089
2551,17,41,956.313,1188.636,33601.118,2,145,332.389,268.806,NA,13.218,0.044,43.452,-32.512
2552,17,42,965.909,1200.253,33901.128,2,207,347.456,283.264,NA,15.067,0.05,50.44,6.988
2553,17,43,965.909,1200.253,34201.138,2,124,347.456,283.264,NA,0,0,0,-50.44
2554,17,44,969.949,1203.283,34501.148,2,185,352.507,288.311,NA,5.051,0.017,36.87,36.87
2555,17,45,980.556,1209.848,34801.158,2,201,364.981,300.77,NA,12.474,0.042,31.759,-5.11
2556,17,46,993.687,1209.848,35101.168,2,76,378.112,311.685,NA,13.131,0.044,0,-31.759
2557,17,47,993.182,1209.848,35401.178,2,142,378.617,311.262,NA,0.505,0.002,180,180
2558,17,48,1005.303,1209.848,35701.188,2,183,390.738,321.479,NA,12.121,0.04,0,-180
2559,17,49,1005.808,1209.848,36001.198,2,212,391.243,321.908,NA,0.505,0.002,0,0
2560,17,50,1007.828,1212.374,36301.207,2,128,394.477,324.959,NA,3.234,0.011,51.34,51.34
2561,17,51,1011.869,1213.384,36601.217,2,95,398.642,328.921,NA,4.165,0.014,14.036,-37.304
2562,17,52,1024.495,1213.889,36901.227,2,130,411.278,339.967,NA,12.636,0.042,2.291,-11.746
2563,17,53,1030.556,1209.848,37201.237,2,96,418.562,343.163,NA,7.284,0.024,-33.69,-35.981
2564,17,54,1036.616,1203.788,37501.247,2,146,427.133,345.518,NA,8.571,0.029,-45,-11.31
2565,17,55,1040.152,1203.788,37801.257,2,189,430.669,348.633,NA,3.535,0.012,0,45
2566,17,56,1044.192,1203.283,38101.267,2,137,434.74,351.968,NA,4.072,0.014,-7.125,-7.125
2567,17,57,1057.323,1199.242,38401.277,2,139,448.479,361.845,NA,13.739,0.046,-17.103,-9.978
2568,17,58,1068.434,1197.222,38701.287,2,167,459.773,370.987,NA,11.293,0.038,-10.305,6.798
2569,17,59,1073.99,1186.111,39001.297,2,128,472.195,371.504,NA,12.423,0.041,-63.435,-53.13
2570,17,60,1078.03,1183.081,39301.307,2,138,477.246,374.048,NA,5.051,0.017,-36.87,26.565
2571,17,61,1075.505,1178.03,39601.317,2,151,482.892,369.798,NA,5.647,0.019,-116.565,-79.695
2572,17,62,1073.485,1169.949,39901.327,2,122,491.222,364.963,NA,8.33,0.028,-104.036,12.529
2573,17,63,1073.485,1163.384,40201.337,2,121,497.787,362.671,NA,6.566,0.022,-90,14.036
2574,17,64,1073.485,1163.384,40501.347,2,166,497.787,362.671,NA,0,0,0,90
2575,17,65,1073.485,1163.384,40801.357,2,238,497.787,362.671,NA,0,0,0,0
2576,17,66,1073.485,1163.384,41101.367,2,208,497.787,362.671,NA,0,0,0,0
2577,17,67,1073.485,1163.384,41401.377,2,167,497.787,362.671,NA,0,0,0,0
2578,17,68,1073.485,1163.384,41701.387,2,148,497.787,362.671,NA,0,0,0,0
2579,17,69,1090.152,1175.505,42001.397,2,190,518.396,382.515,NA,20.608,0.069,36.027,36.027
2580,17,70,1101.768,1178.03,42301.407,2,202,530.283,394.275,NA,11.887,0.04,12.265,-23.763
2581,17,71,1101.768,1178.03,42601.417,2,187,530.283,394.275,NA,0,0,0,-12.265
2582,17,72,1110.859,1184.091,42901.427,2,135,541.209,404.922,NA,10.926,0.036,33.69,33.69
2583,17,73,1123.485,1192.172,43201.437,2,112,556.2,419.612,NA,14.991,0.05,32.619,-1.071
2584,17,74,1123.485,1192.172,43501.447,2,155,556.2,419.612,NA,0,0,0,-32.619
2585,17,75,1140.657,1196.212,43801.457,2,111,573.841,437.084,NA,17.641,0.059,13.241,13.241
2586,17,76,1153.788,1213.384,44101.467,2,216,595.458,455.636,NA,21.617,0.072,52.595,39.354
2587,17,77,1157.323,1225,44401.477,2,177,607.6,463.429,NA,12.142,0.04,73.072,20.478
2588,17,78,1157.323,1234.596,44701.487,2,150,617.196,467.35,NA,9.596,0.032,90,16.928
2589,17,79,1157.323,1252.778,45001.497,2,149,635.378,475.221,NA,18.182,0.061,90,0
2590,17,80,1157.828,1264.394,45301.507,2,107,647.005,480.99,NA,11.627,0.039,87.51,-2.49
2591,17,81,1157.828,1264.394,45601.517,2,115,647.005,480.99,NA,0,0,0,-87.51
2592,17,82,1157.828,1264.394,45901.527,2,157,647.005,480.99,NA,0,0,0,0
2593,17,83,1159.343,1264.899,46201.537,2,112,648.602,482.565,NA,1.597,0.005,18.435,18.435
2594,17,84,1159.343,1268.434,46501.547,2,141,652.137,484.226,NA,3.535,0.012,90,71.565
2595,17,85,1159.343,1268.434,46801.557,2,111,652.137,484.226,NA,0,0,0,-90
2596,17,86,1160.354,1268.434,47101.567,2,85,653.147,485.116,NA,1.01,0.003,0,0
2597,17,87,1160.354,1268.434,47401.577,2,123,653.147,485.116,NA,0,0,0,0
2598,17,88,1160.354,1268.434,47701.587,2,90,653.147,485.116,NA,0,0,0,0
2599,17,89,1165.404,1268.434,48001.597,2,137,658.198,489.576,NA,5.051,0.017,0,0
2600,17,90,1165.404,1268.434,48301.607,2,173,658.198,489.576,NA,0,0,0,0
2601,17,91,1166.919,1271.465,48601.617,2,100,661.586,492.335,NA,3.388,0.011,63.435,63.435
2602,17,92,1173.99,1274.495,48901.627,2,125,669.279,500,NA,7.693,0.026,23.199,-40.236
2603,17,93,1174.495,1276.515,49201.637,2,247,671.361,501.397,NA,2.082,0.007,75.964,52.765
2604,17,94,1174.495,1279.04,49501.647,2,120,673.886,502.595,NA,2.525,0.008,90,14.036
2605,17,95,1174.495,1279.04,49801.657,2,84,673.886,502.595,NA,0,0,0,-90
2606,17,96,1183.586,1283.081,50101.667,2,113,683.835,512.514,NA,9.948,0.033,23.962,23.962
2607,17,97,1188.131,1288.636,50401.677,2,83,691.013,519.16,NA,7.178,0.024,50.711,26.748
2608,17,98,1191.162,1288.636,50701.686,2,50,694.043,521.821,NA,3.03,0.01,0,-50.711
2609,17,99,1200.253,1298.737,51001.696,2,76,707.632,534.649,NA,13.59,0.045,48.013,48.013
2610,17,100,1209.091,1301.136,51301.706,2,69,716.791,543.547,NA,9.158,0.031,15.186,-32.827
2611,17,101,1203.03,1301.515,51601.716,2,83,722.863,538.426,NA,6.072,0.02,176.424,161.238
2612,17,102,1202.652,1301.515,51901.726,2,95,723.242,538.095,NA,0.379,0.001,180,3.576
2613,17,103,1202.652,1306.061,52201.736,2,66,727.787,540.322,NA,4.545,0.015,90,-90
2614,17,104,1200.758,1310.606,52501.746,2,70,732.712,540.937,NA,4.924,0.016,112.62,22.62
2615,17,105,1195.833,1311.742,52801.756,2,41,737.765,537.256,NA,5.054,0.017,167.005,54.386
2616,18,1,937.121,999.242,30301.008,2,73,0,0,NA,NA,NA,NA,NA
2617,18,2,943.687,999.242,30601.018,2,116,6.566,6.566,NA,6.566,0.022,0,NA
2618,18,3,952.273,999.242,30901.028,2,135,15.152,15.152,NA,8.586,0.029,0,0
2619,18,4,962.374,999.242,31201.038,2,75,25.253,25.253,NA,10.101,0.034,0,0
2620,18,5,963.384,1001.263,31501.048,2,154,27.511,26.34,NA,2.259,0.008,63.435,63.435
2621,18,6,971.97,1005.303,31801.058,2,116,37,35.372,NA,9.489,0.032,25.201,-38.234
2622,18,7,971.97,1005.303,32101.068,2,72,37,35.372,NA,0,0,0,-25.201
2623,18,8,971.97,1005.303,32401.078,2,141,37,35.372,NA,0,0,0,0
2624,18,9,971.97,1005.303,32701.088,2,59,37,35.372,NA,0,0,0,0
2625,18,10,983.586,1016.414,33001.098,2,180,53.075,49.536,NA,16.075,0.054,43.727,43.727
2626,18,11,991.667,1020.96,33301.108,2,133,62.346,58.71,NA,9.271,0.031,29.358,-14.369
2627,18,12,991.667,1020.96,33601.118,2,222,62.346,58.71,NA,0,0,0,-29.358
2628,18,13,1000.758,1020.96,33901.128,2,154,71.437,67.24,NA,9.091,0.03,0,0
2629,18,14,1002.778,1022.98,34201.138,2,203,74.294,69.816,NA,2.857,0.01,45,45
2630,18,15,1002.778,1022.98,34501.148,2,118,74.294,69.816,NA,0,0,0,-45
2631,18,16,1014.394,1033.081,34801.158,2,154,89.688,84.357,NA,15.394,0.051,41.009,41.009
2632,18,17,1019.949,1035.606,35101.168,2,197,95.79,90.459,NA,6.103,0.02,24.444,-16.565
2633,18,18,1022.98,1039.646,35401.178,2,175,100.841,94.89,NA,5.051,0.017,53.13,28.686
2634,18,19,1021.465,1040.152,35701.188,2,130,102.438,93.741,NA,1.597,0.005,161.565,108.435
2635,18,20,1021.465,1053.283,36001.198,2,149,115.569,100.171,NA,13.131,0.044,90,-71.565
2636,18,21,1026.01,1051.263,36301.207,2,201,120.544,102.992,NA,4.974,0.017,-23.962,-113.962
2637,18,22,1028.03,1051.263,36601.217,2,158,122.564,104.74,NA,2.02,0.007,0,23.962
2638,18,23,1028.03,1051.263,36901.227,2,122,122.564,104.74,NA,0,0,0,0
2639,18,24,1017.424,1051.263,37201.237,2,255,133.17,95.68,NA,10.606,0.035,180,180
2640,18,25,1017.424,1064.394,37501.247,2,126,146.301,103.408,NA,13.131,0.044,90,-90
2641,18,26,1016.667,1078.788,37801.257,2,255,160.715,112.494,NA,14.414,0.048,93.013,3.013
2642,18,27,1019.318,1079.167,38101.267,2,116,163.393,114.648,NA,2.678,0.009,8.13,-84.883
2643,18,28,1020.076,1082.576,38401.277,2,174,166.886,117.584,NA,3.492,0.012,77.471,69.341
2644,18,29,1030.303,1096.591,38701.287,2,202,184.236,134.757,NA,17.35,0.058,53.881,-23.591
2645,18,30,1033.712,1098.864,39001.297,2,128,188.333,138.759,NA,4.097,0.014,33.69,-20.191
2646,18,31,1030.682,1113.258,39301.307,2,82,203.042,147.489,NA,14.709,0.049,101.889,68.199
2647,18,32,1029.924,1126.136,39601.317,2,87,215.943,157.208,NA,12.901,0.043,93.366,-8.522
2648,18,33,1036.364,1132.955,39901.327,2,146,225.322,166.517,NA,9.378,0.031,46.637,-46.73
2649,18,34,1038.258,1136.364,40201.337,2,126,229.222,170.384,NA,3.9,0.013,60.945,14.309
2650,18,35,1042.045,1130.303,40501.347,2,80,236.369,167.887,NA,7.147,0.024,-57.995,-118.94
2651,18,36,1042.045,1130.303,40801.357,2,196,236.369,167.887,NA,0,0,0,57.995
2652,18,37,1042.045,1130.303,41101.367,2,255,236.369,167.887,NA,0,0,0,0
2653,18,38,1044.697,1130.303,41401.377,2,255,239.02,169.557,NA,2.652,0.009,0,0
2654,18,39,1048.106,1130.303,41701.387,2,255,242.429,171.74,NA,3.409,0.011,0,0
2655,18,40,1053.409,1130.303,42001.397,2,161,247.732,175.213,NA,5.303,0.018,0,0
2656,18,41,1053.409,1130.303,42301.407,2,194,247.732,175.213,NA,0,0,0,0
2657,18,42,1056.818,1130.303,42601.417,2,220,251.141,177.494,NA,3.409,0.011,0,0
2658,18,43,1061.364,1130.303,42901.427,2,122,255.687,180.591,NA,4.545,0.015,0,0
2659,18,44,1069.697,1137.879,43201.437,2,153,266.949,191.824,NA,11.262,0.038,42.274,42.274
2660,18,45,1068.939,1140.909,43501.447,2,135,270.072,193.508,NA,3.124,0.01,104.036,61.763
2661,18,46,1068.939,1147.348,43801.457,2,165,276.512,198.271,NA,6.439,0.021,90,-14.036
2662,18,47,1068.939,1156.061,44101.467,2,127,285.224,204.861,NA,8.712,0.029,90,0
2663,18,48,1079.167,1162.879,44401.477,2,133,297.516,216.688,NA,12.292,0.041,33.69,-56.31
2664,18,49,1082.576,1169.318,44701.487,2,63,304.802,223.792,NA,7.286,0.024,62.103,28.413
2665,18,50,1086.364,1176.894,45001.497,2,240,313.272,232.02,NA,8.47,0.028,63.435,1.332
2666,18,51,1089.015,1183.712,45301.507,2,236,320.587,238.958,NA,7.316,0.024,68.749,5.315
2667,18,52,1091.288,1193.561,45601.517,2,243,330.695,248.046,NA,10.107,0.034,77.005,8.256
2668,18,53,1095.076,1196.591,45901.527,2,128,335.545,252.777,NA,4.851,0.016,38.66,-38.346
2669,18,54,1095.076,1204.545,46201.537,2,158,343.5,259.035,NA,7.955,0.027,90,51.34
2670,18,55,1093.561,1204.545,46501.547,2,108,345.015,258.114,NA,1.515,0.005,180,90
2671,18,56,1092.803,1206.818,46801.557,2,74,347.411,259.47,NA,2.396,0.008,108.435,-71.565
2672,18,57,1092.803,1211.364,47101.567,2,94,351.956,263.12,NA,4.545,0.015,90,-18.435
2673,18,58,1092.803,1211.364,47401.577,2,138,351.956,263.12,NA,0,0,0,-90
2674,18,59,1095.833,1211.742,47701.587,2,95,355.01,265.228,NA,3.054,0.01,7.125,7.125
2675,18,60,1100.758,1216.288,48001.597,2,107,361.712,271.819,NA,6.701,0.022,42.709,35.584
2676,18,61,1109.091,1220.076,48301.607,2,112,370.865,279.895,NA,9.154,0.031,24.444,-18.265
2677,18,62,1116.288,1225.758,48601.617,2,162,380.035,288.808,NA,9.169,0.031,38.29,13.846
2678,18,63,1121.97,1225.758,48901.627,2,203,385.717,292.366,NA,5.682,0.019,0,-38.29
2679,18,64,1123.106,1225.758,49201.637,2,95,386.853,293.086,NA,1.136,0.004,0,0
2680,18,65,1125.758,1231.818,49501.647,2,94,393.468,299.458,NA,6.615,0.022,66.371,66.371
2681,18,66,1139.015,1246.97,49801.657,2,133,413.601,319.578,NA,20.133,0.067,48.814,-17.557
2682,18,67,1156.061,1262.121,50101.667,2,191,436.407,342.111,NA,22.806,0.076,41.634,-7.181
2683,18,68,1162.879,1268.939,50401.677,2,175,446.05,351.714,NA,9.642,0.032,45,3.366
2684,18,69,1175.379,1273.864,50701.686,2,108,459.485,363.57,NA,13.435,0.045,21.501,-23.499
2685,18,70,1186.742,1279.545,51001.696,2,170,472.19,375.341,NA,12.705,0.042,26.565,5.064
2686,18,71,1191.288,1279.545,51301.706,2,126,476.735,378.379,NA,4.545,0.015,0,-26.565
2687,18,72,1196.591,1283.333,51601.716,2,140,483.252,384.749,NA,6.517,0.022,35.538,35.538
2688,18,73,1200,1292.803,51901.726,2,184,493.317,394.06,NA,10.065,0.034,70.201,34.663
2689,19,1,1027.525,860.859,31501.048,2,209,0,0,NA,NA,NA,NA,NA
2690,19,2,1037.121,857.828,31801.058,2,75,10.063,10.063,NA,10.063,0.034,-17.526,NA
2691,19,3,1045.202,857.828,32101.068,2,98,18.144,17.935,NA,8.081,0.027,0,17.526
2692,19,4,1059.848,857.828,32401.078,2,131,32.79,32.465,NA,14.646,0.049,0,0
2693,19,5,1068.939,857.828,32701.088,2,131,41.881,41.525,NA,9.091,0.03,0,0
2694,19,6,1076.515,859.848,33001.098,2,220,49.722,49,NA,7.84,0.026,14.931,14.931
2695,19,7,1076.515,859.848,33301.108,2,162,49.722,49,NA,0,0,0,-14.931
2696,19,8,1069.444,859.848,33601.118,2,160,56.792,41.931,NA,7.071,0.024,180,180
2697,19,9,1069.444,852.273,33901.128,2,59,64.368,42.789,NA,7.576,0.025,-90,90
2698,19,10,1076.515,851.263,34201.138,2,107,71.511,49.921,NA,7.142,0.024,-8.13,81.87
2699,19,11,1090.657,851.263,34501.148,2,186,85.652,63.856,NA,14.141,0.047,0,8.13
2700,19,12,1099.747,851.263,34801.158,2,81,94.743,72.857,NA,9.091,0.03,0,0
2701,19,13,1114.899,846.212,35101.168,2,125,110.714,88.593,NA,15.971,0.053,-18.435,-18.435
2702,19,14,1128.03,845.707,35401.178,2,85,123.855,101.641,NA,13.141,0.044,-2.203,16.232
2703,19,15,1128.03,845.707,35701.188,2,114,123.855,101.641,NA,0,0,0,2.203
2704,19,16,1128.03,845.707,36001.198,2,124,123.855,101.641,NA,0,0,0,0
2705,19,17,1128.03,844.697,36301.207,2,129,124.865,101.796,NA,1.01,0.003,-90,-90
2706,19,18,1130.556,842.677,36601.217,2,185,128.099,104.622,NA,3.234,0.011,-38.66,51.34
2707,19,19,1133.586,840.657,36901.227,2,135,131.741,107.967,NA,3.642,0.012,-33.69,4.97
2708,19,20,1133.586,836.111,37201.237,2,163,136.287,108.91,NA,4.545,0.015,-90,-56.31
2709,19,21,1133.586,836.111,37501.247,2,86,136.287,108.91,NA,0,0,0,90
2710,19,22,1136.616,824.495,37801.257,2,56,148.291,114.992,NA,12.005,0.04,-75.379,-75.379
2711,19,23,1145.707,824.495,38101.267,2,134,157.382,123.65,NA,9.091,0.03,0,75.379
2712,19,24,1150.758,835.101,38401.277,2,208,169.13,125.895,NA,11.747,0.039,64.537,64.537
2713,19,25,1155.303,835.101,38701.287,2,176,173.675,130.348,NA,4.545,0.015,0,-64.537
2714,19,26,1159.343,835.101,39001.297,2,111,177.715,134.311,NA,4.04,0.013,0,0
2715,19,27,1161.364,829.04,39301.307,2,95,184.104,137.569,NA,6.388,0.021,-71.565,-71.565
2716,19,28,1166.919,826.01,39601.317,2,121,190.432,143.684,NA,6.328,0.021,-28.61,42.955
2717,19,29,1166.919,826.01,39901.327,2,108,190.432,143.684,NA,0,0,0,28.61
2718,19,30,1166.919,837.626,40201.337,2,130,202.048,141.317,NA,11.616,0.039,90,90
2719,19,31,1170.96,837.626,40501.347,2,145,206.089,145.304,NA,4.04,0.013,0,-90
2720,19,32,1173.99,837.626,40801.357,2,115,209.119,148.296,NA,3.03,0.01,0,0
2721,19,33,1173.99,840.657,41101.367,2,161,212.149,147.851,NA,3.03,0.01,90,90
2722,19,34,1181.061,840.657,41401.377,2,180,219.22,154.859,NA,7.071,0.024,0,-90
2723,19,35,1182.576,835.606,41701.387,2,159,224.493,157.093,NA,5.273,0.018,-73.301,-73.301
2724,19,36,1189.646,827.525,42001.397,2,96,235.23,165.513,NA,10.738,0.036,-48.814,24.487
2725,19,37,1199.747,830.051,42301.407,2,101,245.642,174.956,NA,10.412,0.035,14.036,62.85
2726,19,38,1212.374,829.545,42601.417,2,108,258.279,187.482,NA,12.636,0.042,-2.291,-16.327
2727,19,39,1218.434,820.96,42901.427,2,61,268.788,195.034,NA,10.509,0.035,-54.782,-52.492
2728,19,40,1231.566,819.444,43201.437,2,156,282.007,208.201,NA,13.218,0.044,-6.582,48.2
2729,19,41,1231.566,819.444,43501.447,2,91,282.007,208.201,NA,0,0,0,6.582
2730,19,42,1248.232,814.899,43801.457,2,192,299.282,225.442,NA,17.275,0.058,-15.255,-15.255
2731,19,43,1259.343,814.394,44101.467,2,112,310.404,236.429,NA,11.123,0.037,-2.603,12.653
2732,19,44,1261.869,801.768,44401.477,2,127,323.281,241.679,NA,12.876,0.043,-78.69,-76.088
2733,19,45,1279.04,805.808,44701.487,2,246,340.921,257.469,NA,17.641,0.059,13.241,91.931
2734,19,46,1284.596,806.313,45001.497,2,207,346.5,262.794,NA,5.578,0.019,5.194,-8.046
2735,19,47,1287.121,806.313,45301.507,2,101,349.025,265.265,NA,2.525,0.008,0,-5.194
2736,19,48,1301.263,806.313,45601.517,2,101,363.167,279.119,NA,14.141,0.047,0,0
2737,19,49,1311.869,806.313,45901.527,2,111,373.773,289.528,NA,10.606,0.035,0,0
2738,19,50,1311.869,806.313,46201.537,2,100,373.773,289.528,NA,0,0,0,0
2739,19,51,1311.869,814.899,46501.547,2,84,382.358,288.034,NA,8.586,0.029,90,90
2740,19,52,1310.354,815.404,46801.557,2,147,383.956,286.458,NA,1.597,0.005,161.565,71.565
2741,19,53,1312.879,815.404,47101.567,2,159,386.481,288.951,NA,2.525,0.008,0,-161.565
2742,19,54,1318.434,818.939,47401.577,2,82,393.066,293.914,NA,6.585,0.022,32.471,32.471
2743,19,55,1309.848,833.586,47701.587,2,219,410.043,283.637,NA,16.978,0.057,120.379,87.908
2744,19,56,1309.848,835.101,48001.597,2,247,411.559,283.496,NA,1.515,0.005,90,-30.379
2745,19,57,1309.848,835.101,48301.607,2,187,411.559,283.496,NA,0,0,0,-90
2746,19,58,1313.889,841.162,48601.617,2,188,418.843,287.04,NA,7.284,0.024,56.31,56.31
2747,19,59,1313.889,841.162,48901.627,2,106,418.843,287.04,NA,0,0,0,-56.31
2748,19,60,1323.485,840.152,49201.637,2,249,428.491,296.683,NA,9.649,0.032,-6.009,-6.009
2749,19,61,1323.485,840.152,49501.647,2,220,428.491,296.683,NA,0,0,0,6.009
2750,19,62,1323.485,840.152,49801.657,2,130,428.491,296.683,NA,0,0,0,0
2751,19,63,1326.01,834.091,50101.667,2,174,435.057,299.683,NA,6.566,0.022,-67.38,-67.38
2752,19,64,1335.606,834.596,50401.677,2,111,444.666,309.198,NA,9.609,0.032,3.013,70.393
2753,19,65,1336.111,842.677,50701.686,2,122,452.763,309.121,NA,8.097,0.027,86.424,83.411
2754,19,66,1336.111,842.677,51001.696,2,45,452.763,309.121,NA,0,0,0,-86.424
2755,19,67,1343.687,842.677,51301.706,2,108,460.339,316.684,NA,7.576,0.025,0,0
2756,19,68,1335.101,827.525,51601.716,2,86,477.754,309.377,NA,17.415,0.058,-119.539,-119.539
2757,19,69,1328.03,820.96,51901.726,2,104,487.403,303.142,NA,9.649,0.032,-137.121,-17.582
2758,19,70,1328.03,821.465,52201.736,2,88,487.908,303.076,NA,0.505,0.002,90,-132.879
2759,19,71,1322.98,802.273,52501.746,2,138,507.753,301.207,NA,19.845,0.066,-104.744,165.256
2760,19,72,1322.98,802.273,52801.756,2,208,507.753,301.207,NA,0,0,0,104.744
2761,19,73,1339.646,802.273,53101.766,2,106,524.42,317.572,NA,16.667,0.056,0,0
2762,19,74,1352.778,803.788,53401.776,2,101,537.638,330.222,NA,13.218,0.044,6.582,6.582
2763,19,75,1366.414,808.333,53701.786,2,183,552.012,342.935,NA,14.374,0.048,18.435,11.853
2764,19,76,1361.364,810.354,54001.796,2,197,557.452,337.637,NA,5.44,0.018,158.199,139.764
2765,19,77,1361.364,809.848,54301.806,2,216,557.957,337.713,NA,0.505,0.002,-90,111.801
2766,19,78,1361.364,809.848,54601.816,2,255,557.957,337.713,NA,0,0,0,90
2767,19,79,1361.364,809.848,54901.826,2,244,557.957,337.713,NA,0,0,0,0
2768,19,80,1358.838,809.848,55201.836,2,186,560.482,335.217,NA,2.525,0.008,180,180
2769,19,81,1358.838,809.848,55501.846,2,130,560.482,335.217,NA,0,0,0,-180
2770,19,82,1360.859,806.313,55801.856,2,137,564.554,337.767,NA,4.072,0.014,-60.255,-60.255
2771,19,83,1364.394,805.303,56101.866,2,172,568.231,341.419,NA,3.677,0.012,-15.945,44.31
2772,19,84,1364.899,805.303,56401.876,2,102,568.736,341.917,NA,0.505,0.002,0,15.945
2773,19,85,1368.939,805.303,56701.886,2,64,572.776,345.905,NA,4.04,0.013,0,0
2774,19,86,1377.525,809.848,57001.896,2,133,582.491,353.698,NA,9.715,0.032,27.897,27.897
2775,19,87,1389.141,809.848,57301.906,2,135,594.107,365.196,NA,11.616,0.039,0,-27.897
2776,19,88,1411.364,838.131,57601.916,2,54,630.076,384.511,NA,35.969,0.12,51.843,51.843
2777,19,89,1424.495,837.626,57901.926,2,95,643.217,397.649,NA,13.141,0.044,-2.203,-54.045
2778,19,90,1439.141,841.162,58201.936,2,114,658.284,412.087,NA,15.067,0.05,13.57,15.773
2779,19,91,1450.253,841.162,58501.946,2,97,669.395,423.186,NA,11.111,0.037,0,-13.57
2780,19,92,1466.919,840.657,58801.956,2,128,686.069,439.858,NA,16.674,0.056,-1.736,-1.736
2781,19,93,1479.545,839.646,59101.966,2,102,698.736,452.518,NA,12.667,0.042,-4.574,-2.838
2782,19,94,1479.545,839.646,59401.976,2,121,698.736,452.518,NA,0,0,0,4.574
2783,19,95,1489.141,826.515,59701.986,2,48,715,462.892,NA,16.264,0.054,-53.842,-53.842
2784,19,96,1489.141,826.515,60001.996,2,93,715,462.892,NA,0,0,0,53.842
2785,19,97,1489.141,826.515,60302.006,2,52,715,462.892,NA,0,0,0,0
2786,19,98,1494.192,818.939,60602.016,2,71,724.105,468.546,NA,9.105,0.03,-56.31,-56.31
2787,19,99,1498.232,818.434,60902.026,2,47,728.177,472.615,NA,4.072,0.014,-7.125,49.185
2788,19,100,1504.798,807.323,61202.036,2,32,741.083,480.266,NA,12.906,0.043,-59.421,-52.296
2789,19,101,1526.01,804.293,61502.046,2,91,762.51,501.684,NA,21.427,0.071,-8.13,51.291
2790,19,102,1546.717,791.667,61802.056,2,79,786.763,523.782,NA,24.253,0.081,-31.373,-23.243
2791,20,1,832.576,576.515,17700.589,2,44,0,0,NA,NA,NA,NA,NA
2792,20,2,834.596,570.96,18000.599,2,42,5.911,5.911,NA,5.911,0.02,-70.017,NA
2793,20,3,834.596,561.869,18300.609,2,74,15.002,14.785,NA,9.091,0.03,-90,-19.983
2794,20,4,839.646,557.323,18600.619,2,69,21.797,20.453,NA,6.795,0.023,-41.987,48.013
2795,20,5,846.717,554.293,18900.629,2,104,29.49,26.34,NA,7.693,0.026,-23.199,18.789
2796,20,6,849.242,545.202,19200.639,2,78,38.925,35.472,NA,9.435,0.031,-74.476,-51.277
2797,20,7,849.242,545.202,19500.649,2,114,38.925,35.472,NA,0,0,0,74.476
2798,20,8,852.778,539.141,19800.659,2,107,45.941,42.484,NA,7.016,0.023,-59.744,-59.744
2799,20,9,843.687,539.141,20100.669,2,78,55.032,38.99,NA,9.091,0.03,180,-120.256
2800,20,10,843.687,534.596,20400.679,2,162,59.578,43.367,NA,4.545,0.015,-90,90
2801,20,11,843.687,530.051,20700.689,2,124,64.123,47.775,NA,4.545,0.015,-90,0
2802,20,12,843.687,530.051,21000.699,2,124,64.123,47.775,NA,0,0,0,90
2803,20,13,843.687,519.949,21300.709,2,211,74.224,57.647,NA,10.101,0.034,-90,-90
2804,20,14,843.687,519.949,21600.719,2,146,74.224,57.647,NA,0,0,0,90
2805,20,15,848.232,518.939,21900.728,2,252,78.881,59.667,NA,4.656,0.016,-12.529,-12.529
2806,20,16,851.263,518.939,22200.738,2,255,81.911,60.532,NA,3.03,0.01,0,12.529
2807,20,17,851.263,517.929,22500.748,2,150,82.921,61.494,NA,1.01,0.003,-90,-90
2808,20,18,851.263,512.879,22800.758,2,98,87.971,66.323,NA,5.051,0.017,-90,0
2809,20,19,858.838,517.929,23100.768,2,93,97.076,64.203,NA,9.105,0.03,33.69,123.69
2810,20,20,864.394,517.929,23400.778,2,69,102.632,66.669,NA,5.556,0.019,0,-33.69
2811,20,21,865.404,517.424,23700.788,2,120,103.761,67.598,NA,1.129,0.004,-26.565,-26.565
2812,20,22,869.949,510.859,24000.798,2,119,111.747,75.549,NA,7.986,0.027,-55.305,-28.74
2813,20,23,880.051,508.333,24300.808,2,138,122.159,83.082,NA,10.412,0.035,-14.036,41.269
2814,20,24,880.051,502.778,24600.818,2,114,127.714,87.699,NA,5.556,0.019,-90,-75.964
2815,20,25,885.606,497.727,24900.828,2,141,135.222,94.972,NA,7.508,0.025,-42.274,47.726
2816,20,26,891.667,494.192,25200.838,2,175,142.239,101.335,NA,7.016,0.023,-30.256,12.017
2817,20,27,897.727,484.091,25500.848,2,162,154.018,113.079,NA,11.78,0.039,-59.036,-28.78
2818,20,28,899.747,476.01,25800.858,2,155,162.348,120.886,NA,8.33,0.028,-75.964,-16.928
2819,20,29,903.788,475.505,26100.868,2,214,166.42,123.589,NA,4.072,0.014,-7.125,68.839
2820,20,30,908.333,475.505,26400.878,2,194,170.965,126.263,NA,4.545,0.015,0,7.125
2821,20,31,910.354,471.97,26700.888,2,128,175.037,130.304,NA,4.072,0.014,-60.255,-60.255
2822,20,32,907.323,466.414,27000.898,2,97,181.365,133.077,NA,6.328,0.021,-118.61,-58.355
2823,20,33,907.323,459.848,27300.908,2,124,187.931,138.558,NA,6.566,0.022,-90,28.61
2824,20,34,907.323,459.848,27600.918,2,129,187.931,138.558,NA,0,0,0,90
2825,20,35,907.323,451.263,27900.928,2,196,196.517,145.861,NA,8.586,0.029,-90,-90
2826,20,36,907.323,446.717,28200.938,2,150,201.062,149.782,NA,4.545,0.015,-90,0
2827,20,37,908.838,446.717,28500.948,2,173,202.577,150.544,NA,1.515,0.005,0,90
2828,20,38,908.838,446.717,28800.958,2,222,202.577,150.544,NA,0,0,0,0
2829,20,39,914.899,446.717,29100.968,2,255,208.638,153.703,NA,6.061,0.02,0,0
2830,20,40,922.475,446.717,29400.978,2,86,216.214,157.89,NA,7.576,0.025,0,0
2831,20,41,922.475,443.687,29700.988,2,134,219.244,160.391,NA,3.03,0.01,-90,-90
2832,20,42,920.96,431.566,30000.998,2,162,231.46,169.771,NA,12.216,0.041,-97.125,-7.125
2833,20,43,923.99,430.556,30301.008,2,255,234.654,172.223,NA,3.194,0.011,-18.435,78.69
2834,20,44,929.545,423.99,30601.018,2,5,243.255,180.74,NA,8.601,0.029,-49.764,-31.329
2835,20,45,937.626,405.808,30901.028,2,255,263.151,200.441,NA,19.897,0.066,-66.038,-16.274
2836,20,46,942.677,396.717,31201.038,2,69,273.551,210.831,NA,10.4,0.035,-60.945,5.092
2837,20,47,942.677,393.182,31501.048,2,124,277.086,213.854,NA,3.535,0.012,-90,-29.055
2838,20,48,946.212,392.172,31801.058,2,174,280.763,216.554,NA,3.677,0.012,-15.945,74.055
2839,20,49,948.737,392.172,32101.068,2,176,283.288,217.89,NA,2.525,0.008,0,15.945
2840,20,50,950.253,392.172,32401.078,2,187,284.803,218.701,NA,1.515,0.005,0,0
2841,20,51,957.323,392.172,32701.088,2,255,291.874,222.586,NA,7.071,0.024,0,0
2842,20,52,965.404,386.616,33001.098,2,103,301.68,231.743,NA,9.806,0.033,-34.509,-34.509
2843,20,53,977.02,385.606,33301.108,2,255,313.34,239.396,NA,11.66,0.039,-4.97,29.539
2844,20,54,994.697,372.98,33601.118,2,103,335.064,260.211,NA,21.723,0.072,-35.538,-30.568
2845,20,55,1004.798,362.879,33901.128,2,139,349.349,274.41,NA,14.285,0.048,-45,-9.462
2846,20,56,1027.525,363.384,34201.138,2,135,372.081,288.843,NA,22.733,0.076,1.273,46.273
2847,20,57,1040.657,357.323,34501.148,2,144,386.544,302.23,NA,14.462,0.048,-24.775,-26.048
2848,20,58,1040.657,339.141,34801.158,2,247,404.726,315.664,NA,18.182,0.061,-90,-65.225
2849,20,59,1024.495,332.071,35101.168,2,182,422.366,310.783,NA,17.641,0.059,-156.371,-66.371
2850,20,60,1018.434,330.051,35401.178,2,229,428.755,308.688,NA,6.388,0.021,-161.565,-5.194
2851,20,61,1018.434,330.051,35701.188,2,205,428.755,308.688,NA,0,0,0,161.565
2852,20,62,1022.98,328.03,36001.198,2,197,433.729,313.047,NA,4.974,0.017,-23.962,-23.962
2853,20,63,1023.99,328.03,36301.207,2,243,434.739,313.662,NA,1.01,0.003,0,23.962
2854,20,64,1023.485,329.545,36601.217,2,136,436.336,312.154,NA,1.597,0.005,108.435,108.435
2855,20,65,1006.818,336.111,36901.227,2,154,454.249,296.908,NA,17.913,0.06,158.499,50.064
2856,20,66,999.242,338.636,37201.237,2,134,462.235,290.455,NA,7.986,0.027,161.565,3.066
2857,20,67,999.242,338.636,37501.247,2,154,462.235,290.455,NA,0,0,0,-161.565
2858,20,68,993.687,339.141,37801.257,2,195,467.813,286.885,NA,5.578,0.019,174.806,174.806
2859,20,69,991.162,334.091,38101.267,2,205,473.46,289.688,NA,5.647,0.019,-116.565,68.629
2860,20,70,991.162,334.091,38401.277,2,255,473.46,289.688,NA,0,0,0,116.565
2861,20,71,987.121,333.081,38701.287,2,218,477.625,288.348,NA,4.165,0.014,-165.964,-165.964
2862,20,72,981.566,331.061,39001.297,2,156,483.536,287.134,NA,5.911,0.02,-160.017,5.947
2863,20,73,984.091,331.061,39301.307,2,227,486.062,288.452,NA,2.525,0.008,0,160.017
2864,20,74,984.091,331.061,39601.317,2,135,486.062,288.452,NA,0,0,0,0
2865,20,75,984.091,331.061,39901.327,2,189,486.062,288.452,NA,0,0,0,0
2866,20,76,984.091,331.061,40201.337,2,116,486.062,288.452,NA,0,0,0,0
2867,20,77,984.091,334.596,40501.347,2,138,489.597,285.45,NA,3.535,0.012,90,90
2868,20,78,980.051,334.596,40801.357,2,159,493.637,283.326,NA,4.04,0.013,180,90
2869,20,79,977.525,334.596,41101.367,2,197,496.163,282.02,NA,2.525,0.008,180,0
2870,20,80,977.525,334.596,41401.377,2,177,496.163,282.02,NA,0,0,0,-180
2871,20,81,980.051,339.646,41701.387,2,98,501.809,279.026,NA,5.647,0.019,63.435,63.435
2872,20,82,980.051,341.162,42001.397,2,88,503.324,277.741,NA,1.515,0.005,90,26.565
2873,20,83,980.051,340.152,42301.407,2,109,504.334,278.598,NA,1.01,0.003,-90,-180
2874,20,84,981.566,338.636,42601.417,2,136,506.477,280.685,NA,2.143,0.007,-45,45
2875,20,85,985.606,336.111,42901.427,2,220,511.242,284.978,NA,4.765,0.016,-32.005,12.995
2876,20,86,986.111,334.091,43201.437,2,172,513.324,286.954,NA,2.082,0.007,-75.964,-43.958
2877,20,87,993.182,333.586,43501.447,2,163,520.413,291.22,NA,7.089,0.024,-4.086,71.878
2878,20,88,997.222,332.576,43801.457,2,167,524.578,294.304,NA,4.165,0.014,-14.036,-9.951
2879,20,89,994.697,336.111,44101.467,2,78,528.922,289.961,NA,4.345,0.014,125.538,139.574
2880,20,90,994.697,336.111,44401.477,2,94,528.922,289.961,NA,0,0,0,-125.538
2881,20,91,994.697,336.111,44701.487,2,133,528.922,289.961,NA,0,0,0,0
2882,20,92,994.697,336.111,45001.497,2,141,528.922,289.961,NA,0,0,0,0
2883,21,1,733.586,520.455,11700.389,2,99,0,0,NA,NA,NA,NA,NA
2884,21,2,732.071,517.929,12000.399,2,97,2.945,2.945,NA,2.945,0.01,-120.964,NA
2885,21,3,732.071,517.929,12300.409,2,111,2.945,2.945,NA,0,0,0,120.964
2886,21,4,732.071,517.929,12600.419,2,131,2.945,2.945,NA,0,0,0,0
2887,21,5,730.556,522.475,12900.429,2,116,7.736,3.642,NA,4.791,0.016,108.435,108.435
2888,21,6,730.556,522.475,13200.439,2,132,7.736,3.642,NA,0,0,0,-108.435
2889,21,7,732.071,516.414,13500.449,2,133,13.983,4.315,NA,6.247,0.021,-75.964,-75.964
2890,21,8,734.596,513.889,13800.459,2,69,17.555,6.643,NA,3.571,0.012,-45,30.964
2891,21,9,734.596,513.889,14100.469,2,136,17.555,6.643,NA,0,0,0,45
2892,21,10,729.04,513.889,14400.479,2,152,23.11,7.986,NA,5.556,0.019,180,180
2893,21,11,728.03,513.384,14700.489,2,131,24.24,8.992,NA,1.129,0.004,-153.435,26.565
2894,21,12,728.03,510.354,15000.499,2,161,27.27,11.528,NA,3.03,0.01,-90,63.435
2895,21,13,728.03,510.354,15300.509,2,98,27.27,11.528,NA,0,0,0,90
2896,21,14,727.525,508.838,15600.519,2,146,28.867,13.102,NA,1.597,0.005,-108.435,-108.435
2897,21,15,727.525,508.838,15900.529,2,154,28.867,13.102,NA,0,0,0,108.435
2898,21,16,726.515,513.889,16200.539,2,167,34.017,9.649,NA,5.151,0.017,101.31,101.31
2899,21,17,722.475,513.889,16500.549,2,117,38.058,12.906,NA,4.04,0.013,180,78.69
2900,21,18,717.424,513.889,16800.559,2,55,43.108,17.444,NA,5.051,0.017,180,0
2901,21,19,717.424,513.889,17100.569,2,80,43.108,17.444,NA,0,0,0,-180
2902,21,20,717.424,513.384,17400.579,2,80,43.613,17.641,NA,0.505,0.002,-90,-90
2903,21,21,717.424,513.384,17700.589,2,102,43.613,17.641,NA,0,0,0,90
2904,21,22,717.424,513.384,18000.599,2,126,43.613,17.641,NA,0,0,0,0
2905,21,23,721.465,513.384,18300.609,2,78,47.654,14.033,NA,4.04,0.013,0,0
2906,21,24,721.97,509.343,18600.619,2,165,51.726,16.075,NA,4.072,0.014,-82.875,-82.875
2907,21,25,721.97,513.889,18900.629,2,87,56.271,13.343,NA,4.545,0.015,90,172.875
2908,21,26,721.97,513.889,19200.639,2,116,56.271,13.343,NA,0,0,0,-90
2909,21,27,728.03,513.889,19500.649,2,124,62.332,8.601,NA,6.061,0.02,0,0
2910,21,28,728.03,514.394,19800.659,2,134,62.837,8.222,NA,0.505,0.002,90,90
2911,21,29,728.03,514.394,20100.669,2,130,62.837,8.222,NA,0,0,0,-90
2912,21,30,728.03,514.394,20400.679,2,86,62.837,8.222,NA,0,0,0,0
2913,21,31,728.03,518.434,20700.689,2,55,66.877,5.911,NA,4.04,0.013,90,90
2914,21,32,728.03,510.354,21000.699,2,95,74.958,11.528,NA,8.081,0.027,-90,-180
2915,21,33,728.03,505.303,21300.709,2,136,80.008,16.138,NA,5.051,0.017,-90,0
2916,21,34,729.545,505.303,21600.719,2,121,81.524,15.681,NA,1.515,0.005,0,90
2917,21,35,733.586,498.737,21900.728,2,127,89.233,21.717,NA,7.709,0.026,-58.392,-58.392
2918,21,36,733.586,498.737,22200.738,2,103,89.233,21.717,NA,0,0,0,58.392
2919,21,37,733.586,498.737,22500.748,2,40,89.233,21.717,NA,0,0,0,0
2920,21,38,733.586,498.737,22800.758,2,72,89.233,21.717,NA,0,0,0,0
2921,21,39,733.586,495.202,23100.768,2,102,92.768,25.253,NA,3.535,0.012,-90,-90
2922,21,40,738.636,490.152,23400.778,2,130,99.911,30.721,NA,7.142,0.024,-45,45
2923,21,41,744.192,490.152,23700.788,2,107,105.466,32.105,NA,5.556,0.019,0,45
2924,21,42,744.192,495.202,24000.798,2,82,110.517,27.389,NA,5.051,0.017,90,90
2925,21,43,744.192,490.657,24300.808,2,183,115.062,31.629,NA,4.545,0.015,-90,-180
2926,21,44,744.192,496.717,24600.818,2,236,121.123,25.999,NA,6.061,0.02,90,180
2927,21,45,744.697,498.737,24900.828,2,144,123.205,24.395,NA,2.082,0.007,75.964,-14.036
2928,21,46,744.697,500.758,25200.838,2,169,125.225,22.615,NA,2.02,0.007,90,14.036
2929,21,47,745.202,498.737,25500.848,2,76,127.308,24.629,NA,2.082,0.007,-75.964,-165.964
2930,21,48,745.202,494.697,25800.858,2,81,131.348,28.256,NA,4.04,0.013,-90,-14.036
2931,21,49,745.202,494.697,26100.868,2,105,131.348,28.256,NA,0,0,0,90
2932,21,50,745.202,494.697,26400.878,2,110,131.348,28.256,NA,0,0,0,0
2933,21,51,745.202,494.697,26700.888,2,93,131.348,28.256,NA,0,0,0,0
2934,21,52,742.172,470.455,27000.898,2,54,155.779,50.732,NA,24.431,0.081,-97.125,-97.125
2935,21,53,742.172,463.384,27300.908,2,73,162.85,57.713,NA,7.071,0.024,-90,7.125
2936,21,54,742.172,454.798,27600.918,2,159,171.436,66.216,NA,8.586,0.029,-90,0
2937,21,55,742.172,454.798,27900.928,2,117,171.436,66.216,NA,0,0,0,90
2938,21,56,742.172,446.212,28200.938,2,101,180.022,74.737,NA,8.586,0.029,-90,-90
2939,21,57,761.364,426.515,28500.948,2,135,207.523,97.96,NA,27.501,0.092,-45.744,44.256
2940,21,58,772.727,421.591,28800.958,2,136,219.907,106.33,NA,12.385,0.041,-23.429,22.315
2941,21,59,772.727,421.591,29100.968,2,94,219.907,106.33,NA,0,0,0,23.429
2942,21,60,772.727,421.591,29400.978,2,203,219.907,106.33,NA,0,0,0,0
2943,21,61,775.379,418.561,29700.988,2,167,223.934,110.132,NA,4.027,0.013,-48.814,-48.814
2944,21,62,792.045,410.606,30000.998,2,232,242.402,124.436,NA,18.468,0.062,-25.514,23.3
2945,21,63,799.621,406.439,30301.008,2,133,251.048,131.758,NA,8.646,0.029,-28.811,-3.297
2946,21,64,792.803,406.439,30601.018,2,115,257.866,128.476,NA,6.818,0.023,180,-151.189
2947,21,65,791.288,401.136,30901.028,2,125,263.381,132.538,NA,5.515,0.018,-105.945,74.055
2948,21,66,799.242,396.212,31201.038,2,110,272.736,140.524,NA,9.355,0.031,-31.759,74.186
2949,21,67,799.242,396.212,31501.048,2,114,272.736,140.524,NA,0,0,0,31.759
2950,21,68,802.652,393.182,31801.058,2,157,277.298,144.805,NA,4.561,0.015,-41.634,-41.634
2951,21,69,818.182,391.667,32101.068,2,87,292.902,154.087,NA,15.604,0.052,-5.572,36.061
2952,21,70,818.182,391.667,32401.078,2,195,292.902,154.087,NA,0,0,0,5.572
2953,21,71,820.076,384.091,32701.088,2,157,300.71,161.479,NA,7.809,0.026,-75.964,-75.964
2954,21,72,828.03,384.091,33001.098,2,116,308.665,165.876,NA,7.955,0.027,0,75.964
2955,21,73,835.606,383.712,33301.108,2,97,316.25,170.607,NA,7.585,0.025,-2.862,-2.862
2956,21,74,848.485,370.455,33601.118,2,100,334.733,188.949,NA,18.483,0.062,-45.83,-42.968
2957,21,75,853.409,364.394,33901.128,2,74,342.542,196.755,NA,7.809,0.026,-50.906,-5.076
2958,21,76,853.409,364.394,34201.138,2,93,342.542,196.755,NA,0,0,0,50.906
2959,21,77,853.409,360.606,34501.148,2,196,346.33,199.773,NA,3.788,0.013,-90,-90
2960,21,78,853.409,360.606,34801.158,2,122,346.33,199.773,NA,0,0,0,90
2961,21,79,853.409,360.606,35101.168,2,152,346.33,199.773,NA,0,0,0,0
2962,21,80,850.758,360.606,35401.178,2,175,348.982,198.194,NA,2.652,0.009,180,180
2963,21,81,850.758,353.788,35701.188,2,134,355.8,203.733,NA,6.818,0.023,-90,90
2964,21,82,856.061,351.136,36001.198,2,106,361.729,208.971,NA,5.929,0.02,-26.565,63.435
2965,21,83,863.636,355.682,36301.207,2,196,370.564,209.912,NA,8.835,0.029,30.964,57.529
2966,21,84,864.015,351.515,36601.217,2,158,374.747,213.43,NA,4.184,0.014,-84.806,-115.769
2967,21,85,864.015,341.288,36901.227,2,222,384.975,221.613,NA,10.227,0.034,-90,-5.194
2968,21,86,864.015,341.288,37201.237,2,117,384.975,221.613,NA,0,0,0,90
2969,21,87,864.015,334.848,37501.247,2,201,391.414,226.851,NA,6.439,0.021,-90,-90
2970,21,88,865.53,330.682,37801.257,2,189,395.848,231.134,NA,4.434,0.015,-70.017,19.983
2971,21,89,864.773,328.409,38101.267,2,130,398.243,232.576,NA,2.396,0.008,-108.435,-38.418
2972,21,90,868.939,321.212,38401.277,2,224,406.559,240.87,NA,8.316,0.028,-59.931,48.504
2973,21,91,870.455,314.394,38701.287,2,177,413.544,247.374,NA,6.985,0.023,-77.471,-17.54
2974,21,92,870.455,314.773,39001.297,2,235,413.923,247.059,NA,0.379,0.001,90,167.471
2975,21,93,878.409,311.742,39301.307,2,115,422.435,254.036,NA,8.512,0.028,-20.854,-110.854
2976,21,94,892.045,295.076,39601.317,2,108,443.969,275.509,NA,21.534,0.072,-50.711,-29.856
2977,21,95,901.515,286.742,39901.327,2,236,456.584,287.787,NA,12.614,0.042,-41.348,9.363
2978,21,96,904.924,280.682,40201.337,2,214,463.537,294.7,NA,6.954,0.023,-60.642,-19.294
2979,21,97,901.894,273.485,40501.347,2,194,471.346,298.867,NA,7.809,0.026,-112.834,-52.191
2980,21,98,901.894,269.318,40801.357,2,218,475.513,302.32,NA,4.167,0.014,-90,22.834
2981,21,99,909.47,268.561,41101.367,2,185,483.126,307.223,NA,7.614,0.025,-5.711,84.289
2982,21,100,909.47,258.712,41401.377,2,241,492.975,315.348,NA,9.848,0.033,-90,-84.289
2983,21,101,908.712,250,41701.387,2,163,501.72,322.203,NA,8.745,0.029,-94.97,-4.97
2984,21,102,908.712,244.318,42001.397,2,178,507.402,326.987,NA,5.682,0.019,-90,4.97
2985,21,103,908.712,244.318,42301.407,2,223,507.402,326.987,NA,0,0,0,90
2986,21,104,921.591,242.424,42601.417,2,139,520.419,335.629,NA,13.017,0.043,-8.366,-8.366
2987,21,105,938.258,242.803,42901.427,2,145,537.09,344.936,NA,16.671,0.056,1.302,9.668
2988,21,106,938.258,242.803,43201.437,2,110,537.09,344.936,NA,0,0,0,-1.302
2989,21,107,957.576,244.318,43501.447,2,140,556.467,355.56,NA,19.378,0.065,4.485,4.485
2990,21,108,973.106,244.318,43801.457,2,162,571.998,365.542,NA,15.53,0.052,0,-4.485
2991,21,109,967.803,255.682,44101.467,2,255,584.538,353.5,NA,12.54,0.042,115.017,115.017
2992,21,110,973.864,255.682,44401.477,2,255,590.598,357.544,NA,6.061,0.02,0,-115.017
2993,21,111,978.788,254.924,44701.487,2,132,595.581,361.428,NA,4.982,0.017,-8.746,-8.746
2994,21,112,973.485,240.152,45001.497,2,124,611.276,368.946,NA,15.696,0.052,-109.747,-101.001
2995,21,113,970.455,230.303,45301.507,2,147,621.58,374.559,NA,10.304,0.034,-107.103,2.644
2996,21,114,970.455,230.303,45601.517,2,133,621.58,374.559,NA,0,0,0,107.103
2997,21,115,970.455,215.53,45901.527,2,212,636.353,386.116,NA,14.773,0.049,-90,-90
2998,21,116,970.455,204.924,46201.537,2,189,646.959,394.545,NA,10.606,0.035,-90,0
2999,21,117,970.455,204.924,46501.547,2,112,646.959,394.545,NA,0,0,0,90
3000,21,118,983.333,209.47,46801.557,2,255,660.617,398.855,NA,13.657,0.046,19.44,19.44
3001,21,119,990.909,202.273,47101.567,2,202,671.066,409.213,NA,10.449,0.035,-43.531,-62.971
3002,21,120,994.697,221.591,47401.577,2,142,690.752,396.861,NA,19.686,0.066,78.906,122.437
3003,21,121,998.485,223.485,47701.587,2,140,694.987,397.948,NA,4.235,0.014,26.565,-52.341
3004,21,122,1002.273,231.439,48001.597,2,66,703.797,394.617,NA,8.81,0.029,64.537,37.972
3005,21,123,999.621,235.606,48301.607,2,220,708.736,389.761,NA,4.939,0.016,122.471,57.935
3006,21,124,990.909,225.379,48601.617,2,218,722.171,391.516,NA,13.435,0.045,-130.426,107.103
3007,21,125,989.015,217.424,48901.627,2,138,730.348,396.322,NA,8.177,0.027,-103.392,27.034
3008,21,126,989.015,217.424,49201.637,2,75,730.348,396.322,NA,0,0,0,103.392
3009,21,127,989.015,206.439,49501.647,2,148,741.333,404.783,NA,10.985,0.037,-90,-90
3010,21,128,1000.379,192.803,49801.657,2,168,759.083,422.533,NA,17.751,0.059,-50.194,39.806
3011,21,129,1007.955,181.439,50101.667,2,255,772.741,436.13,NA,13.657,0.046,-56.31,-6.116
3012,21,130,1013.636,173.106,50401.677,2,164,782.827,446.183,NA,10.086,0.034,-55.713,0.597
3013,21,131,1020.455,173.485,50701.686,2,208,789.656,450.202,NA,6.829,0.023,3.18,58.893
3014,21,132,1022.348,166.288,51001.696,2,194,797.098,456.966,NA,7.442,0.025,-75.256,-78.436
3015,21,133,1022.348,166.288,51301.706,2,122,797.098,456.966,NA,0,0,0,75.256
3016,21,134,1030.303,156.061,51601.716,2,163,810.054,469.919,NA,12.957,0.043,-52.125,-52.125
3017,21,135,1030.682,146.212,51901.726,2,221,819.91,477.832,NA,9.856,0.033,-87.797,-35.672
3018,21,136,1032.576,141.667,52201.736,2,182,824.834,482.571,NA,4.924,0.016,-67.38,20.417
3019,21,137,1044.697,143.939,52501.746,2,202,837.167,488.42,NA,12.332,0.041,10.62,78
3020,21,138,1049.242,155.682,52801.756,2,188,849.758,482.388,NA,12.591,0.042,68.839,58.219
3021,21,139,1051.515,155.682,53101.766,2,223,852.031,483.878,NA,2.273,0.008,0,-68.839
3022,21,140,1051.515,155.682,53401.776,2,142,852.031,483.878,NA,0,0,0,0
3023,21,141,1045.833,163.636,53701.786,2,226,861.806,474.149,NA,9.775,0.033,125.538,125.538
3024,21,142,1038.636,157.955,54001.796,2,235,870.976,473.774,NA,9.169,0.031,-141.71,92.752
3025,21,143,1038.636,143.939,54301.806,2,230,884.991,484.582,NA,14.015,0.047,-90,51.71
3026,21,144,1048.485,153.03,54601.816,2,141,898.394,483.903,NA,13.403,0.045,42.709,132.709
3027,21,145,1048.485,153.03,54901.826,2,170,898.394,483.903,NA,0,0,0,-42.709
3028,21,146,1043.182,153.03,55201.836,2,202,903.697,480.469,NA,5.303,0.018,180,180
3029,21,147,1040.53,152.652,55501.846,2,255,906.375,479.055,NA,2.678,0.009,-171.87,8.13
3030,21,148,1039.773,148.864,55801.856,2,255,910.238,481.487,NA,3.863,0.013,-101.31,70.56
3031,21,149,1038.636,147.348,56101.866,2,217,912.132,481.938,NA,1.894,0.006,-126.87,-25.56
3032,21,150,1038.636,147.348,56401.876,2,200,912.132,481.938,NA,0,0,0,126.87
3033,21,151,1038.636,139.773,56701.886,2,212,919.708,487.826,NA,7.576,0.025,-90,-90
3034,21,152,1028.788,133.333,57001.896,2,246,931.475,486.834,NA,11.767,0.039,-146.821,-56.821
3035,21,153,1028.409,128.409,57301.906,2,200,936.413,490.531,NA,4.939,0.016,-94.399,52.423
3036,21,154,1033.712,128.03,57601.916,2,175,941.73,494.037,NA,5.317,0.018,-4.086,90.313
3037,21,155,1030.682,121.212,57901.926,2,159,949.191,497.655,NA,7.461,0.025,-113.962,-109.877
3038,21,156,1033.712,113.636,58201.936,2,161,957.35,505.546,NA,8.159,0.027,-68.199,45.764
3039,21,157,1034.848,113.636,58501.946,2,103,958.487,506.221,NA,1.136,0.004,0,68.199
3040,21,158,1045.076,105.303,58801.956,2,198,971.679,519.015,NA,13.192,0.044,-39.174,-39.174
3041,21,159,1045.455,84.848,59101.966,2,73,992.137,535.738,NA,20.458,0.068,-88.939,-49.765
3042,21,160,1042.424,77.652,59401.976,2,166,999.946,539.866,NA,7.809,0.026,-112.834,-23.895
3043,21,161,1040.909,68.561,59701.986,2,147,1009.163,546.494,NA,9.216,0.031,-99.462,13.371
3044,21,162,1031.061,60.227,60001.996,2,131,1022.064,547.997,NA,12.901,0.043,-139.764,-40.301
3045,21,163,1022.348,45.076,60302.006,2,73,1039.541,556.209,NA,17.478,0.058,-119.899,19.865
3046,21,164,1014.015,42.045,60602.016,2,94,1048.408,554.541,NA,8.867,0.03,-160.017,-40.118
3047,21,165,1017.045,39.394,60902.026,2,64,1052.435,558.362,NA,4.027,0.013,-41.186,118.831
3048,21,166,1006.439,36.742,61202.036,2,111,1063.368,555.362,NA,10.932,0.036,-165.964,-124.778
3049,21,167,1010.227,29.167,61502.046,2,105,1071.837,563.821,NA,8.47,0.028,-63.435,102.529
3050,21,168,1017.424,28.03,61802.056,2,87,1079.124,568.371,NA,7.286,0.024,-8.973,54.462
3051,21,169,1014.773,31.061,62102.066,2,138,1083.15,564.422,NA,4.027,0.013,131.186,140.159
3052,21,170,1015.152,34.47,62402.076,2,92,1086.58,561.659,NA,3.43,0.011,83.66,-47.526
3053,21,171,1015.152,30.682,62702.086,2,103,1090.368,564.939,NA,3.788,0.013,-90,-173.66
3054,21,172,1023.864,35.606,63002.096,2,110,1100.376,565.101,NA,10.007,0.033,29.476,119.476
3055,21,173,1031.061,32.955,63302.106,2,89,1108.045,571.093,NA,7.67,0.026,-20.225,-49.701
3056,21,174,1031.061,32.955,63602.116,2,140,1108.045,571.093,NA,0,0,0,20.225
3057,21,175,1031.061,32.955,63902.126,2,135,1108.045,571.093,NA,0,0,0,0
3058,21,176,1025.379,21.97,64202.136,2,29,1120.413,577.607,NA,12.367,0.041,-117.35,-117.35
3059,21,177,1033.712,23.864,64502.146,2,104,1128.959,580.24,NA,8.546,0.028,12.804,130.154
3060,21,178,1040.909,23.864,64802.156,2,60,1136.156,583.995,NA,7.197,0.024,0,-12.804
3061,21,179,1040.909,23.864,65102.165,2,4,1136.156,583.995,NA,0,0,0,0
3062,21,180,1071.591,23.864,65402.175,2,119,1166.837,600.708,NA,30.682,0.102,0,0
3063,21,181,1082.955,23.864,65702.185,2,33,1178.201,607.175,NA,11.364,0.038,0,0
3064,21,182,1096.591,26.515,66002.195,2,89,1192.093,612.984,NA,13.892,0.046,11.004,11.004
3065,21,183,1104.924,26.515,66302.205,2,147,1200.426,617.955,NA,8.333,0.028,0,-11.004
3066,21,184,1110.606,21.591,66602.215,2,44,1207.945,625.307,NA,7.519,0.025,-40.914,-40.914
3067,21,185,1117.045,7.576,66902.225,2,57,1223.369,640.38,NA,15.424,0.051,-65.323,-24.409
3068,22,1,932.955,639.015,30901.028,2,79,0,0,NA,NA,NA,NA,NA
3069,22,2,940.909,633.333,31201.038,2,146,9.775,9.775,NA,9.775,0.033,-35.538,NA
3070,22,3,954.167,632.197,31501.048,2,132,23.082,22.281,NA,13.306,0.044,-4.899,30.639
3071,22,4,968.561,624.242,31801.058,2,166,39.527,38.549,NA,16.446,0.055,-28.926,-24.027
3072,22,5,974.621,622.727,32101.068,2,211,45.774,44.737,NA,6.247,0.021,-14.036,14.89
3073,22,6,977.652,623.106,32401.078,2,221,48.828,47.444,NA,3.054,0.01,7.125,21.161
3074,22,7,994.697,621.97,32701.088,2,228,65.912,64.052,NA,17.083,0.057,-3.814,-10.939
3075,22,8,1006.061,619.318,33001.098,2,226,77.58,75.713,NA,11.669,0.039,-13.134,-9.32
3076,22,9,1006.061,619.318,33301.108,2,217,77.58,75.713,NA,0,0,0,13.134
3077,22,10,1020.455,614.773,33601.118,2,198,92.675,90.796,NA,15.095,0.05,-17.526,-17.526
3078,22,11,1022.348,614.773,33901.128,2,208,94.569,92.623,NA,1.894,0.006,0,17.526
3079,22,12,1022.348,614.773,34201.138,2,101,94.569,92.623,NA,0,0,0,0
3080,22,13,1024.621,619.697,34501.148,2,242,99.992,93.68,NA,5.423,0.018,65.225,65.225
3081,22,14,1028.03,618.939,34801.158,2,255,103.485,97.172,NA,3.492,0.012,-12.529,-77.754
3082,22,15,1038.258,620.455,35101.168,2,203,113.824,106.926,NA,10.339,0.034,8.427,20.956
3083,22,16,1052.273,620.455,35401.178,2,160,127.839,120.753,NA,14.015,0.047,0,-8.427
3084,22,17,1052.273,613.636,35701.188,2,205,134.657,121.987,NA,6.818,0.023,-90,-90
3085,22,18,1048.864,612.879,36001.198,2,194,138.149,118.819,NA,3.492,0.012,-167.471,-77.471
3086,22,19,1048.864,612.879,36301.207,2,206,138.149,118.819,NA,0,0,0,167.471
3087,22,20,1048.864,612.879,36601.217,2,201,138.149,118.819,NA,0,0,0,0
3088,22,21,1048.864,612.879,36901.227,2,144,138.149,118.819,NA,0,0,0,0
3089,22,22,1055.682,613.636,37201.237,2,255,145.009,125.324,NA,6.86,0.023,6.34,6.34
3090,22,23,1053.788,613.636,37501.247,2,242,146.903,123.47,NA,1.894,0.006,180,173.66
3091,22,24,1053.788,618.182,37801.257,2,207,151.449,122.616,NA,4.545,0.015,90,-90
3092,22,25,1051.894,618.561,38101.267,2,130,153.38,120.685,NA,1.931,0.006,168.69,78.69
3093,22,26,1045.833,611.742,38401.277,2,228,162.503,116.127,NA,9.122,0.03,-131.634,59.676
3094,22,27,1045.833,609.47,38701.287,2,255,164.775,116.681,NA,2.273,0.008,-90,41.634
3095,22,28,1045.076,609.47,39001.297,2,226,165.533,115.949,NA,0.758,0.003,180,-90
3096,22,29,1047.348,606.061,39301.307,2,248,169.63,119.046,NA,4.097,0.014,-56.31,123.69
3097,22,30,1053.409,606.061,39601.317,2,255,175.691,124.881,NA,6.061,0.02,0,56.31
3098,22,31,1053.409,606.818,39901.327,2,228,176.448,124.683,NA,0.758,0.003,90,90
3099,22,32,1061.364,606.439,40201.337,2,253,184.412,132.477,NA,7.964,0.027,-2.726,-92.726
3100,22,33,1065.152,601.894,40501.347,2,198,190.329,137.31,NA,5.917,0.02,-50.194,-47.468
3101,22,34,1065.152,601.894,40801.357,2,180,190.329,137.31,NA,0,0,0,50.194
3102,22,35,1070.455,596.212,41101.367,2,141,198.101,144.008,NA,7.772,0.026,-46.975,-46.975
3103,22,36,1082.576,588.258,41401.377,2,114,212.599,157.996,NA,14.498,0.048,-33.275,13.7
3104,22,37,1085.985,588.258,41701.387,2,203,216.008,161.228,NA,3.409,0.011,0,33.275
3105,22,38,1094.697,579.924,42001.397,2,155,228.064,172.199,NA,12.056,0.04,-43.727,-43.727
3106,22,39,1104.924,579.545,42301.407,2,190,238.298,181.962,NA,10.234,0.034,-2.121,41.606
3107,22,40,1109.091,578.03,42601.417,2,235,242.732,186.395,NA,4.434,0.015,-19.983,-17.862
3108,22,41,1117.803,568.182,42901.427,2,255,255.881,197.955,NA,13.149,0.044,-48.504,-28.52
3109,22,42,1123.485,563.258,43201.437,2,255,263.399,205.039,NA,7.519,0.025,-40.914,7.589
3110,22,43,1123.485,560.985,43501.447,2,255,265.672,205.89,NA,2.273,0.008,-90,-49.086
3111,22,44,1126.515,560.985,43801.457,2,252,268.702,208.697,NA,3.03,0.01,0,90
3112,22,45,1127.273,560.985,44101.467,2,210,269.46,209.4,NA,0.758,0.003,0,0
3113,22,46,1127.273,560.985,44401.477,2,248,269.46,209.4,NA,0,0,0,0
3114,22,47,1127.273,553.03,44701.487,2,255,277.415,212.492,NA,7.955,0.027,-90,-90
3115,22,48,1124.621,544.697,45001.497,2,183,286.16,213.617,NA,8.745,0.029,-107.65,-17.65
3116,22,49,1124.242,539.015,45301.507,2,182,291.854,215.85,NA,5.694,0.019,-93.814,13.836
3117,22,50,1131.818,539.015,45601.517,2,237,299.43,222.591,NA,7.576,0.025,0,93.814
3118,22,51,1131.818,539.015,45901.527,2,235,299.43,222.591,NA,0,0,0,0
3119,22,52,1129.167,520.076,46201.537,2,175,318.554,229.447,NA,19.124,0.064,-97.97,-97.97
3120,22,53,1124.242,514.773,46501.547,2,237,325.791,228.095,NA,7.237,0.024,-132.879,-34.909
3121,22,54,1123.106,507.576,46801.557,2,141,333.077,231.158,NA,7.286,0.024,-98.973,33.906
3122,22,55,1126.894,487.879,47101.567,2,255,353.135,245.875,NA,20.058,0.067,-79.114,19.858
3123,22,56,1146.212,475,47401.577,2,226,376.352,269.035,NA,23.218,0.077,-33.69,45.424
3124,22,57,1152.652,472.727,47701.587,2,132,383.181,275.533,NA,6.829,0.023,-19.44,14.25
3125,22,58,1142.424,472.727,48001.597,2,176,393.408,267.449,NA,10.227,0.034,180,-160.56
3126,22,59,1142.424,464.773,48301.607,2,119,401.363,272.466,NA,7.955,0.027,-90,90
3127,22,60,1142.424,446.212,48601.617,2,255,419.923,284.694,NA,18.561,0.062,-90,0
3128,22,61,1144.697,438.258,48901.627,2,255,428.196,291.785,NA,8.273,0.028,-74.055,15.945
3129,22,62,1144.697,433.712,49201.637,2,247,432.742,294.931,NA,4.545,0.015,-90,-15.945
3130,22,63,1145.455,433.712,49501.647,2,205,433.499,295.475,NA,0.758,0.003,0,90
3131,22,64,1152.652,435.606,49801.657,2,212,440.941,299.403,NA,7.442,0.025,14.744,14.744
3132,22,65,1157.955,435.985,50101.667,2,197,446.258,303.062,NA,5.317,0.018,4.086,-10.658
3133,22,66,1159.848,412.121,50401.677,2,208,470.196,320.876,NA,23.939,0.08,-85.462,-89.548
3134,22,67,1159.848,407.955,50701.686,2,171,474.363,323.836,NA,4.167,0.014,-90,-4.538
3135,22,68,1163.258,404.545,51001.696,2,243,479.184,328.657,NA,4.821,0.016,-45,45
3136,22,69,1168.561,401.894,51301.706,2,132,485.113,334.27,NA,5.929,0.02,-26.565,18.435
3137,22,70,1178.788,399.242,51601.716,2,180,495.679,343.402,NA,10.565,0.035,-14.534,12.031
3138,22,71,1182.955,392.045,51901.726,2,247,503.995,351.417,NA,8.316,0.028,-59.931,-45.397
3139,22,72,1178.03,381.439,52201.736,2,237,515.688,355.538,NA,11.693,0.039,-114.905,-54.973
3140,22,73,1171.591,372.727,52501.746,2,116,526.522,357.57,NA,10.834,0.036,-126.469,-11.564
3141,22,74,1161.364,360.227,52801.756,2,221,542.673,360.407,NA,16.151,0.054,-129.289,-2.82
3142,22,75,1160.985,359.091,53101.766,2,255,543.87,361.048,NA,1.198,0.004,-108.435,20.854
3143,22,76,1153.788,359.091,53401.776,2,236,551.067,356.546,NA,7.197,0.024,180,-71.565
3144,22,77,1143.939,359.091,53701.786,2,238,560.916,350.531,NA,9.848,0.033,180,0
3145,22,78,1135.227,359.091,54001.796,2,113,569.628,345.358,NA,8.712,0.029,180,0
3146,22,79,1135.606,364.394,54301.806,2,255,574.944,341.298,NA,5.317,0.018,85.914,-94.086
3147,22,80,1134.848,385.606,54601.816,2,201,596.17,324.002,NA,21.226,0.071,92.045,6.131
3148,22,81,1124.621,403.409,54901.826,2,255,616.702,303.721,NA,20.532,0.068,119.876,27.831
3149,22,82,1124.621,409.091,55201.836,2,246,622.384,299.335,NA,5.682,0.019,90,-29.876
3150,22,83,1120.076,420.833,55501.846,2,255,634.975,287.433,NA,12.591,0.042,111.161,21.161
3151,22,84,1117.803,442.424,55801.856,2,194,656.685,269.846,NA,21.71,0.072,96.009,-15.152
3152,22,85,1113.636,438.636,56101.866,2,255,662.316,269.81,NA,5.631,0.019,-137.726,126.265
3153,22,86,1112.5,433.333,56401.876,2,117,667.74,273.023,NA,5.423,0.018,-102.095,35.632
3154,22,87,1109.848,425.758,56701.886,2,185,675.766,277.074,NA,8.026,0.027,-109.29,-7.195
3155,22,88,1109.848,417.803,57001.896,2,236,683.721,283.242,NA,7.955,0.027,-90,19.29
3156,22,89,1105.303,415.909,57301.906,2,114,688.645,281.923,NA,4.924,0.016,-157.38,-67.38
3157,22,90,1105.303,415.909,57601.916,2,249,688.645,281.923,NA,0,0,0,157.38
3158,22,91,1117.803,415.909,57901.926,2,205,701.145,289.733,NA,12.5,0.042,0,0
3159,22,92,1125,426.136,58201.936,2,255,713.651,286.703,NA,12.506,0.042,54.866,54.866
3160,22,93,1140.152,443.939,58501.946,2,255,737.028,284.579,NA,23.378,0.078,49.6,-5.266
3161,22,94,1153.03,446.97,58801.956,2,255,750.259,292.087,NA,13.23,0.044,13.241,-36.36
3162,22,95,1154.924,449.621,59101.966,2,249,753.517,291.789,NA,3.258,0.011,54.462,41.222
3163,22,96,1172.348,458.712,59401.976,2,242,773.17,299.698,NA,19.653,0.066,27.553,-26.91
3164,22,97,1185.606,465.53,59701.986,2,140,788.079,306.48,NA,14.908,0.05,27.216,-0.337
3165,22,98,1190.53,468.561,60001.996,2,166,793.86,308.869,NA,5.782,0.019,31.608,4.391
3166,22,99,1198.864,469.697,60302.006,2,123,802.271,315.24,NA,8.41,0.028,7.765,-23.842
3167,22,100,1202.652,471.97,60602.016,2,146,806.688,317.239,NA,4.417,0.015,30.964,23.199
3168,22,101,1202.652,478.03,60902.026,2,255,812.749,314.09,NA,6.061,0.02,90,59.036
3169,22,102,1202.652,478.03,61202.036,2,255,812.749,314.09,NA,0,0,0,-90
3170,22,103,1202.652,478.03,61502.046,2,255,812.749,314.09,NA,0,0,0,0
3171,22,104,1202.652,478.03,61802.056,2,252,812.749,314.09,NA,0,0,0,0
3172,22,105,1202.652,480.303,62102.066,2,255,815.022,312.931,NA,2.273,0.008,90,90
3173,22,106,1202.652,480.303,62402.076,2,255,815.022,312.931,NA,0,0,0,-90
3174,22,107,1214.394,476.515,62702.086,2,239,827.36,324.984,NA,12.338,0.041,-17.879,-17.879
3175,22,108,1223.106,476.515,63002.096,2,240,836.072,332.557,NA,8.712,0.029,0,17.879
3176,22,109,1236.742,479.924,63302.106,2,253,850.128,342.924,NA,14.056,0.047,14.036,14.036
3177,22,110,1244.318,485.985,63602.116,2,195,859.83,346.937,NA,9.702,0.032,38.66,24.624
3178,22,111,1243.939,498.864,63902.126,2,246,872.714,341.107,NA,12.884,0.043,91.685,53.025
3179,22,112,1243.939,506.061,64202.136,2,255,879.911,338.214,NA,7.197,0.024,90,-1.685
3180,22,113,1250.758,515.53,64502.146,2,197,891.58,340.951,NA,11.669,0.039,54.246,-35.754
3181,22,114,1255.682,530.682,64802.156,2,255,907.512,340.425,NA,15.932,0.053,71.996,17.75
3182,22,115,1255.682,535.985,65102.165,2,179,912.815,338.774,NA,5.303,0.018,90,18.004
3183,22,116,1259.091,534.091,65402.175,2,123,916.715,342.599,NA,3.9,0.013,-29.055,-119.055
3184,22,117,1266.288,536.364,65702.185,2,255,924.262,348.781,NA,7.547,0.025,17.526,46.58
3185,22,118,1268.182,535.606,66002.195,2,156,926.302,350.814,NA,2.04,0.007,-21.801,-39.327
3186,22,119,1263.636,532.576,66302.205,2,239,931.765,347.39,NA,5.463,0.018,-146.31,-124.509
3187,22,120,1264.773,532.576,66602.215,2,132,932.901,348.472,NA,1.136,0.004,0,146.31
3188,22,121,1264.773,534.848,66902.225,2,255,935.174,347.784,NA,2.273,0.008,90,90
3189,22,122,1258.333,522.727,67202.235,2,169,948.899,345.535,NA,13.726,0.046,-117.979,152.021
3190,22,123,1258.333,517.045,67502.245,2,178,954.581,347.488,NA,5.682,0.019,-90,27.979
3191,22,124,1280.682,529.167,67802.255,2,247,980.005,364.666,NA,25.424,0.085,28.474,118.474
3192,22,125,1313.636,530.303,68102.265,2,174,1012.979,395.9,NA,32.974,0.11,1.975,-26.499
3193,22,126,1326.136,529.924,68402.275,2,255,1025.485,408.035,NA,12.506,0.042,-1.736,-3.711
3194,22,127,1340.909,529.545,68702.285,2,204,1040.262,422.387,NA,14.778,0.049,-1.469,0.267
3195,22,128,1339.394,524.621,69002.295,2,162,1045.415,422.231,NA,5.152,0.017,-107.103,-105.634
3196,22,129,1348.106,541.288,69302.305,2,68,1064.221,426.499,NA,18.806,0.063,62.403,169.505
3197,22,130,1354.545,550.379,69602.315,2,238,1075.361,430.808,NA,11.14,0.037,54.689,-7.714
3198,22,131,1351.515,553.03,69902.325,2,219,1079.388,427.301,NA,4.027,0.013,138.814,84.125
3199,22,132,1349.242,547.348,70202.335,2,213,1085.507,426.261,NA,6.12,0.02,-111.801,109.385
3200,22,133,1358.712,547.348,70502.345,2,255,1094.977,435.514,NA,9.47,0.032,0,111.801
3201,22,134,1352.652,538.636,70802.355,2,255,1105.59,431.534,NA,10.613,0.035,-124.824,-124.824
3202,22,135,1345.833,520.455,71102.365,2,190,1125.008,429.564,NA,19.418,0.065,-110.556,14.268
3203,22,136,1340.53,512.121,71402.375,2,149,1134.886,426.872,NA,9.878,0.033,-122.471,-11.915
3204,22,137,1340.152,505.682,71702.385,2,211,1141.336,428.471,NA,6.451,0.022,-93.366,29.105
3205,22,138,1341.288,503.03,72002.395,2,130,1144.221,430.381,NA,2.885,0.01,-66.801,26.565
3206,23,1,964.773,752.652,25800.858,2,72,0,0,NA,NA,NA,NA,NA
3207,23,2,968.939,745.076,26100.868,2,39,8.646,8.646,NA,8.646,0.029,-61.189,NA
3208,23,3,978.409,738.258,26400.878,2,80,20.315,19.828,NA,11.669,0.039,-35.754,25.435
3209,23,4,985.606,737.121,26700.888,2,158,27.601,25.985,NA,7.286,0.024,-8.973,26.781
3210,23,5,990.152,737.879,27000.898,2,143,32.209,29.365,NA,4.608,0.015,9.462,18.435
3211,23,6,990.152,730.682,27300.908,2,155,39.406,33.567,NA,7.197,0.024,-90,-99.462
3212,23,7,990.53,726.894,27600.918,2,191,43.213,36.427,NA,3.807,0.013,-84.289,5.711
3213,23,8,990.53,726.894,27900.928,2,154,43.213,36.427,NA,0,0,0,84.289
3214,23,9,989.394,724.621,28200.938,2,173,45.754,37.308,NA,2.541,0.008,-116.565,-116.565
3215,23,10,996.212,724.242,28500.948,2,227,52.583,42.373,NA,6.829,0.023,-3.18,113.385
3216,23,11,1010.227,732.576,28800.958,2,175,68.888,49.691,NA,16.305,0.054,30.735,33.915
3217,23,12,1019.318,732.955,29100.968,2,225,77.987,57.993,NA,9.099,0.03,2.386,-28.35
3218,23,13,1023.485,731.061,29400.978,2,231,82.564,62.556,NA,4.577,0.015,-24.444,-26.83
3219,23,14,1027.652,722.727,29700.988,2,211,91.881,69.636,NA,9.317,0.031,-63.435,-38.991
3220,23,15,1034.091,714.394,30000.998,2,229,102.412,79.175,NA,10.531,0.035,-52.306,11.129
3221,23,16,1036.364,708.712,30301.008,2,255,108.532,84,NA,6.12,0.02,-68.199,-15.893
3222,23,17,1043.182,710.227,30601.018,2,255,115.516,89.15,NA,6.985,0.023,12.529,80.727
3223,23,18,1043.182,710.227,30901.028,2,255,115.516,89.15,NA,0,0,0,-12.529
3224,23,19,1045.455,708.712,31201.038,2,245,118.248,91.871,NA,2.731,0.009,-33.69,-33.69
3225,23,20,1055.682,709.47,31501.048,2,175,128.503,100.644,NA,10.255,0.034,4.236,37.926
3226,23,21,1065.53,716.288,31801.058,2,255,140.481,107.119,NA,11.978,0.04,34.695,30.459
3227,23,22,1074.621,716.288,32101.068,2,255,149.572,115.711,NA,9.091,0.03,0,-34.695
3228,23,23,1073.485,709.848,32401.078,2,252,156.111,116.835,NA,6.539,0.022,-100.008,-100.008
3229,23,24,1073.485,709.848,32701.088,2,255,156.111,116.835,NA,0,0,0,100.008
3230,23,25,1075,709.091,33001.098,2,255,157.805,118.522,NA,1.694,0.006,-26.565,-26.565
3231,23,26,1077.652,704.167,33301.108,2,255,163.398,122.851,NA,5.593,0.019,-61.699,-35.134
3232,23,27,1089.015,701.515,33601.118,2,255,175.067,134.354,NA,11.669,0.039,-13.134,48.565
3233,23,28,1094.318,701.515,33901.128,2,219,180.37,139.273,NA,5.303,0.018,0,13.134
3234,23,29,1095.455,697.727,34201.138,2,255,184.324,141.755,NA,3.955,0.013,-73.301,-73.301
3235,23,30,1095.455,695.076,34501.148,2,255,186.976,142.803,NA,2.652,0.009,-90,-16.699
3236,23,31,1095.833,698.864,34801.158,2,255,190.783,141.669,NA,3.807,0.013,84.289,174.289
3237,23,32,1102.652,706.818,35101.168,2,255,201.259,145.297,NA,10.477,0.035,49.399,-34.891
3238,23,33,1105.303,706.439,35401.178,2,255,203.938,147.934,NA,2.678,0.009,-8.13,-57.529
3239,23,34,1117.424,702.273,35701.188,2,235,216.755,160.75,NA,12.817,0.043,-18.97,-10.84
3240,23,35,1117.803,692.045,36001.198,2,249,226.989,164.595,NA,10.234,0.034,-87.879,-68.908
3241,23,36,1125,691.288,36301.207,2,255,234.226,171.576,NA,7.237,0.024,-6.009,81.87
3242,23,37,1129.545,691.288,36601.217,2,229,238.772,175.828,NA,4.545,0.015,0,6.009
3243,23,38,1129.924,691.288,36901.227,2,255,239.15,176.183,NA,0.379,0.001,0,0
3244,23,39,1129.924,691.288,37201.237,2,208,239.15,176.183,NA,0,0,0,0
3245,23,40,1134.848,693.939,37501.247,2,203,244.743,179.925,NA,5.593,0.019,28.301,28.301
3246,23,41,1134.848,693.939,37801.257,2,202,244.743,179.925,NA,0,0,0,-28.301
3247,23,42,1143.561,694.697,38101.267,2,226,253.488,187.946,NA,8.745,0.029,4.97,4.97
3248,23,43,1153.03,693.939,38401.277,2,232,262.988,197.2,NA,9.5,0.032,-4.574,-9.544
3249,23,44,1161.364,693.939,38701.287,2,255,271.321,205.171,NA,8.333,0.028,0,4.574
3250,23,45,1168.561,692.424,39001.297,2,249,278.676,212.501,NA,7.355,0.025,-11.889,-11.889
3251,23,46,1177.273,692.424,39301.307,2,255,287.388,220.87,NA,8.712,0.029,0,11.889
3252,23,47,1178.03,689.773,39601.317,2,255,290.146,222.334,NA,2.758,0.009,-74.055,-74.055
3253,23,48,1193.561,689.394,39901.327,2,197,305.681,237.372,NA,15.535,0.052,-1.397,72.657
3254,23,49,1202.652,689.773,40201.337,2,182,314.78,246.049,NA,9.099,0.03,2.386,3.783
3255,23,50,1214.394,690.909,40501.347,2,253,326.577,257.144,NA,11.797,0.039,5.528,3.142
3256,23,51,1217.803,689.773,40801.357,2,255,330.17,260.726,NA,3.593,0.012,-18.435,-23.962
3257,23,52,1219.697,689.015,41101.367,2,243,332.21,262.747,NA,2.04,0.007,-21.801,-3.366
3258,23,53,1220.455,690.53,41401.377,2,255,333.904,263.12,NA,1.694,0.006,63.435,85.236
3259,23,54,1225.379,690.53,41701.387,2,255,338.828,267.908,NA,4.924,0.016,0,-63.435
3260,23,55,1230.303,686.742,42001.397,2,121,345.041,273.588,NA,6.213,0.021,-37.569,-37.569
3261,23,56,1254.924,693.939,42301.407,2,92,370.693,296.032,NA,25.652,0.086,16.294,53.863
3262,23,57,1260.227,695.076,42601.417,2,232,376.116,301.012,NA,5.423,0.018,12.095,-4.199
3263,23,58,1261.364,703.03,42901.427,2,188,384.151,300.713,NA,8.035,0.027,81.87,69.775
3264,23,59,1272.727,711.364,43201.437,2,255,398.243,310.71,NA,14.092,0.047,36.254,-45.616
3265,23,60,1273.106,711.742,43501.447,2,200,398.779,311.035,NA,0.536,0.002,45,8.746
3266,23,61,1279.167,711.742,43801.457,2,109,404.839,317.044,NA,6.061,0.02,0,-45
3267,23,62,1288.258,703.788,44101.467,2,149,416.919,327.155,NA,12.08,0.04,-41.186,-41.186
3268,23,63,1297.727,696.212,44401.477,2,138,429.046,337.704,NA,12.127,0.04,-38.66,2.526
3269,23,64,1308.333,690.909,44701.487,2,255,440.904,349.064,NA,11.858,0.04,-26.565,12.095
3270,23,65,1318.182,689.394,45001.497,2,227,450.868,359.026,NA,9.964,0.033,-8.746,17.819
3271,23,66,1322.348,692.424,45301.507,2,185,456.021,362.612,NA,5.152,0.017,36.027,44.774
3272,23,67,1340.909,688.636,45601.517,2,255,474.964,381.545,NA,18.943,0.063,-11.535,-47.562
3273,23,68,1349.621,687.5,45901.527,2,165,483.75,390.324,NA,8.786,0.029,-7.431,4.103
3274,23,69,1352.652,674.621,46201.537,2,246,496.98,395.65,NA,13.23,0.044,-76.759,-69.328
3275,23,70,1354.924,670.076,46501.547,2,210,502.062,398.794,NA,5.082,0.017,-63.435,13.325
3276,23,71,1361.364,668.561,46801.557,2,255,508.677,405.408,NA,6.615,0.022,-13.241,50.194
3277,23,72,1370.833,660.227,47101.567,2,255,521.292,416.446,NA,12.614,0.042,-41.348,-28.107
3278,23,73,1375.758,658.712,47401.577,2,251,526.444,421.584,NA,5.152,0.017,-17.103,24.245
3279,23,74,1375.758,664.394,47701.587,2,199,532.125,420.355,NA,5.682,0.019,90,107.103
3280,23,75,1381.439,670.833,48001.597,2,255,540.713,424.624,NA,8.588,0.029,48.576,-41.424
3281,23,76,1385.606,662.879,48301.607,2,255,549.693,430.302,NA,8.98,0.03,-62.354,-110.93
3282,23,77,1387.879,660.606,48601.617,2,245,552.907,433.002,NA,3.214,0.011,-45,17.354
3283,23,78,1387.879,673.485,48901.627,2,255,565.786,430.449,NA,12.879,0.043,90,135
3284,23,79,1387.879,673.485,49201.637,2,255,565.786,430.449,NA,0,0,0,-90
3285,23,80,1387.879,673.485,49501.647,2,243,565.786,430.449,NA,0,0,0,0
3286,23,81,1395.076,685.606,49801.657,2,255,579.883,435.495,NA,14.097,0.047,59.3,59.3
3287,23,82,1408.333,691.288,50101.667,2,125,594.306,447.785,NA,14.424,0.048,23.199,-36.102
3288,23,83,1426.136,695.833,50401.677,2,194,612.681,464.849,NA,18.374,0.061,14.323,-8.876
3289,23,84,1437.5,686.364,50701.686,2,253,627.473,477.352,NA,14.792,0.049,-39.806,-54.128
3290,23,85,1445.833,675,51001.696,2,238,641.564,487.287,NA,14.092,0.047,-53.746,-13.941
3291,23,86,1455.303,659.47,51301.706,2,178,659.754,499.302,NA,18.19,0.061,-58.627,-4.881
3292,23,87,1463.258,643.561,51601.716,2,71,677.541,510.282,NA,17.787,0.059,-63.435,-4.808
3293,23,88,1476.894,636.364,51901.726,2,244,692.96,525.158,NA,15.419,0.051,-27.824,35.611
3294,23,89,1493.561,632.955,52201.736,2,247,709.972,542.166,NA,17.012,0.057,-11.56,16.264
3295,23,90,1514.773,624.242,52501.746,2,128,732.903,564.791,NA,22.932,0.076,-22.329,-10.769
3296,23,91,1540.152,624.242,52801.756,2,70,758.282,589.533,NA,25.379,0.085,0,22.329
3297,23,92,1547.348,631.061,53101.766,2,255,768.196,595.129,NA,9.914,0.033,43.452,43.452
3298,24,1,1000,791.667,31801.058,2,111,0,0,NA,NA,NA,NA,NA
3299,24,2,1007.197,790.909,32101.068,2,210,7.237,7.237,NA,7.237,0.024,-6.009,NA
3300,24,3,1016.288,790.909,32401.078,2,145,16.328,16.305,NA,9.091,0.03,0,6.009
3301,24,4,1016.288,790.909,32701.088,2,161,16.328,16.305,NA,0,0,0,0
3302,24,5,1016.288,787.5,33001.098,2,187,19.737,16.812,NA,3.409,0.011,-90,-90
3303,24,6,1020.076,787.5,33301.108,2,161,23.525,20.504,NA,3.788,0.013,0,90
3304,24,7,1031.439,793.182,33601.118,2,150,36.23,31.476,NA,12.705,0.042,26.565,26.565
3305,24,8,1041.667,793.182,33901.128,2,215,46.457,41.694,NA,10.227,0.034,0,-26.565
3306,24,9,1041.667,793.182,34201.138,2,233,46.457,41.694,NA,0,0,0,0
3307,24,10,1041.667,793.182,34501.148,2,223,46.457,41.694,NA,0,0,0,0
3308,24,11,1041.667,793.182,34801.158,2,166,46.457,41.694,NA,0,0,0,0
3309,24,12,1046.591,781.818,35101.168,2,132,58.841,47.62,NA,12.385,0.041,-66.571,-66.571
3310,24,13,1059.091,771.97,35401.178,2,92,74.755,62.287,NA,15.914,0.053,-38.234,28.337
3311,24,14,1067.424,769.697,35701.188,2,230,83.393,70.913,NA,8.638,0.029,-15.255,22.979
3312,24,15,1067.424,769.697,36001.198,2,255,83.393,70.913,NA,0,0,0,15.255
3313,24,16,1072.727,769.697,36301.207,2,234,88.696,75.973,NA,5.303,0.018,0,0
3314,24,17,1072.727,769.697,36601.217,2,255,88.696,75.973,NA,0,0,0,0
3315,24,18,1077.273,769.697,36901.227,2,255,93.241,80.335,NA,4.545,0.015,0,0
3316,24,19,1084.848,769.697,37201.237,2,130,100.817,87.647,NA,7.576,0.025,0,0
3317,24,20,1084.848,769.697,37501.247,2,124,100.817,87.647,NA,0,0,0,0
3318,24,21,1084.848,769.697,37801.257,2,88,100.817,87.647,NA,0,0,0,0
3319,24,22,1084.848,769.697,38101.267,2,163,100.817,87.647,NA,0,0,0,0
3320,24,23,1084.848,769.697,38401.277,2,68,100.817,87.647,NA,0,0,0,0
3321,24,24,1085.227,764.394,38701.287,2,78,106.134,89.485,NA,5.317,0.018,-85.914,-85.914
3322,24,25,1100.758,764.394,39001.297,2,157,121.664,104.383,NA,15.53,0.052,0,85.914
3323,24,26,1118.182,770.833,39301.307,2,219,140.24,120.004,NA,18.576,0.062,20.283,20.283
3324,24,27,1124.621,770.833,39601.317,2,178,146.679,126.351,NA,6.439,0.021,0,-20.283
3325,24,28,1129.545,761.742,39901.327,2,129,157.018,132.957,NA,10.339,0.034,-61.557,-61.557
3326,24,29,1139.015,755.682,40201.337,2,249,168.261,143.597,NA,11.243,0.037,-32.619,28.938
3327,24,30,1149.242,753.788,40501.347,2,255,178.662,153.974,NA,10.401,0.035,-10.491,22.128
3328,24,31,1159.848,753.788,40801.357,2,255,189.268,164.275,NA,10.606,0.035,0,10.491
3329,24,32,1168.182,753.788,41101.367,2,177,197.602,172.395,NA,8.333,0.028,0,0
3330,24,33,1168.182,753.788,41401.377,2,162,197.602,172.395,NA,0,0,0,0
3331,24,34,1173.106,750,41701.387,2,193,203.814,178.05,NA,6.213,0.021,-37.569,-37.569
3332,24,35,1187.879,749.621,42001.397,2,150,218.592,192.526,NA,14.778,0.049,-1.469,36.1
3333,24,36,1198.864,749.621,42301.407,2,242,229.577,203.26,NA,10.985,0.037,0,1.469
3334,24,37,1205.682,753.788,42601.417,2,184,237.567,209.141,NA,7.991,0.027,31.43,31.43
3335,24,38,1213.636,753.788,42901.427,2,239,245.522,216.968,NA,7.955,0.027,0,-31.43
3336,24,39,1223.864,754.545,43201.437,2,124,255.777,226.92,NA,10.255,0.034,4.236,4.236
3337,24,40,1225.379,754.545,43501.447,2,146,257.292,228.415,NA,1.515,0.005,0,-4.236
3338,24,41,1225.379,754.545,43801.457,2,146,257.292,228.415,NA,0,0,0,0
3339,24,42,1225.379,749.621,44101.467,2,186,262.217,229.267,NA,4.924,0.016,-90,-90
3340,24,43,1225.379,749.621,44401.477,2,180,262.217,229.267,NA,0,0,0,90
3341,24,44,1237.5,749.621,44701.487,2,127,274.338,241.193,NA,12.121,0.04,0,0
3342,24,45,1243.561,751.515,45001.497,2,94,280.687,246.848,NA,6.35,0.021,17.354,17.354
3343,24,46,1260.985,751.515,45301.507,2,212,298.112,264.055,NA,17.424,0.058,0,-17.354
3344,24,47,1267.803,751.515,45601.517,2,244,304.93,270.796,NA,6.818,0.023,0,0
3345,24,48,1267.803,751.515,45901.527,2,255,304.93,270.796,NA,0,0,0,0
3346,24,49,1267.803,760.606,46201.537,2,124,314.021,269.598,NA,9.091,0.03,90,90
3347,24,50,1273.485,756.439,46501.547,2,255,321.067,275.744,NA,7.046,0.023,-36.254,-126.254
3348,24,51,1277.652,758.333,46801.557,2,255,325.644,279.645,NA,4.577,0.015,24.444,60.698
3349,24,52,1282.197,758.333,47101.567,2,255,330.189,284.159,NA,4.545,0.015,0,-24.444
3350,24,53,1282.197,758.333,47401.577,2,135,330.189,284.159,NA,0,0,0,0
3351,24,54,1289.394,758.333,47701.587,2,182,337.386,291.307,NA,7.197,0.024,0,0
3352,24,55,1295.833,758.333,48001.597,2,255,343.825,297.705,NA,6.439,0.021,0,0
3353,24,56,1295.833,758.333,48301.607,2,209,343.825,297.705,NA,0,0,0,0
3354,24,57,1292.424,755.682,48601.617,2,237,348.144,294.63,NA,4.319,0.014,-142.125,-142.125
3355,24,58,1303.409,755.682,48901.627,2,177,359.129,305.536,NA,10.985,0.037,0,142.125
3356,24,59,1306.818,751.894,49201.637,2,207,364.225,309.385,NA,5.096,0.017,-48.013,-48.013
3357,24,60,1306.818,751.894,49501.647,2,193,364.225,309.385,NA,0,0,0,48.013
3358,24,61,1310.985,753.409,49801.657,2,255,368.659,313.329,NA,4.434,0.015,19.983,19.983
3359,24,62,1310.985,753.409,50101.667,2,186,368.659,313.329,NA,0,0,0,-19.983
3360,24,63,1319.318,756.818,50401.677,2,255,377.662,321.214,NA,9.004,0.03,22.249,22.249
3361,24,64,1321.212,756.818,50701.686,2,244,379.556,323.097,NA,1.894,0.006,0,-22.249
3362,24,65,1321.212,753.409,51001.696,2,255,382.965,323.482,NA,3.409,0.011,-90,-90
3363,24,66,1321.212,753.409,51301.706,2,255,382.965,323.482,NA,0,0,0,90
3364,24,67,1321.212,753.409,51601.716,2,255,382.965,323.482,NA,0,0,0,0
3365,24,68,1321.212,753.409,51901.726,2,205,382.965,323.482,NA,0,0,0,0
3366,24,69,1322.348,750.758,52201.736,2,135,385.85,324.934,NA,2.885,0.01,-66.801,-66.801
3367,24,70,1324.621,748.485,52501.746,2,255,389.064,327.481,NA,3.214,0.011,-45,21.801
3368,24,71,1325.379,748.485,52801.756,2,133,389.822,328.232,NA,0.758,0.003,0,45
3369,24,72,1334.091,751.515,53101.766,2,221,399.046,336.495,NA,9.224,0.031,19.179,19.179
3370,24,73,1340.152,751.515,53401.776,2,244,405.107,342.513,NA,6.061,0.02,0,-19.179
3371,24,74,1340.152,751.515,53701.786,2,255,405.107,342.513,NA,0,0,0,0
3372,24,75,1354.545,751.515,54001.796,2,235,419.501,356.812,NA,14.394,0.048,0,0
3373,24,76,1361.742,750.758,54301.806,2,231,426.737,364.048,NA,7.237,0.024,-6.009,-6.009
3374,24,77,1361.742,750,54601.816,2,255,427.495,364.134,NA,0.758,0.003,-90,-83.991
3375,24,78,1363.258,745.833,54901.826,2,224,431.928,366.138,NA,4.434,0.015,-70.017,19.983
3376,24,79,1363.258,745.833,55201.836,2,81,431.928,366.138,NA,0,0,0,70.017
3377,24,80,1384.848,745.076,55501.846,2,57,453.533,387.658,NA,21.604,0.072,-2.01,-2.01
3378,24,81,1384.848,733.712,55801.856,2,196,464.896,389.188,NA,11.364,0.038,-90,-87.99
3379,24,82,1394.697,733.712,56101.866,2,255,474.745,398.929,NA,9.848,0.033,0,90
3380,24,83,1401.894,735.985,56401.876,2,185,482.292,405.733,NA,7.547,0.025,17.526,17.526
3381,24,84,1401.894,735.985,56701.886,2,237,482.292,405.733,NA,0,0,0,-17.526
3382,24,85,1409.848,735.985,57001.896,2,185,490.247,413.614,NA,7.955,0.027,0,0
3383,24,86,1418.561,726.136,57301.906,2,185,503.396,423.659,NA,13.149,0.044,-48.504,-48.504
3384,24,87,1432.955,723.864,57601.916,2,226,517.968,438.232,NA,14.572,0.049,-8.973,39.531
3385,24,88,1433.333,721.212,57901.926,2,115,520.646,439.023,NA,2.678,0.009,-81.87,-72.897
3386,24,89,1437.121,719.318,58201.936,2,91,524.881,443.068,NA,4.235,0.014,-26.565,55.305
3387,24,90,1443.182,719.318,58501.946,2,29,530.942,449.048,NA,6.061,0.02,0,26.565
3388,24,91,1450.379,720.076,58801.956,2,245,538.179,456.033,NA,7.237,0.024,6.009,6.009
3389,24,92,1451.515,718.182,59101.966,2,242,540.387,457.456,NA,2.209,0.007,-59.036,-65.045
3390,24,93,1465.909,715.909,59401.976,2,127,554.96,472.028,NA,14.572,0.049,-8.973,50.064
3391,24,94,1470.833,715.909,59701.986,2,210,559.884,476.889,NA,4.924,0.016,0,8.973
3392,24,95,1479.924,714.773,60001.996,2,123,569.045,486.045,NA,9.162,0.031,-7.125,-7.125
3393,24,96,1492.424,710.227,60302.006,2,116,582.346,499.113,NA,13.301,0.044,-19.983,-12.858
3394,24,97,1504.167,700,60602.016,2,151,597.918,512.432,NA,15.572,0.052,-41.055,-21.072
3395,24,98,1519.318,700,60902.026,2,57,613.07,527.346,NA,15.152,0.051,0,41.055
3396,24,99,1524.242,677.652,61202.036,2,88,635.954,536.498,NA,22.885,0.076,-77.574,-77.574
3397,24,100,1532.576,678.03,61502.046,2,111,644.296,544.564,NA,8.342,0.028,2.603,80.177
3398,24,101,1545.076,678.03,61802.056,2,70,656.796,556.795,NA,12.5,0.042,0,-2.603
3399,24,102,1547.727,675.379,62102.066,2,40,660.546,559.936,NA,3.75,0.012,-45,-45
3400,25,1,499.242,838.636,7800.259,2,19,0,0,NA,NA,NA,NA,NA
3401,25,2,498.485,846.591,8100.269,2,53,7.991,7.991,NA,7.991,0.027,95.44,NA
3402,25,3,492.803,847.727,8400.279,2,46,13.785,11.14,NA,5.794,0.019,168.69,73.25
3403,25,4,492.803,845.455,8700.289,2,58,16.058,9.378,NA,2.273,0.008,-90,101.31
3404,25,5,492.803,842.424,9000.299,2,87,19.088,7.471,NA,3.03,0.01,-90,0
3405,25,6,486.742,849.242,9300.309,2,97,28.21,16.393,NA,9.122,0.03,131.634,-138.366
3406,25,7,481.818,854.545,9600.319,2,141,35.447,23.595,NA,7.237,0.024,132.879,1.245
3407,25,8,480.682,854.545,9900.329,2,139,36.583,24.446,NA,1.136,0.004,180,47.121
3408,25,9,477.652,854.545,10200.339,2,143,39.614,26.819,NA,3.03,0.01,180,0
3409,25,10,477.652,854.545,10500.349,2,198,39.614,26.819,NA,0,0,0,-180
3410,25,11,468.182,852.273,10800.359,2,255,49.352,33.922,NA,9.739,0.032,-166.504,-166.504
3411,25,12,468.182,846.97,11100.369,2,150,54.655,32.159,NA,5.303,0.018,-90,76.504
3412,25,13,469.318,846.591,11400.379,2,132,55.853,30.963,NA,1.198,0.004,-18.435,71.565
3413,25,14,468.182,846.591,11700.389,2,166,56.99,32.063,NA,1.136,0.004,180,-161.565
3414,25,15,461.364,849.242,12000.399,2,178,64.305,39.336,NA,7.316,0.024,158.749,-21.251
3415,25,16,456.818,856.439,12300.409,2,160,72.817,46.008,NA,8.512,0.028,122.276,-36.474
3416,25,17,456.818,865.53,12600.419,2,112,81.908,50.23,NA,9.091,0.03,90,-32.276
3417,25,18,456.818,865.53,12900.429,2,166,81.908,50.23,NA,0,0,0,-90
3418,25,19,452.273,862.879,13200.439,2,255,87.171,52.857,NA,5.262,0.018,-149.744,-149.744
3419,25,20,447.348,862.5,13500.449,2,255,92.109,57.118,NA,4.939,0.016,-175.601,-25.858
3420,25,21,436.742,863.258,13800.459,2,149,102.742,67.175,NA,10.633,0.035,175.914,-8.484
3421,25,22,434.848,863.636,14100.469,2,87,104.674,69.077,NA,1.931,0.006,168.69,-7.224
3422,25,23,434.848,863.636,14400.479,2,246,104.674,69.077,NA,0,0,0,-168.69
3423,25,24,432.197,861.742,14700.489,2,180,107.932,70.915,NA,3.258,0.011,-144.462,-144.462
3424,25,25,427.273,860.606,15000.499,2,177,112.986,75.248,NA,5.054,0.017,-167.005,-22.543
3425,25,26,420.833,860.606,15300.509,2,129,119.425,81.429,NA,6.439,0.021,180,-12.995
3426,25,27,420.455,860.606,15600.519,2,217,119.804,81.794,NA,0.379,0.001,180,0
3427,25,28,411.364,854.545,15900.529,2,209,130.73,89.307,NA,10.926,0.036,-146.31,33.69
3428,25,29,403.03,854.545,16200.539,2,128,139.063,97.519,NA,8.333,0.028,180,-33.69
3429,25,30,403.03,857.197,16500.549,2,243,141.715,97.986,NA,2.652,0.009,90,-90
3430,25,31,381.439,870.455,16800.559,2,147,167.051,122.024,NA,25.336,0.084,148.449,58.449
3431,25,32,385.985,871.212,17100.569,2,121,171.659,117.849,NA,4.608,0.015,9.462,-138.986
3432,25,33,376.515,878.03,17400.579,2,248,183.328,128.895,NA,11.669,0.039,144.246,134.784
3433,25,34,378.788,881.818,17700.589,2,133,187.746,127.961,NA,4.417,0.015,59.036,-85.21
3434,25,35,384.091,894.697,18000.599,2,232,201.674,128.073,NA,13.928,0.046,67.62,8.584
3435,25,36,384.091,894.697,18300.609,2,174,201.674,128.073,NA,0,0,0,-67.62
3436,25,37,383.333,898.106,18600.619,2,168,205.166,130.275,NA,3.492,0.012,102.529,102.529
3437,25,38,383.333,904.924,18900.629,2,247,211.984,133.525,NA,6.818,0.023,90,-12.529
3438,25,39,383.333,911.364,19200.639,2,142,218.423,136.836,NA,6.439,0.021,90,0
3439,25,40,383.333,920.076,19500.649,2,115,227.136,141.659,NA,8.712,0.029,90,0
3440,25,41,376.894,910.606,19800.659,2,189,238.587,141.946,NA,11.452,0.038,-124.216,145.784
3441,25,42,376.515,906.439,20100.669,2,206,242.771,140.211,NA,4.184,0.014,-95.194,29.021
3442,25,43,370.833,904.545,20400.679,2,110,248.76,144.336,NA,5.989,0.02,-161.565,-66.371
3443,25,44,363.258,898.485,20700.689,2,165,258.462,148.572,NA,9.702,0.032,-141.34,20.225
3444,25,45,363.258,898.485,21000.699,2,231,258.462,148.572,NA,0,0,0,141.34
3445,25,46,363.258,898.485,21300.709,2,255,258.462,148.572,NA,0,0,0,0
3446,25,47,365.53,901.894,21600.719,2,235,262.559,147.92,NA,4.097,0.014,56.31,56.31
3447,25,48,366.667,901.894,21900.728,2,126,263.696,146.894,NA,1.136,0.004,0,-56.31
3448,25,49,361.742,905.303,22200.738,2,109,269.685,152.809,NA,5.989,0.02,145.305,145.305
3449,25,50,360.985,905.303,22500.748,2,215,270.442,153.491,NA,0.758,0.003,180,34.695
3450,25,51,360.985,905.303,22800.758,2,241,270.442,153.491,NA,0,0,0,-180
3451,25,52,360.985,905.303,23100.768,2,244,270.442,153.491,NA,0,0,0,0
3452,25,53,360.985,905.303,23400.778,2,224,270.442,153.491,NA,0,0,0,0
3453,25,54,360.985,905.303,23700.788,2,129,270.442,153.491,NA,0,0,0,0
3454,25,55,360.985,905.303,24000.798,2,184,270.442,153.491,NA,0,0,0,0
3455,25,56,359.848,901.515,24300.808,2,166,274.397,152.92,NA,3.955,0.013,-106.699,-106.699
3456,25,57,350.758,895.833,24600.818,2,120,285.117,159.12,NA,10.72,0.036,-147.995,-41.295
3457,25,58,340.152,894.697,24900.828,2,114,295.784,168.679,NA,10.667,0.036,-173.884,-25.89
3458,25,59,339.773,894.697,25200.838,2,177,296.163,169.037,NA,0.379,0.001,180,-6.116
3459,25,60,336.742,892.424,25500.848,2,190,299.951,171.171,NA,3.788,0.013,-143.13,36.87
3460,25,61,325,886.742,25800.858,2,187,312.996,180.761,NA,13.045,0.043,-154.179,-11.049
3461,25,62,320.076,882.197,26100.868,2,255,319.697,184.386,NA,6.701,0.022,-137.291,16.888
3462,25,63,320.076,882.197,26400.878,2,164,319.697,184.386,NA,0,0,0,137.291
3463,25,64,319.318,878.409,26700.888,2,246,323.56,184.268,NA,3.863,0.013,-101.31,-101.31
3464,25,65,306.818,874.242,27000.898,2,255,336.736,195.691,NA,13.176,0.044,-161.565,-60.255
3465,25,66,299.621,874.242,27300.908,2,204,343.933,202.772,NA,7.197,0.024,180,-18.435
3466,25,67,294.697,876.894,27600.918,2,255,349.526,208.092,NA,5.593,0.019,151.699,-28.301
3467,25,68,294.697,876.894,27900.928,2,255,349.526,208.092,NA,0,0,0,-151.699
3468,25,69,289.773,876.894,28200.938,2,195,354.45,212.935,NA,4.924,0.016,180,180
3469,25,70,286.742,881.061,28500.948,2,198,359.602,216.693,NA,5.152,0.017,126.027,-53.973
3470,25,71,280.682,887.121,28800.958,2,179,368.173,223.874,NA,8.571,0.029,135,8.973
3471,25,72,280.682,887.121,29100.968,2,109,368.173,223.874,NA,0,0,0,-135
3472,25,73,280.682,889.773,29400.978,2,228,370.825,224.463,NA,2.652,0.009,90,90
3473,25,74,275,889.773,29700.988,2,114,376.506,229.999,NA,5.682,0.019,180,90
3474,25,75,272.348,892.803,30000.998,2,156,380.533,233.27,NA,4.027,0.013,131.186,-48.814
3475,25,76,262.879,898.485,30301.008,2,228,391.576,243.823,NA,11.043,0.037,149.036,17.85
3476,25,77,260.227,891.288,30601.018,2,189,399.246,244.746,NA,7.67,0.026,-110.225,100.739
3477,25,78,259.47,890.53,30901.028,2,187,400.318,245.324,NA,1.071,0.004,-135,-24.775
3478,25,79,257.955,884.848,31201.038,2,255,406.198,245.673,NA,5.88,0.02,-104.931,30.069
3479,25,80,257.955,884.848,31501.048,2,227,406.198,245.673,NA,0,0,0,104.931
3480,25,81,256.061,884.848,31801.058,2,255,408.092,247.534,NA,1.894,0.006,180,180
3481,25,82,245.455,890.909,32101.068,2,204,420.308,259.115,NA,12.216,0.041,150.255,-29.745
3482,25,83,232.197,889.773,32401.078,2,110,433.614,271.897,NA,13.306,0.044,-175.101,34.644
3483,25,84,229.924,889.773,32701.088,2,220,435.886,274.13,NA,2.273,0.008,180,-4.899
3484,25,85,229.924,889.773,33001.098,2,233,435.886,274.13,NA,0,0,0,-180
3485,25,86,229.924,889.773,33301.108,2,243,435.886,274.13,NA,0,0,0,0
3486,25,87,224.621,889.773,33601.118,2,194,441.19,279.342,NA,5.303,0.018,180,180
3487,25,88,224.621,889.773,33901.128,2,211,441.19,279.342,NA,0,0,0,-180
3488,25,89,223.106,889.773,34201.138,2,180,442.705,280.831,NA,1.515,0.005,180,180
3489,25,90,212.5,890.909,34501.148,2,150,453.371,291.468,NA,10.667,0.036,173.884,-6.116
3490,25,91,203.03,898.106,34801.158,2,216,465.266,302.123,NA,11.894,0.04,142.765,-31.119
3491,25,92,203.03,898.485,35101.168,2,154,465.644,302.198,NA,0.379,0.001,90,-52.765
3492,25,93,200,905.303,35401.178,2,167,473.106,306.579,NA,7.461,0.025,113.962,23.962
3493,25,94,200,917.045,35701.188,2,159,484.848,309.344,NA,11.742,0.039,90,-23.962
3494,25,95,193.939,921.97,36001.198,2,250,492.657,316.472,NA,7.809,0.026,140.906,50.906
3495,25,96,189.015,931.439,36301.207,2,117,503.33,323.811,NA,10.673,0.036,117.474,-23.432
3496,25,97,186.742,934.848,36601.217,2,166,507.428,326.976,NA,4.097,0.014,123.69,6.216
3497,25,98,176.894,935.606,36901.227,2,125,517.305,336.618,NA,9.878,0.033,175.601,51.911
3498,25,99,166.288,957.955,37201.237,2,34,542.043,353.689,NA,24.737,0.082,115.388,-60.213
3499,26,1,520.076,865.152,12900.429,2,49,0,0,NA,NA,NA,NA,NA
3500,26,2,515.53,868.182,13200.439,2,69,5.463,5.463,NA,5.463,0.018,146.31,NA
3501,26,3,513.258,873.106,13500.449,2,101,10.886,10.477,NA,5.423,0.018,114.775,-31.535
3502,26,4,511.742,874.621,13800.459,2,74,13.029,12.614,NA,2.143,0.007,135,20.225
3503,26,5,511.742,874.621,14100.469,2,124,13.029,12.614,NA,0,0,0,-135
3504,26,6,511.742,874.621,14400.479,2,155,13.029,12.614,NA,0,0,0,0
3505,26,7,511.742,874.621,14700.489,2,229,13.029,12.614,NA,0,0,0,0
3506,26,8,511.742,874.621,15000.499,2,132,13.029,12.614,NA,0,0,0,0
3507,26,9,506.439,883.333,15300.509,2,61,23.228,22.727,NA,10.199,0.034,121.329,121.329
3508,26,10,490.152,893.182,15600.519,2,98,42.262,41.002,NA,19.034,0.063,148.841,27.512
3509,26,11,484.091,893.182,15900.529,2,77,48.323,45.614,NA,6.061,0.02,180,31.159
3510,26,12,483.712,889.015,16200.539,2,113,52.507,43.495,NA,4.184,0.014,-95.194,84.806
3511,26,13,481.061,889.015,16500.549,2,126,55.158,45.735,NA,2.652,0.009,180,-84.806
3512,26,14,481.061,889.015,16800.559,2,143,55.158,45.735,NA,0,0,0,-180
3513,26,15,481.061,886.364,17100.569,2,161,57.81,44.409,NA,2.652,0.009,-90,-90
3514,26,16,473.485,889.015,17400.579,2,118,65.836,52.347,NA,8.026,0.027,160.71,-109.29
3515,26,17,473.485,889.015,17700.589,2,162,65.836,52.347,NA,0,0,0,-160.71
3516,26,18,464.773,896.212,18000.599,2,121,77.136,63.429,NA,11.3,0.038,140.44,140.44
3517,26,19,462.121,899.242,18300.609,2,185,81.163,67.238,NA,4.027,0.013,131.186,-9.254
3518,26,20,460.227,899.242,18600.619,2,134,83.057,68.877,NA,1.894,0.006,180,48.814
3519,26,21,460.227,899.242,18900.629,2,186,83.057,68.877,NA,0,0,0,-180
3520,26,22,460.985,902.273,19200.639,2,167,86.18,69.783,NA,3.124,0.01,75.964,75.964
3521,26,23,460.985,907.197,19500.649,2,203,91.105,72.523,NA,4.924,0.016,90,14.036
3522,26,24,460.985,907.197,19800.659,2,124,91.105,72.523,NA,0,0,0,-90
3523,26,25,460.985,907.197,20100.669,2,164,91.105,72.523,NA,0,0,0,0
3524,26,26,460.985,907.197,20400.679,2,170,91.105,72.523,NA,0,0,0,0
3525,26,27,460.985,907.197,20700.689,2,200,91.105,72.523,NA,0,0,0,0
3526,26,28,457.955,905.682,21000.699,2,236,94.493,74.174,NA,3.388,0.011,-153.435,-153.435
3527,26,29,457.955,893.939,21300.709,2,130,106.235,68.467,NA,11.742,0.039,-90,63.435
3528,26,30,464.394,890.909,21600.719,2,107,113.352,61.351,NA,7.117,0.024,-25.201,64.799
3529,26,31,466.288,890.909,21900.728,2,135,115.246,59.637,NA,1.894,0.006,0,25.201
3530,26,32,466.288,893.182,22200.738,2,146,117.519,60.653,NA,2.273,0.008,90,90
3531,26,33,463.258,887.121,22500.748,2,111,124.294,60.918,NA,6.776,0.023,-116.565,153.435
3532,26,34,463.258,887.121,22800.758,2,227,124.294,60.918,NA,0,0,0,116.565
3533,26,35,463.258,882.576,23100.768,2,106,128.84,59.43,NA,4.545,0.015,-90,-90
3534,26,36,464.773,884.091,23400.778,2,120,130.983,58.456,NA,2.143,0.007,45,135
3535,26,37,464.773,884.091,23700.788,2,162,130.983,58.456,NA,0,0,0,-45
3536,26,38,464.773,884.091,24000.798,2,138,130.983,58.456,NA,0,0,0,0
3537,26,39,462.5,880.682,24300.808,2,202,135.08,59.634,NA,4.097,0.014,-123.69,-123.69
3538,26,40,462.5,874.242,24600.818,2,155,141.519,58.289,NA,6.439,0.021,-90,33.69
3539,26,41,462.5,872.727,24900.828,2,138,143.034,58.072,NA,1.515,0.005,-90,0
3540,26,42,462.5,872.348,25200.838,2,240,143.413,58.024,NA,0.379,0.001,-90,0
3541,26,43,462.5,872.348,25500.848,2,215,143.413,58.024,NA,0,0,0,90
3542,26,44,462.5,867.045,25800.858,2,219,148.716,57.607,NA,5.303,0.018,-90,-90
3543,26,45,461.742,867.045,26100.868,2,192,149.474,58.364,NA,0.758,0.003,180,-90
3544,26,46,457.955,865.53,26400.878,2,119,153.553,62.122,NA,4.08,0.014,-158.199,21.801
3545,26,47,457.955,865.53,26700.888,2,184,153.553,62.122,NA,0,0,0,158.199
3546,26,48,456.439,863.258,27000.898,2,109,156.285,63.665,NA,2.731,0.009,-123.69,-123.69
3547,26,49,456.439,869.697,27300.908,2,166,162.724,63.798,NA,6.439,0.021,90,-146.31
3548,26,50,456.439,875.758,27600.918,2,166,168.785,64.514,NA,6.061,0.02,90,0
3549,26,51,456.061,887.121,27900.928,2,117,180.155,67.68,NA,11.37,0.038,91.909,1.909
3550,26,52,450,890.53,28200.938,2,57,187.109,74.53,NA,6.954,0.023,150.642,58.733
3551,26,53,438.636,890.53,28500.948,2,188,198.472,85.302,NA,11.364,0.038,180,29.358
3552,26,54,438.636,890.53,28800.958,2,82,198.472,85.302,NA,0,0,0,-180
3553,26,55,401.136,890.53,29100.968,2,115,235.972,121.617,NA,37.5,0.125,180,180
3554,26,56,387.5,876.515,29400.978,2,106,255.527,133.062,NA,19.554,0.065,-134.215,45.785
3555,26,57,387.879,875.379,29700.988,2,255,256.724,132.592,NA,1.198,0.004,-71.565,62.65
3556,26,58,385.227,875.379,30000.998,2,204,259.376,135.236,NA,2.652,0.009,180,-108.435
3557,26,59,381.439,867.424,30301.008,2,121,268.186,138.655,NA,8.81,0.029,-115.463,64.537
3558,26,60,355.682,863.258,30601.018,2,108,294.279,164.405,NA,26.092,0.087,-170.811,-55.348
3559,26,61,347.727,856.439,30901.028,2,146,304.755,172.569,NA,10.477,0.035,-139.399,31.412
3560,26,62,339.394,856.439,31201.038,2,255,313.089,180.892,NA,8.333,0.028,180,-40.601
3561,26,63,325.379,856.439,31501.048,2,169,327.104,194.892,NA,14.015,0.047,180,0
3562,26,64,316.667,856.439,31801.058,2,130,335.816,203.596,NA,8.712,0.029,180,0
3563,26,65,304.167,865.53,32101.068,2,239,351.272,215.909,NA,15.456,0.052,143.973,-36.027
3564,26,66,290.909,865.909,32401.078,2,73,364.535,229.168,NA,13.263,0.044,178.363,34.391
3565,26,67,288.636,862.879,32701.088,2,177,368.323,231.451,NA,3.788,0.013,-126.87,54.767
3566,26,68,278.788,863.258,33001.098,2,161,378.179,241.295,NA,9.856,0.033,177.797,-55.333
3567,26,69,267.045,863.258,33301.108,2,146,389.921,253.037,NA,11.742,0.039,180,2.203
3568,26,70,251.894,859.091,33601.118,2,200,405.635,268.25,NA,15.714,0.052,-164.624,15.376
3569,26,71,251.515,859.091,33901.128,2,217,406.014,268.629,NA,0.379,0.001,180,-15.376
3570,26,72,240.152,857.576,34201.138,2,235,417.478,280.027,NA,11.464,0.038,-172.405,7.595
3571,26,73,238.636,857.576,34501.148,2,255,418.993,281.541,NA,1.515,0.005,180,-7.595
3572,26,74,229.924,857.576,34801.158,2,125,427.706,290.25,NA,8.712,0.029,180,0
3573,26,75,227.273,857.576,35101.168,2,131,430.357,292.901,NA,2.652,0.009,180,0
3574,26,76,227.273,875.758,35401.178,2,218,448.539,292.995,NA,18.182,0.061,90,-90
3575,26,77,220.833,878.788,35701.188,2,186,455.656,299.553,NA,7.117,0.024,154.799,64.799
3576,26,78,216.288,883.712,36001.198,2,175,462.357,304.354,NA,6.701,0.022,132.709,-22.089
3577,26,79,209.848,906.439,36301.207,2,133,485.979,312.963,NA,23.622,0.079,105.819,-26.89
3578,26,80,206.439,913.636,36601.217,2,190,493.943,317.362,NA,7.964,0.027,115.346,9.527
3579,26,81,206.818,924.242,36901.227,2,238,504.555,318.782,NA,10.613,0.035,87.955,-27.392
3580,26,82,205.303,933.712,37201.237,2,143,514.146,322.153,NA,9.59,0.032,99.09,11.136
3581,26,83,198.485,932.197,37501.247,2,146,521.13,328.505,NA,6.985,0.023,-167.471,93.439
3582,26,84,181.818,932.955,37801.257,2,104,537.814,344.986,NA,16.684,0.056,177.397,-15.131
3583,26,85,164.394,933.333,38101.267,2,27,555.242,362.158,NA,17.428,0.058,178.755,1.357
3584,27,1,584.091,584.47,12300.409,2,66,0,0,NA,NA,NA,NA,NA
3585,27,2,578.409,582.576,12600.419,2,114,5.989,5.989,NA,5.989,0.02,-161.565,NA
3586,27,3,575,579.545,12900.429,2,123,10.55,10.339,NA,4.561,0.015,-138.366,23.199
3587,27,4,570.833,576.894,13200.439,2,130,15.489,15.269,NA,4.939,0.016,-147.529,-9.162
3588,27,5,570.833,576.894,13500.449,2,238,15.489,15.269,NA,0,0,0,147.529
3589,27,6,568.182,575.758,13800.459,2,101,18.374,18.138,NA,2.885,0.01,-156.801,-156.801
3590,27,7,564.773,574.242,14100.469,2,86,22.105,21.858,NA,3.731,0.012,-156.038,0.764
3591,27,8,563.636,567.803,14400.479,2,85,28.643,26.385,NA,6.539,0.022,-100.008,56.03
3592,27,9,563.636,560.227,14700.489,2,182,36.219,31.719,NA,7.576,0.025,-90,10.008
3593,27,10,563.636,560.606,15000.499,2,181,36.598,31.43,NA,0.379,0.001,90,180
3594,27,11,561.364,560.606,15300.509,2,221,38.871,32.955,NA,2.273,0.008,180,90
3595,27,12,561.364,560.606,15600.519,2,126,38.871,32.955,NA,0,0,0,-180
3596,27,13,561.364,560.606,15900.529,2,187,38.871,32.955,NA,0,0,0,0
3597,27,14,561.364,560.606,16200.539,2,252,38.871,32.955,NA,0,0,0,0
3598,27,15,561.364,560.606,16500.549,2,209,38.871,32.955,NA,0,0,0,0
3599,27,16,559.47,561.742,16800.559,2,166,41.079,33.507,NA,2.209,0.007,149.036,149.036
3600,27,17,559.47,561.742,17100.569,2,102,41.079,33.507,NA,0,0,0,-149.036
3601,27,18,559.47,561.742,17400.579,2,102,41.079,33.507,NA,0,0,0,0
3602,27,19,559.47,561.742,17700.589,2,107,41.079,33.507,NA,0,0,0,0
3603,27,20,556.061,557.576,18000.599,2,138,46.463,38.846,NA,5.384,0.018,-129.289,-129.289
3604,27,21,553.409,557.576,18300.609,2,150,49.115,40.8,NA,2.652,0.009,180,-50.711
3605,27,22,553.409,557.576,18600.619,2,117,49.115,40.8,NA,0,0,0,-180
3606,27,23,554.545,554.545,18900.629,2,170,52.351,42.052,NA,3.236,0.011,-69.444,-69.444
3607,27,24,554.545,554.545,19200.639,2,246,52.351,42.052,NA,0,0,0,69.444
3608,27,25,541.288,554.545,19500.649,2,120,65.608,52.226,NA,13.258,0.044,180,180
3609,27,26,535.227,554.545,19800.659,2,89,71.669,57.298,NA,6.061,0.02,180,0
3610,27,27,536.742,554.545,20100.669,2,208,73.184,56.012,NA,1.515,0.005,0,-180
3611,27,28,536.742,554.545,20400.679,2,88,73.184,56.012,NA,0,0,0,0
3612,27,29,522.348,554.545,20700.689,2,54,87.578,68.612,NA,14.394,0.048,180,180
3613,27,30,514.394,552.652,21000.699,2,132,95.755,76.616,NA,8.177,0.027,-166.608,13.392
3614,27,31,492.045,535.985,21300.709,2,95,123.634,104.034,NA,27.879,0.093,-143.286,23.322
3615,27,32,483.712,528.788,21600.719,2,110,134.645,114.788,NA,11.011,0.037,-139.185,4.101
3616,27,33,482.197,525,21900.728,2,199,138.725,117.979,NA,4.08,0.014,-111.801,27.384
3617,27,34,482.197,525,22200.738,2,243,138.725,117.979,NA,0,0,0,111.801
3618,27,35,482.197,525,22500.748,2,161,138.725,117.979,NA,0,0,0,0
3619,27,36,467.803,525,22800.758,2,186,153.118,130.612,NA,14.394,0.048,180,180
3620,27,37,459.47,525,23100.768,2,214,161.452,138.084,NA,8.333,0.028,180,0
3621,27,38,452.652,525,23400.778,2,167,168.27,144.267,NA,6.818,0.023,180,0
3622,27,39,457.576,516.667,23700.788,2,113,177.95,143.539,NA,9.679,0.032,-59.421,120.579
3623,27,40,459.091,516.288,24000.798,2,130,179.511,142.386,NA,1.562,0.005,-14.036,45.385
3624,27,41,459.091,519.697,24300.808,2,116,182.92,140.785,NA,3.409,0.011,90,104.036
3625,27,42,451.136,524.242,24600.818,2,144,192.082,145.96,NA,9.162,0.031,150.255,60.255
3626,27,43,446.97,528.409,24900.828,2,122,197.975,148.139,NA,5.893,0.02,135,-15.255
3627,27,44,446.97,528.409,25200.838,2,81,197.975,148.139,NA,0,0,0,-135
3628,27,45,446.97,525.379,25500.848,2,139,201.005,149.312,NA,3.03,0.01,-90,-90
3629,27,46,446.97,525.379,25800.858,2,167,201.005,149.312,NA,0,0,0,90
3630,27,47,446.212,525.379,26100.868,2,84,201.762,150.008,NA,0.758,0.003,180,180
3631,27,48,437.121,527.652,26400.878,2,59,211.133,157.57,NA,9.371,0.031,165.964,-14.036
3632,27,49,437.121,527.652,26700.888,2,123,211.133,157.57,NA,0,0,0,-165.964
3633,27,50,448.106,531.439,27000.898,2,71,222.753,145.959,NA,11.62,0.039,19.026,19.026
3634,27,51,448.106,531.439,27300.908,2,73,222.753,145.959,NA,0,0,0,-19.026
3635,27,52,448.106,531.439,27600.918,2,152,222.753,145.959,NA,0,0,0,0
3636,27,53,448.106,524.621,27900.928,2,93,229.571,148.572,NA,6.818,0.023,-90,-90
3637,27,54,448.106,516.288,28200.938,2,142,237.904,152.12,NA,8.333,0.028,-90,0
3638,27,55,448.106,516.288,28500.948,2,114,237.904,152.12,NA,0,0,0,90
3639,27,56,448.106,516.288,28800.958,2,153,237.904,152.12,NA,0,0,0,0
3640,27,57,453.03,516.288,29100.968,2,102,242.829,147.735,NA,4.924,0.016,0,0
3641,27,58,453.03,514.394,29400.978,2,176,244.722,148.619,NA,1.894,0.006,-90,-90
3642,27,59,448.106,510.606,29700.988,2,119,250.935,154.75,NA,6.213,0.021,-142.431,-52.431
3643,27,60,448.106,510.606,30000.998,2,122,250.935,154.75,NA,0,0,0,142.431
3644,27,61,449.621,505.682,30301.008,2,113,256.087,155.851,NA,5.152,0.017,-72.897,-72.897
3645,27,62,449.621,505.682,30601.018,2,92,256.087,155.851,NA,0,0,0,72.897
3646,27,63,449.621,505.682,30901.028,2,227,256.087,155.851,NA,0,0,0,0
3647,27,64,433.333,502.652,31201.038,2,78,272.654,171.529,NA,16.567,0.055,-169.461,-169.461
3648,27,65,423.106,498.864,31501.048,2,140,283.561,182.331,NA,10.906,0.036,-159.677,9.784
3649,27,66,423.106,498.864,31801.058,2,151,283.561,182.331,NA,0,0,0,159.677
3650,27,67,423.106,493.939,32101.068,2,92,288.485,184.694,NA,4.924,0.016,-90,-90
3651,27,68,414.773,485.985,32401.078,2,63,300.005,195.877,NA,11.52,0.038,-136.332,-46.332
3652,27,69,414.394,485.985,32701.088,2,87,300.384,196.205,NA,0.379,0.001,180,-43.668
3653,27,70,407.197,481.439,33001.098,2,145,308.896,204.711,NA,8.512,0.028,-147.724,32.276
3654,27,71,401.136,481.061,33301.108,2,164,314.969,210.157,NA,6.072,0.02,-176.424,-28.699
3655,27,72,408.333,477.273,33601.118,2,89,323.102,205.869,NA,8.133,0.027,-27.759,148.665
3656,27,73,405.303,474.242,33901.128,2,102,327.387,210.036,NA,4.285,0.014,-135,-107.241
3657,27,74,405.303,468.182,34201.138,2,129,333.448,213.279,NA,6.061,0.02,-90,45
3658,27,75,405.303,468.182,34501.148,2,95,333.448,213.279,NA,0,0,0,90
3659,27,76,407.576,460.606,34801.158,2,167,341.357,215.638,NA,7.909,0.026,-73.301,-73.301
3660,27,77,408.712,464.773,35101.168,2,110,345.676,212.332,NA,4.319,0.014,74.745,148.046
3661,27,78,410.227,462.5,35401.178,2,202,348.407,212.38,NA,2.731,0.009,-56.31,-131.055
3662,27,79,408.712,458.333,35701.188,2,113,352.841,216.028,NA,4.434,0.015,-109.983,-53.673
3663,27,80,393.182,458.333,36001.198,2,145,368.371,228.816,NA,15.53,0.052,180,-70.017
3664,27,81,382.197,456.818,36301.207,2,116,379.46,238.864,NA,11.089,0.037,-172.147,7.853
3665,27,82,369.697,455.682,36601.217,2,36,392.012,250.102,NA,12.552,0.042,-174.806,-2.659
3666,27,83,358.333,454.167,36901.227,2,135,403.476,260.663,NA,11.464,0.038,-172.405,2.4
3667,27,84,358.712,452.273,37201.237,2,66,405.407,261.288,NA,1.931,0.006,-78.69,93.715
3668,27,85,357.576,448.485,37501.247,2,139,409.362,264.199,NA,3.955,0.013,-106.699,-28.009
3669,28,1,680.556,538.131,7800.259,2,114,0,0,NA,NA,NA,NA,NA
3670,28,2,677.525,535.101,8100.269,2,207,4.285,4.285,NA,4.285,0.014,-135,NA
3671,28,3,677.525,535.101,8400.279,2,121,4.285,4.285,NA,0,0,0,135
3672,28,4,677.525,535.101,8700.289,2,163,4.285,4.285,NA,0,0,0,0
3673,28,5,677.525,535.101,9000.299,2,175,4.285,4.285,NA,0,0,0,0
3674,28,6,677.525,544.192,9300.309,2,101,13.376,6.776,NA,9.091,0.03,90,90
3675,28,7,677.525,544.192,9600.319,2,113,13.376,6.776,NA,0,0,0,-90
3676,28,8,681.061,541.162,9900.329,2,106,18.033,3.072,NA,4.656,0.016,-40.601,-40.601
3677,28,9,681.566,540.152,10200.339,2,127,19.162,2.259,NA,1.129,0.004,-63.435,-22.834
3678,28,10,681.566,540.152,10500.349,2,116,19.162,2.259,NA,0,0,0,63.435
3679,28,11,681.566,540.152,10800.359,2,108,19.162,2.259,NA,0,0,0,0
3680,28,12,681.566,540.152,11100.369,2,81,19.162,2.259,NA,0,0,0,0
3681,28,13,672.475,540.152,11400.379,2,148,28.253,8.33,NA,9.091,0.03,180,180
3682,28,14,672.475,540.152,11700.389,2,151,28.253,8.33,NA,0,0,0,-180
3683,28,15,672.475,540.152,12000.399,2,107,28.253,8.33,NA,0,0,0,0
3684,28,16,669.949,540.152,12300.409,2,87,30.778,10.797,NA,2.525,0.008,180,180
3685,28,17,669.949,544.192,12600.419,2,95,34.819,12.216,NA,4.04,0.013,90,-90
3686,28,18,670.455,544.192,12900.429,2,129,35.324,11.78,NA,0.505,0.002,0,-90
3687,28,19,670.455,544.192,13200.439,2,75,35.324,11.78,NA,0,0,0,0
3688,28,20,670.455,544.192,13500.449,2,94,35.324,11.78,NA,0,0,0,0
3689,28,21,670.455,544.192,13800.459,2,103,35.324,11.78,NA,0,0,0,0
3690,28,22,670.455,535.101,14100.469,2,110,44.415,10.546,NA,9.091,0.03,-90,-90
3691,28,23,668.434,533.081,14400.479,2,178,47.272,13.131,NA,2.857,0.01,-135,-45
3692,28,24,658.838,516.414,14700.489,2,164,66.503,30.713,NA,19.232,0.064,-119.932,15.068
3693,28,25,658.838,516.414,15000.499,2,101,66.503,30.713,NA,0,0,0,119.932
3694,28,26,658.838,516.414,15300.509,2,94,66.503,30.713,NA,0,0,0,0
3695,28,27,653.283,515.909,15600.519,2,133,72.082,35.18,NA,5.578,0.019,-174.806,-174.806
3696,28,28,653.283,508.838,15900.529,2,126,79.153,40.023,NA,7.071,0.024,-90,84.806
3697,28,29,653.283,506.313,16200.539,2,71,81.678,41.907,NA,2.525,0.008,-90,0
3698,28,30,653.283,501.263,16500.549,2,103,86.728,45.86,NA,5.051,0.017,-90,0
3699,28,31,656.313,491.162,16800.559,2,171,97.274,52.857,NA,10.546,0.035,-73.301,16.699
3700,28,32,656.313,491.162,17100.569,2,155,97.274,52.857,NA,0,0,0,73.301
3701,28,33,656.313,491.162,17400.579,2,134,97.274,52.857,NA,0,0,0,0
3702,28,34,656.313,491.162,17700.589,2,133,97.274,52.857,NA,0,0,0,0
3703,28,35,656.313,491.162,18000.599,2,115,97.274,52.857,NA,0,0,0,0
3704,28,36,656.313,491.162,18300.609,2,125,97.274,52.857,NA,0,0,0,0
3705,28,37,656.313,491.162,18600.619,2,94,97.274,52.857,NA,0,0,0,0
3706,28,38,656.313,491.162,18900.629,2,97,97.274,52.857,NA,0,0,0,0
3707,28,39,656.313,491.162,19200.639,2,102,97.274,52.857,NA,0,0,0,0
3708,28,40,655.303,491.162,19500.649,2,69,98.284,53.328,NA,1.01,0.003,180,180
3709,28,41,655.303,491.162,19800.659,2,138,98.284,53.328,NA,0,0,0,-180
3710,28,42,655.303,488.636,20100.669,2,154,100.809,55.565,NA,2.525,0.008,-90,-90
3711,28,43,655.303,488.258,20400.679,2,190,101.188,55.902,NA,0.379,0.001,-90,0
3712,28,44,655.303,484.47,20700.689,2,159,104.976,59.306,NA,3.788,0.013,-90,0
3713,28,45,655.303,484.47,21000.699,2,97,104.976,59.306,NA,0,0,0,90
3714,28,46,655.303,484.47,21300.709,2,88,104.976,59.306,NA,0,0,0,0
3715,28,47,659.848,485.606,21600.719,2,159,109.661,56.46,NA,4.685,0.016,14.036,14.036
3716,28,48,660.985,486.364,21900.728,2,183,111.027,55.344,NA,1.366,0.005,33.69,19.654
3717,28,49,663.636,486.364,22200.738,2,92,113.679,54.462,NA,2.652,0.009,0,-33.69
3718,28,50,663.636,486.364,22500.748,2,124,113.679,54.462,NA,0,0,0,0
3719,28,51,672.727,485.227,22800.758,2,144,122.84,53.48,NA,9.162,0.031,-7.125,-7.125
3720,28,52,675.379,483.333,23100.768,2,144,126.099,55.042,NA,3.258,0.011,-35.538,-28.413
3721,28,53,676.515,480.303,23400.778,2,183,129.335,57.969,NA,3.236,0.011,-69.444,-33.906
3722,28,54,679.545,477.652,23700.788,2,160,133.362,60.488,NA,4.027,0.013,-41.186,28.258
3723,28,55,679.545,478.409,24000.798,2,195,134.119,59.731,NA,0.758,0.003,90,131.186
3724,28,56,687.121,470.455,24300.808,2,126,145.104,67.995,NA,10.985,0.037,-46.397,-136.397
3725,28,57,692.803,470.076,24600.818,2,142,150.799,69.149,NA,5.694,0.019,-3.814,42.583
3726,28,58,692.803,470.076,24900.828,2,122,150.799,69.149,NA,0,0,0,3.814
3727,28,59,692.803,470.076,25200.838,2,253,150.799,69.149,NA,0,0,0,0
3728,28,60,692.803,470.076,25500.848,2,177,150.799,69.149,NA,0,0,0,0
3729,28,61,692.803,470.076,25800.858,2,246,150.799,69.149,NA,0,0,0,0
3730,28,62,692.803,470.076,26100.868,2,255,150.799,69.149,NA,0,0,0,0
3731,28,63,690.53,466.667,26400.878,2,158,154.896,72.157,NA,4.097,0.014,-123.69,-123.69
3732,28,64,688.636,464.773,26700.888,2,181,157.574,73.802,NA,2.678,0.009,-135,-11.31
3733,28,65,686.364,462.879,27000.898,2,212,160.533,75.476,NA,2.958,0.01,-140.194,-5.194
3734,28,66,686.364,446.212,27300.908,2,173,177.199,92.103,NA,16.667,0.056,-90,50.194
3735,28,67,686.364,446.97,27600.918,2,185,177.957,91.346,NA,0.758,0.003,90,180
3736,28,68,689.015,446.97,27900.928,2,70,180.608,91.553,NA,2.652,0.009,0,-90
3737,28,69,692.424,442.803,28200.938,2,147,185.992,96.064,NA,5.384,0.018,-50.711,-50.711
3738,28,70,695.076,442.424,28500.948,2,166,188.67,96.802,NA,2.678,0.009,-8.13,42.58
3739,28,71,698.106,441.288,28800.958,2,215,191.907,98.421,NA,3.236,0.011,-20.556,-12.426
3740,28,72,698.106,441.288,29100.968,2,255,191.907,98.421,NA,0,0,0,20.556
3741,28,73,699.242,434.47,29400.978,2,217,198.819,105.332,NA,6.912,0.023,-80.538,-80.538
3742,28,74,711.742,429.924,29700.988,2,106,212.12,112.612,NA,13.301,0.044,-19.983,60.555
3743,28,75,714.773,429.545,30000.998,2,196,215.174,113.849,NA,3.054,0.01,-7.125,12.858
3744,28,76,714.015,435.227,30301.008,2,227,220.906,108.207,NA,5.732,0.019,97.595,104.72
3745,28,77,714.015,436.364,30601.018,2,166,222.042,107.127,NA,1.136,0.004,90,-7.595
3746,28,78,711.742,431.061,30901.028,2,196,227.812,111.52,NA,5.77,0.019,-113.199,156.801
3747,28,79,712.121,423.485,31201.038,2,179,235.397,118.913,NA,7.585,0.025,-87.138,26.061
3748,28,80,712.121,423.485,31501.048,2,196,235.397,118.913,NA,0,0,0,87.138
3749,28,81,712.121,423.485,31801.058,2,168,235.397,118.913,NA,0,0,0,0
3750,28,82,712.121,423.485,32101.068,2,190,235.397,118.913,NA,0,0,0,0
3751,28,83,710.606,416.288,32401.078,2,148,242.752,125.494,NA,7.355,0.025,-101.889,-101.889
3752,28,84,710.606,412.879,32701.088,2,245,246.161,128.807,NA,3.409,0.011,-90,11.889
3753,28,85,710.606,413.258,33001.098,2,255,246.54,128.439,NA,0.379,0.001,90,180
3754,28,86,708.333,421.591,33301.108,2,119,255.177,119.805,NA,8.638,0.029,105.255,15.255
3755,28,87,708.333,430.303,33601.118,2,255,263.889,111.349,NA,8.712,0.029,90,-15.255
3756,28,88,708.333,430.303,33901.128,2,240,263.889,111.349,NA,0,0,0,-90
3757,28,89,708.333,430.303,34201.138,2,172,263.889,111.349,NA,0,0,0,0
3758,28,90,708.333,430.303,34501.148,2,168,263.889,111.349,NA,0,0,0,0
3759,28,91,709.091,418.182,34801.158,2,135,276.034,123.297,NA,12.145,0.04,-86.424,-86.424
3760,28,92,711.742,414.394,35101.168,2,160,280.658,127.607,NA,4.624,0.015,-55.008,31.416
3761,28,93,710.985,412.5,35401.178,2,175,282.698,129.264,NA,2.04,0.007,-111.801,-56.793
3762,28,94,710.985,407.576,35701.188,2,167,287.622,134.055,NA,4.924,0.016,-90,21.801
3763,28,95,710.985,407.576,36001.198,2,217,287.622,134.055,NA,0,0,0,90
3764,28,96,714.015,411.742,36301.207,2,185,292.774,130.743,NA,5.152,0.017,53.973,53.973
3765,28,97,718.561,412.879,36601.217,2,227,297.459,130.891,NA,4.685,0.016,14.036,-39.936
3766,28,98,727.652,412.121,36901.227,2,182,306.582,134.524,NA,9.122,0.03,-4.764,-18.8
3767,28,99,727.652,412.121,37201.237,2,150,306.582,134.524,NA,0,0,0,4.764
3768,28,100,722.727,399.621,37501.247,2,192,320.017,144.788,NA,13.435,0.045,-111.501,-111.501
3769,28,101,717.803,393.561,37801.257,2,151,327.826,149.292,NA,7.809,0.026,-129.094,-17.592
3770,28,102,717.045,399.242,38101.267,2,255,333.558,143.602,NA,5.732,0.019,97.595,-133.311
3771,28,103,717.045,398.864,38401.277,2,241,333.937,143.969,NA,0.379,0.001,-90,172.405
3772,28,104,718.182,390.53,38701.287,2,226,342.347,152.321,NA,8.41,0.028,-82.235,7.765
3773,28,105,718.182,385.606,39001.297,2,187,347.271,157.098,NA,4.924,0.016,-90,-7.765
3774,28,106,717.424,373.864,39301.307,2,252,359.038,168.354,NA,11.767,0.039,-93.691,-3.691
3775,28,107,721.591,360.606,39601.317,2,167,372.935,182.206,NA,13.897,0.046,-72.553,21.139
3776,28,108,723.106,352.652,39901.327,2,215,381.033,190.298,NA,8.098,0.027,-79.216,-6.663
3777,28,109,733.712,340.53,40201.337,2,245,397.139,204.626,NA,16.106,0.054,-48.814,30.402
3778,28,110,735.985,324.242,40501.347,2,255,413.585,220.954,NA,16.446,0.055,-82.057,-33.242
3779,28,111,733.333,317.424,40801.357,2,140,420.9,226.93,NA,7.316,0.024,-111.251,-29.194
3780,28,112,727.273,312.879,41101.367,2,242,428.476,230.046,NA,7.576,0.025,-143.13,-31.88
3781,28,113,731.061,314.394,41401.377,2,255,432.556,229.367,NA,4.08,0.014,21.801,164.932
3782,28,114,731.061,312.121,41701.387,2,255,434.828,231.584,NA,2.273,0.008,-90,-111.801
3783,28,115,728.03,306.439,42001.397,2,162,441.268,236.506,NA,6.439,0.021,-118.072,-28.072
3784,28,116,725,298.864,42301.407,2,150,449.427,243.36,NA,8.159,0.027,-111.801,6.271
3785,28,117,725,298.864,42601.417,2,131,449.427,243.36,NA,0,0,0,111.801
3786,28,118,721.591,295.455,42901.427,2,255,454.248,246.122,NA,4.821,0.016,-135,-135
3787,28,119,729.924,289.015,43201.437,2,229,464.78,253.961,NA,10.531,0.035,-37.694,97.306
3788,28,120,740.909,289.015,43501.447,2,210,475.764,256.323,NA,10.985,0.037,0,37.694
3789,28,121,740.909,289.015,43801.457,2,187,475.764,256.323,NA,0,0,0,0
3790,28,122,732.576,284.47,44101.467,2,175,485.257,258.941,NA,9.492,0.032,-151.39,-151.39
3791,28,123,732.576,280.303,44401.477,2,179,489.424,263.024,NA,4.167,0.014,-90,61.39
3792,28,124,732.576,280.303,44701.487,2,176,489.424,263.024,NA,0,0,0,90
3793,28,125,732.576,289.773,45001.497,2,157,498.893,253.748,NA,9.47,0.032,90,90
3794,28,126,737.121,300,45301.507,2,213,510.085,244.757,NA,11.192,0.037,66.038,-23.962
3795,28,127,760.227,300,45601.517,2,255,533.191,251.106,NA,23.106,0.077,0,-66.038
3796,28,128,768.561,291.667,45901.527,2,237,544.976,261.705,NA,11.785,0.039,-45,-45
3797,28,129,772.727,283.712,46201.537,2,255,553.956,270.601,NA,8.98,0.03,-62.354,-17.354
3798,28,130,774.621,277.273,46501.547,2,107,560.668,277.3,NA,6.712,0.022,-73.61,-11.256
3799,28,131,774.621,277.273,46801.557,2,96,560.668,277.3,NA,0,0,0,73.61
3800,28,132,790.909,274.242,47101.567,2,76,577.236,286.034,NA,16.567,0.055,-10.539,-10.539
3801,28,133,790.909,254.545,47401.577,2,144,596.933,304.301,NA,19.697,0.066,-90,-79.461
3802,28,134,809.848,246.97,47701.587,2,118,617.331,318.578,NA,20.398,0.068,-21.801,68.199
3803,28,135,817.045,237.5,48001.597,2,255,629.225,330.165,NA,11.894,0.04,-52.765,-30.964
3804,28,136,817.045,231.061,48301.607,2,168,635.664,336.039,NA,6.439,0.021,-90,-37.235
3805,28,137,821.97,225.379,48601.617,2,84,643.183,343.238,NA,7.519,0.025,-49.086,40.914
3806,28,138,829.545,215.909,48901.627,2,255,655.31,355,NA,12.127,0.04,-51.34,-2.255
3807,28,139,829.545,215.152,49201.637,2,96,656.068,355.688,NA,0.758,0.003,-90,-38.66
3808,28,140,829.545,215.152,49501.647,2,152,656.068,355.688,NA,0,0,0,90
3809,28,141,838.258,215.152,49801.657,2,115,664.78,359.424,NA,8.712,0.029,0,0
3810,28,142,839.015,207.576,50101.667,2,255,672.394,366.574,NA,7.614,0.025,-84.289,-84.289
3811,28,143,831.818,199.621,50401.677,2,243,683.121,370.769,NA,10.727,0.036,-132.138,-47.848
3812,28,144,831.818,199.621,50701.686,2,189,683.121,370.769,NA,0,0,0,132.138
3813,28,145,831.818,192.045,51001.696,2,255,690.696,377.698,NA,7.576,0.025,-90,-90
3814,28,146,823.485,187.5,51301.706,2,255,700.189,378.644,NA,9.492,0.032,-151.39,-61.39
3815,28,147,819.697,189.015,51601.716,2,239,704.268,375.822,NA,4.08,0.014,158.199,-50.412
3816,28,148,814.015,190.152,51901.726,2,213,710.063,372.695,NA,5.794,0.019,168.69,10.491
3817,28,149,814.015,168.561,52201.736,2,198,731.654,392.93,NA,21.591,0.072,-90,101.31
3818,28,150,814.015,168.561,52501.746,2,179,731.654,392.93,NA,0,0,0,90
3819,28,151,809.848,159.091,52801.756,2,255,742,400.485,NA,10.346,0.034,-113.749,-113.749
3820,28,152,809.091,146.591,53101.766,2,216,754.522,412.099,NA,12.523,0.042,-93.468,20.281
3821,28,153,804.167,146.591,53401.776,2,255,759.447,410.589,NA,4.924,0.016,180,-86.532
3822,28,154,794.318,143.939,53701.786,2,255,769.646,410.279,NA,10.199,0.034,-164.932,15.068
3823,28,155,793.182,136.364,54001.796,2,232,777.306,417.255,NA,7.661,0.026,-98.531,66.401
3824,28,156,783.712,133.333,54301.806,2,185,787.249,417.735,NA,9.943,0.033,-162.255,-63.725
3825,28,157,775.379,120.833,54601.816,2,201,802.272,427.936,NA,15.023,0.05,-123.69,38.565
3826,28,158,767.803,105.682,54901.826,2,255,819.212,441.163,NA,16.94,0.056,-116.565,7.125
3827,28,159,767.803,105.682,55201.836,2,222,819.212,441.163,NA,0,0,0,116.565
3828,28,160,761.742,84.848,55501.846,2,136,840.909,460.496,NA,21.697,0.072,-106.22,-106.22
3829,28,161,761.742,76.515,55801.856,2,90,849.243,468.701,NA,8.333,0.028,-90,16.22
3830,28,162,771.97,79.167,56101.866,2,184,859.808,467.98,NA,10.565,0.035,14.534,104.534
3831,28,163,771.97,79.545,56401.876,2,255,860.187,467.608,NA,0.379,0.001,90,75.466
3832,28,164,771.97,79.545,56701.886,2,166,860.187,467.608,NA,0,0,0,-90
3833,28,165,766.667,73.106,57001.896,2,172,868.529,472.931,NA,8.342,0.028,-129.472,-129.472
3834,28,166,761.742,73.106,57301.906,2,194,873.453,472.059,NA,4.924,0.016,180,-50.528
3835,28,167,763.258,68.561,57601.916,2,185,878.244,476.798,NA,4.791,0.016,-71.565,108.435
3836,28,168,769.318,68.182,57901.926,2,249,884.317,478.259,NA,6.072,0.02,-3.576,67.989
3837,28,169,769.318,68.561,58201.936,2,146,884.695,477.886,NA,0.379,0.001,90,93.576
3838,28,170,769.318,68.561,58501.946,2,94,884.695,477.886,NA,0,0,0,-90
3839,28,171,769.318,68.561,58801.956,2,220,884.695,477.886,NA,0,0,0,0
3840,28,172,769.697,64.394,59101.966,2,153,888.879,482.051,NA,4.184,0.014,-84.806,-84.806
3841,28,173,771.97,66.667,59401.976,2,137,892.093,480.245,NA,3.214,0.011,45,129.806
3842,28,174,771.97,77.273,59701.986,2,131,902.699,469.837,NA,10.606,0.035,90,45
3843,28,175,762.121,84.848,60001.996,2,214,915.125,460.563,NA,12.425,0.041,142.431,52.431
3844,28,176,762.121,84.848,60302.006,2,131,915.125,460.563,NA,0,0,0,-142.431
3845,28,177,765.152,92.803,60602.016,2,228,923.637,453.292,NA,8.512,0.028,69.146,69.146
3846,28,178,770.833,90.909,60902.026,2,255,929.626,456.243,NA,5.989,0.02,-18.435,-87.58
3847,28,179,771.212,81.061,61202.036,2,222,939.482,465.975,NA,9.856,0.033,-87.797,-69.362
3848,28,180,770.076,79.167,61502.046,2,214,941.69,467.614,NA,2.209,0.007,-120.964,-33.166
3849,28,181,775.758,84.091,61802.056,2,255,949.209,463.914,NA,7.519,0.025,40.914,161.878
3850,28,182,775.758,84.091,62102.066,2,200,949.209,463.914,NA,0,0,0,-40.914
3851,28,183,775.758,84.091,62402.076,2,172,949.209,463.914,NA,0,0,0,0
3852,28,184,773.864,89.015,62702.086,2,236,954.485,458.707,NA,5.276,0.018,111.038,111.038
3853,28,185,765.152,89.015,63002.096,2,255,963.197,457.014,NA,8.712,0.029,180,68.962
3854,28,186,765.152,80.682,63302.106,2,249,971.531,465.206,NA,8.333,0.028,-90,90
3855,28,187,769.318,77.652,63602.116,2,255,976.683,468.957,NA,5.152,0.017,-36.027,53.973
3856,28,188,769.697,77.652,63902.126,2,255,977.061,469.029,NA,0.379,0.001,0,36.027
3857,28,189,769.697,67.803,64202.136,2,255,986.91,478.701,NA,9.848,0.033,-90,-90
3858,28,190,767.045,62.121,64502.146,2,255,993.18,483.804,NA,6.27,0.021,-115.017,-25.017
3859,28,191,767.424,58.712,64802.156,2,255,996.61,487.226,NA,3.43,0.011,-83.66,31.357
3860,28,192,770.833,55.682,65102.165,2,159,1001.171,490.823,NA,4.561,0.015,-41.634,42.026
3861,28,193,770.833,55.682,65402.175,2,226,1001.171,490.823,NA,0,0,0,41.634
3862,28,194,771.97,56.061,65702.185,2,228,1002.369,490.662,NA,1.198,0.004,18.435,18.435
3863,28,195,771.97,68.939,66002.195,2,178,1015.248,478.014,NA,12.879,0.043,90,71.565
3864,28,196,771.97,68.939,66302.205,2,138,1015.248,478.014,NA,0,0,0,-90
3865,28,197,772.727,79.924,66602.215,2,255,1026.259,467.386,NA,11.011,0.037,86.055,86.055
3866,28,198,772.727,79.924,66902.225,2,255,1026.259,467.386,NA,0,0,0,-86.055
3867,28,199,776.894,78.03,67202.235,2,255,1030.836,470.079,NA,4.577,0.015,-24.444,-24.444
3868,28,200,776.894,73.106,67502.245,2,235,1035.76,474.9,NA,4.924,0.016,-90,-65.556
3869,28,201,771.212,61.364,67802.255,2,172,1048.805,485.31,NA,13.045,0.043,-115.821,-25.821
3870,28,202,771.212,62.121,68102.265,2,176,1049.562,484.566,NA,0.758,0.003,90,-154.179
3871,28,203,771.212,62.121,68402.275,2,172,1049.562,484.566,NA,0,0,0,-90
3872,28,204,771.212,71.591,68702.285,2,166,1059.032,475.267,NA,9.47,0.032,90,90
3873,28,205,771.212,71.97,69002.295,2,170,1059.411,474.895,NA,0.379,0.001,90,0
3874,28,206,771.212,78.409,69302.305,2,157,1065.85,468.576,NA,6.439,0.021,90,0
3875,28,207,765.53,79.924,69602.315,2,248,1071.731,466.02,NA,5.88,0.02,165.069,75.069
3876,28,208,760.985,76.894,69902.325,2,226,1077.194,468.197,NA,5.463,0.018,-146.31,48.621
3877,28,209,760.227,65.152,70202.335,2,154,1088.96,479.643,NA,11.767,0.039,-93.691,52.619
3878,28,210,760.227,65.152,70502.345,2,135,1088.96,479.643,NA,0,0,0,93.691
3879,28,211,756.818,57.197,70802.355,2,255,1097.615,486.943,NA,8.654,0.029,-113.199,-113.199
3880,28,212,756.818,55.682,71102.365,2,254,1099.13,488.44,NA,1.515,0.005,-90,23.199
3881,28,213,752.273,54.545,71402.375,2,243,1103.815,488.875,NA,4.685,0.016,-165.964,-75.964
3882,28,214,752.273,54.545,71702.385,2,200,1103.815,488.875,NA,0,0,0,165.964
3883,28,216,751.894,46.97,72002.395,2,253,1111.4,496.315,NA,7.585,0.025,-92.862,-92.862
3884,29,1,918.561,610.985,14100.469,2,51,0,0,NA,NA,NA,NA,NA
3885,29,2,918.561,609.091,14400.479,2,40,1.894,1.894,NA,1.894,0.006,-90,NA
3886,29,3,918.561,606.061,14700.489,2,42,4.924,4.924,NA,3.03,0.01,-90,0
3887,29,4,918.561,605.303,15000.499,2,32,5.682,5.682,NA,0.758,0.003,-90,0
3888,29,5,918.939,600,15300.509,2,45,10.998,10.991,NA,5.317,0.018,-85.914,4.086
3889,29,6,920.833,596.97,15600.519,2,52,14.572,14.198,NA,3.573,0.012,-57.995,27.92
3890,29,7,923.485,596.591,15900.529,2,50,17.25,15.213,NA,2.678,0.009,-8.13,49.865
3891,29,8,926.136,596.591,16200.539,2,33,19.902,16.266,NA,2.652,0.009,0,8.13
3892,29,9,931.818,593.561,16500.549,2,98,26.341,21.894,NA,6.439,0.021,-28.072,-28.072
3893,29,10,935.985,590.152,16800.559,2,66,31.725,27.159,NA,5.384,0.018,-39.289,-11.217
3894,29,11,935.985,590.152,17100.569,2,38,31.725,27.159,NA,0,0,0,39.289
3895,29,12,935.985,582.955,17400.579,2,62,38.922,33.005,NA,7.197,0.024,-90,-90
3896,29,13,935.985,581.818,17700.589,2,57,40.058,33.975,NA,1.136,0.004,-90,0
3897,29,14,944.697,589.773,18000.599,2,142,51.855,33.661,NA,11.797,0.039,42.397,132.397
3898,29,15,944.697,589.773,18300.609,2,152,51.855,33.661,NA,0,0,0,-42.397
3899,29,16,944.697,589.773,18600.619,2,120,51.855,33.661,NA,0,0,0,0
3900,29,17,948.485,592.424,18900.629,2,104,56.479,35.213,NA,4.624,0.015,34.992,34.992
3901,29,18,951.136,593.939,19200.639,2,88,59.533,36.766,NA,3.054,0.01,29.745,-5.247
3902,29,19,955.682,603.409,19500.649,2,92,70.037,37.886,NA,10.504,0.035,64.359,34.614
3903,29,20,955.682,603.788,19800.659,2,69,70.416,37.812,NA,0.379,0.001,90,25.641
3904,29,21,955.682,603.788,20100.669,2,109,70.416,37.812,NA,0,0,0,-90
3905,29,22,955.682,603.788,20400.679,2,55,70.416,37.812,NA,0,0,0,0
3906,29,23,955.682,605.303,20700.689,2,115,71.931,37.554,NA,1.515,0.005,90,90
3907,29,24,955.682,605.682,21000.699,2,133,72.31,37.498,NA,0.379,0.001,90,0
3908,29,25,957.576,612.121,21300.709,2,41,79.022,39.032,NA,6.712,0.022,73.61,-16.39
3909,29,26,959.47,612.121,21600.719,2,125,80.916,40.925,NA,1.894,0.006,0,-73.61
3910,29,27,964.394,609.091,21900.728,2,54,86.698,45.872,NA,5.782,0.019,-31.608,-31.608
3911,29,28,966.667,607.576,22200.738,2,85,89.429,48.227,NA,2.731,0.009,-33.69,-2.083
3912,29,29,971.591,607.576,22500.748,2,124,94.354,53.14,NA,4.924,0.016,0,33.69
3913,29,30,971.212,607.576,22800.758,2,146,94.732,52.762,NA,0.379,0.001,180,180
3914,29,31,973.864,602.652,23100.768,2,54,100.325,55.927,NA,5.593,0.019,-61.699,118.301
3915,29,32,985.606,602.652,23400.778,2,69,112.067,67.561,NA,11.742,0.039,0,61.699
3916,29,33,990.152,602.652,23700.788,2,96,116.613,72.074,NA,4.545,0.015,0,0
3917,29,34,993.939,603.03,24000.798,2,51,120.42,75.797,NA,3.807,0.013,5.711,5.711
3918,29,35,993.939,603.03,24300.808,2,99,120.42,75.797,NA,0,0,0,-5.711
3919,29,36,993.939,603.03,24600.818,2,97,120.42,75.797,NA,0,0,0,0
3920,29,37,1000,606.439,24900.828,2,108,127.373,81.566,NA,6.954,0.023,29.358,29.358
3921,29,38,1004.545,606.439,25200.838,2,181,131.919,86.105,NA,4.545,0.015,0,-29.358
3922,29,39,1013.636,606.439,25500.848,2,75,141.01,95.184,NA,9.091,0.03,0,0
3923,29,40,1015.909,594.318,25800.858,2,111,153.342,98.765,NA,12.332,0.041,-79.38,-79.38
3924,29,41,1015.53,594.318,26100.868,2,236,153.721,98.392,NA,0.379,0.001,180,-100.62
3925,29,42,1015.53,590.53,26400.878,2,117,157.509,99.104,NA,3.788,0.013,-90,90
3926,29,43,1015.53,590.53,26700.888,2,47,157.509,99.104,NA,0,0,0,90
3927,29,44,1018.182,581.439,27000.898,2,110,166.979,103.91,NA,9.47,0.032,-73.74,-73.74
3928,29,45,1021.97,579.924,27300.908,2,100,171.058,107.973,NA,4.08,0.014,-21.801,51.938
3929,29,46,1025,576.136,27600.918,2,66,175.909,111.999,NA,4.851,0.016,-51.34,-29.539
3930,29,47,1030.303,570.833,27900.928,2,130,183.409,118.737,NA,7.5,0.025,-45,6.34
3931,29,48,1030.303,570.833,28200.938,2,102,183.409,118.737,NA,0,0,0,45
3932,29,49,1033.333,570.833,28500.948,2,84,186.439,121.593,NA,3.03,0.01,0,0
3933,29,50,1040.53,570.833,28800.958,2,30,193.636,128.409,NA,7.197,0.024,0,0
3934,29,51,1041.288,568.182,29100.968,2,92,196.394,129.977,NA,2.758,0.009,-74.055,-74.055
3935,29,52,1041.288,560.606,29400.978,2,93,203.969,132.665,NA,7.576,0.025,-90,-15.945
3936,29,53,1041.288,560.606,29700.988,2,3,203.969,132.665,NA,0,0,0,90
3937,29,54,1060.985,548.485,30000.998,2,71,227.097,155.534,NA,23.128,0.077,-31.608,-31.608
3938,29,55,1060.985,546.591,30301.008,2,120,228.991,156.305,NA,1.894,0.006,-90,-58.392
3939,29,56,1062.121,541.667,30601.018,2,108,234.045,159.42,NA,5.054,0.017,-77.005,12.995
3940,29,57,1069.318,541.667,30901.028,2,44,241.242,165.93,NA,7.197,0.024,0,77.005
3941,29,58,1072.727,540.909,31201.038,2,101,244.734,169.346,NA,3.492,0.012,-12.529,-12.529
3942,29,59,1088.258,531.439,31501.048,2,101,262.924,187.415,NA,18.19,0.061,-31.373,-18.844
3943,29,60,1087.879,531.439,31801.058,2,154,263.302,187.073,NA,0.379,0.001,180,-148.627
3944,29,61,1095.455,520.455,32101.068,2,67,276.646,198.714,NA,13.344,0.044,-55.408,124.592
3945,29,62,1095.455,512.5,32401.078,2,120,284.601,202.462,NA,7.955,0.027,-90,-34.592
3946,29,63,1101.136,503.788,32701.088,2,103,295.002,211.719,NA,10.401,0.035,-56.889,33.111
3947,29,64,1109.091,503.788,33001.098,2,109,302.957,218.616,NA,7.955,0.027,0,56.889
3948,29,65,1116.667,495.455,33301.108,2,58,314.219,229.332,NA,11.262,0.038,-47.726,-47.726
3949,29,66,1129.167,475.379,33601.118,2,112,337.868,250.487,NA,23.649,0.079,-58.092,-10.366
3950,29,67,1127.273,470.076,33901.128,2,57,343.499,251.826,NA,5.631,0.019,-109.654,-51.562
3951,29,68,1121.97,451.136,34201.138,2,74,363.167,258.702,NA,19.668,0.066,-105.642,4.012
3952,29,69,1120.833,443.561,34501.148,2,152,370.827,262.574,NA,7.661,0.026,-98.531,7.111
3953,29,70,1120.833,443.182,34801.158,2,133,371.206,262.816,NA,0.379,0.001,-90,8.531
3954,29,71,1108.712,439.394,35101.168,2,114,383.905,256.127,NA,12.699,0.042,-162.646,-72.646
3955,29,72,1108.712,430.303,35401.178,2,100,392.996,262.304,NA,9.091,0.03,-90,72.646
3956,29,73,1106.061,420.076,35701.188,2,101,403.562,267.586,NA,10.565,0.035,-104.534,-14.534
3957,29,74,1106.061,420.076,36001.198,2,74,403.562,267.586,NA,0,0,0,104.534
3958,29,75,1101.515,414.394,36301.207,2,129,410.838,268.552,NA,7.276,0.024,-128.66,-128.66
3959,29,76,1101.515,414.394,36601.217,2,180,410.838,268.552,NA,0,0,0,128.66
3960,29,77,1109.47,424.242,36901.227,2,131,423.498,267.056,NA,12.66,0.042,51.072,51.072
3961,29,78,1113.636,424.242,37201.237,2,65,427.664,270.051,NA,4.167,0.014,0,-51.072
3962,29,79,1113.636,424.242,37501.247,2,105,427.664,270.051,NA,0,0,0,0
3963,29,80,1119.697,417.803,37801.257,2,61,436.507,278.882,NA,8.843,0.029,-46.736,-46.736
3964,29,81,1129.545,408.712,38101.267,2,69,449.91,292.282,NA,13.403,0.045,-42.709,4.026
3965,29,82,1139.773,398.864,38401.277,2,101,464.108,306.48,NA,14.198,0.047,-43.919,-1.21
3966,29,83,1151.894,387.121,38701.287,2,104,480.985,323.356,NA,16.876,0.056,-44.091,-0.172
3967,29,84,1165.152,381.061,39001.297,2,79,495.562,337.153,NA,14.577,0.049,-24.567,19.523
3968,29,85,1162.879,366.667,39301.307,2,111,510.134,345.518,NA,14.572,0.049,-98.973,-74.405
3969,29,86,1162.879,361.742,39601.317,2,86,515.058,349.017,NA,4.924,0.016,-90,8.973
3970,29,87,1162.879,356.061,39901.327,2,50,520.74,353.097,NA,5.682,0.019,-90,0
3971,29,88,1162.879,350.758,40201.337,2,147,526.043,356.945,NA,5.303,0.018,-90,0
3972,29,89,1169.318,350.758,40501.347,2,169,532.483,361.383,NA,6.439,0.021,0,90
3973,29,90,1172.727,354.924,40801.357,2,127,537.866,360.788,NA,5.384,0.018,50.711,50.711
3974,29,91,1176.136,354.924,41101.367,2,216,541.275,363.197,NA,3.409,0.011,0,-50.711
3975,29,92,1176.515,353.409,41401.377,2,79,542.837,364.535,NA,1.562,0.005,-75.964,-75.964
3976,29,93,1178.788,346.97,41701.387,2,197,549.666,370.705,NA,6.829,0.023,-70.56,5.404
3977,29,94,1183.712,346.97,42001.397,2,132,554.59,374.178,NA,4.924,0.016,0,70.56
3978,29,95,1183.712,346.97,42301.407,2,220,554.59,374.178,NA,0,0,0,0
3979,29,96,1191.288,345.076,42601.417,2,98,562.399,380.904,NA,7.809,0.026,-14.036,-14.036
3980,29,97,1185.985,345.076,42901.427,2,102,567.702,377.125,NA,5.303,0.018,180,-165.964
3981,29,98,1181.061,345.076,43201.437,2,95,572.626,373.649,NA,4.924,0.016,180,0
3982,29,99,1173.485,345.076,43501.447,2,127,580.202,368.367,NA,7.576,0.025,180,0
3983,29,100,1173.485,335.227,43801.457,2,87,590.05,375.538,NA,9.848,0.033,-90,90
3984,29,101,1173.485,335.227,44101.467,2,112,590.05,375.538,NA,0,0,0,90
3985,29,102,1171.591,329.924,44401.477,2,80,595.681,378.179,NA,5.631,0.019,-109.654,-109.654
3986,29,103,1161.742,323.106,44701.487,2,45,607.66,376.844,NA,11.978,0.04,-145.305,-35.651
3987,29,104,1157.955,300.758,45001.497,2,103,630.327,391.855,NA,22.667,0.076,-99.62,45.685
3988,29,105,1157.955,286.364,45301.507,2,126,644.721,403.346,NA,14.394,0.048,-90,9.62
3989,29,106,1162.121,281.061,45601.517,2,254,651.465,410.088,NA,6.744,0.022,-51.843,38.157
3990,29,107,1162.121,281.061,45901.527,2,254,651.465,410.088,NA,0,0,0,51.843
3991,29,108,1162.121,281.061,46201.537,2,83,651.465,410.088,NA,0,0,0,0
3992,29,109,1173.485,275.379,46501.547,2,99,664.17,421.447,NA,12.705,0.042,-26.565,-26.565
3993,29,110,1176.515,269.318,46801.557,2,105,670.946,428.108,NA,6.776,0.023,-63.435,-36.87
3994,29,111,1168.182,270.455,47101.567,2,149,679.356,422.222,NA,8.41,0.028,172.235,-124.33
3995,29,112,1168.182,270.455,47401.577,2,129,679.356,422.222,NA,0,0,0,-172.235
3996,29,113,1169.697,270.455,47701.587,2,148,680.872,423.12,NA,1.515,0.005,0,0
3997,29,114,1169.697,273.864,48001.597,2,155,684.281,420.381,NA,3.409,0.011,90,90
3998,29,115,1169.697,273.864,48301.607,2,134,684.281,420.381,NA,0,0,0,-90
3999,29,116,1176.136,277.273,48601.617,2,144,691.567,421.556,NA,7.286,0.024,27.897,27.897
4000,29,117,1178.03,277.273,48901.627,2,177,693.461,422.715,NA,1.894,0.006,0,-27.897
4001,29,118,1178.03,277.273,49201.637,2,188,693.461,422.715,NA,0,0,0,0
4002,29,119,1178.03,277.273,49501.647,2,136,693.461,422.715,NA,0,0,0,0
4003,29,120,1178.03,277.273,49801.657,2,78,693.461,422.715,NA,0,0,0,0
4004,29,121,1174.621,277.273,50101.667,2,81,696.87,420.631,NA,3.409,0.011,180,180
4005,29,122,1174.621,277.273,50401.677,2,95,696.87,420.631,NA,0,0,0,-180
4006,29,123,1174.621,277.273,50701.686,2,119,696.87,420.631,NA,0,0,0,0
4007,29,124,1170.076,277.273,51001.696,2,133,701.415,417.88,NA,4.545,0.015,180,180
4008,29,125,1168.182,273.485,51301.706,2,122,705.65,419.782,NA,4.235,0.014,-116.565,63.435
4009,29,126,1168.182,265.53,51601.716,2,166,713.605,426.204,NA,7.955,0.027,-90,26.565
4010,29,127,1172.348,273.106,51901.726,2,113,722.251,422.576,NA,8.646,0.029,61.189,151.189
4011,29,128,1172.348,273.106,52201.736,2,73,722.251,422.576,NA,0,0,0,-61.189
4012,29,129,1172.348,273.106,52501.746,2,156,722.251,422.576,NA,0,0,0,0
4013,29,130,1172.727,271.97,52801.756,2,138,723.449,423.712,NA,1.198,0.004,-71.565,-71.565
4014,29,131,1173.485,269.697,53101.766,2,131,725.844,425.986,NA,2.396,0.008,-71.565,0
4015,29,132,1173.485,269.697,53401.776,2,175,725.844,425.986,NA,0,0,0,71.565
4016,29,133,1173.485,275.379,53701.786,2,112,731.526,421.447,NA,5.682,0.019,90,90
4017,29,134,1171.591,284.091,54001.796,2,222,740.442,413.381,NA,8.916,0.03,102.265,12.265
4018,29,135,1171.591,284.091,54301.806,2,144,740.442,413.381,NA,0,0,0,-102.265
4019,29,136,1171.591,284.091,54601.816,2,125,740.442,413.381,NA,0,0,0,0
4020,29,137,1168.939,284.091,54901.826,2,121,743.093,411.764,NA,2.652,0.009,180,180
4021,29,138,1168.182,284.848,55201.836,2,40,744.165,410.701,NA,1.071,0.004,135,-45
4022,29,139,1173.485,285.606,55501.846,2,46,749.521,413.349,NA,5.357,0.018,8.13,-126.87
4023,29,140,1181.061,286.364,55801.856,2,75,757.135,417.475,NA,7.614,0.025,5.711,-2.42
4024,29,141,1189.773,294.318,56101.866,2,51,768.932,416.934,NA,11.797,0.039,42.397,36.687
4025,29,142,1190.152,294.318,56401.876,2,131,769.311,417.18,NA,0.379,0.001,0,-42.397
4026,29,143,1183.333,294.318,56701.886,2,203,776.129,412.774,NA,6.818,0.023,180,180
4027,29,144,1182.197,289.015,57001.896,2,120,781.553,416.135,NA,5.423,0.018,-102.095,77.905
4028,29,145,1182.197,289.015,57301.906,2,170,781.553,416.135,NA,0,0,0,102.095
4029,29,146,1178.03,287.121,57601.916,2,84,786.13,414.985,NA,4.577,0.015,-155.556,-155.556
4030,29,147,1181.439,287.121,57901.926,2,101,789.539,417.125,NA,3.409,0.011,0,155.556
4031,29,148,1168.939,287.121,58201.936,2,149,802.039,409.362,NA,12.5,0.042,180,180
4032,29,149,1167.045,284.091,58501.946,2,139,805.612,410.615,NA,3.573,0.012,-122.005,57.995
4033,29,150,1166.667,284.47,58801.956,2,135,806.148,410.084,NA,0.536,0.002,135,-102.995
4034,29,151,1161.364,283.333,59101.966,2,201,811.571,407.81,NA,5.423,0.018,-167.905,57.095
4035,29,152,1161.364,277.652,59401.976,2,111,817.253,412.389,NA,5.682,0.019,-90,77.905
4036,29,153,1165.53,272.348,59701.986,2,90,823.997,419.128,NA,6.744,0.022,-51.843,38.157
4037,29,154,1165.53,272.348,60001.996,2,141,823.997,419.128,NA,0,0,0,51.843
4038,29,155,1165.53,272.348,60302.006,2,136,823.997,419.128,NA,0,0,0,0
4039,29,156,1165.53,272.348,60602.016,2,125,823.997,419.128,NA,0,0,0,0
4040,29,157,1165.53,272.348,60902.026,2,103,823.997,419.128,NA,0,0,0,0
4041,29,158,1165.53,272.348,61202.036,2,68,823.997,419.128,NA,0,0,0,0
4042,29,159,1165.53,249.621,61502.046,2,229,846.724,437.696,NA,22.727,0.076,-90,-90
4043,29,160,1171.97,257.576,61802.056,2,50,856.959,434.873,NA,10.234,0.034,51.009,141.009
4044,29,161,1171.97,257.576,62102.066,2,67,856.959,434.873,NA,0,0,0,-51.009
4045,29,162,1171.97,257.576,62402.076,2,83,856.959,434.873,NA,0,0,0,0
4046,29,163,1168.182,249.242,62702.086,2,61,866.113,439.509,NA,9.154,0.031,-114.444,-114.444
4047,29,164,1168.182,245.833,63002.096,2,102,869.522,442.319,NA,3.409,0.011,-90,24.444
4048,29,165,1168.182,242.424,63302.106,2,84,872.931,445.138,NA,3.409,0.011,-90,0
4049,29,166,1168.182,242.424,63602.116,2,42,872.931,445.138,NA,0,0,0,90
4050,29,167,1178.409,249.621,63902.126,2,107,885.436,445.09,NA,12.506,0.042,35.134,35.134
4051,29,168,1178.409,249.621,64202.136,2,67,885.436,445.09,NA,0,0,0,-35.134
4052,29,169,1178.409,248.485,64502.146,2,36,886.573,446.013,NA,1.136,0.004,-90,-90
4053,29,170,1181.439,245.076,64802.156,2,83,891.134,450.549,NA,4.561,0.015,-48.366,41.634
4054,29,171,1181.439,242.803,65102.165,2,109,893.407,452.397,NA,2.273,0.008,-90,-41.634
4055,29,172,1182.197,240.909,65402.175,2,82,895.447,454.379,NA,2.04,0.007,-68.199,21.801
4056,29,173,1182.197,240.152,65702.185,2,94,896.204,454.996,NA,0.758,0.003,-90,-21.801
4057,29,174,1183.712,237.5,66002.195,2,73,899.258,458.035,NA,3.054,0.01,-60.255,29.745
4058,29,175,1183.712,237.879,66302.205,2,79,899.637,457.726,NA,0.379,0.001,90,150.255
4059,29,176,1183.712,237.879,66602.215,2,102,899.637,457.726,NA,0,0,0,-90
4060,29,177,1183.712,235.985,66902.225,2,167,901.531,459.272,NA,1.894,0.006,-90,-90
4061,29,178,1183.712,235.985,67202.235,2,73,901.531,459.272,NA,0,0,0,90
4062,29,179,1184.47,235.227,67502.245,2,46,902.602,460.327,NA,1.071,0.004,-45,-45
4063,29,180,1184.47,227.652,67802.255,2,58,910.178,466.532,NA,7.576,0.025,-90,-45
4064,29,181,1189.394,225.758,68102.265,2,71,915.454,470.904,NA,5.276,0.018,-21.038,68.962
4065,29,182,1189.394,226.515,68402.275,2,44,916.211,470.285,NA,0.758,0.003,90,111.038
4066,29,183,1196.97,226.515,68702.285,2,67,923.787,474.688,NA,7.576,0.025,0,-90
4067,29,184,1197.348,220.833,69002.295,2,69,929.482,479.522,NA,5.694,0.019,-86.186,-86.186
4068,29,185,1198.864,217.424,69302.305,2,51,933.212,483.177,NA,3.731,0.012,-66.038,20.148
4069,29,186,1201.136,214.015,69602.315,2,54,937.309,487.272,NA,4.097,0.014,-56.31,9.728
4070,29,187,1201.136,213.258,69902.325,2,2,938.067,487.889,NA,0.758,0.003,-90,-33.69
4071,30,1,989.394,956.439,31801.058,2,62,0,0,NA,NA,NA,NA,NA
4072,30,2,1001.894,957.576,32101.068,2,95,12.552,12.552,NA,12.552,0.042,5.194,NA
4073,30,3,1012.5,964.394,32401.078,2,142,25.16,24.437,NA,12.609,0.042,32.735,27.541
4074,30,4,1020.076,964.394,32701.088,2,99,32.736,31.696,NA,7.576,0.025,0,-32.735
4075,30,5,1045.833,957.955,33001.098,2,193,59.286,56.46,NA,26.55,0.088,-14.036,-14.036
4076,30,6,1045.833,957.955,33301.108,2,109,59.286,56.46,NA,0,0,0,14.036
4077,30,7,1051.136,953.03,33601.118,2,155,66.523,61.836,NA,7.237,0.024,-42.879,-42.879
4078,30,8,1073.485,951.894,33901.128,2,182,88.9,84.214,NA,22.377,0.075,-2.911,39.968
4079,30,9,1081.439,951.515,34201.138,2,113,96.864,92.177,NA,7.964,0.027,-2.726,0.185
4080,30,10,1081.439,951.515,34501.148,2,98,96.864,92.177,NA,0,0,0,2.726
4081,30,11,1097.348,956.439,34801.158,2,110,113.518,107.955,NA,16.654,0.056,17.199,17.199
4082,30,12,1104.924,956.439,35101.168,2,110,121.093,115.53,NA,7.576,0.025,0,-17.199
4083,30,13,1104.924,956.439,35401.178,2,114,121.093,115.53,NA,0,0,0,0
4084,30,14,1104.924,956.439,35701.188,2,150,121.093,115.53,NA,0,0,0,0
4085,30,15,1114.015,953.03,36001.198,2,146,130.802,124.668,NA,9.709,0.032,-20.556,-20.556
4086,30,16,1128.788,953.03,36301.207,2,158,145.575,139.436,NA,14.773,0.049,0,20.556
4087,30,17,1138.636,949.621,36601.217,2,126,155.997,149.398,NA,10.422,0.035,-19.093,-19.093
4088,30,18,1146.212,951.515,36901.227,2,149,163.806,156.895,NA,7.809,0.026,14.036,33.13
4089,30,19,1153.788,961.742,37201.237,2,74,176.533,164.479,NA,12.727,0.042,53.471,39.435
4090,30,20,1162.5,971.212,37501.247,2,127,189.401,173.735,NA,12.868,0.043,47.386,-6.085
4091,30,21,1162.5,971.212,37801.257,2,123,189.401,173.735,NA,0,0,0,-47.386
4092,30,22,1173.106,990.152,38101.267,2,117,211.108,186.78,NA,21.707,0.072,60.751,60.751
4093,30,23,1187.5,999.242,38401.277,2,108,228.132,202.677,NA,17.024,0.057,32.276,-28.476
4094,30,24,1190.53,1016.288,38701.287,2,125,245.445,209.852,NA,17.313,0.058,79.919,47.644
4095,30,25,1204.167,1020.455,39001.297,2,122,259.704,224.11,NA,14.259,0.048,16.991,-62.929
4096,30,26,1214.394,1020.455,39301.307,2,175,269.931,233.929,NA,10.227,0.034,0,-16.991
4097,30,27,1214.394,1020.455,39601.317,2,135,269.931,233.929,NA,0,0,0,0
4098,30,28,1214.394,1012.879,39901.327,2,108,277.507,231.971,NA,7.576,0.025,-90,-90
4099,30,29,1227.273,1009.848,40201.337,2,97,290.737,243.801,NA,13.23,0.044,-13.241,76.759
4100,30,30,1235.985,999.621,40501.347,2,185,304.172,250.343,NA,13.435,0.045,-49.574,-36.333
4101,30,31,1234.091,997.348,40801.357,2,167,307.131,248.093,NA,2.958,0.01,-129.806,-80.232
4102,30,32,1242.803,994.318,41101.367,2,175,316.355,256.224,NA,9.224,0.031,-19.179,110.627
4103,30,33,1242.803,1011.364,41401.377,2,232,333.4,259.293,NA,17.045,0.057,90,109.179
4104,30,34,1235.606,1011.364,41701.387,2,151,340.597,252.264,NA,7.197,0.024,180,90
4105,30,35,1237.5,1011.364,42001.397,2,136,342.491,254.113,NA,1.894,0.006,0,-180
4106,30,36,1244.318,1021.212,42301.407,2,132,354.469,263.024,NA,11.978,0.04,55.305,55.305
4107,30,37,1244.318,1031.818,42601.417,2,152,365.076,265.835,NA,10.606,0.035,90,34.695
4108,30,38,1244.318,1032.197,42901.427,2,112,365.454,265.943,NA,0.379,0.001,90,0
4109,30,39,1245.076,1039.015,43201.437,2,140,372.314,268.686,NA,6.86,0.023,83.66,-6.34
4110,30,40,1252.273,1049.242,43501.447,2,155,384.82,278.779,NA,12.506,0.042,54.866,-28.794
4111,30,41,1265.53,1036.364,43801.457,2,157,403.303,287.47,NA,18.483,0.062,-44.17,-99.035
4112,30,42,1272.348,1032.197,44101.467,2,154,411.294,292.921,NA,7.991,0.027,-31.43,12.74
4113,30,43,1274.242,1025.379,44401.477,2,131,418.37,293.072,NA,7.076,0.024,-74.476,-43.046
4114,30,44,1274.242,1025.758,44701.487,2,157,418.749,293.162,NA,0.379,0.001,90,164.476
4115,30,45,1286.364,1012.121,45001.497,2,109,436.994,302.145,NA,18.245,0.061,-48.366,-138.366
4116,30,46,1290.53,1005.682,45301.507,2,150,444.664,305.136,NA,7.67,0.026,-57.095,-8.728
4117,30,47,1289.394,991.288,45601.517,2,124,459.102,302.017,NA,14.439,0.048,-94.514,-37.419
4118,30,48,1289.394,990.53,45901.527,2,64,459.86,301.931,NA,0.758,0.003,-90,4.514
4119,30,49,1289.394,968.182,46201.537,2,106,482.209,300.23,NA,22.348,0.074,-90,0
4120,30,50,1300.758,960.985,46501.547,2,144,495.659,311.397,NA,13.451,0.045,-32.347,57.653
4121,30,51,1314.394,958.712,46801.557,2,112,509.484,325.008,NA,13.824,0.046,-9.462,22.885
4122,30,52,1326.515,944.697,47101.567,2,165,528.014,337.326,NA,18.53,0.062,-49.145,-39.682
4123,30,53,1330.682,941.288,47401.577,2,137,533.397,341.624,NA,5.384,0.018,-39.289,9.855
4124,30,54,1348.485,955.682,47701.587,2,126,556.291,359.092,NA,22.894,0.076,38.956,78.245
4125,30,55,1353.409,955.682,48001.597,2,243,561.215,364.016,NA,4.924,0.016,0,-38.956
4126,30,56,1353.788,963.258,48301.607,2,167,568.801,364.458,NA,7.585,0.025,87.138,87.138
4127,30,57,1360.606,964.015,48601.617,2,79,575.661,371.289,NA,6.86,0.023,6.34,-80.797
4128,30,58,1362.879,972.727,48901.627,2,120,584.664,373.84,NA,9.004,0.03,75.379,69.039
4129,30,59,1365.53,979.545,49201.637,2,112,591.98,376.845,NA,7.316,0.024,68.749,-6.63
4130,30,60,1375,985.227,49501.647,2,100,603.024,386.679,NA,11.043,0.037,30.964,-37.786
4131,30,61,1375,993.939,49801.657,2,203,611.736,387.425,NA,8.712,0.029,90,59.036
4132,30,62,1377.273,993.561,50101.667,2,220,614.04,389.651,NA,2.304,0.008,-9.462,-99.462
4133,30,63,1380.682,993.561,50401.677,2,239,617.449,393.045,NA,3.409,0.011,0,9.462
4134,30,64,1380.682,993.561,50701.686,2,255,617.449,393.045,NA,0,0,0,0
4135,30,65,1380.682,991.288,51001.696,2,140,619.722,392.837,NA,2.273,0.008,-90,-90
4136,30,66,1376.515,990.53,51301.706,2,121,623.956,388.619,NA,4.235,0.014,-169.695,-79.695
4137,30,67,1381.061,990.53,51601.716,2,170,628.502,393.148,NA,4.545,0.015,0,169.695
4138,30,68,1381.061,994.697,51901.726,2,247,632.669,393.531,NA,4.167,0.014,90,90
4139,30,69,1382.197,998.864,52201.736,2,128,636.987,395.087,NA,4.319,0.014,74.745,-15.255
4140,30,70,1397.348,998.864,52501.746,2,101,652.139,410.155,NA,15.152,0.051,0,-74.745
4141,30,71,1406.439,998.864,52801.756,2,143,661.23,419.198,NA,9.091,0.03,0,0
4142,30,72,1404.924,998.485,53101.766,2,107,662.792,417.652,NA,1.562,0.005,-165.964,-165.964
4143,30,73,1434.091,1007.955,53401.776,2,60,693.457,447.671,NA,30.665,0.102,17.987,-176.049
4144,30,74,1436.364,1012.879,53701.786,2,116,698.881,450.519,NA,5.423,0.018,65.225,47.238
4145,30,75,1434.848,1012.5,54001.796,2,132,700.442,448.968,NA,1.562,0.005,-165.964,128.811
4146,30,76,1445.076,1017.424,54301.806,2,48,711.793,459.745,NA,11.351,0.038,25.71,-168.326
4147,30,77,1461.364,1042.045,54601.816,2,65,741.314,479.671,NA,29.521,0.098,56.514,30.804
4148,30,78,1501.515,1067.424,54901.826,2,96,788.814,524.009,NA,47.5,0.158,32.296,-24.218
4149,30,79,1511.742,1057.955,55201.836,2,44,802.752,532.121,NA,13.938,0.046,-42.797,-75.093
4150,30,80,1525,1057.576,55501.846,2,112,816.015,545.071,NA,13.263,0.044,-1.637,41.161
4151,30,81,1540.152,1054.545,55801.856,2,69,831.467,559.427,NA,15.452,0.052,-11.31,-9.673
4152,31,1,910.227,1036.742,30901.028,2,66,0,0,NA,NA,NA,NA,NA
4153,31,2,917.803,1044.318,31201.038,2,147,10.714,10.714,NA,10.714,0.036,45,NA
4154,31,3,926.515,1059.47,31501.048,2,160,28.191,27.961,NA,17.478,0.058,60.101,15.101
4155,31,4,930.303,1063.258,31801.058,2,107,33.548,33.258,NA,5.357,0.018,45,-15.101
4156,31,5,931.818,1076.136,32101.068,2,117,46.516,44.923,NA,12.968,0.043,83.29,38.29
4157,31,6,933.333,1085.985,32401.078,2,64,56.48,54.394,NA,9.964,0.033,81.254,-2.036
4158,31,7,938.258,1106.818,32701.088,2,189,77.888,75.474,NA,21.407,0.071,76.701,-4.552
4159,31,8,950.379,1114.773,33001.098,2,193,92.386,87.755,NA,14.498,0.048,33.275,-43.427
4160,31,9,960.606,1117.045,33301.108,2,159,102.863,94.798,NA,10.477,0.035,12.529,-20.746
4161,31,10,963.636,1117.045,33601.118,2,116,105.893,96.442,NA,3.03,0.01,0,-12.529
4162,31,11,964.015,1126.515,33901.128,2,94,115.37,104.653,NA,9.477,0.032,87.709,87.709
4163,31,12,971.212,1129.167,34201.138,2,198,123.04,110.731,NA,7.67,0.026,20.225,-67.485
4164,31,13,978.788,1129.167,34501.148,2,79,130.616,115.077,NA,7.576,0.025,0,-20.225
4165,31,14,978.788,1129.167,34801.158,2,77,130.616,115.077,NA,0,0,0,0
4166,31,15,979.545,1147.348,35101.168,2,149,148.813,130.532,NA,18.198,0.061,87.614,87.614
4167,31,16,985.985,1156.061,35401.178,2,158,159.647,141.337,NA,10.834,0.036,53.531,-34.083
4168,31,17,986.364,1162.5,35701.188,2,189,166.098,147.009,NA,6.451,0.022,86.634,33.103
4169,31,18,997.727,1173.864,36001.198,2,221,182.168,162.661,NA,16.071,0.054,45,-41.634
4170,31,19,997.727,1173.864,36301.207,2,173,182.168,162.661,NA,0,0,0,-45
4171,31,20,997.727,1173.864,36601.217,2,255,182.168,162.661,NA,0,0,0,0
4172,31,21,1004.167,1173.864,36901.227,2,150,188.608,166.213,NA,6.439,0.021,0,0
4173,31,22,1004.167,1173.864,37201.237,2,154,188.608,166.213,NA,0,0,0,0
4174,31,23,1004.167,1173.864,37501.247,2,145,188.608,166.213,NA,0,0,0,0
4175,31,24,994.697,1173.864,37801.257,2,152,198.077,161.051,NA,9.47,0.032,180,180
4176,31,25,994.697,1180.682,38101.267,2,202,204.895,166.894,NA,6.818,0.023,90,-90
4177,31,26,1000.379,1182.955,38401.277,2,190,211.015,171.771,NA,6.12,0.02,21.801,-68.199
4178,31,27,1000.379,1182.955,38701.287,2,149,211.015,171.771,NA,0,0,0,-21.801
4179,31,28,1000.379,1188.636,39001.297,2,129,216.697,176.633,NA,5.682,0.019,90,90
4180,31,29,1000.379,1188.636,39301.307,2,174,216.697,176.633,NA,0,0,0,-90
4181,31,30,1004.167,1187.121,39601.317,2,206,220.776,177.309,NA,4.08,0.014,-21.801,-21.801
4182,31,31,1005.682,1187.121,39901.327,2,228,222.292,178.116,NA,1.515,0.005,0,21.801
4183,31,32,1005.682,1187.121,40201.337,2,134,222.292,178.116,NA,0,0,0,0
4184,31,33,1001.894,1194.697,40501.347,2,113,230.762,182.626,NA,8.47,0.028,116.565,116.565
4185,31,34,998.485,1195.076,40801.357,2,147,234.192,181.27,NA,3.43,0.011,173.66,57.095
4186,31,35,998.485,1195.076,41101.367,2,79,234.192,181.27,NA,0,0,0,-173.66
4187,31,36,998.485,1195.833,41401.377,2,64,234.949,181.932,NA,0.758,0.003,90,90
4188,31,37,998.485,1203.409,41701.387,2,113,242.525,188.593,NA,7.576,0.025,90,0
4189,31,38,998.485,1203.409,42001.397,2,182,242.525,188.593,NA,0,0,0,-90
4190,31,39,998.485,1209.848,42301.407,2,149,248.964,194.307,NA,6.439,0.021,90,90
4191,31,40,998.106,1215.152,42601.417,2,151,254.281,198.878,NA,5.317,0.018,94.086,4.086
4192,31,41,996.591,1218.561,42901.427,2,152,258.011,201.287,NA,3.731,0.012,113.962,19.877
4193,31,42,993.182,1228.409,43201.437,2,126,268.433,208.848,NA,10.422,0.035,109.093,-4.869
4194,31,43,991.667,1232.955,43501.447,2,86,273.225,212.442,NA,4.791,0.016,108.435,-0.659
4195,31,44,991.667,1243.182,43801.457,2,91,283.452,221.923,NA,10.227,0.034,90,-18.435
4196,31,45,989.394,1256.439,44101.467,2,101,296.903,233.525,NA,13.451,0.045,99.728,9.728
4197,31,46,994.697,1269.949,44401.477,2,147,311.416,248.034,NA,14.514,0.048,68.569,-31.159
4198,31,47,993.687,1269.949,44701.487,2,129,312.427,247.691,NA,1.01,0.003,180,111.431
4199,31,48,998.232,1267.424,45001.497,2,96,317.626,246.899,NA,5.2,0.017,-29.055,150.945
4200,31,49,1001.768,1267.424,45301.507,2,143,321.162,248.181,NA,3.535,0.012,0,29.055
4201,31,50,1001.768,1267.424,45601.517,2,150,321.162,248.181,NA,0,0,0,0
4202,31,51,1001.768,1267.424,45901.527,2,183,321.162,248.181,NA,0,0,0,0
4203,31,52,1001.768,1274.495,46201.537,2,152,328.232,254.766,NA,7.071,0.024,90,90
4204,31,53,1001.768,1285.606,46501.547,2,111,339.344,265.166,NA,11.111,0.037,90,0
4205,31,54,1001.768,1296.717,46801.557,2,139,350.455,275.62,NA,11.111,0.037,90,0
4206,31,55,1001.768,1302.778,47101.567,2,183,356.515,281.344,NA,6.061,0.02,90,0
4207,31,56,1005.808,1311.364,47401.577,2,134,366.004,290.779,NA,9.489,0.032,64.799,-25.201
4208,31,57,1007.828,1317.424,47701.587,2,60,372.393,297.167,NA,6.388,0.021,71.565,6.766
4209,31,58,1009.848,1326.515,48001.597,2,131,381.705,306.419,NA,9.313,0.031,77.471,5.906
4210,31,59,1015.909,1334.091,48301.607,2,123,391.407,315.571,NA,9.702,0.032,51.34,-26.131
4211,31,60,1020.96,1345.707,48601.617,2,255,404.074,328.208,NA,12.667,0.042,66.501,15.161
4212,31,61,1020.96,1345.707,48901.627,2,187,404.074,328.208,NA,0,0,0,-66.501
4213,31,62,1020.96,1348.737,49201.637,2,163,407.104,331.063,NA,3.03,0.01,90,90
4214,31,63,1021.97,1361.869,49501.647,2,255,420.274,343.793,NA,13.17,0.044,85.601,-4.399
4215,31,64,1021.97,1362.374,49801.657,2,235,420.779,344.27,NA,0.505,0.002,90,4.399
4216,31,65,1019.949,1362.374,50101.667,2,255,422.799,343.62,NA,2.02,0.007,180,90
4217,31,66,1015.404,1362.374,50401.677,2,176,427.345,342.196,NA,4.545,0.015,180,0
4218,31,67,1021.465,1368.434,50701.686,2,127,435.916,349.848,NA,8.571,0.029,45,-135
4219,31,68,1034.596,1376.515,51001.696,2,121,451.334,361.819,NA,15.419,0.051,31.608,-13.392
4220,31,69,1045.202,1385.606,51301.706,2,255,465.303,374.064,NA,13.969,0.047,40.601,8.994
4221,31,70,1054.293,1388.131,51601.716,2,137,474.739,379.775,NA,9.435,0.031,15.524,-25.077
4222,31,71,1086.616,1384.091,51901.726,2,152,507.313,389.569,NA,32.575,0.109,-7.125,-22.649
4223,31,72,1092.045,1381.439,52201.736,2,216,513.355,389.71,NA,6.042,0.02,-26.03,-18.905
4224,31,73,1095.833,1380.303,52501.746,2,214,517.31,390.491,NA,3.955,0.013,-16.699,9.33
4225,31,74,1098.106,1385.985,52801.756,2,77,523.43,396.571,NA,6.12,0.02,68.199,84.898
4226,31,75,1133.333,1386.364,53101.766,2,226,558.659,414.742,NA,35.229,0.117,0.616,-67.583
4227,31,76,1144.697,1386.364,53401.776,2,116,570.023,420.964,NA,11.364,0.038,0,-0.616
4228,31,77,1144.697,1386.364,53701.786,2,232,570.023,420.964,NA,0,0,0,0
4229,31,78,1151.894,1382.576,54001.796,2,196,578.155,421.905,NA,8.133,0.027,-27.759,-27.759
4230,31,79,1168.182,1382.576,54301.806,2,209,594.443,431.441,NA,16.288,0.054,0,27.759
4231,31,80,1168.182,1382.576,54601.816,2,242,594.443,431.441,NA,0,0,0,0
4232,31,81,1171.212,1389.773,54901.826,2,203,602.252,439.026,NA,7.809,0.026,67.166,67.166
4233,31,82,1192.803,1398.485,55201.836,2,193,625.535,459.028,NA,23.282,0.078,21.975,-45.192
4234,31,83,1202.273,1406.818,55501.846,2,185,638.149,471.43,NA,12.614,0.042,41.348,19.373
4235,31,84,1206.439,1410.606,55801.856,2,184,643.78,476.986,NA,5.631,0.019,42.274,0.926
4236,31,85,1215.152,1416.288,56101.866,2,90,654.181,486.861,NA,10.401,0.035,33.111,-9.162
4237,31,86,1224.242,1424.621,56401.876,2,118,666.514,499.055,NA,12.332,0.041,42.51,9.399
4238,31,87,1232.197,1436.742,56701.886,2,175,681.012,513.483,NA,14.498,0.048,56.725,14.215
4239,31,88,1237.5,1446.97,57001.896,2,120,692.532,524.78,NA,11.52,0.038,62.592,5.867
4240,31,89,1238.258,1462.121,57301.906,2,170,707.703,537.169,NA,15.17,0.051,87.138,24.545
4241,31,90,1242.424,1469.318,57601.916,2,168,716.019,545.414,NA,8.316,0.028,59.931,-27.206
4242,31,91,1242.424,1469.318,57901.926,2,159,716.019,545.414,NA,0,0,0,-59.931
4243,31,92,1242.424,1469.318,58201.936,2,196,716.019,545.414,NA,0,0,0,0
4244,31,93,1242.424,1469.318,58501.946,2,215,716.019,545.414,NA,0,0,0,0
4245,31,94,1242.424,1469.318,58801.956,2,255,716.019,545.414,NA,0,0,0,0
4246,31,95,1242.424,1475,59101.966,2,201,721.701,549.931,NA,5.682,0.019,90,90
4247,31,96,1236.742,1478.409,59401.976,2,155,728.327,549.255,NA,6.626,0.022,149.036,59.036
4248,31,97,1249.242,1475.758,59701.986,2,155,741.105,554.676,NA,12.778,0.043,-11.976,-161.012
4249,31,98,1251.894,1476.136,60001.996,2,142,743.783,556.6,NA,2.678,0.009,8.13,20.106
4250,31,99,1251.894,1473.864,60302.006,2,102,746.056,554.807,NA,2.273,0.008,-90,-98.13
4251,31,100,1253.03,1485.985,60602.016,2,80,758.23,565.095,NA,12.174,0.041,84.644,174.644
4252,31,101,1254.545,1487.879,60902.026,2,72,760.656,567.52,NA,2.425,0.008,51.34,-33.304
4253,31,102,1256.439,1498.864,61202.036,2,137,771.803,577.424,NA,11.147,0.037,80.218,28.877
4254,32,1,693.561,1046.212,30000.998,2,122,0,0,NA,NA,NA,NA,NA
4255,32,2,693.561,1051.136,30301.008,2,120,4.924,4.924,NA,4.924,0.016,90,NA
4256,32,3,693.561,1054.545,30601.018,2,137,8.333,8.333,NA,3.409,0.011,90,0
4257,32,4,693.561,1064.015,30901.028,2,200,17.803,17.803,NA,9.47,0.032,90,0
4258,32,5,688.636,1069.697,31201.038,2,255,25.322,23.996,NA,7.519,0.025,130.914,40.914
4259,32,6,688.636,1069.697,31501.048,2,112,25.322,23.996,NA,0,0,0,-130.914
4260,32,7,686.364,1085.227,31801.058,2,255,41.017,39.673,NA,15.696,0.052,98.326,98.326
4261,32,8,684.091,1089.394,32101.068,2,155,45.764,44.208,NA,4.746,0.016,118.61,20.285
4262,32,9,684.091,1096.97,32401.078,2,174,53.339,51.633,NA,7.576,0.025,90,-28.61
4263,32,10,681.061,1111.364,32701.088,2,255,68.049,66.34,NA,14.709,0.049,101.889,11.889
4264,32,11,680.303,1119.697,33001.098,2,173,76.417,74.671,NA,8.368,0.028,95.194,-6.694
4265,32,12,678.03,1125.379,33301.108,2,192,82.536,80.676,NA,6.12,0.02,111.801,16.607
4266,32,13,676.136,1133.712,33601.118,2,122,91.082,89.218,NA,8.546,0.028,102.804,-8.997
4267,32,14,673.485,1135.606,33901.128,2,97,94.34,91.62,NA,3.258,0.011,144.462,41.658
4268,32,15,673.485,1145.833,34201.138,2,184,104.568,101.624,NA,10.227,0.034,90,-54.462
4269,32,16,673.485,1145.833,34501.148,2,106,104.568,101.624,NA,0,0,0,-90
4270,32,17,669.318,1152.273,34801.158,2,255,112.238,108.796,NA,7.67,0.026,122.905,122.905
4271,32,18,680.682,1165.909,35101.168,2,255,129.988,120.388,NA,17.751,0.059,50.194,-72.711
4272,32,19,682.576,1172.727,35401.178,2,254,137.064,126.991,NA,7.076,0.024,74.476,24.281
4273,32,20,682.576,1172.727,35701.188,2,206,137.064,126.991,NA,0,0,0,-74.476
4274,32,21,685.606,1179.924,36001.198,2,255,144.873,133.949,NA,7.809,0.026,67.166,67.166
4275,32,22,687.879,1185.227,36301.207,2,196,150.643,139.131,NA,5.77,0.019,66.801,-0.365
4276,32,23,690.152,1198.864,36601.217,2,223,164.467,152.69,NA,13.824,0.046,80.538,13.736
4277,32,24,693.939,1204.924,36901.227,2,255,171.614,158.713,NA,7.147,0.024,57.995,-22.543
4278,32,25,693.182,1214.394,37201.237,2,217,181.114,168.182,NA,9.5,0.032,94.574,36.579
4279,32,26,695.076,1226.136,37501.247,2,167,193.008,179.931,NA,11.894,0.04,80.838,-13.736
4280,32,27,688.258,1230.682,37801.257,2,219,201.203,184.546,NA,8.194,0.027,146.31,65.472
4281,32,28,681.439,1230.682,38101.267,2,156,208.021,184.868,NA,6.818,0.023,180,33.69
4282,32,29,681.439,1246.212,38401.277,2,114,223.551,200.367,NA,15.53,0.052,90,-90
4283,32,30,681.439,1246.212,38701.287,2,176,223.551,200.367,NA,0,0,0,-90
4284,32,31,678.409,1250.379,39001.297,2,221,228.703,204.728,NA,5.152,0.017,126.027,126.027
4285,32,32,678.409,1261.742,39301.307,2,201,240.067,216.062,NA,11.364,0.038,90,-36.027
4286,32,33,670.076,1264.773,39601.317,2,238,248.934,219.819,NA,8.867,0.03,160.017,70.017
4287,32,34,668.939,1274.621,39901.327,2,178,258.848,229.732,NA,9.914,0.033,96.582,-63.435
4288,32,35,668.939,1274.621,40201.337,2,125,258.848,229.732,NA,0,0,0,-96.582
4289,32,36,663.258,1274.621,40501.347,2,193,264.53,230.41,NA,5.682,0.019,180,180
4290,32,37,663.258,1296.212,40801.357,2,206,286.121,251.83,NA,21.591,0.072,90,-90
4291,32,38,658.333,1298.485,41101.367,2,154,291.544,254.72,NA,5.423,0.018,155.225,65.225
4292,32,39,660.606,1300.379,41401.377,2,199,294.503,256.294,NA,2.958,0.01,39.806,-115.419
4293,32,40,656.061,1300,41701.387,2,209,299.064,256.543,NA,4.561,0.015,-175.236,144.958
4294,32,41,655.682,1299.242,42001.397,2,212,299.911,255.85,NA,0.847,0.003,-116.565,58.671
4295,32,42,662.121,1299.242,42301.407,2,213,306.35,254.976,NA,6.439,0.021,0,116.565
4296,32,43,667.045,1292.045,42601.417,2,183,315.071,247.259,NA,8.72,0.029,-55.62,-55.62
4297,32,44,674.242,1291.667,42901.427,2,154,322.278,246.214,NA,7.207,0.024,-3.013,52.607
4298,32,45,681.061,1291.667,43201.437,2,135,329.096,245.773,NA,6.818,0.023,0,3.013
4299,32,46,681.061,1291.667,43501.447,2,228,329.096,245.773,NA,0,0,0,0
4300,32,47,685.985,1291.667,43801.457,2,190,334.02,245.571,NA,4.924,0.016,0,0
4301,32,48,704.167,1305.303,44101.467,2,217,356.747,259.308,NA,22.727,0.076,36.87,36.87
4302,32,49,709.091,1309.47,44401.477,2,216,363.198,263.715,NA,6.451,0.022,40.236,3.366
4303,32,50,721.97,1311.742,44701.487,2,206,376.276,267.046,NA,13.078,0.044,10.008,-30.228
4304,32,51,729.924,1317.803,45001.497,2,235,386.276,274.014,NA,10,0.033,37.304,27.296
4305,32,52,731.818,1325.379,45301.507,2,255,394.085,281.776,NA,7.809,0.026,75.964,38.66
4306,32,53,731.818,1334.091,45601.517,2,119,402.797,290.41,NA,8.712,0.029,90,14.036
4307,32,54,732.576,1337.5,45901.527,2,203,406.289,293.889,NA,3.492,0.012,77.471,-12.529
4308,32,55,734.091,1349.621,46201.537,2,180,418.505,306.104,NA,12.216,0.041,82.875,5.404
4309,32,56,740.53,1359.47,46501.547,2,178,430.271,316.759,NA,11.767,0.039,56.821,-26.053
4310,32,57,746.97,1378.03,46801.557,2,255,449.917,336.089,NA,19.646,0.065,70.866,14.045
4311,32,58,746.212,1383.333,47101.567,2,146,455.274,341.208,NA,5.357,0.018,98.13,27.264
4312,32,59,753.03,1396.591,47401.577,2,162,470.182,355.39,NA,14.908,0.05,62.784,-35.346
4313,32,60,761.364,1403.409,47701.587,2,210,480.95,363.575,NA,10.767,0.036,39.289,-23.494
4314,32,61,761.364,1413.636,48001.597,2,176,491.177,373.628,NA,10.227,0.034,90,50.711
4315,32,62,761.364,1413.636,48301.607,2,239,491.177,373.628,NA,0,0,0,-90
4316,32,63,761.364,1426.136,48601.617,2,172,503.677,385.927,NA,12.5,0.042,90,90
4317,32,64,768.561,1437.121,48901.627,2,255,516.809,398.039,NA,13.133,0.044,56.768,-33.232
4318,32,65,776.515,1464.773,49201.637,2,177,545.582,426.702,NA,28.773,0.096,73.951,17.183
4319,32,66,776.136,1472.348,49501.647,2,174,553.167,434.063,NA,7.585,0.025,92.862,18.911
4320,32,67,766.667,1478.788,49801.657,2,254,564.619,438.71,NA,11.452,0.038,145.784,52.922
4321,32,68,771.212,1508.333,50101.667,2,140,594.512,468.6,NA,29.893,0.1,81.254,-64.53
4322,32,69,786.364,1521.97,50401.677,2,167,614.896,484.724,NA,20.384,0.068,41.987,-39.267
4323,32,70,790.909,1524.621,50701.686,2,223,620.159,488.213,NA,5.262,0.018,30.256,-11.731
4324,32,71,790.909,1524.621,51001.696,2,214,620.159,488.213,NA,0,0,0,-30.256
4325,32,72,799.621,1539.015,51301.706,2,133,636.984,504.087,NA,16.825,0.056,58.815,58.815
4326,32,73,806.439,1542.803,51601.716,2,167,644.784,509.258,NA,7.8,0.026,29.055,-29.76
4327,33,1,650,1028.03,13800.459,2,67,0,0,NA,NA,NA,NA,NA
4328,33,2,650,1034.848,14100.469,2,65,6.818,6.818,NA,6.818,0.023,90,NA
4329,33,3,650,1035.227,14400.479,2,87,7.197,7.197,NA,0.379,0.001,90,0
4330,33,4,650,1040.909,14700.489,2,51,12.879,12.879,NA,5.682,0.019,90,0
4331,33,5,654.924,1050.758,15000.499,2,137,23.89,23.255,NA,11.011,0.037,63.435,-26.565
4332,33,6,656.818,1056.061,15300.509,2,131,29.521,28.848,NA,5.631,0.019,70.346,6.911
4333,33,7,657.955,1062.879,15600.519,2,110,36.433,35.745,NA,6.912,0.023,80.538,10.192
4334,33,8,657.955,1062.879,15900.529,2,192,36.433,35.745,NA,0,0,0,-80.538
4335,33,9,657.955,1063.258,16200.539,2,218,36.812,36.114,NA,0.379,0.001,90,90
4336,33,10,655.303,1064.773,16500.549,2,238,39.866,37.123,NA,3.054,0.01,150.255,60.255
4337,33,11,650,1064.773,16800.559,2,227,45.169,36.742,NA,5.303,0.018,180,29.745
4338,33,12,648.106,1066.667,17100.569,2,238,47.847,38.683,NA,2.678,0.009,135,-45
4339,33,13,637.121,1079.167,17400.579,2,164,64.488,52.733,NA,16.641,0.055,131.309,-3.691
4340,33,14,637.121,1079.924,17700.589,2,190,65.246,53.468,NA,0.758,0.003,90,-41.309
4341,33,15,637.121,1079.924,18000.599,2,237,65.246,53.468,NA,0,0,0,-90
4342,33,16,637.121,1079.924,18300.609,2,145,65.246,53.468,NA,0,0,0,0
4343,33,17,645.455,1080.303,18600.619,2,227,73.588,52.47,NA,8.342,0.028,2.603,2.603
4344,33,18,646.591,1075.379,18900.629,2,205,78.641,47.471,NA,5.054,0.017,-77.005,-79.608
4345,33,19,643.561,1072.348,19200.639,2,251,82.927,44.784,NA,4.285,0.014,-135,-57.995
4346,33,20,640.909,1072.348,19500.649,2,190,85.578,45.241,NA,2.652,0.009,180,-45
4347,33,21,633.333,1072.348,19800.659,2,174,93.154,47.348,NA,7.576,0.025,180,0
4348,33,22,633.333,1072.348,20100.669,2,255,93.154,47.348,NA,0,0,0,-180
4349,33,23,632.955,1061.742,20400.679,2,153,103.767,37.776,NA,10.613,0.035,-92.045,-92.045
4350,33,24,634.091,1055.682,20700.689,2,137,109.933,31.901,NA,6.166,0.021,-79.38,12.665
4351,33,25,634.47,1052.273,21000.699,2,127,113.363,28.79,NA,3.43,0.011,-83.66,-4.279
4352,33,26,636.742,1050.758,21300.709,2,60,116.095,26.311,NA,2.731,0.009,-33.69,49.97
4353,33,27,636.742,1050.758,21600.719,2,91,116.095,26.311,NA,0,0,0,33.69
4354,33,28,636.742,1050.758,21900.728,2,92,116.095,26.311,NA,0,0,0,0
4355,33,29,634.848,1050.758,22200.738,2,61,117.988,27.315,NA,1.894,0.006,180,180
4356,33,30,634.848,1051.136,22500.748,2,175,118.367,27.631,NA,0.379,0.001,90,-90
4357,33,31,634.848,1051.136,22800.758,2,195,118.367,27.631,NA,0,0,0,-90
4358,33,32,634.848,1051.136,23100.768,2,132,118.367,27.631,NA,0,0,0,0
4359,33,33,634.848,1051.136,23400.778,2,80,118.367,27.631,NA,0,0,0,0
4360,33,34,634.848,1051.136,23700.788,2,123,118.367,27.631,NA,0,0,0,0
4361,33,35,634.848,1051.136,24000.798,2,88,118.367,27.631,NA,0,0,0,0
4362,33,36,639.015,1050.758,24300.808,2,127,122.551,25.243,NA,4.184,0.014,-5.194,-5.194
4363,33,37,643.561,1050.758,24600.818,2,137,127.097,23.622,NA,4.545,0.015,0,5.194
4364,33,38,643.561,1050.758,24900.828,2,137,127.097,23.622,NA,0,0,0,0
4365,33,39,643.561,1058.712,25200.838,2,194,135.051,31.35,NA,7.955,0.027,90,90
4366,33,40,643.561,1060.985,25500.848,2,255,137.324,33.578,NA,2.273,0.008,90,0
4367,33,41,643.561,1071.212,25800.858,2,112,147.551,43.659,NA,10.227,0.034,90,0
4368,33,42,649.242,1099.621,26100.868,2,138,176.523,71.595,NA,28.972,0.097,78.69,-11.31
4369,33,43,653.409,1109.091,26400.878,2,187,186.869,81.132,NA,10.346,0.034,66.251,-12.44
4370,33,44,644.697,1112.121,26700.888,2,119,196.093,84.258,NA,9.224,0.031,160.821,94.57
4371,33,45,643.939,1112.121,27000.898,2,102,196.85,84.309,NA,0.758,0.003,180,19.179
4372,33,46,643.939,1123.864,27300.908,2,193,208.593,96.025,NA,11.742,0.039,90,-90
4373,33,47,643.939,1123.106,27600.918,2,255,209.35,95.269,NA,0.758,0.003,-90,-180
4374,33,48,643.939,1123.106,27900.928,2,108,209.35,95.269,NA,0,0,0,90
4375,33,49,651.515,1129.924,28200.938,2,124,219.542,101.905,NA,10.192,0.034,41.987,41.987
4376,33,50,654.924,1132.197,28500.948,2,175,223.64,104.283,NA,4.097,0.014,33.69,-8.297
4377,33,51,645.833,1125.379,28800.958,2,239,235.003,97.438,NA,11.364,0.038,-143.13,-176.82
4378,33,52,645.455,1126.136,29100.968,2,162,235.85,98.211,NA,0.847,0.003,116.565,-100.305
4379,33,53,652.273,1135.985,29400.978,2,134,247.829,107.978,NA,11.978,0.04,55.305,-61.26
4380,33,54,658.712,1147.727,29700.988,2,101,261.221,120.014,NA,13.392,0.045,61.26,5.955
4381,33,55,660.227,1148.106,30000.998,2,151,262.783,120.511,NA,1.562,0.005,14.036,-47.224
4382,33,56,659.091,1154.924,30301.008,2,127,269.695,127.219,NA,6.912,0.023,99.462,85.426
4383,33,57,657.576,1162.879,30601.018,2,241,277.792,135.061,NA,8.098,0.027,100.784,1.322
4384,33,58,644.318,1174.621,30901.028,2,255,295.502,146.701,NA,17.71,0.059,138.468,37.684
4385,33,59,640.53,1177.652,31201.038,2,199,300.353,149.921,NA,4.851,0.016,141.34,2.872
4386,33,60,640.53,1181.061,31501.048,2,208,303.762,153.323,NA,3.409,0.011,90,-51.34
4387,33,61,640.53,1181.061,31801.058,2,212,303.762,153.323,NA,0,0,0,-90
4388,33,62,638.636,1195.833,32101.068,2,176,318.656,168.187,NA,14.894,0.05,97.306,97.306
4389,33,63,632.576,1205.303,32401.078,2,255,329.899,178.127,NA,11.243,0.037,122.619,25.313
4390,33,64,623.106,1200.379,32701.088,2,174,340.573,174.434,NA,10.673,0.036,-152.526,84.855
4391,33,65,623.106,1200,33001.098,2,123,340.951,174.06,NA,0.379,0.001,-90,62.526
4392,33,66,623.106,1189.773,33301.108,2,211,351.179,163.963,NA,10.227,0.034,-90,0
4393,33,67,623.106,1198.106,33601.118,2,181,359.512,172.189,NA,8.333,0.028,90,180
4394,33,68,623.106,1206.439,33901.128,2,196,367.845,180.425,NA,8.333,0.028,90,0
4395,33,69,625.379,1212.5,34201.138,2,231,374.318,186.106,NA,6.473,0.022,69.444,-20.556
4396,33,70,625.379,1212.5,34501.148,2,142,374.318,186.106,NA,0,0,0,-69.444
4397,33,71,633.333,1217.045,34801.158,2,135,383.48,189.749,NA,9.162,0.031,29.745,29.745
4398,33,72,632.576,1226.515,35101.168,2,199,392.98,199.248,NA,9.5,0.032,94.574,64.829
4399,33,73,625,1226.515,35401.178,2,206,400.555,200.053,NA,7.576,0.025,180,85.426
4400,33,74,621.97,1228.788,35701.188,2,155,404.343,202.705,NA,3.788,0.013,143.13,-36.87
4401,33,75,623.485,1233.333,36001.198,2,235,409.135,207.008,NA,4.791,0.016,71.565,-71.565
4402,33,76,623.485,1233.333,36301.207,2,179,409.135,207.008,NA,0,0,0,-71.565
4403,33,77,623.485,1233.333,36601.217,2,198,409.135,207.008,NA,0,0,0,0
4404,33,78,623.485,1233.333,36901.227,2,195,409.135,207.008,NA,0,0,0,0
4405,33,79,623.485,1233.333,37201.237,2,147,409.135,207.008,NA,0,0,0,0
4406,33,80,631.818,1232.955,37501.247,2,255,417.477,205.729,NA,8.342,0.028,-2.603,-2.603
4407,33,81,636.742,1228.03,37801.257,2,241,424.44,200.439,NA,6.964,0.023,-45,-42.397
4408,33,82,636.742,1228.03,38101.267,2,213,424.44,200.439,NA,0,0,0,45
4409,33,83,632.197,1223.864,38401.277,2,206,430.607,196.641,NA,6.166,0.021,-137.49,-137.49
4410,33,84,628.03,1223.864,38701.287,2,133,434.773,197.062,NA,4.167,0.014,180,-42.51
4411,33,85,627.273,1235.606,39001.297,2,210,446.54,208.816,NA,11.767,0.039,93.691,-86.309
4412,33,86,619.318,1235.606,39301.307,2,153,454.495,209.831,NA,7.955,0.027,180,86.309
4413,33,87,619.318,1235.606,39601.317,2,180,454.495,209.831,NA,0,0,0,-180
4414,33,88,619.318,1240.53,39901.327,2,253,459.419,214.704,NA,4.924,0.016,90,90
4415,33,89,619.318,1240.53,40201.337,2,199,459.419,214.704,NA,0,0,0,-90
4416,33,90,612.121,1240.53,40501.347,2,184,466.616,215.85,NA,7.197,0.024,180,180
4417,33,91,612.121,1246.97,40801.357,2,236,473.055,222.192,NA,6.439,0.021,90,-90
4418,33,92,612.121,1246.97,41101.367,2,186,473.055,222.192,NA,0,0,0,-90
4419,33,93,608.333,1252.273,41401.377,2,217,479.572,228.081,NA,6.517,0.022,125.538,125.538
4420,33,94,608.333,1257.576,41701.387,2,203,484.875,233.296,NA,5.303,0.018,90,-35.538
4421,33,95,615.152,1263.636,42001.397,2,252,493.998,238.169,NA,9.122,0.03,41.634,-48.366
4422,33,96,615.152,1263.636,42301.407,2,212,493.998,238.169,NA,0,0,0,-41.634
4423,33,97,615.152,1268.561,42601.417,2,253,498.922,243.042,NA,4.924,0.016,90,90
4424,33,98,615.152,1268.561,42901.427,2,188,498.922,243.042,NA,0,0,0,-90
4425,33,99,615.152,1275,43201.437,2,53,505.361,249.416,NA,6.439,0.021,90,90
4426,33,100,628.409,1280.682,43501.447,2,102,519.785,253.572,NA,14.424,0.048,23.199,-66.801
4427,33,101,642.803,1295.833,43801.457,2,155,540.684,267.9,NA,20.899,0.07,46.469,23.27
4428,33,102,644.318,1302.273,44101.467,2,255,547.299,274.301,NA,6.615,0.022,76.759,30.291
4429,33,103,644.318,1303.409,44401.477,2,183,548.435,275.437,NA,1.136,0.004,90,13.241
4430,33,104,638.636,1303.409,44701.487,2,247,554.117,275.613,NA,5.682,0.019,180,90
4431,33,105,638.636,1298.864,45001.497,2,105,558.663,271.072,NA,4.545,0.015,-90,90
4432,33,106,640.909,1315.53,45301.507,2,174,575.484,287.644,NA,16.821,0.056,82.235,172.235
4433,33,107,636.364,1315.53,45601.517,2,255,580.029,287.823,NA,4.545,0.015,180,97.765
4434,33,108,634.091,1315.53,45901.527,2,252,582.302,287.94,NA,2.273,0.008,180,0
4435,33,109,634.091,1315.53,46201.537,2,202,582.302,287.94,NA,0,0,0,-180
4436,33,110,642.045,1331.061,46501.547,2,105,599.751,303.135,NA,17.449,0.058,62.879,62.879
4437,33,111,642.803,1340.53,46801.557,2,197,609.251,312.583,NA,9.5,0.032,85.426,22.547
4438,33,112,642.803,1340.53,47101.567,2,133,609.251,312.583,NA,0,0,0,-85.426
4439,33,113,641.667,1343.182,47401.577,2,12,612.135,315.262,NA,2.885,0.01,113.199,113.199
4440,33,114,657.576,1360.227,47701.587,2,213,635.452,332.283,NA,23.316,0.078,46.975,-66.224
4441,33,115,666.288,1370.076,48001.597,2,198,648.601,342.433,NA,13.149,0.044,48.504,1.529
4442,33,116,667.424,1376.515,48301.607,2,255,655.139,348.92,NA,6.539,0.022,79.992,31.488
4443,33,117,673.485,1382.197,48601.617,2,133,663.447,354.944,NA,8.307,0.028,43.152,-36.84
4444,33,118,689.015,1405.303,48901.627,2,97,691.287,379.285,NA,27.84,0.093,56.094,12.941
4445,33,119,702.273,1420.076,49201.637,2,158,711.137,395.515,NA,19.849,0.066,48.094,-8
4446,33,120,702.273,1453.409,49501.647,2,137,744.47,428.579,NA,33.333,0.111,90,41.906
4447,33,121,699.242,1450.379,49801.657,2,194,748.755,425.209,NA,4.285,0.014,-135,135
4448,33,122,699.242,1453.788,50101.667,2,112,752.164,428.596,NA,3.409,0.011,90,-135
4449,33,123,699.242,1465.152,50401.677,2,115,763.528,439.886,NA,11.364,0.038,90,0
4450,33,124,702.652,1472.727,50701.686,2,141,771.836,447.803,NA,8.307,0.028,65.772,-24.228
4451,33,125,702.652,1472.727,51001.696,2,215,771.836,447.803,NA,0,0,0,-65.772
4452,33,126,698.485,1476.136,51301.706,2,190,777.219,450.721,NA,5.384,0.018,140.711,140.711
4453,33,127,695.455,1473.106,51601.716,2,132,781.505,447.391,NA,4.285,0.014,-135,84.289
4454,33,128,701.515,1467.803,51901.726,2,204,789.558,442.78,NA,8.053,0.027,-41.186,93.814
4455,33,129,701.515,1467.045,52201.736,2,162,790.315,442.027,NA,0.758,0.003,-90,-48.814
4456,33,130,701.515,1467.045,52501.746,2,243,790.315,442.027,NA,0,0,0,90
4457,33,131,701.515,1465.152,52801.756,2,223,792.209,440.146,NA,1.894,0.006,-90,-90
4458,33,132,700.758,1465.152,53101.766,2,182,792.967,440.058,NA,0.758,0.003,180,-90
4459,33,133,700.758,1465.152,53401.776,2,116,792.967,440.058,NA,0,0,0,-180
4460,33,134,700.758,1485.985,53701.786,2,103,813.8,460.759,NA,20.833,0.069,90,90
4461,33,135,695.833,1485.985,54001.796,2,91,818.724,460.242,NA,4.924,0.016,180,90
4462,33,136,695.833,1485.985,54301.806,2,132,818.724,460.242,NA,0,0,0,-180
4463,33,137,695.833,1485.985,54601.816,2,104,818.724,460.242,NA,0,0,0,0
4464,33,138,693.561,1478.788,54901.826,2,169,826.272,452.858,NA,7.547,0.025,-107.526,-107.526
4465,33,139,691.288,1474.242,55201.836,2,255,831.354,448.118,NA,5.082,0.017,-116.565,-9.039
4466,33,140,691.288,1474.621,55501.846,2,99,831.733,448.495,NA,0.379,0.001,90,-153.435
4467,33,141,696.212,1469.697,55801.856,2,185,838.696,444.078,NA,6.964,0.023,-45,-135
4468,33,142,696.212,1471.212,56101.866,2,163,840.212,445.585,NA,1.515,0.005,90,135
4469,33,143,692.045,1492.045,56401.876,2,186,861.458,465.916,NA,21.246,0.071,101.31,11.31
4470,33,144,682.576,1494.697,56701.886,2,81,871.291,467.802,NA,9.834,0.033,164.358,63.048
4471,33,145,682.197,1497.727,57001.896,2,255,874.345,470.799,NA,3.054,0.01,97.125,-67.233
4472,33,146,673.864,1506.439,57301.906,2,215,886.401,479.004,NA,12.056,0.04,133.727,36.602
4473,33,147,668.182,1508.333,57601.916,2,193,892.39,480.647,NA,5.989,0.02,161.565,27.838
4474,33,148,668.182,1514.773,57901.926,2,108,898.83,487.082,NA,6.439,0.021,90,-71.565
4475,33,149,666.667,1520.455,58201.936,2,207,904.71,492.706,NA,5.88,0.02,104.931,14.931
4476,33,150,668.182,1533.333,58501.946,2,162,917.678,505.63,NA,12.968,0.043,83.29,-21.641
4477,33,151,668.939,1541.667,58801.956,2,95,926.045,513.985,NA,8.368,0.028,84.806,1.515
4478,33,152,671.212,1547.348,59101.966,2,139,932.165,519.751,NA,6.12,0.02,68.199,-16.607
4479,34,1,461.364,731.061,9300.309,2,218,0,0,NA,NA,NA,NA,NA
4480,34,2,453.283,731.061,9600.319,2,98,8.081,8.081,NA,8.081,0.027,180,NA
4481,34,3,452.778,734.091,9900.329,2,96,11.153,9.105,NA,3.072,0.01,99.462,-80.538
4482,34,4,452.778,741.667,10200.339,2,187,18.729,13.646,NA,7.576,0.025,90,-9.462
4483,34,5,452.778,741.667,10500.349,2,228,18.729,13.646,NA,0,0,0,-90
4484,34,6,452.778,741.667,10800.359,2,255,18.729,13.646,NA,0,0,0,0
4485,34,7,446.212,740.152,11100.369,2,216,25.467,17.67,NA,6.738,0.022,-167.005,-167.005
4486,34,8,439.646,739.646,11400.379,2,187,32.052,23.353,NA,6.585,0.022,-175.601,-8.596
4487,34,9,436.364,736.742,11700.389,2,129,36.435,25.638,NA,4.383,0.015,-138.504,37.098
4488,34,10,435.606,736.742,12000.399,2,119,37.192,26.377,NA,0.758,0.003,180,-41.496
4489,34,11,435.606,736.742,12300.409,2,166,37.192,26.377,NA,0,0,0,-180
4490,34,12,435.606,736.742,12600.419,2,212,37.192,26.377,NA,0,0,0,0
4491,34,13,432.955,734.47,12900.429,2,148,40.685,28.613,NA,3.492,0.012,-139.399,-139.399
4492,34,14,432.955,726.894,13200.439,2,100,48.26,28.713,NA,7.576,0.025,-90,49.399
4493,34,15,432.955,726.894,13500.449,2,140,48.26,28.713,NA,0,0,0,90
4494,34,16,432.955,723.485,13800.459,2,131,51.67,29.402,NA,3.409,0.011,-90,-90
4495,34,17,432.955,723.485,14100.469,2,237,51.67,29.402,NA,0,0,0,90
4496,34,18,440.152,723.485,14400.479,2,229,58.867,22.524,NA,7.197,0.024,0,0
4497,34,19,450,728.788,14700.489,2,127,70.052,11.589,NA,11.185,0.037,28.301,28.301
4498,34,20,456.439,733.712,15000.499,2,151,78.158,5.593,NA,8.106,0.027,37.405,9.105
4499,34,21,450.379,733.712,15300.509,2,168,84.219,11.3,NA,6.061,0.02,180,142.595
4500,34,22,448.864,739.394,15600.519,2,109,90.099,15.023,NA,5.88,0.02,104.931,-75.069
4501,34,23,448.864,739.394,15900.529,2,92,90.099,15.023,NA,0,0,0,-104.931
4502,34,24,443.561,742.424,16200.539,2,203,96.207,21.121,NA,6.108,0.02,150.255,150.255
4503,34,25,443.561,742.424,16500.549,2,146,96.207,21.121,NA,0,0,0,-150.255
4504,34,26,435.606,746.212,16800.559,2,217,105.018,29.883,NA,8.81,0.029,154.537,154.537
4505,34,27,432.197,746.212,17100.569,2,231,108.427,32.867,NA,3.409,0.011,180,25.463
4506,34,28,427.273,749.242,17400.579,2,147,114.209,38.636,NA,5.782,0.019,148.392,-31.608
4507,34,29,422.727,749.242,17700.589,2,234,118.754,42.701,NA,4.545,0.015,180,31.608
4508,34,30,422.727,749.242,18000.599,2,128,118.754,42.701,NA,0,0,0,-180
4509,34,31,422.348,755.682,18300.609,2,158,125.205,46.134,NA,6.451,0.022,93.366,93.366
4510,34,32,413.258,755.682,18600.619,2,123,134.295,54.041,NA,9.091,0.03,180,86.634
4511,34,33,406.061,751.894,18900.629,2,211,142.428,59.097,NA,8.133,0.027,-152.241,27.759
4512,34,34,402.652,750,19200.639,2,159,146.328,61.691,NA,3.9,0.013,-150.945,1.296
4513,34,35,402.652,750,19500.649,2,178,146.328,61.691,NA,0,0,0,150.945
4514,34,36,393.939,750,19800.659,2,182,155.04,70.034,NA,8.712,0.029,180,180
4515,34,37,386.364,746.591,20100.669,2,215,163.348,76.591,NA,8.307,0.028,-155.772,24.228
4516,34,38,384.848,739.773,20400.679,2,170,170.332,77.01,NA,6.985,0.023,-102.529,53.243
4517,34,39,384.848,739.773,20700.689,2,164,170.332,77.01,NA,0,0,0,102.529
4518,34,40,378.409,731.439,21000.699,2,182,180.864,82.955,NA,10.531,0.035,-127.694,-127.694
4519,34,41,377.652,730.303,21300.709,2,198,182.229,83.716,NA,1.366,0.005,-123.69,4.004
4520,34,42,373.864,728.409,21600.719,2,174,186.464,87.54,NA,4.235,0.014,-153.435,-29.745
4521,34,43,373.864,728.409,21900.728,2,213,186.464,87.54,NA,0,0,0,153.435
4522,34,44,370.455,728.409,22200.738,2,231,189.874,90.948,NA,3.409,0.011,180,180
4523,34,45,369.318,726.894,22500.748,2,255,191.768,92.14,NA,1.894,0.006,-126.87,53.13
4524,34,46,369.318,715.909,22800.758,2,152,202.752,93.284,NA,10.985,0.037,-90,36.87
4525,34,47,361.364,715.909,23100.768,2,227,210.707,101.141,NA,7.955,0.027,180,-90
4526,34,48,360.606,715.53,23400.778,2,148,211.554,101.947,NA,0.847,0.003,-153.435,26.565
4527,34,49,346.97,723.106,23700.788,2,211,227.153,114.67,NA,15.599,0.052,150.945,-55.62
4528,34,50,342.045,723.485,24000.798,2,178,232.092,119.558,NA,4.939,0.016,175.601,24.656
4529,34,51,342.045,726.515,24300.808,2,240,235.122,119.405,NA,3.03,0.01,90,-85.601
4530,34,52,348.106,732.955,24600.818,2,209,243.965,113.273,NA,8.843,0.029,46.736,-43.264
4531,34,53,343.561,732.955,24900.828,2,130,248.511,117.818,NA,4.545,0.015,180,133.264
4532,34,54,336.364,738.258,25200.838,2,185,257.45,125.207,NA,8.94,0.03,143.616,-36.384
4533,34,55,336.364,738.636,25500.848,2,91,257.829,125.229,NA,0.379,0.001,90,-53.616
4534,34,56,327.273,746.591,25800.858,2,130,269.909,134.987,NA,12.08,0.04,138.814,48.814
4535,34,57,318.182,746.591,26100.868,2,144,279,144.022,NA,9.091,0.03,180,41.186
4536,34,58,311.364,746.591,26400.878,2,105,285.818,150.802,NA,6.818,0.023,180,0
4537,34,59,296.97,748.106,26700.888,2,134,300.292,165.275,NA,14.473,0.048,173.991,-6.009
4538,34,60,283.333,747.727,27000.898,2,124,313.933,178.809,NA,13.642,0.045,-178.409,7.6
4539,34,61,265.152,731.061,27300.908,2,46,338.598,196.212,NA,24.665,0.082,-137.49,40.919
4540,34,62,265.152,728.03,27600.918,2,76,341.628,196.236,NA,3.03,0.01,-90,47.49
4541,34,63,267.424,727.273,27900.928,2,166,344.024,193.976,NA,2.396,0.008,-18.435,71.565
4542,34,64,275.758,722.727,28200.938,2,103,353.516,185.793,NA,9.492,0.032,-28.61,-10.176
4543,34,65,275.758,721.97,28500.948,2,224,354.274,185.829,NA,0.758,0.003,-90,-61.39
4544,34,66,275.758,722.348,28800.958,2,186,354.653,185.81,NA,0.379,0.001,90,180
4545,34,67,287.879,722.348,29100.968,2,169,366.774,173.703,NA,12.121,0.04,0,-90
4546,34,68,305.682,715.53,29400.978,2,215,385.838,156.455,NA,19.064,0.064,-20.956,-20.956
4547,34,69,305.682,715.53,29700.988,2,255,385.838,156.455,NA,0,0,0,20.956
4548,34,70,314.015,732.197,30000.998,2,152,404.472,147.353,NA,18.634,0.062,63.435,63.435
4549,34,71,314.015,732.197,30301.008,2,224,404.472,147.353,NA,0,0,0,-63.435
4550,34,72,314.773,731.061,30601.018,2,197,405.838,146.591,NA,1.366,0.005,-56.31,-56.31
4551,34,73,309.47,720.455,30901.028,2,128,417.696,152.264,NA,11.858,0.04,-116.565,-60.255
4552,34,74,309.47,712.5,31201.038,2,221,425.65,153.024,NA,7.955,0.027,-90,26.565
4553,34,75,295.455,721.591,31501.048,2,239,442.355,166.179,NA,16.705,0.056,147.031,-122.969
4554,34,76,281.818,725,31801.058,2,215,456.411,179.648,NA,14.056,0.047,165.964,18.933
4555,34,77,281.061,739.015,32101.068,2,187,470.447,180.478,NA,14.036,0.047,93.094,-72.87
4556,34,78,279.167,739.394,32401.078,2,146,472.379,182.387,NA,1.931,0.006,168.69,75.596
4557,34,79,275.758,744.697,32701.088,2,183,478.683,186.106,NA,6.304,0.021,122.735,-45.955
4558,34,80,265.909,751.894,33001.098,2,166,490.881,196.562,NA,12.198,0.041,143.842,21.107
4559,34,81,256.439,753.788,33301.108,2,195,500.538,206.181,NA,9.657,0.032,168.69,24.848
4560,34,82,256.439,771.212,33601.118,2,216,517.962,208.821,NA,17.424,0.058,90,-78.69
4561,34,83,247.727,789.394,33901.128,2,209,538.124,221.457,NA,20.161,0.067,115.602,25.602
4562,34,84,234.47,802.652,34201.138,2,145,556.873,237.92,NA,18.749,0.062,135,19.398
4563,34,85,225.758,806.439,34501.148,2,244,566.373,247.371,NA,9.5,0.032,156.501,21.501
4564,34,86,216.667,823.106,34801.158,2,255,585.357,261.436,NA,18.985,0.063,118.61,-37.891
4565,34,87,208.333,829.924,35101.168,2,255,596.125,271.659,NA,10.767,0.036,140.711,22.1
4566,34,88,200,846.591,35401.178,2,113,614.758,285.759,NA,18.634,0.062,116.565,-24.146
4567,34,89,188.636,853.788,35701.188,2,255,628.209,299.069,NA,13.451,0.045,147.653,31.088
4568,34,90,180.303,870.833,36001.198,2,255,647.183,313.897,NA,18.973,0.063,116.053,-31.599
4569,34,91,175.379,875,36301.207,2,169,653.633,320.165,NA,6.451,0.022,139.764,23.71
4570,34,92,156.818,899.621,36601.217,2,147,684.467,348.081,NA,30.833,0.103,127.011,-12.753
4571,34,93,143.939,909.091,36901.227,2,217,700.452,363.941,NA,15.986,0.053,143.673,16.663
4572,34,94,131.061,909.091,37201.237,2,182,713.331,375.226,NA,12.879,0.043,180,36.327
4573,35,1,619.697,556.818,15600.519,2,111,0,0,NA,NA,NA,NA,NA
4574,35,2,617.803,553.03,15900.529,2,114,4.235,4.235,NA,4.235,0.014,-116.565,NA
4575,35,3,615.53,551.515,16200.539,2,146,6.966,6.744,NA,2.731,0.009,-146.31,-29.745
4576,35,4,615.152,551.515,16500.549,2,141,7.345,6.985,NA,0.379,0.001,180,-33.69
4577,35,5,614.394,549.621,16800.559,2,118,9.385,8.94,NA,2.04,0.007,-111.801,68.199
4578,35,6,614.394,544.697,17100.569,2,57,14.309,13.23,NA,4.924,0.016,-90,21.801
4579,35,7,614.394,539.773,17400.579,2,87,19.234,17.851,NA,4.924,0.016,-90,0
4580,35,8,617.045,534.848,17700.589,2,125,24.826,22.129,NA,5.593,0.019,-61.699,28.301
4581,35,9,617.045,534.47,18000.599,2,69,25.205,22.505,NA,0.379,0.001,-90,-28.301
4582,35,10,617.045,534.091,18300.609,2,42,25.584,22.881,NA,0.379,0.001,-90,0
4583,35,11,617.045,534.091,18600.619,2,117,25.584,22.881,NA,0,0,0,90
4584,35,12,613.636,531.061,18900.629,2,137,30.145,26.461,NA,4.561,0.015,-138.366,-138.366
4585,35,13,613.636,525.758,19200.639,2,115,35.448,31.646,NA,5.303,0.018,-90,48.366
4586,35,14,607.955,525.758,19500.649,2,141,41.13,33.206,NA,5.682,0.019,180,-90
4587,35,15,607.955,522.348,19800.659,2,96,44.539,36.415,NA,3.409,0.011,-90,90
4588,35,16,607.955,522.348,20100.669,2,93,44.539,36.415,NA,0,0,0,90
4589,35,17,609.47,519.697,20400.679,2,61,47.593,38.504,NA,3.054,0.01,-60.255,-60.255
4590,35,18,615.909,512.879,20700.689,2,41,56.971,44.102,NA,9.378,0.031,-46.637,13.619
4591,35,19,618.561,506.439,21000.699,2,105,63.935,50.392,NA,6.964,0.023,-67.62,-20.983
4592,35,20,618.561,496.212,21300.709,2,150,74.162,60.617,NA,10.227,0.034,-90,-22.38
4593,35,21,618.561,496.591,21600.719,2,119,74.541,60.238,NA,0.379,0.001,90,180
4594,35,22,622.348,489.015,21900.728,2,115,83.011,67.855,NA,8.47,0.028,-63.435,-153.435
4595,35,23,628.03,483.712,22200.738,2,106,90.783,73.579,NA,7.772,0.026,-43.025,20.41
4596,35,24,627.652,467.045,22500.748,2,38,107.454,90.124,NA,16.671,0.056,-91.302,-48.277
4597,35,25,628.409,465.909,22800.758,2,106,108.82,91.326,NA,1.366,0.005,-56.31,34.992
4598,35,26,628.409,454.167,23100.768,2,116,120.562,103.021,NA,11.742,0.039,-90,-33.69
4599,35,27,629.545,449.621,23400.778,2,113,125.248,107.648,NA,4.685,0.016,-75.964,14.036
4600,35,28,633.333,449.621,23700.788,2,245,129.036,108.061,NA,3.788,0.013,0,75.964
4601,35,29,633.333,446.212,24000.798,2,140,132.445,111.443,NA,3.409,0.011,-90,-90
4602,35,30,633.333,441.667,24300.808,2,83,136.99,115.956,NA,4.545,0.015,-90,0
4603,35,31,633.333,435.606,24600.818,2,122,143.051,121.977,NA,6.061,0.02,-90,0
4604,35,32,628.788,434.091,24900.828,2,75,147.842,123.064,NA,4.791,0.016,-161.565,-71.565
4605,35,33,628.788,434.091,25200.838,2,106,147.842,123.064,NA,0,0,0,161.565
4606,35,34,628.788,426.894,25500.848,2,171,155.039,130.242,NA,7.197,0.024,-90,-90
4607,35,35,629.924,420.455,25800.858,2,117,161.578,136.747,NA,6.539,0.022,-79.992,10.008
4608,35,36,637.879,411.742,26100.868,2,143,173.375,146.211,NA,11.797,0.039,-47.603,32.389
4609,35,37,637.879,413.636,26400.878,2,96,175.269,144.332,NA,1.894,0.006,90,137.603
4610,35,38,637.879,404.167,26700.888,2,109,184.739,153.73,NA,9.47,0.032,-90,-180
4611,35,39,638.636,391.288,27000.898,2,114,197.64,166.61,NA,12.901,0.043,-86.634,3.366
4612,35,40,645.833,390.152,27300.908,2,121,204.926,168.704,NA,7.286,0.024,-8.973,77.661
4613,35,41,655.303,389.773,27600.918,2,122,214.403,170.798,NA,9.477,0.032,-2.291,6.682
4614,35,42,664.394,379.545,27900.928,2,165,228.087,182.821,NA,13.684,0.046,-48.366,-46.076
4615,35,43,669.318,381.818,28200.938,2,195,233.51,181.899,NA,5.423,0.018,24.775,73.142
4616,35,44,669.318,378.788,28500.948,2,165,236.541,184.816,NA,3.03,0.01,-90,-114.775
4617,35,45,670.455,376.894,28800.958,2,196,238.749,186.947,NA,2.209,0.007,-59.036,30.964
4618,35,46,671.591,376.894,29100.968,2,177,239.886,187.258,NA,1.136,0.004,0,59.036
4619,35,47,671.591,376.894,29400.978,2,145,239.886,187.258,NA,0,0,0,0
4620,35,48,668.939,391.667,29700.988,2,213,254.895,172.336,NA,15.009,0.05,100.176,100.176
4621,35,49,668.939,396.591,30000.998,2,183,259.819,167.623,NA,4.924,0.016,90,-10.176
4622,35,50,659.848,401.136,30301.008,2,214,269.983,160.776,NA,10.164,0.034,153.435,63.435
4623,35,51,659.848,401.136,30601.018,2,93,269.983,160.776,NA,0,0,0,-153.435
4624,35,52,648.864,401.136,30901.028,2,112,280.968,158.39,NA,10.985,0.037,180,180
4625,35,53,640.53,401.136,31201.038,2,137,289.301,157.07,NA,8.333,0.028,180,0
4626,35,54,640.53,401.136,31501.048,2,84,289.301,157.07,NA,0,0,0,-180
4627,35,55,639.015,388.258,31801.058,2,98,302.269,169.664,NA,12.968,0.043,-96.71,-96.71
4628,35,56,639.015,365.152,32101.068,2,201,325.375,192.638,NA,23.106,0.077,-90,6.71
4629,35,57,639.015,365.152,32401.078,2,98,325.375,192.638,NA,0,0,0,90
4630,35,58,639.015,365.152,32701.088,2,134,325.375,192.638,NA,0,0,0,0
4631,35,59,640.53,340.909,33001.098,2,180,349.664,216.912,NA,24.29,0.081,-86.424,-86.424
4632,35,60,640.53,340.909,33301.108,2,90,349.664,216.912,NA,0,0,0,86.424
4633,35,61,642.803,331.818,33601.118,2,209,359.035,226.183,NA,9.371,0.031,-75.964,-75.964
4634,35,62,644.697,337.879,33901.128,2,255,365.385,220.362,NA,6.35,0.021,72.646,148.61
4635,35,63,646.97,341.667,34201.138,2,168,369.802,216.873,NA,4.417,0.015,59.036,-13.61
4636,35,64,646.591,338.258,34501.148,2,255,373.232,220.209,NA,3.43,0.011,-96.34,-155.376
4637,35,65,646.97,337.5,34801.158,2,255,374.079,221.007,NA,0.847,0.003,-63.435,32.905
4638,35,66,647.348,335.985,35101.168,2,141,375.641,222.558,NA,1.562,0.005,-75.964,-12.529
4639,35,67,647.348,327.652,35401.178,2,190,383.974,230.829,NA,8.333,0.028,-90,-14.036
4640,35,68,649.621,328.03,35701.188,2,122,386.278,230.737,NA,2.304,0.008,9.462,99.462
4641,35,69,649.621,329.924,36001.198,2,182,388.172,228.859,NA,1.894,0.006,90,80.538
4642,35,70,651.894,326.894,36301.207,2,164,391.96,232.168,NA,3.788,0.013,-53.13,-143.13
4643,35,71,653.409,326.894,36601.217,2,137,393.475,232.383,NA,1.515,0.005,0,53.13
4644,35,72,661.364,317.424,36901.227,2,151,405.843,242.993,NA,12.367,0.041,-49.97,-49.97
4645,35,73,661.364,317.424,37201.237,2,120,405.843,242.993,NA,0,0,0,49.97
4646,35,74,661.364,310.985,37501.247,2,219,412.282,249.339,NA,6.439,0.021,-90,-90
4647,35,75,656.818,310.227,37801.257,2,243,416.89,249.369,NA,4.608,0.015,-170.538,-80.538
4648,35,76,654.167,303.409,38101.267,2,130,424.206,255.743,NA,7.316,0.024,-111.251,59.287
4649,35,77,654.167,303.409,38401.277,2,122,424.206,255.743,NA,0,0,0,111.251
4650,35,78,654.167,299.621,38701.287,2,206,427.994,259.497,NA,3.788,0.013,-90,-90
4651,35,79,654.167,299.621,39001.297,2,127,427.994,259.497,NA,0,0,0,90
4652,35,80,654.167,305.682,39301.307,2,231,434.054,253.491,NA,6.061,0.02,90,90
4653,35,81,654.167,307.197,39601.317,2,144,435.569,251.99,NA,1.515,0.005,90,0
4654,35,82,654.167,307.197,39901.327,2,87,435.569,251.99,NA,0,0,0,-90
4655,35,83,647.348,303.409,40201.337,2,133,443.369,254.913,NA,7.8,0.026,-150.945,-150.945
4656,35,84,647.348,296.591,40501.347,2,158,450.187,261.692,NA,6.818,0.023,-90,60.945
4657,35,85,658.333,299.242,40801.357,2,239,461.488,260.457,NA,11.3,0.038,13.57,103.57
4658,35,86,662.879,303.03,41101.367,2,180,467.404,257.435,NA,5.917,0.02,39.806,26.235
4659,35,87,665.152,301.515,41401.377,2,251,470.136,259.318,NA,2.731,0.009,-33.69,-73.496
4660,35,88,665.53,300,41701.387,2,207,471.698,260.876,NA,1.562,0.005,-75.964,-42.274
4661,35,89,665.53,298.485,42001.397,2,173,473.213,262.368,NA,1.515,0.005,-90,-14.036
4662,35,90,665.53,298.485,42301.407,2,181,473.213,262.368,NA,0,0,0,90
4663,35,91,665.53,299.621,42601.417,2,202,474.349,261.249,NA,1.136,0.004,90,90
4664,35,92,659.091,301.136,42901.427,2,169,480.964,258.699,NA,6.615,0.022,166.759,76.759
4665,35,93,651.515,292.424,43201.437,2,255,492.51,266.302,NA,11.545,0.038,-131.009,62.231
4666,35,94,650.758,289.015,43501.447,2,106,496.002,269.598,NA,3.492,0.012,-102.529,28.48
4667,35,95,660.606,289.394,43801.457,2,114,505.858,270.535,NA,9.856,0.033,2.203,104.731
4668,35,96,660.606,297.348,44101.467,2,76,513.812,262.675,NA,7.955,0.027,90,87.797
4669,35,97,660.985,306.818,44401.477,2,223,523.29,253.386,NA,9.477,0.032,87.709,-2.291
4670,35,98,665.909,306.818,44701.487,2,159,528.214,254.235,NA,4.924,0.016,0,-87.709
4671,35,99,665.909,306.818,45001.497,2,184,528.214,254.235,NA,0,0,0,0
4672,35,100,671.591,302.273,45301.507,2,139,535.49,259.781,NA,7.276,0.024,-38.66,-38.66
4673,35,101,675,298.106,45601.517,2,223,540.874,264.557,NA,5.384,0.018,-50.711,-12.051
4674,35,102,679.924,294.318,45901.527,2,111,547.086,269.321,NA,6.213,0.021,-37.569,13.142
4675,35,103,687.5,288.636,46201.537,2,220,556.556,276.62,NA,9.47,0.032,-36.87,0.699
4676,35,104,690.53,270.455,46501.547,2,197,574.989,294.994,NA,18.433,0.061,-80.538,-43.668
4677,35,105,674.621,290.152,46801.557,2,87,600.308,272.264,NA,25.319,0.084,128.928,-150.535
4678,35,106,667.803,296.212,47101.567,2,144,609.43,265.009,NA,9.122,0.03,138.366,9.439
4679,35,107,662.5,299.621,47401.577,2,196,615.735,260.734,NA,6.304,0.021,147.265,8.898
4680,35,108,661.742,300.379,47701.587,2,95,616.806,259.863,NA,1.071,0.004,135,-12.265
4681,35,109,661.742,305.303,48001.597,2,217,621.73,255.005,NA,4.924,0.016,90,-45
4682,35,110,661.742,305.303,48301.607,2,198,621.73,255.005,NA,0,0,0,-90
4683,35,111,669.318,301.136,48601.617,2,254,630.376,260.452,NA,8.646,0.029,-28.811,-28.811
4684,35,112,669.318,301.136,48901.627,2,238,630.376,260.452,NA,0,0,0,28.811
4685,35,113,670.076,301.136,49201.637,2,164,631.134,260.598,NA,0.758,0.003,0,0
4686,35,114,711.742,273.864,49501.647,2,107,680.933,297.549,NA,49.799,0.166,-33.207,-33.207
4687,35,115,720.833,254.924,49801.657,2,148,701.941,318.384,NA,21.008,0.07,-64.359,-31.152
4688,35,116,720.455,247.348,50101.667,2,186,709.526,325.459,NA,7.585,0.025,-92.862,-28.503
4689,35,117,721.212,228.409,50401.677,2,126,728.481,343.741,NA,18.955,0.063,-87.709,5.153
4690,35,118,730.303,225.379,50701.686,2,157,738.063,349.408,NA,9.583,0.032,-18.435,69.274
4691,35,119,730.303,211.742,51001.696,2,139,751.7,362.369,NA,13.636,0.045,-90,-71.565
4692,35,120,730.682,192.803,51301.706,2,120,770.643,380.558,NA,18.943,0.063,-88.854,1.146
4693,35,121,730.682,176.136,51601.716,2,106,787.309,396.53,NA,16.667,0.056,-90,-1.146
4694,35,122,717.803,176.136,51901.726,2,176,800.188,393.12,NA,12.879,0.043,180,-90
4695,35,123,713.636,175.379,52201.736,2,116,804.423,392.837,NA,4.235,0.014,-169.695,10.305
4696,35,124,715.152,155.682,52501.746,2,156,824.178,412.337,NA,19.755,0.066,-85.601,84.094
4697,35,125,731.818,147.348,52801.756,2,132,842.812,424.543,NA,18.634,0.062,-26.565,59.036
4698,35,126,748.106,142.045,53101.766,2,149,859.942,434.195,NA,17.129,0.057,-18.034,8.531
4699,35,127,748.106,159.47,53401.776,2,148,877.366,417.582,NA,17.424,0.058,90,108.034
4700,35,128,741.667,165.909,53701.786,2,128,886.473,409.495,NA,9.107,0.03,135,45
4701,35,129,725.379,158.333,54001.796,2,93,904.436,412.261,NA,17.963,0.06,-155.056,69.944
4702,35,130,709.47,141.667,54301.806,2,120,927.477,424.747,NA,23.041,0.077,-133.668,21.388
4703,35,131,692.803,128.03,54601.816,2,50,949.011,434.975,NA,21.534,0.072,-140.711,-7.043
4704,35,132,681.818,119.697,54901.826,2,106,962.799,441.513,NA,13.788,0.046,-142.815,-2.105
4705,35,133,660.227,104.545,55201.836,2,77,989.176,454.085,NA,26.377,0.088,-144.941,-2.125
4706,35,134,629.924,103.03,55501.846,2,60,1019.517,453.903,NA,30.341,0.101,-177.138,-32.197
4707,35,135,603.03,103.409,55801.856,2,139,1046.414,453.715,NA,26.897,0.09,179.193,-3.669
4708,35,136,576.515,88.636,56101.866,2,88,1076.766,470.169,NA,30.353,0.101,-150.876,29.931
4709,35,137,578.788,69.697,56401.876,2,93,1095.842,488.836,NA,19.075,0.064,-83.157,67.719
4710,36,1,866.414,1048.737,30301.008,2,92,0,0,NA,NA,NA,NA,NA
4711,36,2,877.525,1062.374,30601.018,2,42,17.59,17.59,NA,17.59,0.059,50.826,NA
4712,36,3,884.091,1068.939,30901.028,2,108,26.875,26.844,NA,9.285,0.031,45,-5.826
4713,36,4,884.091,1084.091,31201.038,2,119,42.027,39.526,NA,15.152,0.051,90,45
4714,36,5,884.091,1104.293,31501.048,2,233,62.229,58.3,NA,20.202,0.067,90,0
4715,36,6,889.141,1109.848,31801.058,2,128,69.737,65.2,NA,7.508,0.025,47.726,-42.274
4716,36,7,902.273,1117.929,32101.068,2,216,85.155,77.932,NA,15.419,0.051,31.608,-16.119
4717,36,8,902.273,1117.929,32401.078,2,201,85.155,77.932,NA,0,0,0,-31.608
4718,36,9,909.343,1113.889,32701.088,2,173,93.299,78.023,NA,8.144,0.027,-29.745,-29.745
4719,36,10,919.444,1113.384,33001.098,2,191,103.413,83.614,NA,10.114,0.034,-2.862,26.882
4720,36,11,919.444,1113.384,33301.108,2,129,103.413,83.614,NA,0,0,0,2.862
4721,36,12,924.495,1119.444,33601.118,2,255,111.302,91.503,NA,7.889,0.026,50.194,50.194
4722,36,13,916.919,1119.444,33901.128,2,255,118.878,86.892,NA,7.576,0.025,180,129.806
4723,36,14,916.919,1119.444,34201.138,2,186,118.878,86.892,NA,0,0,0,-180
4724,36,15,916.919,1119.444,34501.148,2,149,118.878,86.892,NA,0,0,0,0
4725,36,16,918.434,1123.99,34801.158,2,200,123.669,91.482,NA,4.791,0.016,71.565,71.565
4726,36,17,918.434,1123.99,35101.168,2,168,123.669,91.482,NA,0,0,0,-71.565
4727,36,18,918.434,1123.99,35401.178,2,194,123.669,91.482,NA,0,0,0,0
4728,36,19,918.434,1123.99,35701.188,2,157,123.669,91.482,NA,0,0,0,0
4729,36,20,921.97,1127.02,36001.198,2,255,128.325,95.993,NA,4.656,0.016,40.601,40.601
4730,36,21,921.97,1127.02,36301.207,2,244,128.325,95.993,NA,0,0,0,-40.601
4731,36,22,921.97,1127.02,36601.217,2,159,128.325,95.993,NA,0,0,0,0
4732,36,23,925,1143.182,36901.227,2,229,144.769,111.14,NA,16.443,0.055,79.38,79.38
4733,36,24,934.47,1151.136,37201.237,2,119,157.136,122.952,NA,12.367,0.041,40.03,-39.35
4734,36,25,934.091,1151.136,37501.247,2,124,157.515,122.742,NA,0.379,0.001,180,139.97
4735,36,26,932.197,1151.136,37801.257,2,214,159.409,121.708,NA,1.894,0.006,180,0
4736,36,27,935.227,1170.455,38101.267,2,190,178.963,139.822,NA,19.554,0.065,81.085,-98.915
4737,36,28,940.53,1170.833,38401.277,2,178,184.279,142.831,NA,5.317,0.018,4.086,-76.999
4738,36,29,940.53,1170.833,38701.287,2,247,184.279,142.831,NA,0,0,0,-4.086
4739,36,30,954.167,1174.242,39001.297,2,83,198.336,153.141,NA,14.056,0.047,14.036,14.036
4740,36,31,954.167,1182.197,39301.307,2,175,206.29,159.725,NA,7.955,0.027,90,75.964
4741,36,32,954.167,1182.197,39601.317,2,100,206.29,159.725,NA,0,0,0,-90
4742,36,33,951.136,1182.197,39901.327,2,96,209.32,158.08,NA,3.03,0.01,180,180
4743,36,34,951.136,1189.015,40201.337,2,246,216.139,163.877,NA,6.818,0.023,90,-90
4744,36,35,951.136,1189.015,40501.347,2,185,216.139,163.877,NA,0,0,0,-90
4745,36,36,951.136,1189.015,40801.357,2,255,216.139,163.877,NA,0,0,0,0
4746,36,37,951.136,1189.015,41101.367,2,213,216.139,163.877,NA,0,0,0,0
4747,36,38,953.788,1186.364,41401.377,2,246,219.888,163.019,NA,3.75,0.012,-45,-45
4748,36,39,957.955,1186.364,41701.387,2,208,224.055,165.29,NA,4.167,0.014,0,45
4749,36,40,960.606,1189.394,42001.397,2,142,228.082,169.282,NA,4.027,0.013,48.814,48.814
4750,36,41,960.606,1189.394,42301.407,2,149,228.082,169.282,NA,0,0,0,-48.814
4751,36,42,966.667,1192.803,42601.417,2,112,235.035,175.515,NA,6.954,0.023,29.358,29.358
4752,36,43,970.455,1198.864,42901.427,2,243,242.182,182.653,NA,7.147,0.024,57.995,28.637
4753,36,44,970.455,1198.864,43201.437,2,159,242.182,182.653,NA,0,0,0,-57.995
4754,36,45,970.455,1202.652,43501.447,2,146,245.97,185.779,NA,3.788,0.013,90,90
4755,36,46,976.515,1211.364,43801.457,2,141,256.583,196.391,NA,10.613,0.035,55.176,-34.824
4756,36,47,982.955,1220.455,44101.467,2,123,267.723,207.529,NA,11.14,0.037,54.689,-0.487
4757,36,48,974.621,1219.697,44401.477,2,184,276.091,202.326,NA,8.368,0.028,-174.806,130.506
4758,36,49,974.621,1219.697,44701.487,2,120,276.091,202.326,NA,0,0,0,174.806
4759,36,50,977.652,1225,45001.497,2,181,282.199,208.428,NA,6.108,0.02,60.255,60.255
4760,36,51,980.682,1230.303,45301.507,2,90,288.307,214.53,NA,6.108,0.02,60.255,0
4761,36,52,980.303,1230.303,45601.517,2,182,288.685,214.329,NA,0.379,0.001,180,119.745
4762,36,53,980.303,1243.939,45901.527,2,133,302.322,225.997,NA,13.636,0.045,90,-90
4763,36,54,981.061,1250.379,46201.537,2,135,308.806,231.955,NA,6.484,0.022,83.29,-6.71
4764,36,55,984.47,1253.03,46501.547,2,164,313.124,235.951,NA,4.319,0.014,37.875,-45.415
4765,36,56,984.47,1254.924,46801.557,2,171,315.018,237.592,NA,1.894,0.006,90,52.125
4766,36,57,989.015,1262.121,47101.567,2,213,323.531,246.097,NA,8.512,0.028,57.724,-32.276
4767,36,58,989.394,1270.833,47401.577,2,168,332.251,253.871,NA,8.72,0.029,87.51,29.786
4768,36,59,989.394,1275,47701.587,2,111,336.418,257.524,NA,4.167,0.014,90,2.49
4769,36,60,991.667,1273.485,48001.597,2,246,339.149,257.293,NA,2.731,0.009,-33.69,-123.69
4770,36,61,994.697,1273.485,48301.607,2,172,342.179,258.782,NA,3.03,0.01,0,33.69
4771,36,62,994.697,1273.485,48601.617,2,81,342.179,258.782,NA,0,0,0,0
4772,36,63,1001.136,1273.485,48901.627,2,151,348.619,262.033,NA,6.439,0.021,0,0
4773,36,64,1010.606,1278.409,49201.637,2,164,359.292,271.183,NA,10.673,0.036,27.474,27.474
4774,36,65,1010.606,1278.409,49501.647,2,168,359.292,271.183,NA,0,0,0,-27.474
4775,36,66,1013.636,1282.576,49801.657,2,203,364.444,276.324,NA,5.152,0.017,53.973,53.973
4776,36,67,1013.258,1282.576,50101.667,2,134,364.823,276.122,NA,0.379,0.001,180,126.027
4777,36,68,1011.364,1282.576,50401.677,2,206,366.717,275.12,NA,1.894,0.006,180,0
4778,36,69,1019.697,1281.061,50701.686,2,183,375.187,278.334,NA,8.47,0.028,-10.305,169.695
4779,36,70,1025.379,1281.061,51001.696,2,211,380.869,281.503,NA,5.682,0.019,0,10.305
4780,36,71,1031.061,1287.879,51301.706,2,149,389.744,290.34,NA,8.875,0.03,50.194,50.194
4781,36,72,1038.636,1295.833,51601.716,2,144,400.729,301.192,NA,10.985,0.037,46.397,-3.797
4782,36,73,1040.152,1304.167,51901.726,2,234,409.199,308.916,NA,8.47,0.028,79.695,33.298
4783,36,74,1040.152,1305.682,52201.736,2,156,410.714,310.17,NA,1.515,0.005,90,10.305
4784,36,75,1048.864,1305.682,52501.746,2,251,419.426,315.132,NA,8.712,0.029,0,-90
4785,36,76,1048.864,1305.682,52801.756,2,246,419.426,315.132,NA,0,0,0,0
4786,36,77,1048.864,1305.682,53101.766,2,102,419.426,315.132,NA,0,0,0,0
4787,36,78,1061.364,1317.424,53401.776,2,156,436.577,331.961,NA,17.15,0.057,43.21,43.21
4788,36,79,1061.364,1317.424,53701.786,2,157,436.577,331.961,NA,0,0,0,-43.21
4789,36,80,1072.348,1318.561,54001.796,2,55,447.62,339.431,NA,11.043,0.037,5.906,5.906
4790,36,81,1072.348,1328.03,54301.806,2,15,457.09,347.006,NA,9.47,0.032,90,84.094
4791,36,82,1088.636,1329.167,54601.816,2,101,473.417,357.803,NA,16.327,0.054,3.991,-86.009
4792,36,83,1095.455,1344.318,54901.826,2,233,490.032,373.935,NA,16.615,0.055,65.772,61.781
4793,36,84,1104.924,1340.152,55201.836,2,187,500.378,376.576,NA,10.346,0.034,-23.749,-89.522
4794,36,85,1111.364,1343.939,55501.846,2,243,507.849,383.594,NA,7.471,0.025,30.466,54.215
4795,36,86,1117.424,1343.939,55801.856,2,247,513.909,387.492,NA,6.061,0.02,0,-30.466
4796,36,87,1117.424,1353.788,56101.866,2,76,523.758,395.047,NA,9.848,0.033,90,90
4797,36,88,1117.424,1356.439,56401.876,2,158,526.409,397.098,NA,2.652,0.009,90,0
4798,36,89,1117.424,1356.439,56701.886,2,172,526.409,397.098,NA,0,0,0,-90
4799,36,90,1115.909,1350.758,57001.896,2,191,532.29,391.745,NA,5.88,0.02,-104.931,-104.931
4800,36,91,1111.364,1350,57301.906,2,150,536.898,388.278,NA,4.608,0.015,-170.538,-65.606
4801,36,92,1115.152,1348.864,57601.916,2,204,540.853,389.803,NA,3.955,0.013,-16.699,153.838
4802,36,93,1112.879,1347.727,57901.926,2,135,543.394,387.479,NA,2.541,0.008,-153.435,-136.736
4803,36,94,1109.091,1348.485,58201.936,2,192,547.256,385.669,NA,3.863,0.013,168.69,-37.875
4804,36,95,1115.909,1356.818,58501.946,2,215,558.024,396.436,NA,10.767,0.036,50.711,-117.979
4805,36,96,1122.727,1354.167,58801.956,2,153,565.339,398.727,NA,7.316,0.024,-21.251,-71.961
4806,36,97,1122.727,1349.621,59101.966,2,126,569.885,395.256,NA,4.545,0.015,-90,-68.749
4807,36,98,1115.152,1351.894,59401.976,2,168,577.794,392.141,NA,7.909,0.026,163.301,-106.699
4808,36,99,1115.152,1346.212,59701.986,2,98,583.476,387.765,NA,5.682,0.019,-90,106.699
4809,36,100,1103.03,1353.409,60001.996,2,76,597.573,385.762,NA,14.097,0.047,149.3,-120.7
4810,36,101,1098.485,1361.742,60302.006,2,122,607.065,389.652,NA,9.492,0.032,118.61,-30.69
4811,36,102,1079.545,1360.985,60602.016,2,161,626.02,378.052,NA,18.955,0.063,-177.709,63.68
4812,36,103,1078.03,1363.636,60902.026,2,162,629.073,379.398,NA,3.054,0.01,119.745,-62.546
4813,36,104,1078.03,1364.773,61202.036,2,109,630.21,380.342,NA,1.136,0.004,90,-29.745
4814,36,105,1085.227,1370.833,61502.046,2,251,639.619,389.391,NA,9.409,0.031,40.101,-49.899
4815,36,106,1080.682,1371.212,61802.056,2,183,644.18,387.17,NA,4.561,0.015,175.236,135.135
4816,36,107,1085.985,1362.879,62102.066,2,106,654.058,383.27,NA,9.878,0.033,-57.529,127.235
4817,36,108,1091.288,1362.5,62402.076,2,110,659.374,386.025,NA,5.317,0.018,-4.086,53.443
4818,36,109,1095.076,1365.909,62702.086,2,126,664.47,391.004,NA,5.096,0.017,41.987,46.073
4819,36,110,1085.985,1365.909,63002.096,2,64,673.561,385.758,NA,9.091,0.03,180,138.013
4820,36,111,1083.333,1365.53,63302.106,2,176,676.239,383.942,NA,2.678,0.009,-171.87,8.13
4821,36,112,1085.606,1370.833,63602.116,2,131,682.009,389.604,NA,5.77,0.019,66.801,-121.329
4822,36,113,1090.909,1386.364,63902.126,2,126,698.42,405.45,NA,16.411,0.055,71.147,4.345
4823,36,114,1083.712,1400,64202.136,2,188,713.839,413.042,NA,15.419,0.051,117.824,46.677
4824,36,115,1083.333,1404.167,64502.146,2,110,718.023,416.394,NA,4.184,0.014,95.194,-22.63
4825,36,116,1089.773,1404.167,64802.156,2,90,724.462,419.785,NA,6.439,0.021,0,-95.194
4826,36,117,1094.318,1375,65102.165,2,41,753.981,397.979,NA,29.519,0.098,-81.142,-81.142
4827,36,118,1096.591,1375,65402.175,2,86,756.253,399.285,NA,2.273,0.008,0,81.142
4828,36,119,1096.591,1375,65702.185,2,121,756.253,399.285,NA,0,0,0,0
4829,36,120,1100.379,1375,66002.195,2,150,760.041,401.481,NA,3.788,0.013,0,0
4830,36,121,1100.379,1390.909,66302.205,2,151,775.95,414.513,NA,15.909,0.053,90,90
4831,36,122,1097.348,1399.621,66602.215,2,228,785.175,420.06,NA,9.224,0.031,109.179,19.179
4832,36,123,1097.348,1407.955,66902.225,2,133,793.508,427.045,NA,8.333,0.028,90,-19.179
4833,36,124,1087.5,1409.47,67202.235,2,116,803.472,423.092,NA,9.964,0.033,171.254,81.254
4834,36,125,1089.773,1409.47,67502.245,2,213,805.745,424.284,NA,2.273,0.008,0,-171.254
4835,36,126,1089.773,1417.803,67802.255,2,190,814.078,431.391,NA,8.333,0.028,90,90
4836,36,127,1089.773,1422.348,68102.265,2,136,818.624,435.286,NA,4.545,0.015,90,0
4837,36,128,1089.773,1422.348,68402.275,2,186,818.624,435.286,NA,0,0,0,-90
4838,36,129,1083.333,1419.697,68702.285,2,141,825.588,429.727,NA,6.964,0.023,-157.62,-157.62
4839,36,130,1083.333,1419.697,69002.295,2,138,825.588,429.727,NA,0,0,0,157.62
4840,36,131,1081.439,1414.773,69302.305,2,88,830.864,424.521,NA,5.276,0.018,-111.038,-111.038
4841,36,132,1084.848,1428.788,69602.315,2,76,845.287,438.351,NA,14.424,0.048,76.329,-172.634
4842,36,133,1084.848,1422.348,69902.325,2,103,851.727,432.78,NA,6.439,0.021,-90,-166.329
4843,36,134,1077.273,1425,70202.335,2,181,859.753,431.318,NA,8.026,0.027,160.71,-109.29
4844,36,135,1071.97,1426.136,70502.345,2,115,865.177,429.748,NA,5.423,0.018,167.905,7.195
4845,36,136,1071.591,1426.136,70802.355,2,175,865.555,429.567,NA,0.379,0.001,180,12.095
4846,36,137,1071.591,1426.136,71102.365,2,148,865.555,429.567,NA,0,0,0,-180
4847,36,138,1074.242,1421.591,71402.375,2,123,870.818,426.863,NA,5.262,0.018,-59.744,-59.744
4848,36,139,1074.242,1421.591,71702.385,2,3,870.818,426.863,NA,0,0,0,59.744
4849,36,141,1074.621,1444.318,72002.395,2,118,893.548,447.028,NA,22.73,0.076,89.045,89.045
4850,37,1,1016.667,917.803,33301.108,2,68,0,0,NA,NA,NA,NA,NA
4851,37,2,1029.167,916.288,33601.118,2,94,12.591,12.591,NA,12.591,0.042,-6.911,NA
4852,37,3,1039.773,915.909,33901.128,2,71,23.204,23.184,NA,10.613,0.035,-2.045,4.866
4853,37,4,1053.409,915.909,34201.138,2,96,36.841,36.791,NA,13.636,0.045,0,2.045
4854,37,5,1072.348,904.924,34501.148,2,122,58.735,57.152,NA,21.894,0.073,-30.114,-30.114
4855,37,6,1089.015,904.924,34801.158,2,93,75.402,73.486,NA,16.667,0.056,0,30.114
4856,37,7,1111.742,904.924,35101.168,2,84,98.129,95.944,NA,22.727,0.076,0,0
4857,37,8,1124.242,908.712,35401.178,2,144,111.19,107.959,NA,13.061,0.044,16.858,16.858
4858,37,9,1130.682,908.712,35701.188,2,66,117.63,114.377,NA,6.439,0.021,0,-16.858
4859,37,10,1141.288,904.924,36001.198,2,191,128.892,125.285,NA,11.262,0.038,-19.654,-19.654
4860,37,11,1145.076,909.091,36301.207,2,110,134.523,128.704,NA,5.631,0.019,47.726,67.38
4861,37,12,1154.924,920.455,36601.217,2,66,149.561,138.283,NA,15.037,0.05,49.086,1.359
4862,37,13,1175.379,925.758,36901.227,2,100,170.691,158.911,NA,21.131,0.07,14.534,-34.551
4863,37,14,1186.742,929.167,37201.237,2,83,182.555,170.455,NA,11.864,0.04,16.699,2.165
4864,37,15,1197.348,929.167,37501.247,2,131,193.161,181.039,NA,10.606,0.035,0,-16.699
4865,37,16,1209.47,931.061,37801.257,2,150,205.43,193.258,NA,12.268,0.041,8.881,8.881
4866,37,17,1217.424,931.061,38101.267,2,112,213.384,201.195,NA,7.955,0.027,0,-8.881
4867,37,18,1206.061,935.606,38401.277,2,187,225.623,190.229,NA,12.239,0.041,158.199,158.199
4868,37,19,1205.303,930.303,38701.287,2,124,230.98,189.05,NA,5.357,0.018,-98.13,103.671
4869,37,20,1213.636,930.303,39001.297,2,160,239.313,197.366,NA,8.333,0.028,0,98.13
4870,37,21,1213.636,922.348,39301.307,2,84,247.268,197.022,NA,7.955,0.027,-90,-90
4871,37,22,1216.288,910.606,39601.317,2,141,259.306,199.751,NA,12.038,0.04,-77.276,12.724
4872,37,23,1216.288,910.606,39901.327,2,126,259.306,199.751,NA,0,0,0,77.276
4873,37,24,1220.455,910.606,40201.337,2,85,263.473,203.915,NA,4.167,0.014,0,0
4874,37,25,1232.576,914.773,40501.347,2,217,276.29,215.93,NA,12.817,0.043,18.97,18.97
4875,37,26,1242.045,910.985,40801.357,2,83,286.489,225.482,NA,10.199,0.034,-21.801,-40.772
4876,37,27,1255.682,914.015,41101.367,2,103,300.458,239.045,NA,13.969,0.047,12.529,34.33
4877,37,28,1267.803,918.561,41401.377,2,139,313.404,251.138,NA,12.945,0.043,20.556,8.027
4878,37,29,1272.348,935.227,41701.387,2,130,330.679,256.275,NA,17.275,0.058,74.745,54.189
4879,37,30,1284.47,947.348,42001.397,2,178,347.821,269.428,NA,17.142,0.057,45,-29.745
4880,37,31,1292.045,954.924,42301.407,2,156,358.535,277.87,NA,10.714,0.036,45,0
4881,37,32,1300.379,954.924,42601.417,2,155,366.868,286.13,NA,8.333,0.028,0,-45
4882,37,33,1310.606,970.833,42901.427,2,150,385.781,298.685,NA,18.913,0.063,57.265,57.265
4883,37,34,1316.288,979.545,43201.437,2,162,396.182,305.917,NA,10.401,0.035,56.889,-0.376
4884,37,35,1323.864,979.924,43501.447,2,132,403.767,313.415,NA,7.585,0.025,2.862,-54.026
4885,37,36,1323.864,989.394,43801.457,2,90,413.237,315.429,NA,9.47,0.032,90,87.138
4886,37,37,1332.576,999.242,44101.467,2,104,426.386,326.238,NA,13.149,0.044,48.504,-41.496
4887,37,38,1332.576,999.242,44401.477,2,101,426.386,326.238,NA,0,0,0,-48.504
4888,37,39,1329.167,1004.167,44701.487,2,91,432.375,324.214,NA,5.989,0.02,124.695,124.695
4889,37,40,1324.621,998.106,45001.497,2,255,439.951,318.252,NA,7.576,0.025,-126.87,108.435
4890,37,41,1326.894,984.848,45301.507,2,145,453.402,317.389,NA,13.451,0.045,-80.272,46.597
4891,37,42,1334.091,979.545,45601.517,2,109,462.342,323.373,NA,8.94,0.03,-36.384,43.888
4892,37,43,1338.636,987.879,45901.527,2,192,471.834,329.507,NA,9.492,0.032,61.39,97.774
4893,37,44,1351.515,993.939,46201.537,2,83,486.068,343.395,NA,14.234,0.047,25.201,-36.188
4894,37,45,1352.652,998.485,46501.547,2,61,490.753,345.536,NA,4.685,0.016,75.964,50.763
4895,37,46,1340.909,996.97,46801.557,2,170,502.593,333.767,NA,11.84,0.039,-172.648,111.389
4896,37,47,1346.212,989.394,47101.567,2,144,511.84,337.232,NA,9.247,0.031,-55.008,117.64
4897,37,48,1352.273,988.258,47401.577,2,135,518.006,342.922,NA,6.166,0.021,-10.62,44.388
4898,37,49,1345.833,988.636,47701.587,2,111,524.457,336.702,NA,6.451,0.022,176.634,-172.747
4899,37,50,1348.485,992.803,48001.597,2,255,529.396,340.189,NA,4.939,0.016,57.529,-119.105
4900,37,51,1348.485,993.561,48301.607,2,255,530.153,340.356,NA,0.758,0.003,90,32.471
4901,37,52,1348.485,993.561,48601.617,2,255,530.153,340.356,NA,0,0,0,-90
4902,37,53,1348.485,998.106,48901.627,2,136,534.699,341.397,NA,4.545,0.015,90,90
4903,37,54,1352.273,998.106,49201.637,2,142,538.486,345.08,NA,3.788,0.013,0,-90
4904,37,55,1352.273,1000.379,49501.647,2,86,540.759,345.616,NA,2.273,0.008,90,90
4905,37,56,1352.273,1004.924,49801.657,2,63,545.305,346.73,NA,4.545,0.015,90,0
4906,37,57,1356.818,1021.591,50101.667,2,145,562.58,355.633,NA,17.275,0.058,74.745,-15.255
4907,37,58,1357.576,1017.045,50401.677,2,177,567.188,355.061,NA,4.608,0.015,-80.538,-155.283
4908,37,59,1358.333,1017.045,50701.686,2,165,567.946,355.788,NA,0.758,0.003,0,80.538
4909,37,60,1356.439,1017.045,51001.696,2,163,569.84,353.97,NA,1.894,0.006,180,180
4910,37,61,1361.364,1020.455,51301.706,2,63,575.829,359.657,NA,5.989,0.02,34.695,-145.305
4911,37,62,1361.364,1030.303,51601.716,2,51,585.677,362.591,NA,9.848,0.033,90,55.305
4912,37,63,1391.667,1040.53,51901.726,2,159,617.66,394.572,NA,31.982,0.107,18.65,-71.35
4913,37,64,1405.303,1040.152,52201.736,2,113,631.301,407.44,NA,13.642,0.045,-1.591,-20.241
4914,37,65,1414.015,1040.152,52501.746,2,117,640.013,415.758,NA,8.712,0.029,0,1.591
4915,37,66,1420.833,1048.485,52801.756,2,96,650.781,424.769,NA,10.767,0.036,50.711,50.711
4916,37,67,1420.833,1056.439,53101.766,2,97,658.735,427.283,NA,7.955,0.027,90,39.289
4917,37,68,1436.742,1063.636,53401.776,2,172,676.196,444.67,NA,17.461,0.058,24.341,-65.659
4918,37,69,1439.394,1063.636,53701.786,2,129,678.848,447.175,NA,2.652,0.009,0,-24.341
4919,37,70,1439.394,1063.636,54001.796,2,37,678.848,447.175,NA,0,0,0,0
4920,37,71,1444.697,1063.636,54301.806,2,81,684.151,452.192,NA,5.303,0.018,0,0
4921,37,72,1467.045,1068.182,54601.816,2,87,706.957,474.821,NA,22.806,0.076,11.497,11.497
4922,37,73,1509.091,1089.015,54901.826,2,71,753.881,521.34,NA,46.924,0.156,26.358,14.862
4923,37,74,1510.227,1079.167,55201.836,2,156,763.795,519.269,NA,9.914,0.033,-83.418,-109.776
4924,37,75,1512.5,1084.47,55501.846,2,88,769.564,523.095,NA,5.77,0.019,66.801,150.219
4925,37,76,1525.379,1096.591,55801.856,2,63,787.25,539.215,NA,17.686,0.059,43.264,-23.537
4926,37,77,1537.121,1124.242,56101.866,2,67,817.292,559.902,NA,30.041,0.1,66.991,23.727
4927,37,78,1534.47,1152.652,56401.876,2,76,845.824,568.572,NA,28.533,0.095,95.332,28.341
4928,37,79,1534.47,1164.394,56701.886,2,57,857.566,573.522,NA,11.742,0.039,90,-5.332
4929,37,80,1537.879,1183.333,57001.896,2,46,876.81,584.952,NA,19.244,0.064,79.796,-10.204
4930,38,1,902.778,590.152,31801.058,2,109,0,0,NA,NA,NA,NA,NA
4931,38,2,905.808,580.556,32101.068,2,96,10.063,10.063,NA,10.063,0.034,-72.474,NA
4932,38,3,908.333,565.909,32401.078,2,140,24.926,24.871,NA,14.863,0.05,-80.218,-7.743
4933,38,4,919.949,565.909,32701.088,2,233,36.542,29.708,NA,11.616,0.039,0,80.218
4934,38,5,920.455,558.333,33001.098,2,199,44.134,36.399,NA,7.593,0.025,-86.186,-86.186
4935,38,6,927.02,549.242,33301.108,2,207,55.348,47.553,NA,11.214,0.037,-54.162,32.024
4936,38,7,936.111,549.242,33601.118,2,255,64.439,52.77,NA,9.091,0.03,0,54.162
4937,38,8,943.182,545.202,33901.128,2,215,72.583,60.44,NA,8.144,0.027,-29.745,-29.745
4938,38,9,951.263,531.566,34201.138,2,255,88.434,76.047,NA,15.851,0.053,-59.349,-29.604
4939,38,10,956.818,521.97,34501.148,2,255,99.522,87.001,NA,11.088,0.037,-59.931,-0.582
4940,38,11,954.293,521.97,34801.158,2,255,102.047,85.455,NA,2.525,0.008,180,-120.069
4941,38,12,956.313,510.859,35101.168,2,249,113.34,95.673,NA,11.293,0.038,-79.695,100.305
4942,38,13,961.364,491.667,35401.178,2,199,133.186,114.593,NA,19.845,0.066,-75.256,4.439
4943,38,14,970.455,480.556,35701.188,2,210,147.542,128.808,NA,14.356,0.048,-50.711,24.546
4944,38,15,971.97,470.455,36001.198,2,255,157.756,138.257,NA,10.214,0.034,-81.469,-30.759
4945,38,16,971.97,470.455,36301.207,2,255,157.756,138.257,NA,0,0,0,81.469
4946,38,17,975.505,463.384,36601.217,2,239,165.661,146.148,NA,7.905,0.026,-63.435,-63.435
4947,38,18,980.051,455.303,36901.227,2,195,174.933,155.419,NA,9.271,0.031,-60.642,2.793
4948,38,19,993.182,442.677,37201.237,2,196,193.15,172.979,NA,18.217,0.061,-43.877,16.766
4949,38,20,998.232,432.576,37501.247,2,255,204.443,184.233,NA,11.293,0.038,-63.435,-19.558
4950,38,21,998.232,420.455,37801.257,2,244,216.564,194.701,NA,12.121,0.04,-90,-26.565
4951,38,22,1007.828,412.879,38101.267,2,174,228.79,206.061,NA,12.226,0.041,-38.29,51.71
4952,38,23,1007.828,414.899,38401.277,2,218,230.81,204.326,NA,2.02,0.007,90,128.29
4953,38,24,1012.879,399.747,38701.287,2,255,246.781,219.945,NA,15.971,0.053,-71.565,-161.565
4954,38,25,1019.444,395.202,39001.297,2,255,254.767,227.192,NA,7.986,0.027,-34.695,36.87
4955,38,26,1021.97,391.162,39301.307,2,255,259.532,231.956,NA,4.765,0.016,-57.995,-23.299
4956,38,27,1022.475,386.111,39601.317,2,248,264.607,236.558,NA,5.076,0.017,-84.289,-26.295
4957,38,28,1031.566,382.071,39901.327,2,255,274.556,244.712,NA,9.948,0.033,-23.962,60.327
4958,38,29,1036.111,369.949,40201.337,2,255,287.501,257.423,NA,12.945,0.043,-69.444,-45.481
4959,38,30,1038.131,361.364,40501.347,2,255,296.321,265.828,NA,8.82,0.029,-76.759,-7.316
4960,38,31,1047.222,358.333,40801.357,2,255,305.904,273.137,NA,9.583,0.032,-18.435,58.325
4961,38,32,1052.778,358.333,41101.367,2,221,311.46,276.115,NA,5.556,0.019,0,18.435
4962,38,33,1058.838,353.788,41401.377,2,155,319.035,283.236,NA,7.576,0.025,-36.87,-36.87
4963,38,34,1058.838,354.293,41701.387,2,255,319.54,282.815,NA,0.505,0.002,90,126.87
4964,38,35,1066.919,354.293,42001.397,2,255,327.621,287.353,NA,8.081,0.027,0,-90
4965,38,36,1072.475,361.869,42301.407,2,236,337.016,284.447,NA,9.394,0.031,53.746,53.746
4966,38,37,1072.98,354.798,42601.417,2,233,344.104,290.448,NA,7.089,0.024,-85.914,-139.661
4967,38,38,1075.505,354.293,42901.427,2,246,346.68,292.342,NA,2.575,0.009,-11.31,74.604
4968,38,39,1076.01,352.273,43201.437,2,224,348.762,294.272,NA,2.082,0.007,-75.964,-64.654
4969,38,40,1076.01,352.273,43501.447,2,210,348.762,294.272,NA,0,0,0,75.964
4970,38,41,1083.081,346.212,43801.457,2,255,358.075,303.341,NA,9.313,0.031,-40.601,-40.601
4971,38,42,1067.929,345.707,44101.467,2,255,373.235,295.005,NA,15.16,0.051,-178.091,-137.49
4972,38,43,1064.394,342.172,44401.477,2,235,378.234,295.996,NA,5,0.017,-135,43.091
4973,38,44,1068.939,336.616,44701.487,2,255,385.413,303.133,NA,7.178,0.024,-50.711,84.289
4974,38,45,1065.909,331.061,45001.497,2,191,391.741,306.17,NA,6.328,0.021,-118.61,-67.9
4975,38,46,1065.909,332.071,45301.507,2,186,392.751,305.315,NA,1.01,0.003,90,-151.39
4976,38,47,1061.364,318.434,45601.517,2,229,407.125,314.61,NA,14.374,0.048,-108.435,161.565
4977,38,48,1061.364,303.788,45901.527,2,241,421.771,327.343,NA,14.646,0.049,-90,18.435
4978,38,49,1061.364,304.293,46201.537,2,255,422.276,326.902,NA,0.505,0.002,90,180
4979,38,50,1061.364,293.687,46501.547,2,255,432.882,336.215,NA,10.606,0.035,-90,-180
4980,38,51,1054.798,288.131,46801.557,2,249,441.483,338.122,NA,8.601,0.029,-139.764,-49.764
4981,38,52,1054.293,288.636,47101.567,2,255,442.197,337.444,NA,0.714,0.002,135,-85.236
4982,38,53,1041.667,288.636,47401.577,2,255,454.824,331.966,NA,12.626,0.042,180,45
4983,38,54,1035.101,281.566,47701.587,2,171,464.473,335.76,NA,9.649,0.032,-132.879,47.121
4984,38,55,1022.98,272.98,48001.597,2,179,479.327,339.185,NA,14.854,0.05,-144.689,-11.81
4985,38,56,1024.495,261.364,48301.607,2,251,491.041,350.595,NA,11.715,0.039,-82.569,62.12
4986,38,57,1024.495,260.354,48601.617,2,255,492.051,351.542,NA,1.01,0.003,-90,-7.431
4987,38,58,1028.535,246.717,48901.627,2,113,506.274,365.735,NA,14.222,0.047,-73.496,16.504
4988,38,59,1036.616,231.061,49201.637,2,208,523.893,383.222,NA,17.619,0.059,-62.7,10.795
4989,38,60,1047.222,214.899,49501.647,2,229,543.224,402.093,NA,19.331,0.064,-56.725,5.975
4990,38,61,1050.253,207.323,49801.657,2,235,551.383,410.252,NA,8.159,0.027,-68.199,-11.473
4991,38,62,1067.424,207.323,50101.667,2,255,568.555,416.732,NA,17.172,0.057,0,68.199
4992,38,63,1102.273,189.141,50401.677,2,248,607.861,447.892,NA,39.306,0.131,-27.553,-27.553
4993,38,64,1101.263,181.061,50701.686,2,216,616.005,454.699,NA,8.144,0.027,-97.125,-69.572
4994,38,65,1111.869,167.929,51001.696,2,213,632.884,471.159,NA,16.88,0.056,-51.072,46.053
4995,38,66,1123.99,154.293,51301.706,2,185,651.129,488.782,NA,18.245,0.061,-48.366,2.706
4996,38,67,1126.515,144.192,51601.716,2,255,661.541,498.937,NA,10.412,0.035,-75.964,-27.597
4997,38,68,1126.515,133.081,51901.726,2,142,672.652,508.893,NA,11.111,0.037,-90,-14.036
4998,38,69,1126.515,133.081,52201.736,2,239,672.652,508.893,NA,0,0,0,90
4999,38,70,1136.111,123.485,52501.746,2,196,686.223,521.749,NA,13.571,0.045,-45,-45
5000,38,71,1137.626,116.919,52801.756,2,186,692.961,528.302,NA,6.738,0.022,-77.005,-32.005
5001,38,72,1137.626,116.919,53101.766,2,224,692.961,528.302,NA,0,0,0,77.005
5002,38,73,1138.131,111.364,53401.776,2,235,698.54,533.506,NA,5.578,0.019,-84.806,-84.806
5003,39,1,540.909,929.545,25500.848,2,55,0,0,NA,NA,NA,NA,NA
5004,39,2,528.409,929.167,25800.858,2,137,12.506,12.506,NA,12.506,0.042,-178.264,NA
5005,39,3,515.909,925.379,26100.868,2,145,25.567,25.345,NA,13.061,0.044,-163.142,15.123
5006,39,4,501.515,921.591,26400.878,2,148,40.451,40.189,NA,14.884,0.05,-165.256,-2.115
5007,39,5,491.288,921.591,26700.888,2,199,50.678,50.255,NA,10.227,0.034,180,-14.744
5008,39,6,496.591,925,27000.898,2,137,56.983,44.551,NA,6.304,0.021,32.735,-147.265
5009,39,7,496.591,925,27300.908,2,161,56.983,44.551,NA,0,0,0,-32.735
5010,39,8,490.152,925,27600.918,2,144,63.422,50.961,NA,6.439,0.021,180,180
5011,39,9,479.167,928.788,27900.928,2,118,75.042,61.747,NA,11.62,0.039,160.974,-19.026
5012,39,10,483.333,928.409,28200.938,2,123,79.225,57.587,NA,4.184,0.014,-5.194,-166.169
5013,39,11,483.333,929.924,28500.948,2,200,80.741,57.577,NA,1.515,0.005,90,95.194
5014,39,12,483.333,933.333,28800.958,2,177,84.15,57.7,NA,3.409,0.011,90,0
5015,39,13,473.485,935.985,29100.968,2,152,94.349,67.731,NA,10.199,0.034,164.932,74.932
5016,39,14,473.485,935.985,29400.978,2,191,94.349,67.731,NA,0,0,0,-164.932
5017,39,15,470.076,933.333,29700.988,2,103,98.668,70.935,NA,4.319,0.014,-142.125,-142.125
5018,39,16,462.121,941.288,30000.998,2,162,109.917,79.658,NA,11.249,0.037,135,-82.875
5019,39,17,444.318,940.909,30301.008,2,154,127.724,97.257,NA,17.807,0.059,-178.781,46.219
5020,39,18,420.076,934.848,30601.018,2,238,152.713,120.95,NA,24.989,0.083,-165.964,12.817
5021,39,19,406.439,929.545,30901.028,2,235,167.344,134.47,NA,14.631,0.049,-158.749,7.214
5022,39,20,399.242,928.788,31201.038,2,202,174.581,141.669,NA,7.237,0.024,-173.991,-15.241
5023,39,21,398.106,928.788,31501.048,2,251,175.717,142.805,NA,1.136,0.004,180,-6.009
5024,39,22,398.106,928.788,31801.058,2,223,175.717,142.805,NA,0,0,0,-180
5025,39,23,390.152,930.303,32101.068,2,168,183.815,150.759,NA,8.098,0.027,169.216,169.216
5026,39,24,370.455,932.576,32401.078,2,162,203.642,170.481,NA,19.828,0.066,173.418,4.202
5027,39,25,370.455,932.576,32701.088,2,98,203.642,170.481,NA,0,0,0,-173.418
5028,39,26,335.606,942.803,33001.098,2,251,239.96,205.731,NA,36.318,0.121,163.644,163.644
5029,39,27,332.576,934.848,33301.108,2,117,248.473,208.401,NA,8.512,0.028,-110.854,85.501
5030,39,28,322.727,934.47,33601.118,2,107,258.328,218.237,NA,9.856,0.033,-177.797,-66.943
5031,39,29,322.727,934.47,33901.128,2,147,258.328,218.237,NA,0,0,0,177.797
5032,39,30,290.152,934.47,34201.138,2,146,290.904,250.806,NA,32.576,0.109,180,180
5033,39,31,266.288,940.152,34501.148,2,222,315.435,274.826,NA,24.531,0.082,166.608,-13.392
5034,39,32,253.03,940.152,34801.158,2,224,328.693,288.074,NA,13.258,0.044,180,13.392
5035,39,33,257.828,934.091,35101.168,2,255,336.422,283.117,NA,7.73,0.026,-51.633,128.367
5036,39,34,237.626,934.091,35401.178,2,255,356.624,303.317,NA,20.202,0.067,180,-128.367
5037,39,35,229.545,934.091,35701.188,2,127,364.705,311.397,NA,8.081,0.027,180,0
5038,39,36,229.545,934.596,36001.198,2,110,365.21,311.405,NA,0.505,0.002,90,-90
5039,39,37,224.495,948.737,36301.207,2,222,380.227,316.996,NA,15.016,0.05,109.654,19.654
5040,39,38,224.495,949.242,36601.217,2,227,380.732,317.027,NA,0.505,0.002,90,-19.654
5041,39,39,217.929,956.818,36901.227,2,242,390.757,324.129,NA,10.025,0.033,130.914,40.914
5042,39,40,207.323,961.869,37201.237,2,168,402.504,335.148,NA,11.747,0.039,154.537,23.622
5043,39,41,196.212,961.869,37501.247,2,173,413.615,346.209,NA,11.111,0.037,180,25.463
5044,39,42,196.212,961.869,37801.257,2,135,413.615,346.209,NA,0,0,0,-180
5045,39,43,192.677,970.455,38101.267,2,164,422.9,350.627,NA,9.285,0.031,112.38,112.38
5046,39,44,189.141,970.455,38401.277,2,161,426.435,354.138,NA,3.535,0.012,180,67.62
5047,39,45,186.111,971.97,38701.287,2,185,429.823,357.325,NA,3.388,0.011,153.435,-26.565
5048,39,46,186.111,971.97,39001.297,2,206,429.823,357.325,NA,0,0,0,-153.435
5049,39,47,179.04,974.495,39301.307,2,120,437.332,364.65,NA,7.508,0.025,160.346,160.346
5050,39,48,177.02,975.505,39601.317,2,255,439.59,366.78,NA,2.259,0.008,153.435,-6.911
5051,39,49,177.02,975.505,39901.327,2,162,439.59,366.78,NA,0,0,0,-153.435
5052,39,50,177.02,975,40201.337,2,198,440.095,366.717,NA,0.505,0.002,-90,-90
5053,39,51,176.01,975,40501.347,2,173,441.105,367.719,NA,1.01,0.003,180,-90
5054,39,52,187.626,967.929,40801.357,2,111,454.704,355.362,NA,13.599,0.045,-31.329,148.671
5055,39,53,187.626,976.515,41101.367,2,243,463.29,356.392,NA,8.586,0.029,90,121.329
5056,39,54,187.626,976.515,41401.377,2,255,463.29,356.392,NA,0,0,0,-90
5057,39,55,187.626,976.515,41701.387,2,139,463.29,356.392,NA,0,0,0,0
5058,39,56,195.202,976.515,42001.397,2,170,470.866,348.883,NA,7.576,0.025,0,0
5059,39,57,202.778,981.566,42301.407,2,250,479.971,342.109,NA,9.105,0.03,33.69,33.69
5060,39,58,208.333,979.545,42601.417,2,231,485.882,336.313,NA,5.911,0.02,-19.983,-53.673
5061,39,59,208.333,979.545,42901.427,2,171,485.882,336.313,NA,0,0,0,19.983
5062,39,60,214.394,980.051,43201.437,2,210,491.964,330.398,NA,6.082,0.02,4.764,4.764
5063,39,61,214.394,980.556,43501.447,2,185,492.469,330.476,NA,0.505,0.002,90,85.236
5064,39,62,214.394,985.606,43801.457,2,4,497.519,331.293,NA,5.051,0.017,90,0
5065,39,63,202.273,991.162,44101.467,2,7,510.853,344.196,NA,13.334,0.044,155.376,65.376
5066,39,64,202.273,1011.869,44401.477,2,132,531.56,348.499,NA,20.707,0.069,90,-65.376
5067,39,65,192.677,1028.535,44701.487,2,232,550.792,362.029,NA,19.232,0.064,119.932,29.932
5068,39,66,192.172,1039.646,45001.497,2,225,561.915,365.705,NA,11.123,0.037,92.603,-27.329
5069,39,67,191.162,1047.727,45301.507,2,158,570.058,369.175,NA,8.144,0.027,97.125,4.522
5070,39,68,191.162,1047.727,45601.517,2,218,570.058,369.175,NA,0,0,0,-97.125
5071,39,69,185.606,1054.293,45901.527,2,51,578.659,376.566,NA,8.601,0.029,130.236,130.236
5072,39,70,175,1054.293,46201.537,2,89,589.265,386.589,NA,10.606,0.035,180,49.764
5073,39,71,182.071,1045.707,46501.547,2,242,600.388,377.172,NA,11.123,0.037,-50.528,129.472
5074,39,72,178.535,1045.202,46801.557,2,165,603.959,380.383,NA,3.571,0.012,-171.87,-121.342
5075,39,73,167.424,1046.717,47101.567,2,226,615.173,391.433,NA,11.214,0.037,172.235,-15.895
5076,40,1,613.258,1037.5,24300.808,2,126,0,0,NA,NA,NA,NA,NA
5077,40,2,613.258,1043.939,24600.818,2,155,6.439,6.439,NA,6.439,0.021,90,NA
5078,40,3,604.545,1047.727,24900.828,2,131,15.939,13.435,NA,9.5,0.032,156.501,66.501
5079,40,4,602.273,1052.652,25200.838,2,176,21.363,18.715,NA,5.423,0.018,114.775,-41.726
5080,40,5,600.379,1067.045,25500.848,2,116,35.881,32.23,NA,14.518,0.048,97.496,-17.279
5081,40,6,591.288,1074.621,25800.858,2,208,47.714,43.135,NA,11.834,0.039,140.194,42.699
5082,40,7,584.47,1079.924,26100.868,2,130,56.352,51.269,NA,8.638,0.029,142.125,1.931
5083,40,8,581.061,1083.712,26400.878,2,181,61.448,56.322,NA,5.096,0.017,131.987,-10.138
5084,40,9,575.758,1084.091,26700.888,2,120,66.765,59.808,NA,5.317,0.018,175.914,43.927
5085,40,10,575.758,1092.424,27000.898,2,153,75.098,66.505,NA,8.333,0.028,90,-85.914
5086,40,11,574.621,1099.242,27300.908,2,108,82.01,72.835,NA,6.912,0.023,99.462,9.462
5087,40,12,574.621,1099.242,27600.918,2,185,82.01,72.835,NA,0,0,0,-99.462
5088,40,13,571.97,1110.606,27900.928,2,159,93.679,83.959,NA,11.669,0.039,103.134,103.134
5089,40,14,571.97,1121.212,28200.938,2,199,104.285,93.34,NA,10.606,0.035,90,-13.134
5090,40,15,566.667,1129.167,28500.948,2,172,113.845,102.827,NA,9.56,0.032,123.69,33.69
5091,40,16,556.439,1154.545,28800.958,2,127,141.207,130.107,NA,27.362,0.091,111.949,-11.741
5092,40,17,559.091,1170.076,29100.968,2,255,156.963,143.214,NA,15.755,0.053,80.311,-31.637
5093,40,18,557.197,1160.227,29400.978,2,92,166.991,134.925,NA,10.029,0.033,-100.886,178.803
5094,40,19,549.621,1162.879,29700.988,2,102,175.018,140.604,NA,8.026,0.027,160.71,-98.405
5095,40,20,549.621,1176.136,30000.998,2,197,188.275,152.544,NA,13.258,0.044,90,-70.71
5096,40,21,543.561,1178.788,30301.008,2,214,194.891,157.543,NA,6.615,0.022,156.371,66.371
5097,40,22,543.561,1178.788,30601.018,2,218,194.891,157.543,NA,0,0,0,-156.371
5098,40,23,543.561,1190.53,30901.028,2,217,206.633,168.155,NA,11.742,0.039,90,90
5099,40,24,543.561,1193.182,31201.038,2,145,209.285,170.571,NA,2.652,0.009,90,0
5100,40,25,543.561,1198.106,31501.048,2,196,214.209,175.077,NA,4.924,0.016,90,0
5101,40,26,543.561,1203.409,31801.058,2,255,219.512,179.954,NA,5.303,0.018,90,0
5102,40,27,543.182,1217.424,32101.068,2,255,233.532,193.089,NA,14.02,0.047,91.548,1.548
5103,40,28,537.121,1218.182,32401.078,2,250,239.64,196.068,NA,6.108,0.02,172.875,81.327
5104,40,29,532.197,1218.182,32701.088,2,155,244.564,198.032,NA,4.924,0.016,180,7.125
5105,40,30,532.576,1234.47,33001.098,2,211,260.856,212.854,NA,16.292,0.054,88.668,-91.332
5106,40,31,532.576,1234.47,33301.108,2,192,260.856,212.854,NA,0,0,0,-88.668
5107,40,32,532.576,1234.47,33601.118,2,197,260.856,212.854,NA,0,0,0,0
5108,40,33,532.576,1234.47,33901.128,2,153,260.856,212.854,NA,0,0,0,0
5109,40,34,525.758,1245.833,34201.138,2,138,274.109,225.962,NA,13.252,0.044,120.964,120.964
5110,40,35,517.803,1253.788,34501.148,2,253,285.358,236.415,NA,11.249,0.037,135,14.036
5111,40,36,519.949,1254.293,34801.158,2,170,287.563,236.02,NA,2.205,0.007,13.241,-121.759
5112,40,37,518.434,1254.798,35101.168,2,169,289.16,237.086,NA,1.597,0.005,161.565,148.325
5113,40,38,527.02,1254.798,35401.178,2,254,297.746,233.785,NA,8.586,0.029,0,-161.565
5114,40,39,527.02,1261.869,35701.188,2,255,304.817,240.371,NA,7.071,0.024,90,90
5115,40,40,530.051,1258.333,36001.198,2,233,309.473,235.989,NA,4.656,0.016,-49.399,-139.399
5116,40,41,520.455,1262.374,36301.207,2,143,319.885,243.271,NA,10.412,0.035,157.166,-153.435
5117,40,42,509.848,1265.909,36601.217,2,201,331.065,250.727,NA,11.18,0.037,161.565,4.399
5118,40,43,509.848,1265.909,36901.227,2,191,331.065,250.727,NA,0,0,0,-161.565
5119,40,44,505.303,1272.98,37201.237,2,251,339.47,259.046,NA,8.406,0.028,122.735,122.735
5120,40,45,505.303,1288.636,37501.247,2,123,355.127,273.356,NA,15.657,0.052,90,-32.735
5121,40,46,505.303,1288.636,37801.257,2,113,355.127,273.356,NA,0,0,0,-90
5122,40,47,510.859,1297.727,38101.267,2,98,365.781,279.649,NA,10.654,0.036,58.57,58.57
5123,40,48,521.97,1307.828,38401.277,2,215,380.797,285.326,NA,15.016,0.05,42.274,-16.297
5124,40,49,521.97,1307.828,38701.287,2,168,380.797,285.326,NA,0,0,0,-42.274
5125,40,50,529.545,1312.374,39001.297,2,160,389.632,287.338,NA,8.835,0.029,30.964,30.964
5126,40,51,536.111,1317.424,39301.307,2,228,397.916,290.36,NA,8.283,0.028,37.569,6.605
5127,40,52,539.646,1332.071,39601.317,2,255,412.983,303.629,NA,15.067,0.05,76.43,38.861
5128,40,53,542.677,1347.222,39901.327,2,103,428.434,317.663,NA,15.452,0.052,78.69,2.261
5129,40,54,542.677,1356.313,40201.337,2,167,437.525,326.532,NA,9.091,0.03,90,11.31
5130,40,55,528.535,1356.313,40501.347,2,108,451.667,329.878,NA,14.141,0.047,180,90
5131,40,56,522.98,1356.313,40801.357,2,166,457.222,331.349,NA,5.556,0.019,180,0
5132,40,57,522.98,1356.313,41101.367,2,166,457.222,331.349,NA,0,0,0,-180
5133,40,58,522.98,1356.313,41401.377,2,236,457.222,331.349,NA,0,0,0,0
5134,40,59,522.98,1356.313,41701.387,2,52,457.222,331.349,NA,0,0,0,0
5135,40,60,535.606,1377.525,42001.397,2,188,481.908,348.779,NA,24.686,0.082,59.237,59.237
5136,40,61,529.545,1389.141,42301.407,2,103,495.01,361.468,NA,13.102,0.044,117.553,58.316
5137,40,62,529.545,1408.333,42601.417,2,143,514.202,380.165,NA,19.192,0.064,90,-27.553
5138,40,63,529.04,1415.404,42901.427,2,108,521.29,387.174,NA,7.089,0.024,94.086,4.086
5139,40,64,528.535,1434.596,43201.437,2,132,540.489,406.033,NA,19.199,0.064,91.507,-2.578
5140,40,65,531.566,1435.101,43501.447,2,151,543.561,405.907,NA,3.072,0.01,9.462,-82.045
5141,40,66,528.535,1450.758,43801.457,2,247,559.508,421.853,NA,15.947,0.053,100.954,91.492
5142,40,67,522.98,1450.758,44101.467,2,162,565.064,423.003,NA,5.556,0.019,180,79.046
5143,40,68,530.051,1461.364,44401.477,2,133,577.811,431.953,NA,12.747,0.042,56.31,-123.69
5144,40,69,530.051,1461.364,44701.487,2,62,577.811,431.953,NA,0,0,0,-56.31
5145,40,70,539.141,1467.424,45001.497,2,124,588.737,436.266,NA,10.926,0.036,33.69,33.69
5146,40,71,540.152,1479.04,45301.507,2,165,600.397,447.552,NA,11.66,0.039,85.03,51.34
5147,40,72,550.253,1485.101,45601.517,2,164,612.176,452.014,NA,11.78,0.039,30.964,-54.067
5148,40,73,554.798,1487.121,45901.527,2,181,617.15,453.406,NA,4.974,0.017,23.962,-7.001
5149,40,74,555.808,1496.212,46201.537,2,197,626.297,462.296,NA,9.147,0.03,83.66,59.697
5150,40,75,555.808,1496.212,46501.547,2,187,626.297,462.296,NA,0,0,0,-83.66
5151,40,76,568.939,1506.313,46801.557,2,166,642.864,470.903,NA,16.567,0.055,37.569,37.569
5152,40,77,584.091,1525.505,47101.567,2,199,667.316,488.876,NA,24.452,0.082,51.71,14.141
5153,40,78,584.091,1526.01,47401.577,2,55,667.821,489.38,NA,0.505,0.002,90,38.29
5154,40,79,584.596,1533.081,47701.587,2,134,674.91,496.409,NA,7.089,0.024,85.914,-4.086
5155,40,80,586.616,1534.596,48001.597,2,172,677.435,497.809,NA,2.525,0.008,36.87,-49.044
5156,40,81,586.616,1534.596,48301.607,2,196,677.435,497.809,NA,0,0,0,-36.87
5157,40,82,595.202,1535.101,48601.617,2,241,686.036,497.928,NA,8.601,0.029,3.366,3.366
5158,40,83,595.202,1537.121,48901.627,2,214,688.056,499.947,NA,2.02,0.007,90,86.634
5159,40,84,585.101,1539.646,49201.637,2,138,698.468,502.935,NA,10.412,0.035,165.964,75.964
5160,40,85,585.101,1539.646,49501.647,2,152,698.468,502.935,NA,0,0,0,-165.964
5161,40,86,585.101,1539.646,49801.657,2,235,698.468,502.935,NA,0,0,0,0
5162,40,87,585.101,1539.646,50101.667,2,220,698.468,502.935,NA,0,0,0,0
5163,40,88,580.556,1535.606,50401.677,2,195,704.55,499.178,NA,6.082,0.02,-138.366,-138.366
5164,40,89,580.556,1535.606,50701.686,2,169,704.55,499.178,NA,0,0,0,138.366
5165,40,90,580.556,1535.606,51001.696,2,213,704.55,499.178,NA,0,0,0,0
5166,40,91,581.061,1529.545,51301.706,2,114,710.631,493.098,NA,6.082,0.02,-85.236,-85.236
5167,40,92,583.081,1525.505,51601.716,2,177,715.149,488.937,NA,4.517,0.015,-63.435,21.801
5168,40,93,583.586,1525.505,51901.726,2,155,715.654,488.906,NA,0.505,0.002,0,63.435
5169,40,94,583.586,1525.505,52201.736,2,126,715.654,488.906,NA,0,0,0,0
5170,40,95,583.586,1533.081,52501.746,2,130,723.229,496.468,NA,7.576,0.025,90,90
5171,40,96,583.586,1537.121,52801.756,2,145,727.27,500.502,NA,4.04,0.013,90,0
5172,40,97,578.03,1546.717,53101.766,2,175,738.358,510.434,NA,11.088,0.037,120.069,30.069
5173,41,1,560.227,812.5,22200.738,2,75,0,0,NA,NA,NA,NA,NA
5174,41,2,551.894,812.5,22500.748,2,116,8.333,8.333,NA,8.333,0.028,180,NA
5175,41,3,551.136,812.5,22800.758,2,120,9.091,9.091,NA,0.758,0.003,180,0
5176,41,4,551.136,812.5,23100.768,2,98,9.091,9.091,NA,0,0,0,-180
5177,41,5,550.758,812.5,23400.778,2,83,9.47,9.47,NA,0.379,0.001,180,180
5178,41,6,543.561,812.879,23700.788,2,151,16.677,16.671,NA,7.207,0.024,176.987,-3.013
5179,41,7,534.848,812.879,24000.798,2,111,25.389,25.382,NA,8.712,0.029,180,3.013
5180,41,8,534.091,809.091,24300.808,2,133,29.252,26.358,NA,3.863,0.013,-101.31,78.69
5181,41,9,534.091,809.091,24600.818,2,58,29.252,26.358,NA,0,0,0,101.31
5182,41,10,532.955,805.303,24900.828,2,146,33.206,28.206,NA,3.955,0.013,-106.699,-106.699
5183,41,11,529.167,805.303,25200.838,2,85,36.994,31.884,NA,3.788,0.013,180,-73.301
5184,41,12,529.167,802.652,25500.848,2,99,39.646,32.585,NA,2.652,0.009,-90,90
5185,41,13,529.167,802.652,25800.858,2,115,39.646,32.585,NA,0,0,0,90
5186,41,14,526.515,800.379,26100.868,2,86,43.138,35.825,NA,3.492,0.012,-139.399,-139.399
5187,41,15,526.515,785.985,26400.878,2,176,57.532,42.89,NA,14.394,0.048,-90,49.399
5188,41,16,526.515,785.985,26700.888,2,250,57.532,42.89,NA,0,0,0,90
5189,41,17,526.515,785.985,27000.898,2,255,57.532,42.89,NA,0,0,0,0
5190,41,18,522.727,786.742,27300.908,2,237,61.395,45.494,NA,3.863,0.013,168.69,168.69
5191,41,19,517.045,786.742,27600.918,2,142,67.077,50.28,NA,5.682,0.019,180,11.31
5192,41,20,517.045,786.742,27900.928,2,114,67.077,50.28,NA,0,0,0,-180
5193,41,21,512.5,783.333,28200.938,2,168,72.758,55.934,NA,5.682,0.019,-143.13,-143.13
5194,41,22,507.197,783.333,28500.948,2,152,78.061,60.522,NA,5.303,0.018,180,-36.87
5195,41,23,498.485,776.136,28800.958,2,105,89.362,71.655,NA,11.3,0.038,-140.44,39.56
5196,41,24,498.485,776.136,29100.968,2,127,89.362,71.655,NA,0,0,0,140.44
5197,41,25,498.485,776.136,29400.978,2,83,89.362,71.655,NA,0,0,0,0
5198,41,26,498.485,783.333,29700.988,2,197,96.559,68.285,NA,7.197,0.024,90,90
5199,41,27,488.636,783.333,30000.998,2,90,106.407,77.304,NA,9.848,0.033,180,90
5200,41,28,469.318,796.591,30301.008,2,137,129.837,92.291,NA,23.43,0.078,145.539,-34.461
5201,41,29,442.424,812.879,30601.018,2,100,161.279,117.804,NA,31.442,0.105,148.799,3.26
5202,41,30,436.111,820.455,30901.028,2,255,171.14,124.371,NA,9.861,0.033,129.806,-18.994
5203,41,31,415.909,820.455,31201.038,2,157,191.342,144.537,NA,20.202,0.067,180,50.194
5204,41,32,408.333,820.455,31501.048,2,255,198.918,152.102,NA,7.576,0.025,180,0
5205,41,33,407.828,820.455,31801.058,2,202,199.423,152.606,NA,0.505,0.002,180,0
5206,41,34,403.283,820.455,32101.068,2,100,203.968,157.146,NA,4.545,0.015,180,0
5207,41,35,403.283,830.051,32401.078,2,136,213.564,157.923,NA,9.596,0.032,90,-90
5208,41,36,384.596,834.596,32701.088,2,255,232.796,177.016,NA,19.232,0.064,166.329,76.329
5209,41,37,376.01,834.596,33001.098,2,133,241.382,185.538,NA,8.586,0.029,180,13.671
5210,41,38,366.414,841.162,33301.108,2,232,253.009,195.921,NA,11.627,0.039,145.62,-34.38
5211,41,39,366.414,841.162,33601.118,2,225,253.009,195.921,NA,0,0,0,-145.62
5212,41,40,339.646,860.354,33901.128,2,132,285.946,225.712,NA,32.937,0.11,144.36,144.36
5213,41,41,335.101,867.929,34201.138,2,185,294.781,231.85,NA,8.835,0.029,120.964,-23.396
5214,41,42,349.242,861.364,34501.148,2,211,310.372,216.569,NA,15.591,0.052,-24.905,-145.869
5215,41,43,339.141,861.364,34801.158,2,208,320.473,226.421,NA,10.101,0.034,180,-155.095
5216,41,44,339.141,861.364,35101.168,2,255,320.473,226.421,NA,0,0,0,-180
5217,41,45,339.141,856.313,35401.178,2,216,325.524,225.385,NA,5.051,0.017,-90,-90
5218,41,46,339.141,853.788,35701.188,2,90,328.049,224.908,NA,2.525,0.008,-90,0
5219,41,47,341.162,847.222,36001.198,2,70,334.918,221.8,NA,6.869,0.023,-72.897,17.103
5220,41,48,341.162,847.222,36301.207,2,158,334.918,221.8,NA,0,0,0,72.897
5221,41,49,341.162,847.222,36601.217,2,177,334.918,221.8,NA,0,0,0,0
5222,41,50,341.162,847.222,36901.227,2,249,334.918,221.8,NA,0,0,0,0
5223,41,51,335.101,847.222,37201.237,2,151,340.979,227.788,NA,6.061,0.02,180,180
5224,41,52,335.101,845.202,37501.247,2,159,342.999,227.489,NA,2.02,0.007,-90,90
5225,41,53,335.101,855.808,37801.257,2,255,353.605,229.254,NA,10.606,0.035,90,180
5226,41,54,335.101,858.838,38101.267,2,255,356.635,229.846,NA,3.03,0.01,90,0
5227,41,55,333.081,858.838,38401.277,2,255,358.656,231.825,NA,2.02,0.007,180,90
5228,41,56,331.566,856.313,38701.287,2,255,361.601,232.821,NA,2.945,0.01,-120.964,59.036
5229,41,57,329.545,853.283,39001.297,2,255,365.243,234.259,NA,3.642,0.012,-123.69,-2.726
5230,41,58,329.545,853.283,39301.307,2,255,365.243,234.259,NA,0,0,0,123.69
5231,41,59,326.01,853.283,39601.317,2,255,368.778,237.741,NA,3.535,0.012,180,180
5232,41,60,319.949,853.283,39901.327,2,156,374.838,243.714,NA,6.061,0.02,180,0
5233,41,61,317.424,850.758,40201.337,2,227,378.41,245.799,NA,3.571,0.012,-135,45
5234,41,62,317.424,850.758,40501.347,2,255,378.41,245.799,NA,0,0,0,135
5235,41,63,316.919,847.727,40801.357,2,255,381.482,245.845,NA,3.072,0.01,-99.462,-99.462
5236,41,64,316.919,838.131,41101.367,2,217,391.078,244.654,NA,9.596,0.032,-90,9.462
5237,41,65,325.505,838.636,41401.377,2,85,399.678,236.173,NA,8.601,0.029,3.366,93.366
5238,41,66,334.091,846.212,41701.387,2,219,411.129,228.635,NA,11.45,0.038,41.424,38.057
5239,41,67,334.091,847.222,42001.397,2,11,412.139,228.787,NA,1.01,0.003,90,48.576
5240,41,68,311.364,847.222,42301.407,2,154,434.866,251.274,NA,22.727,0.076,180,90
5241,41,69,300.253,849.242,42601.417,2,255,446.159,262.558,NA,11.293,0.038,169.695,-10.305
5242,41,70,302.273,863.384,42901.427,2,136,460.444,262.925,NA,14.285,0.048,81.87,-87.825
5243,41,71,292.677,881.566,43201.437,2,110,481.003,276.321,NA,20.559,0.069,117.824,35.954
5244,41,72,292.677,881.566,43501.447,2,182,481.003,276.321,NA,0,0,0,-117.824
5245,41,73,283.586,892.172,43801.457,2,133,494.972,287.885,NA,13.969,0.047,130.601,130.601
5246,41,74,279.04,905.808,44101.467,2,167,509.346,296.264,NA,14.374,0.048,108.435,-22.166
5247,41,75,271.97,918.434,44401.477,2,158,523.817,307.107,NA,14.471,0.048,119.249,10.814
5248,41,76,271.97,919.444,44701.487,2,119,524.827,307.457,NA,1.01,0.003,90,-29.249
5249,41,77,265.404,906.818,45001.497,2,255,539.059,309.543,NA,14.231,0.047,-117.474,152.526
5250,41,78,265.404,906.818,45301.507,2,236,539.059,309.543,NA,0,0,0,117.474
5251,41,79,263.258,916.667,45601.517,2,231,549.138,314.709,NA,10.08,0.034,102.295,102.295
5252,41,80,263.258,908.333,45901.527,2,255,557.472,312.05,NA,8.333,0.028,-90,167.705
5253,41,81,275.379,907.197,46201.537,2,255,569.646,300.177,NA,12.174,0.041,-5.356,84.644
5254,41,82,280.303,906.439,46501.547,2,255,574.628,295.266,NA,4.982,0.017,-8.746,-3.39
5255,41,83,280.682,898.485,46801.557,2,255,582.592,292.471,NA,7.964,0.027,-87.274,-78.528
5256,41,84,275.379,898.485,47101.567,2,255,587.895,297.543,NA,5.303,0.018,180,-92.726
5257,41,85,261.742,898.485,47401.577,2,204,601.531,310.623,NA,13.636,0.045,180,0
5258,41,86,258.712,910.606,47701.587,2,200,614.026,317.074,NA,12.494,0.042,104.036,-75.964
5259,41,87,258.712,920.076,48001.597,2,249,623.495,320.131,NA,9.47,0.032,90,-14.036
5260,41,88,259.47,931.818,48301.607,2,241,635.262,323.561,NA,11.767,0.039,86.309,-3.691
5261,41,89,259.47,939.394,48601.617,2,255,642.838,326.431,NA,7.576,0.025,90,3.691
5262,41,90,259.47,939.773,48901.627,2,255,643.217,326.578,NA,0.379,0.001,90,0
5263,41,91,255.303,946.97,49201.637,2,236,651.533,333.258,NA,8.316,0.028,120.069,30.069
5264,41,92,248.864,952.652,49501.647,2,255,660.12,341.452,NA,8.588,0.029,138.576,18.508
5265,41,93,236.364,960.985,49801.657,2,239,675.144,356.28,NA,15.023,0.05,146.31,7.734
5266,41,94,228.788,960.985,50101.667,2,110,682.719,363.18,NA,7.576,0.025,180,33.69
5267,41,95,228.788,972.348,50401.677,2,180,694.083,367.972,NA,11.364,0.038,90,-90
5268,41,96,223.864,977.652,50701.686,2,198,701.32,374.721,NA,7.237,0.024,132.879,42.879
5269,41,97,217.424,977.273,51001.696,2,255,707.77,380.347,NA,6.451,0.022,-176.634,50.488
5270,41,98,216.919,972.98,51301.706,2,240,712.093,378.965,NA,4.323,0.014,-96.71,79.924
5271,41,99,208.333,975.505,51601.716,2,179,721.042,387.814,NA,8.95,0.03,163.61,-99.68
5272,41,100,208.333,991.162,51901.726,2,255,736.699,394.651,NA,15.657,0.052,90,-73.61
5273,41,101,198.232,1002.778,52201.736,2,255,752.093,408.957,NA,15.394,0.051,131.009,41.009
5274,41,102,183.586,1000.758,52501.746,2,220,766.878,421.07,NA,14.785,0.049,-172.147,56.844
5275,41,103,183.586,1000.758,52801.756,2,255,766.878,421.07,NA,0,0,0,172.147
5276,41,104,174.495,997.727,53101.766,2,255,776.46,427.9,NA,9.583,0.032,-161.565,-161.565
5277,41,105,160.354,997.727,53401.776,2,254,790.602,440.691,NA,14.141,0.047,180,-18.435
5278,41,106,160.354,997.727,53701.786,2,255,790.602,440.691,NA,0,0,0,-180
5279,41,107,160.354,997.727,54001.796,2,120,790.602,440.691,NA,0,0,0,0
5280,41,108,143.182,1001.768,54301.806,2,148,808.242,457.984,NA,17.641,0.059,166.759,166.759
5281,41,109,143.182,1000.253,54601.816,2,255,809.758,457.36,NA,1.515,0.005,-90,103.241
5282,41,110,143.182,1000.253,54901.826,2,216,809.758,457.36,NA,0,0,0,90
5283,41,111,133.081,1020.455,55201.836,2,255,832.344,475.078,NA,22.587,0.075,116.565,116.565
5284,41,112,125.505,1020.455,55501.846,2,115,839.92,481.901,NA,7.576,0.025,180,63.435
5285,41,113,120.455,1026.515,55801.856,2,185,847.809,489.083,NA,7.889,0.026,129.806,-50.194
5286,41,114,106.313,1027.525,56101.866,2,193,861.986,502.269,NA,14.177,0.047,175.914,46.109
5287,41,115,96.717,1027.525,56401.876,2,74,871.582,510.957,NA,9.596,0.032,180,4.086
5288,41,116,76.515,1031.061,56701.886,2,40,892.091,530.798,NA,20.509,0.068,170.074,-9.926
5289,42,1,973.485,732.071,34801.158,2,82,0,0,NA,NA,NA,NA,NA
5290,42,2,985.606,727.525,35101.168,2,110,12.945,12.945,NA,12.945,0.043,-20.556,NA
5291,42,3,989.646,720.96,35401.178,2,69,20.655,19.613,NA,7.709,0.026,-58.392,-37.836
5292,42,4,1009.343,711.364,35701.188,2,147,42.565,41.408,NA,21.91,0.073,-25.974,32.418
5293,42,5,1012.374,709.343,36001.198,2,179,46.207,45.043,NA,3.642,0.012,-33.69,-7.716
5294,42,6,1020.96,702.273,36301.207,2,163,57.329,56.052,NA,11.123,0.037,-39.472,-5.782
5295,42,7,1020.96,702.778,36601.217,2,224,57.834,55.785,NA,0.505,0.002,90,129.472
5296,42,8,1022.98,693.687,36901.227,2,140,67.147,62.634,NA,9.313,0.031,-77.471,-167.471
5297,42,9,1030.051,679.545,37201.237,2,176,82.958,77.192,NA,15.811,0.053,-63.435,14.036
5298,42,10,1034.091,667.929,37501.247,2,177,95.256,88.245,NA,12.299,0.041,-70.821,-7.386
5299,42,11,1053.283,654.293,37801.257,2,253,118.8,111.432,NA,23.543,0.078,-35.395,35.426
5300,42,12,1066.414,654.293,38101.267,2,255,131.931,121.183,NA,13.131,0.044,0,35.395
5301,42,13,1071.97,654.293,38401.277,2,197,137.487,125.494,NA,5.556,0.019,0,0
5302,42,14,1066.919,650.758,38701.287,2,206,143.651,123.862,NA,6.165,0.021,-145.008,-145.008
5303,42,15,1066.919,646.717,39001.297,2,230,147.692,126.551,NA,4.04,0.013,-90,55.008
5304,42,16,1072.475,646.717,39301.307,2,101,153.247,130.707,NA,5.556,0.019,0,90
5305,42,17,1086.616,639.646,39601.317,2,125,169.058,146.085,NA,15.811,0.053,-26.565,-26.565
5306,42,18,1098.232,623.485,39901.327,2,171,188.961,165.387,NA,19.903,0.066,-54.293,-27.728
5307,42,19,1100.253,619.949,40201.337,2,211,193.033,169.237,NA,4.072,0.014,-60.255,-5.962
5308,42,20,1101.768,612.879,40501.347,2,255,200.264,175.109,NA,7.231,0.024,-77.905,-17.65
5309,42,21,1101.768,612.374,40801.357,2,201,200.769,175.453,NA,0.505,0.002,-90,-12.095
5310,42,22,1106.818,599.242,41101.367,2,3,214.838,188.205,NA,14.069,0.047,-68.962,21.038
5311,42,23,1132.576,588.636,41401.377,2,230,242.694,214.204,NA,27.856,0.093,-22.38,46.582
5312,42,24,1146.717,585.606,41701.387,2,186,257.156,226.851,NA,14.462,0.048,-12.095,10.285
5313,42,25,1142.172,576.01,42001.397,2,215,267.775,229.805,NA,10.618,0.035,-115.346,-103.251
5314,42,26,1146.212,568.434,42301.407,2,255,276.36,237.932,NA,8.586,0.029,-61.928,53.419
5315,42,27,1155.303,549.747,42601.417,2,255,297.141,257.487,NA,20.781,0.069,-64.058,-2.13
5316,42,28,1155.303,532.071,42901.427,2,255,314.818,270.292,NA,17.677,0.059,-90,-25.942
5317,42,29,1156.313,522.475,43201.437,2,203,324.467,278.131,NA,9.649,0.032,-83.991,6.009
5318,42,30,1156.313,522.475,43501.447,2,255,324.467,278.131,NA,0,0,0,83.991
5319,42,31,1161.364,524.495,43801.457,2,255,329.907,279.975,NA,5.44,0.018,21.801,21.801
5320,42,32,1167.424,524.495,44101.467,2,154,335.967,284.078,NA,6.061,0.02,0,-21.801
5321,42,33,1167.424,510.859,44401.477,2,247,349.603,294.189,NA,13.636,0.045,-90,-90
5322,42,34,1175,508.838,44701.487,2,255,357.444,300.734,NA,7.84,0.026,-14.931,75.069
5323,42,35,1178.03,505.808,45001.497,2,255,361.729,305.014,NA,4.285,0.014,-45,-30.069
5324,42,36,1178.03,495.707,45301.507,2,140,371.83,312.581,NA,10.101,0.034,-90,-45
5325,42,37,1182.576,476.515,45601.517,2,181,391.553,330.193,NA,19.723,0.066,-76.675,13.325
5326,42,38,1182.576,477.02,45901.527,2,190,392.058,329.803,NA,0.505,0.002,90,166.675
5327,42,39,1177.525,475.505,46201.537,2,255,397.331,327.809,NA,5.273,0.018,-163.301,106.699
5328,42,40,1176.515,471.97,46501.547,2,255,401.008,329.96,NA,3.677,0.012,-105.945,57.355
5329,42,41,1176.515,471.97,46801.557,2,255,401.008,329.96,NA,0,0,0,105.945
5330,42,42,1176.515,469.444,47101.567,2,197,403.533,331.955,NA,2.525,0.008,-90,-90
5331,42,43,1176.515,466.414,47401.577,2,255,406.564,334.357,NA,3.03,0.01,-90,0
5332,42,44,1181.061,462.374,47701.587,2,253,412.645,340.329,NA,6.082,0.02,-41.634,48.366
5333,42,45,1181.061,457.828,48001.597,2,255,417.191,343.943,NA,4.545,0.015,-90,-48.366
5334,42,46,1181.566,455.808,48301.607,2,255,419.273,345.859,NA,2.082,0.007,-75.964,14.036
5335,42,47,1181.566,455.808,48601.617,2,169,419.273,345.859,NA,0,0,0,75.964
5336,42,48,1182.576,446.717,48901.627,2,226,428.42,353.759,NA,9.147,0.03,-83.66,-83.66
5337,42,49,1188.636,443.687,49201.637,2,240,435.196,359.799,NA,6.776,0.023,-26.565,57.095
5338,42,50,1193.687,442.172,49501.647,2,255,440.469,364.047,NA,5.273,0.018,-16.699,9.866
5339,42,51,1193.687,434.596,49801.657,2,243,448.045,370.108,NA,7.576,0.025,-90,-73.301
5340,42,52,1192.677,434.596,50101.667,2,183,449.055,369.508,NA,1.01,0.003,180,-90
5341,42,53,1199.242,434.091,50401.677,2,252,455.64,373.843,NA,6.585,0.022,-4.399,175.601
5342,42,54,1202.273,432.576,50701.686,2,255,459.028,376.883,NA,3.388,0.011,-26.565,-22.166
5343,42,55,1202.778,432.576,51001.696,2,227,459.533,377.19,NA,0.505,0.002,0,26.565
5344,42,56,1210.859,419.949,51301.706,2,162,474.523,392.13,NA,14.991,0.05,-57.381,-57.381
5345,42,57,1218.434,421.465,51601.716,2,236,482.249,395.571,NA,7.726,0.026,11.31,68.691
5346,42,58,1218.434,421.465,51901.726,2,255,482.249,395.571,NA,0,0,0,-11.31
5347,42,59,1218.434,404.798,52201.736,2,225,498.916,408.788,NA,16.667,0.056,-90,-90
5348,42,60,1217.929,404.293,52501.746,2,255,499.63,408.89,NA,0.714,0.002,-135,-45
5349,42,61,1208.333,404.293,52801.756,2,225,509.226,403.227,NA,9.596,0.032,180,-45
5350,42,62,1202.273,404.293,53101.766,2,124,515.287,399.728,NA,6.061,0.02,180,0
5351,42,63,1202.273,404.293,53401.776,2,255,515.287,399.728,NA,0,0,0,-180
5352,42,64,1196.717,398.737,53701.786,2,186,523.143,401.178,NA,7.857,0.026,-135,-135
5353,42,65,1191.667,394.697,54001.796,2,184,529.611,401.776,NA,6.468,0.022,-141.34,-6.34
5354,42,66,1202.273,394.697,54301.806,2,255,540.217,407.633,NA,10.606,0.035,0,141.34
5355,42,67,1202.778,390.152,54601.816,2,225,544.791,411.684,NA,4.573,0.015,-83.66,-83.66
5356,42,68,1209.848,397.727,54901.826,2,171,555.154,409.455,NA,10.363,0.035,46.975,130.635
5357,42,69,1216.414,395.707,55201.836,2,255,562.023,414.916,NA,6.869,0.023,-17.103,-64.078
5358,42,70,1245.202,406.818,55501.846,2,220,592.881,423.815,NA,30.858,0.103,21.105,38.208
5359,42,71,1245.707,406.818,55801.856,2,176,593.386,424.139,NA,0.505,0.002,0,-21.105
5360,42,72,1251.263,412.374,56101.866,2,195,601.242,423.517,NA,7.857,0.026,45,45
5361,42,73,1268.939,407.828,56401.876,2,170,619.494,438.664,NA,18.252,0.061,-14.421,-59.421
5362,42,74,1281.566,407.828,56701.886,2,229,632.121,447.266,NA,12.626,0.042,0,14.421
5363,42,75,1281.566,398.737,57001.896,2,66,641.211,453.9,NA,9.091,0.03,-90,-90
5364,42,76,1277.02,404.293,57301.906,2,231,648.39,446.735,NA,7.178,0.024,129.289,-140.711
5365,42,77,1282.576,400.758,57601.916,2,172,654.975,453.107,NA,6.585,0.022,-32.471,-161.761
5366,42,78,1295.202,400.758,57901.926,2,255,667.601,461.812,NA,12.626,0.042,0,32.471
5367,42,79,1288.636,400.253,58201.936,2,166,674.186,457.628,NA,6.585,0.022,-175.601,-175.601
5368,42,80,1288.636,405.303,58501.946,2,255,679.236,453.98,NA,5.051,0.017,90,-94.399
5369,42,81,1288.636,394.192,58801.956,2,255,690.348,462.042,NA,11.111,0.037,-90,-180
5370,42,82,1277.02,374.495,59101.966,2,154,713.215,469.035,NA,22.867,0.076,-120.53,-30.53
5371,42,83,1262.374,348.232,59401.976,2,200,743.285,480.405,NA,30.071,0.1,-119.148,1.382
5372,42,84,1256.818,327.02,59701.986,2,230,765.213,494.311,NA,21.928,0.073,-104.676,14.472
5373,42,85,1262.879,307.323,60001.996,2,116,785.821,513.964,NA,20.608,0.069,-72.897,31.779
5374,42,86,1280.051,289.141,60302.006,2,188,810.83,538.673,NA,25.009,0.083,-46.637,26.261
5375,42,87,1295.707,281.566,60602.016,2,215,828.223,553.879,NA,17.393,0.058,-25.821,20.816
5376,42,88,1319.949,261.364,60902.026,2,102,859.78,584.468,NA,31.557,0.105,-39.806,-13.985
5377,42,89,1333.586,230.051,61202.036,2,174,893.933,617.816,NA,34.154,0.114,-66.468,-26.662
5378,42,90,1339.141,218.939,61502.046,2,214,906.356,630.086,NA,12.423,0.041,-63.435,3.033
5379,42,91,1339.141,218.939,61802.056,2,168,906.356,630.086,NA,0,0,0,63.435
5380,42,92,1339.141,218.939,62102.066,2,215,906.356,630.086,NA,0,0,0,0
5381,42,93,1339.141,218.939,62402.076,2,207,906.356,630.086,NA,0,0,0,0
5382,42,94,1339.141,218.939,62702.086,2,154,906.356,630.086,NA,0,0,0,0
5383,42,95,1341.162,209.343,63002.096,2,180,916.162,639.085,NA,9.806,0.033,-78.111,-78.111
5384,42,96,1341.162,203.283,63302.106,2,88,922.223,644.052,NA,6.061,0.02,-90,-11.889
5385,42,97,1351.768,197.727,63602.116,2,184,934.196,654.691,NA,11.973,0.04,-27.646,62.354
5386,42,98,1355.303,189.141,63902.126,2,109,943.481,663.745,NA,9.285,0.031,-67.62,-39.974
5387,42,99,1355.303,189.141,64202.136,2,190,943.481,663.745,NA,0,0,0,67.62
5388,42,100,1355.808,186.111,64502.146,2,150,946.553,666.516,NA,3.072,0.01,-80.538,-80.538
5389,42,101,1355.808,186.111,64802.156,2,91,946.553,666.516,NA,0,0,0,80.538
5390,42,102,1358.333,180.051,65102.165,2,98,953.119,672.93,NA,6.566,0.022,-67.38,-67.38
5391,42,103,1360.354,177.02,65402.175,2,98,956.761,676.571,NA,3.642,0.012,-56.31,11.07
5392,42,104,1362.879,169.949,65702.185,2,207,964.269,683.819,NA,7.508,0.025,-70.346,-14.036
5393,42,105,1363.384,167.929,66002.195,2,142,966.351,685.767,NA,2.082,0.007,-75.964,-5.618
5394,42,106,1363.384,168.434,66302.205,2,122,966.856,685.352,NA,0.505,0.002,90,165.964
5395,42,107,1367.929,164.394,66602.215,2,161,972.938,691.262,NA,6.082,0.02,-41.634,-131.634
5396,42,108,1367.929,164.394,66902.225,2,102,972.938,691.262,NA,0,0,0,41.634
5397,42,109,1367.929,164.394,67202.235,2,176,972.938,691.262,NA,0,0,0,0
5398,42,110,1367.929,164.394,67502.245,2,227,972.938,691.262,NA,0,0,0,0
5399,42,111,1367.929,164.394,67802.255,2,98,972.938,691.262,NA,0,0,0,0
5400,42,112,1359.848,166.414,68102.265,2,110,981.267,685.014,NA,8.33,0.028,165.964,165.964
5401,42,113,1360.859,160.354,68402.275,2,61,987.412,690.593,NA,6.144,0.02,-80.538,113.499
5402,43,1,624.495,646.212,30601.018,2,73,0,0,NA,NA,NA,NA,NA
5403,43,2,622.475,638.131,30901.028,2,102,8.33,8.33,NA,8.33,0.028,-104.036,NA
5404,43,3,622.475,632.071,31201.038,2,151,14.39,14.285,NA,6.061,0.02,-90,14.036
5405,43,4,620.96,632.071,31501.048,2,111,15.905,14.577,NA,1.515,0.005,180,-90
5406,43,5,613.889,632.071,31801.058,2,255,22.976,17.677,NA,7.071,0.024,180,0
5407,43,6,613.889,632.071,32101.068,2,162,22.976,17.677,NA,0,0,0,-180
5408,43,7,617.424,627.02,32401.078,2,111,29.141,20.453,NA,6.165,0.021,-55.008,-55.008
5409,43,8,621.465,627.02,32701.088,2,53,33.181,19.43,NA,4.04,0.013,0,55.008
5410,43,9,628.535,625,33001.098,2,129,40.535,21.593,NA,7.354,0.025,-15.945,-15.945
5411,43,10,628.535,621.97,33301.108,2,126,43.565,24.577,NA,3.03,0.01,-90,-74.055
5412,43,11,628.535,619.949,33601.118,2,199,45.585,26.572,NA,2.02,0.007,-90,0
5413,43,12,634.091,616.414,33901.128,2,111,52.171,31.305,NA,6.585,0.022,-32.471,57.529
5414,43,13,634.091,616.414,34201.138,2,142,52.171,31.305,NA,0,0,0,32.471
5415,43,14,640.152,607.828,34501.148,2,171,62.68,41.454,NA,10.509,0.035,-54.782,-54.782
5416,43,15,641.162,606.313,34801.158,2,170,64.501,43.24,NA,1.821,0.006,-56.31,-1.528
5417,43,16,641.162,605.303,35101.168,2,172,65.511,44.174,NA,1.01,0.003,-90,-33.69
5418,43,17,641.162,596.212,35401.178,2,193,74.602,52.705,NA,9.091,0.03,-90,0
5419,43,18,640.152,574.495,35701.188,2,106,96.343,73.406,NA,21.741,0.072,-92.663,-2.663
5420,43,19,640.152,575.505,36001.198,2,171,97.353,72.42,NA,1.01,0.003,90,-177.337
5421,43,20,640.152,575.505,36301.207,2,148,97.353,72.42,NA,0,0,0,-90
5422,43,21,640.152,575.505,36601.217,2,89,97.353,72.42,NA,0,0,0,0
5423,43,22,643.182,576.515,36901.227,2,212,100.547,72.159,NA,3.194,0.011,18.435,18.435
5424,43,23,643.182,576.01,37201.237,2,175,101.052,72.647,NA,0.505,0.002,-90,-108.435
5425,43,24,645.202,578.535,37501.247,2,182,104.286,70.774,NA,3.234,0.011,51.34,141.34
5426,43,25,645.202,576.01,37801.257,2,128,106.811,73.192,NA,2.525,0.008,-90,-141.34
5427,43,26,646.717,576.01,38101.267,2,157,108.326,73.635,NA,1.515,0.005,0,90
5428,43,27,647.222,574.495,38401.277,2,180,109.923,75.232,NA,1.597,0.005,-71.565,-71.565
5429,43,28,656.818,572.98,38701.287,2,158,119.638,80.049,NA,9.715,0.032,-8.973,62.592
5430,43,29,654.293,572.98,39001.297,2,166,122.163,79.063,NA,2.525,0.008,180,-171.027
5431,43,30,654.293,570.96,39301.307,2,201,124.184,80.937,NA,2.02,0.007,-90,90
5432,43,31,654.293,568.434,39601.317,2,245,126.709,83.29,NA,2.525,0.008,-90,0
5433,43,32,656.313,558.333,39901.327,2,127,137.01,93.462,NA,10.301,0.034,-78.69,11.31
5434,43,33,656.313,558.333,40201.337,2,173,137.01,93.462,NA,0,0,0,78.69
5435,43,34,656.313,558.333,40501.347,2,83,137.01,93.462,NA,0,0,0,0
5436,43,35,658.838,568.434,40801.357,2,130,147.422,85.023,NA,10.412,0.035,75.964,75.964
5437,43,36,661.364,568.434,41101.367,2,146,149.947,86.074,NA,2.525,0.008,0,-75.964
5438,43,37,661.364,568.434,41401.377,2,112,149.947,86.074,NA,0,0,0,0
5439,43,38,649.747,567.929,41701.387,2,147,161.574,82.255,NA,11.627,0.039,-177.51,-177.51
5440,43,39,653.283,567.929,42001.397,2,135,165.11,83.408,NA,3.535,0.012,0,177.51
5441,43,40,661.869,567.929,42301.407,2,163,173.695,86.747,NA,8.586,0.029,0,0
5442,43,41,666.414,569.444,42601.417,2,136,178.487,87.467,NA,4.791,0.016,18.435,18.435
5443,43,42,666.414,569.444,42901.427,2,155,178.487,87.467,NA,0,0,0,-18.435
5444,43,43,666.919,567.929,43201.437,2,142,180.084,89.039,NA,1.597,0.005,-71.565,-71.565
5445,43,44,670.96,567.929,43501.447,2,240,184.124,91.034,NA,4.04,0.013,0,71.565
5446,43,45,670.96,573.485,43801.457,2,228,189.68,86.303,NA,5.556,0.019,90,90
5447,43,46,671.97,573.485,44101.467,2,202,190.69,86.851,NA,1.01,0.003,0,-90
5448,43,47,671.97,573.485,44401.477,2,208,190.69,86.851,NA,0,0,0,0
5449,43,48,671.97,573.485,44701.487,2,131,190.69,86.851,NA,0,0,0,0
5450,43,49,671.97,568.434,45001.497,2,166,195.74,91.122,NA,5.051,0.017,-90,-90
5451,43,50,672.475,562.879,45301.507,2,100,201.319,96.159,NA,5.578,0.019,-84.806,5.194
5452,43,51,678.03,555.808,45601.517,2,60,210.311,105.066,NA,8.992,0.03,-51.843,32.963
5453,43,52,689.646,539.646,45901.527,2,229,230.214,124.904,NA,19.903,0.066,-54.293,-2.451
5454,43,53,689.646,535.606,46201.537,2,138,234.255,128.368,NA,4.04,0.013,-90,-35.707
5455,43,54,695.202,524.495,46501.547,2,189,246.677,140.764,NA,12.423,0.041,-63.435,26.565
5456,43,55,721.465,501.263,46801.557,2,193,281.741,174.395,NA,35.064,0.117,-41.496,21.938
5457,43,56,721.465,494.192,47101.567,2,155,288.812,180.314,NA,7.071,0.024,-90,-48.504
5458,43,57,723.485,481.566,47401.577,2,208,301.598,192.113,NA,12.787,0.043,-80.91,9.09
5459,43,58,723.485,481.566,47701.587,2,163,301.598,192.113,NA,0,0,0,80.91
5460,43,59,726.01,481.566,48001.597,2,230,304.124,193.426,NA,2.525,0.008,0,0
5461,43,60,726.01,481.566,48301.607,2,180,304.124,193.426,NA,0,0,0,0
5462,43,61,726.01,488.131,48601.617,2,255,310.689,187.869,NA,6.566,0.022,90,90
5463,43,62,726.01,488.636,48901.627,2,120,311.194,187.445,NA,0.505,0.002,90,0
5464,43,63,719.444,488.636,49201.637,2,255,317.76,183.972,NA,6.566,0.022,180,90
5465,43,64,714.899,488.636,49501.647,2,158,322.306,181.667,NA,4.545,0.015,180,0
5466,43,65,714.899,490.657,49801.657,2,214,324.326,179.918,NA,2.02,0.007,90,-90
5467,43,66,714.899,490.657,50101.667,2,232,324.326,179.918,NA,0,0,0,-90
5468,43,67,707.323,490.152,50401.677,2,220,331.918,176.679,NA,7.593,0.025,-176.186,-176.186
5469,43,68,705.808,482.576,50701.686,2,255,339.644,182.726,NA,7.726,0.026,-101.31,74.876
5470,43,69,705.808,472.98,51001.696,2,181,349.24,191.367,NA,9.596,0.032,-90,11.31
5471,43,70,712.879,463.889,51301.706,2,215,360.757,202.617,NA,11.517,0.038,-52.125,37.875
5472,43,71,719.949,457.323,51601.716,2,174,370.406,211.638,NA,9.649,0.032,-42.879,9.246
5473,43,72,719.949,457.323,51901.726,2,125,370.406,211.638,NA,0,0,0,42.879
5474,43,73,721.465,451.263,52201.736,2,59,376.653,217.735,NA,6.247,0.021,-75.964,-75.964
5475,43,74,735.101,440.152,52501.746,2,81,394.243,233.869,NA,17.59,0.059,-39.174,36.79
5476,43,75,735.101,440.152,52801.756,2,204,394.243,233.869,NA,0,0,0,39.174
5477,43,76,734.596,438.131,53101.766,2,167,396.325,235.414,NA,2.082,0.007,-104.036,-104.036
5478,43,77,734.596,436.111,53401.776,2,233,398.346,237.202,NA,2.02,0.007,-90,14.036
5479,43,78,739.646,434.596,53701.786,2,128,403.619,240.918,NA,5.273,0.018,-16.699,73.301
5480,43,79,748.232,429.04,54001.796,2,217,413.845,249.949,NA,10.226,0.034,-32.905,-16.206
5481,43,80,748.232,429.04,54301.806,2,134,413.845,249.949,NA,0,0,0,32.905
5482,43,81,748.737,418.434,54601.816,2,255,424.463,259.459,NA,10.618,0.035,-87.274,-87.274
5483,43,82,744.192,418.434,54901.826,2,220,429.009,257.313,NA,4.545,0.015,180,-92.726
5484,43,83,735.606,418.434,55201.836,2,244,437.594,253.433,NA,8.586,0.029,180,0
5485,43,84,729.545,409.848,55501.846,2,185,448.104,258.657,NA,10.509,0.035,-125.218,54.782
5486,43,85,726.894,406.061,55801.856,2,196,452.728,261.071,NA,4.624,0.015,-124.992,0.226
5487,43,86,727.273,400.758,56101.866,2,255,458.044,266.104,NA,5.317,0.018,-85.914,39.078
5488,43,87,721.591,399.242,56401.876,2,255,463.924,265.371,NA,5.88,0.02,-165.069,-79.154
5489,43,88,721.591,399.242,56701.886,2,229,463.924,265.371,NA,0,0,0,165.069
5490,43,89,715.152,398.485,57001.896,2,154,470.408,263.794,NA,6.484,0.022,-173.29,-173.29
5491,43,90,700.758,393.939,57301.906,2,134,485.503,263.548,NA,15.095,0.05,-162.474,10.816
5492,43,91,696.212,387.5,57601.916,2,113,493.385,268.468,NA,7.882,0.026,-125.218,37.257
5493,43,92,686.364,380.303,57901.926,2,210,505.583,273.012,NA,12.198,0.041,-143.842,-18.624
5494,43,93,682.576,378.409,58201.936,2,252,509.818,274.029,NA,4.235,0.014,-153.435,-9.593
5495,43,94,682.576,370.076,58501.946,2,180,518.151,282.178,NA,8.333,0.028,-90,63.435
5496,43,95,678.788,370.076,58801.956,2,148,521.939,281.423,NA,3.788,0.013,180,-90
5497,43,96,678.788,381.439,59101.966,2,255,533.303,270.282,NA,11.364,0.038,90,-90
5498,43,97,674.242,382.955,59401.976,2,131,538.094,267.917,NA,4.791,0.016,161.565,71.565
5499,43,98,674.242,382.955,59701.986,2,241,538.094,267.917,NA,0,0,0,-161.565
5500,43,99,666.667,382.576,60001.996,2,41,545.679,266.988,NA,7.585,0.025,-177.138,-177.138
5501,43,100,661.364,361.364,60302.006,2,215,567.544,287.225,NA,21.865,0.073,-104.036,73.101
5502,43,101,651.136,353.03,60602.016,2,199,580.737,294.39,NA,13.192,0.044,-140.826,-36.79
5503,43,102,646.97,343.182,60902.026,2,159,591.43,303.863,NA,10.694,0.036,-112.932,27.894
5504,43,103,646.97,339.394,61202.036,2,247,595.218,307.64,NA,3.788,0.013,-90,22.932
5505,43,104,647.348,342.045,61502.046,2,214,597.897,305.024,NA,2.678,0.009,81.87,171.87
5506,43,105,642.803,342.045,61802.056,2,187,602.442,304.717,NA,4.545,0.015,180,98.13
5507,43,106,642.803,342.045,62102.066,2,161,602.442,304.717,NA,0,0,0,-180
5508,43,107,642.803,342.045,62402.076,2,217,602.442,304.717,NA,0,0,0,0
5509,43,108,638.258,349.242,62702.086,2,180,610.954,297.288,NA,8.512,0.028,122.276,122.276
5510,43,109,627.273,354.545,63002.096,2,225,623.152,291.68,NA,12.198,0.041,154.231,31.955
5511,43,110,627.273,354.545,63302.106,2,168,623.152,291.68,NA,0,0,0,-154.231
5512,43,111,619.697,355.303,63602.116,2,255,630.766,290.949,NA,7.614,0.025,174.289,174.289
5513,43,112,614.394,358.712,63902.126,2,255,637.07,287.677,NA,6.304,0.021,147.265,-27.025
5514,43,113,608.333,358.712,64202.136,2,238,643.131,287.954,NA,6.061,0.02,180,32.735
5515,43,114,601.515,358.712,64502.146,2,109,649.949,288.417,NA,6.818,0.023,180,0
5516,43,115,561.364,362.5,64802.156,2,200,690.279,290.651,NA,40.33,0.134,174.611,-5.389
5517,43,116,540.909,346.591,65102.165,2,212,716.192,311.062,NA,25.913,0.086,-142.125,43.264
5518,43,117,541.288,342.424,65402.175,2,237,720.375,314.977,NA,4.184,0.014,-84.806,57.319
5519,43,118,541.288,342.424,65702.185,2,162,720.375,314.977,NA,0,0,0,84.806
5520,43,119,551.894,342.424,66002.195,2,139,730.982,312.343,NA,10.606,0.035,0,0
5521,43,120,551.894,340.909,66302.205,2,110,732.497,313.817,NA,1.515,0.005,-90,-90
5522,43,121,533.712,338.258,66602.215,2,141,750.871,321.057,NA,18.374,0.061,-171.703,-81.703
5523,43,122,520.076,329.924,66902.225,2,196,766.852,333.079,NA,15.981,0.053,-148.57,23.132
5524,43,123,520.076,330.682,67202.235,2,177,767.609,332.359,NA,0.758,0.003,90,-121.43
5525,43,124,504.167,320.076,67502.245,2,94,786.73,347.626,NA,19.12,0.064,-146.31,123.69
5526,43,125,501.894,312.879,67802.255,2,243,794.277,355.165,NA,7.547,0.025,-107.526,38.784
5527,43,126,501.894,312.879,68102.265,2,218,794.277,355.165,NA,0,0,0,107.526
5528,43,127,492.424,304.545,68402.275,2,75,806.891,366.304,NA,12.614,0.042,-138.652,-138.652
5529,43,128,489.773,299.621,68702.285,2,90,812.484,371.854,NA,5.593,0.019,-118.301,20.351
5530,43,129,493.939,317.803,69002.295,2,205,831.137,353.408,NA,18.653,0.062,77.093,-164.607
5531,43,130,485.227,318.182,69302.305,2,169,839.858,356.37,NA,8.72,0.029,177.51,100.418
5532,43,131,480.303,312.121,69602.315,2,108,847.667,363.879,NA,7.809,0.026,-129.094,53.396
5533,43,132,477.273,307.197,69902.325,2,255,853.448,369.602,NA,5.782,0.019,-121.608,7.486
5534,43,133,472.475,311.869,70202.335,2,162,860.145,367.281,NA,6.697,0.022,135.764,-102.629
5535,43,134,477.02,311.869,70502.345,2,152,864.691,365.423,NA,4.545,0.015,0,-135.764
5536,43,135,467.424,314.394,70802.355,2,255,874.613,367.116,NA,9.923,0.033,165.256,165.256
5537,43,136,446.212,305.808,71102.365,2,105,897.497,384.265,NA,22.884,0.076,-157.964,36.78
5538,43,137,441.667,300.253,71402.375,2,200,904.675,391.298,NA,7.178,0.024,-129.289,28.674
5539,43,138,432.071,290.152,71702.385,2,217,918.608,404.73,NA,13.932,0.046,-133.531,-4.242
5540,43,140,414.899,270.96,72002.395,2,138,944.36,429.82,NA,25.753,0.086,-131.82,1.711
5541,44,1,567.929,1001.263,17700.589,2,81,0,0,NA,NA,NA,NA,NA
5542,44,2,563.889,1008.333,18000.599,2,113,8.144,8.144,NA,8.144,0.027,119.745,NA
5543,44,3,555.808,1008.333,18300.609,2,59,16.225,14.033,NA,8.081,0.027,180,60.255
5544,44,4,555.303,1008.333,18600.619,2,53,16.73,14.471,NA,0.505,0.002,180,0
5545,44,5,555.303,1008.333,18900.629,2,109,16.73,14.471,NA,0,0,0,-180
5546,44,6,552.778,1012.879,19200.639,2,165,21.929,19.092,NA,5.2,0.017,119.055,119.055
5547,44,7,552.778,1012.879,19500.649,2,144,21.929,19.092,NA,0,0,0,-119.055
5548,44,8,558.838,1013.384,19800.659,2,169,28.011,15.152,NA,6.082,0.02,4.764,4.764
5549,44,9,558.838,1023.99,20100.669,2,157,38.617,24.478,NA,10.606,0.035,90,85.236
5550,44,10,558.838,1023.99,20400.679,2,104,38.617,24.478,NA,0,0,0,-90
5551,44,11,552.273,1018.939,20700.689,2,129,46.9,23.613,NA,8.283,0.028,-142.431,-142.431
5552,44,12,545.707,1013.889,21000.699,2,76,55.184,25.559,NA,8.283,0.028,-142.431,0
5553,44,13,542.677,1013.384,21300.709,2,81,58.256,28.011,NA,3.072,0.01,-170.538,-28.106
5554,44,14,542.172,1013.384,21600.719,2,32,58.761,28.467,NA,0.505,0.002,180,-9.462
5555,44,15,541.667,1015.404,21900.728,2,75,60.843,29.828,NA,2.082,0.007,104.036,-75.964
5556,44,16,541.667,1016.414,22200.738,2,76,61.854,30.32,NA,1.01,0.003,90,-14.036
5557,44,17,541.667,1016.919,22500.748,2,146,62.359,30.575,NA,0.505,0.002,90,0
5558,44,18,541.667,1020.96,22800.758,2,206,66.399,32.828,NA,4.04,0.013,90,0
5559,44,19,553.283,1022.475,23100.768,2,97,78.114,25.777,NA,11.715,0.039,7.431,-82.569
5560,44,20,553.283,1026.515,23400.778,2,132,82.154,29.193,NA,4.04,0.013,90,82.569
5561,44,21,553.283,1036.616,23700.788,2,101,92.255,38.267,NA,10.101,0.034,90,0
5562,44,22,553.283,1036.616,24000.798,2,223,92.255,38.267,NA,0,0,0,-90
5563,44,23,553.283,1036.616,24300.808,2,114,92.255,38.267,NA,0,0,0,0
5564,44,24,553.283,1036.616,24600.818,2,103,92.255,38.267,NA,0,0,0,0
5565,44,25,552.778,1052.778,24900.828,2,221,108.424,53.697,NA,16.17,0.054,91.79,91.79
5566,44,26,548.737,1062.374,25200.838,2,75,118.836,64.054,NA,10.412,0.035,112.834,21.044
5567,44,27,545.202,1068.434,25500.848,2,74,125.853,70.912,NA,7.016,0.023,120.256,7.423
5568,44,28,545.202,1068.434,25800.858,2,121,125.853,70.912,NA,0,0,0,-120.256
5569,44,29,543.182,1078.535,26100.868,2,110,136.154,81.139,NA,10.301,0.034,101.31,101.31
5570,44,30,541.667,1079.04,26400.878,2,89,137.751,82.092,NA,1.597,0.005,161.565,60.255
5571,44,31,540.152,1086.616,26700.888,2,134,145.477,89.76,NA,7.726,0.026,101.31,-60.255
5572,44,32,540.152,1094.697,27000.898,2,119,153.558,97.476,NA,8.081,0.027,90,-11.31
5573,44,33,536.616,1108.838,27300.908,2,154,168.134,112.04,NA,14.577,0.049,104.036,14.036
5574,44,34,536.616,1108.838,27600.918,2,80,168.134,112.04,NA,0,0,0,-104.036
5575,44,35,536.616,1108.838,27900.928,2,242,168.134,112.04,NA,0,0,0,0
5576,44,36,536.616,1108.838,28200.938,2,136,168.134,112.04,NA,0,0,0,0
5577,44,37,536.616,1108.838,28500.948,2,145,168.134,112.04,NA,0,0,0,0
5578,44,38,532.576,1115.404,28800.958,2,97,175.843,119.491,NA,7.709,0.026,121.608,121.608
5579,44,39,532.576,1122.98,29100.968,2,165,183.419,126.748,NA,7.576,0.025,90,-31.608
5580,44,40,532.576,1122.98,29400.978,2,198,183.419,126.748,NA,0,0,0,-90
5581,44,41,526.515,1129.545,29700.988,2,113,192.354,134.802,NA,8.935,0.03,132.709,132.709
5582,44,42,526.515,1129.545,30000.998,2,121,192.354,134.802,NA,0,0,0,-132.709
5583,44,43,526.515,1144.192,30301.008,2,117,207.001,148.808,NA,14.646,0.049,90,90
5584,44,44,526.01,1161.364,30601.018,2,54,224.18,165.498,NA,17.179,0.057,91.685,1.685
5585,44,45,534.596,1158.838,30901.028,2,128,233.13,161.063,NA,8.95,0.03,-16.39,-108.074
5586,44,46,535.101,1158.838,31201.038,2,158,233.635,160.959,NA,0.505,0.002,0,16.39
5587,44,47,535.101,1158.838,31501.048,2,161,233.635,160.959,NA,0,0,0,0
5588,44,48,528.03,1158.838,31801.058,2,145,240.705,162.549,NA,7.071,0.024,180,180
5589,44,49,523.99,1158.838,32101.068,2,100,244.746,163.587,NA,4.04,0.013,180,0
5590,44,50,518.434,1180.051,32401.078,2,135,266.673,185.512,NA,21.928,0.073,104.676,-75.324
5591,44,51,518.434,1180.051,32701.088,2,228,266.673,185.512,NA,0,0,0,-104.676
5592,44,52,519.444,1180.051,33001.098,2,131,267.683,185.245,NA,1.01,0.003,0,0
5593,44,53,519.444,1186.616,33301.108,2,112,274.249,191.59,NA,6.566,0.022,90,90
5594,44,54,519.444,1191.667,33601.118,2,175,279.3,196.48,NA,5.051,0.017,90,0
5595,44,55,519.444,1192.677,33901.128,2,255,280.31,197.459,NA,1.01,0.003,90,0
5596,44,56,514.394,1192.677,34201.138,2,234,285.36,198.76,NA,5.051,0.017,180,90
5597,44,57,514.394,1192.677,34501.148,2,132,285.36,198.76,NA,0,0,0,-180
5598,44,58,514.394,1192.677,34801.158,2,170,285.36,198.76,NA,0,0,0,0
5599,44,59,514.394,1202.778,35101.168,2,75,295.461,208.505,NA,10.101,0.034,90,90
5600,44,60,522.475,1216.414,35401.178,2,213,311.312,219.901,NA,15.851,0.053,59.349,-30.651
5601,44,61,522.475,1216.919,35701.188,2,122,311.817,220.395,NA,0.505,0.002,90,30.651
5602,44,62,522.475,1218.939,36001.198,2,190,313.837,222.372,NA,2.02,0.007,90,0
5603,44,63,522.98,1223.99,36301.207,2,174,318.913,227.218,NA,5.076,0.017,84.289,-5.711
5604,44,64,522.98,1223.99,36601.217,2,85,318.913,227.218,NA,0,0,0,-84.289
5605,44,65,528.03,1233.586,36901.227,2,129,329.757,235.724,NA,10.844,0.036,62.241,62.241
5606,44,66,532.071,1237.121,37201.237,2,195,335.126,238.569,NA,5.369,0.018,41.186,-21.056
5607,44,67,520.455,1237.121,37501.247,2,255,346.742,240.589,NA,11.616,0.039,180,138.814
5608,44,68,517.929,1241.667,37801.257,2,198,351.942,245.549,NA,5.2,0.017,119.055,-60.945
5609,44,69,508.838,1239.141,38101.267,2,228,361.377,245.108,NA,9.435,0.031,-164.476,76.47
5610,44,70,508.838,1231.061,38401.277,2,235,369.458,237.274,NA,8.081,0.027,-90,74.476
5611,44,71,522.475,1231.061,38701.287,2,165,383.094,234.25,NA,13.636,0.045,0,90
5612,44,72,530.556,1230.556,39001.297,2,134,391.19,232.319,NA,8.097,0.027,-3.576,-3.576
5613,44,73,542.172,1230.556,39301.307,2,132,402.807,230.735,NA,11.616,0.039,0,3.576
5614,44,74,542.172,1230.556,39601.317,2,173,402.807,230.735,NA,0,0,0,0
5615,44,75,549.747,1240.657,39901.327,2,162,415.433,240.083,NA,12.626,0.042,53.13,53.13
5616,44,76,557.828,1255.303,40201.337,2,185,432.161,254.241,NA,16.728,0.056,61.113,7.983
5617,44,77,557.828,1255.303,40501.347,2,147,432.161,254.241,NA,0,0,0,-61.113
5618,44,78,553.283,1261.869,40801.357,2,231,440.146,261.017,NA,7.986,0.027,124.695,124.695
5619,44,79,548.737,1278.535,41101.367,2,223,457.422,277.936,NA,17.275,0.058,105.255,-19.44
5620,44,80,550.253,1286.111,41401.377,2,201,465.147,285.396,NA,7.726,0.026,78.69,-26.565
5621,44,81,555.303,1292.172,41701.387,2,255,473.037,291.183,NA,7.889,0.026,50.194,-28.496
5622,44,82,555.303,1298.232,42001.397,2,162,479.097,297.238,NA,6.061,0.02,90,39.806
5623,44,83,555.808,1308.333,42301.407,2,183,489.211,307.31,NA,10.114,0.034,87.138,-2.862
5624,44,84,563.889,1314.899,42601.417,2,161,499.623,313.662,NA,10.412,0.035,39.094,-48.044
5625,44,85,572.98,1317.929,42901.427,2,143,509.205,316.707,NA,9.583,0.032,18.435,-20.659
5626,44,86,573.485,1318.939,43201.437,2,112,510.335,317.725,NA,1.129,0.004,63.435,45
5627,44,87,585.101,1322.98,43501.447,2,77,522.633,322.175,NA,12.299,0.041,19.179,-44.256
5628,44,88,585.101,1322.98,43801.457,2,96,522.633,322.175,NA,0,0,0,-19.179
5629,44,89,588.636,1333.586,44101.467,2,86,533.813,332.968,NA,11.18,0.037,71.565,71.565
5630,44,90,586.616,1339.646,44401.477,2,95,540.202,338.899,NA,6.388,0.021,108.435,36.87
5631,44,91,604.293,1355.303,44701.487,2,128,563.815,355.903,NA,23.613,0.079,41.532,-66.903
5632,44,92,623.485,1373.99,45001.497,2,121,590.602,376.845,NA,26.787,0.089,44.236,2.704
5633,44,93,638.131,1373.99,45301.507,2,255,605.248,379.281,NA,14.646,0.049,0,-44.236
5634,44,94,646.212,1375,45601.517,2,183,613.392,381.848,NA,8.144,0.027,7.125,7.125
5635,44,95,650.379,1396.212,45901.527,2,152,635.009,403.464,NA,21.617,0.072,78.887,71.762
5636,44,96,650.758,1404.545,46201.537,2,111,643.351,411.701,NA,8.342,0.028,87.397,8.51
5637,44,97,650.758,1404.545,46501.547,2,138,643.351,411.701,NA,0,0,0,-87.397
5638,44,98,650.758,1404.545,46801.557,2,69,643.351,411.701,NA,0,0,0,0
5639,44,99,650,1404.545,47101.567,2,129,644.109,411.549,NA,0.758,0.003,180,180
5640,44,100,648.485,1404.545,47401.577,2,242,645.624,411.25,NA,1.515,0.005,180,0
5641,44,101,648.485,1404.545,47701.587,2,169,645.624,411.25,NA,0,0,0,-180
5642,44,102,642.803,1391.288,48001.597,2,107,660.048,397.147,NA,14.424,0.048,-113.199,-113.199
5643,44,103,642.424,1391.288,48301.607,2,226,660.427,397.076,NA,0.379,0.001,180,-66.801
5644,44,104,642.424,1391.288,48601.617,2,85,660.427,397.076,NA,0,0,0,-180
5645,44,105,642.424,1399.621,48901.627,2,161,668.76,405.264,NA,8.333,0.028,90,90
5646,44,106,640.909,1389.773,49201.637,2,224,678.724,395.305,NA,9.964,0.033,-98.746,171.254
5647,44,107,641.667,1387.879,49501.647,2,236,680.764,393.585,NA,2.04,0.007,-68.199,30.548
5648,44,108,641.667,1387.879,49801.657,2,190,680.764,393.585,NA,0,0,0,68.199
5649,44,109,645.455,1384.47,50101.667,2,143,685.86,390.97,NA,5.096,0.017,-41.987,-41.987
5650,44,110,646.212,1383.333,50401.677,2,115,687.226,390.008,NA,1.366,0.005,-56.31,-14.323
5651,44,111,651.136,1392.045,50701.686,2,151,697.234,399.543,NA,10.007,0.033,60.524,116.834
5652,44,112,646.97,1392.045,51001.696,2,183,701.4,398.696,NA,4.167,0.014,180,119.476
5653,44,113,642.045,1392.045,51301.706,2,236,706.324,397.749,NA,4.924,0.016,180,0
5654,44,114,642.045,1395.455,51601.716,2,81,709.734,401.099,NA,3.409,0.011,90,-90
5655,44,115,634.47,1389.394,51901.726,2,132,719.435,393.794,NA,9.702,0.032,-141.34,128.66
5656,44,116,636.364,1380.303,52201.736,2,103,728.721,385.169,NA,9.286,0.031,-78.232,63.108
5657,44,117,636.364,1374.621,52501.746,2,105,734.403,379.579,NA,5.682,0.019,-90,-11.768
5658,44,118,643.939,1374.621,52801.756,2,222,741.979,381.017,NA,7.576,0.025,0,90
5659,44,119,642.045,1381.061,53101.766,2,92,748.691,386.962,NA,6.712,0.022,106.39,106.39
5660,44,120,638.258,1384.47,53401.776,2,63,753.787,389.607,NA,5.096,0.017,138.013,31.623
5661,44,121,628.03,1394.697,53701.786,2,252,768.251,397.998,NA,14.464,0.048,135,-3.013
5662,44,122,628.03,1393.939,54001.796,2,126,769.008,397.25,NA,0.758,0.003,-90,135
5663,44,123,628.03,1388.258,54301.806,2,73,774.69,391.634,NA,5.682,0.019,-90,0
5664,44,124,623.485,1388.258,54601.816,2,181,779.236,390.962,NA,4.545,0.015,180,-90
5665,44,125,623.485,1388.258,54901.826,2,247,779.236,390.962,NA,0,0,0,-180
5666,44,126,632.197,1385.606,55201.836,2,255,788.342,389.68,NA,9.107,0.03,-16.928,-16.928
5667,44,127,635.227,1392.803,55501.846,2,80,796.151,397.282,NA,7.809,0.026,67.166,84.094
5668,44,128,628.03,1398.864,55801.856,2,100,805.56,402.118,NA,9.409,0.031,139.899,72.733
5669,44,129,624.242,1398.864,56101.866,2,142,809.348,401.569,NA,3.788,0.013,180,40.101
5670,44,130,620.076,1408.712,56401.876,2,69,820.041,410.773,NA,10.694,0.036,112.932,-67.068
5671,44,131,617.045,1408.712,56701.886,2,217,823.072,410.399,NA,3.03,0.01,180,67.068
5672,44,132,620.833,1397.348,57001.896,2,147,835.05,399.603,NA,11.978,0.04,-71.565,108.435
5673,44,133,620.833,1388.636,57301.906,2,185,843.762,390.97,NA,8.712,0.029,-90,-18.435
5674,44,134,623.864,1388.636,57601.916,2,233,846.793,391.391,NA,3.03,0.01,0,90
5675,44,135,625.379,1401.894,57901.926,2,235,860.136,404.729,NA,13.344,0.044,83.48,83.48
5676,44,136,620.076,1404.924,58201.936,2,206,866.244,407.016,NA,6.108,0.02,150.255,66.775
5677,44,137,618.939,1408.333,58501.946,2,181,869.838,410.254,NA,3.593,0.012,108.435,-41.82
5678,44,138,610.985,1413.636,58801.956,2,255,879.398,414.615,NA,9.56,0.032,146.31,37.875
5679,44,139,610.985,1413.636,59101.966,2,229,879.398,414.615,NA,0,0,0,-146.31
5680,44,140,603.03,1413.636,59401.976,2,255,887.352,413.865,NA,7.955,0.027,180,180
5681,44,141,603.03,1420.076,59701.986,2,186,893.792,420.281,NA,6.439,0.021,90,-90
5682,44,142,603.03,1423.864,60001.996,2,146,897.58,424.056,NA,3.788,0.013,90,0
5683,44,143,625.758,1423.864,60302.006,2,56,920.307,426.539,NA,22.727,0.076,0,-90
5684,44,144,625.758,1419.318,60602.016,2,203,924.852,422.036,NA,4.545,0.015,-90,-90
5685,44,145,626.515,1419.318,60902.026,2,214,925.61,422.141,NA,0.758,0.003,0,90
5686,44,146,628.788,1417.045,61202.036,2,169,928.824,420.213,NA,3.214,0.011,-45,-45
5687,44,147,628.788,1417.045,61502.046,2,94,928.824,420.213,NA,0,0,0,45
5688,44,148,631.818,1420.833,61802.056,2,116,933.675,424.407,NA,4.851,0.016,51.34,51.34
5689,44,149,631.818,1420.833,62102.066,2,130,933.675,424.407,NA,0,0,0,-51.34
5690,44,150,637.121,1420.833,62402.076,2,74,938.978,425.238,NA,5.303,0.018,0,0
5691,44,151,637.121,1420.833,62702.086,2,163,938.978,425.238,NA,0,0,0,0
5692,44,152,637.121,1425.379,63002.096,2,209,943.523,429.723,NA,4.545,0.015,90,90
5693,44,153,637.121,1427.652,63302.106,2,142,945.796,431.966,NA,2.273,0.008,90,0
5694,44,154,637.121,1420.833,63602.116,2,45,952.614,425.238,NA,6.818,0.023,-90,-180
5695,44,155,637.879,1432.576,63902.126,2,76,964.381,436.948,NA,11.767,0.039,86.309,176.309
5696,44,156,641.288,1432.197,64202.136,2,66,967.811,437.134,NA,3.43,0.011,-6.34,-92.649
5697,44,157,641.288,1440.152,64502.146,2,126,975.766,444.977,NA,7.955,0.027,90,96.34
5698,44,158,641.288,1439.773,64802.156,2,61,976.145,444.604,NA,0.379,0.001,-90,-180
5699,44,159,641.288,1441.667,65102.165,2,91,978.039,446.472,NA,1.894,0.006,90,180
5700,44,160,641.288,1452.652,65402.175,2,93,989.023,457.311,NA,10.985,0.037,90,0
5701,44,161,631.061,1449.242,65702.185,2,5,999.804,452.406,NA,10.78,0.036,-161.565,108.435
5702,44,162,638.636,1449.242,66002.195,2,64,1007.38,453.526,NA,7.576,0.025,0,161.565
5703,44,163,638.636,1449.242,66302.205,2,116,1007.38,453.526,NA,0,0,0,0
5704,44,164,638.636,1452.273,66602.215,2,171,1010.41,456.519,NA,3.03,0.01,90,90
5705,44,165,638.636,1452.273,66902.225,2,153,1010.41,456.519,NA,0,0,0,-90
5706,44,166,638.636,1452.273,67202.235,2,99,1010.41,456.519,NA,0,0,0,0
5707,44,167,638.636,1452.273,67502.245,2,153,1010.41,456.519,NA,0,0,0,0
5708,44,168,645.833,1457.955,67802.255,2,145,1019.579,463.289,NA,9.169,0.031,38.29,38.29
5709,44,169,649.621,1462.5,68102.265,2,90,1025.496,468.416,NA,5.917,0.02,50.194,11.904
5710,44,170,649.621,1462.5,68402.275,2,221,1025.496,468.416,NA,0,0,0,-50.194
5711,44,171,649.242,1465.152,68702.285,2,90,1028.175,470.961,NA,2.678,0.009,98.13,98.13
5712,44,172,645.833,1466.288,69002.295,2,167,1031.768,471.506,NA,3.593,0.012,161.565,63.435
5713,44,173,642.803,1468.182,69302.305,2,140,1035.342,472.884,NA,3.573,0.012,147.995,-13.57
5714,44,174,642.803,1468.182,69602.315,2,146,1035.342,472.884,NA,0,0,0,-147.995
5715,44,175,646.212,1468.939,69902.325,2,90,1038.834,474.183,NA,3.492,0.012,12.529,12.529
5716,44,176,646.212,1479.545,70202.335,2,114,1049.44,484.647,NA,10.606,0.035,90,77.471
5717,44,177,649.242,1480.682,70502.345,2,99,1052.676,486.266,NA,3.236,0.011,20.556,-69.444
5718,44,178,649.242,1480.682,70802.355,2,83,1052.676,486.266,NA,0,0,0,-20.556
5719,45,1,910.227,1052.652,32701.088,2,86,0,0,NA,NA,NA,NA,NA
5720,45,2,910.606,1056.439,33001.098,2,3,3.807,3.807,NA,3.807,0.013,84.289,NA
5721,45,3,936.364,1083.333,33301.108,2,113,41.046,40.305,NA,37.239,0.124,46.236,-38.053
5722,45,4,951.894,1096.591,33601.118,2,154,61.465,60.554,NA,20.419,0.068,40.486,-5.75
5723,45,5,961.742,1093.939,33901.128,2,108,71.664,66.019,NA,10.199,0.034,-15.068,-55.554
5724,45,6,978.409,1091.288,34201.138,2,116,88.541,78.368,NA,16.876,0.056,-9.039,6.029
5725,45,7,978.409,1091.288,34501.148,2,92,88.541,78.368,NA,0,0,0,9.039
5726,45,8,991.667,1091.288,34801.158,2,184,101.798,90.14,NA,13.258,0.044,0,0
5727,45,9,1001.894,1107.955,35101.168,2,196,121.353,107.057,NA,19.554,0.065,58.465,58.465
5728,45,10,1006.818,1120.833,35401.178,2,234,135.141,118.231,NA,13.788,0.046,69.075,10.61
5729,45,11,1010.985,1127.652,35701.188,2,241,143.131,125.607,NA,7.991,0.027,58.57,-10.505
5730,45,12,1012.121,1139.394,36001.198,2,188,154.928,133.816,NA,11.797,0.039,84.472,25.902
5731,45,13,1014.394,1141.667,36301.207,2,113,158.143,137.02,NA,3.214,0.011,45,-39.472
5732,45,14,1027.652,1143.182,36601.217,2,153,171.486,148.271,NA,13.344,0.044,6.52,-38.48
5733,45,15,1023.485,1140.53,36901.227,2,152,176.425,143.353,NA,4.939,0.016,-147.529,-154.049
5734,45,16,1023.485,1140.53,37201.237,2,150,176.425,143.353,NA,0,0,0,147.529
5735,45,17,1023.485,1140.53,37501.247,2,207,176.425,143.353,NA,0,0,0,0
5736,45,18,1020.833,1145.833,37801.257,2,251,182.354,144.626,NA,5.929,0.02,116.565,116.565
5737,45,19,1020.076,1150.379,38101.267,2,223,186.962,147.028,NA,4.608,0.015,99.462,-17.103
5738,45,20,1020.076,1150.379,38401.277,2,210,186.962,147.028,NA,0,0,0,-99.462
5739,45,21,1028.409,1150,38701.287,2,159,195.304,153.113,NA,8.342,0.028,-2.603,-2.603
5740,45,22,1029.545,1150,39001.297,2,178,196.441,153.992,NA,1.136,0.004,0,2.603
5741,45,23,1029.545,1150,39301.307,2,168,196.441,153.992,NA,0,0,0,0
5742,45,24,1029.545,1150,39601.317,2,150,196.441,153.992,NA,0,0,0,0
5743,45,25,1026.894,1157.576,39901.327,2,170,204.467,156.908,NA,8.026,0.027,109.29,109.29
5744,45,26,1021.591,1157.576,40201.337,2,125,209.77,153.006,NA,5.303,0.018,180,70.71
5745,45,27,1030.303,1157.576,40501.347,2,167,218.482,159.459,NA,8.712,0.029,0,-180
5746,45,28,1030.303,1157.576,40801.357,2,137,218.482,159.459,NA,0,0,0,0
5747,45,29,1032.197,1157.576,41101.367,2,217,220.376,160.89,NA,1.894,0.006,0,0
5748,45,30,1032.197,1168.561,41401.377,2,225,231.361,168.26,NA,10.985,0.037,90,90
5749,45,31,1034.091,1175.379,41701.387,2,240,238.437,174.368,NA,7.076,0.024,74.476,-15.524
5750,45,32,1034.091,1175.379,42001.397,2,135,238.437,174.368,NA,0,0,0,-74.476
5751,45,33,1034.091,1189.015,42301.407,2,205,252.074,184.221,NA,13.636,0.045,90,90
5752,45,34,1039.394,1202.273,42601.417,2,228,266.353,197.663,NA,14.279,0.048,68.199,-21.801
5753,45,35,1042.045,1219.697,42901.427,2,180,283.977,212.791,NA,17.625,0.059,81.347,13.149
5754,45,36,1041.667,1235.985,43201.437,2,210,300.27,225.582,NA,16.292,0.054,91.332,9.985
5755,45,37,1041.667,1235.985,43501.447,2,128,300.27,225.582,NA,0,0,0,-91.332
5756,45,38,1064.394,1246.97,43801.457,2,121,325.512,248.046,NA,25.243,0.084,25.796,25.796
5757,45,39,1078.03,1260.606,44101.467,2,223,344.797,267.213,NA,19.285,0.064,45,19.204
5758,45,40,1081.818,1268.939,44401.477,2,255,353.951,276.087,NA,9.154,0.031,65.556,20.556
5759,45,41,1081.818,1280.303,44701.487,2,184,365.315,285.077,NA,11.364,0.038,90,24.444
5760,45,42,1071.212,1278.03,45001.497,2,189,376.161,276.969,NA,10.847,0.036,-167.905,102.095
5761,45,43,1071.212,1274.621,45301.507,2,146,379.57,274.202,NA,3.409,0.011,-90,77.905
5762,45,44,1078.409,1287.5,45601.517,2,68,394.324,288.858,NA,14.753,0.049,60.803,150.803
5763,45,45,1085.606,1292.803,45901.527,2,171,403.264,297.373,NA,8.94,0.03,36.384,-24.418
5764,45,46,1115.53,1309.848,46201.537,2,249,437.702,329.089,NA,34.438,0.115,29.667,-6.718
5765,45,47,1116.288,1317.045,46501.547,2,255,444.939,335.209,NA,7.237,0.024,83.991,54.324
5766,45,48,1116.288,1323.864,46801.557,2,177,451.757,340.613,NA,6.818,0.023,90,6.009
5767,45,49,1116.288,1331.818,47101.567,2,141,459.711,346.98,NA,7.955,0.027,90,0
5768,45,50,1132.576,1330.682,47401.577,2,158,476.039,356.005,NA,16.327,0.054,-3.991,-93.991
5769,45,51,1140.53,1319.318,47701.587,2,147,489.91,352.35,NA,13.871,0.046,-55.008,-51.017
5770,45,52,1140.53,1319.318,48001.597,2,118,489.91,352.35,NA,0,0,0,55.008
5771,45,53,1136.364,1318.939,48301.607,2,131,494.094,349.352,NA,4.184,0.014,-174.806,-174.806
5772,45,54,1136.742,1331.061,48601.617,2,183,506.221,358.916,NA,12.127,0.04,88.21,-96.984
5773,45,55,1153.03,1336.364,48901.627,2,228,523.35,373.425,NA,17.129,0.057,18.034,-70.176
5774,45,56,1164.394,1343.561,49201.637,2,255,536.801,386.301,NA,13.451,0.045,32.347,14.313
5775,45,57,1164.394,1343.561,49501.647,2,201,536.801,386.301,NA,0,0,0,-32.347
5776,45,58,1171.97,1346.591,49801.657,2,164,544.961,393.585,NA,8.159,0.027,21.801,21.801
5777,45,59,1175.379,1349.242,50101.667,2,208,549.28,397.833,NA,4.319,0.014,37.875,16.074
5778,45,60,1175.379,1349.242,50401.677,2,154,549.28,397.833,NA,0,0,0,-37.875
5779,45,61,1181.818,1350,50701.686,2,226,555.763,402.713,NA,6.484,0.022,6.71,6.71
5780,45,62,1182.197,1333.712,51001.696,2,118,572.056,391.104,NA,16.292,0.054,-88.668,-95.378
5781,45,63,1190.53,1325.758,51301.706,2,74,583.576,391.352,NA,11.52,0.038,-43.668,45
5782,45,64,1192.803,1319.697,51601.716,2,187,590.049,388.796,NA,6.473,0.022,-69.444,-25.776
5783,45,65,1194.318,1319.697,51901.726,2,165,591.564,389.899,NA,1.515,0.005,0,69.444
5784,45,66,1194.318,1325,52201.736,2,141,596.867,393.55,NA,5.303,0.018,90,90
5785,45,67,1194.318,1330.682,52501.746,2,76,602.549,397.503,NA,5.682,0.019,90,0
5786,45,68,1194.318,1332.955,52801.756,2,98,604.821,399.096,NA,2.273,0.008,90,0
5787,45,69,1194.318,1332.955,53101.766,2,106,604.821,399.096,NA,0,0,0,-90
5788,46,1,967.677,969.949,35701.188,2,71,0,0,NA,NA,NA,NA,NA
5789,46,2,972.475,978.535,36001.198,2,59,9.836,9.836,NA,9.836,0.033,60.803,NA
5790,46,3,991.162,990.404,36301.207,2,90,31.973,31.144,NA,22.137,0.074,32.421,-28.381
5791,46,4,996.212,1001.515,36601.217,2,122,44.178,42.552,NA,12.205,0.041,65.556,33.135
5792,46,5,1003.409,1001.894,36901.227,2,206,51.385,47.93,NA,7.207,0.024,3.013,-62.543
5793,46,6,1008.712,1014.394,37201.237,2,141,64.963,60.491,NA,13.578,0.045,67.011,63.998
5794,46,7,1017.045,1026.894,37501.247,2,185,79.986,75.365,NA,15.023,0.05,56.31,-10.701
5795,46,8,1025,1032.576,37801.257,2,148,89.762,84.9,NA,9.775,0.033,35.538,-20.772
5796,46,9,1022.348,1037.121,38101.267,2,165,95.024,86.609,NA,5.262,0.018,120.256,84.719
5797,46,10,1022.727,1046.97,38401.277,2,177,104.88,94.671,NA,9.856,0.033,87.797,-32.459
5798,46,11,1028.409,1065.53,38701.287,2,255,124.291,113.244,NA,19.411,0.065,72.979,-14.818
5799,46,12,1038.131,1085.354,39001.297,2,212,146.37,135.211,NA,22.079,0.074,63.875,-9.105
5800,46,13,1041.414,1088.384,39301.307,2,125,150.837,139.513,NA,4.468,0.015,42.709,-21.165
5801,46,14,1044.949,1104.293,39601.317,2,130,167.134,154.981,NA,16.297,0.054,77.471,34.762
5802,46,15,1056.061,1110.859,39901.327,2,137,180.04,166.334,NA,12.906,0.043,30.579,-46.892
5803,46,16,1060.606,1121.591,40201.337,2,240,191.696,177.851,NA,11.655,0.039,67.046,36.467
5804,46,17,1071.591,1122.727,40501.347,2,137,202.739,184.768,NA,11.043,0.037,5.906,-61.14
5805,46,18,1079.924,1127.273,40801.357,2,215,212.232,193.262,NA,9.492,0.032,28.61,22.704
5806,46,19,1093.561,1134.091,41101.367,2,141,227.477,206.855,NA,15.246,0.051,26.565,-2.045
5807,46,20,1098.864,1134.47,41401.377,2,100,232.794,210.421,NA,5.317,0.018,4.086,-22.479
5808,46,21,1110.227,1134.47,41701.387,2,236,244.158,217.687,NA,11.364,0.038,0,-4.086
5809,46,22,1110.227,1134.47,42001.397,2,146,244.158,217.687,NA,0,0,0,0
5810,46,23,1110.227,1134.47,42301.407,2,231,244.158,217.687,NA,0,0,0,0
5811,46,24,1110.227,1134.47,42601.417,2,255,244.158,217.687,NA,0,0,0,0
5812,46,25,1110.227,1136.364,42901.427,2,249,246.052,219.122,NA,1.894,0.006,90,90
5813,46,26,1118.182,1140.152,43201.437,2,255,254.862,227.201,NA,8.81,0.029,25.463,-64.537
5814,46,27,1118.182,1139.773,43501.447,2,255,255.241,226.918,NA,0.379,0.001,-90,-115.463
5815,46,28,1125,1145.076,43801.457,2,183,263.878,235.414,NA,8.638,0.029,37.875,127.875
5816,46,29,1120.076,1150,44101.467,2,170,270.842,235.889,NA,6.964,0.023,135,97.125
5817,46,30,1120.076,1163.636,44401.477,2,255,284.479,246.455,NA,13.636,0.045,90,-45
5818,46,31,1120.076,1163.636,44701.487,2,255,284.479,246.455,NA,0,0,0,-90
5819,46,32,1120.076,1163.636,45001.497,2,200,284.479,246.455,NA,0,0,0,0
5820,46,33,1120.076,1163.636,45301.507,2,171,284.479,246.455,NA,0,0,0,0
5821,46,34,1136.364,1164.394,45601.517,2,212,300.784,257.418,NA,16.305,0.054,2.663,2.663
5822,46,35,1147.727,1166.288,45901.527,2,161,312.305,266.396,NA,11.52,0.038,9.462,6.799
5823,46,36,1160.606,1175.758,46201.537,2,184,328.29,282.097,NA,15.986,0.053,36.327,26.865
5824,46,37,1166.667,1191.288,46501.547,2,164,344.961,297.637,NA,16.671,0.056,68.682,32.355
5825,46,38,1168.561,1191.288,46801.557,2,197,346.855,298.906,NA,1.894,0.006,0,-68.682
5826,46,39,1176.894,1202.652,47101.567,2,182,360.947,312.925,NA,14.092,0.047,53.746,53.746
5827,46,40,1184.47,1202.652,47401.577,2,255,368.523,318.04,NA,7.576,0.025,0,-53.746
5828,46,41,1194.318,1215.53,47701.587,2,194,384.735,334.18,NA,16.213,0.054,52.595,52.595
5829,46,42,1197.348,1225.379,48001.597,2,221,395.04,343.501,NA,10.304,0.034,72.897,20.303
5830,46,43,1203.788,1225.758,48301.607,2,255,401.49,348.118,NA,6.451,0.022,3.366,-69.531
5831,46,44,1206.061,1235.985,48601.617,2,199,411.967,357.214,NA,10.477,0.035,77.471,74.105
5832,46,45,1206.061,1235.985,48901.627,2,178,411.967,357.214,NA,0,0,0,-77.471
5833,46,46,1214.394,1251.136,49201.637,2,230,429.259,374.079,NA,17.292,0.058,61.189,61.189
5834,46,47,1218.182,1254.545,49501.647,2,228,434.355,379.141,NA,5.096,0.017,41.987,-19.202
5835,46,48,1218.182,1254.545,49801.657,2,188,434.355,379.141,NA,0,0,0,-41.987
5836,46,49,1216.288,1257.197,50101.667,2,187,437.613,379.893,NA,3.258,0.011,125.538,125.538
5837,46,50,1224.242,1268.561,50401.677,2,133,451.484,393.693,NA,13.871,0.046,55.008,-70.53
5838,46,51,1224.242,1268.561,50701.686,2,126,451.484,393.693,NA,0,0,0,-55.008
5839,46,52,1230.303,1281.439,51001.696,2,94,465.718,407.429,NA,14.234,0.047,64.799,64.799
5840,46,53,1232.197,1293.939,51301.706,2,68,478.361,418.259,NA,12.643,0.042,81.384,16.585
5841,46,54,1234.848,1309.848,51601.716,2,162,494.489,432.333,NA,16.129,0.054,80.538,-0.847
5842,46,55,1237.5,1316.667,51901.726,2,189,501.805,439.337,NA,7.316,0.024,68.749,-11.788
5843,46,56,1239.394,1321.97,52201.736,2,130,507.436,444.689,NA,5.631,0.019,70.346,1.597
5844,46,57,1225.758,1321.97,52501.746,2,126,521.072,436.49,NA,13.636,0.045,180,109.654
5845,47,1,1025,838.636,34501.148,2,66,0,0,NA,NA,NA,NA,NA
5846,47,2,1036.111,838.131,34801.158,2,135,11.123,11.123,NA,11.123,0.037,-2.603,NA
5847,47,3,1044.697,842.172,35101.168,2,108,20.612,20.012,NA,9.489,0.032,25.201,27.804
5848,47,4,1065.909,842.172,35401.178,2,146,41.824,41.062,NA,21.212,0.071,0,-25.201
5849,47,5,1076.515,842.172,35701.188,2,126,52.43,51.636,NA,10.606,0.035,0,0
5850,47,6,1076.515,843.687,36001.198,2,215,53.945,51.762,NA,1.515,0.005,90,90
5851,47,7,1079.04,832.576,36301.207,2,125,65.339,54.379,NA,11.394,0.038,-77.196,-167.196
5852,47,8,1091.667,832.576,36601.217,2,237,77.966,66.942,NA,12.626,0.042,0,77.196
5853,47,9,1098.864,837.121,36901.227,2,255,86.478,73.879,NA,8.512,0.028,32.276,32.276
5854,47,10,1100.758,837.879,37201.237,2,189,88.518,75.761,NA,2.04,0.007,21.801,-10.474
5855,47,11,1108.333,839.394,37501.247,2,87,96.243,83.337,NA,7.726,0.026,11.31,-10.491
5856,47,12,1117.045,842.424,37801.257,2,106,105.468,92.123,NA,9.224,0.031,19.179,7.869
5857,47,13,1129.167,842.424,38101.267,2,146,117.589,104.236,NA,12.121,0.04,0,-19.179
5858,47,14,1133.712,845.076,38401.277,2,170,122.851,108.903,NA,5.262,0.018,30.256,30.256
5859,47,15,1135.985,847.348,38701.287,2,113,126.065,111.326,NA,3.214,0.011,45,14.744
5860,47,16,1146.212,849.242,39001.297,2,193,136.466,121.675,NA,10.401,0.035,10.491,-34.509
5861,47,17,1154.545,849.242,39301.307,2,128,144.8,129.979,NA,8.333,0.028,0,-10.491
5862,47,18,1173.864,862.879,39601.317,2,97,168.446,150.825,NA,23.646,0.079,35.218,35.218
5863,47,19,1180.303,869.318,39901.327,2,245,177.553,158.305,NA,9.107,0.03,45,9.782
5864,47,20,1191.667,871.591,40201.337,2,131,189.141,169.893,NA,11.589,0.039,11.31,-33.69
5865,47,21,1203.409,882.955,40501.347,2,236,205.482,183.831,NA,16.341,0.054,44.061,32.751
5866,47,22,1205.682,882.576,40801.357,2,239,207.786,185.948,NA,2.304,0.008,-9.462,-53.523
5867,47,23,1210.985,882.197,41101.367,2,160,213.103,191.018,NA,5.317,0.018,-4.086,5.377
5868,47,24,1210.985,883.333,41401.377,2,147,214.239,191.28,NA,1.136,0.004,90,94.086
5869,47,25,1215.53,887.5,41701.387,2,215,220.405,196.696,NA,6.166,0.021,42.51,-47.49
5870,47,26,1222.727,887.5,42001.397,2,255,227.602,203.676,NA,7.197,0.024,0,-42.51
5871,47,27,1231.061,887.5,42301.407,2,153,235.935,211.775,NA,8.333,0.028,0,0
5872,47,28,1242.424,894.697,42601.417,2,164,249.386,224.535,NA,13.451,0.045,32.347,32.347
5873,47,29,1247.727,895.833,42901.427,2,207,254.81,229.954,NA,5.423,0.018,12.095,-20.253
5874,47,30,1253.03,895.833,43201.437,2,255,260.113,235.094,NA,5.303,0.018,0,-12.095
5875,47,31,1259.091,895.833,43501.447,2,225,266.173,240.977,NA,6.061,0.02,0,0
5876,47,32,1267.424,894.697,43801.457,2,253,274.584,248.822,NA,8.41,0.028,-7.765,-7.765
5877,47,33,1276.136,894.697,44101.467,2,227,283.296,257.317,NA,8.712,0.029,0,7.765
5878,47,34,1276.515,894.697,44401.477,2,226,283.675,257.687,NA,0.379,0.001,0,0
5879,47,35,1276.515,903.409,44701.487,2,203,292.387,259.722,NA,8.712,0.029,90,90
5880,47,36,1289.015,903.03,45001.497,2,134,304.893,271.755,NA,12.506,0.042,-1.736,-91.736
5881,47,37,1304.924,901.515,45301.507,2,224,320.874,286.9,NA,15.981,0.053,-5.44,-3.705
5882,47,38,1321.97,904.293,45601.517,2,255,338.144,304.141,NA,17.27,0.058,9.256,14.696
5883,47,39,1355.303,916.414,45901.527,2,255,373.613,339.337,NA,35.469,0.118,19.983,10.727
5884,47,40,1383.081,908.333,46201.537,2,254,402.542,364.801,NA,28.929,0.096,-16.22,-36.203
5885,47,41,1388.636,899.747,46501.547,2,255,412.769,368.736,NA,10.226,0.034,-57.095,-40.875
5886,47,42,1388.636,899.242,46801.557,2,233,413.274,368.652,NA,0.505,0.002,-90,-32.905
5887,47,43,1395.707,899.242,47101.567,2,250,420.344,375.629,NA,7.071,0.024,0,90
5888,47,44,1395.707,899.242,47401.577,2,119,420.344,375.629,NA,0,0,0,0
5889,47,45,1395.707,918.434,47701.587,2,168,439.536,379.198,NA,19.192,0.064,90,90
5890,47,46,1403.788,919.444,48001.597,2,221,447.68,387.312,NA,8.144,0.027,7.125,-82.875
5891,47,47,1412.374,930.556,48301.607,2,255,461.722,398.13,NA,14.042,0.047,52.306,45.181
5892,47,48,1418.434,938.131,48601.617,2,154,471.424,405.82,NA,9.702,0.032,51.34,-0.966
5893,47,49,1431.061,946.212,48901.627,2,163,486.414,420.069,NA,14.991,0.05,32.619,-18.721
5894,47,50,1452.273,939.646,49201.637,2,211,508.619,439.05,NA,22.205,0.074,-17.199,-49.818
5895,47,51,1472.98,940.657,49501.647,2,244,529.351,459.45,NA,20.732,0.069,2.793,19.991
5896,47,52,1484.596,945.202,49801.657,2,140,541.825,471.789,NA,12.474,0.042,21.371,18.578
5897,47,53,1484.596,945.202,50101.667,2,80,541.825,471.789,NA,0,0,0,-21.371
5898,47,54,1484.091,943.687,50401.677,2,16,543.422,470.957,NA,1.597,0.005,-108.435,-108.435
5899,47,55,1477.525,981.566,50701.686,2,248,581.866,474.561,NA,38.444,0.128,99.834,-151.731
5900,47,56,1482.071,1011.364,51001.696,2,216,612.008,488.619,NA,30.143,0.1,81.327,-18.507
5901,47,57,1493.182,1032.576,51301.706,2,123,635.954,506.761,NA,23.946,0.08,62.354,-18.973
5902,47,58,1493.687,1055.303,51601.716,2,177,658.687,516.345,NA,22.733,0.076,88.727,26.373
5903,47,59,1494.192,1059.343,51901.726,2,94,662.759,518.51,NA,4.072,0.014,82.875,-5.852
5904,47,60,1491.667,1102.273,52201.736,2,200,705.762,535.987,NA,43.004,0.143,93.366,10.491
5905,47,61,1491.667,1109.848,52501.746,2,114,713.338,539.753,NA,7.576,0.025,90,-3.366
5906,47,62,1491.667,1109.848,52801.756,2,121,713.338,539.753,NA,0,0,0,-90
5907,47,63,1491.667,1109.848,53101.766,2,86,713.338,539.753,NA,0,0,0,0
5908,47,64,1491.667,1114.899,53401.776,2,212,718.389,542.309,NA,5.051,0.017,90,90
5909,47,65,1491.667,1115.404,53701.786,2,76,718.894,542.566,NA,0.505,0.002,90,0
5910,47,66,1491.667,1115.404,54001.796,2,92,718.894,542.566,NA,0,0,0,-90
5911,47,67,1491.667,1115.404,54301.806,2,94,718.894,542.566,NA,0,0,0,0
5912,47,68,1491.667,1104.798,54601.816,2,229,729.5,537.233,NA,10.606,0.035,-90,-90
5913,47,69,1491.667,1104.798,54901.826,2,223,729.5,537.233,NA,0,0,0,90
5914,48,1,1027.652,881.061,34501.148,2,75,0,0,NA,NA,NA,NA,NA
5915,48,2,1036.742,881.061,34801.158,2,83,9.091,9.091,NA,9.091,0.03,0,NA
5916,48,3,1057.576,881.061,35101.168,2,192,29.924,29.924,NA,20.833,0.069,0,0
5917,48,4,1066.667,890.53,35401.178,2,216,43.051,40.148,NA,13.127,0.044,46.169,46.169
5918,48,5,1075.758,891.288,35701.188,2,145,52.174,49.181,NA,9.122,0.03,4.764,-41.405
5919,48,6,1085.606,895.076,36001.198,2,184,62.726,59.625,NA,10.552,0.035,21.038,16.274
5920,48,7,1112.374,907.828,36301.207,2,255,92.376,88.85,NA,29.65,0.099,25.474,4.436
5921,48,8,1130.556,907.323,36601.217,2,53,110.565,106.202,NA,18.189,0.061,-1.591,-27.065
5922,48,9,1120.96,898.737,36901.227,2,224,123.441,94.968,NA,12.876,0.043,-138.18,-136.589
5923,48,10,1120.96,889.141,37201.237,2,189,133.037,93.657,NA,9.596,0.032,-90,48.18
5924,48,11,1121.465,887.121,37501.247,2,217,135.119,94.009,NA,2.082,0.007,-75.964,14.036
5925,48,12,1139.646,889.646,37801.257,2,10,153.476,112.324,NA,18.356,0.061,7.907,83.871
5926,48,13,1142.677,905.303,38101.267,2,255,169.423,117.552,NA,15.947,0.053,79.046,71.139
5927,48,14,1142.677,905.303,38401.277,2,16,169.423,117.552,NA,0,0,0,-79.046
5928,48,15,1141.667,926.01,38701.287,2,16,190.154,122.556,NA,20.732,0.069,92.793,92.793
5929,48,16,1167.929,941.667,39001.297,2,138,220.73,152.81,NA,30.575,0.102,30.801,-61.991
5930,48,17,1166.919,957.323,39301.307,2,211,236.419,158.781,NA,15.689,0.052,93.691,62.89
5931,48,18,1191.162,951.263,39601.317,2,134,261.407,177.943,NA,24.989,0.083,-14.036,-107.728
5932,48,19,1205.303,948.737,39901.327,2,251,275.773,190.106,NA,14.365,0.048,-10.125,3.912
5933,48,20,1205.682,948.485,40201.337,2,255,276.228,190.37,NA,0.455,0.002,-33.69,-23.565
5934,48,21,1219.318,953.03,40501.347,2,184,290.602,204.733,NA,14.374,0.048,18.435,52.125
5935,48,22,1229.167,962.5,40801.357,2,204,304.264,217.349,NA,13.663,0.046,43.877,25.442
5936,48,23,1237.879,972.348,41101.367,2,205,317.413,229.192,NA,13.149,0.044,48.504,4.627
5937,48,24,1246.212,982.576,41401.377,2,234,330.606,240.986,NA,13.192,0.044,50.826,2.323
5938,48,25,1245.455,982.197,41701.387,2,155,331.453,240.139,NA,0.847,0.003,-153.435,155.739
5939,48,26,1253.409,983.333,42001.397,2,113,339.488,247.843,NA,8.035,0.027,8.13,161.565
5940,48,27,1275,993.561,42301.407,2,255,363.379,271.731,NA,23.891,0.08,25.346,17.216
5941,48,28,1275.379,993.939,42601.417,2,70,363.914,272.232,NA,0.536,0.002,45,19.654
5942,48,29,1281.439,993.182,42901.427,2,221,370.022,277.452,NA,6.108,0.02,-7.125,-52.125
5943,48,30,1281.439,1005.682,43201.437,2,229,382.522,282.734,NA,12.5,0.042,90,97.125
5944,48,31,1303.03,1025,43501.447,2,230,411.494,310.728,NA,28.972,0.097,41.82,-48.18
5945,48,32,1340.53,1042.803,43801.457,2,104,453.005,352.213,NA,41.511,0.138,25.396,-16.424
5946,48,33,1354.167,1042.424,44101.467,2,231,466.647,364.212,NA,13.642,0.045,-1.591,-26.987
5947,48,34,1364.394,1052.652,44401.477,2,238,481.111,377.94,NA,14.464,0.048,45,46.591
5948,48,35,1385.606,1070.455,44701.487,2,219,508.804,404.971,NA,27.693,0.092,40.006,-4.994
5949,48,36,1398.106,1069.318,45001.497,2,203,521.355,415.545,NA,12.552,0.042,-5.194,-45.201
5950,48,37,1407.576,1065.53,45301.507,2,251,531.554,422.341,NA,10.199,0.034,-21.801,-16.607
5951,48,38,1410.985,1062.879,45601.517,2,255,535.873,424.267,NA,4.319,0.014,-37.875,-16.074
5952,48,39,1410.227,1060.606,45901.527,2,246,538.269,422.612,NA,2.396,0.008,-108.435,-70.56
5953,48,40,1410.227,1060.227,46201.537,2,255,538.648,422.451,NA,0.379,0.001,-90,18.435
5954,48,41,1410.227,1059.848,46501.547,2,230,539.026,422.291,NA,0.379,0.001,-90,0
5955,48,42,1410.985,1056.061,46801.557,2,255,542.889,421.39,NA,3.863,0.013,-78.69,11.31
5956,48,43,1419.697,1056.061,47101.567,2,253,551.601,429.33,NA,8.712,0.029,0,78.69
5957,48,44,1425,1057.576,47401.577,2,231,557.117,434.791,NA,5.515,0.018,15.945,15.945
5958,48,45,1425,1064.773,47701.587,2,160,564.314,437.762,NA,7.197,0.024,90,74.055
5959,48,46,1425,1064.773,48001.597,2,255,564.314,437.762,NA,0,0,0,-90
5960,48,47,1418.182,1065.152,48301.607,2,255,571.142,431.745,NA,6.829,0.023,176.82,176.82
5961,48,48,1416.288,1066.667,48601.617,2,255,573.568,430.683,NA,2.425,0.008,141.34,-35.48
5962,48,49,1414.394,1069.697,48901.627,2,221,577.141,430.295,NA,3.573,0.012,122.005,-19.335
5963,48,50,1414.394,1069.697,49201.637,2,216,577.141,430.295,NA,0,0,0,-122.005
5964,48,51,1407.955,1069.697,49501.647,2,255,583.581,424.516,NA,6.439,0.021,180,180
5965,48,52,1406.061,1071.212,49801.657,2,255,586.006,423.499,NA,2.425,0.008,141.34,-38.66
5966,48,53,1401.515,1072.727,50101.667,2,255,590.797,420.131,NA,4.791,0.016,161.565,20.225
5967,48,54,1401.515,1072.727,50401.677,2,255,590.797,420.131,NA,0,0,0,-161.565
5968,48,55,1391.288,1070.076,50701.686,2,179,601.363,409.827,NA,10.565,0.035,-165.466,-165.466
5969,48,56,1393.561,1068.561,51001.696,2,215,604.094,411.152,NA,2.731,0.009,-33.69,131.775
5970,48,57,1398.485,1065.53,51301.706,2,255,609.876,414.182,NA,5.782,0.019,-31.608,2.083
5971,48,58,1399.621,1063.636,51601.716,2,255,612.085,414.361,NA,2.209,0.007,-59.036,-27.429
5972,48,59,1399.621,1063.636,51901.726,2,255,612.085,414.361,NA,0,0,0,59.036
5973,48,60,1399.621,1063.636,52201.736,2,226,612.085,414.361,NA,0,0,0,0
5974,48,61,1401.894,1071.591,52501.746,2,255,620.358,419.951,NA,8.273,0.028,74.055,74.055
5975,48,62,1401.894,1073.485,52801.756,2,255,622.252,420.814,NA,1.894,0.006,90,15.945
5976,48,63,1402.273,1081.061,53101.766,2,255,629.837,424.666,NA,7.585,0.025,87.138,-2.862
5977,48,64,1402.273,1081.061,53401.776,2,255,629.837,424.666,NA,0,0,0,-87.138
5978,48,65,1406.439,1081.061,53701.786,2,227,634.003,428.346,NA,4.167,0.014,0,0
5979,48,66,1408.333,1081.061,54001.796,2,238,635.897,430.022,NA,1.894,0.006,0,0
5980,48,67,1408.333,1081.061,54301.806,2,179,635.897,430.022,NA,0,0,0,0
5981,48,68,1403.788,1073.864,54601.816,2,255,644.41,422.672,NA,8.512,0.028,-122.276,-122.276
5982,48,69,1403.788,1070.455,54901.826,2,255,647.819,421.128,NA,3.409,0.011,-90,32.276
5983,48,70,1405.303,1070.455,55201.836,2,255,649.334,422.482,NA,1.515,0.005,0,90
5984,48,71,1406.818,1070.455,55501.846,2,255,650.849,423.837,NA,1.515,0.005,0,0
5985,48,72,1406.818,1070.455,55801.856,2,255,650.849,423.837,NA,0,0,0,0
5986,48,73,1408.333,1071.97,56101.866,2,255,652.992,425.87,NA,2.143,0.007,45,45
5987,48,74,1404.545,1068.939,56401.876,2,255,657.843,421.126,NA,4.851,0.016,-141.34,173.66
5988,48,75,1404.545,1060.227,56701.886,2,255,666.555,417.313,NA,8.712,0.029,-90,51.34
5989,48,76,1404.545,1064.773,57001.896,2,243,671.1,419.284,NA,4.545,0.015,90,180
5990,48,77,1404.167,1075.379,57301.906,2,227,681.713,423.702,NA,10.613,0.035,92.045,2.045
5991,48,78,1403.409,1075.758,57601.916,2,97,682.56,423.203,NA,0.847,0.003,153.435,61.39
5992,48,79,1408.333,1090.909,57901.926,2,189,698.492,434.69,NA,15.932,0.053,71.996,-81.439
5993,48,80,1413.258,1092.803,58201.936,2,255,703.768,439.917,NA,5.276,0.018,21.038,-50.958
5994,48,81,1415.152,1092.803,58501.946,2,255,705.661,441.578,NA,1.894,0.006,0,-21.038
5995,48,82,1415.909,1102.273,58801.956,2,225,715.161,446.854,NA,9.5,0.032,85.426,85.426
5996,48,83,1417.424,1102.652,59101.966,2,151,716.723,448.358,NA,1.562,0.005,14.036,-71.39
5997,48,84,1417.424,1092.045,59401.976,2,183,727.329,443.213,NA,10.606,0.035,-90,-104.036
5998,48,85,1415.909,1095.455,59701.986,2,220,731.06,443.519,NA,3.731,0.012,113.962,-156.038
5999,48,86,1402.652,1095.455,60001.996,2,182,744.317,431.96,NA,13.258,0.044,180,66.038
6000,48,87,1402.652,1098.864,60302.006,2,255,747.727,433.662,NA,3.409,0.011,90,-90
6001,48,88,1402.652,1098.864,60602.016,2,255,747.727,433.662,NA,0,0,0,-90
6002,48,89,1402.652,1108.712,60902.026,2,250,757.575,438.691,NA,9.848,0.033,90,90
6003,48,90,1402.652,1115.53,61202.036,2,255,764.393,442.268,NA,6.818,0.023,90,0
6004,48,91,1408.333,1121.97,61502.046,2,244,772.981,450.506,NA,8.588,0.029,48.576,-41.424
6005,48,92,1414.773,1134.091,61802.056,2,211,786.706,462.479,NA,13.726,0.046,62.021,13.444
6006,48,93,1421.591,1151.515,62102.066,2,186,805.417,477.843,NA,18.711,0.062,68.629,6.609
6007,48,94,1433.712,1151.515,62402.076,2,126,817.538,487.884,NA,12.121,0.04,0,-68.629
6008,48,95,1446.97,1150.758,62702.086,2,245,830.818,498.562,NA,13.279,0.044,-3.27,-3.27
6009,48,96,1454.924,1157.576,63002.096,2,98,841.294,508.943,NA,10.477,0.035,40.601,43.872
6010,48,97,1457.576,1167.045,63302.106,2,215,851.128,516.355,NA,9.834,0.033,74.358,33.756
6011,48,98,1468.182,1175.758,63602.116,2,36,864.854,530.013,NA,13.726,0.046,39.401,-34.957
6012,48,99,1472.348,1177.652,63902.126,2,177,869.431,534.529,NA,4.577,0.015,24.444,-14.957
6013,48,100,1481.061,1180.682,64202.136,2,148,878.655,543.464,NA,9.224,0.031,19.179,-5.265
6014,48,101,1487.879,1189.773,64502.146,2,72,890.018,554.177,NA,11.364,0.038,53.13,33.951
6015,48,102,1493.561,1204.545,64802.156,2,92,905.846,567.198,NA,15.828,0.053,68.962,15.832
6016,48,103,1507.576,1209.47,65102.165,2,113,920.701,581.532,NA,14.855,0.05,19.359,-49.603
6017,48,104,1517.803,1215.152,65402.175,2,118,932.401,593.182,NA,11.7,0.039,29.055,9.696
6018,48,105,1521.212,1215.152,65702.185,2,179,935.81,596.002,NA,3.409,0.011,0,-29.055
6019,48,106,1523.864,1226.136,66002.195,2,88,947.11,604.404,NA,11.3,0.038,76.43,76.43
6020,48,107,1528.03,1226.515,66302.205,2,102,951.294,608.044,NA,4.184,0.014,5.194,-71.235
6021,48,108,1528.03,1226.515,66602.215,2,90,951.294,608.044,NA,0,0,0,-5.194
6022,48,109,1527.652,1226.515,66902.225,2,118,951.673,607.733,NA,0.379,0.001,180,180
6023,48,110,1525.379,1231.439,67202.235,2,118,957.096,608.685,NA,5.423,0.018,114.775,-65.225
6024,48,111,1525.379,1237.879,67502.245,2,118,963.536,612.415,NA,6.439,0.021,90,-24.775
6025,48,112,1525.379,1237.879,67802.255,2,124,963.536,612.415,NA,0,0,0,-90
6026,48,113,1532.955,1238.636,68102.265,2,193,971.149,619.025,NA,7.614,0.025,5.711,5.711
6027,48,114,1531.439,1240.53,68402.275,2,118,973.575,618.887,NA,2.425,0.008,128.66,122.949
6028,48,115,1531.439,1245.455,68702.285,2,77,978.499,621.76,NA,4.924,0.016,90,-38.66
6029,49,1,822.348,571.591,28200.938,2,75,0,0,NA,NA,NA,NA,NA
6030,49,2,822.348,568.182,28500.948,2,47,3.409,3.409,NA,3.409,0.011,-90,NA
6031,49,3,821.97,565.909,28800.958,2,61,5.713,5.694,NA,2.304,0.008,-99.462,-9.462
6032,49,4,821.97,553.03,29100.968,2,106,18.592,18.564,NA,12.879,0.043,-90,9.462
6033,49,5,814.394,537.879,29400.978,2,138,35.532,34.638,NA,16.94,0.056,-116.565,-26.565
6034,49,6,814.394,537.879,29700.988,2,154,35.532,34.638,NA,0,0,0,116.565
6035,49,7,814.394,535.606,30000.998,2,100,37.805,36.854,NA,2.273,0.008,-90,-90
6036,49,8,814.773,531.439,30301.008,2,255,41.988,40.86,NA,4.184,0.014,-84.806,5.194
6037,49,9,816.667,531.439,30601.018,2,216,43.882,40.552,NA,1.894,0.006,0,84.806
6038,49,10,817.803,527.273,30901.028,2,252,48.201,44.551,NA,4.319,0.014,-74.745,-74.745
6039,49,11,835.227,521.212,31201.038,2,114,66.649,51.999,NA,18.448,0.061,-19.179,55.566
6040,49,12,835.227,521.591,31501.048,2,144,67.028,51.632,NA,0.379,0.001,90,109.179
6041,49,13,839.773,512.879,31801.058,2,204,76.855,61.243,NA,9.827,0.033,-62.447,-152.447
6042,49,14,840.53,506.061,32101.068,2,189,83.715,68.006,NA,6.86,0.023,-83.66,-21.213
6043,49,15,840.53,488.258,32401.078,2,218,101.518,85.294,NA,17.803,0.059,-90,-6.34
6044,49,16,840.53,488.636,32701.088,2,131,101.897,84.924,NA,0.379,0.001,90,180
6045,49,17,835.227,479.545,33001.098,2,13,112.421,92.942,NA,10.525,0.035,-120.256,149.744
6046,49,18,835.227,456.439,33301.108,2,255,135.527,115.869,NA,23.106,0.077,-90,30.256
6047,49,19,850.758,442.424,33601.118,2,200,156.447,132.254,NA,20.919,0.07,-42.064,47.936
6048,49,20,838.636,447.348,33901.128,2,244,169.53,125.306,NA,13.083,0.044,157.891,-160.045
6049,49,21,846.591,439.015,34201.138,2,199,181.05,134.774,NA,11.52,0.038,-46.332,155.777
6050,49,22,856.818,428.788,34501.148,2,255,195.514,146.904,NA,14.464,0.048,-45,1.332
6051,49,23,857.576,426.136,34801.158,2,215,198.271,149.66,NA,2.758,0.009,-74.055,-29.055
6052,49,24,860.985,416.667,35101.168,2,194,208.336,159.669,NA,10.065,0.034,-70.201,3.853
6053,49,25,860.985,417.803,35401.178,2,216,209.472,158.567,NA,1.136,0.004,90,160.201
6054,49,26,867.803,418.182,35701.188,2,207,216.301,160.001,NA,6.829,0.023,3.18,-86.82
6055,49,27,867.424,415.909,36001.198,2,255,218.605,162.076,NA,2.304,0.008,-99.462,-102.642
6056,49,28,865.909,400.758,36301.207,2,237,233.832,176.3,NA,15.227,0.051,-95.711,3.752
6057,49,29,865.909,400.758,36601.217,2,255,233.832,176.3,NA,0,0,0,95.711
6058,49,30,870.076,396.591,36901.227,2,134,239.725,181.392,NA,5.893,0.02,-45,-45
6059,49,31,891.288,368.182,37201.237,2,121,275.18,214.774,NA,35.455,0.118,-53.253,-8.253
6060,49,32,901.894,356.818,37501.247,2,255,290.724,229.03,NA,15.544,0.052,-46.975,6.278
6061,49,33,906.818,349.621,37801.257,2,215,299.444,237.499,NA,8.72,0.029,-55.62,-8.645
6062,49,34,907.576,349.242,38101.267,2,250,300.291,238.123,NA,0.847,0.003,-26.565,29.055
6063,49,35,917.803,351.136,38401.277,2,118,310.692,240.233,NA,10.401,0.035,10.491,37.057
6064,49,36,920.455,348.864,38701.287,2,122,314.184,243.377,NA,3.492,0.012,-40.601,-51.093
6065,49,37,938.636,348.864,39001.297,2,153,332.366,251.257,NA,18.182,0.061,0,40.601
6066,49,38,957.197,340.53,39301.307,2,246,352.712,267.532,NA,20.346,0.068,-24.179,-24.179
6067,49,39,962.879,327.652,39601.317,2,153,366.788,281.523,NA,14.076,0.047,-66.194,-42.015
6068,49,40,969.318,319.697,39901.327,2,237,377.022,291.634,NA,10.234,0.034,-51.009,15.185
6069,49,41,971.591,316.288,40201.337,2,255,381.12,295.724,NA,4.097,0.014,-56.31,-5.301
6070,49,42,978.788,309.848,40501.347,2,56,390.777,304.93,NA,9.657,0.032,-41.82,14.49
6071,49,43,1012.5,301.894,40801.357,2,255,425.415,329.991,NA,34.638,0.115,-13.276,28.544
6072,49,44,1022.727,292.424,41101.367,2,241,439.353,343.636,NA,13.938,0.046,-42.797,-29.521
6073,49,45,1034.091,285.985,41401.377,2,177,452.414,355.536,NA,13.061,0.044,-29.539,13.259
6074,49,46,1045.455,280.303,41701.387,2,216,465.119,366.913,NA,12.705,0.042,-26.565,2.974
6075,49,47,1038.636,280.303,42001.397,2,255,471.937,362.807,NA,6.818,0.023,180,-153.435
6076,49,48,1042.803,276.515,42301.407,2,255,477.568,368.334,NA,5.631,0.019,-42.274,137.726
6077,49,49,1038.636,282.197,42601.417,2,240,484.614,361.288,NA,7.046,0.023,126.254,168.528
6078,49,50,1034.848,281.061,42901.427,2,242,488.569,359.95,NA,3.955,0.013,-163.301,70.445
6079,49,51,1050.379,271.591,43201.437,2,255,506.759,376.826,NA,18.19,0.061,-31.373,131.928
6080,49,52,1050.379,271.97,43501.447,2,219,507.138,376.524,NA,0.379,0.001,90,121.373
6081,49,53,1062.5,283.333,43801.457,2,255,523.752,375.187,NA,16.615,0.055,43.152,-46.848
6082,49,54,1061.364,283.333,44101.467,2,231,524.889,374.461,NA,1.136,0.004,180,136.848
6083,49,55,1054.924,283.333,44401.477,2,194,531.328,370.383,NA,6.439,0.021,180,0
6084,49,56,1054.924,285.985,44701.487,2,255,533.98,368.324,NA,2.652,0.009,90,-90
6085,49,57,1054.924,276.136,45001.497,2,255,543.828,376.012,NA,9.848,0.033,-90,-180
6086,49,58,1054.924,274.242,45301.507,2,232,545.722,377.502,NA,1.894,0.006,-90,0
6087,49,59,1070.076,274.242,45601.517,2,207,560.874,387.021,NA,15.152,0.051,0,90
6088,49,60,1073.864,275,45901.527,2,255,564.737,388.878,NA,3.863,0.013,11.31,11.31
6089,49,61,1073.864,275,46201.537,2,255,564.737,388.878,NA,0,0,0,-11.31
6090,49,62,1073.864,275,46501.547,2,202,564.737,388.878,NA,0,0,0,0
6091,49,63,1073.864,275,46801.557,2,255,564.737,388.878,NA,0,0,0,0
6092,49,64,1073.864,275,47101.567,2,255,564.737,388.878,NA,0,0,0,0
6093,49,65,1073.864,275,47401.577,2,243,564.737,388.878,NA,0,0,0,0
6094,49,66,1068.182,275,47701.587,2,255,570.418,385.227,NA,5.682,0.019,180,180
6095,49,67,1068.182,260.985,48001.597,2,255,584.434,396.119,NA,14.015,0.047,-90,90
6096,49,68,1068.182,246.97,48301.607,2,174,598.449,407.201,NA,14.015,0.047,-90,0
6097,49,69,1068.182,247.348,48601.617,2,174,598.827,406.899,NA,0.379,0.001,90,180
6098,49,70,1075.758,247.348,48901.627,2,255,606.403,411.521,NA,7.576,0.025,0,-90
6099,49,71,1075.758,247.348,49201.637,2,230,606.403,411.521,NA,0,0,0,0
6100,49,72,1079.545,241.667,49501.647,2,255,613.232,418.33,NA,6.829,0.023,-56.31,-56.31
6101,49,73,1083.712,235.227,49801.657,2,255,620.902,425.971,NA,7.67,0.026,-57.095,-0.785
6102,49,74,1083.712,235.227,50101.667,2,255,620.902,425.971,NA,0,0,0,57.095
6103,49,75,1079.545,233.712,50401.677,2,255,625.335,424.632,NA,4.434,0.015,-160.017,-160.017
6104,49,76,1079.545,233.712,50701.686,2,153,625.335,424.632,NA,0,0,0,160.017
6105,49,77,1074.242,233.712,51001.696,2,175,630.638,421.441,NA,5.303,0.018,180,180
6106,49,78,1067.424,231.818,51301.706,2,133,637.715,418.936,NA,7.076,0.024,-164.476,15.524
6107,49,79,1067.424,231.818,51601.716,2,203,637.715,418.936,NA,0,0,0,164.476
6108,49,80,1058.333,230.682,51901.726,2,255,646.876,414.618,NA,9.162,0.031,-172.875,-172.875
6109,49,81,1058.333,228.788,52201.736,2,232,648.77,416.176,NA,1.894,0.006,-90,82.875
6110,49,82,1058.333,228.788,52501.746,2,255,648.77,416.176,NA,0,0,0,90
6111,49,83,1058.333,228.788,52801.756,2,254,648.77,416.176,NA,0,0,0,0
6112,49,84,1070.076,226.894,53101.766,2,248,660.665,424.482,NA,11.894,0.04,-9.162,-9.162
6113,49,85,1077.652,230.303,53401.776,2,195,668.972,426.212,NA,8.307,0.028,24.228,33.39
6114,49,86,1085.985,230.303,53701.786,2,211,677.305,431.256,NA,8.333,0.028,0,-24.228
6115,49,87,1093.561,231.439,54001.796,2,255,684.966,435.039,NA,7.661,0.026,8.531,8.531
6116,49,88,1093.182,231.439,54301.806,2,255,685.345,434.803,NA,0.379,0.001,180,171.469
6117,49,89,1093.561,220.833,54601.816,2,255,695.957,443.381,NA,10.613,0.035,-87.955,92.045
6118,49,90,1101.136,212.5,54901.826,2,255,707.22,454.609,NA,11.262,0.038,-47.726,40.228
6119,49,91,1101.136,203.409,55201.836,2,243,716.311,461.823,NA,9.091,0.03,-90,-42.274
6120,49,92,1101.136,203.409,55501.846,2,242,716.311,461.823,NA,0,0,0,90
6121,49,93,1110.985,191.667,55801.856,2,255,731.636,477.13,NA,15.326,0.051,-50.013,-50.013
6122,49,94,1108.333,180.303,56101.866,2,230,743.305,484.658,NA,11.669,0.039,-103.134,-53.121
6123,49,95,1108.712,161.364,56401.876,2,248,762.248,500.29,NA,18.943,0.063,-88.854,14.28
6124,49,96,1110.985,150.379,56701.886,2,191,773.466,510.618,NA,11.217,0.037,-78.311,10.544
6125,49,97,1118.561,150.379,57001.896,2,241,781.042,514.938,NA,7.576,0.025,0,78.311
6126,49,98,1124.242,150,57301.906,2,220,786.736,518.535,NA,5.694,0.019,-3.814,-3.814
6127,49,99,1124.242,149.242,57601.916,2,255,787.494,519.151,NA,0.758,0.003,-90,-86.186
6128,49,100,1124.242,149.242,57901.926,2,229,787.494,519.151,NA,0,0,0,90
6129,49,101,1124.242,149.242,58201.936,2,255,787.494,519.151,NA,0,0,0,0
6130,49,102,1124.242,149.242,58501.946,2,231,787.494,519.151,NA,0,0,0,0
6131,49,103,1132.197,147.727,58801.956,2,252,795.591,525.039,NA,8.098,0.027,-10.784,-10.784
6132,49,104,1149.621,147.727,59101.966,2,247,813.015,535.507,NA,17.424,0.058,0,10.784
6133,49,105,1149.621,147.727,59401.976,2,235,813.015,535.507,NA,0,0,0,0
6134,49,106,1160.985,147.727,59701.986,2,99,824.379,542.526,NA,11.364,0.038,0,0
6135,49,107,1160.985,147.727,60001.996,2,140,824.379,542.526,NA,0,0,0,0
6136,49,108,1160.985,145.076,60302.006,2,172,827.031,544.601,NA,2.652,0.009,-90,-90
6137,49,109,1165.53,142.045,60602.016,2,213,832.493,549.803,NA,5.463,0.018,-33.69,56.31
6138,49,110,1168.561,141.667,60902.026,2,255,835.547,551.994,NA,3.054,0.01,-7.125,26.565
6139,49,111,1168.561,141.667,61202.036,2,230,835.547,551.994,NA,0,0,0,7.125
6140,49,112,1168.561,141.667,61502.046,2,220,835.547,551.994,NA,0,0,0,0
6141,49,113,1175.758,135.985,61802.056,2,124,844.717,560.937,NA,9.169,0.031,-38.29,-38.29
6142,49,114,1175.758,136.742,62102.066,2,155,845.474,560.349,NA,0.758,0.003,90,128.29
6143,49,115,1197.727,124.621,62402.076,2,179,870.566,583.688,NA,25.092,0.084,-28.887,-118.887
6144,49,116,1223.106,119.697,62702.086,2,84,896.418,603.999,NA,25.852,0.086,-10.981,17.906
6145,49,117,1239.015,112.121,63002.096,2,176,914.039,620.261,NA,17.621,0.059,-25.463,-14.483
6146,49,118,1250.758,109.091,63302.106,2,90,926.166,630.429,NA,12.127,0.04,-14.47,10.993
6147,49,119,1272.348,101.894,63602.116,2,122,948.925,650.473,NA,22.759,0.076,-18.435,-3.965
6148,49,120,1279.167,97.348,63902.126,2,23,957.119,658.475,NA,8.194,0.027,-33.69,-15.255
6149,49,121,1281.439,91.288,64202.136,2,255,963.592,664.421,NA,6.473,0.022,-69.444,-35.754
6150,50,1,943.561,645.076,27600.918,2,86,0,0,NA,NA,NA,NA,NA
6151,50,2,947.727,643.561,27900.928,2,58,4.434,4.434,NA,4.434,0.015,-19.983,NA
6152,50,3,956.818,643.561,28200.938,2,155,13.525,13.344,NA,9.091,0.03,0,19.983
6153,50,4,968.182,643.561,28500.948,2,128,24.888,24.668,NA,11.364,0.038,0,0
6154,50,5,971.591,642.803,28800.958,2,122,28.38,28.122,NA,3.492,0.012,-12.529,-12.529
6155,50,6,971.591,642.803,29100.968,2,106,28.38,28.122,NA,0,0,0,12.529
6156,50,7,972.727,641.288,29400.978,2,69,30.274,29.412,NA,1.894,0.006,-53.13,-53.13
6157,50,8,978.03,635.227,29700.988,2,132,38.327,35.849,NA,8.053,0.027,-48.814,4.316
6158,50,9,985.985,626.515,30000.998,2,153,50.125,46.307,NA,11.797,0.039,-47.603,1.212
6159,50,10,985.985,626.515,30301.008,2,126,50.125,46.307,NA,0,0,0,47.603
6160,50,11,992.424,626.136,30601.018,2,118,56.575,52.406,NA,6.451,0.022,-3.366,-3.366
6161,50,12,992.424,626.136,30901.028,2,100,56.575,52.406,NA,0,0,0,3.366
6162,50,13,1003.03,617.045,31201.038,2,212,70.544,65.745,NA,13.969,0.047,-40.601,-40.601
6163,50,14,1003.03,617.045,31501.048,2,123,70.544,65.745,NA,0,0,0,40.601
6164,50,15,1003.03,612.5,31801.058,2,74,75.09,67.807,NA,4.545,0.015,-90,-90
6165,50,16,1019.318,612.5,32101.068,2,115,91.378,82.464,NA,16.288,0.054,0,90
6166,50,17,1026.515,615.152,32401.078,2,69,99.047,88.187,NA,7.67,0.026,20.225,20.225
6167,50,18,1032.576,615.53,32701.088,2,94,105.12,93.79,NA,6.072,0.02,3.576,-16.649
6168,50,19,1043.561,610.985,33001.098,2,240,117.008,105.651,NA,11.888,0.04,-22.479,-26.056
6169,50,20,1050,604.167,33301.108,2,196,126.386,114.03,NA,9.378,0.031,-46.637,-24.157
6170,50,21,1067.045,594.697,33601.118,2,131,145.886,133.366,NA,19.499,0.065,-29.055,17.582
6171,50,22,1067.045,585.606,33901.128,2,166,154.977,137.059,NA,9.091,0.03,-90,-60.945
6172,50,23,1068.939,583.712,34201.138,2,147,157.655,139.59,NA,2.678,0.009,-45,45
6173,50,24,1075,583.712,34501.148,2,192,163.716,145.058,NA,6.061,0.02,0,45
6174,50,25,1092.045,583.712,34801.158,2,163,180.761,160.665,NA,17.045,0.057,0,0
6175,50,26,1092.045,583.712,35101.168,2,69,180.761,160.665,NA,0,0,0,0
6176,50,27,1092.045,592.045,35401.178,2,113,189.094,157.67,NA,8.333,0.028,90,90
6177,50,28,1092.045,599.242,35701.188,2,91,196.291,155.398,NA,7.197,0.024,90,0
6178,50,29,1102.652,612.5,36001.198,2,141,213.269,162.392,NA,16.978,0.057,51.34,-38.66
6179,50,30,1104.924,626.894,36301.207,2,177,227.842,162.385,NA,14.572,0.049,81.027,29.687
6180,50,31,1112.879,626.894,36601.217,2,195,235.796,170.292,NA,7.955,0.027,0,-81.027
6181,50,32,1117.424,628.03,36901.227,2,171,240.482,174.697,NA,4.685,0.016,14.036,14.036
6182,50,33,1130.303,634.47,37201.237,2,104,254.88,187.043,NA,14.399,0.048,26.565,12.529
6183,50,34,1141.288,641.288,37501.247,2,215,267.809,197.764,NA,12.929,0.043,31.827,5.262
6184,50,35,1155.303,641.667,37801.257,2,255,281.83,211.77,NA,14.02,0.047,1.548,-30.279
6185,50,36,1176.515,648.485,38101.267,2,77,304.111,232.979,NA,22.281,0.074,17.819,16.271
6186,50,37,1181.061,646.591,38401.277,2,128,309.035,237.505,NA,4.924,0.016,-22.62,-40.439
6187,50,38,1181.061,646.591,38701.287,2,196,309.035,237.505,NA,0,0,0,22.62
6188,50,39,1198.864,646.591,39001.297,2,85,326.838,255.308,NA,17.803,0.059,0,0
6189,50,40,1207.576,648.864,39301.307,2,149,335.842,264.042,NA,9.004,0.03,14.621,14.621
6190,50,41,1214.394,648.864,39601.317,2,101,342.66,270.86,NA,6.818,0.023,0,-14.621
6191,50,42,1214.394,630.682,39901.327,2,131,360.842,271.216,NA,18.182,0.061,-90,-90
6192,50,43,1222.727,609.47,40201.337,2,184,383.632,281.428,NA,22.79,0.076,-68.552,21.448
6193,50,44,1225.379,607.576,40501.347,2,239,386.89,284.302,NA,3.258,0.011,-35.538,33.015
6194,50,45,1228.788,596.97,40801.357,2,181,398.031,289.256,NA,11.14,0.037,-72.181,-36.643
6195,50,46,1232.955,593.939,41101.367,2,210,403.183,293.877,NA,5.152,0.017,-36.027,36.154
6196,50,47,1237.5,593.939,41401.377,2,206,407.728,298.354,NA,4.545,0.015,0,36.027
6197,50,48,1248.864,593.939,41701.387,2,203,419.092,309.556,NA,11.364,0.038,0,0
6198,50,49,1257.955,582.576,42001.397,2,91,433.644,320.546,NA,14.553,0.049,-51.34,-51.34
6199,50,50,1276.894,550.758,42301.407,2,108,470.673,346.42,NA,37.028,0.123,-59.237,-7.897
6200,50,51,1298.864,550.758,42601.417,2,176,492.643,367.609,NA,21.97,0.073,0,59.237
6201,50,52,1318.182,550.758,42901.427,2,170,511.961,386.312,NA,19.318,0.064,0,0
6202,50,53,1317.424,550.758,43201.437,2,154,512.718,385.577,NA,0.758,0.003,180,180
6203,50,54,1318.182,544.697,43501.447,2,193,518.826,387.836,NA,6.108,0.02,-82.875,97.125
6204,50,55,1318.182,544.697,43801.457,2,189,518.826,387.836,NA,0,0,0,82.875
6205,50,56,1318.182,544.697,44101.467,2,114,518.826,387.836,NA,0,0,0,0
6206,50,57,1325.758,539.773,44401.477,2,172,527.862,396.438,NA,9.036,0.03,-33.024,-33.024
6207,50,58,1325.758,531.061,44701.487,2,139,536.574,398.841,NA,8.712,0.029,-90,-56.976
6208,50,59,1340.909,509.848,45001.497,2,112,562.641,419.729,NA,26.068,0.087,-54.462,35.538
6209,50,60,1340.909,510.227,45301.507,2,196,563.02,419.607,NA,0.379,0.001,90,144.462
6210,50,61,1340.909,503.409,45601.517,2,126,569.838,421.847,NA,6.818,0.023,-90,-180
6211,50,62,1338.258,484.091,45901.527,2,79,589.338,426.265,NA,19.499,0.065,-97.815,-7.815
6212,50,63,1334.091,468.182,46201.537,2,85,605.783,428.725,NA,16.446,0.055,-104.676,-6.861
6213,50,64,1365.909,446.591,46501.547,2,175,644.235,466.663,NA,38.452,0.128,-34.16,70.517
6214,50,65,1365.909,441.288,46801.557,2,152,649.538,468.943,NA,5.303,0.018,-90,-55.84
6215,50,66,1366.288,441.288,47101.567,2,226,649.917,469.284,NA,0.379,0.001,0,90
6216,50,67,1366.288,441.288,47401.577,2,129,649.917,469.284,NA,0,0,0,0
6217,50,68,1366.288,441.288,47701.587,2,140,649.917,469.284,NA,0,0,0,0
6218,50,69,1366.288,441.288,48001.597,2,196,649.917,469.284,NA,0,0,0,0
6219,50,70,1366.288,441.288,48301.607,2,173,649.917,469.284,NA,0,0,0,0
6220,50,71,1369.318,441.288,48601.617,2,205,652.947,472.016,NA,3.03,0.01,0,0
6221,50,72,1380.303,441.288,48901.627,2,218,663.932,481.948,NA,10.985,0.037,0,0
6222,50,73,1379.924,441.288,49201.637,2,177,664.311,481.604,NA,0.379,0.001,180,180
6223,50,74,1376.515,449.242,49501.647,2,181,672.965,475.185,NA,8.654,0.029,113.199,-66.801
6224,50,75,1386.364,442.045,49801.657,2,237,685.163,487.13,NA,12.198,0.041,-36.158,-149.357
6225,50,76,1392.803,437.121,50101.667,2,250,693.27,495.039,NA,8.106,0.027,-37.405,-1.247
6226,50,77,1398.485,434.848,50401.677,2,242,699.389,501.15,NA,6.12,0.02,-21.801,15.604
6227,50,78,1417.803,424.242,50701.686,2,58,721.427,523.138,NA,22.038,0.073,-28.768,-6.966
6228,50,79,1438.636,423.106,51001.696,2,181,742.292,542.559,NA,20.864,0.07,-3.122,25.646
6229,50,80,1444.318,423.106,51301.706,2,220,747.974,547.749,NA,5.682,0.019,0,3.122
6230,50,81,1449.621,415.53,51601.716,2,156,757.221,555.687,NA,9.247,0.031,-55.008,-55.008
6231,50,82,1452.273,410.985,51901.726,2,255,762.483,559.988,NA,5.262,0.018,-59.744,-4.736
6232,50,83,1455.303,419.318,52201.736,2,60,771.35,559.327,NA,8.867,0.03,70.017,129.76
6233,50,84,1455.303,419.318,52501.746,2,154,771.35,559.327,NA,0,0,0,-70.017
6234,50,85,1454.545,419.318,52801.756,2,76,772.108,558.634,NA,0.758,0.003,180,180
6235,50,86,1455.682,408.712,53101.766,2,185,782.775,564.035,NA,10.667,0.036,-83.884,96.116
6236,50,87,1475.379,403.03,53401.776,2,114,803.275,584.309,NA,20.5,0.068,-16.091,67.794
