Nr,TID,PID,x [micron],y [micron],t [sec],c [idx],I [val],Len [micron],D2S [micron],D2R [micron],D2P [micron],v [micron/sec],α [deg],Δα [deg]
1,1,1,583.081,514.394,13200.419,2,41,0,0,NA,NA,NA,NA,NA
2,1,2,582.071,512.879,13500.428,2,41,1.821,1.821,NA,1.821,0.006,-123.69,NA
3,1,3,582.071,512.879,13800.438,2,39,1.821,1.821,NA,0,0,0,123.69
4,1,4,580.556,510.354,14100.448,2,99,4.766,4.765,NA,2.945,0.01,-120.964,-120.964
5,1,5,580.051,509.848,14400.457,2,61,5.48,5.463,NA,0.714,0.002,-135,-14.036
6,1,6,579.545,506.313,14700.467,2,28,9.051,8.82,NA,3.571,0.012,-98.13,36.87
7,1,7,577.525,503.788,15000.476,2,86,12.285,11.973,NA,3.234,0.011,-128.66,-30.53
8,1,8,577.525,503.283,15300.486,2,45,12.79,12.423,NA,0.505,0.002,-90,38.66
9,1,9,577.525,499.747,15600.495,2,43,16.326,15.665,NA,3.535,0.012,-90,0
10,1,10,577.525,499.747,15900.505,2,63,16.326,15.665,NA,0,0,0,90
11,1,11,574.495,499.747,16200.514,2,61,19.356,16.978,NA,3.03,0.01,180,180
12,1,12,574.495,497.222,16500.524,2,72,21.881,19.199,NA,2.525,0.008,-90,90
13,1,13,570.96,491.667,16800.533,2,92,28.466,25.758,NA,6.585,0.022,-122.471,-32.471
14,1,14,567.929,491.667,17100.543,2,76,31.497,27.315,NA,3.03,0.01,180,-57.529
15,1,15,564.394,491.667,17400.552,2,91,35.032,29.423,NA,3.535,0.012,180,0
16,1,16,564.394,491.667,17700.562,2,69,35.032,29.423,NA,0,0,0,-180
17,1,17,564.394,491.667,18000.571,2,88,35.032,29.423,NA,0,0,0,0
18,1,18,564.394,491.667,18300.581,2,66,35.032,29.423,NA,0,0,0,0
19,1,19,564.394,491.667,18600.59,2,88,35.032,29.423,NA,0,0,0,0
20,1,20,562.879,486.111,18900.6,2,135,40.79,34.757,NA,5.758,0.019,-105.255,-105.255
21,1,21,562.879,486.111,19200.609,2,67,40.79,34.757,NA,0,0,0,105.255
22,1,22,562.879,480.556,19500.619,2,116,46.346,39.41,NA,5.556,0.019,-90,-90
23,1,23,562.879,478.03,19800.628,2,141,48.871,41.599,NA,2.525,0.008,-90,0
24,1,24,562.879,475,20100.638,2,119,51.902,44.272,NA,3.03,0.01,-90,0
25,1,25,562.879,475,20400.647,2,72,51.902,44.272,NA,0,0,0,90
26,1,26,562.374,474.495,20700.657,2,116,52.616,44.952,NA,0.714,0.002,-135,-135
27,1,27,562.374,472.475,21000.667,2,139,54.636,46.755,NA,2.02,0.007,-90,45
28,1,28,562.374,472.98,21300.676,2,199,55.141,46.302,NA,0.505,0.002,90,180
29,1,29,562.374,472.98,21600.686,2,150,55.141,46.302,NA,0,0,0,-90
30,1,30,558.838,472.98,21900.695,2,169,58.676,47.988,NA,3.535,0.012,180,180
31,1,31,556.313,472.98,22200.705,2,255,61.202,49.312,NA,2.525,0.008,180,0
32,1,32,553.788,472.98,22500.714,2,179,63.727,50.727,NA,2.525,0.008,180,0
33,1,33,553.788,468.939,22800.724,2,126,67.767,54.076,NA,4.04,0.013,-90,90
34,1,34,553.788,463.889,23100.733,2,89,72.818,58.385,NA,5.051,0.017,-90,0
35,1,35,565.404,463.889,23400.743,2,165,84.434,53.509,NA,11.616,0.039,0,90
36,1,36,565.909,464.394,23700.752,2,145,85.148,52.867,NA,0.714,0.002,45,45
37,1,37,558.838,463.889,24000.762,2,187,92.237,56.022,NA,7.089,0.024,-175.914,139.086
38,1,38,558.838,456.818,24300.771,2,125,99.308,62.471,NA,7.071,0.024,-90,85.914
39,1,39,558.838,456.818,24600.781,2,139,99.308,62.471,NA,0,0,0,90
40,1,40,558.838,456.818,24900.79,2,157,99.308,62.471,NA,0,0,0,0
41,1,41,552.273,456.818,25200.8,2,81,105.873,65.3,NA,6.566,0.022,180,180
42,1,42,546.212,452.273,25500.809,2,129,113.449,72.238,NA,7.576,0.025,-143.13,36.87
43,1,43,545.707,452.273,25800.819,2,138,113.954,72.497,NA,0.505,0.002,180,-36.87
44,1,44,544.192,452.273,26100.828,2,101,115.469,73.29,NA,1.515,0.005,180,0
45,1,45,543.687,452.273,26400.838,2,47,115.974,73.559,NA,0.505,0.002,180,0
46,1,46,543.687,455.303,26700.847,2,255,119.005,71.018,NA,3.03,0.01,90,-90
47,1,47,543.182,458.333,27000.857,2,144,122.077,68.809,NA,3.072,0.01,99.462,9.462
48,1,48,543.182,458.333,27300.866,2,237,122.077,68.809,NA,0,0,0,-99.462
49,1,49,541.162,461.364,27600.876,2,117,125.719,67.598,NA,3.642,0.012,123.69,123.69
50,1,50,541.162,462.374,27900.885,2,91,126.729,66.808,NA,1.01,0.003,90,-33.69
51,1,51,537.626,462.374,28200.895,2,136,130.264,69.081,NA,3.535,0.012,180,90
52,1,52,537.626,460.859,28500.905,2,161,131.779,70.229,NA,1.515,0.005,-90,90
53,1,53,537.626,454.798,28800.914,2,219,137.84,74.952,NA,6.061,0.02,-90,0
54,1,54,537.626,451.768,29100.924,2,221,140.87,77.383,NA,3.03,0.01,-90,0
55,1,55,537.626,448.737,29400.933,2,138,143.901,79.855,NA,3.03,0.01,-90,0
56,1,56,537.626,448.737,29700.943,2,194,143.901,79.855,NA,0,0,0,90
57,1,57,537.626,448.737,30000.952,2,189,143.901,79.855,NA,0,0,0,0
58,1,58,531.566,443.182,30300.962,2,164,152.122,87.892,NA,8.222,0.027,-137.49,-137.49
59,1,59,531.566,443.182,30600.971,2,239,152.122,87.892,NA,0,0,0,137.49
60,1,60,530.051,443.182,30900.981,2,209,153.637,88.788,NA,1.515,0.005,180,180
61,1,61,530.051,443.182,31200.99,2,209,153.637,88.788,NA,0,0,0,-180
62,1,62,530.051,442.172,31501,2,172,154.647,89.601,NA,1.01,0.003,-90,-90
63,1,63,537.626,442.172,31801.009,2,115,162.223,85.336,NA,7.576,0.025,0,90
64,1,64,538.636,442.172,32101.019,2,147,163.233,84.802,NA,1.01,0.003,0,0
65,1,65,533.081,439.646,32401.028,2,187,169.336,89.929,NA,6.103,0.02,-155.556,-155.556
66,1,66,531.566,437.121,32701.038,2,168,172.281,92.87,NA,2.945,0.01,-120.964,34.592
67,1,67,531.566,429.04,33001.047,2,243,180.362,99.695,NA,8.081,0.027,-90,30.964
68,1,68,531.566,429.04,33301.057,2,170,180.362,99.695,NA,0,0,0,90
69,1,69,527.02,425.505,33601.066,2,125,186.12,105.091,NA,5.758,0.019,-142.125,-142.125
70,1,70,520.455,419.949,33901.076,2,244,194.721,113.322,NA,8.601,0.029,-139.764,2.361
71,1,71,505.808,406.818,34201.085,2,79,214.392,132.452,NA,19.671,0.066,-138.122,1.642
72,1,72,513.384,404.293,34501.095,2,130,222.377,130.307,NA,7.986,0.027,-18.435,119.687
73,1,73,510.859,402.778,34801.104,2,70,225.322,132.944,NA,2.945,0.01,-149.036,-130.601
74,1,74,510.859,406.818,35101.114,2,123,229.363,129.571,NA,4.04,0.013,90,-120.964
75,1,75,510.859,409.848,35401.124,2,222,232.393,127.066,NA,3.03,0.01,90,0
76,1,76,510.859,411.869,35701.133,2,255,234.413,125.409,NA,2.02,0.007,90,0
77,1,77,510.859,411.869,36001.143,2,202,234.413,125.409,NA,0,0,0,-90
78,1,78,510.859,411.869,36301.152,2,188,234.413,125.409,NA,0,0,0,0
79,1,79,510.859,411.869,36601.162,2,255,234.413,125.409,NA,0,0,0,0
80,1,80,510.859,411.869,36901.171,2,124,234.413,125.409,NA,0,0,0,0
81,1,81,516.414,407.323,37201.181,2,177,241.591,126.129,NA,7.178,0.024,-39.289,-39.289
82,1,82,519.949,406.818,37501.19,2,165,245.163,124.732,NA,3.571,0.012,-8.13,31.159
83,1,83,520.455,402.778,37801.2,2,184,249.234,127.985,NA,4.072,0.014,-82.875,-74.745
84,1,84,523.99,397.222,38101.209,2,63,255.819,131.229,NA,6.585,0.022,-57.529,25.346
85,1,85,537.626,397.222,38401.219,2,164,269.456,125.679,NA,13.636,0.045,0,57.529
86,1,86,537.626,397.222,38701.228,2,7,269.456,125.679,NA,0,0,0,0
87,1,87,561.869,392.677,39001.238,2,81,294.121,123.552,NA,24.665,0.082,-10.62,-10.62
88,1,88,561.869,390.152,39301.247,2,81,296.646,126.04,NA,2.525,0.008,-90,-79.38
89,1,89,561.869,389.141,39601.257,2,121,297.656,127.036,NA,1.01,0.003,-90,0
90,1,90,561.869,389.141,39901.266,2,201,297.656,127.036,NA,0,0,0,90
91,1,91,558.333,386.111,40201.276,2,197,302.312,130.648,NA,4.656,0.016,-139.399,-139.399
92,1,92,555.303,382.576,40501.285,2,150,306.969,134.713,NA,4.656,0.016,-130.601,8.797
93,1,93,555.303,382.576,40801.295,2,215,306.969,134.713,NA,0,0,0,130.601
94,1,94,554.293,380.051,41101.304,2,195,309.688,137.393,NA,2.72,0.009,-111.801,-111.801
95,1,95,551.263,379.04,41401.314,2,131,312.883,139.043,NA,3.194,0.011,-161.565,-49.764
96,1,96,548.737,378.03,41701.323,2,143,315.602,140.622,NA,2.72,0.009,-158.199,3.366
97,1,97,548.737,378.03,42001.333,2,122,315.602,140.622,NA,0,0,0,158.199
98,1,98,548.737,377.525,42301.343,2,179,316.107,141.112,NA,0.505,0.002,-90,-90
99,1,99,548.737,377.525,42601.352,2,201,316.107,141.112,NA,0,0,0,90
100,1,100,548.737,377.525,42901.362,2,217,316.107,141.112,NA,0,0,0,0
101,1,101,550.253,373.485,43201.371,2,123,320.423,144.683,NA,4.315,0.014,-69.444,-69.444
102,1,102,550.253,373.485,43501.381,2,94,320.423,144.683,NA,0,0,0,69.444
103,1,103,550.253,373.485,43801.39,2,151,320.423,144.683,NA,0,0,0,0
104,1,104,550.253,373.485,44101.4,2,108,320.423,144.683,NA,0,0,0,0
105,1,105,550.253,373.485,44401.409,2,188,320.423,144.683,NA,0,0,0,0
106,1,106,550.253,373.485,44701.419,2,157,320.423,144.683,NA,0,0,0,0
107,1,107,550.253,373.485,45001.428,2,171,320.423,144.683,NA,0,0,0,0
108,1,108,550.253,373.485,45301.438,2,80,320.423,144.683,NA,0,0,0,0
109,1,109,550.253,370.455,45601.447,2,73,323.453,147.636,NA,3.03,0.01,-90,-90
110,1,110,550.253,370.455,45901.457,2,75,323.453,147.636,NA,0,0,0,90
111,1,111,548.232,375,46201.466,2,112,328.427,143.684,NA,4.974,0.017,113.962,113.962
112,1,112,544.697,375,46501.476,2,140,331.962,144.582,NA,3.535,0.012,180,66.038
113,1,113,541.667,373.485,46801.485,2,189,335.35,146.869,NA,3.388,0.011,-153.435,26.565
114,1,114,541.667,370.455,47101.495,2,65,338.381,149.779,NA,3.03,0.01,-90,63.435
115,1,115,541.667,370.455,47401.504,2,50,338.381,149.779,NA,0,0,0,90
116,1,116,541.667,365.404,47701.514,2,100,343.431,154.639,NA,5.051,0.017,-90,-90
117,1,117,541.162,357.323,48001.523,2,106,351.528,162.568,NA,8.097,0.027,-93.576,-3.576
118,1,118,538.636,354.798,48301.533,2,90,355.099,165.669,NA,3.571,0.012,-135,-41.424
119,1,119,538.131,354.798,48601.542,2,81,355.604,165.805,NA,0.505,0.002,180,-45
120,1,120,535.101,352.273,48901.552,2,107,359.549,169.072,NA,3.945,0.013,-140.194,39.806
121,1,121,531.566,352.273,49201.562,2,106,363.084,170.109,NA,3.535,0.012,180,-39.806
122,1,122,525.505,352.273,49501.571,2,70,369.145,172.041,NA,6.061,0.02,180,0
123,1,123,525.505,352.273,49801.581,2,119,369.145,172.041,NA,0,0,0,-180
124,1,124,525.505,352.273,50101.59,2,148,369.145,172.041,NA,0,0,0,0
125,1,125,525.505,352.273,50401.6,2,89,369.145,172.041,NA,0,0,0,0
126,1,126,516.414,352.273,50701.609,2,131,378.236,175.293,NA,9.091,0.03,180,180
127,1,127,515.404,352.273,51001.619,2,153,379.246,175.68,NA,1.01,0.003,180,0
128,1,128,515.404,347.222,51301.628,2,157,384.296,180.351,NA,5.051,0.017,-90,90
129,1,129,501.768,344.192,51601.638,2,157,398.265,188.628,NA,13.969,0.047,-167.471,-77.471
130,1,130,496.717,343.182,51901.647,2,134,403.416,191.761,NA,5.151,0.017,-168.69,-1.219
131,1,131,496.212,343.182,52201.657,2,37,403.921,191.989,NA,0.505,0.002,180,-11.31
132,1,132,478.03,343.182,52501.666,2,163,422.103,200.871,NA,18.182,0.061,180,0
133,1,133,477.525,343.182,52801.676,2,79,422.608,201.136,NA,0.505,0.002,180,0
134,1,134,464.899,343.182,53101.685,2,89,435.234,208.04,NA,12.626,0.042,180,0
135,1,135,464.899,343.182,53401.695,2,142,435.234,208.04,NA,0,0,0,-180
136,1,136,464.899,351.768,53701.704,2,73,443.82,201.033,NA,8.586,0.029,90,90
137,1,137,464.899,356.818,54001.714,2,151,448.87,196.97,NA,5.051,0.017,90,0
138,1,138,464.899,356.818,54301.723,2,132,448.87,196.97,NA,0,0,0,-90
139,1,139,464.394,360.354,54601.733,2,158,452.442,194.461,NA,3.571,0.012,98.13,98.13
140,1,140,464.394,377.02,54901.742,2,85,469.108,181.544,NA,16.667,0.056,90,-8.13
141,1,141,470.455,382.071,55201.752,2,57,476.997,173.765,NA,7.889,0.026,39.806,-50.194
142,1,142,477.525,385.606,55501.761,2,67,484.903,166.518,NA,7.905,0.026,26.565,-13.241
143,1,143,489.646,385.606,55801.771,2,129,497.024,159.111,NA,12.121,0.04,0,-26.565
144,1,144,508.838,385.606,56101.781,2,25,516.216,148.655,NA,19.192,0.064,0,0
145,1,145,523.99,387.626,56401.79,2,82,531.501,139.863,NA,15.286,0.051,7.595,7.595
146,1,146,530.051,384.596,56701.8,2,128,538.277,140.213,NA,6.776,0.023,-26.565,-34.16
147,1,147,530.051,384.596,57001.809,2,97,538.277,140.213,NA,0,0,0,26.565
148,1,148,536.111,384.596,57301.819,2,97,544.338,138.035,NA,6.061,0.02,0,0
149,1,149,536.111,384.596,57601.828,2,63,544.338,138.035,NA,0,0,0,0
150,1,150,547.222,378.03,57901.838,2,135,557.244,141,NA,12.906,0.043,-30.579,-30.579
151,1,151,559.343,378.03,58201.847,2,104,569.365,138.414,NA,12.121,0.04,0,30.579
152,1,152,559.343,378.03,58501.857,2,118,569.365,138.414,NA,0,0,0,0
153,1,153,571.465,378.03,58801.866,2,140,581.486,136.858,NA,12.121,0.04,0,0
154,1,154,578.535,383.586,59101.876,2,156,590.478,130.887,NA,8.992,0.03,38.157,38.157
155,1,155,578.535,383.586,59401.885,2,154,590.478,130.887,NA,0,0,0,-38.157
156,1,156,585.101,384.596,59701.895,2,148,597.121,129.814,NA,6.643,0.022,8.746,8.746
157,1,157,591.162,387.121,60001.904,2,119,603.687,127.529,NA,6.566,0.022,22.62,13.874
158,1,158,597.727,388.636,60301.914,2,98,610.425,126.608,NA,6.738,0.022,12.995,-9.625
159,1,159,597.727,388.636,60601.923,2,49,610.425,126.608,NA,0,0,0,-12.995
160,1,160,608.333,396.717,60901.933,2,62,623.759,120.356,NA,13.334,0.044,37.304,37.304
161,1,161,608.333,403.283,61201.942,2,34,630.325,113.945,NA,6.566,0.022,90,52.696
162,1,162,615.404,404.293,61501.952,2,92,637.467,114.748,NA,7.142,0.024,8.13,-81.87
163,1,163,615.404,404.293,61801.961,2,163,637.467,114.748,NA,0,0,0,-8.13
164,1,164,615.909,406.313,62101.971,2,188,639.55,112.956,NA,2.082,0.007,75.964,75.964
165,1,165,615.909,415.404,62401.98,2,109,648.64,104.291,NA,9.091,0.03,90,14.036
166,1,166,616.414,415.404,62701.99,2,220,649.145,104.451,NA,0.505,0.002,0,-90
167,1,167,616.414,415.404,63002,2,230,649.145,104.451,NA,0,0,0,0
168,1,168,616.414,415.404,63302.009,2,211,649.145,104.451,NA,0,0,0,0
169,1,169,616.414,415.404,63602.019,2,176,649.145,104.451,NA,0,0,0,0
170,1,170,612.374,415.404,63902.028,2,33,653.186,103.233,NA,4.04,0.013,180,180
171,1,171,610.859,423.99,64202.038,2,106,661.904,94.575,NA,8.719,0.029,100.008,-79.992
172,1,172,610.859,423.99,64502.047,2,71,661.904,94.575,NA,0,0,0,-100.008
173,1,173,604.798,421.97,64802.057,2,112,668.293,94.941,NA,6.388,0.021,-161.565,-161.565
174,1,174,604.293,421.97,65102.066,2,199,668.798,94.827,NA,0.505,0.002,180,-18.435
175,1,175,599.242,419.444,65402.076,2,119,674.445,96.315,NA,5.647,0.019,-153.435,26.565
176,1,176,599.242,419.444,65702.085,2,114,674.445,96.315,NA,0,0,0,153.435
177,1,177,599.242,432.071,66002.095,2,63,687.071,83.895,NA,12.626,0.042,90,90
178,1,178,599.242,431.566,66302.104,2,69,687.576,84.39,NA,0.505,0.002,-90,-180
179,1,179,593.182,423.485,66602.114,2,137,697.677,91.469,NA,10.101,0.034,-126.87,-36.87
180,1,180,590.152,420.455,66902.123,2,161,701.962,94.205,NA,4.285,0.014,-135,-8.13
181,1,181,590.152,420.455,67202.133,2,85,701.962,94.205,NA,0,0,0,135
182,1,182,585.606,422.475,67502.142,2,74,706.937,91.954,NA,4.974,0.017,156.038,156.038
183,1,183,585.101,428.03,67802.152,2,175,712.515,86.387,NA,5.578,0.019,95.194,-60.843
184,1,184,575,430.051,68102.161,2,204,722.816,84.73,NA,10.301,0.034,168.69,73.496
185,1,185,575,430.051,68402.171,2,20,722.816,84.73,NA,0,0,0,-168.69
186,1,186,569.949,438.636,68702.18,2,69,732.777,76.887,NA,9.961,0.033,120.466,120.466
187,1,187,562.879,441.162,69002.19,2,4,740.285,75.968,NA,7.508,0.025,160.346,39.881
188,1,188,564.899,455.303,69302.199,2,109,754.57,61.825,NA,14.285,0.048,81.87,-78.476
189,1,189,576.515,466.919,69602.209,2,147,770.998,47.927,NA,16.428,0.055,45,-36.87
190,1,190,577.02,471.465,69902.219,2,108,775.571,43.355,NA,4.573,0.015,83.66,38.66
191,1,191,577.02,476.515,70202.228,2,96,780.622,38.361,NA,5.051,0.017,90,6.34
192,1,192,579.04,489.646,70502.238,2,123,793.908,25.075,NA,13.286,0.044,81.254,-8.746
193,1,193,579.04,496.717,70802.247,2,226,800.978,18.133,NA,7.071,0.024,90,8.746
194,1,194,579.04,506.818,71102.257,2,160,811.079,8.586,NA,10.101,0.034,90,0
195,1,195,568.939,506.818,71402.266,2,135,821.18,16.043,NA,10.101,0.034,180,90
196,1,196,562.374,500.253,71702.276,2,134,830.466,25.075,NA,9.285,0.031,-135,45
197,1,198,555.303,498.232,72002.285,2,130,837.819,32.137,NA,7.354,0.025,-164.055,-29.055
198,2,1,626.894,478.788,23400.743,2,11,0,0,NA,NA,NA,NA,NA
199,2,2,626.515,479.167,23700.752,2,20,0.536,0.536,NA,0.536,0.002,135,NA
200,2,3,626.515,479.167,24000.762,2,29,0.536,0.536,NA,0,0,0,-135
201,2,4,626.515,481.439,24300.771,2,33,2.808,2.678,NA,2.273,0.008,90,90
202,2,5,626.515,481.439,24600.781,2,17,2.808,2.678,NA,0,0,0,-90
203,2,6,623.485,481.439,24900.79,2,18,5.839,4.319,NA,3.03,0.01,180,180
204,2,7,618.939,481.439,25200.8,2,131,10.384,8.385,NA,4.545,0.015,180,0
205,2,8,618.939,481.439,25500.809,2,83,10.384,8.385,NA,0,0,0,-180
206,2,9,618.939,483.712,25800.819,2,50,12.657,9.355,NA,2.273,0.008,90,90
207,2,10,618.939,483.712,26100.828,2,65,12.657,9.355,NA,0,0,0,-90
208,2,11,618.939,482.955,26400.838,2,49,13.414,8.98,NA,0.758,0.003,-90,-90
209,2,12,618.182,478.409,26700.847,2,51,18.023,8.72,NA,4.608,0.015,-99.462,-9.462
210,2,13,618.182,478.409,27000.857,2,69,18.023,8.72,NA,0,0,0,99.462
211,2,14,618.182,478.409,27300.866,2,84,18.023,8.72,NA,0,0,0,0
212,2,15,618.182,478.409,27600.876,2,89,18.023,8.72,NA,0,0,0,0
213,2,16,617.045,476.894,27900.885,2,196,19.917,10.029,NA,1.894,0.006,-126.87,-126.87
214,2,17,614.015,476.894,28200.895,2,127,22.947,13.017,NA,3.03,0.01,180,-53.13
215,2,18,614.015,476.136,28500.905,2,214,23.704,13.149,NA,0.758,0.003,-90,90
216,2,19,616.288,476.136,28800.914,2,212,25.977,10.932,NA,2.273,0.008,0,90
217,2,20,616.288,476.136,29100.924,2,182,25.977,10.932,NA,0,0,0,0
218,2,21,616.288,473.485,29400.933,2,177,28.629,11.858,NA,2.652,0.009,-90,-90
219,2,22,616.288,473.485,29700.943,2,194,28.629,11.858,NA,0,0,0,90
220,2,23,616.288,473.485,30000.952,2,72,28.629,11.858,NA,0,0,0,0
221,2,24,619.318,484.47,30300.962,2,56,40.024,9.47,NA,11.395,0.038,74.578,74.578
222,2,25,619.318,484.47,30600.971,2,137,40.024,9.47,NA,0,0,0,-74.578
223,2,26,615.152,484.47,30900.981,2,170,44.191,13.045,NA,4.167,0.014,180,180
224,2,27,614.773,484.47,31200.99,2,155,44.569,13.387,NA,0.379,0.001,180,0
225,2,28,612.879,481.818,31501,2,147,47.828,14.339,NA,3.258,0.011,-125.538,54.462
226,2,29,612.879,481.818,31801.009,2,187,47.828,14.339,NA,0,0,0,125.538
227,2,30,610.606,476.136,32101.019,2,211,53.947,16.502,NA,6.12,0.02,-111.801,-111.801
228,2,31,607.955,473.485,32401.028,2,193,57.697,19.668,NA,3.75,0.012,-135,-23.199
229,2,32,607.955,468.939,32701.038,2,255,62.243,21.347,NA,4.545,0.015,-90,45
230,2,33,606.818,468.939,33001.047,2,241,63.379,22.361,NA,1.136,0.004,180,-90
231,2,34,602.652,468.939,33301.057,2,179,67.546,26.167,NA,4.167,0.014,180,0
232,2,35,600.758,468.939,33601.066,2,255,69.439,27.93,NA,1.894,0.006,180,0
233,2,36,600.758,468.939,33901.076,2,255,69.439,27.93,NA,0,0,0,-180
234,2,37,600.379,469.318,34201.085,2,255,69.975,28.155,NA,0.536,0.002,135,135
235,2,38,598.864,469.318,34501.095,2,255,71.49,29.587,NA,1.515,0.005,180,45
236,2,39,595.455,469.318,34801.104,2,255,74.899,32.835,NA,3.409,0.011,180,0
237,2,40,595.455,468.939,35101.114,2,243,75.278,32.946,NA,0.379,0.001,-90,90
238,2,41,598.864,465.152,35401.124,2,233,80.374,31.171,NA,5.096,0.017,-48.013,41.987
239,2,42,598.485,465.152,35701.133,2,239,80.753,31.512,NA,0.379,0.001,180,-131.987
240,2,43,598.485,464.773,36001.143,2,255,81.132,31.678,NA,0.379,0.001,-90,90
241,2,44,598.485,464.773,36301.152,2,211,81.132,31.678,NA,0,0,0,90
242,2,45,601.515,464.773,36601.162,2,255,84.162,28.992,NA,3.03,0.01,0,0
243,2,46,601.515,464.394,36901.171,2,255,84.541,29.177,NA,0.379,0.001,-90,-90
244,2,47,601.515,459.47,37201.181,2,206,89.465,31.895,NA,4.924,0.016,-90,0
245,2,48,601.515,455.303,37501.19,2,73,93.632,34.578,NA,4.167,0.014,-90,0
246,2,49,600.758,440.152,37801.2,2,79,108.802,46.646,NA,15.17,0.051,-92.862,-2.862
247,2,50,600.758,440.152,38101.209,2,49,108.802,46.646,NA,0,0,0,92.862
248,2,51,596.591,432.197,38401.219,2,96,117.782,55.579,NA,8.98,0.03,-117.646,-117.646
249,2,52,592.803,416.288,38701.228,2,254,134.136,71.193,NA,16.354,0.055,-103.392,14.253
250,2,53,592.803,416.288,39001.238,2,255,134.136,71.193,NA,0,0,0,103.392
251,2,54,595.833,418.561,39301.247,2,255,137.924,67.765,NA,3.788,0.013,36.87,36.87
252,2,55,597.348,421.591,39601.257,2,250,141.312,64.377,NA,3.388,0.011,63.435,26.565
253,2,56,597.348,421.591,39901.266,2,198,141.312,64.377,NA,0,0,0,-63.435
254,2,57,592.424,425.379,40201.276,2,219,147.524,63.566,NA,6.213,0.021,142.431,142.431
255,2,58,588.258,425.379,40501.285,2,233,151.691,65.919,NA,4.167,0.014,180,37.569
256,2,59,575.379,421.591,40801.295,2,255,165.115,76.976,NA,13.424,0.045,-163.61,16.39
257,2,60,564.394,420.833,41101.304,2,82,176.126,85.235,NA,11.011,0.037,-176.055,-12.444
258,2,61,560.985,418.939,41401.314,2,165,180.026,89.027,NA,3.9,0.013,-150.945,25.109
259,2,62,560.985,418.939,41701.323,2,237,180.026,89.027,NA,0,0,0,150.945
260,2,63,548.485,414.394,42001.333,2,141,193.327,101.462,NA,13.301,0.044,-160.017,-160.017
261,2,64,529.545,414.773,42301.343,2,147,212.27,116.51,NA,18.943,0.063,178.854,-21.129
262,2,65,513.258,421.591,42601.352,2,122,229.927,127.219,NA,17.657,0.059,157.286,-21.569
263,2,66,488.636,427.273,42901.362,2,149,255.196,147.543,NA,25.268,0.084,167.005,9.72
264,2,67,485.227,434.091,43201.371,2,142,262.819,148.551,NA,7.623,0.025,116.565,-50.44
265,2,68,478.788,429.545,43501.381,2,220,270.701,156.078,NA,7.882,0.026,-144.782,98.653
266,2,69,475,412.879,43801.39,2,75,287.792,165.577,NA,17.092,0.057,-102.804,41.978
267,2,70,458.333,403.03,44101.4,2,88,307.151,184.802,NA,19.359,0.065,-149.421,-46.617
268,2,71,450.379,385.227,44401.409,2,124,326.651,199.778,NA,19.499,0.065,-114.075,35.345
269,2,72,447.348,375.758,44701.419,2,255,336.593,207.007,NA,9.943,0.033,-107.745,6.331
270,2,73,447.727,369.697,45001.428,2,255,342.666,209.765,NA,6.072,0.02,-86.424,21.321
271,2,74,454.545,370.076,45301.438,2,209,349.495,203.77,NA,6.829,0.023,3.18,89.603
272,2,75,448.864,368.561,45601.447,2,255,355.375,209.392,NA,5.88,0.02,-165.069,-168.248
273,2,76,434.848,369.318,45901.457,2,184,369.411,221.054,NA,14.036,0.047,176.906,-18.025
274,2,77,434.47,377.273,46201.466,2,189,377.374,217.56,NA,7.964,0.027,92.726,-84.18
275,2,78,431.818,364.773,46501.476,2,246,390.152,225.951,NA,12.778,0.043,-101.976,165.298
276,2,79,433.712,359.47,46801.485,2,235,395.783,227.06,NA,5.631,0.019,-70.346,31.63
277,2,80,436.742,359.091,47101.495,2,255,398.837,224.689,NA,3.054,0.01,-7.125,63.221
278,2,81,434.848,356.439,47401.504,2,255,402.096,227.707,NA,3.258,0.011,-125.538,-118.413
279,2,82,434.47,356.818,47701.514,2,255,402.631,227.824,NA,0.536,0.002,135,-99.462
280,2,83,406.439,339.015,48001.523,2,255,435.837,261.03,NA,33.206,0.111,-147.579,77.421
281,3,1,571.212,568.182,18300.581,2,38,0,0,NA,NA,NA,NA,NA
282,3,2,566.288,567.424,18600.59,2,55,4.982,4.982,NA,4.982,0.017,-171.254,NA
283,3,3,566.288,567.424,18900.6,2,87,4.982,4.982,NA,0,0,0,171.254
284,3,4,565.909,564.394,19200.609,2,98,8.036,6.517,NA,3.054,0.01,-97.125,-97.125
285,3,5,565.909,564.394,19500.619,2,81,8.036,6.517,NA,0,0,0,97.125
286,3,6,565.909,564.394,19800.628,2,75,8.036,6.517,NA,0,0,0,0
287,3,7,565.909,564.394,20100.638,2,44,8.036,6.517,NA,0,0,0,0
288,3,8,565.909,564.015,20400.647,2,58,8.415,6.744,NA,0.379,0.001,-90,-90
289,3,9,565.909,562.121,20700.657,2,97,10.309,8.053,NA,1.894,0.006,-90,0
290,3,10,565.909,562.121,21000.667,2,56,10.309,8.053,NA,0,0,0,90
291,3,11,559.848,561.364,21300.676,2,68,16.417,13.252,NA,6.108,0.02,-172.875,-172.875
292,3,12,558.712,559.848,21600.686,2,73,18.31,15.023,NA,1.894,0.006,-126.87,46.005
293,3,13,555.303,559.47,21900.695,2,76,21.741,18.138,NA,3.43,0.011,-173.66,-46.79
294,3,14,555.303,559.47,22200.705,2,76,21.741,18.138,NA,0,0,0,173.66
295,3,15,548.485,559.47,22500.714,2,170,28.559,24.34,NA,6.818,0.023,180,180
296,3,16,546.591,559.47,22800.724,2,149,30.453,26.117,NA,1.894,0.006,180,0
297,3,17,546.591,560.985,23100.733,2,181,31.968,25.652,NA,1.515,0.005,90,-90
298,3,18,546.591,560.985,23400.743,2,112,31.968,25.652,NA,0,0,0,-90
299,3,19,553.409,563.258,23700.752,2,74,39.155,18.471,NA,7.187,0.024,18.435,18.435
300,3,20,556.061,564.773,24000.762,2,126,42.209,15.53,NA,3.054,0.01,29.745,11.31
301,3,21,557.955,563.258,24300.771,2,86,44.634,14.143,NA,2.425,0.008,-38.66,-68.405
302,3,22,557.955,563.258,24600.781,2,139,44.634,14.143,NA,0,0,0,38.66
303,3,23,557.955,569.318,24900.79,2,164,50.695,13.306,NA,6.061,0.02,90,90
304,3,24,557.955,569.318,25200.8,2,136,50.695,13.306,NA,0,0,0,-90
305,3,25,551.515,569.318,25500.809,2,154,57.134,19.73,NA,6.439,0.021,180,180
306,3,26,546.97,569.318,25800.819,2,163,61.68,24.269,NA,4.545,0.015,180,0
307,3,27,545.833,568.561,26100.828,2,198,63.045,25.382,NA,1.366,0.005,-146.31,33.69
308,3,28,543.939,566.288,26400.838,2,209,66.004,27.338,NA,2.958,0.01,-129.806,16.504
309,3,29,543.939,566.288,26700.847,2,191,66.004,27.338,NA,0,0,0,129.806
310,3,30,543.939,566.288,27000.857,2,129,66.004,27.338,NA,0,0,0,0
311,3,31,543.939,566.288,27300.866,2,185,66.004,27.338,NA,0,0,0,0
312,3,32,543.939,566.288,27600.876,2,194,66.004,27.338,NA,0,0,0,0
313,3,33,543.939,566.288,27900.885,2,198,66.004,27.338,NA,0,0,0,0
314,3,34,543.939,566.288,28200.895,2,217,66.004,27.338,NA,0,0,0,0
315,3,35,543.939,566.288,28500.905,2,219,66.004,27.338,NA,0,0,0,0
316,3,36,543.939,566.288,28800.914,2,170,66.004,27.338,NA,0,0,0,0
317,3,37,543.939,566.288,29100.924,2,180,66.004,27.338,NA,0,0,0,0
318,3,38,543.939,566.288,29400.933,2,203,66.004,27.338,NA,0,0,0,0
319,3,39,540.152,566.288,29700.943,2,213,69.792,31.118,NA,3.788,0.013,180,180
320,3,40,540.152,566.288,30000.952,2,203,69.792,31.118,NA,0,0,0,-180
321,3,41,540.152,566.288,30300.962,2,198,69.792,31.118,NA,0,0,0,0
322,3,42,535.985,563.258,30600.971,2,144,74.944,35.57,NA,5.152,0.017,-143.973,-143.973
323,3,43,532.197,559.091,30900.981,2,251,80.575,40.06,NA,5.631,0.019,-132.274,11.699
324,3,44,531.818,558.712,31200.99,2,186,81.11,40.516,NA,0.536,0.002,-135,-2.726
325,3,45,531.818,558.712,31501,2,208,81.11,40.516,NA,0,0,0,135
326,3,46,531.818,558.712,31801.009,2,255,81.11,40.516,NA,0,0,0,0
327,3,47,531.818,558.712,32101.019,2,255,81.11,40.516,NA,0,0,0,0
328,3,48,531.818,558.712,32401.028,2,244,81.11,40.516,NA,0,0,0,0
329,3,49,531.818,558.712,32701.038,2,213,81.11,40.516,NA,0,0,0,0
330,3,50,531.818,558.712,33001.047,2,173,81.11,40.516,NA,0,0,0,0
331,3,51,532.576,562.5,33301.057,2,177,84.973,39.052,NA,3.863,0.013,78.69,78.69
332,3,52,532.576,565.909,33601.066,2,218,88.382,38.703,NA,3.409,0.011,90,11.31
333,3,53,532.576,565.909,33901.076,2,186,88.382,38.703,NA,0,0,0,-90
334,3,54,534.848,565.909,34201.085,2,231,90.655,36.435,NA,2.273,0.008,0,0
335,3,55,535.985,570.076,34501.095,2,255,94.974,35.278,NA,4.319,0.014,74.745,74.745
336,3,56,535.985,570.076,34801.104,2,255,94.974,35.278,NA,0,0,0,-74.745
337,3,57,535.985,570.076,35101.114,2,255,94.974,35.278,NA,0,0,0,0
338,3,58,531.439,570.076,35401.124,2,144,99.52,39.818,NA,4.545,0.015,180,180
339,3,59,526.894,569.697,35701.133,2,240,104.081,44.344,NA,4.561,0.015,-175.236,4.764
340,3,60,525.758,568.939,36001.143,2,225,105.446,45.461,NA,1.366,0.005,-146.31,28.926
341,3,61,520.833,560.985,36301.152,2,135,114.802,50.89,NA,9.355,0.031,-121.759,24.55
342,3,62,520.833,560.985,36601.162,2,104,114.802,50.89,NA,0,0,0,121.759
343,3,63,507.576,558.333,36901.171,2,200,128.322,64.394,NA,13.52,0.045,-168.69,-168.69
344,3,64,498.864,546.97,37201.181,2,67,142.641,75.394,NA,14.319,0.048,-127.476,41.214
345,3,65,492.424,531.818,37501.19,2,117,159.104,86.775,NA,16.463,0.055,-113.025,14.451
346,3,66,490.53,520.833,37801.2,2,122,170.251,93.549,NA,11.147,0.037,-99.782,13.243
347,3,67,483.333,514.773,38101.209,2,193,179.66,102.836,NA,9.409,0.031,-139.899,-40.117
348,3,68,475.758,510.606,38401.219,2,255,188.306,111.474,NA,8.646,0.029,-151.189,-11.29
349,3,69,482.197,505.682,38701.228,2,13,196.412,108.766,NA,8.106,0.027,-37.405,113.784
350,3,70,462.879,504.545,39001.238,2,3,215.764,125.641,NA,19.352,0.065,-176.634,-139.228
351,4,1,671.97,434.091,30000.952,2,53,0,0,NA,NA,NA,NA,NA
352,4,2,666.288,434.091,30300.962,2,38,5.682,5.682,NA,5.682,0.019,180,NA
353,4,3,661.364,430.303,30600.971,2,93,11.894,11.262,NA,6.213,0.021,-142.431,37.569
354,4,4,661.364,428.409,30900.981,2,113,13.788,12.032,NA,1.894,0.006,-90,52.431
355,4,5,661.364,428.409,31200.99,2,121,13.788,12.032,NA,0,0,0,90
356,4,6,661.364,425.379,31501,2,151,16.819,13.726,NA,3.03,0.01,-90,-90
357,4,7,661.364,425.379,31801.009,2,79,16.819,13.726,NA,0,0,0,90
358,4,8,661.364,421.212,32101.019,2,83,20.985,16.684,NA,4.167,0.014,-90,-90
359,4,9,666.288,421.212,32401.028,2,24,25.91,14.076,NA,4.924,0.016,0,90
360,4,10,666.288,423.485,32701.038,2,20,28.182,12.032,NA,2.273,0.008,90,90
361,4,11,666.288,423.485,33001.047,2,22,28.182,12.032,NA,0,0,0,-90
362,4,12,661.364,422.727,33301.057,2,35,33.164,15.544,NA,4.982,0.017,-171.254,-171.254
363,4,13,659.848,420.076,33601.066,2,45,36.218,18.53,NA,3.054,0.01,-119.745,51.509
364,4,14,655.682,419.697,33901.076,2,125,40.402,21.737,NA,4.184,0.014,-174.806,-55.061
365,4,15,654.924,417.803,34201.085,2,132,42.442,23.576,NA,2.04,0.007,-111.801,63.004
366,4,16,654.924,407.197,34501.095,2,160,53.048,31.841,NA,10.606,0.035,-90,21.801
367,4,17,654.924,407.197,34801.104,2,67,53.048,31.841,NA,0,0,0,90
368,4,18,651.515,402.652,35101.114,2,114,58.73,37.508,NA,5.682,0.019,-126.87,-126.87
369,4,19,647.727,397.727,35401.124,2,72,64.942,43.704,NA,6.213,0.021,-127.569,-0.699
370,4,20,644.318,391.288,35701.133,2,32,72.229,50.958,NA,7.286,0.024,-117.897,9.671
371,4,21,629.924,379.545,36001.143,2,48,90.805,68.87,NA,18.576,0.062,-140.793,-22.896
372,4,22,614.394,376.136,36301.152,2,6,106.705,81.693,NA,15.9,0.053,-167.619,-26.826
373,4,23,601.515,375.379,36601.162,2,102,119.606,91.711,NA,12.901,0.043,-176.634,-9.014
374,4,24,601.515,371.212,36901.171,2,167,123.772,94.433,NA,4.167,0.014,-90,86.634
375,4,25,597.727,372.727,37201.181,2,184,127.852,96.319,NA,4.08,0.014,158.199,-111.801
376,4,26,586.742,370.076,37501.19,2,186,139.152,106.591,NA,11.3,0.038,-166.43,35.372
377,4,27,581.439,368.561,37801.2,2,185,144.668,111.758,NA,5.515,0.018,-164.055,2.375
378,4,28,577.652,368.561,38101.209,2,125,148.456,114.848,NA,3.788,0.013,180,-15.945
379,4,29,577.652,362.879,38401.219,2,164,154.137,118.182,NA,5.682,0.019,-90,90
380,4,30,577.652,360.606,38701.228,2,76,156.41,119.566,NA,2.273,0.008,-90,0
381,4,31,581.061,360.606,39001.238,2,140,159.819,116.895,NA,3.409,0.011,0,90
382,4,32,585.606,360.606,39301.247,2,156,164.365,113.396,NA,4.545,0.015,0,0
383,4,33,578.788,357.955,39601.257,2,89,171.68,120.331,NA,7.316,0.024,-158.749,-158.749
384,4,34,570.076,350.379,39901.266,2,44,183.226,131.872,NA,11.545,0.038,-138.991,19.759
385,4,35,563.258,343.561,40201.276,2,69,192.868,141.471,NA,9.642,0.032,-135,3.991
386,4,36,558.333,336.742,40501.285,2,74,201.278,149.633,NA,8.41,0.028,-125.838,9.162
387,4,37,550.758,334.47,40801.295,2,161,209.188,156.897,NA,7.909,0.026,-163.301,-37.463
388,4,38,550.379,334.47,41101.304,2,96,209.566,157.19,NA,0.379,0.001,180,-16.699
389,4,39,550.379,334.47,41401.314,2,167,209.566,157.19,NA,0,0,0,-180
390,4,40,550.379,334.47,41701.323,2,117,209.566,157.19,NA,0,0,0,0
391,4,41,550.379,334.091,42001.333,2,129,209.945,157.43,NA,0.379,0.001,-90,-90
392,4,42,543.939,331.061,42301.343,2,123,217.062,164.338,NA,7.117,0.024,-154.799,-64.799
393,4,43,538.636,331.061,42601.352,2,233,222.365,168.502,NA,5.303,0.018,180,-25.201
394,4,44,542.045,320.455,42901.362,2,227,233.506,172.608,NA,11.14,0.037,-72.181,107.819
395,4,45,542.045,316.667,43201.371,2,255,237.293,175.125,NA,3.788,0.013,-90,-17.819
396,4,46,542.045,316.667,43501.381,2,206,237.293,175.125,NA,0,0,0,90
397,4,47,542.045,316.667,43801.39,2,230,237.293,175.125,NA,0,0,0,0
398,4,48,542.045,316.667,44101.4,2,203,237.293,175.125,NA,0,0,0,0
399,4,49,542.045,316.667,44401.409,2,206,237.293,175.125,NA,0,0,0,0
400,4,50,537.121,317.803,44701.419,2,172,242.347,178.065,NA,5.054,0.017,167.005,167.005
401,4,51,533.712,318.182,45001.428,2,171,245.777,180.416,NA,3.43,0.011,173.66,6.654
402,4,52,533.333,317.803,45301.438,2,143,246.313,180.95,NA,0.536,0.002,-135,51.34
403,4,53,525.379,321.212,45601.447,2,92,254.967,185.015,NA,8.654,0.029,156.801,-68.199
404,4,54,516.667,328.03,45901.457,2,143,266.03,188.064,NA,11.063,0.037,141.953,-14.848
405,4,55,503.788,328.03,46201.466,2,240,278.909,198.832,NA,12.879,0.043,180,38.047
406,4,56,491.667,328.03,46501.476,2,255,291.03,209.184,NA,12.121,0.04,180,0
407,4,57,491.288,332.197,46801.485,2,198,295.214,207.433,NA,4.184,0.014,95.194,-84.806
408,4,58,482.955,332.197,47101.495,2,150,303.547,214.73,NA,8.333,0.028,180,84.806
409,4,59,470.076,332.197,47401.504,2,173,316.426,226.149,NA,12.879,0.043,180,0
410,4,60,470.076,327.273,47701.514,2,120,321.35,228.41,NA,4.924,0.016,-90,90
411,4,61,470.076,326.136,48001.523,2,81,322.487,228.944,NA,1.136,0.004,-90,0
412,4,62,473.106,320.076,48301.533,2,124,329.263,229.23,NA,6.776,0.023,-63.435,26.565
413,4,63,460.227,302.273,48601.542,2,134,351.236,249.421,NA,21.973,0.073,-125.882,-62.447
414,4,64,460.227,301.515,48901.552,2,121,351.993,249.822,NA,0.758,0.003,-90,35.882
415,4,65,451.136,297.348,49201.562,2,39,361.993,259.742,NA,10,0.033,-155.376,-65.376
416,4,66,451.136,292.803,49501.571,2,129,366.539,262.163,NA,4.545,0.015,-90,65.376
417,4,67,451.136,292.803,49801.581,2,216,366.539,262.163,NA,0,0,0,90
418,4,68,451.136,291.667,50101.59,2,244,367.675,262.778,NA,1.136,0.004,-90,-90
419,4,69,447.727,282.955,50401.6,2,194,377.031,270.42,NA,9.355,0.031,-111.371,-21.371
420,4,70,438.258,282.197,50701.609,2,68,386.531,278.735,NA,9.5,0.032,-175.426,-64.055
421,4,71,437.879,282.576,51001.619,2,61,387.066,278.847,NA,0.536,0.002,135,-49.574
422,4,72,437.879,279.167,51301.628,2,216,390.475,280.714,NA,3.409,0.011,-90,135
423,4,73,431.439,276.515,51601.638,2,75,397.439,287.55,NA,6.964,0.023,-157.62,-67.62
424,4,74,429.167,276.136,51901.647,2,173,399.743,289.66,NA,2.304,0.008,-170.538,-12.918
425,4,75,429.167,276.136,52201.657,2,182,399.743,289.66,NA,0,0,0,170.538
426,4,76,428.03,273.485,52501.666,2,192,402.628,292.063,NA,2.885,0.01,-113.199,-113.199
427,4,77,417.803,264.394,52801.676,2,191,416.312,305.61,NA,13.684,0.046,-138.366,-25.168
428,4,78,412.5,263.258,53101.685,2,203,421.735,310.658,NA,5.423,0.018,-167.905,-29.539
429,4,79,412.5,259.091,53401.695,2,244,425.902,312.969,NA,4.167,0.014,-90,77.905
430,4,80,412.5,259.091,53701.704,2,183,425.902,312.969,NA,0,0,0,90
431,4,81,400.379,266.667,54001.714,2,196,440.196,319.049,NA,14.294,0.048,147.995,147.995
432,4,82,398.106,266.667,54301.723,2,179,442.468,320.986,NA,2.273,0.008,180,32.005
433,4,83,403.409,247.727,54601.733,2,175,462.136,326.889,NA,19.668,0.066,-74.358,105.642
434,4,84,410.606,247.727,54901.742,2,196,469.333,321.002,NA,7.197,0.024,0,74.358
435,4,85,410.606,247.727,55201.752,2,168,469.333,321.002,NA,0,0,0,0
436,4,86,409.848,242.045,55501.761,2,175,475.065,324.945,NA,5.732,0.019,-97.595,-97.595
437,4,87,406.818,238.636,55801.771,2,255,479.627,329.405,NA,4.561,0.015,-131.634,-34.039
438,5,1,709.848,429.545,36601.162,2,43,0,0,NA,NA,NA,NA,NA
439,5,2,704.545,429.545,36901.171,2,22,5.303,5.303,NA,5.303,0.018,180,NA
440,5,3,704.167,428.409,37201.181,2,42,6.501,5.794,NA,1.198,0.004,-108.435,71.565
441,5,4,698.864,427.652,37501.19,2,74,11.858,11.147,NA,5.357,0.018,-171.87,-63.435
442,5,5,698.864,427.652,37801.2,2,24,11.858,11.147,NA,0,0,0,171.87
443,5,6,698.864,427.652,38101.209,2,40,11.858,11.147,NA,0,0,0,0
444,5,7,698.864,427.652,38401.219,2,70,11.858,11.147,NA,0,0,0,0
445,5,8,698.864,426.515,38701.228,2,61,12.994,11.395,NA,1.136,0.004,-90,-90
446,5,9,696.97,425.758,39001.238,2,76,15.034,13.424,NA,2.04,0.007,-158.199,-68.199
447,5,10,696.97,425.758,39301.247,2,48,15.034,13.424,NA,0,0,0,158.199
448,5,11,690.53,421.97,39601.257,2,36,22.505,20.751,NA,7.471,0.025,-149.534,-149.534
449,5,12,687.879,415.152,39901.266,2,77,29.82,26.265,NA,7.316,0.024,-111.251,38.284
450,5,13,695.076,404.167,40201.276,2,75,42.953,29.365,NA,13.133,0.044,-56.768,54.482
451,5,14,695.455,396.591,40501.285,2,60,50.538,35.961,NA,7.585,0.025,-87.138,-30.369
452,5,15,693.182,395.455,40801.295,2,114,53.079,37.947,NA,2.541,0.008,-153.435,-66.297
453,5,16,689.773,392.424,41101.304,2,90,57.64,42.202,NA,4.561,0.015,-138.366,15.068
454,5,17,689.394,392.424,41401.314,2,70,58.019,42.384,NA,0.379,0.001,180,-41.634
455,5,18,685.606,389.394,41701.323,2,90,62.87,46.902,NA,4.851,0.016,-141.34,38.66
456,5,19,685.606,384.848,42001.333,2,94,67.415,50.848,NA,4.545,0.015,-90,51.34
457,5,20,685.606,384.848,42301.343,2,120,67.415,50.848,NA,0,0,0,90
458,5,21,685.606,384.848,42601.352,2,73,67.415,50.848,NA,0,0,0,0
459,5,22,681.061,384.848,42901.362,2,67,71.961,53.165,NA,4.545,0.015,180,180
460,5,23,681.061,384.848,43201.371,2,35,71.961,53.165,NA,0,0,0,-180
461,5,24,676.894,377.273,43501.381,2,95,80.607,61.794,NA,8.646,0.029,-118.811,-118.811
462,5,25,671.212,370.076,43801.39,2,176,89.776,70.918,NA,9.169,0.031,-128.29,-9.479
463,5,26,671.212,364.015,44101.4,2,92,95.837,76.072,NA,6.061,0.02,-90,38.29
464,5,27,665.909,342.803,44401.409,2,63,117.702,97.236,NA,21.865,0.073,-104.036,-14.036
465,5,28,657.576,334.47,44701.419,2,137,129.487,108.498,NA,11.785,0.039,-135,-30.964
466,5,29,640.909,327.273,45001.428,2,33,147.641,123.338,NA,18.154,0.061,-156.644,-21.644
467,5,30,633.712,322.727,45301.438,2,97,156.153,131.175,NA,8.512,0.028,-147.724,8.92
468,5,31,633.712,322.727,45601.447,2,90,156.153,131.175,NA,0,0,0,147.724
469,5,32,633.712,320.076,45901.457,2,170,158.805,133.343,NA,2.652,0.009,-90,-90
470,5,33,628.03,313.636,46201.466,2,145,167.393,141.877,NA,8.588,0.029,-131.424,-41.424
471,5,34,619.697,311.742,46501.476,2,249,175.938,148.34,NA,8.546,0.028,-167.196,-35.772
472,5,35,619.697,311.742,46801.485,2,175,175.938,148.34,NA,0,0,0,167.196
473,5,36,621.97,305.682,47101.495,2,186,182.411,151.871,NA,6.473,0.022,-69.444,-69.444
474,5,37,617.803,308.712,47401.504,2,211,187.563,151.898,NA,5.152,0.017,143.973,-146.583
475,5,38,600,308.712,47701.514,2,42,205.366,163.302,NA,17.803,0.059,180,36.027
476,5,39,594.318,308.712,48001.523,2,102,211.048,167.176,NA,5.682,0.019,180,0
477,5,40,594.318,308.712,48301.533,2,140,211.048,167.176,NA,0,0,0,-180
478,5,41,594.318,303.788,48601.542,2,112,215.972,170.769,NA,4.924,0.016,-90,-90
479,5,42,598.485,303.788,48901.552,2,110,220.139,167.979,NA,4.167,0.014,0,90
480,5,43,597.348,300.379,49201.562,2,79,223.733,171.29,NA,3.593,0.012,-108.435,-108.435
481,5,44,581.439,269.697,49501.571,2,124,258.294,205.038,NA,34.561,0.115,-117.408,-8.973
482,5,45,582.197,262.121,49801.581,2,33,265.907,210.537,NA,7.614,0.025,-84.289,33.118
483,5,46,582.197,250.379,50101.59,2,233,277.65,219.99,NA,11.742,0.039,-90,-5.711
484,5,47,581.061,230.303,50401.6,2,164,297.758,237.242,NA,20.108,0.067,-93.24,-3.24
485,6,1,547.222,649.747,19800.628,2,36,0,0,NA,NA,NA,NA,NA
486,6,2,547.222,649.747,20100.638,2,19,0,0,NA,0,0,0,NA
487,6,3,543.182,649.747,20400.647,2,49,4.04,4.04,NA,4.04,0.013,180,180
488,6,4,542.172,651.263,20700.657,2,50,5.861,5.273,NA,1.821,0.006,123.69,-56.31
489,6,5,541.162,654.798,21000.667,2,25,9.538,7.889,NA,3.677,0.012,105.945,-17.745
490,6,6,538.636,654.798,21300.676,2,109,12.063,9.961,NA,2.525,0.008,180,74.055
491,6,7,537.626,654.798,21600.686,2,113,13.074,10.844,NA,1.01,0.003,180,0
492,6,8,537.626,651.768,21900.695,2,94,16.104,9.806,NA,3.03,0.01,-90,90
493,6,9,537.626,651.768,22200.705,2,129,16.104,9.806,NA,0,0,0,90
494,6,10,537.626,651.768,22500.714,2,65,16.104,9.806,NA,0,0,0,0
495,6,11,537.626,651.768,22800.724,2,124,16.104,9.806,NA,0,0,0,0
496,6,12,537.626,651.768,23100.733,2,168,16.104,9.806,NA,0,0,0,0
497,6,13,534.596,651.768,23400.743,2,141,19.134,12.787,NA,3.03,0.01,180,180
498,6,14,534.091,651.768,23700.752,2,148,19.639,13.286,NA,0.505,0.002,180,0
499,6,15,534.091,651.768,24000.762,2,79,19.639,13.286,NA,0,0,0,-180
500,6,16,534.091,651.768,24300.771,2,203,19.639,13.286,NA,0,0,0,0
501,6,17,534.091,651.768,24600.781,2,80,19.639,13.286,NA,0,0,0,0
502,6,18,534.091,651.768,24900.79,2,89,19.639,13.286,NA,0,0,0,0
503,6,19,534.091,651.768,25200.8,2,37,19.639,13.286,NA,0,0,0,0
504,6,20,534.091,651.768,25500.809,2,53,19.639,13.286,NA,0,0,0,0
505,6,21,534.091,656.313,25800.819,2,89,24.185,14.681,NA,4.545,0.015,90,90
506,6,22,536.616,658.838,26100.828,2,164,27.756,13.969,NA,3.571,0.012,45,-45
507,6,23,538.636,658.838,26400.838,2,137,29.776,12.504,NA,2.02,0.007,0,-45
508,6,24,538.636,658.838,26700.847,2,207,29.776,12.504,NA,0,0,0,0
509,6,25,538.636,656.313,27000.857,2,216,32.301,10.809,NA,2.525,0.008,-90,-90
510,6,26,538.636,653.283,27300.866,2,188,35.332,9.285,NA,3.03,0.01,-90,0
511,6,27,536.111,653.283,27600.876,2,214,37.857,11.66,NA,2.525,0.008,180,-90
512,6,28,536.111,650.253,27900.885,2,200,40.887,11.123,NA,3.03,0.01,-90,90
513,6,29,536.111,648.232,28200.895,2,171,42.907,11.214,NA,2.02,0.007,-90,0
514,6,30,541.162,648.232,28500.905,2,239,47.958,6.247,NA,5.051,0.017,0,90
515,6,31,542.172,648.232,28800.914,2,171,48.968,5.273,NA,1.01,0.003,0,0
516,6,32,542.172,647.222,29100.924,2,207,49.978,5.647,NA,1.01,0.003,-90,-90
517,6,33,542.172,647.222,29400.933,2,195,49.978,5.647,NA,0,0,0,90
518,6,34,541.162,643.687,29700.943,2,156,53.655,8.571,NA,3.677,0.012,-105.945,-105.945
519,6,35,541.162,643.687,30000.952,2,186,53.655,8.571,NA,0,0,0,105.945
520,6,36,541.162,646.717,30300.962,2,255,56.685,6.776,NA,3.03,0.01,90,90
521,6,37,542.677,646.717,30600.971,2,234,58.2,5.463,NA,1.515,0.005,0,-90
522,6,38,542.677,646.717,30900.981,2,255,58.2,5.463,NA,0,0,0,0
523,6,39,541.162,646.717,31200.99,2,207,59.716,6.776,NA,1.515,0.005,180,180
524,6,40,541.162,646.717,31501,2,170,59.716,6.776,NA,0,0,0,-180
525,6,41,541.162,646.717,31801.009,2,255,59.716,6.776,NA,0,0,0,0
526,6,42,541.162,646.717,32101.019,2,252,59.716,6.776,NA,0,0,0,0
527,6,43,541.162,646.717,32401.028,2,180,59.716,6.776,NA,0,0,0,0
528,6,44,540.657,644.697,32701.038,2,86,61.798,8.283,NA,2.082,0.007,-104.036,-104.036
529,6,45,545.202,644.697,33001.047,2,50,66.343,5.44,NA,4.545,0.015,0,104.036
530,6,46,552.273,644.697,33301.057,2,100,73.414,7.142,NA,7.071,0.024,0,0
531,6,47,552.273,646.212,33601.066,2,52,74.929,6.165,NA,1.515,0.005,90,90
532,6,48,547.222,646.212,33901.076,2,123,79.98,3.535,NA,5.051,0.017,180,90
533,6,49,541.162,648.737,34201.085,2,114,86.545,6.144,NA,6.566,0.022,157.38,-22.62
534,6,50,541.162,656.818,34501.095,2,40,94.626,9.313,NA,8.081,0.027,90,-67.38
535,6,51,538.636,654.798,34801.104,2,87,97.86,9.961,NA,3.234,0.011,-141.34,128.66
536,6,52,540.152,653.788,35101.114,2,96,99.681,8.144,NA,1.821,0.006,-33.69,107.65
537,6,53,542.172,658.333,35401.124,2,87,104.655,9.961,NA,4.974,0.017,66.038,99.728
538,6,54,542.172,659.848,35701.133,2,171,106.17,11.293,NA,1.515,0.005,90,23.962
539,6,55,537.626,659.848,36001.143,2,125,110.716,13.932,NA,4.545,0.015,180,90
540,6,56,535.606,659.848,36301.152,2,109,112.736,15.394,NA,2.02,0.007,180,0
541,6,57,527.02,659.848,36601.162,2,119,121.322,22.587,NA,8.586,0.029,180,0
542,6,58,527.02,659.848,36901.171,2,69,121.322,22.587,NA,0,0,0,-180
543,6,59,527.02,659.848,37201.181,2,87,121.322,22.587,NA,0,0,0,0
544,6,60,527.02,659.848,37501.19,2,108,121.322,22.587,NA,0,0,0,0
545,6,61,527.02,667.424,37801.2,2,54,128.898,26.844,NA,7.576,0.025,90,90
546,6,62,521.97,667.424,38101.209,2,140,133.948,30.825,NA,5.051,0.017,180,90
547,6,63,521.97,667.424,38401.219,2,127,133.948,30.825,NA,0,0,0,-180
548,6,64,514.899,667.424,38701.228,2,252,141.019,36.841,NA,7.071,0.024,180,180
549,6,65,514.899,667.424,39001.238,2,118,141.019,36.841,NA,0,0,0,-180
550,6,66,514.899,675,39301.247,2,220,148.595,41.018,NA,7.576,0.025,90,90
551,6,67,514.899,675,39601.257,2,188,148.595,41.018,NA,0,0,0,-90
552,6,68,514.899,675,39901.266,2,202,148.595,41.018,NA,0,0,0,0
553,6,69,514.899,675,40201.276,2,212,148.595,41.018,NA,0,0,0,0
554,6,70,514.899,675,40501.285,2,135,148.595,41.018,NA,0,0,0,0
555,6,71,505.808,674.495,40801.295,2,3,157.7,48.245,NA,9.105,0.03,-176.82,-176.82
556,6,72,469.444,673.99,41101.304,2,208,194.067,81.468,NA,36.367,0.121,-179.204,-2.384
557,6,73,435.101,653.788,41401.314,2,137,233.911,112.194,NA,39.845,0.133,-149.534,29.67
558,6,74,429.04,653.788,41701.323,2,189,239.972,118.251,NA,6.061,0.02,180,-30.466
559,6,75,429.04,653.788,42001.333,2,219,239.972,118.251,NA,0,0,0,-180
560,6,76,419.444,655.808,42301.343,2,81,249.778,127.921,NA,9.806,0.033,168.111,168.111
561,6,77,402.778,650.758,42601.352,2,216,267.193,144.448,NA,17.415,0.058,-163.142,28.747
562,6,78,402.778,646.212,42901.362,2,211,271.739,144.488,NA,4.545,0.015,-90,73.142
563,6,79,402.778,631.566,43201.371,2,159,286.385,145.584,NA,14.646,0.049,-90,0
564,6,80,402.778,631.061,43501.381,2,110,286.89,145.648,NA,0.505,0.002,-90,0
565,6,81,408.333,630.556,43801.39,2,255,292.469,140.209,NA,5.578,0.019,-5.194,84.806
566,6,82,408.333,621.465,44101.4,2,178,301.56,141.739,NA,9.091,0.03,-90,-84.806
567,6,83,408.333,612.879,44401.409,2,145,310.146,143.699,NA,8.586,0.029,-90,0
568,6,84,408.333,611.869,44701.419,2,188,311.156,143.962,NA,1.01,0.003,-90,0
569,6,85,413.889,614.899,45001.428,2,255,317.484,137.812,NA,6.328,0.021,28.61,118.61
570,6,86,413.889,614.899,45301.438,2,186,317.484,137.812,NA,0,0,0,-28.61
571,6,87,413.889,614.899,45601.447,2,210,317.484,137.812,NA,0,0,0,0
572,6,88,413.889,614.899,45901.457,2,121,317.484,137.812,NA,0,0,0,0
573,6,89,412.374,627.525,46201.466,2,168,330.201,136.667,NA,12.717,0.042,96.843,96.843
574,6,90,412.374,635.101,46501.476,2,212,337.777,135.642,NA,7.576,0.025,90,-6.843
575,6,91,408.333,632.576,46801.485,2,152,342.541,139.946,NA,4.765,0.016,-147.995,122.005
576,6,92,422.475,617.929,47101.495,2,12,362.9,128.741,NA,20.359,0.068,-46.005,101.99
577,6,93,422.475,614.899,47401.504,2,32,365.931,129.524,NA,3.03,0.01,-90,-43.995
578,6,94,422.475,605.808,47701.514,2,183,375.022,132.26,NA,9.091,0.03,-90,0
579,6,95,422.475,605.808,48001.523,2,191,375.022,132.26,NA,0,0,0,90
580,6,96,428.03,605.808,48301.533,2,255,380.577,127.033,NA,5.556,0.019,0,0
581,6,97,433.081,605.808,48601.542,2,156,385.628,122.307,NA,5.051,0.017,0,0
582,6,98,433.081,605.808,48901.552,2,126,385.628,122.307,NA,0,0,0,0
583,6,99,429.545,611.364,49201.562,2,247,392.213,123.779,NA,6.585,0.022,122.471,122.471
584,6,100,422.475,611.364,49501.571,2,255,399.283,130.519,NA,7.071,0.024,180,57.529
585,6,101,423.485,611.869,49801.581,2,248,400.413,129.405,NA,1.129,0.004,26.565,-153.435
586,6,102,422.98,614.899,50101.59,2,255,403.485,129.037,NA,3.072,0.01,99.462,72.897
587,6,103,417.424,614.899,50401.6,2,236,409.04,134.395,NA,5.556,0.019,180,80.538
588,6,104,408.333,614.899,50701.609,2,154,418.131,143.194,NA,9.091,0.03,180,0
589,6,105,405.808,624.495,51001.619,2,105,428.054,143.651,NA,9.923,0.033,104.744,-75.256
590,6,106,393.687,637.121,51301.628,2,185,445.557,154.054,NA,17.503,0.058,133.831,29.087
591,6,107,379.04,637.121,51601.638,2,197,460.203,168.655,NA,14.646,0.049,180,46.169
592,6,108,377.02,639.141,51901.647,2,213,463.06,170.532,NA,2.857,0.01,135,-45
593,6,109,376.01,644.192,52201.657,2,255,468.211,171.302,NA,5.151,0.017,101.31,-33.69
594,6,110,376.01,644.192,52501.666,2,255,468.211,171.302,NA,0,0,0,-101.31
595,6,111,375.505,636.616,52801.676,2,255,475.803,172.219,NA,7.593,0.025,-93.814,-93.814
596,6,112,370.455,636.616,53101.685,2,122,480.854,177.255,NA,5.051,0.017,180,-86.186
597,6,113,370.455,647.222,53401.695,2,255,491.46,176.786,NA,10.606,0.035,90,-90
598,6,114,367.929,647.222,53701.704,2,138,493.985,179.311,NA,2.525,0.008,180,90
599,6,115,376.515,650.253,54001.714,2,229,503.09,170.708,NA,9.105,0.03,19.44,-160.56
600,6,116,376.01,652.273,54301.723,2,255,505.172,171.231,NA,2.082,0.007,104.036,84.596
601,6,117,376.01,668.939,54601.733,2,222,521.839,172.284,NA,16.667,0.056,90,-14.036
602,6,118,393.687,693.182,54901.742,2,240,551.842,159.561,NA,30.003,0.1,53.902,-36.098
603,6,119,418.939,739.141,55201.752,2,80,604.282,156.358,NA,52.44,0.175,61.213,7.312
604,6,120,430.556,795.202,55501.761,2,91,661.533,186.462,NA,57.251,0.191,78.294,17.08
605,6,121,427.02,794.192,55801.771,2,139,665.21,187.917,NA,3.677,0.012,-164.055,117.652
606,6,122,418.434,769.949,56101.781,2,132,690.928,176.167,NA,25.718,0.086,-109.502,54.552
607,6,123,417.424,752.778,56401.79,2,212,708.13,165.719,NA,17.201,0.057,-93.366,16.136
608,6,124,411.869,752.778,56701.8,2,199,713.685,170.105,NA,5.556,0.019,180,-86.634
609,6,125,407.323,752.778,57001.809,2,232,718.231,173.744,NA,4.545,0.015,180,0
610,6,126,403.283,752.778,57301.819,2,159,722.271,177.014,NA,4.04,0.013,180,0
611,6,127,403.283,752.778,57601.828,2,153,722.271,177.014,NA,0,0,0,-180
612,6,128,413.889,757.828,57901.838,2,186,734.018,171.637,NA,11.747,0.039,25.463,25.463
613,6,129,413.889,761.869,58201.847,2,153,738.059,174.209,NA,4.04,0.013,90,64.537
614,6,130,406.818,761.869,58501.857,2,233,745.129,179.679,NA,7.071,0.024,180,90
615,6,131,406.818,765.404,58801.866,2,206,748.665,181.906,NA,3.535,0.012,90,-90
616,6,132,406.818,765.404,59101.876,2,155,748.665,181.906,NA,0,0,0,-90
617,6,133,406.818,746.212,59401.885,2,227,767.857,170.349,NA,19.192,0.064,-90,-90
618,6,134,406.818,736.616,59701.895,2,84,777.453,165.104,NA,9.596,0.032,-90,0
619,6,135,402.778,737.626,60001.904,2,128,781.617,169.077,NA,4.165,0.014,165.964,-104.036
620,6,136,402.778,737.626,60301.914,2,145,781.617,169.077,NA,0,0,0,-165.964
621,6,137,399.242,737.626,60601.923,2,82,785.153,172.107,NA,3.535,0.012,180,180
622,6,138,399.242,733.081,60901.933,2,122,789.698,169.831,NA,4.545,0.015,-90,90
623,6,139,399.242,733.081,61201.942,2,108,789.698,169.831,NA,0,0,0,90
624,6,140,399.242,727.525,61501.952,2,25,795.254,167.175,NA,5.556,0.019,-90,-90
625,6,141,405.303,728.03,61801.961,2,58,801.335,162.078,NA,6.082,0.02,4.764,94.764
626,6,142,405.303,728.535,62101.971,2,3,801.84,162.322,NA,0.505,0.002,90,85.236
627,6,143,398.737,741.667,62401.98,2,71,816.522,174.634,NA,14.681,0.049,116.565,26.565
628,6,144,398.737,749.747,62701.99,2,132,824.602,179.019,NA,8.081,0.027,90,-26.565
629,6,145,398.737,749.747,63002,2,20,824.602,179.019,NA,0,0,0,-90
630,6,146,398.737,766.919,63302.009,2,101,841.774,189.148,NA,17.172,0.057,90,90
631,6,147,398.737,766.919,63602.019,2,74,841.774,189.148,NA,0,0,0,-90
632,6,148,401.768,766.919,63902.028,2,103,844.804,186.779,NA,3.03,0.01,0,0
633,6,149,402.273,752.778,64202.038,2,120,858.955,177.836,NA,14.15,0.047,-87.955,-87.955
634,6,150,406.313,751.263,64502.047,2,220,863.27,173.668,NA,4.315,0.014,-20.556,67.399
635,6,151,409.343,747.727,64802.057,2,152,867.926,169.147,NA,4.656,0.016,-49.399,-28.843
636,6,152,410.354,738.636,65102.066,2,159,877.073,163.2,NA,9.147,0.03,-83.66,-34.261
637,6,153,410.354,726.01,65402.076,2,45,889.699,156.681,NA,12.626,0.042,-90,-6.34
638,6,154,404.293,726.01,65702.085,2,59,895.76,162.002,NA,6.061,0.02,180,-90
639,6,155,416.414,753.788,66002.095,2,255,926.067,167.138,NA,30.307,0.101,66.425,-113.575
640,6,156,415.909,757.828,66302.104,2,167,930.139,170.072,NA,4.072,0.014,97.125,30.7
641,6,157,411.869,757.323,66602.114,2,209,934.211,172.896,NA,4.072,0.014,-172.875,90
642,6,158,411.869,749.242,66902.123,2,236,942.292,167.988,NA,8.081,0.027,-90,82.875
643,6,159,417.929,748.232,67202.133,2,222,948.436,162.53,NA,6.144,0.02,-9.462,80.538
644,6,160,423.485,751.768,67502.142,2,160,955.021,160.372,NA,6.585,0.022,32.471,41.934
645,6,161,423.485,751.768,67802.152,2,97,955.021,160.372,NA,0,0,0,-32.471
646,6,162,423.485,751.768,68102.161,2,2,955.021,160.372,NA,0,0,0,0
647,6,163,408.333,751.768,68402.171,2,180,970.173,172.332,NA,15.152,0.051,180,180
648,6,164,408.333,745.202,68702.18,2,173,976.738,168.528,NA,6.566,0.022,-90,90
649,6,165,408.333,745.202,69002.19,2,184,976.738,168.528,NA,0,0,0,90
650,6,166,408.333,745.202,69302.199,2,176,976.738,168.528,NA,0,0,0,0
651,6,167,393.182,725.505,69602.209,2,62,1001.589,171.661,NA,24.85,0.083,-127.569,-127.569
652,6,168,392.677,725.505,69902.219,2,64,1002.094,172.115,NA,0.505,0.002,180,-52.431
653,6,169,393.687,725,70202.228,2,16,1003.223,170.986,NA,1.129,0.004,-26.565,153.435
654,6,170,393.687,740.152,70502.238,2,2,1018.374,178.174,NA,15.152,0.051,90,116.565
655,6,171,401.263,744.697,70802.247,2,4,1027.209,174.125,NA,8.835,0.029,30.964,-59.036
656,6,172,397.727,771.97,71102.257,2,2,1054.71,193.098,NA,27.501,0.092,97.386,66.422
657,7,1,544.697,736.616,18900.6,2,74,0,0,NA,NA,NA,NA,NA
658,7,2,544.697,736.616,19200.609,2,80,0,0,NA,0,0,0,NA
659,7,3,544.697,736.616,19500.619,2,79,0,0,NA,0,0,0,0
660,7,4,544.192,736.616,19800.628,2,41,0.505,0.505,NA,0.505,0.002,180,180
661,7,5,544.192,736.111,20100.638,2,111,1.01,0.714,NA,0.505,0.002,-90,90
662,7,6,544.192,732.576,20400.647,2,114,4.545,4.072,NA,3.535,0.012,-90,0
663,7,7,544.192,732.576,20700.657,2,175,4.545,4.072,NA,0,0,0,90
664,7,8,544.192,732.576,21000.667,2,167,4.545,4.072,NA,0,0,0,0
665,7,9,544.192,730.556,21300.676,2,138,6.566,6.082,NA,2.02,0.007,-90,-90
666,7,10,544.192,729.04,21600.686,2,125,8.081,7.593,NA,1.515,0.005,-90,0
667,7,11,544.192,726.01,21900.695,2,149,11.111,10.618,NA,3.03,0.01,-90,0
668,7,12,544.192,726.01,22200.705,2,113,11.111,10.618,NA,0,0,0,90
669,7,13,544.192,726.01,22500.714,2,106,11.111,10.618,NA,0,0,0,0
670,7,14,544.192,726.01,22800.724,2,108,11.111,10.618,NA,0,0,0,0
671,7,15,548.737,726.01,23100.733,2,40,15.657,11.35,NA,4.545,0.015,0,0
672,7,16,551.768,726.01,23400.743,2,20,18.687,12.747,NA,3.03,0.01,0,0
673,7,17,553.283,725,23700.752,2,26,20.508,14.445,NA,1.821,0.006,-33.69,-33.69
674,7,18,553.283,719.949,24000.762,2,15,25.558,18.748,NA,5.051,0.017,-90,-56.31
675,7,19,553.283,719.949,24300.771,2,40,25.558,18.748,NA,0,0,0,90
676,7,20,557.323,719.949,24600.781,2,98,29.599,20.909,NA,4.04,0.013,0,0
677,7,21,557.323,719.949,24900.79,2,52,29.599,20.909,NA,0,0,0,0
678,7,22,557.323,719.949,25200.8,2,20,29.599,20.909,NA,0,0,0,0
679,7,23,561.869,720.96,25500.809,2,13,34.255,23.238,NA,4.656,0.016,12.529,12.529
680,7,24,561.869,720.96,25800.819,2,43,34.255,23.238,NA,0,0,0,-12.529
681,7,25,561.869,720.96,26100.828,2,91,34.255,23.238,NA,0,0,0,0
682,7,26,561.869,718.939,26400.838,2,46,36.275,24.644,NA,2.02,0.007,-90,-90
683,7,27,567.929,718.939,26700.847,2,87,42.336,29.193,NA,6.061,0.02,0,90
684,7,28,567.929,718.939,27000.857,2,72,42.336,29.193,NA,0,0,0,0
685,7,29,566.414,718.939,27300.866,2,63,43.851,28.002,NA,1.515,0.005,180,180
686,7,30,565.404,722.475,27600.876,2,80,47.528,25.075,NA,3.677,0.012,105.945,-74.055
687,7,31,559.848,722.475,27900.885,2,85,53.083,20.726,NA,5.556,0.019,180,74.055
688,7,32,558.838,722.475,28200.895,2,128,54.094,19.999,NA,1.01,0.003,180,0
689,7,33,558.838,722.475,28500.905,2,114,54.094,19.999,NA,0,0,0,-180
690,7,34,558.838,722.475,28800.914,2,113,54.094,19.999,NA,0,0,0,0
691,7,35,558.838,722.475,29100.924,2,76,54.094,19.999,NA,0,0,0,0
692,7,36,558.838,722.475,29400.933,2,157,54.094,19.999,NA,0,0,0,0
693,7,37,558.838,728.535,29700.943,2,46,60.154,16.287,NA,6.061,0.02,90,90
694,7,38,554.293,728.535,30000.952,2,63,64.7,12.545,NA,4.545,0.015,180,90
695,7,39,554.293,728.535,30300.962,2,76,64.7,12.545,NA,0,0,0,-180
696,7,40,547.727,728.535,30600.971,2,89,71.265,8.63,NA,6.566,0.022,180,180
697,7,41,547.727,728.535,30900.981,2,87,71.265,8.63,NA,0,0,0,-180
698,7,42,546.212,728.535,31200.99,2,148,72.78,8.222,NA,1.515,0.005,180,180
699,7,43,546.212,725,31501,2,115,76.316,11.715,NA,3.535,0.012,-90,90
700,7,44,547.222,723.485,31801.009,2,89,78.137,13.372,NA,1.821,0.006,-56.31,33.69
701,7,45,548.737,723.485,32101.019,2,116,79.652,13.739,NA,1.515,0.005,0,56.31
702,7,46,548.737,723.485,32401.028,2,19,79.652,13.739,NA,0,0,0,0
703,7,47,543.182,715.404,32701.038,2,124,89.458,21.266,NA,9.806,0.033,-124.509,-124.509
704,7,48,543.182,715.404,33001.047,2,150,89.458,21.266,NA,0,0,0,124.509
705,7,49,543.182,715.404,33301.057,2,186,89.458,21.266,NA,0,0,0,0
706,7,50,549.242,715.404,33601.066,2,189,95.519,21.694,NA,6.061,0.02,0,0
707,7,51,550.253,715.404,33901.076,2,128,96.529,21.928,NA,1.01,0.003,0,0
708,7,52,553.788,715.404,34201.085,2,178,100.064,23.078,NA,3.535,0.012,0,0
709,7,53,558.333,715.404,34501.095,2,237,104.61,25.217,NA,4.545,0.015,0,0
710,7,54,558.333,714.394,34801.104,2,54,105.62,26.073,NA,1.01,0.003,-90,-90
711,7,55,551.768,703.788,35101.114,2,200,118.094,33.581,NA,12.474,0.042,-121.759,-31.759
712,7,56,551.768,703.788,35401.124,2,115,118.094,33.581,NA,0,0,0,121.759
713,7,57,548.737,698.737,35701.133,2,183,123.983,38.094,NA,5.89,0.02,-120.964,-120.964
714,7,58,548.737,689.141,36001.143,2,193,133.579,47.646,NA,9.596,0.032,-90,30.964
715,7,59,548.737,676.515,36301.152,2,161,146.206,60.237,NA,12.626,0.042,-90,0
716,7,60,548.737,676.515,36601.162,2,143,146.206,60.237,NA,0,0,0,90
717,7,61,548.737,666.919,36901.171,2,208,155.802,69.814,NA,9.596,0.032,-90,-90
718,7,62,548.737,666.919,37201.181,2,175,155.802,69.814,NA,0,0,0,90
719,7,63,548.737,659.848,37501.19,2,153,162.872,76.874,NA,7.071,0.024,-90,-90
720,7,64,547.222,653.283,37801.2,2,200,169.611,83.372,NA,6.738,0.022,-102.995,-12.995
721,7,65,547.222,653.283,38101.209,2,82,169.611,83.372,NA,0,0,0,102.995
722,7,66,536.111,653.283,38401.219,2,255,180.722,83.774,NA,11.111,0.037,180,180
723,7,67,536.111,647.222,38701.228,2,105,186.782,89.805,NA,6.061,0.02,-90,90
724,7,68,536.111,647.222,39001.238,2,74,186.782,89.805,NA,0,0,0,90
725,7,69,524.495,634.596,39301.247,2,237,203.939,104.001,NA,17.157,0.057,-132.614,-132.614
726,7,70,524.495,634.596,39601.257,2,241,203.939,104.001,NA,0,0,0,132.614
727,7,71,524.495,634.596,39901.266,2,229,203.939,104.001,NA,0,0,0,0
728,7,72,521.97,631.061,40201.276,2,253,208.284,107.975,NA,4.345,0.014,-125.538,-125.538
729,7,73,521.97,631.061,40501.285,2,255,208.284,107.975,NA,0,0,0,125.538
730,7,74,521.97,631.061,40801.295,2,246,208.284,107.975,NA,0,0,0,0
731,7,75,521.97,631.061,41101.304,2,165,208.284,107.975,NA,0,0,0,0
732,7,76,521.97,633.586,41401.314,2,170,210.809,105.507,NA,2.525,0.008,90,90
733,7,77,523.485,633.586,41701.323,2,255,212.324,105.191,NA,1.515,0.005,0,-90
734,7,78,523.99,633.586,42001.333,2,230,212.829,105.091,NA,0.505,0.002,0,0
735,7,79,519.949,634.091,42301.343,2,255,216.901,105.47,NA,4.072,0.014,172.875,172.875
736,7,80,514.899,634.091,42601.352,2,239,221.952,106.768,NA,5.051,0.017,180,7.125
737,7,81,508.838,633.081,42901.362,2,119,228.096,109.569,NA,6.144,0.02,-170.538,9.462
738,7,82,508.838,633.081,43201.371,2,115,228.096,109.569,NA,0,0,0,170.538
739,7,83,508.838,629.04,43501.381,2,167,232.136,113.395,NA,4.04,0.013,-90,-90
740,7,84,507.828,629.04,43801.39,2,164,233.146,113.718,NA,1.01,0.003,180,-90
741,7,85,502.273,625.505,44101.4,2,201,239.731,118.935,NA,6.585,0.022,-147.529,32.471
742,7,86,502.273,625.505,44401.409,2,222,239.731,118.935,NA,0,0,0,147.529
743,7,87,502.273,625.505,44701.419,2,149,239.731,118.935,NA,0,0,0,0
744,7,88,502.273,625.505,45001.428,2,255,239.731,118.935,NA,0,0,0,0
745,7,89,502.273,625.505,45301.438,2,172,239.731,118.935,NA,0,0,0,0
746,7,90,509.848,627.02,45601.447,2,172,247.457,115.003,NA,7.726,0.026,11.31,11.31
747,7,91,509.848,627.02,45901.457,2,123,247.457,115.003,NA,0,0,0,-11.31
748,7,92,498.737,627.02,46201.466,2,148,258.568,118.843,NA,11.111,0.037,180,180
749,7,93,496.212,624.495,46501.476,2,185,262.139,122.155,NA,3.571,0.012,-135,45
750,7,94,496.212,624.495,46801.485,2,98,262.139,122.155,NA,0,0,0,135
751,7,95,508.333,631.061,47101.495,2,145,275.925,111.644,NA,13.785,0.046,28.443,28.443
752,7,96,509.343,634.596,47401.504,2,219,279.602,107.972,NA,3.677,0.012,74.055,45.612
753,7,97,509.343,627.525,47701.514,2,192,286.672,114.676,NA,7.071,0.024,-90,-164.055
754,7,98,509.343,627.02,48001.523,2,203,287.177,115.157,NA,0.505,0.002,-90,0
755,7,99,509.848,627.02,48301.533,2,191,287.682,115.003,NA,0.505,0.002,0,90
756,7,100,509.848,614.394,48601.542,2,185,300.309,127.093,NA,12.626,0.042,-90,-90
757,7,101,509.848,614.394,48901.552,2,198,300.309,127.093,NA,0,0,0,90
758,7,102,510.354,623.485,49201.562,2,211,309.414,118.229,NA,9.105,0.03,86.82,86.82
759,7,103,513.889,623.99,49501.571,2,161,312.985,116.764,NA,3.571,0.012,8.13,-78.69
760,7,104,515.909,623.99,49801.581,2,169,315.005,116.247,NA,2.02,0.007,0,-8.13
761,7,105,515.909,623.99,50101.59,2,238,315.005,116.247,NA,0,0,0,0
762,7,106,515.909,623.99,50401.6,2,223,315.005,116.247,NA,0,0,0,0
763,7,107,515.909,623.99,50701.609,2,226,315.005,116.247,NA,0,0,0,0
764,7,108,515.909,623.99,51001.619,2,203,315.005,116.247,NA,0,0,0,0
765,7,109,510.859,623.99,51301.628,2,171,320.055,117.6,NA,5.051,0.017,180,180
766,7,110,506.818,623.99,51601.638,2,164,324.096,118.825,NA,4.04,0.013,180,0
767,7,111,500.758,627.525,51901.647,2,185,331.112,117.607,NA,7.016,0.023,149.744,-30.256
768,7,112,490.657,627.525,52201.657,2,122,341.213,121.742,NA,10.101,0.034,180,30.256
769,7,113,486.616,627.525,52501.666,2,132,345.254,123.589,NA,4.04,0.013,180,0
770,7,114,481.061,629.04,52801.676,2,108,351.012,124.989,NA,5.758,0.019,164.745,-15.255
771,7,115,468.434,642.172,53101.685,2,224,369.229,121.391,NA,18.217,0.061,133.877,-30.868
772,7,116,460.859,642.172,53401.695,2,233,376.805,126.288,NA,7.576,0.025,180,46.123
773,7,117,460.859,642.172,53701.704,2,111,376.805,126.288,NA,0,0,0,-180
774,7,118,460.859,650.758,54001.714,2,196,385.391,120.002,NA,8.586,0.029,90,90
775,7,119,455.303,660.859,54301.723,2,180,396.919,117.177,NA,11.528,0.038,118.811,28.811
776,7,120,455.303,660.859,54601.733,2,224,396.919,117.177,NA,0,0,0,-118.811
777,7,121,455.303,660.859,54901.742,2,148,396.919,117.177,NA,0,0,0,0
778,7,122,455.303,675.505,55201.752,2,233,411.565,108.286,NA,14.646,0.049,90,90
779,7,123,455.303,675.505,55501.761,2,250,411.565,108.286,NA,0,0,0,-90
780,7,124,457.323,676.01,55801.771,2,195,413.647,106.336,NA,2.082,0.007,14.036,14.036
781,7,125,457.323,683.586,56101.781,2,132,421.223,102.208,NA,7.576,0.025,90,75.964
782,7,126,452.778,695.202,56401.79,2,208,433.697,100.818,NA,12.474,0.042,111.371,21.371
783,7,127,452.778,695.202,56701.8,2,179,433.697,100.818,NA,0,0,0,-111.371
784,7,128,449.747,703.788,57001.809,2,112,442.802,100.464,NA,9.105,0.03,109.44,109.44
785,7,129,441.162,701.263,57301.819,2,194,451.751,109.405,NA,8.95,0.03,-163.61,86.95
786,7,130,443.687,700.253,57601.828,2,169,454.471,107.356,NA,2.72,0.009,-21.801,141.809
787,7,131,443.687,704.798,57901.838,2,112,459.017,105.903,NA,4.545,0.015,90,111.801
788,7,132,443.182,706.818,58201.847,2,119,461.099,105.798,NA,2.082,0.007,104.036,14.036
789,7,133,443.182,712.879,58501.857,2,129,467.16,104.253,NA,6.061,0.02,90,-14.036
790,7,134,462.374,708.333,58801.866,2,111,486.883,87.046,NA,19.723,0.066,-13.325,-103.325
791,7,135,462.374,708.838,59101.876,2,116,487.388,86.883,NA,0.505,0.002,90,103.325
792,7,136,456.818,708.838,59401.885,2,140,492.943,92.164,NA,5.556,0.019,180,90
793,7,137,456.818,718.939,59701.895,2,129,503.044,89.639,NA,10.101,0.034,90,-90
794,7,138,447.222,719.444,60001.904,2,211,512.653,98.976,NA,9.609,0.032,176.987,86.987
795,7,139,440.657,713.889,60301.914,2,182,521.254,106.494,NA,8.601,0.029,-139.764,43.249
796,7,140,440.657,705.808,60601.923,2,101,529.335,108.506,NA,8.081,0.027,-90,49.764
797,7,141,442.677,710.354,60901.933,2,124,534.309,105.346,NA,4.974,0.017,66.038,156.038
798,7,142,427.02,710.354,61201.942,2,192,549.966,120.572,NA,15.657,0.052,180,113.962
799,7,143,407.323,709.848,61501.952,2,250,569.669,139.957,NA,19.703,0.066,-178.531,1.469
800,7,144,397.727,709.848,61801.961,2,92,579.265,149.387,NA,9.596,0.032,180,-1.469
801,7,145,397.727,711.364,62101.971,2,156,580.78,149.123,NA,1.515,0.005,90,-90
802,7,146,395.202,713.384,62401.98,2,2,584.014,151.289,NA,3.234,0.011,141.34,51.34
803,7,147,375,711.364,62701.99,2,31,604.317,171.566,NA,20.303,0.068,-174.289,44.37
804,7,148,367.424,689.141,63002,2,129,627.795,183.52,NA,23.478,0.078,-108.825,65.465
805,7,149,361.364,685.101,63302.009,2,73,635.079,190.434,NA,7.284,0.024,-146.31,-37.485
806,7,150,361.364,685.101,63602.019,2,50,635.079,190.434,NA,0,0,0,146.31
807,7,151,363.889,678.03,63902.028,2,64,642.587,190.063,NA,7.508,0.025,-70.346,-70.346
808,7,152,363.889,672.98,64202.038,2,123,647.637,191.68,NA,5.051,0.017,-90,-19.654
809,7,153,363.889,660.354,64502.047,2,116,660.264,196.233,NA,12.626,0.042,-90,0
810,7,154,363.889,660.354,64802.057,2,61,660.264,196.233,NA,0,0,0,90
811,7,155,356.818,669.444,65102.066,2,67,671.781,199.526,NA,11.517,0.038,127.875,127.875
812,7,156,347.727,669.444,65402.076,2,55,680.872,208.108,NA,9.091,0.03,180,52.125
813,7,157,332.576,669.444,65702.085,2,2,696.023,222.503,NA,15.152,0.051,180,0
814,7,158,332.071,669.444,66002.095,2,3,696.528,222.984,NA,0.505,0.002,180,0
815,8,1,558.712,899.242,14400.457,2,127,0,0,NA,NA,NA,NA,NA
816,8,2,558.712,899.242,14700.467,2,122,0,0,NA,0,0,0,NA
817,8,3,558.712,899.242,15000.476,2,108,0,0,NA,0,0,0,0
818,8,4,558.712,899.242,15300.486,2,88,0,0,NA,0,0,0,0
819,8,5,557.955,902.652,15600.495,2,168,3.492,3.492,NA,3.492,0.012,102.529,102.529
820,8,6,557.955,906.061,15900.505,2,108,6.901,6.86,NA,3.409,0.011,90,-12.529
821,8,7,557.955,909.47,16200.514,2,100,10.31,10.255,NA,3.409,0.011,90,0
822,8,8,564.394,912.879,16500.524,2,170,17.597,14.773,NA,7.286,0.024,27.897,-62.103
823,8,9,564.394,912.879,16800.533,2,185,17.597,14.773,NA,0,0,0,-27.897
824,8,10,565.152,912.879,17100.543,2,179,18.354,15.08,NA,0.758,0.003,0,0
825,8,11,567.803,913.258,17400.552,2,110,21.033,16.705,NA,2.678,0.009,8.13,8.13
826,8,12,570.833,915.909,17700.562,2,132,25.059,20.608,NA,4.027,0.013,41.186,33.056
827,8,13,570.833,915.909,18000.571,2,143,25.059,20.608,NA,0,0,0,-41.186
828,8,14,570.833,915.909,18300.581,2,156,25.059,20.608,NA,0,0,0,0
829,8,15,570.833,914.015,18600.59,2,138,26.953,19.109,NA,1.894,0.006,-90,-90
830,8,16,572.727,909.848,18900.6,2,139,31.53,17.576,NA,4.577,0.015,-65.556,24.444
831,8,17,578.788,907.576,19200.609,2,166,38.003,21.737,NA,6.473,0.022,-20.556,45
832,8,18,578.788,907.576,19500.619,2,34,38.003,21.737,NA,0,0,0,20.556
833,8,19,588.258,902.273,19800.628,2,67,48.856,29.7,NA,10.853,0.036,-29.249,-29.249
834,8,20,590.152,899.242,20100.638,2,90,52.43,31.439,NA,3.573,0.012,-57.995,-28.746
835,8,21,593.939,896.591,20400.647,2,130,57.053,35.327,NA,4.624,0.015,-34.992,23.003
836,8,22,596.591,894.318,20700.657,2,109,60.546,38.198,NA,3.492,0.012,-40.601,-5.609
837,8,23,596.591,894.697,21000.667,2,148,60.924,38.151,NA,0.379,0.001,90,130.601
838,8,24,596.591,894.697,21300.676,2,114,60.924,38.151,NA,0,0,0,-90
839,8,25,596.591,894.697,21600.686,2,83,60.924,38.151,NA,0,0,0,0
840,8,26,596.591,894.697,21900.695,2,82,60.924,38.151,NA,0,0,0,0
841,8,27,596.591,894.697,22200.705,2,130,60.924,38.151,NA,0,0,0,0
842,8,28,596.591,894.697,22500.714,2,169,60.924,38.151,NA,0,0,0,0
843,8,29,596.591,894.697,22800.724,2,141,60.924,38.151,NA,0,0,0,0
844,8,30,596.591,894.697,23100.733,2,106,60.924,38.151,NA,0,0,0,0
845,8,31,596.591,894.697,23400.743,2,105,60.924,38.151,NA,0,0,0,0
846,8,32,594.318,892.424,23700.752,2,112,64.139,36.253,NA,3.214,0.011,-135,-135
847,8,33,591.667,892.424,24000.762,2,206,66.79,33.652,NA,2.652,0.009,180,-45
848,8,34,591.667,892.424,24300.771,2,131,66.79,33.652,NA,0,0,0,-180
849,8,35,591.667,892.424,24600.781,2,87,66.79,33.652,NA,0,0,0,0
850,8,36,588.258,901.894,24900.79,2,118,76.855,29.664,NA,10.065,0.034,109.799,109.799
851,8,37,584.47,901.894,25200.8,2,77,80.643,25.894,NA,3.788,0.013,180,70.201
852,8,38,584.47,901.894,25500.809,2,91,80.643,25.894,NA,0,0,0,-180
853,8,39,584.47,901.894,25800.819,2,101,80.643,25.894,NA,0,0,0,0
854,8,40,580.682,901.894,26100.828,2,106,84.43,22.129,NA,3.788,0.013,180,180
855,8,41,579.545,899.621,26400.838,2,159,86.971,20.837,NA,2.541,0.008,-116.565,63.435
856,8,42,579.545,899.621,26700.847,2,133,86.971,20.837,NA,0,0,0,116.565
857,8,43,576.894,896.97,27000.857,2,144,90.721,18.323,NA,3.75,0.012,-135,-135
858,8,44,576.894,896.97,27300.866,2,137,90.721,18.323,NA,0,0,0,135
859,8,45,576.894,898.864,27600.876,2,202,92.615,18.186,NA,1.894,0.006,90,90
860,8,46,576.894,901.894,27900.885,2,151,95.645,18.374,NA,3.03,0.01,90,0
861,8,47,576.894,905.303,28200.895,2,178,99.055,19.165,NA,3.409,0.011,90,0
862,8,48,576.894,905.303,28500.905,2,125,99.055,19.165,NA,0,0,0,-90
863,8,49,576.894,905.303,28800.914,2,146,99.055,19.165,NA,0,0,0,0
864,8,50,579.924,903.409,29100.924,2,138,102.628,21.617,NA,3.573,0.012,-32.005,-32.005
865,8,51,579.924,903.409,29400.933,2,73,102.628,21.617,NA,0,0,0,32.005
866,8,52,572.727,903.409,29700.943,2,165,109.825,14.621,NA,7.197,0.024,180,180
867,8,53,572.727,903.409,30000.952,2,5,109.825,14.621,NA,0,0,0,-180
868,8,54,572.348,913.258,30300.962,2,10,119.681,19.554,NA,9.856,0.033,92.203,92.203
869,8,55,570.455,925.758,30600.971,2,102,132.323,28.999,NA,12.643,0.042,98.616,6.413
870,8,56,569.318,929.167,30900.981,2,113,135.917,31.748,NA,3.593,0.012,108.435,9.819
871,8,57,567.424,934.091,31200.99,2,98,141.193,35.921,NA,5.276,0.018,111.038,2.603
872,8,58,557.197,934.091,31501,2,53,151.42,34.881,NA,10.227,0.034,180,68.962
873,8,59,549.242,934.091,31801.009,2,53,159.375,36.112,NA,7.955,0.027,180,0
874,8,60,549.242,934.091,32101.019,2,84,159.375,36.112,NA,0,0,0,-180
875,8,61,547.348,936.742,32401.028,2,100,162.633,39.184,NA,3.258,0.011,125.538,125.538
876,8,62,547.348,936.742,32701.038,2,73,162.633,39.184,NA,0,0,0,-125.538
877,8,63,547.348,935.606,33001.047,2,159,163.769,38.098,NA,1.136,0.004,-90,-90
878,8,64,547.348,929.545,33301.057,2,235,169.83,32.364,NA,6.061,0.02,-90,0
879,8,65,547.727,929.545,33601.066,2,172,170.209,32.233,NA,0.379,0.001,0,90
880,8,66,547.727,929.545,33901.076,2,120,170.209,32.233,NA,0,0,0,0
881,8,67,547.727,929.545,34201.085,2,85,170.209,32.233,NA,0,0,0,0
882,8,68,541.288,931.439,34501.095,2,147,176.921,36.609,NA,6.712,0.022,163.61,163.61
883,8,69,537.879,931.818,34801.104,2,44,180.351,38.668,NA,3.43,0.011,173.66,10.049
884,8,70,526.515,931.818,35101.114,2,113,191.715,45.802,NA,11.364,0.038,180,6.34
885,8,71,526.136,931.818,35401.124,2,121,192.093,46.069,NA,0.379,0.001,180,0
886,8,72,526.136,929.545,35701.133,2,120,194.366,44.491,NA,2.273,0.008,-90,90
887,8,73,524.242,928.788,36001.143,2,118,196.406,45.399,NA,2.04,0.007,-158.199,-68.199
888,8,74,524.242,928.788,36301.152,2,154,196.406,45.399,NA,0,0,0,158.199
889,8,75,526.894,928.788,36601.162,2,195,199.058,43.42,NA,2.652,0.009,0,0
890,8,76,523.106,933.712,36901.171,2,108,205.27,49.558,NA,6.213,0.021,127.569,127.569
891,8,77,523.106,933.712,37201.181,2,83,205.27,49.558,NA,0,0,0,-127.569
892,8,78,516.667,933.712,37501.19,2,105,211.71,54.369,NA,6.439,0.021,180,180
893,8,79,509.848,933.712,37801.2,2,52,218.528,59.798,NA,6.818,0.023,180,0
894,8,80,508.712,933.712,38101.209,2,117,219.664,60.73,NA,1.136,0.004,180,0
895,8,81,504.167,933.712,38401.219,2,191,224.21,64.524,NA,4.545,0.015,180,0
896,8,82,504.167,930.303,38701.228,2,114,227.619,62.769,NA,3.409,0.011,-90,90
897,8,83,514.773,930.303,39001.238,2,118,238.225,53.809,NA,10.606,0.035,0,90
898,8,84,514.773,930.303,39301.247,2,150,238.225,53.809,NA,0,0,0,0
899,8,85,514.773,930.303,39601.257,2,70,238.225,53.809,NA,0,0,0,0
900,8,86,514.773,937.879,39901.266,2,88,245.8,58.51,NA,7.576,0.025,90,90
901,8,87,514.773,946.97,40201.276,2,48,254.891,64.873,NA,9.091,0.03,90,0
902,8,88,514.773,965.152,40501.285,2,129,273.073,79.213,NA,18.182,0.061,90,0
903,8,89,520.455,977.273,40801.295,2,22,286.46,86.904,NA,13.387,0.045,64.885,-25.115
904,8,90,514.773,979.545,41101.304,2,34,292.58,91.538,NA,6.12,0.02,158.199,93.313
905,8,91,514.773,982.955,41401.314,2,66,295.989,94.543,NA,3.409,0.011,90,-68.199
906,8,92,514.773,989.015,41701.323,2,74,302.049,99.949,NA,6.061,0.02,90,0
907,8,93,514.773,993.939,42001.333,2,29,306.973,104.394,NA,4.924,0.016,90,0
908,8,94,507.197,993.561,42301.343,2,35,314.559,107.47,NA,7.585,0.025,-177.138,92.862
909,8,95,501.894,987.121,42601.352,2,48,322.901,104.647,NA,8.342,0.028,-129.472,47.665
910,8,96,496.97,986.742,42901.362,2,54,327.839,107.091,NA,4.939,0.016,-175.601,-46.129
911,8,97,492.045,990.909,43201.371,2,168,334.29,113.346,NA,6.451,0.022,139.764,-44.635
912,9,1,668.939,972.98,28800.914,2,37,0,0,NA,NA,NA,NA,NA
913,9,2,667.424,977.02,29100.924,2,26,4.315,4.315,NA,4.315,0.014,110.556,NA
914,9,3,663.889,979.04,29400.933,2,53,8.387,7.889,NA,4.072,0.014,150.255,39.699
915,9,4,660.859,979.545,29700.943,2,35,11.459,10.412,NA,3.072,0.01,170.538,20.283
916,9,5,656.313,980.556,30000.952,2,41,16.115,14.725,NA,4.656,0.016,167.471,-3.066
917,9,6,650.253,980.556,30300.962,2,46,22.176,20.164,NA,6.061,0.02,180,12.529
918,9,7,643.182,980.051,30600.971,2,38,29.265,26.71,NA,7.089,0.024,-175.914,4.086
919,9,8,643.182,980.051,30900.981,2,54,29.265,26.71,NA,0,0,0,175.914
920,9,9,631.566,980.051,31200.99,2,95,40.881,38.037,NA,11.616,0.039,180,180
921,9,10,631.566,980.051,31501,2,78,40.881,38.037,NA,0,0,0,-180
922,9,11,631.566,980.051,31801.009,2,74,40.881,38.037,NA,0,0,0,0
923,9,12,631.566,978.03,32101.019,2,36,42.901,37.713,NA,2.02,0.007,-90,-90
924,9,13,634.596,978.03,32401.028,2,61,45.931,34.713,NA,3.03,0.01,0,90
925,9,14,634.596,978.03,32701.038,2,106,45.931,34.713,NA,0,0,0,0
926,9,15,635.606,971.465,33001.047,2,39,52.574,33.368,NA,6.643,0.022,-81.254,-81.254
927,9,16,640.657,971.465,33301.057,2,94,57.625,28.323,NA,5.051,0.017,0,81.254
928,9,17,640.657,971.465,33601.066,2,66,57.625,28.323,NA,0,0,0,0
929,9,18,640.657,971.465,33901.076,2,87,57.625,28.323,NA,0,0,0,0
930,9,19,640.657,971.465,34201.085,2,82,57.625,28.323,NA,0,0,0,0
931,9,20,640.657,971.465,34501.095,2,124,57.625,28.323,NA,0,0,0,0
932,9,21,637.626,977.525,34801.104,2,130,64.401,31.641,NA,6.776,0.023,116.565,116.565
933,9,22,631.566,979.04,35101.114,2,83,70.648,37.862,NA,6.247,0.021,165.964,49.399
934,9,23,625.505,978.535,35401.124,2,172,76.73,43.788,NA,6.082,0.02,-175.236,18.8
935,9,24,616.919,978.03,35701.133,2,155,85.33,52.265,NA,8.601,0.029,-176.634,-1.397
936,9,25,616.919,978.03,36001.143,2,4,85.33,52.265,NA,0,0,0,176.634
937,9,26,597.727,967.929,36301.152,2,130,107.018,71.391,NA,21.688,0.072,-152.241,-152.241
938,9,27,597.222,959.848,36601.162,2,47,115.115,72.909,NA,8.097,0.027,-93.576,58.665
939,9,28,597.222,959.848,36901.171,2,52,115.115,72.909,NA,0,0,0,93.576
940,9,29,597.222,974.495,37201.181,2,62,129.761,71.733,NA,14.646,0.049,90,90
941,9,30,594.192,978.535,37501.19,2,75,134.812,74.954,NA,5.051,0.017,126.87,36.87
942,9,31,588.636,978.535,37801.2,2,94,140.367,80.495,NA,5.556,0.019,180,53.13
943,9,32,583.586,984.091,38101.209,2,111,147.875,86.074,NA,7.508,0.025,132.274,-47.726
944,9,33,567.929,989.646,38401.219,2,110,164.488,102.376,NA,16.613,0.055,160.463,28.19
945,9,34,557.828,986.616,38701.228,2,80,175.034,111.945,NA,10.546,0.035,-163.301,36.236
946,9,35,557.828,986.616,39001.238,2,133,175.034,111.945,NA,0,0,0,163.301
947,9,36,552.273,996.717,39301.247,2,77,186.562,119.057,NA,11.528,0.038,118.811,118.811
948,9,37,549.242,1013.384,39601.257,2,41,203.502,126.332,NA,16.94,0.056,100.305,-18.506
949,9,38,538.636,1013.384,39901.266,2,57,214.108,136.423,NA,10.606,0.035,180,79.695
950,9,39,550.758,1010.354,40201.276,2,45,226.602,123.951,NA,12.494,0.042,-14.036,165.964
951,9,40,553.283,1010.354,40501.285,2,40,229.128,121.545,NA,2.525,0.008,0,14.036
952,9,41,550.758,1019.949,40801.295,2,47,239.05,127.173,NA,9.923,0.033,104.744,104.744
953,9,42,550.758,1019.949,41101.304,2,78,239.05,127.173,NA,0,0,0,-104.744
954,9,43,552.273,1027.525,41401.314,2,36,246.776,128.788,NA,7.726,0.026,78.69,78.69
955,9,44,552.273,1027.525,41701.323,2,43,246.776,128.788,NA,0,0,0,-78.69
956,9,45,552.273,1027.525,42001.333,2,50,246.776,128.788,NA,0,0,0,0
957,9,46,552.273,1027.525,42301.343,2,89,246.776,128.788,NA,0,0,0,0
958,9,47,556.313,1026.01,42601.352,2,66,251.091,124.486,NA,4.315,0.014,-20.556,-20.556
959,9,48,556.313,1025.505,42901.362,2,29,251.596,124.272,NA,0.505,0.002,-90,-69.444
960,9,49,556.313,1023.99,43201.371,2,37,253.111,123.639,NA,1.515,0.005,-90,0
961,9,50,556.313,1004.798,43501.381,2,66,272.303,117.034,NA,19.192,0.064,-90,0
962,9,51,556.313,1004.798,43801.39,2,46,272.303,117.034,NA,0,0,0,90
963,9,52,544.697,1004.798,44101.4,2,101,283.919,128.252,NA,11.616,0.039,180,180
964,9,53,542.677,1003.283,44401.409,2,50,286.445,129.848,NA,2.525,0.008,-143.13,36.87
965,9,54,542.677,999.242,44701.419,2,18,290.485,128.965,NA,4.04,0.013,-90,53.13
966,9,55,540.152,1012.374,45001.428,2,51,303.857,134.678,NA,13.372,0.045,100.886,-169.114
967,9,56,533.586,1010.859,45301.438,2,47,310.595,140.554,NA,6.738,0.022,-167.005,92.109
968,9,57,535.606,999.747,45601.447,2,88,321.888,135.994,NA,11.293,0.038,-79.695,87.31
969,9,58,535.606,999.747,45901.457,2,63,321.888,135.994,NA,0,0,0,79.695
970,9,59,535.606,999.747,46201.466,2,101,321.888,135.994,NA,0,0,0,0
971,9,60,535.606,999.747,46501.476,2,53,321.888,135.994,NA,0,0,0,0
972,9,61,527.525,999.747,46801.485,2,127,329.969,143.925,NA,8.081,0.027,180,180
973,9,62,527.525,999.747,47101.495,2,79,329.969,143.925,NA,0,0,0,-180
974,9,63,527.525,999.747,47401.504,2,104,329.969,143.925,NA,0,0,0,0
975,9,64,527.525,999.747,47701.514,2,121,329.969,143.925,NA,0,0,0,0
976,9,65,529.04,1008.333,48001.523,2,110,338.688,144.297,NA,8.719,0.029,79.992,79.992
977,9,66,529.04,1009.848,48301.533,2,3,340.203,144.676,NA,1.515,0.005,90,10.008
978,9,67,538.636,1026.01,48601.542,2,101,358.999,140.681,NA,18.796,0.063,59.3,-30.7
979,9,68,539.141,1029.545,48901.552,2,91,362.57,141.588,NA,3.571,0.012,81.87,22.57
980,9,69,539.141,1032.071,49201.562,2,69,365.095,142.616,NA,2.525,0.008,90,8.13
981,9,70,545.202,1030.556,49501.571,2,9,371.342,136.477,NA,6.247,0.021,-14.036,-104.036
982,9,71,526.01,1029.545,49801.581,2,167,390.561,153.716,NA,19.218,0.064,-176.987,-162.951
983,10,1,645.202,909.343,31200.99,2,28,0,0,NA,NA,NA,NA,NA
984,10,2,644.697,909.343,31501,2,16,0.505,0.505,NA,0.505,0.002,180,NA
985,10,3,644.697,909.343,31801.009,2,61,0.505,0.505,NA,0,0,0,-180
986,10,4,644.697,912.374,32101.019,2,38,3.535,3.072,NA,3.03,0.01,90,90
987,10,5,644.697,912.374,32401.028,2,42,3.535,3.072,NA,0,0,0,-90
988,10,6,644.697,913.889,32701.038,2,86,5.051,4.573,NA,1.515,0.005,90,90
989,10,7,644.697,913.889,33001.047,2,68,5.051,4.573,NA,0,0,0,-90
990,10,8,641.162,909.343,33301.057,2,87,10.809,4.04,NA,5.758,0.019,-127.875,-127.875
991,10,9,641.162,901.768,33601.066,2,104,18.385,8.586,NA,7.576,0.025,-90,37.875
992,10,10,641.162,897.222,33901.076,2,31,22.93,12.777,NA,4.545,0.015,-90,0
993,10,11,643.182,889.141,34201.085,2,86,31.26,20.303,NA,8.33,0.028,-75.964,14.036
994,10,12,643.182,892.172,34501.095,2,80,34.29,17.29,NA,3.03,0.01,90,165.964
995,10,13,643.182,892.172,34801.104,2,110,34.29,17.29,NA,0,0,0,-90
996,10,14,643.182,892.172,35101.114,2,101,34.29,17.29,NA,0,0,0,0
997,10,15,643.182,892.172,35401.124,2,2,34.29,17.29,NA,0,0,0,0
998,10,16,628.535,892.172,35701.133,2,2,48.936,23.93,NA,14.646,0.049,180,180
999,10,17,613.384,902.273,36001.143,2,100,67.146,32.594,NA,18.21,0.061,146.31,-33.69
1000,10,18,610.859,907.828,36301.152,2,105,73.249,34.377,NA,6.103,0.02,114.444,-31.866
1001,10,19,610.859,907.828,36601.162,2,137,73.249,34.377,NA,0,0,0,-114.444
1002,10,20,610.859,911.364,36901.171,2,67,76.784,34.403,NA,3.535,0.012,90,90
1003,10,21,604.293,914.394,37201.181,2,75,84.015,41.22,NA,7.231,0.024,155.225,65.225
1004,10,22,604.293,914.394,37501.19,2,100,84.015,41.22,NA,0,0,0,-155.225
1005,10,23,597.222,910.859,37801.2,2,91,91.921,48.004,NA,7.905,0.026,-153.435,-153.435
1006,10,24,582.576,906.313,38101.209,2,70,107.256,62.7,NA,15.336,0.051,-162.759,-9.324
1007,10,25,582.071,906.313,38401.219,2,146,107.761,63.204,NA,0.505,0.002,180,-17.241
1008,10,26,582.071,909.848,38701.228,2,174,111.297,63.133,NA,3.535,0.012,90,-90
1009,10,27,582.071,915.909,39001.238,2,147,117.357,63.472,NA,6.061,0.02,90,0
1010,10,28,582.071,917.424,39301.247,2,117,118.872,63.646,NA,1.515,0.005,90,0
1011,10,29,576.01,917.424,39601.257,2,144,124.933,69.662,NA,6.061,0.02,180,90
1012,10,30,566.414,917.424,39901.266,2,137,134.529,79.201,NA,9.596,0.032,180,0
1013,10,31,566.414,917.424,40201.276,2,140,134.529,79.201,NA,0,0,0,-180
1014,10,32,554.798,918.939,40501.285,2,88,146.244,90.912,NA,11.715,0.039,172.569,172.569
1015,10,33,545.202,918.939,40801.295,2,58,155.84,100.459,NA,9.596,0.032,180,7.431
1016,10,34,548.737,912.374,41101.304,2,84,163.297,96.512,NA,7.457,0.025,-61.699,118.301
1017,10,35,548.737,912.374,41401.314,2,151,163.297,96.512,NA,0,0,0,61.699
1018,10,36,551.768,919.949,41701.323,2,148,171.456,94.034,NA,8.159,0.027,68.199,68.199
1019,10,37,551.768,923.485,42001.333,2,102,174.991,94.498,NA,3.535,0.012,90,21.801
1020,10,38,551.768,923.485,42301.343,2,74,174.991,94.498,NA,0,0,0,-90
1021,10,39,547.222,923.485,42601.352,2,108,179.537,98.995,NA,4.545,0.015,180,180
1022,10,40,547.222,923.485,42901.362,2,72,179.537,98.995,NA,0,0,0,-180
1023,10,41,535.101,919.949,43201.371,2,99,192.163,110.611,NA,12.626,0.042,-163.74,-163.74
1024,10,42,534.091,915.404,43501.381,2,111,196.819,111.276,NA,4.656,0.016,-102.529,61.211
1025,10,43,534.091,910.859,43801.39,2,140,201.365,111.121,NA,4.545,0.015,-90,12.529
1026,10,44,534.091,910.354,44101.4,2,163,201.87,111.116,NA,0.505,0.002,-90,0
1027,10,45,530.051,910.859,44401.409,2,130,205.942,115.161,NA,4.072,0.014,172.875,-97.125
1028,10,46,524.495,913.889,44701.419,2,64,212.27,120.793,NA,6.328,0.021,151.39,-21.485
1029,10,47,524.495,913.889,45001.428,2,70,212.27,120.793,NA,0,0,0,-151.39
1030,10,48,525.505,910.354,45301.438,2,69,215.947,119.701,NA,3.677,0.012,-74.055,-74.055
1031,10,49,525.505,905.808,45601.447,2,63,220.492,119.749,NA,4.545,0.015,-90,-15.945
1032,10,50,525.505,905.808,45901.457,2,2,220.492,119.749,NA,0,0,0,90
1033,10,51,477.02,906.818,46201.466,2,72,268.988,168.201,NA,48.495,0.162,178.807,178.807
1034,10,52,470.455,897.727,46501.476,2,136,280.201,175.133,NA,11.214,0.037,-125.838,55.356
1035,11,1,655.303,819.444,35401.124,2,14,0,0,NA,NA,NA,NA,NA
1036,11,2,651.768,823.485,35701.133,2,9,5.369,5.369,NA,5.369,0.018,131.186,NA
1037,11,3,651.768,824.495,36001.143,2,4,6.379,6.165,NA,1.01,0.003,90,-41.186
1038,11,4,644.192,824.495,36301.152,2,41,13.955,12.205,NA,7.576,0.025,180,90
1039,11,5,644.192,824.495,36601.162,2,6,13.955,12.205,NA,0,0,0,-180
1040,11,6,639.141,822.475,36901.171,2,114,19.394,16.443,NA,5.44,0.018,-158.199,-158.199
1041,11,7,638.131,822.475,37201.181,2,10,20.404,17.437,NA,1.01,0.003,180,-21.801
1042,11,8,628.535,812.879,37501.19,2,88,33.975,27.561,NA,13.571,0.045,-135,45
1043,11,9,628.535,813.384,37801.2,2,106,34.48,27.445,NA,0.505,0.002,90,-135
1044,11,10,627.525,813.384,38101.209,2,90,35.49,28.431,NA,1.01,0.003,180,90
1045,11,11,627.02,813.384,38401.219,2,68,35.995,28.925,NA,0.505,0.002,180,0
1046,11,12,627.02,813.384,38701.228,2,52,35.995,28.925,NA,0,0,0,-180
1047,11,13,615.909,813.384,39001.238,2,116,47.106,39.857,NA,11.111,0.037,180,180
1048,11,14,613.384,810.859,39301.247,2,104,50.678,42.789,NA,3.571,0.012,-135,45
1049,11,15,605.808,810.859,39601.257,2,111,58.253,50.234,NA,7.576,0.025,180,-45
1050,11,16,605.808,810.859,39901.266,2,3,58.253,50.234,NA,0,0,0,-180
1051,11,17,605.808,821.97,40201.276,2,66,69.364,49.559,NA,11.111,0.037,90,90
1052,11,18,601.768,831.566,40501.285,2,255,79.776,54.89,NA,10.412,0.035,112.834,22.834
1053,11,19,586.111,835.101,40801.295,2,235,95.827,70.941,NA,16.051,0.054,167.276,54.442
1054,11,20,586.111,835.101,41101.304,2,255,95.827,70.941,NA,0,0,0,-167.276
1055,11,21,585.606,841.162,41401.314,2,228,101.909,73.002,NA,6.082,0.02,94.764,94.764
1056,11,22,574.495,841.162,41701.323,2,234,113.02,83.675,NA,11.111,0.037,180,85.236
1057,11,23,543.687,841.162,42001.333,2,110,143.828,113.709,NA,30.808,0.103,180,0
1058,11,24,544.697,841.162,42301.343,2,155,144.838,112.718,NA,1.01,0.003,0,-180
1059,11,25,524.495,841.162,42601.352,2,136,165.04,132.599,NA,20.202,0.067,180,180
1060,11,26,513.384,838.131,42901.362,2,255,176.557,143.144,NA,11.517,0.038,-164.745,15.255
1061,11,27,513.384,834.596,43201.371,2,207,180.092,142.726,NA,3.535,0.012,-90,74.745
1062,11,28,494.697,839.646,43501.381,2,180,199.45,161.872,NA,19.357,0.065,164.876,-105.124
1063,11,29,485.985,848.864,43801.39,2,58,212.133,171.855,NA,12.683,0.042,133.386,-31.49
1064,11,30,499.621,869.318,44101.4,2,23,236.716,163.475,NA,24.583,0.082,56.31,-77.077
1065,11,31,499.621,875,44401.409,2,58,242.398,165.297,NA,5.682,0.019,90,33.69
1066,11,32,502.652,884.848,44701.419,2,125,252.702,166.073,NA,10.304,0.034,72.897,-17.103
1067,11,33,502.652,885.227,45001.428,2,135,253.081,166.222,NA,0.379,0.001,90,17.103
1068,11,34,507.955,884.47,45301.438,2,2,258.438,161.059,NA,5.357,0.018,-8.13,-98.13
1069,11,35,539.394,889.015,45601.447,2,186,290.204,135.185,NA,31.766,0.106,8.227,16.357
1070,11,36,539.394,889.015,45901.457,2,128,290.204,135.185,NA,0,0,0,-8.227
1071,11,37,539.394,889.015,46201.466,2,168,290.204,135.185,NA,0,0,0,0
1072,11,38,529.924,884.091,46501.476,2,143,300.877,141.064,NA,10.673,0.036,-152.526,-152.526
1073,11,39,523.485,890.909,46801.485,2,169,310.256,149.944,NA,9.378,0.031,133.363,-74.111
1074,11,40,523.485,890.909,47101.495,2,159,310.256,149.944,NA,0,0,0,-133.363
1075,11,41,528.788,892.803,47401.504,2,152,315.887,146.245,NA,5.631,0.019,19.654,19.654
1076,11,42,547.727,894.318,47701.514,2,149,334.887,131.067,NA,19,0.063,4.574,-15.08
1077,11,43,553.788,889.015,48001.523,2,239,342.94,123.067,NA,8.053,0.027,-41.186,-45.76
1078,11,44,557.955,896.212,48301.533,2,94,351.256,123.976,NA,8.316,0.028,59.931,101.117
1079,11,45,557.955,896.212,48601.542,2,137,351.256,123.976,NA,0,0,0,-59.931
1080,11,46,566.667,893.182,48901.552,2,197,360.48,115.298,NA,9.224,0.031,-19.179,-19.179
1081,11,47,560.606,890.53,49201.562,2,198,367.095,118.409,NA,6.615,0.022,-156.371,-137.192
1082,11,48,556.061,885.227,49501.571,2,252,374.08,119.065,NA,6.985,0.023,-130.601,25.769
1083,11,49,555.303,884.47,49801.581,2,151,375.151,119.282,NA,1.071,0.004,-135,-4.399
1084,11,50,550.379,889.773,50101.59,2,66,382.388,126.314,NA,7.237,0.024,132.879,-92.121
1085,11,51,541.667,907.197,50401.6,2,83,401.869,143.575,NA,19.481,0.065,116.565,-16.314
1086,11,52,512.5,910.985,50701.609,2,132,431.28,169.624,NA,29.412,0.098,172.6,56.035
1087,11,53,506.439,898.864,51001.619,2,54,444.832,168.724,NA,13.552,0.045,-116.565,70.835
1088,11,54,506.439,898.106,51301.628,2,55,445.59,168.369,NA,0.758,0.003,-90,26.565
1089,11,55,522.348,909.091,51601.638,2,86,464.923,160.354,NA,19.333,0.064,34.624,124.624
1090,11,56,532.197,929.167,51901.647,2,55,487.284,164.906,NA,22.361,0.075,63.869,29.245
1091,11,57,523.864,930.303,52201.657,2,66,495.695,171.947,NA,8.41,0.028,172.235,108.366
1092,11,58,523.864,930.303,52501.666,2,49,495.695,171.947,NA,0,0,0,-172.235
1093,11,59,523.864,930.303,52801.676,2,2,495.695,171.947,NA,0,0,0,0
1094,11,60,517.045,915.53,53101.685,2,103,511.965,168.368,NA,16.27,0.054,-114.775,-114.775
1095,11,61,520.833,889.394,53401.695,2,96,538.374,151.575,NA,26.409,0.088,-81.754,33.021
1096,11,62,534.47,887.879,53701.704,2,182,552.095,138.867,NA,13.72,0.046,-6.34,75.413
1097,11,63,534.47,882.955,54001.714,2,226,557.019,136.507,NA,4.924,0.016,-90,-83.66
1098,11,64,534.47,882.955,54301.723,2,255,557.019,136.507,NA,0,0,0,90
1099,11,65,518.561,881.061,54601.733,2,222,573.04,149.983,NA,16.021,0.053,-173.211,-173.211
1100,11,66,514.773,876.515,54901.742,2,2,578.957,151.677,NA,5.917,0.02,-129.806,43.405
1101,11,67,495.455,887.121,55201.752,2,77,600.995,173.585,NA,22.038,0.073,151.232,-78.962
1102,11,68,464.773,904.924,55501.761,2,31,636.468,208.827,NA,35.473,0.118,149.876,-1.357
1103,11,69,450.758,925.379,55801.771,2,89,661.264,230.35,NA,24.795,0.083,124.418,-25.457
1104,12,1,1058.333,766.414,38701.228,2,42,0,0,NA,NA,NA,NA,NA
1105,12,2,1057.828,759.848,39001.238,2,43,6.585,6.585,NA,6.585,0.022,-94.399,NA
1106,12,3,1057.828,746.717,39301.247,2,45,19.716,19.703,NA,13.131,0.044,-90,4.399
1107,12,4,1057.828,739.141,39601.257,2,94,27.292,27.277,NA,7.576,0.025,-90,0
1108,12,5,1057.828,732.576,39901.266,2,160,33.858,33.842,NA,6.566,0.022,-90,0
1109,12,6,1063.384,730.556,40201.276,2,231,39.769,36.213,NA,5.911,0.02,-19.983,70.017
1110,12,7,1065.404,733.081,40501.285,2,139,43.003,34.075,NA,3.234,0.011,51.34,71.323
1111,12,8,1076.01,733.081,40801.295,2,210,53.609,37.73,NA,10.606,0.035,0,-51.34
1112,12,9,1076.515,731.566,41101.304,2,138,55.206,39.306,NA,1.597,0.005,-71.565,-71.565
1113,12,10,1077.02,743.687,41401.314,2,53,67.338,29.423,NA,12.132,0.04,87.614,159.179
1114,12,11,1083.586,745.707,41701.323,2,109,74.207,32.657,NA,6.869,0.023,17.103,-70.511
1115,12,12,1083.586,745.202,42001.333,2,67,74.713,32.979,NA,0.505,0.002,-90,-107.103
1116,12,13,1083.586,736.111,42301.343,2,119,83.803,39.446,NA,9.091,0.03,-90,0
1117,12,14,1085.101,736.111,42601.352,2,89,85.319,40.432,NA,1.515,0.005,0,90
1118,12,15,1093.182,742.677,42901.362,2,86,95.73,42.165,NA,10.412,0.035,39.094,39.094
1119,12,16,1102.778,758.838,43201.371,2,117,114.526,45.085,NA,18.796,0.063,59.3,20.206
1120,12,17,1102.778,763.384,43501.381,2,114,119.072,44.548,NA,4.545,0.015,90,30.7
1121,12,18,1102.778,763.384,43801.39,2,173,119.072,44.548,NA,0,0,0,-90
1122,12,19,1098.737,763.889,44101.4,2,109,123.144,40.483,NA,4.072,0.014,172.875,172.875
1123,12,20,1097.222,765.404,44401.409,2,110,125.286,38.902,NA,2.143,0.007,135,-37.875
1124,12,21,1097.222,765.404,44701.419,2,114,125.286,38.902,NA,0,0,0,-135
1125,12,22,1097.222,767.929,45001.428,2,140,127.812,38.918,NA,2.525,0.008,90,90
1126,12,23,1097.222,770.96,45301.438,2,157,130.842,39.154,NA,3.03,0.01,90,0
1127,12,24,1105.808,769.949,45601.447,2,166,139.487,47.606,NA,8.645,0.029,-6.71,-96.71
1128,12,25,1115.909,765.404,45901.457,2,163,150.564,57.585,NA,11.077,0.037,-24.228,-17.518
1129,12,26,1115.909,765.404,46201.466,2,133,150.564,57.585,NA,0,0,0,24.228
1130,12,27,1115.909,765.404,46501.476,2,242,150.564,57.585,NA,0,0,0,0
1131,12,28,1115.909,765.404,46801.485,2,151,150.564,57.585,NA,0,0,0,0
1132,12,29,1115.909,765.404,47101.495,2,155,150.564,57.585,NA,0,0,0,0
1133,12,30,1113.384,765.404,47401.504,2,231,153.089,55.06,NA,2.525,0.008,180,180
1134,12,31,1111.364,765.404,47701.514,2,255,155.109,53.04,NA,2.02,0.007,180,0
1135,12,32,1107.828,763.889,48001.523,2,236,158.955,49.559,NA,3.846,0.013,-156.801,23.199
1136,12,33,1107.828,762.374,48301.533,2,255,160.47,49.66,NA,1.515,0.005,-90,66.801
1137,12,34,1107.828,761.364,48601.542,2,111,161.481,49.752,NA,1.01,0.003,-90,0
1138,12,35,1113.384,761.364,48901.552,2,255,167.036,55.282,NA,5.556,0.019,0,90
1139,12,36,1113.889,760.859,49201.562,2,116,167.75,55.833,NA,0.714,0.002,-45,-45
1140,12,37,1113.889,760.859,49501.571,2,154,167.75,55.833,NA,0,0,0,45
1141,12,38,1113.889,766.414,49801.581,2,107,173.306,55.556,NA,5.556,0.019,90,90
1142,12,39,1113.384,768.434,50101.59,2,102,175.388,55.088,NA,2.082,0.007,104.036,14.036
1143,12,40,1113.384,768.434,50401.6,2,64,175.388,55.088,NA,0,0,0,-104.036
1144,12,41,1113.384,768.434,50701.609,2,107,175.388,55.088,NA,0,0,0,0
1145,12,42,1113.384,768.434,51001.619,2,136,175.388,55.088,NA,0,0,0,0
1146,12,43,1113.384,768.434,51301.628,2,139,175.388,55.088,NA,0,0,0,0
1147,12,44,1108.333,764.899,51601.638,2,149,181.553,50.023,NA,6.165,0.021,-145.008,-145.008
1148,12,45,1108.333,764.899,51901.647,2,138,181.553,50.023,NA,0,0,0,145.008
1149,12,46,1109.848,764.899,52201.657,2,79,183.068,51.537,NA,1.515,0.005,0,0
1150,12,47,1114.394,761.364,52501.666,2,50,188.827,56.288,NA,5.758,0.019,-37.875,-37.875
1151,12,48,1126.515,749.242,52801.676,2,134,205.969,70.311,NA,17.142,0.057,-45,-7.125
1152,12,49,1130.051,753.788,53101.685,2,225,211.727,72.82,NA,5.758,0.019,52.125,97.125
1153,12,50,1141.667,753.788,53401.695,2,182,223.343,84.284,NA,11.616,0.039,0,-52.125
1154,12,51,1141.667,753.788,53701.704,2,140,223.343,84.284,NA,0,0,0,0
1155,12,52,1149.747,748.737,54001.714,2,187,232.873,93.108,NA,9.529,0.032,-32.005,-32.005
1156,12,53,1151.263,745.202,54301.723,2,93,236.719,95.32,NA,3.846,0.013,-66.801,-34.796
1157,12,54,1154.293,754.293,54601.733,2,188,246.302,96.722,NA,9.583,0.032,71.565,138.366
1158,12,55,1182.071,760.859,54901.742,2,71,274.845,123.862,NA,28.543,0.095,13.299,-58.266
1159,12,56,1185.101,767.929,55201.752,2,16,282.538,126.777,NA,7.693,0.026,66.801,53.503
1160,12,57,1185.101,767.929,55501.761,2,34,282.538,126.777,NA,0,0,0,-66.801
1161,12,58,1189.141,775,55801.771,2,72,290.681,131.09,NA,8.144,0.027,60.255,60.255
1162,12,59,1188.636,773.485,56101.781,2,58,292.278,130.495,NA,1.597,0.005,-108.435,-168.69
1163,12,60,1193.687,773.485,56401.79,2,187,297.329,135.538,NA,5.051,0.017,0,108.435
1164,12,61,1189.646,774.495,56701.8,2,152,301.494,131.562,NA,4.165,0.014,165.964,165.964
1165,12,62,1186.616,780.051,57001.809,2,162,307.822,129.006,NA,6.328,0.021,118.61,-47.353
1166,12,63,1199.242,763.889,57301.819,2,105,328.331,140.932,NA,20.509,0.068,-52.001,-170.612
1167,12,64,1201.768,755.303,57601.828,2,161,337.28,143.864,NA,8.95,0.03,-73.61,-21.609
1168,12,65,1202.778,747.727,57901.838,2,148,344.923,145.648,NA,7.643,0.025,-82.405,-8.795
1169,12,66,1202.778,735.606,58201.847,2,128,357.045,147.693,NA,12.121,0.04,-90,-7.595
1170,12,67,1207.828,726.01,58501.857,2,88,367.888,154.859,NA,10.844,0.036,-62.241,27.759
1171,12,68,1207.323,718.434,58801.866,2,83,375.481,156.525,NA,7.593,0.025,-93.814,-31.573
1172,12,69,1211.869,716.919,59101.876,2,94,380.272,161.316,NA,4.791,0.016,-18.435,75.379
1173,12,70,1218.939,709.343,59401.885,2,54,390.635,170.445,NA,10.363,0.035,-46.975,-28.54
1174,12,71,1214.899,700.253,59701.895,2,39,400.583,169.971,NA,9.948,0.033,-113.962,-66.988
1175,12,72,1214.899,700.758,60001.904,2,3,401.088,169.775,NA,0.505,0.002,90,-156.038
1176,12,73,1216.414,682.071,60301.914,2,17,419.837,179.174,NA,18.748,0.062,-85.365,-175.365
1177,12,74,1225,682.071,60601.923,2,22,428.423,186.793,NA,8.586,0.029,0,85.365
1178,12,75,1237.121,664.394,60901.933,2,9,449.856,205.848,NA,21.433,0.071,-55.561,-55.561
1179,13,1,1055.303,745.202,44101.4,2,35,0,0,NA,NA,NA,NA,NA
1180,13,2,1063.889,738.131,44401.409,2,45,11.123,11.123,NA,11.123,0.037,-39.472,NA
1181,13,3,1063.889,736.616,44701.419,2,136,12.638,12.142,NA,1.515,0.005,-90,-50.528
1182,13,4,1063.889,736.616,45001.428,2,101,12.638,12.142,NA,0,0,0,90
1183,13,5,1067.424,727.02,45301.438,2,126,22.864,21.852,NA,10.226,0.034,-69.775,-69.775
1184,13,6,1089.141,715.909,45601.447,2,255,47.259,44.756,NA,24.395,0.081,-27.096,42.68
1185,13,7,1089.141,715.909,45901.457,2,201,47.259,44.756,NA,0,0,0,27.096
1186,13,8,1099.242,710.354,46201.466,2,122,58.787,56.081,NA,11.528,0.038,-28.811,-28.811
1187,13,9,1116.919,710.354,46501.476,2,71,76.464,70.788,NA,17.677,0.059,0,28.811
1188,13,10,1133.081,710.354,46801.485,2,41,92.625,85.228,NA,16.162,0.054,0,0
1189,13,11,1162.879,728.03,47101.495,2,159,127.272,108.938,NA,34.647,0.115,30.677,30.677
1190,13,12,1177.02,730.051,47401.504,2,128,141.557,122.657,NA,14.285,0.048,8.13,-22.547
1191,13,13,1203.283,714.899,47701.514,2,82,171.877,151.051,NA,30.32,0.101,-29.982,-38.112
1192,13,14,1203.283,717.424,48001.523,2,138,174.402,150.564,NA,2.525,0.008,90,119.982
1193,13,15,1202.273,719.444,48301.533,2,227,176.66,149.21,NA,2.259,0.008,116.565,26.565
1194,13,16,1202.273,728.535,48601.542,2,47,185.751,147.912,NA,9.091,0.03,90,-26.565
1195,13,17,1209.848,746.212,48901.552,2,63,204.983,154.549,NA,19.232,0.064,66.801,-23.199
1196,13,18,1207.323,751.768,49201.562,2,54,211.086,152.162,NA,6.103,0.02,114.444,47.643
1197,13,19,1208.838,769.949,49501.571,2,59,229.331,155.517,NA,18.245,0.061,85.236,-29.208
1198,13,20,1208.838,775,49801.581,2,221,234.381,156.4,NA,5.051,0.017,90,4.764
1199,13,21,1204.293,777.525,50101.59,2,123,239.581,152.456,NA,5.2,0.017,150.945,60.945
1200,13,22,1206.313,748.232,50401.6,2,44,268.943,151.041,NA,29.363,0.098,-86.055,123
1201,13,23,1213.889,749.747,50701.609,2,100,276.669,158.651,NA,7.726,0.026,11.31,97.365
1202,13,24,1218.939,736.616,51001.619,2,141,290.738,163.861,NA,14.069,0.047,-68.962,-80.272
1203,13,25,1228.03,742.172,51301.628,2,118,301.392,172.754,NA,10.654,0.036,31.43,100.392
1204,13,26,1250.253,740.657,51601.638,2,207,323.666,195.002,NA,22.274,0.074,-3.9,-35.33
1205,13,27,1263.384,733.586,51901.647,2,255,338.58,208.405,NA,14.914,0.05,-28.301,-24.4
1206,14,1,991.162,608.838,40801.295,2,104,0,0,NA,NA,NA,NA,NA
1207,14,2,996.212,604.798,41101.304,2,105,6.468,6.468,NA,6.468,0.022,-38.66,NA
1208,14,3,996.212,599.747,41401.314,2,60,11.518,10.4,NA,5.051,0.017,-90,-51.34
1209,14,4,1009.848,594.697,41701.323,2,124,26.06,23.435,NA,14.542,0.048,-20.323,69.677
1210,14,5,1026.01,593.687,42001.333,2,40,42.253,38,NA,16.193,0.054,-3.576,16.747
1211,14,6,1047.222,593.687,42301.343,2,123,63.465,58.072,NA,21.212,0.071,0,3.576
1212,14,7,1047.222,593.687,42601.352,2,227,63.465,58.072,NA,0,0,0,0
1213,14,8,1054.798,593.687,42901.362,2,122,71.041,65.415,NA,7.576,0.025,0,0
1214,14,9,1055.808,593.687,43201.371,2,120,72.051,66.398,NA,1.01,0.003,0,0
1215,14,10,1057.323,593.687,43501.381,2,167,73.566,67.874,NA,1.515,0.005,0,0
1216,14,11,1057.323,593.687,43801.39,2,136,73.566,67.874,NA,0,0,0,0
1217,14,12,1058.838,593.687,44101.4,2,153,75.081,69.352,NA,1.515,0.005,0,0
1218,14,13,1060.354,593.687,44401.409,2,147,76.596,70.831,NA,1.515,0.005,0,0
1219,14,14,1054.293,591.667,44701.419,2,114,82.985,65.425,NA,6.388,0.021,-161.565,-161.565
1220,14,15,1054.293,587.626,45001.428,2,109,87.025,66.6,NA,4.04,0.013,-90,71.565
1221,14,16,1062.879,588.131,45301.438,2,130,95.626,74.647,NA,8.601,0.029,3.366,93.366
1222,14,17,1062.879,599.747,45601.447,2,95,107.242,72.291,NA,11.616,0.039,90,86.634
1223,14,18,1061.869,599.242,45901.457,2,51,108.372,71.355,NA,1.129,0.004,-153.435,116.565
1224,14,19,1056.818,583.586,46201.466,2,82,124.823,70.345,NA,16.451,0.055,-107.879,45.556
1225,14,20,1060.606,564.773,46501.476,2,46,144.013,82.245,NA,19.191,0.064,-78.616,29.263
1226,14,21,1060.606,563.636,46801.485,2,44,145.15,82.86,NA,1.136,0.004,-90,-11.384
1227,14,22,1060.606,558.712,47101.495,2,17,150.074,85.646,NA,4.924,0.016,-90,0
1228,14,23,1060.606,550.379,47401.504,2,25,158.407,90.775,NA,8.333,0.028,-90,0
1229,14,24,1056.818,543.939,47701.514,2,2,165.878,92.318,NA,7.471,0.025,-120.466,-30.466
1230,14,25,1057.576,532.197,48001.523,2,2,177.645,101.414,NA,11.767,0.039,-86.309,34.157
1231,15,1,996.717,721.465,51001.619,2,8,0,0,NA,NA,NA,NA,NA
1232,15,2,1001.263,709.848,51301.628,2,53,12.474,12.474,NA,12.474,0.042,-68.629,NA
1233,15,3,1004.798,703.788,51601.638,2,40,19.49,19.436,NA,7.016,0.023,-59.744,8.886
1234,15,4,1011.364,687.626,51901.647,2,92,36.935,36.872,NA,17.444,0.058,-67.891,-8.147
1235,15,5,1017.424,682.576,52201.657,2,145,44.824,44.058,NA,7.889,0.026,-39.806,28.085
1236,15,6,1019.949,677.02,52501.666,2,156,50.926,50.15,NA,6.103,0.02,-65.556,-25.75
1237,15,7,1019.949,678.03,52801.676,2,141,51.936,49.257,NA,1.01,0.003,90,155.556
1238,15,8,1019.949,678.03,53101.685,2,93,51.936,49.257,NA,0,0,0,-90
1239,15,9,1033.586,669.949,53401.695,2,129,67.787,63.349,NA,15.851,0.053,-30.651,-30.651
1240,15,10,1033.586,669.949,53701.704,2,225,67.787,63.349,NA,0,0,0,30.651
1241,15,11,1033.586,669.949,54001.714,2,246,67.787,63.349,NA,0,0,0,0
1242,15,12,1030.556,669.949,54301.723,2,255,70.818,61.635,NA,3.03,0.01,180,180
1243,15,13,1028.535,668.434,54601.733,2,201,73.343,61.843,NA,2.525,0.008,-143.13,36.87
1244,15,14,1019.949,668.434,54901.742,2,255,81.929,57.896,NA,8.586,0.029,180,-36.87
1245,15,15,1019.444,663.889,55201.752,2,255,86.502,61.899,NA,4.573,0.015,-96.34,83.66
1246,15,16,1012.374,663.889,55501.761,2,204,93.573,59.667,NA,7.071,0.024,180,-83.66
1247,15,17,1012.374,663.889,55801.771,2,251,93.573,59.667,NA,0,0,0,-180
1248,15,18,1012.374,673.99,56101.781,2,176,103.674,49.99,NA,10.101,0.034,90,90
1249,15,19,1009.848,675.505,56401.79,2,198,106.619,47.799,NA,2.945,0.01,149.036,59.036
1250,15,20,1011.364,675.505,56701.8,2,74,108.134,48.237,NA,1.515,0.005,0,-149.036
1251,15,21,1022.98,672.98,57001.809,2,111,120.021,55.141,NA,11.887,0.04,-12.265,-12.265
1252,15,22,1022.98,664.394,57301.819,2,229,128.607,62.823,NA,8.586,0.029,-90,-77.735
1253,15,23,1022.98,662.374,57601.828,2,193,130.627,64.664,NA,2.02,0.007,-90,0
1254,15,24,1019.444,660.354,57901.838,2,188,134.699,65.2,NA,4.072,0.014,-150.255,-60.255
1255,15,25,1018.939,630.051,58201.847,2,37,165.006,94.076,NA,30.307,0.101,-90.955,59.3
1256,15,26,1028.03,622.475,58501.857,2,23,176.84,103.824,NA,11.834,0.039,-39.806,51.149
1257,15,27,1041.667,616.919,58801.866,2,71,191.565,113.799,NA,14.725,0.049,-22.166,17.639
1258,15,28,1047.727,600.758,59101.876,2,43,208.825,131.043,NA,17.261,0.058,-69.444,-47.278
1259,15,29,1062.879,590.657,59401.885,2,134,227.035,146.588,NA,18.21,0.061,-33.69,35.754
1260,15,30,1071.97,589.141,59701.895,2,108,236.252,152.225,NA,9.216,0.031,-9.462,24.228
1261,15,31,1091.162,580.051,60001.904,2,71,257.488,170.052,NA,21.236,0.071,-25.346,-15.884
1262,15,32,1106.313,578.03,60301.914,2,82,272.773,180.512,NA,15.286,0.051,-7.595,17.752
1263,15,33,1131.061,574.495,60601.923,2,72,297.772,199.119,NA,24.999,0.083,-8.13,-0.535
1264,15,34,1140.152,564.899,60901.933,2,103,310.991,212.335,NA,13.218,0.044,-46.548,-38.418
1265,15,35,1148.232,558.838,61201.942,2,94,321.092,222.27,NA,10.101,0.034,-36.87,9.678
1266,15,36,1166.919,555.808,61501.952,2,210,340.023,237.51,NA,18.931,0.063,-9.211,27.659
1267,15,37,1176.01,548.232,61801.961,2,10,351.856,249.31,NA,11.834,0.039,-39.806,-30.595
1268,15,38,1170.455,554.293,62101.971,2,24,360.078,241.104,NA,8.222,0.027,132.51,172.316
1269,15,39,1159.343,547.727,62401.98,2,193,372.984,237.975,NA,12.906,0.043,-149.421,78.069
1270,15,40,1158.838,541.162,62701.99,2,157,379.569,242.472,NA,6.585,0.022,-94.399,55.022
1271,16,1,991.162,712.879,52201.657,2,18,0,0,NA,NA,NA,NA,NA
1272,16,2,999.747,710.859,52501.666,2,47,8.82,8.82,NA,8.82,0.029,-13.241,NA
1273,16,3,1015.404,710.859,52801.676,2,139,24.477,24.326,NA,15.657,0.052,0,13.241
1274,16,4,1015.404,710.859,53101.685,2,184,24.477,24.326,NA,0,0,0,0
1275,16,5,1030.051,710.859,53401.695,2,213,39.123,38.941,NA,14.646,0.049,0,0
1276,16,6,1068.939,706.818,53701.704,2,120,78.222,78.014,NA,39.098,0.13,-5.932,-5.932
1277,16,7,1090.152,694.192,54001.714,2,135,102.907,100.738,NA,24.686,0.082,-30.763,-24.831
1278,16,8,1108.333,687.121,54301.723,2,189,122.415,119.969,NA,19.508,0.065,-21.251,9.512
1279,16,9,1126.01,686.616,54601.733,2,30,140.099,137.382,NA,17.684,0.059,-1.637,19.614
1280,16,10,1136.616,677.525,54901.742,2,118,154.068,149.689,NA,13.969,0.047,-40.601,-38.965
1281,16,11,1147.222,674.495,55201.752,2,255,165.099,160.712,NA,11.03,0.037,-15.945,24.656
1282,16,12,1164.394,671.97,55501.761,2,23,182.455,177.997,NA,17.356,0.058,-8.366,7.58
1283,16,13,1177.02,646.212,55801.771,2,5,211.141,197.453,NA,28.686,0.096,-63.886,-55.52
1284,16,14,1186.616,629.04,56101.781,2,41,230.812,212.677,NA,19.671,0.066,-60.803,3.084
1285,16,15,1192.677,620.96,56401.79,2,99,240.913,221.489,NA,10.101,0.034,-53.13,7.672
1286,16,16,1192.677,628.535,56701.8,2,39,248.489,218.454,NA,7.576,0.025,90,143.13
1287,16,17,1197.222,643.182,57001.809,2,53,263.824,217.528,NA,15.336,0.051,72.759,-17.241
1288,16,18,1192.677,657.323,57301.819,2,143,278.678,209.033,NA,14.854,0.05,107.819,35.06
1289,16,19,1185.101,669.444,57601.828,2,207,292.972,198.744,NA,14.294,0.048,122.005,14.186
1290,16,20,1173.485,669.444,57901.838,2,80,304.589,187.425,NA,11.616,0.039,180,57.995
1291,16,21,1164.899,662.374,58201.847,2,164,315.711,180.929,NA,11.123,0.037,-140.528,39.472
1292,16,22,1161.869,648.737,58501.857,2,171,329.68,182.36,NA,13.969,0.047,-102.529,37.999
1293,16,23,1161.869,634.091,58801.866,2,255,344.327,188.012,NA,14.646,0.049,-90,12.529
1294,16,24,1164.394,625,59101.876,2,82,353.762,194.248,NA,9.435,0.031,-74.476,15.524
1295,16,25,1169.949,625,59401.885,2,184,359.317,199.218,NA,5.556,0.019,0,74.476
1296,16,26,1171.97,607.828,59701.895,2,243,376.607,209.11,NA,17.29,0.058,-83.29,-83.29
1297,16,27,1171.97,607.828,60001.904,2,2,376.607,209.11,NA,0,0,0,83.29
1298,16,28,1185.101,585.101,60301.914,2,58,402.855,232.249,NA,26.248,0.087,-59.982,-59.982
1299,16,29,1191.667,579.545,60601.923,2,31,411.456,240.79,NA,8.601,0.029,-40.236,19.745
1300,17,1,1101.768,840.657,45301.438,2,19,0,0,NA,NA,NA,NA,NA
1301,17,2,1115.404,836.111,45601.447,2,2,14.374,14.374,NA,14.374,0.048,-18.435,NA
1302,17,3,1135.101,836.111,45901.457,2,231,34.071,33.642,NA,19.697,0.066,0,18.435
1303,17,4,1143.687,836.111,46201.466,2,194,42.657,42.165,NA,8.586,0.029,0,0
1304,17,5,1163.889,835.606,46501.476,2,43,62.865,62.326,NA,20.208,0.067,-1.432,-1.432
1305,17,6,1192.172,839.646,46801.485,2,65,91.435,90.41,NA,28.57,0.095,8.13,9.562
1306,17,7,1192.172,855.303,47101.495,2,117,107.092,91.583,NA,15.657,0.052,90,81.87
1307,17,8,1206.818,878.03,47401.504,2,77,134.13,111.501,NA,27.038,0.09,57.2,-32.8
1308,17,9,1214.899,885.606,47701.514,2,250,145.206,121.734,NA,11.077,0.037,43.152,-14.048
1309,18,1,645.707,484.091,39901.266,2,63,0,0,NA,NA,NA,NA,NA
1310,18,2,637.121,481.566,40201.276,2,83,8.95,8.95,NA,8.95,0.03,-163.61,NA
1311,18,3,634.596,481.566,40501.285,2,149,11.475,11.394,NA,2.525,0.008,180,-16.39
1312,18,4,634.596,481.566,40801.295,2,94,11.475,11.394,NA,0,0,0,-180
1313,18,5,631.061,481.566,41101.304,2,96,15.01,14.863,NA,3.535,0.012,180,180
1314,18,6,620.455,477.525,41401.314,2,131,26.36,26.092,NA,11.35,0.038,-159.146,20.854
1315,18,7,615.404,469.444,41701.323,2,127,35.889,33.657,NA,9.529,0.032,-122.005,37.14
1316,18,8,610.354,459.848,42001.333,2,107,46.733,42.867,NA,10.844,0.036,-117.759,4.247
1317,18,9,592.172,455.808,42301.343,2,115,65.358,60.547,NA,18.625,0.062,-167.471,-49.713
1318,18,10,575,451.263,42601.352,2,116,83.121,77.956,NA,17.763,0.059,-165.174,2.298
1319,18,11,566.414,446.212,42901.362,2,174,93.083,87.876,NA,9.961,0.033,-149.534,15.639
1320,18,12,555.303,441.162,43201.371,2,176,105.288,100.079,NA,12.205,0.041,-155.556,-6.022
1321,18,13,545.202,439.646,43501.381,2,84,115.502,109.893,NA,10.214,0.034,-171.469,-15.913
1322,18,14,547.727,439.646,43801.39,2,119,118.027,107.589,NA,2.525,0.008,0,171.469
1323,18,15,561.364,439.646,44101.4,2,158,131.663,95.337,NA,13.636,0.045,0,0
1324,18,16,561.364,427.525,44401.409,2,133,143.784,101.555,NA,12.121,0.04,-90,-90
1325,18,17,561.364,427.525,44701.419,2,60,143.784,101.555,NA,0,0,0,90
1326,18,18,558.333,442.172,45001.428,2,147,158.741,96.909,NA,14.957,0.05,101.689,101.689
1327,18,19,558.333,442.172,45301.438,2,185,158.741,96.909,NA,0,0,0,-101.689
1328,18,20,558.333,442.172,45601.447,2,150,158.741,96.909,NA,0,0,0,0
1329,18,21,558.333,442.172,45901.457,2,138,158.741,96.909,NA,0,0,0,0
1330,18,22,558.333,442.172,46201.466,2,153,158.741,96.909,NA,0,0,0,0
1331,18,23,564.394,446.212,46501.476,2,219,166.025,89.703,NA,7.284,0.024,33.69,33.69
1332,18,24,565.909,443.687,46801.485,2,86,168.97,89.444,NA,2.945,0.01,-59.036,-92.726
1333,18,25,565.909,443.687,47101.495,2,93,168.97,89.444,NA,0,0,0,59.036
1334,18,26,556.818,447.222,47401.504,2,107,178.724,96.232,NA,9.754,0.033,158.749,158.749
1335,18,27,556.818,447.222,47701.514,2,2,178.724,96.232,NA,0,0,0,-158.749
1336,18,28,527.525,420.96,48001.523,2,46,218.066,133.987,NA,39.342,0.131,-138.122,-138.122
1337,18,29,522.475,419.444,48301.533,2,180,223.339,139.16,NA,5.273,0.018,-163.301,-25.179
1338,18,30,514.899,411.869,48601.542,2,203,234.053,149.422,NA,10.714,0.036,-135,28.301
1339,18,31,508.333,408.333,48901.552,2,222,241.51,156.878,NA,7.457,0.025,-151.699,-16.699
1340,18,32,499.747,387.626,49201.562,2,110,263.926,174.956,NA,22.417,0.075,-112.521,39.179
1341,18,33,475,367.424,49501.571,2,217,295.873,206.766,NA,31.946,0.106,-140.774,-28.254
1342,18,34,462.374,360.354,49801.581,2,154,310.344,221.183,NA,14.471,0.048,-150.751,-9.977
1343,18,35,452.273,347.222,50101.59,2,153,326.911,236.96,NA,16.567,0.055,-127.569,23.183
1344,18,36,439.141,338.131,50401.6,2,131,342.882,252.93,NA,15.971,0.053,-145.305,-17.736
1345,18,37,436.111,330.051,50701.609,2,199,351.512,260.113,NA,8.63,0.029,-110.556,34.749
1346,18,38,430.051,322.475,51001.619,2,185,361.214,269.495,NA,9.702,0.032,-128.66,-18.104
1347,18,39,422.475,315.909,51301.628,2,113,371.239,279.496,NA,10.025,0.033,-139.086,-10.426
1348,18,40,423.485,328.03,51601.638,2,202,383.402,271.547,NA,12.163,0.041,85.236,-135.678
1349,18,41,434.091,328.03,51901.647,2,67,394.008,262.938,NA,10.606,0.035,0,-85.236
1350,18,42,434.091,342.677,52201.657,2,197,408.655,254.518,NA,14.646,0.049,90,90
1351,18,43,425.505,338.131,52501.666,2,255,418.369,264.184,NA,9.715,0.032,-152.103,117.897
1352,18,44,406.818,340.657,52801.676,2,76,437.226,278.642,NA,18.857,0.063,172.304,-35.593
1353,18,45,395.202,332.576,53101.685,2,225,451.377,292.762,NA,14.15,0.047,-145.176,42.521
1354,18,46,386.616,331.566,53401.695,2,236,460.022,300.653,NA,8.645,0.029,-173.29,-28.115
1355,18,47,372.98,342.172,53701.704,2,106,477.297,307.443,NA,17.275,0.058,142.125,-44.585
1356,18,48,356.818,314.394,54001.714,2,212,509.434,335.043,NA,32.137,0.107,-120.192,97.683
1357,19,1,617.929,549.242,37501.19,2,32,0,0,NA,NA,NA,NA,NA
1358,19,2,601.263,545.202,37801.2,2,78,17.149,17.149,NA,17.149,0.057,-166.373,NA
1359,19,3,598.232,533.586,38101.209,2,50,29.154,25.161,NA,12.005,0.04,-104.621,61.752
1360,19,4,591.667,530.556,38401.219,2,137,36.386,32.232,NA,7.231,0.024,-155.225,-50.604
1361,19,5,591.667,530.556,38701.228,2,180,36.386,32.232,NA,0,0,0,155.225
1362,19,6,591.667,516.919,39001.238,2,3,50.022,41.648,NA,13.636,0.045,-90,-90
1363,19,7,560.859,491.667,39301.247,2,81,89.857,81.068,NA,39.835,0.133,-140.659,-50.659
1364,19,8,545.202,476.515,39601.257,2,135,111.644,102.852,NA,21.788,0.073,-135.939,4.72
1365,19,9,532.576,475,39901.266,2,234,124.361,113.125,NA,12.717,0.042,-173.157,-37.218
1366,19,10,532.576,474.495,40201.276,2,224,124.866,113.457,NA,0.505,0.002,-90,83.157
1367,19,11,523.485,470.96,40501.285,2,255,134.621,122.67,NA,9.754,0.033,-158.749,-68.749
1368,19,12,522.475,469.949,40801.295,2,152,136.049,124.092,NA,1.428,0.005,-135,23.749
1369,19,13,509.343,469.949,41101.304,2,184,149.18,134.455,NA,13.131,0.044,180,-45
1370,19,14,509.343,467.424,41401.314,2,164,151.706,135.96,NA,2.525,0.008,-90,90
1371,19,15,515.909,466.414,41701.323,2,204,158.348,131.41,NA,6.643,0.022,-8.746,81.254
1372,19,16,515.909,466.414,42001.333,2,230,158.348,131.41,NA,0,0,0,8.746
1373,19,17,505.303,466.414,42301.343,2,239,168.955,139.804,NA,10.606,0.035,180,180
1374,19,18,503.283,458.333,42601.352,2,172,177.284,146.316,NA,8.33,0.028,-104.036,75.964
1375,19,19,503.283,458.333,42901.362,2,191,177.284,146.316,NA,0,0,0,104.036
1376,19,20,503.283,456.313,43201.371,2,228,179.304,147.579,NA,2.02,0.007,-90,-90
1377,19,21,503.283,456.313,43501.381,2,203,179.304,147.579,NA,0,0,0,90
1378,19,22,503.283,456.313,43801.39,2,218,179.304,147.579,NA,0,0,0,0
1379,19,23,503.283,456.313,44101.4,2,219,179.304,147.579,NA,0,0,0,0
1380,19,24,503.283,456.313,44401.409,2,207,179.304,147.579,NA,0,0,0,0
1381,19,25,502.778,447.222,44701.419,2,9,188.409,153.844,NA,9.105,0.03,-93.18,-93.18
1382,19,26,478.535,447.222,45001.428,2,118,212.652,172.739,NA,24.242,0.081,180,-86.82
1383,19,27,482.071,435.101,45301.438,2,79,225.278,177.442,NA,12.626,0.042,-73.74,106.26
1384,19,28,482.071,434.596,45601.447,2,56,225.783,177.768,NA,0.505,0.002,-90,-16.26
1385,19,29,496.212,436.111,45901.457,2,210,240.005,166.174,NA,14.222,0.047,6.116,96.116
1386,19,30,491.162,435.606,46201.466,2,255,245.081,170.245,NA,5.076,0.017,-174.289,179.595
1387,19,31,487.121,439.141,46501.476,2,228,250.45,170.977,NA,5.369,0.018,138.814,-46.897
1388,19,32,479.545,436.616,46801.485,2,221,258.435,178.423,NA,7.986,0.027,-161.565,59.621
1389,19,33,479.545,428.03,47101.495,2,193,267.021,183.963,NA,8.586,0.029,-90,71.565
1390,19,34,479.545,428.03,47401.504,2,233,267.021,183.963,NA,0,0,0,90
1391,19,35,479.545,428.03,47701.514,2,255,267.021,183.963,NA,0,0,0,0
1392,19,36,476.515,424.495,48001.523,2,241,271.677,188.573,NA,4.656,0.016,-130.601,-130.601
1393,19,37,476.515,424.495,48301.533,2,250,271.677,188.573,NA,0,0,0,130.601
1394,19,38,471.465,429.545,48601.542,2,230,278.82,189.154,NA,7.142,0.024,135,135
1395,19,39,471.465,429.545,48901.552,2,160,278.82,189.154,NA,0,0,0,-135
1396,19,40,471.465,429.545,49201.562,2,255,278.82,189.154,NA,0,0,0,0
1397,19,41,464.899,429.545,49501.571,2,236,285.386,194.282,NA,6.566,0.022,180,180
1398,19,42,464.899,429.545,49801.581,2,213,285.386,194.282,NA,0,0,0,-180
1399,19,43,459.848,425.505,50101.59,2,255,291.853,200.75,NA,6.468,0.022,-141.34,-141.34
1400,19,44,461.364,425.505,50401.6,2,254,293.369,199.559,NA,1.515,0.005,0,141.34
1401,19,45,461.364,425.505,50701.609,2,236,293.369,199.559,NA,0,0,0,0
1402,19,46,461.364,425.505,51001.619,2,182,293.369,199.559,NA,0,0,0,0
1403,19,47,453.788,425.505,51301.628,2,192,300.944,205.556,NA,7.576,0.025,180,180
1404,19,48,453.788,425.505,51601.638,2,227,300.944,205.556,NA,0,0,0,-180
1405,19,49,440.152,430.051,51901.647,2,148,315.318,214.037,NA,14.374,0.048,161.565,161.565
1406,19,50,434.091,430.051,52201.657,2,211,321.379,219.096,NA,6.061,0.02,180,18.435
1407,19,51,429.545,437.626,52501.666,2,175,330.214,218.967,NA,8.835,0.029,120.964,-59.036
1408,19,52,439.141,434.596,52801.676,2,177,340.277,212.389,NA,10.063,0.034,-17.526,-138.489
1409,19,53,435.101,422.98,53101.685,2,255,352.576,222.19,NA,12.299,0.041,-109.179,-91.653
1410,19,54,435.101,422.475,53401.695,2,245,353.081,222.477,NA,0.505,0.002,-90,19.179
1411,19,55,440.657,421.465,53701.704,2,204,358.727,218.524,NA,5.647,0.019,-10.305,79.695
1412,19,56,434.596,421.465,54001.714,2,196,364.788,223.469,NA,6.061,0.02,180,-169.695
1413,19,57,434.596,421.465,54301.723,2,122,364.788,223.469,NA,0,0,0,-180
1414,19,58,421.465,419.444,54601.733,2,70,378.074,235.469,NA,13.286,0.044,-171.254,-171.254
1415,19,59,435.101,419.444,54901.742,2,103,391.71,224.218,NA,13.636,0.045,0,171.254
1416,19,60,445.202,416.414,55201.752,2,78,402.256,217.895,NA,10.546,0.035,-16.699,-16.699
1417,19,61,462.879,416.414,55501.761,2,164,419.933,204.167,NA,17.677,0.059,0,16.699
1418,19,62,465.404,406.313,55801.771,2,54,430.344,209.028,NA,10.412,0.035,-75.964,-75.964
1419,19,63,511.869,401.768,56101.781,2,53,477.031,181.653,NA,46.686,0.156,-5.587,70.377
1420,19,64,527.525,393.182,56401.79,2,57,494.887,180.355,NA,17.856,0.06,-28.74,-23.153
1421,19,65,515.404,396.717,56701.8,2,220,507.513,183.781,NA,12.626,0.042,163.74,-167.52
1422,19,66,527.02,407.323,57001.809,2,113,523.243,168.539,NA,15.73,0.052,42.397,-121.342
1423,19,67,541.162,407.323,57301.819,2,29,537.384,161.352,NA,14.141,0.047,0,-42.397
1424,19,68,507.828,409.848,57601.828,2,67,570.813,177.631,NA,33.429,0.111,175.668,175.668
1425,19,69,505.808,402.778,57901.838,2,123,578.167,184.453,NA,7.354,0.025,-105.945,78.387
1426,19,70,500.758,396.212,58201.847,2,180,586.45,192.737,NA,8.283,0.028,-127.569,-21.623
1427,19,71,497.727,389.141,58501.857,2,93,594.143,200.202,NA,7.693,0.026,-113.199,14.37
1428,19,72,494.697,391.667,58801.866,2,137,598.088,200.041,NA,3.945,0.013,140.194,-106.607
1429,19,73,494.697,393.182,59101.876,2,38,599.603,198.849,NA,1.515,0.005,90,-50.194
1430,19,74,512.879,401.263,59401.885,2,72,619.5,181.476,NA,19.897,0.066,23.962,-66.038
1431,19,75,518.434,401.768,59701.895,2,104,625.078,177.899,NA,5.578,0.019,5.194,-18.768
1432,19,76,511.364,401.768,60001.904,2,70,632.149,181.948,NA,7.071,0.024,180,174.806
1433,19,77,507.323,401.768,60301.914,2,180,636.189,184.343,NA,4.04,0.013,180,0
1434,19,78,495.202,401.768,60601.923,2,102,648.31,191.861,NA,12.121,0.04,180,0
1435,19,79,487.121,401.768,60901.933,2,97,656.391,197.128,NA,8.081,0.027,180,0
1436,19,80,508.333,387.626,61201.942,2,147,681.885,195.272,NA,25.494,0.085,-33.69,146.31
1437,19,81,508.838,372.475,61501.952,2,214,697.045,207.72,NA,15.16,0.051,-88.091,-54.401
1438,19,82,523.485,375,61801.961,2,100,711.907,198.192,NA,14.863,0.05,9.782,97.873
1439,19,83,546.717,375,62101.971,2,194,735.14,188.233,NA,23.232,0.077,0,-9.782
1440,19,84,546.717,375,62401.98,2,206,735.14,188.233,NA,0,0,0,0
1441,19,85,562.374,358.333,62701.99,2,242,758.007,198.828,NA,22.867,0.076,-46.79,-46.79
1442,19,86,561.869,352.273,63002,2,255,764.088,204.792,NA,6.082,0.02,-94.764,-47.974
1443,19,87,561.869,351.263,63302.009,2,151,765.099,205.764,NA,1.01,0.003,-90,4.764
1444,19,88,542.677,351.768,63602.019,2,102,784.297,211.327,NA,19.199,0.064,178.493,-91.507
1445,19,89,544.192,347.222,63902.028,2,76,789.088,215.057,NA,4.791,0.016,-71.565,109.942
1446,19,90,544.192,347.222,64202.038,2,127,789.088,215.057,NA,0,0,0,71.565
1447,19,91,544.192,347.222,64502.047,2,204,789.088,215.057,NA,0,0,0,0
1448,19,92,544.192,347.222,64802.057,2,176,789.088,215.057,NA,0,0,0,0
1449,19,93,557.323,347.222,65102.066,2,213,802.22,210.915,NA,13.131,0.044,0,0
1450,19,94,557.323,347.222,65402.076,2,182,802.22,210.915,NA,0,0,0,0
1451,19,95,557.323,347.222,65702.085,2,255,802.22,210.915,NA,0,0,0,0
1452,19,96,553.788,342.172,66002.095,2,255,808.385,216.777,NA,6.165,0.021,-124.992,-124.992
1453,19,97,553.283,336.616,66302.104,2,218,813.963,222.237,NA,5.578,0.019,-95.194,29.798
1454,19,98,555.303,336.616,66602.114,2,136,815.983,221.657,NA,2.02,0.007,0,95.194
1455,19,99,556.313,350.253,66902.123,2,234,829.657,208.311,NA,13.674,0.046,85.764,85.764
1456,19,100,556.313,364.394,67202.133,2,131,843.799,194.847,NA,14.141,0.047,90,4.236
1457,19,101,553.283,369.949,67502.142,2,110,850.127,190.592,NA,6.328,0.021,118.61,28.61
1458,19,102,554.293,381.061,67802.152,2,46,861.284,179.819,NA,11.157,0.037,84.806,-33.805
1459,19,103,554.293,381.061,68102.161,2,48,861.284,179.819,NA,0,0,0,-84.806
1460,19,104,554.293,405.303,68402.171,2,210,885.526,157.379,NA,24.242,0.081,90,90
1461,19,105,542.677,407.323,68702.18,2,95,897.317,160.636,NA,11.791,0.039,170.134,80.134
1462,19,106,527.02,406.313,69002.19,2,107,913.006,169.391,NA,15.689,0.052,-176.309,13.557
1463,19,107,517.929,396.717,69302.199,2,89,926.224,182.384,NA,13.218,0.044,-133.452,42.857
1464,19,108,482.071,381.061,69602.209,2,71,965.352,216.201,NA,39.128,0.13,-156.413,-22.961
1465,19,109,469.949,380.556,69902.219,2,116,977.484,224.395,NA,12.132,0.04,-177.614,-21.201
1466,19,110,469.949,371.465,70202.228,2,92,986.574,231.307,NA,9.091,0.03,-90,87.614
1467,19,111,469.949,370.96,70502.238,2,37,987.079,231.695,NA,0.505,0.002,-90,0
1468,19,112,485.606,352.778,70802.247,2,73,1011.073,236.871,NA,23.994,0.08,-49.268,40.732
1469,19,113,491.667,348.737,71102.257,2,219,1018.357,236.948,NA,7.284,0.024,-33.69,15.578
1470,19,114,501.263,348.232,71402.266,2,27,1027.967,232.414,NA,9.609,0.032,-3.013,30.677
1471,19,115,513.889,348.232,71702.276,2,98,1040.593,226.339,NA,12.626,0.042,0,3.013
1472,19,117,515.909,339.141,72002.285,2,212,1049.905,233.561,NA,9.313,0.031,-77.471,-77.471
1473,20,1,629.924,526.894,42301.343,2,67,0,0,NA,NA,NA,NA,NA
1474,20,2,621.212,526.894,42601.352,2,34,8.712,8.712,NA,8.712,0.029,180,NA
1475,20,3,608.712,526.894,42901.362,2,125,21.212,21.212,NA,12.5,0.042,180,0
1476,20,4,608.333,535.227,43201.371,2,48,29.554,23.143,NA,8.342,0.028,92.603,-87.397
1477,20,5,597.348,535.227,43501.381,2,81,40.539,33.625,NA,10.985,0.037,180,87.397
1478,20,6,589.394,532.197,43801.39,2,2,49.051,40.876,NA,8.512,0.028,-159.146,20.854
1479,20,7,563.636,512.879,44101.4,2,118,81.248,67.753,NA,32.197,0.107,-143.13,16.015
1480,20,8,563.636,501.894,44401.409,2,152,92.233,70.845,NA,10.985,0.037,-90,53.13
1481,20,9,559.091,487.879,44701.419,2,141,106.967,80.867,NA,14.734,0.049,-107.969,-17.969
1482,20,10,550,471.97,45001.428,2,104,125.29,96.977,NA,18.323,0.061,-119.745,-11.776
1483,20,11,541.288,467.803,45301.438,2,88,134.947,106.528,NA,9.657,0.032,-154.44,-34.695
1484,20,12,528.03,457.955,45601.447,2,105,151.463,123.024,NA,16.515,0.055,-143.393,11.047
1485,20,13,528.03,457.955,45901.457,2,145,151.463,123.024,NA,0,0,0,143.393
1486,20,14,528.03,457.955,46201.466,2,2,151.463,123.024,NA,0,0,0,0
1487,20,15,553.788,470.076,46501.476,2,33,179.93,95,NA,28.467,0.095,25.201,25.201
1488,20,16,563.258,472.348,46801.485,2,88,189.668,86.137,NA,9.739,0.032,13.496,-11.705
1489,20,17,567.803,484.47,47101.495,2,59,202.614,75.225,NA,12.945,0.043,69.444,55.948
1490,20,18,567.803,485.227,47401.504,2,96,203.371,74.801,NA,0.758,0.003,90,20.556
1491,20,19,562.879,485.227,47701.514,2,61,208.296,78.938,NA,4.924,0.016,180,90
1492,20,20,552.652,485.227,48001.523,2,108,218.523,87.791,NA,10.227,0.034,180,0
1493,20,21,552.652,485.227,48301.533,2,135,218.523,87.791,NA,0,0,0,-180
1494,20,22,549.621,467.045,48601.542,2,61,236.956,100.152,NA,18.433,0.061,-99.462,-99.462
1495,20,23,535.606,443.939,48901.552,2,70,263.98,125.608,NA,27.024,0.09,-121.239,-21.777
1496,20,24,529.167,445.833,49201.562,2,136,270.692,129.317,NA,6.712,0.022,163.61,-75.15
1497,20,25,523.485,454.545,49501.571,2,181,281.093,128.7,NA,10.401,0.035,123.111,-40.499
1498,20,26,513.258,450,49801.581,2,189,292.285,139.728,NA,11.192,0.037,-156.038,80.851
1499,20,27,528.788,455.303,50101.59,2,255,308.696,123.911,NA,16.411,0.055,18.853,174.891
1500,20,28,528.409,439.773,50401.6,2,97,324.231,133.774,NA,15.535,0.052,-91.397,-110.25
1501,20,29,523.485,428.788,50701.609,2,154,336.269,144.755,NA,12.038,0.04,-114.146,-22.748
1502,20,30,511.742,414.394,51001.619,2,106,354.845,163.166,NA,18.576,0.062,-129.207,-15.062
1503,20,31,508.712,405.303,51301.628,2,155,364.427,171.688,NA,9.583,0.032,-108.435,20.772
1504,20,32,493.939,393.939,51601.638,2,217,383.065,190.181,NA,18.638,0.062,-142.431,-33.996
1505,20,33,487.121,385.606,51901.647,2,55,393.832,200.885,NA,10.767,0.036,-129.289,13.142
1506,20,34,469.318,380.682,52201.657,2,245,412.304,217.192,NA,18.471,0.062,-164.539,-35.249
1507,20,35,456.439,368.939,52501.666,2,97,429.732,234.62,NA,17.428,0.058,-137.643,26.896
1508,20,36,451.136,368.939,52801.676,2,119,435.035,238.568,NA,5.303,0.018,180,-42.357
1509,20,37,442.045,375,53101.685,2,131,445.961,241.599,NA,10.926,0.036,146.31,-33.69
1510,20,38,429.545,378.03,53401.695,2,243,458.823,249.624,NA,12.862,0.043,166.373,20.063
1511,20,39,404.924,378.03,53701.704,2,159,483.444,269.788,NA,24.621,0.082,180,13.627
1512,20,40,371.212,378.03,54001.714,2,88,517.157,298.483,NA,33.712,0.112,180,0
1513,20,41,356.818,379.167,54301.723,2,51,531.595,310.5,NA,14.439,0.048,175.486,-4.514
1514,20,42,327.652,387.5,54601.733,2,176,561.929,332.866,NA,30.334,0.101,164.055,-11.431
1515,20,43,312.121,385.985,54901.742,2,233,577.533,347.641,NA,15.604,0.052,-174.428,21.518
1516,21,1,590.152,612.879,39901.266,2,45,0,0,NA,NA,NA,NA,NA
1517,21,2,590.152,612.879,40201.276,2,18,0,0,NA,0,0,0,NA
1518,21,3,590.152,612.879,40501.285,2,56,0,0,NA,0,0,0,0
1519,21,4,590.152,612.879,40801.295,2,59,0,0,NA,0,0,0,0
1520,21,5,590.152,612.879,41101.304,2,38,0,0,NA,0,0,0,0
1521,21,6,589.141,608.838,41401.314,2,59,4.165,4.165,NA,4.165,0.014,-104.036,-104.036
1522,21,7,589.141,601.768,41701.323,2,83,11.235,11.157,NA,7.071,0.024,-90,14.036
1523,21,8,588.131,600.758,42001.333,2,57,12.664,12.288,NA,1.428,0.005,-135,-45
1524,21,9,583.081,595.707,42301.343,2,51,19.806,18.57,NA,7.142,0.024,-135,0
1525,21,10,583.081,595.707,42601.352,2,2,19.806,18.57,NA,0,0,0,135
1526,21,11,578.535,573.99,42901.362,2,55,41.994,40.587,NA,22.188,0.074,-101.821,-101.821
1527,21,12,569.949,571.97,43201.371,2,65,50.815,45.625,NA,8.82,0.029,-166.759,-64.938
1528,21,13,569.444,564.899,43501.381,2,27,57.903,52.257,NA,7.089,0.024,-94.086,72.674
1529,21,14,556.818,555.303,43801.39,2,6,73.762,66.529,NA,15.859,0.053,-142.765,-48.68
1530,21,15,535.101,543.687,44101.4,2,34,98.391,88.42,NA,24.629,0.082,-151.858,-9.093
1531,21,16,528.535,541.667,44401.409,2,133,105.26,94.169,NA,6.869,0.023,-162.897,-11.039
1532,21,17,528.03,538.636,44701.419,2,58,108.332,96.804,NA,3.072,0.01,-99.462,63.435
1533,21,18,518.434,535.101,45001.428,2,97,118.559,105.796,NA,10.226,0.034,-159.775,-60.313
1534,21,19,518.434,535.101,45301.438,2,160,118.559,105.796,NA,0,0,0,159.775
1535,21,20,518.434,535.101,45601.447,2,140,118.559,105.796,NA,0,0,0,0
1536,21,21,518.434,535.101,45901.457,2,140,118.559,105.796,NA,0,0,0,0
1537,21,22,507.828,529.04,46201.466,2,158,130.774,117.499,NA,12.216,0.041,-150.255,-150.255
1538,21,23,507.828,522.98,46501.476,2,255,136.835,121.897,NA,6.061,0.02,-90,60.255
1539,21,24,507.828,518.939,46801.485,2,145,140.875,124.907,NA,4.04,0.013,-90,0
1540,21,25,507.828,518.434,47101.495,2,132,141.38,125.287,NA,0.505,0.002,-90,0
1541,21,26,500.758,518.434,47401.504,2,137,148.451,130.042,NA,7.071,0.024,180,-90
1542,21,27,500.758,518.434,47701.514,2,117,148.451,130.042,NA,0,0,0,-180
1543,21,28,495.707,522.475,48001.523,2,148,154.919,130.739,NA,6.468,0.022,141.34,141.34
1544,21,29,493.182,522.475,48301.533,2,93,157.444,132.575,NA,2.525,0.008,180,38.66
1545,21,30,493.182,522.475,48601.542,2,131,157.444,132.575,NA,0,0,0,-180
1546,21,31,493.182,522.475,48901.552,2,220,157.444,132.575,NA,0,0,0,0
1547,21,32,493.182,522.475,49201.562,2,220,157.444,132.575,NA,0,0,0,0
1548,21,33,493.182,522.475,49501.571,2,169,157.444,132.575,NA,0,0,0,0
1549,21,34,493.182,522.475,49801.581,2,147,157.444,132.575,NA,0,0,0,0
1550,21,35,493.182,522.475,50101.59,2,171,157.444,132.575,NA,0,0,0,0
1551,21,36,493.182,522.475,50401.6,2,215,157.444,132.575,NA,0,0,0,0
1552,21,37,493.182,522.475,50701.609,2,110,157.444,132.575,NA,0,0,0,0
1553,21,38,491.162,521.97,51001.619,2,255,159.527,134.4,NA,2.082,0.007,-165.964,-165.964
1554,21,39,491.162,521.97,51301.628,2,213,159.527,134.4,NA,0,0,0,165.964
1555,21,40,491.162,521.97,51601.638,2,232,159.527,134.4,NA,0,0,0,0
1556,21,41,491.162,521.97,51901.647,2,147,159.527,134.4,NA,0,0,0,0
1557,21,42,491.162,521.97,52201.657,2,229,159.527,134.4,NA,0,0,0,0
1558,21,43,491.162,521.97,52501.666,2,236,159.527,134.4,NA,0,0,0,0
1559,21,44,491.162,521.97,52801.676,2,238,159.527,134.4,NA,0,0,0,0
1560,21,45,491.162,521.97,53101.685,2,216,159.527,134.4,NA,0,0,0,0
1561,21,46,491.162,521.97,53401.695,2,237,159.527,134.4,NA,0,0,0,0
1562,21,47,491.162,517.929,53701.704,2,214,163.567,137.166,NA,4.04,0.013,-90,-90
1563,21,48,491.162,517.929,54001.714,2,226,163.567,137.166,NA,0,0,0,90
1564,21,49,491.162,517.929,54301.723,2,230,163.567,137.166,NA,0,0,0,0
1565,21,50,500.758,519.444,54601.733,2,221,173.282,129.311,NA,9.715,0.032,8.973,8.973
1566,21,51,505.808,525,54901.742,2,103,180.79,121.805,NA,7.508,0.025,47.726,38.754
1567,21,52,505.808,525,55201.752,2,110,180.79,121.805,NA,0,0,0,-47.726
1568,21,53,505.808,525,55501.761,2,123,180.79,121.805,NA,0,0,0,0
1569,21,54,504.798,525,55801.771,2,80,181.8,122.507,NA,1.01,0.003,180,180
1570,21,55,494.192,525,56101.781,2,160,192.406,130.119,NA,10.606,0.035,180,0
1571,21,56,494.192,527.525,56401.79,2,200,194.931,128.427,NA,2.525,0.008,90,-90
1572,21,57,494.192,534.091,56701.8,2,242,201.497,124.16,NA,6.566,0.022,90,0
1573,21,58,494.192,534.091,57001.809,2,226,201.497,124.16,NA,0,0,0,-90
1574,21,59,488.131,522.475,57301.819,2,208,214.599,136.312,NA,13.102,0.044,-117.553,-117.553
1575,21,60,488.131,522.475,57601.828,2,132,214.599,136.312,NA,0,0,0,117.553
1576,21,61,488.131,522.475,57901.838,2,157,214.599,136.312,NA,0,0,0,0
1577,21,62,487.121,527.02,58201.847,2,188,219.256,134.115,NA,4.656,0.016,102.529,102.529
1578,21,63,487.121,530.051,58501.857,2,253,222.286,132.196,NA,3.03,0.01,90,-12.529
1579,21,64,487.121,535.101,58801.866,2,175,227.336,129.092,NA,5.051,0.017,90,0
1580,21,65,487.121,545.202,59101.876,2,83,237.437,123.27,NA,10.101,0.034,90,0
1581,21,66,487.121,535.101,59401.885,2,231,247.538,129.092,NA,10.101,0.034,-90,-180
1582,21,67,493.182,535.101,59701.895,2,25,253.599,124.308,NA,6.061,0.02,0,90
1583,21,68,496.717,542.172,60001.904,2,117,261.504,117.173,NA,7.905,0.026,63.435,63.435
1584,21,69,496.212,536.111,60301.914,2,94,267.586,121.317,NA,6.082,0.02,-94.764,-158.199
1585,21,70,496.212,534.596,60601.923,2,111,269.101,122.282,NA,1.515,0.005,-90,4.764
1586,21,71,485.606,529.545,60901.933,2,107,280.848,133.694,NA,11.747,0.039,-154.537,-64.537
1587,21,72,478.03,525,61201.942,2,77,289.683,142.456,NA,8.835,0.029,-149.036,5.5
1588,21,73,478.03,525,61501.952,2,18,289.683,142.456,NA,0,0,0,149.036
1589,21,74,463.889,523.99,61801.961,2,58,303.86,154.413,NA,14.177,0.047,-175.914,-175.914
1590,21,75,454.293,525,62101.971,2,144,313.509,161.803,NA,9.649,0.032,173.991,-10.095
1591,21,76,454.293,521.465,62401.98,2,188,317.045,163.75,NA,3.535,0.012,-90,96.009
1592,21,77,460.354,517.929,62701.99,2,61,324.061,160.82,NA,7.016,0.023,-30.256,59.744
1593,21,78,460.859,528.535,63002,2,43,334.679,154.371,NA,10.618,0.035,87.274,117.53
1594,21,79,460.859,512.374,63302.009,2,35,350.841,163.762,NA,16.162,0.054,-90,-177.274
1595,21,80,468.939,509.848,63602.019,2,43,359.307,159.084,NA,8.466,0.028,-17.354,72.646
1596,21,81,479.545,509.848,63902.028,2,60,369.913,151.159,NA,10.606,0.035,0,17.354
1597,21,82,479.545,508.838,64202.038,2,94,370.923,151.849,NA,1.01,0.003,-90,-90
1598,21,83,479.545,500.253,64502.047,2,90,379.509,157.856,NA,8.586,0.029,-90,0
1599,21,84,487.626,500.253,64802.057,2,102,387.59,152.303,NA,8.081,0.027,0,90
1600,21,85,483.586,500.253,65102.066,2,100,391.63,155.051,NA,4.04,0.013,180,180
1601,21,86,483.586,499.242,65402.076,2,74,392.64,155.787,NA,1.01,0.003,-90,90
1602,21,87,490.657,497.727,65702.085,2,92,399.872,152.181,NA,7.231,0.024,-12.095,77.905
1603,21,88,490.657,505.303,66002.095,2,172,407.447,146.533,NA,7.576,0.025,90,102.095
1604,21,89,490.657,508.838,66302.104,2,90,410.983,143.957,NA,3.535,0.012,90,0
1605,21,90,485.606,509.848,66602.114,2,78,416.133,146.782,NA,5.151,0.017,168.69,78.69
1606,21,91,483.081,515.404,66902.123,2,113,422.236,144.795,NA,6.103,0.02,114.444,-54.246
1607,21,92,483.081,527.525,67202.133,2,18,434.357,136.928,NA,12.121,0.04,90,-24.444
1608,21,93,473.485,518.434,67502.142,2,70,447.575,150.103,NA,13.218,0.044,-136.548,133.452
1609,21,94,464.899,518.434,67802.152,2,70,456.161,156.869,NA,8.586,0.029,180,-43.452
1610,21,95,450.758,521.465,68102.161,2,108,470.624,166.695,NA,14.462,0.048,167.905,-12.095
1611,21,96,440.657,521.465,68402.171,2,108,480.725,175.229,NA,10.101,0.034,180,12.095
1612,21,97,441.162,525,68702.18,2,99,484.296,172.976,NA,3.571,0.012,81.87,-98.13
1613,21,98,441.162,528.535,69002.19,2,61,487.831,171.207,NA,3.535,0.012,90,8.13
1614,21,99,429.04,528.535,69302.199,2,129,499.953,181.853,NA,12.121,0.04,180,90
1615,21,100,425,525,69602.209,2,101,505.321,187.077,NA,5.369,0.018,-138.814,41.186
1616,21,101,416.414,523.99,69902.219,2,147,513.966,195.156,NA,8.645,0.029,-173.29,-34.476
1617,21,102,415.909,523.99,70202.228,2,81,514.471,195.606,NA,0.505,0.002,180,-6.71
1618,21,103,408.838,528.535,70502.238,2,57,522.877,199.971,NA,8.406,0.028,147.265,-32.735
1619,21,104,392.677,530.556,70802.247,2,69,539.164,213.947,NA,16.287,0.054,172.875,25.61
1620,21,105,392.172,527.525,71102.257,2,96,542.237,215.595,NA,3.072,0.01,-99.462,87.663
1621,21,106,392.172,527.525,71402.266,2,41,542.237,215.595,NA,0,0,0,99.462
1622,21,107,384.596,529.545,71702.276,2,80,550.077,221.805,NA,7.84,0.026,165.069,165.069
1623,21,109,373.99,530.556,72002.285,2,46,560.731,231.307,NA,10.654,0.036,174.56,9.491
1624,22,1,614.394,582.955,42601.352,2,9,0,0,NA,NA,NA,NA,NA
1625,22,2,603.409,581.818,42901.362,2,9,11.043,11.043,NA,11.043,0.037,-174.094,NA
1626,22,3,603.409,581.818,43201.371,2,10,11.043,11.043,NA,0,0,0,174.094
1627,22,4,597.727,572.348,43501.381,2,108,22.087,19.755,NA,11.043,0.037,-120.964,-120.964
1628,22,5,597.348,571.591,43801.39,2,132,22.934,20.486,NA,0.847,0.003,-116.565,4.399
1629,22,6,590.53,567.803,44101.4,2,65,30.734,28.267,NA,7.8,0.026,-150.945,-34.38
1630,22,7,577.652,571.212,44401.409,2,95,44.056,38.573,NA,13.322,0.044,165.174,-43.881
1631,22,8,570.455,571.212,44701.419,2,110,51.253,45.481,NA,7.197,0.024,180,14.826
1632,22,9,570.455,563.636,45001.428,2,127,58.829,47.999,NA,7.576,0.025,-90,90
1633,22,10,569.318,560.227,45301.438,2,49,62.422,50.481,NA,3.593,0.012,-108.435,-18.435
1634,22,11,560.985,547.348,45601.447,2,77,77.762,64.19,NA,15.34,0.051,-122.905,-14.47
1635,22,12,556.061,541.667,45901.457,2,151,85.281,71.467,NA,7.519,0.025,-130.914,-8.009
1636,22,13,554.545,537.121,46201.466,2,47,90.072,75.383,NA,4.791,0.016,-108.435,22.479
1637,22,14,554.545,536.742,46501.476,2,160,90.451,75.613,NA,0.379,0.001,-90,18.435
1638,22,15,547.348,536.742,46801.485,2,180,97.648,81.429,NA,7.197,0.024,180,-90
1639,22,16,541.667,535.606,47101.495,2,111,103.442,86.782,NA,5.794,0.019,-168.69,11.31
1640,22,17,530.682,524.242,47401.504,2,113,119.247,102.249,NA,15.805,0.053,-134.029,34.661
1641,22,18,530.682,523.864,47701.514,2,139,119.626,102.467,NA,0.379,0.001,-90,44.029
1642,22,19,526.136,518.561,48001.523,2,149,126.61,109.252,NA,6.985,0.023,-130.601,-40.601
1643,22,20,520.455,512.121,48301.533,2,213,135.198,117.652,NA,8.588,0.029,-131.424,-0.822
1644,22,21,515.152,508.333,48601.542,2,157,141.715,124.167,NA,6.517,0.022,-144.462,-13.039
1645,22,22,514.773,508.333,48901.552,2,152,142.094,124.47,NA,0.379,0.001,180,-35.538
1646,22,23,523.485,508.333,49201.562,2,161,150.806,117.613,NA,8.712,0.029,0,-180
1647,22,24,523.485,510.606,49501.571,2,126,153.079,116.184,NA,2.273,0.008,90,90
1648,22,25,521.212,515.152,49801.581,2,196,158.161,115.239,NA,5.082,0.017,116.565,26.565
1649,22,26,521.212,515.152,50101.59,2,124,158.161,115.239,NA,0,0,0,-116.565
1650,22,27,519.697,512.879,50401.6,2,90,160.892,117.805,NA,2.731,0.009,-123.69,-123.69
1651,22,28,519.318,506.439,50701.609,2,23,167.343,122.041,NA,6.451,0.022,-93.366,30.324
1652,22,29,489.394,474.242,51001.619,2,82,211.298,165.66,NA,43.956,0.147,-132.905,-39.538
1653,22,30,481.818,471.591,51301.628,2,109,219.325,173.142,NA,8.026,0.027,-160.71,-27.805
1654,22,31,481.439,471.591,51601.638,2,250,219.704,173.432,NA,0.379,0.001,180,-19.29
1655,22,32,474.621,471.591,51901.647,2,146,226.522,178.713,NA,6.818,0.023,180,0
1656,22,33,468.182,471.212,52201.657,2,247,232.972,184.023,NA,6.451,0.022,-176.634,3.366
1657,22,34,468.182,471.212,52501.666,2,203,232.972,184.023,NA,0,0,0,176.634
1658,22,35,468.182,471.212,52801.676,2,148,232.972,184.023,NA,0,0,0,0
1659,22,36,465.152,466.667,53101.685,2,110,238.435,189.199,NA,5.463,0.018,-123.69,-123.69
1660,22,37,466.288,466.667,53401.695,2,133,239.572,188.304,NA,1.136,0.004,0,123.69
1661,22,38,469.697,466.667,53701.704,2,245,242.981,185.634,NA,3.409,0.011,0,0
1662,22,39,469.697,464.394,54001.714,2,223,245.253,187.066,NA,2.273,0.008,-90,-90
1663,22,40,469.697,452.652,54301.723,2,79,256.996,194.721,NA,11.742,0.039,-90,0
1664,22,41,469.318,453.788,54601.733,2,69,258.194,194.245,NA,1.198,0.004,108.435,-161.565
1665,22,42,469.318,458.712,54901.742,2,182,263.118,191.006,NA,4.924,0.016,90,-18.435
1666,22,43,469.318,458.712,55201.752,2,159,263.118,191.006,NA,0,0,0,-90
1667,22,44,469.318,458.712,55501.761,2,116,263.118,191.006,NA,0,0,0,0
1668,22,45,475.379,446.212,55801.771,2,69,277.01,194.997,NA,13.892,0.046,-64.134,-64.134
1669,22,46,482.955,440.152,56101.781,2,61,286.711,194.085,NA,9.702,0.032,-38.66,25.474
1670,22,47,482.955,429.167,56401.79,2,37,297.696,202.304,NA,10.985,0.037,-90,-51.34
1671,22,48,482.955,430.303,56701.8,2,24,298.833,201.442,NA,1.136,0.004,90,180
1672,22,49,475.758,421.97,57001.809,2,65,309.844,212.453,NA,11.011,0.037,-130.815,139.185
1673,22,50,470.455,421.97,57301.819,2,149,315.147,215.951,NA,5.303,0.018,180,-49.185
1674,22,51,462.5,412.121,57601.828,2,184,327.806,228.595,NA,12.66,0.042,-128.928,51.072
1675,22,52,462.121,412.121,57901.838,2,188,328.185,228.847,NA,0.379,0.001,180,-51.072
1676,22,53,470.076,412.121,58201.847,2,57,336.14,223.633,NA,7.955,0.027,0,-180
1677,22,54,468.939,408.712,58501.857,2,104,339.733,226.975,NA,3.593,0.012,-108.435,-108.435
1678,22,55,464.394,405.682,58801.866,2,119,345.196,232.219,NA,5.463,0.018,-146.31,-37.875
1679,22,56,460.606,404.545,59101.876,2,217,349.151,235.543,NA,3.955,0.013,-163.301,-16.991
1680,22,57,460.606,403.788,59401.885,2,255,349.908,236.117,NA,0.758,0.003,-90,73.301
1681,22,58,460.606,403.788,59701.895,2,115,349.908,236.117,NA,0,0,0,90
1682,22,59,460.606,403.788,60001.904,2,126,349.908,236.117,NA,0,0,0,0
1683,22,60,458.333,409.47,60301.914,2,113,356.028,233.349,NA,6.12,0.02,111.801,111.801
1684,22,61,453.03,412.121,60601.923,2,70,361.957,234.994,NA,5.929,0.02,153.435,41.634
1685,22,62,451.515,412.879,60901.933,2,71,363.651,235.489,NA,1.694,0.006,153.435,0
1686,22,63,459.848,460.985,61201.942,2,82,412.473,196.878,NA,48.823,0.163,80.172,-73.263
1687,22,64,460.227,460.985,61501.952,2,255,412.852,196.581,NA,0.379,0.001,0,-80.172
1688,22,65,450.379,450,61801.961,2,132,427.605,211.135,NA,14.753,0.049,-131.878,-131.878
1689,22,66,453.788,446.97,62101.971,2,92,432.167,210.443,NA,4.561,0.015,-41.634,90.244
1690,22,67,453.788,447.348,62401.98,2,100,432.545,210.198,NA,0.379,0.001,90,131.634
1691,22,68,453.788,437.5,62701.99,2,105,442.394,216.683,NA,9.848,0.033,-90,-180
1692,22,69,453.788,437.5,63002,2,112,442.394,216.683,NA,0,0,0,90
1693,22,70,453.788,437.5,63302.009,2,78,442.394,216.683,NA,0,0,0,0
1694,22,71,453.788,440.152,63602.019,2,131,445.045,214.912,NA,2.652,0.009,90,90
1695,22,72,464.394,444.697,63902.028,2,44,456.584,203.998,NA,11.539,0.038,23.199,-66.801
1696,22,73,464.394,451.515,64202.038,2,94,463.403,199.44,NA,6.818,0.023,90,66.801
1697,22,74,464.394,451.894,64502.047,2,73,463.781,199.191,NA,0.379,0.001,90,0
1698,22,75,456.818,449.621,64802.057,2,6,471.691,206.417,NA,7.909,0.026,-163.301,106.699
1699,22,76,442.424,449.242,65102.066,2,180,486.09,217.836,NA,14.399,0.048,-178.493,-15.192
1700,22,77,437.121,441.288,65402.076,2,9,495.65,226.925,NA,9.56,0.032,-123.69,54.802
1701,22,78,417.803,456.439,65702.085,2,2,520.201,233.782,NA,24.551,0.082,141.892,-94.418
1702,22,79,387.5,475.379,66002.095,2,101,555.936,251.104,NA,35.735,0.119,147.995,6.102
1703,22,80,364.773,503.03,66302.104,2,75,591.729,262.104,NA,35.793,0.119,129.417,-18.577
1704,22,81,364.773,501.894,66602.114,2,142,592.865,262.453,NA,1.136,0.004,-90,140.583
1705,22,82,365.152,502.273,66902.123,2,127,593.401,261.976,NA,0.536,0.002,45,135
1706,22,83,364.015,507.197,67202.133,2,161,598.454,261.589,NA,5.054,0.017,102.995,57.995
1707,22,84,353.409,507.955,67502.142,2,99,609.087,271.548,NA,10.633,0.035,175.914,72.92
1708,22,85,350.379,507.955,67802.152,2,52,612.118,274.461,NA,3.03,0.01,180,4.086
1709,22,86,352.652,506.061,68102.161,2,89,615.076,272.804,NA,2.958,0.01,-39.806,140.194
1710,22,87,352.652,506.061,68402.171,2,72,615.076,272.804,NA,0,0,0,39.806
1711,22,88,352.652,506.061,68702.18,2,58,615.076,272.804,NA,0,0,0,0
1712,22,89,352.652,512.879,69002.19,2,83,621.894,270.961,NA,6.818,0.023,90,90
1713,22,90,352.652,512.5,69302.199,2,70,622.273,271.059,NA,0.379,0.001,-90,-180
1714,22,91,352.652,512.5,69602.209,2,12,622.273,271.059,NA,0,0,0,90
1715,22,92,350.758,504.924,69902.219,2,14,630.082,274.942,NA,7.809,0.026,-104.036,-104.036
1716,22,93,346.212,485.606,70202.228,2,25,649.928,285.304,NA,19.846,0.066,-103.241,0.796
1717,22,94,344.318,481.061,70502.238,2,47,654.852,288.658,NA,4.924,0.016,-112.62,-9.379
1718,22,95,335.227,479.924,70802.247,2,2,664.014,297.572,NA,9.162,0.031,-172.875,-60.255
1719,23,1,651.263,406.313,45901.457,2,90,0,0,NA,NA,NA,NA,NA
1720,23,2,651.263,406.313,46201.466,2,182,0,0,NA,0,0,0,NA
1721,23,3,646.212,405.303,46501.476,2,51,5.151,5.151,NA,5.151,0.017,-168.69,-168.69
1722,23,4,640.657,405.303,46801.485,2,20,10.706,10.654,NA,5.556,0.019,180,-11.31
1723,23,5,629.04,405.303,47101.495,2,2,22.322,22.245,NA,11.616,0.039,180,0
1724,23,6,603.283,395.707,47401.504,2,51,49.809,49.138,NA,27.487,0.092,-159.567,20.433
1725,23,7,592.172,394.192,47701.514,2,163,61.023,60.321,NA,11.214,0.037,-172.235,-12.668
1726,23,8,585.101,392.172,48001.523,2,88,68.377,67.656,NA,7.354,0.025,-164.055,8.18
1727,23,9,585.101,391.162,48301.533,2,136,69.387,67.874,NA,1.01,0.003,-90,74.055
1728,23,10,582.071,388.131,48601.542,2,73,73.672,71.541,NA,4.285,0.014,-135,-45
1729,23,11,582.071,388.131,48901.552,2,21,73.672,71.541,NA,0,0,0,135
1730,23,12,586.616,381.566,49201.562,2,3,81.658,69.221,NA,7.986,0.027,-55.305,-55.305
1731,23,13,599.242,369.949,49501.571,2,118,98.815,63.47,NA,17.157,0.057,-42.614,12.691
1732,23,14,605.808,364.899,49801.581,2,124,107.098,61.492,NA,8.283,0.028,-37.569,5.045
1733,23,15,605.808,364.899,50101.59,2,236,107.098,61.492,NA,0,0,0,37.569
1734,23,16,594.697,354.293,50401.6,2,98,122.459,76.849,NA,15.361,0.051,-136.332,-136.332
1735,23,17,580.556,343.687,50701.609,2,54,140.136,94.454,NA,17.677,0.059,-143.13,-6.798
1736,23,18,572.475,325.505,51001.619,2,150,160.032,112.86,NA,19.897,0.066,-113.962,29.168
1737,23,19,571.97,311.364,51301.628,2,108,174.183,123.704,NA,14.15,0.047,-92.045,21.917
1738,23,20,575.505,310.859,51601.638,2,136,177.754,121.864,NA,3.571,0.012,-8.13,83.915
1739,23,21,575,302.273,51901.647,2,255,186.355,128.998,NA,8.601,0.029,-93.366,-85.236
1740,23,22,575,302.273,52201.657,2,179,186.355,128.998,NA,0,0,0,93.366
1741,23,23,570.455,259.343,52501.666,2,71,229.524,167.72,NA,43.169,0.144,-96.044,-96.044
1742,23,24,553.788,237.626,52801.676,2,81,256.899,194.825,NA,27.375,0.091,-127.504,-31.46
1743,23,25,547.222,218.434,53101.685,2,55,277.183,214.762,NA,20.284,0.068,-108.886,18.618
1744,24,1,737.121,361.869,36301.152,2,14,0,0,NA,NA,NA,NA,NA
1745,24,2,733.081,361.869,36601.162,2,31,4.04,4.04,NA,4.04,0.013,180,NA
1746,24,3,732.071,361.364,36901.171,2,34,5.17,5.076,NA,1.129,0.004,-153.435,26.565
1747,24,4,732.071,358.333,37201.181,2,14,8.2,6.165,NA,3.03,0.01,-90,63.435
1748,24,5,732.071,357.323,37501.19,2,31,9.21,6.795,NA,1.01,0.003,-90,0
1749,24,6,731.566,352.778,37801.2,2,113,13.784,10.654,NA,4.573,0.015,-96.34,-6.34
1750,24,7,731.566,352.778,38101.209,2,95,13.784,10.654,NA,0,0,0,96.34
1751,24,8,731.061,352.778,38401.219,2,104,14.289,10.926,NA,0.505,0.002,180,180
1752,24,9,731.061,352.778,38701.228,2,57,14.289,10.926,NA,0,0,0,-180
1753,24,10,731.061,352.778,39001.238,2,95,14.289,10.926,NA,0,0,0,0
1754,24,11,729.04,352.778,39301.247,2,107,16.309,12.163,NA,2.02,0.007,180,180
1755,24,12,728.03,353.283,39601.257,2,175,17.438,12.504,NA,1.129,0.004,153.435,-26.565
1756,24,13,724.495,353.283,39901.266,2,53,20.973,15.269,NA,3.535,0.012,180,26.565
1757,24,14,724.495,353.283,40201.276,2,88,20.973,15.269,NA,0,0,0,-180
1758,24,15,721.97,351.768,40501.285,2,38,23.918,18.21,NA,2.945,0.01,-149.036,-149.036
1759,24,16,712.879,351.768,40801.295,2,64,33.009,26.263,NA,9.091,0.03,180,-30.964
1760,24,17,708.838,346.212,41101.304,2,19,39.879,32.327,NA,6.869,0.023,-126.027,53.973
1761,24,18,708.838,346.212,41401.314,2,68,39.879,32.327,NA,0,0,0,126.027
1762,24,19,707.323,342.172,41701.323,2,90,44.194,35.72,NA,4.315,0.014,-110.556,-110.556
1763,24,20,707.323,337.626,42001.333,2,121,48.739,38.414,NA,4.545,0.015,-90,20.556
1764,24,21,702.273,337.626,42301.343,2,133,53.79,42.451,NA,5.051,0.017,180,-90
1765,24,22,700.758,333.586,42601.352,2,59,58.105,46.068,NA,4.315,0.014,-110.556,69.444
1766,24,23,698.737,312.374,42901.362,2,67,79.413,62.634,NA,21.308,0.071,-95.44,15.116
1767,24,24,698.737,307.828,43201.371,2,77,83.959,66.285,NA,4.545,0.015,-90,5.44
1768,24,25,693.687,294.192,43501.381,2,96,98.5,80.416,NA,14.542,0.048,-110.323,-20.323
1769,24,26,692.677,282.576,43801.39,2,103,110.16,90.899,NA,11.66,0.039,-94.97,15.353
1770,24,27,683.081,277.525,44101.4,2,71,121.004,100.171,NA,10.844,0.036,-152.241,-57.272
1771,24,28,673.99,275.505,44401.409,2,240,130.317,106.978,NA,9.313,0.031,-167.471,-15.23
1772,24,29,673.99,269.444,44701.419,2,220,136.377,111.928,NA,6.061,0.02,-90,77.471
1773,24,30,673.99,269.444,45001.428,2,255,136.377,111.928,NA,0,0,0,90
1774,24,31,673.99,269.444,45301.438,2,239,136.377,111.928,NA,0,0,0,0
1775,24,32,673.99,269.444,45601.447,2,237,136.377,111.928,NA,0,0,0,0
1776,24,33,673.99,269.444,45901.457,2,218,136.377,111.928,NA,0,0,0,0
1777,24,34,673.99,269.444,46201.466,2,48,136.377,111.928,NA,0,0,0,0
1778,24,35,677.02,265.404,46501.476,2,245,141.428,113.655,NA,5.051,0.017,-53.13,-53.13
1779,24,36,677.02,265.404,46801.485,2,230,141.428,113.655,NA,0,0,0,53.13
1780,24,37,677.02,262.879,47101.495,2,255,143.953,115.806,NA,2.525,0.008,-90,-90
1781,24,38,677.02,262.879,47401.504,2,236,143.953,115.806,NA,0,0,0,90
1782,24,39,677.02,261.869,47701.514,2,140,144.963,116.671,NA,1.01,0.003,-90,-90
1783,24,40,680.051,261.869,48001.523,2,121,147.994,115.139,NA,3.03,0.01,0,90
1784,24,41,681.061,251.768,48301.533,2,145,158.145,123.552,NA,10.151,0.034,-84.289,-84.289
1785,24,42,684.091,242.677,48601.542,2,173,167.728,130.457,NA,9.583,0.032,-71.565,12.724
1786,24,43,693.182,241.162,48901.552,2,192,176.944,128.456,NA,9.216,0.031,-9.462,62.103
1787,25,1,664.899,711.869,46201.466,2,3,0,0,NA,NA,NA,NA,NA
1788,25,2,655.808,711.869,46501.476,2,9,9.091,9.091,NA,9.091,0.03,180,NA
1789,25,3,648.232,711.869,46801.485,2,16,16.667,16.667,NA,7.576,0.025,180,0
1790,25,4,635.606,711.869,47101.495,2,40,29.293,29.293,NA,12.626,0.042,180,0
1791,25,5,635.606,711.869,47401.504,2,31,29.293,29.293,NA,0,0,0,-180
1792,25,6,635.606,713.384,47701.514,2,51,30.808,29.332,NA,1.515,0.005,90,90
1793,25,7,635.606,720.455,48001.523,2,26,37.879,30.525,NA,7.071,0.024,90,0
1794,25,8,635.606,720.455,48301.533,2,2,37.879,30.525,NA,0,0,0,-90
1795,25,9,612.374,718.434,48601.542,2,2,61.199,52.934,NA,23.32,0.078,-175.03,-175.03
1796,25,10,590.657,718.434,48901.552,2,10,82.916,74.532,NA,21.717,0.072,180,-4.97
1797,25,11,590.657,718.434,49201.562,2,58,82.916,74.532,NA,0,0,0,-180
1798,25,12,585.606,716.919,49501.571,2,36,88.189,79.454,NA,5.273,0.018,-163.301,-163.301
1799,25,13,585.606,716.919,49801.581,2,39,88.189,79.454,NA,0,0,0,163.301
1800,25,14,585.606,716.919,50101.59,2,60,88.189,79.454,NA,0,0,0,0
1801,25,15,581.061,723.99,50401.6,2,33,96.595,84.71,NA,8.406,0.028,122.735,122.735
1802,25,16,573.485,733.081,50701.609,2,5,108.428,93.843,NA,11.834,0.039,129.806,7.07
1803,25,17,555.808,748.232,51001.619,2,33,131.71,114.992,NA,23.282,0.078,139.399,9.593
1804,25,18,555.808,748.232,51301.628,2,42,131.71,114.992,NA,0,0,0,-139.399
1805,25,19,548.232,751.263,51601.638,2,61,139.869,123.138,NA,8.159,0.027,158.199,158.199
1806,25,20,548.232,764.394,51901.647,2,10,153.001,127.945,NA,13.131,0.044,90,-68.199
1807,25,21,538.131,780.051,52201.657,2,35,171.633,143.94,NA,18.632,0.062,122.829,32.829
1808,25,22,538.131,780.051,52501.666,2,51,171.633,143.94,NA,0,0,0,-122.829
1809,25,23,537.626,797.222,52801.676,2,3,188.812,153.244,NA,17.179,0.057,91.685,91.685
1810,25,24,539.141,785.101,53101.685,2,56,201.027,145.526,NA,12.216,0.041,-82.875,-174.56
1811,25,25,548.232,785.101,53401.695,2,39,210.118,137.746,NA,9.091,0.03,0,82.875
1812,25,26,548.232,785.101,53701.704,2,9,210.118,137.746,NA,0,0,0,0
1813,25,27,529.04,795.202,54001.714,2,13,231.806,159.38,NA,21.688,0.072,152.241,152.241
1814,25,28,518.434,796.212,54301.723,2,50,242.46,169.014,NA,10.654,0.036,174.56,22.318
1815,25,29,513.384,801.768,54601.733,2,42,249.968,176.178,NA,7.508,0.025,132.274,-42.286
1816,25,30,498.232,801.768,54901.742,2,28,265.12,189.366,NA,15.152,0.051,180,47.726
1817,25,31,498.232,801.768,55201.752,2,20,265.12,189.366,NA,0,0,0,-180
1818,25,32,498.232,801.768,55501.761,2,37,265.12,189.366,NA,0,0,0,0
1819,25,33,497.727,801.263,55801.771,2,30,265.834,189.572,NA,0.714,0.002,-135,-135
1820,25,34,492.172,796.212,56101.781,2,62,273.342,192.22,NA,7.508,0.025,-137.726,-2.726
1821,25,35,492.172,796.212,56401.79,2,37,273.342,192.22,NA,0,0,0,137.726
1822,25,36,492.172,796.212,56701.8,2,34,273.342,192.22,NA,0,0,0,0
1823,25,37,492.172,796.717,57001.809,2,7,273.847,192.442,NA,0.505,0.002,90,90
1824,25,38,492.172,811.869,57301.819,2,16,288.999,199.586,NA,15.152,0.051,90,0
