Nr,TID,PID,x [micron],y [micron],t [sec],c [idx],I [val],Len [micron],D2S [micron],D2R [micron],D2P [micron],v [micron/sec],α [deg],Δα [deg]
1,1,1,791.667,621.212,27600.929,2,79,0,0,NA,NA,NA,NA,NA
2,1,2,791.667,618.182,27900.939,2,41,3.03,3.03,NA,3.03,0.01,-90,NA
3,1,3,791.667,611.364,28200.95,2,78,9.848,9.848,NA,6.818,0.023,-90,0
4,1,4,791.667,607.576,28500.96,2,133,13.636,13.636,NA,3.788,0.013,-90,0
5,1,5,793.182,605.303,28800.97,2,108,16.368,15.981,NA,2.731,0.009,-56.31,33.69
6,1,6,793.182,593.939,29100.98,2,128,27.731,27.315,NA,11.364,0.038,-90,-33.69
7,1,7,798.737,593.182,29400.99,2,110,33.338,28.908,NA,5.607,0.019,-7.765,82.235
8,1,8,798.232,593.182,29701,2,90,33.843,28.789,NA,0.505,0.002,180,-172.235
9,1,9,798.232,593.182,30001.01,2,52,33.843,28.789,NA,0,0,0,-180
10,1,10,799.242,590.657,30301.02,2,100,36.563,31.481,NA,2.72,0.009,-68.199,-68.199
11,1,11,799.242,581.566,30601.03,2,98,45.654,40.364,NA,9.091,0.03,-90,-21.801
12,1,12,799.242,577.02,30901.04,2,122,50.2,44.837,NA,4.545,0.015,-90,0
13,1,13,799.242,567.424,31201.051,2,87,59.796,54.319,NA,9.596,0.032,-90,0
14,1,14,800.253,567.424,31501.061,2,125,60.806,54.469,NA,1.01,0.003,0,90
15,1,15,800.758,567.424,31801.071,2,101,61.311,54.551,NA,0.505,0.002,0,0
16,1,16,800.758,562.879,32101.081,2,127,65.856,59.037,NA,4.545,0.015,-90,-90
17,1,17,801.768,556.818,32401.091,2,78,72,65.181,NA,6.144,0.02,-80.538,9.462
18,1,18,801.768,557.323,32701.101,2,79,72.505,64.682,NA,0.505,0.002,90,170.538
19,1,19,810.859,557.323,33001.111,2,140,81.596,66.709,NA,9.091,0.03,0,-90
20,1,20,810.859,557.323,33301.121,2,193,81.596,66.709,NA,0,0,0,0
21,1,21,810.859,551.263,33601.131,2,170,87.657,72.535,NA,6.061,0.02,-90,-90
22,1,22,810.859,549.747,33901.141,2,131,89.172,73.997,NA,1.515,0.005,-90,0
23,1,23,810.859,548.232,34201.152,2,95,90.687,75.461,NA,1.515,0.005,-90,0
24,1,24,810.859,533.586,34501.162,2,164,105.334,89.703,NA,14.646,0.049,-90,0
25,1,25,810.354,533.586,34801.172,2,140,105.839,89.597,NA,0.505,0.002,180,-90
26,1,26,805.808,531.061,35101.182,2,131,111.039,91.254,NA,5.2,0.017,-150.945,29.055
27,1,27,805.808,531.061,35401.192,2,107,111.039,91.254,NA,0,0,0,150.945
28,1,28,799.747,523.99,35701.202,2,66,120.351,97.557,NA,9.313,0.031,-130.601,-130.601
29,1,29,795.707,517.424,36001.212,2,97,128.061,103.866,NA,7.709,0.026,-121.608,8.994
30,1,30,795.707,515.404,36301.222,2,122,130.081,105.885,NA,2.02,0.007,-90,31.608
31,1,31,795.707,515.404,36601.232,2,109,130.081,105.885,NA,0,0,0,90
32,1,32,791.667,515.404,36901.242,2,55,134.121,105.808,NA,4.04,0.013,180,180
33,1,33,791.667,510.354,37201.253,2,107,139.172,110.859,NA,5.051,0.017,-90,90
34,1,34,791.667,510.354,37501.263,2,90,139.172,110.859,NA,0,0,0,90
35,1,35,792.677,506.313,37801.273,2,70,143.336,114.903,NA,4.165,0.014,-75.964,-75.964
36,1,36,793.182,504.798,38101.283,2,130,144.934,116.424,NA,1.597,0.005,-71.565,4.399
37,1,37,793.182,494.192,38401.293,2,103,155.54,127.029,NA,10.606,0.035,-90,-18.435
38,1,38,793.182,492.677,38701.303,2,90,157.055,128.544,NA,1.515,0.005,-90,0
39,1,39,786.111,491.162,39001.313,2,119,164.286,130.169,NA,7.231,0.024,-167.905,-77.905
40,1,40,777.02,481.566,39301.323,2,123,177.504,140.412,NA,13.218,0.044,-133.452,34.453
41,1,41,777.02,481.566,39601.333,2,106,177.504,140.412,NA,0,0,0,133.452
42,1,42,777.525,472.475,39901.343,2,75,186.609,149.408,NA,9.105,0.03,-86.82,-86.82
43,1,43,778.535,463.889,40201.354,2,111,195.254,157.87,NA,8.645,0.029,-83.29,3.53
44,1,44,775,455.303,40501.364,2,117,204.54,166.744,NA,9.285,0.031,-112.38,-29.09
45,1,45,776.01,455.303,40801.374,2,74,205.55,166.646,NA,1.01,0.003,0,112.38
46,1,46,780.556,442.677,41101.384,2,136,218.969,178.881,NA,13.42,0.045,-70.201,-70.201
47,1,47,781.061,442.677,41401.394,2,116,219.474,178.85,NA,0.505,0.002,0,70.201
48,1,48,781.061,442.677,41701.404,2,106,219.474,178.85,NA,0,0,0,0
49,1,49,793.687,433.081,42001.414,2,99,235.333,188.142,NA,15.859,0.053,-37.235,-37.235
50,1,50,796.717,427.02,42301.424,2,94,242.109,194.258,NA,6.776,0.023,-63.435,-26.2
51,1,51,796.717,427.02,42601.434,2,185,242.109,194.258,NA,0,0,0,63.435
52,1,52,798.232,423.485,42901.444,2,102,245.956,197.836,NA,3.846,0.013,-66.801,-66.801
53,1,53,798.232,417.424,43201.455,2,156,252.016,203.894,NA,6.061,0.02,-90,-23.199
54,1,54,782.071,417.424,43501.465,2,102,268.178,204.014,NA,16.162,0.054,180,-90
55,1,55,782.071,411.869,43801.475,2,70,273.733,209.563,NA,5.556,0.019,-90,90
56,1,56,771.465,411.364,44101.485,2,123,284.351,210.819,NA,10.618,0.035,-177.274,-87.274
57,1,57,771.465,411.364,44401.495,2,117,284.351,210.819,NA,0,0,0,177.274
58,1,58,771.465,403.788,44701.505,2,152,291.927,218.361,NA,7.576,0.025,-90,-90
59,1,59,774.495,403.788,45001.515,2,129,294.957,218.101,NA,3.03,0.01,0,90
60,1,60,774.495,403.788,45301.525,2,178,294.957,218.101,NA,0,0,0,0
61,1,61,774.495,403.788,45601.535,2,84,294.957,218.101,NA,0,0,0,0
62,1,62,770.455,397.727,45901.546,2,144,302.241,224.489,NA,7.284,0.024,-123.69,-123.69
63,1,63,770.455,390.657,46201.556,2,79,309.312,231.529,NA,7.071,0.024,-90,33.69
64,1,64,772.98,381.061,46501.566,2,143,319.235,240.877,NA,9.923,0.033,-75.256,14.744
65,1,65,772.98,381.061,46801.576,2,129,319.235,240.877,NA,0,0,0,75.256
66,1,66,772.98,370.96,47101.586,2,153,329.336,250.949,NA,10.101,0.034,-90,-90
67,1,67,773.485,364.394,47401.596,2,157,335.921,257.461,NA,6.585,0.022,-85.601,4.399
68,1,68,773.485,355.808,47701.606,2,89,344.507,266.026,NA,8.586,0.029,-90,-4.399
69,1,69,763.889,335.606,48001.616,2,69,366.872,286.954,NA,22.365,0.075,-115.408,-25.408
70,1,70,768.434,327.02,48301.626,2,66,376.587,295.108,NA,9.715,0.032,-62.103,53.305
71,1,71,769.444,317.929,48601.636,2,163,385.734,304.096,NA,9.147,0.03,-83.66,-21.557
72,1,72,768.939,312.374,48901.647,2,148,391.312,309.673,NA,5.578,0.019,-95.194,-11.535
73,1,73,768.939,312.374,49201.657,2,94,391.312,309.673,NA,0,0,0,95.194
74,1,74,768.939,299.242,49501.667,2,145,404.443,322.771,NA,13.131,0.044,-90,-90
75,1,75,774.495,289.646,49801.677,2,168,415.532,332.01,NA,11.088,0.037,-59.931,30.069
76,1,76,774.495,289.646,50101.687,2,77,415.532,332.01,NA,0,0,0,59.931
77,1,77,778.03,281.566,50401.697,2,44,424.352,339.92,NA,8.82,0.029,-66.371,-66.371
78,1,78,804.798,248.737,50701.707,2,117,466.71,372.706,NA,42.358,0.141,-50.807,15.564
79,1,79,804.798,248.232,51001.717,2,228,467.215,373.211,NA,0.505,0.002,-90,-39.193
80,1,80,804.798,248.232,51301.727,2,23,467.215,373.211,NA,0,0,0,90
81,1,81,804.798,222.475,51601.737,2,223,492.973,398.954,NA,25.758,0.086,-90,-90
82,1,82,807.323,212.374,51901.748,2,89,503.384,409.138,NA,10.412,0.035,-75.964,14.036
83,1,83,807.323,212.374,52201.758,2,245,503.384,409.138,NA,0,0,0,75.964
84,1,84,826.515,203.788,52501.768,2,112,524.409,418.876,NA,21.025,0.07,-24.102,-24.102
85,1,85,856.818,189.141,52801.778,2,247,558.066,436.955,NA,33.657,0.112,-25.796,-1.694
86,1,86,859.848,177.525,53101.788,2,192,570.071,448.895,NA,12.005,0.04,-75.379,-49.583
87,1,87,861.364,139.646,53401.798,2,145,607.98,486.583,NA,37.909,0.126,-87.709,-12.33
88,1,88,861.364,139.646,53701.808,2,197,607.98,486.583,NA,0,0,0,87.709
89,1,89,861.364,130.556,54001.818,2,140,617.071,495.582,NA,9.091,0.03,-90,-90
90,1,90,865.404,120.455,54301.828,2,83,627.95,506.157,NA,10.879,0.036,-68.199,21.801
91,1,91,865.404,91.667,54601.838,2,138,656.738,534.655,NA,28.788,0.096,-90,-21.801
92,1,92,868.434,26.515,54901.849,2,104,721.96,599.631,NA,65.222,0.217,-87.337,2.663
93,1,93,865.404,28.535,55201.859,2,148,725.602,597.246,NA,3.642,0.012,146.31,-126.353
94,1,94,865.404,15.909,55501.869,2,77,738.228,609.778,NA,12.626,0.042,-90,123.69
95,2,1,866.414,512.879,36601.232,2,90,0,0,NA,NA,NA,NA,NA
96,2,2,849.242,484.596,36901.242,2,125,33.088,33.088,NA,33.088,0.11,-121.264,NA
97,2,3,836.616,454.798,37201.253,2,154,65.45,65.279,NA,32.363,0.108,-112.964,8.3
98,2,4,831.566,449.747,37501.263,2,149,72.593,72.111,NA,7.142,0.024,-135,-22.036
99,2,5,824.495,446.212,37801.273,2,161,80.498,78.751,NA,7.905,0.026,-153.435,-18.435
100,2,6,824.495,433.586,38101.283,2,124,93.124,89.692,NA,12.626,0.042,-90,63.435
101,2,7,830.051,407.323,38401.293,2,207,119.968,111.644,NA,26.844,0.089,-78.056,11.944
102,2,8,816.414,402.273,38701.303,2,93,134.51,121.382,NA,14.542,0.048,-159.677,-81.621
103,2,9,817.424,400.253,39001.313,2,158,136.768,122.82,NA,2.259,0.008,-63.435,96.242
104,2,10,813.889,394.697,39301.323,2,182,143.353,129.328,NA,6.585,0.022,-122.471,-59.036
105,2,11,808.333,388.131,39601.333,2,231,151.954,137.606,NA,8.601,0.029,-130.236,-7.765
106,2,12,823.99,388.131,39901.343,2,89,167.611,131.764,NA,15.657,0.052,0,130.236
107,2,13,822.98,368.434,40201.354,2,161,187.333,150.833,NA,19.723,0.066,-92.936,-92.936
108,2,14,818.434,362.879,40501.364,2,193,194.512,157.487,NA,7.178,0.024,-129.289,-36.354
109,2,15,811.364,367.929,40801.374,2,88,203.201,155.051,NA,8.689,0.029,144.462,-86.248
110,2,16,811.364,354.293,41101.384,2,144,216.837,167.869,NA,13.636,0.045,-90,125.538
111,2,17,811.364,354.293,41401.394,2,119,216.837,167.869,NA,0,0,0,90
112,2,18,811.364,341.667,41701.404,2,127,229.463,179.845,NA,12.626,0.042,-90,-90
113,2,19,827.02,341.667,42001.414,2,218,245.12,175.686,NA,15.657,0.052,0,90
114,2,20,806.313,332.576,42301.424,2,172,267.735,190.056,NA,22.615,0.075,-156.297,-156.297
115,2,21,805.808,320.96,42601.434,2,171,279.362,201.261,NA,11.627,0.039,-92.49,63.808
116,2,22,805.808,320.96,42901.444,2,120,279.362,201.261,NA,0,0,0,92.49
117,2,23,805.808,310.859,43201.455,2,178,289.463,210.915,NA,10.101,0.034,-90,-90
118,2,24,798.232,310.859,43501.465,2,166,297.039,213.216,NA,7.576,0.025,180,-90
119,2,25,797.222,307.828,43801.475,2,206,300.233,216.41,NA,3.194,0.011,-108.435,71.565
120,2,26,803.788,305.808,44101.485,2,230,307.102,216.334,NA,6.869,0.023,-17.103,91.332
121,2,27,804.293,296.212,44401.495,2,107,316.712,225.396,NA,9.609,0.032,-86.987,-69.884
122,2,28,799.747,280.556,44701.505,2,133,333.015,241.699,NA,16.303,0.054,-106.189,-19.202
123,2,29,796.717,270.455,45001.515,2,146,343.56,252.244,NA,10.546,0.035,-106.699,-0.51
124,2,30,800.253,258.838,45301.525,2,134,355.703,262.515,NA,12.142,0.04,-73.072,33.627
125,2,31,797.727,248.737,45601.535,2,151,366.114,272.926,NA,10.412,0.035,-104.036,-30.964
126,2,32,791.162,241.162,45901.546,2,141,376.139,281.945,NA,10.025,0.033,-130.914,-26.878
127,2,33,786.616,235.101,46201.556,2,191,383.715,289.012,NA,7.576,0.025,-126.87,4.044
128,2,34,786.616,234.596,46501.566,2,198,384.22,289.498,NA,0.505,0.002,-90,36.87
129,2,35,786.616,233.586,46801.576,2,164,385.23,290.469,NA,1.01,0.003,-90,0
130,2,36,788.636,219.949,47101.586,2,85,399.016,303.079,NA,13.785,0.046,-81.573,8.427
131,2,37,780.556,219.949,47401.596,2,255,407.096,305.253,NA,8.081,0.027,180,-98.427
132,2,38,780.556,207.323,47701.606,2,212,419.723,317.389,NA,12.626,0.042,-90,90
133,2,39,780.556,207.323,48001.616,2,84,419.723,317.389,NA,0,0,0,90
134,2,40,786.111,204.798,48301.626,2,175,425.825,318.375,NA,6.103,0.02,-24.444,-24.444
135,2,41,786.111,190.657,48601.636,2,244,439.967,332.078,NA,14.141,0.047,-90,-65.556
136,2,42,780.051,181.061,48901.647,2,78,451.316,342.873,NA,11.35,0.038,-122.276,-32.276
137,2,43,788.636,179.04,49201.657,2,125,460.137,342.779,NA,8.82,0.029,-13.241,109.035
138,2,44,789.141,173.485,49501.667,2,223,465.715,348.079,NA,5.578,0.019,-84.806,-71.565
139,2,45,791.162,180.556,49801.677,2,244,473.069,340.737,NA,7.354,0.025,74.055,158.86
140,2,46,794.192,180.556,50101.687,2,255,476.099,340.081,NA,3.03,0.01,0,-74.055
141,2,47,797.222,176.01,50401.697,2,255,481.562,343.901,NA,5.463,0.018,-56.31,-56.31
142,2,48,796.717,175.505,50701.707,2,255,482.276,344.498,NA,0.714,0.002,-135,-78.69
143,2,49,797.727,175.505,51001.717,2,160,483.286,344.295,NA,1.01,0.003,0,135
144,2,50,801.768,175.505,51301.727,2,152,487.327,343.512,NA,4.04,0.013,0,0
145,2,51,801.768,175.505,51601.737,2,255,487.327,343.512,NA,0,0,0,0
146,2,52,800.758,175.505,51901.748,2,235,488.337,343.703,NA,1.01,0.003,180,180
147,2,53,801.263,173.485,52201.758,2,252,490.419,345.591,NA,2.082,0.007,-75.964,104.036
148,2,54,801.263,168.939,52501.768,2,224,494.965,350.056,NA,4.545,0.015,-90,-14.036
149,2,55,797.727,146.717,52801.778,2,119,517.466,372.548,NA,22.502,0.075,-99.039,-9.039
150,2,56,810.859,128.03,53101.788,2,221,540.306,388.838,NA,22.839,0.076,-54.904,44.135
151,2,57,828.03,95.202,53401.798,2,164,577.354,419.437,NA,37.048,0.123,-62.387,-7.483
152,2,58,834.091,100.253,53701.808,2,241,585.243,413.89,NA,7.889,0.026,39.806,102.193
153,2,59,840.152,89.646,54001.818,2,60,597.458,424.046,NA,12.216,0.041,-60.255,-100.061
154,2,60,848.737,89.646,54301.828,2,206,606.044,423.601,NA,8.586,0.029,0,60.255
155,2,61,848.737,87.121,54601.838,2,165,608.569,426.124,NA,2.525,0.008,-90,-90
156,2,62,846.717,90.152,54901.849,2,194,612.211,423.186,NA,3.642,0.012,123.69,-146.31
157,2,63,845.202,82.071,55201.859,2,111,620.433,431.33,NA,8.222,0.027,-100.62,135.69
158,2,64,845.202,90.152,55501.869,2,194,628.514,423.259,NA,8.081,0.027,90,-169.38
159,2,65,829.04,65.404,55801.879,2,103,658.071,449.033,NA,29.557,0.099,-123.147,146.853
160,2,66,828.535,64.899,56101.889,2,2,658.785,449.578,NA,0.714,0.002,-135,-11.853
161,2,67,805.808,32.071,56401.899,2,115,698.713,484.613,NA,39.928,0.133,-124.695,10.305
162,2,68,788.131,9.848,56701.909,2,125,727.108,509.085,NA,28.395,0.095,-128.501,-3.806
163,2,69,770.455,7.828,57001.919,2,53,744.9,514.086,NA,17.792,0.059,-173.48,-44.98
164,3,1,709.343,705.808,29701,2,52,0,0,NA,NA,NA,NA,NA
165,3,2,700.758,692.172,30001.01,2,63,16.114,16.114,NA,16.114,0.054,-122.196,NA
166,3,3,700.253,688.636,30301.02,2,63,19.685,19.43,NA,3.571,0.012,-98.13,24.066
167,3,4,700.253,685.606,30601.03,2,84,22.716,22.153,NA,3.03,0.01,-90,8.13
168,3,5,700.253,694.697,30901.04,2,84,31.807,14.356,NA,9.091,0.03,90,180
169,3,6,701.263,689.646,31201.051,2,58,36.957,18.069,NA,5.151,0.017,-78.69,-168.69
170,3,7,680.556,689.646,31501.061,2,94,57.664,33.014,NA,20.707,0.069,180,-101.31
171,3,8,673.99,684.091,31801.071,2,38,66.265,41.491,NA,8.601,0.029,-139.764,40.236
172,3,9,673.99,684.091,32101.081,2,92,66.265,41.491,NA,0,0,0,139.764
173,3,10,671.465,684.091,32401.091,2,68,68.79,43.663,NA,2.525,0.008,180,180
174,3,11,671.465,690.152,32701.101,2,99,74.851,40.987,NA,6.061,0.02,90,-90
175,3,12,663.384,668.434,33001.111,2,31,98.023,59.237,NA,23.172,0.077,-110.41,159.59
176,3,13,649.747,648.737,33301.121,2,74,121.979,82.515,NA,23.957,0.08,-124.695,-14.285
177,3,14,649.242,648.737,33601.131,2,83,122.484,82.881,NA,0.505,0.002,180,-55.305
178,3,15,629.04,628.03,33901.141,2,61,151.414,111.794,NA,28.929,0.096,-134.293,45.707
179,3,16,622.98,609.848,34201.152,2,82,170.579,129.1,NA,19.165,0.064,-108.435,25.858
180,3,17,622.98,609.848,34501.162,2,45,170.579,129.1,NA,0,0,0,108.435
181,3,18,611.364,593.687,34801.172,2,25,190.482,148.9,NA,19.903,0.066,-125.707,-125.707
182,3,19,602.778,573.99,35101.182,2,98,211.969,169.506,NA,21.487,0.072,-113.552,12.154
183,3,20,602.778,573.99,35401.192,2,53,211.969,169.506,NA,0,0,0,113.552
184,3,21,588.131,533.586,35701.202,2,100,254.946,210.601,NA,42.977,0.143,-109.926,-109.926
185,3,22,578.535,520.455,36001.212,2,134,271.21,226.863,NA,16.264,0.054,-126.158,-16.233
186,3,23,567.424,515.909,36301.222,2,116,283.215,237.071,NA,12.005,0.04,-157.751,-31.593
187,3,24,560.859,507.828,36601.232,2,97,293.626,247.475,NA,10.412,0.035,-129.094,28.657
188,3,25,572.475,495.202,36901.242,2,94,310.783,251.173,NA,17.157,0.057,-47.386,81.708
189,3,26,583.081,487.626,37201.253,2,38,323.817,252.082,NA,13.034,0.043,-35.538,11.848
190,3,27,588.131,473.485,37501.263,2,122,338.833,262.043,NA,15.016,0.05,-70.346,-34.808
191,3,28,585.101,470.96,37801.273,2,118,342.778,265.688,NA,3.945,0.013,-140.194,-69.848
192,3,29,585.101,456.818,38101.283,2,71,356.919,278.266,NA,14.141,0.047,-90,50.194
193,3,30,585.101,456.818,38401.293,2,69,356.919,278.266,NA,0,0,0,90
194,3,31,573.99,450.758,38701.303,2,122,369.576,288.741,NA,12.657,0.042,-151.39,-151.39
195,3,32,564.899,444.697,39001.313,2,35,380.502,298.401,NA,10.926,0.036,-146.31,5.08
196,3,33,563.889,434.091,39301.323,2,86,391.156,308.2,NA,10.654,0.036,-95.44,50.87
197,3,34,554.293,428.535,39601.333,2,92,402.244,317.68,NA,11.088,0.037,-149.931,-54.491
198,3,35,548.737,411.869,39901.343,2,116,419.812,334.955,NA,17.568,0.059,-108.435,41.496
199,3,36,549.747,409.848,40201.354,2,76,422.071,336.248,NA,2.259,0.008,-63.435,45
200,3,37,559.343,409.848,40501.364,2,93,431.667,331.801,NA,9.596,0.032,0,63.435
201,3,38,570.96,404.293,40801.374,2,83,444.543,331.755,NA,12.876,0.043,-25.56,-25.56
202,3,39,584.596,392.677,41101.384,2,74,462.456,337.066,NA,17.913,0.06,-40.426,-14.866
203,3,40,574.495,380.051,41401.394,2,119,478.626,352.565,NA,16.17,0.054,-128.66,-88.234
204,3,41,567.424,377.525,41701.404,2,88,486.134,357.646,NA,7.508,0.025,-160.346,-31.686
205,3,42,549.747,367.929,42001.414,2,187,506.247,373.675,NA,20.113,0.067,-151.504,8.842
206,3,43,538.636,367.424,42301.424,2,133,517.37,379.005,NA,11.123,0.037,-177.397,-25.893
207,3,44,528.03,351.263,42601.434,2,76,536.701,398.217,NA,19.331,0.064,-123.275,54.123
208,3,45,519.444,344.192,42901.444,2,255,547.824,408.446,NA,11.123,0.037,-140.528,-17.253
209,3,46,516.919,333.586,43201.455,2,164,558.726,419.018,NA,10.903,0.036,-103.392,37.135
210,3,47,516.919,325,43501.465,2,94,567.312,426.664,NA,8.586,0.029,-90,13.392
211,3,48,534.091,331.566,43801.475,2,154,585.696,413.244,NA,18.384,0.061,20.925,110.925
212,3,49,535.101,324.495,44101.485,2,122,592.839,419.238,NA,7.142,0.024,-81.87,-102.794
213,3,50,529.545,320.96,44401.495,2,190,599.424,424.777,NA,6.585,0.022,-147.529,-65.659
214,3,51,529.545,320.96,44701.505,2,62,599.424,424.777,NA,0,0,0,147.529
215,3,52,529.545,312.374,45001.515,2,82,608.01,432.571,NA,8.586,0.029,-90,-90
216,3,53,529.545,312.374,45301.525,2,83,608.01,432.571,NA,0,0,0,90
217,3,54,532.071,302.273,45601.535,2,179,618.421,440.757,NA,10.412,0.035,-75.964,-75.964
218,3,55,532.071,302.273,45901.546,2,173,618.421,440.757,NA,0,0,0,75.964
219,3,56,532.071,302.273,46201.556,2,122,618.421,440.757,NA,0,0,0,0
220,3,57,526.515,311.364,46501.566,2,114,629.075,434.756,NA,10.654,0.036,121.43,121.43
221,3,58,538.636,320.455,46801.576,2,208,644.227,421.472,NA,15.152,0.051,36.87,-84.56
222,3,59,538.636,321.97,47101.586,2,107,645.742,420.087,NA,1.515,0.005,90,53.13
223,3,60,538.636,307.323,47401.596,2,128,660.389,433.51,NA,14.646,0.049,-90,-180
224,3,61,525.505,299.242,47701.606,2,74,675.807,446.197,NA,15.419,0.051,-148.392,-58.392
225,3,62,525.505,285.101,48001.616,2,146,689.949,459.12,NA,14.141,0.047,-90,58.392
226,3,63,526.01,283.586,48301.626,2,196,691.546,460.307,NA,1.597,0.005,-71.565,18.435
227,3,64,520.96,275,48601.636,2,157,701.507,470.196,NA,9.961,0.033,-120.466,-48.9
228,3,65,520.96,275.505,48901.647,2,165,702.012,469.733,NA,0.505,0.002,90,-149.534
229,3,66,518.434,283.586,49201.657,2,162,710.478,463.377,NA,8.466,0.028,107.354,17.354
230,3,67,518.434,283.586,49501.667,2,173,710.478,463.377,NA,0,0,0,-107.354
231,3,68,518.434,283.586,49801.677,2,75,710.478,463.377,NA,0,0,0,0
232,3,69,518.434,283.586,50101.687,2,135,710.478,463.377,NA,0,0,0,0
233,3,70,518.434,265.909,50401.697,2,155,728.155,479.539,NA,17.677,0.059,-90,-90
234,3,71,518.434,254.293,50701.707,2,151,739.771,490.216,NA,11.616,0.039,-90,0
235,3,72,518.434,248.737,51001.717,2,226,745.327,495.338,NA,5.556,0.019,-90,0
236,3,73,518.434,236.111,51301.727,2,158,757.953,507.012,NA,12.626,0.042,-90,0
237,3,74,518.434,236.111,51601.737,2,108,757.953,507.012,NA,0,0,0,90
238,3,75,510.859,226.01,51901.748,2,156,770.579,519.232,NA,12.626,0.042,-126.87,-126.87
239,3,76,510.859,216.919,52201.758,2,146,779.67,527.644,NA,9.091,0.03,-90,36.87
240,3,77,507.828,230.051,52501.768,2,125,793.146,516.676,NA,13.476,0.045,102.995,-167.005
241,3,78,491.667,230.051,52801.778,2,73,809.308,523.191,NA,16.162,0.054,180,77.005
242,3,79,489.646,209.848,53101.788,2,141,829.611,542.441,NA,20.303,0.068,-95.711,84.289
243,3,80,491.162,200.253,53401.798,2,61,839.326,550.627,NA,9.715,0.032,-81.027,14.683
244,3,81,487.626,185.101,53701.808,2,87,854.884,565.946,NA,15.559,0.052,-103.134,-22.107
245,3,82,477.525,162.879,54001.818,2,145,879.294,590.349,NA,24.41,0.081,-114.444,-11.31
246,3,83,477.525,162.374,54301.828,2,112,879.799,590.813,NA,0.505,0.002,-90,24.444
247,3,84,472.475,151.263,54601.838,2,73,892.004,603.015,NA,12.205,0.041,-114.444,-24.444
248,3,85,464.899,135.606,54901.849,2,188,909.398,620.39,NA,17.393,0.058,-115.821,-1.377
249,3,86,459.343,124.495,55201.859,2,131,921.82,632.791,NA,12.423,0.041,-116.565,-0.744
250,4,1,568.939,798.232,28200.95,2,80,0,0,NA,NA,NA,NA,NA
251,4,2,560.354,795.202,28500.96,2,70,9.105,9.105,NA,9.105,0.03,-160.56,NA
252,4,3,556.313,792.172,28800.97,2,91,14.155,14.005,NA,5.051,0.017,-143.13,17.43
253,4,4,542.172,792.172,29100.98,2,63,28.297,27.445,NA,14.141,0.047,180,-36.87
254,4,5,541.162,781.061,29400.99,2,93,39.454,32.657,NA,11.157,0.037,-95.194,84.806
255,4,6,540.657,780.556,29701,2,112,40.168,33.352,NA,0.714,0.002,-135,-39.806
256,4,7,532.576,780.556,30001.01,2,59,48.249,40.432,NA,8.081,0.027,180,-45
257,4,8,532.576,780.556,30301.02,2,94,48.249,40.432,NA,0,0,0,-180
258,4,9,532.576,780.556,30601.03,2,40,48.249,40.432,NA,0,0,0,0
259,4,10,543.687,790.657,30901.04,2,42,63.265,26.364,NA,15.016,0.05,42.274,42.274
260,4,11,533.081,784.091,31201.051,2,159,75.739,38.546,NA,12.474,0.042,-148.241,169.486
261,4,12,524.495,783.081,31501.061,2,41,84.384,46.956,NA,8.645,0.029,-173.29,-25.05
262,4,13,524.495,777.02,31801.071,2,110,90.445,49.247,NA,6.061,0.02,-90,83.29
263,4,14,524.495,777.525,32101.081,2,118,90.95,49.032,NA,0.505,0.002,90,180
264,4,15,529.04,777.525,32401.091,2,53,95.495,44.952,NA,4.545,0.015,0,-90
265,4,16,532.576,783.081,32701.101,2,76,102.08,39.394,NA,6.585,0.022,57.529,57.529
266,4,17,533.081,783.081,33001.111,2,82,102.585,38.928,NA,0.505,0.002,0,-57.529
267,4,18,541.162,783.081,33301.121,2,74,110.666,31.641,NA,8.081,0.027,0,0
268,4,19,541.162,783.081,33601.131,2,50,110.666,31.641,NA,0,0,0,0
269,4,20,524.495,778.535,33901.141,2,73,127.941,48.614,NA,17.275,0.058,-164.745,-164.745
270,4,21,523.485,771.97,34201.152,2,119,134.584,52.496,NA,6.643,0.022,-98.746,65.999
271,4,22,517.424,766.414,34501.162,2,111,142.806,60.549,NA,8.222,0.027,-137.49,-38.743
272,4,23,505.303,765.909,34801.172,2,118,154.938,71.375,NA,12.132,0.04,-177.614,-40.125
273,4,24,501.263,767.424,35101.182,2,74,159.253,74.359,NA,4.315,0.014,159.444,-22.942
274,4,25,483.081,767.424,35401.192,2,82,177.435,91.219,NA,18.182,0.061,180,20.556
275,4,26,477.02,759.343,35701.202,2,78,187.536,99.807,NA,10.101,0.034,-126.87,53.13
276,4,27,477.02,759.343,36001.212,2,103,187.536,99.807,NA,0,0,0,126.87
277,4,28,477.02,747.727,36301.222,2,57,199.152,104.88,NA,11.616,0.039,-90,-90
278,4,29,478.03,747.727,36601.232,2,128,200.162,103.996,NA,1.01,0.003,0,90
279,4,30,474.495,737.626,36901.242,2,99,210.864,112.218,NA,10.702,0.036,-109.29,-109.29
280,4,31,475,721.97,37201.253,2,79,226.528,120.998,NA,15.665,0.052,-88.152,21.138
281,4,32,481.061,716.919,37501.263,2,91,234.418,119.727,NA,7.889,0.026,-39.806,48.347
282,4,33,486.111,716.919,37801.273,2,65,239.468,116.07,NA,5.051,0.017,0,39.806
283,4,34,481.061,699.747,38101.283,2,46,257.367,131.992,NA,17.899,0.06,-106.39,-106.39
284,4,35,463.636,671.212,38401.293,2,135,290.802,164.994,NA,33.435,0.111,-121.409,-15.02
285,4,36,463.636,664.394,38701.303,2,99,297.62,170.298,NA,6.818,0.023,-90,31.409
286,4,37,463.636,664.394,39001.313,2,3,297.62,170.298,NA,0,0,0,90
287,4,38,463.636,637.121,39301.323,2,85,324.893,192.472,NA,27.273,0.091,-90,-90
288,4,39,469.949,620.96,39601.333,2,45,342.243,203.038,NA,17.351,0.058,-68.663,21.337
289,4,40,469.949,611.364,39901.343,2,117,351.839,211.468,NA,9.596,0.032,-90,-21.337
290,4,41,469.949,600.253,40201.354,2,100,362.951,221.348,NA,11.111,0.037,-90,0
291,4,42,462.374,597.727,40501.364,2,136,370.936,227.065,NA,7.986,0.027,-161.565,-71.565
292,4,43,457.828,587.121,40801.374,2,94,382.475,238.566,NA,11.539,0.038,-113.199,48.366
293,4,44,457.323,587.626,41101.384,2,51,383.189,238.355,NA,0.714,0.002,135,-111.801
294,4,45,441.162,570.455,41401.394,2,110,406.77,261.17,NA,23.581,0.079,-133.264,91.736
295,4,46,441.162,554.798,41701.404,2,123,422.427,274.932,NA,15.657,0.052,-90,43.264
296,4,47,442.677,550.253,42001.414,2,81,427.218,278.274,NA,4.791,0.016,-71.565,18.435
297,4,48,450.758,535.101,42301.424,2,147,444.39,288.453,NA,17.172,0.057,-61.928,9.638
298,4,49,449.747,521.465,42601.434,2,83,458.064,301.342,NA,13.674,0.046,-94.236,-32.309
299,4,50,445.707,516.919,42901.444,2,115,464.145,307.121,NA,6.082,0.02,-131.634,-37.397
300,4,51,464.899,514.394,43201.455,2,117,483.503,302.306,NA,19.357,0.065,-7.496,124.138
301,4,52,465.909,493.687,43501.465,2,140,504.234,321.501,NA,20.732,0.069,-87.207,-79.711
302,4,53,475.505,487.626,43801.475,2,106,515.584,324.355,NA,11.35,0.038,-32.276,54.932
303,4,54,488.131,481.061,44101.485,2,116,529.815,327.304,NA,14.231,0.047,-27.474,4.801
304,4,55,488.131,471.465,44401.495,2,135,539.411,336.611,NA,9.596,0.032,-90,-62.526
305,4,56,488.131,462.879,44701.505,2,201,547.997,344.952,NA,8.586,0.029,-90,0
306,4,57,488.131,463.384,45001.515,2,88,548.502,344.461,NA,0.505,0.002,90,180
307,4,58,497.222,463.384,45301.525,2,88,557.593,342.442,NA,9.091,0.03,0,-90
308,4,59,501.768,456.818,45601.535,2,134,565.579,347.959,NA,7.986,0.027,-55.305,-55.305
309,4,60,497.727,440.657,45901.546,2,121,582.238,364.598,NA,16.659,0.056,-104.036,-48.731
310,4,61,494.192,433.586,46201.556,2,185,590.143,372.229,NA,7.905,0.026,-116.565,-12.529
311,4,62,485.101,422.98,46501.566,2,154,604.112,384.504,NA,13.969,0.047,-130.601,-14.036
312,4,63,484.596,422.475,46801.576,2,92,604.826,385.107,NA,0.714,0.002,-135,-4.399
313,4,64,470.455,411.364,47101.586,2,122,622.811,399.208,NA,17.984,0.06,-141.843,-6.843
314,4,65,452.778,399.242,47401.596,2,190,644.244,415.556,NA,21.433,0.071,-145.561,-3.718
315,4,66,452.273,398.737,47701.606,2,73,644.958,416.182,NA,0.714,0.002,-135,10.561
316,4,67,438.131,392.172,48001.616,2,156,660.549,426.61,NA,15.591,0.052,-155.095,-20.095
317,4,68,412.374,392.172,48301.626,2,218,686.307,435.199,NA,25.758,0.086,180,-24.905
318,4,69,388.636,376.01,48601.636,2,139,715.024,459.109,NA,28.717,0.096,-145.751,34.249
319,4,70,383.586,373.485,48901.647,2,109,720.671,463.429,NA,5.647,0.019,-153.435,-7.684
320,4,71,359.343,369.949,49201.657,2,96,745.169,476.819,NA,24.499,0.082,-171.703,-18.268
321,4,72,345.202,373.485,49501.667,2,149,759.746,480.072,NA,14.577,0.049,165.964,-22.333
322,4,73,324.495,380.051,49801.677,2,156,781.469,484.385,NA,21.723,0.072,162.408,-3.556
323,4,74,301.768,374.495,50101.687,2,82,804.866,500.933,NA,23.396,0.078,-166.264,31.329
324,4,75,297.222,373.99,50401.697,2,59,809.439,503.797,NA,4.573,0.015,-173.66,-7.396
325,4,76,313.384,382.576,50701.707,2,127,827.74,487.933,NA,18.301,0.061,27.979,-158.361
326,4,77,313.889,383.081,51001.717,2,113,828.454,487.239,NA,0.714,0.002,45,17.021
327,4,78,311.869,384.091,51301.727,2,178,830.713,487.441,NA,2.259,0.008,153.435,108.435
328,4,79,306.818,384.091,51601.737,2,171,835.763,490.123,NA,5.051,0.017,180,26.565
329,4,80,300.253,389.646,51901.748,2,75,844.364,489.014,NA,8.601,0.029,139.764,-40.236
330,4,81,304.293,400.758,52201.758,2,87,856.187,477.519,NA,11.823,0.039,70.017,-69.747
331,4,82,304.293,400.758,52501.768,2,124,856.187,477.519,NA,0,0,0,-70.017
332,4,83,312.879,402.273,52801.778,2,108,864.905,471.541,NA,8.719,0.029,10.008,10.008
333,4,84,308.333,411.364,53101.788,2,121,875.069,466.458,NA,10.164,0.034,116.565,106.557
334,4,85,292.172,413.384,53401.798,2,138,891.357,474.034,NA,16.287,0.054,172.875,56.31
335,4,86,282.576,413.384,53701.808,2,104,900.953,479.7,NA,9.596,0.032,180,7.125
336,4,87,293.687,418.939,54001.818,2,124,913.375,468.644,NA,12.423,0.041,26.565,-153.435
337,4,88,317.929,401.768,54301.828,2,22,943.083,469.244,NA,29.708,0.099,-35.311,-61.876
338,4,89,316.414,395.202,54601.838,2,83,949.821,475.607,NA,6.738,0.022,-102.995,-67.683
339,4,90,314.899,392.677,54901.849,2,141,952.766,478.552,NA,2.945,0.01,-120.964,-17.969
340,4,91,335.101,406.313,55201.859,2,66,977.14,456.378,NA,24.374,0.081,34.019,154.983
341,4,92,322.98,406.313,55501.869,2,86,989.261,462.706,NA,12.121,0.04,180,145.981
342,4,93,302.273,406.313,55801.879,2,39,1009.968,474.038,NA,20.707,0.069,180,0
343,4,94,302.778,398.232,56101.889,2,113,1018.065,480.46,NA,8.097,0.027,-86.424,93.576
344,4,95,298.737,393.687,56401.899,2,56,1024.146,486.483,NA,6.082,0.02,-131.634,-45.21
345,4,96,291.667,417.424,56701.909,2,179,1048.914,471.057,NA,24.768,0.083,106.587,-121.779
346,4,97,301.768,425,57001.919,2,181,1061.541,459.002,NA,12.626,0.042,36.87,-69.717
347,4,98,313.384,425,57301.929,2,127,1073.157,452.339,NA,11.616,0.039,0,-36.87
348,4,99,321.97,427.525,57601.939,2,119,1082.106,445.441,NA,8.95,0.03,16.39,16.39
349,4,100,336.111,446.212,57901.95,2,140,1105.541,422.051,NA,23.435,0.078,52.883,36.494
350,4,101,345.202,459.343,58201.96,2,116,1121.512,406.084,NA,15.971,0.053,55.305,2.422
351,4,102,357.828,467.929,58501.97,2,184,1136.781,392.005,NA,15.269,0.051,34.216,-21.089
352,4,103,359.848,480.051,58801.98,2,109,1149.069,380.734,NA,12.288,0.041,80.538,46.322
353,4,104,359.848,500.253,59101.99,2,35,1169.271,364.021,NA,20.202,0.067,90,9.462
354,4,105,357.828,508.838,59402,2,178,1178.092,358.213,NA,8.82,0.029,103.241,13.241
355,4,106,349.747,510.859,59702.01,2,105,1186.421,361.426,NA,8.33,0.028,165.964,62.723
356,4,107,347.222,523.99,60002.02,2,152,1199.793,352.658,NA,13.372,0.045,100.886,-65.078
357,4,108,338.636,543.687,60302.03,2,83,1221.28,343.268,NA,21.487,0.072,113.552,12.667
358,4,109,334.091,553.283,60602.04,2,90,1231.898,339.344,NA,10.618,0.035,115.346,1.794
359,4,110,334.091,553.283,60902.051,2,179,1231.898,339.344,NA,0,0,0,-115.346
360,4,111,334.091,553.283,61202.061,2,163,1231.898,339.344,NA,0,0,0,0
361,4,112,334.091,553.283,61502.071,2,95,1231.898,339.344,NA,0,0,0,0
362,4,113,334.091,568.434,61802.081,2,81,1247.05,328.574,NA,15.152,0.051,90,90
363,4,114,337.121,565.909,62102.091,2,73,1250.994,328.198,NA,3.945,0.013,-39.806,-129.806
364,4,115,343.687,566.414,62402.101,2,94,1257.579,323.231,NA,6.585,0.022,4.399,44.204
365,4,116,340.657,573.485,62702.111,2,123,1265.272,320.351,NA,7.693,0.026,113.199,108.8
366,4,117,340.657,573.485,63002.121,2,52,1265.272,320.351,NA,0,0,0,-113.199
367,4,118,348.737,554.798,63302.131,2,55,1285.631,328.252,NA,20.359,0.068,-66.615,-66.615
368,4,119,360.859,543.687,63602.141,2,111,1302.074,328.772,NA,16.443,0.055,-42.51,24.104
369,4,120,361.364,556.313,63902.152,2,99,1314.711,318.767,NA,12.636,0.042,87.709,130.22
370,4,121,366.414,570.455,64202.162,2,136,1329.727,304.794,NA,15.016,0.05,70.346,-17.363
371,4,122,368.434,572.475,64502.172,2,107,1332.584,301.942,NA,2.857,0.01,45,-25.346
372,4,123,340.657,583.586,64802.182,2,107,1362.502,313.347,NA,29.918,0.1,158.199,113.199
373,4,124,330.051,592.677,65102.192,2,108,1376.471,315.152,NA,13.969,0.047,139.399,-18.8
374,4,125,315.909,592.677,65402.202,2,89,1390.612,326.002,NA,14.141,0.047,180,40.601
375,4,126,315.909,592.677,65702.212,2,164,1390.612,326.002,NA,0,0,0,-180
376,4,127,337.121,577.525,66002.222,2,104,1416.68,320.08,NA,26.068,0.087,-35.538,-35.538
377,4,128,337.121,564.899,66302.232,2,91,1429.306,328.914,NA,12.626,0.042,-90,-54.462
378,4,129,337.121,552.273,66602.242,2,73,1441.932,337.988,NA,12.626,0.042,-90,0
379,4,130,337.121,552.778,66902.253,2,12,1442.437,337.621,NA,0.505,0.002,90,180
380,4,131,337.121,568.434,67202.263,2,79,1458.094,326.415,NA,15.657,0.052,90,0
381,4,132,343.687,571.97,67502.273,2,92,1465.551,319.27,NA,7.457,0.025,28.301,-61.699
382,4,133,335.606,571.97,67802.283,2,52,1473.632,325.022,NA,8.081,0.027,180,151.699
383,4,134,325,588.636,68102.293,2,100,1493.387,321.616,NA,19.755,0.066,122.471,-57.529
384,4,135,324.495,588.131,68402.303,2,107,1494.101,322.328,NA,0.714,0.002,-135,102.529
385,4,136,349.242,601.263,68702.313,2,117,1522.117,295.066,NA,28.016,0.093,27.951,162.951
386,4,137,353.283,588.131,69002.323,2,116,1535.855,301.082,NA,13.739,0.046,-72.897,-100.848
387,4,138,361.869,586.616,69302.333,2,81,1544.574,296.074,NA,8.719,0.029,-10.008,62.889
388,4,139,361.869,586.616,69602.344,2,40,1544.574,296.074,NA,0,0,0,10.008
389,4,140,370.455,578.535,69902.354,2,102,1556.364,296.079,NA,11.791,0.039,-43.264,-43.264
390,4,141,357.828,566.414,70202.364,2,68,1573.867,313.54,NA,17.503,0.058,-136.169,-92.905
391,4,142,357.828,566.414,70502.374,2,79,1573.867,313.54,NA,0,0,0,136.169
392,4,143,370.96,564.394,70802.384,2,78,1587.153,306.393,NA,13.286,0.044,-8.746,-8.746
393,4,144,366.919,556.818,71102.394,2,59,1595.739,314.79,NA,8.586,0.029,-118.072,-109.326
394,4,145,377.525,554.293,71402.404,2,76,1606.641,310.074,NA,10.903,0.036,-13.392,104.68
395,4,146,377.525,545.202,71702.414,2,110,1615.732,317.275,NA,9.091,0.03,-90,-76.608
396,4,148,379.04,543.182,72002.424,2,130,1618.258,317.982,NA,2.525,0.008,-53.13,36.87
397,5,1,1099.747,658.838,31201.051,2,70,0,0,NA,NA,NA,NA,NA
398,5,2,1109.343,641.667,31501.061,2,90,19.671,19.671,NA,19.671,0.066,-60.803,NA
399,5,3,1109.848,634.091,31801.071,2,91,27.264,26.73,NA,7.593,0.025,-86.186,-25.383
400,5,4,1109.848,634.091,32101.081,2,164,27.264,26.73,NA,0,0,0,86.186
401,5,5,1121.465,617.424,32401.091,2,92,47.579,46.763,NA,20.315,0.068,-55.125,-55.125
402,5,6,1128.03,606.313,32701.101,2,114,60.485,59.656,NA,12.906,0.043,-59.421,-4.296
403,5,7,1128.03,606.313,33001.111,2,120,60.485,59.656,NA,0,0,0,59.421
404,5,8,1128.03,586.616,33301.121,2,176,80.182,77.563,NA,19.697,0.066,-90,-90
405,5,9,1128.03,572.98,33601.131,2,234,93.818,90.397,NA,13.636,0.045,-90,0
406,5,10,1135.606,572.98,33901.141,2,138,101.394,93.046,NA,7.576,0.025,0,90
407,5,11,1135.606,572.98,34201.152,2,163,101.394,93.046,NA,0,0,0,0
408,5,12,1144.697,557.828,34501.162,2,111,119.064,110.56,NA,17.67,0.059,-59.036,-59.036
409,5,13,1151.263,557.828,34801.172,2,164,125.629,113.388,NA,6.566,0.022,0,59.036
410,5,14,1151.263,557.828,35101.182,2,157,125.629,113.388,NA,0,0,0,0
411,5,15,1149.747,550.253,35401.192,2,175,133.355,119.545,NA,7.726,0.026,-101.31,-101.31
412,5,16,1149.747,550.253,35701.202,2,214,133.355,119.545,NA,0,0,0,101.31
413,5,17,1151.263,535.606,36001.212,2,254,148.08,133.567,NA,14.725,0.049,-84.094,-84.094
414,5,18,1151.263,535.606,36301.222,2,178,148.08,133.567,NA,0,0,0,84.094
415,5,19,1153.788,540.152,36601.232,2,210,153.279,130.411,NA,5.2,0.017,60.945,60.945
416,5,20,1157.323,533.081,36901.242,2,167,161.185,138.311,NA,7.905,0.026,-63.435,-124.38
417,5,21,1167.929,514.394,37201.253,2,123,182.672,159.728,NA,21.487,0.072,-60.422,3.013
418,5,22,1167.929,502.778,37501.263,2,148,194.288,170.305,NA,11.616,0.039,-90,-29.578
419,5,23,1167.929,502.778,37801.273,2,111,194.288,170.305,NA,0,0,0,90
420,5,24,1167.929,502.778,38101.283,2,25,194.288,170.305,NA,0,0,0,0
421,5,25,1181.061,500.758,38401.293,2,184,207.574,177.768,NA,13.286,0.044,-8.746,-8.746
422,5,26,1182.071,493.182,38701.303,2,233,215.216,184.984,NA,7.643,0.025,-82.405,-73.659
423,5,27,1182.071,476.01,39001.313,2,148,232.388,200.508,NA,17.172,0.057,-90,-7.595
424,5,28,1182.071,461.869,39301.323,2,167,246.53,213.481,NA,14.141,0.047,-90,0
425,5,29,1182.071,439.141,39601.333,2,140,269.257,234.614,NA,22.727,0.076,-90,0
426,5,30,1182.071,431.566,39901.343,2,191,276.833,241.723,NA,7.576,0.025,-90,0
427,5,31,1182.071,431.566,40201.354,2,124,276.833,241.723,NA,0,0,0,90
428,5,32,1191.667,432.071,40501.364,2,184,286.442,244.689,NA,9.609,0.032,3.013,3.013
429,5,33,1191.667,432.071,40801.374,2,106,286.442,244.689,NA,0,0,0,-3.013
430,5,34,1191.667,432.071,41101.384,2,165,286.442,244.689,NA,0,0,0,0
431,5,35,1191.667,432.071,41401.394,2,211,286.442,244.689,NA,0,0,0,0
432,5,36,1191.667,432.071,41701.404,2,132,286.442,244.689,NA,0,0,0,0
433,5,37,1191.667,432.071,42001.414,2,116,286.442,244.689,NA,0,0,0,0
434,5,38,1188.636,432.071,42301.424,2,217,289.472,243.567,NA,3.03,0.01,180,180
435,5,39,1185.606,432.071,42601.434,2,255,292.502,242.477,NA,3.03,0.01,180,0
436,5,40,1185.606,432.071,42901.444,2,95,292.502,242.477,NA,0,0,0,-180
437,5,41,1185.606,432.071,43201.455,2,196,292.502,242.477,NA,0,0,0,0
438,5,42,1185.606,432.071,43501.465,2,247,292.502,242.477,NA,0,0,0,0
439,5,43,1185.606,429.04,43801.475,2,150,295.533,245.314,NA,3.03,0.01,-90,-90
440,5,44,1185.606,429.04,44101.485,2,108,295.533,245.314,NA,0,0,0,90
441,5,45,1185.606,429.04,44401.495,2,84,295.533,245.314,NA,0,0,0,0
442,5,46,1190.152,429.04,44701.505,2,190,300.078,246.941,NA,4.545,0.015,0,0
443,5,47,1190.152,429.04,45001.515,2,196,300.078,246.941,NA,0,0,0,0
444,5,48,1189.646,427.02,45301.525,2,176,302.161,248.639,NA,2.082,0.007,-104.036,-104.036
445,5,49,1185.101,425,45601.535,2,95,307.135,248.929,NA,4.974,0.017,-156.038,-52.001
446,5,50,1185.101,425,45901.546,2,199,307.135,248.929,NA,0,0,0,156.038
447,5,51,1172.98,423.485,46201.556,2,87,319.35,246.484,NA,12.216,0.041,-172.875,-172.875
448,5,52,1181.566,420.96,46501.566,2,82,328.3,251.556,NA,8.95,0.03,-16.39,156.485
449,5,53,1190.152,417.929,46801.576,2,157,337.405,257.313,NA,9.105,0.03,-19.44,-3.05
450,5,54,1190.152,427.02,47101.586,2,152,346.496,248.822,NA,9.091,0.03,90,109.44
451,5,55,1188.131,429.545,47401.596,2,140,349.73,245.738,NA,3.234,0.011,128.66,38.66
452,5,56,1188.131,429.545,47701.606,2,171,349.73,245.738,NA,0,0,0,-128.66
453,5,57,1188.131,429.545,48001.616,2,123,349.73,245.738,NA,0,0,0,0
454,5,58,1188.131,422.475,48301.626,2,138,356.8,252.348,NA,7.071,0.024,-90,-90
455,5,59,1181.566,422.475,48601.636,2,81,363.366,250.124,NA,6.566,0.022,180,-90
456,5,60,1184.596,425,48901.647,2,103,367.311,248.756,NA,3.945,0.013,39.806,-140.194
457,5,61,1184.596,425,49201.657,2,142,367.311,248.756,NA,0,0,0,-39.806
458,5,62,1182.955,434.848,49501.667,2,192,377.295,238.945,NA,9.984,0.033,99.462,99.462
459,5,63,1182.955,434.848,49801.677,2,172,377.295,238.945,NA,0,0,0,-99.462
460,5,64,1182.955,434.848,50101.687,2,107,377.295,238.945,NA,0,0,0,0
461,5,65,1181.818,430.303,50401.697,2,160,381.98,242.825,NA,4.685,0.016,-104.036,-104.036
462,5,66,1182.955,420.455,50701.707,2,163,391.894,252.488,NA,9.914,0.033,-83.418,20.618
463,5,67,1182.955,420.455,51001.717,2,162,391.894,252.488,NA,0,0,0,83.418
464,5,68,1184.091,414.394,51301.727,2,109,398.06,258.586,NA,6.166,0.021,-79.38,-79.38
465,5,69,1187.5,414.394,51601.737,2,228,401.469,259.718,NA,3.409,0.011,0,79.38
466,5,70,1193.182,414.394,51901.748,2,160,407.151,261.693,NA,5.682,0.019,0,0
467,5,71,1193.182,414.394,52201.758,2,108,407.151,261.693,NA,0,0,0,0
468,5,72,1205.303,414.394,52501.768,2,255,419.272,266.261,NA,12.121,0.04,0,0
469,5,73,1212.879,414.394,52801.778,2,168,426.848,269.354,NA,7.576,0.025,0,0
470,5,74,1218.182,407.197,53101.788,2,178,435.788,278.119,NA,8.94,0.03,-53.616,-53.616
471,5,75,1218.182,407.197,53401.798,2,117,435.788,278.119,NA,0,0,0,53.616
472,5,76,1218.182,407.197,53701.808,2,217,435.788,278.119,NA,0,0,0,0
473,5,77,1218.182,407.197,54001.818,2,198,435.788,278.119,NA,0,0,0,0
474,5,78,1217.803,401.515,54301.828,2,186,441.482,283.112,NA,5.694,0.019,-93.814,-93.814
475,5,79,1219.697,396.591,54601.838,2,182,446.758,288.378,NA,5.276,0.018,-68.962,24.852
476,5,80,1225.758,396.591,54901.849,2,193,452.819,290.951,NA,6.061,0.02,0,68.962
477,5,81,1225.758,396.591,55201.859,2,243,452.819,290.951,NA,0,0,0,0
478,5,82,1226.515,388.636,55501.869,2,126,460.809,298.461,NA,7.991,0.027,-84.56,-84.56
479,5,83,1221.97,391.288,55801.879,2,132,466.072,294.145,NA,5.262,0.018,149.744,-125.697
480,5,84,1217.424,391.288,56101.889,2,241,470.617,292.286,NA,4.545,0.015,180,30.256
481,5,85,1217.424,387.879,56401.899,2,224,474.026,295.41,NA,3.409,0.011,-90,90
482,5,86,1222.348,382.197,56701.909,2,83,481.545,302.591,NA,7.519,0.025,-49.086,40.914
483,5,87,1217.045,382.197,57001.919,2,110,486.848,300.482,NA,5.303,0.018,180,-130.914
484,5,88,1212.5,393.182,57301.929,2,228,498.736,288.594,NA,11.888,0.04,112.479,-67.521
485,5,89,1213.258,393.182,57601.939,2,255,499.494,288.891,NA,0.758,0.003,0,-112.479
486,5,90,1220.833,393.182,57901.95,2,248,507.069,291.951,NA,7.576,0.025,0,0
487,5,91,1225,382.576,58201.96,2,137,518.465,303.33,NA,11.395,0.038,-68.552,-68.552
488,5,92,1223.864,382.576,58501.97,2,99,519.601,302.863,NA,1.136,0.004,180,-111.448
489,5,93,1221.212,382.576,58801.98,2,123,522.252,301.786,NA,2.652,0.009,180,0
490,5,94,1226.136,378.409,59101.99,2,146,528.703,307.595,NA,6.451,0.022,-40.236,139.764
491,5,95,1226.894,378.409,59402,2,144,529.461,307.907,NA,0.758,0.003,0,40.236
492,5,96,1233.712,385.606,59702.01,2,152,539.374,304.306,NA,9.914,0.033,46.548,46.548
493,5,97,1237.879,385.606,60002.02,2,160,543.541,306.164,NA,4.167,0.014,0,-46.548
494,5,98,1237.879,385.606,60302.03,2,81,543.541,306.164,NA,0,0,0,0
495,5,99,1223.864,393.939,60602.04,2,188,559.846,292.534,NA,16.305,0.054,149.265,149.265
496,5,100,1220.833,390.152,60902.051,2,87,564.697,294.711,NA,4.851,0.016,-128.66,82.076
497,5,101,1220.455,392.803,61202.061,2,126,567.376,292.139,NA,2.678,0.009,98.13,-133.21
498,5,102,1228.409,399.621,61502.071,2,111,577.853,289.391,NA,10.477,0.035,40.601,-57.529
499,5,103,1234.848,399.621,61802.081,2,142,584.292,292.311,NA,6.439,0.021,0,-40.601
500,5,104,1240.53,399.621,62102.091,2,151,589.974,294.98,NA,5.682,0.019,0,0
501,5,105,1240.909,399.621,62402.101,2,24,590.353,295.161,NA,0.379,0.001,0,0
502,5,106,1240.909,399.621,62702.111,2,95,590.353,295.161,NA,0,0,0,0
503,5,107,1240.909,406.439,63002.121,2,30,597.171,289.192,NA,6.818,0.023,90,90
504,5,108,1235.227,406.818,63302.131,2,74,602.865,286.128,NA,5.694,0.019,176.186,86.186
505,5,109,1235.227,421.97,63602.141,2,62,618.017,272.876,NA,15.152,0.051,90,-86.186
506,5,110,1235.227,422.348,63902.152,2,61,618.395,272.548,NA,0.379,0.001,90,0
507,5,111,1235.227,434.848,64202.162,2,93,630.895,261.775,NA,12.5,0.042,90,0
508,5,112,1231.818,442.803,64502.172,2,123,639.55,253.207,NA,8.654,0.029,113.199,23.199
509,5,113,1231.818,452.273,64802.182,2,114,649.019,245.178,NA,9.47,0.032,90,-23.199
510,5,114,1231.818,452.273,65102.192,2,38,649.019,245.178,NA,0,0,0,-90
511,5,115,1232.955,468.182,65402.202,2,174,664.969,232.581,NA,15.95,0.053,85.914,85.914
512,5,116,1237.879,479.545,65702.212,2,152,677.354,226.332,NA,12.385,0.041,66.571,-19.343
513,5,117,1237.879,479.545,66002.222,2,2,677.354,226.332,NA,0,0,0,-66.571
514,5,118,1262.879,493.182,66302.232,2,105,705.831,232.495,NA,28.477,0.095,28.61,28.61
515,5,119,1276.136,503.409,66602.242,2,55,722.575,235.099,NA,16.744,0.056,37.648,9.037
516,5,120,1300,508.712,66902.253,2,154,747.021,250.278,NA,24.446,0.081,12.529,-25.119
517,5,121,1299.621,508.333,67202.263,2,113,747.556,250.202,NA,0.536,0.002,-135,-147.529
518,5,122,1309.47,500,67502.273,2,250,760.457,263.084,NA,12.901,0.043,-40.236,94.764
519,5,123,1305.682,500,67802.283,2,224,764.245,260.074,NA,3.788,0.013,180,-139.764
520,5,124,1307.576,491.667,68102.293,2,121,772.791,266.719,NA,8.546,0.028,-77.196,102.804
521,5,125,1307.576,491.667,68402.303,2,100,772.791,266.719,NA,0,0,0,77.196
522,5,126,1296.97,491.667,68702.313,2,87,783.397,258.54,NA,10.606,0.035,180,180
523,5,127,1303.409,496.591,69002.323,2,159,791.504,260.389,NA,8.106,0.027,37.405,-142.595
524,5,128,1317.424,496.591,69302.333,2,180,805.519,271.491,NA,14.015,0.047,0,-37.405
525,5,129,1305.682,491.667,69602.344,2,152,818.252,265.246,NA,12.733,0.042,-157.249,-157.249
526,5,130,1305.682,491.667,69902.354,2,188,818.252,265.246,NA,0,0,0,157.249
527,5,131,1290.53,491.288,70202.364,2,141,833.408,253.912,NA,15.156,0.051,-178.568,-178.568
528,5,132,1279.545,490.909,70502.374,2,127,844.4,246.023,NA,10.991,0.037,-178.025,0.543
529,5,133,1279.167,491.667,70802.384,2,108,845.247,245.23,NA,0.847,0.003,116.565,-65.41
530,5,134,1262.879,499.242,71102.394,2,79,863.21,228.216,NA,17.963,0.06,155.056,38.491
531,5,135,1258.333,496.97,71402.404,2,168,868.292,226.607,NA,5.082,0.017,-153.435,51.509
532,5,136,1250.758,496.97,71702.414,2,89,875.868,221.372,NA,7.576,0.025,180,-26.565
533,5,138,1247.727,523.106,72002.424,2,113,902.179,200.802,NA,26.311,0.088,96.613,-83.387
534,6,1,783.586,621.465,34201.152,2,79,0,0,NA,NA,NA,NA,NA
535,6,2,783.586,609.343,34501.162,2,21,12.121,12.121,NA,12.121,0.04,-90,NA
536,6,3,783.586,597.222,34801.172,2,65,24.242,24.242,NA,12.121,0.04,-90,0
537,6,4,783.586,583.586,35101.182,2,109,37.879,37.879,NA,13.636,0.045,-90,0
538,6,5,780.051,590.152,35401.192,2,51,45.336,31.512,NA,7.457,0.025,118.301,-151.699
539,6,6,780.051,590.152,35701.202,2,5,45.336,31.512,NA,0,0,0,-118.301
540,6,7,770.455,575,36001.212,2,90,63.27,48.285,NA,17.935,0.06,-122.347,-122.347
541,6,8,768.939,569.949,36301.222,2,77,68.543,53.557,NA,5.273,0.018,-106.699,15.648
542,6,9,768.939,569.949,36601.232,2,109,68.543,53.557,NA,0,0,0,106.699
543,6,10,765.909,557.828,36901.242,2,75,81.038,66.046,NA,12.494,0.042,-104.036,-104.036
544,6,11,749.747,550.253,37201.253,2,56,98.887,78.843,NA,17.849,0.059,-154.885,-50.849
545,6,12,749.242,543.687,37501.263,2,84,105.472,85.023,NA,6.585,0.022,-94.399,60.486
546,6,13,740.152,542.172,37801.273,2,95,114.688,90.41,NA,9.216,0.031,-170.538,-76.139
547,6,14,728.535,530.556,38101.283,2,147,131.116,106.278,NA,16.428,0.055,-135,35.538
548,6,15,720.96,520.455,38401.293,2,102,143.742,118.849,NA,12.626,0.042,-126.87,8.13
549,6,16,702.273,509.848,38701.303,2,88,165.229,138.094,NA,21.487,0.072,-150.422,-23.552
550,6,17,694.697,509.343,39001.313,2,50,172.821,143.082,NA,7.593,0.025,-176.186,-25.764
551,6,18,687.626,510.354,39301.323,2,114,179.964,146.813,NA,7.142,0.024,171.87,-11.944
552,6,19,687.121,494.192,39601.333,2,78,196.133,159.699,NA,16.17,0.054,-91.79,96.34
553,6,20,683.712,479.545,39901.343,2,105,211.171,173.539,NA,15.038,0.05,-103.103,-11.313
554,6,21,673.864,476.894,40201.354,2,109,221.371,181.493,NA,10.199,0.034,-164.932,-61.829
555,6,22,665.909,476.515,40501.364,2,128,229.334,186.703,NA,7.964,0.027,-177.274,-12.342
556,6,23,652.273,469.697,40801.374,2,86,244.58,200.69,NA,15.246,0.051,-153.435,23.839
557,6,24,652.273,460.606,41101.384,2,67,253.671,207.65,NA,9.091,0.03,-90,63.435
558,6,25,647.348,450.379,41401.394,2,77,265.022,218.703,NA,11.351,0.038,-115.71,-25.71
559,6,26,646.97,442.803,41701.404,2,46,272.607,224.909,NA,7.585,0.025,-92.862,22.848
560,6,27,646.212,435.985,42001.414,2,54,279.467,230.812,NA,6.86,0.023,-96.34,-3.478
561,6,28,639.394,432.955,42301.424,2,86,286.929,237.334,NA,7.461,0.025,-156.038,-59.697
562,6,29,639.394,425,42601.434,2,90,294.883,243.7,NA,7.955,0.027,-90,66.038
563,6,30,639.394,425.379,42901.444,2,60,295.262,243.395,NA,0.379,0.001,90,180
564,6,31,639.394,418.182,43201.455,2,115,302.459,249.229,NA,7.197,0.024,-90,-180
565,6,32,644.318,418.182,43501.465,2,82,307.383,246.413,NA,4.924,0.016,0,90
566,6,33,644.318,429.167,43801.475,2,124,318.368,237.432,NA,10.985,0.037,90,90
567,6,34,639.773,427.652,44101.485,2,138,323.159,241.342,NA,4.791,0.016,-161.565,108.435
568,6,35,639.773,427.652,44401.495,2,174,323.159,241.342,NA,0,0,0,161.565
569,6,36,643.561,422.348,44701.505,2,66,329.676,243.422,NA,6.517,0.022,-54.462,-54.462
570,6,37,638.258,418.561,45001.515,2,112,336.193,249.58,NA,6.517,0.022,-144.462,-90
571,6,38,638.258,418.561,45301.525,2,84,336.193,249.58,NA,0,0,0,144.462
572,6,39,638.258,418.561,45601.535,2,110,336.193,249.58,NA,0,0,0,0
573,6,40,638.258,413.258,45901.546,2,137,341.496,253.91,NA,5.303,0.018,-90,-90
574,6,41,635.606,404.167,46201.556,2,157,350.966,262.9,NA,9.47,0.032,-106.26,-16.26
575,6,42,634.091,395.833,46501.566,2,65,359.436,270.663,NA,8.47,0.028,-100.305,5.955
576,6,43,625.379,395.455,46801.576,2,103,368.156,275.88,NA,8.72,0.029,-177.51,-77.206
577,6,44,621.591,387.121,47101.586,2,145,377.31,284.885,NA,9.154,0.031,-114.444,63.066
578,6,45,617.803,374.242,47401.596,2,114,390.734,297.662,NA,13.424,0.045,-106.39,8.054
579,6,46,610.985,365.53,47701.606,2,69,401.797,308.696,NA,11.063,0.037,-128.047,-21.658
580,6,47,608.333,365.53,48001.616,2,107,404.449,310.187,NA,2.652,0.009,180,-51.953
581,6,48,602.273,366.667,48301.626,2,129,410.615,312.724,NA,6.166,0.021,169.38,-10.62
582,6,49,602.273,370.455,48601.636,2,151,414.403,309.646,NA,3.788,0.013,90,-79.38
583,6,50,597.727,372.348,48901.647,2,130,419.327,310.809,NA,4.924,0.016,157.38,67.38
584,6,51,582.576,372.348,49201.657,2,101,434.479,320.1,NA,15.152,0.051,180,22.62
585,6,52,582.576,362.879,49501.667,2,83,443.948,327.524,NA,9.47,0.032,-90,90
586,6,53,588.258,362.879,49801.677,2,151,449.63,324.068,NA,5.682,0.019,0,90
587,6,54,584.47,364.015,50101.687,2,248,453.585,325.465,NA,3.955,0.013,163.301,163.301
588,6,55,581.061,359.47,50401.697,2,46,459.267,331.146,NA,5.682,0.019,-126.87,69.829
589,6,56,595.833,355.303,50701.707,2,159,474.616,325.719,NA,15.349,0.051,-15.751,111.119
590,6,57,598.864,356.061,51001.717,2,100,477.739,323.36,NA,3.124,0.01,14.036,29.787
591,6,58,604.545,360.227,51301.727,2,113,484.785,316.702,NA,7.046,0.023,36.254,22.218
592,6,59,605.303,351.136,51601.737,2,127,493.908,323.824,NA,9.122,0.03,-85.236,-121.49
593,6,60,596.97,352.273,51901.748,2,63,502.318,327.551,NA,8.41,0.028,172.235,-102.529
594,6,61,591.667,351.136,52201.758,2,161,507.741,331.527,NA,5.423,0.018,-167.905,19.86
595,6,62,591.667,345.455,52501.768,2,122,513.423,336.176,NA,5.682,0.019,-90,77.905
596,6,63,591.667,345.455,52801.778,2,70,513.423,336.176,NA,0,0,0,90
597,6,64,597.727,342.803,53101.788,2,90,520.038,334.956,NA,6.615,0.022,-23.629,-23.629
598,6,65,617.803,312.121,53401.798,2,168,556.705,350.966,NA,36.666,0.122,-56.802,-33.173
599,6,66,632.197,303.409,53701.808,2,94,573.53,352.247,NA,16.825,0.056,-31.185,25.617
600,6,67,643.182,288.636,54001.818,2,115,591.939,361.231,NA,18.409,0.061,-53.366,-22.181
601,6,68,648.864,289.015,54301.828,2,163,597.634,358.71,NA,5.694,0.019,3.814,57.18
602,6,69,648.864,284.848,54601.838,2,75,601.8,362.575,NA,4.167,0.014,-90,-93.814
603,6,70,652.273,273.864,54901.849,2,85,613.302,371.577,NA,11.502,0.038,-72.759,17.241
604,6,71,669.697,271.591,55201.859,2,111,630.874,367.943,NA,17.572,0.059,-7.431,65.327
605,6,72,664.773,248.106,55501.869,2,78,654.869,391.808,NA,23.996,0.08,-101.842,-94.411
606,6,73,651.894,231.061,55801.879,2,210,676.233,412.017,NA,21.364,0.071,-127.073,-25.231
607,6,74,643.182,219.697,56101.889,2,124,690.552,425.594,NA,14.319,0.048,-127.476,-0.403
608,6,75,629.167,205.682,56401.899,2,227,710.372,443.532,NA,19.82,0.066,-135,-7.524
609,6,76,616.288,207.197,56701.909,2,135,723.34,446.773,NA,12.968,0.043,173.29,-51.71
610,6,77,597.727,196.97,57001.919,2,152,744.532,463.4,NA,21.192,0.071,-151.144,35.565
611,6,78,570.455,207.197,57301.929,2,151,773.659,465.878,NA,29.127,0.097,159.444,-49.412
612,6,79,556.061,196.97,57601.939,2,106,791.317,481.626,NA,17.657,0.059,-144.605,55.951
613,6,80,545.076,170.833,57901.95,2,126,819.667,509.858,NA,28.351,0.094,-112.797,31.809
614,6,81,518.561,176.515,58201.96,2,143,846.785,517.898,NA,27.117,0.09,167.905,-79.298
615,6,82,485.606,186.742,58501.97,2,134,881.29,527.044,NA,34.505,0.115,162.759,-5.147
616,6,83,462.121,196.212,58801.98,2,55,906.612,533.085,NA,25.322,0.084,158.039,-4.719
617,6,84,433.333,192.803,59101.99,2,105,935.601,553.559,NA,28.989,0.097,-173.246,28.714
618,6,85,425,185.985,59402,2,166,946.368,564.116,NA,10.767,0.036,-140.711,32.536
619,6,86,425,185.985,59702.01,2,137,946.368,564.116,NA,0,0,0,140.711
620,6,87,439.394,181.818,60002.02,2,133,961.353,558.352,NA,14.985,0.05,-16.144,-16.144
621,6,88,441.288,177.273,60302.03,2,68,966.277,560.78,NA,4.924,0.016,-67.38,-51.236
622,6,89,441.667,176.515,60602.04,2,164,967.124,561.15,NA,0.847,0.003,-63.435,3.945
623,6,90,440.909,182.197,60902.051,2,104,972.856,557.121,NA,5.732,0.019,97.595,161.03
624,6,91,451.136,183.333,61202.061,2,168,983.146,549.983,NA,10.29,0.034,6.34,-91.254
625,6,92,451.136,183.333,61502.071,2,98,983.146,549.983,NA,0,0,0,-6.34
626,6,93,446.97,183.333,61802.081,2,32,987.313,552.512,NA,4.167,0.014,180,180
627,6,94,464.773,171.591,62102.091,2,204,1008.64,551.388,NA,21.327,0.071,-33.408,146.592
628,6,95,464.773,171.591,62402.101,2,124,1008.64,551.388,NA,0,0,0,33.408
629,6,96,464.773,171.591,62702.111,2,96,1008.64,551.388,NA,0,0,0,0
630,6,97,464.773,171.591,63002.121,2,66,1008.64,551.388,NA,0,0,0,0
631,6,98,464.773,163.258,63302.131,2,68,1016.973,558.207,NA,8.333,0.028,-90,-90
632,6,99,464.773,154.924,63602.141,2,99,1025.307,565.068,NA,8.333,0.028,-90,0
633,6,100,464.773,154.924,63902.152,2,96,1025.307,565.068,NA,0,0,0,90
634,6,101,464.773,143.182,64202.162,2,83,1037.049,574.801,NA,11.742,0.039,-90,-90
635,6,102,469.697,139.773,64502.172,2,77,1043.038,574.938,NA,5.989,0.02,-34.695,55.305
636,6,103,473.485,112.121,64802.182,2,39,1070.948,596.317,NA,27.91,0.093,-82.2,-47.505
637,6,104,474.621,102.273,65102.192,2,84,1080.862,604.168,NA,9.914,0.033,-83.418,-1.218
638,6,105,474.621,100,65402.202,2,129,1083.134,606.123,NA,2.273,0.008,-90,-6.582
639,6,106,474.621,100,65702.212,2,91,1083.134,606.123,NA,0,0,0,90
640,6,107,483.333,107.955,66002.222,2,171,1094.932,594.848,NA,11.797,0.039,42.397,42.397
641,6,108,483.333,108.333,66302.232,2,97,1095.311,594.521,NA,0.379,0.001,90,47.603
642,6,109,483.333,108.333,66602.242,2,105,1095.311,594.521,NA,0,0,0,-90
643,6,110,483.333,108.333,66902.253,2,113,1095.311,594.521,NA,0,0,0,0
644,6,111,483.333,97.348,67202.263,2,84,1106.295,604.028,NA,10.985,0.037,-90,-90
645,6,112,482.955,89.773,67502.273,2,46,1113.881,610.799,NA,7.585,0.025,-92.862,-2.862
646,6,113,480.682,86.742,67802.283,2,44,1117.669,614.556,NA,3.788,0.013,-126.87,-34.007
647,6,114,480.682,86.742,68102.293,2,20,1117.669,614.556,NA,0,0,0,126.87
648,6,115,483.712,85.227,68402.303,2,57,1121.056,614.39,NA,3.388,0.011,-26.565,-26.565
649,6,116,482.955,79.167,68702.313,2,32,1127.164,620.053,NA,6.108,0.02,-97.125,-70.56
650,6,117,480.682,76.136,69002.323,2,28,1130.952,623.806,NA,3.788,0.013,-126.87,-29.745
651,6,118,479.924,68.939,69302.333,2,84,1138.189,630.472,NA,7.237,0.024,-96.009,30.861
652,6,119,475.758,64.394,69602.344,2,61,1144.355,636.464,NA,6.166,0.021,-132.51,-36.501
653,6,120,474.621,56.818,69902.354,2,227,1152.016,643.65,NA,7.661,0.026,-98.531,33.98
654,6,121,468.182,53.788,70202.364,2,125,1159.132,649.413,NA,7.117,0.024,-154.799,-56.268
655,6,122,467.424,56.818,70502.374,2,119,1162.256,647.135,NA,3.124,0.01,104.036,-101.165
656,6,123,466.667,53.409,70802.384,2,132,1165.748,650.481,NA,3.492,0.012,-102.529,153.435
657,7,1,507.828,854.798,23400.788,2,32,0,0,NA,NA,NA,NA,NA
658,7,2,500.253,854.798,23700.798,2,48,7.576,7.576,NA,7.576,0.025,180,NA
659,7,3,500.253,854.798,24000.808,2,55,7.576,7.576,NA,0,0,0,-180
660,7,4,499.242,864.899,24300.818,2,64,17.727,13.257,NA,10.151,0.034,95.711,95.711
661,7,5,494.697,864.899,24600.828,2,49,22.273,16.567,NA,4.545,0.015,180,84.289
662,7,6,486.616,864.899,24900.838,2,40,30.353,23.494,NA,8.081,0.027,180,0
663,7,7,473.99,873.485,25200.849,2,54,45.622,38.655,NA,15.269,0.051,145.784,-34.216
664,7,8,473.99,873.485,25500.859,2,62,45.622,38.655,NA,0,0,0,-145.784
665,7,9,463.889,872.98,25800.869,2,56,55.736,47.553,NA,10.114,0.034,-177.138,-177.138
666,7,10,458.838,876.515,26100.879,2,63,61.901,53.588,NA,6.165,0.021,145.008,-37.854
667,7,11,451.768,877.02,26400.889,2,82,68.99,60.304,NA,7.089,0.024,175.914,30.906
668,7,12,450.758,877.02,26700.899,2,71,70,61.245,NA,1.01,0.003,180,4.086
669,7,13,441.667,877.02,27000.909,2,131,79.091,69.794,NA,9.091,0.03,180,0
670,7,14,440.657,877.02,27300.919,2,72,80.101,70.752,NA,1.01,0.003,180,0
671,7,15,427.525,880.556,27600.929,2,64,93.7,84.333,NA,13.599,0.045,164.932,-15.068
672,7,16,424.495,880.556,27900.939,2,56,96.73,87.223,NA,3.03,0.01,180,15.068
673,7,17,407.828,875,28200.95,2,105,114.298,102.02,NA,17.568,0.059,-161.565,18.435
674,7,18,397.222,867.424,28500.96,2,92,127.332,111.324,NA,13.034,0.043,-144.462,17.103
675,7,19,397.222,867.424,28800.97,2,66,127.332,111.324,NA,0,0,0,144.462
676,7,20,386.616,867.424,29100.98,2,85,137.938,121.868,NA,10.606,0.035,180,180
677,7,21,386.616,867.424,29400.99,2,77,137.938,121.868,NA,0,0,0,-180
678,7,22,393.687,860.354,29701,2,101,147.937,114.277,NA,9.999,0.033,-45,-45
679,7,23,396.717,861.364,30001.01,2,99,151.132,111.305,NA,3.194,0.011,18.435,63.435
680,7,24,396.717,869.444,30301.02,2,163,159.213,112.072,NA,8.081,0.027,90,71.565
681,7,25,377.02,866.414,30601.03,2,147,179.141,131.323,NA,19.929,0.066,-171.254,98.746
682,7,26,363.889,866.414,30901.04,2,132,192.273,144.407,NA,13.131,0.044,180,-8.746
683,7,27,365.404,860.859,31201.051,2,142,198.031,142.553,NA,5.758,0.019,-74.745,105.255
684,7,28,361.869,851.768,31501.061,2,98,207.785,145.991,NA,9.754,0.033,-111.251,-36.506
685,7,29,339.646,831.566,31801.071,2,89,237.818,169.779,NA,30.032,0.1,-137.726,-26.476
686,7,30,338.131,823.99,32101.081,2,73,245.543,172.471,NA,7.726,0.026,-101.31,36.416
687,7,31,324.495,823.485,32401.091,2,76,259.189,185.988,NA,13.646,0.045,-177.879,-76.569
688,7,32,309.343,814.899,32701.101,2,117,276.604,202.455,NA,17.415,0.058,-150.461,27.418
689,7,33,295.202,812.374,33001.111,2,103,290.969,216.817,NA,14.365,0.048,-169.875,-19.414
690,7,34,283.081,803.283,33301.121,2,115,306.121,230.576,NA,15.152,0.051,-143.13,26.745
691,7,35,273.485,798.737,33601.131,2,85,316.739,240.956,NA,10.618,0.035,-154.654,-11.524
692,7,36,271.97,790.657,33901.141,2,197,324.961,244.425,NA,8.222,0.027,-100.62,54.034
693,7,37,268.434,785.101,34201.152,2,243,331.546,249.333,NA,6.585,0.022,-122.471,-21.852
694,7,38,268.434,785.101,34501.162,2,65,331.546,249.333,NA,0,0,0,122.471
695,7,39,268.434,777.02,34801.172,2,82,339.626,251.712,NA,8.081,0.027,-90,-90
696,7,40,268.939,776.515,35101.182,2,152,340.341,251.388,NA,0.714,0.002,-45,45
697,7,41,273.99,776.515,35401.192,2,136,345.391,246.594,NA,5.051,0.017,0,45
698,7,42,275.505,768.434,35701.202,2,112,353.613,247.856,NA,8.222,0.027,-79.38,-79.38
699,7,43,278.03,751.768,36001.212,2,62,370.47,251.838,NA,16.857,0.056,-81.384,-2.004
700,7,44,296.717,735.101,36301.222,2,100,395.509,242.683,NA,25.04,0.083,-41.73,39.655
701,7,45,299.747,727.02,36601.232,2,94,404.139,244.182,NA,8.63,0.029,-69.444,-27.714
702,7,46,299.747,727.02,36901.242,2,217,404.139,244.182,NA,0,0,0,69.444
703,7,47,306.313,725,37201.253,2,151,411.009,239.7,NA,6.869,0.023,-17.103,-17.103
704,7,48,312.374,725,37501.263,2,102,417.07,234.627,NA,6.061,0.02,0,17.103
705,7,49,320.96,717.929,37801.273,2,123,428.192,231.631,NA,11.123,0.037,-39.472,-39.472
706,7,50,325,717.929,38101.283,2,64,432.233,228.384,NA,4.04,0.013,0,39.472
707,7,51,325,717.929,38401.293,2,97,432.233,228.384,NA,0,0,0,0
708,7,52,342.677,712.374,38701.303,2,157,450.762,218.082,NA,18.529,0.062,-17.447,-17.447
709,7,53,342.677,701.263,39001.313,2,71,461.873,225.495,NA,11.111,0.037,-90,-72.553
710,7,54,346.212,690.152,39301.323,2,234,473.533,230.712,NA,11.66,0.039,-72.35,17.65
711,7,55,353.283,690.657,39601.333,2,59,480.622,225.448,NA,7.089,0.024,4.086,76.435
712,7,56,362.374,690.657,39901.343,2,131,489.712,219.316,NA,9.091,0.03,0,-4.086
713,7,57,365.909,692.172,40201.354,2,68,493.559,215.843,NA,3.846,0.013,23.199,23.199
714,7,58,379.545,706.818,40501.364,2,52,513.571,195.843,NA,20.012,0.067,47.045,23.847
715,7,59,388.131,714.899,40801.374,2,43,525.361,184.117,NA,11.791,0.039,43.264,-3.781
716,7,60,396.717,723.99,41101.384,2,82,537.866,171.629,NA,12.504,0.042,46.637,3.372
717,7,61,396.717,735.101,41401.394,2,77,548.977,163.319,NA,11.111,0.037,90,43.363
718,7,62,392.677,735.606,41701.404,2,66,553.048,165.73,NA,4.072,0.014,172.875,82.875
719,7,63,388.131,745.202,42001.414,2,62,563.667,162.292,NA,10.618,0.035,115.346,-57.529
720,7,64,381.061,754.293,42301.424,2,44,575.183,161.775,NA,11.517,0.038,127.875,12.529
721,7,65,376.515,756.313,42601.434,2,39,580.158,164.141,NA,4.974,0.017,156.038,28.163
722,7,66,363.384,757.828,42901.444,2,102,593.376,173.975,NA,13.218,0.044,173.418,17.381
723,7,67,356.818,750.253,43201.455,2,105,603.401,183.668,NA,10.025,0.033,-130.914,55.668
724,7,68,368.434,763.889,43501.465,2,110,621.314,166.419,NA,17.913,0.06,49.574,-179.512
725,7,69,355.808,773.485,43801.475,2,51,637.173,172.401,NA,15.859,0.053,142.765,93.191
726,7,70,350.758,776.01,44101.485,2,51,642.82,175.723,NA,5.647,0.019,153.435,10.67
727,7,71,336.616,776.01,44401.495,2,70,656.961,188.47,NA,14.141,0.047,180,26.565
728,7,72,323.485,768.434,44701.505,2,99,672.121,203.571,NA,15.16,0.051,-150.018,29.982
729,7,73,322.98,767.929,45001.515,2,106,672.835,204.243,NA,0.714,0.002,-135,15.018
730,7,74,316.919,758.333,45301.525,2,69,684.185,213.896,NA,11.35,0.038,-122.276,12.724
731,7,75,301.263,758.333,45601.535,2,70,699.842,227.98,NA,15.657,0.052,180,-57.724
732,7,76,288.636,757.828,45901.546,2,150,712.478,239.684,NA,12.636,0.042,-177.709,2.291
733,7,77,275.505,755.303,46201.556,2,119,725.85,252.732,NA,13.372,0.045,-169.114,8.595
734,7,78,264.394,750.758,46501.566,2,98,737.855,264.735,NA,12.005,0.04,-157.751,11.363
735,7,79,263.384,742.172,46801.576,2,83,746.5,269.143,NA,8.645,0.029,-96.71,61.041
736,7,80,262.879,742.172,47101.586,2,102,747.005,269.601,NA,0.505,0.002,180,-83.29
737,7,81,272.98,742.172,47401.596,2,81,757.106,260.458,NA,10.101,0.034,0,-180
738,7,82,254.798,739.141,47701.606,2,90,775.539,278.21,NA,18.433,0.061,-170.538,-170.538
739,7,83,254.798,734.596,48001.616,2,84,780.084,280.13,NA,4.545,0.015,-90,80.538
740,7,84,242.677,730.051,48301.626,2,120,793.03,293.031,NA,12.945,0.043,-159.444,-69.444
741,7,85,241.667,742.172,48601.636,2,131,805.193,289.01,NA,12.163,0.041,94.764,-105.792
742,7,86,241.667,748.232,48901.647,2,86,811.253,286.702,NA,6.061,0.02,90,-4.764
743,7,87,234.596,748.232,49201.657,2,100,818.324,293.278,NA,7.071,0.024,180,90
744,7,88,228.535,758.838,49501.667,2,106,830.54,295.318,NA,12.216,0.041,119.745,-60.255
745,7,89,210.354,775.505,49801.677,2,54,855.204,307.861,NA,24.665,0.082,137.49,17.745
746,7,90,202.778,788.131,50101.687,2,100,869.929,312.25,NA,14.725,0.049,120.964,-16.526
747,7,91,181.061,798.232,50401.697,2,111,893.88,331.627,NA,23.951,0.08,155.056,34.092
748,7,92,179.04,797.222,50701.707,2,74,896.139,333.791,NA,2.259,0.008,-153.435,51.509
749,7,93,179.04,796.212,51001.717,2,76,897.149,333.967,NA,1.01,0.003,-90,63.435
750,7,94,188.131,791.162,51301.727,2,75,907.549,325.969,NA,10.4,0.035,-29.055,60.945
751,7,95,191.667,772.98,51601.737,2,132,926.071,326.577,NA,18.522,0.062,-78.996,-49.942
752,7,96,174.495,771.97,51901.748,2,82,943.273,343.47,NA,17.201,0.057,-176.634,-97.637
753,7,97,157.828,762.879,52201.758,2,5,962.257,361.869,NA,18.985,0.063,-151.39,25.244
754,7,98,151.263,744.697,52501.768,2,152,981.588,373.177,NA,19.331,0.064,-109.855,41.534
755,8,1,480.303,853.788,31201.051,2,66,0,0,NA,NA,NA,NA,NA
756,8,2,477.273,851.515,31501.061,2,69,3.788,3.788,NA,3.788,0.013,-143.13,NA
757,8,3,464.015,840.53,31801.071,2,63,21.005,21.001,NA,17.217,0.057,-140.356,2.774
758,8,4,453.788,826.515,32101.081,2,208,38.355,38.038,NA,17.35,0.058,-126.119,14.236
759,8,5,449.242,819.697,32401.091,2,90,46.549,46.119,NA,8.194,0.027,-123.69,2.429
760,8,6,448.106,819.697,32701.101,2,125,47.686,46.892,NA,1.136,0.004,180,-56.31
761,8,7,438.258,819.697,33001.111,2,75,57.534,54.13,NA,9.848,0.033,180,0
762,8,8,424.621,810.606,33301.121,2,96,73.923,70.464,NA,16.389,0.055,-146.31,33.69
763,8,9,425,801.136,33601.131,2,128,83.4,76.358,NA,9.477,0.032,-87.709,58.601
764,8,10,423.106,799.242,33901.141,2,121,86.079,79.036,NA,2.678,0.009,-135,-47.291
765,8,11,419.318,801.136,34201.152,2,84,90.314,80.569,NA,4.235,0.014,153.435,-71.565
766,8,12,419.318,807.576,34501.162,2,147,96.753,76.516,NA,6.439,0.021,90,-63.435
767,8,13,424.621,806.818,34801.172,2,88,102.11,72.847,NA,5.357,0.018,-8.13,-98.13
768,8,14,428.409,793.182,35101.182,2,72,116.263,79.788,NA,14.153,0.047,-74.476,-66.346
769,8,15,431.061,785.606,35401.192,2,107,124.289,84.105,NA,8.026,0.027,-70.71,3.766
770,8,16,435.227,785.606,35701.202,2,82,128.456,81.735,NA,4.167,0.014,0,70.71
771,8,17,435.227,776.136,36001.212,2,72,137.926,89.786,NA,9.47,0.032,-90,-90
772,8,18,426.894,764.394,36301.222,2,44,152.324,104.134,NA,14.399,0.048,-125.362,-35.362
773,8,19,426.894,757.197,36601.232,2,78,159.521,110.374,NA,7.197,0.024,-90,35.362
774,8,20,426.894,744.318,36901.242,2,57,172.4,121.804,NA,12.879,0.043,-90,0
775,8,21,426.894,744.697,37201.253,2,122,172.779,121.463,NA,0.379,0.001,90,180
776,8,22,419.318,731.061,37501.263,2,150,188.378,137.044,NA,15.599,0.052,-119.055,150.945
777,8,23,427.652,725.379,37801.273,2,159,198.464,138.784,NA,10.086,0.034,-34.287,84.768
778,8,24,431.439,712.121,38101.283,2,60,212.253,149.857,NA,13.788,0.046,-74.055,-39.768
779,8,25,415.53,685.985,38401.293,2,58,242.85,179.87,NA,30.598,0.102,-121.329,-47.274
780,8,26,409.47,679.924,38701.303,2,70,251.421,187.739,NA,8.571,0.029,-135,-13.671
781,8,27,409.47,674.621,39001.313,2,72,256.724,192.66,NA,5.303,0.018,-90,45
782,8,28,411.742,677.273,39301.323,2,70,260.216,189.362,NA,3.492,0.012,49.399,139.399
783,8,29,411.742,677.273,39601.333,2,53,260.216,189.362,NA,0,0,0,-49.399
784,8,30,422.348,668.561,39901.343,2,103,273.942,194.082,NA,13.726,0.046,-39.401,-39.401
785,8,31,422.348,659.848,40201.354,2,64,282.654,202.413,NA,8.712,0.029,-90,-50.599
786,8,32,422.348,657.197,40501.364,2,116,285.305,204.955,NA,2.652,0.009,-90,0
787,8,33,422.727,645.076,40801.374,2,100,297.433,216.508,NA,12.127,0.04,-88.21,1.79
788,8,34,429.924,642.803,41101.384,2,119,304.98,216.916,NA,7.547,0.025,-17.526,70.685
789,8,35,432.576,639.015,41401.394,2,114,309.604,220.012,NA,4.624,0.015,-55.008,-37.482
790,8,36,438.636,651.894,41701.404,2,90,323.837,206.149,NA,14.234,0.047,64.799,119.807
791,8,37,443.182,654.545,42001.414,2,86,329.099,202.671,NA,5.262,0.018,30.256,-34.542
792,8,38,443.182,654.545,42301.424,2,69,329.099,202.671,NA,0,0,0,-30.256
793,8,39,449.621,654.545,42601.434,2,65,335.539,201.591,NA,6.439,0.021,0,0
794,8,40,449.621,662.5,42901.444,2,89,343.493,193.733,NA,7.955,0.027,90,90
795,8,41,449.621,662.5,43201.455,2,50,343.493,193.733,NA,0,0,0,-90
796,8,42,457.955,634.091,43501.465,2,27,373.099,220.831,NA,29.606,0.099,-73.652,-73.652
797,8,43,460.227,620.076,43801.475,2,99,387.298,234.573,NA,14.198,0.047,-80.789,-7.137
798,8,44,456.439,625.758,44101.485,2,79,394.126,229.276,NA,6.829,0.023,123.69,-155.521
799,8,45,456.439,634.091,44401.495,2,76,402.46,220.989,NA,8.333,0.028,90,-33.69
800,8,46,458.333,634.091,44701.505,2,118,404.354,220.793,NA,1.894,0.006,0,-90
801,8,47,458.333,630.303,45001.515,2,159,408.142,224.562,NA,3.788,0.013,-90,-90
802,8,48,462.5,628.03,45301.525,2,108,412.888,226.458,NA,4.746,0.016,-28.61,61.39
803,8,49,443.182,631.439,45601.535,2,134,432.504,225.426,NA,19.617,0.065,169.992,-161.398
804,8,50,433.333,626.136,45901.546,2,65,443.69,232.446,NA,11.185,0.037,-151.699,38.309
805,8,51,429.545,618.182,46201.556,2,97,452.5,241.012,NA,8.81,0.029,-115.463,36.236
806,8,52,430.303,627.273,46501.566,2,163,461.623,231.968,NA,9.122,0.03,85.236,-159.3
807,8,53,425,627.273,46801.576,2,146,466.926,233.168,NA,5.303,0.018,180,94.764
808,8,54,425,627.273,47101.586,2,90,466.926,233.168,NA,0,0,0,-180
809,8,55,425,627.273,47401.596,2,67,466.926,233.168,NA,0,0,0,0
810,8,56,415.53,626.136,47701.606,2,148,476.463,236.687,NA,9.538,0.032,-173.157,-173.157
811,8,57,409.091,624.621,48001.616,2,67,483.079,239.976,NA,6.615,0.022,-166.759,6.398
812,8,58,415.53,615.909,48301.626,2,81,493.912,246.54,NA,10.834,0.036,-53.531,113.229
813,8,59,415.53,606.818,48601.636,2,92,503.003,255.322,NA,9.091,0.03,-90,-36.469
814,8,60,415.53,603.03,48901.647,2,96,506.791,258.988,NA,3.788,0.013,-90,0
815,8,61,415.909,597.727,49201.657,2,83,512.108,264.033,NA,5.317,0.018,-85.914,4.086
816,8,62,412.879,595.076,49501.667,2,91,516.134,267.354,NA,4.027,0.013,-138.814,-52.9
817,8,63,412.879,588.258,49801.677,2,124,522.952,273.957,NA,6.818,0.023,-90,48.814
818,8,64,407.197,588.258,50101.687,2,124,528.634,275.41,NA,5.682,0.019,180,-90
819,8,65,407.197,588.258,50401.697,2,72,528.634,275.41,NA,0,0,0,-180
820,8,66,406.818,597.348,50701.707,2,66,537.733,266.761,NA,9.099,0.03,92.386,92.386
821,8,67,391.667,621.591,51001.717,2,120,566.321,248.539,NA,28.588,0.095,122.005,29.619
822,8,68,380.682,641.288,51301.727,2,94,588.874,234.693,NA,22.553,0.075,119.148,-2.857
823,8,69,381.439,653.788,51601.737,2,86,601.397,223.101,NA,12.523,0.042,86.532,-32.616
824,8,70,367.045,670.076,51901.748,2,159,623.133,215.818,NA,21.737,0.072,131.468,44.936
825,8,71,350.379,678.03,52201.758,2,58,641.601,218.566,NA,18.468,0.062,154.486,23.018
826,8,72,357.576,693.182,52501.768,2,58,658.375,202.129,NA,16.774,0.056,64.592,-89.894
827,8,73,374.621,700,52801.778,2,74,676.733,186.599,NA,18.359,0.061,21.801,-42.791
828,8,74,393.561,714.773,53101.788,2,69,700.753,163.858,NA,24.019,0.08,37.954,16.153
829,8,75,398.106,735.606,53401.798,2,49,722.076,143.956,NA,21.323,0.071,77.692,39.738
830,8,76,400.758,765.53,53701.808,2,37,752.118,118.814,NA,30.041,0.1,84.936,7.244
831,8,77,410.985,763.636,54001.818,2,80,762.519,113.72,NA,10.401,0.035,-10.491,-95.428
832,8,78,416.288,779.545,54301.828,2,53,779.289,98.03,NA,16.77,0.056,71.565,82.057
833,8,79,423.485,798.106,54601.838,2,60,799.196,79.554,NA,19.907,0.066,68.806,-2.759
834,8,80,437.5,817.424,54901.849,2,72,823.062,56.164,NA,23.867,0.08,54.039,-14.766
835,8,81,452.652,839.015,55201.859,2,70,849.439,31.35,NA,26.377,0.088,54.941,0.901
836,8,82,462.5,851.136,55501.869,2,96,865.057,17.999,NA,15.618,0.052,50.906,-4.034
837,8,83,454.545,892.424,55801.879,2,105,907.104,46.435,NA,42.047,0.14,100.905,49.999
838,9,1,447.727,905.303,12300.414,2,29,0,0,NA,NA,NA,NA,NA
839,9,2,441.667,905.303,12600.424,2,61,6.061,6.061,NA,6.061,0.02,180,NA
840,9,3,440.152,905.303,12900.434,2,100,7.576,7.576,NA,1.515,0.005,180,0
841,9,4,440.152,908.333,13200.444,2,123,10.606,8.159,NA,3.03,0.01,90,-90
842,9,5,432.576,910.606,13500.455,2,141,18.515,16.053,NA,7.909,0.026,163.301,73.301
843,9,6,432.576,910.606,13800.465,2,69,18.515,16.053,NA,0,0,0,-163.301
844,9,7,423.485,910.606,14100.475,2,79,27.606,24.816,NA,9.091,0.03,180,180
845,9,8,423.485,910.606,14400.485,2,172,27.606,24.816,NA,0,0,0,-180
846,9,9,423.485,910.606,14700.495,2,103,27.606,24.816,NA,0,0,0,0
847,9,10,417.424,910.606,15000.505,2,116,33.667,30.764,NA,6.061,0.02,180,180
848,9,11,415.152,908.333,15300.515,2,86,36.881,32.716,NA,3.214,0.011,-135,45
849,9,12,415.152,908.333,15600.525,2,70,36.881,32.716,NA,0,0,0,135
850,9,13,415.152,908.333,15900.535,2,50,36.881,32.716,NA,0,0,0,0
851,9,14,415.152,908.333,16200.545,2,63,36.881,32.716,NA,0,0,0,0
852,9,15,414.394,908.333,16500.556,2,156,37.639,33.471,NA,0.758,0.003,180,180
853,9,16,408.333,907.576,16800.566,2,124,43.746,39.459,NA,6.108,0.02,-172.875,7.125
854,9,17,400.758,900,17100.576,2,72,54.46,47.268,NA,10.714,0.036,-135,37.875
855,9,18,400.758,900,17400.586,2,90,54.46,47.268,NA,0,0,0,135
856,9,19,400,900,17700.596,2,81,55.218,48.021,NA,0.758,0.003,180,180
857,9,20,400,911.364,18000.606,2,107,66.581,48.111,NA,11.364,0.038,90,-90
858,9,21,400,911.364,18300.616,2,77,66.581,48.111,NA,0,0,0,-90
859,9,22,396.212,911.364,18600.626,2,110,70.369,51.87,NA,3.788,0.013,180,180
860,9,23,396.212,911.364,18900.636,2,56,70.369,51.87,NA,0,0,0,-180
861,9,24,396.212,911.364,19200.646,2,85,70.369,51.87,NA,0,0,0,0
862,9,25,396.212,911.364,19500.657,2,88,70.369,51.87,NA,0,0,0,0
863,9,26,396.212,921.212,19800.667,2,27,80.218,53.916,NA,9.848,0.033,90,90
864,9,27,396.212,921.212,20100.677,2,118,80.218,53.916,NA,0,0,0,-90
865,9,28,396.212,921.212,20400.687,2,88,80.218,53.916,NA,0,0,0,0
866,9,29,396.212,921.212,20700.697,2,155,80.218,53.916,NA,0,0,0,0
867,9,30,396.212,921.212,21000.707,2,76,80.218,53.916,NA,0,0,0,0
868,9,31,396.212,921.212,21300.717,2,58,80.218,53.916,NA,0,0,0,0
869,9,32,396.212,921.212,21600.727,2,69,80.218,53.916,NA,0,0,0,0
870,9,33,406.061,918.182,21900.737,2,109,90.522,43.612,NA,10.304,0.034,-17.103,-17.103
871,9,34,406.061,918.182,22200.747,2,85,90.522,43.612,NA,0,0,0,17.103
872,9,35,406.061,918.182,22500.758,2,125,90.522,43.612,NA,0,0,0,0
873,9,36,406.061,918.182,22800.768,2,111,90.522,43.612,NA,0,0,0,0
874,9,37,406.061,918.182,23100.778,2,75,90.522,43.612,NA,0,0,0,0
875,9,38,406.061,915.152,23400.788,2,68,93.552,42.815,NA,3.03,0.01,-90,-90
876,9,39,406.061,912.121,23700.798,2,109,96.582,42.221,NA,3.03,0.01,-90,0
877,9,40,406.061,912.121,24000.808,2,55,96.582,42.221,NA,0,0,0,90
878,9,41,406.061,912.121,24300.818,2,123,96.582,42.221,NA,0,0,0,0
879,9,42,406.061,911.364,24600.828,2,61,97.34,42.105,NA,0.758,0.003,-90,-90
880,9,43,406.061,906.061,24900.838,2,49,102.643,41.674,NA,5.303,0.018,-90,0
881,9,44,406.061,898.485,25200.849,2,77,110.219,42.221,NA,7.576,0.025,-90,0
882,9,45,406.061,893.939,25500.859,2,120,114.764,43.188,NA,4.545,0.015,-90,0
883,9,46,406.061,893.939,25800.869,2,138,114.764,43.188,NA,0,0,0,90
884,9,47,406.818,897.727,26100.879,2,54,118.627,41.605,NA,3.863,0.013,78.69,78.69
885,9,48,408.333,900.758,26400.889,2,79,122.015,39.655,NA,3.388,0.011,63.435,-15.255
886,9,49,409.091,906.061,26700.899,2,99,127.372,38.644,NA,5.357,0.018,81.87,18.435
887,9,50,409.091,906.818,27000.909,2,53,128.13,38.666,NA,0.758,0.003,90,8.13
888,9,51,409.091,906.818,27300.919,2,57,128.13,38.666,NA,0,0,0,-90
889,9,52,405.303,906.818,27600.929,2,80,131.917,42.451,NA,3.788,0.013,180,180
890,9,53,403.788,906.818,27900.939,2,140,133.433,43.966,NA,1.515,0.005,180,0
891,9,54,398.485,906.818,28200.95,2,82,138.736,49.266,NA,5.303,0.018,180,0
892,9,55,398.485,906.818,28500.96,2,158,138.736,49.266,NA,0,0,0,-180
893,9,56,398.485,906.818,28800.97,2,155,138.736,49.266,NA,0,0,0,0
894,9,57,398.485,906.818,29100.98,2,144,138.736,49.266,NA,0,0,0,0
895,9,58,398.485,906.818,29400.99,2,132,138.736,49.266,NA,0,0,0,0
896,9,59,398.485,906.818,29701,2,152,138.736,49.266,NA,0,0,0,0
897,9,60,398.485,906.818,30001.01,2,42,138.736,49.266,NA,0,0,0,0
898,9,61,398.485,906.818,30301.02,2,54,138.736,49.266,NA,0,0,0,0
899,9,62,394.697,903.788,30601.03,2,47,143.586,53.052,NA,4.851,0.016,-141.34,-141.34
900,9,63,394.697,903.03,30901.04,2,107,144.344,53.079,NA,0.758,0.003,-90,51.34
901,9,64,394.697,903.03,31201.051,2,71,144.344,53.079,NA,0,0,0,90
902,9,65,394.697,903.03,31501.061,2,54,144.344,53.079,NA,0,0,0,0
903,9,66,394.697,903.03,31801.071,2,54,144.344,53.079,NA,0,0,0,0
904,9,67,394.697,903.03,32101.081,2,73,144.344,53.079,NA,0,0,0,0
905,9,68,394.697,903.03,32401.091,2,65,144.344,53.079,NA,0,0,0,0
906,9,69,394.697,903.03,32701.101,2,116,144.344,53.079,NA,0,0,0,0
907,9,70,394.697,903.03,33001.111,2,86,144.344,53.079,NA,0,0,0,0
908,9,71,394.697,903.03,33301.121,2,102,144.344,53.079,NA,0,0,0,0
909,9,72,394.697,906.818,33601.131,2,83,148.132,53.052,NA,3.788,0.013,90,90
910,9,73,396.97,908.333,33901.141,2,63,150.863,50.848,NA,2.731,0.009,33.69,-56.31
911,9,74,396.97,903.788,34201.152,2,52,155.409,50.78,NA,4.545,0.015,-90,-123.69
912,9,75,396.97,903.788,34501.162,2,65,155.409,50.78,NA,0,0,0,90
913,9,76,396.97,903.788,34801.172,2,72,155.409,50.78,NA,0,0,0,0
914,9,77,396.97,903.788,35101.182,2,98,155.409,50.78,NA,0,0,0,0
915,9,78,390.909,900.758,35401.192,2,49,162.185,57,NA,6.776,0.023,-153.435,-153.435
916,9,79,390.909,900.758,35701.202,2,95,162.185,57,NA,0,0,0,153.435
917,9,80,392.424,900,36001.212,2,76,163.879,55.557,NA,1.694,0.006,-26.565,-26.565
918,9,81,392.424,900,36301.222,2,103,163.879,55.557,NA,0,0,0,26.565
919,9,82,392.424,900,36601.232,2,43,163.879,55.557,NA,0,0,0,0
920,9,83,392.424,893.182,36901.242,2,61,170.697,56.616,NA,6.818,0.023,-90,-90
921,9,84,392.424,893.182,37201.253,2,38,170.697,56.616,NA,0,0,0,90
922,9,85,392.424,893.182,37501.263,2,62,170.697,56.616,NA,0,0,0,0
923,9,86,398.485,896.212,37801.273,2,77,177.473,50.075,NA,6.776,0.023,26.565,26.565
924,9,87,398.485,896.212,38101.283,2,123,177.473,50.075,NA,0,0,0,-26.565
925,9,88,386.364,896.212,38401.293,2,69,189.594,62.033,NA,12.121,0.04,180,180
926,9,89,386.364,896.212,38701.303,2,118,189.594,62.033,NA,0,0,0,-180
927,9,90,386.364,896.212,39001.313,2,102,189.594,62.033,NA,0,0,0,0
928,9,91,386.364,896.212,39301.323,2,9,189.594,62.033,NA,0,0,0,0
929,9,92,386.364,906.818,39601.333,2,14,200.2,61.382,NA,10.606,0.035,90,90
930,9,93,381.061,906.818,39901.343,2,46,205.503,66.684,NA,5.303,0.018,180,90
931,9,94,381.061,906.818,40201.354,2,107,205.503,66.684,NA,0,0,0,-180
932,9,95,381.061,906.818,40501.364,2,95,205.503,66.684,NA,0,0,0,0
933,9,96,381.061,911.364,40801.374,2,127,210.049,66.942,NA,4.545,0.015,90,90
934,9,97,381.061,911.364,41101.384,2,135,210.049,66.942,NA,0,0,0,-90
935,9,98,381.061,911.364,41401.394,2,60,210.049,66.942,NA,0,0,0,0
936,9,99,381.061,911.364,41701.404,2,71,210.049,66.942,NA,0,0,0,0
937,9,100,390.152,911.364,42001.414,2,95,219.14,57.894,NA,9.091,0.03,0,0
938,9,101,390.152,910.606,42301.424,2,59,219.897,57.819,NA,0.758,0.003,-90,-90
939,9,102,390.152,910.606,42601.434,2,114,219.897,57.819,NA,0,0,0,90
940,9,103,390.152,911.364,42901.444,2,51,220.655,57.894,NA,0.758,0.003,90,90
941,9,104,387.879,911.364,43201.455,2,90,222.928,60.155,NA,2.273,0.008,180,90
942,9,105,388.636,909.091,43501.465,2,109,225.323,59.212,NA,2.396,0.008,-71.565,108.435
943,9,106,393.182,905.303,43801.475,2,60,231.24,54.545,NA,5.917,0.02,-39.806,31.759
944,9,107,396.212,905.303,44101.485,2,77,234.27,51.515,NA,3.03,0.01,0,39.806
945,9,108,401.515,892.424,44401.495,2,97,248.198,47.973,NA,13.928,0.046,-67.62,-67.62
946,9,109,401.515,892.424,44701.505,2,66,248.198,47.973,NA,0,0,0,67.62
947,9,110,409.848,892.424,45001.515,2,68,256.532,40.008,NA,8.333,0.028,0,0
948,9,111,409.848,892.424,45301.525,2,60,256.532,40.008,NA,0,0,0,0
949,9,112,409.848,892.424,45601.535,2,74,256.532,40.008,NA,0,0,0,0
950,9,113,409.848,892.424,45901.546,2,119,256.532,40.008,NA,0,0,0,0
951,9,114,409.848,892.424,46201.556,2,65,256.532,40.008,NA,0,0,0,0
952,9,115,409.848,892.424,46501.566,2,56,256.532,40.008,NA,0,0,0,0
953,9,116,409.848,884.091,46801.576,2,61,264.865,43.414,NA,8.333,0.028,-90,-90
954,9,117,409.848,884.091,47101.586,2,158,264.865,43.414,NA,0,0,0,90
955,9,118,410.606,884.091,47401.596,2,112,265.622,42.754,NA,0.758,0.003,0,0
956,9,119,410.606,887.879,47701.606,2,121,269.41,41.007,NA,3.788,0.013,90,90
957,9,120,410.606,887.879,48001.616,2,52,269.41,41.007,NA,0,0,0,-90
958,9,121,410.606,887.879,48301.626,2,63,269.41,41.007,NA,0,0,0,0
959,9,122,410.606,887.879,48601.636,2,99,269.41,41.007,NA,0,0,0,0
960,9,123,410.606,887.879,48901.647,2,144,269.41,41.007,NA,0,0,0,0
961,9,124,410.606,897.727,49201.657,2,94,279.259,37.886,NA,9.848,0.033,90,90
962,9,125,400,897.727,49501.667,2,81,289.865,48.325,NA,10.606,0.035,180,90
963,9,126,400,916.667,49801.677,2,74,308.804,49.061,NA,18.939,0.063,90,-90
964,9,127,400,916.667,50101.687,2,53,308.804,49.061,NA,0,0,0,-90
965,9,128,406.818,932.576,50401.697,2,55,326.113,49.167,NA,17.309,0.058,66.801,66.801
966,9,129,416.667,937.879,50701.707,2,50,337.298,45.01,NA,11.185,0.037,28.301,-38.501
967,9,130,421.212,937.879,51001.717,2,27,341.844,42.003,NA,4.545,0.015,0,-28.301
968,9,131,427.273,937.879,51301.727,2,48,347.904,38.465,NA,6.061,0.02,0,0
969,9,132,427.273,937.879,51601.737,2,49,347.904,38.465,NA,0,0,0,0
970,9,133,427.273,937.879,51901.748,2,80,347.904,38.465,NA,0,0,0,0
971,9,134,427.273,937.879,52201.758,2,89,347.904,38.465,NA,0,0,0,0
972,9,135,425.758,950.758,52501.768,2,118,360.872,50.485,NA,12.968,0.043,96.71,96.71
973,9,136,425.758,950.758,52801.778,2,62,360.872,50.485,NA,0,0,0,-96.71
974,9,137,425.758,950.758,53101.788,2,70,360.872,50.485,NA,0,0,0,0
975,9,138,423.485,953.788,53401.798,2,39,364.66,54.208,NA,3.788,0.013,126.87,126.87
976,9,139,423.485,953.788,53701.808,2,23,364.66,54.208,NA,0,0,0,-126.87
977,9,140,422.727,953.788,54001.818,2,55,365.417,54.551,NA,0.758,0.003,180,180
978,9,141,434.848,953.788,54301.828,2,28,377.539,50.166,NA,12.121,0.04,0,-180
979,9,142,434.848,953.788,54601.838,2,36,377.539,50.166,NA,0,0,0,0
980,9,143,434.848,953.788,54901.849,2,3,377.539,50.166,NA,0,0,0,0
981,9,144,446.212,968.182,55201.859,2,48,395.878,62.897,NA,18.339,0.061,51.71,51.71
982,9,145,446.212,968.182,55501.869,2,43,395.878,62.897,NA,0,0,0,-51.71
983,9,146,446.212,977.273,55801.879,2,22,404.969,71.986,NA,9.091,0.03,90,90
984,10,1,941.667,476.01,40501.364,2,54,0,0,NA,NA,NA,NA,NA
985,10,2,941.667,463.384,40801.374,2,133,12.626,12.626,NA,12.626,0.042,-90,NA
986,10,3,951.263,458.333,41101.384,2,68,23.47,20.113,NA,10.844,0.036,-27.759,62.241
987,10,4,953.788,442.172,41401.394,2,108,39.828,35.944,NA,16.358,0.055,-81.119,-53.361
988,10,5,958.838,441.667,41701.404,2,118,44.904,38.397,NA,5.076,0.017,-5.711,75.409
989,10,6,954.293,420.455,42001.414,2,99,66.597,56.972,NA,21.694,0.072,-102.095,-96.384
990,10,7,947.727,398.232,42301.424,2,165,89.769,78.014,NA,23.172,0.077,-106.46,-4.365
991,10,8,947.727,382.071,42601.434,2,144,105.931,94.135,NA,16.162,0.054,-90,16.46
992,10,9,947.727,375.505,42901.444,2,131,112.496,100.688,NA,6.566,0.022,-90,0
993,10,10,951.768,367.424,43201.455,2,108,121.531,109.055,NA,9.035,0.03,-63.435,26.565
994,10,11,938.636,357.323,43501.465,2,138,138.098,118.726,NA,16.567,0.055,-142.431,-78.996
995,10,12,933.081,347.222,43801.475,2,138,149.626,129.074,NA,11.528,0.038,-118.811,23.621
996,10,13,933.081,346.717,44101.485,2,107,150.131,129.578,NA,0.505,0.002,-90,28.811
997,10,14,922.98,330.556,44401.495,2,170,169.189,146.65,NA,19.059,0.064,-122.005,-32.005
998,10,15,922.98,330.556,44701.505,2,134,169.189,146.65,NA,0,0,0,122.005
999,10,16,906.818,316.919,45001.515,2,238,190.335,162.863,NA,21.146,0.07,-139.844,-139.844
1000,10,17,896.717,303.788,45301.525,2,158,206.902,177.991,NA,16.567,0.055,-127.569,12.275
1001,10,18,912.374,289.141,45601.535,2,194,228.342,189.151,NA,21.439,0.071,-43.091,84.478
1002,10,19,914.899,279.04,45901.546,2,194,238.753,198.78,NA,10.412,0.035,-75.964,-32.873
1003,10,20,920.96,276.515,46201.556,2,199,245.319,200.567,NA,6.566,0.022,-22.62,53.344
1004,10,21,927.525,259.343,46501.566,2,208,263.703,217.128,NA,18.384,0.061,-69.075,-46.456
1005,10,22,940.657,254.798,46801.576,2,144,277.599,221.214,NA,13.896,0.046,-19.093,49.982
1006,10,23,946.717,249.242,47101.586,2,177,285.821,226.824,NA,8.222,0.027,-42.51,-23.417
1007,10,24,961.364,242.677,47401.596,2,135,301.871,234.163,NA,16.051,0.054,-24.146,18.365
1008,10,25,985.101,222.98,47701.606,2,193,332.717,256.731,NA,30.845,0.103,-39.685,-15.54
1009,10,26,999.747,213.889,48001.616,2,57,349.955,268.479,NA,17.238,0.057,-31.827,7.858
1010,10,27,1000.758,213.889,48301.626,2,88,350.965,268.699,NA,1.01,0.003,0,31.827
1011,10,28,1000.758,213.889,48601.636,2,52,350.965,268.699,NA,0,0,0,0
1012,10,29,1000.758,198.232,48901.647,2,143,366.622,283.993,NA,15.657,0.052,-90,-90
1013,10,30,1001.263,186.111,49201.657,2,191,378.754,295.961,NA,12.132,0.04,-87.614,2.386
1014,10,31,1001.263,180.051,49501.667,2,164,384.814,301.9,NA,6.061,0.02,-90,-2.386
1015,10,32,1001.263,171.465,49801.677,2,205,393.4,310.322,NA,8.586,0.029,-90,0
1016,10,33,1001.263,161.869,50101.687,2,86,402.996,319.744,NA,9.596,0.032,-90,0
1017,10,34,998.737,157.323,50401.697,2,195,408.196,323.757,NA,5.2,0.017,-119.055,-29.055
1018,10,35,998.737,148.232,50701.707,2,157,417.287,332.709,NA,9.091,0.03,-90,29.055
1019,10,36,998.737,148.232,51001.717,2,202,417.287,332.709,NA,0,0,0,90
1020,10,37,998.737,139.646,51301.727,2,105,425.873,341.171,NA,8.586,0.029,-90,-90
1021,10,38,1004.293,139.646,51601.737,2,104,431.428,342.144,NA,5.556,0.019,0,90
1022,10,39,1004.293,139.646,51901.748,2,140,431.428,342.144,NA,0,0,0,0
1023,10,40,1009.343,149.242,52201.758,2,158,442.272,333.702,NA,10.844,0.036,62.241,62.241
1024,10,41,1017.929,151.263,52501.768,2,89,451.092,333.582,NA,8.82,0.029,13.241,-49.001
1025,10,42,1034.596,137.121,52801.778,2,55,472.95,351.399,NA,21.858,0.073,-40.314,-53.555
1026,10,43,1038.636,126.01,53101.788,2,185,484.773,363.185,NA,11.823,0.039,-70.017,-29.703
1027,10,44,1038.636,108.838,53401.798,2,86,501.945,379.761,NA,17.172,0.057,-90,-19.983
1028,10,45,1038.636,109.343,53701.808,2,94,502.45,379.272,NA,0.505,0.002,90,180
1029,10,46,1038.636,109.343,54001.818,2,84,502.45,379.272,NA,0,0,0,-90
1030,10,47,1038.636,109.343,54301.828,2,88,502.45,379.272,NA,0,0,0,0
1031,10,48,1048.232,109.343,54601.838,2,50,512.046,381.839,NA,9.596,0.032,0,0
1032,10,49,1056.818,115.404,54901.849,2,55,522.555,378.545,NA,10.509,0.035,35.218,35.218
1033,10,50,1056.818,123.485,55201.859,2,113,530.636,370.856,NA,8.081,0.027,90,54.782
1034,10,51,1047.727,123.485,55501.869,2,84,539.727,368.134,NA,9.091,0.03,180,90
1035,10,52,1048.232,129.04,55801.879,2,63,545.305,362.966,NA,5.578,0.019,84.806,-95.194
1036,10,53,1041.667,123.99,56101.889,2,145,553.589,365.948,NA,8.283,0.028,-142.431,132.763
1037,10,54,1041.667,123.99,56401.899,2,144,553.589,365.948,NA,0,0,0,142.431
1038,10,55,1041.667,123.99,56701.909,2,186,553.589,365.948,NA,0,0,0,0
1039,10,56,1041.667,123.99,57001.919,2,203,553.589,365.948,NA,0,0,0,0
1040,10,57,1041.667,110.354,57301.929,2,164,567.225,379.084,NA,13.636,0.045,-90,-90
1041,10,58,1041.667,101.768,57601.939,2,129,575.811,387.372,NA,8.586,0.029,-90,0
1042,10,59,1032.071,102.778,57901.95,2,128,585.46,384.025,NA,9.649,0.032,173.991,-96.009
1043,10,60,1028.03,97.222,58201.96,2,195,592.329,388.509,NA,6.869,0.023,-126.027,59.982
1044,10,61,1015.909,120.455,58501.97,2,53,618.534,363.224,NA,26.204,0.087,117.553,-116.42
1045,10,62,1004.798,120.96,58801.98,2,131,629.656,360.62,NA,11.123,0.037,177.397,59.845
1046,10,63,1001.768,115.909,59101.99,2,215,635.546,365.082,NA,5.89,0.02,-120.964,61.639
1047,10,64,987.121,106.313,59402,2,120,653.056,372.481,NA,17.51,0.058,-146.768,-25.805
1048,10,65,971.97,102.778,59702.01,2,142,668.615,374.46,NA,15.559,0.052,-166.866,-20.098
1049,10,66,954.798,93.687,60002.02,2,102,688.044,382.549,NA,19.43,0.065,-152.103,14.763
1050,10,67,944.697,84.091,60302.03,2,160,701.977,391.931,NA,13.932,0.046,-136.469,15.634
1051,10,68,944.192,83.586,60602.04,2,127,702.691,392.432,NA,0.714,0.002,-135,1.469
1052,10,69,930.051,83.586,60902.051,2,143,716.832,392.596,NA,14.141,0.047,180,-45
1053,10,70,930.051,70.96,61202.061,2,10,729.459,405.217,NA,12.626,0.042,-90,90
1054,10,71,925.505,83.586,61502.071,2,107,742.878,392.757,NA,13.42,0.045,109.799,-160.201
1055,10,72,927.02,92.172,61802.081,2,171,751.597,384.118,NA,8.719,0.029,79.992,-29.807
1056,10,73,940.152,92.172,62102.091,2,36,764.728,383.841,NA,13.131,0.044,0,-79.992
1057,10,74,945.202,81.061,62402.101,2,101,776.933,394.965,NA,12.205,0.041,-65.556,-65.556
1058,10,75,956.818,76.01,62702.111,2,98,789.6,400.287,NA,12.667,0.042,-23.499,42.057
1059,10,76,971.465,72.98,63002.121,2,136,804.556,404.13,NA,14.957,0.05,-11.689,11.809
1060,10,77,971.465,72.98,63302.131,2,159,804.556,404.13,NA,0,0,0,11.689
1061,10,78,971.97,69.949,63602.141,2,126,807.628,407.19,NA,3.072,0.01,-80.538,-80.538
1062,10,79,971.97,63.889,63902.152,2,168,813.689,413.234,NA,6.061,0.02,-90,-9.462
1063,10,80,976.515,75.505,64202.162,2,70,826.163,402.018,NA,12.474,0.042,68.629,158.629
1064,10,81,976.515,75.505,64502.172,2,48,826.163,402.018,NA,0,0,0,-68.629
1065,10,82,968.434,83.081,64802.182,2,43,837.24,393.84,NA,11.077,0.037,136.848,136.848
1066,10,83,952.273,72.98,65102.192,2,74,856.298,403.17,NA,19.059,0.064,-147.995,75.158
1067,10,84,928.535,59.848,65402.202,2,52,883.425,416.369,NA,27.127,0.09,-151.049,-3.054
1068,10,85,918.939,48.232,65702.212,2,106,898.493,428.381,NA,15.067,0.05,-129.56,21.489
1069,10,86,909.343,39.646,66002.222,2,196,911.369,437.559,NA,12.876,0.043,-138.18,-8.62
1070,10,87,898.232,29.545,66302.232,2,150,926.385,448.572,NA,15.016,0.05,-137.726,0.454
1071,10,88,887.626,19.949,66602.242,2,164,940.688,459.251,NA,14.303,0.048,-137.862,-0.136
1072,10,89,887.626,7.323,66902.253,2,31,953.314,471.792,NA,12.626,0.042,-90,47.862
1073,11,1,1096.717,668.939,32701.101,2,33,0,0,NA,NA,NA,NA,NA
1074,11,2,1101.263,659.343,33001.111,2,81,10.618,10.618,NA,10.618,0.035,-64.654,NA
1075,11,3,1104.293,649.242,33301.121,2,67,21.164,21.104,NA,10.546,0.035,-73.301,-8.647
1076,11,4,1120.455,630.556,33601.131,2,73,45.87,45.131,NA,24.706,0.082,-49.145,24.156
1077,11,5,1131.061,619.444,33901.141,2,81,61.231,60.243,NA,15.361,0.051,-46.332,2.812
1078,11,6,1133.586,613.384,34201.152,2,115,67.796,66.676,NA,6.566,0.022,-67.38,-21.048
1079,11,7,1150.253,591.667,34501.162,2,126,95.172,94.006,NA,27.375,0.091,-52.496,14.884
1080,11,8,1158.333,579.545,34801.172,2,101,109.74,108.572,NA,14.568,0.049,-56.31,-3.814
1081,11,9,1168.939,563.889,35101.182,2,184,128.65,127.482,NA,18.911,0.063,-55.886,0.424
1082,11,10,1193.182,539.141,35401.192,2,86,163.293,161.719,NA,34.643,0.115,-45.591,10.295
1083,11,11,1193.182,528.03,35701.202,2,105,174.404,170.765,NA,11.111,0.037,-90,-44.409
1084,11,12,1194.697,512.374,36001.212,2,130,190.134,184.697,NA,15.73,0.052,-84.472,5.528
1085,11,13,1202.273,490.152,36301.222,2,141,213.612,207.622,NA,23.478,0.078,-71.175,13.297
1086,11,14,1213.384,477.525,36601.232,2,103,230.431,224.166,NA,16.819,0.056,-48.652,22.523
1087,11,15,1215.53,486.742,36901.242,2,108,239.895,217.514,NA,9.464,0.032,76.891,125.543
1088,11,16,1215.53,481.818,37201.253,2,96,244.819,221.655,NA,4.924,0.016,-90,-166.891
1089,11,17,1215.53,479.924,37501.263,2,177,246.713,223.256,NA,1.894,0.006,-90,0
1090,11,18,1217.424,474.621,37801.273,2,167,252.344,228.757,NA,5.631,0.019,-70.346,19.654
1091,11,19,1230.303,458.333,38101.283,2,202,273.109,249.399,NA,20.764,0.069,-51.667,18.68
1092,11,20,1231.061,448.485,38401.293,2,136,282.986,258.163,NA,9.878,0.033,-85.601,-33.935
1093,11,21,1234.47,442.045,38701.303,2,144,290.272,265.437,NA,7.286,0.024,-62.103,23.499
1094,11,22,1234.47,442.803,39001.313,2,127,291.03,264.789,NA,0.758,0.003,90,152.103
1095,11,23,1237.879,431.818,39301.323,2,95,302.531,275.958,NA,11.502,0.038,-72.759,-162.759
1096,11,24,1235.227,412.121,39601.333,2,154,322.406,291.789,NA,19.875,0.066,-97.667,-24.908
1097,11,25,1233.712,400.379,39901.343,2,83,334.246,301.484,NA,11.84,0.039,-97.352,0.314
1098,11,26,1225.758,392.045,40201.354,2,124,345.766,305.486,NA,11.52,0.038,-133.668,-36.315
1099,11,27,1223.485,383.712,40501.364,2,120,354.404,312.129,NA,8.638,0.029,-105.255,28.413
1100,11,28,1223.485,383.712,40801.374,2,124,354.404,312.129,NA,0,0,0,105.255
1101,11,29,1213.258,372.348,41101.384,2,167,369.692,318.666,NA,15.288,0.051,-131.987,-131.987
1102,11,30,1200.758,376.515,41401.394,2,103,382.868,310.381,NA,13.176,0.044,161.565,-66.448
1103,11,31,1192.803,383.712,41701.404,2,120,393.595,300.977,NA,10.727,0.036,137.862,-23.703
1104,11,32,1191.667,402.273,42001.414,2,149,412.191,283.066,NA,18.595,0.062,93.504,-44.359
1105,11,33,1182.955,406.061,42301.424,2,99,421.691,276.663,NA,9.5,0.032,156.501,62.998
1106,11,34,1182.955,406.061,42601.434,2,125,421.691,276.663,NA,0,0,0,-156.501
1107,11,35,1182.955,406.061,42901.444,2,66,421.691,276.663,NA,0,0,0,0
1108,11,36,1182.955,406.061,43201.455,2,99,421.691,276.663,NA,0,0,0,0
1109,11,37,1203.409,414.394,43501.465,2,178,443.778,276.001,NA,22.087,0.074,22.166,22.166
1110,11,38,1214.015,410.985,43801.475,2,160,454.918,283.371,NA,11.14,0.037,-17.819,-39.985
1111,11,39,1214.015,410.985,44101.485,2,180,454.918,283.371,NA,0,0,0,17.819
1112,11,40,1214.015,402.273,44401.495,2,78,463.63,291.324,NA,8.712,0.029,-90,-90
1113,11,41,1220.076,402.273,44701.505,2,92,469.691,293.817,NA,6.061,0.02,0,90
1114,11,42,1220.076,402.273,45001.515,2,64,469.691,293.817,NA,0,0,0,0
1115,11,43,1220.076,402.273,45301.525,2,101,469.691,293.817,NA,0,0,0,0
1116,11,44,1207.576,395.833,45601.535,2,204,483.752,294.748,NA,14.061,0.047,-152.745,-152.745
1117,11,45,1207.576,388.636,45901.546,2,142,490.949,301.429,NA,7.197,0.024,-90,62.745
1118,11,46,1207.576,388.636,46201.556,2,104,490.949,301.429,NA,0,0,0,90
1119,11,47,1207.576,388.636,46501.566,2,135,490.949,301.429,NA,0,0,0,0
1120,11,48,1213.636,396.591,46801.576,2,203,500.949,296.385,NA,10,0.033,52.696,52.696
1121,11,49,1216.288,396.591,47101.586,2,98,503.601,297.441,NA,2.652,0.009,0,-52.696
1122,11,50,1226.515,398.485,47401.596,2,131,514.002,299.989,NA,10.401,0.035,10.491,10.491
1123,11,51,1226.515,398.864,47701.606,2,108,514.381,299.647,NA,0.379,0.001,90,79.509
1124,11,52,1230.303,397.348,48001.616,2,196,518.46,302.666,NA,4.08,0.014,-21.801,-111.801
1125,11,53,1239.773,392.424,48301.626,2,157,529.134,311.329,NA,10.673,0.036,-27.474,-5.673
1126,11,54,1239.773,392.424,48601.636,2,113,529.134,311.329,NA,0,0,0,27.474
1127,11,55,1239.773,392.424,48901.647,2,130,529.134,311.329,NA,0,0,0,0
1128,11,56,1239.773,392.424,49201.657,2,151,529.134,311.329,NA,0,0,0,0
1129,11,57,1247.348,382.197,49501.667,2,149,541.861,323.9,NA,12.727,0.042,-53.471,-53.471
1130,11,58,1251.768,381.566,49801.677,2,149,546.326,326.534,NA,4.464,0.015,-8.13,45.341
1131,11,59,1251.768,377.525,50101.687,2,136,550.366,330.095,NA,4.04,0.013,-90,-81.87
1132,11,60,1252.778,377.02,50401.697,2,106,551.495,331.016,NA,1.129,0.004,-26.565,63.435
1133,11,61,1252.778,377.02,50701.707,2,98,551.495,331.016,NA,0,0,0,26.565
1134,11,62,1252.778,377.02,51001.717,2,161,551.495,331.016,NA,0,0,0,0
1135,11,63,1254.798,376.01,51301.727,2,130,553.754,332.862,NA,2.259,0.008,-26.565,-26.565
1136,11,64,1252.778,368.939,51601.737,2,199,561.108,338.164,NA,7.354,0.025,-105.945,-79.38
1137,11,65,1246.717,364.899,51901.748,2,127,568.391,339.029,NA,7.284,0.024,-146.31,-40.365
1138,11,66,1246.717,364.899,52201.758,2,134,568.391,339.029,NA,0,0,0,146.31
1139,11,67,1231.566,365.404,52501.768,2,120,583.551,332.141,NA,15.16,0.051,178.091,178.091
1140,11,68,1225,360.354,52801.778,2,105,591.835,334.188,NA,8.283,0.028,-142.431,39.478
1141,11,69,1225,360.354,53101.788,2,100,591.835,334.188,NA,0,0,0,142.431
1142,11,70,1233.081,357.828,53401.798,2,122,600.301,339.684,NA,8.466,0.028,-17.354,-17.354
1143,11,71,1234.091,346.717,53701.808,2,180,611.458,350.284,NA,11.157,0.037,-84.806,-67.452
1144,11,72,1232.576,341.667,54001.818,2,172,616.731,354.352,NA,5.273,0.018,-106.699,-21.894
1145,11,73,1232.576,342.172,54301.828,2,166,617.236,353.885,NA,0.505,0.002,90,-163.301
1146,11,74,1232.576,331.566,54601.838,2,193,627.842,363.701,NA,10.606,0.035,-90,-180
1147,11,75,1219.949,328.03,54901.849,2,74,640.954,362.499,NA,13.112,0.044,-164.358,-74.358
1148,11,76,1219.949,315.909,55201.859,2,105,653.075,373.921,NA,12.121,0.04,-90,74.358
1149,11,77,1219.949,315.909,55501.869,2,193,653.075,373.921,NA,0,0,0,90
1150,11,78,1219.949,312.374,55801.879,2,129,656.61,377.26,NA,3.535,0.012,-90,-90
1151,11,79,1222.98,323.485,56101.889,2,99,668.127,367.806,NA,11.517,0.038,74.745,164.745
1152,11,80,1213.889,323.485,56401.899,2,94,677.218,364.785,NA,9.091,0.03,180,105.255
1153,11,81,1213.889,323.485,56701.909,2,162,677.218,364.785,NA,0,0,0,-180
1154,11,82,1213.889,323.485,57001.919,2,113,677.218,364.785,NA,0,0,0,0
1155,11,83,1228.03,320.455,57301.929,2,167,691.681,372.404,NA,14.462,0.048,-12.095,-12.095
1156,11,84,1228.03,313.384,57601.939,2,141,698.751,379.029,NA,7.071,0.024,-90,-77.905
1157,11,85,1228.03,304.293,57901.95,2,146,707.842,387.57,NA,9.091,0.03,-90,0
1158,11,86,1225.505,286.616,58201.96,2,195,725.699,403.432,NA,17.856,0.06,-98.13,-8.13
1159,11,87,1237.121,269.949,58501.97,2,163,746.014,422.973,NA,20.315,0.068,-55.125,43.005
1160,11,88,1239.141,261.869,58801.98,2,164,754.343,431.267,NA,8.33,0.028,-75.964,-20.839
1161,11,89,1239.646,261.364,59101.99,2,110,755.058,431.911,NA,0.714,0.002,-45,30.964
1162,11,90,1241.667,251.263,59402,2,114,765.359,442.113,NA,10.301,0.034,-78.69,-33.69
1163,11,91,1243.182,238.636,59702.01,2,228,778.076,454.547,NA,12.717,0.042,-83.157,-4.467
1164,11,92,1247.727,232.576,60002.02,2,160,785.651,461.755,NA,7.576,0.025,-53.13,30.027
1165,11,93,1247.727,222.475,60302.03,2,128,795.752,471.312,NA,10.101,0.034,-90,-36.87
1166,11,94,1256.818,222.475,60602.04,2,95,804.843,474.303,NA,9.091,0.03,0,90
1167,11,95,1267.424,206.818,60902.051,2,89,823.754,492.643,NA,18.911,0.063,-55.886,-55.886
1168,11,96,1277.02,203.283,61202.061,2,100,833.98,499.345,NA,10.226,0.034,-20.225,35.661
1169,11,97,1280.051,193.182,61502.071,2,6,844.526,509.859,NA,10.546,0.035,-73.301,-53.076
1170,11,98,1316.919,167.424,61802.081,2,93,889.501,547.728,NA,44.975,0.15,-34.939,38.361
1171,11,99,1334.596,153.788,62102.091,2,104,911.827,567.422,NA,22.325,0.074,-37.648,-2.708
1172,11,100,1341.667,147.727,62402.101,2,152,921.139,575.901,NA,9.313,0.031,-40.601,-2.954
1173,11,101,1346.717,142.677,62702.111,2,76,928.282,582.625,NA,7.142,0.024,-45,-4.399
1174,11,102,1361.364,121.465,63002.121,2,59,954.059,608.084,NA,25.777,0.086,-55.376,-10.376
1175,11,103,1381.061,92.172,63302.131,2,87,989.358,643.049,NA,35.299,0.118,-56.083,-0.707
1176,11,104,1384.596,82.576,63602.141,2,189,999.585,653.22,NA,10.226,0.034,-69.775,-13.693
1177,11,105,1391.162,77.02,63902.152,2,169,1008.186,661.11,NA,8.601,0.029,-40.236,29.539
1178,11,106,1389.646,79.545,64202.162,2,123,1011.131,658.174,NA,2.945,0.01,120.964,161.2
1179,11,107,1396.212,69.444,64502.172,2,134,1023.178,670.143,NA,12.047,0.04,-56.976,-177.94
1180,11,108,1399.747,70.96,64802.182,2,165,1027.024,670.378,NA,3.846,0.013,23.199,80.175
1181,12,1,1153.283,768.939,23100.778,2,130,0,0,NA,NA,NA,NA,NA
1182,12,2,1153.283,768.939,23400.788,2,87,0,0,NA,0,0,0,NA
1183,12,3,1153.283,775.505,23700.798,2,82,6.566,6.566,NA,6.566,0.022,90,90
1184,12,4,1153.283,787.121,24000.808,2,69,18.182,18.182,NA,11.616,0.039,90,0
1185,12,5,1151.263,787.121,24300.818,2,80,20.202,18.294,NA,2.02,0.007,180,90
1186,12,6,1151.263,787.121,24600.828,2,99,20.202,18.294,NA,0,0,0,-180
1187,12,7,1151.263,787.121,24900.838,2,92,20.202,18.294,NA,0,0,0,0
1188,12,8,1151.263,788.636,25200.849,2,99,21.717,19.8,NA,1.515,0.005,90,90
1189,12,9,1147.727,788.636,25500.859,2,52,25.253,20.465,NA,3.535,0.012,180,90
1190,12,10,1147.727,800.758,25800.869,2,116,37.374,32.3,NA,12.121,0.04,90,-90
1191,12,11,1147.727,800.758,26100.879,2,79,37.374,32.3,NA,0,0,0,-90
1192,12,12,1148.737,804.293,26400.889,2,84,41.051,35.645,NA,3.677,0.012,74.055,74.055
1193,12,13,1153.788,801.263,26700.899,2,32,46.94,32.327,NA,5.89,0.02,-30.964,-105.018
1194,12,14,1154.798,803.788,27000.909,2,80,49.66,34.881,NA,2.72,0.009,68.199,99.162
1195,12,15,1154.798,802.778,27300.919,2,84,50.67,33.872,NA,1.01,0.003,-90,-158.199
1196,12,16,1154.293,802.778,27600.929,2,70,51.175,33.853,NA,0.505,0.002,180,-90
1197,12,17,1154.293,802.778,27900.939,2,153,51.175,33.853,NA,0,0,0,-180
1198,12,18,1163.889,807.323,28200.95,2,67,61.793,39.822,NA,10.618,0.035,25.346,25.346
1199,12,19,1165.404,811.869,28500.96,2,171,66.585,44.608,NA,4.791,0.016,71.565,46.219
1200,12,20,1171.465,816.414,28800.97,2,155,74.161,50.837,NA,7.576,0.025,36.87,-34.695
1201,12,21,1180.556,816.414,29100.98,2,103,83.251,54.751,NA,9.091,0.03,0,-36.87
1202,12,22,1180.556,819.949,29400.99,2,147,86.787,57.843,NA,3.535,0.012,90,90
1203,12,23,1181.566,824.495,29701,2,144,91.443,62.341,NA,4.656,0.016,77.471,-12.529
1204,12,24,1181.566,824.495,30001.01,2,157,91.443,62.341,NA,0,0,0,-77.471
1205,12,25,1179.04,825.505,30301.02,2,64,94.163,62.154,NA,2.72,0.009,158.199,158.199
1206,12,26,1179.04,812.374,30601.03,2,138,107.294,50.497,NA,13.131,0.044,-90,111.801
1207,12,27,1182.576,812.374,30901.04,2,61,110.83,52.389,NA,3.535,0.012,0,90
1208,12,28,1186.111,815.404,31201.051,2,76,115.486,56.892,NA,4.656,0.016,40.601,40.601
1209,12,29,1186.111,815.404,31501.061,2,103,115.486,56.892,NA,0,0,0,-40.601
1210,12,30,1180.051,813.889,31801.071,2,134,121.733,52.316,NA,6.247,0.021,-165.964,-165.964
1211,12,31,1184.091,807.828,32101.081,2,162,129.017,49.613,NA,7.284,0.024,-56.31,109.654
1212,12,32,1190.657,800.758,32401.091,2,49,138.666,49.084,NA,9.649,0.032,-47.121,9.189
1213,12,33,1200.758,800.758,32701.101,2,81,148.767,57.151,NA,10.101,0.034,0,47.121
1214,12,34,1200.758,800.758,33001.111,2,96,148.767,57.151,NA,0,0,0,0
1215,12,35,1203.788,800.758,33301.121,2,107,151.797,59.692,NA,3.03,0.01,0,0
1216,12,36,1216.414,790.152,33601.131,2,56,168.287,66.6,NA,16.49,0.055,-40.03,-40.03
1217,12,37,1231.566,789.141,33901.141,2,153,183.472,80.848,NA,15.185,0.051,-3.814,36.216
1218,12,38,1231.566,789.141,34201.152,2,3,183.472,80.848,NA,0,0,0,3.814
1219,12,39,1262.374,768.939,34501.162,2,46,220.313,109.091,NA,36.841,0.123,-33.254,-33.254
1220,12,40,1263.889,757.828,34801.172,2,76,231.527,111.163,NA,11.214,0.037,-82.235,-48.98
1221,12,41,1274.495,753.283,35101.182,2,198,243.066,122.219,NA,11.539,0.038,-23.199,59.036
1222,12,42,1279.04,751.768,35401.192,2,117,247.857,126.925,NA,4.791,0.016,-18.435,4.764
1223,12,43,1285.606,746.212,35701.202,2,158,256.458,134.261,NA,8.601,0.029,-40.236,-21.801
1224,12,44,1294.192,746.212,36001.212,2,106,265.044,142.73,NA,8.586,0.029,0,40.236
1225,12,45,1294.192,746.212,36301.222,2,105,265.044,142.73,NA,0,0,0,0
1226,12,46,1294.192,736.616,36601.232,2,37,274.64,144.569,NA,9.596,0.032,-90,-90
1227,12,47,1313.889,714.394,36901.242,2,113,304.335,169.616,NA,29.695,0.099,-48.447,41.553
1228,12,48,1313.889,714.394,37201.253,2,123,304.335,169.616,NA,0,0,0,48.447
1229,12,49,1321.97,710.354,37501.263,2,164,313.37,178.571,NA,9.035,0.03,-26.565,-26.565
1230,12,50,1329.04,710.354,37801.273,2,107,320.44,185.265,NA,7.071,0.024,0,26.565
1231,12,51,1335.606,701.768,38101.283,2,181,331.249,194.303,NA,10.809,0.036,-52.595,-52.595
1232,12,52,1335.606,702.273,38401.293,2,187,331.754,194.129,NA,0.505,0.002,90,142.595
1233,12,53,1330.556,701.768,38701.303,2,125,336.83,189.572,NA,5.076,0.017,-174.289,95.711
1234,12,54,1322.98,700.758,39001.313,2,64,344.472,182.882,NA,7.643,0.025,-172.405,1.884
1235,12,55,1319.444,703.283,39301.323,2,133,348.817,178.663,NA,4.345,0.014,144.462,-43.132
1236,12,56,1314.899,707.828,39601.333,2,132,355.245,172.784,NA,6.428,0.021,135,-9.462
1237,12,57,1312.879,703.283,39901.343,2,161,360.219,172.574,NA,4.974,0.017,-113.962,111.038
1238,12,58,1322.475,697.222,40201.354,2,76,371.569,183.764,NA,11.35,0.038,-32.276,81.687
1239,12,59,1327.02,685.606,40501.364,2,68,384.043,192.689,NA,12.474,0.042,-68.629,-36.354
1240,12,60,1338.636,677.02,40801.374,2,127,398.488,206.894,NA,14.445,0.048,-36.469,32.16
1241,12,61,1335.606,667.424,41101.384,2,54,408.551,208.679,NA,10.063,0.034,-107.526,-71.056
1242,12,62,1335.606,667.424,41401.394,2,128,408.551,208.679,NA,0,0,0,107.526
1243,12,63,1331.566,649.747,41701.404,2,220,426.683,214.456,NA,18.133,0.06,-102.875,-102.875
1244,12,64,1342.172,639.646,42001.414,2,81,441.33,228.901,NA,14.646,0.049,-43.603,59.272
1245,12,65,1334.596,639.646,42301.424,2,173,448.906,222.691,NA,7.576,0.025,180,-136.397
1246,12,66,1334.596,635.606,42601.434,2,122,452.946,225.061,NA,4.04,0.013,-90,90
1247,12,67,1334.596,635.606,42901.444,2,85,452.946,225.061,NA,0,0,0,90
1248,12,68,1333.081,629.545,43201.455,2,138,459.193,227.504,NA,6.247,0.021,-104.036,-104.036
1249,12,69,1325,629.04,43501.465,2,133,467.29,221.492,NA,8.097,0.027,-176.424,-72.387
1250,12,70,1325,636.111,43801.475,2,136,474.36,217.095,NA,7.071,0.024,90,-93.576
1251,12,71,1321.465,645.707,44101.485,2,118,484.587,208.498,NA,10.226,0.034,110.225,20.225
1252,12,72,1316.919,645.707,44401.495,2,168,489.132,204.849,NA,4.545,0.015,180,69.775
1253,12,73,1316.919,645.707,44701.505,2,95,489.132,204.849,NA,0,0,0,-180
1254,12,74,1308.333,658.333,45001.515,2,103,504.401,190.458,NA,15.269,0.051,124.216,124.216
1255,12,75,1319.444,654.798,45301.525,2,105,516.061,201.589,NA,11.66,0.039,-17.65,-141.866
1256,12,76,1321.465,650.253,45601.535,2,95,521.035,205.844,NA,4.974,0.017,-66.038,-48.387
1257,12,77,1321.97,639.141,45901.546,2,89,532.158,212.844,NA,11.123,0.037,-87.397,-21.36
1258,12,78,1340.152,636.111,46201.556,2,127,550.591,229.267,NA,18.433,0.061,-9.462,77.935
1259,12,79,1351.263,636.111,46501.566,2,119,561.702,238.41,NA,11.111,0.037,0,9.462
1260,12,80,1366.919,634.091,46801.576,2,160,577.488,252.635,NA,15.786,0.053,-7.352,-7.352
1261,12,81,1366.919,634.091,47101.586,2,8,577.488,252.635,NA,0,0,0,7.352
1262,12,82,1388.636,634.091,47401.596,2,159,599.205,271.248,NA,21.717,0.072,0,0
1263,12,83,1390.152,646.212,47701.606,2,69,611.421,266.775,NA,12.216,0.041,82.875,82.875
1264,12,84,1404.293,636.616,48001.616,2,183,628.511,283.753,NA,17.09,0.057,-34.16,-117.035
1265,12,85,1421.465,638.131,48301.626,2,56,645.749,298.383,NA,17.238,0.057,5.042,39.202
1266,12,86,1423.485,652.273,48601.636,2,110,660.034,294.313,NA,14.285,0.048,81.87,76.827
1267,12,87,1430.051,655.808,48901.647,2,31,667.491,298.997,NA,7.457,0.025,28.301,-53.569
1268,12,88,1422.98,664.394,49201.657,2,159,678.614,289.251,NA,11.123,0.037,129.472,101.172
1269,12,89,1428.535,669.444,49501.667,2,89,686.122,292.683,NA,7.508,0.025,42.274,-87.199
1270,12,90,1436.111,668.434,49801.677,2,147,693.765,300.155,NA,7.643,0.025,-7.595,-49.868
1271,12,91,1442.172,668.434,50101.687,2,151,699.825,305.873,NA,6.061,0.02,0,7.595
1272,12,92,1446.212,669.949,50401.697,2,166,704.14,309.203,NA,4.315,0.014,20.556,20.556
1273,12,93,1451.768,669.949,50701.707,2,179,709.696,314.471,NA,5.556,0.019,0,-20.556
1274,12,94,1451.768,669.949,51001.717,2,88,709.696,314.471,NA,0,0,0,0
1275,12,95,1440.152,660.354,51301.727,2,61,724.763,306.732,NA,15.067,0.05,-140.44,-140.44
1276,12,96,1436.616,653.283,51601.737,2,50,732.668,306.03,NA,7.905,0.026,-116.565,23.875
1277,12,97,1450.253,646.717,51901.748,2,78,747.803,321.137,NA,15.135,0.05,-25.71,90.855
1278,12,98,1453.788,661.869,52201.758,2,101,763.361,319.01,NA,15.559,0.052,76.866,102.576
1279,12,99,1459.343,660.354,52501.768,2,134,769.12,324.752,NA,5.758,0.019,-15.255,-92.121
1280,12,100,1459.343,660.354,52801.778,2,140,769.12,324.752,NA,0,0,0,15.255
1281,12,101,1470.96,667.929,53101.788,2,124,782.988,333.349,NA,13.868,0.046,33.111,33.111
1282,12,102,1475.505,677.525,53401.798,2,68,793.606,334.938,NA,10.618,0.035,64.654,31.542
1283,12,103,1495.707,677.525,53701.808,2,123,813.808,354.416,NA,20.202,0.067,0,-64.654
1284,12,104,1509.848,677.525,54001.818,2,84,827.95,368.097,NA,14.141,0.047,0,0
1285,12,105,1542.172,695.707,54301.828,2,68,865.036,395.724,NA,37.086,0.124,29.358,29.358
1286,13,1,1127.525,767.929,29400.99,2,54,0,0,NA,NA,NA,NA,NA
1287,13,2,1134.596,768.434,29701,2,71,7.089,7.089,NA,7.089,0.024,4.086,NA
1288,13,3,1135.101,776.01,30001.01,2,31,14.681,11.077,NA,7.593,0.025,86.186,82.1
1289,13,4,1141.667,780.556,30301.02,2,82,22.667,18.958,NA,7.986,0.027,34.695,-51.491
1290,13,5,1141.667,780.556,30601.03,2,144,22.667,18.958,NA,0,0,0,-34.695
1291,13,6,1150.758,780.556,30901.04,2,66,31.758,26.442,NA,9.091,0.03,0,0
1292,13,7,1164.899,778.535,31201.051,2,84,46.043,38.85,NA,14.285,0.048,-8.13,-8.13
1293,13,8,1170.96,776.01,31501.061,2,77,52.608,44.18,NA,6.566,0.022,-22.62,-14.49
1294,13,9,1170.96,776.01,31801.071,2,95,52.608,44.18,NA,0,0,0,22.62
1295,13,10,1170.96,776.01,32101.081,2,100,52.608,44.18,NA,0,0,0,0
1296,13,11,1170.96,770.96,32401.091,2,106,57.659,43.54,NA,5.051,0.017,-90,-90
1297,13,12,1177.02,767.424,32701.101,2,186,64.675,49.498,NA,7.016,0.023,-30.256,59.744
1298,13,13,1177.02,767.929,33001.111,2,4,65.18,49.495,NA,0.505,0.002,90,120.256
1299,13,14,1198.232,753.283,33301.121,2,61,90.958,72.208,NA,25.777,0.086,-34.624,-124.624
1300,13,15,1198.232,753.283,33601.131,2,75,90.958,72.208,NA,0,0,0,34.624
1301,13,16,1199.242,753.283,33901.141,2,168,91.968,73.197,NA,1.01,0.003,0,0
1302,13,17,1204.293,760.354,34201.152,2,113,100.657,77.141,NA,8.689,0.029,54.462,54.462
1303,13,18,1217.424,750.253,34501.162,2,130,117.224,91.62,NA,16.567,0.055,-37.569,-92.031
1304,13,19,1221.465,749.747,34801.172,2,64,121.296,95.683,NA,4.072,0.014,-7.125,30.444
1305,13,20,1220.96,749.747,35101.182,2,105,121.801,95.187,NA,0.505,0.002,180,-172.875
1306,13,21,1220.96,749.747,35401.192,2,75,121.801,95.187,NA,0,0,0,-180
1307,13,22,1220.455,745.202,35701.202,2,117,126.374,95.668,NA,4.573,0.015,-96.34,-96.34
1308,13,23,1226.01,738.636,36001.212,2,127,134.975,102.749,NA,8.601,0.029,-49.764,46.577
1309,13,24,1220.455,733.586,36301.222,2,57,142.483,99.072,NA,7.508,0.025,-137.726,-87.963
1310,13,25,1220.455,733.586,36601.232,2,111,142.483,99.072,NA,0,0,0,137.726
1311,13,26,1225,731.061,36901.242,2,109,147.683,104.214,NA,5.2,0.017,-29.055,-29.055
1312,13,27,1225,731.061,37201.253,2,66,147.683,104.214,NA,0,0,0,29.055
1313,13,28,1225,730.556,37501.263,2,93,148.188,104.394,NA,0.505,0.002,-90,-90
1314,13,29,1209.848,730.556,37801.273,2,59,163.339,90.41,NA,15.152,0.051,180,-90
1315,13,30,1209.848,724.495,38101.283,2,57,169.4,93.079,NA,6.061,0.02,-90,90
1316,13,31,1209.848,733.586,38401.293,2,65,178.491,89.2,NA,9.091,0.03,90,180
1317,13,32,1218.434,739.141,38701.303,2,104,188.717,95.358,NA,10.226,0.034,32.905,-57.095
1318,13,33,1226.515,734.596,39001.313,2,129,197.989,104.451,NA,9.271,0.031,-29.358,-62.263
1319,13,34,1231.566,731.061,39301.323,2,76,204.154,110.38,NA,6.165,0.021,-34.992,-5.634
1320,13,35,1231.566,735.606,39601.333,2,121,208.699,108.946,NA,4.545,0.015,90,124.992
1321,13,36,1236.111,735.606,39901.343,2,140,213.245,113.295,NA,4.545,0.015,0,-90
1322,13,37,1245.202,729.545,40201.354,2,139,224.171,123.779,NA,10.926,0.036,-33.69,-33.69
1323,13,38,1245.202,729.545,40501.364,2,163,224.171,123.779,NA,0,0,0,33.69
1324,13,39,1254.798,723.485,40801.374,2,51,235.52,134.81,NA,11.35,0.038,-32.276,-32.276
1325,13,40,1255.303,723.485,41101.384,2,20,236.025,135.287,NA,0.505,0.002,0,32.276
1326,13,41,1255.808,729.04,41401.394,2,44,241.604,134.048,NA,5.578,0.019,84.806,84.806
1327,13,42,1255.808,729.04,41701.404,2,82,241.604,134.048,NA,0,0,0,-84.806
1328,13,43,1266.414,723.99,42001.414,2,95,253.351,145.674,NA,11.747,0.039,-25.463,-25.463
1329,13,44,1266.414,723.99,42301.424,2,76,253.351,145.674,NA,0,0,0,25.463
1330,13,45,1266.414,723.99,42601.434,2,82,253.351,145.674,NA,0,0,0,0
1331,13,46,1266.414,723.99,42901.444,2,80,253.351,145.674,NA,0,0,0,0
1332,13,47,1268.434,715.909,43201.455,2,186,261.68,150.205,NA,8.33,0.028,-75.964,-75.964
1333,13,48,1269.444,715.909,43501.465,2,72,262.691,151.153,NA,1.01,0.003,0,75.964
1334,13,49,1273.99,715.909,43801.475,2,66,267.236,155.428,NA,4.545,0.015,0,0
1335,13,50,1273.99,715.909,44101.485,2,65,267.236,155.428,NA,0,0,0,0
1336,13,51,1273.99,719.949,44401.495,2,113,271.276,154.123,NA,4.04,0.013,90,90
1337,13,52,1272.98,721.465,44701.505,2,119,273.097,152.696,NA,1.821,0.006,123.69,33.69
1338,13,53,1272.98,727.02,45001.515,2,170,278.653,151.098,NA,5.556,0.019,90,-33.69
1339,13,54,1272.98,726.515,45301.525,2,176,279.158,151.235,NA,0.505,0.002,-90,-180
1340,13,55,1272.98,726.515,45601.535,2,97,279.158,151.235,NA,0,0,0,90
1341,13,56,1272.98,726.515,45901.546,2,108,279.158,151.235,NA,0,0,0,0
1342,13,57,1272.98,731.566,46201.556,2,220,284.209,149.931,NA,5.051,0.017,90,90
1343,13,58,1274.495,731.566,46501.566,2,151,285.724,151.401,NA,1.515,0.005,0,-90
1344,13,59,1274.495,731.566,46801.576,2,104,285.724,151.401,NA,0,0,0,0
1345,13,60,1280.556,731.566,47101.586,2,60,291.784,157.291,NA,6.061,0.02,0,0
1346,13,61,1284.596,734.596,47401.596,2,106,296.835,160.569,NA,5.051,0.017,36.87,36.87
1347,13,62,1287.121,735.101,47701.606,2,124,299.41,162.937,NA,2.575,0.009,11.31,-25.56
1348,13,63,1292.172,735.101,48001.616,2,137,304.461,167.887,NA,5.051,0.017,0,-11.31
1349,13,64,1295.707,735.101,48301.626,2,19,307.996,171.356,NA,3.535,0.012,0,0
1350,13,65,1309.848,732.071,48601.636,2,133,322.458,185.816,NA,14.462,0.048,-12.095,-12.095
1351,13,66,1320.455,730.556,48901.647,2,70,333.172,196.516,NA,10.714,0.036,-8.13,3.965
1352,13,67,1320.455,730.556,49201.657,2,207,333.172,196.516,NA,0,0,0,8.13
1353,13,68,1317.929,737.121,49501.667,2,236,340.207,192.88,NA,7.035,0.023,111.038,111.038
1354,13,69,1315.404,750.253,49801.677,2,81,353.579,188.709,NA,13.372,0.045,100.886,-10.152
1355,13,70,1315.404,764.394,50101.687,2,110,367.72,187.912,NA,14.141,0.047,90,-10.886
1356,13,71,1305.303,758.838,50401.697,2,81,379.248,178.01,NA,11.528,0.038,-151.189,118.811
1357,13,72,1305.303,756.818,50701.707,2,92,381.268,178.125,NA,2.02,0.007,-90,61.189
1358,13,73,1304.293,770.96,51001.717,2,149,395.446,176.794,NA,14.177,0.047,94.086,-175.914
1359,13,74,1311.364,778.535,51301.727,2,54,405.808,184.144,NA,10.363,0.035,46.975,-47.111
1360,13,75,1311.364,779.545,51601.737,2,70,406.818,184.205,NA,1.01,0.003,90,43.025
1361,13,76,1311.364,798.737,51901.748,2,164,426.01,186.402,NA,19.192,0.064,90,0
1362,13,77,1321.465,833.081,52201.758,2,79,461.808,204.59,NA,35.798,0.119,73.61,-16.39
1363,13,78,1325,848.232,52501.768,2,32,477.367,213.178,NA,15.559,0.052,76.866,3.256
1364,13,79,1325,848.232,52801.778,2,72,477.367,213.178,NA,0,0,0,-76.866
1365,13,80,1333.586,852.273,53101.788,2,63,486.856,222.654,NA,9.489,0.032,25.201,25.201
1366,13,81,1350.253,871.465,53401.798,2,87,512.275,245.616,NA,25.419,0.085,49.028,23.827
1367,13,82,1369.949,887.121,53701.808,2,28,537.436,270.141,NA,25.161,0.084,38.48,-10.548
1368,13,83,1371.465,893.182,54001.818,2,109,543.683,274.216,NA,6.247,0.021,75.964,37.484
1369,13,84,1372.98,893.182,54301.828,2,2,545.198,275.565,NA,1.515,0.005,0,-75.964
1370,13,85,1402.273,893.182,54601.838,2,113,574.491,301.951,NA,29.293,0.098,0,0
1371,13,86,1426.515,890.152,54901.849,2,93,598.922,323.007,NA,24.431,0.081,-7.125,-7.125
1372,13,87,1449.747,875,55201.859,2,41,626.659,339.546,NA,27.736,0.092,-33.111,-25.986
1373,13,88,1456.818,875,55501.869,2,98,633.73,346.263,NA,7.071,0.024,0,33.111
1374,13,89,1456.818,875,55801.879,2,20,633.73,346.263,NA,0,0,0,0
1375,13,90,1443.182,864.899,56101.889,2,56,650.7,330.215,NA,16.97,0.057,-143.471,-143.471
1376,13,91,1447.727,864.899,56401.899,2,55,655.245,334.563,NA,4.545,0.015,0,143.471
1377,13,92,1447.727,878.535,56701.909,2,97,668.881,338.767,NA,13.636,0.045,90,90
1378,13,93,1439.646,870.455,57001.919,2,75,680.309,328.529,NA,11.428,0.038,-135,135
1379,13,94,1416.414,873.99,57301.929,2,119,703.809,307.743,NA,23.5,0.078,171.347,-53.653
1380,13,95,1416.414,886.111,57601.939,2,147,715.93,312.128,NA,12.121,0.04,90,-81.347
1381,13,96,1411.364,903.283,57901.95,2,123,733.829,314.46,NA,17.899,0.06,106.39,16.39
1382,14,1,483.586,964.899,12900.434,2,58,0,0,NA,NA,NA,NA,NA
1383,14,2,480.051,973.485,13200.444,2,27,9.285,9.285,NA,9.285,0.031,112.38,NA
1384,14,3,480.051,973.485,13500.455,2,27,9.285,9.285,NA,0,0,0,-112.38
1385,14,4,477.525,974.495,13800.465,2,28,12.005,11.35,NA,2.72,0.009,158.199,158.199
1386,14,5,475,978.03,14100.475,2,56,16.35,15.689,NA,4.345,0.014,125.538,-32.661
1387,14,6,477.525,985.101,14400.485,2,35,23.858,21.092,NA,7.508,0.025,70.346,-55.192
1388,14,7,497.727,986.616,14700.495,2,34,44.117,25.916,NA,20.259,0.068,4.289,-66.057
1389,14,8,498.232,986.616,15000.505,2,26,44.622,26.195,NA,0.505,0.002,0,-4.289
1390,14,9,498.232,986.616,15300.515,2,39,44.622,26.195,NA,0,0,0,0
1391,14,10,498.232,997.222,15600.525,2,50,55.228,35.487,NA,10.606,0.035,90,90
1392,14,11,498.232,997.222,15900.535,2,30,55.228,35.487,NA,0,0,0,-90
1393,14,12,498.232,997.222,16200.545,2,25,55.228,35.487,NA,0,0,0,0
1394,14,13,492.172,995.707,16500.556,2,26,61.475,31.982,NA,6.247,0.021,-165.964,-165.964
1395,14,14,492.172,988.131,16800.566,2,68,69.051,24.768,NA,7.576,0.025,-90,75.964
1396,14,15,492.172,988.131,17100.576,2,34,69.051,24.768,NA,0,0,0,90
1397,14,16,492.172,988.131,17400.586,2,49,69.051,24.768,NA,0,0,0,0
1398,14,17,499.242,988.131,17700.596,2,113,76.121,28.016,NA,7.071,0.024,0,0
1399,14,18,503.788,997.727,18000.606,2,37,86.739,38.546,NA,10.618,0.035,64.654,64.654
1400,14,19,503.788,1002.778,18300.616,2,78,91.79,42.929,NA,5.051,0.017,90,25.346
1401,14,20,503.788,1002.778,18600.626,2,27,91.79,42.929,NA,0,0,0,-90
1402,14,21,503.788,1002.778,18900.636,2,57,91.79,42.929,NA,0,0,0,0
1403,14,22,507.828,1000.253,19200.646,2,27,96.554,42.867,NA,4.765,0.016,-32.005,-32.005
1404,14,23,507.828,1004.293,19500.657,2,54,100.595,46.256,NA,4.04,0.013,90,122.005
1405,14,24,507.828,1006.818,19800.667,2,83,103.12,48.424,NA,2.525,0.008,90,0
1406,14,25,507.323,1006.818,20100.677,2,120,103.625,48.173,NA,0.505,0.002,180,90
1407,14,26,504.293,1010.354,20400.687,2,44,108.281,49.949,NA,4.656,0.016,130.601,-49.399
1408,14,27,493.182,1018.434,20700.697,2,74,122.02,54.389,NA,13.739,0.046,143.973,13.371
1409,14,28,484.596,1019.949,21000.707,2,39,130.739,55.06,NA,8.719,0.029,169.992,26.019
1410,14,29,489.646,1020.96,21300.717,2,66,135.889,56.387,NA,5.151,0.017,11.31,-158.682
1411,14,30,489.646,1020.96,21600.727,2,54,135.889,56.387,NA,0,0,0,-11.31
1412,14,31,489.646,1020.96,21900.737,2,64,135.889,56.387,NA,0,0,0,0
1413,14,32,493.687,1020.96,22200.747,2,60,139.93,56.963,NA,4.04,0.013,0,0
1414,14,33,493.687,1026.515,22500.758,2,74,145.485,62.439,NA,5.556,0.019,90,90
1415,14,34,493.687,1026.515,22800.768,2,74,145.485,62.439,NA,0,0,0,-90
1416,14,35,493.687,1026.515,23100.778,2,38,145.485,62.439,NA,0,0,0,0
1417,14,36,493.687,1026.515,23400.788,2,93,145.485,62.439,NA,0,0,0,0
1418,14,37,497.222,1034.091,23700.798,2,63,153.845,70.523,NA,8.36,0.028,64.983,64.983
1419,14,38,507.323,1045.707,24000.808,2,32,169.239,84.222,NA,15.394,0.051,48.991,-15.992
1420,14,39,507.828,1046.212,24300.818,2,26,169.953,84.85,NA,0.714,0.002,45,-3.991
1421,14,40,507.828,1046.212,24600.828,2,37,169.953,84.85,NA,0,0,0,-45
1422,14,41,507.828,1041.667,24900.838,2,41,174.499,80.504,NA,4.545,0.015,-90,-90
1423,14,42,504.798,1039.646,25200.849,2,56,178.141,77.699,NA,3.642,0.012,-146.31,-56.31
1424,14,43,496.717,1039.646,25500.859,2,73,186.222,75.892,NA,8.081,0.027,180,-33.69
1425,14,44,485.606,1039.141,25800.869,2,49,197.344,74.27,NA,11.123,0.037,-177.397,2.603
1426,14,45,485.606,1040.152,26100.879,2,65,198.354,75.28,NA,1.01,0.003,90,-92.603
1427,14,46,485.606,1037.626,26400.889,2,86,200.88,72.755,NA,2.525,0.008,-90,-180
1428,14,47,467.424,1036.616,26700.899,2,27,219.089,73.516,NA,18.21,0.061,-176.82,-86.82
1429,14,48,467.424,1036.616,27000.909,2,67,219.089,73.516,NA,0,0,0,176.82
1430,14,49,467.424,1027.525,27300.919,2,43,228.18,64.678,NA,9.091,0.03,-90,-90
1431,14,50,459.343,1016.919,27600.929,2,56,241.514,57.392,NA,13.334,0.044,-127.304,-37.304
1432,14,51,446.717,1016.919,27900.939,2,44,254.14,63.761,NA,12.626,0.042,180,-52.696
1433,14,52,440.657,1013.889,28200.95,2,77,260.916,65.138,NA,6.776,0.023,-153.435,26.565
1434,14,53,440.657,1013.889,28500.96,2,31,260.916,65.138,NA,0,0,0,153.435
1435,14,54,440.657,1017.929,28800.97,2,96,264.957,68.229,NA,4.04,0.013,90,90
1436,14,55,428.535,1015.909,29100.98,2,39,277.245,75.051,NA,12.288,0.041,-170.538,99.462
1437,14,56,419.444,1007.828,29400.99,2,51,289.408,77.182,NA,12.163,0.041,-138.366,32.171
1438,14,57,414.394,1007.828,29701,2,36,294.459,81.428,NA,5.051,0.017,180,-41.634
1439,14,58,414.394,1007.828,30001.01,2,58,294.459,81.428,NA,0,0,0,-180
1440,14,59,413.889,1016.919,30301.02,2,154,303.564,86.97,NA,9.105,0.03,93.18,93.18
1441,14,60,411.364,1021.465,30601.03,2,119,308.764,91.737,NA,5.2,0.017,119.055,25.875
1442,14,61,411.364,1034.091,30901.04,2,100,321.39,100.018,NA,12.626,0.042,90,-29.055
1443,14,62,395.707,1044.192,31201.051,2,32,340.022,118.364,NA,18.632,0.062,147.171,57.171
1444,14,63,385.606,1044.192,31501.061,2,47,350.123,126.045,NA,10.101,0.034,180,32.829
1445,14,64,394.192,1045.202,31801.071,2,50,358.768,120.166,NA,8.645,0.029,6.71,-173.29
1446,14,65,394.192,1058.333,32101.081,2,30,371.899,129.311,NA,13.131,0.044,90,83.29
1447,14,66,386.111,1064.899,32401.091,2,53,382.311,139.647,NA,10.412,0.035,140.906,50.906
1448,14,67,385.606,1079.04,32701.101,2,23,396.462,150.427,NA,14.15,0.047,92.045,-48.861
1449,14,68,385.606,1086.616,33001.111,2,38,404.037,156.253,NA,7.576,0.025,90,-2.045
1450,14,69,385.606,1100.758,33301.121,2,61,418.179,167.504,NA,14.141,0.047,90,0
1451,14,70,373.485,1100.758,33601.131,2,69,430.3,174.871,NA,12.121,0.04,180,90
1452,14,71,359.343,1103.283,33901.141,2,59,444.665,185.974,NA,14.365,0.048,169.875,-10.125
1453,14,72,344.697,1100.253,34201.152,2,10,459.622,193.935,NA,14.957,0.05,-168.311,21.814
1454,14,73,337.121,1101.768,34501.162,2,61,467.348,200.462,NA,7.726,0.026,168.69,-22.999
1455,14,74,336.616,1109.343,34801.172,2,32,474.94,206.069,NA,7.593,0.025,93.814,-74.876
1456,14,75,335.101,1095.202,35101.182,2,62,489.163,197.552,NA,14.222,0.047,-96.116,170.07
1457,14,76,335.101,1093.182,35401.192,2,42,491.183,196.225,NA,2.02,0.007,-90,6.116
1458,14,77,335.101,1078.03,35701.202,2,32,506.334,186.672,NA,15.152,0.051,-90,0
1459,14,78,340.152,1081.566,36001.212,2,53,512.499,184.891,NA,6.165,0.021,34.992,124.992
1460,14,79,335.101,1094.697,36301.222,2,63,526.568,197.219,NA,14.069,0.047,111.038,76.045
1461,14,80,330.556,1095.202,36601.232,2,23,531.142,200.99,NA,4.573,0.015,173.66,62.622
1462,14,81,330.556,1104.293,36901.242,2,39,540.233,207,NA,9.091,0.03,90,-83.66
1463,14,82,332.576,1103.283,37201.253,2,54,542.491,204.827,NA,2.259,0.008,-26.565,-116.565
1464,14,83,330.051,1104.293,37501.263,2,82,545.211,207.374,NA,2.72,0.009,158.199,-175.236
1465,15,1,503.788,913.636,20100.677,2,49,0,0,NA,NA,NA,NA,NA
1466,15,2,496.97,913.636,20400.687,2,35,6.818,6.818,NA,6.818,0.023,180,NA
1467,15,3,496.97,912.121,20700.697,2,86,8.333,6.985,NA,1.515,0.005,-90,90
1468,15,4,494.697,910.606,21000.707,2,48,11.065,9.583,NA,2.731,0.009,-146.31,-56.31
1469,15,5,494.697,910.606,21300.717,2,58,11.065,9.583,NA,0,0,0,146.31
1470,15,6,489.394,913.636,21600.727,2,76,17.173,14.394,NA,6.108,0.02,150.255,150.255
1471,15,7,489.394,913.636,21900.737,2,79,17.173,14.394,NA,0,0,0,-150.255
1472,15,8,489.394,913.636,22200.747,2,89,17.173,14.394,NA,0,0,0,0
1473,15,9,487.121,925,22500.758,2,49,28.761,20.172,NA,11.589,0.039,101.31,101.31
1474,15,10,487.121,925,22800.768,2,74,28.761,20.172,NA,0,0,0,-101.31
1475,15,11,487.121,930.303,23100.778,2,50,34.064,23.57,NA,5.303,0.018,90,90
1476,15,12,488.636,931.061,23400.788,2,97,35.758,23.091,NA,1.694,0.006,26.565,-63.435
1477,15,13,488.636,936.364,23700.798,2,70,41.061,27.315,NA,5.303,0.018,90,63.435
1478,15,14,488.636,936.364,24000.808,2,82,41.061,27.315,NA,0,0,0,-90
1479,15,15,488.636,936.364,24300.818,2,63,41.061,27.315,NA,0,0,0,0
1480,15,16,484.848,944.697,24600.828,2,49,50.215,36.379,NA,9.154,0.031,114.444,114.444
1481,15,17,484.848,957.576,24900.838,2,29,63.094,47.847,NA,12.879,0.043,90,-24.444
1482,15,18,480.303,957.576,25200.849,2,57,67.639,49.822,NA,4.545,0.015,180,90
1483,15,19,475,963.889,25500.859,2,40,75.884,57.914,NA,8.245,0.027,130.03,-49.97
1484,15,20,474.495,964.394,25800.869,2,40,76.598,58.604,NA,0.714,0.002,135,4.97
1485,15,21,473.99,969.444,26100.879,2,81,81.674,63.265,NA,5.076,0.017,95.711,-39.289
1486,15,22,473.99,980.051,26400.889,2,75,92.28,72.793,NA,10.606,0.035,90,-5.711
1487,15,23,470.96,980.051,26700.899,2,56,95.311,74.085,NA,3.03,0.01,180,90
1488,15,24,470.96,984.091,27000.909,2,39,99.351,77.727,NA,4.04,0.013,90,-90
1489,15,25,463.889,979.545,27300.919,2,103,107.757,77.045,NA,8.406,0.028,-147.265,122.735
1490,15,26,465.404,976.515,27600.929,2,60,111.145,73.669,NA,3.388,0.011,-63.435,83.83
1491,15,27,469.444,978.535,27900.939,2,50,115.662,73.426,NA,4.517,0.015,26.565,90
1492,15,28,469.444,979.04,28200.95,2,75,116.167,73.873,NA,0.505,0.002,90,63.435
1493,15,29,470.455,974.495,28500.96,2,58,120.823,69.389,NA,4.656,0.016,-77.471,-167.471
1494,15,30,472.475,974.495,28800.97,2,62,122.844,68.442,NA,2.02,0.007,0,77.471
1495,15,31,459.848,973.485,29100.98,2,59,135.51,74.246,NA,12.667,0.042,-175.426,-175.426
1496,15,32,459.343,973.485,29400.99,2,76,136.015,74.546,NA,0.505,0.002,180,-4.574
1497,15,33,459.343,973.485,29701,2,65,136.015,74.546,NA,0,0,0,-180
1498,15,34,459.343,973.485,30001.01,2,39,136.015,74.546,NA,0,0,0,0
1499,15,35,450.253,977.02,30301.02,2,71,145.769,82.967,NA,9.754,0.033,158.749,158.749
1500,15,36,440.657,977.02,30601.03,2,90,155.365,89.46,NA,9.596,0.032,180,21.251
1501,15,37,440.657,977.02,30901.04,2,66,155.365,89.46,NA,0,0,0,-180
1502,15,38,429.04,986.111,31201.051,2,38,170.116,104.114,NA,14.751,0.049,141.953,141.953
1503,15,39,418.434,986.111,31501.061,2,57,180.722,111.972,NA,10.606,0.035,180,38.047
1504,15,40,416.414,986.616,31801.071,2,107,182.804,113.843,NA,2.082,0.007,165.964,-14.036
1505,15,41,416.414,986.616,32101.081,2,67,182.804,113.843,NA,0,0,0,-165.964
1506,15,42,416.414,986.616,32401.091,2,98,182.804,113.843,NA,0,0,0,0
1507,15,43,416.414,986.616,32701.101,2,79,182.804,113.843,NA,0,0,0,0
1508,15,44,416.414,986.616,33001.111,2,75,182.804,113.843,NA,0,0,0,0
1509,15,45,409.848,987.626,33301.121,2,125,189.447,119.579,NA,6.643,0.022,171.254,171.254
1510,15,46,404.798,1005.303,33601.131,2,55,207.831,134.914,NA,18.384,0.061,105.945,-65.308
1511,15,47,397.727,1014.394,33901.141,2,50,219.348,146.291,NA,11.517,0.038,127.875,21.93
1512,15,48,391.667,1011.364,34201.152,2,94,226.124,148.734,NA,6.776,0.023,-153.435,78.69
1513,15,49,387.121,998.737,34501.162,2,61,239.544,144.407,NA,13.42,0.045,-109.799,43.636
1514,15,50,380.556,983.081,34801.172,2,70,256.521,141.452,NA,16.978,0.057,-112.751,-2.952
1515,15,51,364.899,970.455,35101.182,2,64,276.635,150.061,NA,20.113,0.067,-141.116,-28.365
1516,15,52,363.384,955.303,35401.192,2,52,291.862,146.456,NA,15.227,0.051,-95.711,45.405
1517,15,53,372.98,948.232,35701.202,2,83,303.781,135.306,NA,11.92,0.04,-36.384,59.326
1518,15,54,372.98,941.667,36001.212,2,69,310.347,133.778,NA,6.566,0.022,-90,-53.616
1519,15,55,372.98,951.768,36301.222,2,53,320.448,136.253,NA,10.101,0.034,90,180
1520,15,56,372.98,951.768,36601.232,2,111,320.448,136.253,NA,0,0,0,-90
1521,15,57,375.505,942.172,36901.242,2,69,330.371,131.418,NA,9.923,0.033,-75.256,-75.256
1522,15,58,358.838,932.071,37201.253,2,102,349.859,146.117,NA,19.489,0.065,-148.782,-73.525
1523,15,59,349.242,921.97,37501.263,2,78,363.792,154.77,NA,13.932,0.046,-133.531,15.25
1524,15,60,336.616,921.465,37801.273,2,111,376.428,167.355,NA,12.636,0.042,-177.709,-44.178
1525,15,61,336.616,921.465,38101.283,2,42,376.428,167.355,NA,0,0,0,177.709
1526,15,62,331.566,921.465,38401.293,2,180,381.479,172.4,NA,5.051,0.017,180,180
1527,15,63,329.04,921.465,38701.303,2,80,384.004,174.923,NA,2.525,0.008,180,0
1528,15,64,329.04,930.556,39001.313,2,103,393.095,175.565,NA,9.091,0.03,90,-90
1529,15,65,329.04,930.556,39301.323,2,72,393.095,175.565,NA,0,0,0,-90
1530,15,66,325.505,930.556,39601.333,2,78,396.63,179.084,NA,3.535,0.012,180,180
1531,15,67,325.505,916.414,39901.343,2,89,410.772,178.304,NA,14.141,0.047,-90,90
1532,15,68,325.505,922.475,40201.354,2,20,416.832,178.502,NA,6.061,0.02,90,180
1533,15,69,325.505,922.475,40501.364,2,56,416.832,178.502,NA,0,0,0,-90
1534,15,70,325.505,935.606,40801.374,2,77,429.964,179.631,NA,13.131,0.044,90,90
1535,15,71,313.889,935.606,41101.384,2,115,441.58,191.166,NA,11.616,0.039,180,90
1536,15,72,313.889,951.768,41401.394,2,97,457.741,193.69,NA,16.162,0.054,90,-90
1537,15,73,309.343,952.273,41701.404,2,80,462.315,198.246,NA,4.573,0.015,173.66,83.66
1538,15,74,309.343,952.273,42001.414,2,63,462.315,198.246,NA,0,0,0,-173.66
1539,15,75,309.343,956.818,42301.424,2,55,466.86,199.182,NA,4.545,0.015,90,90
1540,15,76,309.343,956.818,42601.434,2,83,466.86,199.182,NA,0,0,0,-90
1541,15,77,307.323,969.949,42901.444,2,104,480.146,204.376,NA,13.286,0.044,98.746,98.746
1542,15,78,302.778,967.929,43201.455,2,142,485.12,208.213,NA,4.974,0.017,-156.038,105.216
1543,15,79,297.222,967.929,43501.465,2,102,490.676,213.582,NA,5.556,0.019,180,-23.962
1544,15,80,297.222,967.424,43801.475,2,151,491.181,213.454,NA,0.505,0.002,-90,90
1545,15,81,297.222,967.424,44101.485,2,89,491.181,213.454,NA,0,0,0,90
1546,15,82,293.687,962.879,44401.495,2,105,496.939,215.794,NA,5.758,0.019,-127.875,-127.875
1547,15,83,293.687,962.879,44701.505,2,99,496.939,215.794,NA,0,0,0,127.875
1548,15,84,287.121,952.273,45001.515,2,79,509.413,220.085,NA,12.474,0.042,-121.759,-121.759
1549,15,85,281.566,935.101,45301.525,2,42,527.461,223.256,NA,18.048,0.06,-107.928,13.832
1550,15,86,286.111,938.131,45601.535,2,89,532.924,219.051,NA,5.463,0.018,33.69,141.618
1551,15,87,286.111,938.131,45901.546,2,63,532.924,219.051,NA,0,0,0,-33.69
1552,15,88,286.111,938.131,46201.556,2,76,532.924,219.051,NA,0,0,0,0
1553,15,89,286.111,938.131,46501.566,2,106,532.924,219.051,NA,0,0,0,0
1554,15,90,291.667,945.202,46801.576,2,55,541.916,214.457,NA,8.992,0.03,51.843,51.843
1555,15,91,291.667,945.202,47101.586,2,43,541.916,214.457,NA,0,0,0,-51.843
1556,15,92,291.667,945.202,47401.596,2,46,541.916,214.457,NA,0,0,0,0
1557,15,93,294.192,938.636,47701.606,2,48,548.951,211.082,NA,7.035,0.023,-68.962,-68.962
1558,15,94,294.192,938.636,48001.616,2,31,548.951,211.082,NA,0,0,0,68.962
1559,15,95,294.192,938.636,48301.626,2,143,548.951,211.082,NA,0,0,0,0
1560,15,96,294.192,938.636,48601.636,2,100,548.951,211.082,NA,0,0,0,0
1561,15,97,294.192,938.636,48901.647,2,60,548.951,211.082,NA,0,0,0,0
1562,15,98,294.192,932.071,49201.657,2,108,555.516,210.405,NA,6.566,0.022,-90,-90
1563,15,99,292.677,927.02,49501.667,2,83,560.789,211.535,NA,5.273,0.018,-106.699,-16.699
1564,15,100,292.677,927.02,49801.677,2,47,560.789,211.535,NA,0,0,0,106.699
1565,15,101,299.242,922.98,50101.687,2,41,568.499,204.759,NA,7.709,0.026,-31.608,-31.608
1566,15,102,318.434,922.98,50401.697,2,74,587.691,185.589,NA,19.192,0.064,0,31.608
1567,15,103,328.03,916.919,50701.707,2,102,599.04,175.788,NA,11.35,0.038,-32.276,-32.276
1568,15,104,330.556,920.96,51001.717,2,143,603.805,173.387,NA,4.765,0.016,57.995,90.27
1569,15,105,344.697,935.101,51301.727,2,66,623.804,160.532,NA,19.999,0.067,45,-12.995
1570,15,106,344.697,935.101,51601.737,2,91,623.804,160.532,NA,0,0,0,-45
1571,15,107,347.222,952.273,51901.748,2,70,641.16,161.262,NA,17.356,0.058,81.634,81.634
1572,15,108,357.323,952.273,52201.758,2,69,651.261,151.475,NA,10.101,0.034,0,-81.634
1573,15,109,357.323,953.283,52501.768,2,55,652.271,151.736,NA,1.01,0.003,90,90
1574,15,110,357.323,963.889,52801.778,2,42,662.877,154.846,NA,10.606,0.035,90,0
1575,15,111,355.808,936.111,53101.788,2,20,690.696,149.677,NA,27.819,0.093,-93.122,176.878
1576,15,112,361.364,937.626,53401.798,2,56,696.455,144.431,NA,5.758,0.019,15.255,108.377
1577,15,113,361.364,946.212,53701.808,2,19,705.041,146.102,NA,8.586,0.029,90,74.745
1578,15,114,361.364,956.313,54001.818,2,74,715.142,148.681,NA,10.101,0.034,90,0
1579,15,115,366.919,971.97,54301.828,2,36,731.755,148.781,NA,16.613,0.055,70.463,-19.537
1580,15,116,366.919,971.97,54601.838,2,45,731.755,148.781,NA,0,0,0,-70.463
1581,15,117,352.273,961.364,54901.849,2,137,749.838,158.854,NA,18.083,0.06,-144.09,-144.09
1582,15,118,352.273,967.929,55201.859,2,24,756.404,160.949,NA,6.566,0.022,90,-125.91
1583,15,119,346.212,971.465,55501.869,2,41,763.42,167.852,NA,7.016,0.023,149.744,59.744
1584,15,120,346.212,999.242,55801.879,2,98,791.198,179.328,NA,27.778,0.093,90,-59.744
1585,15,121,334.596,999.242,56101.889,2,49,802.814,189.616,NA,11.616,0.039,180,90
1586,15,122,334.091,1004.293,56401.899,2,81,807.89,192.395,NA,5.076,0.017,95.711,-84.289
1587,15,123,328.03,1021.97,56701.909,2,124,826.577,206.463,NA,18.687,0.062,108.925,13.214
1588,15,124,341.162,1030.556,57001.919,2,62,842.266,200.293,NA,15.689,0.052,33.179,-75.746
1589,15,125,358.838,1084.596,57301.929,2,62,899.124,224.137,NA,56.858,0.19,71.887,38.708
1590,15,126,342.172,1089.646,57601.939,2,99,916.539,238.955,NA,17.415,0.058,163.142,91.255
1591,15,127,331.061,1090.657,57901.95,2,114,927.696,247.327,NA,11.157,0.037,174.806,11.664
1592,15,128,327.02,1100.758,58201.96,2,89,938.575,257.412,NA,10.879,0.036,111.801,-63.004
1593,15,129,323.99,1134.091,58501.97,2,71,972.046,284.478,NA,33.471,0.112,95.194,-16.607
1594,15,130,309.848,1159.848,58801.98,2,65,1001.43,313.421,NA,29.384,0.098,118.768,23.573
1595,16,1,600.253,785.606,35101.182,2,93,0,0,NA,NA,NA,NA,NA
1596,16,2,610.859,781.061,35401.192,2,47,11.539,11.539,NA,11.539,0.038,-23.199,NA
1597,16,3,612.879,773.485,35701.202,2,106,19.38,17.503,NA,7.84,0.026,-75.069,-51.87
1598,16,4,614.394,762.879,36001.212,2,87,30.093,26.768,NA,10.714,0.036,-81.87,-6.801
1599,16,5,615.909,760.859,36301.222,2,108,32.619,29.284,NA,2.525,0.008,-53.13,28.74
1600,16,6,615.909,755.808,36601.232,2,103,37.669,33.661,NA,5.051,0.017,-90,-36.87
1601,16,7,615.909,756.313,36901.242,2,89,38.174,33.215,NA,0.505,0.002,90,180
1602,16,8,615.909,750.253,37201.253,2,49,44.235,38.665,NA,6.061,0.02,-90,-180
1603,16,9,616.414,748.737,37501.263,2,120,45.832,40.255,NA,1.597,0.005,-71.565,18.435
1604,16,10,617.424,742.172,37801.273,2,53,52.475,46.706,NA,6.643,0.022,-81.254,-9.689
1605,16,11,626.01,741.667,38101.283,2,56,61.075,50.933,NA,8.601,0.029,-3.366,77.887
1606,16,12,630.556,738.636,38401.293,2,51,66.538,55.897,NA,5.463,0.018,-33.69,-30.324
1607,16,13,630.051,728.535,38701.303,2,72,76.652,64.382,NA,10.114,0.034,-92.862,-59.172
1608,16,14,621.465,727.02,39001.313,2,59,85.371,62.308,NA,8.719,0.029,-169.992,-77.13
1609,16,15,621.465,727.02,39301.323,2,55,85.371,62.308,NA,0,0,0,169.992
1610,16,16,619.444,714.394,39601.333,2,43,98.157,73.753,NA,12.787,0.043,-99.09,-99.09
1611,16,17,614.394,695.202,39901.343,2,95,118.003,91.503,NA,19.845,0.066,-104.744,-5.653
1612,16,18,605.303,687.121,40201.354,2,97,130.166,98.614,NA,12.163,0.041,-138.366,-33.623
1613,16,19,605.303,687.121,40501.364,2,2,130.166,98.614,NA,0,0,0,138.366
1614,16,20,597.727,664.899,40801.374,2,76,153.644,120.733,NA,23.478,0.078,-108.825,-108.825
1615,16,21,591.162,655.303,41101.384,2,40,165.271,130.62,NA,11.627,0.039,-124.38,-15.556
1616,16,22,581.566,655.808,41401.394,2,100,174.88,131.136,NA,9.609,0.032,176.987,-58.632
1617,16,23,581.061,661.869,41701.404,2,97,180.962,125.217,NA,6.082,0.02,94.764,-82.224
1618,16,24,581.061,652.273,42001.414,2,87,190.558,134.707,NA,9.596,0.032,-90,175.236
1619,16,25,583.586,651.263,42301.424,2,51,193.278,135.373,NA,2.72,0.009,-21.801,68.199
1620,16,26,583.586,638.636,42601.434,2,18,205.904,147.912,NA,12.626,0.042,-90,-68.199
1621,16,27,595.202,627.525,42901.444,2,53,221.979,158.161,NA,16.075,0.054,-43.727,46.273
1622,16,28,595.202,616.414,43201.455,2,98,233.09,169.267,NA,11.111,0.037,-90,-46.273
1623,16,29,602.273,636.111,43501.465,2,65,254.017,149.509,NA,20.928,0.07,70.253,160.253
1624,16,30,592.677,636.111,43801.475,2,48,263.613,149.687,NA,9.596,0.032,180,109.747
1625,16,31,585.606,621.465,44101.485,2,81,279.877,164.794,NA,16.264,0.054,-115.769,64.231
1626,16,32,581.061,616.414,44401.495,2,131,286.672,170.277,NA,6.795,0.023,-131.987,-16.218
1627,16,33,572.98,616.919,44701.505,2,72,294.768,170.877,NA,8.097,0.027,176.424,-51.589
1628,16,34,568.434,613.384,45001.515,2,116,300.527,175.137,NA,5.758,0.019,-142.125,41.451
1629,16,35,568.434,616.919,45301.525,2,117,304.062,171.661,NA,3.535,0.012,90,-127.875
1630,16,36,569.949,616.414,45601.535,2,119,305.659,171.884,NA,1.597,0.005,-18.435,-108.435
1631,16,37,569.949,619.949,45901.546,2,97,309.195,168.405,NA,3.535,0.012,90,108.435
1632,16,38,580.051,622.475,46201.556,2,69,319.607,164.377,NA,10.412,0.035,14.036,-75.964
1633,16,39,584.596,622.475,46501.566,2,79,324.152,163.881,NA,4.545,0.015,0,-14.036
1634,16,40,584.596,622.475,46801.576,2,45,324.152,163.881,NA,0,0,0,0
1635,16,41,590.152,613.889,47101.586,2,93,334.379,172.014,NA,10.226,0.034,-57.095,-57.095
1636,16,42,590.657,613.889,47401.596,2,92,334.884,171.985,NA,0.505,0.002,0,57.095
1637,16,43,592.677,617.424,47701.606,2,103,338.955,168.352,NA,4.072,0.014,60.255,60.255
1638,16,44,595.202,616.414,48001.616,2,69,341.675,169.267,NA,2.72,0.009,-21.801,-82.057
1639,16,45,595.202,608.333,48301.626,2,92,349.756,177.345,NA,8.081,0.027,-90,-68.199
1640,16,46,595.707,607.323,48601.636,2,112,350.885,178.341,NA,1.129,0.004,-63.435,26.565
1641,16,47,595.707,607.323,48901.647,2,49,350.885,178.341,NA,0,0,0,63.435
1642,16,48,595.707,607.323,49201.657,2,104,350.885,178.341,NA,0,0,0,0
1643,16,49,596.212,601.263,49501.667,2,102,356.967,184.388,NA,6.082,0.02,-85.236,-85.236
1644,16,50,596.212,601.263,49801.677,2,84,356.967,184.388,NA,0,0,0,85.236
1645,16,51,598.232,589.646,50101.687,2,67,368.758,195.97,NA,11.791,0.039,-80.134,-80.134
1646,16,52,594.697,589.646,50401.697,2,49,372.293,196.038,NA,3.535,0.012,180,-99.866
1647,16,53,594.697,600.253,50701.707,2,84,382.899,185.437,NA,10.606,0.035,90,-90
1648,16,54,591.667,612.879,51001.717,2,74,395.884,172.941,NA,12.985,0.043,103.496,13.496
1649,16,55,591.162,626.01,51301.727,2,165,409.025,159.855,NA,13.141,0.044,92.203,-11.293
1650,16,56,597.727,638.636,51601.737,2,58,423.256,146.991,NA,14.231,0.047,62.526,-29.677
1651,16,57,598.232,638.636,51901.748,2,109,423.761,146.984,NA,0.505,0.002,0,-62.526
1652,16,58,606.313,634.091,52201.758,2,93,433.033,151.636,NA,9.271,0.031,-29.358,-29.358
1653,16,59,606.313,634.091,52501.768,2,75,433.033,151.636,NA,0,0,0,29.358
1654,16,60,595.707,634.091,52801.778,2,77,443.639,151.583,NA,10.606,0.035,180,180
1655,16,61,584.091,646.212,53101.788,2,100,460.427,140.328,NA,16.789,0.056,133.781,-46.219
1656,16,62,579.545,646.212,53401.798,2,90,464.973,140.924,NA,4.545,0.015,180,46.219
1657,16,63,572.98,646.212,53701.808,2,53,471.538,142.037,NA,6.566,0.022,180,0
1658,16,64,572.98,671.465,54001.818,2,64,496.791,117.354,NA,25.253,0.084,90,-90
1659,16,65,572.98,671.465,54301.828,2,139,496.791,117.354,NA,0,0,0,-90
1660,16,66,572.98,671.465,54601.838,2,57,496.791,117.354,NA,0,0,0,0
1661,16,67,588.131,681.566,54901.849,2,107,515.001,104.744,NA,18.21,0.061,33.69,33.69
1662,16,68,596.717,699.747,55201.859,2,80,535.108,85.931,NA,20.107,0.067,64.722,31.032
1663,16,69,598.232,701.263,55501.869,2,60,537.251,84.368,NA,2.143,0.007,45,-19.722
1664,16,70,598.232,698.737,55801.879,2,43,539.776,86.892,NA,2.525,0.008,-90,-135
1665,16,71,575.505,698.737,56101.889,2,59,562.503,90.325,NA,22.727,0.076,180,-90
1666,16,72,567.929,696.717,56401.899,2,63,570.344,94.583,NA,7.84,0.026,-165.069,14.931
1667,16,73,564.394,690.657,56701.909,2,111,577.36,101.495,NA,7.016,0.023,-120.256,44.812
1668,16,74,539.646,677.02,57001.919,2,67,605.616,124.354,NA,28.256,0.094,-151.144,-30.888
1669,16,75,539.141,676.515,57301.929,2,140,606.33,125.042,NA,0.714,0.002,-135,16.144
1670,16,76,536.111,660.354,57601.939,2,130,622.773,140.721,NA,16.443,0.055,-100.62,34.38
1671,16,77,536.111,645.202,57901.95,2,53,637.925,154.361,NA,15.152,0.051,-90,10.62
1672,16,78,536.111,645.202,58201.96,2,60,637.925,154.361,NA,0,0,0,90
1673,16,79,536.111,665.404,58501.97,2,166,658.127,136.245,NA,20.202,0.067,90,90
1674,16,80,543.687,670.455,58801.98,2,88,667.232,128.295,NA,9.105,0.03,33.69,-56.31
1675,16,81,536.616,672.475,59101.99,2,48,674.585,129.801,NA,7.354,0.025,164.055,130.365
1676,16,82,530.556,681.061,59402,2,128,685.095,125.648,NA,10.509,0.035,125.218,-38.837
1677,16,83,530.556,681.061,59702.01,2,72,685.095,125.648,NA,0,0,0,-125.218
1678,16,84,530.556,681.061,60002.02,2,86,685.095,125.648,NA,0,0,0,0
1679,16,85,546.212,681.061,60302.03,2,86,700.751,117.687,NA,15.657,0.052,0,0
1680,16,86,546.717,681.061,60602.04,2,108,701.257,117.455,NA,0.505,0.002,0,0
1681,16,87,544.192,678.03,60902.051,2,117,705.201,121.307,NA,3.945,0.013,-129.806,-129.806
1682,16,88,544.192,678.03,61202.061,2,122,705.201,121.307,NA,0,0,0,129.806
1683,16,89,544.192,678.03,61502.071,2,115,705.201,121.307,NA,0,0,0,0
1684,16,90,544.192,678.03,61802.081,2,78,705.201,121.307,NA,0,0,0,0
1685,16,91,533.081,686.111,62102.091,2,47,718.94,120.047,NA,13.739,0.046,143.973,143.973
1686,16,92,539.646,687.121,62402.101,2,154,725.583,115.639,NA,6.643,0.022,8.746,-135.226
1687,16,93,538.131,687.626,62702.111,2,69,727.18,116.013,NA,1.597,0.005,161.565,152.819
1688,16,94,526.01,693.687,63002.121,2,103,740.732,118.157,NA,13.552,0.045,153.435,-8.13
1689,16,95,514.899,709.848,63302.131,2,110,760.344,114.125,NA,19.613,0.065,124.509,-28.926
1690,16,96,511.869,709.848,63602.141,2,70,763.375,116.408,NA,3.03,0.01,180,55.491
1691,16,97,511.869,719.949,63902.152,2,92,773.476,110.102,NA,10.101,0.034,90,-90
1692,16,98,506.313,735.101,64202.162,2,81,789.614,106.655,NA,16.138,0.054,110.136,20.136
1693,16,99,497.222,745.707,64502.172,2,37,803.583,110.486,NA,13.969,0.047,130.601,20.465
1694,16,100,495.202,744.697,64802.182,2,42,805.841,112.735,NA,2.259,0.008,-153.435,75.964
1695,16,101,495.707,740.657,65102.192,2,52,809.913,113.799,NA,4.072,0.014,-82.875,70.56
1696,16,102,489.646,740.657,65402.202,2,41,815.974,119.391,NA,6.061,0.02,180,-97.125
1697,16,103,489.646,740.657,65702.212,2,44,815.974,119.391,NA,0,0,0,-180
1698,16,104,487.626,744.192,66002.222,2,42,820.046,119.999,NA,4.072,0.014,119.745,119.745
1699,16,105,487.626,736.616,66302.232,2,33,827.621,122.82,NA,7.576,0.025,-90,150.255
1700,16,106,478.535,736.616,66602.242,2,42,836.712,131.206,NA,9.091,0.03,180,-90
1701,16,107,478.535,736.616,66902.253,2,31,836.712,131.206,NA,0,0,0,-180
1702,16,108,487.626,738.131,67202.263,2,29,845.929,122.223,NA,9.216,0.031,9.462,9.462
1703,16,109,477.02,739.646,67502.273,2,83,856.642,131.524,NA,10.714,0.036,171.87,162.408
1704,16,110,477.02,744.192,67802.283,2,37,861.188,130.005,NA,4.545,0.015,90,-81.87
1705,16,111,470.455,738.636,68102.293,2,42,869.789,138.035,NA,8.601,0.029,-139.764,130.236
1706,16,112,462.879,734.596,68402.303,2,49,878.374,146.539,NA,8.586,0.029,-151.928,-12.164
1707,16,113,462.879,734.596,68702.313,2,52,878.374,146.539,NA,0,0,0,151.928
1708,16,114,471.97,734.596,69002.323,2,13,887.465,138.053,NA,9.091,0.03,0,0
1709,16,115,471.97,742.172,69302.333,2,42,895.041,135.436,NA,7.576,0.025,90,90
1710,16,116,472.98,750.253,69602.344,2,57,903.185,132.092,NA,8.144,0.027,82.875,-7.125
1711,16,117,472.98,750.253,69902.354,2,24,903.185,132.092,NA,0,0,0,-82.875
1712,16,118,472.98,738.636,70202.364,2,29,914.801,135.663,NA,11.616,0.039,-90,-90
1713,16,119,478.535,746.717,70502.374,2,52,924.607,127.779,NA,9.806,0.033,55.491,145.491
1714,16,120,478.03,747.727,70802.384,2,2,925.737,127.957,NA,1.129,0.004,116.565,61.074
1715,16,121,472.98,765.404,71102.394,2,68,944.121,128.866,NA,18.384,0.061,105.945,-10.62
1716,16,122,472.98,764.899,71402.404,2,38,944.626,128.946,NA,0.505,0.002,-90,164.055
1717,16,123,466.414,769.949,71702.414,2,47,952.909,134.751,NA,8.283,0.028,142.431,-127.569
1718,16,125,466.414,795.202,72002.424,2,101,978.162,134.182,NA,25.253,0.084,90,-52.431
1719,17,1,1043.182,863.384,23700.798,2,76,0,0,NA,NA,NA,NA,NA
1720,17,2,1046.717,863.384,24000.808,2,32,3.535,3.535,NA,3.535,0.012,0,NA
1721,17,3,1046.717,863.384,24300.818,2,73,3.535,3.535,NA,0,0,0,0
1722,17,4,1046.717,863.384,24600.828,2,63,3.535,3.535,NA,0,0,0,0
1723,17,5,1047.222,863.384,24900.838,2,53,4.04,4.04,NA,0.505,0.002,0,0
1724,17,6,1053.788,868.939,25200.849,2,61,12.641,11.973,NA,8.601,0.029,40.236,40.236
1725,17,7,1054.798,868.939,25500.859,2,71,13.651,12.876,NA,1.01,0.003,0,-40.236
1726,17,8,1055.303,873.485,25800.869,2,64,18.225,15.778,NA,4.573,0.015,83.66,83.66
1727,17,9,1055.303,879.545,26100.879,2,37,24.285,20.202,NA,6.061,0.02,90,6.34
1728,17,10,1060.859,879.545,26400.889,2,53,29.841,23.951,NA,5.556,0.019,0,-90
1729,17,11,1066.414,880.051,26700.899,2,94,35.419,28.592,NA,5.578,0.019,5.194,5.194
1730,17,12,1066.414,878.03,27000.909,2,85,37.439,27.464,NA,2.02,0.007,-90,-95.194
1731,17,13,1066.414,878.03,27300.919,2,94,37.439,27.464,NA,0,0,0,90
1732,17,14,1066.414,875,27600.929,2,80,40.47,25.975,NA,3.03,0.01,-90,-90
1733,17,15,1066.414,870.455,27900.939,2,81,45.015,24.284,NA,4.545,0.015,-90,0
1734,17,16,1066.414,870.455,28200.95,2,33,45.015,24.284,NA,0,0,0,90
1735,17,17,1066.919,870.455,28500.96,2,64,45.52,24.768,NA,0.505,0.002,0,0
1736,17,18,1073.99,873.99,28800.97,2,53,53.426,32.583,NA,7.905,0.026,26.565,26.565
1737,17,19,1073.99,873.99,29100.98,2,57,53.426,32.583,NA,0,0,0,-26.565
1738,17,20,1075.505,873.99,29400.99,2,43,54.941,34.019,NA,1.515,0.005,0,0
1739,17,21,1076.01,870.455,29701,2,68,58.512,33.581,NA,3.571,0.012,-81.87,-81.87
1740,17,22,1076.01,870.455,30001.01,2,60,58.512,33.581,NA,0,0,0,81.87
1741,17,23,1079.545,870.455,30301.02,2,59,62.047,37.045,NA,3.535,0.012,0,0
1742,17,24,1081.566,869.444,30601.03,2,57,64.306,38.859,NA,2.259,0.008,-26.565,-26.565
1743,17,25,1082.071,871.97,30901.04,2,100,66.881,39.825,NA,2.575,0.009,78.69,105.255
1744,17,26,1082.071,871.97,31201.051,2,65,66.881,39.825,NA,0,0,0,-78.69
1745,17,27,1082.071,871.97,31501.061,2,14,66.881,39.825,NA,0,0,0,0
1746,17,28,1105.303,871.97,31801.071,2,48,90.114,62.712,NA,23.232,0.077,0,0
1747,17,29,1105.303,869.444,32101.081,2,100,92.639,62.416,NA,2.525,0.008,-90,-90
1748,17,30,1105.303,869.444,32401.091,2,35,92.639,62.416,NA,0,0,0,90
1749,17,31,1101.263,869.444,32701.101,2,149,96.679,58.396,NA,4.04,0.013,180,180
1750,17,32,1101.263,869.444,33001.111,2,69,96.679,58.396,NA,0,0,0,-180
1751,17,33,1104.293,863.889,33301.121,2,31,103.007,61.113,NA,6.328,0.021,-61.39,-61.39
1752,17,34,1137.121,862.374,33601.131,2,65,135.871,93.945,NA,32.863,0.11,-2.643,58.747
1753,17,35,1145.707,862.374,33901.141,2,124,144.457,102.53,NA,8.586,0.029,0,2.643
1754,17,36,1156.818,859.848,34201.152,2,152,155.851,113.691,NA,11.394,0.038,-12.804,-12.804
1755,17,37,1156.818,859.848,34501.162,2,213,155.851,113.691,NA,0,0,0,12.804
1756,17,38,1165.909,857.323,34801.172,2,121,165.286,122.877,NA,9.435,0.031,-15.524,-15.524
1757,17,39,1176.515,853.788,35101.182,2,118,176.466,133.678,NA,11.18,0.037,-18.435,-2.911
1758,17,40,1180.556,843.687,35401.192,2,93,187.345,138.779,NA,10.879,0.036,-68.199,-49.764
1759,17,41,1185.606,843.687,35701.202,2,191,192.396,143.78,NA,5.051,0.017,0,68.199
1760,17,42,1188.131,837.121,36001.212,2,191,199.43,147.309,NA,7.035,0.023,-68.962,-68.962
1761,17,43,1206.818,825.505,36301.222,2,110,221.433,167.963,NA,22.003,0.073,-31.866,37.097
1762,17,44,1214.394,819.444,36601.232,2,97,231.135,176.76,NA,9.702,0.032,-38.66,-6.794
1763,17,45,1238.131,810.354,36901.242,2,106,256.553,202.033,NA,25.419,0.085,-20.956,17.704
1764,17,46,1251.263,810.354,37201.253,2,67,269.685,214.732,NA,13.131,0.044,0,20.956
1765,17,47,1250.758,806.818,37501.263,2,68,273.256,215.145,NA,3.571,0.012,-98.13,-98.13
1766,17,48,1237.121,805.808,37801.273,2,135,286.93,202.305,NA,13.674,0.046,-175.764,-77.634
1767,17,49,1232.071,798.232,38101.283,2,202,296.035,199.809,NA,9.105,0.03,-123.69,52.074
1768,17,50,1237.626,791.162,38401.293,2,86,305.027,207.424,NA,8.992,0.03,-51.843,71.847
1769,17,51,1251.768,776.515,38701.303,2,65,325.386,225.952,NA,20.359,0.068,-46.005,5.838
1770,17,52,1253.788,773.485,39001.313,2,58,329.028,228.991,NA,3.642,0.012,-56.31,-10.305
1771,17,53,1255.303,763.384,39301.323,2,110,339.242,234.511,NA,10.214,0.034,-81.469,-25.159
1772,17,54,1263.889,748.737,39601.333,2,133,356.22,248.708,NA,16.978,0.057,-59.621,21.848
1773,17,55,1270.96,745.707,39901.343,2,75,363.912,256.38,NA,7.693,0.026,-23.199,36.422
1774,17,56,1275,738.636,40201.354,2,123,372.056,263.252,NA,8.144,0.027,-60.255,-37.057
1775,17,57,1286.616,729.545,40501.364,2,125,386.807,277.8,NA,14.751,0.049,-38.047,22.208
1776,17,58,1296.212,728.535,40801.374,2,66,396.456,286.72,NA,9.649,0.032,-6.009,32.038
1777,17,59,1301.263,723.99,41101.384,2,89,403.25,293.32,NA,6.795,0.023,-41.987,-35.978
1778,17,60,1301.263,718.939,41401.394,2,133,408.301,295.753,NA,5.051,0.017,-90,-48.013
1779,17,61,1300.758,725,41701.404,2,157,414.382,292.396,NA,6.082,0.02,94.764,-175.236
1780,17,62,1300.758,733.586,42001.414,2,138,422.968,288.432,NA,8.586,0.029,90,-4.764
1781,17,63,1309.848,736.111,42301.424,2,94,432.403,295.482,NA,9.435,0.031,15.524,-74.476
1782,17,64,1301.263,733.081,42601.434,2,83,441.508,289.11,NA,9.105,0.03,-160.56,-176.084
1783,17,65,1301.768,730.556,42901.444,2,109,444.084,290.706,NA,2.575,0.009,-78.69,81.87
1784,17,66,1301.768,716.919,43201.455,2,149,457.72,297.184,NA,13.636,0.045,-90,-11.31
1785,17,67,1312.879,716.919,43501.465,2,89,468.831,306.901,NA,11.111,0.037,0,90
1786,17,68,1319.444,715.909,43801.475,2,149,475.474,313.161,NA,6.643,0.022,-8.746,-8.746
1787,17,69,1319.444,715.909,44101.485,2,181,475.474,313.161,NA,0,0,0,8.746
1788,17,70,1312.374,724.495,44401.495,2,122,486.597,302.91,NA,11.123,0.037,129.472,129.472
1789,17,71,1306.313,724.495,44701.505,2,119,492.657,297.537,NA,6.061,0.02,180,50.528
1790,17,72,1312.374,716.919,45001.515,2,151,502.359,306.457,NA,9.702,0.032,-51.34,128.66
1791,17,73,1318.939,715.909,45301.525,2,121,509.002,312.716,NA,6.643,0.022,-8.746,42.594
1792,17,74,1318.939,715.909,45601.535,2,120,509.002,312.716,NA,0,0,0,8.746
1793,17,75,1318.939,715.909,45901.546,2,109,509.002,312.716,NA,0,0,0,0
1794,17,76,1312.374,715.909,46201.556,2,105,515.567,306.942,NA,6.566,0.022,180,180
1795,17,77,1322.475,715.909,46501.566,2,176,525.668,315.838,NA,10.101,0.034,0,-180
1796,17,78,1345.202,715.909,46801.576,2,84,548.396,336.103,NA,22.727,0.076,0,0
1797,17,79,1345.202,715.909,47101.586,2,132,548.396,336.103,NA,0,0,0,0
1798,17,80,1353.788,720.96,47401.596,2,3,558.357,341.703,NA,9.961,0.033,30.466,30.466
1799,17,81,1389.646,702.273,47701.606,2,88,598.792,382.092,NA,40.436,0.135,-27.525,-57.991
1800,17,82,1419.949,702.273,48001.616,2,163,629.095,409.769,NA,30.303,0.101,0,27.525
1801,17,83,1431.061,698.232,48301.626,2,55,640.918,421.574,NA,11.823,0.039,-19.983,-19.983
1802,17,84,1441.667,698.232,48601.636,2,105,651.524,431.353,NA,10.606,0.035,0,19.983
1803,17,85,1441.667,698.232,48901.647,2,153,651.524,431.353,NA,0,0,0,0
1804,17,86,1441.667,698.232,49201.657,2,133,651.524,431.353,NA,0,0,0,0
1805,17,87,1454.293,696.212,49501.667,2,146,664.311,443.8,NA,12.787,0.043,-9.09,-9.09
1806,17,88,1454.293,696.212,49801.677,2,164,664.311,443.8,NA,0,0,0,9.09
1807,17,89,1460.859,694.697,50101.687,2,97,671.05,450.454,NA,6.738,0.022,-12.995,-12.995
1808,17,90,1469.444,692.172,50401.697,2,205,679.999,459.362,NA,8.95,0.03,-16.39,-3.395
1809,17,91,1489.646,686.111,50701.707,2,74,701.091,480.371,NA,21.092,0.07,-16.699,-0.31
1810,17,92,1488.636,686.111,51001.717,2,122,702.101,479.432,NA,1.01,0.003,180,-163.301
1811,17,93,1492.172,680.556,51301.727,2,104,708.686,484.787,NA,6.585,0.022,-57.529,122.471
1812,17,94,1492.172,680.556,51601.737,2,80,708.686,484.787,NA,0,0,0,57.529
1813,17,95,1492.172,680.556,51901.748,2,108,708.686,484.787,NA,0,0,0,0
1814,17,96,1492.172,680.556,52201.758,2,144,708.686,484.787,NA,0,0,0,0
1815,17,97,1501.263,677.02,52501.768,2,2,718.44,494.54,NA,9.754,0.033,-21.251,-21.251
1816,17,98,1544.192,652.273,52801.778,2,139,767.991,543.672,NA,49.552,0.165,-29.962,-8.712
1817,17,99,1547.727,656.313,53101.788,2,132,773.36,545.385,NA,5.369,0.018,48.814,78.776
1818,17,100,1547.727,660.354,53401.798,2,113,777.401,543.863,NA,4.04,0.013,90,41.186
1819,17,101,1547.727,663.889,53701.808,2,142,780.936,542.554,NA,3.535,0.012,90,0
1820,17,102,1547.727,669.444,54001.818,2,48,786.492,540.535,NA,5.556,0.019,90,0
1821,17,103,1541.667,669.949,54301.828,2,56,792.573,534.7,NA,6.082,0.02,175.236,85.236
1822,17,104,1540.152,669.949,54601.838,2,96,794.088,533.288,NA,1.515,0.005,180,4.764
1823,17,105,1543.687,661.869,54901.849,2,94,802.909,539.549,NA,8.82,0.029,-66.371,113.629
1824,18,1,1062.879,484.596,38701.303,2,89,0,0,NA,NA,NA,NA,NA
1825,18,2,1062.879,476.515,39001.313,2,105,8.081,8.081,NA,8.081,0.027,-90,NA
1826,18,3,1069.444,472.475,39301.323,2,90,15.79,13.785,NA,7.709,0.026,-31.608,58.392
1827,18,4,1071.97,463.889,39601.333,2,70,24.74,22.615,NA,8.95,0.03,-73.61,-42.003
1828,18,5,1084.596,426.01,39901.343,2,126,64.667,62.482,NA,39.928,0.133,-71.565,2.045
1829,18,6,1084.596,426.01,40201.354,2,50,64.667,62.482,NA,0,0,0,71.565
1830,18,7,1094.192,418.939,40501.364,2,102,76.587,72.741,NA,11.92,0.04,-36.384,-36.384
1831,18,8,1104.293,407.323,40801.374,2,97,91.981,87.671,NA,15.394,0.051,-48.991,-12.607
1832,18,9,1119.949,400.758,41101.384,2,131,108.958,101.42,NA,16.978,0.057,-22.751,26.24
1833,18,10,1119.949,384.596,41401.394,2,71,125.12,115.139,NA,16.162,0.054,-90,-67.249
1834,18,11,1119.949,384.596,41701.404,2,114,125.12,115.139,NA,0,0,0,90
1835,18,12,1133.586,383.081,42001.414,2,105,138.84,123.713,NA,13.72,0.046,-6.34,-6.34
1836,18,13,1133.586,383.081,42301.424,2,108,138.84,123.713,NA,0,0,0,6.34
1837,18,14,1142.677,391.667,42601.434,2,120,151.345,122.489,NA,12.504,0.042,43.363,43.363
1838,18,15,1153.788,396.717,42901.444,2,168,163.55,126.44,NA,12.205,0.041,24.444,-18.919
1839,18,16,1173.99,403.788,43201.455,2,90,184.953,137.389,NA,21.404,0.071,19.29,-5.154
1840,18,17,1187.121,394.697,43501.465,2,193,200.924,153.356,NA,15.971,0.053,-34.695,-53.985
1841,18,18,1193.182,387.626,43801.475,2,90,210.237,162.425,NA,9.313,0.031,-49.399,-14.704
1842,18,19,1203.788,381.061,44101.485,2,137,222.711,174.857,NA,12.474,0.042,-31.759,17.639
1843,18,20,1203.788,381.061,44401.495,2,140,222.711,174.857,NA,0,0,0,31.759
1844,18,21,1213.889,372.98,44701.505,2,112,235.646,187.782,NA,12.936,0.043,-38.66,-38.66
1845,18,22,1230.303,360.227,45001.515,2,168,256.432,208.563,NA,20.786,0.069,-37.844,0.815
1846,18,23,1237.5,353.03,45301.525,2,147,266.61,218.637,NA,10.178,0.034,-45,-7.156
1847,18,24,1237.879,345.833,45601.535,2,190,273.817,223.338,NA,7.207,0.024,-86.987,-41.987
1848,18,25,1235.606,337.5,45901.546,2,107,282.455,226.874,NA,8.638,0.029,-105.255,-18.268
1849,18,26,1235.606,337.5,46201.556,2,126,282.455,226.874,NA,0,0,0,105.255
1850,18,27,1235.606,337.5,46501.566,2,63,282.455,226.874,NA,0,0,0,0
1851,18,28,1253.03,329.167,46801.576,2,152,301.769,245.593,NA,19.314,0.064,-25.56,-25.56
1852,18,29,1259.091,327.652,47101.586,2,161,308.017,251.258,NA,6.247,0.021,-14.036,11.524
1853,18,30,1259.091,327.652,47401.596,2,211,308.017,251.258,NA,0,0,0,14.036
1854,18,31,1259.091,327.652,47701.606,2,141,308.017,251.258,NA,0,0,0,0
1855,18,32,1242.803,327.652,48001.616,2,135,324.304,238.756,NA,16.288,0.054,180,180
1856,18,33,1242.803,325.758,48301.626,2,81,326.198,240.005,NA,1.894,0.006,-90,90
1857,18,34,1240.152,335.606,48601.636,2,90,336.398,231.568,NA,10.199,0.034,105.068,-164.932
1858,18,35,1232.955,338.636,48901.647,2,164,344.206,224.12,NA,7.809,0.026,157.166,52.098
1859,18,36,1236.364,342.424,49201.657,2,209,349.303,224.298,NA,5.096,0.017,48.013,-109.154
1860,18,37,1239.394,342.424,49501.667,2,93,352.333,226.65,NA,3.03,0.01,0,-48.013
1861,18,38,1245.833,342.424,49801.677,2,101,358.772,231.701,NA,6.439,0.021,0,0
1862,18,39,1245.833,346.97,50101.687,2,179,363.318,228.94,NA,4.545,0.015,90,90
1863,18,40,1245.833,346.97,50401.697,2,178,363.318,228.94,NA,0,0,0,-90
1864,18,41,1250.758,342.424,50701.707,2,99,370.019,235.608,NA,6.701,0.022,-42.709,-42.709
1865,18,42,1253.409,332.576,51001.717,2,111,380.218,243.746,NA,10.199,0.034,-74.932,-32.222
1866,18,43,1264.394,328.03,51301.727,2,182,392.106,255.188,NA,11.888,0.04,-22.479,52.452
1867,18,44,1264.394,328.03,51601.737,2,120,392.106,255.188,NA,0,0,0,22.479
1868,18,45,1267.045,318.939,51901.748,2,119,401.576,262.918,NA,9.47,0.032,-73.74,-73.74
1869,18,46,1263.636,311.742,52201.758,2,191,409.54,264.919,NA,7.964,0.027,-115.346,-41.606
1870,18,47,1260.985,311.742,52501.768,2,151,412.191,262.915,NA,2.652,0.009,180,-64.654
1871,18,48,1260.985,314.015,52801.778,2,131,414.464,261.427,NA,2.273,0.008,90,-90
1872,18,49,1248.485,294.697,53101.788,2,122,437.474,265.54,NA,23.01,0.077,-122.905,147.095
1873,18,50,1248.485,294.318,53401.798,2,92,437.852,265.811,NA,0.379,0.001,-90,32.905
1874,18,51,1252.273,261.742,53701.808,2,186,470.648,292.462,NA,32.795,0.109,-83.367,6.633
1875,18,52,1259.848,245.833,54001.818,2,122,488.268,309.523,NA,17.621,0.059,-64.537,18.831
1876,18,53,1264.015,245.833,54301.828,2,119,492.435,312.191,NA,4.167,0.014,0,64.537
1877,18,54,1272.348,245.833,54601.838,2,166,500.768,317.624,NA,8.333,0.028,0,0
1878,18,55,1272.348,250.379,54901.849,2,114,505.314,314.222,NA,4.545,0.015,90,90
1879,18,56,1270.833,253.788,55201.859,2,106,509.044,310.673,NA,3.731,0.012,113.962,23.962
1880,18,57,1270.833,253.788,55501.869,2,132,509.044,310.673,NA,0,0,0,-113.962
1881,18,58,1285.985,258.712,55801.879,2,64,524.976,317.49,NA,15.932,0.053,18.004,18.004
1882,18,59,1286.364,271.212,56101.889,2,172,537.482,308.995,NA,12.506,0.042,88.264,70.26
1883,18,60,1292.045,276.515,56401.899,2,88,545.254,309.54,NA,7.772,0.026,43.025,-45.239
1884,18,61,1295.455,282.576,56701.909,2,153,552.208,308.064,NA,6.954,0.023,60.642,17.617
1885,18,62,1295.455,285.985,57001.919,2,139,555.617,305.84,NA,3.409,0.011,90,29.358
1886,18,63,1301.894,285.985,57301.929,2,90,562.056,310.765,NA,6.439,0.021,0,-90
1887,18,64,1301.894,285.985,57601.939,2,103,562.056,310.765,NA,0,0,0,0
1888,18,65,1300.758,273.106,57901.95,2,140,574.985,318.299,NA,12.929,0.043,-95.042,-95.042
1889,18,66,1300.758,261.742,58201.96,2,132,586.348,325.96,NA,11.364,0.038,-90,5.042
1890,18,67,1300.758,261.742,58501.97,2,144,586.348,325.96,NA,0,0,0,90
1891,18,68,1300.758,261.742,58801.98,2,136,586.348,325.96,NA,0,0,0,0
1892,18,69,1305.303,251.515,59101.99,2,75,597.54,336.298,NA,11.192,0.037,-66.038,-66.038
1893,18,70,1305.303,251.515,59402,2,64,597.54,336.298,NA,0,0,0,66.038
1894,18,71,1303.409,246.97,59702.01,2,131,602.465,338.114,NA,4.924,0.016,-112.62,-112.62
1895,18,72,1307.576,240.909,60002.02,2,111,609.819,345.34,NA,7.355,0.025,-55.491,57.128
1896,18,73,1320.455,234.848,60302.03,2,110,624.053,358.774,NA,14.234,0.047,-25.201,30.29
1897,18,74,1327.273,225.379,60602.04,2,118,635.722,370.267,NA,11.669,0.039,-54.246,-29.045
1898,18,75,1325,212.5,60902.051,2,91,648.8,377.814,NA,13.078,0.044,-100.008,-45.762
1899,18,76,1325,201.894,61202.061,2,128,659.406,385.523,NA,10.606,0.035,-90,10.008
1900,18,77,1339.015,196.97,61502.071,2,114,674.261,398.723,NA,14.855,0.05,-19.359,70.641
1901,18,78,1349.621,196.97,61802.081,2,50,684.867,406.14,NA,10.606,0.035,0,19.359
1902,18,79,1370.076,185.606,62102.091,2,90,708.266,428.678,NA,23.399,0.078,-29.055,-29.055
1903,18,80,1375.379,175,62402.101,2,42,720.124,439.893,NA,11.858,0.04,-63.435,-34.38
1904,18,81,1384.091,174.621,62702.111,2,73,728.844,446.387,NA,8.72,0.029,-2.49,60.945
1905,18,82,1387.5,174.621,63002.121,2,51,732.253,448.847,NA,3.409,0.011,0,2.49
1906,18,83,1393.939,165.53,63302.131,2,81,743.394,459.787,NA,11.14,0.037,-54.689,-54.689
1907,18,84,1384.091,166.288,63602.141,2,68,753.271,452.214,NA,9.878,0.033,175.601,-129.71
1908,18,85,1384.091,166.288,63902.152,2,126,753.271,452.214,NA,0,0,0,-175.601
1909,18,86,1382.576,159.848,64202.162,2,117,759.887,455.705,NA,6.615,0.022,-103.241,-103.241
1910,18,87,1385.606,161.742,64502.172,2,78,763.46,456.495,NA,3.573,0.012,32.005,135.246
1911,18,88,1385.606,165.152,64802.182,2,93,766.869,454.09,NA,3.409,0.011,90,57.995
1912,18,89,1385.606,168.939,65102.192,2,137,770.657,451.433,NA,3.788,0.013,90,0
1913,18,90,1390.152,167.045,65402.202,2,66,775.581,456.011,NA,4.924,0.016,-22.62,-112.62
1914,18,91,1390.152,168.561,65702.212,2,61,777.096,454.957,NA,1.515,0.005,90,112.62
1915,18,92,1390.152,168.561,66002.222,2,50,777.096,454.957,NA,0,0,0,-90
1916,18,93,1381.818,168.561,66302.232,2,91,785.43,449,NA,8.333,0.028,180,180
1917,18,94,1381.818,168.561,66602.242,2,90,785.43,449,NA,0,0,0,-180
1918,18,95,1381.818,168.561,66902.253,2,107,785.43,449,NA,0,0,0,0
1919,18,96,1381.818,168.561,67202.263,2,81,785.43,449,NA,0,0,0,0
1920,18,97,1381.818,168.561,67502.273,2,107,785.43,449,NA,0,0,0,0
1921,18,98,1381.818,168.561,67802.283,2,61,785.43,449,NA,0,0,0,0
1922,18,99,1375.758,169.697,68102.293,2,57,791.596,443.908,NA,6.166,0.021,169.38,169.38
1923,18,100,1375.758,169.697,68402.303,2,113,791.596,443.908,NA,0,0,0,-169.38
1924,18,101,1375.758,178.03,68702.313,2,35,799.929,438.036,NA,8.333,0.028,90,90
1925,18,102,1375.758,178.03,69002.323,2,63,799.929,438.036,NA,0,0,0,-90
1926,18,103,1375.758,178.03,69302.333,2,70,799.929,438.036,NA,0,0,0,0
1927,18,104,1375.758,178.03,69602.344,2,54,799.929,438.036,NA,0,0,0,0
1928,18,105,1371.97,178.03,69902.354,2,65,803.717,435.339,NA,3.788,0.013,180,180
1929,18,106,1362.121,178.03,70202.364,2,109,813.566,428.402,NA,9.848,0.033,180,0
1930,18,107,1359.091,178.03,70502.374,2,80,816.596,426.291,NA,3.03,0.01,180,0
1931,18,108,1371.591,178.03,70802.384,2,132,829.096,435.07,NA,12.5,0.042,0,-180
1932,18,109,1371.591,178.03,71102.394,2,85,829.096,435.07,NA,0,0,0,0
1933,18,110,1371.591,178.03,71402.404,2,80,829.096,435.07,NA,0,0,0,0
1934,18,111,1371.591,178.03,71702.414,2,65,829.096,435.07,NA,0,0,0,0
1935,18,113,1368.182,169.697,72002.424,2,71,838.1,438.602,NA,9.004,0.03,-112.249,-112.249
1936,19,1,1112.626,793.687,31501.061,2,65,0,0,NA,NA,NA,NA,NA
1937,19,2,1112.879,790.152,31801.071,2,75,3.544,3.544,NA,3.544,0.012,-85.914,NA
1938,19,3,1121.212,787.374,32101.081,2,194,12.328,10.657,NA,8.784,0.029,-18.435,67.479
1939,19,4,1133.081,780.556,32401.091,2,70,26.016,24.307,NA,13.688,0.046,-29.876,-11.441
1940,19,5,1139.394,775,32701.101,2,111,34.426,32.645,NA,8.41,0.028,-41.348,-11.472
1941,19,6,1141.162,771.717,33001.111,2,61,38.154,36.013,NA,3.728,0.012,-61.699,-20.351
1942,19,7,1147.98,766.162,33301.121,2,85,46.949,44.805,NA,8.795,0.029,-39.174,22.526
1943,19,8,1167.172,765.404,33601.131,2,105,66.156,61.442,NA,19.207,0.064,-2.261,36.913
1944,19,9,1185.985,754.167,33901.141,2,126,88.07,83.327,NA,21.914,0.073,-30.851,-28.59
1945,19,10,1204.167,746.212,34201.152,2,93,107.916,103.119,NA,19.846,0.066,-23.629,7.221
1946,19,11,1204.167,734.091,34501.162,2,68,120.037,109.231,NA,12.121,0.04,-90,-66.371
1947,19,12,1212.879,724.621,34801.172,2,114,132.904,121.74,NA,12.868,0.043,-47.386,42.614
1948,19,13,1219.318,710.606,35101.182,2,83,148.328,135.224,NA,15.424,0.051,-65.323,-17.937
1949,19,14,1218.561,695.076,35401.192,2,137,163.877,144.728,NA,15.549,0.052,-92.793,-27.47
1950,19,15,1219.697,675,35701.202,2,213,183.985,159.846,NA,20.108,0.067,-86.76,6.032
1951,19,16,1229.924,666.288,36001.212,2,97,197.42,173.174,NA,13.435,0.045,-40.426,46.334
1952,19,17,1241.667,657.955,36301.222,2,71,211.819,187.282,NA,14.399,0.048,-35.362,5.064
1953,19,18,1255.303,659.848,36601.232,2,144,225.586,195.626,NA,13.767,0.046,7.907,43.27
1954,19,19,1264.015,657.576,36901.242,2,79,234.59,203.58,NA,9.004,0.03,-14.621,-22.528
1955,19,20,1298.106,657.576,37201.253,2,142,268.68,230.063,NA,34.091,0.114,0,14.621
1956,19,21,1307.197,654.545,37501.263,2,228,278.263,239.203,NA,9.583,0.032,-18.435,-18.435
1957,19,22,1308.333,639.015,37801.273,2,107,293.835,249.449,NA,15.572,0.052,-85.815,-67.38
1958,19,23,1309.848,612.879,38101.283,2,56,320.015,267.56,NA,26.18,0.087,-86.682,-0.867
1959,19,24,1312.121,602.273,38401.293,2,69,330.862,276.474,NA,10.847,0.036,-77.905,8.777
1960,19,25,1314.394,575.379,38701.303,2,161,357.852,297.269,NA,26.99,0.09,-85.17,-7.264
1961,19,26,1317.045,556.818,39001.313,2,132,376.601,312.88,NA,18.749,0.062,-81.87,3.3
1962,19,27,1320.833,564.015,39301.323,2,131,384.734,309.999,NA,8.133,0.027,62.241,144.111
1963,19,28,1328.03,567.803,39601.333,2,154,392.867,312.126,NA,8.133,0.027,27.759,-34.483
1964,19,29,1328.03,567.803,39901.343,2,115,392.867,312.126,NA,0,0,0,-27.759
1965,19,30,1328.03,567.803,40201.354,2,132,392.867,312.126,NA,0,0,0,0
1966,19,31,1321.212,567.803,40501.364,2,68,399.685,307.46,NA,6.818,0.023,180,180
1967,19,32,1321.212,557.197,40801.374,2,134,410.291,315.334,NA,10.606,0.035,-90,90
1968,19,33,1328.409,557.197,41101.384,2,126,417.488,320.14,NA,7.197,0.024,0,90
1969,19,34,1337.5,557.955,41401.394,2,104,426.61,325.788,NA,9.122,0.03,4.764,4.764
1970,19,35,1347.727,557.955,41701.404,2,113,436.838,332.93,NA,10.227,0.034,0,-4.764
1971,19,36,1356.818,559.848,42001.414,2,192,446.124,338.098,NA,9.286,0.031,11.768,11.768
1972,19,37,1364.773,557.955,42301.424,2,153,454.301,345.178,NA,8.177,0.027,-13.392,-25.161
1973,19,38,1374.242,559.091,42601.434,2,161,463.838,351.395,NA,9.538,0.032,6.843,20.235
1974,19,39,1379.167,560.227,42901.444,2,163,468.892,354.326,NA,5.054,0.017,12.995,6.152
1975,19,40,1387.5,561.742,43201.455,2,129,477.362,359.658,NA,8.47,0.028,10.305,-2.69
1976,19,41,1387.5,561.742,43501.465,2,90,477.362,359.658,NA,0,0,0,-10.305
1977,19,42,1401.136,566.667,43801.475,2,146,491.86,367.119,NA,14.498,0.048,19.855,19.855
1978,19,43,1407.197,563.258,44101.485,2,211,498.814,373.991,NA,6.954,0.023,-29.358,-49.213
1979,19,44,1408.712,553.788,44401.495,2,156,508.404,381.075,NA,9.59,0.032,-80.91,-51.552
1980,19,45,1410.606,544.318,44701.505,2,147,518.061,388.557,NA,9.657,0.032,-78.69,2.22
1981,19,46,1417.803,523.864,45001.515,2,147,539.745,407.354,NA,21.684,0.072,-70.615,8.075
1982,19,47,1412.5,517.803,45301.525,2,156,547.798,407.475,NA,8.053,0.027,-131.186,-60.57
1983,19,48,1404.545,511.742,45601.535,2,161,557.798,405.844,NA,10,0.033,-142.696,-11.51
1984,19,49,1404.167,511.742,45901.546,2,146,558.177,405.572,NA,0.379,0.001,180,-37.304
1985,19,50,1404.167,500,46201.556,2,162,569.919,413.821,NA,11.742,0.039,-90,90
1986,19,51,1404.167,500,46501.566,2,189,569.919,413.821,NA,0,0,0,90
1987,19,52,1404.167,500,46801.576,2,239,569.919,413.821,NA,0,0,0,0
1988,19,53,1417.045,500,47101.586,2,232,582.798,422.993,NA,12.879,0.043,0,0
1989,19,54,1425.758,502.273,47401.596,2,167,591.802,427.754,NA,9.004,0.03,14.621,14.621
1990,19,55,1425.758,502.273,47701.606,2,129,591.802,427.754,NA,0,0,0,-14.621
1991,19,56,1440.152,502.273,48001.616,2,180,606.196,438.4,NA,14.394,0.048,0,0
1992,19,57,1444.697,496.212,48301.626,2,187,613.772,445.828,NA,7.576,0.025,-53.13,-53.13
1993,19,58,1444.697,496.212,48601.636,2,40,613.772,445.828,NA,0,0,0,53.13
1994,19,59,1457.576,480.303,48901.647,2,112,634.24,466.047,NA,20.469,0.068,-51.009,-51.009
1995,19,60,1471.97,469.318,49201.657,2,171,652.347,484.09,NA,18.107,0.06,-37.349,13.66
1996,19,61,1488.636,476.894,49501.667,2,169,670.655,491.672,NA,18.308,0.061,24.444,61.793
1997,19,62,1510.227,463.258,49801.677,2,65,696.191,516.982,NA,25.537,0.085,-32.276,-56.72
1998,19,63,1535.606,434.091,50101.687,2,206,734.853,555.177,NA,38.662,0.129,-48.972,-16.697
1999,20,1,1119.192,700,30301.02,2,117,0,0,NA,NA,NA,NA,NA
2000,20,2,1124.747,695.455,30601.03,2,32,7.178,7.178,NA,7.178,0.024,-39.289,NA
2001,20,3,1129.293,691.162,30901.04,2,71,13.43,13.422,NA,6.252,0.021,-43.363,-4.074
2002,20,4,1139.899,687.879,31201.051,2,154,24.533,23.994,NA,11.102,0.037,-17.199,26.165
2003,20,5,1143.434,687.121,31501.061,2,134,28.148,27.451,NA,3.616,0.012,-12.095,5.104
2004,20,6,1143.434,687.121,31801.071,2,166,28.148,27.451,NA,0,0,0,12.095
2005,20,7,1152.778,690.152,32101.081,2,75,37.971,35,NA,9.823,0.033,17.969,17.969
2006,20,8,1160.606,688.889,32401.091,2,78,45.9,42.879,NA,7.929,0.026,-9.162,-27.131
2007,20,9,1161.111,690.404,32701.101,2,103,47.498,43.004,NA,1.597,0.005,71.565,80.727
2008,20,10,1164.394,691.414,33001.111,2,127,50.932,46.01,NA,3.435,0.011,17.103,-54.462
2009,20,11,1170.707,680.303,33301.121,2,61,63.712,55.152,NA,12.779,0.043,-60.396,-77.498
2010,20,12,1175.253,677.525,33601.131,2,90,69.039,60.398,NA,5.327,0.018,-31.43,28.966
2011,20,13,1179.04,677.525,33901.141,2,128,72.827,63.929,NA,3.788,0.013,0,31.43
2012,20,14,1189.141,674.747,34201.152,2,135,83.303,74.368,NA,10.476,0.035,-15.376,-15.376
2013,20,15,1199.747,669.697,34501.162,2,89,95.05,86.067,NA,11.747,0.039,-25.463,-10.087
2014,20,16,1212.121,650.758,34801.172,2,97,117.673,105.17,NA,22.623,0.075,-56.842,-31.379
2015,20,17,1216.919,647.98,35101.182,2,51,123.217,110.71,NA,5.544,0.018,-30.069,26.773
2016,20,18,1221.717,633.081,35401.192,2,189,138.87,122.432,NA,15.652,0.052,-72.15,-42.081
2017,20,19,1225.505,622.222,35701.202,2,168,150.37,131.726,NA,11.5,0.038,-70.769,1.38
2018,20,20,1229.293,613.636,36001.212,2,148,159.754,139.932,NA,9.384,0.031,-66.194,4.575
2019,20,21,1234.091,613.636,36301.222,2,146,164.552,143.737,NA,4.798,0.016,0,66.194
2020,20,22,1236.364,600.758,36601.232,2,107,177.63,153.552,NA,13.078,0.044,-79.992,-79.992
2021,20,23,1240.404,592.677,36901.242,2,234,186.664,161.897,NA,9.035,0.03,-63.435,16.557
2022,20,24,1243.939,585.606,37201.253,2,149,194.57,169.257,NA,7.905,0.026,-63.435,0
2023,20,25,1250.253,590.152,37501.263,2,167,202.349,171.008,NA,7.779,0.026,35.754,99.189
2024,20,26,1252.778,594.697,37801.273,2,187,207.549,170.1,NA,5.2,0.017,60.945,25.192
2025,20,27,1260.354,591.414,38101.283,2,108,215.805,178.094,NA,8.256,0.028,-23.429,-84.374
2026,20,28,1266.919,586.111,38401.293,2,92,224.245,186.532,NA,8.44,0.028,-38.928,-15.499
2027,20,29,1271.717,576.01,38701.303,2,148,235.428,196.564,NA,11.183,0.037,-64.592,-25.665
2028,20,30,1278.283,570.202,39001.313,2,135,244.194,205.323,NA,8.766,0.029,-41.496,23.096
2029,20,31,1284.091,567.172,39301.323,2,170,250.745,211.743,NA,6.551,0.022,-27.553,13.944
2030,20,32,1287.374,558.838,39601.333,2,86,259.701,219.572,NA,8.957,0.03,-68.499,-40.946
2031,20,33,1294.192,556.818,39901.343,2,104,266.813,226.111,NA,7.111,0.024,-16.504,51.994
2032,20,34,1293.434,560.859,40201.354,2,104,270.923,222.982,NA,4.111,0.014,100.62,117.124
2033,20,35,1296.465,556.313,40501.364,2,235,276.386,228.192,NA,5.463,0.018,-56.31,-156.93
2034,20,36,1298.106,546.97,40801.374,2,113,285.873,235.433,NA,9.487,0.032,-80.036,-23.726
2035,20,37,1304.545,539.773,41101.384,2,115,295.53,245.008,NA,9.657,0.032,-48.18,31.856
2036,20,38,1312.879,539.773,41401.394,2,177,303.863,251.371,NA,8.333,0.028,0,48.18
2037,20,39,1314.394,529.545,41701.404,2,118,314.202,259.15,NA,10.339,0.034,-81.573,-81.573
2038,20,40,1315.53,519.697,42001.414,2,130,324.116,266.567,NA,9.914,0.033,-83.418,-1.845
2039,20,41,1315.53,510.227,42301.424,2,137,333.586,273.061,NA,9.47,0.032,-90,-6.582
2040,20,42,1323.485,508.333,42601.434,2,110,341.763,280.128,NA,8.177,0.027,-13.392,76.608
2041,20,43,1331.818,508.333,42901.444,2,85,350.096,286.262,NA,8.333,0.028,0,13.392
2042,20,44,1342.045,508.333,43201.455,2,107,360.323,293.938,NA,10.227,0.034,0,0
2043,20,45,1343.182,495.076,43501.465,2,145,373.63,303.588,NA,13.306,0.044,-85.101,-85.101
2044,20,46,1346.97,484.47,43801.475,2,100,384.892,313.586,NA,11.262,0.038,-70.346,14.755
2045,20,47,1346.591,456.818,44101.485,2,207,412.546,332.938,NA,27.654,0.092,-90.785,-20.439
2046,20,48,1343.939,446.97,44401.495,2,132,422.745,338.431,NA,10.199,0.034,-105.068,-14.284
2047,20,49,1333.333,445.076,44701.505,2,168,433.519,332.931,NA,10.774,0.036,-169.875,-64.807
2048,20,50,1320.833,441.288,45001.515,2,195,446.58,328.011,NA,13.061,0.044,-163.142,6.734
2049,20,51,1313.258,439.015,45301.525,2,146,454.489,325.23,NA,7.909,0.026,-163.301,-0.159
2050,20,52,1313.258,439.015,45601.535,2,115,454.489,325.23,NA,0,0,0,163.301
2051,20,53,1310.606,426.894,45901.546,2,190,466.897,333.506,NA,12.408,0.041,-102.339,-102.339
2052,20,54,1310.227,422.727,46201.556,2,218,471.081,336.712,NA,4.184,0.014,-95.194,7.145
2053,20,55,1309.848,422.348,46501.566,2,183,471.617,336.809,NA,0.536,0.002,-135,-39.806
2054,20,56,1311.364,422.348,46801.576,2,81,473.132,337.669,NA,1.515,0.005,0,135
2055,20,57,1321.97,396.591,47101.586,2,123,500.988,364.933,NA,27.856,0.093,-67.62,-67.62
2056,20,58,1328.788,386.742,47401.596,2,171,512.966,376.91,NA,11.978,0.04,-55.305,12.315
2057,20,59,1343.182,373.106,47701.606,2,159,532.794,396.272,NA,19.828,0.066,-43.452,11.853
2058,20,60,1345.076,360.606,48001.616,2,101,545.436,407.691,NA,12.643,0.042,-81.384,-37.933
2059,20,61,1362.5,342.803,48301.626,2,143,570.347,432.19,NA,24.911,0.083,-45.616,35.768
2060,20,62,1365.909,327.652,48601.636,2,155,585.878,446.669,NA,15.53,0.052,-77.32,-31.704
2061,20,63,1372.348,303.409,48901.647,2,132,610.961,470.502,NA,25.083,0.084,-75.124,2.195
2062,20,64,1377.652,280.303,49201.657,2,143,634.667,492.896,NA,23.707,0.079,-77.074,-1.95
2063,20,65,1379.545,259.848,49501.667,2,163,655.209,511.388,NA,20.542,0.068,-84.71,-7.636
2064,20,66,1383.712,244.697,49801.677,2,51,670.923,526.566,NA,15.714,0.052,-74.624,10.086
2065,20,67,1377.652,263.636,50101.687,2,146,690.809,507.163,NA,19.885,0.066,107.745,-177.632
2066,20,68,1381.818,265.53,50401.697,2,154,695.386,507.678,NA,4.577,0.015,24.444,-83.301
2067,20,69,1379.924,266.288,50701.707,2,166,697.426,506.051,NA,2.04,0.007,158.199,133.755
2068,20,70,1379.924,266.288,51001.717,2,144,697.426,506.051,NA,0,0,0,-158.199
2069,20,71,1379.924,266.288,51301.727,2,174,697.426,506.051,NA,0,0,0,0
2070,20,72,1374.242,266.288,51601.737,2,98,703.107,503.147,NA,5.682,0.019,180,180
2071,20,73,1374.242,266.288,51901.748,2,118,703.107,503.147,NA,0,0,0,-180
2072,20,74,1374.242,266.288,52201.758,2,97,703.107,503.147,NA,0,0,0,0
2073,20,75,1374.242,266.288,52501.768,2,116,703.107,503.147,NA,0,0,0,0
2074,20,76,1374.242,266.288,52801.778,2,117,703.107,503.147,NA,0,0,0,0
2075,20,77,1374.242,266.288,53101.788,2,102,703.107,503.147,NA,0,0,0,0
2076,20,78,1374.242,261.742,53401.798,2,104,707.653,507.07,NA,4.545,0.015,-90,-90
2077,20,79,1373.485,260.606,53701.808,2,147,709.019,507.673,NA,1.366,0.005,-123.69,-33.69
2078,20,80,1380.682,260.606,54001.818,2,113,716.216,511.316,NA,7.197,0.024,0,123.69
2079,20,81,1382.576,260.606,54301.828,2,84,718.11,512.287,NA,1.894,0.006,0,0
2080,20,82,1382.576,260.606,54601.838,2,116,718.11,512.287,NA,0,0,0,0
2081,20,83,1382.576,260.606,54901.849,2,172,718.11,512.287,NA,0,0,0,0
2082,20,84,1382.576,261.364,55201.859,2,192,718.867,511.637,NA,0.758,0.003,90,90
2083,20,85,1382.576,261.364,55501.869,2,124,718.867,511.637,NA,0,0,0,-90
2084,20,86,1382.576,261.364,55801.879,2,135,718.867,511.637,NA,0,0,0,0
2085,20,87,1382.576,261.364,56101.889,2,162,718.867,511.637,NA,0,0,0,0
2086,20,88,1382.576,261.364,56401.899,2,118,718.867,511.637,NA,0,0,0,0
2087,20,89,1382.576,261.364,56701.909,2,121,718.867,511.637,NA,0,0,0,0
2088,20,90,1382.576,261.364,57001.919,2,70,718.867,511.637,NA,0,0,0,0
2089,20,91,1382.576,264.773,57301.929,2,77,722.276,508.718,NA,3.409,0.011,90,90
2090,20,92,1389.015,247.348,57601.939,2,66,740.852,526.971,NA,18.576,0.062,-69.717,-159.717
2091,20,93,1399.242,240.909,57901.95,2,101,752.938,537.766,NA,12.086,0.04,-32.196,37.522
2092,20,94,1400,239.394,58201.96,2,108,754.632,539.454,NA,1.694,0.006,-63.435,-31.239
2093,20,95,1420.455,227.273,58501.97,2,120,778.408,560.562,NA,23.776,0.079,-30.651,32.784
2094,20,96,1430.303,239.773,58801.98,2,79,794.322,555.517,NA,15.914,0.053,51.766,82.417
2095,20,97,1447.348,240.152,59101.99,2,95,811.371,564.931,NA,17.05,0.057,1.273,-50.493
2096,20,98,1464.015,221.212,59402,2,67,836.6,590.035,NA,25.229,0.084,-48.652,-49.925
2097,20,99,1461.742,210.606,59702.01,2,96,847.447,597.367,NA,10.847,0.036,-102.095,-53.443
2098,20,100,1460.606,201.515,60002.02,2,14,856.608,604.194,NA,9.162,0.031,-97.125,4.97
2099,21,1,1146.591,719.318,34801.172,2,93,0,0,NA,NA,NA,NA,NA
2100,21,2,1153.03,716.667,35101.182,2,160,6.964,6.964,NA,6.964,0.023,-22.38,NA
2101,21,3,1160.985,716.667,35401.192,2,66,14.918,14.636,NA,7.955,0.027,0,22.38
2102,21,4,1167.803,722.348,35701.202,2,45,23.794,21.427,NA,8.875,0.03,39.806,39.806
2103,21,5,1176.894,704.924,36001.212,2,100,43.447,33.548,NA,19.653,0.066,-62.447,-102.253
2104,21,6,1182.197,704.545,36301.222,2,68,48.764,38.549,NA,5.317,0.018,-4.086,58.362
2105,21,7,1182.197,704.545,36601.232,2,99,48.764,38.549,NA,0,0,0,4.086
2106,21,8,1182.576,699.621,36901.242,2,112,53.702,41.023,NA,4.939,0.016,-85.601,-85.601
2107,21,9,1198.485,689.773,37201.253,2,123,72.413,59.715,NA,18.711,0.062,-31.759,53.842
2108,21,10,1204.545,687.121,37501.263,2,103,79.028,66.298,NA,6.615,0.022,-23.629,8.13
2109,21,11,1200.379,684.47,37801.273,2,122,83.967,64.09,NA,4.939,0.016,-147.529,-123.899
2110,21,12,1198.864,676.136,38101.283,2,197,92.437,67.802,NA,8.47,0.028,-100.305,47.224
2111,21,13,1198.485,676.136,38401.293,2,206,92.816,67.51,NA,0.379,0.001,180,-79.695
2112,21,14,1200.758,670.833,38701.303,2,101,98.585,72.697,NA,5.77,0.019,-66.801,113.199
2113,21,15,1217.803,660.985,39001.313,2,88,118.271,92.054,NA,19.686,0.066,-30.018,36.783
2114,21,16,1224.242,657.197,39301.323,2,144,125.742,99.442,NA,7.471,0.025,-30.466,-0.447
2115,21,17,1224.242,656.818,39601.333,2,127,126.121,99.68,NA,0.379,0.001,-90,-59.534
2116,21,18,1231.818,648.485,39901.343,2,159,137.383,110.82,NA,11.262,0.038,-47.726,42.274
2117,21,19,1239.015,643.939,40201.354,2,149,145.895,119.265,NA,8.512,0.028,-32.276,15.451
2118,21,20,1249.242,635.227,40501.364,2,85,159.33,132.697,NA,13.435,0.045,-40.426,-8.15
2119,21,21,1249.242,635.227,40801.374,2,106,159.33,132.697,NA,0,0,0,40.426
2120,21,22,1249.242,635.227,41101.384,2,67,159.33,132.697,NA,0,0,0,0
2121,21,23,1249.242,635.227,41401.394,2,83,159.33,132.697,NA,0,0,0,0
2122,21,24,1258.712,641.667,41701.404,2,92,170.782,136.385,NA,11.452,0.038,34.216,34.216
2123,21,25,1270.833,647.727,42001.414,2,92,184.334,143.393,NA,13.552,0.045,26.565,-7.651
2124,21,26,1279.924,651.894,42301.424,2,85,194.334,149.412,NA,10,0.033,24.624,-1.941
2125,21,27,1279.924,651.894,42601.434,2,99,194.334,149.412,NA,0,0,0,-24.624
2126,21,28,1279.924,651.894,42901.444,2,122,194.334,149.412,NA,0,0,0,0
2127,21,29,1279.924,651.894,43201.455,2,120,194.334,149.412,NA,0,0,0,0
2128,21,30,1279.924,651.894,43501.465,2,62,194.334,149.412,NA,0,0,0,0
2129,21,31,1279.924,651.894,43801.475,2,81,194.334,149.412,NA,0,0,0,0
2130,21,32,1281.439,642.424,44101.485,2,31,203.924,155.231,NA,9.59,0.032,-80.91,-80.91
2131,21,33,1281.061,628.03,44401.495,2,116,218.323,162.529,NA,14.399,0.048,-91.507,-10.598
2132,21,34,1287.879,614.015,44701.505,2,123,233.909,176.213,NA,15.586,0.052,-64.058,27.45
2133,21,35,1304.545,611.111,45001.515,2,92,250.827,191.464,NA,16.918,0.056,-9.884,54.174
2134,21,36,1318.687,606.818,45301.525,2,208,265.605,205.605,NA,14.779,0.049,-16.887,-7.003
2135,21,37,1331.061,606.566,45601.535,2,101,277.982,216.199,NA,12.376,0.041,-1.169,15.718
2136,21,38,1340.657,606.566,45901.546,2,99,287.578,224.443,NA,9.596,0.032,0,1.169
2137,21,39,1343.687,606.566,46201.556,2,126,290.608,227.068,NA,3.03,0.01,0,0
2138,21,40,1350.505,607.828,46501.566,2,142,297.542,232.403,NA,6.934,0.023,10.491,10.491
2139,21,41,1355.303,599.621,46801.576,2,149,307.049,240.599,NA,9.507,0.032,-59.689,-70.18
2140,21,42,1360.227,598.864,47101.586,2,134,312.031,245.255,NA,4.982,0.017,-8.746,50.943
2141,21,43,1360.227,602.273,47401.596,2,164,315.44,243.598,NA,3.409,0.011,90,98.746
2142,21,44,1367.045,602.273,47701.606,2,193,322.258,249.599,NA,6.818,0.023,0,-90
2143,21,45,1368.561,603.788,48001.616,2,101,324.401,250.235,NA,2.143,0.007,45,45
2144,21,46,1371.97,601.515,48301.626,2,100,328.498,254.309,NA,4.097,0.014,-33.69,-78.69
2145,21,47,1376.136,592.045,48601.636,2,125,338.844,262.468,NA,10.346,0.034,-66.251,-32.56
2146,21,48,1390.909,586.742,48901.647,2,119,354.54,277.971,NA,15.696,0.052,-19.747,46.504
2147,21,49,1390.909,586.742,49201.657,2,47,354.54,277.971,NA,0,0,0,19.747
2148,21,50,1415.152,577.652,49501.667,2,107,380.431,303.635,NA,25.891,0.086,-20.556,-20.556
2149,21,51,1430.682,577.652,49801.677,2,86,395.961,317.454,NA,15.53,0.052,0,20.556
2150,21,52,1430.682,577.652,50101.687,2,169,395.961,317.454,NA,0,0,0,0
2151,21,53,1437.879,577.652,50401.697,2,73,403.158,323.911,NA,7.197,0.024,0,0
2152,21,54,1437.879,585.985,50701.707,2,84,411.491,320.354,NA,8.333,0.028,90,90
2153,21,55,1437.879,585.985,51001.717,2,90,411.491,320.354,NA,0,0,0,-90
2154,21,56,1451.136,595.076,51301.727,2,93,427.566,328.914,NA,16.075,0.054,34.439,34.439
2155,21,57,1465.152,600.758,51601.737,2,121,442.689,339.908,NA,15.123,0.05,22.068,-12.371
2156,21,58,1474.621,598.485,51901.748,2,145,452.428,349.578,NA,9.739,0.032,-13.496,-35.564
2157,21,59,1486.742,598.485,52201.758,2,131,464.549,360.976,NA,12.121,0.04,0,13.496
2158,21,60,1510.227,598.106,52501.768,2,50,488.037,383.306,NA,23.488,0.078,-0.924,-0.924
2159,21,61,1523.485,598.106,52801.778,2,140,501.295,395.906,NA,13.258,0.044,0,0.924
2160,21,62,1531.439,593.939,53101.788,2,121,510.274,404.757,NA,8.98,0.03,-27.646,-27.646
2161,21,63,1534.091,594.318,53401.798,2,143,512.953,407.162,NA,2.678,0.009,8.13,35.776
2162,21,64,1543.182,596.212,53701.808,2,84,522.239,415.258,NA,9.286,0.031,11.768,3.638
2163,22,1,1043.182,454.167,41401.394,2,73,0,0,NA,NA,NA,NA,NA
2164,22,2,1043.561,448.485,41701.404,2,54,5.694,5.694,NA,5.694,0.019,-86.186,NA
2165,22,3,1043.561,437.879,42001.414,2,90,16.3,16.292,NA,10.606,0.035,-90,-3.814
2166,22,4,1050.379,437.879,42301.424,2,92,23.119,17.807,NA,6.818,0.023,0,90
2167,22,5,1050.379,435.227,42601.434,2,98,25.77,20.261,NA,2.652,0.009,-90,-90
2168,22,6,1050.379,435.227,42901.444,2,84,25.77,20.261,NA,0,0,0,90
2169,22,7,1053.409,427.652,43201.455,2,87,33.93,28.419,NA,8.159,0.027,-68.199,-68.199
2170,22,8,1053.409,408.712,43501.465,2,163,52.869,46.591,NA,18.939,0.063,-90,-21.801
2171,22,9,1053.409,408.712,43801.475,2,74,52.869,46.591,NA,0,0,0,90
2172,22,10,1047.348,396.591,44101.485,2,83,66.421,57.726,NA,13.552,0.045,-116.565,-116.565
2173,22,11,1039.394,386.364,44401.495,2,218,79.377,67.909,NA,12.957,0.043,-127.875,-11.31
2174,22,12,1039.394,375.379,44701.505,2,155,90.362,78.879,NA,10.985,0.037,-90,37.875
2175,22,13,1048.106,360.985,45001.515,2,115,107.187,93.312,NA,16.825,0.056,-58.815,31.185
2176,22,14,1053.03,354.924,45301.525,2,189,114.996,99.73,NA,7.809,0.026,-50.906,7.909
2177,22,15,1059.848,349.242,45601.535,2,152,123.872,106.24,NA,8.875,0.03,-39.806,11.101
2178,22,16,1069.697,341.667,45901.546,2,141,136.297,115.582,NA,12.425,0.041,-37.569,2.237
2179,22,17,1084.091,322.98,46201.556,2,141,159.885,137.417,NA,23.588,0.079,-52.394,-14.825
2180,22,18,1078.03,322.98,46501.566,2,160,165.945,135.737,NA,6.061,0.02,180,-127.606
2181,22,19,1080.556,330.556,46801.576,2,150,173.931,129.138,NA,7.986,0.027,71.565,-108.435
2182,22,20,1081.061,330.556,47101.586,2,163,174.436,129.285,NA,0.505,0.002,0,-71.565
2183,22,21,1083.081,335.606,47401.596,2,152,179.875,125.094,NA,5.44,0.018,68.199,68.199
2184,22,22,1077.525,355.808,47701.606,2,94,200.827,104.182,NA,20.952,0.07,105.376,37.178
2185,22,23,1080.556,356.313,48001.616,2,246,203.899,104.748,NA,3.072,0.01,9.462,-95.914
2186,22,24,1080.556,365.404,48301.626,2,102,212.99,96.31,NA,9.091,0.03,90,80.538
2187,22,25,1084.596,363.384,48601.636,2,144,217.508,99.783,NA,4.517,0.015,-26.565,-116.565
2188,22,26,1090.152,357.828,48901.647,2,170,225.364,107.179,NA,7.857,0.026,-45,-18.435
2189,22,27,1097.222,357.828,49201.657,2,188,232.435,110.46,NA,7.071,0.024,0,45
2190,22,28,1104.798,364.899,49501.667,2,146,242.798,108.468,NA,10.363,0.035,43.025,43.025
2191,22,29,1104.798,363.889,49801.677,2,66,243.808,109.301,NA,1.01,0.003,-90,-133.025
2192,22,30,1102.778,348.232,50101.687,2,134,259.594,121.547,NA,15.786,0.053,-97.352,-7.352
2193,22,31,1100.758,334.091,50401.697,2,113,273.879,133.166,NA,14.285,0.048,-98.13,-0.778
2194,22,32,1100.758,333.081,50701.707,2,86,274.889,134.077,NA,1.01,0.003,-90,8.13
2195,22,33,1108.838,309.343,51001.717,2,211,299.965,159.011,NA,25.075,0.084,-71.2,18.8
2196,22,34,1098.232,287.626,51301.727,2,249,324.133,175.403,NA,24.169,0.081,-116.03,-44.829
2197,22,35,1105.303,275,51601.737,2,224,338.604,189.631,NA,14.471,0.048,-60.751,55.278
2198,22,36,1108.333,268.434,51901.748,2,155,345.836,196.828,NA,7.231,0.024,-65.225,-4.474
2199,22,37,1112.374,248.232,52201.758,2,191,366.438,217.247,NA,20.602,0.069,-78.69,-13.465
2200,22,38,1112.374,239.646,52501.768,2,183,375.024,225.403,NA,8.586,0.029,-90,-11.31
2201,22,39,1108.838,232.071,52801.778,2,156,383.384,231.597,NA,8.36,0.028,-115.017,-25.017
2202,22,40,1103.788,227.02,53101.788,2,169,390.526,235.093,NA,7.142,0.024,-135,-19.983
2203,22,41,1101.894,223.864,53401.798,2,222,394.207,237.669,NA,3.681,0.012,-120.964,14.036
2204,22,42,1100.379,217.424,53701.808,2,223,400.823,243.554,NA,6.615,0.022,-103.241,17.723
2205,22,43,1094.318,214.015,54001.818,2,248,407.776,245.535,NA,6.954,0.023,-150.642,-47.402
2206,22,44,1094.318,208.333,54301.828,2,209,413.458,251.096,NA,5.682,0.019,-90,60.642
2207,22,45,1094.318,208.333,54601.838,2,255,413.458,251.096,NA,0,0,0,90
2208,22,46,1096.591,209.47,54901.849,2,255,415.999,250.458,NA,2.541,0.008,26.565,26.565
2209,22,47,1096.591,209.47,55201.859,2,255,415.999,250.458,NA,0,0,0,-26.565
2210,22,48,1096.591,209.47,55501.869,2,213,415.999,250.458,NA,0,0,0,0
2211,22,49,1096.591,209.47,55801.879,2,220,415.999,250.458,NA,0,0,0,0
2212,22,50,1095.833,203.788,56101.889,2,195,421.731,255.855,NA,5.732,0.019,-97.595,-97.595
2213,22,51,1095.833,198.864,56401.899,2,192,426.655,260.676,NA,4.924,0.016,-90,7.595
2214,22,52,1095.455,191.288,56701.909,2,104,434.241,268.026,NA,7.585,0.025,-92.862,-2.862
2215,22,53,1094.318,183.333,57001.919,2,221,442.276,275.619,NA,8.035,0.027,-98.13,-5.268
2216,22,54,1095.076,175.758,57301.929,2,199,449.889,283.204,NA,7.614,0.025,-84.289,13.841
2217,22,55,1095.455,173.485,57601.939,2,155,452.194,285.508,NA,2.304,0.008,-80.538,3.752
2218,22,56,1090.53,167.424,57901.95,2,168,460.002,290.625,NA,7.809,0.026,-129.094,-48.556
2219,22,57,1090.53,167.424,58201.96,2,165,460.002,290.625,NA,0,0,0,129.094
2220,22,58,1083.333,157.955,58501.97,2,181,471.897,298.921,NA,11.894,0.04,-127.235,-127.235
2221,22,59,1082.576,132.955,58801.98,2,164,496.908,323.619,NA,25.011,0.083,-91.736,35.499
2222,22,60,1077.652,102.273,59101.99,2,100,527.983,353.578,NA,31.074,0.104,-99.118,-7.382
2223,22,61,1075,93.939,59402,2,92,536.728,361.63,NA,8.745,0.029,-107.65,-8.532
2224,22,62,1073.106,93.561,59702.01,2,140,538.659,361.846,NA,1.931,0.006,-168.69,-61.04
2225,22,63,1073.106,93.561,60002.02,2,159,538.659,361.846,NA,0,0,0,168.69
2226,22,64,1071.591,78.788,60302.03,2,7,553.509,376.452,NA,14.85,0.049,-95.856,-95.856
2227,22,65,1065.152,76.136,60602.04,2,110,560.473,378.668,NA,6.964,0.023,-157.62,-61.764
2228,22,66,1065.152,67.803,60902.051,2,83,568.807,386.988,NA,8.333,0.028,-90,67.62
2229,22,67,1058.333,69.318,61202.061,2,130,575.791,385.147,NA,6.985,0.023,167.471,-102.529
2230,22,68,1069.697,73.485,61502.071,2,151,587.894,381.604,NA,12.103,0.04,20.136,-147.335
2231,22,69,1085.985,73.485,61802.081,2,209,604.182,383.081,NA,16.288,0.054,0,-20.136
2232,22,70,1087.5,64.773,62102.091,2,57,613.025,391.908,NA,8.843,0.029,-80.134,-80.134
2233,22,71,1081.439,64.773,62402.101,2,80,619.086,391.269,NA,6.061,0.02,180,-99.866
2234,22,72,1089.015,64.773,62702.111,2,128,626.662,392.082,NA,7.576,0.025,0,-180
2235,22,73,1072.348,55.682,63002.121,2,164,645.646,399.551,NA,18.985,0.063,-151.39,-151.39
2236,22,74,1070.833,44.318,63302.131,2,79,657.111,410.78,NA,11.464,0.038,-97.595,53.795
2237,22,75,1060.985,26.136,63602.141,2,150,677.788,428.4,NA,20.678,0.069,-118.443,-20.848
2238,22,76,1054.545,22.348,63902.152,2,78,685.259,431.968,NA,7.471,0.025,-149.534,-31.092
2239,22,77,1034.47,30.303,64202.162,2,78,706.853,423.953,NA,21.594,0.072,158.385,-52.08
2240,22,78,1026.136,32.955,64502.172,2,31,715.598,421.557,NA,8.745,0.029,162.35,3.965
2241,22,79,1011.742,30.682,64802.182,2,100,730.171,424.65,NA,14.572,0.049,-171.027,26.623
2242,22,80,968.182,10.606,65102.192,2,58,778.135,449.857,NA,47.964,0.16,-155.256,15.771
2243,22,81,953.03,8.333,65402.202,2,78,793.456,454.857,NA,15.321,0.051,-171.469,-16.213
2244,23,1,1071.97,455.303,42001.414,2,41,0,0,NA,NA,NA,NA,NA
2245,23,2,1071.591,439.773,42301.424,2,100,15.535,15.535,NA,15.535,0.052,-91.397,NA
2246,23,3,1087.121,424.242,42601.434,2,70,37.498,34.559,NA,21.963,0.073,-45,46.397
2247,23,4,1109.091,409.091,42901.444,2,101,64.186,59.275,NA,26.688,0.089,-34.592,10.408
2248,23,5,1109.47,395.076,43201.455,2,89,78.206,70.948,NA,14.02,0.047,-88.452,-53.86
2249,23,6,1109.47,395.076,43501.465,2,159,78.206,70.948,NA,0,0,0,88.452
2250,23,7,1106.818,389.394,43801.475,2,187,84.476,74.555,NA,6.27,0.021,-115.017,-115.017
2251,23,8,1117.803,378.788,44101.485,2,122,99.746,89.192,NA,15.269,0.051,-43.995,71.022
2252,23,9,1122.475,364.394,44401.495,2,138,114.879,103.996,NA,15.133,0.05,-72.019,-28.024
2253,23,10,1123.485,360.859,44701.505,2,76,118.556,107.58,NA,3.677,0.012,-74.055,-2.036
2254,23,11,1123.485,360.859,45001.515,2,169,118.556,107.58,NA,0,0,0,74.055
2255,23,12,1123.485,360.859,45301.525,2,96,118.556,107.58,NA,0,0,0,0
2256,23,13,1132.576,337.626,45601.535,2,178,143.503,132.367,NA,24.948,0.083,-68.629,-68.629
2257,23,14,1140.152,319.949,45901.546,2,92,162.735,151.556,NA,19.232,0.064,-66.801,1.828
2258,23,15,1158.838,308.838,46201.556,2,77,184.476,170.288,NA,21.741,0.072,-30.735,36.066
2259,23,16,1170.96,278.535,46501.566,2,156,217.113,202.598,NA,32.637,0.109,-68.199,-37.463
2260,23,17,1170.96,273.485,46801.576,2,176,222.163,207.019,NA,5.051,0.017,-90,-21.801
2261,23,18,1170.96,266.919,47101.586,2,162,228.729,212.809,NA,6.566,0.022,-90,0
2262,23,19,1178.03,266.919,47401.596,2,91,235.8,216.188,NA,7.071,0.024,0,90
2263,23,20,1194.192,257.828,47701.606,2,81,254.343,232.238,NA,18.543,0.062,-29.358,-29.358
2264,23,21,1202.778,239.646,48001.616,2,144,274.45,252.227,NA,20.107,0.067,-64.722,-35.365
2265,23,22,1205.303,229.545,48301.626,2,126,284.862,262.191,NA,10.412,0.035,-75.964,-11.241
2266,23,23,1219.444,206.818,48601.636,2,96,311.629,288.952,NA,26.768,0.089,-58.109,17.855
2267,23,24,1223.99,200.253,48901.647,2,111,319.615,296.919,NA,7.986,0.027,-55.305,2.804
2268,23,25,1218.939,193.687,49201.657,2,107,327.898,300.072,NA,8.283,0.028,-127.569,-72.264
2269,23,26,1215.909,176.01,49501.667,2,109,345.833,314.202,NA,17.935,0.06,-99.728,27.841
2270,23,27,1212.879,162.879,49801.677,2,110,359.309,324.603,NA,13.476,0.045,-102.995,-3.267
2271,23,28,1207.828,153.283,50101.687,2,107,370.153,331.17,NA,10.844,0.036,-117.759,-14.764
2272,23,29,1192.677,150.253,50401.697,2,121,385.605,328.064,NA,15.452,0.052,-168.69,-50.932
2273,23,30,1175,150.758,50701.707,2,150,403.289,321.501,NA,17.684,0.059,178.363,-12.947
2274,23,31,1175,150.253,51001.717,2,137,403.794,321.98,NA,0.505,0.002,-90,91.637
2275,23,32,1175,150.253,51301.727,2,144,403.794,321.98,NA,0,0,0,90
2276,23,33,1188.636,134.091,51601.737,2,125,424.94,341.743,NA,21.146,0.07,-49.844,-49.844
2277,23,34,1199.242,134.091,51901.748,2,197,435.546,345.508,NA,10.606,0.035,0,49.844
2278,23,35,1212.374,133.081,52201.758,2,83,448.716,351.483,NA,13.17,0.044,-4.399,-4.399
2279,23,36,1218.939,118.434,52501.768,2,83,464.767,367.533,NA,16.051,0.054,-65.854,-61.456
2280,23,37,1227.525,115.404,52801.778,2,164,473.872,373.803,NA,9.105,0.03,-19.44,46.414
2281,23,38,1232.576,109.343,53101.788,2,100,481.761,381.421,NA,7.889,0.026,-50.194,-30.754
2282,23,39,1232.576,109.343,53401.798,2,86,481.761,381.421,NA,0,0,0,50.194
2283,23,40,1232.576,109.343,53701.808,2,153,481.761,381.421,NA,0,0,0,0
2284,23,41,1235.101,112.879,54001.818,2,189,486.105,379.297,NA,4.345,0.014,54.462,54.462
2285,23,42,1236.616,112.879,54301.828,2,143,487.621,379.951,NA,1.515,0.005,0,-54.462
2286,23,43,1237.121,112.879,54601.838,2,133,488.126,380.17,NA,0.505,0.002,0,0
2287,23,44,1237.121,118.434,54901.849,2,222,493.681,375.174,NA,5.556,0.019,90,90
2288,23,45,1237.121,116.919,55201.859,2,125,495.196,376.535,NA,1.515,0.005,-90,-180
2289,23,46,1240.657,112.374,55501.869,2,183,500.955,382.172,NA,5.758,0.019,-52.125,37.875
2290,23,47,1248.737,103.788,55801.879,2,142,512.745,393.459,NA,11.791,0.039,-46.736,5.389
2291,23,48,1268.434,98.737,56101.889,2,109,533.08,407.109,NA,20.334,0.068,-14.381,32.354
2292,23,49,1278.535,76.515,56401.899,2,72,557.49,431.451,NA,24.41,0.081,-65.556,-51.175
2293,23,50,1289.646,56.818,56701.909,2,208,580.104,454.063,NA,22.615,0.075,-60.573,4.984
2294,23,51,1291.162,53.283,57001.919,2,215,583.951,457.892,NA,3.846,0.013,-66.801,-6.229
2295,23,52,1285.101,42.172,57301.929,2,115,596.607,464.868,NA,12.657,0.042,-118.61,-51.809
2296,23,53,1273.485,37.121,57601.939,2,158,609.274,464.203,NA,12.667,0.042,-156.501,-37.891
2297,23,54,1277.02,27.02,57901.95,2,91,619.976,474.839,NA,10.702,0.036,-70.71,85.791
2298,24,1,899.242,492.045,40501.364,2,81,0,0,NA,NA,NA,NA,NA
2299,24,2,899.242,486.364,40801.374,2,107,5.682,5.682,NA,5.682,0.019,-90,NA
2300,24,3,902.273,482.955,41101.384,2,58,10.243,9.583,NA,4.561,0.015,-48.366,41.634
2301,24,4,904.167,485.227,41401.394,2,51,13.201,8.41,NA,2.958,0.01,50.194,98.561
2302,24,5,898.106,485.227,41701.404,2,45,19.262,6.912,NA,6.061,0.02,180,129.806
2303,24,6,898.106,485.227,42001.414,2,86,19.262,6.912,NA,0,0,0,-180
2304,24,7,898.106,485.227,42301.424,2,93,19.262,6.912,NA,0,0,0,0
2305,24,8,888.636,485.227,42601.434,2,41,28.732,12.609,NA,9.47,0.032,180,180
2306,24,9,888.636,483.333,42901.444,2,31,30.626,13.726,NA,1.894,0.006,-90,90
2307,24,10,883.333,479.924,43201.455,2,124,36.93,20.001,NA,6.304,0.021,-147.265,-57.265
2308,24,11,882.197,479.545,43501.465,2,113,38.128,21.138,NA,1.198,0.004,-161.565,-14.3
2309,24,12,882.197,479.545,43801.475,2,104,38.128,21.138,NA,0,0,0,161.565
2310,24,13,882.197,469.318,44101.485,2,148,48.355,28.409,NA,10.227,0.034,-90,-90
2311,24,14,887.879,468.561,44401.495,2,72,54.087,26.09,NA,5.732,0.019,-7.595,82.405
2312,24,15,887.879,453.409,44701.505,2,116,69.239,40.273,NA,15.152,0.051,-90,-82.405
2313,24,16,887.879,453.788,45001.515,2,111,69.617,39.91,NA,0.379,0.001,90,180
2314,24,17,887.879,453.788,45301.525,2,67,69.617,39.91,NA,0,0,0,-90
2315,24,18,880.303,447.727,45601.535,2,90,79.319,48.195,NA,9.702,0.032,-141.34,-141.34
2316,24,19,874.621,442.803,45901.546,2,95,86.838,55.055,NA,7.519,0.025,-139.086,2.255
2317,24,20,870.455,439.394,46201.556,2,40,92.222,60.008,NA,5.384,0.018,-140.711,-1.625
2318,24,21,870.076,439.394,46501.566,2,79,92.6,60.19,NA,0.379,0.001,180,-39.289
2319,24,22,863.258,433.333,46801.576,2,146,101.723,68.862,NA,9.122,0.03,-138.366,41.634
2320,24,23,864.773,430.682,47101.586,2,144,104.777,70.382,NA,3.054,0.01,-60.255,78.111
2321,24,24,870.076,428.409,47401.596,2,107,110.546,70.002,NA,5.77,0.019,-23.199,37.057
2322,24,25,880.303,425.379,47701.606,2,127,121.213,69.305,NA,10.667,0.036,-16.504,6.694
2323,24,26,890.909,417.803,48001.616,2,151,134.247,74.709,NA,13.034,0.043,-35.538,-19.033
2324,24,27,903.409,399.621,48301.626,2,103,156.311,92.518,NA,22.064,0.074,-55.491,-19.954
2325,24,28,901.136,383.333,48601.636,2,170,172.757,108.729,NA,16.446,0.055,-97.943,-42.452
2326,24,29,901.136,368.561,48901.647,2,73,187.529,123.499,NA,14.773,0.049,-90,7.943
2327,24,30,878.03,355.682,49201.657,2,109,213.982,138.004,NA,26.453,0.088,-150.866,-60.866
2328,24,31,870.076,340.53,49501.667,2,88,231.095,154.297,NA,17.113,0.057,-117.699,33.166
2329,24,32,870.076,323.864,49801.677,2,142,247.761,170.692,NA,16.667,0.056,-90,27.699
2330,24,33,869.697,315.152,50101.687,2,71,256.482,179.344,NA,8.72,0.029,-92.49,-2.49
2331,24,34,869.697,315.152,50401.697,2,98,256.482,179.344,NA,0,0,0,92.49
2332,24,35,869.697,315.152,50701.707,2,65,256.482,179.344,NA,0,0,0,0
2333,24,36,863.258,318.939,51001.717,2,69,263.953,176.807,NA,7.471,0.025,149.534,149.534
2334,24,37,863.258,315.152,51301.727,2,146,267.741,180.517,NA,3.788,0.013,-90,120.466
2335,24,38,864.015,314.015,51601.737,2,99,269.106,181.482,NA,1.366,0.005,-56.31,33.69
2336,24,39,879.924,298.864,51901.748,2,116,291.076,194.145,NA,21.97,0.073,-43.603,12.707
2337,24,40,885.606,290.152,52201.758,2,146,301.477,202.354,NA,10.401,0.035,-56.889,-13.286
2338,24,41,891.667,280.303,52501.768,2,57,313.041,211.878,NA,11.564,0.039,-58.392,-1.504
2339,24,42,892.045,270.076,52801.778,2,137,323.275,222.086,NA,10.234,0.034,-87.879,-29.486
2340,24,43,907.955,254.545,53101.788,2,206,345.508,237.66,NA,22.233,0.074,-44.31,43.569
2341,24,44,913.258,248.485,53401.798,2,186,353.561,243.964,NA,8.053,0.027,-48.814,-4.504
2342,24,45,916.288,240.152,53701.808,2,93,362.428,252.47,NA,8.867,0.03,-70.017,-21.203
2343,24,46,927.652,219.318,54001.818,2,127,386.159,274.203,NA,23.731,0.079,-61.39,8.627
2344,24,47,919.318,204.167,54301.828,2,66,403.451,288.578,NA,17.292,0.058,-118.811,-57.421
2345,24,48,919.318,195.833,54601.838,2,170,411.785,296.892,NA,8.333,0.028,-90,28.811
2346,24,49,916.667,185.227,54901.849,2,245,422.717,307.313,NA,10.932,0.036,-104.036,-14.036
2347,24,50,915.152,183.712,55201.859,2,255,424.86,308.743,NA,2.143,0.007,-135,-30.964
2348,24,51,915.152,183.712,55501.869,2,181,424.86,308.743,NA,0,0,0,135
2349,24,52,915.152,183.712,55801.879,2,255,424.86,308.743,NA,0,0,0,0
2350,24,53,915.152,183.712,56101.889,2,255,424.86,308.743,NA,0,0,0,0
2351,24,54,915.152,183.712,56401.899,2,220,424.86,308.743,NA,0,0,0,0
2352,24,55,914.773,182.576,56701.909,2,127,426.058,309.859,NA,1.198,0.004,-108.435,-108.435
2353,24,56,916.288,180.303,57001.919,2,130,428.789,312.208,NA,2.731,0.009,-56.31,52.125
2354,24,57,916.288,180.303,57301.929,2,176,428.789,312.208,NA,0,0,0,56.31
2355,24,58,916.288,180.303,57601.939,2,136,428.789,312.208,NA,0,0,0,0
2356,24,59,917.424,174.242,57901.95,2,98,434.955,318.323,NA,6.166,0.021,-79.38,-79.38
2357,24,60,922.727,179.924,58201.96,2,82,442.727,313.003,NA,7.772,0.026,46.975,126.355
2358,24,61,929.924,179.924,58501.97,2,183,449.924,313.626,NA,7.197,0.024,0,-46.975
2359,24,62,935.606,170.076,58801.98,2,140,461.294,324.017,NA,11.37,0.038,-60.018,-60.018
2360,24,63,942.424,160.227,59101.99,2,133,473.273,334.616,NA,11.978,0.04,-55.305,4.714
2361,24,64,946.591,145.455,59402,2,135,488.622,349.81,NA,15.349,0.051,-74.249,-18.944
2362,24,65,946.591,140.909,59702.01,2,177,493.167,354.314,NA,4.545,0.015,-90,-15.751
2363,24,66,946.591,140.909,60002.02,2,73,493.167,354.314,NA,0,0,0,90
2364,24,67,946.591,140.909,60302.03,2,47,493.167,354.314,NA,0,0,0,0
2365,24,68,946.591,153.03,60602.04,2,166,505.288,342.306,NA,12.121,0.04,90,90
2366,24,69,960.985,146.212,60902.051,2,198,521.216,351.302,NA,15.927,0.053,-25.346,-115.346
2367,24,70,966.288,140.909,61202.061,2,152,528.715,357.48,NA,7.5,0.025,-45,-19.654
2368,24,71,958.712,137.5,61502.071,2,116,537.023,359.498,NA,8.307,0.028,-155.772,-110.772
2369,24,72,940.152,135.227,61802.081,2,133,555.722,359.156,NA,18.699,0.062,-173.019,-17.247
2370,24,73,939.394,125.379,62102.091,2,139,565.599,368.858,NA,9.878,0.033,-94.399,78.62
2371,24,74,928.788,104.167,62402.101,2,78,589.315,389.002,NA,23.716,0.079,-116.565,-22.166
2372,24,75,923.106,92.045,62702.111,2,87,602.702,400.711,NA,13.387,0.045,-115.115,1.45
2373,24,76,914.015,87.121,63002.121,2,101,613.041,405.194,NA,10.339,0.034,-151.557,-36.442
2374,24,77,893.561,70.076,63302.131,2,62,639.667,422.008,NA,26.626,0.089,-140.194,11.363
2375,24,78,891.667,57.197,63602.141,2,121,652.684,434.914,NA,13.017,0.043,-98.366,41.829
2376,24,79,878.788,38.258,63902.152,2,184,675.588,454.249,NA,22.903,0.076,-124.216,-25.85
2377,24,80,872.348,23.485,64202.162,2,92,691.703,469.332,NA,16.115,0.054,-113.552,10.663
2378,24,81,845.455,10.227,64502.172,2,48,721.687,484.811,NA,29.984,0.1,-153.759,-40.206
2379,24,82,841.667,6.818,64802.182,2,129,726.783,488.631,NA,5.096,0.017,-138.013,15.746
2380,24,83,840.53,2.273,65102.192,2,110,731.468,493.279,NA,4.685,0.016,-104.036,33.977
2381,25,1,720.455,685.606,34801.172,2,25,0,0,NA,NA,NA,NA,NA
2382,25,2,716.288,676.136,35101.182,2,52,10.346,10.346,NA,10.346,0.034,-113.749,NA
2383,25,3,713.636,672.727,35401.192,2,27,14.665,14.572,NA,4.319,0.014,-127.875,-14.125
2384,25,4,712.121,667.424,35701.202,2,67,20.18,20.001,NA,5.515,0.018,-105.945,21.93
2385,25,5,709.47,661.742,36001.212,2,61,26.45,26.271,NA,6.27,0.021,-115.017,-9.071
2386,25,6,709.47,660.985,36301.222,2,42,27.208,26.961,NA,0.758,0.003,-90,25.017
2387,25,7,703.03,655.303,36601.232,2,51,35.795,34.955,NA,8.588,0.029,-138.576,-48.576
2388,25,8,703.03,645.076,36901.242,2,53,46.023,44.117,NA,10.227,0.034,-90,48.576
2389,25,9,706.061,645.076,37201.253,2,68,49.053,43.01,NA,3.03,0.01,0,90
2390,25,10,711.364,645.833,37501.263,2,56,54.41,40.798,NA,5.357,0.018,8.13,8.13
2391,25,11,713.636,634.091,37801.273,2,59,66.37,51.964,NA,11.96,0.04,-79.046,-87.176
2392,25,12,713.636,634.091,38101.283,2,78,66.37,51.964,NA,0,0,0,79.046
2393,25,13,721.212,628.788,38401.293,2,71,75.617,56.823,NA,9.247,0.031,-34.992,-34.992
2394,25,14,719.697,607.197,38701.303,2,31,97.261,78.413,NA,21.644,0.072,-94.014,-59.022
2395,25,15,716.288,595.076,39001.313,2,62,109.853,90.626,NA,12.591,0.042,-105.709,-11.694
2396,25,16,712.121,586.364,39301.323,2,96,119.51,99.592,NA,9.657,0.032,-115.56,-9.851
2397,25,17,711.742,585.606,39601.333,2,64,120.357,100.379,NA,0.847,0.003,-116.565,-1.005
2398,25,18,699.242,582.576,39901.343,2,91,133.219,105.191,NA,12.862,0.043,-166.373,-49.808
2399,25,19,695.455,576.136,40201.354,2,56,140.69,112.288,NA,7.471,0.025,-120.466,45.907
2400,25,20,687.5,564.394,40501.364,2,37,154.873,125.612,NA,14.183,0.047,-124.114,-3.649
2401,25,21,679.924,550,40801.374,2,67,171.139,141.533,NA,16.266,0.054,-117.759,6.356
2402,25,22,675.379,541.667,41101.384,2,45,180.631,150.832,NA,9.492,0.032,-118.61,-0.852
2403,25,23,665.152,536.742,41401.394,2,82,191.982,158.804,NA,11.351,0.038,-154.29,-35.68
2404,25,24,672.727,531.061,41701.404,2,84,201.452,161.747,NA,9.47,0.032,-36.87,117.42
2405,25,25,670.455,517.424,42001.414,2,65,215.277,175.457,NA,13.824,0.046,-99.462,-62.592
2406,25,26,665.53,514.394,42301.424,2,49,221.059,179.806,NA,5.782,0.019,-148.392,-48.93
2407,25,27,662.121,505.682,42601.434,2,113,230.414,189.144,NA,9.355,0.031,-111.371,37.022
2408,25,28,655.303,507.197,42901.444,2,34,237.398,189.933,NA,6.985,0.023,167.471,-81.158
2409,25,29,651.136,501.894,43201.455,2,90,244.143,196.355,NA,6.744,0.022,-128.157,64.372
2410,25,30,646.212,490.53,43501.465,2,94,256.527,208.726,NA,12.385,0.041,-113.429,14.729
2411,25,31,646.212,490.152,43801.475,2,74,256.906,209.08,NA,0.379,0.001,-90,23.429
2412,25,32,643.939,488.258,44101.485,2,47,259.864,211.662,NA,2.958,0.01,-140.194,-50.194
2413,25,33,643.939,487.5,44401.495,2,20,260.622,212.369,NA,0.758,0.003,-90,50.194
2414,25,34,636.742,491.667,44701.505,2,43,268.938,211.235,NA,8.316,0.028,149.931,-120.069
2415,25,35,630.682,488.258,45001.515,2,51,275.892,216.808,NA,6.954,0.023,-150.642,59.426
2416,25,36,630.303,488.258,45301.525,2,64,276.27,216.965,NA,0.379,0.001,180,-29.358
2417,25,37,629.167,495.455,45601.535,2,66,283.557,210.929,NA,7.286,0.024,98.973,-81.027
2418,25,38,620.833,495.833,45901.546,2,47,291.899,214.332,NA,8.342,0.028,177.397,78.425
2419,25,39,621.97,501.515,46201.556,2,87,297.693,208.779,NA,5.794,0.019,78.69,-98.707
2420,25,40,616.667,496.212,46501.566,2,67,305.193,215.968,NA,7.5,0.025,-135,146.31
2421,25,41,616.667,489.015,46801.576,2,72,312.389,222.306,NA,7.197,0.024,-90,45
2422,25,42,613.636,485.985,47101.586,2,63,316.675,226.404,NA,4.285,0.014,-135,-45
2423,25,43,616.667,482.576,47401.596,2,68,321.236,228.02,NA,4.561,0.015,-48.366,86.634
2424,25,44,622.348,479.924,47701.606,2,45,327.506,227.881,NA,6.27,0.021,-25.017,23.35
2425,25,45,626.136,485.227,48001.616,2,53,334.023,221.467,NA,6.517,0.022,54.462,79.479
2426,25,46,635.227,485.227,48301.626,2,93,343.114,217.751,NA,9.091,0.03,0,-54.462
2427,25,47,641.667,485.227,48601.636,2,36,349.553,215.312,NA,6.439,0.021,0,0
2428,25,48,654.545,478.03,48901.647,2,26,364.307,217.788,NA,14.753,0.049,-29.197,-29.197
2429,25,49,654.167,483.333,49201.657,2,81,369.623,212.858,NA,5.317,0.018,94.086,123.283
2430,25,50,654.167,487.121,49501.667,2,70,373.411,209.261,NA,3.788,0.013,90,-4.086
2431,25,51,659.091,489.773,49801.677,2,42,379.004,205.222,NA,5.593,0.019,28.301,-61.699
2432,25,52,657.955,489.015,50101.687,2,77,380.37,206.287,NA,1.366,0.005,-146.31,-174.611
2433,25,53,657.955,489.015,50401.697,2,166,380.37,206.287,NA,0,0,0,146.31
2434,25,54,657.955,489.015,50701.707,2,51,380.37,206.287,NA,0,0,0,0
2435,25,55,663.258,489.394,51001.717,2,58,385.686,204.379,NA,5.317,0.018,4.086,4.086
2436,25,56,663.258,492.803,51301.727,2,66,389.095,201.108,NA,3.409,0.011,90,85.914
2437,25,57,661.742,471.212,51601.737,2,58,410.739,222.288,NA,21.644,0.072,-94.014,175.986
2438,25,58,668.561,472.348,51901.748,2,49,417.652,219.481,NA,6.912,0.023,9.462,103.476
2439,25,59,692.424,460.985,52201.758,2,51,444.083,226.363,NA,26.431,0.088,-25.463,-34.926
2440,25,60,713.258,437.879,52501.768,2,89,475.194,247.832,NA,31.111,0.104,-47.961,-22.498
2441,25,61,706.439,440.152,52801.778,2,40,482.381,245.854,NA,7.187,0.024,161.565,-150.474
2442,25,62,714.773,435.227,53101.788,2,122,492.061,250.443,NA,9.679,0.032,-30.579,167.856
2443,25,63,721.212,430.682,53401.798,2,158,499.943,254.925,NA,7.882,0.026,-35.218,-4.638
2444,25,64,715.152,434.47,53701.808,2,110,507.09,251.192,NA,7.147,0.024,147.995,-176.788
2445,25,65,712.5,430.303,54001.818,2,111,512.028,255.427,NA,4.939,0.016,-122.471,89.534
2446,25,66,719.318,440.152,54301.828,2,52,524.007,245.457,NA,11.978,0.04,55.305,177.776
2447,25,67,723.106,445.833,54601.838,2,60,530.835,239.787,NA,6.829,0.023,56.31,1.005
2448,25,68,723.106,445.833,54901.849,2,65,530.835,239.787,NA,0,0,0,-56.31
2449,25,69,729.924,445.833,55201.859,2,99,537.654,239.96,NA,6.818,0.023,0,0
2450,25,70,733.712,452.652,55501.869,2,47,545.453,233.331,NA,7.8,0.026,60.945,60.945
2451,25,71,749.621,451.515,55801.879,2,68,561.403,235.901,NA,15.95,0.053,-4.086,-65.031
2452,25,72,776.136,453.409,56101.889,2,59,587.986,238.78,NA,26.583,0.089,4.086,8.171
2453,25,73,773.106,462.5,56401.899,2,55,597.568,229.235,NA,9.583,0.032,108.435,104.349
2454,25,74,779.924,473.864,56701.909,2,70,610.82,219.935,NA,13.252,0.044,59.036,-49.399
2455,25,75,769.697,492.803,57001.919,2,80,632.345,198.992,NA,21.524,0.072,118.369,59.333
2456,25,76,767.424,506.439,57301.929,2,227,646.169,185.221,NA,13.824,0.046,99.462,-18.907
2457,25,77,774.242,504.167,57601.939,2,65,653.356,189.244,NA,7.187,0.024,-18.435,-117.897
2458,25,78,778.03,494.318,57901.95,2,92,663.908,199.765,NA,10.552,0.035,-68.962,-50.528
2459,25,79,779.545,498.106,58201.96,2,87,667.988,196.591,NA,4.08,0.014,68.199,137.161
2460,25,80,779.545,498.485,58501.97,2,59,668.366,196.23,NA,0.379,0.001,90,21.801
2461,25,81,772.348,510.606,58801.98,2,104,682.463,182.532,NA,14.097,0.047,120.7,30.7
2462,25,82,759.848,523.106,59101.99,2,67,700.141,167.207,NA,17.678,0.059,135,14.3
2463,25,83,742.045,534.848,59402,2,31,721.468,152.296,NA,21.327,0.071,146.592,11.592
2464,25,84,749.242,544.697,59702.01,2,110,733.666,143.82,NA,12.198,0.041,53.842,-92.75
2465,25,85,744.697,556.061,60002.02,2,105,745.905,131.794,NA,12.239,0.041,111.801,57.96
2466,25,86,735.606,556.061,60302.03,2,45,754.996,130.428,NA,9.091,0.03,180,68.199
2467,25,87,749.621,557.197,60602.04,2,65,769.057,131.68,NA,14.061,0.047,4.635,-175.365
2468,25,88,756.439,557.197,60902.051,2,64,775.875,133.356,NA,6.818,0.023,0,-4.635
2469,25,89,768.939,547.348,61202.061,2,34,791.789,146.513,NA,15.914,0.053,-38.234,-38.234
2470,25,90,769.318,552.273,61502.071,2,92,796.727,142.005,NA,4.939,0.016,85.601,123.835
2471,25,91,773.106,552.652,61802.081,2,68,800.534,143,NA,3.807,0.013,5.711,-79.891
2472,25,92,783.333,548.485,62102.091,2,45,811.578,150.851,NA,11.043,0.037,-22.166,-27.877
2473,25,93,782.576,541.288,62402.101,2,55,818.814,157.12,NA,7.237,0.024,-96.009,-73.843
2474,25,94,784.47,536.742,62702.111,2,50,823.739,162.044,NA,4.924,0.016,-67.38,28.629
2475,25,95,784.47,541.288,63002.121,2,63,828.284,157.879,NA,4.545,0.015,90,157.38
2476,25,96,785.227,541.288,63302.131,2,75,829.042,158.187,NA,0.758,0.003,0,-90
2477,25,97,781.439,549.242,63602.141,2,45,837.852,149.379,NA,8.81,0.029,115.463,115.463
2478,25,98,783.712,554.167,63902.152,2,23,843.275,145.869,NA,5.423,0.018,65.225,-50.238
2479,25,99,784.091,554.167,64202.162,2,69,843.654,146.034,NA,0.379,0.001,0,-65.225
2480,25,100,789.773,558.333,64502.172,2,61,850.7,144.925,NA,7.046,0.023,36.254,36.254
2481,26,1,654.167,724.621,37801.273,2,49,0,0,NA,NA,NA,NA,NA
2482,26,2,654.167,709.47,38101.283,2,74,15.152,15.152,NA,15.152,0.051,-90,NA
2483,26,3,656.818,705.682,38401.293,2,81,19.775,19.124,NA,4.624,0.015,-55.008,34.992
2484,26,4,661.364,703.409,38701.303,2,50,24.857,22.4,NA,5.082,0.017,-26.565,28.443
2485,26,5,657.955,699.242,39001.313,2,63,30.241,25.66,NA,5.384,0.018,-129.289,-102.724
2486,26,6,647.727,695.833,39301.323,2,66,41.021,29.499,NA,10.78,0.036,-161.565,-32.276
2487,26,7,638.258,682.576,39601.333,2,53,57.314,44.955,NA,16.292,0.054,-125.538,36.027
2488,26,8,623.485,670.076,39901.343,2,123,76.665,62.583,NA,19.352,0.065,-139.764,-14.226
2489,26,9,614.015,664.015,40201.354,2,52,87.908,72.7,NA,11.243,0.037,-147.381,-7.617
2490,26,10,610.606,638.636,40501.364,2,103,113.515,96.389,NA,25.607,0.085,-97.651,49.73
2491,26,11,596.591,621.97,40801.374,2,101,135.291,117.696,NA,21.776,0.073,-130.061,-32.41
2492,26,12,590.152,615.53,41101.384,2,140,144.398,126.486,NA,9.107,0.03,-135,-4.939
2493,26,13,571.97,615.53,41401.394,2,43,162.58,136.591,NA,18.182,0.061,180,-45
2494,26,14,557.955,610.227,41701.404,2,127,177.564,149.475,NA,14.985,0.05,-159.274,20.726
2495,26,15,553.03,598.106,42001.414,2,101,190.648,161.971,NA,13.083,0.044,-112.109,47.165
2496,26,16,547.727,582.955,42301.424,2,126,206.7,177.197,NA,16.053,0.054,-109.29,2.819
2497,26,17,545.833,567.803,42601.434,2,95,221.97,190.599,NA,15.269,0.051,-97.125,12.165
2498,26,18,549.621,555.682,42901.444,2,120,234.669,198.671,NA,12.699,0.042,-72.646,24.479
2499,26,19,552.273,540.909,43201.455,2,102,249.678,210.077,NA,15.009,0.05,-79.824,-7.179
2500,26,20,558.712,529.924,43501.465,2,124,262.411,216.837,NA,12.733,0.042,-59.621,20.204
2501,26,21,558.712,529.924,43801.475,2,204,262.411,216.837,NA,0,0,0,59.621
2502,26,22,558.712,529.924,44101.485,2,77,262.411,216.837,NA,0,0,0,0
2503,26,23,545.833,517.045,44401.495,2,86,280.624,234.145,NA,18.213,0.061,-135,-135
2504,26,24,540.152,497.727,44701.505,2,96,300.761,253.93,NA,20.136,0.067,-106.39,28.61
2505,26,25,532.197,488.636,45001.515,2,74,312.841,265.642,NA,12.08,0.04,-131.186,-24.796
2506,26,26,526.136,476.894,45301.525,2,123,326.055,278.856,NA,13.214,0.044,-117.3,13.886
2507,26,27,520.833,472.727,45601.535,2,56,332.799,285.006,NA,6.744,0.022,-141.843,-24.543
2508,26,28,520.833,479.167,45901.546,2,145,339.238,279.331,NA,6.439,0.021,90,-128.157
2509,26,29,520.833,479.167,46201.556,2,168,339.238,279.331,NA,0,0,0,-90
2510,26,30,523.485,470.455,46501.566,2,133,348.345,285.794,NA,9.107,0.03,-73.072,-73.072
2511,26,31,522.727,456.818,46801.576,2,114,362.002,298.32,NA,13.657,0.046,-93.18,-20.107
2512,26,32,513.636,444.697,47101.586,2,137,377.154,313.219,NA,15.152,0.051,-126.87,-33.69
2513,26,33,513.636,444.697,47401.596,2,54,377.154,313.219,NA,0,0,0,126.87
2514,26,34,505.303,427.652,47701.606,2,78,396.127,332.192,NA,18.973,0.063,-116.053,-116.053
2515,26,35,493.939,421.97,48001.616,2,147,408.832,342.448,NA,12.705,0.042,-153.435,-37.381
2516,26,36,493.939,421.591,48301.626,2,233,409.211,342.783,NA,0.379,0.001,-90,63.435
2517,26,37,490.152,418.561,48601.636,2,159,414.062,347.238,NA,4.851,0.016,-141.34,-51.34
2518,26,38,480.682,408.712,48901.647,2,70,427.725,360.41,NA,13.663,0.046,-133.877,7.463
2519,26,39,480.682,408.333,49201.657,2,113,428.103,360.742,NA,0.379,0.001,-90,43.877
2520,26,40,480.682,403.409,49501.667,2,111,433.028,365.067,NA,4.924,0.016,-90,0
2521,26,41,479.167,383.712,49801.677,2,221,452.783,383.202,NA,19.755,0.066,-94.399,-4.399
2522,26,42,471.97,378.03,50101.687,2,170,461.952,391.562,NA,9.169,0.031,-141.71,-47.311
2523,26,43,463.258,359.091,50401.697,2,107,482.799,412.382,NA,20.847,0.069,-114.702,27.007
2524,26,44,448.106,328.409,50701.707,2,166,517.018,446.593,NA,34.219,0.114,-116.281,-1.579
2525,26,45,435.606,325,51001.717,2,244,529.975,455.484,NA,12.957,0.043,-164.745,-48.463
2526,26,46,424.242,325,51301.727,2,124,541.339,461.045,NA,11.364,0.038,180,-15.255
2527,26,47,412.879,325,51601.737,2,172,552.702,466.816,NA,11.364,0.038,180,0
2528,26,48,407.576,344.318,51901.748,2,201,572.735,453.252,NA,20.033,0.067,105.35,-74.65
2529,26,49,393.182,351.136,52201.758,2,222,588.662,455.636,NA,15.927,0.053,154.654,49.304
2530,26,50,383.712,359.091,52501.768,2,145,601.029,454.707,NA,12.367,0.041,139.97,-14.684
2531,26,51,376.894,366.288,52801.778,2,167,610.943,453.082,NA,9.914,0.033,133.452,-6.518
2532,26,52,382.955,368.561,53101.788,2,44,617.416,447.588,NA,6.473,0.022,20.556,-112.896
2533,26,53,388.636,360.227,53401.798,2,238,627.502,450.876,NA,10.086,0.034,-55.713,-76.269
2534,26,54,383.333,360.227,53701.808,2,159,632.805,454.019,NA,5.303,0.018,180,-124.287
2535,26,55,383.333,360.227,54001.818,2,74,632.805,454.019,NA,0,0,0,-180
2536,26,56,378.03,350,54301.828,2,240,644.325,465.395,NA,11.52,0.038,-117.408,-117.408
2537,26,57,383.333,346.97,54601.838,2,166,650.433,464.727,NA,6.108,0.02,-29.745,87.663
2538,26,58,383.333,341.667,54901.849,2,110,655.736,469.047,NA,5.303,0.018,-90,-60.255
2539,26,59,396.591,331.061,55201.859,2,129,672.714,470.356,NA,16.978,0.057,-38.66,51.34
2540,26,60,403.03,314.394,55501.869,2,62,690.582,480.995,NA,17.867,0.06,-68.875,-30.215
2541,26,61,403.03,312.5,55801.879,2,110,692.476,482.611,NA,1.894,0.006,-90,-21.125
2542,26,62,407.576,299.621,56101.889,2,73,706.133,491.357,NA,13.657,0.046,-70.56,19.44
2543,26,63,420.455,285.985,56401.899,2,241,724.89,497.014,NA,18.757,0.063,-46.637,23.923
2544,26,64,421.212,278.409,56701.909,2,160,732.503,503.362,NA,7.614,0.025,-84.289,-37.653
2545,26,65,421.212,278.409,57001.919,2,173,732.503,503.362,NA,0,0,0,84.289
2546,26,66,421.212,282.197,57301.929,2,100,736.291,500.007,NA,3.788,0.013,90,90
2547,26,67,422.348,260.606,57601.939,2,106,757.912,518.7,NA,21.621,0.072,-86.987,-176.987
2548,26,68,420.833,248.485,57901.95,2,80,770.127,530.236,NA,12.216,0.041,-97.125,-10.138
2549,26,69,425.379,250.379,58201.96,2,232,775.052,526.545,NA,4.924,0.016,22.62,119.745
2550,26,70,428.409,260.227,58501.97,2,198,785.356,516.361,NA,10.304,0.034,72.897,50.277
2551,26,71,431.439,263.258,58801.98,2,134,789.641,512.312,NA,4.285,0.014,45,-27.897
2552,26,72,414.015,281.061,59101.99,2,136,814.552,504.399,NA,24.911,0.083,134.384,89.384
2553,26,73,403.409,292.424,59402,2,114,830.096,499.673,NA,15.544,0.052,133.025,-1.359
2554,26,74,396.212,297.727,59702.01,2,106,839.036,498.777,NA,8.94,0.03,143.616,10.591
2555,26,75,390.152,297.727,60002.02,2,155,845.097,501.939,NA,6.061,0.02,180,36.384
2556,26,76,378.409,299.621,60302.03,2,159,856.991,506.623,NA,11.894,0.04,170.838,-9.162
2557,26,77,362.879,307.576,60602.04,2,148,874.44,508.7,NA,17.449,0.058,152.879,-17.959
2558,26,78,362.5,307.576,60902.051,2,126,874.819,508.917,NA,0.379,0.001,180,27.121
2559,26,79,359.848,304.924,61202.061,2,128,878.568,512.61,NA,3.75,0.012,-135,45
2560,26,80,366.667,300,61502.071,2,66,886.979,512.796,NA,8.41,0.028,-35.838,99.162
2561,26,81,366.667,309.091,61802.081,2,141,896.07,505.294,NA,9.091,0.03,90,125.838
2562,26,82,359.848,309.091,62102.091,2,115,902.888,509.204,NA,6.818,0.023,180,90
2563,26,83,359.848,309.091,62402.101,2,114,902.888,509.204,NA,0,0,0,-180
2564,26,84,359.848,309.091,62702.111,2,79,902.888,509.204,NA,0,0,0,0
2565,26,85,359.848,309.091,63002.121,2,96,902.888,509.204,NA,0,0,0,0
2566,26,86,364.015,302.652,63302.131,2,125,910.558,512.1,NA,7.67,0.026,-57.095,-57.095
2567,26,87,353.409,293.939,63602.141,2,158,924.283,525.302,NA,13.726,0.046,-140.599,-83.505
2568,26,88,348.485,293.561,63902.152,2,94,929.222,528.445,NA,4.939,0.016,-175.601,-35.002
2569,26,89,348.106,293.561,64202.162,2,201,929.601,528.665,NA,0.379,0.001,180,-4.399
2570,26,90,348.106,293.561,64502.172,2,144,929.601,528.665,NA,0,0,0,-180
2571,26,91,344.318,295.455,64802.182,2,174,933.836,529.33,NA,4.235,0.014,153.435,153.435
2572,26,92,344.318,294.697,65102.192,2,176,934.593,529.944,NA,0.758,0.003,-90,116.565
2573,26,93,346.212,286.364,65402.202,2,142,943.139,535.636,NA,8.546,0.028,-77.196,12.804
2574,26,94,350.758,285.985,65702.212,2,140,947.7,533.347,NA,4.561,0.015,-4.764,72.432
2575,26,95,353.788,272.727,66002.222,2,69,961.3,542.619,NA,13.599,0.045,-77.125,-72.361
2576,26,96,337.121,276.515,66302.232,2,112,978.392,548.923,NA,17.092,0.057,167.196,-115.679
2577,26,97,337.121,287.5,66602.242,2,142,989.376,539.993,NA,10.985,0.037,90,-77.196
2578,26,98,334.091,290.152,66902.253,2,101,993.403,539.641,NA,4.027,0.013,138.814,48.814
2579,26,99,328.788,295.455,67202.263,2,150,1000.903,538.568,NA,7.5,0.025,135,-3.814
2580,26,100,317.803,302.652,67502.273,2,60,1014.035,539.629,NA,13.133,0.044,146.768,11.768
2581,26,101,305.303,299.242,67802.283,2,160,1026.992,550.139,NA,12.957,0.043,-164.745,48.487
2582,26,102,296.212,296.97,68102.293,2,56,1036.362,557.689,NA,9.371,0.031,-165.964,-1.219
2583,26,103,267.045,291.667,68402.303,2,57,1066.007,580.786,NA,29.645,0.099,-169.695,-3.731
2584,26,104,234.47,292.803,68702.313,2,203,1098.603,602.173,NA,32.596,0.109,178.002,-12.303
2585,27,1,1047.727,460.354,43201.455,2,62,0,0,NA,NA,NA,NA,NA
2586,27,2,1047.222,452.273,43501.465,2,95,8.097,8.097,NA,8.097,0.027,-93.576,NA
2587,27,3,1054.293,447.222,43801.475,2,65,16.786,14.681,NA,8.689,0.029,-35.538,58.039
2588,27,4,1054.293,436.111,44101.485,2,63,27.897,25.116,NA,11.111,0.037,-90,-54.462
2589,27,5,1059.848,434.596,44401.495,2,57,33.655,28.467,NA,5.758,0.019,-15.255,74.745
2590,27,6,1058.333,420.455,44701.505,2,123,47.878,41.285,NA,14.222,0.047,-96.116,-80.86
2591,27,7,1058.333,419.949,45001.515,2,50,48.383,41.773,NA,0.505,0.002,-90,6.116
2592,27,8,1058.333,398.737,45301.525,2,61,69.595,62.522,NA,21.212,0.071,-90,0
2593,27,9,1050.758,380.556,45601.535,2,99,89.292,79.855,NA,19.697,0.066,-112.62,-22.62
2594,27,10,1046.717,372.475,45901.546,2,103,98.326,87.885,NA,9.035,0.03,-116.565,-3.945
2595,27,11,1046.717,362.879,46201.556,2,22,107.922,97.48,NA,9.596,0.032,-90,26.565
2596,27,12,1053.283,362.879,46501.566,2,185,114.488,97.633,NA,6.566,0.022,0,90
2597,27,13,1053.283,359.848,46801.576,2,189,117.518,100.658,NA,3.03,0.01,-90,-90
2598,27,14,1053.283,359.848,47101.586,2,253,117.518,100.658,NA,0,0,0,90
2599,27,15,1053.283,359.848,47401.596,2,132,117.518,100.658,NA,0,0,0,0
2600,27,16,1053.283,359.848,47701.606,2,115,117.518,100.658,NA,0,0,0,0
2601,27,17,1053.283,372.475,48001.616,2,94,130.145,88.054,NA,12.626,0.042,90,90
2602,27,18,1053.283,372.475,48301.626,2,150,130.145,88.054,NA,0,0,0,-90
2603,27,19,1053.283,372.475,48601.636,2,121,130.145,88.054,NA,0,0,0,0
2604,27,20,1054.798,369.949,48901.647,2,86,133.09,90.68,NA,2.945,0.01,-59.036,-59.036
2605,27,21,1055.808,363.889,49201.657,2,121,139.234,96.803,NA,6.144,0.02,-80.538,-21.501
2606,27,22,1047.222,353.283,49501.667,2,67,152.88,107.072,NA,13.646,0.045,-128.991,-48.453
2607,27,23,1047.222,353.283,49801.677,2,127,152.88,107.072,NA,0,0,0,128.991
2608,27,24,1047.222,348.737,50101.687,2,90,157.425,111.617,NA,4.545,0.015,-90,-90
2609,27,25,1040.657,338.636,50401.697,2,65,169.472,121.922,NA,12.047,0.04,-123.024,-33.024
2610,27,26,1040.657,329.545,50701.707,2,121,178.563,130.999,NA,9.091,0.03,-90,33.024
2611,27,27,1040.657,330.051,51001.717,2,162,179.068,130.495,NA,0.505,0.002,90,180
2612,27,28,1040.657,320.455,51301.727,2,162,188.664,140.078,NA,9.596,0.032,-90,-180
2613,27,29,1040.657,320.455,51601.737,2,196,188.664,140.078,NA,0,0,0,90
2614,27,30,1040.657,320.455,51901.748,2,25,188.664,140.078,NA,0,0,0,0
2615,27,31,1040.657,290.152,52201.758,2,125,218.967,170.349,NA,30.303,0.101,-90,-90
2616,27,32,1039.141,284.091,52501.768,2,126,225.214,176.472,NA,6.247,0.021,-104.036,-14.036
2617,27,33,1029.924,269.318,52801.778,2,101,242.627,191.863,NA,17.412,0.058,-121.961,-17.925
2618,27,34,1026.136,261.742,53101.788,2,129,251.097,199.781,NA,8.47,0.028,-116.565,5.396
2619,27,35,1020.455,255.682,53401.798,2,52,259.404,206.481,NA,8.307,0.028,-133.152,-16.587
2620,27,36,1020.455,255.682,53701.808,2,111,259.404,206.481,NA,0,0,0,133.152
2621,27,37,1023.485,243.561,54001.818,2,113,271.898,218.144,NA,12.494,0.042,-75.964,-75.964
2622,27,38,1017.045,241.288,54301.828,2,168,278.727,221.204,NA,6.829,0.023,-160.56,-84.596
2623,27,39,1015.53,243.182,54601.838,2,115,281.153,219.545,NA,2.425,0.008,128.66,-70.78
2624,27,40,1015.53,243.182,54901.849,2,148,281.153,219.545,NA,0,0,0,-128.66
2625,27,41,1030.303,243.182,55201.859,2,133,295.925,217.87,NA,14.773,0.049,0,0
2626,27,42,1035.985,230.303,55501.869,2,93,310.002,230.35,NA,14.076,0.047,-66.194,-66.194
2627,27,43,1056.818,245.833,55801.879,2,103,335.987,214.713,NA,25.985,0.087,36.703,102.897
2628,27,44,1064.394,246.212,56101.889,2,180,343.572,214.789,NA,7.585,0.025,2.862,-33.84
2629,27,45,1064.394,246.212,56401.899,2,97,343.572,214.789,NA,0,0,0,-2.862
2630,27,46,1060.606,259.091,56701.909,2,96,356.996,201.674,NA,13.424,0.045,106.39,106.39
2631,27,47,1051.136,245.076,57001.919,2,15,373.911,215.305,NA,16.914,0.056,-124.046,129.565
2632,27,48,1039.015,239.394,57301.929,2,69,387.297,221.131,NA,13.387,0.045,-154.885,-30.839
2633,27,49,1021.591,245.455,57601.939,2,107,405.746,216.483,NA,18.448,0.061,160.821,-44.294
2634,27,50,1013.636,254.545,57901.95,2,43,417.825,208.612,NA,12.08,0.04,131.186,-29.635
2635,27,51,1013.636,265.909,58201.96,2,121,429.189,197.41,NA,11.364,0.038,90,-41.186
2636,27,52,1014.394,275,58501.97,2,177,438.311,188.327,NA,9.122,0.03,85.236,-4.764
2637,27,53,1018.182,275.379,58801.98,2,161,442.118,187.319,NA,3.807,0.013,5.711,-79.526
2638,27,54,1022.727,282.197,59101.99,2,147,450.313,179.902,NA,8.194,0.027,56.31,50.599
2639,27,55,1022.348,282.197,59402,2,218,450.691,179.955,NA,0.379,0.001,180,123.69
2640,27,56,1031.818,269.318,59702.01,2,182,466.677,191.697,NA,15.986,0.053,-53.673,126.327
2641,27,57,1042.424,269.318,60002.02,2,179,477.283,191.109,NA,10.606,0.035,0,53.673
2642,27,58,1056.439,257.197,60302.03,2,140,495.813,203.343,NA,18.53,0.062,-40.855,-40.855
2643,27,59,1056.818,232.197,60602.04,2,78,520.816,228.338,NA,25.003,0.083,-89.132,-48.277
2644,27,60,1065.152,222.727,60902.051,2,212,533.43,238.264,NA,12.614,0.042,-48.652,40.48
2645,27,61,1085.985,207.197,61202.061,2,155,559.415,256.031,NA,25.985,0.087,-36.703,11.949
2646,27,62,1103.788,207.197,61502.071,2,152,577.218,259.289,NA,17.803,0.059,0,36.703
2647,27,63,1110.606,215.152,61802.081,2,114,587.695,253.136,NA,10.477,0.035,49.399,49.399
2648,27,64,1117.045,218.182,62102.091,2,119,594.811,251.897,NA,7.117,0.024,25.201,-24.198
2649,27,65,1126.136,216.667,62402.101,2,145,604.028,255.991,NA,9.216,0.031,-9.462,-34.663
2650,27,66,1125.758,190.152,62702.111,2,137,630.545,281.243,NA,26.518,0.088,-90.818,-81.356
2651,27,67,1126.894,181.061,63002.121,2,189,639.707,290.296,NA,9.162,0.031,-82.875,7.943
2652,27,68,1146.212,182.197,63302.131,2,102,659.059,295.077,NA,19.352,0.065,3.366,86.241
2653,27,69,1143.561,190.152,63602.141,2,89,667.444,286.693,NA,8.385,0.028,108.435,105.068
2654,27,70,1143.182,196.97,63902.152,2,88,674.272,280.147,NA,6.829,0.023,93.18,-15.255
2655,27,71,1183.333,182.955,64202.162,2,91,716.8,308.77,NA,42.527,0.142,-19.242,-112.422
2656,27,72,1204.167,164.015,64502.172,2,86,744.955,335.097,NA,28.155,0.094,-42.274,-23.032
2657,27,73,1217.045,124.621,64802.182,2,120,786.401,376.012,NA,41.446,0.138,-71.896,-29.623
2658,27,74,1244.318,101.136,65102.192,2,149,822.391,409.494,NA,35.991,0.12,-40.732,31.164
2659,27,75,1260.227,79.924,65402.202,2,91,848.907,435.755,NA,26.515,0.088,-53.13,-12.398
2660,27,76,1281.061,68.182,65702.212,2,43,872.821,456.337,NA,23.915,0.08,-29.407,23.723
2661,27,77,1287.5,34.848,66002.222,2,49,906.771,488.411,NA,33.95,0.113,-79.066,-49.659
2662,27,78,1285.606,17.424,66302.232,2,54,924.298,502.765,NA,17.527,0.058,-96.203,-17.137
2663,27,79,1295.833,14.773,66602.242,2,25,934.863,509.999,NA,10.565,0.035,-14.534,81.669
2664,27,80,1301.136,6.818,66902.253,2,77,944.423,519.529,NA,9.56,0.032,-56.31,-41.775
2665,27,81,1309.47,5.682,67202.263,2,75,952.834,524.629,NA,8.41,0.028,-7.765,48.545
2666,28,1,981.061,496.591,42001.414,2,59,0,0,NA,NA,NA,NA,NA
2667,28,2,975.758,482.955,42301.424,2,48,14.631,14.631,NA,14.631,0.049,-111.251,NA
2668,28,3,971.212,473.106,42601.434,2,47,25.478,25.466,NA,10.847,0.036,-114.775,-3.525
2669,28,4,972.348,453.409,42901.444,2,75,45.208,44.052,NA,19.73,0.066,-86.698,28.077
2670,28,5,972.348,440.53,43201.455,2,74,58.087,56.734,NA,12.879,0.043,-90,-3.302
2671,28,6,973.864,457.576,43501.465,2,98,75.199,39.673,NA,17.113,0.057,84.92,174.92
2672,28,7,976.894,457.955,43801.475,2,76,78.253,38.86,NA,3.054,0.01,7.125,-77.795
2673,28,8,976.894,457.955,44101.485,2,33,78.253,38.86,NA,0,0,0,-7.125
2674,28,9,967.803,457.955,44401.495,2,52,87.344,40.848,NA,9.091,0.03,180,180
2675,28,10,965.909,453.788,44701.505,2,44,91.921,45.406,NA,4.577,0.015,-114.444,65.556
2676,28,11,965.53,437.121,45001.515,2,62,108.592,61.464,NA,16.671,0.056,-91.302,23.142
2677,28,12,964.394,417.424,45301.525,2,110,128.322,80.902,NA,19.73,0.066,-93.302,-2
2678,28,13,964.394,407.576,45601.535,2,46,138.17,90.562,NA,9.848,0.033,-90,3.302
2679,28,14,954.924,406.061,45901.546,2,94,147.76,94.228,NA,9.59,0.032,-170.91,-80.91
2680,28,15,943.939,390.53,46201.556,2,128,166.783,112.369,NA,19.023,0.063,-125.272,45.637
2681,28,16,943.561,379.167,46501.566,2,100,178.153,123.267,NA,11.37,0.038,-91.909,33.363
2682,28,17,949.747,373.99,46801.576,2,106,186.22,126.537,NA,8.067,0.027,-39.92,51.989
2683,28,18,939.141,352.273,47101.586,2,57,210.388,150.283,NA,24.169,0.081,-116.03,-76.109
2684,28,19,932.576,328.535,47401.596,2,9,235.017,174.91,NA,24.629,0.082,-105.461,10.568
2685,28,20,931.566,301.768,47701.606,2,167,261.804,201.012,NA,26.787,0.089,-92.161,13.3
2686,28,21,941.162,290.657,48001.616,2,153,276.485,209.764,NA,14.681,0.049,-49.185,42.976
2687,28,22,960.354,280.556,48301.626,2,137,298.173,217.025,NA,21.688,0.072,-27.759,21.426
2688,28,23,970.833,265.152,48601.636,2,147,316.804,231.665,NA,18.631,0.062,-55.771,-28.013
2689,28,24,981.439,254.545,48901.647,2,96,331.803,242.046,NA,14.999,0.05,-45,10.771
2690,28,25,995.833,248.485,49201.657,2,142,347.421,248.545,NA,15.618,0.052,-22.834,22.166
2691,28,26,1004.167,248.485,49501.667,2,59,355.754,249.18,NA,8.333,0.028,0,22.834
2692,28,27,1004.167,240.152,49801.677,2,128,364.087,257.478,NA,8.333,0.028,-90,-90
2693,28,28,1004.924,227.273,50101.687,2,45,376.988,270.373,NA,12.901,0.043,-86.634,3.366
2694,28,29,1004.924,219.697,50401.697,2,238,384.564,277.92,NA,7.576,0.025,-90,-3.366
2695,28,30,998.864,198.106,50701.707,2,65,406.99,299.015,NA,22.425,0.075,-105.68,-15.68
2696,28,31,1003.409,182.955,51001.717,2,247,422.808,314.432,NA,15.819,0.053,-73.301,32.379
2697,28,32,1006.061,175.758,51301.727,2,104,430.478,321.806,NA,7.67,0.026,-69.775,3.526
2698,28,33,999.242,171.591,51601.737,2,123,438.469,325.508,NA,7.991,0.027,-148.57,-78.795
2699,28,34,999.242,171.591,51901.748,2,34,438.469,325.508,NA,0,0,0,148.57
2700,28,35,996.212,165.909,52201.758,2,103,444.908,331.029,NA,6.439,0.021,-118.072,-118.072
2701,28,36,1021.212,164.394,52501.768,2,110,469.954,334.615,NA,25.046,0.083,-3.468,114.604
2702,28,37,1049.242,164.394,52801.778,2,124,497.984,339.122,NA,28.03,0.093,0,3.468
2703,28,38,1054.167,151.894,53101.788,2,201,511.419,352.364,NA,13.435,0.045,-68.499,-68.499
2704,28,39,1063.258,141.288,53401.798,2,57,525.388,364.687,NA,13.969,0.047,-49.399,19.1
2705,28,40,1072.727,118.939,53701.808,2,105,549.66,388.617,NA,24.272,0.081,-67.036,-17.638
2706,28,41,1073.864,102.273,54001.818,2,53,566.366,405.092,NA,16.705,0.056,-86.1,-19.063
2707,28,42,1081.818,84.848,54301.828,2,137,585.52,423.891,NA,19.154,0.064,-65.462,20.637
2708,28,43,1087.5,77.652,54601.838,2,109,594.689,432.249,NA,9.169,0.031,-51.71,13.752
2709,28,44,1087.5,77.652,54901.849,2,109,594.689,432.249,NA,0,0,0,51.71
2710,28,45,1097.348,70.833,55201.859,2,133,606.667,441.353,NA,11.978,0.04,-34.695,-34.695
2711,28,46,1097.348,82.955,55501.869,2,181,618.789,429.672,NA,12.121,0.04,90,124.695
2712,28,47,1089.773,92.803,55801.879,2,183,631.214,418.166,NA,12.425,0.041,127.569,37.569
2713,28,48,1089.773,98.106,56101.889,2,158,636.517,413.048,NA,5.303,0.018,90,-37.569
2714,28,49,1103.03,110.606,56401.899,2,207,654.738,404.797,NA,18.221,0.061,43.315,-46.685
2715,28,50,1112.121,110.606,56701.909,2,187,663.829,407.629,NA,9.091,0.03,0,-43.315
2716,28,51,1116.667,105.303,57001.919,2,168,670.814,414.12,NA,6.985,0.023,-49.399,-49.399
2717,28,52,1126.515,113.636,57301.929,2,199,683.715,409.648,NA,12.901,0.043,40.236,89.635
2718,28,53,1126.515,122.727,57601.939,2,139,692.806,401.162,NA,9.091,0.03,90,49.764
2719,28,54,1117.424,120.833,57901.95,2,149,702.092,399.736,NA,9.286,0.031,-168.232,101.768
2720,28,55,1117.803,106.061,58201.96,2,159,716.869,413.778,NA,14.778,0.049,-88.531,79.701
2721,28,56,1123.864,90.53,58501.97,2,66,733.54,430.439,NA,16.671,0.056,-68.682,19.849
2722,28,57,1118.561,70.455,58801.98,2,184,754.305,447.771,NA,20.764,0.069,-104.797,-36.115
2723,28,58,1117.803,83.333,59101.99,2,164,767.206,435.293,NA,12.901,0.043,93.366,-161.837
2724,28,59,1113.636,85.985,59402,2,216,772.144,431.478,NA,4.939,0.016,147.529,54.162
2725,28,60,1124.621,89.015,59702.01,2,130,783.54,432.12,NA,11.395,0.038,15.422,-132.107
2726,28,61,1129.924,89.394,60002.02,2,167,788.856,433.555,NA,5.317,0.018,4.086,-11.337
2727,28,62,1129.924,89.394,60302.03,2,135,788.856,433.555,NA,0,0,0,-4.086
2728,28,63,1106.818,58.712,60602.04,2,103,827.265,455.58,NA,38.409,0.128,-126.983,-126.983
2729,28,64,1095.833,37.121,60902.051,2,102,851.49,473.588,NA,24.225,0.081,-116.966,10.017
2730,28,65,1085.985,12.879,61202.061,2,78,877.656,494.961,NA,26.167,0.087,-112.109,4.856
2731,28,66,1087.879,1.136,61502.071,2,47,889.551,506.839,NA,11.894,0.04,-80.838,31.272
2732,29,1,898.485,480.303,42901.444,2,33,0,0,NA,NA,NA,NA,NA
2733,29,2,908.712,469.697,43201.455,2,102,14.734,14.734,NA,14.734,0.049,-46.042,NA
2734,29,3,914.394,464.394,43501.465,2,129,22.506,22.499,NA,7.772,0.026,-43.025,3.017
2735,29,4,914.394,464.394,43801.475,2,78,22.506,22.499,NA,0,0,0,43.025
2736,29,5,915.152,470.076,44101.485,2,89,28.238,19.554,NA,5.732,0.019,82.405,82.405
2737,29,6,920.833,470.455,44401.495,2,69,33.932,24.422,NA,5.694,0.019,3.814,-78.591
2738,29,7,920.833,454.545,44701.505,2,38,49.842,34.101,NA,15.909,0.053,-90,-93.814
2739,29,8,926.894,454.545,45001.515,2,104,55.902,38.347,NA,6.061,0.02,0,90
2740,29,9,926.894,454.545,45301.525,2,89,55.902,38.347,NA,0,0,0,0
2741,29,10,912.5,441.667,45601.535,2,55,75.217,41.1,NA,19.314,0.064,-138.18,-138.18
2742,29,11,900,431.061,45901.546,2,89,91.61,49.266,NA,16.393,0.055,-139.686,-1.506
2743,29,12,919.318,410.985,46201.556,2,90,119.471,72.381,NA,27.861,0.093,-46.102,93.584
2744,29,13,917.045,403.409,46501.566,2,108,127.38,79.102,NA,7.909,0.026,-106.699,-60.598
2745,29,14,917.045,403.409,46801.576,2,62,127.38,79.102,NA,0,0,0,106.699
2746,29,15,909.47,385.227,47101.586,2,63,147.077,95.708,NA,19.697,0.066,-112.62,-112.62
2747,29,16,907.197,377.273,47401.596,2,184,155.35,103.398,NA,8.273,0.028,-105.945,6.674
2748,29,17,911.364,377.273,47701.606,2,255,159.517,103.832,NA,4.167,0.014,0,105.945
2749,29,18,915.53,376.515,48001.616,2,137,163.752,105.178,NA,4.235,0.014,-10.305,-10.305
2750,29,19,928.409,351.515,48301.626,2,141,191.874,132.219,NA,28.122,0.094,-62.745,-52.44
2751,29,20,945.076,331.439,48601.636,2,94,217.966,155.984,NA,26.092,0.087,-50.301,12.444
2752,29,21,937.121,316.667,48901.647,2,71,234.744,168.136,NA,16.778,0.056,-118.301,-68
2753,29,22,932.576,296.97,49201.657,2,59,254.959,186.476,NA,20.215,0.067,-102.995,15.306
2754,29,23,940.53,292.045,49501.667,2,181,264.314,192.896,NA,9.355,0.031,-31.759,71.235
2755,29,24,938.258,291.288,49801.677,2,139,266.71,193.154,NA,2.396,0.008,-161.565,-129.806
2756,29,25,930.303,291.667,50101.687,2,101,274.674,191.301,NA,7.964,0.027,177.274,-21.161
2757,29,26,937.5,276.136,50401.697,2,120,291.791,207.861,NA,17.117,0.057,-65.136,117.59
2758,29,27,948.864,271.212,50701.707,2,96,304.175,215.074,NA,12.385,0.041,-23.429,41.708
2759,29,28,948.485,259.848,51001.717,2,193,315.545,226.054,NA,11.37,0.038,-91.909,-68.48
2760,29,29,947.348,259.848,51301.727,2,100,316.681,225.805,NA,1.136,0.004,180,-88.091
2761,29,30,940.152,247.348,51601.737,2,77,331.105,236.651,NA,14.424,0.048,-119.932,60.068
2762,29,31,948.106,234.848,51901.748,2,83,345.922,250.42,NA,14.816,0.049,-57.529,62.403
2763,29,32,971.212,227.652,52201.758,2,161,370.123,262.911,NA,24.201,0.081,-17.301,40.228
2764,29,33,978.788,221.212,52501.768,2,109,380.065,271.25,NA,9.943,0.033,-40.365,-23.064
2765,29,34,977.273,207.955,52801.778,2,252,393.409,283.516,NA,13.344,0.044,-96.52,-56.155
2766,29,35,993.939,199.621,53101.788,2,98,412.043,296.469,NA,18.634,0.062,-26.565,69.955
2767,29,36,993.939,190.909,53401.798,2,226,420.755,304.73,NA,8.712,0.029,-90,-63.435
2768,29,37,993.939,190.909,53701.808,2,153,420.755,304.73,NA,0,0,0,90
2769,29,38,1008.333,174.242,54001.818,2,110,442.777,325.177,NA,22.022,0.073,-49.185,-49.185
2770,29,39,1013.258,163.258,54301.828,2,127,454.815,337.18,NA,12.038,0.04,-65.854,-16.67
2771,29,40,1019.697,153.409,54601.838,2,228,466.582,348.643,NA,11.767,0.039,-56.821,9.033
2772,29,41,1021.97,146.591,54901.849,2,148,473.769,355.826,NA,7.187,0.024,-71.565,-14.744
2773,29,42,1015.152,146.591,55201.859,2,202,480.587,353.518,NA,6.818,0.023,180,-108.435
2774,29,43,1022.727,126.136,55501.869,2,91,502.4,375.327,NA,21.812,0.073,-69.677,110.323
2775,29,44,1019.697,140.909,55801.879,2,156,517.48,360.39,NA,15.08,0.05,101.592,171.269
2776,29,45,1014.015,140.909,56101.889,2,219,523.162,358.518,NA,5.682,0.019,180,78.408
2777,29,46,1019.318,140.909,56401.899,2,213,528.465,360.262,NA,5.303,0.018,0,-180
2778,29,47,1007.197,140.909,56701.909,2,114,540.586,356.38,NA,12.121,0.04,180,180
2779,29,48,1001.515,138.258,57001.919,2,229,546.856,357.226,NA,6.27,0.021,-154.983,25.017
2780,29,49,990.152,124.242,57301.929,2,146,564.899,367.671,NA,18.043,0.06,-129.036,25.948
2781,29,50,981.061,114.773,57601.939,2,151,578.026,374.741,NA,13.127,0.044,-133.831,-4.795
2782,29,51,979.167,106.061,57901.95,2,30,586.942,382.841,NA,8.916,0.03,-102.265,31.566
2783,29,52,993.561,76.136,58201.96,2,162,620.148,415.199,NA,33.206,0.111,-64.312,37.953
2784,29,53,996.212,62.879,58501.97,2,136,633.668,428.712,NA,13.52,0.045,-78.69,-14.378
2785,29,54,971.212,40.152,58801.98,2,70,667.455,446.12,NA,33.787,0.113,-137.726,-59.036
2786,29,55,957.197,35.606,59101.99,2,100,682.189,448.556,NA,14.734,0.049,-162.031,-24.305
2787,29,56,951.894,19.697,59402,2,45,698.958,463.692,NA,16.77,0.056,-108.435,53.596
2788,29,57,957.197,13.258,59702.01,2,36,707.3,470.721,NA,8.342,0.028,-50.528,57.907
2789,29,58,947.727,7.955,60002.02,2,99,718.154,474.908,NA,10.853,0.036,-150.751,-100.224
2790,29,59,947.348,1.136,60302.03,2,88,724.982,481.652,NA,6.829,0.023,-93.18,57.571
2791,30,1,875,535.985,36901.242,2,45,0,0,NA,NA,NA,NA,NA
2792,30,2,868.182,512.5,37201.253,2,72,24.455,24.455,NA,24.455,0.082,-106.189,NA
2793,30,3,864.015,500.379,37501.263,2,76,37.272,37.262,NA,12.817,0.043,-108.97,-2.781
2794,30,4,864.015,500,37801.273,2,54,37.651,37.624,NA,0.379,0.001,-90,18.97
2795,30,5,864.015,487.879,38101.283,2,31,49.772,49.344,NA,12.121,0.04,-90,0
2796,30,6,864.015,487.879,38401.293,2,79,49.772,49.344,NA,0,0,0,90
2797,30,7,848.864,487.879,38701.303,2,99,64.923,54.748,NA,15.152,0.051,180,180
2798,30,8,839.394,474.242,39001.313,2,70,81.525,71.274,NA,16.602,0.055,-124.778,55.222
2799,30,9,830.303,467.424,39301.323,2,78,92.889,81.844,NA,11.364,0.038,-143.13,-18.352
2800,30,10,821.212,456.061,39601.333,2,43,107.442,96.338,NA,14.553,0.049,-128.66,14.47
2801,30,11,806.818,443.939,39901.343,2,53,126.259,114.547,NA,18.818,0.063,-139.899,-11.239
2802,30,12,791.667,444.318,40201.354,2,77,141.416,123.884,NA,15.156,0.051,178.568,-41.533
2803,30,13,782.955,435.606,40501.364,2,100,153.736,136.192,NA,12.321,0.041,-135,46.432
2804,30,14,775.379,423.106,40801.374,2,53,168.353,150.552,NA,14.617,0.049,-121.218,13.782
2805,30,15,764.773,421.97,41101.384,2,59,179.02,158.586,NA,10.667,0.036,-173.884,-52.666
2806,30,16,759.848,414.394,41401.394,2,77,188.055,167.464,NA,9.036,0.03,-123.024,50.861
2807,30,17,759.091,418.561,41701.404,2,93,192.29,164.995,NA,4.235,0.014,100.305,-136.671
2808,30,18,759.091,412.5,42001.414,2,43,198.351,169.362,NA,6.061,0.02,-90,169.695
2809,30,19,764.015,418.561,42301.424,2,54,206.16,161.574,NA,7.809,0.026,50.906,140.906
2810,30,20,763.258,423.485,42601.434,2,66,211.142,158.564,NA,4.982,0.017,98.746,47.84
2811,30,21,748.106,424.242,42901.444,2,85,226.312,169.081,NA,15.17,0.051,177.138,78.391
2812,30,22,741.288,423.485,43201.455,2,74,233.172,174.743,NA,6.86,0.023,-173.66,9.203
2813,30,23,741.288,407.197,43501.465,2,83,249.46,185.648,NA,16.288,0.054,-90,83.66
2814,30,24,741.288,394.697,43801.475,2,91,261.96,194.528,NA,12.5,0.042,-90,0
2815,30,25,740.53,378.03,44101.485,2,59,278.644,207.441,NA,16.684,0.056,-92.603,-2.603
2816,30,26,737.5,373.864,44401.495,2,79,283.796,212.578,NA,5.152,0.017,-126.027,-33.425
2817,30,27,737.5,373.864,44701.505,2,79,283.796,212.578,NA,0,0,0,126.027
2818,30,28,742.424,366.288,45001.515,2,120,292.832,215.345,NA,9.036,0.03,-56.976,-56.976
2819,30,29,743.939,361.364,45301.525,2,125,297.984,218.333,NA,5.152,0.017,-72.897,-15.921
2820,30,30,743.939,361.364,45601.535,2,82,297.984,218.333,NA,0,0,0,72.897
2821,30,31,733.712,339.773,45901.546,2,97,321.875,241.788,NA,23.891,0.08,-115.346,-115.346
2822,30,32,733.712,339.394,46201.556,2,87,322.253,242.096,NA,0.379,0.001,-90,25.346
2823,30,33,733.712,322.348,46501.566,2,63,339.299,256.13,NA,17.045,0.057,-90,0
2824,30,34,742.803,320.455,46801.576,2,113,348.585,252.843,NA,9.286,0.031,-11.768,78.232
2825,30,35,742.803,320.455,47101.586,2,42,348.585,252.843,NA,0,0,0,11.768
2826,30,36,742.424,307.576,47401.596,2,74,361.469,264.097,NA,12.884,0.043,-91.685,-91.685
2827,30,37,737.121,305.303,47701.606,2,52,367.239,268.746,NA,5.77,0.019,-156.801,-65.117
2828,30,38,714.773,301.894,48001.616,2,65,389.846,283.675,NA,22.607,0.075,-171.327,-14.525
2829,30,39,706.061,290.53,48301.626,2,163,404.165,297.974,NA,14.319,0.048,-127.476,43.851
2830,30,40,712.121,282.197,48601.636,2,14,414.469,301.559,NA,10.304,0.034,-53.973,73.504
2831,30,41,724.621,256.439,48901.647,2,251,443.099,317.426,NA,28.63,0.095,-64.113,-10.14
2832,30,42,724.621,256.439,49201.657,2,159,443.099,317.426,NA,0,0,0,64.113
2833,30,43,763.636,249.621,49501.667,2,158,482.706,307.256,NA,39.606,0.132,-9.913,-9.913
2834,30,44,771.97,249.621,49801.677,2,85,491.039,304.334,NA,8.333,0.028,0,9.913
2835,30,45,764.773,225.379,50101.687,2,110,516.327,329.585,NA,25.288,0.084,-106.535,-106.535
2836,30,46,765.53,219.697,50401.697,2,87,522.059,334.696,NA,5.732,0.019,-82.405,24.129
2837,30,47,765.53,219.697,50701.707,2,101,522.059,334.696,NA,0,0,0,82.405
2838,30,48,764.773,207.955,51001.717,2,51,533.826,346.055,NA,11.767,0.039,-93.691,-93.691
2839,30,49,753.03,206.061,51301.727,2,134,545.72,351.748,NA,11.894,0.04,-170.838,-77.146
2840,30,50,766.667,192.424,51601.737,2,129,565.005,360.236,NA,19.285,0.064,-45,125.838
2841,30,51,768.561,183.333,51901.748,2,53,574.291,368.365,NA,9.286,0.031,-78.232,-33.232
2842,30,52,783.712,154.167,52201.758,2,66,607.159,392.579,NA,32.867,0.11,-62.549,15.683
2843,30,53,785.985,145.833,52501.768,2,79,615.796,400.177,NA,8.638,0.029,-74.745,-12.196
2844,30,54,784.091,126.136,52801.778,2,174,635.584,419.81,NA,19.788,0.066,-95.492,-20.747
2845,30,55,787.121,107.955,53101.788,2,90,654.017,436.958,NA,18.433,0.061,-80.538,14.955
2846,30,56,799.621,112.879,53401.798,2,173,667.452,429.768,NA,13.435,0.045,21.501,102.039
2847,30,57,799.621,125,53701.808,2,196,679.573,417.84,NA,12.121,0.04,90,68.499
2848,30,58,799.242,103.03,54001.818,2,130,701.546,439.533,NA,21.973,0.073,-90.988,179.012
2849,30,59,804.167,103.03,54301.828,2,122,706.47,438.711,NA,4.924,0.016,0,90.988
2850,30,60,804.167,103.03,54601.838,2,234,706.47,438.711,NA,0,0,0,0
2851,30,61,793.182,104.167,54901.849,2,131,717.514,439.501,NA,11.043,0.037,174.094,174.094
2852,30,62,789.394,106.061,55201.859,2,83,721.749,438.364,NA,4.235,0.014,153.435,-20.659
2853,30,63,790.53,120.076,55501.869,2,188,735.81,424.4,NA,14.061,0.047,85.365,-68.07
2854,30,64,775,117.424,55801.879,2,102,751.565,430.341,NA,15.755,0.053,-170.311,104.324
2855,30,65,772.727,113.636,56101.889,2,182,755.982,434.555,NA,4.417,0.015,-120.964,49.347
2856,30,66,779.545,113.258,56401.899,2,133,762.811,433.37,NA,6.829,0.023,-3.18,117.784
2857,30,67,779.545,102.273,56701.909,2,108,773.796,444.092,NA,10.985,0.037,-90,-86.82
2858,30,68,779.545,102.273,57001.919,2,65,773.796,444.092,NA,0,0,0,90
2859,30,69,794.697,102.273,57301.929,2,94,788.947,441.084,NA,15.152,0.051,0,0
2860,30,70,797.727,122.727,57601.939,2,82,809.625,420.42,NA,20.678,0.069,81.573,81.573
2861,30,71,797.727,123.106,57901.95,2,153,810.004,420.048,NA,0.379,0.001,90,8.427
2862,30,72,797.727,123.106,58201.96,2,46,810.004,420.048,NA,0,0,0,-90
2863,30,73,797.727,123.106,58501.97,2,68,810.004,420.048,NA,0,0,0,0
2864,30,74,802.652,129.924,58801.98,2,159,818.414,412.455,NA,8.41,0.028,54.162,54.162
2865,30,75,783.712,125.758,59101.99,2,194,837.807,420.262,NA,19.392,0.065,-167.593,138.245
2866,30,76,779.167,120.455,59402,2,49,844.791,426.438,NA,6.985,0.023,-130.601,36.991
2867,30,77,779.167,120.455,59702.01,2,119,844.791,426.438,NA,0,0,0,130.601
2868,30,78,772.727,116.667,60002.02,2,99,852.262,431.61,NA,7.471,0.025,-149.534,-149.534
2869,30,79,772.727,116.667,60302.03,2,31,852.262,431.61,NA,0,0,0,149.534
2870,30,80,779.167,115.152,60602.04,2,178,858.877,431.607,NA,6.615,0.022,-13.241,-13.241
2871,30,81,778.788,99.621,60902.051,2,178,874.412,446.844,NA,15.535,0.052,-91.397,-78.157
2872,30,82,778.03,99.621,61202.061,2,170,875.17,447.008,NA,0.758,0.003,180,-88.603
2873,30,83,778.03,99.621,61502.071,2,206,875.17,447.008,NA,0,0,0,-180
2874,30,84,778.03,99.621,61802.081,2,91,875.17,447.008,NA,0,0,0,0
2875,30,85,783.712,100.758,62102.091,2,105,880.964,444.698,NA,5.794,0.019,11.31,11.31
2876,30,86,783.712,100.758,62402.101,2,52,880.964,444.698,NA,0,0,0,-11.31
2877,30,87,783.712,100.758,62702.111,2,46,880.964,444.698,NA,0,0,0,0
2878,30,88,785.227,94.697,63002.121,2,80,887.211,450.327,NA,6.247,0.021,-75.964,-75.964
2879,30,89,796.97,95.076,63302.131,2,29,898.96,447.761,NA,11.749,0.039,1.848,77.811
2880,30,90,796.97,105.303,63602.141,2,33,909.187,437.693,NA,10.227,0.034,90,88.152
2881,30,91,809.091,125.758,63902.152,2,87,932.963,415.488,NA,23.776,0.079,59.349,-30.651
2882,30,92,810.606,136.364,64202.162,2,109,943.677,404.776,NA,10.714,0.036,81.87,22.521
2883,30,93,808.333,154.167,64502.172,2,148,961.624,387.595,NA,17.948,0.06,97.275,15.405
2884,30,94,808.333,154.545,64802.182,2,79,962.003,387.221,NA,0.379,0.001,90,-7.275
2885,30,95,803.409,161.364,65102.192,2,101,970.414,381.4,NA,8.41,0.028,125.838,35.838
2886,30,96,784.848,163.636,65402.202,2,89,989.113,383.107,NA,18.699,0.062,173.019,47.181
2887,30,97,764.773,162.879,65702.212,2,133,1009.203,389.048,NA,20.09,0.067,-177.839,9.142
2888,30,98,750,157.576,66002.222,2,121,1024.899,398.52,NA,15.696,0.052,-160.253,17.586
2889,30,99,735.606,157.197,66302.232,2,130,1039.298,403.622,NA,14.399,0.048,-178.493,-18.239
2890,30,100,735.606,157.197,66602.242,2,143,1039.298,403.622,NA,0,0,0,178.493
2891,30,101,723.864,165.909,66902.253,2,58,1053.919,399.748,NA,14.621,0.049,143.427,143.427
2892,30,102,710.606,155.303,67202.263,2,41,1070.897,414.661,NA,16.978,0.057,-141.34,75.233
2893,30,103,704.167,146.212,67502.273,2,81,1082.037,425.566,NA,11.14,0.037,-125.311,16.029
2894,30,104,704.167,146.212,67802.283,2,101,1082.037,425.566,NA,0,0,0,125.311
2895,30,105,691.667,129.924,68102.293,2,85,1102.569,445.529,NA,20.532,0.068,-127.504,-127.504
2896,30,106,682.197,125.379,68402.303,2,45,1113.073,453.619,NA,10.504,0.035,-154.359,-26.855
2897,30,107,682.197,124.621,68702.313,2,44,1113.831,454.305,NA,0.758,0.003,-90,64.359
2898,30,108,656.818,112.5,69002.323,2,81,1141.956,476.385,NA,28.125,0.094,-154.47,-64.47
2899,30,109,665.53,109.47,69302.333,2,162,1151.18,475.177,NA,9.224,0.031,-19.179,135.291
2900,30,110,643.182,93.939,69602.344,2,24,1178.394,499.143,NA,27.215,0.091,-145.204,-126.025
2901,30,111,613.636,83.712,69902.354,2,35,1209.66,522.362,NA,31.265,0.104,-160.907,-15.703
2902,30,112,612.121,73.106,70202.364,2,72,1220.374,532.318,NA,10.714,0.036,-98.13,62.776
2903,30,113,602.652,62.5,70502.374,2,34,1234.592,546.225,NA,14.218,0.047,-131.76,-33.63
2904,30,114,603.788,54.924,70802.384,2,33,1242.253,552.246,NA,7.661,0.026,-81.469,50.291
2905,30,115,607.955,59.091,71102.394,2,23,1248.145,546.572,NA,5.893,0.02,45,126.469
2906,30,116,607.955,59.091,71402.404,2,54,1248.145,546.572,NA,0,0,0,-45
2907,30,117,607.955,59.091,71702.414,2,40,1248.145,546.572,NA,0,0,0,0
2908,30,121,609.47,63.258,72002.424,2,97,1252.579,542.197,NA,4.434,0.015,70.017,70.017
2909,31,1,766.414,609.343,39301.323,2,26,0,0,NA,NA,NA,NA,NA
2910,31,2,764.394,607.323,39601.333,2,47,2.857,2.857,NA,2.857,0.01,-135,NA
2911,31,3,760.859,600.253,39901.343,2,64,10.762,10.654,NA,7.905,0.026,-116.565,18.435
2912,31,4,744.192,582.071,40201.354,2,140,35.427,35.18,NA,24.665,0.082,-132.51,-15.945
2913,31,5,731.566,572.475,40501.364,2,75,51.286,50.732,NA,15.859,0.053,-142.765,-10.255
2914,31,6,731.566,556.818,40801.374,2,116,66.943,63.034,NA,15.657,0.052,-90,52.765
2915,31,7,744.697,535.101,41101.384,2,104,92.321,77.354,NA,25.378,0.085,-58.841,31.159
2916,31,8,754.293,535.606,41401.394,2,67,101.93,74.727,NA,9.609,0.032,3.013,61.853
2917,31,9,754.293,539.141,41701.404,2,124,105.466,71.241,NA,3.535,0.012,90,86.987
2918,31,10,757.323,529.545,42001.414,2,106,115.529,80.314,NA,10.063,0.034,-72.474,-162.474
2919,31,11,754.798,512.879,42301.424,2,88,132.386,97.162,NA,16.857,0.056,-98.616,-26.141
2920,31,12,754.798,519.949,42601.434,2,55,139.456,90.146,NA,7.071,0.024,90,-171.384
2921,31,13,754.798,519.949,42901.444,2,61,139.456,90.146,NA,0,0,0,-90
2922,31,14,753.788,502.778,43201.455,2,50,156.658,107.311,NA,17.201,0.057,-93.366,-93.366
2923,31,15,753.283,485.101,43501.465,2,108,174.342,124.934,NA,17.684,0.059,-91.637,1.73
2924,31,16,747.727,485.101,43801.475,2,115,179.897,125.64,NA,5.556,0.019,180,-88.363
2925,31,17,743.182,485.101,44101.485,2,110,184.443,126.396,NA,4.545,0.015,180,0
2926,31,18,742.677,484.596,44401.495,2,102,185.157,126.986,NA,0.714,0.002,-135,45
2927,31,19,738.131,467.929,44701.505,2,132,202.432,144.215,NA,17.275,0.058,-105.255,29.745
2928,31,20,730.556,465.909,45001.515,2,98,210.273,147.849,NA,7.84,0.026,-165.069,-59.813
2929,31,21,730.556,449.747,45301.525,2,130,226.434,163.575,NA,16.162,0.054,-90,75.069
2930,31,22,730.556,449.747,45601.535,2,78,226.434,163.575,NA,0,0,0,90
2931,31,23,732.576,446.717,45901.546,2,66,230.076,166.109,NA,3.642,0.012,-56.31,-56.31
2932,31,24,734.596,428.03,46201.556,2,73,248.872,184.084,NA,18.796,0.063,-83.83,-27.52
2933,31,25,748.737,421.465,46501.566,2,85,264.463,188.709,NA,15.591,0.052,-24.905,58.925
2934,31,26,757.828,410.859,46801.576,2,120,278.432,198.67,NA,13.969,0.047,-49.399,-24.494
2935,31,27,765.404,408.333,47101.586,2,102,286.418,201.013,NA,7.986,0.027,-18.435,30.964
2936,31,28,768.434,406.818,47401.596,2,193,289.806,202.535,NA,3.388,0.011,-26.565,-8.13
2937,31,29,768.939,403.283,47701.606,2,112,293.377,206.076,NA,3.571,0.012,-81.87,-55.305
2938,31,30,768.939,403.283,48001.616,2,169,293.377,206.076,NA,0,0,0,81.87
2939,31,31,768.939,403.283,48301.626,2,106,293.377,206.076,NA,0,0,0,0
2940,31,32,776.515,393.182,48601.636,2,137,306.004,216.397,NA,12.626,0.042,-53.13,-53.13
2941,31,33,775.505,382.071,48901.647,2,124,317.16,227.454,NA,11.157,0.037,-95.194,-42.064
2942,31,34,775,363.384,49201.657,2,51,335.854,246.109,NA,18.694,0.062,-91.548,3.646
2943,31,35,792.172,347.222,49501.667,2,133,359.435,263.384,NA,23.581,0.079,-43.264,48.284
2944,31,36,792.172,329.04,49801.677,2,52,377.617,281.484,NA,18.182,0.061,-90,-46.736
2945,31,37,800.253,312.374,50101.687,2,126,396.139,298.891,NA,18.522,0.062,-64.134,25.866
2946,31,38,799.747,294.697,50401.697,2,63,413.823,316.407,NA,17.684,0.059,-91.637,-27.503
2947,31,39,800.758,290.657,50701.707,2,89,417.988,320.532,NA,4.165,0.014,-75.964,15.673
2948,31,40,807.323,274.495,51001.717,2,118,435.432,337.338,NA,17.444,0.058,-67.891,8.073
2949,31,41,811.869,265.909,51301.727,2,87,445.147,346.429,NA,9.715,0.032,-62.103,5.788
2950,31,42,812.879,252.778,51601.737,2,198,458.317,359.58,NA,13.17,0.044,-85.601,-23.499
2951,31,43,812.879,252.778,51901.748,2,154,458.317,359.58,NA,0,0,0,85.601
2952,31,44,820.96,259.848,52201.758,2,113,469.055,353.726,NA,10.738,0.036,41.186,41.186
2953,31,45,820.96,252.778,52501.768,2,169,476.126,360.714,NA,7.071,0.024,-90,-131.186
2954,31,46,826.01,259.848,52801.778,2,123,484.815,354.54,NA,8.689,0.029,54.462,144.462
2955,31,47,838.131,273.99,53101.788,2,135,503.44,342.936,NA,18.625,0.062,49.399,-5.064
2956,31,48,838.131,273.99,53401.798,2,220,503.44,342.936,NA,0,0,0,-49.399
2957,31,49,843.687,273.99,53701.808,2,96,508.996,344.141,NA,5.556,0.019,0,0
2958,31,50,843.687,273.99,54001.818,2,131,508.996,344.141,NA,0,0,0,0
2959,31,51,862.879,267.424,54301.828,2,119,529.28,355.266,NA,20.284,0.068,-18.886,-18.886
2960,31,52,871.465,250.758,54601.838,2,78,548.028,373.657,NA,18.748,0.062,-62.745,-43.859
2961,31,53,873.99,238.131,54901.849,2,124,560.904,386.485,NA,12.876,0.043,-78.69,-15.945
2962,31,54,872.98,232.576,55201.859,2,105,566.551,391.548,NA,5.647,0.019,-100.305,-21.615
2963,31,55,872.98,228.535,55501.869,2,75,570.591,395.438,NA,4.04,0.013,-90,10.305
2964,31,56,872.98,216.414,55801.879,2,157,582.712,407.124,NA,12.121,0.04,-90,0
2965,31,57,872.98,214.899,56101.889,2,202,584.228,408.586,NA,1.515,0.005,-90,0
2966,31,58,872.98,214.394,56401.899,2,155,584.733,409.074,NA,0.505,0.002,-90,0
2967,31,59,872.98,214.394,56701.909,2,95,584.733,409.074,NA,0,0,0,90
2968,31,60,867.424,214.394,57001.919,2,80,590.288,407.662,NA,5.556,0.019,180,180
2969,31,61,858.838,214.899,57301.929,2,137,598.889,405.128,NA,8.601,0.029,176.634,-3.366
2970,31,62,850.758,222.475,57601.939,2,83,609.966,395.956,NA,11.077,0.037,136.848,-39.786
2971,31,63,844.192,225,57901.95,2,73,617,392.134,NA,7.035,0.023,158.962,22.115
2972,31,64,832.576,237.121,58201.96,2,97,633.789,378.057,NA,16.789,0.056,133.781,-25.181
2973,31,65,832.576,237.121,58501.97,2,101,633.789,378.057,NA,0,0,0,-133.781
2974,31,66,825,244.192,58801.98,2,66,644.151,369.821,NA,10.363,0.035,136.975,136.975
2975,31,67,801.263,260.859,59101.99,2,25,673.156,350.223,NA,29.004,0.097,144.926,7.951
2976,31,68,792.172,284.596,59402,2,65,698.574,325.767,NA,25.419,0.085,110.956,-33.97
2977,31,69,766.414,313.384,59702.01,2,82,737.203,295.96,NA,38.629,0.129,131.82,20.864
2978,31,70,769.949,328.03,60002.02,2,87,752.27,281.335,NA,15.067,0.05,76.43,-55.391
2979,31,71,761.869,334.596,60302.03,2,137,762.682,274.785,NA,10.412,0.035,140.906,64.477
2980,31,72,750.758,335.606,60602.04,2,75,773.839,274.185,NA,11.157,0.037,174.806,33.899
2981,31,73,748.232,341.667,60902.051,2,109,780.405,268.294,NA,6.566,0.022,112.62,-62.186
2982,31,74,755.303,345.202,61202.061,2,113,788.31,264.375,NA,7.905,0.026,26.565,-86.055
2983,31,75,755.303,345.202,61502.071,2,67,788.31,264.375,NA,0,0,0,-26.565
2984,31,76,750.253,355.303,61802.081,2,153,799.603,254.554,NA,11.293,0.038,116.565,116.565
2985,31,77,733.586,355.303,62102.091,2,144,816.27,256.153,NA,16.667,0.056,180,63.435
2986,31,78,729.04,355.303,62402.101,2,123,820.815,256.775,NA,4.545,0.015,180,0
2987,31,79,737.626,347.727,62702.111,2,92,832.266,263.195,NA,11.45,0.038,-41.424,138.576
2988,31,80,741.162,354.798,63002.121,2,157,840.171,255.795,NA,7.905,0.026,63.435,104.859
2989,31,81,745.707,352.273,63302.131,2,90,845.371,257.903,NA,5.2,0.017,-29.055,-92.49
2990,31,82,757.323,346.717,63602.141,2,67,858.247,262.784,NA,12.876,0.043,-25.56,3.495
2991,31,83,773.485,337.121,63902.152,2,194,877.043,272.314,NA,18.796,0.063,-30.7,-5.14
2992,31,84,772.98,331.566,64202.162,2,204,882.621,277.855,NA,5.578,0.019,-95.194,-64.495
2993,31,85,768.939,329.545,64502.172,2,181,887.139,279.809,NA,4.517,0.015,-153.435,-58.241
2994,31,86,766.414,322.98,64802.182,2,141,894.173,286.364,NA,7.035,0.023,-111.038,42.397
2995,31,87,763.889,309.848,65102.192,2,190,907.545,299.506,NA,13.372,0.045,-100.886,10.152
2996,31,88,761.364,305.303,65402.202,2,38,912.745,304.082,NA,5.2,0.017,-119.055,-18.169
2997,31,89,756.313,300.253,65702.212,2,92,919.887,309.256,NA,7.142,0.024,-135,-15.945
2998,31,90,758.333,287.626,66002.222,2,90,932.674,321.819,NA,12.787,0.043,-80.91,54.09
2999,31,91,758.333,287.626,66302.232,2,84,932.674,321.819,NA,0,0,0,80.91
3000,31,92,757.828,278.535,66602.242,2,143,941.779,330.919,NA,9.105,0.03,-93.18,-93.18
3001,31,93,757.828,278.535,66902.253,2,173,941.779,330.919,NA,0,0,0,93.18
3002,31,94,757.828,278.535,67202.263,2,84,941.779,330.919,NA,0,0,0,0
3003,31,95,757.828,278.535,67502.273,2,191,941.779,330.919,NA,0,0,0,0
3004,31,96,757.828,278.535,67802.283,2,81,941.779,330.919,NA,0,0,0,0
3005,31,97,757.828,283.586,68102.293,2,104,946.83,325.871,NA,5.051,0.017,90,90
3006,31,98,749.747,287.626,68402.303,2,112,955.864,322.149,NA,9.035,0.03,153.435,63.435
3007,31,99,742.172,282.576,68702.313,2,187,964.969,327.666,NA,9.105,0.03,-146.31,60.255
3008,31,100,742.172,272.475,69002.323,2,109,975.07,337.74,NA,10.101,0.034,-90,56.31
3009,31,101,742.172,272.475,69302.333,2,151,975.07,337.74,NA,0,0,0,90
3010,31,102,742.172,289.141,69602.344,2,28,991.737,321.118,NA,16.667,0.056,90,90
3011,31,103,746.717,314.899,69902.354,2,29,1017.893,295.103,NA,26.156,0.087,79.992,-10.008
3012,31,104,745.202,319.949,70202.364,2,92,1023.165,290.17,NA,5.273,0.018,106.699,26.707
3013,31,105,751.768,351.768,70502.374,2,69,1055.654,257.992,NA,32.489,0.108,78.341,-28.359
3014,31,106,734.596,389.141,70802.384,2,31,1096.784,222.489,NA,41.13,0.137,114.677,36.336
3015,31,107,741.162,408.838,71102.394,2,71,1117.546,202.089,NA,20.762,0.069,71.565,-43.112
3016,31,108,765.404,432.576,71402.404,2,96,1151.475,176.771,NA,33.929,0.113,44.397,-27.168
3017,31,109,780.051,443.182,71702.414,2,98,1169.558,166.72,NA,18.083,0.06,35.91,-8.487
3018,31,111,792.172,441.667,72002.424,2,87,1181.774,169.644,NA,12.216,0.041,-7.125,-43.035
3019,32,1,486.616,943.687,31201.051,2,77,0,0,NA,NA,NA,NA,NA
3020,32,2,481.566,943.687,31501.061,2,53,5.051,5.051,NA,5.051,0.017,180,NA
3021,32,3,476.515,943.182,31801.071,2,89,10.126,10.114,NA,5.076,0.017,-174.289,5.711
3022,32,4,476.515,943.182,32101.081,2,61,10.126,10.114,NA,0,0,0,174.289
3023,32,5,476.515,943.182,32401.091,2,89,10.126,10.114,NA,0,0,0,0
3024,32,6,469.444,942.172,32701.101,2,60,17.269,17.238,NA,7.142,0.024,-171.87,-171.87
3025,32,7,459.343,938.131,33001.111,2,35,28.148,27.833,NA,10.879,0.036,-158.199,13.671
3026,32,8,445.202,918.434,33301.121,2,51,52.395,48.506,NA,24.248,0.081,-125.676,32.522
3027,32,9,436.616,906.313,33601.131,2,119,67.249,62.424,NA,14.854,0.05,-125.311,0.365
3028,32,10,433.081,898.232,33901.141,2,124,76.07,70.229,NA,8.82,0.029,-113.629,11.682
3029,32,11,433.081,898.232,34201.152,2,65,76.07,70.229,NA,0,0,0,113.629
3030,32,12,419.949,893.182,34501.162,2,74,90.139,83.637,NA,14.069,0.047,-158.962,-158.962
3031,32,13,418.434,890.657,34801.172,2,57,93.084,86.377,NA,2.945,0.01,-120.964,37.999
3032,32,14,418.434,890.152,35101.182,2,68,93.589,86.688,NA,0.505,0.002,-90,30.964
3033,32,15,417.929,877.525,35401.192,2,62,106.225,95.369,NA,12.636,0.042,-92.291,-2.291
3034,32,16,406.313,871.465,35701.202,2,83,119.327,108.003,NA,13.102,0.044,-152.447,-60.157
3035,32,17,402.273,854.293,36001.212,2,142,136.968,122.903,NA,17.641,0.059,-103.241,49.207
3036,32,18,393.182,844.192,36301.222,2,71,150.558,136.489,NA,13.59,0.045,-131.987,-28.747
3037,32,19,384.596,836.616,36601.232,2,116,162.008,147.893,NA,11.45,0.038,-138.576,-6.589
3038,32,20,372.98,827.02,36901.242,2,90,177.075,162.863,NA,15.067,0.05,-140.44,-1.864
3039,32,21,372.98,826.515,37201.253,2,79,177.58,163.225,NA,0.505,0.002,-90,50.44
3040,32,22,364.394,826.515,37501.263,2,106,186.166,169.315,NA,8.586,0.029,180,-90
3041,32,23,346.717,821.465,37801.273,2,52,204.55,185.769,NA,18.384,0.061,-164.055,15.945
3042,32,24,346.717,821.465,38101.283,2,93,204.55,185.769,NA,0,0,0,164.055
3043,32,25,346.717,821.465,38401.293,2,53,204.55,185.769,NA,0,0,0,0
3044,32,26,350.758,831.566,38701.303,2,206,215.429,176.15,NA,10.879,0.036,68.199,68.199
3045,32,27,348.232,831.566,39001.313,2,103,217.954,178.105,NA,2.525,0.008,180,111.801
3046,32,28,341.667,841.162,39301.323,2,85,229.581,177.544,NA,11.627,0.039,124.38,-55.62
3047,32,29,336.111,841.667,39601.333,2,84,235.16,181.824,NA,5.578,0.019,174.806,50.425
3048,32,30,326.01,841.667,39901.343,2,79,245.261,190.269,NA,10.101,0.034,180,5.194
3049,32,31,341.162,844.192,40201.354,2,156,260.621,176.228,NA,15.361,0.051,9.462,-170.538
3050,32,32,342.172,844.192,40501.364,2,115,261.632,175.395,NA,1.01,0.003,0,-9.462
3051,32,33,346.212,839.646,40801.374,2,45,267.713,174.75,NA,6.082,0.02,-48.366,-48.366
3052,32,34,342.677,826.01,41101.384,2,72,281.8,185.92,NA,14.087,0.047,-104.534,-56.168
3053,32,35,352.778,816.919,41401.394,2,88,295.39,184.344,NA,13.59,0.045,-41.987,62.547
3054,32,36,358.333,814.394,41701.404,2,147,301.492,182.135,NA,6.103,0.02,-24.444,17.543
3055,32,37,358.333,814.899,42001.414,2,68,301.997,181.777,NA,0.505,0.002,90,114.444
3056,32,38,348.737,808.838,42301.424,2,107,313.347,192.859,NA,11.35,0.038,-147.724,122.276
3057,32,39,348.737,799.747,42601.434,2,137,322.438,199.322,NA,9.091,0.03,-90,57.724
3058,32,40,348.737,799.242,42901.444,2,111,322.943,199.687,NA,0.505,0.002,-90,0
3059,32,41,356.313,793.182,43201.455,2,144,332.645,199.074,NA,9.702,0.032,-38.66,51.34
3060,32,42,360.859,793.182,43501.465,2,105,337.19,196.129,NA,4.545,0.015,0,38.66
3061,32,43,365.404,799.747,43801.475,2,147,345.176,188.178,NA,7.986,0.027,55.305,55.305
3062,32,44,372.98,795.707,44101.485,2,52,353.762,186.578,NA,8.586,0.029,-28.072,-83.377
3063,32,45,372.98,775,44401.495,2,55,374.469,203.392,NA,20.707,0.069,-90,-61.928
3064,32,46,376.01,768.434,44701.505,2,104,381.7,207.237,NA,7.231,0.024,-65.225,24.775
3065,32,47,376.01,759.343,45001.515,2,125,390.791,214.98,NA,9.091,0.03,-90,-24.775
3066,32,48,381.061,751.263,45301.525,2,65,400.32,219.475,NA,9.529,0.032,-57.995,32.005
3067,32,49,384.596,748.232,45601.535,2,127,404.976,220.478,NA,4.656,0.016,-40.601,17.393
3068,32,50,386.111,741.667,45901.546,2,182,411.715,225.64,NA,6.738,0.022,-77.005,-36.404
3069,32,51,386.111,741.667,46201.556,2,68,411.715,225.64,NA,0,0,0,77.005
3070,32,52,372.475,739.141,46501.566,2,122,425.583,234.237,NA,13.868,0.046,-169.509,-169.509
3071,32,53,372.475,739.141,46801.576,2,94,425.583,234.237,NA,0,0,0,169.509
3072,32,54,372.475,744.192,47101.586,2,39,430.633,229.84,NA,5.051,0.017,90,90
3073,32,55,368.434,751.768,47401.596,2,70,439.219,225.388,NA,8.586,0.029,118.072,28.072
3074,32,56,378.535,751.263,47701.606,2,74,449.333,220.7,NA,10.114,0.034,-2.862,-120.935
3075,32,57,378.535,759.343,48001.616,2,161,457.414,213.691,NA,8.081,0.027,90,92.862
3076,32,58,363.889,778.535,48301.626,2,107,481.556,205.76,NA,24.142,0.08,127.349,37.349
3077,32,59,363.889,781.566,48601.636,2,63,484.586,203.335,NA,3.03,0.01,90,-37.349
3078,32,60,364.899,798.232,48901.647,2,97,501.283,189.663,NA,16.697,0.056,86.532,-3.468
3079,32,61,365.404,804.293,49201.657,2,155,507.365,184.724,NA,6.082,0.02,85.236,-1.295
3080,32,62,365.404,804.293,49501.667,2,85,507.365,184.724,NA,0,0,0,-85.236
3081,32,63,365.404,804.293,49801.677,2,79,507.365,184.724,NA,0,0,0,0
3082,32,64,365.404,804.293,50101.687,2,58,507.365,184.724,NA,0,0,0,0
3083,32,65,365.404,813.384,50401.697,2,73,516.456,177.964,NA,9.091,0.03,90,90
3084,32,66,370.455,828.535,50701.707,2,102,532.427,163.565,NA,15.971,0.053,71.565,-18.435
3085,32,67,370.455,837.626,51001.717,2,70,541.518,157.297,NA,9.091,0.03,90,18.435
3086,32,68,377.525,837.626,51301.727,2,75,548.589,152.15,NA,7.071,0.024,0,-90
3087,32,69,378.03,847.727,51601.737,2,55,558.702,144.911,NA,10.114,0.034,87.138,87.138
3088,32,70,378.03,847.727,51901.748,2,44,558.702,144.911,NA,0,0,0,-87.138
3089,32,71,378.03,856.818,52201.758,2,98,567.793,139.058,NA,9.091,0.03,90,90
3090,32,72,385.101,859.848,52501.768,2,24,575.486,131.659,NA,7.693,0.026,23.199,-66.801
3091,32,73,384.091,869.444,52801.778,2,70,585.135,126.583,NA,9.649,0.032,96.009,72.81
3092,32,74,388.636,886.111,53101.788,2,103,602.41,113.644,NA,17.275,0.058,74.745,-21.264
3093,32,75,404.798,888.636,53401.798,2,122,618.768,98.614,NA,16.358,0.055,8.881,-65.864
3094,32,76,422.475,893.182,53701.808,2,76,637.02,81.639,NA,18.252,0.061,14.421,5.54
3095,32,77,438.636,899.242,54001.818,2,66,654.28,65.402,NA,17.261,0.058,20.556,6.135
3096,32,78,444.192,897.222,54301.828,2,70,660.192,62.919,NA,5.911,0.02,-19.983,-40.539
3097,32,79,441.162,889.141,54601.838,2,109,668.822,71.002,NA,8.63,0.029,-110.556,-90.573
3098,32,80,437.121,888.636,54901.849,2,52,672.894,74.029,NA,4.072,0.014,-172.875,-62.319
3099,32,81,439.141,905.303,55201.859,2,96,689.683,61.051,NA,16.789,0.056,83.089,-104.036
3100,32,82,439.646,915.404,55501.869,2,93,699.796,54.828,NA,10.114,0.034,87.138,4.049
3101,32,83,440.152,923.99,55801.879,2,84,708.397,50.467,NA,8.601,0.029,86.634,-0.504
3102,32,84,436.616,934.596,56101.889,2,75,719.577,50.82,NA,11.18,0.037,108.435,21.801
3103,32,85,428.03,940.657,56401.899,2,55,730.086,58.664,NA,10.509,0.035,144.782,36.347
3104,32,86,411.869,937.121,56701.909,2,19,746.63,75.035,NA,16.544,0.055,-167.661,47.557
3105,32,87,398.737,931.061,57001.919,2,34,761.092,88.781,NA,14.462,0.048,-155.225,12.436
3106,32,88,395.707,918.939,57301.929,2,85,773.587,94.217,NA,12.494,0.042,-104.036,51.189
3107,32,89,395.707,918.939,57601.939,2,150,773.587,94.217,NA,0,0,0,104.036
3108,32,90,393.182,905.808,57901.95,2,38,786.959,100.821,NA,13.372,0.045,-100.886,-100.886
3109,32,91,384.596,915.909,58201.96,2,111,800.216,105.734,NA,13.257,0.044,130.365,-128.75
3110,32,92,375.505,925.505,58501.97,2,70,813.434,112.589,NA,13.218,0.044,133.452,3.087
3111,32,93,353.283,939.141,58801.98,2,54,839.507,133.411,NA,26.073,0.087,148.465,15.013
3112,32,94,338.131,927.02,59101.99,2,77,858.91,149.417,NA,19.403,0.065,-141.34,70.195
3113,32,95,331.061,919.444,59402,2,91,869.273,157.433,NA,10.363,0.035,-133.025,8.315
3114,32,96,331.061,919.444,59702.01,2,65,869.273,157.433,NA,0,0,0,133.025
3115,32,97,340.657,919.444,60002.02,2,179,878.869,147.959,NA,9.596,0.032,0,0
3116,32,98,337.626,915.909,60302.03,2,108,883.525,151.557,NA,4.656,0.016,-130.601,-130.601
3117,32,99,337.626,908.838,60602.04,2,123,890.596,153.011,NA,7.071,0.024,-90,40.601
3118,32,100,337.626,908.838,60902.051,2,120,890.596,153.011,NA,0,0,0,90
3119,32,101,332.071,892.172,61202.061,2,50,908.164,162.905,NA,17.568,0.059,-108.435,-108.435
3120,32,102,324.495,892.172,61502.071,2,82,915.74,170.109,NA,7.576,0.025,180,-71.565
3121,32,103,325,902.273,61802.081,2,107,925.853,166.838,NA,10.114,0.034,87.138,-92.862
3122,32,104,325,902.778,62102.091,2,199,926.358,166.713,NA,0.505,0.002,90,2.862
3123,32,105,325,902.778,62402.101,2,113,926.358,166.713,NA,0,0,0,-90
3124,32,106,325,902.778,62702.111,2,105,926.358,166.713,NA,0,0,0,0
3125,32,107,312.879,891.667,63002.121,2,111,942.802,181.358,NA,16.443,0.055,-137.49,-137.49
3126,32,108,310.354,891.667,63302.131,2,126,945.327,183.779,NA,2.525,0.008,180,-42.51
3127,32,109,307.323,891.667,63602.141,2,148,948.357,186.687,NA,3.03,0.01,180,0
3128,32,110,307.323,891.667,63902.152,2,102,948.357,186.687,NA,0,0,0,-180
3129,32,111,307.323,891.667,64202.162,2,77,948.357,186.687,NA,0,0,0,0
3130,32,112,307.323,902.273,64502.172,2,112,958.963,184.014,NA,10.606,0.035,90,90
3131,32,113,307.323,904.798,64802.182,2,49,961.489,183.462,NA,2.525,0.008,90,0
3132,32,114,313.384,911.869,65102.192,2,114,970.801,176.13,NA,9.313,0.031,49.399,-40.601
3133,32,115,315.404,911.869,65402.202,2,88,972.821,174.144,NA,2.02,0.007,0,-49.399
3134,32,116,306.818,908.838,65702.212,2,142,981.926,183.144,NA,9.105,0.03,-160.56,-160.56
3135,32,117,306.818,908.838,66002.222,2,115,981.926,183.144,NA,0,0,0,160.56
3136,32,118,306.818,908.838,66302.232,2,184,981.926,183.144,NA,0,0,0,0
3137,32,119,298.737,908.333,66602.242,2,91,990.023,191.176,NA,8.097,0.027,-176.424,-176.424
3138,32,120,297.222,913.384,66902.253,2,105,995.296,191.803,NA,5.273,0.018,106.699,-76.877
3139,32,121,292.172,907.323,67202.263,2,78,1003.185,197.815,NA,7.889,0.026,-129.806,123.495
3140,32,122,292.172,907.323,67502.273,2,166,1003.185,197.815,NA,0,0,0,129.806
3141,32,123,292.172,907.323,67802.283,2,60,1003.185,197.815,NA,0,0,0,0
3142,32,124,292.172,907.323,68102.293,2,66,1003.185,197.815,NA,0,0,0,0
3143,32,125,312.374,912.374,68402.303,2,122,1024.009,177.034,NA,20.824,0.069,14.036,14.036
3144,32,126,313.384,912.374,68702.313,2,125,1025.019,176.04,NA,1.01,0.003,0,-14.036
3145,32,127,313.384,912.374,69002.323,2,103,1025.019,176.04,NA,0,0,0,0
3146,32,128,313.384,912.374,69302.333,2,69,1025.019,176.04,NA,0,0,0,0
3147,32,129,313.384,922.475,69602.344,2,109,1035.12,174.526,NA,10.101,0.034,90,90
3148,32,130,313.384,922.475,69902.354,2,65,1035.12,174.526,NA,0,0,0,-90
3149,32,131,307.828,920.455,70202.364,2,145,1041.031,180.291,NA,5.911,0.02,-160.017,-160.017
3150,32,132,307.828,920.455,70502.374,2,74,1041.031,180.291,NA,0,0,0,160.017
3151,32,133,310.859,937.626,70802.384,2,109,1058.468,175.862,NA,17.437,0.058,79.992,79.992
3152,32,134,315.909,937.626,71102.394,2,111,1063.519,170.815,NA,5.051,0.017,0,-79.992
3153,32,135,315.909,937.626,71402.404,2,84,1063.519,170.815,NA,0,0,0,0
3154,32,136,322.475,932.071,71702.414,2,72,1072.12,164.552,NA,8.601,0.029,-40.236,-40.236
3155,32,138,328.535,932.071,72002.424,2,76,1078.18,158.507,NA,6.061,0.02,0,40.236
3156,33,1,493.687,858.333,34501.162,2,85,0,0,NA,NA,NA,NA,NA
3157,33,2,483.586,850.253,34801.172,2,60,12.936,12.936,NA,12.936,0.043,-141.34,NA
3158,33,3,478.535,843.687,35101.182,2,135,21.219,21.073,NA,8.283,0.028,-127.569,13.772
3159,33,4,478.535,843.687,35401.192,2,82,21.219,21.073,NA,0,0,0,127.569
3160,33,5,478.535,843.687,35701.202,2,64,21.219,21.073,NA,0,0,0,0
3161,33,6,478.535,843.687,36001.212,2,95,21.219,21.073,NA,0,0,0,0
3162,33,7,478.535,843.687,36301.222,2,90,21.219,21.073,NA,0,0,0,0
3163,33,8,481.061,830.051,36601.232,2,32,35.087,30.973,NA,13.868,0.046,-79.509,-79.509
3164,33,9,480.556,824.495,36901.242,2,15,40.666,36.297,NA,5.578,0.019,-95.194,-15.686
3165,33,10,459.848,809.848,37201.253,2,86,66.029,59.125,NA,25.363,0.085,-144.728,-49.533
3166,33,11,445.202,783.081,37501.263,2,79,96.542,89.519,NA,30.513,0.102,-118.686,26.041
3167,33,12,431.566,779.04,37801.273,2,60,110.764,100.729,NA,14.222,0.047,-163.496,-44.809
3168,33,13,415.404,763.384,38101.283,2,90,133.266,123.059,NA,22.502,0.075,-135.909,27.586
3169,33,14,415.404,762.879,38401.293,2,92,133.771,123.449,NA,0.505,0.002,-90,45.909
3170,33,15,400.758,745.202,38701.303,2,96,156.727,146.405,NA,22.956,0.077,-129.644,-39.644
3171,33,16,398.737,736.111,39001.313,2,50,166.04,154.77,NA,9.313,0.031,-102.529,27.115
3172,33,17,395.707,727.02,39301.323,2,78,175.622,163.839,NA,9.583,0.032,-108.435,-5.906
3173,33,18,395.202,712.374,39601.333,2,45,190.278,176.078,NA,14.655,0.049,-91.975,16.46
3174,33,19,391.667,707.323,39901.343,2,56,196.443,182.242,NA,6.165,0.021,-124.992,-33.017
3175,33,20,391.667,700.253,40201.354,2,95,203.513,188.143,NA,7.071,0.024,-90,34.992
3176,33,21,391.667,687.121,40501.364,2,56,216.645,199.303,NA,13.131,0.044,-90,0
3177,33,22,402.778,669.444,40801.374,2,28,237.523,209.627,NA,20.879,0.07,-57.848,32.152
3178,33,23,407.323,653.788,41101.384,2,85,253.826,222.03,NA,16.303,0.054,-73.811,-15.963
3179,33,24,417.424,653.788,41401.394,2,112,263.927,218.3,NA,10.101,0.034,0,73.811
3180,33,25,411.869,646.717,41701.404,2,66,272.92,226.882,NA,8.992,0.03,-128.157,-128.157
3181,33,26,405.303,642.172,42001.414,2,105,280.905,233.533,NA,7.986,0.027,-145.305,-17.148
3182,33,27,399.242,628.535,42301.424,2,70,295.828,248.449,NA,14.923,0.05,-113.962,31.342
3183,33,28,399.242,617.424,42601.434,2,52,306.939,258.76,NA,11.111,0.037,-90,23.962
3184,33,29,403.283,604.293,42901.444,2,85,320.678,269.647,NA,13.739,0.046,-72.897,17.103
3185,33,30,405.303,589.141,43201.455,2,84,335.963,283.33,NA,15.286,0.051,-82.405,-9.508
3186,33,31,408.838,578.535,43501.465,2,79,347.143,292.38,NA,11.18,0.037,-71.565,10.84
3187,33,32,428.03,578.03,43801.475,2,145,366.342,287.89,NA,19.199,0.064,-1.507,70.058
3188,33,33,426.515,578.535,44101.485,2,97,367.939,287.748,NA,1.597,0.005,161.565,163.072
3189,33,34,435.101,577.02,44401.495,2,68,376.657,287.349,NA,8.719,0.029,-10.008,-171.573
3190,33,35,435.101,584.596,44701.505,2,35,384.233,279.937,NA,7.576,0.025,90,100.008
3191,33,36,441.162,585.606,45001.515,2,70,390.377,277.739,NA,6.144,0.02,9.462,-80.538
3192,33,37,450.253,579.545,45301.525,2,86,401.303,282.151,NA,10.926,0.036,-33.69,-43.152
3193,33,38,450.253,565.404,45601.535,2,62,415.445,296.132,NA,14.141,0.047,-90,-56.31
3194,33,39,460.859,564.899,45901.546,2,146,426.063,295.265,NA,10.618,0.035,-2.726,87.274
3195,33,40,464.899,560.859,46201.556,2,180,431.777,298.864,NA,5.714,0.019,-45,-42.274
3196,33,41,467.929,551.768,46501.566,2,138,441.359,307.646,NA,9.583,0.032,-71.565,-26.565
3197,33,42,471.97,542.172,46801.576,2,172,451.771,316.907,NA,10.412,0.035,-67.166,4.399
3198,33,43,466.919,537.626,47101.586,2,85,458.566,321.822,NA,6.795,0.023,-138.013,-70.846
3199,33,44,470.96,530.556,47401.596,2,139,466.71,328.565,NA,8.144,0.027,-60.255,77.758
3200,33,45,470.96,530.051,47701.606,2,79,467.215,329.069,NA,0.505,0.002,-90,-29.745
3201,33,46,470.455,530.051,48001.616,2,137,467.72,329.104,NA,0.505,0.002,180,-90
3202,33,47,464.394,532.576,48301.626,2,162,474.285,327.072,NA,6.566,0.022,157.38,-22.62
3203,33,48,464.394,530.051,48601.636,2,192,476.811,329.587,NA,2.525,0.008,-90,112.62
3204,33,49,464.394,523.99,48901.647,2,137,482.871,335.624,NA,6.061,0.02,-90,0
3205,33,50,466.919,523.99,49201.657,2,128,485.396,335.413,NA,2.525,0.008,0,90
3206,33,51,461.869,528.03,49501.667,2,104,491.864,331.832,NA,6.468,0.022,141.34,141.34
3207,33,52,461.869,528.03,49801.677,2,128,491.864,331.832,NA,0,0,0,-141.34
3208,33,53,460.859,530.051,50101.687,2,132,494.123,329.92,NA,2.259,0.008,116.565,116.565
3209,33,54,460.859,530.051,50401.697,2,83,494.123,329.92,NA,0,0,0,-116.565
3210,33,55,465.909,531.061,50701.707,2,114,499.273,328.449,NA,5.151,0.017,11.31,11.31
3211,33,56,462.879,535.606,51001.717,2,169,504.736,324.194,NA,5.463,0.018,123.69,112.38
3212,33,57,462.879,539.141,51301.727,2,86,508.272,320.675,NA,3.535,0.012,90,-33.69
3213,33,58,464.899,546.212,51601.737,2,70,515.625,313.446,NA,7.354,0.025,74.055,-15.945
3214,33,59,475.505,560.859,51901.748,2,132,533.709,298.03,NA,18.083,0.06,54.09,-19.964
3215,33,60,478.03,570.455,52201.758,2,103,543.631,288.304,NA,9.923,0.033,75.256,21.166
3216,33,61,476.01,593.182,52501.768,2,52,566.448,265.74,NA,22.817,0.076,95.08,19.823
3217,33,62,471.97,588.131,52801.778,2,86,572.916,271.073,NA,6.468,0.022,-128.66,136.261
3218,33,63,465.909,588.131,53101.788,2,47,578.977,271.626,NA,6.061,0.02,180,-51.34
3219,33,64,453.283,588.131,53401.798,2,68,591.603,273.206,NA,12.626,0.042,180,0
3220,33,65,438.636,608.838,53701.808,2,12,616.966,255.496,NA,25.363,0.085,125.272,-54.728
3221,33,66,431.566,612.879,54001.818,2,43,625.11,253.194,NA,8.144,0.027,150.255,24.983
3222,33,67,432.576,633.586,54301.828,2,53,645.842,232.908,NA,20.732,0.069,87.207,-63.048
3223,33,68,439.141,640.657,54601.838,2,34,655.491,224.407,NA,9.649,0.032,47.121,-40.086
3224,33,69,447.222,652.273,54901.849,2,40,669.641,211.234,NA,14.15,0.047,55.176,8.054
3225,33,70,455.303,661.869,55201.859,2,33,682.186,200.179,NA,12.545,0.042,49.899,-5.276
3226,33,71,465.404,661.869,55501.869,2,74,692.287,198.49,NA,10.101,0.034,0,-49.899
3227,33,72,464.899,673.485,55801.879,2,118,703.914,187.077,NA,11.627,0.039,92.49,92.49
3228,33,73,463.384,698.737,56101.889,2,66,729.212,162.447,NA,25.298,0.084,93.434,0.944
3229,33,74,452.778,713.384,56401.899,2,78,747.296,150.612,NA,18.083,0.06,125.91,32.476
3230,33,75,452.273,713.384,56701.909,2,89,747.801,150.75,NA,0.505,0.002,180,54.09
3231,33,76,443.687,732.576,57001.919,2,74,768.826,135.333,NA,21.025,0.07,114.102,-65.898
3232,33,77,432.071,734.091,57301.929,2,81,780.54,138.682,NA,11.715,0.039,172.569,58.466
3233,33,78,418.434,734.596,57601.939,2,21,794.186,144.824,NA,13.646,0.045,177.879,5.31
3234,33,79,412.879,763.384,57901.95,2,41,823.505,124.681,NA,29.319,0.098,100.923,-76.956
3235,33,80,416.414,780.051,58201.96,2,55,840.543,109.997,NA,17.038,0.057,78.024,-22.899
3236,33,81,419.444,816.919,58501.97,2,42,877.536,85.012,NA,36.993,0.123,85.301,7.277
3237,33,82,413.889,840.657,58801.98,2,71,901.914,81.732,NA,24.379,0.081,103.173,17.871
3238,33,83,401.768,841.667,59101.99,2,15,914.078,93.418,NA,12.163,0.041,175.236,72.064
3239,33,84,420.96,855.808,59402,2,71,937.917,72.771,NA,23.839,0.079,36.384,-138.852
3240,33,85,409.848,863.384,59702.01,2,52,951.365,83.99,NA,13.448,0.045,145.713,109.329
3241,33,86,376.515,864.899,60002.02,2,40,984.733,117.356,NA,33.368,0.111,177.397,31.684
3242,33,87,359.848,864.899,60302.03,2,72,1001.399,133.999,NA,16.667,0.056,180,2.603
3243,33,88,344.192,853.788,60602.04,2,38,1020.598,149.564,NA,19.199,0.064,-144.638,35.362
3244,33,89,353.283,862.374,60902.051,2,47,1033.102,140.462,NA,12.504,0.042,43.363,-171.999
3245,33,90,364.899,870.455,61202.061,2,126,1047.253,129.357,NA,14.15,0.047,34.824,-8.539
3246,33,91,373.485,878.03,61502.071,2,103,1058.703,121.805,NA,11.45,0.038,41.424,6.599
3247,33,92,398.232,873.485,61802.081,2,83,1083.864,96.65,NA,25.161,0.084,-10.408,-51.831
3248,33,93,417.929,875.505,62102.091,2,53,1103.665,77.679,NA,19.8,0.066,5.856,16.264
3249,33,94,435.606,873.99,62402.101,2,64,1121.406,60.154,NA,17.742,0.059,-4.899,-10.755
3250,33,95,450.253,861.869,62702.111,2,53,1140.418,43.578,NA,19.012,0.063,-39.611,-34.712
3251,33,96,424.495,858.838,63002.121,2,69,1166.353,69.194,NA,25.935,0.086,-173.29,-133.679
3252,33,97,412.879,846.212,63302.131,2,118,1183.51,81.712,NA,17.157,0.057,-132.614,40.676
3253,33,98,388.131,841.667,63602.141,2,34,1208.672,106.863,NA,25.161,0.084,-169.592,-36.978
3254,33,99,370.96,854.798,63902.152,2,61,1230.289,122.778,NA,21.617,0.072,142.595,-47.813
3255,33,100,356.818,861.364,64202.162,2,80,1245.88,136.902,NA,15.591,0.052,155.095,12.501
3256,33,101,328.535,865.909,64502.172,2,104,1274.526,165.325,NA,28.646,0.095,170.87,15.775
3257,33,102,326.01,883.586,64802.182,2,80,1292.382,169.568,NA,17.856,0.06,98.13,-72.74
3258,33,103,339.646,884.596,65102.192,2,62,1306.056,156.263,NA,13.674,0.046,4.236,-93.894
3259,33,104,352.778,887.626,65402.202,2,74,1319.532,143.922,NA,13.476,0.045,12.995,8.758
3260,33,105,381.566,886.616,65702.212,2,46,1348.338,115.633,NA,28.806,0.096,-2.01,-15.004
3261,33,106,392.172,886.616,66002.222,2,45,1358.944,105.381,NA,10.606,0.035,0,2.01
3262,33,107,396.717,898.737,66302.232,2,53,1371.889,105.051,NA,12.945,0.043,69.444,69.444
3263,33,108,400.253,909.343,66602.242,2,34,1383.069,106.452,NA,11.18,0.037,71.565,2.121
3264,33,109,416.919,930.051,66902.253,2,65,1409.65,105.055,NA,26.581,0.089,51.17,-20.395
3265,33,110,449.242,917.929,67202.263,2,33,1444.171,74.344,NA,34.521,0.115,-20.556,-71.726
3266,33,111,457.323,918.939,67502.273,2,26,1452.315,70.678,NA,8.144,0.027,7.125,27.681
3267,33,112,463.384,923.485,67802.283,2,112,1459.891,71.854,NA,7.576,0.025,36.87,29.745
3268,33,113,478.03,951.263,68102.293,2,51,1491.293,94.239,NA,31.403,0.105,62.199,25.329
3269,33,114,471.465,959.848,68402.303,2,140,1502.102,103.919,NA,10.809,0.036,127.405,65.207
3270,33,115,453.283,959.848,68702.313,2,119,1520.284,109.26,NA,18.182,0.061,180,52.595
3271,33,116,444.192,962.879,69002.323,2,141,1529.866,115.67,NA,9.583,0.032,161.565,-18.435
3272,33,117,432.071,975,69302.333,2,48,1547.008,131.938,NA,17.142,0.057,135,-26.565
3273,33,118,437.626,991.162,69602.344,2,44,1564.098,144.174,NA,17.09,0.057,71.03,-63.97
3274,33,119,446.212,1003.788,69902.354,2,74,1579.367,153.006,NA,15.269,0.051,55.784,-15.245
3275,33,120,446.212,1014.899,70202.364,2,36,1590.478,163.605,NA,11.111,0.037,90,34.216
3276,33,121,459.343,1015.404,70502.374,2,56,1603.619,160.781,NA,13.141,0.044,2.203,-87.797
3277,33,122,465.404,1031.061,70802.384,2,47,1620.408,175.028,NA,16.789,0.056,68.839,66.636
3278,33,123,470.96,1045.202,71102.394,2,48,1635.601,188.246,NA,15.194,0.051,68.552,-0.286
3279,33,124,475.505,1064.899,71402.404,2,37,1655.816,207.364,NA,20.215,0.067,77.005,8.453
3280,34,1,495.833,856.061,31501.061,2,44,0,0,NA,NA,NA,NA,NA
3281,34,2,490.909,848.485,31801.071,2,97,9.036,9.036,NA,9.036,0.03,-123.024,NA
3282,34,3,488.258,845.455,32101.081,2,69,13.062,13.034,NA,4.027,0.013,-131.186,-8.162
3283,34,4,488.258,845.076,32401.091,2,45,13.441,13.344,NA,0.379,0.001,-90,41.186
3284,34,5,479.924,840.152,32701.101,2,101,23.12,22.499,NA,9.679,0.032,-149.421,-59.421
3285,34,6,479.924,835.985,33001.111,2,55,27.287,25.615,NA,4.167,0.014,-90,59.421
3286,34,7,475,832.197,33301.121,2,46,33.5,31.678,NA,6.213,0.021,-142.431,-52.431
3287,34,8,468.939,824.621,33601.131,2,92,43.201,41.373,NA,9.702,0.032,-128.66,13.772
3288,34,9,460.606,821.591,33901.141,2,97,52.069,49.286,NA,8.867,0.03,-160.017,-31.357
3289,34,10,459.47,817.424,34201.152,2,87,56.387,53.057,NA,4.319,0.014,-105.255,54.762
3290,34,11,473.485,817.424,34501.162,2,126,70.403,44.634,NA,14.015,0.047,0,105.255
3291,34,12,475.379,814.015,34801.172,2,115,74.302,46.757,NA,3.9,0.013,-60.945,-60.945
3292,34,13,475.379,804.167,35101.182,2,86,84.151,55.78,NA,9.848,0.033,-90,-29.055
3293,34,14,475.379,804.545,35401.192,2,85,84.53,55.427,NA,0.379,0.001,90,180
3294,34,15,470.076,790.152,35701.202,2,80,99.869,70.763,NA,15.34,0.051,-110.225,159.775
3295,34,16,467.045,788.636,36001.212,2,73,103.257,73.313,NA,3.388,0.011,-153.435,-43.21
3296,34,17,459.091,792.424,36301.222,2,85,112.068,73.482,NA,8.81,0.029,154.537,-52.028
3297,34,18,432.197,794.697,36601.232,2,81,139.058,88.403,NA,26.99,0.09,175.17,20.633
3298,34,19,426.515,791.667,36901.242,2,72,145.497,94.613,NA,6.439,0.021,-151.928,32.903
3299,34,20,414.394,782.955,37201.253,2,96,160.424,109.439,NA,14.927,0.05,-144.293,7.634
3300,34,21,410.606,780.303,37501.263,2,53,165.048,114.03,NA,4.624,0.015,-145.008,-0.715
3301,34,22,410.227,792.803,37801.273,2,56,177.554,106.442,NA,12.506,0.042,91.736,-123.256
3302,34,23,405.303,794.697,38101.283,2,56,182.83,109.367,NA,5.276,0.018,158.962,67.227
3303,34,24,397.348,785.985,38401.293,2,49,194.627,120.871,NA,11.797,0.039,-132.397,68.64
3304,34,25,385.985,771.591,38701.303,2,76,212.966,138.571,NA,18.339,0.061,-128.29,4.107
3305,34,26,375,758.712,39001.313,2,75,229.893,155.169,NA,16.927,0.056,-130.462,-2.172
3306,34,27,368.182,744.697,39301.323,2,112,245.479,169.401,NA,15.586,0.052,-115.942,14.52
3307,34,28,368.182,744.318,39601.333,2,71,245.857,169.65,NA,0.379,0.001,-90,25.942
3308,34,29,353.788,731.061,39901.343,2,88,265.427,189.214,NA,19.569,0.065,-137.353,-47.353
3309,34,30,348.485,717.803,40201.354,2,88,279.705,202.056,NA,14.279,0.048,-111.801,25.552
3310,34,31,348.485,717.803,40501.364,2,81,279.705,202.056,NA,0,0,0,111.801
3311,34,32,343.182,704.924,40801.374,2,71,293.633,214.813,NA,13.928,0.046,-112.38,-112.38
3312,34,33,343.182,693.939,41101.384,2,80,304.618,222.679,NA,10.985,0.037,-90,22.38
3313,34,34,343.182,693.561,41401.394,2,107,304.997,222.955,NA,0.379,0.001,-90,0
3314,34,35,350.758,693.561,41701.404,2,150,312.573,217.838,NA,7.576,0.025,0,90
3315,34,36,356.061,685.227,42001.414,2,96,322.45,220.727,NA,9.878,0.033,-57.529,-57.529
3316,34,37,367.045,668.182,42301.424,2,163,342.729,227.782,NA,20.278,0.068,-57.2,0.328
3317,34,38,373.485,659.47,42601.434,2,99,353.562,231.554,NA,10.834,0.036,-53.531,3.67
3318,34,39,378.788,654.167,42901.444,2,72,361.062,233.368,NA,7.5,0.025,-45,8.531
3319,34,40,384.848,650.379,43201.455,2,53,368.209,233.715,NA,7.147,0.024,-32.005,12.995
3320,34,41,390.152,641.288,43501.465,2,142,378.733,239.366,NA,10.525,0.035,-59.744,-27.738
3321,34,42,390.152,631.061,43801.475,2,61,388.961,248.583,NA,10.227,0.034,-90,-30.256
3322,34,43,391.667,610.227,44101.485,2,43,409.849,266.992,NA,20.888,0.07,-85.84,4.16
3323,34,44,390.152,597.348,44401.495,2,114,422.817,279.465,NA,12.968,0.043,-96.71,-10.869
3324,34,45,387.5,588.258,44701.505,2,177,432.286,288.885,NA,9.47,0.032,-106.26,-9.55
3325,34,46,387.5,587.879,45001.515,2,84,432.665,289.236,NA,0.379,0.001,-90,16.26
3326,34,47,395.833,578.03,45301.525,2,91,445.566,295.467,NA,12.901,0.043,-49.764,40.236
3327,34,48,395.833,563.258,45601.535,2,54,460.339,309.408,NA,14.773,0.049,-90,-40.236
3328,34,49,384.848,559.47,45901.546,2,83,471.958,316.676,NA,11.62,0.039,-160.974,-70.974
3329,34,50,383.712,553.788,46201.556,2,57,477.753,322.397,NA,5.794,0.019,-101.31,59.664
3330,34,51,377.652,542.045,46501.566,2,78,490.967,335.518,NA,13.214,0.044,-117.3,-15.99
3331,34,52,361.742,531.818,46801.576,2,157,509.88,350.875,NA,18.913,0.063,-147.265,-29.965
3332,34,53,348.106,532.197,47101.586,2,132,523.522,355.965,NA,13.642,0.045,178.409,-34.326
3333,34,54,345.076,531.061,47401.596,2,104,526.758,358.264,NA,3.236,0.011,-159.444,22.147
3334,34,55,344.697,531.061,47701.606,2,140,527.137,358.423,NA,0.379,0.001,180,-20.556
3335,34,56,332.955,523.106,48001.616,2,179,541.32,370.659,NA,14.183,0.047,-145.886,34.114
3336,34,57,332.955,523.106,48301.626,2,55,541.32,370.659,NA,0,0,0,145.886
3337,34,58,311.364,543.182,48601.636,2,125,570.802,363.211,NA,29.482,0.098,137.083,137.083
3338,34,59,289.394,546.97,48901.647,2,119,593.096,371.691,NA,22.294,0.074,170.218,33.135
3339,34,60,279.167,543.939,49201.657,2,123,603.763,379.953,NA,10.667,0.036,-163.496,26.287
3340,34,61,256.061,519.697,49501.667,2,111,637.253,413.076,NA,33.49,0.112,-133.625,29.87
3341,34,62,247.348,492.045,49801.677,2,131,666.244,440.74,NA,28.992,0.097,-107.488,26.137
3342,34,63,248.485,482.576,50101.687,2,120,675.782,447.965,NA,9.538,0.032,-83.157,24.331
3343,34,64,248.485,482.576,50401.697,2,220,675.782,447.965,NA,0,0,0,83.157
3344,34,65,251.894,482.576,50701.707,2,101,679.191,446.091,NA,3.409,0.011,0,0
3345,34,66,241.667,482.576,51001.717,2,229,689.418,451.765,NA,10.227,0.034,180,180
3346,34,67,241.667,482.576,51301.727,2,150,689.418,451.765,NA,0,0,0,-180
3347,34,68,241.667,482.576,51601.737,2,175,689.418,451.765,NA,0,0,0,0
3348,34,69,228.409,481.061,51901.748,2,127,702.762,460.587,NA,13.344,0.044,-173.48,-173.48
3349,34,70,228.409,481.061,52201.758,2,129,702.762,460.587,NA,0,0,0,173.48
3350,34,71,228.409,481.061,52501.768,2,146,702.762,460.587,NA,0,0,0,0
3351,34,72,228.409,481.061,52801.778,2,144,702.762,460.587,NA,0,0,0,0
3352,34,73,227.273,478.788,53101.788,2,132,705.303,463.098,NA,2.541,0.008,-116.565,-116.565
3353,34,74,227.273,478.788,53401.798,2,95,705.303,463.098,NA,0,0,0,116.565
3354,34,75,227.273,478.788,53701.808,2,173,705.303,463.098,NA,0,0,0,0
3355,34,76,227.273,478.788,54001.818,2,158,705.303,463.098,NA,0,0,0,0
3356,34,77,227.273,478.788,54301.828,2,73,705.303,463.098,NA,0,0,0,0
3357,34,78,227.273,478.788,54601.838,2,128,705.303,463.098,NA,0,0,0,0
3358,34,79,223.106,478.788,54901.849,2,159,709.47,465.526,NA,4.167,0.014,180,180
3359,34,80,217.045,478.788,55201.859,2,109,715.53,469.103,NA,6.061,0.02,180,0
3360,34,81,211.364,478.788,55501.869,2,108,721.212,472.502,NA,5.682,0.019,180,0
3361,34,82,203.409,478.03,55801.879,2,95,729.203,477.932,NA,7.991,0.027,-174.56,5.44
3362,34,83,196.97,478.03,56101.889,2,114,735.642,481.899,NA,6.439,0.021,180,-5.44
3363,34,84,183.333,475.758,56401.899,2,154,749.467,492.226,NA,13.824,0.046,-170.538,9.462
3364,34,85,180.303,475.758,56701.909,2,156,752.497,494.156,NA,3.03,0.01,180,-9.462
3365,34,86,168.182,475.758,57001.919,2,95,764.618,501.982,NA,12.121,0.04,180,0
3366,34,87,167.803,475.758,57301.929,2,88,764.997,502.229,NA,0.379,0.001,180,0
3367,34,88,158.712,475.758,57601.939,2,60,774.088,508.214,NA,9.091,0.03,180,0
3368,34,89,148.485,474.242,57901.95,2,57,784.427,516.174,NA,10.339,0.034,-171.573,8.427
3369,34,90,142.803,474.621,58201.96,2,99,790.121,519.737,NA,5.694,0.019,176.186,-12.241
3370,34,91,136.364,474.621,58501.97,2,75,796.56,524.132,NA,6.439,0.021,180,3.814
3371,34,92,123.864,475.758,58801.98,2,93,809.112,531.97,NA,12.552,0.042,174.806,-5.194
3372,35,1,606.818,796.591,39301.323,2,16,0,0,NA,NA,NA,NA,NA
3373,35,2,598.864,788.258,39601.333,2,83,11.52,11.52,NA,11.52,0.038,-133.668,NA
3374,35,3,594.697,766.667,39901.343,2,39,33.51,32.286,NA,21.989,0.073,-100.923,32.745
3375,35,4,594.697,765.909,40201.354,2,56,34.267,32.989,NA,0.758,0.003,-90,10.923
3376,35,5,591.667,762.121,40501.364,2,78,39.118,37.653,NA,4.851,0.016,-128.66,-38.66
3377,35,6,587.879,762.121,40801.374,2,30,42.906,39.33,NA,3.788,0.013,180,-51.34
3378,35,7,584.091,748.106,41101.384,2,39,57.424,53.547,NA,14.518,0.048,-105.124,74.876
3379,35,8,578.03,728.788,41401.394,2,68,77.671,73.661,NA,20.247,0.067,-107.418,-2.294
3380,35,9,578.03,714.773,41701.404,2,57,91.686,86.735,NA,14.015,0.047,-90,17.418
3381,35,10,576.894,696.97,42001.414,2,74,109.525,104.018,NA,17.839,0.059,-93.652,-3.652
3382,35,11,576.894,696.97,42301.424,2,54,109.525,104.018,NA,0,0,0,93.652
3383,35,12,567.045,696.97,42601.434,2,35,119.373,107.267,NA,9.848,0.033,180,180
3384,35,13,558.333,690.53,42901.444,2,117,130.207,116.617,NA,10.834,0.036,-143.531,36.469
3385,35,14,553.409,685.606,43201.455,2,54,137.171,123.167,NA,6.964,0.023,-135,8.531
3386,35,15,553.409,685.227,43501.465,2,86,137.55,123.509,NA,0.379,0.001,-90,45
3387,35,16,553.409,677.652,43801.475,2,50,145.126,130.381,NA,7.576,0.025,-90,0
3388,35,17,553.409,677.652,44101.485,2,55,145.126,130.381,NA,0,0,0,90
3389,35,18,553.409,677.652,44401.495,2,121,145.126,130.381,NA,0,0,0,0
3390,35,19,553.409,677.652,44701.505,2,62,145.126,130.381,NA,0,0,0,0
3391,35,20,553.409,670.833,45001.515,2,58,151.944,136.629,NA,6.818,0.023,-90,-90
3392,35,21,559.091,668.561,45301.525,2,60,158.063,136.637,NA,6.12,0.02,-21.801,68.199
3393,35,22,560.227,668.561,45601.535,2,53,159.2,136.244,NA,1.136,0.004,0,21.801
3394,35,23,565.909,668.561,45901.546,2,109,164.881,134.407,NA,5.682,0.019,0,0
3395,35,24,565.909,668.561,46201.556,2,54,164.881,134.407,NA,0,0,0,0
3396,35,25,565.909,668.561,46501.566,2,120,164.881,134.407,NA,0,0,0,0
3397,35,26,558.712,668.561,46801.576,2,79,172.078,136.77,NA,7.197,0.024,180,180
3398,35,27,554.924,668.561,47101.586,2,86,175.866,138.148,NA,3.788,0.013,180,0
3399,35,28,552.652,671.591,47401.596,2,102,179.654,136.232,NA,3.788,0.013,126.87,-53.13
3400,35,29,546.97,676.894,47701.606,2,55,187.426,133.825,NA,7.772,0.026,136.975,10.105
3401,35,30,538.636,677.652,48001.616,2,73,195.794,137.096,NA,8.368,0.028,174.806,37.831
3402,35,31,532.197,677.652,48301.626,2,63,202.233,140.41,NA,6.439,0.021,180,5.194
3403,35,32,519.318,689.394,48601.636,2,66,219.662,138.374,NA,17.428,0.058,137.643,-42.357
3404,35,33,514.015,689.394,48901.647,2,59,224.965,141.787,NA,5.303,0.018,180,42.357
3405,35,34,509.47,696.97,49201.657,2,63,233.799,139.288,NA,8.835,0.029,120.964,-59.036
3406,35,35,506.818,697.348,49501.667,2,86,236.478,140.887,NA,2.678,0.009,171.87,50.906
3407,35,36,495.833,700.379,49801.677,2,33,247.873,146.882,NA,11.395,0.038,164.578,-7.292
3408,35,37,487.5,700.758,50101.687,2,59,256.215,153.039,NA,8.342,0.028,177.397,12.82
3409,35,38,477.652,707.576,50401.697,2,54,268.193,156.868,NA,11.978,0.04,145.305,-32.093
3410,35,39,464.394,714.773,50701.707,2,67,283.278,164.252,NA,15.085,0.05,151.504,6.2
3411,35,40,459.848,720.076,51001.717,2,62,290.263,165.694,NA,6.985,0.023,130.601,-20.903
3412,35,41,472.348,721.212,51301.727,2,112,302.814,154.156,NA,12.552,0.042,5.194,-125.407
3413,35,42,484.091,725,51601.737,2,62,315.153,142.082,NA,12.338,0.041,17.879,12.684
3414,35,43,486.364,729.924,51901.748,2,53,320.576,137.673,NA,5.423,0.018,65.225,47.346
3415,35,44,472.727,734.848,52201.758,2,54,335.074,147.623,NA,14.498,0.048,160.145,94.92
3416,35,45,472.348,733.333,52501.768,2,40,336.636,148.606,NA,1.562,0.005,-104.036,95.819
3417,35,46,477.652,748.106,52801.778,2,75,352.332,137.967,NA,15.696,0.052,70.253,174.289
3418,35,47,495.455,767.424,53101.788,2,171,378.602,115.12,NA,26.271,0.088,47.337,-22.916
3419,35,48,511.364,792.045,53401.798,2,68,407.916,95.563,NA,29.314,0.098,57.131,9.794
3420,35,49,517.424,794.318,53701.808,2,60,414.389,89.423,NA,6.473,0.022,20.556,-36.575
3421,35,50,529.924,801.136,54001.818,2,72,428.628,77.028,NA,14.239,0.047,28.61,8.054
3422,35,51,531.061,814.773,54301.828,2,81,442.311,77.909,NA,13.684,0.046,85.236,56.626
3423,35,52,538.258,825.379,54601.838,2,33,455.129,74.359,NA,12.817,0.043,55.84,-29.396
3424,35,53,538.636,831.439,54901.849,2,66,461.201,76.571,NA,6.072,0.02,86.424,30.583
3425,35,54,538.636,845.833,55201.859,2,49,475.595,84.105,NA,14.394,0.048,90,3.576
3426,36,1,741.162,649.242,33901.141,2,20,0,0,NA,NA,NA,NA,NA
3427,36,2,730.051,639.646,34201.152,2,99,14.681,14.681,NA,14.681,0.049,-139.185,NA
3428,36,3,721.97,635.101,34501.162,2,92,23.953,23.839,NA,9.271,0.031,-150.642,-11.457
3429,36,4,704.293,626.515,34801.172,2,82,43.604,43.311,NA,19.652,0.066,-154.093,-3.451
3430,36,5,699.242,617.424,35101.182,2,106,54.004,52.627,NA,10.4,0.035,-119.055,35.039
3431,36,6,694.697,607.828,35401.192,2,146,64.622,62.242,NA,10.618,0.035,-115.346,3.708
3432,36,7,682.071,601.768,35701.202,2,55,78.628,75.8,NA,14.005,0.047,-154.359,-39.013
3433,36,8,669.444,589.646,36001.212,2,77,96.13,93.247,NA,17.503,0.058,-136.169,18.19
3434,36,9,652.778,582.071,36301.222,2,68,114.438,111.012,NA,18.308,0.061,-155.556,-19.387
3435,36,10,641.162,557.323,36601.232,2,52,141.776,135.828,NA,27.338,0.091,-115.145,40.411
3436,36,11,630.051,539.141,36901.242,2,171,163.084,156.422,NA,21.308,0.071,-121.43,-6.285
3437,36,12,627.525,545.202,37201.253,2,116,169.65,154.07,NA,6.566,0.022,112.62,-125.951
3438,36,13,611.364,542.677,37501.263,2,112,186.008,167.94,NA,16.358,0.055,-171.119,76.261
3439,36,14,609.343,539.141,37801.273,2,119,190.079,171.751,NA,4.072,0.014,-119.745,51.374
3440,36,15,608.838,529.04,38101.283,2,64,200.193,178.768,NA,10.114,0.034,-92.862,26.882
3441,36,16,619.949,521.465,38401.293,2,85,213.641,176.124,NA,13.448,0.045,-34.287,58.576
3442,36,17,618.939,514.394,38701.303,2,71,220.783,181.996,NA,7.142,0.024,-98.13,-63.843
3443,36,18,604.293,511.869,39001.313,2,134,235.646,193.919,NA,14.863,0.05,-170.218,-72.087
3444,36,19,594.697,495.707,39301.323,2,68,254.442,212.191,NA,18.796,0.063,-120.7,49.518
3445,36,20,588.131,484.091,39601.333,2,30,267.785,225.152,NA,13.343,0.044,-119.476,1.224
3446,36,21,588.131,476.515,39901.343,2,19,275.361,230.766,NA,7.576,0.025,-90,29.476
3447,36,22,586.111,470.455,40201.354,2,61,281.749,236.655,NA,6.388,0.021,-108.435,-18.435
3448,36,23,586.111,470.455,40501.364,2,10,281.749,236.655,NA,0,0,0,108.435
3449,36,24,586.111,457.828,40801.374,2,34,294.376,246.333,NA,12.626,0.042,-90,-90
3450,36,25,586.111,457.828,41101.384,2,117,294.376,246.333,NA,0,0,0,90
3451,36,26,588.636,457.828,41401.394,2,124,296.901,244.752,NA,2.525,0.008,0,0
3452,36,27,588.636,446.717,41701.404,2,60,308.012,253.536,NA,11.111,0.037,-90,-90
3453,36,28,580.556,441.162,42001.414,2,91,317.818,262.853,NA,9.806,0.033,-145.491,-55.491
3454,36,29,580.556,441.162,42301.424,2,91,317.818,262.853,NA,0,0,0,145.491
3455,36,30,577.525,427.525,42601.434,2,102,331.787,275.564,NA,13.969,0.047,-102.529,-102.529
3456,36,31,577.525,427.525,42901.444,2,108,331.787,275.564,NA,0,0,0,102.529
3457,36,32,580.051,427.525,43201.455,2,77,334.312,274.072,NA,2.525,0.008,0,0
3458,36,33,576.01,414.899,43501.465,2,52,347.569,286.691,NA,13.257,0.044,-107.745,-107.745
3459,36,34,576.01,422.98,43801.475,2,63,355.65,280.125,NA,8.081,0.027,90,-162.255
3460,36,35,576.01,422.98,44101.485,2,98,355.65,280.125,NA,0,0,0,-90
3461,36,36,576.01,422.98,44401.495,2,70,355.65,280.125,NA,0,0,0,0
3462,36,37,578.535,420.96,44701.505,2,69,358.884,280.286,NA,3.234,0.011,-38.66,-38.66
3463,36,38,567.929,414.394,45001.515,2,124,371.358,291.827,NA,12.474,0.042,-148.241,-109.581
3464,36,39,561.364,411.869,45301.525,2,75,378.393,297.781,NA,7.035,0.023,-158.962,-10.722
3465,36,40,558.333,402.273,45601.535,2,77,388.456,307.279,NA,10.063,0.034,-107.526,51.437
3466,36,41,555.303,396.717,45901.546,2,120,394.784,313.548,NA,6.328,0.021,-118.61,-11.085
3467,36,42,555.303,391.667,46201.556,2,163,399.834,317.63,NA,5.051,0.017,-90,28.61
3468,36,43,567.424,389.141,46501.566,2,109,412.216,312.789,NA,12.381,0.041,-11.768,78.232
3469,36,44,579.545,388.131,46801.576,2,54,424.379,307.081,NA,12.163,0.041,-4.764,7.005
3470,36,45,579.545,375.505,47101.586,2,60,437.005,317.887,NA,12.626,0.042,-90,-85.236
3471,36,46,579.545,360.859,47401.596,2,64,451.652,330.583,NA,14.646,0.049,-90,0
3472,36,47,575,348.232,47701.606,2,62,465.071,343.827,NA,13.42,0.045,-109.799,-19.799
3473,36,48,567.929,339.646,48001.616,2,38,476.194,354.766,NA,11.123,0.037,-129.472,-19.674
3474,36,49,563.384,327.525,48301.626,2,135,489.139,367.569,NA,12.945,0.043,-110.556,18.916
3475,36,50,563.384,335.606,48601.636,2,120,497.22,360.517,NA,8.081,0.027,90,-159.444
3476,36,51,559.848,335.606,48901.647,2,106,500.756,362.274,NA,3.535,0.012,180,90
3477,36,52,559.343,322.475,49201.657,2,152,513.897,373.945,NA,13.141,0.044,-92.203,87.797
3478,36,53,559.343,322.475,49501.667,2,160,513.897,373.945,NA,0,0,0,92.203
3479,36,54,560.859,312.879,49801.677,2,177,523.611,381.641,NA,9.715,0.032,-81.027,-81.027
3480,36,55,560.859,312.879,50101.687,2,228,523.611,381.641,NA,0,0,0,81.027
3481,36,56,572.98,321.465,50401.697,2,149,538.465,368.407,NA,14.854,0.05,35.311,35.311
3482,36,57,584.596,312.879,50701.707,2,86,552.91,371.017,NA,14.445,0.048,-36.469,-71.78
3483,36,58,591.162,312.879,51001.717,2,112,559.476,368.294,NA,6.566,0.022,0,36.469
3484,36,59,583.081,320.455,51301.727,2,141,570.552,364.816,NA,11.077,0.037,136.848,136.848
3485,36,60,583.081,320.96,51601.737,2,155,571.057,364.361,NA,0.505,0.002,90,-46.848
3486,36,61,583.081,320.96,51901.748,2,125,571.057,364.361,NA,0,0,0,-90
3487,36,62,568.434,313.889,52201.758,2,94,587.321,377.222,NA,16.264,0.054,-154.231,-154.231
3488,36,63,565.909,308.333,52501.768,2,253,593.424,383.318,NA,6.103,0.02,-114.444,39.787
3489,36,64,589.646,308.333,52801.778,2,61,617.161,373.063,NA,23.737,0.079,0,114.444
3490,36,65,589.646,306.818,53101.788,2,98,618.676,374.448,NA,1.515,0.005,-90,-90
3491,36,66,599.747,306.818,53401.798,2,114,628.777,370.476,NA,10.101,0.034,0,90
3492,36,67,587.121,316.919,53701.808,2,169,644.947,366.288,NA,16.17,0.054,141.34,141.34
3493,36,68,582.071,334.596,54001.818,2,168,663.331,352.58,NA,18.384,0.061,105.945,-35.395
3494,36,69,584.596,344.697,54301.828,2,85,673.743,342.434,NA,10.412,0.035,75.964,-29.982
3495,36,70,570.455,349.747,54601.838,2,50,688.759,344.729,NA,15.016,0.05,160.346,84.382
3496,36,71,564.899,352.778,54901.849,2,79,695.087,344.905,NA,6.328,0.021,151.39,-8.957
3497,36,72,554.293,352.778,55201.859,2,138,705.693,350.444,NA,10.606,0.035,180,28.61
3498,36,73,547.727,345.707,55501.869,2,126,715.342,359.931,NA,9.649,0.032,-132.879,47.121
3499,36,74,539.646,343.182,55801.879,2,40,723.809,366.444,NA,8.466,0.028,-162.646,-29.767
3500,36,75,539.646,338.131,56101.889,2,93,728.859,370.673,NA,5.051,0.017,-90,72.646
3501,36,76,518.434,334.596,56401.899,2,87,750.364,385.499,NA,21.505,0.072,-170.538,-80.538
3502,36,77,516.919,334.091,56701.909,2,30,751.961,386.788,NA,1.597,0.005,-161.565,8.973
3503,36,78,516.414,318.939,57001.919,2,96,767.121,399.514,NA,15.16,0.051,-91.909,69.656
3504,36,79,533.081,315.909,57301.929,2,81,784.061,392.949,NA,16.94,0.056,-10.305,81.604
3505,36,80,538.636,310.354,57601.939,2,78,791.918,394.794,NA,7.857,0.026,-45,-34.695
3506,36,81,547.222,303.788,57901.95,2,85,802.726,396.171,NA,10.809,0.036,-37.405,7.595
3507,36,82,547.222,303.788,58201.96,2,93,802.726,396.171,NA,0,0,0,37.405
3508,36,83,543.182,286.616,58501.97,2,48,820.367,413.151,NA,17.641,0.059,-103.241,-103.241
3509,36,84,543.182,272.98,58801.98,2,101,834.003,425.17,NA,13.636,0.045,-90,13.241
3510,36,85,543.182,272.98,59101.99,2,147,834.003,425.17,NA,0,0,0,90
3511,36,86,543.182,272.98,59402,2,75,834.003,425.17,NA,0,0,0,0
3512,36,87,548.232,272.98,59702.01,2,62,839.054,422.842,NA,5.051,0.017,0,0
3513,36,88,548.232,259.343,60002.02,2,125,852.69,435.021,NA,13.636,0.045,-90,-90
3514,36,89,548.232,259.848,60302.03,2,93,853.195,434.568,NA,0.505,0.002,90,180
3515,36,90,548.232,251.768,60602.04,2,63,861.276,441.823,NA,8.081,0.027,-90,-180
3516,36,91,525.505,232.576,60902.051,2,90,891.022,469.168,NA,29.747,0.099,-139.821,-49.821
3517,36,92,519.444,226.515,61202.061,2,78,899.593,477.344,NA,8.571,0.029,-135,4.821
3518,36,93,515.909,218.434,61502.071,2,50,908.414,486.142,NA,8.82,0.029,-113.629,21.371
3519,36,94,515.404,208.333,61802.081,2,161,918.527,495.346,NA,10.114,0.034,-92.862,20.767
3520,36,95,497.222,208.333,62102.091,2,45,936.709,503.892,NA,18.182,0.061,180,-87.138
3521,36,96,497.222,208.333,62402.101,2,34,936.709,503.892,NA,0,0,0,-180
3522,36,97,485.606,206.313,62702.111,2,68,948.5,511.366,NA,11.791,0.039,-170.134,-170.134
3523,36,98,484.596,204.798,63002.121,2,98,950.321,513.183,NA,1.821,0.006,-123.69,46.444
3524,36,99,486.111,197.222,63302.131,2,25,958.047,519.012,NA,7.726,0.026,-78.69,45
3525,36,100,478.03,196.212,63602.141,2,102,966.19,523.903,NA,8.144,0.027,-172.875,-94.185
3526,36,101,475.505,191.162,63902.152,2,127,971.837,529.539,NA,5.647,0.019,-116.565,56.31
3527,36,102,463.889,189.646,64202.162,2,23,983.551,536.757,NA,11.715,0.039,-172.569,-56.004
3528,36,103,459.343,187.121,64502.172,2,24,988.751,541.274,NA,5.2,0.017,-150.945,21.623
3529,36,104,450.253,187.121,64802.182,2,66,997.842,546.062,NA,9.091,0.03,180,-29.055
3530,36,105,450.253,187.121,65102.192,2,91,997.842,546.062,NA,0,0,0,-180
3531,36,106,450.253,178.535,65402.202,2,117,1006.428,553.347,NA,8.586,0.029,-90,-90
3532,36,107,450.758,178.535,65702.212,2,87,1006.933,553.082,NA,0.505,0.002,0,90
3533,36,108,450.758,178.535,66002.222,2,147,1006.933,553.082,NA,0,0,0,0
3534,36,109,455.303,178.535,66302.232,2,98,1011.478,550.709,NA,4.545,0.015,0,0
3535,36,110,454.798,186.111,66602.242,2,100,1019.071,544.513,NA,7.593,0.025,93.814,93.814
3536,36,111,452.778,190.657,66902.253,2,78,1024.045,541.725,NA,4.974,0.017,113.962,20.148
3537,36,112,450.758,192.677,67202.263,2,62,1026.902,541.098,NA,2.857,0.01,135,21.038
3538,36,113,449.747,186.111,67502.273,2,56,1033.545,547.186,NA,6.643,0.022,-98.746,126.254
3539,36,114,455.808,176.01,67802.283,2,149,1045.325,552.608,NA,11.78,0.039,-59.036,39.71
3540,36,115,455.808,172.475,68102.293,2,89,1048.86,555.638,NA,3.535,0.012,-90,-30.964
3541,36,116,455.808,172.475,68402.303,2,147,1048.86,555.638,NA,0,0,0,90
3542,36,117,460.354,164.394,68702.313,2,96,1058.132,560.296,NA,9.271,0.031,-60.642,-60.642
3543,36,118,457.828,157.828,69002.323,2,126,1065.166,567.244,NA,7.035,0.023,-111.038,-50.395
3544,36,119,457.828,157.828,69302.333,2,82,1065.166,567.244,NA,0,0,0,111.038
3545,36,120,455.808,147.222,69602.344,2,88,1075.963,577.452,NA,10.797,0.036,-100.784,-100.784
3546,36,121,455.808,147.222,69902.354,2,82,1075.963,577.452,NA,0,0,0,100.784
3547,36,122,449.747,149.747,70202.364,2,49,1082.529,578.288,NA,6.566,0.022,157.38,157.38
3548,36,123,448.737,157.828,70502.374,2,35,1090.672,571.839,NA,8.144,0.027,97.125,-60.255
3549,36,124,445.202,141.667,70802.384,2,113,1107.216,587.559,NA,16.544,0.055,-102.339,160.536
3550,36,125,454.293,141.667,71102.394,2,60,1116.307,583.032,NA,9.091,0.03,0,102.339
3551,36,126,454.293,141.667,71402.404,2,34,1116.307,583.032,NA,0,0,0,0
3552,36,127,454.293,141.667,71702.414,2,75,1116.307,583.032,NA,0,0,0,0
3553,36,129,451.768,140.152,72002.424,2,80,1119.252,585.596,NA,2.945,0.01,-149.036,-149.036
3554,37,1,1103.788,465.404,43201.455,2,54,0,0,NA,NA,NA,NA,NA
3555,37,2,1111.869,441.667,43501.465,2,125,25.075,25.075,NA,25.075,0.084,-71.2,NA
3556,37,3,1124.495,436.616,43801.475,2,63,38.674,35.462,NA,13.599,0.045,-21.801,49.399
3557,37,4,1133.081,418.939,44101.485,2,147,58.326,54.928,NA,19.652,0.066,-64.093,-42.292
3558,37,5,1139.141,407.323,44401.495,2,92,71.428,67.995,NA,13.102,0.044,-62.447,1.646
3559,37,6,1140.152,407.323,44701.505,2,71,72.438,68.525,NA,1.01,0.003,0,62.447
3560,37,7,1152.778,406.313,45001.515,2,40,85.104,76.758,NA,12.667,0.042,-4.574,-4.574
3561,37,8,1159.848,391.162,45301.525,2,96,101.825,93.031,NA,16.72,0.056,-64.983,-60.409
3562,37,9,1159.848,373.99,45601.535,2,68,118.996,107.235,NA,17.172,0.057,-90,-25.017
3563,37,10,1166.919,373.99,45901.546,2,106,126.067,111.095,NA,7.071,0.024,0,90
3564,37,11,1166.919,373.99,46201.556,2,101,126.067,111.095,NA,0,0,0,0
3565,37,12,1175,363.384,46501.566,2,79,139.401,124.416,NA,13.334,0.044,-52.696,-52.696
3566,37,13,1183.081,364.899,46801.576,2,49,147.622,128.018,NA,8.222,0.027,10.62,63.316
3567,37,14,1183.081,364.899,47101.586,2,94,147.622,128.018,NA,0,0,0,-10.62
3568,37,15,1206.313,364.899,47401.596,2,108,170.855,143.571,NA,23.232,0.077,0,0
3569,37,16,1206.313,364.899,47701.606,2,91,170.855,143.571,NA,0,0,0,0
3570,37,17,1211.869,339.141,48001.616,2,172,197.205,166.204,NA,26.35,0.088,-77.829,-77.829
3571,37,18,1208.333,334.091,48301.626,2,145,203.37,167.848,NA,6.165,0.021,-124.992,-47.163
3572,37,19,1199.747,316.919,48601.636,2,197,222.568,176.794,NA,19.199,0.064,-116.565,8.427
3573,37,20,1198.232,299.747,48901.647,2,121,239.807,190.688,NA,17.238,0.057,-95.042,21.523
3574,37,21,1192.677,291.667,49201.657,2,195,249.613,195.156,NA,9.806,0.033,-124.509,-29.466
3575,37,22,1182.576,273.485,49501.667,2,121,270.412,207.462,NA,20.799,0.069,-119.055,5.454
3576,37,23,1173.485,267.424,49801.677,2,124,281.338,209.89,NA,10.926,0.036,-146.31,-27.255
3577,37,24,1161.364,262.879,50101.687,2,164,294.283,210.55,NA,12.945,0.043,-159.444,-13.134
3578,37,25,1169.444,257.323,50401.697,2,182,304.09,218.194,NA,9.806,0.033,-34.509,124.935
3579,37,26,1169.444,248.232,50701.707,2,2,313.181,226.88,NA,9.091,0.03,-90,-55.491
3580,37,27,1187.626,248.232,51001.717,2,91,331.362,232.793,NA,18.182,0.061,0,90
3581,37,28,1195.202,231.566,51301.727,2,113,349.67,251.072,NA,18.308,0.061,-65.556,-65.556
3582,37,29,1192.677,220.455,51601.737,2,154,361.065,260.579,NA,11.394,0.038,-102.804,-37.248
3583,37,30,1192.677,196.717,51901.748,2,77,384.802,283.009,NA,23.737,0.079,-90,12.804
3584,37,31,1192.172,191.667,52201.758,2,64,389.878,287.652,NA,5.076,0.017,-95.711,-5.711
3585,37,32,1192.172,191.667,52501.768,2,52,389.878,287.652,NA,0,0,0,95.711
3586,37,33,1206.818,182.071,52801.778,2,113,407.388,301.485,NA,17.51,0.058,-33.232,-33.232
3587,37,34,1216.414,165.909,53101.788,2,106,426.183,319.972,NA,18.796,0.063,-59.3,-26.069
3588,37,35,1228.535,161.869,53401.798,2,160,438.96,328.17,NA,12.777,0.043,-18.435,40.865
3589,37,36,1236.616,153.788,53701.808,2,78,450.388,338.745,NA,11.428,0.038,-45,-26.565
3590,37,37,1250.253,151.768,54001.818,2,33,464.174,346.15,NA,13.785,0.046,-8.427,36.573
3591,37,38,1250.253,151.768,54301.828,2,2,464.174,346.15,NA,0,0,0,8.427
3592,37,39,1273.485,143.182,54601.838,2,87,488.942,364.176,NA,24.768,0.083,-20.283,-20.283
3593,37,40,1280.051,136.111,54901.849,2,48,498.591,373.5,NA,9.649,0.032,-47.121,-26.839
3594,37,41,1282.576,133.081,55201.859,2,133,502.535,377.364,NA,3.945,0.013,-50.194,-3.073
3595,37,42,1297.222,124.495,55501.869,2,106,519.513,391.964,NA,16.978,0.057,-30.379,19.815
3596,37,43,1298.232,124.495,55801.879,2,89,520.523,392.464,NA,1.01,0.003,0,30.379
3597,37,44,1305.808,124.495,56101.889,2,115,528.099,396.272,NA,7.576,0.025,0,0
3598,37,45,1309.848,124.495,56401.899,2,95,532.139,398.347,NA,4.04,0.013,0,0
3599,37,46,1297.727,126.01,56701.909,2,99,544.354,390.897,NA,12.216,0.041,172.875,172.875
3600,37,47,1297.727,126.01,57001.919,2,86,544.354,390.897,NA,0,0,0,-172.875
3601,37,48,1302.778,129.04,57301.929,2,58,550.244,390.816,NA,5.89,0.02,30.964,30.964
3602,37,49,1300.253,120.96,57601.939,2,75,558.711,396.535,NA,8.466,0.028,-107.354,-138.318
3603,38,1,1176.515,627.02,41101.384,2,91,0,0,NA,NA,NA,NA,NA
3604,38,2,1183.081,626.515,41401.394,2,105,6.585,6.585,NA,6.585,0.022,-4.399,NA
3605,38,3,1184.091,619.949,41701.404,2,69,13.228,10.363,NA,6.643,0.022,-81.254,-76.855
3606,38,4,1193.687,619.949,42001.414,2,35,22.824,18.57,NA,9.596,0.032,0,81.254
3607,38,5,1201.263,626.01,42301.424,2,111,32.526,24.768,NA,9.702,0.032,38.66,38.66
3608,38,6,1237.626,626.01,42601.434,2,73,68.889,61.119,NA,36.364,0.121,0,-38.66
3609,38,7,1235.101,622.475,42901.444,2,88,73.234,58.762,NA,4.345,0.014,-125.538,-125.538
3610,38,8,1235.606,610.354,43201.455,2,151,85.366,61.396,NA,12.132,0.04,-87.614,37.924
3611,38,9,1245.202,605.808,43501.465,2,123,95.984,71.888,NA,10.618,0.035,-25.346,62.268
3612,38,10,1250.253,607.828,43801.475,2,61,101.423,76.194,NA,5.44,0.018,21.801,47.148
3613,38,11,1250.253,617.424,44101.485,2,7,111.019,74.359,NA,9.596,0.032,90,68.199
3614,38,12,1257.828,595.202,44401.495,2,60,134.497,87.317,NA,23.478,0.078,-71.175,-161.175
3615,38,13,1280.556,571.97,44701.505,2,114,166.998,117.707,NA,32.5,0.108,-45.63,25.546
3616,38,14,1288.131,575.505,45001.515,2,94,175.358,122.931,NA,8.36,0.028,25.017,70.646
3617,38,15,1287.626,583.081,45301.525,2,133,182.95,119.484,NA,7.593,0.025,93.814,68.797
3618,38,16,1294.192,585.606,45601.535,2,52,189.985,124.752,NA,7.035,0.023,21.038,-72.777
3619,38,17,1303.283,590.657,45901.546,2,220,200.384,131.88,NA,10.4,0.035,29.055,8.017
3620,38,18,1303.283,600.253,46201.556,2,180,209.98,129.563,NA,9.596,0.032,90,60.945
3621,38,19,1303.283,600.253,46501.566,2,82,209.98,129.563,NA,0,0,0,-90
3622,38,20,1307.323,591.667,46801.576,2,161,219.469,135.501,NA,9.489,0.032,-64.799,-64.799
3623,38,21,1298.232,591.667,47101.586,2,125,228.56,126.748,NA,9.091,0.03,180,-115.201
3624,38,22,1311.869,591.667,47401.596,2,102,242.197,139.894,NA,13.636,0.045,0,-180
3625,38,23,1319.444,591.667,47701.606,2,94,249.772,147.237,NA,7.576,0.025,0,0
3626,38,24,1319.444,591.667,48001.616,2,148,249.772,147.237,NA,0,0,0,0
3627,38,25,1314.899,588.131,48301.626,2,208,255.531,143.744,NA,5.758,0.019,-142.125,-142.125
3628,38,26,1314.899,585.606,48601.636,2,147,258.056,144.448,NA,2.525,0.008,-90,52.125
3629,38,27,1314.899,591.162,48901.647,2,132,263.612,142.954,NA,5.556,0.019,90,180
3630,38,28,1328.535,591.162,49201.657,2,2,277.248,156.192,NA,13.636,0.045,0,-90
3631,38,29,1330.556,569.444,49501.667,2,172,299.059,164.449,NA,21.811,0.073,-84.685,-84.685
3632,38,30,1336.616,552.778,49801.677,2,66,316.793,176.477,NA,17.734,0.059,-70.017,14.669
3633,38,31,1342.677,548.737,50101.687,2,128,324.077,183.679,NA,7.284,0.024,-33.69,36.327
3634,38,32,1346.212,542.677,50401.697,2,101,331.094,189.502,NA,7.016,0.023,-59.744,-26.053
3635,38,33,1355.808,537.121,50701.707,2,164,342.182,200.569,NA,11.088,0.037,-30.069,29.675
3636,38,34,1344.192,530.051,51001.717,2,198,355.781,193.697,NA,13.599,0.045,-148.671,-118.603
3637,38,35,1344.192,510.859,51301.727,2,79,374.973,203.983,NA,19.192,0.064,-90,58.671
3638,38,36,1355.808,498.737,51601.737,2,181,391.761,220.46,NA,16.789,0.056,-46.219,43.781
3639,38,37,1359.848,493.687,51901.748,2,187,398.229,226.691,NA,6.468,0.022,-51.34,-5.121
3640,38,38,1359.848,493.687,52201.758,2,122,398.229,226.691,NA,0,0,0,51.34
3641,38,39,1392.677,473.485,52501.768,2,143,436.775,265.139,NA,38.546,0.128,-31.608,-31.608
3642,38,40,1414.394,443.687,52801.778,2,164,473.648,300.329,NA,36.872,0.123,-53.915,-22.307
3643,38,41,1415.404,439.141,53101.788,2,146,478.304,303.918,NA,4.656,0.016,-77.471,-23.556
3644,38,42,1415.909,438.636,53401.798,2,229,479.018,304.628,NA,0.714,0.002,-45,32.471
3645,38,43,1410.354,425.505,53701.808,2,119,493.276,308.689,NA,14.258,0.048,-112.932,-67.932
3646,38,44,1396.717,404.293,54001.818,2,168,518.493,313.203,NA,25.217,0.084,-122.735,-9.803
3647,38,45,1380.051,397.727,54301.828,2,90,536.407,306.597,NA,17.913,0.06,-158.499,-35.763
3648,38,46,1375.505,393.687,54601.838,2,173,542.488,306.662,NA,6.082,0.02,-138.366,20.132
3649,38,47,1373.99,418.939,54901.849,2,57,567.786,286.869,NA,25.298,0.084,93.434,-128.2
3650,38,48,1364.899,422.98,55201.859,2,126,577.735,277.707,NA,9.948,0.033,156.038,62.604
3651,38,49,1365.909,439.646,55501.869,2,176,594.432,266.419,NA,16.697,0.056,86.532,-69.506
3652,38,50,1380.556,457.323,55801.879,2,145,617.388,265.386,NA,22.956,0.077,50.356,-36.176
3653,38,51,1408.333,460.354,56101.889,2,83,645.331,285.513,NA,27.943,0.093,6.226,-44.13
3654,38,52,1424.495,454.798,56401.899,2,212,662.42,301.918,NA,17.09,0.057,-18.97,-25.196
3655,38,53,1453.283,453.283,56701.909,2,166,691.248,326.78,NA,28.828,0.096,-3.013,15.958
3656,38,54,1477.525,444.697,57001.919,2,116,716.966,351.922,NA,25.718,0.086,-19.502,-16.49
3657,38,55,1510.859,450.253,57301.929,2,73,750.759,378.196,NA,33.793,0.113,9.462,28.965
3658,38,56,1528.535,466.414,57601.939,2,100,774.711,386.927,NA,23.951,0.08,42.436,32.974
3659,38,57,1539.646,469.949,57901.95,2,91,786.371,395.646,NA,11.66,0.039,17.65,-24.786
3660,38,58,1545.707,465.909,58201.96,2,107,793.655,402.814,NA,7.284,0.024,-33.69,-51.34
3661,39,1,1140.152,498.485,43201.455,2,119,0,0,NA,NA,NA,NA,NA
3662,39,2,1145.076,493.939,43501.465,2,87,6.701,6.701,NA,6.701,0.022,-42.709,NA
3663,39,3,1146.591,490.909,43801.475,2,105,10.089,9.943,NA,3.388,0.011,-63.435,-20.726
3664,39,4,1146.591,484.848,44101.485,2,112,16.15,15.08,NA,6.061,0.02,-90,-26.565
3665,39,5,1146.591,484.848,44401.495,2,112,16.15,15.08,NA,0,0,0,90
3666,39,6,1151.894,478.788,44701.505,2,96,24.203,22.932,NA,8.053,0.027,-48.814,-48.814
3667,39,7,1156.818,476.136,45001.515,2,145,29.796,27.879,NA,5.593,0.019,-28.301,20.513
3668,39,8,1156.818,476.136,45301.525,2,111,29.796,27.879,NA,0,0,0,28.301
3669,39,9,1168.182,473.106,45601.535,2,152,41.557,37.812,NA,11.761,0.039,-14.931,-14.931
3670,39,10,1176.136,473.106,45901.546,2,152,49.511,44.034,NA,7.955,0.027,0,14.931
3671,39,11,1184.848,473.106,46201.556,2,126,58.223,51.399,NA,8.712,0.029,0,0
3672,39,12,1194.697,464.773,46501.566,2,207,71.124,64.123,NA,12.901,0.043,-40.236,-40.236
3673,39,13,1200.379,456.439,46801.576,2,104,81.21,73.452,NA,10.086,0.034,-55.713,-15.477
3674,39,14,1206.818,453.788,47101.586,2,73,88.174,80.264,NA,6.964,0.023,-22.38,33.333
3675,39,15,1214.394,444.697,47401.596,2,35,100.008,91.679,NA,11.834,0.039,-50.194,-27.814
3676,39,16,1223.485,429.545,47701.606,2,98,117.678,108.153,NA,17.67,0.059,-59.036,-8.842
3677,39,17,1226.515,428.788,48001.616,2,66,120.801,110.979,NA,3.124,0.01,-14.036,45
3678,39,18,1225.379,428.788,48301.626,2,163,121.937,110.097,NA,1.136,0.004,180,-165.964
3679,39,19,1225.379,428.788,48601.636,2,133,121.937,110.097,NA,0,0,0,-180
3680,39,20,1235.227,417.045,48901.647,2,81,137.263,125.187,NA,15.326,0.051,-50.013,-50.013
3681,39,21,1232.576,417.045,49201.657,2,212,139.915,123.185,NA,2.652,0.009,180,-129.987
3682,39,22,1232.576,409.091,49501.667,2,83,147.869,128.583,NA,7.955,0.027,-90,90
3683,39,23,1242.424,407.197,49801.677,2,45,157.898,137.088,NA,10.029,0.033,-10.886,79.114
3684,39,24,1253.409,410.227,50101.687,2,158,169.293,143.585,NA,11.395,0.038,15.422,26.308
3685,39,25,1273.864,398.485,50401.697,2,56,192.879,166.97,NA,23.585,0.079,-29.859,-45.281
3686,39,26,1287.879,390.53,50701.707,2,173,208.994,182.969,NA,16.115,0.054,-29.578,0.281
3687,39,27,1307.576,386.742,51001.717,2,129,229.052,201.289,NA,20.058,0.067,-10.886,18.692
3688,39,28,1314.394,373.864,51301.727,2,88,243.624,214.222,NA,14.572,0.049,-62.103,-51.217
3689,39,29,1325.758,372.348,51601.737,2,104,255.088,224.41,NA,11.464,0.038,-7.595,54.508
3690,39,30,1328.788,371.212,51901.748,2,137,258.325,227.557,NA,3.236,0.011,-20.556,-12.961
3691,39,31,1328.788,371.212,52201.758,2,157,258.325,227.557,NA,0,0,0,20.556
3692,39,32,1335.606,361.742,52501.768,2,89,269.994,238.539,NA,11.669,0.039,-54.246,-54.246
3693,39,33,1335.606,361.742,52801.778,2,83,269.994,238.539,NA,0,0,0,54.246
3694,39,34,1335.606,361.742,53101.788,2,87,269.994,238.539,NA,0,0,0,0
3695,39,35,1333.712,354.167,53401.798,2,127,277.802,241.44,NA,7.809,0.026,-104.036,-104.036
3696,39,36,1335.606,342.045,53701.808,2,133,290.071,250.351,NA,12.268,0.041,-81.119,22.917
3697,39,37,1339.015,319.318,54001.818,2,156,313.052,267.67,NA,22.982,0.077,-81.469,-0.35
3698,39,38,1346.591,306.818,54301.828,2,66,327.669,281.697,NA,14.617,0.049,-58.782,22.688
3699,39,39,1346.591,306.818,54601.838,2,92,327.669,281.697,NA,0,0,0,58.782
3700,39,40,1360.227,300,54901.849,2,90,342.915,296.361,NA,15.246,0.051,-26.565,-26.565
3701,39,41,1371.591,293.182,55201.859,2,75,356.167,309.376,NA,13.252,0.044,-30.964,-4.399
3702,39,42,1363.636,283.333,55501.869,2,39,368.827,310.219,NA,12.66,0.042,-128.928,-97.964
3703,39,43,1355.303,251.136,55801.879,2,12,402.084,327.828,NA,33.258,0.111,-104.511,24.416
3704,39,44,1357.197,213.636,56101.889,2,101,439.632,358.116,NA,37.548,0.125,-87.109,17.402
3705,39,45,1354.545,197.348,56401.899,2,95,456.135,369.659,NA,16.502,0.055,-99.246,-12.137
3706,39,46,1354.545,179.545,56701.909,2,76,473.938,384.301,NA,17.803,0.059,-90,9.246
3707,39,47,1358.712,171.591,57001.919,2,56,482.917,393.228,NA,8.98,0.03,-62.354,27.646
3708,39,48,1375.758,152.652,57301.929,2,70,508.398,418.463,NA,25.48,0.085,-48.013,14.341
3709,39,49,1382.955,157.576,57601.939,2,92,517.118,418.536,NA,8.72,0.029,34.38,82.393
3710,39,50,1385.227,159.47,57901.95,2,111,520.076,418.322,NA,2.958,0.01,39.806,5.425
3711,39,51,1382.576,164.394,58201.96,2,120,525.669,412.779,NA,5.593,0.019,118.301,78.495
3712,39,52,1386.742,153.03,58501.97,2,93,537.773,424.436,NA,12.103,0.04,-69.864,171.836
3713,39,53,1398.106,134.848,58801.98,2,55,559.214,445.838,NA,21.441,0.071,-57.995,11.869
3714,39,54,1398.106,125.758,59101.99,2,97,568.304,453.284,NA,9.091,0.03,-90,-32.005
3715,40,1,1177.273,529.167,43501.465,2,69,0,0,NA,NA,NA,NA,NA
3716,40,2,1191.288,517.803,43801.475,2,97,18.043,18.043,NA,18.043,0.06,-39.036,NA
3717,40,3,1196.212,507.197,44101.485,2,74,29.737,29.006,NA,11.693,0.039,-65.095,-26.06
3718,40,4,1200.379,500.379,44401.495,2,132,37.727,36.914,NA,7.991,0.027,-58.57,6.525
3719,40,5,1211.742,486.364,44701.505,2,124,55.77,54.957,NA,18.043,0.06,-50.964,7.606
3720,40,6,1216.667,479.167,45001.515,2,109,64.491,63.654,NA,8.72,0.029,-55.62,-4.655
3721,40,7,1217.424,477.652,45301.525,2,95,66.185,65.314,NA,1.694,0.006,-63.435,-7.815
3722,40,8,1225.758,479.924,45601.535,2,108,74.822,69.106,NA,8.638,0.029,15.255,78.69
3723,40,9,1243.561,477.652,45901.546,2,82,92.77,83.952,NA,17.948,0.06,-7.275,-22.53
3724,40,10,1259.091,473.485,46201.556,2,127,108.849,98.968,NA,16.08,0.054,-15.018,-7.743
3725,40,11,1264.015,469.697,46501.566,2,62,115.062,105.171,NA,6.213,0.021,-37.569,-22.55
3726,40,12,1275.758,459.848,46801.576,2,66,130.388,120.434,NA,15.326,0.051,-39.987,-2.418
3727,40,13,1287.879,452.273,47101.586,2,157,144.682,134.708,NA,14.294,0.048,-32.005,7.982
3728,40,14,1289.773,443.939,47401.596,2,106,153.227,141.138,NA,8.546,0.028,-77.196,-45.19
3729,40,15,1298.106,437.121,47701.606,2,73,163.995,151.898,NA,10.767,0.036,-39.289,37.906
3730,40,16,1298.106,421.591,48001.616,2,131,179.525,161.781,NA,15.53,0.052,-90,-50.711
3731,40,17,1298.106,413.636,48301.626,2,230,187.48,167.176,NA,7.955,0.027,-90,0
3732,40,18,1307.197,396.97,48601.636,2,118,206.464,185.355,NA,18.985,0.063,-61.39,28.61
3733,40,19,1311.364,385.985,48901.647,2,109,218.213,196.167,NA,11.749,0.039,-69.228,-7.838
3734,40,20,1312.879,377.652,49201.657,2,191,226.683,203.337,NA,8.47,0.028,-79.695,-10.467
3735,40,21,1327.652,364.394,49501.667,2,90,246.532,223.078,NA,19.849,0.066,-41.906,37.789
3736,40,22,1327.652,354.167,49801.677,2,66,256.759,230.735,NA,10.227,0.034,-90,-48.094
3737,40,23,1329.924,348.106,50101.687,2,119,263.232,236.824,NA,6.473,0.022,-69.444,20.556
3738,40,24,1329.924,341.288,50401.697,2,153,270.05,242.076,NA,6.818,0.023,-90,-20.556
3739,40,25,1331.439,317.424,50701.707,2,57,293.962,261.92,NA,23.912,0.08,-86.367,3.633
3740,40,26,1330.682,300.379,51001.717,2,59,311.024,275.46,NA,17.062,0.057,-92.545,-6.178
3741,40,27,1330.682,291.667,51301.727,2,98,319.736,282.738,NA,8.712,0.029,-90,2.545
3742,40,28,1330.682,278.788,51601.737,2,142,332.615,293.639,NA,12.879,0.043,-90,0
3743,40,29,1322.727,261.742,51901.748,2,72,351.425,304.422,NA,18.81,0.063,-115.017,-25.017
3744,40,30,1315.909,260.227,52201.758,2,124,358.41,302.57,NA,6.985,0.023,-167.471,-52.454
3745,40,31,1301.515,245.455,52501.768,2,22,379.036,309.724,NA,20.626,0.069,-134.256,33.215
3746,40,32,1298.485,228.409,52801.778,2,158,396.348,324.265,NA,17.313,0.058,-100.081,34.175
3747,40,33,1298.485,204.545,53101.788,2,115,420.212,346.513,NA,23.864,0.08,-90,10.081
3748,40,34,1297.727,184.848,53401.798,2,109,439.923,364.78,NA,19.712,0.066,-92.203,-2.203
3749,40,35,1298.485,154.167,53701.808,2,85,470.615,394.103,NA,30.691,0.102,-88.586,3.617
3750,40,36,1308.333,143.182,54001.818,2,100,485.368,407.629,NA,14.753,0.049,-48.122,40.463
3751,40,37,1311.742,148.864,54301.828,2,147,491.994,403.376,NA,6.626,0.022,59.036,107.158
3752,40,38,1303.788,147.348,54601.838,2,165,500.092,402.233,NA,8.098,0.027,-169.216,131.748
3753,40,39,1303.788,142.424,54901.849,2,76,505.016,406.91,NA,4.924,0.016,-90,79.216
3754,40,40,1307.197,145.833,55201.859,2,75,509.837,404.753,NA,4.821,0.016,45,135
3755,40,41,1297.348,152.652,55501.869,2,98,521.815,395.198,NA,11.978,0.04,145.305,100.305
3756,40,42,1294.697,150.379,55801.879,2,72,525.308,396.571,NA,3.492,0.012,-139.399,75.296
3757,40,43,1292.803,150,56101.889,2,45,527.239,396.377,NA,1.931,0.006,-168.69,-29.291
3758,40,44,1294.318,152.652,56401.899,2,104,530.293,394.288,NA,3.054,0.01,60.255,-131.055
3759,40,45,1295.076,159.848,56701.909,2,77,537.53,387.651,NA,7.237,0.024,83.991,23.736
3760,40,46,1301.515,158.712,57001.919,2,76,544.069,390.734,NA,6.539,0.022,-10.008,-93.999
3761,40,47,1310.985,151.136,57301.929,2,124,556.196,400.981,NA,12.127,0.04,-38.66,-28.652
3762,40,48,1310.985,151.136,57601.939,2,18,556.196,400.981,NA,0,0,0,38.66
3763,40,49,1318.182,135.606,57901.95,2,64,573.312,418.026,NA,17.117,0.057,-65.136,-65.136
3764,40,50,1318.182,141.288,58201.96,2,89,578.994,412.681,NA,5.682,0.019,90,155.136
3765,40,51,1321.591,132.955,58501.97,2,150,587.998,421.677,NA,9.004,0.03,-67.751,-157.751
3766,40,52,1325.758,129.167,58801.98,2,74,593.629,426.671,NA,5.631,0.019,-42.274,25.477
3767,40,53,1325.758,129.167,59101.99,2,90,593.629,426.671,NA,0,0,0,42.274
3768,40,54,1319.318,112.879,59402,2,131,611.144,439.855,NA,17.515,0.058,-111.571,-111.571
3769,40,55,1327.273,100.379,59702.01,2,118,625.96,454.268,NA,14.816,0.049,-57.529,54.042
3770,41,1,1057.828,855.303,32101.081,2,46,0,0,NA,NA,NA,NA,NA
3771,41,2,1057.323,859.848,32401.091,2,73,4.573,4.573,NA,4.573,0.015,96.34,NA
3772,41,3,1057.323,864.394,32701.101,2,46,9.119,9.105,NA,4.545,0.015,90,-6.34
3773,41,4,1057.323,867.424,33001.111,2,110,12.149,12.132,NA,3.03,0.01,90,0
3774,41,5,1058.333,870.455,33301.121,2,135,15.343,15.16,NA,3.194,0.011,71.565,-18.435
3775,41,6,1058.333,870.455,33601.131,2,96,15.343,15.16,NA,0,0,0,-71.565
3776,41,7,1054.293,870.455,33901.141,2,70,19.384,15.559,NA,4.04,0.013,180,180
3777,41,8,1054.293,868.939,34201.152,2,74,20.899,14.087,NA,1.515,0.005,-90,90
3778,41,9,1058.333,868.939,34501.162,2,178,24.939,13.646,NA,4.04,0.013,0,90
3779,41,10,1058.333,876.01,34801.172,2,163,32.01,20.713,NA,7.071,0.024,90,90
3780,41,11,1058.333,877.02,35101.182,2,106,33.02,21.723,NA,1.01,0.003,90,0
3781,41,12,1058.333,877.02,35401.192,2,94,33.02,21.723,NA,0,0,0,-90
3782,41,13,1058.333,877.02,35701.202,2,118,33.02,21.723,NA,0,0,0,0
3783,41,14,1058.333,877.02,36001.212,2,102,33.02,21.723,NA,0,0,0,0
3784,41,15,1053.788,863.889,36301.222,2,82,46.916,9.489,NA,13.896,0.046,-109.093,-109.093
3785,41,16,1053.788,844.697,36601.232,2,134,66.108,11.35,NA,19.192,0.064,-90,19.093
3786,41,17,1071.465,842.677,36901.242,2,48,83.9,18.584,NA,17.792,0.059,-6.52,83.48
3787,41,18,1080.051,835.101,37201.253,2,86,95.35,30.032,NA,11.45,0.038,-41.424,-34.904
3788,41,19,1085.101,825.505,37501.263,2,67,106.194,40.395,NA,10.844,0.036,-62.241,-20.818
3789,41,20,1092.172,823.99,37801.273,2,57,113.425,46.476,NA,7.231,0.024,-12.095,50.147
3790,41,21,1092.677,814.899,38101.283,2,59,122.53,53.356,NA,9.105,0.03,-86.82,-74.725
3791,41,22,1103.283,831.061,38401.293,2,83,141.861,51.515,NA,19.331,0.064,56.725,143.545
3792,41,23,1111.364,835.101,38701.303,2,146,150.896,57.22,NA,9.035,0.03,26.565,-30.16
3793,41,24,1111.364,835.101,39001.313,2,146,150.896,57.22,NA,0,0,0,-26.565
3794,41,25,1111.364,835.101,39301.323,2,143,150.896,57.22,NA,0,0,0,0
3795,41,26,1111.364,835.101,39601.333,2,132,150.896,57.22,NA,0,0,0,0
3796,41,27,1111.364,835.101,39901.343,2,121,150.896,57.22,NA,0,0,0,0
3797,41,28,1111.364,835.101,40201.354,2,127,150.896,57.22,NA,0,0,0,0
3798,41,29,1111.364,835.101,40501.364,2,106,150.896,57.22,NA,0,0,0,0
3799,41,30,1111.364,835.101,40801.374,2,90,150.896,57.22,NA,0,0,0,0
3800,41,31,1111.364,835.101,41101.384,2,128,150.896,57.22,NA,0,0,0,0
3801,41,32,1119.444,830.556,41401.394,2,105,160.167,66.4,NA,9.271,0.031,-29.358,-29.358
3802,41,33,1126.515,818.434,41701.404,2,97,174.2,77.956,NA,14.033,0.047,-59.744,-30.386
3803,41,34,1134.091,817.424,42001.414,2,66,181.843,85.152,NA,7.643,0.025,-7.595,52.149
3804,41,35,1149.747,809.343,42301.424,2,185,199.462,102.769,NA,17.619,0.059,-27.3,-19.705
3805,41,36,1149.242,810.354,42601.434,2,38,200.591,101.868,NA,1.129,0.004,116.565,143.865
3806,41,37,1163.384,804.798,42901.444,2,115,215.785,117.016,NA,15.194,0.051,-21.448,-138.013
3807,41,38,1178.535,801.768,43201.455,2,104,231.236,132.046,NA,15.452,0.052,-11.31,10.138
3808,41,39,1177.02,793.687,43501.465,2,120,239.458,134.176,NA,8.222,0.027,-100.62,-89.31
3809,41,40,1176.515,787.121,43801.475,2,127,246.043,136.877,NA,6.585,0.022,-94.399,6.221
3810,41,41,1176.515,787.121,44101.485,2,125,246.043,136.877,NA,0,0,0,94.399
3811,41,42,1208.333,791.667,44401.495,2,94,278.184,163.405,NA,32.141,0.107,8.13,8.13
3812,41,43,1218.939,791.667,44701.505,2,81,288.79,173.223,NA,10.606,0.035,0,-8.13
3813,41,44,1218.939,791.667,45001.515,2,149,288.79,173.223,NA,0,0,0,0
3814,41,45,1227.02,791.667,45301.525,2,96,296.871,180.764,NA,8.081,0.027,0,0
3815,41,46,1238.131,808.838,45601.535,2,175,317.324,186.194,NA,20.453,0.068,57.095,57.095
3816,41,47,1248.232,805.303,45901.546,2,92,328.026,196.86,NA,10.702,0.036,-19.29,-76.385
3817,41,48,1240.657,783.081,46201.556,2,141,351.504,196.576,NA,23.478,0.078,-108.825,-89.535
3818,41,49,1243.182,762.879,46501.566,2,125,371.863,207.119,NA,20.359,0.068,-82.875,25.95
3819,41,50,1248.232,766.919,46801.576,2,77,378.331,209.918,NA,6.468,0.022,38.66,121.535
3820,41,51,1254.293,766.919,47101.586,2,151,384.391,215.43,NA,6.061,0.02,0,-38.66
3821,41,52,1253.788,777.02,47401.596,2,164,394.505,211.017,NA,10.114,0.034,92.862,92.862
3822,41,53,1257.323,785.606,47701.606,2,131,403.79,211.319,NA,9.285,0.031,67.62,-25.243
3823,41,54,1260.859,800.253,48001.616,2,76,418.857,210.361,NA,15.067,0.05,76.43,8.81
3824,41,55,1280.556,822.475,48301.626,2,112,448.552,225.134,NA,29.695,0.099,48.447,-27.982
3825,41,56,1286.616,835.101,48601.636,2,118,462.558,229.678,NA,14.005,0.047,64.359,15.912
3826,41,57,1318.434,839.646,48901.647,2,119,494.699,261.076,NA,32.141,0.107,8.13,-56.229
3827,41,58,1352.273,836.616,49201.657,2,250,528.673,295.037,NA,33.974,0.113,-5.117,-13.247
3828,41,59,1374.495,851.768,49501.667,2,156,555.569,316.686,NA,26.896,0.09,34.287,39.404
3829,41,60,1388.636,850.758,49801.677,2,79,569.746,330.839,NA,14.177,0.047,-4.086,-38.372
3830,41,61,1396.212,856.313,50101.687,2,151,579.141,338.385,NA,9.394,0.031,36.254,40.339
3831,41,62,1396.212,861.364,50401.697,2,238,584.191,338.438,NA,5.051,0.017,90,53.746
3832,41,63,1400.253,861.364,50701.707,2,106,588.232,342.478,NA,4.04,0.013,0,-90
3833,41,64,1397.727,858.333,51001.717,2,194,592.176,339.912,NA,3.945,0.013,-129.806,-129.806
3834,41,65,1397.727,857.323,51301.727,2,95,593.186,339.905,NA,1.01,0.003,-90,39.806
3835,41,66,1397.727,857.323,51601.737,2,149,593.186,339.905,NA,0,0,0,90
3836,41,67,1397.727,857.323,51901.748,2,125,593.186,339.905,NA,0,0,0,0
3837,41,68,1400.253,855.808,52201.758,2,145,596.131,342.425,NA,2.945,0.01,-30.964,-30.964
3838,41,69,1400.253,855.808,52501.768,2,96,596.131,342.425,NA,0,0,0,30.964
3839,41,70,1396.717,863.889,52801.778,2,148,604.952,338.998,NA,8.82,0.029,113.629,113.629
3840,41,71,1396.717,863.889,53101.788,2,137,604.952,338.998,NA,0,0,0,-113.629
3841,41,72,1396.212,859.343,53401.798,2,136,609.525,338.408,NA,4.573,0.015,-96.34,-96.34
3842,41,73,1399.242,859.343,53701.808,2,121,612.555,341.438,NA,3.03,0.01,0,96.34
3843,41,74,1399.242,859.343,54001.818,2,127,612.555,341.438,NA,0,0,0,0
3844,41,75,1399.242,859.343,54301.828,2,164,612.555,341.438,NA,0,0,0,0
3845,41,76,1399.242,859.343,54601.838,2,189,612.555,341.438,NA,0,0,0,0
3846,41,77,1399.242,856.818,54901.849,2,164,615.081,341.418,NA,2.525,0.008,-90,-90
3847,41,78,1399.242,856.818,55201.859,2,143,615.081,341.418,NA,0,0,0,90
3848,41,79,1400.253,868.434,55501.869,2,112,626.741,342.676,NA,11.66,0.039,85.03,85.03
3849,41,80,1400.253,879.04,55801.879,2,82,637.347,343.246,NA,10.606,0.035,90,4.97
3850,41,81,1407.323,878.03,56101.889,2,71,644.489,350.233,NA,7.142,0.024,-8.13,-98.13
3851,41,82,1407.323,867.929,56401.899,2,116,654.59,349.723,NA,10.101,0.034,-90,-81.87
3852,41,83,1404.293,862.374,56701.909,2,124,660.918,346.537,NA,6.328,0.021,-118.61,-28.61
3853,41,84,1393.687,866.414,57001.919,2,113,672.268,336.042,NA,11.35,0.038,159.146,-82.244
3854,41,85,1407.323,872.98,57301.929,2,193,687.403,349.942,NA,15.135,0.05,25.71,-133.436
3855,41,86,1410.859,883.081,57601.939,2,112,698.105,354.121,NA,10.702,0.036,70.71,45
3856,41,87,1405.303,895.707,57901.95,2,54,711.899,349.816,NA,13.794,0.046,113.749,43.04
3857,42,1,1132.576,742.803,35701.202,2,57,0,0,NA,NA,NA,NA,NA
3858,42,2,1142.803,736.742,36001.212,2,107,11.888,11.888,NA,11.888,0.04,-30.651,NA
3859,42,3,1149.621,736.742,36301.222,2,108,18.706,18.091,NA,6.818,0.023,0,30.651
3860,42,4,1149.621,736.742,36601.232,2,77,18.706,18.091,NA,0,0,0,0
3861,42,5,1150,732.955,36901.242,2,59,22.513,20.015,NA,3.807,0.013,-84.289,-84.289
3862,42,6,1153.03,732.955,37201.253,2,73,25.543,22.702,NA,3.03,0.01,0,84.289
3863,42,7,1156.061,734.47,37501.263,2,80,28.931,24.92,NA,3.388,0.011,26.565,26.565
3864,42,8,1156.818,735.985,37801.273,2,46,30.625,25.183,NA,1.694,0.006,63.435,36.87
3865,42,9,1163.636,737.5,38101.283,2,57,37.61,31.51,NA,6.985,0.023,12.529,-50.906
3866,42,10,1163.636,737.5,38401.293,2,60,37.61,31.51,NA,0,0,0,-12.529
3867,42,11,1168.939,737.5,38701.303,2,128,42.913,36.748,NA,5.303,0.018,0,0
3868,42,12,1168.939,737.5,39001.313,2,116,42.913,36.748,NA,0,0,0,0
3869,42,13,1168.939,737.879,39301.323,2,82,43.292,36.696,NA,0.379,0.001,90,90
3870,42,14,1165.152,737.879,39601.333,2,86,47.08,32.946,NA,3.788,0.013,180,90
3871,42,15,1160.606,739.394,39901.343,2,59,51.871,28.237,NA,4.791,0.016,161.565,-18.435
3872,42,16,1154.167,739.394,40201.354,2,91,58.31,21.858,NA,6.439,0.021,180,18.435
3873,42,17,1152.273,739.015,40501.364,2,53,60.242,20.058,NA,1.931,0.006,-168.69,11.31
3874,42,18,1157.197,733.712,40801.374,2,105,67.478,26.246,NA,7.237,0.024,-47.121,121.569
3875,42,19,1157.197,729.167,41101.384,2,121,72.024,28.145,NA,4.545,0.015,-90,-42.879
3876,42,20,1158.333,721.212,41401.394,2,116,80.059,33.61,NA,8.035,0.027,-81.87,8.13
3877,42,21,1158.333,721.591,41701.404,2,25,80.438,33.368,NA,0.379,0.001,90,171.87
3878,42,22,1175.758,712.5,42001.414,2,160,100.091,52.754,NA,19.653,0.066,-27.553,-117.553
3879,42,23,1175.758,719.318,42301.424,2,75,106.909,49.155,NA,6.818,0.023,90,117.553
3880,42,24,1175.758,721.97,42601.434,2,39,109.561,47.945,NA,2.652,0.009,90,0
3881,42,25,1172.348,721.97,42901.444,2,122,112.97,44.899,NA,3.409,0.011,180,90
3882,42,26,1172.348,731.439,43201.455,2,124,122.44,41.364,NA,9.47,0.032,90,-90
3883,42,27,1172.348,743.182,43501.465,2,32,134.182,39.775,NA,11.742,0.039,90,0
3884,42,28,1172.348,743.182,43801.475,2,68,134.182,39.775,NA,0,0,0,-90
3885,42,29,1174.242,752.652,44101.485,2,92,143.839,42.815,NA,9.657,0.032,78.69,78.69
3886,42,30,1180.682,754.924,44401.495,2,96,150.668,49.61,NA,6.829,0.023,19.44,-59.25
3887,42,31,1180.682,755.303,44701.505,2,60,151.047,49.704,NA,0.379,0.001,90,70.56
3888,42,32,1177.652,756.439,45001.515,2,65,154.283,47.093,NA,3.236,0.011,159.444,69.444
3889,42,33,1177.652,765.152,45301.525,2,46,162.995,50.312,NA,8.712,0.029,90,-69.444
3890,42,34,1177.652,765.152,45601.535,2,67,162.995,50.312,NA,0,0,0,-90
3891,42,35,1177.652,765.152,45901.546,2,87,162.995,50.312,NA,0,0,0,0
3892,42,36,1177.652,765.152,46201.556,2,120,162.995,50.312,NA,0,0,0,0
3893,42,37,1183.712,768.939,46501.566,2,74,170.142,57.429,NA,7.147,0.024,32.005,32.005
3894,42,38,1185.227,771.212,46801.576,2,68,172.874,59.827,NA,2.731,0.009,56.31,24.305
3895,42,39,1185.227,771.212,47101.586,2,67,172.874,59.827,NA,0,0,0,-56.31
3896,42,40,1180.682,771.212,47401.596,2,113,177.419,55.868,NA,4.545,0.015,180,180
3897,42,41,1180.303,778.03,47701.606,2,61,184.248,59.32,NA,6.829,0.023,93.18,-86.82
3898,42,42,1176.136,778.03,48001.616,2,64,188.415,56.022,NA,4.167,0.014,180,86.82
3899,42,43,1170.833,782.955,48301.626,2,55,195.651,55.46,NA,7.237,0.024,137.121,-42.879
3900,42,44,1167.045,794.318,48601.636,2,184,207.63,61.984,NA,11.978,0.04,108.435,-28.686
3901,42,45,1164.015,803.409,48901.647,2,115,217.212,68.275,NA,9.583,0.032,108.435,0
3902,42,46,1159.848,812.5,49201.657,2,109,227.213,74.843,NA,10,0.033,114.624,6.189
3903,42,47,1151.894,828.788,49501.667,2,60,245.339,88.128,NA,18.126,0.06,116.03,1.406
3904,42,48,1150,848.485,49801.677,2,80,265.127,107.109,NA,19.788,0.066,95.492,-20.537
3905,42,49,1142.803,867.803,50101.687,2,81,285.742,125.418,NA,20.615,0.069,110.433,14.941
3906,42,50,1142.803,882.576,50401.697,2,70,300.515,140.146,NA,14.773,0.049,90,-20.433
3907,42,51,1142.803,893.182,50701.707,2,147,311.121,150.726,NA,10.606,0.035,90,0
3908,42,52,1152.652,893.182,51001.717,2,122,320.969,151.713,NA,9.848,0.033,0,-90
3909,42,53,1159.091,909.47,51301.727,2,106,338.484,168.763,NA,17.515,0.058,68.429,68.429
3910,42,54,1165.152,921.591,51601.737,2,65,352.036,181.731,NA,13.552,0.045,63.435,-4.994
3911,42,55,1164.394,948.864,51901.748,2,120,379.319,208.503,NA,27.283,0.091,91.591,28.156
3912,42,56,1170.076,962.879,52201.758,2,87,394.442,223.248,NA,15.123,0.05,67.932,-23.659
3913,42,57,1174.621,962.121,52501.768,2,129,399.05,223.312,NA,4.608,0.015,-9.462,-77.394
3914,42,58,1180.303,946.591,52801.778,2,70,415.587,209.302,NA,16.537,0.055,-69.905,-60.442
3915,42,59,1175,946.212,53101.788,2,127,420.904,207.786,NA,5.317,0.018,-175.914,-106.01
3916,42,60,1175,946.212,53401.798,2,176,420.904,207.786,NA,0,0,0,175.914
3917,42,61,1171.591,935.985,53701.808,2,79,431.684,197.082,NA,10.78,0.036,-108.435,-108.435
3918,42,62,1145.455,941.667,54001.818,2,45,458.431,199.28,NA,26.747,0.089,167.735,-83.83
3919,42,63,1136.742,944.318,54301.828,2,64,467.538,201.558,NA,9.107,0.03,163.072,-4.663
3920,42,64,1135.985,951.894,54601.838,2,48,475.152,209.119,NA,7.614,0.025,95.711,-67.362
3921,42,65,1132.197,965.152,54901.849,2,92,488.94,222.349,NA,13.788,0.046,105.945,10.235
3922,42,66,1122.348,965.152,55201.859,2,111,498.788,222.584,NA,9.848,0.033,180,74.055
3923,42,67,1115.909,995.076,55501.869,2,45,529.397,252.823,NA,30.609,0.102,102.144,-77.856
3924,42,68,1117.803,1003.409,55801.879,2,37,537.943,261.024,NA,8.546,0.028,77.196,-24.949
3925,42,69,1123.864,1007.197,56101.889,2,82,545.09,264.537,NA,7.147,0.024,32.005,-45.19
3926,42,70,1118.561,997.348,56401.899,2,105,556.276,254.931,NA,11.185,0.037,-118.301,-150.306
3927,42,71,1127.652,997.348,56701.909,2,103,565.367,254.593,NA,9.091,0.03,0,118.301
3928,42,72,1135.985,993.561,57001.919,2,65,574.52,250.781,NA,9.154,0.031,-24.444,-24.444
3929,42,73,1126.515,992.045,57301.929,2,77,584.111,249.316,NA,9.59,0.032,-170.91,-146.466
3930,42,74,1114.015,995.076,57601.939,2,85,596.973,252.955,NA,12.862,0.043,166.373,-22.717
3931,42,75,1114.015,1007.197,57901.95,2,61,609.094,265.045,NA,12.121,0.04,90,-76.373
3932,42,76,1102.652,1007.955,58201.96,2,72,620.483,266.835,NA,11.389,0.038,176.186,86.186
3933,42,77,1098.106,1014.773,58501.97,2,77,628.677,274.145,NA,8.194,0.027,123.69,-52.496
3934,42,78,1098.106,1021.591,58801.98,2,122,635.495,280.911,NA,6.818,0.023,90,-33.69
3935,42,79,1106.818,1019.697,59101.99,2,100,644.411,278.089,NA,8.916,0.03,-12.265,-102.265
3936,42,80,1106.818,1010.985,59402,2,136,653.123,269.416,NA,8.712,0.029,-90,-77.735
3937,42,81,1114.394,1005.303,59702.01,2,68,662.593,263.129,NA,9.47,0.032,-36.87,53.13
3938,42,82,1109.47,1000,60002.02,2,97,669.829,258.233,NA,7.237,0.024,-132.879,-96.009
3939,42,83,1132.576,1009.47,60302.03,2,44,694.801,266.667,NA,24.971,0.083,22.286,155.164
3940,42,84,1150,1016.288,60602.04,2,17,713.511,274.039,NA,18.711,0.062,21.371,-0.915
3941,42,85,1152.652,1028.03,60902.051,2,100,725.55,285.933,NA,12.038,0.04,77.276,55.905
3942,42,86,1153.409,1044.318,61202.061,2,41,741.855,302.234,NA,16.305,0.054,87.337,10.061
3943,42,87,1165.53,1050.758,61502.071,2,82,755.581,309.713,NA,13.726,0.046,27.979,-59.358
3944,42,88,1172.348,1050.758,61802.081,2,107,762.399,310.512,NA,6.818,0.023,0,-27.979
3945,42,89,1177.273,1065.152,62102.091,2,149,777.612,325.433,NA,15.213,0.051,71.114,71.114
3946,42,90,1183.333,1070.833,62402.101,2,81,785.919,331.934,NA,8.307,0.028,43.152,-27.962
3947,42,91,1183.712,1081.061,62702.111,2,94,796.153,342.101,NA,10.234,0.034,87.879,44.727
3948,42,92,1180.682,1081.061,63002.121,2,75,799.184,341.661,NA,3.03,0.01,180,92.121
3949,42,93,1170.076,1081.818,63302.131,2,29,809.817,341.083,NA,10.633,0.035,175.914,-4.086
3950,42,94,1176.515,1096.591,63602.141,2,57,825.932,356.506,NA,16.115,0.054,66.448,-109.467
3951,42,95,1192.803,1093.939,63902.152,2,74,842.434,356.264,NA,16.502,0.055,-9.246,-75.694
3952,42,96,1206.818,1093.939,64202.162,2,25,856.449,358.899,NA,14.015,0.047,0,9.246
3953,43,1,956.313,493.687,43801.475,2,46,0,0,NA,NA,NA,NA,NA
3954,43,2,956.313,489.141,44101.485,2,56,4.545,4.545,NA,4.545,0.015,-90,NA
3955,43,3,956.313,487.121,44401.495,2,82,6.566,6.566,NA,2.02,0.007,-90,0
3956,43,4,956.313,485.101,44701.505,2,35,8.586,8.586,NA,2.02,0.007,-90,0
3957,43,5,957.828,476.515,45001.515,2,33,17.304,17.238,NA,8.719,0.029,-79.992,10.008
3958,43,6,957.828,462.879,45301.525,2,49,30.941,30.845,NA,13.636,0.045,-90,-10.008
3959,43,7,968.434,443.687,45601.535,2,98,52.868,51.448,NA,21.928,0.073,-61.074,28.926
3960,43,8,968.434,434.596,45901.546,2,40,61.959,60.321,NA,9.091,0.03,-90,-28.926
3961,43,9,970.455,445.202,46201.556,2,36,72.756,50.505,NA,10.797,0.036,79.216,169.216
3962,43,10,970.455,445.202,46501.566,2,37,72.756,50.505,NA,0,0,0,-79.216
3963,43,11,968.939,445.202,46801.576,2,35,74.271,50.102,NA,1.515,0.005,180,180
3964,43,12,958.838,439.646,47101.586,2,104,85.799,54.099,NA,11.528,0.038,-151.189,28.811
3965,43,13,958.838,414.394,47401.596,2,91,111.052,79.333,NA,25.253,0.084,-90,61.189
3966,43,14,958.838,414.394,47701.606,2,80,111.052,79.333,NA,0,0,0,90
3967,43,15,965.909,402.273,48001.616,2,35,125.084,91.916,NA,14.033,0.047,-59.744,-59.744
3968,43,16,986.111,387.626,48301.626,2,72,150.037,110.167,NA,24.953,0.083,-35.942,23.801
3969,43,17,998.232,370.96,48601.636,2,109,170.645,129.689,NA,20.608,0.069,-53.973,-18.031
3970,43,18,998.737,353.788,48901.647,2,104,187.825,146.19,NA,17.179,0.057,-88.315,-34.343
3971,43,19,998.737,339.646,49201.657,2,69,201.966,159.776,NA,14.141,0.047,-90,-1.685
3972,43,20,1008.333,322.475,49501.667,2,84,221.637,178.94,NA,19.671,0.066,-60.803,29.197
3973,43,21,993.182,322.475,49801.677,2,166,236.789,175.137,NA,15.152,0.051,180,-119.197
3974,43,22,985.606,312.374,50101.687,2,133,249.415,183.664,NA,12.626,0.042,-126.87,53.13
3975,43,23,983.586,303.788,50401.697,2,223,258.235,191.847,NA,8.82,0.029,-103.241,23.629
3976,43,24,998.232,300.253,50701.707,2,64,273.302,197.924,NA,15.067,0.05,-13.57,89.67
3977,43,25,986.111,284.091,51001.717,2,95,293.504,211.704,NA,20.202,0.067,-126.87,-113.299
3978,43,26,986.111,284.091,51301.727,2,94,293.504,211.704,NA,0,0,0,126.87
3979,43,27,994.697,270.455,51601.737,2,146,309.619,226.508,NA,16.114,0.054,-57.804,-57.804
3980,43,28,994.697,254.293,51901.748,2,149,325.78,242.452,NA,16.162,0.054,-90,-32.196
3981,43,29,1000.253,237.121,52201.758,2,99,343.828,260.301,NA,18.048,0.06,-72.072,17.928
3982,43,30,1015.909,231.566,52501.768,2,147,360.441,268.811,NA,16.613,0.055,-19.537,52.535
3983,43,31,1025.505,221.465,52801.778,2,6,374.374,280.878,NA,13.932,0.046,-46.469,-26.932
3984,43,32,1042.677,202.778,53101.788,2,171,399.752,303.458,NA,25.378,0.085,-47.42,-0.951
3985,43,33,1045.202,194.192,53401.798,2,200,408.702,312.408,NA,8.95,0.03,-73.61,-26.191
3986,43,34,1045.202,184.596,53701.808,2,131,418.298,321.618,NA,9.596,0.032,-90,-16.39
3987,43,35,1044.192,171.465,54001.818,2,106,431.468,333.991,NA,13.17,0.044,-94.399,-4.399
3988,43,36,1044.192,171.465,54301.828,2,130,431.468,333.991,NA,0,0,0,94.399
3989,43,37,1051.768,161.869,54601.838,2,84,443.694,345.275,NA,12.226,0.041,-51.71,-51.71
3990,43,38,1048.232,161.364,54901.849,2,141,447.265,344.801,NA,3.571,0.012,-171.87,-120.16
3991,43,39,1048.232,153.283,55201.859,2,135,455.346,352.596,NA,8.081,0.027,-90,81.87
3992,43,40,1048.232,153.283,55501.869,2,90,455.346,352.596,NA,0,0,0,90
3993,43,41,1046.717,161.364,55801.879,2,135,463.567,344.4,NA,8.222,0.027,100.62,100.62
3994,43,42,1040.657,161.869,56101.889,2,199,469.649,342.37,NA,6.082,0.02,175.236,74.617
3995,43,43,1053.283,161.869,56401.899,2,211,482.275,345.697,NA,12.626,0.042,0,-175.236
3996,43,44,1062.879,148.232,56701.909,2,152,498.95,361.518,NA,16.674,0.056,-54.866,-54.866
3997,43,45,1065.909,148.232,57001.919,2,157,501.98,362.423,NA,3.03,0.01,0,54.866
3998,43,46,1065.909,140.152,57301.929,2,163,510.061,370.133,NA,8.081,0.027,-90,-90
3999,43,47,1066.919,129.545,57601.939,2,109,520.715,380.569,NA,10.654,0.036,-84.56,5.44
4000,43,48,1064.899,92.677,57901.95,2,161,557.639,415.452,NA,36.924,0.123,-93.136,-8.577
4001,43,49,1064.899,85.101,58201.96,2,152,565.214,422.769,NA,7.576,0.025,-90,3.136
4002,43,50,1072.98,71.465,58501.97,2,231,581.065,438.044,NA,15.851,0.053,-59.349,30.651
4003,43,51,1081.566,55.808,58801.98,2,138,598.922,455.44,NA,17.856,0.06,-61.26,-1.911
4004,43,52,1084.091,45.202,59101.99,2,209,609.824,466.332,NA,10.903,0.036,-76.608,-15.347
4005,43,53,1084.091,36.616,59402,2,175,618.41,474.595,NA,8.586,0.029,-90,-13.392
4006,43,54,1086.111,23.485,59702.01,2,176,631.696,487.788,NA,13.286,0.044,-81.254,8.746
4007,43,55,1102.273,14.394,60002.02,2,137,650.239,501.025,NA,18.543,0.062,-29.358,51.896
4008,43,56,1113.384,8.838,60302.03,2,89,662.661,509.656,NA,12.423,0.041,-26.565,2.793
4009,43,57,1103.788,2.273,60602.04,2,124,674.288,513.066,NA,11.627,0.039,-145.62,-119.055
4010,43,58,1112.374,8.838,60902.051,2,168,685.097,509.346,NA,10.809,0.036,37.405,-176.975
4011,43,59,1112.374,7.323,61202.061,2,178,686.612,510.788,NA,1.515,0.005,-90,-127.405
4012,43,60,1115.404,5.303,61502.071,2,215,690.254,513.643,NA,3.642,0.012,-33.69,56.31
4013,43,61,1116.414,3.788,61802.081,2,195,692.075,515.396,NA,1.821,0.006,-56.31,-22.62
4014,43,62,1119.444,4.798,62102.091,2,116,695.269,515.387,NA,3.194,0.011,18.435,74.745
4015,43,63,1116.414,15.909,62402.101,2,84,706.786,503.889,NA,11.517,0.038,105.255,86.82
4016,43,64,1115.909,12.374,62702.111,2,136,710.358,507.083,NA,3.571,0.012,-98.13,156.615
4017,43,65,1115.909,5.303,63002.121,2,59,717.428,513.799,NA,7.071,0.024,-90,8.13
4018,43,66,1115.909,23.99,63302.131,2,164,736.115,496.071,NA,18.687,0.062,90,180
4019,43,67,1121.465,19.444,63602.141,2,93,743.293,502.176,NA,7.178,0.024,-39.289,-129.289
4020,43,68,1129.545,14.899,63902.152,2,118,752.565,509.163,NA,9.271,0.031,-29.358,9.932
4021,43,69,1129.545,14.899,64202.162,2,96,752.565,509.163,NA,0,0,0,29.358
4022,43,70,1108.838,36.111,64502.172,2,61,782.208,482.327,NA,29.643,0.099,134.31,134.31
4023,43,71,1096.717,27.02,64802.182,2,76,797.36,487.331,NA,15.152,0.051,-143.13,82.56
4024,43,72,1093.182,14.899,65102.192,2,114,809.986,497.967,NA,12.626,0.042,-106.26,36.87
4025,43,73,1096.212,2.778,65402.202,2,35,822.48,510.454,NA,12.494,0.042,-75.964,30.296
4026,43,74,1102.273,2.778,65702.212,2,119,828.541,512.148,NA,6.061,0.02,0,75.964
4027,43,75,1093.182,0.758,66002.222,2,72,837.854,511.578,NA,9.313,0.031,-167.471,-167.471
4028,44,1,1063.636,427.652,45601.535,2,86,0,0,NA,NA,NA,NA,NA
4029,44,2,1063.636,416.288,45901.546,2,58,11.364,11.364,NA,11.364,0.038,-90,NA
4030,44,3,1058.333,413.258,46201.556,2,109,17.471,15.34,NA,6.108,0.02,-150.255,-60.255
4031,44,4,1057.576,403.788,46501.566,2,107,26.971,24.621,NA,9.5,0.032,-94.574,55.681
4032,44,5,1057.576,403.788,46801.576,2,26,26.971,24.621,NA,0,0,0,94.574
4033,44,6,1038.258,404.545,47101.586,2,113,46.304,34.322,NA,19.333,0.064,177.754,177.754
4034,44,7,1019.697,374.242,47401.596,2,119,81.84,69.161,NA,35.535,0.118,-121.487,60.758
4035,44,8,1011.742,364.394,47701.606,2,92,94.5,81.82,NA,12.66,0.042,-128.928,-7.44
4036,44,9,1008.333,346.591,48001.616,2,127,112.626,98.129,NA,18.126,0.06,-100.84,28.087
4037,44,10,1008.333,333.712,48301.626,2,127,125.505,109.009,NA,12.879,0.043,-90,10.84
4038,44,11,1017.424,306.818,48601.636,2,123,153.894,129.369,NA,28.389,0.095,-71.323,18.677
4039,44,12,1021.97,290.657,48901.647,2,127,170.682,143.191,NA,16.789,0.056,-74.291,-2.968
4040,44,13,1036.616,293.182,49201.657,2,134,185.545,137.158,NA,14.863,0.05,9.782,84.074
4041,44,14,1068.939,275,49501.667,2,61,222.631,152.744,NA,37.086,0.124,-29.358,-39.14
4042,44,15,1071.465,282.576,49801.677,2,165,230.616,145.287,NA,7.986,0.027,71.565,100.923
4043,44,16,1078.535,282.576,50101.687,2,198,237.687,145.839,NA,7.071,0.024,0,-71.565
4044,44,17,1082.071,286.111,50401.697,2,244,242.687,142.736,NA,5,0.017,45,45
4045,44,18,1088.636,266.414,50701.707,2,96,263.449,163.164,NA,20.762,0.069,-71.565,-116.565
4046,44,19,1091.667,266.414,51001.717,2,186,266.48,163.656,NA,3.03,0.01,0,71.565
4047,44,20,1091.667,242.172,51301.727,2,143,290.722,187.586,NA,24.242,0.081,-90,-90
4048,44,21,1094.697,234.596,51601.737,2,170,298.881,195.538,NA,8.159,0.027,-68.199,21.801
4049,44,22,1101.263,221.465,51901.748,2,142,313.563,209.592,NA,14.681,0.049,-63.435,4.764
4050,44,23,1101.263,204.293,52201.758,2,112,330.734,226.506,NA,17.172,0.057,-90,-26.565
4051,44,24,1099.747,188.636,52501.768,2,110,346.464,241.728,NA,15.73,0.052,-95.528,-5.528
4052,44,25,1099.747,188.636,52801.778,2,85,346.464,241.728,NA,0,0,0,95.528
4053,44,26,1110.354,186.111,53101.788,2,149,357.367,246.017,NA,10.903,0.036,-13.392,-13.392
4054,44,27,1110.354,186.111,53401.798,2,186,357.367,246.017,NA,0,0,0,13.392
4055,44,28,1120.96,177.02,53701.808,2,144,371.336,257.103,NA,13.969,0.047,-40.601,-40.601
4056,44,29,1132.576,170.455,54001.818,2,140,384.679,266.276,NA,13.343,0.044,-29.476,11.125
4057,44,30,1136.111,168.939,54301.828,2,225,388.525,268.672,NA,3.846,0.013,-23.199,6.277
4058,44,31,1146.212,160.354,54601.838,2,180,401.782,279.762,NA,13.257,0.044,-40.365,-17.166
4059,44,32,1149.747,160.354,54901.849,2,186,405.318,280.826,NA,3.535,0.012,0,40.365
4060,44,33,1152.273,152.778,55201.859,2,148,413.303,288.811,NA,7.986,0.027,-71.565,-71.565
4061,44,34,1152.273,152.778,55501.869,2,99,413.303,288.811,NA,0,0,0,71.565
4062,44,35,1142.677,152.778,55801.879,2,132,422.899,286.012,NA,9.596,0.032,180,180
4063,44,36,1142.677,156.313,56101.889,2,145,426.434,282.616,NA,3.535,0.012,90,-90
4064,44,37,1164.899,149.242,56401.899,2,124,449.754,296.253,NA,23.32,0.078,-17.65,-107.65
4065,44,38,1189.141,127.02,56701.909,2,189,482.641,325.777,NA,32.887,0.11,-42.51,-24.86
4066,44,39,1197.727,118.939,57001.919,2,102,494.431,336.576,NA,11.791,0.039,-43.264,-0.754
4067,44,40,1208.838,107.828,57301.929,2,159,510.145,351.241,NA,15.713,0.052,-45,-1.736
4068,44,41,1227.02,85.101,57601.939,2,101,539.25,379.52,NA,29.105,0.097,-51.34,-6.34
4069,44,42,1267.929,83.081,57901.95,2,11,580.209,400.58,NA,40.959,0.137,-2.827,48.513
4070,44,43,1286.616,80.051,58201.96,2,61,599.14,412.973,NA,18.931,0.063,-9.211,-6.384
4071,44,44,1313.384,69.949,58501.97,2,90,627.75,436.262,NA,28.61,0.095,-20.674,-11.463
4072,44,45,1327.525,63.384,58801.98,2,84,643.341,449.809,NA,15.591,0.052,-24.905,-4.23
4073,45,1,1040.53,448.485,45301.525,2,68,0,0,NA,NA,NA,NA,NA
4074,45,2,1040.53,431.439,45601.535,2,103,17.045,17.045,NA,17.045,0.057,-90,NA
4075,45,3,1029.167,392.424,45901.546,2,109,57.682,57.201,NA,40.636,0.135,-106.239,-16.239
4076,45,4,1012.5,378.409,46201.556,2,136,79.458,75.474,NA,21.776,0.073,-139.939,-33.7
4077,45,5,1023.485,369.697,46501.566,2,118,93.478,80.611,NA,14.02,0.047,-38.418,101.521
4078,45,6,1025,360.985,46801.576,2,126,102.321,88.868,NA,8.843,0.029,-80.134,-41.716
4079,45,7,1017.803,344.318,47101.586,2,126,120.475,106.617,NA,18.154,0.061,-113.356,-33.221
4080,45,8,1013.636,329.167,47401.596,2,160,136.189,122.312,NA,15.714,0.052,-105.376,7.979
4081,45,9,1013.636,321.212,47701.606,2,124,144.144,130.083,NA,7.955,0.027,-90,15.376
4082,45,10,1027.652,289.394,48001.616,2,107,178.912,159.611,NA,34.768,0.116,-66.228,23.772
4083,45,11,1031.439,268.182,48301.626,2,35,200.46,180.532,NA,21.548,0.072,-79.875,-13.648
4084,45,12,1034.091,251.136,48601.636,2,52,217.71,197.454,NA,17.25,0.057,-81.158,-1.283
4085,45,13,1034.848,247.348,48901.647,2,77,221.573,201.217,NA,3.863,0.013,-78.69,2.468
4086,45,14,1034.848,240.53,49201.657,2,85,228.391,208.032,NA,6.818,0.023,-90,-11.31
4087,45,15,1040.909,236.364,49501.667,2,59,235.746,212.122,NA,7.355,0.025,-34.509,55.491
4088,45,16,1039.773,236.364,49801.677,2,108,236.882,212.123,NA,1.136,0.004,180,-145.491
4089,45,17,1039.773,236.364,50101.687,2,130,236.882,212.123,NA,0,0,0,-180
4090,45,18,1039.773,236.364,50401.697,2,128,236.882,212.123,NA,0,0,0,0
4091,45,19,1039.773,236.364,50701.707,2,174,236.882,212.123,NA,0,0,0,0
4092,45,20,1039.773,236.364,51001.717,2,244,236.882,212.123,NA,0,0,0,0
4093,45,21,1057.576,236.364,51301.727,2,162,254.685,212.805,NA,17.803,0.059,0,0
4094,45,22,1075.379,232.576,51601.737,2,113,272.887,218.703,NA,18.202,0.061,-12.011,-12.011
4095,45,23,1075.379,228.409,51901.748,2,157,277.054,222.818,NA,4.167,0.014,-90,-77.989
4096,45,24,1071.97,221.97,52201.758,2,231,284.34,228.687,NA,7.286,0.024,-117.897,-27.897
4097,45,25,1074.242,215.909,52501.768,2,169,290.812,235.006,NA,6.473,0.022,-69.444,48.453
4098,45,26,1076.515,204.167,52801.778,2,165,302.773,246.954,NA,11.96,0.04,-79.046,-9.602
4099,45,27,1076.894,181.818,53101.788,2,116,325.124,269.135,NA,22.352,0.075,-89.029,-9.983
4100,45,28,1075,172.727,53401.798,2,154,334.411,277.904,NA,9.286,0.031,-101.768,-12.739
4101,45,29,1079.167,160.227,53701.808,2,123,347.587,290.835,NA,13.176,0.044,-71.565,30.203
4102,45,30,1085.985,156.061,54001.818,2,208,355.577,295.936,NA,7.991,0.027,-31.43,40.135
4103,45,31,1098.864,156.061,54301.828,2,166,368.456,298.186,NA,12.879,0.043,0,31.43
4104,45,32,1098.864,156.061,54601.838,2,129,368.456,298.186,NA,0,0,0,0
4105,45,33,1104.167,156.061,54901.849,2,208,373.759,299.268,NA,5.303,0.018,0,0
4106,45,34,1092.045,144.318,55201.859,2,138,390.635,308.498,NA,16.876,0.056,-135.909,-135.909
4107,45,35,1086.742,137.879,55501.869,2,224,398.977,314.025,NA,8.342,0.028,-129.472,6.437
4108,45,36,1093.939,151.515,55801.879,2,99,414.396,301.734,NA,15.419,0.051,62.176,-168.352
4109,45,37,1106.061,151.515,56101.889,2,196,426.517,304.114,NA,12.121,0.04,0,-62.176
4110,45,38,1114.015,143.182,56401.899,2,180,438.038,314.022,NA,11.52,0.038,-46.332,-46.332
4111,45,39,1122.348,135.606,56701.909,2,152,449.3,323.4,NA,11.262,0.038,-42.274,4.059
4112,45,40,1127.652,155.682,57001.919,2,116,470.064,305.489,NA,20.764,0.069,75.203,117.477
4113,45,41,1131.439,150.379,57301.929,2,170,476.581,311.66,NA,6.517,0.022,-54.462,-129.666
4114,45,42,1142.803,145.833,57601.939,2,183,488.82,319.465,NA,12.239,0.041,-21.801,32.661
4115,45,43,1152.652,136.364,57901.95,2,183,502.483,331.649,NA,13.663,0.046,-43.877,-22.075
4116,45,44,1174.621,117.045,58201.96,2,173,531.738,357.537,NA,29.255,0.098,-41.326,2.551
4117,45,45,1182.576,118.939,58501.97,2,195,539.915,358.855,NA,8.177,0.027,13.392,54.718
4118,45,46,1185.227,117.803,58801.98,2,189,542.8,360.954,NA,2.885,0.01,-23.199,-36.591
4119,45,47,1190.152,109.848,59101.99,2,106,552.155,370.218,NA,9.355,0.031,-58.241,-35.042
4120,45,48,1201.136,96.97,59402,2,82,569.082,386.468,NA,16.927,0.056,-49.538,8.703
4121,45,49,1186.742,79.924,59702.01,2,59,591.392,396.503,NA,22.31,0.074,-130.179,-80.641
4122,45,50,1172.348,64.773,60002.02,2,58,612.291,405.723,NA,20.899,0.07,-133.531,-3.352
4123,45,51,1162.879,48.106,60302.03,2,82,631.46,418.655,NA,19.169,0.064,-119.604,13.927
4124,45,52,1145.076,7.197,60602.04,2,58,676.075,453.503,NA,44.615,0.149,-113.518,6.086
4125,46,1,883.712,512.121,44401.495,2,37,0,0,NA,NA,NA,NA,NA
4126,46,2,874.621,503.409,44701.505,2,50,12.591,12.591,NA,12.591,0.042,-136.219,NA
4127,46,3,862.5,498.485,45001.515,2,49,25.675,25.217,NA,13.083,0.044,-157.891,-21.672
4128,46,4,851.515,496.591,45301.525,2,79,36.822,35.747,NA,11.147,0.037,-170.218,-12.327
4129,46,5,850.758,474.242,45601.535,2,54,59.183,50.208,NA,22.361,0.075,-91.941,78.276
4130,46,6,850.758,458.712,45901.546,2,71,74.713,62.758,NA,15.53,0.052,-90,1.941
4131,46,7,842.045,448.106,46201.556,2,79,88.439,76.381,NA,13.726,0.046,-129.401,-39.401
4132,46,8,841.667,436.742,46501.566,2,63,99.809,86.312,NA,11.37,0.038,-91.909,37.492
4133,46,9,841.667,436.742,46801.576,2,84,99.809,86.312,NA,0,0,0,91.909
4134,46,10,844.318,433.712,47101.586,2,66,103.835,87.749,NA,4.027,0.013,-48.814,-48.814
4135,46,11,845.455,411.364,47401.596,2,139,126.213,107.776,NA,22.377,0.075,-87.089,-38.275
4136,46,12,851.894,395.076,47701.606,2,174,143.727,121.293,NA,17.515,0.058,-68.429,18.66
4137,46,13,866.667,374.621,48001.616,2,144,168.959,138.553,NA,25.231,0.084,-54.162,14.266
4138,46,14,862.879,352.273,48301.626,2,106,191.626,161.2,NA,22.667,0.076,-99.62,-45.457
4139,46,15,854.545,318.182,48601.636,2,120,226.721,196.12,NA,35.095,0.117,-103.736,-4.117
4140,46,16,858.712,304.924,48901.647,2,172,240.617,208.7,NA,13.897,0.046,-72.553,31.183
4141,46,17,848.485,296.97,49201.657,2,99,253.574,218.016,NA,12.957,0.043,-142.125,-69.572
4142,46,18,850,278.409,49501.667,2,92,272.196,236.131,NA,18.622,0.062,-85.333,56.792
4143,46,19,850,264.015,49801.677,2,104,286.59,250.386,NA,14.394,0.048,-90,-4.667
4144,46,20,854.545,256.061,50101.687,2,114,295.752,257.716,NA,9.162,0.031,-60.255,29.745
4145,46,21,864.773,246.212,50401.697,2,137,309.95,266.583,NA,14.198,0.047,-43.919,16.336
4146,46,22,871.97,232.955,50701.707,2,103,325.035,279.414,NA,15.085,0.05,-61.504,-17.585
4147,46,23,876.515,225.758,51001.717,2,97,333.547,286.454,NA,8.512,0.028,-57.724,3.78
4148,46,24,896.591,214.015,51301.727,2,103,356.805,298.384,NA,23.258,0.078,-30.324,27.401
4149,46,25,908.333,200.758,51601.737,2,143,374.515,312.336,NA,17.71,0.059,-48.468,-18.145
4150,46,26,906.818,187.5,51901.748,2,134,387.859,325.443,NA,13.344,0.044,-96.52,-48.052
4151,46,27,911.742,165.909,52201.758,2,63,410.004,347.345,NA,22.145,0.074,-77.152,19.368
4152,46,28,911.742,151.894,52501.768,2,206,424.02,361.316,NA,14.015,0.047,-90,-12.848
4153,46,29,911.742,151.894,52801.778,2,128,424.02,361.316,NA,0,0,0,90
4154,46,30,920.455,142.424,53101.788,2,123,436.887,371.518,NA,12.868,0.043,-47.386,-47.386
4155,46,31,928.03,137.5,53401.798,2,94,445.923,377.234,NA,9.036,0.03,-33.024,14.362
4156,46,32,928.788,136.364,53701.808,2,127,447.288,378.452,NA,1.366,0.005,-56.31,-23.286
4157,46,33,932.576,126.515,54001.818,2,86,457.84,388.69,NA,10.552,0.035,-68.962,-12.653
4158,46,34,932.576,126.515,54301.828,2,180,457.84,388.69,NA,0,0,0,68.962
4159,46,35,932.576,126.515,54601.838,2,130,457.84,388.69,NA,0,0,0,0
4160,46,36,938.258,118.939,54901.849,2,122,467.31,396.947,NA,9.47,0.032,-53.13,-53.13
4161,46,37,940.152,116.667,55201.859,2,210,470.268,399.462,NA,2.958,0.01,-50.194,2.936
4162,46,38,931.061,116.288,55501.869,2,154,479.367,398.655,NA,9.099,0.03,-177.614,-127.42
4163,46,39,930.303,116.288,55801.879,2,182,480.125,398.566,NA,0.758,0.003,180,-2.386
4164,46,40,930.303,110.227,56101.889,2,86,486.185,404.586,NA,6.061,0.02,-90,90
4165,46,41,935.227,107.576,56401.899,2,116,491.778,407.812,NA,5.593,0.019,-28.301,61.699
4166,46,42,940.53,103.788,56701.909,2,81,498.295,412.267,NA,6.517,0.022,-35.538,-7.237
4167,46,43,940.53,99.242,57001.919,2,146,502.84,416.77,NA,4.545,0.015,-90,-54.462
4168,46,44,940.53,99.242,57301.929,2,109,502.84,416.77,NA,0,0,0,90
4169,46,45,922.348,99.242,57601.939,2,85,521.022,414.683,NA,18.182,0.061,180,180
4170,46,46,893.561,84.47,57901.95,2,61,553.379,427.765,NA,32.357,0.108,-152.835,27.165
4171,46,47,880.682,70.833,58201.96,2,134,572.136,441.298,NA,18.757,0.063,-133.363,19.472
4172,46,48,862.121,55.682,58501.97,2,51,596.096,456.95,NA,23.96,0.08,-140.774,-7.411
4173,46,49,860.985,56.061,58801.98,2,167,597.293,456.627,NA,1.198,0.004,161.565,-57.661
4174,46,50,851.515,48.864,59101.99,2,142,609.188,464.375,NA,11.894,0.04,-142.765,55.67
4175,46,51,837.121,34.091,59402,2,55,629.813,480.295,NA,20.626,0.069,-134.256,8.509
4176,46,52,813.636,11.364,59702.01,2,98,662.495,505.637,NA,32.681,0.109,-135.939,-1.683
4177,46,53,800.758,4.924,60002.02,2,94,676.894,513.936,NA,14.399,0.048,-153.435,-17.496
4178,46,54,805.682,4.924,60302.03,2,142,681.818,513.164,NA,4.924,0.016,0,153.435
4179,46,55,810.227,3.788,60602.04,2,81,686.503,513.617,NA,4.685,0.016,-14.036,-14.036
4180,46,56,810.606,3.788,60902.051,2,92,686.882,513.563,NA,0.379,0.001,0,14.036
4181,46,57,810.606,3.788,61202.061,2,132,686.882,513.563,NA,0,0,0,0
4182,46,58,803.409,0,61502.071,2,56,695.015,518.379,NA,8.133,0.027,-152.241,-152.241
4183,47,1,761.742,606.061,42001.414,2,63,0,0,NA,NA,NA,NA,NA
4184,47,2,756.439,592.803,42301.424,2,90,14.279,14.279,NA,14.279,0.048,-111.801,NA
4185,47,3,756.439,592.803,42601.434,2,62,14.279,14.279,NA,0,0,0,111.801
4186,47,4,750.379,590.909,42901.444,2,108,20.628,18.939,NA,6.35,0.021,-162.646,-162.646
4187,47,5,750.379,572.348,43201.455,2,57,39.189,35.576,NA,18.561,0.062,-90,72.646
4188,47,6,743.561,556.818,43501.465,2,90,56.15,52.492,NA,16.961,0.057,-113.703,-23.703
4189,47,7,738.636,546.97,43801.475,2,70,67.161,63.448,NA,11.011,0.037,-116.565,-2.862
4190,47,8,738.636,534.091,44101.485,2,38,80.04,75.588,NA,12.879,0.043,-90,26.565
4191,47,9,738.636,533.712,44401.495,2,198,80.419,75.949,NA,0.379,0.001,-90,0
4192,47,10,738.636,520.833,44701.505,2,87,93.297,88.304,NA,12.879,0.043,-90,0
4193,47,11,739.015,519.697,45001.515,2,47,94.495,89.304,NA,1.198,0.004,-71.565,18.435
4194,47,12,728.788,519.697,45301.525,2,80,104.723,92.437,NA,10.227,0.034,180,-108.435
4195,47,13,714.015,519.697,45601.535,2,81,119.495,98.674,NA,14.773,0.049,180,0
4196,47,14,714.015,519.697,45901.546,2,128,119.495,98.674,NA,0,0,0,-180
4197,47,15,714.773,510.227,46201.556,2,37,128.995,106.725,NA,9.5,0.032,-85.426,-85.426
4198,47,16,706.818,502.273,46501.566,2,183,140.245,117.425,NA,11.249,0.037,-135,-49.574
4199,47,17,706.818,502.273,46801.576,2,107,140.245,117.425,NA,0,0,0,135
4200,47,18,699.242,492.045,47101.586,2,84,152.972,130.022,NA,12.727,0.042,-126.529,-126.529
4201,47,19,698.106,492.045,47401.596,2,90,154.109,130.572,NA,1.136,0.004,180,-53.471
4202,47,20,687.5,492.045,47701.606,2,115,164.715,136.057,NA,10.606,0.035,180,0
4203,47,21,687.5,492.045,48001.616,2,78,164.715,136.057,NA,0,0,0,-180
4204,47,22,677.652,493.182,48301.626,2,72,174.628,140.758,NA,9.914,0.033,173.418,173.418
4205,47,23,676.515,506.061,48601.636,2,85,187.557,131.391,NA,12.929,0.043,95.042,-78.376
4206,47,24,668.939,512.879,48901.647,2,71,197.749,131.511,NA,10.192,0.034,138.013,42.97
4207,47,25,671.97,520.833,49201.657,2,55,206.262,123.785,NA,8.512,0.028,69.146,-68.867
4208,47,26,676.515,542.803,49501.667,2,57,228.697,106.138,NA,22.435,0.075,78.311,9.165
4209,47,27,666.667,551.136,49801.677,2,99,241.598,109.8,NA,12.901,0.043,139.764,61.453
4210,47,28,666.667,542.045,50101.687,2,153,250.689,114.618,NA,9.091,0.03,-90,130.236
4211,47,29,666.667,542.045,50401.697,2,136,250.689,114.618,NA,0,0,0,90
4212,47,30,659.47,536.742,50701.707,2,105,259.628,123.55,NA,8.94,0.03,-143.616,-143.616
4213,47,31,657.197,525.758,51001.717,2,126,270.846,131.827,NA,11.217,0.037,-101.689,41.926
4214,47,32,657.197,525.379,51301.727,2,77,271.225,132.058,NA,0.379,0.001,-90,11.689
4215,47,33,667.045,523.485,51601.737,2,103,281.253,125.643,NA,10.029,0.033,-10.886,79.114
4216,47,34,668.182,523.485,51901.748,2,92,282.39,124.789,NA,1.136,0.004,0,10.886
4217,47,35,675.758,524.242,52201.758,2,94,290.003,118.691,NA,7.614,0.025,5.711,5.711
4218,47,36,678.409,537.879,52501.768,2,105,303.895,107.672,NA,13.892,0.046,78.996,73.286
4219,47,37,679.545,544.697,52801.778,2,65,310.807,102.576,NA,6.912,0.023,80.538,1.541
4220,47,38,675,550,53101.788,2,160,317.792,103.281,NA,6.985,0.023,130.601,50.064
4221,47,39,658.333,545.833,53401.798,2,166,334.971,119.669,NA,17.18,0.057,-165.964,63.435
4222,47,40,653.409,525,53701.808,2,121,356.379,135.303,NA,21.407,0.071,-103.299,62.665
4223,47,41,651.894,513.636,54001.818,2,96,367.843,143.558,NA,11.464,0.038,-97.595,5.704
4224,47,42,651.894,495.833,54301.828,2,114,385.646,155.617,NA,17.803,0.059,-90,7.595
4225,47,43,651.894,481.439,54601.838,2,97,400.04,166.124,NA,14.394,0.048,-90,0
4226,47,44,651.894,481.439,54901.849,2,79,400.04,166.124,NA,0,0,0,90
4227,47,45,655.682,488.636,55201.859,2,110,408.173,158.232,NA,8.133,0.027,62.241,62.241
4228,47,46,655.682,488.636,55501.869,2,22,408.173,158.232,NA,0,0,0,-62.241
4229,47,47,653.03,489.394,55801.879,2,4,410.931,159.466,NA,2.758,0.009,164.055,164.055
4230,47,48,623.485,545.076,56101.889,2,63,473.965,151.11,NA,63.035,0.21,117.951,-46.104
4231,47,49,626.894,560.985,56401.899,2,48,490.236,142.183,NA,16.27,0.054,77.905,-40.046
4232,47,50,629.167,596.591,56701.909,2,63,525.914,132.914,NA,35.679,0.119,86.348,8.443
4233,47,51,631.061,612.121,57001.919,2,69,541.56,130.822,NA,15.645,0.052,83.047,-3.301
4234,47,52,632.576,645.455,57301.929,2,57,574.927,135.04,NA,33.368,0.111,87.397,4.35
4235,47,53,628.788,648.485,57601.939,2,29,579.778,139.559,NA,4.851,0.016,141.34,53.943
4236,47,54,595.455,656.061,57901.95,2,153,613.962,173.642,NA,34.183,0.114,167.196,25.856
4237,47,55,584.091,649.621,58201.96,2,57,627.023,182.914,NA,13.061,0.044,-150.461,42.343
4238,47,56,584.091,649.621,58501.97,2,76,627.023,182.914,NA,0,0,0,150.461
4239,47,57,584.091,632.576,58801.98,2,55,644.068,179.619,NA,17.045,0.057,-90,-90
4240,47,58,594.697,618.182,59101.99,2,95,661.948,167.485,NA,17.879,0.06,-53.616,36.384
4241,47,59,604.924,614.015,59402,2,45,672.991,157.02,NA,11.043,0.037,-22.166,31.449
4242,47,60,627.652,610.227,59702.01,2,56,696.032,134.156,NA,23.041,0.077,-9.462,12.704
4243,47,61,647.727,601.515,60002.02,2,47,717.917,114.106,NA,21.885,0.073,-23.459,-13.997
4244,47,62,662.5,593.182,60302.03,2,97,734.878,100.075,NA,16.961,0.057,-29.427,-5.968
4245,47,63,678.788,592.045,60602.04,2,51,751.205,84.13,NA,16.327,0.054,-3.991,25.437
4246,47,64,685.606,597.348,60902.051,2,61,759.843,76.633,NA,8.638,0.029,37.875,41.866
4247,47,65,684.848,610.985,61202.061,2,60,773.5,77.051,NA,13.657,0.046,93.18,55.305
4248,47,66,682.955,622.348,61502.071,2,64,785.021,80.454,NA,11.52,0.038,99.462,6.282
4249,47,67,685.985,632.197,61802.081,2,57,795.325,80.139,NA,10.304,0.034,72.897,-26.565
4250,47,68,665.53,654.924,62102.091,2,24,825.901,107.909,NA,30.576,0.102,131.987,59.09
4251,47,69,665.152,671.97,62402.101,2,76,842.951,116.935,NA,17.05,0.057,91.273,-40.714
4252,47,70,657.197,684.47,62702.111,2,39,857.767,130.682,NA,14.816,0.049,122.471,31.198
4253,47,71,664.773,729.924,63002.121,2,32,903.849,157.306,NA,46.082,0.154,80.538,-41.934
4254,47,72,676.515,755.682,63302.131,2,33,932.157,172.192,NA,28.308,0.094,65.493,-15.045
4255,48,1,852.273,548.485,41701.404,2,100,0,0,NA,NA,NA,NA,NA
4256,48,2,852.273,534.848,42001.414,2,109,13.636,13.636,NA,13.636,0.045,-90,NA
4257,48,3,847.348,528.03,42301.424,2,67,22.047,21.039,NA,8.41,0.028,-125.838,-35.838
4258,48,4,847.348,527.652,42601.434,2,72,22.426,21.407,NA,0.379,0.001,-90,35.838
4259,48,5,847.348,525.758,42901.444,2,50,24.32,23.255,NA,1.894,0.006,-90,0
4260,48,6,842.045,503.788,43201.455,2,83,46.92,45.852,NA,22.601,0.075,-103.57,-13.57
4261,48,7,837.121,495.833,43501.465,2,115,56.276,54.788,NA,9.355,0.031,-121.759,-18.189
4262,48,8,837.121,495.833,43801.475,2,80,56.276,54.788,NA,0,0,0,121.759
4263,48,9,837.121,495.833,44101.485,2,148,56.276,54.788,NA,0,0,0,0
4264,48,10,829.167,495.833,44401.495,2,130,64.23,57.498,NA,7.955,0.027,180,180
4265,48,11,810.227,495.833,44701.505,2,66,83.17,67.38,NA,18.939,0.063,180,0
4266,48,12,809.47,495.833,45001.515,2,141,83.927,67.855,NA,0.758,0.003,180,0
4267,48,13,792.803,495.833,45301.525,2,66,100.594,79.428,NA,16.667,0.056,180,0
4268,48,14,800.379,491.288,45601.535,2,105,109.429,77.23,NA,8.835,0.029,-30.964,149.036
4269,48,15,810.606,486.364,45901.546,2,109,120.78,74.801,NA,11.351,0.038,-25.71,5.254
4270,48,16,810.606,468.561,46201.556,2,114,138.583,90.133,NA,17.803,0.059,-90,-64.29
4271,48,17,810.606,468.561,46501.566,2,117,138.583,90.133,NA,0,0,0,90
4272,48,18,804.167,468.561,46801.576,2,73,145.022,93.285,NA,6.439,0.021,180,180
4273,48,19,807.197,476.515,47101.586,2,130,153.534,84.92,NA,8.512,0.028,69.146,-110.854
4274,48,20,807.197,476.515,47401.596,2,154,153.534,84.92,NA,0,0,0,-69.146
4275,48,21,807.197,476.515,47701.606,2,158,153.534,84.92,NA,0,0,0,0
4276,48,22,807.197,476.515,48001.616,2,120,153.534,84.92,NA,0,0,0,0
4277,48,23,798.485,468.939,48301.626,2,152,165.079,96.024,NA,11.545,0.038,-138.991,-138.991
4278,48,24,798.485,465.909,48601.636,2,134,168.11,98.549,NA,3.03,0.01,-90,48.991
4279,48,25,798.485,460.985,48901.647,2,127,173.034,102.71,NA,4.924,0.016,-90,0
4280,48,26,798.485,460.985,49201.657,2,110,173.034,102.71,NA,0,0,0,90
4281,48,27,807.197,464.015,49501.667,2,182,182.258,95.744,NA,9.224,0.031,19.179,19.179
4282,48,28,813.258,465.909,49801.677,2,129,188.608,91.329,NA,6.35,0.021,17.354,-1.825
4283,48,29,813.258,465.909,50101.687,2,123,188.608,91.329,NA,0,0,0,-17.354
4284,48,30,810.606,457.576,50401.697,2,167,197.353,100.003,NA,8.745,0.029,-107.65,-107.65
4285,48,31,810.227,448.485,50701.707,2,119,206.451,108.48,NA,9.099,0.03,-92.386,15.264
4286,48,32,810.227,448.485,51001.717,2,107,206.451,108.48,NA,0,0,0,92.386
4287,48,33,810.227,432.197,51301.727,2,126,222.739,123.656,NA,16.288,0.054,-90,-90
4288,48,34,810.227,428.788,51601.737,2,181,226.148,126.867,NA,3.409,0.011,-90,0
4289,48,35,811.364,424.242,51901.748,2,77,230.834,130.804,NA,4.685,0.016,-75.964,14.036
4290,48,36,818.182,424.242,52201.758,2,101,237.652,128.835,NA,6.818,0.023,0,75.964
4291,48,37,814.394,428.788,52501.768,2,152,243.569,125.547,NA,5.917,0.02,129.806,129.806
4292,48,38,806.061,428.788,52801.778,2,131,251.902,128.308,NA,8.333,0.028,180,50.194
4293,48,39,795.076,425,53101.788,2,162,263.522,136.088,NA,11.62,0.039,-160.974,19.026
4294,48,40,747.348,415.53,53401.798,2,102,312.179,169.369,NA,48.658,0.162,-168.778,-7.803
4295,48,41,734.848,414.015,53701.808,2,101,324.771,178.523,NA,12.591,0.042,-173.089,-4.311
4296,48,42,736.364,402.652,54001.818,2,56,336.235,186.285,NA,11.464,0.038,-82.405,90.683
4297,48,43,746.97,393.182,54301.828,2,76,350.454,187.637,NA,14.218,0.047,-41.76,40.645
4298,48,44,755.303,389.015,54601.838,2,119,359.771,186.638,NA,9.317,0.031,-26.565,15.195
4299,48,45,755.303,389.394,54901.849,2,95,360.149,186.314,NA,0.379,0.001,90,116.565
4300,48,46,760.985,374.621,55201.859,2,102,375.977,196.372,NA,15.828,0.053,-68.962,-158.962
4301,48,47,765.53,373.485,55501.869,2,107,380.662,195.318,NA,4.685,0.016,-14.036,54.926
4302,48,48,765.53,373.485,55801.879,2,3,380.662,195.318,NA,0,0,0,14.036
4303,48,49,800,415.909,56101.889,2,135,435.325,142.509,NA,54.662,0.182,50.906,50.906
4304,48,50,784.848,443.182,56401.899,2,113,466.524,125.039,NA,31.199,0.104,119.055,68.148
4305,48,51,800,467.424,56701.909,2,82,495.111,96.453,NA,28.588,0.095,57.995,-61.06
4306,48,52,816.288,513.258,57001.919,2,133,543.753,50.357,NA,48.641,0.162,70.436,12.442
4307,48,53,786.364,534.091,57301.929,2,84,580.215,67.463,NA,36.462,0.122,145.154,74.718
4308,48,54,785.227,541.288,57601.939,2,96,587.501,67.431,NA,7.286,0.024,98.973,-46.182
4309,49,1,561.364,818.182,36901.242,2,76,0,0,NA,NA,NA,NA,NA
4310,49,2,538.636,815.909,37201.253,2,29,22.841,22.841,NA,22.841,0.076,-174.289,NA
4311,49,3,527.02,809.343,37501.263,2,123,36.184,35.462,NA,13.343,0.044,-150.524,23.765
4312,49,4,523.99,807.323,37801.273,2,79,39.826,38.919,NA,3.642,0.012,-146.31,4.214
4313,49,5,523.99,807.323,38101.283,2,112,39.826,38.919,NA,0,0,0,146.31
4314,49,6,513.384,810.354,38401.293,2,99,50.856,48.614,NA,11.03,0.037,164.055,164.055
4315,49,7,505.303,811.364,38701.303,2,48,59,56.474,NA,8.144,0.027,172.875,8.82
4316,49,8,505.303,811.364,39001.313,2,154,59,56.474,NA,0,0,0,-172.875
4317,49,9,505.303,803.283,39301.323,2,60,67.081,58.007,NA,8.081,0.027,-90,-90
4318,49,10,505.303,803.283,39601.333,2,124,67.081,58.007,NA,0,0,0,90
4319,49,11,505.808,790.657,39901.343,2,97,79.717,62,NA,12.636,0.042,-87.709,-87.709
4320,49,12,512.879,776.515,40201.354,2,98,95.528,63.929,NA,15.811,0.053,-63.435,24.274
4321,49,13,512.879,774.495,40501.364,2,75,97.548,65.263,NA,2.02,0.007,-90,-26.565
4322,49,14,512.879,774.495,40801.374,2,68,97.548,65.263,NA,0,0,0,90
4323,49,15,508.838,775.505,41101.384,2,47,101.713,67.677,NA,4.165,0.014,165.964,165.964
4324,49,16,508.838,772.98,41401.394,2,64,104.238,69.297,NA,2.525,0.008,-90,104.036
4325,49,17,514.899,762.374,41701.404,2,79,116.454,72.619,NA,12.216,0.041,-60.255,29.745
4326,49,18,527.525,753.788,42001.414,2,181,131.722,72.743,NA,15.269,0.051,-34.216,26.039
4327,49,19,527.525,754.293,42301.424,2,88,132.227,72.297,NA,0.505,0.002,90,124.216
4328,49,20,527.525,743.687,42601.434,2,78,142.834,81.82,NA,10.606,0.035,-90,-180
4329,49,21,539.141,743.687,42901.444,2,72,154.45,77.739,NA,11.616,0.039,0,90
4330,49,22,536.616,747.222,43201.455,2,119,158.794,75.151,NA,4.345,0.014,125.538,125.538
4331,49,23,536.616,747.222,43501.465,2,49,158.794,75.151,NA,0,0,0,-125.538
4332,49,24,526.515,747.222,43801.475,2,112,168.895,79.055,NA,10.101,0.034,180,180
4333,49,25,512.879,740.657,44101.485,2,70,184.03,91.438,NA,15.135,0.05,-154.29,25.71
4334,49,26,512.879,733.081,44401.495,2,126,191.606,97.944,NA,7.576,0.025,-90,64.29
4335,49,27,512.879,733.081,44701.505,2,90,191.606,97.944,NA,0,0,0,90
4336,49,28,500.253,717.929,45001.515,2,23,211.329,117.41,NA,19.723,0.066,-129.806,-129.806
4337,49,29,500.758,717.424,45301.525,2,51,212.043,117.581,NA,0.714,0.002,-45,84.806
4338,49,30,505.808,717.424,45601.535,2,132,217.093,115.059,NA,5.051,0.017,0,45
4339,49,31,505.808,726.515,45901.546,2,103,226.184,107.188,NA,9.091,0.03,90,90
4340,49,32,505.808,726.515,46201.556,2,102,226.184,107.188,NA,0,0,0,-90
4341,49,33,505.808,726.515,46501.566,2,113,226.184,107.188,NA,0,0,0,0
4342,49,34,497.727,731.061,46801.576,2,50,235.456,107.887,NA,9.271,0.031,150.642,150.642
4343,49,35,470.96,731.061,47101.586,2,37,262.223,125.551,NA,26.768,0.089,180,29.358
4344,49,36,463.384,724.495,47401.596,2,87,272.248,135.563,NA,10.025,0.033,-139.086,40.914
4345,49,37,461.869,724.495,47701.606,2,92,273.764,136.662,NA,1.515,0.005,180,-40.914
4346,49,38,461.869,724.495,48001.616,2,133,273.764,136.662,NA,0,0,0,-180
4347,49,39,461.364,721.97,48301.626,2,95,276.339,138.769,NA,2.575,0.009,-101.31,-101.31
4348,49,40,461.364,705.303,48601.636,2,85,293.005,150.803,NA,16.667,0.056,-90,11.31
4349,49,41,454.293,706.313,48901.647,2,71,300.148,154.851,NA,7.142,0.024,171.87,-98.13
4350,49,42,455.808,713.889,49201.657,2,140,307.874,148.388,NA,7.726,0.026,78.69,-93.18
4351,49,43,463.889,713.889,49501.667,2,79,315.955,142.753,NA,8.081,0.027,0,-78.69
4352,49,44,463.889,718.939,49801.677,2,100,321.005,139.106,NA,5.051,0.017,90,90
4353,49,45,463.889,731.566,50101.687,2,95,333.631,130.398,NA,12.626,0.042,90,0
4354,49,46,463.889,740.152,50401.697,2,129,342.217,124.86,NA,8.586,0.029,90,0
4355,49,47,464.394,747.222,50701.707,2,112,349.306,120.16,NA,7.089,0.024,85.914,-4.086
4356,49,48,464.394,758.333,51001.717,2,63,360.417,113.952,NA,11.111,0.037,90,4.086
4357,49,49,452.778,758.333,51301.727,2,89,372.033,123.987,NA,11.616,0.039,180,90
4358,49,50,446.212,771.465,51601.737,2,91,386.714,124.267,NA,14.681,0.049,116.565,-63.435
4359,49,51,446.212,764.394,51901.748,2,86,393.785,127.094,NA,7.071,0.024,-90,153.435
4360,49,52,446.212,763.889,52201.758,2,167,394.29,127.309,NA,0.505,0.002,-90,0
4361,49,53,445.707,776.515,52501.768,2,60,406.927,122.933,NA,12.636,0.042,92.291,-177.709
4362,49,54,445.707,782.576,52801.778,2,36,412.987,121.013,NA,6.061,0.02,90,-2.291
4363,49,55,451.768,784.596,53101.788,2,56,419.376,114.627,NA,6.388,0.021,18.435,-71.565
4364,49,56,466.919,789.646,53401.798,2,54,435.347,98.661,NA,15.971,0.053,18.435,0
4365,49,57,472.98,802.273,53701.808,2,73,449.352,89.804,NA,14.005,0.047,64.359,45.924
4366,49,58,476.01,806.818,54001.818,2,95,454.815,86.107,NA,5.463,0.018,56.31,-8.049
4367,49,59,485.101,799.747,54301.828,2,81,466.332,78.459,NA,11.517,0.038,-37.875,-94.185
4368,49,60,492.677,799.747,54601.838,2,88,473.908,71.118,NA,7.576,0.025,0,37.875
4369,49,61,496.212,813.384,54901.849,2,74,487.995,65.328,NA,14.087,0.047,75.466,75.466
4370,49,62,496.212,813.384,55201.859,2,83,487.995,65.328,NA,0,0,0,-75.466
4371,49,63,499.747,810.354,55501.869,2,131,492.651,62.111,NA,4.656,0.016,-40.601,-40.601
4372,49,64,499.747,813.889,55801.879,2,62,496.187,61.766,NA,3.535,0.012,90,130.601
4373,49,65,509.343,805.808,56101.889,2,92,508.732,53.472,NA,12.545,0.042,-40.101,-130.101
4374,49,66,512.879,804.798,56401.899,2,143,512.409,50.298,NA,3.677,0.012,-15.945,24.156
4375,49,67,512.879,804.798,56701.909,2,89,512.409,50.298,NA,0,0,0,15.945
4376,49,68,512.879,816.414,57001.919,2,91,524.025,48.517,NA,11.616,0.039,90,90
4377,49,69,501.768,816.414,57301.929,2,89,535.136,59.622,NA,11.111,0.037,180,90
4378,49,70,501.263,820.96,57601.939,2,110,539.709,60.165,NA,4.573,0.015,96.34,-83.66
4379,49,71,491.667,820.96,57901.95,2,102,549.305,69.752,NA,9.596,0.032,180,83.66
4380,49,72,491.667,829.04,58201.96,2,58,557.386,70.538,NA,8.081,0.027,90,-90
4381,49,73,502.778,829.04,58501.97,2,89,568.497,59.584,NA,11.111,0.037,0,-90
4382,49,74,506.313,829.04,58801.98,2,63,572.033,56.111,NA,3.535,0.012,0,0
4383,49,75,501.768,840.152,59101.99,2,38,584.038,63.517,NA,12.005,0.04,112.249,112.249
4384,49,76,483.081,848.737,59402,2,157,604.603,84.035,NA,20.565,0.069,155.323,43.074
4385,49,77,468.434,857.828,59702.01,2,52,621.841,101.033,NA,17.238,0.057,148.173,-7.151
4386,49,78,451.768,868.434,60002.02,2,70,641.596,120.568,NA,19.755,0.066,147.529,-0.644
4387,49,79,443.182,873.485,60302.03,2,105,651.557,130.481,NA,9.961,0.033,149.534,2.006
4388,49,80,430.556,886.616,60602.04,2,58,669.774,147.628,NA,18.217,0.061,133.877,-15.658
4389,49,81,426.01,891.162,60902.051,2,77,676.202,153.775,NA,6.428,0.021,135,1.123
4390,49,82,432.071,891.162,61202.061,2,79,682.263,148.468,NA,6.061,0.02,0,-135
4391,49,83,432.071,898.232,61502.071,2,143,689.334,152.068,NA,7.071,0.024,90,90
4392,49,84,427.525,898.232,61802.081,2,75,693.879,155.951,NA,4.545,0.015,180,90
4393,49,85,423.485,898.232,62102.091,2,106,697.92,159.432,NA,4.04,0.013,180,0
4394,49,86,422.475,891.667,62402.101,2,87,704.562,157.131,NA,6.643,0.022,-98.746,81.254
4395,49,87,422.475,881.566,62702.111,2,85,714.663,152.668,NA,10.101,0.034,-90,8.746
4396,49,88,405.303,881.061,63002.121,2,65,731.843,168.252,NA,17.179,0.057,-178.315,-88.315
4397,49,89,403.283,881.061,63302.131,2,127,733.863,170.127,NA,2.02,0.007,180,-1.685
4398,49,90,407.323,881.061,63602.141,2,83,737.903,166.38,NA,4.04,0.013,0,-180
4399,49,91,407.323,867.929,63902.152,2,51,751.035,161.874,NA,13.131,0.044,-90,-90
4400,49,92,420.96,867.929,64202.162,2,78,764.671,148.957,NA,13.636,0.045,0,90
4401,49,93,420.96,871.97,64502.172,2,92,768.711,150.354,NA,4.04,0.013,90,90
4402,49,94,410.859,871.97,64802.182,2,59,778.812,159.828,NA,10.101,0.034,180,90
4403,49,95,410.859,889.141,65102.192,2,84,795.984,166.394,NA,17.172,0.057,90,-90
4404,49,96,425.505,886.616,65402.202,2,62,810.847,152.121,NA,14.863,0.05,-9.782,-99.782
4405,49,97,442.677,897.727,65702.212,2,18,831.3,142.878,NA,20.453,0.068,32.905,42.688
4406,49,98,439.646,897.727,66002.222,2,60,834.33,145.405,NA,3.03,0.01,180,147.095
4407,49,99,439.646,900.758,66302.232,2,49,837.36,147.084,NA,3.03,0.01,90,-90
4408,49,100,443.182,897.222,66602.242,2,69,842.36,142.177,NA,5,0.017,-45,-135
4409,49,101,439.646,897.727,66902.253,2,116,845.931,145.405,NA,3.571,0.012,171.87,-143.13
4410,50,1,1004.545,911.364,32701.101,2,76,0,0,NA,NA,NA,NA,NA
4411,50,2,1004.545,918.182,33001.111,2,20,6.818,6.818,NA,6.818,0.023,90,NA
4412,50,3,1004.545,918.182,33301.121,2,27,6.818,6.818,NA,0,0,0,-90
4413,50,4,1004.545,918.182,33601.131,2,64,6.818,6.818,NA,0,0,0,0
4414,50,5,1004.545,918.182,33901.141,2,47,6.818,6.818,NA,0,0,0,0
4415,50,6,1011.364,913.889,34201.152,2,54,14.875,7.271,NA,8.057,0.027,-32.196,-32.196
4416,50,7,1013.889,913.889,34501.162,2,27,17.401,9.679,NA,2.525,0.008,0,32.196
4417,50,8,1013.889,913.889,34801.172,2,46,17.401,9.679,NA,0,0,0,0
4418,50,9,1020.455,916.919,35101.182,2,77,24.632,16.851,NA,7.231,0.024,24.775,24.775
4419,50,10,1020.455,931.061,35401.192,2,40,38.773,25.319,NA,14.141,0.047,90,65.225
4420,50,11,1020.455,931.061,35701.202,2,49,38.773,25.319,NA,0,0,0,-90
4421,50,12,1020.455,931.061,36001.212,2,115,38.773,25.319,NA,0,0,0,0
4422,50,13,1020.455,931.061,36301.222,2,121,38.773,25.319,NA,0,0,0,0
4423,50,14,1029.545,938.636,36601.232,2,95,50.607,36.997,NA,11.834,0.039,39.806,39.806
4424,50,15,1040.657,951.263,36901.242,2,65,67.426,53.814,NA,16.819,0.056,48.652,8.847
4425,50,16,1040.657,951.263,37201.253,2,69,67.426,53.814,NA,0,0,0,-48.652
4426,50,17,1049.242,962.879,37501.263,2,91,81.871,68.203,NA,14.445,0.048,53.531,53.531
4427,50,18,1049.242,962.879,37801.273,2,85,81.871,68.203,NA,0,0,0,-53.531
4428,50,19,1053.283,957.323,38101.283,2,91,88.74,66.99,NA,6.869,0.023,-53.973,-53.973
4429,50,20,1056.313,951.768,38401.293,2,116,95.068,65.669,NA,6.328,0.021,-61.39,-7.417
4430,50,21,1063.384,943.182,38701.303,2,85,106.191,66.891,NA,11.123,0.037,-50.528,10.862
4431,50,22,1063.384,943.182,39001.313,2,62,106.191,66.891,NA,0,0,0,50.528
4432,50,23,1063.384,933.081,39301.323,2,151,116.292,62.718,NA,10.101,0.034,-90,-90
4433,50,24,1064.394,932.576,39601.333,2,83,117.421,63.496,NA,1.129,0.004,-26.565,63.435
4434,50,25,1069.444,925.505,39901.343,2,76,126.111,66.422,NA,8.689,0.029,-54.462,-27.897
4435,50,26,1070.96,924.495,40201.354,2,79,127.932,67.7,NA,1.821,0.006,-33.69,20.772
4436,50,27,1070.96,909.848,40501.364,2,84,142.578,66.431,NA,14.646,0.049,-90,-56.31
4437,50,28,1070.96,909.848,40801.374,2,65,142.578,66.431,NA,0,0,0,90
4438,50,29,1084.091,900.758,41101.384,2,58,158.549,80.249,NA,15.971,0.053,-34.695,-34.695
4439,50,30,1091.162,900.758,41401.394,2,59,165.62,87.263,NA,7.071,0.024,0,34.695
4440,50,31,1095.707,898.232,41701.404,2,71,170.82,92.103,NA,5.2,0.017,-29.055,-29.055
4441,50,32,1107.323,894.697,42001.414,2,98,182.962,104.12,NA,12.142,0.04,-16.928,12.127
4442,50,33,1107.323,894.697,42301.424,2,88,182.962,104.12,NA,0,0,0,16.928
4443,50,34,1111.869,891.162,42601.434,2,49,188.72,109.208,NA,5.758,0.019,-37.875,-37.875
4444,50,35,1111.869,891.162,42901.444,2,55,188.72,109.208,NA,0,0,0,37.875
4445,50,36,1111.869,891.162,43201.455,2,75,188.72,109.208,NA,0,0,0,0
4446,50,37,1107.828,888.131,43501.465,2,66,193.771,105.864,NA,5.051,0.017,-143.13,-143.13
4447,50,38,1104.798,882.576,43801.475,2,75,200.099,104.304,NA,6.328,0.021,-118.61,24.52
4448,50,39,1104.798,882.576,44101.485,2,83,200.099,104.304,NA,0,0,0,118.61
4449,50,40,1104.798,882.576,44401.495,2,104,200.099,104.304,NA,0,0,0,0
4450,50,41,1104.798,882.576,44701.505,2,68,200.099,104.304,NA,0,0,0,0
4451,50,42,1104.798,882.576,45001.515,2,103,200.099,104.304,NA,0,0,0,0
4452,50,43,1104.798,882.576,45301.525,2,91,200.099,104.304,NA,0,0,0,0
4453,50,44,1104.798,883.081,45601.535,2,81,200.604,104.166,NA,0.505,0.002,90,90
4454,50,45,1108.838,887.626,45901.546,2,65,206.686,106.96,NA,6.082,0.02,48.366,-41.634
4455,50,46,1108.838,884.596,46201.556,2,86,209.716,107.673,NA,3.03,0.01,-90,-138.366
4456,50,47,1115.909,884.596,46501.566,2,85,216.787,114.535,NA,7.071,0.024,0,90
4457,50,48,1119.949,885.606,46801.576,2,63,220.951,118.244,NA,4.165,0.014,14.036,14.036
4458,50,49,1119.949,885.606,47101.586,2,51,220.951,118.244,NA,0,0,0,-14.036
4459,50,50,1119.949,885.606,47401.596,2,72,220.951,118.244,NA,0,0,0,0
4460,50,51,1119.949,885.606,47701.606,2,79,220.951,118.244,NA,0,0,0,0
4461,50,52,1119.949,889.646,48001.616,2,95,224.992,117.43,NA,4.04,0.013,90,90
4462,50,53,1119.949,902.778,48301.626,2,61,238.123,115.723,NA,13.131,0.044,90,0
4463,50,54,1109.343,915.404,48601.636,2,73,254.613,104.876,NA,16.49,0.055,130.03,40.03
4464,50,55,1109.343,922.98,48901.647,2,66,262.189,105.44,NA,7.576,0.025,90,-40.03
4465,50,56,1109.343,926.01,49201.657,2,54,265.219,105.817,NA,3.03,0.01,90,0
4466,50,57,1101.263,926.01,49501.667,2,50,273.3,97.82,NA,8.081,0.027,180,90
4467,50,58,1100.758,930.556,49801.677,2,71,277.873,98.108,NA,4.573,0.015,96.34,-83.66
4468,50,59,1100.758,930.556,50101.687,2,57,277.873,98.108,NA,0,0,0,-96.34
4469,50,60,1100.758,930.556,50401.697,2,62,277.873,98.108,NA,0,0,0,0
4470,50,61,1102.273,938.636,50701.707,2,62,286.095,101.461,NA,8.222,0.027,79.38,79.38
4471,50,62,1100.253,947.222,51001.717,2,81,294.915,102.204,NA,8.82,0.029,103.241,23.86
4472,50,63,1100.253,959.848,51301.727,2,87,307.541,107.288,NA,12.626,0.042,90,-13.241
4473,50,64,1093.687,954.293,51601.737,2,80,316.142,98.94,NA,8.601,0.029,-139.764,130.236
4474,50,65,1089.646,954.293,51901.748,2,135,320.183,95.316,NA,4.04,0.013,180,-40.236
4475,50,66,1092.677,953.788,52201.758,2,57,323.255,97.811,NA,3.072,0.01,-9.462,170.538
4476,50,67,1095.202,953.283,52501.768,2,63,325.83,99.879,NA,2.575,0.009,-11.31,-1.848
4477,50,68,1092.677,963.384,52801.778,2,80,336.242,102.339,NA,10.412,0.035,104.036,115.346
4478,50,69,1097.727,959.343,53101.788,2,73,342.71,104.809,NA,6.468,0.022,-38.66,-142.696
4479,50,70,1099.242,955.303,53401.798,2,119,347.025,104.394,NA,4.315,0.014,-69.444,-30.784
4480,50,71,1102.778,955.303,53701.808,2,76,350.56,107.612,NA,3.535,0.012,0,69.444
4481,50,72,1102.778,955.303,54001.818,2,59,350.56,107.612,NA,0,0,0,0
4482,50,73,1102.778,955.303,54301.828,2,61,350.56,107.612,NA,0,0,0,0
4483,50,74,1103.788,952.273,54601.838,2,87,353.754,107.343,NA,3.194,0.011,-71.565,-71.565
4484,50,75,1104.293,947.727,54901.849,2,81,358.328,106.169,NA,4.573,0.015,-83.66,-12.095
4485,50,76,1104.293,947.727,55201.859,2,92,358.328,106.169,NA,0,0,0,83.66
4486,50,77,1101.768,945.707,55501.869,2,48,361.562,103.11,NA,3.234,0.011,-141.34,-141.34
4487,50,78,1102.273,943.182,55801.879,2,73,364.137,102.777,NA,2.575,0.009,-78.69,62.65
4488,50,79,1116.919,943.182,56101.889,2,33,378.783,116.791,NA,14.646,0.049,0,78.69
4489,50,80,1127.525,942.172,56401.899,2,52,389.437,126.78,NA,10.654,0.036,-5.44,-5.44
4490,50,81,1127.525,942.172,56701.909,2,62,389.437,126.78,NA,0,0,0,5.44
4491,50,82,1127.525,942.172,57001.919,2,56,389.437,126.78,NA,0,0,0,0
4492,50,83,1127.02,942.172,57301.929,2,138,389.942,126.29,NA,0.505,0.002,180,180
4493,50,84,1117.424,940.152,57601.939,2,64,399.749,116.492,NA,9.806,0.033,-168.111,11.889
4494,50,85,1117.424,945.707,57901.95,2,69,405.304,117.988,NA,5.556,0.019,90,-101.889
4495,50,86,1117.424,954.798,58201.96,2,67,414.395,120.947,NA,9.091,0.03,90,0
4496,50,87,1118.939,955.808,58501.97,2,43,416.216,122.724,NA,1.821,0.006,33.69,-56.31
4497,50,88,1123.99,956.313,58801.98,2,53,421.292,127.622,NA,5.076,0.017,5.711,-27.979
4498,50,89,1123.99,956.313,59101.99,2,47,421.292,127.622,NA,0,0,0,-5.711
4499,50,90,1128.03,948.737,59402,2,88,429.878,129.017,NA,8.586,0.029,-61.928,-61.928
4500,50,91,1132.576,945.707,59702.01,2,84,435.341,132.557,NA,5.463,0.018,-33.69,28.237
4501,50,92,1127.02,938.636,60002.02,2,50,444.333,125.475,NA,8.992,0.03,-128.157,-94.467
4502,50,93,1127.02,938.636,60302.03,2,48,444.333,125.475,NA,0,0,0,128.157
4503,50,94,1134.596,938.131,60602.04,2,54,451.925,132.777,NA,7.593,0.025,-3.814,-3.814
4504,50,95,1140.657,933.586,60902.051,2,76,459.501,137.913,NA,7.576,0.025,-36.87,-33.056
4505,50,96,1145.202,931.061,61202.061,2,67,464.701,142.029,NA,5.2,0.017,-29.055,7.815
4506,50,97,1150.253,932.576,61502.071,2,92,469.974,147.243,NA,5.273,0.018,16.699,45.754
4507,50,98,1151.768,932.576,61802.081,2,60,471.489,148.743,NA,1.515,0.005,0,-16.699
4508,50,99,1151.768,945.707,62102.091,2,90,484.62,151.175,NA,13.131,0.044,90,90
4509,50,100,1154.293,942.677,62402.101,2,77,488.565,152.986,NA,3.945,0.013,-50.194,-140.194
4510,50,101,1154.293,942.677,62702.111,2,46,488.565,152.986,NA,0,0,0,50.194
4511,50,102,1154.293,942.677,63002.121,2,66,488.565,152.986,NA,0,0,0,0
4512,50,103,1154.293,942.677,63302.131,2,46,488.565,152.986,NA,0,0,0,0
4513,50,104,1154.293,942.677,63602.141,2,83,488.565,152.986,NA,0,0,0,0
4514,50,105,1154.293,942.677,63902.152,2,73,488.565,152.986,NA,0,0,0,0
4515,50,106,1154.293,942.677,64202.162,2,78,488.565,152.986,NA,0,0,0,0
4516,50,107,1149.242,942.677,64502.172,2,30,493.615,148.046,NA,5.051,0.017,180,180
4517,50,108,1149.242,950.253,64802.182,2,52,501.191,149.832,NA,7.576,0.025,90,-90
4518,50,109,1151.263,962.374,65102.192,2,44,513.48,155.332,NA,12.288,0.041,80.538,-9.462
4519,50,110,1151.263,978.535,65402.202,2,57,529.641,161.363,NA,16.162,0.054,90,9.462
4520,50,111,1151.263,978.535,65702.212,2,53,529.641,161.363,NA,0,0,0,-90
4521,50,112,1151.263,978.535,66002.222,2,46,529.641,161.363,NA,0,0,0,0
4522,50,113,1151.263,978.535,66302.232,2,86,529.641,161.363,NA,0,0,0,0
4523,50,114,1155.808,972.475,66602.242,2,36,537.217,163.141,NA,7.576,0.025,-53.13,-53.13
4524,50,115,1151.263,969.949,66902.253,2,57,542.417,157.982,NA,5.2,0.017,-150.945,-97.815
4525,50,116,1153.283,969.949,67202.263,2,115,544.437,159.86,NA,2.02,0.007,0,150.945
4526,50,117,1166.414,977.525,67502.273,2,98,559.597,174.868,NA,15.16,0.051,29.982,29.982
4527,50,118,1170.96,981.566,67802.283,2,74,565.679,180.616,NA,6.082,0.02,41.634,11.652
4528,50,119,1170.96,981.566,68102.293,2,92,565.679,180.616,NA,0,0,0,-41.634
4529,50,120,1170.96,981.566,68402.303,2,75,565.679,180.616,NA,0,0,0,0
4530,50,121,1176.01,988.636,68702.313,2,58,574.368,188.072,NA,8.689,0.029,54.462,54.462
4531,50,122,1180.051,993.182,69002.323,2,68,580.449,193.639,NA,6.082,0.02,48.366,-6.096
4532,50,123,1183.586,1001.263,69302.333,2,64,589.27,200.343,NA,8.82,0.029,66.371,18.004
4533,50,124,1192.172,1005.303,69602.344,2,53,598.759,209.829,NA,9.489,0.032,25.201,-41.169
4534,50,125,1203.788,1007.828,69902.354,2,63,610.646,221.366,NA,11.887,0.04,12.265,-12.936
4535,50,126,1203.788,1007.828,70202.364,2,100,610.646,221.366,NA,0,0,0,-12.265
4536,50,127,1203.788,1012.374,70502.374,2,33,615.192,223.384,NA,4.545,0.015,90,90
4537,50,128,1193.182,1012.374,70802.384,2,83,625.798,213.978,NA,10.606,0.035,180,90
4538,50,129,1193.182,1015.909,71102.394,2,64,629.333,215.67,NA,3.535,0.012,90,-90
4539,50,130,1185.101,1015.404,71402.404,2,50,637.43,208.386,NA,8.097,0.027,-176.424,93.576
4540,50,131,1185.101,1015.404,71702.414,2,112,637.43,208.386,NA,0,0,0,176.424
4541,50,133,1199.747,1013.384,72002.424,2,74,652.215,220.254,NA,14.785,0.049,-7.853,-7.853
