Nr,TID,PID,x [micron],y [micron],t [sec],c [idx],I [val],Len [micron],D2S [micron],D2R [micron],D2P [micron],v [micron/sec],α [deg],Δα [deg]
1,1,1,1125.758,656.061,3000.101,2,43,0,0,NA,NA,NA,NA,NA
2,1,2,1132.576,653.03,3300.111,2,88,7.461,7.461,NA,7.461,0.025,-23.962,NA
3,1,3,1140.152,653.03,3600.122,2,60,15.037,14.709,NA,7.576,0.025,0,23.962
4,1,4,1143.182,646.97,3900.132,2,75,21.813,19.653,NA,6.776,0.023,-63.435,-63.435
5,1,5,1143.182,646.97,4200.142,2,144,21.813,19.653,NA,0,0,0,63.435
6,1,6,1143.182,646.97,4500.152,2,141,21.813,19.653,NA,0,0,0,0
7,1,7,1147.727,646.97,4800.162,2,186,26.358,23.776,NA,4.545,0.015,0,0
8,1,8,1147.727,646.97,5100.172,2,170,26.358,23.776,NA,0,0,0,0
9,1,9,1146.212,654.545,5400.182,2,131,34.084,20.511,NA,7.726,0.026,101.31,101.31
10,1,10,1148.485,654.545,5700.193,2,89,36.357,22.778,NA,2.273,0.008,0,-101.31
11,1,11,1148.485,654.545,6000.203,2,126,36.357,22.778,NA,0,0,0,0
12,1,12,1153.03,658.333,6300.213,2,169,42.274,27.367,NA,5.917,0.02,39.806,39.806
13,1,13,1153.03,658.333,6600.223,2,119,42.274,27.367,NA,0,0,0,-39.806
14,1,14,1153.788,653.03,6900.233,2,129,47.631,28.194,NA,5.357,0.018,-81.87,-81.87
15,1,15,1156.061,653.03,7200.243,2,167,49.903,30.454,NA,2.273,0.008,0,81.87
16,1,16,1162.879,653.03,7500.253,2,217,56.722,37.245,NA,6.818,0.023,0,0
17,1,17,1162.879,653.03,7800.263,2,214,56.722,37.245,NA,0,0,0,0
18,1,18,1169.697,646.97,8100.274,2,216,65.844,44.87,NA,9.122,0.03,-41.634,-41.634
19,1,19,1169.697,645.455,8400.284,2,173,67.359,45.201,NA,1.515,0.005,-90,-48.366
20,1,20,1162.121,638.636,8700.294,2,189,77.551,40.323,NA,10.192,0.034,-138.013,-48.013
21,1,21,1158.333,631.818,9000.304,2,255,85.351,40.606,NA,7.8,0.026,-119.055,18.958
22,1,22,1160.606,624.242,9300.314,2,255,93.26,47.189,NA,7.909,0.026,-73.301,45.754
23,1,23,1167.424,625,9600.324,2,244,100.12,51.97,NA,6.86,0.023,6.34,79.641
24,1,24,1167.424,625,9900.334,2,255,100.12,51.97,NA,0,0,0,-6.34
25,1,25,1168.182,631.061,10200.344,2,255,106.228,49.242,NA,6.108,0.02,82.875,82.875
26,1,26,1168.182,631.061,10500.355,2,250,106.228,49.242,NA,0,0,0,-82.875
27,1,27,1169.697,638.636,10800.365,2,218,113.954,47.268,NA,7.726,0.026,78.69,78.69
28,1,28,1169.697,638.636,11100.375,2,255,113.954,47.268,NA,0,0,0,-78.69
29,1,29,1181.061,638.636,11400.385,2,154,125.318,57.983,NA,11.364,0.038,0,0
30,1,30,1181.061,638.636,11700.395,2,225,125.318,57.983,NA,0,0,0,0
31,1,31,1193.939,638.636,12000.405,2,158,138.196,70.373,NA,12.879,0.043,0,0
32,1,32,1203.788,640.152,12300.415,2,255,148.161,79.636,NA,9.964,0.033,8.746,8.746
33,1,33,1203.788,643.182,12600.426,2,208,151.191,79.086,NA,3.03,0.01,90,81.254
34,1,34,1203.788,643.182,12900.436,2,171,151.191,79.086,NA,0,0,0,-90
35,1,35,1213.636,643.182,13200.446,2,170,161.04,88.817,NA,9.848,0.033,0,0
36,1,36,1228.03,657.576,13500.456,2,204,181.396,102.284,NA,20.356,0.068,45,45
37,1,37,1229.545,658.333,13800.466,2,169,183.09,103.813,NA,1.694,0.006,26.565,-18.435
38,1,38,1253.788,687.879,14100.476,2,255,221.308,131.925,NA,38.218,0.127,50.631,24.066
39,1,39,1265.909,690.152,14400.486,2,255,233.64,144.238,NA,12.332,0.041,10.62,-40.011
40,1,40,1260.606,681.061,14700.496,2,200,244.165,137.146,NA,10.525,0.035,-120.256,-130.876
41,1,41,1258.333,681.061,15000.507,2,187,246.438,134.912,NA,2.273,0.008,180,-59.744
42,1,42,1258.333,681.061,15300.517,2,255,246.438,134.912,NA,0,0,0,-180
43,1,43,1266.667,681.061,15600.527,2,255,254.771,143.11,NA,8.333,0.028,0,0
44,1,44,1273.485,681.061,15900.537,2,255,261.589,149.828,NA,6.818,0.023,0,0
45,1,45,1278.788,684.848,16200.547,2,255,268.106,155.715,NA,6.517,0.022,35.538,35.538
46,1,46,1278.788,684.848,16500.557,2,255,268.106,155.715,NA,0,0,0,-35.538
47,1,47,1279.545,677.273,16800.567,2,210,275.72,155.244,NA,7.614,0.025,-84.289,-84.289
48,1,48,1279.545,677.273,17100.578,2,131,275.72,155.244,NA,0,0,0,84.289
49,1,49,1279.545,677.273,17400.588,2,255,275.72,155.244,NA,0,0,0,0
50,1,50,1259.091,677.273,17700.598,2,255,296.174,135.01,NA,20.455,0.068,180,180
51,1,51,1259.091,675.758,18000.608,2,255,297.689,134.78,NA,1.515,0.005,-90,90
52,1,52,1265.152,675.758,18300.618,2,255,303.75,140.779,NA,6.061,0.02,0,90
53,1,53,1265.152,671.97,18600.628,2,255,307.538,140.299,NA,3.788,0.013,-90,-90
54,1,54,1269.697,673.485,18900.638,2,255,312.329,144.99,NA,4.791,0.016,18.435,108.435
55,1,55,1267.424,676.515,19200.648,2,255,316.117,143.136,NA,3.788,0.013,126.87,108.435
56,1,56,1262.879,675,19500.659,2,255,320.908,138.423,NA,4.791,0.016,-161.565,71.565
57,1,57,1266.667,675,19800.669,2,2,324.696,142.176,NA,3.788,0.013,0,161.565
58,1,58,1311.364,674.242,20100.679,2,129,369.4,186.494,NA,44.703,0.149,-0.971,-0.971
59,1,59,1299.242,675,20400.689,2,198,381.544,174.516,NA,12.145,0.04,176.424,177.395
60,1,60,1299.242,675,20700.699,2,248,381.544,174.516,NA,0,0,0,-176.424
61,1,61,1297.727,673.485,21000.709,2,255,383.687,172.85,NA,2.143,0.007,-135,-135
62,1,62,1290.909,673.485,21300.719,2,236,390.505,166.068,NA,6.818,0.023,180,-45
63,1,63,1290.909,673.485,21600.729,2,255,390.505,166.068,NA,0,0,0,-180
64,1,64,1296.212,673.485,21900.74,2,255,395.808,171.343,NA,5.303,0.018,0,0
65,1,65,1295.455,673.485,22200.75,2,255,396.566,170.589,NA,0.758,0.003,180,180
66,1,66,1292.424,678.03,22500.76,2,255,402.029,168.108,NA,5.463,0.018,123.69,-56.31
67,1,67,1271.97,681.061,22800.77,2,255,422.707,148.334,NA,20.678,0.069,171.573,47.883
68,1,68,1271.97,687.121,23100.78,2,255,428.767,149.475,NA,6.061,0.02,90,-81.573
69,1,69,1271.212,687.879,23400.79,2,255,429.839,148.894,NA,1.071,0.004,135,45
70,1,70,1271.212,687.879,23700.8,2,255,429.839,148.894,NA,0,0,0,-135
71,1,71,1266.667,678.03,24000.811,2,255,440.686,142.611,NA,10.847,0.036,-114.775,-114.775
72,1,72,1268.182,671.97,24300.821,2,255,446.933,143.31,NA,6.247,0.021,-75.964,38.811
73,1,73,1264.394,662.121,24600.831,2,255,457.484,138.769,NA,10.552,0.035,-111.038,-35.074
74,1,74,1261.364,650.758,24900.841,2,255,469.245,135.71,NA,11.761,0.039,-104.931,6.106
75,1,75,1259.848,644.697,25200.851,2,255,475.492,134.572,NA,6.247,0.021,-104.036,0.895
76,1,76,1246.97,638.636,25500.861,2,228,489.726,122.458,NA,14.234,0.047,-154.799,-50.763
77,1,77,1237.121,635.606,25800.871,2,255,500.03,113.227,NA,10.304,0.034,-162.897,-8.098
78,1,78,1227.273,628.788,26100.881,2,210,512.008,105.115,NA,11.978,0.04,-145.305,17.592
79,1,79,1237.121,628.788,26400.892,2,228,521.857,114.655,NA,9.848,0.033,0,145.305
80,1,80,1237.121,640.152,26700.902,2,255,533.22,112.494,NA,11.364,0.038,90,90
81,1,81,1255.303,639.394,27000.912,2,255,551.418,130.613,NA,18.198,0.061,-2.386,-92.386
82,1,82,1259.091,626.515,27300.922,2,255,564.842,136.568,NA,13.424,0.045,-73.61,-71.225
83,1,83,1254.545,626.515,27600.932,2,255,569.388,132.133,NA,4.545,0.015,180,-106.39
84,1,84,1256.818,630.303,27900.942,2,255,573.805,133.568,NA,4.417,0.015,59.036,-120.964
85,1,85,1256.818,636.364,28200.952,2,255,579.866,132.532,NA,6.061,0.02,90,30.964
86,1,86,1260.606,636.364,28500.963,2,255,583.654,136.279,NA,3.788,0.013,0,-90
87,1,87,1260.606,645.455,28800.973,2,245,592.745,135.265,NA,9.091,0.03,90,90
88,1,88,1256.818,646.97,29100.983,2,225,596.824,131.376,NA,4.08,0.014,158.199,68.199
89,1,89,1252.273,651.515,29400.993,2,218,603.253,126.597,NA,6.428,0.021,135,-23.199
90,1,90,1253.788,651.515,29701.003,2,242,604.768,128.111,NA,1.515,0.005,0,-135
91,1,91,1254.545,652.273,30001.013,2,163,605.839,128.844,NA,1.071,0.004,45,45
92,1,92,1259.848,652.273,30301.023,2,255,611.142,134.144,NA,5.303,0.018,0,-45
93,1,93,1259.848,652.273,30601.033,2,211,611.142,134.144,NA,0,0,0,0
94,1,94,1262.121,652.273,30901.044,2,239,613.415,136.416,NA,2.273,0.008,0,0
95,1,95,1262.121,652.273,31201.054,2,255,613.415,136.416,NA,0,0,0,0
96,1,96,1265.152,648.485,31501.064,2,253,618.266,139.6,NA,4.851,0.016,-51.34,-51.34
97,1,97,1265.152,648.485,31801.074,2,255,618.266,139.6,NA,0,0,0,51.34
98,1,98,1273.485,647.727,32101.084,2,205,626.633,147.962,NA,8.368,0.028,-5.194,-5.194
99,1,99,1279.545,647.727,32401.094,2,184,632.694,154.013,NA,6.061,0.02,0,5.194
100,1,100,1279.545,652.273,32701.104,2,255,637.239,153.835,NA,4.545,0.015,90,90
101,1,101,1296.212,642.424,33001.115,2,238,656.598,170.999,NA,19.359,0.065,-30.579,-120.579
102,1,102,1309.848,642.424,33301.125,2,171,670.235,184.595,NA,13.636,0.045,0,30.579
103,1,103,1318.939,638.636,33601.135,2,133,680.083,193.966,NA,9.848,0.033,-22.62,-22.62
104,1,104,1329.545,639.394,33901.145,2,255,690.716,204.468,NA,10.633,0.035,4.086,26.705
105,1,105,1343.939,652.273,34201.155,2,255,710.031,218.215,NA,19.314,0.064,41.82,37.735
106,1,106,1345.455,659.091,34501.165,2,255,717.015,219.718,NA,6.985,0.023,77.471,35.651
107,1,107,1345.455,663.636,34801.175,2,255,721.561,219.828,NA,4.545,0.015,90,12.529
108,1,108,1347.727,670.455,35101.185,2,236,728.748,222.436,NA,7.187,0.024,71.565,-18.435
109,1,109,1359.091,674.242,35401.196,2,193,740.726,234.041,NA,11.978,0.04,18.435,-53.13
110,1,110,1359.091,674.242,35701.206,2,255,740.726,234.041,NA,0,0,0,-18.435
111,1,111,1371.97,680.303,36001.216,2,242,754.96,247.403,NA,14.234,0.047,25.201,25.201
112,1,112,1371.97,680.303,36301.226,2,242,754.96,247.403,NA,0,0,0,-25.201
113,1,113,1363.636,680.303,36601.236,2,255,763.293,239.111,NA,8.333,0.028,180,180
114,1,114,1356.818,680.303,36901.246,2,225,770.111,232.329,NA,6.818,0.023,180,0
115,1,115,1352.273,676.515,37201.256,2,104,776.028,227.437,NA,5.917,0.02,-140.194,39.806
116,1,116,1340.152,662.879,37501.266,2,255,794.273,214.502,NA,18.245,0.061,-131.634,8.561
117,1,117,1331.061,657.576,37801.277,2,255,804.797,205.309,NA,10.525,0.035,-149.744,-18.11
118,1,118,1330.303,657.576,38101.287,2,134,805.555,204.551,NA,0.758,0.003,180,-30.256
119,1,119,1325.758,639.394,38401.297,2,255,824.296,200.693,NA,18.741,0.062,-104.036,75.964
120,1,120,1325.758,616.667,38701.307,2,255,847.024,203.843,NA,22.727,0.076,-90,14.036
121,1,121,1325.758,605.303,39001.317,2,255,858.387,206.34,NA,11.364,0.038,-90,0
122,1,122,1325.758,605.303,39301.327,2,255,858.387,206.34,NA,0,0,0,90
123,1,123,1316.667,592.424,39601.337,2,207,874.151,201.236,NA,15.764,0.053,-125.218,-125.218
124,1,124,1316.667,589.394,39901.348,2,248,877.182,202.215,NA,3.03,0.01,-90,35.218
125,1,125,1324.242,584.848,40201.358,2,255,886.016,210.873,NA,8.835,0.029,-30.964,59.036
126,1,126,1333.333,571.97,40501.368,2,243,901.781,223.962,NA,15.764,0.053,-54.782,-23.819
127,1,127,1342.424,572.727,40801.378,2,232,910.903,232.14,NA,9.122,0.03,4.764,59.546
128,1,128,1343.939,572.727,41101.388,2,255,912.418,233.555,NA,1.515,0.005,0,-4.764
129,1,129,1345.455,559.848,41401.398,2,255,925.386,239.841,NA,12.968,0.043,-83.29,-83.29
130,1,130,1345.455,537.121,41701.408,2,46,948.113,249.827,NA,22.727,0.076,-90,-6.71
131,1,131,1338.636,553.03,42001.418,2,194,965.422,236.501,NA,17.309,0.058,113.199,-156.801
132,1,132,1331.818,556.061,42301.429,2,210,972.883,229.044,NA,7.461,0.025,156.038,42.839
133,1,133,1324.242,558.333,42601.439,2,235,980.792,221.239,NA,7.909,0.026,163.301,7.263
134,1,134,1319.697,558.333,42901.449,2,201,985.338,217.171,NA,4.545,0.015,180,16.699
135,1,135,1319.697,558.333,43201.459,2,255,985.338,217.171,NA,0,0,0,-180
136,1,136,1319.697,558.333,43501.469,2,255,985.338,217.171,NA,0,0,0,0
137,1,137,1321.212,558.333,43801.479,2,254,986.853,218.525,NA,1.515,0.005,0,0
138,1,138,1321.97,558.333,44101.489,2,255,987.61,219.203,NA,0.758,0.003,0,0
139,1,139,1321.97,558.333,44401.5,2,255,987.61,219.203,NA,0,0,0,0
140,1,140,1321.97,558.333,44701.51,2,255,987.61,219.203,NA,0,0,0,0
141,1,141,1306.818,558.333,45001.52,2,187,1002.762,205.751,NA,15.152,0.051,180,180
142,1,142,1306.818,558.333,45301.53,2,223,1002.762,205.751,NA,0,0,0,-180
143,1,143,1315.909,560.606,45601.54,2,252,1012.133,212.766,NA,9.371,0.031,14.036,14.036
144,1,144,1316.667,545.455,45901.55,2,242,1027.303,220.635,NA,15.17,0.051,-87.138,-101.174
145,1,145,1319.697,544.697,46201.56,2,234,1030.427,223.639,NA,3.124,0.01,-14.036,73.101
146,1,146,1319.697,535.606,46501.57,2,233,1039.518,228.302,NA,9.091,0.03,-90,-75.964
147,1,147,1319.697,535.606,46801.581,2,232,1039.518,228.302,NA,0,0,0,90
148,1,148,1319.697,532.576,47101.591,2,255,1042.548,229.915,NA,3.03,0.01,-90,-90
149,1,149,1321.97,550,47401.601,2,242,1060.12,223.043,NA,17.572,0.059,82.569,172.569
150,1,150,1328.788,546.212,47701.611,2,255,1067.919,230.842,NA,7.8,0.026,-29.055,-111.623
151,1,151,1337.121,543.182,48001.621,2,255,1076.787,239.617,NA,8.867,0.03,-19.983,9.071
152,1,152,1350.758,539.394,48301.631,2,255,1090.939,253.448,NA,14.153,0.047,-15.524,4.459
153,1,153,1351.515,523.485,48601.641,2,44,1106.866,261.807,NA,15.927,0.053,-87.274,-71.75
154,1,154,1359.091,523.485,48901.651,2,120,1114.442,268.367,NA,7.576,0.025,0,87.274
155,1,155,1354.545,520.455,49201.662,2,255,1119.905,265.957,NA,5.463,0.018,-146.31,-146.31
156,1,156,1353.03,515.909,49501.672,2,192,1124.696,267.012,NA,4.791,0.016,-108.435,37.875
157,1,157,1352.273,520.455,49801.682,2,199,1129.305,264.004,NA,4.608,0.015,99.462,-152.103
158,1,158,1360.606,511.364,50101.692,2,191,1141.637,275.846,NA,12.332,0.041,-47.49,-146.952
159,1,159,1367.424,497.727,50401.702,2,255,1156.883,288.916,NA,15.246,0.051,-63.435,-15.945
160,1,160,1369.697,497.727,50701.712,2,243,1159.156,290.819,NA,2.273,0.008,0,63.435
161,1,161,1381.061,497.727,51001.722,2,249,1170.519,300.415,NA,11.364,0.038,0,0
162,1,162,1403.03,490.152,51301.733,2,237,1193.759,323.119,NA,23.239,0.077,-19.026,-19.026
163,1,163,1411.364,481.061,51601.743,2,194,1206.091,334.956,NA,12.332,0.041,-47.49,-28.464
164,1,164,1425,462.879,51901.753,2,86,1228.818,356.181,NA,22.727,0.076,-53.13,-5.641
165,1,165,1437.121,449.242,52201.763,2,154,1247.063,373.793,NA,18.245,0.061,-48.366,4.764
166,1,166,1443.939,442.424,52501.773,2,136,1256.705,383.249,NA,9.642,0.032,-45,3.366
167,1,167,1461.364,424.242,52801.783,2,74,1281.888,407.886,NA,25.183,0.084,-46.219,-1.219
168,1,168,1473.485,411.364,53101.793,2,166,1299.574,425.195,NA,17.686,0.059,-46.736,-0.517
169,1,169,1487.879,407.576,53401.803,2,153,1314.458,439.177,NA,14.884,0.05,-14.744,31.992
170,2,1,1071.465,637.121,18000.608,2,58,0,0,NA,NA,NA,NA,NA
171,2,2,1072.475,637.121,18300.618,2,62,1.01,1.01,NA,1.01,0.003,0,NA
172,2,3,1077.02,635.101,18600.628,2,114,5.984,5.911,NA,4.974,0.017,-23.962,-23.962
173,2,4,1077.02,634.091,18900.638,2,95,6.994,6.328,NA,1.01,0.003,-90,-66.038
174,2,5,1077.02,627.525,19200.648,2,124,13.56,11.088,NA,6.566,0.022,-90,0
175,2,6,1077.02,627.525,19500.659,2,95,13.56,11.088,NA,0,0,0,90
176,2,7,1084.091,627.525,19800.669,2,145,20.631,15.859,NA,7.071,0.024,0,0
177,2,8,1091.162,627.525,20100.679,2,235,27.701,21.91,NA,7.071,0.024,0,0
178,2,9,1091.162,632.071,20400.689,2,110,32.247,20.334,NA,4.545,0.015,90,90
179,2,10,1091.162,634.091,20700.699,2,94,34.267,19.929,NA,2.02,0.007,90,0
180,2,11,1091.667,633.081,21000.709,2,193,35.396,20.602,NA,1.129,0.004,-63.435,-153.435
181,2,12,1091.667,624.495,21300.719,2,166,43.982,23.823,NA,8.586,0.029,-90,-26.565
182,2,13,1091.667,624.495,21600.729,2,155,43.982,23.823,NA,0,0,0,90
183,2,14,1091.667,624.495,21900.74,2,144,43.982,23.823,NA,0,0,0,0
184,2,15,1091.667,624.495,22200.75,2,105,43.982,23.823,NA,0,0,0,0
185,2,16,1091.667,624.495,22500.76,2,107,43.982,23.823,NA,0,0,0,0
186,2,17,1091.667,624.495,22800.77,2,127,43.982,23.823,NA,0,0,0,0
187,2,18,1091.667,624.495,23100.78,2,137,43.982,23.823,NA,0,0,0,0
188,2,19,1091.667,624.495,23400.79,2,134,43.982,23.823,NA,0,0,0,0
189,2,20,1083.081,626.01,23700.8,2,170,52.701,16.075,NA,8.719,0.029,169.992,169.992
190,2,21,1083.081,626.01,24000.811,2,99,52.701,16.075,NA,0,0,0,-169.992
191,2,22,1083.081,626.01,24300.821,2,61,52.701,16.075,NA,0,0,0,0
192,2,23,1083.081,626.01,24600.831,2,110,52.701,16.075,NA,0,0,0,0
193,2,24,1085.606,626.01,24900.841,2,152,55.226,17.984,NA,2.525,0.008,0,0
194,2,25,1085.606,626.01,25200.851,2,95,55.226,17.984,NA,0,0,0,0
195,2,26,1085.606,618.939,25500.861,2,149,62.297,23.034,NA,7.071,0.024,-90,-90
196,2,27,1085.606,618.939,25800.871,2,211,62.297,23.034,NA,0,0,0,90
197,2,28,1089.141,618.939,26100.881,2,152,65.832,25.358,NA,3.535,0.012,0,0
198,2,29,1088.636,625.505,26400.892,2,65,72.417,20.732,NA,6.585,0.022,94.399,94.399
199,2,30,1092.172,625.505,26700.902,2,152,75.953,23.743,NA,3.535,0.012,0,-94.399
200,2,31,1092.172,619.949,27000.912,2,176,81.508,26.901,NA,5.556,0.019,-90,-90
201,2,32,1093.687,619.949,27300.922,2,162,83.023,28.084,NA,1.515,0.005,0,90
202,2,33,1094.192,618.939,27600.932,2,247,84.153,29.105,NA,1.129,0.004,-63.435,-63.435
203,2,34,1094.192,618.939,27900.942,2,133,84.153,29.105,NA,0,0,0,63.435
204,2,35,1101.263,618.939,28200.952,2,255,91.223,34.907,NA,7.071,0.024,0,0
205,2,36,1101.263,612.374,28500.963,2,255,97.789,38.734,NA,6.566,0.022,-90,-90
206,2,37,1102.778,611.869,28800.973,2,138,99.386,40.227,NA,1.597,0.005,-18.435,71.565
207,2,38,1108.838,612.374,29100.983,2,145,105.468,44.824,NA,6.082,0.02,4.764,23.199
208,2,39,1114.899,608.838,29400.993,2,109,112.484,51.831,NA,7.016,0.023,-30.256,-35.02
209,2,40,1130.556,603.283,29701.003,2,180,129.097,68.094,NA,16.613,0.055,-19.537,10.72
210,2,41,1143.687,593.687,30001.013,2,174,145.361,84.277,NA,16.264,0.054,-36.158,-16.622
211,2,42,1152.778,586.616,30301.023,2,255,156.878,95.721,NA,11.517,0.038,-37.875,-1.717
212,2,43,1157.828,577.02,30601.033,2,148,167.722,105.218,NA,10.844,0.036,-62.241,-24.366
213,2,44,1157.828,577.02,30901.044,2,170,167.722,105.218,NA,0,0,0,62.241
214,2,45,1163.889,567.929,31201.054,2,48,178.648,115.455,NA,10.926,0.036,-56.31,-56.31
215,2,46,1182.576,547.727,31501.064,2,217,206.167,142.608,NA,27.519,0.092,-47.231,9.079
216,2,47,1183.586,547.727,31801.074,2,255,207.177,143.396,NA,1.01,0.003,0,47.231
217,2,48,1174.495,551.263,32101.084,2,242,216.931,134.115,NA,9.754,0.033,158.749,158.749
218,2,49,1175,549.747,32401.094,2,152,218.528,135.476,NA,1.597,0.005,-71.565,129.685
219,2,50,1178.535,547.727,32701.104,2,255,222.6,139.483,NA,4.072,0.014,-29.745,41.82
220,2,51,1177.02,544.697,33001.115,2,217,225.988,140.3,NA,3.388,0.011,-116.565,-86.82
221,2,52,1185.606,538.636,33301.125,2,191,236.498,150.757,NA,10.509,0.035,-35.218,81.347
222,2,53,1197.222,538.636,33601.135,2,255,248.114,159.732,NA,11.616,0.039,0,35.218
223,2,54,1199.242,529.545,33901.145,2,235,257.427,167.032,NA,9.313,0.031,-77.471,-77.471
224,2,55,1198.232,529.545,34201.155,2,229,258.437,166.261,NA,1.01,0.003,180,-102.529
225,2,56,1198.232,520.96,34501.165,2,255,267.023,171.941,NA,8.586,0.029,-90,90
226,2,57,1201.263,509.848,34801.175,2,224,278.539,181.785,NA,11.517,0.038,-74.745,15.255
227,2,58,1225.505,487.121,35101.185,2,255,311.769,215.008,NA,33.23,0.111,-43.152,31.592
228,2,59,1225,484.091,35401.196,2,255,314.841,216.775,NA,3.072,0.01,-99.462,-56.31
229,2,60,1225,479.04,35701.206,2,191,319.892,220.369,NA,5.051,0.017,-90,9.462
230,2,61,1225,474.495,36001.216,2,255,324.437,223.652,NA,4.545,0.015,-90,0
231,2,62,1225,466.414,36301.226,2,255,332.518,229.595,NA,8.081,0.027,-90,0
232,2,63,1225,466.414,36601.236,2,255,332.518,229.595,NA,0,0,0,90
233,2,64,1225,455.303,36901.246,2,255,343.629,237.973,NA,11.111,0.037,-90,-90
234,2,65,1227.02,449.242,37201.256,2,229,350.018,243.918,NA,6.388,0.021,-71.565,18.435
235,2,66,1228.535,439.646,37501.266,2,98,359.733,252.324,NA,9.715,0.032,-81.027,-9.462
236,2,67,1228.535,439.646,37801.277,2,243,359.733,252.324,NA,0,0,0,81.027
237,2,68,1232.576,429.04,38101.287,2,255,371.082,263.162,NA,11.35,0.038,-69.146,-69.146
238,2,69,1242.172,428.535,38401.297,2,185,380.691,269.535,NA,9.609,0.032,-3.013,66.133
239,2,70,1252.778,414.899,38701.307,2,110,397.967,286.805,NA,17.275,0.058,-52.125,-49.112
240,2,71,1265.404,412.879,39001.317,2,249,410.754,296.475,NA,12.787,0.043,-9.09,43.035
241,2,72,1265.909,411.869,39301.327,2,202,411.883,297.569,NA,1.129,0.004,-63.435,-54.345
242,2,73,1270.455,403.788,39601.337,2,255,421.154,306.662,NA,9.271,0.031,-60.642,2.793
243,2,74,1282.071,386.616,39901.348,2,255,441.886,327.273,NA,20.732,0.069,-55.923,4.719
244,2,75,1283.586,382.071,40201.358,2,255,446.677,331.732,NA,4.791,0.016,-71.565,-15.642
245,2,76,1283.586,382.071,40501.368,2,255,446.677,331.732,NA,0,0,0,71.565
246,2,77,1271.97,382.071,40801.378,2,231,458.294,324.427,NA,11.616,0.039,180,180
247,2,78,1261.364,366.414,41101.388,2,176,477.204,330.672,NA,18.911,0.063,-124.114,55.886
248,2,79,1253.788,352.778,41401.398,2,136,492.804,337.776,NA,15.599,0.052,-119.055,5.06
249,2,80,1243.687,335.606,41701.408,2,180,512.726,347.235,NA,19.922,0.066,-120.466,-1.411
250,2,81,1249.747,329.545,42001.418,2,230,521.297,355.51,NA,8.571,0.029,-45,75.466
251,2,82,1249.747,326.515,42301.429,2,141,524.327,358.135,NA,3.03,0.01,-90,-45
252,2,83,1249.747,326.515,42601.439,2,255,524.327,358.135,NA,0,0,0,90
253,2,84,1242.677,310.354,42901.449,2,228,541.968,368.905,NA,17.641,0.059,-113.629,-113.629
254,2,85,1233.081,309.848,43201.459,2,255,551.577,365.003,NA,9.609,0.032,-176.987,-63.358
255,2,86,1233.586,305.808,43501.469,2,141,555.649,368.852,NA,4.072,0.014,-82.875,94.112
256,2,87,1245.707,308.838,43801.479,2,202,568.143,371.658,NA,12.494,0.042,14.036,96.911
257,2,88,1245.707,308.838,44101.489,2,161,568.143,371.658,NA,0,0,0,-14.036
258,2,89,1235.101,309.848,44401.5,2,255,578.798,365.902,NA,10.654,0.036,174.56,174.56
259,2,90,1244.697,309.848,44701.51,2,254,588.393,370.293,NA,9.596,0.032,0,-174.56
260,2,91,1246.212,300.758,45001.52,2,255,597.61,379.048,NA,9.216,0.031,-80.538,-80.538
261,2,92,1262.879,292.172,45301.53,2,209,616.358,394.499,NA,18.748,0.062,-27.255,53.282
262,2,93,1274.495,289.646,45601.54,2,232,628.245,402.443,NA,11.887,0.04,-12.265,14.991
263,2,94,1286.111,310.354,45901.55,2,54,651.988,390.961,NA,23.743,0.079,60.709,72.973
264,2,95,1286.111,310.354,46201.56,2,234,651.988,390.961,NA,0,0,0,-60.709
265,2,96,1305.808,310.354,46501.57,2,224,671.685,402.112,NA,19.697,0.066,0,0
266,2,97,1311.869,317.424,46801.581,2,255,680.998,400,NA,9.313,0.031,49.399,49.399
267,2,98,1322.475,322.98,47101.591,2,255,692.971,402.108,NA,11.973,0.04,27.646,-21.753
268,2,99,1317.929,302.273,47401.601,2,173,714.171,415.774,NA,21.2,0.071,-102.381,-130.027
269,2,100,1310.354,280.556,47701.611,2,178,737.172,429.193,NA,23.001,0.077,-109.231,-6.85
270,2,101,1318.434,275,48001.621,2,245,746.978,438.322,NA,9.806,0.033,-34.509,74.722
271,2,102,1312.879,280.556,48301.631,2,235,754.835,430.604,NA,7.857,0.026,135,169.509
272,2,103,1301.263,272.98,48601.641,2,249,768.703,430.588,NA,13.868,0.046,-146.889,78.111
273,2,104,1293.182,258.333,48901.651,2,157,785.431,438.906,NA,16.728,0.056,-118.887,28.002
274,2,105,1293.687,249.242,49201.662,2,229,794.535,447.026,NA,9.105,0.03,-86.82,32.066
275,2,106,1305.808,243.687,49501.672,2,225,807.869,457.938,NA,13.334,0.044,-24.624,62.197
276,2,107,1305.808,243.687,49801.682,2,154,807.869,457.938,NA,0,0,0,24.624
277,2,108,1305.808,256.818,50101.692,2,255,821.001,446.707,NA,13.131,0.044,90,90
278,2,109,1314.899,263.384,50401.702,2,255,832.214,446.027,NA,11.214,0.037,35.838,-54.162
279,2,110,1318.434,270.96,50701.712,2,255,840.575,441.665,NA,8.36,0.028,64.983,29.145
280,2,111,1318.434,270.96,51001.722,2,235,840.575,441.665,NA,0,0,0,-64.983
281,2,112,1326.01,277.02,51301.733,2,253,850.276,440.983,NA,9.702,0.032,38.66,38.66
282,2,113,1337.626,277.02,51601.743,2,109,861.892,447.789,NA,11.616,0.039,0,-38.66
283,2,114,1326.01,274.495,51901.753,2,253,873.78,443.048,NA,11.887,0.04,-167.735,-167.735
284,2,115,1326.01,273.485,52201.763,2,216,874.79,443.875,NA,1.01,0.003,-90,77.735
285,2,116,1326.01,273.485,52501.773,2,131,874.79,443.875,NA,0,0,0,90
286,2,117,1310.859,272.98,52801.783,2,255,889.95,435.785,NA,15.16,0.051,-178.091,-178.091
287,2,118,1310.859,272.98,53101.793,2,255,889.95,435.785,NA,0,0,0,178.091
288,2,119,1316.414,261.364,53401.803,2,254,902.826,448.547,NA,12.876,0.043,-64.44,-64.44
289,2,120,1321.97,255.303,53701.814,2,201,911.048,456.66,NA,8.222,0.027,-47.49,16.95
290,2,121,1321.97,255.303,54001.824,2,253,911.048,456.66,NA,0,0,0,47.49
291,2,122,1327.02,255.303,54301.834,2,148,916.098,459.449,NA,5.051,0.017,0,0
292,2,123,1322.475,252.273,54601.844,2,255,921.561,459.472,NA,5.463,0.018,-146.31,-146.31
293,2,124,1322.475,252.273,54901.854,2,218,921.561,459.472,NA,0,0,0,146.31
294,2,125,1322.475,252.273,55201.864,2,183,921.561,459.472,NA,0,0,0,0
295,2,126,1322.475,243.182,55501.874,2,255,930.652,467.113,NA,9.091,0.03,-90,-90
296,2,127,1328.03,236.616,55801.885,2,183,939.253,475.637,NA,8.601,0.029,-49.764,40.236
297,2,128,1344.192,240.657,56101.895,2,90,955.912,481.211,NA,16.659,0.056,14.036,63.8
298,2,129,1339.646,227.525,56401.905,2,126,969.808,489.582,NA,13.896,0.046,-109.093,-123.13
299,2,130,1339.646,224.495,56701.915,2,231,972.838,492.12,NA,3.03,0.01,-90,19.093
300,2,131,1344.192,222.475,57001.925,2,241,977.812,496.298,NA,4.974,0.017,-23.962,66.038
301,2,132,1344.192,212.879,57301.935,2,165,987.408,504.343,NA,9.596,0.032,-90,-66.038
302,2,133,1346.717,189.141,57601.945,2,139,1011.279,525.785,NA,23.871,0.08,-83.928,6.072
303,2,134,1352.273,178.03,57901.955,2,63,1023.702,538.161,NA,12.423,0.041,-63.435,20.493
304,2,135,1352.778,169.949,58201.966,2,38,1031.799,545.332,NA,8.097,0.027,-86.424,-22.989
305,3,1,1060.985,638.636,14100.476,2,103,0,0,NA,NA,NA,NA,NA
306,3,2,1061.742,637.5,14400.486,2,110,1.366,1.366,NA,1.366,0.005,-56.31,NA
307,3,3,1062.121,635.606,14700.496,2,116,3.297,3.236,NA,1.931,0.006,-78.69,-22.38
308,3,4,1062.121,631.061,15000.507,2,143,7.843,7.661,NA,4.545,0.015,-90,-11.31
309,3,5,1062.121,631.061,15300.517,2,78,7.843,7.661,NA,0,0,0,90
310,3,6,1063.258,626.515,15600.527,2,134,12.528,12.332,NA,4.685,0.016,-75.964,-75.964
311,3,7,1065.909,626.515,15900.537,2,129,15.18,13.083,NA,2.652,0.009,0,75.964
312,3,8,1068.939,621.97,16200.547,2,135,20.642,18.468,NA,5.463,0.018,-56.31,-56.31
313,3,9,1068.939,622.348,16500.557,2,135,21.021,18.126,NA,0.379,0.001,90,146.31
314,3,10,1070.076,618.561,16800.567,2,217,24.976,22.038,NA,3.955,0.013,-73.301,-163.301
315,3,11,1070.076,618.561,17100.578,2,255,24.976,22.038,NA,0,0,0,73.301
316,3,12,1070.076,618.561,17400.588,2,199,24.976,22.038,NA,0,0,0,0
317,3,13,1070.076,618.561,17700.598,2,136,24.976,22.038,NA,0,0,0,0
318,3,14,1073.106,618.182,18000.608,2,149,28.03,23.776,NA,3.054,0.01,-7.125,-7.125
319,3,15,1073.106,615.152,18300.618,2,214,31.06,26.428,NA,3.03,0.01,-90,-82.875
320,3,16,1073.485,615.152,18600.628,2,173,31.439,26.604,NA,0.379,0.001,0,90
321,3,17,1073.485,612.121,18900.638,2,141,34.469,29.314,NA,3.03,0.01,-90,-90
322,3,18,1073.485,612.121,19200.648,2,159,34.469,29.314,NA,0,0,0,90
323,3,19,1073.485,603.03,19500.659,2,125,43.56,37.736,NA,9.091,0.03,-90,-90
324,3,20,1075,603.03,19800.669,2,190,45.075,38.265,NA,1.515,0.005,0,90
325,3,21,1078.788,602.652,20100.679,2,136,48.882,40.148,NA,3.807,0.013,-5.711,-5.711
326,3,22,1083.712,602.652,20400.689,2,233,53.806,42.561,NA,4.924,0.016,0,5.711
327,3,23,1083.712,602.652,20700.699,2,230,53.806,42.561,NA,0,0,0,0
328,3,24,1084.47,598.864,21000.709,2,255,57.669,46.189,NA,3.863,0.013,-78.69,-78.69
329,3,25,1084.47,598.864,21300.719,2,253,57.669,46.189,NA,0,0,0,78.69
330,3,26,1087.5,598.864,21600.729,2,250,60.699,47.801,NA,3.03,0.01,0,0
331,3,27,1087.5,596.212,21900.74,2,203,63.351,50.029,NA,2.652,0.009,-90,-90
332,3,28,1087.5,596.212,22200.75,2,251,63.351,50.029,NA,0,0,0,90
333,3,29,1092.803,595.833,22500.76,2,233,68.668,53.334,NA,5.317,0.018,-4.086,-4.086
334,3,30,1092.803,595.833,22800.77,2,255,68.668,53.334,NA,0,0,0,4.086
335,3,31,1092.803,595.833,23100.78,2,255,68.668,53.334,NA,0,0,0,0
336,3,32,1092.803,595.833,23400.79,2,255,68.668,53.334,NA,0,0,0,0
337,3,33,1092.803,595.833,23700.8,2,211,68.668,53.334,NA,0,0,0,0
338,3,34,1092.803,595.833,24000.811,2,255,68.668,53.334,NA,0,0,0,0
339,3,35,1095.455,587.879,24300.821,2,255,77.052,61.355,NA,8.385,0.028,-71.565,-71.565
340,3,36,1099.621,584.848,24600.831,2,255,82.204,66.226,NA,5.152,0.017,-36.027,35.538
341,3,37,1099.621,582.197,24900.841,2,202,84.856,68.397,NA,2.652,0.009,-90,-53.973
342,3,38,1103.788,579.545,25200.851,2,255,89.795,72.965,NA,4.939,0.016,-32.471,57.529
343,3,39,1103.788,579.924,25500.861,2,255,90.174,72.658,NA,0.379,0.001,90,122.471
344,3,40,1103.788,569.697,25800.871,2,255,100.401,81.146,NA,10.227,0.034,-90,-180
345,3,41,1103.788,569.697,26100.881,2,255,100.401,81.146,NA,0,0,0,90
346,3,42,1104.924,567.424,26400.892,2,205,102.942,83.677,NA,2.541,0.008,-63.435,-63.435
347,3,43,1104.924,560.606,26700.902,2,255,109.76,89.551,NA,6.818,0.023,-90,-26.565
348,3,44,1104.924,560.606,27000.912,2,240,109.76,89.551,NA,0,0,0,90
349,3,45,1106.439,556.439,27300.922,2,159,114.194,93.928,NA,4.434,0.015,-70.017,-70.017
350,3,46,1106.439,550.379,27600.932,2,255,120.254,99.275,NA,6.061,0.02,-90,-19.983
351,3,47,1111.742,545.455,27900.942,2,232,127.491,106.109,NA,7.237,0.024,-42.879,47.121
352,3,48,1115.152,540.152,28200.952,2,248,133.795,112.398,NA,6.304,0.021,-57.265,-14.386
353,3,49,1118.561,540.152,28500.963,2,255,137.204,114.08,NA,3.409,0.011,0,57.265
354,3,50,1123.485,540.152,28800.973,2,188,142.129,116.643,NA,4.924,0.016,0,0
355,3,51,1129.924,540.152,29100.983,2,177,148.568,120.216,NA,6.439,0.021,0,0
356,3,52,1129.924,540.152,29400.993,2,187,148.568,120.216,NA,0,0,0,0
357,3,53,1137.121,532.197,29701.003,2,255,159.295,130.867,NA,10.727,0.036,-47.862,-47.862
358,3,54,1137.121,532.197,30001.013,2,255,159.295,130.867,NA,0,0,0,47.862
359,3,55,1130.682,530.682,30301.023,2,255,165.91,128.498,NA,6.615,0.022,-166.759,-166.759
360,3,56,1129.545,518.561,30601.033,2,255,178.085,138.271,NA,12.174,0.041,-95.356,71.404
361,3,57,1128.409,517.045,30901.044,2,236,179.979,139.034,NA,1.894,0.006,-126.87,-31.514
362,3,58,1128.409,516.667,31201.054,2,137,180.357,139.365,NA,0.379,0.001,-90,36.87
363,3,59,1131.439,512.5,31501.064,2,247,185.509,144.479,NA,5.152,0.017,-53.973,36.027
364,3,60,1131.439,512.5,31801.074,2,244,185.509,144.479,NA,0,0,0,53.973
365,3,61,1136.364,510.606,32101.084,2,164,190.785,148.572,NA,5.276,0.018,-21.038,-21.038
366,3,62,1152.273,510.606,32401.094,2,155,206.694,157.243,NA,15.909,0.053,0,21.038
367,3,63,1161.742,507.197,32701.104,2,144,216.759,165.615,NA,10.065,0.034,-19.799,-19.799
368,3,64,1165.53,504.167,33001.115,2,114,221.61,170.329,NA,4.851,0.016,-38.66,-18.861
369,3,65,1165.53,496.212,33301.125,2,255,229.564,176.676,NA,7.955,0.027,-90,-51.34
370,3,66,1165.53,495.076,33601.135,2,255,230.701,177.593,NA,1.136,0.004,-90,0
371,3,67,1172.348,477.652,33901.145,2,253,249.412,195.75,NA,18.711,0.062,-68.629,21.371
372,3,68,1172.348,477.652,34201.155,2,213,249.412,195.75,NA,0,0,0,68.629
373,3,69,1173.106,467.803,34501.165,2,255,259.289,204.341,NA,9.878,0.033,-85.601,-85.601
374,3,70,1181.061,467.045,34801.175,2,249,267.28,209.432,NA,7.991,0.027,-5.44,80.161
375,3,71,1187.879,464.394,35101.185,2,255,274.595,215.552,NA,7.316,0.024,-21.251,-15.81
376,3,72,1187.879,466.667,35401.196,2,228,276.868,213.719,NA,2.273,0.008,90,111.251
377,3,73,1195.455,466.667,35701.206,2,227,284.444,218.302,NA,7.576,0.025,0,-90
378,3,74,1195.455,466.667,36001.216,2,210,284.444,218.302,NA,0,0,0,0
379,3,75,1199.242,462.121,36301.226,2,255,290.361,224.216,NA,5.917,0.02,-50.194,-50.194
380,3,76,1198.106,462.121,36601.236,2,255,291.497,223.517,NA,1.136,0.004,180,-129.806
381,3,77,1191.288,462.121,36901.246,2,255,298.315,219.4,NA,6.818,0.023,180,0
382,3,78,1191.288,458.333,37201.256,2,255,302.103,222.459,NA,3.788,0.013,-90,90
383,3,79,1193.939,457.576,37501.266,2,255,304.861,224.633,NA,2.758,0.009,-15.945,74.055
384,3,80,1195.455,451.894,37801.277,2,255,310.741,230.119,NA,5.88,0.02,-75.069,-59.123
385,3,81,1195.455,451.894,38101.287,2,255,310.741,230.119,NA,0,0,0,75.069
386,3,82,1197.348,451.894,38401.297,2,255,312.635,231.231,NA,1.894,0.006,0,0
387,3,83,1204.545,451.894,38701.307,2,255,319.832,235.547,NA,7.197,0.024,0,0
388,3,84,1204.545,451.894,39001.317,2,255,319.832,235.547,NA,0,0,0,0
389,3,85,1204.545,439.394,39301.327,2,222,332.332,245.575,NA,12.5,0.042,-90,-90
390,3,86,1198.864,443.939,39601.337,2,220,339.608,238.574,NA,7.276,0.024,141.34,-128.66
391,3,87,1192.424,458.333,39901.348,2,255,355.377,223.127,NA,15.769,0.053,114.102,-27.238
392,3,88,1186.364,458.712,40201.358,2,231,361.449,219.3,NA,6.072,0.02,176.424,62.321
393,3,89,1186.364,458.712,40501.368,2,255,361.449,219.3,NA,0,0,0,-176.424
394,3,90,1186.364,467.803,40801.378,2,255,370.54,211.905,NA,9.091,0.03,90,90
395,3,91,1184.848,467.803,41101.388,2,255,372.055,211.012,NA,1.515,0.005,180,90
396,3,92,1184.848,468.182,41401.398,2,255,372.434,210.706,NA,0.379,0.001,90,-90
397,3,93,1184.848,468.182,41701.408,2,216,372.434,210.706,NA,0,0,0,-90
398,3,94,1198.864,450.758,42001.418,2,255,394.796,233.043,NA,22.361,0.075,-51.189,-51.189
399,3,95,1195.455,450.379,42301.429,2,255,398.226,231.35,NA,3.43,0.011,-173.66,-122.471
400,3,96,1191.288,450.379,42601.439,2,255,402.392,228.954,NA,4.167,0.014,180,-6.34
401,3,97,1197.348,446.97,42901.449,2,255,409.346,235.226,NA,6.954,0.023,-29.358,150.642
402,3,98,1201.515,448.106,43201.459,2,255,413.665,236.75,NA,4.319,0.014,15.255,44.613
403,3,99,1204.167,441.288,43501.469,2,255,420.98,243.818,NA,7.316,0.024,-68.749,-84.005
404,3,100,1216.288,428.788,43801.479,2,235,438.392,261.066,NA,17.412,0.058,-45.881,22.868
405,3,101,1216.288,428.788,44101.489,2,255,438.392,261.066,NA,0,0,0,45.881
406,3,102,1216.288,428.788,44401.5,2,255,438.392,261.066,NA,0,0,0,0
407,3,103,1216.288,437.879,44701.51,2,255,447.483,253.816,NA,9.091,0.03,90,90
408,3,104,1208.712,434.091,45001.52,2,255,455.953,252.314,NA,8.47,0.028,-153.435,116.565
409,3,105,1207.197,426.515,45301.53,2,255,463.679,257.63,NA,7.726,0.026,-101.31,52.125
410,3,106,1207.197,426.515,45601.54,2,255,463.679,257.63,NA,0,0,0,101.31
411,3,107,1210.227,425.758,45901.55,2,246,466.802,259.982,NA,3.124,0.01,-14.036,-14.036
412,3,108,1220.833,427.652,46201.56,2,188,477.576,264.7,NA,10.774,0.036,10.125,24.161
413,3,109,1233.333,425.379,46501.57,2,190,490.281,274.195,NA,12.705,0.042,-10.305,-20.43
414,3,110,1237.5,421.591,46801.581,2,255,495.912,279.761,NA,5.631,0.019,-42.274,-31.969
415,3,111,1237.5,412.879,47101.591,2,255,504.624,286.573,NA,8.712,0.029,-90,-47.726
416,3,112,1232.576,412.879,47401.601,2,255,509.549,283.566,NA,4.924,0.016,180,-90
417,3,113,1228.409,402.273,47701.611,2,255,520.944,289.653,NA,11.395,0.038,-111.448,68.552
418,3,114,1220.455,401.894,48001.621,2,207,528.907,285.443,NA,7.964,0.027,-177.274,-65.826
419,3,115,1214.394,409.47,48301.631,2,91,538.609,275.775,NA,9.702,0.032,128.66,-54.067
420,3,116,1214.394,409.47,48601.641,2,255,538.609,275.775,NA,0,0,0,-128.66
421,3,117,1211.364,399.242,48901.651,2,255,549.276,282.707,NA,10.667,0.036,-106.504,-106.504
422,3,118,1221.97,390.909,49201.662,2,240,562.764,295.44,NA,13.488,0.045,-38.157,68.347
423,3,119,1217.045,389.015,49501.672,2,255,568.04,294.39,NA,5.276,0.018,-158.962,-120.805
424,3,120,1217.045,389.015,49801.682,2,255,568.04,294.39,NA,0,0,0,158.962
425,3,121,1217.045,379.167,50101.692,2,255,577.888,302.786,NA,9.848,0.033,-90,-90
426,3,122,1222.727,377.273,50401.702,2,255,583.878,307.362,NA,5.989,0.02,-18.435,71.565
427,3,123,1229.924,369.318,50701.712,2,255,594.605,317.919,NA,10.727,0.036,-47.862,-29.427
428,3,124,1243.182,357.955,51001.722,2,255,612.066,334.631,NA,17.461,0.058,-40.601,7.261
429,3,125,1250.379,354.924,51301.733,2,194,619.875,341.12,NA,7.809,0.026,-22.834,17.768
430,3,126,1252.652,370.833,51601.743,2,255,635.946,329.324,NA,16.071,0.054,81.87,104.704
431,3,127,1263.636,363.636,51901.753,2,233,649.078,341.603,NA,13.133,0.044,-33.232,-115.102
432,3,128,1274.242,359.47,52201.763,2,229,660.473,351.302,NA,11.395,0.038,-21.448,11.784
433,3,129,1284.848,357.576,52501.773,2,255,671.247,359.319,NA,10.774,0.036,-10.125,11.323
434,3,130,1293.182,357.576,52801.783,2,255,679.58,364.569,NA,8.333,0.028,0,10.125
435,3,131,1293.939,349.621,53101.793,2,255,687.571,371.211,NA,7.991,0.027,-84.56,-84.56
436,3,132,1289.773,365.909,53401.803,2,255,704.383,355.983,NA,16.812,0.056,104.349,-171.091
437,3,133,1286.364,367.045,53701.814,2,255,707.977,352.927,NA,3.593,0.012,161.565,57.216
438,3,134,1284.47,370.833,54001.824,2,255,712.212,348.804,NA,4.235,0.014,116.565,-45
439,3,135,1291.288,370.833,54301.834,2,255,719.03,353.211,NA,6.818,0.023,0,-116.565
440,3,136,1282.576,376.894,54601.844,2,174,729.643,342.946,NA,10.613,0.035,145.176,145.176
441,3,137,1287.879,386.742,54901.854,2,255,740.828,339.015,NA,11.185,0.037,61.699,-83.476
442,3,138,1288.258,392.424,55201.864,2,255,746.523,335.072,NA,5.694,0.019,86.186,24.487
443,3,139,1295.833,392.424,55501.874,2,195,754.098,340.256,NA,7.576,0.025,0,-86.186
444,3,140,1294.318,399.621,55801.885,2,255,761.453,334.025,NA,7.355,0.025,101.889,101.889
445,3,141,1294.318,399.621,56101.895,2,253,761.453,334.025,NA,0,0,0,-101.889
446,3,142,1313.636,395.455,56401.905,2,242,781.216,350.671,NA,19.762,0.066,-12.171,-12.171
447,3,143,1316.288,373.485,56701.915,2,255,803.345,368.083,NA,22.129,0.074,-83.118,-70.947
448,3,144,1310.606,365.909,57001.925,2,195,812.814,369.717,NA,9.47,0.032,-126.87,-43.752
449,3,145,1316.288,367.424,57301.935,2,255,818.695,372.472,NA,5.88,0.02,14.931,141.801
450,3,146,1316.288,367.424,57601.945,2,255,818.695,372.472,NA,0,0,0,-14.931
451,3,147,1316.288,357.576,57901.955,2,240,828.543,379.703,NA,9.848,0.033,-90,-90
452,3,148,1316.288,347.348,58201.966,2,189,838.771,387.335,NA,10.227,0.034,-90,0
453,3,149,1321.591,334.848,58501.976,2,213,852.349,400.253,NA,13.578,0.045,-67.011,22.989
454,3,150,1329.924,328.409,58801.986,2,255,862.88,410.572,NA,10.531,0.035,-37.694,29.317
455,3,151,1335.227,318.561,59101.996,2,255,874.066,421.494,NA,11.185,0.037,-61.699,-24.005
456,3,152,1334.47,297.727,59402.006,2,91,894.913,437.05,NA,20.847,0.069,-92.083,-30.383
457,3,153,1334.47,297.727,59702.016,2,63,894.913,437.05,NA,0,0,0,92.083
458,3,154,1325.379,287.5,60002.026,2,195,908.597,439.546,NA,13.684,0.046,-131.634,-131.634
459,3,155,1321.591,268.561,60302.036,2,252,927.911,452.627,NA,19.314,0.064,-101.31,30.324
460,3,156,1323.864,250,60602.047,2,158,946.61,469.195,NA,18.699,0.062,-83.019,18.291
461,3,157,1333.712,244.318,60902.057,2,121,957.98,479.444,NA,11.37,0.038,-29.982,53.037
462,3,158,1337.5,251.136,61202.067,2,150,965.78,476.043,NA,7.8,0.026,60.945,90.927
463,3,159,1347.348,251.136,61502.077,2,216,975.628,481.83,NA,9.848,0.033,0,-60.945
464,3,160,1351.136,239.773,61802.087,2,145,987.607,493.234,NA,11.978,0.04,-71.565,-71.565
465,3,161,1363.636,239.015,62102.097,2,83,1000.13,501.293,NA,12.523,0.042,-3.468,68.097
466,3,162,1376.515,237.5,62402.107,2,134,1013.097,510.362,NA,12.968,0.043,-6.71,-3.242
467,3,163,1392.424,227.652,62702.118,2,59,1031.808,527.978,NA,18.711,0.062,-31.759,-25.05
468,3,164,1401.136,225.758,63002.128,2,152,1040.724,534.95,NA,8.916,0.03,-12.265,19.495
469,3,165,1400.758,219.318,63302.138,2,206,1047.174,539.697,NA,6.451,0.022,-93.366,-81.102
470,3,166,1396.97,204.924,63602.148,2,54,1062.058,548.627,NA,14.884,0.05,-104.744,-11.377
471,3,167,1392.803,193.182,63902.158,2,214,1074.518,555.458,NA,12.46,0.042,-109.537,-4.793
472,4,1,1106.818,861.869,7800.263,2,126,0,0,NA,NA,NA,NA,NA
473,4,2,1106.818,861.869,8100.274,2,72,0,0,NA,0,0,0,NA
474,4,3,1109.848,860.859,8400.284,2,120,3.194,3.194,NA,3.194,0.011,-18.435,-18.435
475,4,4,1109.848,860.859,8700.294,2,183,3.194,3.194,NA,0,0,0,18.435
476,4,5,1110.354,860.859,9000.304,2,140,3.699,3.677,NA,0.505,0.002,0,0
477,4,6,1110.354,857.323,9300.314,2,133,7.235,5.758,NA,3.535,0.012,-90,-90
478,4,7,1113.384,854.798,9600.324,2,196,11.179,9.649,NA,3.945,0.013,-39.806,50.194
479,4,8,1119.949,849.747,9900.334,2,170,19.463,17.871,NA,8.283,0.028,-37.569,2.237
480,4,9,1125,849.747,10200.344,2,103,24.513,21.852,NA,5.051,0.017,0,37.569
481,4,10,1125,849.747,10500.355,2,207,24.513,21.852,NA,0,0,0,0
482,4,11,1130.556,849.747,10800.365,2,145,30.069,26.653,NA,5.556,0.019,0,0
483,4,12,1132.071,848.232,11100.375,2,169,32.211,28.699,NA,2.143,0.007,-45,-45
484,4,13,1136.111,846.212,11400.385,2,236,36.729,33.215,NA,4.517,0.015,-26.565,18.435
485,4,14,1136.111,846.212,11700.395,2,141,36.729,33.215,NA,0,0,0,26.565
486,4,15,1133.081,846.212,12000.405,2,214,39.759,30.575,NA,3.03,0.01,180,180
487,4,16,1133.081,843.687,12300.415,2,242,42.284,31.942,NA,2.525,0.008,-90,90
488,4,17,1133.081,843.687,12600.426,2,131,42.284,31.942,NA,0,0,0,90
489,4,18,1129.545,843.687,12900.436,2,116,45.82,29.105,NA,3.535,0.012,180,180
490,4,19,1127.525,845.202,13200.446,2,153,48.345,26.581,NA,2.525,0.008,143.13,-36.87
491,4,20,1127.525,843.687,13500.456,2,135,49.86,27.557,NA,1.515,0.005,-90,126.87
492,4,21,1130.051,843.687,13800.466,2,121,52.385,29.501,NA,2.525,0.008,0,90
493,4,22,1128.03,850.253,14100.476,2,122,59.255,24.184,NA,6.869,0.023,107.103,107.103
494,4,23,1128.03,850.253,14400.486,2,98,59.255,24.184,NA,0,0,0,-107.103
495,4,24,1128.03,850.253,14700.496,2,161,59.255,24.184,NA,0,0,0,0
496,4,25,1128.03,850.253,15000.507,2,128,59.255,24.184,NA,0,0,0,0
497,4,26,1135.101,850.253,15300.517,2,143,66.325,30.575,NA,7.071,0.024,0,0
498,4,27,1139.646,850.253,15600.527,2,137,70.871,34.823,NA,4.545,0.015,0,0
499,4,28,1140.152,848.737,15900.537,2,120,72.468,35.827,NA,1.597,0.005,-71.565,-71.565
500,4,29,1140.152,849.242,16200.547,2,220,72.973,35.645,NA,0.505,0.002,90,161.565
501,4,30,1141.667,841.667,16500.557,2,92,80.699,40.281,NA,7.726,0.026,-78.69,-168.69
502,4,31,1147.727,841.667,16800.567,2,166,86.759,45.625,NA,6.061,0.02,0,78.69
503,4,32,1152.778,838.131,17100.578,2,195,92.924,51.728,NA,6.165,0.021,-34.992,-34.992
504,4,33,1152.273,838.131,17400.588,2,191,93.429,51.279,NA,0.505,0.002,180,-145.008
505,4,34,1152.273,830.051,17700.598,2,157,101.51,55.484,NA,8.081,0.027,-90,90
506,4,35,1159.343,830.051,18000.608,2,186,108.581,61.411,NA,7.071,0.024,0,90
507,4,36,1161.364,832.071,18300.618,2,147,111.438,62.154,NA,2.857,0.01,45,45
508,4,37,1161.364,832.071,18600.628,2,107,111.438,62.154,NA,0,0,0,-45
509,4,38,1173.99,835.606,18900.638,2,135,124.55,72.123,NA,13.112,0.044,15.642,15.642
510,4,39,1173.99,838.131,19200.648,2,169,127.075,71.243,NA,2.525,0.008,90,74.358
511,4,40,1173.99,845.202,19500.659,2,98,134.146,69.209,NA,7.071,0.024,90,0
512,4,41,1173.99,845.202,19800.669,2,134,134.146,69.209,NA,0,0,0,-90
513,4,42,1164.394,847.222,20100.679,2,159,143.952,59.409,NA,9.806,0.033,168.111,168.111
514,4,43,1164.394,841.162,20400.689,2,124,150.013,61.186,NA,6.061,0.02,-90,101.889
515,4,44,1162.879,841.162,20700.699,2,139,151.528,59.763,NA,1.515,0.005,180,-90
516,4,45,1162.879,841.162,21000.709,2,79,151.528,59.763,NA,0,0,0,-180
517,4,46,1162.879,841.162,21300.719,2,126,151.528,59.763,NA,0,0,0,0
518,4,47,1162.879,841.162,21600.729,2,136,151.528,59.763,NA,0,0,0,0
519,4,48,1162.879,849.242,21900.74,2,143,159.609,57.465,NA,8.081,0.027,90,90
520,4,49,1164.899,850.253,22200.75,2,109,161.867,59.231,NA,2.259,0.008,26.565,-63.435
521,4,50,1165.909,847.727,22500.76,2,241,164.587,60.759,NA,2.72,0.009,-68.199,-94.764
522,4,51,1161.364,847.727,22800.77,2,104,169.133,56.349,NA,4.545,0.015,180,-111.801
523,4,52,1161.364,847.727,23100.78,2,110,169.133,56.349,NA,0,0,0,-180
524,4,53,1164.394,846.717,23400.79,2,145,172.327,59.536,NA,3.194,0.011,-18.435,-18.435
525,4,54,1164.899,846.717,23700.8,2,141,172.832,60.025,NA,0.505,0.002,0,18.435
526,4,55,1164.899,842.677,24000.811,2,165,176.872,61.17,NA,4.04,0.013,-90,-90
527,4,56,1167.424,842.677,24300.821,2,226,179.397,63.572,NA,2.525,0.008,0,90
528,4,57,1164.394,842.677,24600.831,2,110,182.428,60.69,NA,3.03,0.01,180,180
529,4,58,1164.394,842.677,24900.841,2,162,182.428,60.69,NA,0,0,0,-180
530,4,59,1168.939,840.657,25200.851,2,148,187.402,65.643,NA,4.974,0.017,-23.962,-23.962
531,4,60,1168.939,837.626,25500.861,2,111,190.432,66.684,NA,3.03,0.01,-90,-66.038
532,4,61,1171.465,837.626,25800.871,2,82,192.958,69.042,NA,2.525,0.008,0,90
533,4,62,1171.465,837.626,26100.881,2,173,192.958,69.042,NA,0,0,0,0
534,4,63,1171.465,833.586,26400.892,2,76,196.998,70.563,NA,4.04,0.013,-90,-90
535,4,64,1171.465,832.071,26700.902,2,158,198.513,71.183,NA,1.515,0.005,-90,0
536,4,65,1171.465,844.697,27000.912,2,195,211.139,66.888,NA,12.626,0.042,90,180
537,4,66,1172.98,844.697,27300.922,2,239,212.654,68.354,NA,1.515,0.005,0,-90
538,4,67,1173.485,843.687,27600.932,2,100,213.784,69.102,NA,1.129,0.004,-63.435,-63.435
539,4,68,1176.515,843.687,27900.942,2,120,216.814,72.029,NA,3.03,0.01,0,63.435
540,4,69,1176.515,838.131,28200.952,2,110,222.37,73.628,NA,5.556,0.019,-90,-90
541,4,70,1176.515,838.131,28500.963,2,76,222.37,73.628,NA,0,0,0,90
542,4,71,1171.97,838.131,28800.973,2,94,226.915,69.341,NA,4.545,0.015,180,180
543,4,72,1172.475,835.101,29100.983,2,134,229.987,70.903,NA,3.072,0.01,-80.538,99.462
544,4,73,1175.505,829.545,29400.993,2,127,236.315,75.912,NA,6.328,0.021,-61.39,19.148
545,4,74,1180.556,828.03,29701.003,2,87,241.588,81.131,NA,5.273,0.018,-16.699,44.69
546,4,75,1181.061,827.525,30001.013,2,88,242.303,81.801,NA,0.714,0.002,-45,-28.301
547,4,76,1185.101,820.455,30301.023,2,90,250.446,88.563,NA,8.144,0.027,-60.255,-15.255
548,4,77,1197.727,811.869,30601.033,2,121,265.715,103.752,NA,15.269,0.051,-34.216,26.039
549,4,78,1197.727,802.273,30901.044,2,134,275.311,108.702,NA,9.596,0.032,-90,-55.784
550,4,79,1197.727,800.253,31201.054,2,94,277.331,109.823,NA,2.02,0.007,-90,0
551,4,80,1197.727,800.253,31501.064,2,79,277.331,109.823,NA,0,0,0,90
552,4,81,1206.313,800.253,31801.074,2,141,285.917,117.029,NA,8.586,0.029,0,0
553,4,82,1206.313,802.778,32101.084,2,201,288.442,115.719,NA,2.525,0.008,90,90
554,4,83,1206.313,806.313,32401.094,2,146,291.978,113.955,NA,3.535,0.012,90,0
555,4,84,1212.374,806.313,32701.104,2,178,298.038,119.283,NA,6.061,0.02,0,-90
556,4,85,1212.374,806.313,33001.115,2,95,298.038,119.283,NA,0,0,0,0
557,4,86,1212.374,806.313,33301.125,2,145,298.038,119.283,NA,0,0,0,0
558,4,87,1212.374,806.313,33601.135,2,102,298.038,119.283,NA,0,0,0,0
559,4,88,1217.929,811.869,33901.145,2,92,305.895,121.843,NA,7.857,0.026,45,45
560,4,89,1217.929,811.869,34201.155,2,107,305.895,121.843,NA,0,0,0,-45
561,4,90,1221.465,811.869,34501.165,2,136,309.431,125.075,NA,3.535,0.012,0,0
562,4,91,1221.465,818.434,34801.175,2,129,315.996,122.598,NA,6.566,0.022,90,90
563,4,92,1221.465,813.384,35101.185,2,175,321.047,124.477,NA,5.051,0.017,-90,-180
564,4,93,1227.02,813.384,35401.196,2,107,326.602,129.612,NA,5.556,0.019,0,90
565,4,94,1228.535,813.384,35701.206,2,168,328.117,131.019,NA,1.515,0.005,0,0
566,4,95,1228.03,813.384,36001.216,2,126,328.622,130.549,NA,0.505,0.002,180,180
567,4,96,1217.929,813.384,36301.226,2,234,338.723,121.229,NA,10.101,0.034,180,0
568,4,97,1217.929,808.333,36601.236,2,220,343.774,123.336,NA,5.051,0.017,-90,90
569,4,98,1220.455,808.333,36901.246,2,118,346.299,125.616,NA,2.525,0.008,0,90
570,4,99,1220.455,808.333,37201.256,2,126,346.299,125.616,NA,0,0,0,0
571,4,100,1220.455,806.818,37501.266,2,142,347.814,126.269,NA,1.515,0.005,-90,-90
572,4,101,1226.01,797.727,37801.277,2,173,358.468,135.354,NA,10.654,0.036,-58.57,31.43
573,4,102,1225.505,796.717,38101.287,2,156,359.598,135.393,NA,1.129,0.004,-116.565,-57.995
574,4,103,1225.505,796.717,38401.297,2,149,359.598,135.393,NA,0,0,0,116.565
575,4,104,1225.505,796.717,38701.307,2,210,359.598,135.393,NA,0,0,0,0
576,4,105,1218.939,795.202,39001.317,2,125,366.336,130.444,NA,6.738,0.022,-167.005,-167.005
577,4,106,1218.939,793.687,39301.327,2,165,367.851,131.225,NA,1.515,0.005,-90,77.005
578,4,107,1229.545,793.687,39601.337,2,159,378.457,140.395,NA,10.606,0.035,0,90
579,4,108,1229.545,793.687,39901.348,2,195,378.457,140.395,NA,0,0,0,0
580,4,109,1233.081,789.646,40201.358,2,122,383.826,145.459,NA,5.369,0.018,-48.814,-48.814
581,4,110,1238.131,789.646,40501.368,2,112,388.876,149.864,NA,5.051,0.017,0,48.814
582,4,111,1237.626,789.646,40801.378,2,167,389.382,149.422,NA,0.505,0.002,180,180
583,4,112,1237.121,789.646,41101.388,2,245,389.887,148.98,NA,0.505,0.002,180,0
584,4,113,1241.667,785.101,41401.398,2,152,396.315,155.169,NA,6.428,0.021,-45,135
585,4,114,1246.717,782.071,41701.408,2,168,402.205,161.057,NA,5.89,0.02,-30.964,14.036
586,4,115,1251.768,781.061,42001.418,2,245,407.355,165.953,NA,5.151,0.017,-11.31,19.654
587,4,116,1259.848,778.03,42301.429,2,174,415.985,174.491,NA,8.63,0.029,-20.556,-9.246
588,4,117,1263.889,775.505,42601.439,2,179,420.75,179.248,NA,4.765,0.016,-32.005,-11.449
589,4,118,1261.869,775,42901.449,2,219,422.832,177.727,NA,2.082,0.007,-165.964,-133.958
590,4,119,1261.869,767.424,43201.459,2,255,430.408,181.55,NA,7.576,0.025,-90,75.964
591,4,120,1261.869,762.879,43501.469,2,243,434.954,183.956,NA,4.545,0.015,-90,0
592,4,121,1261.869,762.879,43801.479,2,255,434.954,183.956,NA,0,0,0,90
593,4,122,1254.293,757.828,44101.489,2,169,444.059,180.48,NA,9.105,0.03,-146.31,-146.31
594,4,123,1254.293,756.313,44401.5,2,255,445.574,181.358,NA,1.515,0.005,-90,56.31
595,4,124,1256.313,755.808,44701.51,2,116,447.656,183.296,NA,2.082,0.007,-14.036,75.964
596,4,125,1261.869,754.293,45001.52,2,156,453.415,188.715,NA,5.758,0.019,-15.255,-1.219
597,4,126,1264.899,754.293,45301.53,2,193,456.445,191.212,NA,3.03,0.01,0,15.255
598,4,127,1271.465,752.273,45601.54,2,169,463.314,197.787,NA,6.869,0.023,-17.103,-17.103
599,4,128,1270.96,752.778,45901.55,2,96,464.029,197.087,NA,0.714,0.002,135,152.103
600,4,129,1270.96,750.758,46201.56,2,76,466.049,198.212,NA,2.02,0.007,-90,135
601,4,130,1280.556,749.747,46501.57,2,190,475.698,206.775,NA,9.649,0.032,-6.009,83.991
602,4,131,1293.687,745.707,46801.581,2,120,489.437,220.031,NA,13.739,0.046,-17.103,-11.094
603,4,132,1293.182,745.707,47101.591,2,95,489.942,219.602,NA,0.505,0.002,180,-162.897
604,4,133,1306.818,741.162,47401.601,2,213,504.316,233.603,NA,14.374,0.048,-18.435,161.565
605,4,134,1315.909,739.646,47701.611,2,192,513.532,242.193,NA,9.216,0.031,-9.462,8.973
606,4,135,1325.505,739.646,48001.621,2,155,523.128,250.524,NA,9.596,0.032,0,9.462
607,4,136,1325.505,739.646,48301.631,2,89,523.128,250.524,NA,0,0,0,0
608,4,137,1335.101,739.141,48601.641,2,152,532.737,259.181,NA,9.609,0.032,-3.013,-3.013
609,4,138,1347.222,731.061,48901.651,2,114,547.305,273.688,NA,14.568,0.049,-33.69,-30.677
610,4,139,1358.838,729.545,49201.662,2,100,559.02,284.646,NA,11.715,0.039,-7.431,26.259
611,4,140,1364.394,721.97,49501.672,2,231,568.414,293.116,NA,9.394,0.031,-53.746,-46.315
612,4,141,1372.475,715.404,49801.682,2,111,578.826,303.357,NA,10.412,0.035,-39.094,14.652
613,4,142,1382.576,711.869,50101.692,2,141,589.528,313.914,NA,10.702,0.036,-19.29,19.804
614,4,143,1382.576,711.869,50401.702,2,132,589.528,313.914,NA,0,0,0,19.29
615,4,144,1390.657,702.778,50701.712,2,109,601.691,325.383,NA,12.163,0.041,-48.366,-48.366
616,4,145,1390.657,702.778,51001.722,2,172,601.691,325.383,NA,0,0,0,48.366
617,4,146,1398.737,694.697,51301.733,2,186,613.119,336.397,NA,11.428,0.038,-45,-45
618,4,147,1398.737,672.98,51601.743,2,105,634.836,347.701,NA,21.717,0.072,-90,-45
619,4,148,1411.364,657.323,51901.753,2,169,654.95,366.861,NA,20.113,0.067,-51.116,38.884
620,4,149,1411.364,657.323,52201.763,2,153,654.95,366.861,NA,0,0,0,51.116
621,4,150,1416.414,640.657,52501.773,2,177,672.365,380.506,NA,17.415,0.058,-73.142,-73.142
622,4,151,1422.475,640.657,52801.783,2,141,678.425,385.453,NA,6.061,0.02,0,73.142
623,4,152,1430.556,625,53101.793,2,170,696.044,401.139,NA,17.619,0.059,-62.7,-62.7
624,4,153,1430.556,625,53401.803,2,124,696.044,401.139,NA,0,0,0,62.7
625,4,154,1432.576,605.303,53701.814,2,142,715.845,414.661,NA,19.8,0.066,-84.144,-84.144
626,4,155,1440.152,597.222,54001.824,2,111,726.921,425.616,NA,11.077,0.037,-46.848,37.296
627,4,156,1438.131,584.091,54301.834,2,164,740.207,432.353,NA,13.286,0.044,-98.746,-51.899
628,4,157,1438.636,577.525,54601.844,2,133,746.792,436.983,NA,6.585,0.022,-85.601,13.145
629,4,158,1454.798,577.525,54901.854,2,200,762.954,449.379,NA,16.162,0.054,0,85.601
630,4,159,1473.485,577.525,55201.864,2,124,781.641,464,NA,18.687,0.062,0,0
631,4,160,1492.172,577.525,55501.874,2,136,800.327,478.903,NA,18.687,0.062,0,0
632,5,1,1055.682,613.258,25200.851,2,53,0,0,NA,NA,NA,NA,NA
633,5,2,1058.712,604.545,25500.861,2,99,9.224,9.224,NA,9.224,0.031,-70.821,NA
634,5,3,1058.712,604.545,25800.871,2,84,9.224,9.224,NA,0,0,0,70.821
635,5,4,1058.712,604.545,26100.881,2,124,9.224,9.224,NA,0,0,0,0
636,5,5,1058.712,604.545,26400.892,2,133,9.224,9.224,NA,0,0,0,0
637,5,6,1056.439,603.788,26700.902,2,128,11.62,9.5,NA,2.396,0.008,-161.565,-161.565
638,5,7,1056.439,599.242,27000.912,2,133,16.165,14.036,NA,4.545,0.015,-90,71.565
639,5,8,1057.955,599.242,27300.922,2,107,17.68,14.198,NA,1.515,0.005,0,90
640,5,9,1065.909,595.833,27600.932,2,151,26.335,20.204,NA,8.654,0.029,-23.199,-23.199
641,5,10,1065.909,595.833,27900.942,2,166,26.335,20.204,NA,0,0,0,23.199
642,5,11,1065.909,588.258,28200.952,2,170,33.91,27.011,NA,7.576,0.025,-90,-90
643,5,12,1065.909,585.227,28500.963,2,120,36.941,29.838,NA,3.03,0.01,-90,0
644,5,13,1061.364,584.848,28800.973,2,178,41.502,28.972,NA,4.561,0.015,-175.236,-85.236
645,5,14,1057.576,579.924,29100.983,2,211,47.715,33.387,NA,6.213,0.021,-127.569,47.668
646,5,15,1057.576,579.924,29400.993,2,118,47.715,33.387,NA,0,0,0,127.569
647,5,16,1051.894,576.515,29701.003,2,145,54.341,36.937,NA,6.626,0.022,-149.036,-149.036
648,5,17,1057.955,573.485,30001.013,2,42,61.117,39.838,NA,6.776,0.023,-26.565,122.471
649,5,18,1061.742,558.333,30301.023,2,174,76.734,55.258,NA,15.618,0.052,-75.964,-49.399
650,5,19,1061.742,558.333,30601.033,2,15,76.734,55.258,NA,0,0,0,75.964
651,5,20,1061.742,539.773,30901.044,2,176,95.295,73.734,NA,18.561,0.062,-90,-90
652,5,21,1061.742,524.242,31201.054,2,241,110.825,89.221,NA,15.53,0.052,-90,0
653,5,22,1061.742,524.242,31501.064,2,183,110.825,89.221,NA,0,0,0,90
654,5,23,1071.97,523.864,31801.074,2,209,121.06,90.866,NA,10.234,0.034,-2.121,-2.121
655,5,24,1075.379,512.121,32101.084,2,196,133.287,103.037,NA,12.227,0.041,-73.811,-71.69
656,5,25,1078.409,512.121,32401.094,2,215,136.317,103.659,NA,3.03,0.01,0,73.811
657,5,26,1079.545,505.682,32701.104,2,166,142.856,110.191,NA,6.539,0.022,-79.992,-79.992
658,5,27,1082.576,505.303,33001.115,2,226,145.91,111.254,NA,3.054,0.01,-7.125,72.867
659,5,28,1092.045,502.652,33301.125,2,246,155.744,116.43,NA,9.834,0.033,-15.642,-8.517
660,5,29,1092.045,502.652,33601.135,2,202,155.744,116.43,NA,0,0,0,15.642
661,5,30,1084.848,502.652,33901.145,2,255,162.941,114.387,NA,7.197,0.024,180,180
662,5,31,1077.652,488.636,34201.155,2,215,178.696,126.543,NA,15.755,0.053,-117.181,62.819
663,5,32,1083.333,480.303,34501.165,2,142,188.782,135.8,NA,10.086,0.034,-55.713,61.468
664,5,33,1089.394,480.682,34801.175,2,205,194.854,136.795,NA,6.072,0.02,3.576,59.289
665,5,34,1089.394,476.894,35101.185,2,197,198.642,140.469,NA,3.788,0.013,-90,-93.576
666,5,35,1095.076,475.758,35401.196,2,255,204.436,143.032,NA,5.794,0.019,-11.31,78.69
667,5,36,1097.727,473.106,35701.206,2,192,208.186,146.322,NA,3.75,0.012,-45,-33.69
668,5,37,1092.803,463.636,36001.216,2,241,218.86,154.157,NA,10.673,0.036,-117.474,-72.474
669,5,38,1089.773,459.848,36301.226,2,210,223.711,157.151,NA,4.851,0.016,-128.66,-11.185
670,5,39,1103.03,460.227,36601.236,2,244,236.974,160.188,NA,13.263,0.044,1.637,130.296
671,5,40,1103.409,461.742,36901.246,2,149,238.535,158.854,NA,1.562,0.005,75.964,74.327
672,5,41,1109.091,461.742,37201.256,2,222,244.217,160.653,NA,5.682,0.019,0,-75.964
673,5,42,1116.667,456.061,37501.266,2,181,253.687,168.612,NA,9.47,0.032,-36.87,-36.87
674,5,43,1119.318,456.061,37801.277,2,255,256.338,169.589,NA,2.652,0.009,0,36.87
675,5,44,1119.318,456.818,38101.287,2,186,257.096,168.887,NA,0.758,0.003,90,90
676,5,45,1125.379,454.545,38401.297,2,190,263.569,173.341,NA,6.473,0.022,-20.556,-110.556
677,5,46,1125.379,454.545,38701.307,2,250,263.569,173.341,NA,0,0,0,20.556
678,5,47,1125.379,443.182,39001.317,2,255,274.932,183.803,NA,11.364,0.038,-90,-90
679,5,48,1125.379,434.848,39301.327,2,178,283.266,191.54,NA,8.333,0.028,-90,0
680,5,49,1121.591,423.485,39601.337,2,145,295.244,200.892,NA,11.978,0.04,-108.435,-18.435
681,5,50,1121.591,423.485,39901.348,2,142,295.244,200.892,NA,0,0,0,108.435
682,5,51,1121.591,414.773,40201.358,2,225,303.956,209.142,NA,8.712,0.029,-90,-90
683,5,52,1122.348,400,40501.368,2,155,318.748,223.435,NA,14.792,0.049,-87.064,2.936
684,5,53,1123.864,391.667,40801.378,2,255,327.218,231.843,NA,8.47,0.028,-79.695,7.369
685,5,54,1131.061,391.667,41101.388,2,236,334.415,234.061,NA,7.197,0.024,0,79.695
686,5,55,1135.985,391.288,41401.398,2,198,339.354,236.049,NA,4.939,0.016,-4.399,-4.399
687,5,56,1139.773,382.955,41701.408,2,245,348.508,245.175,NA,9.154,0.031,-65.556,-61.157
688,5,57,1146.591,379.545,42001.418,2,255,356.131,250.77,NA,7.623,0.025,-26.565,38.991
689,5,58,1153.409,375.758,42301.429,2,220,363.931,256.821,NA,7.8,0.026,-29.055,-2.49
690,5,59,1153.409,375.758,42601.439,2,233,363.931,256.821,NA,0,0,0,29.055
691,5,60,1153.409,375.758,42901.449,2,210,363.931,256.821,NA,0,0,0,0
692,5,61,1154.167,366.667,43201.459,2,238,373.053,265.53,NA,9.122,0.03,-85.236,-85.236
693,5,62,1159.848,361.742,43501.469,2,180,380.572,272.233,NA,7.519,0.025,-40.914,44.322
694,5,63,1167.045,351.894,43801.479,2,175,392.77,284.1,NA,12.198,0.041,-53.842,-12.927
695,5,64,1171.97,344.318,44101.489,2,255,401.805,293.004,NA,9.036,0.03,-56.976,-3.134
696,5,65,1171.97,344.318,44401.5,2,222,401.805,293.004,NA,0,0,0,56.976
697,5,66,1180.682,338.258,44701.51,2,226,412.418,302.076,NA,10.613,0.035,-34.824,-34.824
698,5,67,1191.667,337.879,45001.52,2,249,423.409,307.124,NA,10.991,0.037,-1.975,32.85
699,5,68,1198.485,339.773,45301.53,2,245,430.486,308.523,NA,7.076,0.024,15.524,17.499
700,5,69,1198.485,339.773,45601.54,2,242,430.486,308.523,NA,0,0,0,-15.524
701,5,70,1205.682,334.47,45901.55,2,255,439.425,316.58,NA,8.94,0.03,-36.384,-36.384
702,5,71,1206.439,332.576,46201.56,2,255,441.465,318.607,NA,2.04,0.007,-68.199,-31.814
703,5,72,1207.197,326.894,46501.57,2,255,447.197,323.977,NA,5.732,0.019,-82.405,-14.207
704,5,73,1207.197,326.894,46801.581,2,255,447.197,323.977,NA,0,0,0,82.405
705,5,74,1204.167,315.152,47101.591,2,255,459.324,333.039,NA,12.127,0.04,-104.47,-104.47
706,5,75,1201.515,312.5,47401.601,2,255,463.074,334.249,NA,3.75,0.012,-135,-30.53
707,5,76,1204.167,308.712,47701.611,2,230,467.698,338.815,NA,4.624,0.015,-55.008,79.992
708,5,77,1214.773,308.712,48001.621,2,255,478.304,343.595,NA,10.606,0.035,0,55.008
709,5,78,1214.773,303.409,48301.631,2,255,483.607,348.304,NA,5.303,0.018,-90,-90
710,5,79,1214.773,303.409,48601.641,2,255,483.607,348.304,NA,0,0,0,90
711,5,80,1220.833,303.409,48901.651,2,210,489.668,351.114,NA,6.061,0.02,0,0
712,5,81,1220.833,311.742,49201.662,2,255,498.001,343.783,NA,8.333,0.028,90,90
713,5,82,1220.833,304.167,49501.672,2,255,505.577,350.446,NA,7.576,0.025,-90,-180
714,5,83,1222.727,300.379,49801.682,2,255,509.812,354.679,NA,4.235,0.014,-63.435,26.565
715,5,84,1223.485,299.242,50101.692,2,255,511.177,356.038,NA,1.366,0.005,-56.31,7.125
716,5,85,1217.045,296.591,50401.702,2,255,518.141,355.41,NA,6.964,0.023,-157.62,-101.31
717,5,86,1215.53,290.909,50701.712,2,255,524.022,359.806,NA,5.88,0.02,-104.931,52.688
718,5,87,1211.364,298.106,51001.722,2,255,532.338,351.507,NA,8.316,0.028,120.069,-135
719,5,88,1215.909,296.212,51301.733,2,255,537.262,355.233,NA,4.924,0.016,-22.62,-142.688
720,5,89,1221.97,296.212,51601.743,2,255,543.323,358.008,NA,6.061,0.02,0,22.62
721,5,90,1226.136,295.455,51901.753,2,255,547.558,360.629,NA,4.235,0.014,-10.305,-10.305
722,5,91,1216.667,295.076,52201.763,2,255,557.035,356.589,NA,9.477,0.032,-177.709,-167.405
723,5,92,1216.667,289.015,52501.773,2,255,563.095,362.007,NA,6.061,0.02,-90,87.709
724,5,93,1216.667,288.636,52801.783,2,255,563.474,362.347,NA,0.379,0.001,-90,0
725,5,94,1209.848,282.576,53101.793,2,255,572.597,364.853,NA,9.122,0.03,-138.366,-48.366
726,5,95,1229.924,282.955,53401.803,2,255,592.676,373.444,NA,20.079,0.067,1.081,139.447
727,5,96,1231.439,293.182,53701.814,2,255,603.015,365.156,NA,10.339,0.034,81.573,80.492
728,5,97,1231.439,293.182,54001.824,2,248,603.015,365.156,NA,0,0,0,-81.573
729,5,98,1242.045,289.015,54301.834,2,255,614.41,373.985,NA,11.395,0.038,-21.448,-21.448
730,5,99,1243.939,285.227,54601.844,2,255,618.645,378.213,NA,4.235,0.014,-63.435,-41.987
731,5,100,1248.485,285.227,54901.854,2,255,623.191,380.496,NA,4.545,0.015,0,63.435
732,5,101,1252.652,285.227,55201.864,2,255,627.357,382.624,NA,4.167,0.014,0,0
733,5,102,1252.652,285.227,55501.874,2,231,627.357,382.624,NA,0,0,0,0
734,5,103,1269.318,274.242,55801.885,2,255,647.318,400.714,NA,19.961,0.067,-33.389,-33.389
735,5,104,1281.439,262.879,56101.895,2,238,663.933,416.811,NA,16.615,0.055,-43.152,-9.764
736,5,105,1282.955,253.788,56401.905,2,255,673.15,425.29,NA,9.216,0.031,-80.538,-37.385
737,5,106,1300.379,259.091,56701.915,2,182,691.363,430.477,NA,18.213,0.061,16.928,97.465
738,5,107,1303.788,273.485,57001.925,2,255,706.155,420.716,NA,14.792,0.049,76.675,59.748
739,5,108,1315.404,273.99,57301.935,2,241,717.782,427.268,NA,11.627,0.039,2.49,-74.186
740,5,109,1319.949,273.99,57601.945,2,255,722.328,430.046,NA,4.545,0.015,0,-2.49
741,5,110,1327.02,273.99,57901.955,2,222,729.398,434.427,NA,7.071,0.024,0,0
742,5,111,1327.02,273.99,58201.966,2,203,729.398,434.427,NA,0,0,0,0
743,5,112,1323.99,275.505,58501.976,2,248,732.786,431.354,NA,3.388,0.011,153.435,153.435
744,5,113,1312.374,263.889,58801.986,2,203,749.214,433.531,NA,16.428,0.055,-135,71.565
745,5,114,1305.303,259.343,59101.996,2,81,757.62,433.089,NA,8.406,0.028,-147.265,-12.265
746,5,115,1305.303,259.343,59402.006,2,255,757.62,433.089,NA,0,0,0,147.265
747,5,116,1303.788,247.727,59702.016,2,119,769.334,441.779,NA,11.715,0.039,-97.431,-97.431
748,5,117,1297.222,247.727,60002.026,2,231,775.9,438.126,NA,6.566,0.022,180,-82.569
749,5,118,1288.131,238.636,60302.036,2,77,788.756,440.878,NA,12.856,0.043,-135,45
750,5,119,1288.131,238.636,60602.047,2,173,788.756,440.878,NA,0,0,0,135
751,5,120,1288.131,223.99,60902.057,2,255,803.403,453.39,NA,14.646,0.049,-90,-90
752,5,121,1293.687,221.97,61202.067,2,255,809.314,457.988,NA,5.911,0.02,-19.983,70.017
753,5,122,1293.687,210.354,61502.077,2,211,820.931,467.951,NA,11.616,0.039,-90,-70.017
754,5,123,1293.687,210.354,61802.087,2,95,820.931,467.951,NA,0,0,0,90
755,5,124,1304.293,222.475,62102.097,2,226,837.037,463.162,NA,16.106,0.054,48.814,48.814
756,5,125,1311.364,218.939,62402.107,2,196,844.942,469.957,NA,7.905,0.026,-26.565,-75.379
757,5,126,1318.434,196.212,62702.118,2,207,868.744,492.916,NA,23.802,0.079,-72.719,-46.153
758,5,127,1318.434,196.212,63002.128,2,93,868.744,492.916,NA,0,0,0,72.719
759,5,128,1317.929,179.04,63302.138,2,146,885.923,507.266,NA,17.179,0.057,-91.685,-91.685
760,5,129,1310.354,176.515,63602.148,2,109,893.909,505.571,NA,7.986,0.027,-161.565,-69.88
761,5,130,1333.586,161.364,63902.158,2,79,921.645,530.508,NA,27.736,0.092,-33.111,128.454
762,5,131,1339.646,161.364,64202.168,2,146,927.706,533.708,NA,6.061,0.02,0,33.111
763,5,132,1339.646,161.364,64502.178,2,183,927.706,533.708,NA,0,0,0,0
764,5,133,1329.04,150.758,64802.188,2,255,942.705,537.244,NA,14.999,0.05,-135,-135
765,5,134,1331.061,139.141,65102.199,2,255,954.495,548.288,NA,11.791,0.039,-80.134,54.866
766,5,135,1342.677,139.141,65402.209,2,162,966.111,554.213,NA,11.616,0.039,0,80.134
767,5,136,1342.677,139.141,65702.219,2,220,966.111,554.213,NA,0,0,0,0
768,5,137,1342.677,131.061,66002.229,2,186,974.192,561.142,NA,8.081,0.027,-90,-90
769,6,1,1089.646,968.434,12300.415,2,107,0,0,NA,NA,NA,NA,NA
770,6,2,1090.152,968.434,12600.426,2,161,0.505,0.505,NA,0.505,0.002,0,NA
771,6,3,1100.758,968.434,12900.436,2,210,11.111,11.111,NA,10.606,0.035,0,0
772,6,4,1100.758,968.434,13200.446,2,207,11.111,11.111,NA,0,0,0,0
773,6,5,1099.242,967.929,13500.456,2,169,12.708,9.609,NA,1.597,0.005,-161.565,-161.565
774,6,6,1099.242,965.909,13800.466,2,163,14.728,9.923,NA,2.02,0.007,-90,71.565
775,6,7,1099.747,965.909,14100.476,2,118,15.233,10.412,NA,0.505,0.002,0,90
776,6,8,1099.747,967.929,14400.486,2,253,17.254,10.114,NA,2.02,0.007,90,90
777,6,9,1101.768,972.475,14700.496,2,213,22.228,12.777,NA,4.974,0.017,66.038,-23.962
778,6,10,1108.838,972.475,15000.507,2,246,29.299,19.613,NA,7.071,0.024,0,-66.038
779,6,11,1118.434,972.475,15300.517,2,221,38.895,29.07,NA,9.596,0.032,0,0
780,6,12,1118.434,972.475,15600.527,2,243,38.895,29.07,NA,0,0,0,0
781,6,13,1125.505,972.475,15900.537,2,215,45.965,36.085,NA,7.071,0.024,0,0
782,6,14,1135.101,972.475,16200.547,2,238,55.561,45.634,NA,9.596,0.032,0,0
783,6,15,1135.101,972.475,16500.557,2,185,55.561,45.634,NA,0,0,0,0
784,6,16,1138.131,976.01,16800.567,2,138,60.218,49.073,NA,4.656,0.016,49.399,49.399
785,6,17,1140.152,982.071,17100.578,2,118,66.606,52.314,NA,6.388,0.021,71.565,22.166
786,6,18,1140.152,982.071,17400.588,2,123,66.606,52.314,NA,0,0,0,-71.565
787,6,19,1146.212,988.131,17700.598,2,131,75.177,59.897,NA,8.571,0.029,45,45
788,6,20,1158.838,992.172,18000.608,2,248,88.434,73.15,NA,13.257,0.044,17.745,-27.255
789,6,21,1162.374,1003.283,18300.618,2,165,100.094,80.645,NA,11.66,0.039,72.35,54.605
790,6,22,1170.455,1010.354,18600.628,2,146,110.831,91.034,NA,10.738,0.036,41.186,-31.164
791,6,23,1173.485,1016.414,18900.638,2,167,117.607,96.597,NA,6.776,0.023,63.435,22.249
792,6,24,1177.525,1017.929,19200.648,2,221,121.923,100.858,NA,4.315,0.014,20.556,-42.879
793,6,25,1179.545,1018.434,19500.659,2,229,124.005,102.868,NA,2.082,0.007,14.036,-6.52
794,6,26,1184.596,1018.434,19800.669,2,159,129.055,107.31,NA,5.051,0.017,0,-14.036
795,6,27,1192.172,1028.535,20100.679,2,183,141.682,118.843,NA,12.626,0.042,53.13,53.13
796,6,28,1198.737,1033.081,20400.689,2,141,149.667,126.807,NA,7.986,0.027,34.695,-18.435
797,6,29,1198.737,1038.636,20700.699,2,191,155.223,129.727,NA,5.556,0.019,90,55.305
798,6,30,1190.152,1045.202,21000.709,2,245,166.031,126.47,NA,10.809,0.036,142.595,52.595
799,6,31,1192.172,1054.798,21300.719,2,253,175.838,134.053,NA,9.806,0.033,78.111,-64.483
800,6,32,1192.172,1054.798,21600.729,2,255,175.838,134.053,NA,0,0,0,-78.111
801,6,33,1197.222,1059.343,21900.74,2,255,182.632,140.844,NA,6.795,0.023,41.987,41.987
802,6,34,1198.232,1059.343,22200.75,2,255,183.643,141.617,NA,1.01,0.003,0,-41.987
803,6,35,1198.232,1068.434,22500.76,2,254,192.733,147.617,NA,9.091,0.03,90,90
804,6,36,1203.283,1073.485,22800.77,2,143,199.876,154.754,NA,7.142,0.024,45,-45
805,6,37,1214.394,1073.99,23100.78,2,179,210.999,163.413,NA,11.123,0.037,2.603,-42.397
806,6,38,1218.434,1075,23400.79,2,157,215.163,167.16,NA,4.165,0.014,14.036,11.434
807,6,39,1218.434,1079.04,23700.8,2,125,219.204,169.765,NA,4.04,0.013,90,75.964
808,6,40,1216.919,1076.01,24000.811,2,137,222.592,166.646,NA,3.388,0.011,-116.565,153.435
809,6,41,1216.919,1076.01,24300.821,2,242,222.592,166.646,NA,0,0,0,116.565
810,6,42,1216.919,1080.556,24600.831,2,149,227.137,169.616,NA,4.545,0.015,90,90
811,6,43,1221.465,1087.121,24900.841,2,221,235.123,177.377,NA,7.986,0.027,55.305,-34.695
812,6,44,1221.97,1087.121,25200.851,2,208,235.628,177.753,NA,0.505,0.002,0,-55.305
813,6,45,1223.485,1086.111,25500.861,2,231,237.449,178.215,NA,1.821,0.006,-33.69,-33.69
814,6,46,1225.505,1082.576,25800.871,2,255,241.521,177.442,NA,4.072,0.014,-60.255,-26.565
815,6,47,1225.505,1082.576,26100.881,2,203,241.521,177.442,NA,0,0,0,60.255
816,6,48,1235.101,1082.576,26400.892,2,255,251.116,184.893,NA,9.596,0.032,0,0
817,6,49,1241.667,1085.101,26700.902,2,186,258.151,191.628,NA,7.035,0.023,21.038,21.038
818,6,50,1240.657,1085.101,27000.912,2,227,259.161,190.828,NA,1.01,0.003,180,158.962
819,6,51,1247.727,1085.101,27300.922,2,181,266.232,196.47,NA,7.071,0.024,0,-180
820,6,52,1259.848,1085.101,27600.932,2,255,278.353,206.349,NA,12.121,0.04,0,0
821,6,53,1270.455,1085.101,27900.942,2,255,288.959,215.181,NA,10.606,0.035,0,0
822,6,54,1269.949,1085.101,28200.952,2,86,289.464,214.756,NA,0.505,0.002,180,180
823,6,55,1291.667,1085.101,28500.963,2,150,311.181,233.288,NA,21.717,0.072,0,-180
824,6,56,1307.828,1085.101,28800.973,2,243,327.343,247.415,NA,16.162,0.054,0,0
825,6,57,1307.828,1085.101,29100.983,2,255,327.343,247.415,NA,0,0,0,0
826,6,58,1307.828,1085.101,29400.993,2,255,327.343,247.415,NA,0,0,0,0
827,6,59,1307.828,1085.101,29701.003,2,255,327.343,247.415,NA,0,0,0,0
828,6,60,1307.828,1085.101,30001.013,2,255,327.343,247.415,NA,0,0,0,0
829,6,61,1307.828,1085.101,30301.023,2,218,327.343,247.415,NA,0,0,0,0
830,6,62,1307.828,1085.101,30601.033,2,238,327.343,247.415,NA,0,0,0,0
831,6,63,1309.343,1081.061,30901.044,2,214,331.658,246.883,NA,4.315,0.014,-69.444,-69.444
832,6,64,1309.343,1081.061,31201.054,2,255,331.658,246.883,NA,0,0,0,69.444
833,6,65,1309.343,1081.061,31501.064,2,247,331.658,246.883,NA,0,0,0,0
834,6,66,1313.384,1079.04,31801.074,2,255,336.175,249.584,NA,4.517,0.015,-26.565,-26.565
835,6,67,1313.384,1079.04,32101.084,2,250,336.175,249.584,NA,0,0,0,26.565
836,6,68,1313.384,1079.04,32401.094,2,210,336.175,249.584,NA,0,0,0,0
837,6,69,1313.384,1082.576,32701.104,2,248,339.711,251.171,NA,3.535,0.012,90,90
838,6,70,1308.333,1082.576,33001.115,2,255,344.761,246.682,NA,5.051,0.017,180,90
839,6,71,1306.818,1082.576,33301.125,2,200,346.276,245.34,NA,1.515,0.005,180,0
840,6,72,1306.818,1084.091,33601.135,2,255,347.792,246.049,NA,1.515,0.005,90,-90
841,6,73,1306.818,1084.091,33901.145,2,255,347.792,246.049,NA,0,0,0,-90
842,6,74,1306.818,1084.091,34201.155,2,220,347.792,246.049,NA,0,0,0,0
843,6,75,1308.333,1086.616,34501.165,2,255,350.737,248.578,NA,2.945,0.01,59.036,59.036
844,6,76,1308.333,1086.616,34801.175,2,255,350.737,248.578,NA,0,0,0,-59.036
845,6,77,1308.333,1086.616,35101.185,2,255,350.737,248.578,NA,0,0,0,0
846,6,78,1301.768,1086.616,35401.196,2,255,357.302,242.822,NA,6.566,0.022,180,180
847,6,79,1301.768,1086.616,35701.206,2,255,357.302,242.822,NA,0,0,0,-180
848,6,80,1301.768,1086.616,36001.216,2,255,357.302,242.822,NA,0,0,0,0
849,6,81,1309.848,1082.576,36301.226,2,251,366.337,248.027,NA,9.035,0.03,-26.565,-26.565
850,6,82,1309.343,1081.566,36601.236,2,255,367.466,247.114,NA,1.129,0.004,-116.565,-90
851,6,83,1309.343,1081.566,36901.246,2,255,367.466,247.114,NA,0,0,0,116.565
852,6,84,1309.343,1081.566,37201.256,2,255,367.466,247.114,NA,0,0,0,0
853,6,85,1309.343,1081.566,37501.266,2,255,367.466,247.114,NA,0,0,0,0
854,6,86,1309.343,1081.566,37801.277,2,255,367.466,247.114,NA,0,0,0,0
855,6,87,1309.343,1081.566,38101.287,2,255,367.466,247.114,NA,0,0,0,0
856,6,88,1309.343,1081.566,38401.297,2,255,367.466,247.114,NA,0,0,0,0
857,6,89,1309.343,1081.566,38701.307,2,255,367.466,247.114,NA,0,0,0,0
858,6,90,1300.253,1081.566,39001.317,2,218,376.557,239.068,NA,9.091,0.03,180,180
859,6,91,1287.121,1087.626,39301.327,2,198,391.019,230.658,NA,14.462,0.048,155.225,-24.775
860,6,92,1287.121,1087.626,39601.337,2,165,391.019,230.658,NA,0,0,0,-155.225
861,6,93,1292.172,1087.626,39901.348,2,154,396.07,234.996,NA,5.051,0.017,0,0
862,6,94,1295.202,1087.626,40201.358,2,211,399.1,237.613,NA,3.03,0.01,0,0
863,6,95,1298.737,1087.626,40501.368,2,187,402.636,240.678,NA,3.535,0.012,0,0
864,6,96,1303.283,1086.111,40801.378,2,206,407.427,243.902,NA,4.791,0.016,-18.435,-18.435
865,6,97,1303.283,1086.111,41101.388,2,187,407.427,243.902,NA,0,0,0,18.435
866,6,98,1303.283,1086.111,41401.398,2,166,407.427,243.902,NA,0,0,0,0
867,6,99,1303.283,1094.697,41701.408,2,182,416.013,248.159,NA,8.586,0.029,90,90
868,6,100,1303.283,1094.697,42001.418,2,212,416.013,248.159,NA,0,0,0,-90
869,6,101,1300.758,1097.727,42301.429,2,130,419.957,247.557,NA,3.945,0.013,129.806,129.806
870,6,102,1303.788,1096.212,42601.439,2,253,423.345,249.367,NA,3.388,0.011,-26.565,-156.371
871,6,103,1308.838,1092.677,42901.449,2,184,429.51,251.955,NA,6.165,0.021,-34.992,-8.427
872,6,104,1308.838,1092.677,43201.459,2,225,429.51,251.955,NA,0,0,0,34.992
873,6,105,1305.303,1092.677,43501.469,2,109,433.046,248.885,NA,3.535,0.012,180,180
874,6,106,1303.788,1092.677,43801.479,2,172,434.561,247.574,NA,1.515,0.005,180,0
875,6,107,1290.152,1092.677,44101.489,2,28,448.197,235.878,NA,13.636,0.045,180,0
876,6,108,1300.253,1092.677,44401.5,2,123,458.298,244.522,NA,10.101,0.034,0,-180
877,6,109,1300.253,1092.677,44701.51,2,200,458.298,244.522,NA,0,0,0,0
878,6,110,1300.253,1092.677,45001.52,2,214,458.298,244.522,NA,0,0,0,0
879,6,111,1300.253,1092.677,45301.53,2,255,458.298,244.522,NA,0,0,0,0
880,6,112,1303.788,1087.121,45601.54,2,188,464.883,244.833,NA,6.585,0.022,-57.529,-57.529
881,6,113,1306.313,1087.121,45901.55,2,185,467.408,247.045,NA,2.525,0.008,0,57.529
882,6,114,1306.313,1093.182,46201.56,2,247,473.469,250.013,NA,6.061,0.02,90,90
883,6,115,1306.313,1104.293,46501.57,2,247,484.58,255.738,NA,11.111,0.037,90,0
884,6,116,1306.313,1123.99,46801.581,2,205,504.277,266.725,NA,19.697,0.066,90,0
885,6,117,1306.313,1123.99,47101.591,2,244,504.277,266.725,NA,0,0,0,-90
886,6,118,1305.808,1127.525,47401.601,2,215,507.848,268.395,NA,3.571,0.012,98.13,98.13
887,6,119,1305.808,1137.121,47701.611,2,246,517.444,274.192,NA,9.596,0.032,90,-8.13
888,6,120,1305.303,1142.172,48001.621,2,100,522.52,276.934,NA,5.076,0.017,95.711,5.711
889,6,121,1304.798,1151.768,48301.631,2,224,532.129,282.668,NA,9.609,0.032,93.013,-2.698
890,6,122,1304.798,1168.939,48601.641,2,159,549.301,294.096,NA,17.172,0.057,90,-3.013
891,6,123,1304.798,1177.02,48901.651,2,134,557.382,299.664,NA,8.081,0.027,90,0
892,6,124,1304.293,1183.081,49201.662,2,187,563.463,303.556,NA,6.082,0.02,94.764,4.764
893,6,125,1297.727,1183.081,49501.672,2,175,570.029,298.949,NA,6.566,0.022,180,85.236
894,6,126,1301.768,1181.566,49801.682,2,135,574.344,300.7,NA,4.315,0.014,-20.556,159.444
895,6,127,1300.253,1183.081,50101.692,2,124,576.487,300.713,NA,2.143,0.007,135,155.556
896,6,128,1299.242,1196.212,50401.702,2,107,589.657,309.537,NA,13.17,0.044,94.399,-40.601
897,6,129,1295.707,1203.788,50701.712,2,64,598.017,312.813,NA,8.36,0.028,115.017,20.618
898,6,130,1286.616,1196.212,51001.722,2,122,609.851,301.131,NA,11.834,0.039,-140.194,104.789
899,6,131,1287.626,1195.707,51301.733,2,100,610.98,301.412,NA,1.129,0.004,-26.565,113.629
900,6,132,1287.626,1214.394,51601.743,2,99,629.667,315.741,NA,18.687,0.062,90,116.565
901,7,1,1083.081,1041.162,3600.122,2,45,0,0,NA,NA,NA,NA,NA
902,7,2,1088.131,1041.162,3900.132,2,75,5.051,5.051,NA,5.051,0.017,0,NA
903,7,3,1093.182,1041.162,4200.142,2,168,10.101,10.101,NA,5.051,0.017,0,0
904,7,4,1094.192,1038.636,4500.152,2,161,12.821,11.394,NA,2.72,0.009,-68.199,-68.199
905,7,5,1094.192,1038.636,4800.162,2,65,12.821,11.394,NA,0,0,0,68.199
906,7,6,1100.758,1038.636,5100.172,2,249,19.386,17.856,NA,6.566,0.022,0,0
907,7,7,1100.758,1038.636,5400.182,2,149,19.386,17.856,NA,0,0,0,0
908,7,8,1100.758,1038.636,5700.193,2,89,19.386,17.856,NA,0,0,0,0
909,7,9,1106.818,1034.596,6000.203,2,161,26.67,24.629,NA,7.284,0.024,-33.69,-33.69
910,7,10,1106.818,1034.596,6300.213,2,216,26.67,24.629,NA,0,0,0,33.69
911,7,11,1106.818,1034.596,6600.223,2,192,26.67,24.629,NA,0,0,0,0
912,7,12,1106.818,1034.596,6900.233,2,199,26.67,24.629,NA,0,0,0,0
913,7,13,1106.818,1034.596,7200.243,2,110,26.67,24.629,NA,0,0,0,0
914,7,14,1110.859,1034.596,7500.253,2,141,30.711,28.543,NA,4.04,0.013,0,0
915,7,15,1110.859,1034.596,7800.263,2,85,30.711,28.543,NA,0,0,0,0
916,7,16,1113.384,1034.596,8100.274,2,95,33.236,31.006,NA,2.525,0.008,0,0
917,7,17,1113.384,1034.596,8400.284,2,64,33.236,31.006,NA,0,0,0,0
918,7,18,1127.02,1032.576,8700.294,2,173,47.021,44.77,NA,13.785,0.046,-8.427,-8.427
919,7,19,1135.606,1031.061,9000.304,2,97,55.74,53.488,NA,8.719,0.029,-10.008,-1.581
920,7,20,1138.636,1031.061,9300.314,2,101,58.77,56.466,NA,3.03,0.01,0,10.008
921,7,21,1143.687,1031.061,9600.324,2,192,63.821,61.442,NA,5.051,0.017,0,0
922,7,22,1146.212,1031.061,9900.334,2,255,66.346,63.934,NA,2.525,0.008,0,0
923,7,23,1146.212,1031.061,10200.344,2,210,66.346,63.934,NA,0,0,0,0
924,7,24,1146.212,1024.495,10500.355,2,207,72.911,65.294,NA,6.566,0.022,-90,-90
925,7,25,1150.253,1022.98,10800.365,2,224,77.227,69.589,NA,4.315,0.014,-20.556,69.444
926,7,26,1150.253,1022.98,11100.375,2,211,77.227,69.589,NA,0,0,0,20.556
927,7,27,1153.788,1021.97,11400.385,2,250,80.903,73.265,NA,3.677,0.012,-15.945,-15.945
928,7,28,1154.293,1021.97,11700.395,2,173,81.409,73.753,NA,0.505,0.002,0,15.945
929,7,29,1154.293,1030.051,12000.405,2,248,89.489,72.074,NA,8.081,0.027,90,90
930,7,30,1150.758,1030.051,12300.415,2,226,93.025,68.583,NA,3.535,0.012,180,90
931,7,31,1150.758,1030.051,12600.426,2,255,93.025,68.583,NA,0,0,0,-180
932,7,32,1150.758,1030.051,12900.436,2,201,93.025,68.583,NA,0,0,0,0
933,7,33,1150.758,1030.051,13200.446,2,253,93.025,68.583,NA,0,0,0,0
934,7,34,1154.798,1032.071,13500.456,2,167,97.542,72.291,NA,4.517,0.015,26.565,26.565
935,7,35,1159.848,1034.091,13800.466,2,203,102.982,77.093,NA,5.44,0.018,21.801,-4.764
936,7,36,1161.869,1043.687,14100.476,2,255,112.788,78.828,NA,9.806,0.033,78.111,56.31
937,7,37,1161.869,1056.818,14400.486,2,163,125.919,80.328,NA,13.131,0.044,90,11.889
938,7,38,1161.869,1065.404,14700.496,2,119,134.505,82.433,NA,8.586,0.029,90,0
939,7,39,1161.364,1075.505,15000.507,2,231,144.619,85.485,NA,10.114,0.034,92.862,2.862
940,7,40,1154.798,1076.515,15300.517,2,128,151.262,79.958,NA,6.643,0.022,171.254,78.391
941,7,41,1151.263,1077.525,15600.527,2,115,154.938,77.273,NA,3.677,0.012,164.055,-7.199
942,7,42,1151.263,1077.525,15900.537,2,164,154.938,77.273,NA,0,0,0,-164.055
943,7,43,1151.263,1087.626,16200.547,2,133,165.039,82.509,NA,10.101,0.034,90,90
944,7,44,1144.192,1092.677,16500.557,2,255,173.729,79.927,NA,8.689,0.029,144.462,54.462
945,7,45,1144.192,1092.677,16800.567,2,193,173.729,79.927,NA,0,0,0,-144.462
946,7,46,1144.192,1092.677,17100.578,2,255,173.729,79.927,NA,0,0,0,0
947,7,47,1155.303,1092.677,17400.588,2,141,184.84,88.712,NA,11.111,0.037,0,0
948,7,48,1153.283,1094.192,17700.598,2,136,187.365,87.98,NA,2.525,0.008,143.13,143.13
949,7,49,1138.636,1115.909,18000.608,2,106,213.56,93.132,NA,26.195,0.087,123.996,-19.134
950,7,50,1122.475,1125.505,18300.618,2,173,232.355,93.09,NA,18.796,0.063,149.3,25.304
951,7,51,1117.929,1128.535,18600.628,2,198,237.818,94.067,NA,5.463,0.018,146.31,-2.99
952,7,52,1109.848,1131.061,18900.638,2,238,246.284,93.799,NA,8.466,0.028,162.646,16.336
953,7,53,1112.374,1142.172,19200.648,2,238,257.679,105.172,NA,11.394,0.038,77.196,-85.45
954,7,54,1108.333,1144.192,19500.659,2,245,262.196,106.08,NA,4.517,0.015,153.435,76.239
955,7,55,1101.263,1150.758,19800.669,2,250,271.845,111.094,NA,9.649,0.032,137.121,-16.314
956,7,56,1098.737,1151.768,20100.679,2,219,274.565,111.709,NA,2.72,0.009,158.199,21.077
957,7,57,1098.737,1151.768,20400.689,2,243,274.565,111.709,NA,0,0,0,-158.199
958,7,58,1096.212,1158.333,20700.699,2,171,281.599,117.905,NA,7.035,0.023,111.038,111.038
959,7,59,1088.636,1158.333,21000.709,2,233,289.175,117.303,NA,7.576,0.025,180,68.962
960,7,60,1087.121,1158.333,21300.719,2,151,290.69,117.241,NA,1.515,0.005,180,0
961,7,61,1085.606,1156.818,21600.729,2,188,292.833,115.684,NA,2.143,0.007,-135,45
962,7,62,1085.606,1156.818,21900.74,2,137,292.833,115.684,NA,0,0,0,135
963,7,63,1078.535,1151.768,22200.75,2,121,301.522,110.699,NA,8.689,0.029,-144.462,-144.462
964,7,64,1078.535,1151.768,22500.76,2,129,301.522,110.699,NA,0,0,0,144.462
965,7,65,1073.99,1145.202,22800.77,2,121,309.508,104.437,NA,7.986,0.027,-124.695,-124.695
966,7,66,1073.99,1137.121,23100.78,2,212,317.589,96.389,NA,8.081,0.027,-90,34.695
967,7,67,1073.99,1137.121,23400.79,2,173,317.589,96.389,NA,0,0,0,90
968,7,68,1074.495,1132.071,23700.8,2,183,322.664,91.314,NA,5.076,0.017,-84.289,-84.289
969,7,69,1074.495,1135.101,24000.811,2,255,325.695,94.331,NA,3.03,0.01,90,174.289
970,7,70,1081.061,1135.101,24300.821,2,184,332.26,93.961,NA,6.566,0.022,0,-90
971,7,71,1081.061,1135.101,24600.831,2,104,332.26,93.961,NA,0,0,0,0
972,7,72,1081.061,1135.101,24900.841,2,175,332.26,93.961,NA,0,0,0,0
973,7,73,1081.061,1135.101,25200.851,2,239,332.26,93.961,NA,0,0,0,0
974,7,74,1081.061,1135.101,25500.861,2,255,332.26,93.961,NA,0,0,0,0
975,7,75,1087.121,1134.091,25800.871,2,225,338.405,93.017,NA,6.144,0.02,-9.462,-9.462
976,7,76,1087.121,1134.091,26100.881,2,255,338.405,93.017,NA,0,0,0,9.462
977,7,77,1087.121,1134.091,26400.892,2,255,338.405,93.017,NA,0,0,0,0
978,7,78,1087.121,1134.091,26700.902,2,138,338.405,93.017,NA,0,0,0,0
979,7,79,1087.121,1142.172,27000.912,2,255,346.485,101.091,NA,8.081,0.027,90,90
980,7,80,1087.121,1142.172,27300.922,2,243,346.485,101.091,NA,0,0,0,-90
981,7,81,1087.121,1144.697,27600.932,2,254,349.011,103.614,NA,2.525,0.008,90,90
982,7,82,1087.121,1144.697,27900.942,2,168,349.011,103.614,NA,0,0,0,-90
983,7,83,1087.121,1144.697,28200.952,2,255,349.011,103.614,NA,0,0,0,0
984,7,84,1093.687,1148.232,28500.963,2,255,356.468,107.595,NA,7.457,0.025,28.301,28.301
985,7,85,1094.192,1151.768,28800.973,2,194,360.039,111.163,NA,3.571,0.012,81.87,53.569
986,7,86,1104.293,1151.768,29100.983,2,164,370.14,112.622,NA,10.101,0.034,0,-81.87
987,7,87,1107.323,1151.768,29400.993,2,223,373.17,113.232,NA,3.03,0.01,0,0
988,7,88,1104.798,1141.162,29701.003,2,241,384.073,102.331,NA,10.903,0.036,-103.392,-103.392
989,7,89,1107.323,1138.636,30001.013,2,181,387.644,100.444,NA,3.571,0.012,-45,58.392
990,7,90,1108.333,1136.111,30301.023,2,120,390.364,98.25,NA,2.72,0.009,-68.199,-23.199
991,7,91,1108.333,1136.111,30601.033,2,148,390.364,98.25,NA,0,0,0,68.199
992,7,92,1101.768,1136.111,30901.044,2,185,396.929,96.771,NA,6.566,0.022,180,180
993,7,93,1097.222,1132.071,31201.054,2,80,403.011,92.002,NA,6.082,0.02,-138.366,41.634
994,7,94,1108.838,1121.465,31501.064,2,155,418.741,84.333,NA,15.73,0.052,-42.397,95.969
995,7,95,1108.838,1118.434,31801.074,2,255,421.771,81.453,NA,3.03,0.01,-90,-47.603
996,7,96,1114.394,1118.939,32101.084,2,214,427.349,83.844,NA,5.578,0.019,5.194,95.194
997,7,97,1114.394,1118.939,32401.094,2,247,427.349,83.844,NA,0,0,0,-5.194
998,7,98,1116.919,1118.939,32701.104,2,245,429.875,84.82,NA,2.525,0.008,0,0
999,7,99,1122.475,1111.364,33001.115,2,100,439.269,80.5,NA,9.394,0.031,-53.746,-53.746
1000,7,100,1136.111,1106.818,33301.125,2,148,453.643,84.398,NA,14.374,0.048,-18.435,35.311
1001,7,101,1150.253,1102.778,33601.135,2,229,468.351,91.151,NA,14.707,0.049,-15.945,2.49
1002,7,102,1153.788,1101.768,33901.145,2,233,472.027,93.127,NA,3.677,0.012,-15.945,0
1003,7,103,1153.788,1094.192,34201.155,2,255,479.603,88.384,NA,7.576,0.025,-90,-74.055
1004,7,104,1153.788,1094.192,34501.165,2,244,479.603,88.384,NA,0,0,0,90
1005,7,105,1163.889,1094.192,34801.175,2,239,489.704,96.655,NA,10.101,0.034,0,0
1006,7,106,1163.889,1094.192,35101.185,2,255,489.704,96.655,NA,0,0,0,0
1007,7,107,1163.889,1094.192,35401.196,2,255,489.704,96.655,NA,0,0,0,0
1008,7,108,1163.889,1117.424,35701.206,2,175,512.936,111.112,NA,23.232,0.077,90,90
1009,7,109,1164.899,1130.556,36001.216,2,252,526.107,121.184,NA,13.17,0.044,85.601,-4.399
1010,7,110,1166.667,1146.97,36301.226,2,255,542.616,134.84,NA,16.509,0.055,83.853,-1.748
1011,7,111,1168.182,1151.515,36601.236,2,246,547.407,139.356,NA,4.791,0.016,71.565,-12.288
1012,7,112,1172.727,1159.091,36901.246,2,213,556.242,148.134,NA,8.835,0.029,59.036,-12.529
1013,7,113,1187.121,1159.091,37201.256,2,255,570.636,157.263,NA,14.394,0.048,0,-59.036
1014,7,114,1203.03,1156.818,37501.266,2,221,586.706,166.626,NA,16.071,0.054,-8.13,-8.13
1015,7,115,1215.152,1154.545,37801.277,2,244,599.039,174.065,NA,12.332,0.041,-10.62,-2.49
1016,7,116,1235.606,1159.848,38101.287,2,255,620.169,193.263,NA,21.131,0.07,14.534,25.154
1017,7,117,1238.636,1171.212,38401.297,2,255,631.93,202.758,NA,11.761,0.039,75.069,60.534
1018,7,118,1245.455,1173.485,38701.307,2,236,639.117,209.463,NA,7.187,0.024,18.435,-56.634
1019,7,119,1253.03,1184.848,39001.317,2,195,652.775,222.551,NA,13.657,0.046,56.31,37.875
1020,8,1,1090.657,1055.808,2100.071,2,40,0,0,NA,NA,NA,NA,NA
1021,8,2,1093.182,1063.889,2400.081,2,39,8.466,8.466,NA,8.466,0.028,72.646,NA
1022,8,3,1100.253,1071.97,2700.091,2,163,19.204,18.796,NA,10.738,0.036,48.814,-23.832
1023,8,4,1100.253,1071.97,3000.101,2,200,19.204,18.796,NA,0,0,0,-48.814
1024,8,5,1108.333,1071.97,3300.111,2,114,27.285,23.951,NA,8.081,0.027,0,0
1025,8,6,1120.455,1071.97,3600.122,2,176,39.406,33.899,NA,12.121,0.04,0,0
1026,8,7,1123.99,1071.97,3900.132,2,255,42.941,37.045,NA,3.535,0.012,0,0
1027,8,8,1123.99,1071.97,4200.142,2,255,42.941,37.045,NA,0,0,0,0
1028,8,9,1121.465,1070.96,4500.152,2,255,45.661,34.332,NA,2.72,0.009,-158.199,-158.199
1029,8,10,1123.485,1069.444,4800.162,2,255,48.186,35.548,NA,2.525,0.008,-36.87,121.329
1030,8,11,1124.495,1068.939,5100.172,2,253,49.315,36.297,NA,1.129,0.004,-26.565,10.305
1031,8,12,1124.495,1068.434,5400.182,2,251,49.82,36.117,NA,0.505,0.002,-90,-63.435
1032,8,13,1119.949,1068.434,5700.193,2,207,54.366,31.898,NA,4.545,0.015,180,-90
1033,8,14,1122.475,1066.919,6000.203,2,214,57.311,33.702,NA,2.945,0.01,-30.964,149.036
1034,8,15,1131.061,1066.919,6300.213,2,247,65.897,41.904,NA,8.586,0.029,0,30.964
1035,8,16,1139.646,1068.434,6600.223,2,255,74.615,50.591,NA,8.719,0.029,10.008,10.008
1036,8,17,1142.172,1067.929,6900.233,2,255,77.191,52.922,NA,2.575,0.009,-11.31,-21.318
1037,8,18,1143.687,1061.869,7200.243,2,255,83.438,53.375,NA,6.247,0.021,-75.964,-64.654
1038,8,19,1143.687,1061.869,7500.253,2,255,83.438,53.375,NA,0,0,0,75.964
1039,8,20,1137.626,1062.879,7800.263,2,255,89.582,47.499,NA,6.144,0.02,170.538,170.538
1040,8,21,1137.121,1062.879,8100.274,2,255,90.087,47,NA,0.505,0.002,180,9.462
1041,8,22,1135.606,1065.909,8400.284,2,255,93.475,46.07,NA,3.388,0.011,116.565,-63.435
1042,8,23,1135.606,1078.03,8700.294,2,255,105.596,50.143,NA,12.121,0.04,90,-26.565
1043,8,24,1135.606,1085.101,9000.304,2,213,112.667,53.652,NA,7.071,0.024,90,0
1044,8,25,1135.606,1085.101,9300.314,2,235,112.667,53.652,NA,0,0,0,-90
1045,8,26,1145.707,1085.101,9600.324,2,255,122.768,62.359,NA,10.101,0.034,0,0
1046,8,27,1145.707,1089.646,9900.334,2,236,127.313,64.619,NA,4.545,0.015,90,90
1047,8,28,1136.111,1089.646,10200.344,2,207,136.909,56.667,NA,9.596,0.032,180,90
1048,8,29,1128.535,1089.646,10500.355,2,161,144.485,50.792,NA,7.576,0.025,180,0
1049,8,30,1122.475,1089.646,10800.365,2,88,150.546,46.448,NA,6.061,0.02,180,0
1050,8,31,1118.939,1088.636,11100.375,2,164,154.222,43.331,NA,3.677,0.012,-164.055,15.945
1051,8,32,1117.424,1088.636,11400.385,2,135,155.738,42.358,NA,1.515,0.005,180,-15.945
1052,8,33,1117.424,1088.636,11700.395,2,132,155.738,42.358,NA,0,0,0,-180
1053,8,34,1117.424,1098.232,12000.405,2,112,165.334,50.163,NA,9.596,0.032,90,90
1054,8,35,1117.424,1098.232,12300.415,2,255,165.334,50.163,NA,0,0,0,-90
1055,8,36,1117.424,1098.232,12600.426,2,197,165.334,50.163,NA,0,0,0,0
1056,8,37,1128.535,1091.162,12900.436,2,228,178.504,51.814,NA,13.17,0.044,-32.471,-32.471
1057,8,38,1133.586,1089.646,13200.446,2,216,183.777,54.662,NA,5.273,0.018,-16.699,15.772
1058,8,39,1125.505,1083.081,13500.456,2,152,194.188,44.252,NA,10.412,0.035,-140.906,-124.207
1059,8,40,1110.354,1099.242,13800.466,2,254,216.342,47.692,NA,22.153,0.074,133.152,-85.941
1060,8,41,1107.323,1099.242,14100.476,2,255,219.372,46.522,NA,3.03,0.01,180,46.848
1061,8,42,1107.323,1099.242,14400.486,2,255,219.372,46.522,NA,0,0,0,-180
1062,8,43,1107.323,1099.242,14700.496,2,255,219.372,46.522,NA,0,0,0,0
1063,8,44,1107.323,1099.242,15000.507,2,255,219.372,46.522,NA,0,0,0,0
1064,8,45,1107.323,1099.242,15300.517,2,255,219.372,46.522,NA,0,0,0,0
1065,8,46,1107.323,1099.242,15600.527,2,121,219.372,46.522,NA,0,0,0,0
1066,8,47,1099.242,1097.222,15900.537,2,207,227.701,42.295,NA,8.33,0.028,-165.964,-165.964
1067,8,48,1098.737,1096.717,16200.547,2,238,228.416,41.7,NA,0.714,0.002,-135,30.964
1068,8,49,1098.737,1098.232,16500.557,2,255,229.931,43.187,NA,1.515,0.005,90,-135
1069,8,50,1098.737,1103.788,16800.567,2,255,235.486,48.656,NA,5.556,0.019,90,0
1070,8,51,1109.848,1108.838,17100.578,2,205,247.692,56.396,NA,12.205,0.041,24.444,-65.556
1071,8,52,1109.848,1108.838,17400.588,2,229,247.692,56.396,NA,0,0,0,-24.444
1072,8,53,1108.333,1111.869,17700.598,2,255,251.079,58.781,NA,3.388,0.011,116.565,116.565
1073,8,54,1108.333,1118.434,18000.608,2,246,257.645,65.073,NA,6.566,0.022,90,-26.565
1074,8,55,1106.313,1127.02,18300.618,2,246,266.465,72.913,NA,8.82,0.029,103.241,13.241
1075,8,56,1106.313,1127.02,18600.628,2,255,266.465,72.913,NA,0,0,0,-103.241
1076,8,57,1104.293,1125,18900.638,2,240,269.322,70.523,NA,2.857,0.01,-135,-135
1077,8,58,1102.273,1125,19200.648,2,223,271.343,70.16,NA,2.02,0.007,180,-45
1078,8,59,1096.717,1127.02,19500.659,2,189,277.254,71.47,NA,5.911,0.02,160.017,-19.983
1079,8,60,1096.717,1127.02,19800.669,2,142,277.254,71.47,NA,0,0,0,-160.017
1080,8,61,1088.636,1127.02,20100.679,2,171,285.335,71.241,NA,8.081,0.027,180,180
1081,8,62,1088.636,1130.051,20400.689,2,255,288.365,74.27,NA,3.03,0.01,90,-90
1082,8,63,1088.636,1130.051,20700.699,2,184,288.365,74.27,NA,0,0,0,-90
1083,8,64,1088.636,1130.051,21000.709,2,234,288.365,74.27,NA,0,0,0,0
1084,8,65,1080.556,1130.051,21300.719,2,176,296.446,74.926,NA,8.081,0.027,180,180
1085,8,66,1080.556,1130.051,21600.729,2,119,296.446,74.926,NA,0,0,0,-180
1086,8,67,1080.556,1130.051,21900.74,2,138,296.446,74.926,NA,0,0,0,0
1087,8,68,1094.697,1129.04,22200.75,2,214,310.623,73.344,NA,14.177,0.047,-4.086,-4.086
1088,8,69,1106.313,1129.04,22500.76,2,255,322.24,74.887,NA,11.616,0.039,0,4.086
1089,8,70,1103.283,1131.061,22800.77,2,214,325.882,76.304,NA,3.642,0.012,146.31,146.31
1090,8,71,1103.283,1131.061,23100.78,2,95,325.882,76.304,NA,0,0,0,-146.31
1091,8,72,1103.283,1137.121,23400.79,2,255,331.942,82.288,NA,6.061,0.02,90,90
1092,8,73,1103.283,1137.121,23700.8,2,209,331.942,82.288,NA,0,0,0,-90
1093,8,74,1115.404,1136.111,24000.811,2,166,344.105,84.03,NA,12.163,0.041,-4.764,-4.764
1094,8,75,1121.465,1135.101,24300.821,2,150,350.25,85.068,NA,6.144,0.02,-9.462,-4.699
1095,8,76,1121.465,1135.101,24600.831,2,255,350.25,85.068,NA,0,0,0,9.462
1096,8,77,1121.465,1135.101,24900.841,2,221,350.25,85.068,NA,0,0,0,0
1097,8,78,1123.99,1132.071,25200.851,2,255,354.194,83.229,NA,3.945,0.013,-50.194,-50.194
1098,8,79,1123.99,1132.071,25500.861,2,247,354.194,83.229,NA,0,0,0,50.194
1099,8,80,1129.04,1132.071,25800.871,2,244,359.245,85.377,NA,5.051,0.017,0,0
1100,8,81,1142.677,1130.556,26100.881,2,255,372.965,91.067,NA,13.72,0.046,-6.34,-6.34
1101,8,82,1146.717,1129.545,26400.892,2,255,377.13,92.628,NA,4.165,0.014,-14.036,-7.696
1102,8,83,1142.172,1129.545,26700.902,2,255,381.675,89.95,NA,4.545,0.015,180,-165.964
1103,8,84,1143.182,1133.586,27000.912,2,255,385.84,93.852,NA,4.165,0.014,75.964,-104.036
1104,8,85,1146.212,1136.616,27300.922,2,255,390.125,98.063,NA,4.285,0.014,45,-30.964
1105,8,86,1149.747,1139.141,27600.932,2,255,394.47,102.158,NA,4.345,0.014,35.538,-9.462
1106,8,87,1149.747,1139.141,27900.942,2,255,394.47,102.158,NA,0,0,0,-35.538
1107,8,88,1148.232,1142.172,28200.952,2,255,397.858,103.796,NA,3.388,0.011,116.565,116.565
1108,8,89,1139.141,1142.172,28500.963,2,255,406.949,99.043,NA,9.091,0.03,180,63.435
1109,8,90,1139.141,1142.172,28800.973,2,255,406.949,99.043,NA,0,0,0,-180
1110,8,91,1139.141,1142.172,29100.983,2,246,406.949,99.043,NA,0,0,0,0
1111,8,92,1139.141,1132.576,29400.993,2,255,416.545,90.797,NA,9.596,0.032,-90,-90
1112,8,93,1136.616,1127.525,29701.003,2,255,422.192,85.18,NA,5.647,0.019,-116.565,-26.565
1113,8,94,1136.616,1127.525,30001.013,2,255,422.192,85.18,NA,0,0,0,116.565
1114,8,95,1136.616,1127.525,30301.023,2,255,422.192,85.18,NA,0,0,0,0
1115,8,96,1136.616,1127.525,30601.033,2,254,422.192,85.18,NA,0,0,0,0
1116,8,97,1136.616,1127.525,30901.044,2,255,422.192,85.18,NA,0,0,0,0
1117,8,98,1133.586,1129.545,31201.054,2,255,425.834,85.324,NA,3.642,0.012,146.31,146.31
1118,8,99,1133.586,1129.545,31501.064,2,255,425.834,85.324,NA,0,0,0,-146.31
1119,8,100,1133.586,1139.141,31801.074,2,255,435.43,93.741,NA,9.596,0.032,90,90
1120,8,101,1150.253,1139.141,32101.084,2,243,452.096,102.451,NA,16.667,0.056,0,-90
1121,8,102,1158.333,1148.232,32401.094,2,255,464.259,114.553,NA,12.163,0.041,48.366,48.366
1122,8,103,1158.333,1148.232,32701.104,2,255,464.259,114.553,NA,0,0,0,-48.366
1123,8,104,1170.455,1148.232,33001.115,2,255,476.381,122.106,NA,12.121,0.04,0,0
1124,8,105,1170.96,1151.768,33301.125,2,255,479.952,125.127,NA,3.571,0.012,81.87,81.87
1125,8,106,1176.01,1157.323,33601.135,2,245,487.46,132.629,NA,7.508,0.025,47.726,-34.144
1126,8,107,1187.121,1151.768,33901.145,2,255,499.883,136.065,NA,12.423,0.041,-26.565,-74.291
1127,8,108,1196.212,1151.768,34201.155,2,147,508.973,142.654,NA,9.091,0.03,0,26.565
1128,8,109,1206.818,1149.242,34501.165,2,182,519.876,149.075,NA,10.903,0.036,-13.392,-13.392
1129,8,110,1254.293,1145.202,34801.175,2,255,567.522,186.462,NA,47.646,0.159,-4.865,8.528
1130,8,111,1264.899,1145.202,35101.185,2,255,578.128,195.836,NA,10.606,0.035,0,4.865
1131,8,112,1271.465,1145.202,35401.196,2,255,584.694,201.7,NA,6.566,0.022,0,0
1132,8,113,1286.111,1145.202,35701.206,2,255,599.341,214.927,NA,14.646,0.049,0,0
1133,8,114,1282.071,1148.232,36001.216,2,250,604.391,212.56,NA,5.051,0.017,143.13,143.13
1134,8,115,1282.071,1148.232,36301.226,2,255,604.391,212.56,NA,0,0,0,-143.13
1135,8,116,1282.071,1149.242,36601.236,2,255,605.401,213.001,NA,1.01,0.003,90,90
1136,8,117,1269.949,1149.242,36901.246,2,255,617.522,202.178,NA,12.121,0.04,180,90
1137,8,118,1269.949,1149.242,37201.256,2,255,617.522,202.178,NA,0,0,0,-180
1138,8,119,1269.949,1150.253,37501.266,2,240,618.532,202.647,NA,1.01,0.003,90,90
1139,8,120,1280.051,1155.808,37801.277,2,255,630.06,214.173,NA,11.528,0.038,28.811,-61.189
1140,8,121,1297.727,1155.303,38101.287,2,245,647.744,229.734,NA,17.684,0.059,-1.637,-30.447
1141,8,122,1306.313,1155.303,38401.297,2,230,656.33,237.502,NA,8.586,0.029,0,1.637
1142,8,123,1306.313,1155.303,38701.307,2,215,656.33,237.502,NA,0,0,0,0
1143,8,124,1315.404,1161.364,39001.317,2,255,667.256,248.301,NA,10.926,0.036,33.69,33.69
1144,8,125,1336.111,1160.859,39301.327,2,138,687.969,266.99,NA,20.713,0.069,-1.397,-35.087
1145,8,126,1348.232,1164.899,39601.337,2,255,700.746,279.725,NA,12.777,0.043,18.435,19.832
1146,9,1,886.364,1112.5,7200.243,2,9,0,0,NA,NA,NA,NA,NA
1147,9,2,886.364,1118.939,7500.253,2,26,6.439,6.439,NA,6.439,0.021,90,NA
1148,9,3,886.742,1122.727,7800.263,2,48,10.246,10.234,NA,3.807,0.013,84.289,-5.711
1149,9,4,886.742,1122.727,8100.274,2,64,10.246,10.234,NA,0,0,0,-84.289
1150,9,5,886.742,1129.167,8400.284,2,190,16.686,16.671,NA,6.439,0.021,90,90
1151,9,6,884.091,1131.439,8700.294,2,165,20.178,19.075,NA,3.492,0.012,139.399,49.399
1152,9,7,884.091,1131.439,9000.304,2,141,20.178,19.075,NA,0,0,0,-139.399
1153,9,8,884.47,1135.227,9300.314,2,149,23.985,22.806,NA,3.807,0.013,84.289,84.289
1154,9,9,884.47,1135.227,9600.324,2,155,23.985,22.806,NA,0,0,0,-84.289
1155,9,10,884.848,1138.258,9900.334,2,146,27.038,25.802,NA,3.054,0.01,82.875,82.875
1156,9,11,884.848,1138.258,10200.344,2,248,27.038,25.802,NA,0,0,0,-82.875
1157,9,12,884.848,1140.152,10500.355,2,149,28.932,27.693,NA,1.894,0.006,90,90
1158,9,13,886.364,1137.5,10800.365,2,163,31.986,25,NA,3.054,0.01,-60.255,-150.255
1159,9,14,889.773,1133.333,11100.375,2,58,37.37,21.11,NA,5.384,0.018,-50.711,9.545
1160,9,15,891.667,1131.439,11400.385,2,126,40.048,19.668,NA,2.678,0.009,-45,5.711
1161,9,16,894.318,1128.788,11700.395,2,139,43.798,18.126,NA,3.75,0.012,-45,0
1162,9,17,893.561,1128.788,12000.405,2,97,44.556,17.807,NA,0.758,0.003,180,-135
1163,9,18,897.727,1122.348,12300.415,2,130,52.226,15.037,NA,7.67,0.026,-57.095,122.905
1164,9,19,898.485,1124.242,12600.426,2,72,54.265,16.876,NA,2.04,0.007,68.199,125.293
1165,9,20,901.136,1130.682,12900.436,2,154,61.229,23.427,NA,6.964,0.023,67.62,-0.579
1166,9,21,901.136,1130.682,13200.446,2,154,61.229,23.427,NA,0,0,0,-67.62
1167,9,22,904.545,1130.682,13500.456,2,182,64.638,25.713,NA,3.409,0.011,0,0
1168,9,23,906.439,1134.47,13800.466,2,203,68.873,29.761,NA,4.235,0.014,63.435,63.435
1169,9,24,906.439,1134.47,14100.476,2,182,68.873,29.761,NA,0,0,0,-63.435
1170,9,25,907.197,1137.879,14400.486,2,184,72.366,32.835,NA,3.492,0.012,77.471,77.471
1171,9,26,907.197,1141.288,14700.496,2,117,75.775,35.535,NA,3.409,0.011,90,12.529
1172,9,27,910.606,1146.591,15000.507,2,173,82.079,41.832,NA,6.304,0.021,57.265,-32.735
1173,9,28,913.636,1151.136,15300.517,2,152,87.542,47.292,NA,5.463,0.018,56.31,-0.955
1174,9,29,917.045,1154.924,15600.527,2,255,92.638,52.356,NA,5.096,0.017,48.013,-8.297
1175,9,30,917.045,1154.924,15900.537,2,239,92.638,52.356,NA,0,0,0,-48.013
1176,9,31,916.667,1157.955,16200.547,2,138,95.692,54.63,NA,3.054,0.01,97.125,97.125
1177,9,32,918.561,1171.591,16500.557,2,188,109.459,67.293,NA,13.767,0.046,82.093,-15.032
1178,9,33,918.561,1171.591,16800.567,2,155,109.459,67.293,NA,0,0,0,-82.093
1179,9,34,917.424,1171.212,17100.578,2,153,110.657,66.422,NA,1.198,0.004,-161.565,-161.565
1180,9,35,917.424,1171.212,17400.588,2,241,110.657,66.422,NA,0,0,0,161.565
1181,9,36,917.424,1171.212,17700.598,2,237,110.657,66.422,NA,0,0,0,0
1182,9,37,923.485,1171.212,18000.608,2,206,116.718,69.463,NA,6.061,0.02,0,0
1183,9,38,927.652,1171.212,18300.618,2,255,120.884,71.776,NA,4.167,0.014,0,0
1184,9,39,927.273,1161.742,18600.628,2,198,130.362,64.019,NA,9.477,0.032,-92.291,-92.291
1185,9,40,927.273,1157.576,18900.638,2,216,134.528,60.872,NA,4.167,0.014,-90,2.291
1186,9,41,926.515,1155.682,19200.648,2,220,136.568,58.965,NA,2.04,0.007,-111.801,-21.801
1187,9,42,926.515,1147.348,19500.659,2,195,144.901,53.165,NA,8.333,0.028,-90,21.801
1188,9,43,926.515,1147.348,19800.669,2,146,144.901,53.165,NA,0,0,0,90
1189,9,44,929.924,1146.212,20100.679,2,185,148.495,55.082,NA,3.593,0.012,-18.435,-18.435
1190,9,45,929.924,1146.212,20400.689,2,240,148.495,55.082,NA,0,0,0,18.435
1191,9,46,929.924,1146.212,20700.699,2,191,148.495,55.082,NA,0,0,0,0
1192,9,47,929.924,1146.212,21000.709,2,228,148.495,55.082,NA,0,0,0,0
1193,9,48,925,1146.212,21300.719,2,219,153.419,51.276,NA,4.924,0.016,180,180
1194,9,49,922.727,1149.621,21600.729,2,211,157.516,51.964,NA,4.097,0.014,123.69,-56.31
1195,9,50,922.727,1156.439,21900.74,2,170,164.335,57.035,NA,6.818,0.023,90,-33.69
1196,9,51,926.894,1169.318,22200.75,2,160,177.871,69.793,NA,13.536,0.045,72.072,-17.928
1197,9,52,926.894,1169.318,22500.76,2,234,177.871,69.793,NA,0,0,0,-72.072
1198,9,53,932.576,1169.318,22800.77,2,255,183.552,73.238,NA,5.682,0.019,0,0
1199,9,54,932.576,1169.318,23100.78,2,188,183.552,73.238,NA,0,0,0,0
1200,9,55,929.167,1169.318,23400.79,2,255,186.961,71.137,NA,3.409,0.011,180,180
1201,9,56,929.167,1166.288,23700.8,2,184,189.992,68.74,NA,3.03,0.01,-90,90
1202,9,57,931.439,1166.288,24000.811,2,140,192.265,70.178,NA,2.273,0.008,0,90
1203,9,58,924.242,1176.136,24300.821,2,134,204.462,74.057,NA,12.198,0.041,126.158,126.158
1204,9,59,926.515,1176.136,24600.831,2,104,206.735,75.244,NA,2.273,0.008,0,-126.158
1205,9,60,926.515,1180.682,24900.841,2,250,211.281,79.126,NA,4.545,0.015,90,90
1206,9,61,926.515,1180.682,25200.851,2,238,211.281,79.126,NA,0,0,0,-90
1207,9,62,923.485,1182.576,25500.861,2,255,214.854,79.301,NA,3.573,0.012,147.995,147.995
1208,9,63,923.485,1190.152,25800.871,2,242,222.43,86.068,NA,7.576,0.025,90,-57.995
1209,9,64,923.485,1190.152,26100.881,2,161,222.43,86.068,NA,0,0,0,-90
1210,9,65,921.212,1190.152,26400.892,2,202,224.703,85.113,NA,2.273,0.008,180,180
1211,9,66,921.212,1196.591,26700.902,2,207,231.142,91.026,NA,6.439,0.021,90,-90
1212,9,67,924.242,1196.591,27000.912,2,255,234.172,92.228,NA,3.03,0.01,0,-90
1213,9,68,930.682,1195.833,27300.922,2,109,240.656,94.385,NA,6.484,0.022,-6.71,-6.71
1214,9,69,935.606,1200,27600.932,2,156,247.107,100.405,NA,6.451,0.022,40.236,46.946
1215,9,70,935.227,1200,27900.942,2,243,247.485,100.219,NA,0.379,0.001,180,139.764
1216,9,71,941.288,1207.197,28200.952,2,255,256.894,109.472,NA,9.409,0.031,49.899,-130.101
1217,9,72,945.455,1209.47,28500.963,2,229,261.64,113.556,NA,4.746,0.016,28.61,-21.289
1218,9,73,947.727,1209.47,28800.973,2,255,263.913,114.755,NA,2.273,0.008,0,-28.61
1219,9,74,948.106,1209.47,29100.983,2,194,264.292,114.958,NA,0.379,0.001,0,0
1220,9,75,947.348,1214.394,29400.993,2,232,269.274,118.75,NA,4.982,0.017,98.746,98.746
1221,9,76,942.045,1215.152,29701.003,2,255,274.631,116.781,NA,5.357,0.018,171.87,73.124
1222,9,77,942.045,1215.152,30001.013,2,190,274.631,116.781,NA,0,0,0,-171.87
1223,9,78,934.47,1218.561,30301.023,2,255,282.939,116.46,NA,8.307,0.028,155.772,155.772
1224,9,79,932.197,1219.697,30601.033,2,251,285.48,116.584,NA,2.541,0.008,153.435,-2.337
1225,9,80,932.955,1229.924,30901.044,2,234,295.735,126.33,NA,10.255,0.034,85.764,-67.671
1226,9,81,932.955,1229.924,31201.054,2,153,295.735,126.33,NA,0,0,0,-85.764
1227,9,82,938.636,1227.652,31501.064,2,215,301.854,126.461,NA,6.12,0.02,-21.801,-21.801
1228,9,83,939.773,1227.273,31801.074,2,255,303.052,126.591,NA,1.198,0.004,-18.435,3.366
1229,9,84,937.879,1223.106,32101.084,2,255,307.629,122.014,NA,4.577,0.015,-114.444,-96.009
1230,9,85,936.364,1222.348,32401.094,2,255,309.323,120.693,NA,1.694,0.006,-153.435,-38.991
1231,9,86,931.061,1225,32701.104,2,243,315.252,121.054,NA,5.929,0.02,153.435,-53.13
1232,9,87,927.652,1228.409,33001.115,2,139,320.073,123.043,NA,4.821,0.016,135,-18.435
1233,9,88,923.485,1239.773,33301.125,2,233,332.177,132.576,NA,12.103,0.04,110.136,-24.864
1234,9,89,923.485,1239.773,33601.135,2,235,332.177,132.576,NA,0,0,0,-110.136
1235,9,90,915.152,1247.727,33901.145,2,207,343.697,138.258,NA,11.52,0.038,136.332,136.332
1236,9,91,908.712,1259.091,34201.155,2,209,356.758,148.285,NA,13.061,0.044,119.539,-16.793
1237,9,92,881.061,1283.712,34501.165,2,255,393.783,171.294,NA,37.024,0.123,138.318,18.779
1238,9,93,859.091,1296.591,34801.175,2,255,419.249,186.1,NA,25.466,0.085,149.621,11.303
1239,9,94,855.303,1313.636,35101.185,2,243,436.71,203.521,NA,17.461,0.058,102.529,-47.092
1240,9,95,845.833,1320.833,35401.196,2,255,448.604,212.239,NA,11.894,0.04,142.765,40.236
1241,9,96,838.258,1320.833,35701.206,2,255,456.18,213.815,NA,7.576,0.025,180,37.235
1242,9,97,833.333,1321.97,36001.216,2,255,461.234,216.078,NA,5.054,0.017,167.005,-12.995
1243,9,98,828.03,1323.864,36301.226,2,221,466.865,219.266,NA,5.631,0.019,160.346,-6.659
1244,9,99,817.803,1332.576,36601.236,2,233,480.3,230.508,NA,13.435,0.045,139.574,-20.772
1245,9,100,811.364,1334.47,36901.246,2,58,487.012,234.298,NA,6.712,0.022,163.61,24.037
1246,9,101,811.364,1348.106,37201.256,2,142,500.648,247.255,NA,13.636,0.045,90,-73.61
1247,9,102,803.03,1361.364,37501.266,2,135,516.308,262.445,NA,15.659,0.052,122.152,32.152
1248,9,103,794.318,1363.636,37801.277,2,178,525.311,267.473,NA,9.004,0.03,165.379,43.227
1249,9,104,783.333,1364.015,38101.287,2,233,536.303,271.8,NA,10.991,0.037,178.025,12.646
1250,9,105,769.318,1368.561,38401.297,2,218,551.036,281.543,NA,14.734,0.049,162.031,-15.994
1251,9,106,760.227,1368.561,38701.307,2,178,560.127,285.442,NA,9.091,0.03,180,17.969
1252,9,107,754.924,1371.591,39001.317,2,132,566.235,290.524,NA,6.108,0.02,150.255,-29.745
1253,9,108,748.106,1373.485,39301.327,2,112,573.311,295.344,NA,7.076,0.024,164.476,14.221
1254,9,109,740.53,1368.561,39601.337,2,248,582.347,294.677,NA,9.036,0.03,-146.976,48.548
1255,9,110,731.818,1366.288,39901.348,2,255,591.351,297.141,NA,9.004,0.03,-165.379,-18.403
1256,9,111,722.348,1366.288,40201.358,2,126,600.82,302.174,NA,9.47,0.032,180,-14.621
1257,9,112,715.152,1368.182,40501.368,2,128,608.262,307.712,NA,7.442,0.025,165.256,-14.744
1258,9,113,714.394,1373.485,40801.378,2,168,613.619,312.549,NA,5.357,0.018,98.13,-67.126
1259,9,114,714.394,1377.273,41101.388,2,221,617.407,315.719,NA,3.788,0.013,90,-8.13
1260,9,115,699.242,1387.879,41401.398,2,236,635.902,332.938,NA,18.495,0.062,145.008,55.008
1261,9,116,667.424,1409.848,41701.408,2,237,674.568,369.257,NA,38.666,0.129,145.376,0.368
1262,10,1,950.758,1096.212,7500.253,2,17,0,0,NA,NA,NA,NA,NA
1263,10,2,953.03,1100,7800.263,2,29,4.417,4.417,NA,4.417,0.015,59.036,NA
1264,10,3,957.955,1103.03,8100.274,2,49,10.199,9.914,NA,5.782,0.019,31.608,-27.429
1265,10,4,957.955,1103.03,8400.284,2,37,10.199,9.914,NA,0,0,0,-31.608
1266,10,5,961.364,1105.303,8700.294,2,82,14.297,13.969,NA,4.097,0.014,33.69,33.69
1267,10,6,961.364,1105.303,9000.304,2,172,14.297,13.969,NA,0,0,0,-33.69
1268,10,7,961.364,1105.303,9300.314,2,193,14.297,13.969,NA,0,0,0,0
1269,10,8,961.364,1105.303,9600.324,2,163,14.297,13.969,NA,0,0,0,0
1270,10,9,961.364,1105.303,9900.334,2,96,14.297,13.969,NA,0,0,0,0
1271,10,10,961.364,1103.03,10200.344,2,169,16.569,12.609,NA,2.273,0.008,-90,-90
1272,10,11,957.955,1103.03,10500.355,2,126,19.978,9.914,NA,3.409,0.011,180,-90
1273,10,12,958.712,1103.03,10800.365,2,188,20.736,10.477,NA,0.758,0.003,0,-180
1274,10,13,960.227,1103.03,11100.375,2,144,22.251,11.669,NA,1.515,0.005,0,0
1275,10,14,960.227,1107.576,11400.385,2,143,26.797,14.792,NA,4.545,0.015,90,90
1276,10,15,960.227,1116.288,11700.395,2,218,35.509,22.197,NA,8.712,0.029,90,0
1277,10,16,968.182,1124.242,12000.405,2,202,46.758,33.005,NA,11.249,0.037,45,-45
1278,10,17,972.727,1126.515,12300.415,2,242,51.84,37.429,NA,5.082,0.017,26.565,-18.435
1279,10,18,972.727,1131.061,12600.426,2,214,56.386,41.196,NA,4.545,0.015,90,63.435
1280,10,19,972.727,1131.061,12900.436,2,255,56.386,41.196,NA,0,0,0,-90
1281,10,20,972.727,1134.47,13200.446,2,252,59.795,44.117,NA,3.409,0.011,90,90
1282,10,21,975.758,1139.394,13500.456,2,185,65.577,49.897,NA,5.782,0.019,58.392,-31.608
1283,10,22,980.303,1144.318,13800.466,2,227,72.278,56.455,NA,6.701,0.022,47.291,-11.102
1284,10,23,980.303,1144.318,14100.476,2,223,72.278,56.455,NA,0,0,0,-47.291
1285,10,24,985.227,1153.03,14400.486,2,237,82.285,66.456,NA,10.007,0.033,60.524,60.524
1286,10,25,985.227,1157.197,14700.496,2,215,86.452,70.052,NA,4.167,0.014,90,29.476
1287,10,26,981.439,1160.606,15000.507,2,240,91.548,71.33,NA,5.096,0.017,138.013,48.013
1288,10,27,981.439,1163.258,15300.517,2,224,94.2,73.732,NA,2.652,0.009,90,-48.013
1289,10,28,986.364,1166.667,15600.527,2,187,100.189,78.941,NA,5.989,0.02,34.695,-55.305
1290,10,29,1000,1165.909,15900.537,2,120,113.846,85.337,NA,13.657,0.046,-3.18,-37.875
1291,10,30,1008.712,1165.909,16200.547,2,255,122.558,90.644,NA,8.712,0.029,0,3.18
1292,10,31,1012.879,1162.121,16500.557,2,133,128.189,90.571,NA,5.631,0.019,-42.274,-42.274
1293,10,32,1014.015,1164.394,16800.567,2,228,130.73,93.007,NA,2.541,0.008,63.435,105.709
1294,10,33,1014.015,1162.5,17100.578,2,255,132.624,91.628,NA,1.894,0.006,-90,-153.435
1295,10,34,1006.439,1162.5,17400.588,2,255,140.2,86.571,NA,7.576,0.025,180,-90
1296,10,35,1006.439,1156.061,17700.598,2,255,146.64,81.745,NA,6.439,0.021,-90,90
1297,10,36,1006.439,1153.409,18000.608,2,241,149.291,79.825,NA,2.652,0.009,-90,0
1298,10,37,1009.848,1155.682,18300.618,2,255,153.388,83.835,NA,4.097,0.014,33.69,123.69
1299,10,38,1006.818,1158.712,18600.628,2,219,157.674,83.959,NA,4.285,0.014,135,101.31
1300,10,39,1006.818,1167.424,18900.638,2,255,166.386,90.631,NA,8.712,0.029,90,-45
1301,10,40,1005.303,1167.424,19200.648,2,253,167.901,89.702,NA,1.515,0.005,180,90
1302,10,41,1006.061,1170.833,19500.659,2,208,171.393,92.88,NA,3.492,0.012,77.471,-102.529
1303,10,42,1006.061,1173.485,19800.669,2,188,174.045,95.024,NA,2.652,0.009,90,12.529
1304,10,43,1007.576,1177.652,20100.679,2,238,178.478,99.301,NA,4.434,0.015,70.017,-19.983
1305,10,44,1007.955,1176.894,20400.689,2,255,179.325,98.899,NA,0.847,0.003,-63.435,-133.452
1306,10,45,1009.091,1176.894,20700.699,2,180,180.462,99.561,NA,1.136,0.004,0,63.435
1307,10,46,1009.091,1176.894,21000.709,2,213,180.462,99.561,NA,0,0,0,0
1308,10,47,1009.091,1180.682,21300.719,2,221,184.25,102.654,NA,3.788,0.013,90,90
1309,10,48,1009.091,1180.682,21600.729,2,255,184.25,102.654,NA,0,0,0,-90
1310,10,49,1006.439,1181.818,21900.74,2,255,187.134,102.122,NA,2.885,0.01,156.801,156.801
1311,10,50,1004.924,1193.182,22200.75,2,255,198.599,111.073,NA,11.464,0.038,97.595,-59.207
1312,10,51,1001.894,1192.803,22500.76,2,169,201.653,109.292,NA,3.054,0.01,-172.875,89.53
1313,10,52,1001.894,1198.106,22800.77,2,184,206.956,114.006,NA,5.303,0.018,90,-97.125
1314,10,53,1001.894,1198.106,23100.78,2,182,206.956,114.006,NA,0,0,0,-90
1315,10,54,1008.333,1199.242,23400.79,2,255,213.494,118.026,NA,6.539,0.022,10.008,10.008
1316,10,55,1008.333,1199.242,23700.8,2,255,213.494,118.026,NA,0,0,0,-10.008
1317,10,56,999.242,1204.924,24000.811,2,226,224.215,119.034,NA,10.72,0.036,147.995,147.995
1318,10,57,999.242,1204.924,24300.821,2,226,224.215,119.034,NA,0,0,0,-147.995
1319,10,58,999.242,1207.576,24600.831,2,224,226.866,121.46,NA,2.652,0.009,90,90
1320,10,59,996.212,1217.045,24900.841,2,215,236.809,129.1,NA,9.943,0.033,107.745,17.745
1321,10,60,996.212,1217.045,25200.851,2,255,236.809,129.1,NA,0,0,0,-107.745
1322,10,61,1000.758,1216.667,25500.861,2,255,241.37,130.42,NA,4.561,0.015,-4.764,-4.764
1323,10,62,1000.758,1216.667,25800.871,2,255,241.37,130.42,NA,0,0,0,4.764
1324,10,63,994.318,1216.667,26100.881,2,255,247.81,128.089,NA,6.439,0.021,180,180
1325,10,64,992.045,1219.697,26400.892,2,193,251.598,130.204,NA,3.788,0.013,126.87,-53.13
1326,10,65,982.576,1226.894,26700.902,2,213,263.492,134.5,NA,11.894,0.04,142.765,15.895
1327,10,66,982.955,1231.061,27000.912,2,255,267.676,138.639,NA,4.184,0.014,84.806,-57.96
1328,10,67,994.697,1231.061,27300.922,2,194,279.418,141.827,NA,11.742,0.039,0,-84.806
1329,10,68,994.697,1231.061,27600.932,2,208,279.418,141.827,NA,0,0,0,0
1330,10,69,993.182,1237.879,27900.942,2,198,286.403,147.883,NA,6.985,0.023,102.529,102.529
1331,10,70,990.53,1253.03,28200.952,2,255,301.784,161.783,NA,15.382,0.051,99.926,-2.603
1332,10,71,990.53,1253.03,28500.963,2,255,301.784,161.783,NA,0,0,0,-99.926
1333,10,72,985.606,1256.439,28800.973,2,255,307.773,163.973,NA,5.989,0.02,145.305,145.305
1334,10,73,985.606,1260.606,29100.983,2,255,311.94,168.047,NA,4.167,0.014,90,-55.305
1335,10,74,987.5,1260.606,29400.993,2,255,313.834,168.45,NA,1.894,0.006,0,-90
1336,10,75,990.152,1260.606,29701.003,2,232,316.486,169.048,NA,2.652,0.009,0,0
1337,10,76,979.167,1260.606,30001.013,2,255,327.47,166.831,NA,10.985,0.037,180,180
1338,10,77,976.136,1262.121,30301.023,2,255,330.858,167.839,NA,3.388,0.011,153.435,-26.565
1339,10,78,970.076,1265.53,30601.033,2,229,337.812,170.417,NA,6.954,0.023,150.642,-2.793
1340,10,79,971.212,1267.045,30901.044,2,255,339.706,172.054,NA,1.894,0.006,53.13,-97.512
1341,10,80,970.833,1274.621,31201.054,2,226,347.291,179.535,NA,7.585,0.025,92.862,39.732
1342,10,81,955.303,1290.152,31501.064,2,193,369.254,193.993,NA,21.963,0.073,135,42.138
1343,10,82,959.848,1288.258,31801.074,2,255,374.179,192.261,NA,4.924,0.016,-22.62,-157.62
1344,10,83,957.955,1289.015,32101.084,2,250,376.218,192.937,NA,2.04,0.007,158.199,-179.182
1345,10,84,954.167,1284.848,32401.094,2,231,381.85,188.667,NA,5.631,0.019,-132.274,69.528
1346,10,85,954.167,1285.227,32701.104,2,255,382.228,189.046,NA,0.379,0.001,90,-137.726
1347,10,86,947.348,1290.909,33001.115,2,255,391.104,194.727,NA,8.875,0.03,140.194,50.194
1348,10,87,939.015,1290.53,33301.125,2,255,399.446,194.673,NA,8.342,0.028,-177.397,42.408
1349,10,88,935.985,1289.394,33601.135,2,255,402.682,193.746,NA,3.236,0.011,-159.444,17.953
1350,10,89,935.985,1289.394,33901.145,2,255,402.682,193.746,NA,0,0,0,159.444
1351,10,90,925,1289.394,34201.155,2,171,413.667,194.891,NA,10.985,0.037,180,180
1352,10,91,925,1289.394,34501.165,2,170,413.667,194.891,NA,0,0,0,-180
1353,10,92,922.727,1289.394,34801.175,2,171,415.939,195.205,NA,2.273,0.008,180,180
1354,10,93,923.106,1305.682,35101.185,2,231,432.232,211.287,NA,16.292,0.054,88.668,-91.332
1355,10,94,928.788,1308.333,35401.196,2,255,438.502,213.256,NA,6.27,0.021,25.017,-63.651
1356,10,95,932.197,1318.561,35701.206,2,255,449.282,223.122,NA,10.78,0.036,71.565,46.548
1357,10,96,932.955,1328.409,36001.216,2,255,459.16,232.878,NA,9.878,0.033,85.601,14.036
1358,10,97,933.333,1346.591,36301.226,2,253,477.346,250.984,NA,18.186,0.061,88.807,3.205
1359,10,98,932.955,1361.364,36601.236,2,255,492.123,265.749,NA,14.778,0.049,91.469,2.662
1360,10,99,932.955,1361.364,36901.246,2,255,492.123,265.749,NA,0,0,0,-91.469
1361,10,100,926.136,1362.5,37201.256,2,255,499.035,267.424,NA,6.912,0.023,170.538,170.538
1362,10,101,920.076,1358.712,37501.266,2,255,506.182,264.287,NA,7.147,0.024,-147.995,41.468
1363,10,102,917.803,1358.712,37801.277,2,255,508.455,264.56,NA,2.273,0.008,180,-32.005
1364,10,103,910.606,1358.712,38101.287,2,203,515.652,265.553,NA,7.197,0.024,180,0
1365,10,104,910.606,1358.712,38401.297,2,160,515.652,265.553,NA,0,0,0,-180
1366,10,105,896.212,1362.879,38701.307,2,179,530.637,272.188,NA,14.985,0.05,163.856,163.856
1367,10,106,893.561,1368.561,39001.317,2,248,536.907,278.29,NA,6.27,0.021,115.017,-48.839
1368,10,107,884.47,1372.727,39301.327,2,146,546.907,284.35,NA,10,0.033,155.376,40.36
1369,10,108,884.47,1372.727,39601.337,2,228,546.907,284.35,NA,0,0,0,-155.376
1370,10,109,880.303,1384.848,39901.348,2,255,559.725,297.111,NA,12.817,0.043,108.97,108.97
1371,10,110,857.955,1404.545,40201.358,2,125,589.514,321.997,NA,29.79,0.099,138.608,29.638
1372,10,111,855.682,1406.818,40501.368,2,235,592.729,324.832,NA,3.214,0.011,135,-3.608
1373,10,112,850,1410.985,40801.378,2,174,599.774,330.506,NA,7.046,0.023,143.746,8.746
1374,10,113,843.182,1418.939,41101.388,2,167,610.251,340.184,NA,10.477,0.035,130.601,-13.145
1375,10,114,835.606,1418.939,41401.398,2,225,617.827,342.655,NA,7.576,0.025,180,49.399
1376,10,115,835.985,1412.5,41701.408,2,108,624.277,336.468,NA,6.451,0.022,-86.634,93.366
1377,10,116,844.697,1413.258,42001.418,2,192,633.022,334.315,NA,8.745,0.029,4.97,91.603
1378,10,117,846.97,1422.348,42301.429,2,138,642.393,342.253,NA,9.371,0.031,75.964,70.994
1379,10,118,850.758,1432.576,42601.439,2,94,653.299,350.914,NA,10.906,0.036,69.677,-6.287
1380,10,119,852.273,1440.53,42901.449,2,169,661.397,358.126,NA,8.098,0.027,79.216,9.539
1381,11,1,789.141,1150.253,8100.274,2,4,0,0,NA,NA,NA,NA,NA
1382,11,2,789.141,1156.818,8400.284,2,41,6.566,6.566,NA,6.566,0.022,90,NA
1383,11,3,788.636,1161.364,8700.294,2,78,11.139,11.123,NA,4.573,0.015,96.34,6.34
1384,11,4,788.636,1162.374,9000.304,2,56,12.149,12.132,NA,1.01,0.003,90,-6.34
1385,11,5,787.626,1166.414,9300.314,2,131,16.314,16.232,NA,4.165,0.014,104.036,14.036
1386,11,6,787.626,1166.414,9600.324,2,168,16.314,16.232,NA,0,0,0,-104.036
1387,11,7,780.051,1166.414,9900.334,2,117,23.89,18.543,NA,7.576,0.025,180,180
1388,11,8,783.081,1166.414,10200.344,2,52,26.92,17.261,NA,3.03,0.01,0,-180
1389,11,9,785.101,1172.98,10500.355,2,77,33.789,23.084,NA,6.869,0.023,72.897,72.897
1390,11,10,794.697,1172.98,10800.365,2,121,43.385,23.396,NA,9.596,0.032,0,-72.897
1391,11,11,797.222,1172.98,11100.375,2,102,45.911,24.121,NA,2.525,0.008,0,0
1392,11,12,803.283,1171.97,11400.385,2,62,52.055,25.916,NA,6.144,0.02,-9.462,-9.462
1393,11,13,803.283,1171.97,11700.395,2,77,52.055,25.916,NA,0,0,0,9.462
1394,11,14,804.293,1172.98,12000.405,2,25,53.483,27.315,NA,1.428,0.005,45,45
1395,11,15,807.323,1180.051,12300.415,2,255,61.176,34.907,NA,7.693,0.026,66.801,21.801
1396,11,16,807.323,1181.566,12600.426,2,255,62.691,36.209,NA,1.515,0.005,90,23.199
1397,11,17,798.737,1182.576,12900.436,2,255,71.336,33.718,NA,8.645,0.029,173.29,83.29
1398,11,18,798.737,1182.576,13200.446,2,242,71.336,33.718,NA,0,0,0,-173.29
1399,11,19,805.303,1203.788,13500.456,2,224,93.541,55.922,NA,22.205,0.074,72.801,72.801
1400,11,20,812.374,1208.838,13800.466,2,228,102.23,63.024,NA,8.689,0.029,35.538,-37.264
1401,11,21,812.374,1208.838,14100.476,2,255,102.23,63.024,NA,0,0,0,-35.538
1402,11,22,812.374,1217.424,14400.486,2,255,110.816,71.076,NA,8.586,0.029,90,90
1403,11,23,819.444,1219.444,14700.496,2,224,118.17,75.537,NA,7.354,0.025,15.945,-74.055
1404,11,24,837.626,1221.465,15000.507,2,142,136.464,86.151,NA,18.294,0.061,6.34,-9.605
1405,11,25,847.222,1225,15300.517,2,174,146.69,94.66,NA,10.226,0.034,20.225,13.885
1406,11,26,860.354,1233.081,15600.527,2,113,162.109,109.232,NA,15.419,0.051,31.608,11.383
1407,11,27,866.919,1233.081,15900.537,2,117,168.674,113.622,NA,6.566,0.022,0,-31.608
1408,11,28,866.919,1233.081,16200.547,2,170,168.674,113.622,NA,0,0,0,0
1409,11,29,862.879,1224.495,16500.557,2,233,178.163,104.638,NA,9.489,0.032,-115.201,-115.201
1410,11,30,862.879,1219.444,16800.567,2,91,183.214,101.117,NA,5.051,0.017,-90,25.201
1411,11,31,888.131,1217.424,17100.578,2,218,208.547,119.629,NA,25.333,0.084,-4.574,85.426
1412,11,32,905.303,1209.343,17400.588,2,255,227.525,130.327,NA,18.978,0.063,-25.201,-20.627
1413,11,33,901.136,1210.606,17700.598,2,255,231.879,127.222,NA,4.354,0.015,163.142,-171.657
1414,11,34,901.136,1210.227,18000.608,2,254,232.258,127.043,NA,0.379,0.001,-90,106.858
1415,11,35,904.167,1215.53,18300.618,2,255,238.366,132.257,NA,6.108,0.02,60.255,150.255
1416,11,36,904.167,1221.212,18600.628,2,229,244.047,135.152,NA,5.682,0.019,90,29.745
1417,11,37,904.167,1214.773,18900.638,2,255,250.487,131.885,NA,6.439,0.021,-90,-180
1418,11,38,912.879,1214.773,19200.648,2,255,259.199,139.549,NA,8.712,0.029,0,90
1419,11,39,920.076,1221.97,19500.659,2,235,269.377,149.289,NA,10.178,0.034,45,45
1420,11,40,920.076,1221.97,19800.669,2,192,269.377,149.289,NA,0,0,0,-45
1421,11,41,920.076,1217.803,20100.679,2,255,273.544,147.333,NA,4.167,0.014,-90,-90
1422,11,42,923.864,1220.076,20400.689,2,255,277.961,151.741,NA,4.417,0.015,30.964,120.964
1423,11,43,930.303,1228.409,20700.699,2,171,288.492,161.354,NA,10.531,0.035,52.306,21.342
1424,11,44,951.136,1219.697,21000.709,2,246,311.074,176.252,NA,22.582,0.075,-22.694,-75
1425,11,45,951.515,1219.318,21300.719,2,255,311.61,176.452,NA,0.536,0.002,-45,-22.306
1426,11,46,947.348,1217.045,21600.729,2,255,316.356,171.729,NA,4.746,0.016,-151.39,-106.39
1427,11,47,942.803,1217.045,21900.74,2,243,320.901,167.551,NA,4.545,0.015,180,-28.61
1428,11,48,954.545,1212.5,22200.75,2,221,333.493,176.729,NA,12.591,0.042,-21.161,158.839
1429,11,49,954.545,1212.5,22500.76,2,176,333.493,176.729,NA,0,0,0,21.161
1430,11,50,949.242,1202.273,22800.77,2,255,345.013,168.34,NA,11.52,0.038,-117.408,-117.408
1431,11,51,942.803,1190.909,23100.78,2,233,358.074,158.949,NA,13.061,0.044,-119.539,-2.131
1432,11,52,942.803,1183.712,23400.79,2,196,365.271,157.262,NA,7.197,0.024,-90,29.539
1433,11,53,943.561,1182.197,23700.8,2,227,366.965,157.689,NA,1.694,0.006,-63.435,26.565
1434,11,54,945.455,1197.348,24000.811,2,255,382.235,163.254,NA,15.269,0.051,82.875,146.31
1435,11,55,948.106,1204.167,24300.821,2,255,389.55,167.859,NA,7.316,0.024,68.749,-14.125
1436,11,56,942.045,1221.97,24600.831,2,212,408.357,168.888,NA,18.806,0.063,108.8,40.05
1437,11,57,937.5,1229.924,24900.841,2,251,417.518,168.398,NA,9.162,0.031,119.745,10.945
1438,11,58,935.985,1243.182,25200.851,2,91,430.862,173.778,NA,13.344,0.044,96.52,-23.225
1439,11,59,935.985,1243.182,25500.861,2,255,430.862,173.778,NA,0,0,0,-96.52
1440,11,60,933.712,1251.515,25800.871,2,248,439.5,176.507,NA,8.638,0.029,105.255,105.255
1441,11,61,926.894,1251.515,26100.881,2,255,446.318,170.967,NA,6.818,0.023,180,74.745
1442,11,62,927.273,1246.591,26400.892,2,218,451.257,168.408,NA,4.939,0.016,-85.601,94.399
1443,11,63,946.97,1257.955,26700.902,2,247,473.997,191.075,NA,22.74,0.076,29.982,115.583
1444,11,64,949.242,1262.879,27000.912,2,199,479.42,195.747,NA,5.423,0.018,65.225,35.243
1445,11,65,940.909,1259.091,27300.922,2,169,488.574,186.76,NA,9.154,0.031,-155.556,139.219
1446,11,66,940.53,1249.621,27600.932,2,255,498.051,181.088,NA,9.477,0.032,-92.291,63.265
1447,11,67,935.985,1249.621,27900.942,2,255,502.597,177.305,NA,4.545,0.015,180,-87.709
1448,11,68,931.439,1261.364,28200.952,2,106,515.188,180.539,NA,12.591,0.042,111.161,-68.839
1449,11,69,927.273,1271.212,28500.963,2,230,525.882,183.607,NA,10.694,0.036,112.932,1.771
1450,11,70,927.273,1271.212,28800.973,2,255,525.882,183.607,NA,0,0,0,-112.932
1451,11,71,926.894,1280.682,29100.983,2,217,535.359,189.704,NA,9.477,0.032,92.291,92.291
1452,11,72,914.394,1284.091,29400.993,2,218,548.316,183.306,NA,12.957,0.043,164.745,72.454
1453,11,73,911.742,1292.424,29701.003,2,194,557.061,187.733,NA,8.745,0.029,107.65,-57.095
1454,11,74,911.742,1296.212,30001.013,2,247,560.849,190.618,NA,3.788,0.013,90,-17.65
1455,11,75,919.318,1303.03,30301.023,2,249,571.041,200.716,NA,10.192,0.034,41.987,-48.013
1456,11,76,920.076,1306.439,30601.033,2,255,574.533,203.809,NA,3.492,0.012,77.471,35.484
1457,11,77,920.076,1306.439,30901.044,2,255,574.533,203.809,NA,0,0,0,-77.471
1458,11,78,912.121,1306.439,31201.054,2,255,582.488,198.792,NA,7.955,0.027,180,180
1459,11,79,901.515,1304.924,31501.064,2,223,593.201,191.184,NA,10.714,0.036,-171.87,8.13
1460,11,80,899.621,1301.515,31801.074,2,255,597.101,187.313,NA,3.9,0.013,-119.055,52.815
1461,11,81,887.121,1315.152,32101.084,2,159,615.6,191.812,NA,18.499,0.062,132.51,-108.435
1462,11,82,848.485,1326.136,32401.094,2,237,655.767,185.625,NA,40.168,0.134,164.129,31.618
1463,11,83,831.439,1328.409,32701.104,2,174,672.964,183.109,NA,17.196,0.057,172.405,8.277
1464,11,84,828.788,1341.667,33001.115,2,233,686.484,195.477,NA,13.52,0.045,101.31,-71.095
1465,11,85,821.212,1350.379,33301.125,2,248,698.029,202.68,NA,11.545,0.038,131.009,29.699
1466,11,86,829.545,1348.864,33601.135,2,230,706.499,202.679,NA,8.47,0.028,-10.305,-141.314
1467,11,87,821.212,1343.561,33901.145,2,255,716.377,195.95,NA,9.878,0.033,-147.529,-137.224
1468,11,88,812.5,1339.015,34201.155,2,255,726.203,190.202,NA,9.827,0.033,-152.447,-4.918
1469,11,89,810.227,1335.985,34501.165,2,231,729.991,186.925,NA,3.788,0.013,-126.87,25.577
1470,11,90,801.515,1352.652,34801.175,2,200,748.798,202.777,NA,18.806,0.063,117.597,-115.533
1471,11,91,793.561,1353.409,35101.185,2,220,756.788,203.205,NA,7.991,0.027,174.56,56.962
1472,11,92,793.561,1349.242,35401.196,2,255,760.955,199.039,NA,4.167,0.014,-90,95.44
1473,11,93,801.515,1352.273,35701.206,2,139,769.467,202.399,NA,8.512,0.028,20.854,110.854
1474,11,94,810.985,1361.742,36001.216,2,189,782.859,212.615,NA,13.392,0.045,45,24.146
1475,11,95,825,1375.379,36301.226,2,116,802.414,227.964,NA,19.554,0.065,44.215,-0.785
1476,11,96,836.742,1379.545,36601.236,2,238,814.873,234.182,NA,12.46,0.042,19.537,-24.679
1477,11,97,831.061,1393.561,36901.246,2,240,829.996,246.893,NA,15.123,0.05,112.068,92.531
1478,11,98,823.864,1405.303,37201.256,2,255,843.769,257.403,NA,13.772,0.046,121.504,9.436
1479,11,99,829.167,1407.197,37501.266,2,214,849.4,260.043,NA,5.631,0.019,19.654,-101.85
1480,11,100,832.576,1410.606,37801.277,2,220,854.221,263.952,NA,4.821,0.016,45,25.346
1481,11,101,834.848,1423.864,38101.287,2,243,867.672,277.403,NA,13.451,0.045,80.272,35.272
1482,12,1,768.182,1171.97,7200.243,2,54,0,0,NA,NA,NA,NA,NA
1483,12,2,768.182,1177.652,7500.253,2,35,5.682,5.682,NA,5.682,0.019,90,NA
1484,12,3,768.182,1178.788,7800.263,2,67,6.818,6.818,NA,1.136,0.004,90,0
1485,12,4,768.182,1181.061,8100.274,2,46,9.091,9.091,NA,2.273,0.008,90,0
1486,12,5,765.909,1181.061,8400.284,2,42,11.364,9.371,NA,2.273,0.008,180,90
1487,12,6,762.5,1185.985,8700.294,2,78,17.353,15.123,NA,5.989,0.02,124.695,-55.305
1488,12,7,763.258,1195.076,9000.304,2,25,26.475,23.625,NA,9.122,0.03,85.236,-39.459
1489,12,8,763.258,1195.076,9300.314,2,50,26.475,23.625,NA,0,0,0,-85.236
1490,12,9,763.258,1199.621,9600.324,2,44,31.021,28.087,NA,4.545,0.015,90,90
1491,12,10,766.288,1203.03,9900.334,2,110,35.582,31.118,NA,4.561,0.015,48.366,-41.634
1492,12,11,771.591,1204.167,10200.344,2,149,41.005,32.377,NA,5.423,0.018,12.095,-36.272
1493,12,12,778.409,1210.985,10500.355,2,103,50.648,40.333,NA,9.642,0.032,45,32.905
1494,12,13,786.364,1211.364,10800.365,2,71,58.611,43.387,NA,7.964,0.027,2.726,-42.274
1495,12,14,787.121,1211.364,11100.375,2,146,59.369,43.71,NA,0.758,0.003,0,-2.726
1496,12,15,787.121,1217.803,11400.385,2,255,65.808,49.592,NA,6.439,0.021,90,90
1497,12,16,787.121,1217.803,11700.395,2,212,65.808,49.592,NA,0,0,0,-90
1498,12,17,783.333,1221.591,12000.405,2,164,71.165,51.883,NA,5.357,0.018,135,135
1499,12,18,782.197,1215.152,12300.415,2,174,77.704,45.399,NA,6.539,0.022,-100.008,124.992
1500,12,19,777.652,1211.364,12600.426,2,90,83.621,40.516,NA,5.917,0.02,-140.194,-40.186
1501,12,20,777.273,1206.818,12900.436,2,193,88.182,36.015,NA,4.561,0.015,-94.764,45.431
1502,12,21,773.485,1212.879,13200.446,2,201,95.329,41.251,NA,7.147,0.024,122.005,-143.231
1503,12,22,773.485,1212.879,13500.456,2,255,95.329,41.251,NA,0,0,0,-122.005
1504,12,23,773.485,1212.879,13800.466,2,213,95.329,41.251,NA,0,0,0,0
1505,12,24,773.485,1221.591,14100.476,2,113,104.041,49.904,NA,8.712,0.029,90,90
1506,12,25,782.197,1215.909,14400.486,2,84,114.442,46.12,NA,10.401,0.035,-33.111,-123.111
1507,12,26,782.197,1204.167,14700.496,2,74,126.185,35.115,NA,11.742,0.039,-90,-56.889
1508,12,27,782.197,1204.167,15000.507,2,25,126.185,35.115,NA,0,0,0,90
1509,12,28,782.197,1194.318,15300.517,2,200,136.033,26.38,NA,9.848,0.033,-90,-90
1510,12,29,779.924,1193.939,15600.527,2,203,138.337,24.911,NA,2.304,0.008,-170.538,-80.538
1511,12,30,779.924,1193.939,15900.537,2,199,138.337,24.911,NA,0,0,0,170.538
1512,12,31,779.924,1189.773,16200.547,2,239,142.504,21.327,NA,4.167,0.014,-90,-90
1513,12,32,779.924,1189.773,16500.557,2,246,142.504,21.327,NA,0,0,0,90
1514,12,33,779.924,1182.197,16800.567,2,160,150.08,15.572,NA,7.576,0.025,-90,-90
1515,12,34,779.924,1177.652,17100.578,2,146,154.625,13.045,NA,4.545,0.015,-90,0
1516,12,35,779.924,1176.894,17400.588,2,183,155.383,12.733,NA,0.758,0.003,-90,0
1517,12,36,778.03,1179.924,17700.598,2,245,158.956,12.66,NA,3.573,0.012,122.005,-147.995
1518,12,37,778.03,1185.227,18000.608,2,155,164.259,16.515,NA,5.303,0.018,90,-32.005
1519,12,38,786.742,1185.985,18300.618,2,87,173.004,23.258,NA,8.745,0.029,4.97,-85.03
1520,12,39,793.939,1184.47,18600.628,2,194,180.359,28.63,NA,7.355,0.025,-11.889,-16.858
1521,12,40,808.333,1180.682,18900.638,2,255,195.243,41.086,NA,14.884,0.05,-14.744,-2.855
1522,12,41,818.939,1182.576,19200.648,2,201,206.017,51.854,NA,10.774,0.036,10.125,24.868
1523,12,42,831.061,1201.894,19500.659,2,231,228.823,69.636,NA,22.806,0.076,57.894,47.769
1524,12,43,841.667,1201.894,19800.669,2,163,239.429,79.344,NA,10.606,0.035,0,-57.894
1525,12,44,834.47,1201.894,20100.679,2,255,246.626,72.729,NA,7.197,0.024,180,180
1526,12,45,834.47,1198.864,20400.689,2,175,249.656,71.536,NA,3.03,0.01,-90,90
1527,12,46,834.47,1198.864,20700.699,2,252,249.656,71.536,NA,0,0,0,90
1528,12,47,838.258,1195.455,21000.709,2,255,254.752,73.906,NA,5.096,0.017,-41.987,-41.987
1529,12,48,838.258,1195.455,21300.719,2,160,254.752,73.906,NA,0,0,0,41.987
1530,12,49,838.258,1208.333,21600.729,2,255,267.631,78.949,NA,12.879,0.043,90,90
1531,12,50,840.53,1214.394,21900.74,2,255,274.104,83.87,NA,6.473,0.022,69.444,-20.556
1532,12,51,840.53,1210.606,22200.75,2,247,277.892,82.019,NA,3.788,0.013,-90,-159.444
1533,12,52,828.409,1210.606,22500.76,2,202,290.013,71.555,NA,12.121,0.04,180,-90
1534,12,53,831.061,1209.848,22800.77,2,242,292.77,73.407,NA,2.758,0.009,-15.945,164.055
1535,12,54,831.061,1209.848,23100.78,2,225,292.77,73.407,NA,0,0,0,15.945
1536,12,55,835.606,1211.742,23400.79,2,155,297.695,78.281,NA,4.924,0.016,22.62,22.62
1537,12,56,835.606,1211.742,23700.8,2,175,297.695,78.281,NA,0,0,0,-22.62
1538,12,57,834.47,1213.258,24000.811,2,149,299.589,78.095,NA,1.894,0.006,126.87,126.87
1539,12,58,834.47,1215.909,24300.821,2,197,302.24,79.528,NA,2.652,0.009,90,-36.87
1540,12,59,834.47,1218.939,24600.831,2,255,305.27,81.242,NA,3.03,0.01,90,0
1541,12,60,834.091,1224.242,24900.841,2,255,310.587,84.122,NA,5.317,0.018,94.086,4.086
1542,12,61,829.545,1221.212,25200.851,2,255,316.05,78.679,NA,5.463,0.018,-146.31,119.604
1543,12,62,828.788,1220.833,25500.861,2,255,316.897,77.851,NA,0.847,0.003,-153.435,-7.125
1544,12,63,828.788,1218.561,25800.871,2,255,319.17,76.445,NA,2.273,0.008,-90,63.435
1545,12,64,826.136,1218.561,26100.881,2,243,321.821,74.36,NA,2.652,0.009,180,-90
1546,12,65,826.515,1223.106,26400.892,2,255,326.382,77.574,NA,4.561,0.015,85.236,-94.764
1547,12,66,836.364,1223.106,26700.902,2,243,336.231,85.227,NA,9.848,0.033,0,-85.236
1548,12,67,835.227,1227.273,27000.912,2,255,340.55,86.911,NA,4.319,0.014,105.255,105.255
1549,12,68,829.545,1232.197,27300.922,2,255,348.068,85.982,NA,7.519,0.025,139.086,33.83
1550,12,69,817.045,1243.561,27600.932,2,255,364.962,86.677,NA,16.893,0.056,137.726,-1.359
1551,12,70,810.606,1256.439,27900.942,2,132,379.361,94.525,NA,14.399,0.048,116.565,-21.161
1552,12,71,804.924,1258.712,28200.952,2,224,385.48,94.203,NA,6.12,0.02,158.199,41.634
1553,12,72,804.924,1258.712,28500.963,2,246,385.48,94.203,NA,0,0,0,-158.199
1554,12,73,812.5,1260.606,28800.973,2,154,393.289,99.098,NA,7.809,0.026,14.036,14.036
1555,12,74,810.227,1265.152,29100.983,2,185,398.371,102.229,NA,5.082,0.017,116.565,102.529
1556,12,75,810.227,1277.273,29400.993,2,243,410.492,113.387,NA,12.121,0.04,90,-26.565
1557,12,76,802.273,1295.076,29701.003,2,255,429.992,127.739,NA,19.499,0.065,114.075,24.075
1558,12,77,799.621,1300,30001.013,2,253,435.584,131.834,NA,5.593,0.019,118.301,4.225
1559,12,78,801.136,1298.864,30301.023,2,182,437.478,131.103,NA,1.894,0.006,-36.87,-155.171
1560,12,79,798.106,1307.197,30601.033,2,255,446.345,138.499,NA,8.867,0.03,109.983,146.853
1561,12,80,782.955,1321.212,30901.044,2,185,466.985,149.972,NA,20.64,0.069,137.231,27.248
1562,12,81,775,1338.636,31201.054,2,126,486.139,166.806,NA,19.154,0.064,114.538,-22.693
1563,12,82,766.667,1342.424,31501.064,2,170,495.293,170.461,NA,9.154,0.031,155.556,41.018
1564,12,83,755.303,1349.242,31801.074,2,255,508.545,177.74,NA,13.252,0.044,149.036,-6.52
1565,12,84,750.758,1348.485,32101.084,2,200,513.153,177.373,NA,4.608,0.015,-170.538,40.426
1566,12,85,750.758,1348.485,32401.094,2,230,513.153,177.373,NA,0,0,0,170.538
1567,12,86,747.727,1344.697,32701.104,2,199,518.004,173.934,NA,4.851,0.016,-128.66,-128.66
1568,12,87,747.727,1344.697,33001.115,2,153,518.004,173.934,NA,0,0,0,128.66
1569,12,88,742.045,1343.182,33301.125,2,142,523.884,173.196,NA,5.88,0.02,-165.069,-165.069
1570,12,89,736.742,1345.455,33601.135,2,157,529.654,176.311,NA,5.77,0.019,156.801,-38.13
1571,12,90,726.136,1349.621,33901.145,2,179,541.049,182.559,NA,11.395,0.038,158.552,1.751
1572,12,91,733.333,1346.212,34201.155,2,241,549.013,177.693,NA,7.964,0.027,-25.346,176.102
1573,12,92,734.091,1351.136,34501.165,2,230,553.995,182.381,NA,4.982,0.017,81.254,106.6
1574,12,93,726.894,1346.97,34801.175,2,255,562.311,179.805,NA,8.316,0.028,-149.931,128.815
1575,12,94,720.833,1340.152,35101.185,2,248,571.433,174.72,NA,9.122,0.03,-131.634,18.298
1576,12,95,720.833,1339.773,35401.196,2,211,571.812,174.355,NA,0.379,0.001,-90,41.634
1577,12,96,719.697,1339.773,35701.206,2,229,572.949,174.667,NA,1.136,0.004,180,-90
1578,12,97,706.818,1339.773,36001.216,2,255,585.827,178.671,NA,12.879,0.043,180,0
1579,12,98,706.061,1333.333,36301.226,2,205,592.311,172.908,NA,6.484,0.022,-96.71,83.29
1580,12,99,706.061,1333.333,36601.236,2,255,592.311,172.908,NA,0,0,0,96.71
1581,12,100,707.197,1327.273,36901.246,2,255,598.477,166.848,NA,6.166,0.021,-79.38,-79.38
1582,12,101,709.47,1327.273,37201.256,2,255,600.75,166.031,NA,2.273,0.008,0,79.38
1583,12,102,709.47,1327.273,37501.266,2,211,600.75,166.031,NA,0,0,0,0
1584,12,103,700.758,1327.273,37801.277,2,255,609.462,169.308,NA,8.712,0.029,180,180
1585,12,104,699.242,1320.076,38101.287,2,244,616.817,163.365,NA,7.355,0.025,-101.889,78.111
1586,12,105,699.242,1317.803,38401.297,2,205,619.09,161.307,NA,2.273,0.008,-90,11.889
1587,12,106,700.379,1313.258,38701.307,2,236,623.775,156.715,NA,4.685,0.016,-75.964,14.036
1588,12,107,700.379,1313.258,39001.317,2,229,623.775,156.715,NA,0,0,0,75.964
1589,12,108,702.273,1313.258,39301.327,2,237,625.669,155.905,NA,1.894,0.006,0,0
1590,12,109,702.273,1330.303,39601.337,2,255,642.714,171.504,NA,17.045,0.057,90,90
1591,12,110,689.773,1339.015,39901.348,2,205,657.951,184.532,NA,15.237,0.051,145.125,55.125
1592,12,111,677.273,1346.97,40201.358,2,233,672.767,197.204,NA,14.816,0.049,147.529,2.404
1593,12,112,674.621,1361.364,40501.368,2,223,687.403,211.243,NA,14.636,0.049,100.437,-47.091
1594,12,113,663.636,1373.864,40801.378,2,167,704.044,227.356,NA,16.641,0.055,131.309,30.871
1595,12,114,658.712,1378.409,41101.388,2,221,710.746,233.668,NA,6.701,0.022,137.291,5.982
1596,12,115,657.576,1383.712,41401.398,2,194,716.169,238.89,NA,5.423,0.018,102.095,-35.196
1597,12,116,645.833,1392.045,41701.408,2,230,730.568,251.799,NA,14.399,0.048,144.638,42.543
1598,12,117,650.758,1403.03,42001.418,2,213,742.606,259.186,NA,12.038,0.04,65.854,-78.783
1599,13,1,812.879,1112.121,14100.476,2,55,0,0,NA,NA,NA,NA,NA
1600,13,2,812.879,1116.667,14400.486,2,69,4.545,4.545,NA,4.545,0.015,90,NA
1601,13,3,812.5,1120.076,14700.496,2,104,7.976,7.964,NA,3.43,0.011,96.34,6.34
1602,13,4,812.5,1120.076,15000.507,2,105,7.976,7.964,NA,0,0,0,-96.34
1603,13,5,812.5,1120.076,15300.517,2,69,7.976,7.964,NA,0,0,0,0
1604,13,6,820.833,1116.288,15600.527,2,135,17.129,8.98,NA,9.154,0.031,-24.444,-24.444
1605,13,7,821.212,1116.288,15900.537,2,110,17.508,9.317,NA,0.379,0.001,0,24.444
1606,13,8,823.864,1116.288,16200.547,2,152,20.16,11.749,NA,2.652,0.009,0,0
1607,13,9,823.864,1113.258,16500.557,2,109,23.19,11.043,NA,3.03,0.01,-90,-90
1608,13,10,828.03,1110.985,16800.567,2,141,27.936,15.194,NA,4.746,0.016,-28.61,61.39
1609,13,11,823.485,1110.985,17100.578,2,139,32.482,10.667,NA,4.545,0.015,180,-151.39
1610,13,12,823.485,1109.091,17400.588,2,125,34.376,11.03,NA,1.894,0.006,-90,90
1611,13,13,818.182,1109.091,17700.598,2,87,39.679,6.108,NA,5.303,0.018,180,-90
1612,13,14,816.288,1113.258,18000.608,2,218,44.255,3.593,NA,4.577,0.015,114.444,-65.556
1613,13,15,810.985,1114.015,18300.618,2,116,49.612,2.678,NA,5.357,0.018,171.87,57.426
1614,13,16,813.636,1118.561,18600.628,2,107,54.875,6.484,NA,5.262,0.018,59.744,-112.126
1615,13,17,814.015,1125,18900.638,2,121,61.325,12.929,NA,6.451,0.022,86.634,26.89
1616,13,18,818.939,1125,19200.648,2,255,66.249,14.234,NA,4.924,0.016,0,-86.634
1617,13,19,818.939,1128.788,19500.659,2,239,70.037,17.734,NA,3.788,0.013,90,90
1618,13,20,818.939,1133.712,19800.669,2,150,74.962,22.425,NA,4.924,0.016,90,0
1619,13,21,818.939,1133.712,20100.679,2,142,74.962,22.425,NA,0,0,0,-90
1620,13,22,818.939,1139.773,20400.689,2,255,81.022,28.308,NA,6.061,0.02,90,90
1621,13,23,813.636,1137.879,20700.699,2,255,86.653,25.769,NA,5.631,0.019,-160.346,109.654
1622,13,24,811.742,1136.364,21000.709,2,205,89.079,24.269,NA,2.425,0.008,-141.34,19.006
1623,13,25,817.803,1134.47,21300.719,2,255,95.428,22.885,NA,6.35,0.021,-17.354,123.986
1624,13,26,810.606,1138.636,21600.729,2,90,103.744,26.612,NA,8.316,0.028,149.931,167.285
1625,13,27,811.364,1139.394,21900.74,2,255,104.816,27.315,NA,1.071,0.004,45,-104.931
1626,13,28,811.364,1149.242,22200.75,2,242,114.664,37.152,NA,9.848,0.033,90,45
1627,13,29,809.47,1149.242,22500.76,2,232,116.558,37.277,NA,1.894,0.006,180,90
1628,13,30,804.167,1149.242,22800.77,2,234,121.861,38.13,NA,5.303,0.018,180,0
1629,13,31,804.167,1151.136,23100.78,2,217,123.755,39.976,NA,1.894,0.006,90,-90
1630,13,32,796.97,1162.121,23400.79,2,213,136.888,52.47,NA,13.133,0.044,123.232,33.232
1631,13,33,796.97,1162.121,23700.8,2,179,136.888,52.47,NA,0,0,0,-123.232
1632,13,34,791.288,1170.455,24000.811,2,251,146.974,62.201,NA,10.086,0.034,124.287,124.287
1633,13,35,800,1168.561,24300.821,2,236,155.889,57.89,NA,8.916,0.03,-12.265,-136.552
1634,13,36,800,1167.045,24600.831,2,243,157.404,56.414,NA,1.515,0.005,-90,-77.735
1635,13,37,795.076,1167.045,24900.841,2,255,162.329,57.738,NA,4.924,0.016,180,-90
1636,13,38,795.076,1167.045,25200.851,2,196,162.329,57.738,NA,0,0,0,-180
1637,13,39,788.258,1168.182,25500.861,2,193,169.241,61.229,NA,6.912,0.023,170.538,170.538
1638,13,40,788.258,1168.182,25800.871,2,215,169.241,61.229,NA,0,0,0,-170.538
1639,13,41,788.258,1168.182,26100.881,2,249,169.241,61.229,NA,0,0,0,0
1640,13,42,788.258,1173.485,26400.892,2,255,174.544,66.119,NA,5.303,0.018,90,90
1641,13,43,788.258,1174.621,26700.902,2,255,175.68,67.175,NA,1.136,0.004,90,0
1642,13,44,788.258,1183.333,27000.912,2,255,184.392,75.348,NA,8.712,0.029,90,0
1643,13,45,789.394,1200,27300.922,2,255,201.098,90.963,NA,16.705,0.056,86.1,-3.9
1644,13,46,789.394,1204.924,27600.932,2,243,206.022,95.728,NA,4.924,0.016,90,3.9
1645,13,47,781.818,1204.167,27900.942,2,255,213.636,97.145,NA,7.614,0.025,-174.289,95.711
1646,13,48,781.818,1197.348,28200.952,2,255,220.454,90.711,NA,6.818,0.023,-90,84.289
1647,13,49,781.818,1196.97,28500.963,2,255,220.833,90.355,NA,0.379,0.001,-90,0
1648,13,50,777.652,1201.515,28800.973,2,156,226.999,96.085,NA,6.166,0.021,132.51,-137.49
1649,13,51,787.5,1205.303,29100.983,2,255,237.551,96.576,NA,10.552,0.035,21.038,-111.473
1650,13,52,787.879,1210.985,29400.993,2,216,243.245,101.976,NA,5.694,0.019,86.186,65.148
1651,13,53,793.561,1210.985,29701.003,2,216,248.927,100.733,NA,5.682,0.019,0,-86.186
1652,13,54,792.803,1204.924,30001.013,2,218,255.035,94.95,NA,6.108,0.02,-97.125,-97.125
1653,13,55,785.985,1204.924,30301.023,2,255,261.853,96.621,NA,6.818,0.023,180,-82.875
1654,13,56,784.848,1214.015,30601.033,2,255,271.014,105.679,NA,9.162,0.031,97.125,-82.875
1655,13,57,761.364,1220.076,30901.044,2,227,295.269,119.616,NA,24.254,0.081,165.53,68.405
1656,13,58,769.318,1245.076,31201.054,2,255,321.504,139.909,NA,26.235,0.087,72.35,-93.18
1657,13,59,771.212,1250,31501.064,2,199,326.78,144.037,NA,5.276,0.018,68.962,-3.387
1658,13,60,771.212,1250,31801.074,2,212,326.78,144.037,NA,0,0,0,-68.962
1659,13,61,771.212,1246.97,32101.084,2,255,329.81,141.139,NA,3.03,0.01,-90,-90
1660,13,62,776.136,1246.97,32401.094,2,206,334.734,139.765,NA,4.924,0.016,0,90
1661,13,63,782.576,1253.03,32701.104,2,200,343.577,144.131,NA,8.843,0.029,43.264,43.264
1662,13,64,786.364,1262.879,33001.115,2,161,354.129,153.072,NA,10.552,0.035,68.962,25.698
1663,13,65,786.364,1249.621,33301.125,2,254,367.386,140.033,NA,13.258,0.044,-90,-158.962
1664,13,66,791.288,1249.621,33601.135,2,252,372.311,139.185,NA,4.924,0.016,0,90
1665,13,67,785.985,1257.955,33901.145,2,236,382.188,148.292,NA,9.878,0.033,122.471,122.471
1666,13,68,785.985,1273.485,34201.155,2,236,397.719,163.589,NA,15.53,0.052,90,-32.471
1667,13,69,790.53,1275.758,34501.165,2,201,402.801,165.155,NA,5.082,0.017,26.565,-63.435
1668,13,70,793.561,1275.758,34801.175,2,139,405.831,164.773,NA,3.03,0.01,0,-26.565
1669,13,71,792.424,1275.379,35101.185,2,255,407.029,164.534,NA,1.198,0.004,-161.565,-161.565
1670,13,72,784.47,1286.742,35401.196,2,237,420.9,176.917,NA,13.871,0.046,124.992,-73.443
1671,13,73,781.061,1302.652,35701.206,2,219,437.17,193.169,NA,16.27,0.054,102.095,-22.897
1672,13,74,779.545,1311.364,36001.216,2,224,446.013,202.012,NA,8.843,0.029,99.866,-2.229
1673,13,75,778.03,1312.5,36301.226,2,174,447.907,203.387,NA,1.894,0.006,143.13,43.264
1674,13,76,772.348,1310.606,36601.236,2,137,453.896,202.581,NA,5.989,0.02,-161.565,55.305
1675,13,77,772.348,1306.061,36901.246,2,255,458.441,198.129,NA,4.545,0.015,-90,71.565
1676,13,78,782.576,1306.439,37201.256,2,255,468.676,196.667,NA,10.234,0.034,2.121,92.121
1677,13,79,787.121,1315.152,37501.266,2,255,478.502,204.658,NA,9.827,0.033,62.447,60.326
1678,13,80,782.576,1327.652,37801.277,2,254,491.803,217.65,NA,13.301,0.044,109.983,47.536
1679,13,81,782.576,1339.394,38101.287,2,254,503.546,229.284,NA,11.742,0.039,90,-19.983
1680,13,82,782.576,1339.394,38401.297,2,233,503.546,229.284,NA,0,0,0,-90
1681,13,83,798.106,1339.394,38701.307,2,247,519.076,227.752,NA,15.53,0.052,0,0
1682,13,84,796.97,1344.697,39001.317,2,255,524.499,233.119,NA,5.423,0.018,102.095,102.095
1683,13,85,794.697,1354.924,39301.327,2,237,534.976,243.483,NA,10.477,0.035,102.529,0.434
1684,13,86,794.697,1354.924,39601.337,2,4,534.976,243.483,NA,0,0,0,-102.529
1685,13,87,778.03,1357.955,39901.348,2,255,551.916,248.291,NA,16.94,0.056,169.695,169.695
1686,13,88,770.455,1362.5,40201.358,2,190,560.751,253.948,NA,8.835,0.029,149.036,-20.659
1687,13,89,781.818,1368.561,40501.368,2,221,573.629,258.314,NA,12.879,0.043,28.072,-120.964
1688,13,90,789.394,1362.5,40801.378,2,255,583.331,251.478,NA,9.702,0.032,-38.66,-66.732
1689,13,91,795.076,1362.5,41101.388,2,33,589.013,251.011,NA,5.682,0.019,0,38.66
1690,13,92,792.424,1380.303,41401.398,2,234,607.012,268.961,NA,17.999,0.06,98.471,98.471
1691,13,93,785.985,1389.773,41701.408,2,255,618.464,278.951,NA,11.452,0.038,124.216,25.745
1692,13,94,785.985,1400,42001.418,2,255,628.691,289.132,NA,10.227,0.034,90,-34.216
1693,13,95,785.606,1405.303,42301.429,2,255,634.008,294.448,NA,5.317,0.018,94.086,4.086
1694,13,96,781.061,1401.894,42601.439,2,255,639.69,291.514,NA,5.682,0.019,-143.13,122.784
1695,13,97,784.47,1396.97,42901.449,2,255,645.679,286.262,NA,5.989,0.02,-55.305,87.825
1696,13,98,769.318,1396.591,43201.459,2,215,660.835,287.786,NA,15.156,0.051,-178.568,-123.263
1697,13,99,762.121,1393.561,43501.469,2,239,668.644,285.98,NA,7.809,0.026,-157.166,21.402
1698,13,100,762.879,1387.5,43801.479,2,255,674.752,279.881,NA,6.108,0.02,-82.875,74.291
1699,13,101,762.879,1387.5,44101.489,2,227,674.752,279.881,NA,0,0,0,82.875
1700,13,102,770.076,1386.742,44401.5,2,210,681.989,277.937,NA,7.237,0.024,-6.009,-6.009
1701,13,103,770.076,1401.136,44701.51,2,217,696.382,292.168,NA,14.394,0.048,90,96.009
1702,13,104,770.833,1401.136,45001.52,2,200,697.14,292.057,NA,0.758,0.003,0,-90
1703,13,105,760.227,1410.606,45301.53,2,232,711.359,303.093,NA,14.218,0.047,138.24,138.24
1704,13,106,748.864,1428.788,45601.54,2,221,732.799,323.072,NA,21.441,0.071,122.005,-16.234
1705,13,107,733.712,1427.652,45901.55,2,158,747.993,325.31,NA,15.194,0.051,-175.711,62.284
1706,13,108,725.379,1426.894,46201.56,2,202,756.361,326.708,NA,8.368,0.028,-174.806,0.905
1707,13,109,725.379,1426.894,46501.57,2,244,756.361,326.708,NA,0,0,0,174.806
1708,13,110,704.167,1426.894,46801.581,2,108,777.573,333.017,NA,21.212,0.071,180,180
1709,13,111,686.364,1434.848,47101.591,2,142,797.073,346.64,NA,19.499,0.065,155.925,-24.075
1710,13,112,681.061,1445.455,47401.601,2,208,808.93,358.451,NA,11.858,0.04,116.565,-39.359
1711,13,113,679.924,1450.379,47701.611,2,144,813.984,363.449,NA,5.054,0.017,102.995,-13.57
1712,13,114,684.848,1451.136,48001.621,2,235,818.966,362.385,NA,4.982,0.017,8.746,-94.248
1713,13,115,686.364,1456.818,48301.631,2,226,824.847,367.181,NA,5.88,0.02,75.069,66.322
1714,13,116,679.545,1459.848,48601.641,2,108,832.308,372.414,NA,7.461,0.025,156.038,80.969
1715,13,117,679.545,1451.894,48901.651,2,183,840.263,364.998,NA,7.955,0.027,-90,113.962
1716,14,1,628.535,919.444,14400.486,2,103,0,0,NA,NA,NA,NA,NA
1717,14,2,621.465,919.444,14700.496,2,107,7.071,7.071,NA,7.071,0.024,180,NA
1718,14,3,621.465,919.444,15000.507,2,94,7.071,7.071,NA,0,0,0,-180
1719,14,4,621.465,919.444,15300.517,2,141,7.071,7.071,NA,0,0,0,0
1720,14,5,610.859,919.444,15600.527,2,254,17.677,17.677,NA,10.606,0.035,180,180
1721,14,6,610.859,918.939,15900.537,2,214,18.182,17.684,NA,0.505,0.002,-90,90
1722,14,7,610.859,918.939,16200.547,2,171,18.182,17.684,NA,0,0,0,90
1723,14,8,605.303,918.939,16500.557,2,206,23.737,23.238,NA,5.556,0.019,180,180
1724,14,9,602.778,916.919,16800.567,2,137,26.971,25.881,NA,3.234,0.011,-141.34,38.66
1725,14,10,595.202,912.879,17100.578,2,171,35.557,33.974,NA,8.586,0.029,-151.928,-10.587
1726,14,11,595.202,912.879,17400.588,2,197,35.557,33.974,NA,0,0,0,151.928
1727,14,12,595.202,903.283,17700.598,2,101,45.153,37.045,NA,9.596,0.032,-90,-90
1728,14,13,595.202,903.283,18000.608,2,106,45.153,37.045,NA,0,0,0,90
1729,14,14,595.202,903.283,18300.618,2,74,45.153,37.045,NA,0,0,0,0
1730,14,15,587.626,906.818,18600.628,2,134,53.513,42.813,NA,8.36,0.028,154.983,154.983
1731,14,16,584.091,906.818,18900.638,2,206,57.049,46.203,NA,3.535,0.012,180,25.017
1732,14,17,584.091,914.394,19200.648,2,145,64.624,44.73,NA,7.576,0.025,90,-90
1733,14,18,579.545,917.929,19500.659,2,156,70.383,49.013,NA,5.758,0.019,142.125,52.125
1734,14,19,579.545,917.929,19800.669,2,122,70.383,49.013,NA,0,0,0,-142.125
1735,14,20,579.545,922.98,20100.679,2,127,75.433,49.117,NA,5.051,0.017,90,90
1736,14,21,572.98,923.99,20400.689,2,150,82.076,55.741,NA,6.643,0.022,171.254,81.254
1737,14,22,572.475,923.99,20700.699,2,160,82.581,56.245,NA,0.505,0.002,180,8.746
1738,14,23,571.465,931.566,21000.709,2,203,90.224,58.344,NA,7.643,0.025,97.595,-82.405
1739,14,24,571.465,931.566,21300.719,2,161,90.224,58.344,NA,0,0,0,-97.595
1740,14,25,568.939,931.566,21600.729,2,145,92.749,60.816,NA,2.525,0.008,180,180
1741,14,26,568.939,931.566,21900.74,2,171,92.749,60.816,NA,0,0,0,-180
1742,14,27,568.939,931.566,22200.75,2,156,92.749,60.816,NA,0,0,0,0
1743,14,28,567.929,931.566,22500.76,2,114,93.759,61.806,NA,1.01,0.003,180,180
1744,14,29,567.929,931.566,22800.77,2,188,93.759,61.806,NA,0,0,0,-180
1745,14,30,567.929,922.98,23100.78,2,212,102.345,60.709,NA,8.586,0.029,-90,-90
1746,14,31,562.374,922.98,23400.79,2,218,107.901,66.256,NA,5.556,0.019,180,-90
1747,14,32,563.384,916.919,23700.8,2,183,114.045,65.2,NA,6.144,0.02,-80.538,99.462
1748,14,33,556.313,911.364,24000.811,2,163,123.037,72.673,NA,8.992,0.03,-141.843,-61.305
1749,14,34,556.313,911.364,24300.821,2,191,123.037,72.673,NA,0,0,0,141.843
1750,14,35,562.374,911.364,24600.831,2,160,129.098,66.653,NA,6.061,0.02,0,0
1751,14,36,562.374,908.333,24900.841,2,150,132.128,67.088,NA,3.03,0.01,-90,-90
1752,14,37,563.384,908.333,25200.851,2,190,133.138,66.092,NA,1.01,0.003,0,90
1753,14,38,563.384,902.273,25500.861,2,157,139.199,67.376,NA,6.061,0.02,-90,-90
1754,14,39,558.838,902.273,25800.871,2,212,143.744,71.781,NA,4.545,0.015,180,-90
1755,14,40,558.838,901.263,26100.881,2,123,144.754,72.029,NA,1.01,0.003,-90,90
1756,14,41,564.394,901.263,26400.892,2,197,150.31,66.669,NA,5.556,0.019,0,90
1757,14,42,564.394,901.263,26700.902,2,176,150.31,66.669,NA,0,0,0,0
1758,14,43,562.879,903.788,27000.912,2,108,153.255,67.498,NA,2.945,0.01,120.964,120.964
1759,14,44,556.313,903.788,27300.922,2,248,159.82,73.9,NA,6.566,0.022,180,59.036
1760,14,45,556.313,903.788,27600.932,2,222,159.82,73.9,NA,0,0,0,-180
1761,14,46,550.758,912.879,27900.942,2,241,170.475,78.054,NA,10.654,0.036,121.43,121.43
1762,14,47,550.758,912.879,28200.952,2,165,170.475,78.054,NA,0,0,0,-121.43
1763,14,48,550.758,912.879,28500.963,2,195,170.475,78.054,NA,0,0,0,0
1764,14,49,550.758,912.879,28800.973,2,128,170.475,78.054,NA,0,0,0,0
1765,14,50,559.343,908.838,29100.983,2,255,179.964,70,NA,9.489,0.032,-25.201,-25.201
1766,14,51,559.343,908.838,29400.993,2,153,179.964,70,NA,0,0,0,25.201
1767,14,52,549.242,908.838,29701.003,2,247,190.065,79.999,NA,10.101,0.034,180,180
1768,14,53,543.687,908.838,30001.013,2,255,195.62,85.509,NA,5.556,0.019,180,0
1769,14,54,521.97,918.939,30301.023,2,255,219.571,106.567,NA,23.951,0.08,155.056,-24.944
1770,14,55,521.465,918.939,30601.033,2,243,220.076,107.072,NA,0.505,0.002,180,24.944
1771,14,56,514.394,918.939,30901.044,2,185,227.147,114.143,NA,7.071,0.024,180,0
1772,14,57,514.394,914.899,31201.054,2,242,231.188,114.232,NA,4.04,0.013,-90,90
1773,14,58,514.394,914.899,31501.064,2,125,231.188,114.232,NA,0,0,0,90
1774,14,59,514.394,924.495,31801.074,2,210,240.784,114.253,NA,9.596,0.032,90,90
1775,14,60,503.283,924.495,32101.084,2,128,251.895,125.354,NA,11.111,0.037,180,90
1776,14,61,503.283,924.495,32401.094,2,203,251.895,125.354,NA,0,0,0,-180
1777,14,62,498.737,937.121,32701.104,2,255,265.314,130.996,NA,13.42,0.045,109.799,109.799
1778,14,63,498.737,937.626,33001.115,2,243,265.819,131.065,NA,0.505,0.002,90,-19.799
1779,14,64,494.192,937.626,33301.125,2,201,270.365,135.568,NA,4.545,0.015,180,90
1780,14,65,477.525,940.657,33601.135,2,160,287.305,152.493,NA,16.94,0.056,169.695,-10.305
1781,14,66,466.414,940.657,33901.145,2,173,298.416,163.503,NA,11.111,0.037,180,10.305
1782,14,67,466.414,940.657,34201.155,2,226,298.416,163.503,NA,0,0,0,-180
1783,14,68,449.747,941.162,34501.165,2,255,315.09,180.102,NA,16.674,0.056,178.264,178.264
1784,14,69,436.111,941.162,34801.175,2,255,328.726,193.646,NA,13.636,0.045,180,1.736
1785,14,70,436.111,941.162,35101.185,2,255,328.726,193.646,NA,0,0,0,-180
1786,14,71,411.869,941.162,35401.196,2,255,352.969,217.752,NA,24.242,0.081,180,180
1787,14,72,412.879,940.53,35701.206,2,140,354.16,216.685,NA,1.191,0.004,-32.005,147.995
1788,14,73,411.364,934.848,36001.216,2,243,360.04,217.717,NA,5.88,0.02,-104.931,-72.926
1789,14,74,411.364,934.848,36301.226,2,255,360.04,217.717,NA,0,0,0,104.931
1790,14,75,411.364,934.848,36601.236,2,255,360.04,217.717,NA,0,0,0,0
1791,14,76,395.076,934.848,36901.246,2,171,376.328,233.967,NA,16.288,0.054,180,180
1792,14,77,389.773,929.924,37201.256,2,255,383.565,238.993,NA,7.237,0.024,-137.121,42.879
1793,14,78,383.333,929.924,37501.266,2,218,390.004,245.426,NA,6.439,0.021,180,-42.879
1794,14,79,381.061,928.03,37801.277,2,205,392.963,247.624,NA,2.958,0.01,-140.194,39.806
1795,14,80,381.061,928.03,38101.287,2,255,392.963,247.624,NA,0,0,0,140.194
1796,14,81,371.591,928.03,38401.297,2,234,402.432,257.088,NA,9.47,0.032,180,180
1797,14,82,359.091,931.818,38701.307,2,255,415.494,269.728,NA,13.061,0.044,163.142,-16.858
1798,14,83,359.091,932.197,39001.317,2,251,415.873,269.746,NA,0.379,0.001,90,-73.142
1799,14,84,359.091,940.53,39301.327,2,228,424.206,270.268,NA,8.333,0.028,90,0
1800,14,85,350.379,943.182,39601.337,2,255,433.313,279.168,NA,9.107,0.03,163.072,73.072
1801,14,86,350.379,943.182,39901.348,2,233,433.313,279.168,NA,0,0,0,-163.072
1802,14,87,346.212,942.045,40201.358,2,229,437.631,283.226,NA,4.319,0.014,-164.745,-164.745
1803,14,88,339.773,943.939,40501.368,2,255,444.344,289.8,NA,6.712,0.022,163.61,-31.645
1804,14,89,337.879,954.924,40801.378,2,250,455.49,292.814,NA,11.147,0.037,99.782,-63.828
1805,14,90,327.652,956.439,41101.388,2,255,465.829,303.15,NA,10.339,0.034,171.573,71.791
1806,14,91,324.242,952.273,41401.398,2,255,471.213,306.059,NA,5.384,0.018,-129.289,59.138
1807,14,92,317.803,953.03,41701.408,2,255,477.697,312.542,NA,6.484,0.022,173.29,-57.42
1808,14,93,312.121,955.303,42001.418,2,255,483.816,318.44,NA,6.12,0.02,158.199,-15.092
1809,14,94,296.212,956.439,42301.429,2,171,499.766,334.376,NA,15.95,0.053,175.914,17.716
1810,14,95,288.258,956.439,42601.439,2,255,507.72,342.283,NA,7.955,0.027,180,4.086
1811,14,96,278.409,964.394,42901.449,2,255,520.38,353,NA,12.66,0.042,141.072,-38.928
1812,14,97,259.47,964.015,43201.459,2,255,539.323,371.747,NA,18.943,0.063,-178.854,40.073
1813,14,98,245.833,958.333,43501.469,2,255,554.096,384.673,NA,14.773,0.049,-157.38,21.474
1814,14,99,243.561,954.545,43801.479,2,239,558.513,386.572,NA,4.417,0.015,-120.964,36.416
1815,14,100,241.288,954.545,44101.489,2,204,560.786,388.835,NA,2.273,0.008,180,-59.036
1816,14,101,242.045,950.379,44401.5,2,255,565.021,387.726,NA,4.235,0.014,-79.695,100.305
1817,14,102,239.015,946.97,44701.51,2,255,569.582,390.492,NA,4.561,0.015,-131.634,-51.938
1818,14,103,217.045,947.348,45001.52,2,255,591.555,412.435,NA,21.973,0.073,179.012,-49.354
1819,14,104,215.909,955.682,45301.53,2,223,599.966,414.214,NA,8.41,0.028,97.765,-81.247
1820,14,105,215.909,960.985,45601.54,2,255,605.269,414.712,NA,5.303,0.018,90,-7.765
1821,14,106,217.045,960.985,45901.55,2,174,606.405,413.581,NA,1.136,0.004,0,-90
1822,14,107,218.939,965.909,46201.56,2,255,611.681,412.223,NA,5.276,0.018,68.962,68.962
1823,14,108,211.742,965.909,46501.57,2,255,618.878,419.375,NA,7.197,0.024,180,111.038
1824,14,109,210.227,956.061,46801.581,2,255,628.842,419.908,NA,9.964,0.033,-98.746,81.254
1825,14,110,202.273,954.924,47101.591,2,255,636.878,427.737,NA,8.035,0.027,-171.87,-73.124
1826,14,111,197.727,959.47,47401.601,2,255,643.306,432.663,NA,6.428,0.021,135,-53.13
1827,14,112,197.727,959.47,47701.611,2,212,643.306,432.663,NA,0,0,0,-135
1828,14,113,197.727,959.47,48001.621,2,221,643.306,432.663,NA,0,0,0,0
1829,14,114,184.848,964.015,48301.631,2,255,656.963,445.92,NA,13.657,0.046,160.56,160.56
1830,14,115,184.848,964.015,48601.641,2,4,656.963,445.92,NA,0,0,0,-160.56
1831,14,116,195.076,978.788,48901.651,2,255,674.931,437.503,NA,17.967,0.06,55.305,55.305
1832,14,117,193.939,995.833,49201.662,2,240,692.014,441.258,NA,17.083,0.057,93.814,38.509
1833,14,118,193.939,995.833,49501.672,2,255,692.014,441.258,NA,0,0,0,-93.814
1834,14,119,181.818,995.833,49801.682,2,254,704.135,453.201,NA,12.121,0.04,180,180
1835,14,120,172.348,995.833,50101.692,2,255,713.605,462.538,NA,9.47,0.032,180,0
1836,14,121,172.348,995.833,50401.702,2,255,713.605,462.538,NA,0,0,0,-180
1837,14,122,172.348,995.833,50701.712,2,255,713.605,462.538,NA,0,0,0,0
1838,14,123,172.348,1001.136,51001.722,2,252,718.908,463.444,NA,5.303,0.018,90,90
1839,14,124,172.348,1010.606,51301.733,2,255,728.378,465.206,NA,9.47,0.032,90,0
1840,14,125,172.348,1010.606,51601.743,2,244,728.378,465.206,NA,0,0,0,-90
1841,14,126,181.818,1009.091,51901.753,2,255,737.968,455.623,NA,9.59,0.032,-9.09,-9.09
1842,14,127,174.621,1009.47,52201.763,2,255,745.175,462.755,NA,7.207,0.024,176.987,-173.923
1843,14,128,169.697,1009.091,52501.773,2,255,750.114,467.514,NA,4.939,0.016,-175.601,7.411
1844,14,129,169.697,1009.091,52801.783,2,255,750.114,467.514,NA,0,0,0,175.601
1845,14,130,169.697,1009.091,53101.793,2,255,750.114,467.514,NA,0,0,0,0
1846,14,131,174.621,1014.394,53401.803,2,255,757.35,463.739,NA,7.237,0.024,47.121,47.121
1847,14,132,181.061,1019.318,53701.814,2,212,765.457,458.485,NA,8.106,0.027,37.405,-9.716
1848,14,133,185.985,1019.318,54001.824,2,255,770.381,453.68,NA,4.924,0.016,0,-37.405
1849,14,134,188.636,1013.258,54301.834,2,255,776.996,449.791,NA,6.615,0.022,-66.371,-66.371
1850,14,135,188.636,1013.258,54601.844,2,255,776.996,449.791,NA,0,0,0,66.371
1851,14,136,188.636,1013.258,54901.854,2,178,776.996,449.791,NA,0,0,0,0
1852,14,137,178.409,1011.742,55201.864,2,255,787.335,459.492,NA,10.339,0.034,-171.573,-171.573
1853,14,138,178.409,1007.576,55501.874,2,254,791.502,458.673,NA,4.167,0.014,-90,81.573
1854,14,139,169.318,1012.121,55801.885,2,204,801.666,468.476,NA,10.164,0.034,153.435,-116.565
1855,14,140,159.848,1017.424,56101.895,2,162,812.519,478.819,NA,10.853,0.036,150.751,-2.684
1856,14,141,151.515,1027.652,56401.905,2,255,825.712,489.139,NA,13.192,0.044,129.174,-21.578
1857,14,142,144.318,1032.955,56701.915,2,254,834.651,497.344,NA,8.94,0.03,143.616,14.442
1858,14,143,137.879,1035.227,57001.925,2,255,841.48,504.132,NA,6.829,0.023,160.56,16.944
1859,14,144,113.636,1044.318,57301.935,2,193,867.371,529.825,NA,25.891,0.086,159.444,-1.116
1860,14,145,100.379,1057.197,57601.945,2,194,885.854,545.825,NA,18.483,0.062,135.83,-23.614
1861,14,146,85.985,1059.848,57901.955,2,188,900.49,560.423,NA,14.636,0.049,169.563,33.732
1862,14,147,72.348,1060.227,58201.966,2,176,914.132,573.728,NA,13.642,0.045,178.409,8.846
1863,14,148,72.348,1054.545,58501.976,2,197,919.814,572.36,NA,5.682,0.019,-90,91.591
1864,14,149,67.803,1054.545,58801.986,2,255,924.359,576.778,NA,4.545,0.015,180,-90
1865,14,150,59.091,1041.667,59101.996,2,126,939.908,582.413,NA,15.549,0.052,-124.077,55.923
1866,14,151,59.091,1031.818,59402.006,2,226,949.756,580.426,NA,9.848,0.033,-90,34.077
1867,14,152,59.091,1026.515,59702.016,2,203,955.059,579.423,NA,5.303,0.018,-90,0
1868,14,153,58.712,1035.606,60002.026,2,253,964.158,581.543,NA,9.099,0.03,92.386,-177.614
1869,14,154,45.455,1037.5,60302.036,2,164,977.55,594.912,NA,13.392,0.045,171.87,79.484
1870,14,155,21.97,1039.773,60602.047,2,255,1001.145,618.386,NA,23.595,0.079,174.472,2.603
1871,14,156,1.894,1039.394,60902.057,2,84,1021.224,638.018,NA,20.079,0.067,-178.919,6.608
1872,15,1,635.606,979.545,11700.395,2,116,0,0,NA,NA,NA,NA,NA
1873,15,2,628.535,979.545,12000.405,2,49,7.071,7.071,NA,7.071,0.024,180,NA
1874,15,3,628.535,979.545,12300.415,2,63,7.071,7.071,NA,0,0,0,-180
1875,15,4,623.485,980.556,12600.426,2,35,12.221,12.163,NA,5.151,0.017,168.69,168.69
1876,15,5,618.434,984.091,12900.436,2,68,18.386,17.763,NA,6.165,0.021,145.008,-23.682
1877,15,6,613.889,992.677,13200.446,2,89,28.101,25.378,NA,9.715,0.032,117.897,-27.111
1878,15,7,610.354,996.717,13500.456,2,96,33.47,30.538,NA,5.369,0.018,131.186,13.289
1879,15,8,600.758,996.717,13800.466,2,137,43.066,38.85,NA,9.596,0.032,180,48.814
1880,15,9,600.758,996.717,14100.476,2,99,43.066,38.85,NA,0,0,0,-180
1881,15,10,598.232,1002.778,14400.486,2,135,49.631,44.006,NA,6.566,0.022,112.62,112.62
1882,15,11,602.273,1003.283,14700.496,2,187,53.703,40.922,NA,4.072,0.014,7.125,-105.495
1883,15,12,601.768,1010.859,15000.507,2,114,61.296,46.104,NA,7.593,0.025,93.814,86.689
1884,15,13,601.768,1010.859,15300.517,2,180,61.296,46.104,NA,0,0,0,-93.814
1885,15,14,601.768,1010.859,15600.527,2,150,61.296,46.104,NA,0,0,0,0
1886,15,15,607.323,1003.788,15900.537,2,217,70.288,37.251,NA,8.992,0.03,-51.843,-51.843
1887,15,16,607.323,1003.788,16200.547,2,209,70.288,37.251,NA,0,0,0,51.843
1888,15,17,598.232,1003.788,16500.557,2,96,79.379,44.548,NA,9.091,0.03,180,180
1889,15,18,590.152,1007.828,16800.567,2,183,88.413,53.535,NA,9.035,0.03,153.435,-26.565
1890,15,19,579.545,1008.333,17100.578,2,166,99.032,63.02,NA,10.618,0.035,177.274,23.839
1891,15,20,566.414,1009.343,17400.588,2,255,112.202,75.336,NA,13.17,0.044,175.601,-1.672
1892,15,21,556.313,1007.323,17700.598,2,229,122.503,84.018,NA,10.301,0.034,-168.69,15.709
1893,15,22,554.293,999.242,18000.608,2,255,130.832,83.665,NA,8.33,0.028,-104.036,64.654
1894,15,23,547.222,988.636,18300.618,2,255,143.579,88.85,NA,12.747,0.042,-123.69,-19.654
1895,15,24,543.687,976.515,18600.628,2,255,156.205,91.969,NA,12.626,0.042,-106.26,17.43
1896,15,25,535.606,961.364,18900.638,2,232,173.377,101.639,NA,17.172,0.057,-118.072,-11.812
1897,15,26,534.091,955.303,19200.648,2,191,179.624,104.37,NA,6.247,0.021,-104.036,14.036
1898,15,27,531.566,956.818,19500.659,2,129,182.569,106.494,NA,2.945,0.01,149.036,-106.928
1899,15,28,531.566,961.364,19800.669,2,255,187.115,105.617,NA,4.545,0.015,90,-59.036
1900,15,29,526.515,966.414,20100.679,2,219,194.257,109.878,NA,7.142,0.024,135,45
1901,15,30,526.515,966.414,20400.689,2,255,194.257,109.878,NA,0,0,0,-135
1902,15,31,526.01,961.364,20700.699,2,255,199.333,111.094,NA,5.076,0.017,-95.711,-95.711
1903,15,32,526.01,959.343,21000.709,2,255,201.353,111.442,NA,2.02,0.007,-90,5.711
1904,15,33,532.576,959.343,21300.719,2,246,207.919,104.992,NA,6.566,0.022,0,90
1905,15,34,532.576,962.879,21600.729,2,242,211.454,104.37,NA,3.535,0.012,90,90
1906,15,35,538.636,961.869,21900.74,2,255,217.598,98.568,NA,6.144,0.02,-9.462,-99.462
1907,15,36,542.172,955.303,22200.75,2,254,225.055,96.528,NA,7.457,0.025,-61.699,-52.237
1908,15,37,547.727,951.263,22500.76,2,255,231.925,92.318,NA,6.869,0.023,-36.027,25.672
1909,15,38,547.727,946.717,22800.77,2,193,236.47,93.81,NA,4.545,0.015,-90,-53.973
1910,15,39,542.172,947.222,23100.78,2,229,242.049,98.867,NA,5.578,0.019,174.806,-95.194
1911,15,40,540.152,953.283,23400.79,2,255,248.437,99.001,NA,6.388,0.021,108.435,-66.371
1912,15,41,535.101,950.758,23700.8,2,255,254.084,104.547,NA,5.647,0.019,-153.435,98.13
1913,15,42,534.091,950.758,24000.811,2,255,255.094,105.518,NA,1.01,0.003,180,-26.565
1914,15,43,534.091,955.303,24300.821,2,255,259.639,104.37,NA,4.545,0.015,90,-90
1915,15,44,533.586,950.758,24600.831,2,251,264.213,106.004,NA,4.573,0.015,-96.34,173.66
1916,15,45,523.99,948.737,24900.841,2,255,274.019,115.79,NA,9.806,0.033,-168.111,-71.771
1917,15,46,517.424,948.232,25200.851,2,255,280.604,122.26,NA,6.585,0.022,-175.601,-7.49
1918,15,47,517.424,948.232,25500.861,2,246,280.604,122.26,NA,0,0,0,175.601
1919,15,48,517.424,943.182,25800.871,2,255,285.654,123.65,NA,5.051,0.017,-90,-90
1920,15,49,513.889,940.657,26100.881,2,255,289.999,127.779,NA,4.345,0.014,-144.462,-54.462
1921,15,50,508.838,940.657,26400.892,2,255,295.05,132.599,NA,5.051,0.017,180,-35.538
1922,15,51,508.838,940.657,26700.902,2,255,295.05,132.599,NA,0,0,0,-180
1923,15,52,508.333,945.707,27000.912,2,220,300.125,131.694,NA,5.076,0.017,95.711,95.711
1924,15,53,497.222,943.182,27300.922,2,232,311.52,143.082,NA,11.394,0.038,-167.196,97.094
1925,15,54,491.162,943.182,27600.932,2,255,317.58,148.951,NA,6.061,0.02,180,-12.804
1926,15,55,485.606,953.788,27900.942,2,255,329.553,152.195,NA,11.973,0.04,117.646,-62.354
1927,15,56,485.606,953.788,28200.952,2,255,329.553,152.195,NA,0,0,0,-117.646
1928,15,57,477.02,953.788,28500.963,2,242,338.139,160.664,NA,8.586,0.029,180,180
1929,15,58,466.414,960.354,28800.973,2,255,350.613,170.277,NA,12.474,0.042,148.241,-31.759
1930,15,59,464.394,961.364,29100.983,2,255,352.872,172.175,NA,2.259,0.008,153.435,5.194
1931,15,60,464.394,961.364,29400.993,2,255,352.872,172.175,NA,0,0,0,-153.435
1932,15,61,456.313,958.333,29701.003,2,255,361.502,180.543,NA,8.63,0.029,-159.444,-159.444
1933,15,62,463.384,958.333,30001.013,2,255,368.573,173.524,NA,7.071,0.024,0,159.444
1934,15,63,463.384,963.889,30301.023,2,255,374.128,172.932,NA,5.556,0.019,90,90
1935,15,64,464.394,962.374,30601.033,2,255,375.949,172.071,NA,1.821,0.006,-56.31,-146.31
1936,15,65,464.394,957.828,30901.044,2,235,380.495,172.584,NA,4.545,0.015,-90,-33.69
1937,15,66,458.333,961.869,31201.054,2,255,387.779,178.152,NA,7.284,0.024,146.31,-123.69
1938,15,67,455.303,963.889,31501.064,2,255,391.421,180.982,NA,3.642,0.012,146.31,0
1939,15,68,451.263,965.404,31801.074,2,223,395.736,184.885,NA,4.315,0.014,159.444,13.134
1940,15,69,445.707,969.444,32101.084,2,213,402.605,190.167,NA,6.869,0.023,143.973,-15.471
1941,15,70,433.586,979.04,32401.094,2,255,418.065,202.021,NA,15.46,0.052,141.633,-2.34
1942,15,71,433.586,979.04,32701.104,2,252,418.065,202.021,NA,0,0,0,-141.633
1943,15,72,427.02,979.545,33001.115,2,255,424.65,208.586,NA,6.585,0.022,175.601,175.601
1944,15,73,426.01,988.636,33301.125,2,195,433.797,209.793,NA,9.147,0.03,96.34,-79.261
1945,15,74,417.929,988.636,33601.135,2,225,441.878,217.867,NA,8.081,0.027,180,83.66
1946,15,75,413.384,1001.263,33901.145,2,225,455.297,223.281,NA,13.42,0.045,109.799,-70.201
1947,15,76,412.879,1011.869,34201.155,2,236,465.915,225.061,NA,10.618,0.035,92.726,-17.073
1948,15,77,414.394,1017.424,34501.165,2,227,471.674,224.432,NA,5.758,0.019,74.745,-17.981
1949,15,78,414.394,1017.424,34801.175,2,238,471.674,224.432,NA,0,0,0,-74.745
1950,15,79,419.949,1017.424,35101.185,2,255,477.229,218.958,NA,5.556,0.019,0,0
1951,15,80,418.434,1019.444,35401.196,2,255,479.755,220.806,NA,2.525,0.008,126.87,126.87
1952,15,81,413.889,1019.444,35701.206,2,255,484.3,225.279,NA,4.545,0.015,180,53.13
1953,15,82,413.889,1019.444,36001.216,2,255,484.3,225.279,NA,0,0,0,-180
1954,15,83,413.889,1019.444,36301.226,2,255,484.3,225.279,NA,0,0,0,0
1955,15,84,413.889,1019.444,36601.236,2,255,484.3,225.279,NA,0,0,0,0
1956,15,85,414.394,1019.444,36901.246,2,255,484.805,224.782,NA,0.505,0.002,0,0
1957,15,86,416.919,1021.465,37201.256,2,255,488.039,222.668,NA,3.234,0.011,38.66,38.66
1958,15,87,415.909,1022.475,37501.266,2,255,489.468,223.852,NA,1.428,0.005,135,96.34
1959,15,88,415.909,1022.475,37801.277,2,255,489.468,223.852,NA,0,0,0,-135
1960,15,89,416.414,1018.939,38101.287,2,252,493.039,222.704,NA,3.571,0.012,-81.87,-81.87
1961,15,90,418.939,1018.939,38401.297,2,255,495.564,220.219,NA,2.525,0.008,0,81.87
1962,15,91,418.939,1018.939,38701.307,2,242,495.564,220.219,NA,0,0,0,0
1963,15,92,417.929,1021.97,39001.317,2,254,498.758,221.772,NA,3.194,0.011,108.435,108.435
1964,15,93,414.394,1025,39301.327,2,255,503.415,225.834,NA,4.656,0.016,139.399,30.964
1965,15,94,414.394,1025,39601.337,2,232,503.415,225.834,NA,0,0,0,-139.399
1966,15,95,421.465,1023.485,39901.348,2,212,510.646,218.603,NA,7.231,0.024,-12.095,-12.095
1967,15,96,415.909,1023.485,40201.358,2,191,516.201,224.048,NA,5.556,0.019,180,-167.905
1968,15,97,414.899,1023.485,40501.368,2,205,517.211,225.038,NA,1.01,0.003,180,0
1969,15,98,414.899,1019.444,40801.378,2,229,521.252,224.285,NA,4.04,0.013,-90,90
1970,15,99,418.434,1019.444,41101.388,2,255,524.787,220.806,NA,3.535,0.012,0,90
1971,15,100,418.434,1019.444,41401.398,2,255,524.787,220.806,NA,0,0,0,0
1972,15,101,418.434,1019.444,41701.408,2,255,524.787,220.806,NA,0,0,0,0
1973,15,102,418.434,1019.444,42001.418,2,215,524.787,220.806,NA,0,0,0,0
1974,15,103,413.889,1019.444,42301.429,2,247,529.333,225.279,NA,4.545,0.015,180,180
1975,15,104,413.889,1019.444,42601.439,2,221,529.333,225.279,NA,0,0,0,-180
1976,15,105,413.889,1019.444,42901.449,2,255,529.333,225.279,NA,0,0,0,0
1977,15,106,414.394,1030.556,43201.459,2,255,540.455,227.017,NA,11.123,0.037,87.397,87.397
1978,15,107,414.394,1033.586,43501.469,2,255,543.486,227.717,NA,3.03,0.01,90,2.603
1979,15,108,414.394,1035.606,43801.479,2,255,545.506,228.205,NA,2.02,0.007,90,0
1980,15,109,414.394,1035.606,44101.489,2,255,545.506,228.205,NA,0,0,0,-90
1981,15,110,411.364,1035.606,44401.5,2,255,548.536,231.144,NA,3.03,0.01,180,180
1982,15,111,407.828,1035.606,44701.51,2,255,552.071,234.575,NA,3.535,0.012,180,0
1983,15,112,404.293,1035.606,45001.52,2,255,555.607,238.01,NA,3.535,0.012,180,0
1984,15,113,404.293,1035.606,45301.53,2,255,555.607,238.01,NA,0,0,0,-180
1985,15,114,404.293,1031.566,45601.54,2,255,559.647,237.09,NA,4.04,0.013,-90,-90
1986,15,115,404.798,1024.495,45901.55,2,255,566.736,235.144,NA,7.089,0.024,-85.914,4.086
1987,15,116,410.354,1023.485,46201.56,2,255,572.383,229.498,NA,5.647,0.019,-10.305,75.61
1988,15,117,415.404,1022.98,46501.57,2,255,577.458,224.445,NA,5.076,0.017,-5.711,4.594
1989,15,118,418.434,1022.475,46801.581,2,248,580.53,221.374,NA,3.072,0.01,-9.462,-3.752
1990,15,119,412.374,1021.465,47101.591,2,255,586.675,227.134,NA,6.144,0.02,-170.538,-161.075
1991,15,120,406.313,1021.465,47401.601,2,255,592.735,233.093,NA,6.061,0.02,180,-9.462
1992,15,121,406.313,1025.505,47701.611,2,255,596.776,233.854,NA,4.04,0.013,90,-90
1993,15,122,411.364,1025.505,48001.621,2,255,601.826,228.904,NA,5.051,0.017,0,-90
1994,15,123,411.364,1025.505,48301.631,2,255,601.826,228.904,NA,0,0,0,0
1995,15,124,411.364,1029.04,48601.641,2,255,605.361,229.64,NA,3.535,0.012,90,90
1996,15,125,411.364,1029.04,48901.651,2,255,605.361,229.64,NA,0,0,0,-90
1997,15,126,411.364,1029.04,49201.662,2,255,605.361,229.64,NA,0,0,0,0
1998,15,127,414.899,1025.505,49501.672,2,255,610.361,225.442,NA,5,0.017,-45,-45
1999,15,128,414.899,1025.505,49801.682,2,251,610.361,225.442,NA,0,0,0,45
2000,15,129,409.848,1023.99,50101.692,2,255,615.634,230.091,NA,5.273,0.018,-163.301,-163.301
2001,15,130,405.808,1018.434,50401.702,2,255,622.503,233.065,NA,6.869,0.023,-126.027,37.273
2002,15,131,399.747,1010.354,50701.712,2,255,632.604,237.862,NA,10.101,0.034,-126.87,-0.843
2003,15,132,398.737,1009.848,51001.722,2,255,633.734,238.799,NA,1.129,0.004,-153.435,-26.565
2004,15,133,402.778,1019.949,51301.733,2,255,644.613,236.308,NA,10.879,0.036,68.199,-138.366
2005,15,134,403.283,1019.949,51601.743,2,246,645.118,235.81,NA,0.505,0.002,0,-68.199
2006,15,135,410.354,1020.96,51901.753,2,255,652.26,229.028,NA,7.142,0.024,8.13,8.13
2007,15,136,410.354,1020.96,52201.763,2,255,652.26,229.028,NA,0,0,0,-8.13
2008,15,137,410.354,1026.515,52501.773,2,255,657.816,230.097,NA,5.556,0.019,90,90
2009,15,138,410.354,1026.515,52801.783,2,255,657.816,230.097,NA,0,0,0,-90
2010,15,139,410.354,1030.051,53101.793,2,255,661.351,230.845,NA,3.535,0.012,90,90
2011,15,140,415.909,1030.051,53401.803,2,255,666.907,225.427,NA,5.556,0.019,0,-90
2012,15,141,415.909,1023.485,53701.814,2,139,673.473,224.048,NA,6.566,0.022,-90,-90
2013,15,142,409.848,1021.465,54001.824,2,255,679.861,229.616,NA,6.388,0.021,-161.565,-71.565
2014,15,143,398.232,1021.465,54301.834,2,203,691.477,241.047,NA,11.616,0.039,180,-18.435
2015,15,144,398.232,1021.465,54601.844,2,255,691.477,241.047,NA,0,0,0,-180
2016,15,145,393.687,1021.465,54901.854,2,255,696.023,245.524,NA,4.545,0.015,180,180
2017,15,146,386.111,1028.535,55201.864,2,255,706.385,254.259,NA,10.363,0.035,136.975,-43.025
2018,15,147,386.111,1028.535,55501.874,2,255,706.385,254.259,NA,0,0,0,-136.975
2019,15,148,386.111,1033.081,55801.885,2,255,710.931,255.174,NA,4.545,0.015,90,90
2020,15,149,383.586,1039.646,56101.895,2,255,717.965,259.087,NA,7.035,0.023,111.038,21.038
2021,15,150,376.01,1048.232,56401.905,2,104,729.416,268.529,NA,11.45,0.038,131.424,20.386
2022,15,151,370.96,1052.273,56701.915,2,249,735.883,274.458,NA,6.468,0.022,141.34,9.917
2023,15,152,368.939,1053.788,57001.925,2,255,738.409,276.809,NA,2.525,0.008,143.13,1.79
2024,15,153,368.939,1053.788,57301.935,2,147,738.409,276.809,NA,0,0,0,-143.13
2025,15,154,363.384,1053.788,57601.945,2,200,743.964,282.165,NA,5.556,0.019,180,180
2026,15,155,363.384,1048.232,57901.955,2,218,749.52,280.754,NA,5.556,0.019,-90,90
2027,15,156,366.414,1046.717,58201.966,2,255,752.908,277.446,NA,3.388,0.011,-26.565,63.435
2028,15,157,366.414,1043.687,58501.976,2,255,755.938,276.728,NA,3.03,0.01,-90,-63.435
2029,15,158,365.909,1043.182,58801.986,2,255,756.652,277.103,NA,0.714,0.002,-135,-45
2030,15,159,362.879,1035.606,59101.996,2,206,764.812,278.429,NA,8.159,0.027,-111.801,23.199
2031,15,160,355.303,1032.576,59402.006,2,252,772.971,285.275,NA,8.159,0.027,-158.199,-46.397
2032,15,161,354.798,1032.576,59702.016,2,255,773.476,285.772,NA,0.505,0.002,180,-21.801
2033,15,162,336.111,1017.424,60002.026,2,114,797.534,301.881,NA,24.058,0.08,-140.964,39.036
2034,15,163,335.606,1008.333,60302.036,2,255,806.639,301.378,NA,9.105,0.03,-93.18,47.785
2035,15,164,330.556,1000.758,60602.047,2,255,815.744,305.787,NA,9.105,0.03,-123.69,-30.51
2036,15,165,314.394,994.192,60902.057,2,255,833.188,321.546,NA,17.444,0.058,-157.891,-34.2
2037,15,166,305.303,989.646,61202.067,2,255,843.352,330.457,NA,10.164,0.034,-153.435,4.456
2038,15,167,289.646,981.061,61502.077,2,255,861.208,345.963,NA,17.856,0.06,-151.26,2.175
2039,15,168,288.131,974.495,61802.087,2,209,867.946,347.511,NA,6.738,0.022,-102.995,48.266
2040,15,169,287.626,958.333,62102.097,2,255,884.116,348.626,NA,16.17,0.054,-91.79,11.205
2041,15,170,281.061,955.303,62402.107,2,255,891.347,355.373,NA,7.231,0.024,-155.225,-63.435
2042,15,171,281.061,954.798,62702.118,2,255,891.852,355.408,NA,0.505,0.002,-90,65.225
2043,15,172,277.525,951.263,63002.128,2,255,896.852,359.196,NA,5,0.017,-135,-45
2044,15,173,277.525,942.677,63302.138,2,255,905.438,359.974,NA,8.586,0.029,-90,45
2045,15,174,273.485,935.101,63602.148,2,247,914.024,364.838,NA,8.586,0.029,-118.072,-28.072
2046,15,175,264.899,920.455,63902.158,2,248,931.001,375.387,NA,16.978,0.057,-120.379,-2.307
2047,15,176,262.879,912.879,64202.168,2,255,938.842,378.642,NA,7.84,0.026,-104.931,15.448
2048,15,177,262.879,912.879,64502.178,2,242,938.842,378.642,NA,0,0,0,104.931
2049,15,178,254.293,898.232,64802.188,2,255,955.819,389.887,NA,16.978,0.057,-120.379,-120.379
2050,15,179,254.293,897.727,65102.199,2,255,956.324,389.992,NA,0.505,0.002,-90,30.379
2051,15,180,245.707,881.566,65402.209,2,142,974.625,402.021,NA,18.301,0.061,-117.979,-27.979
2052,15,181,231.566,872.475,65702.219,2,255,991.436,417.987,NA,16.811,0.056,-147.265,-29.285
2053,15,182,225,871.97,66002.229,2,255,998.021,424.464,NA,6.585,0.022,-175.601,-28.337
2054,15,183,209.848,871.97,66302.239,2,241,1013.173,439.138,NA,15.152,0.051,180,-4.399
2055,15,184,199.747,871.97,66602.249,2,255,1023.274,448.938,NA,10.101,0.034,180,0
2056,15,185,192.172,871.97,66902.259,2,255,1030.85,456.297,NA,7.576,0.025,180,0
2057,15,186,182.576,871.97,67202.27,2,255,1040.446,465.628,NA,9.596,0.032,180,0
2058,15,187,182.071,869.949,67502.28,2,255,1042.528,466.589,NA,2.082,0.007,-104.036,75.964
2059,15,188,171.97,867.424,67802.29,2,255,1052.94,477.001,NA,10.412,0.035,-165.964,-61.928
2060,15,189,166.414,866.919,68102.3,2,255,1058.518,482.52,NA,5.578,0.019,-174.806,-8.842
2061,15,190,166.414,870.455,68402.31,2,255,1062.054,481.707,NA,3.535,0.012,90,-95.194
2062,15,191,166.919,871.97,68702.32,2,231,1063.651,480.874,NA,1.597,0.005,71.565,-18.435
2063,15,192,169.949,871.97,69002.33,2,220,1066.681,477.921,NA,3.03,0.01,0,-71.565
2064,15,193,168.434,871.465,69302.34,2,255,1068.278,479.511,NA,1.597,0.005,-161.565,-161.565
2065,15,194,166.414,870.455,69602.351,2,255,1070.537,481.707,NA,2.259,0.008,-153.435,8.13
2066,15,195,161.364,870.455,69902.361,2,255,1075.587,486.628,NA,5.051,0.017,180,-26.565
2067,15,196,158.333,875.505,70202.371,2,240,1081.477,488.481,NA,5.89,0.02,120.964,-59.036
2068,15,197,155.303,878.535,70502.381,2,255,1085.763,490.81,NA,4.285,0.014,135,14.036
2069,15,198,155.303,878.535,70802.391,2,255,1085.763,490.81,NA,0,0,0,-135
2070,15,199,155.303,888.131,71102.401,2,255,1095.359,488.925,NA,9.596,0.032,90,90
2071,15,200,147.222,888.131,71402.411,2,255,1103.439,496.865,NA,8.081,0.027,180,90
2072,15,201,133.586,888.131,71702.422,2,255,1117.076,510.275,NA,13.636,0.045,180,0
2073,15,204,126.515,891.667,72002.432,2,248,1124.981,516.62,NA,7.905,0.026,153.435,-26.565
2074,16,1,696.212,657.828,14700.496,2,34,0,0,NA,NA,NA,NA,NA
2075,16,2,694.697,649.242,15000.507,2,51,8.719,8.719,NA,8.719,0.029,-100.008,NA
2076,16,3,694.697,649.242,15300.517,2,54,8.719,8.719,NA,0,0,0,100.008
2077,16,4,694.697,649.242,15600.527,2,34,8.719,8.719,NA,0,0,0,0
2078,16,5,686.111,649.242,15900.537,2,255,17.304,13.257,NA,8.586,0.029,180,180
2079,16,6,686.111,649.242,16200.547,2,185,17.304,13.257,NA,0,0,0,-180
2080,16,7,687.626,659.343,16500.557,2,93,27.518,8.719,NA,10.214,0.034,81.469,81.469
2081,16,8,685.101,659.343,16800.567,2,114,30.044,11.214,NA,2.525,0.008,180,98.531
2082,16,9,685.606,655.808,17100.578,2,87,33.615,10.797,NA,3.571,0.012,-81.87,98.13
2083,16,10,685.606,654.798,17400.588,2,138,34.625,11.03,NA,1.01,0.003,-90,-8.13
2084,16,11,685.606,653.788,17700.598,2,109,35.635,11.35,NA,1.01,0.003,-90,0
2085,16,12,679.04,640.657,18000.608,2,79,50.316,24.284,NA,14.681,0.049,-116.565,-26.565
2086,16,13,679.04,640.657,18300.618,2,177,50.316,24.284,NA,0,0,0,116.565
2087,16,14,679.04,635.101,18600.628,2,140,55.872,28.485,NA,5.556,0.019,-90,-90
2088,16,15,683.586,636.616,18900.638,2,108,60.663,24.686,NA,4.791,0.016,18.435,108.435
2089,16,16,685.101,646.717,19200.648,2,255,70.877,15.713,NA,10.214,0.034,81.469,63.034
2090,16,17,688.131,646.717,19500.659,2,255,73.908,13.739,NA,3.03,0.01,0,-81.469
2091,16,18,688.131,646.717,19800.669,2,255,73.908,13.739,NA,0,0,0,0
2092,16,19,688.131,646.717,20100.679,2,132,73.908,13.739,NA,0,0,0,0
2093,16,20,694.697,646.717,20400.689,2,130,80.473,11.214,NA,6.566,0.022,0,0
2094,16,21,694.697,645.202,20700.699,2,146,81.988,12.717,NA,1.515,0.005,-90,-90
2095,16,22,694.697,645.202,21000.709,2,117,81.988,12.717,NA,0,0,0,90
2096,16,23,694.697,645.202,21300.719,2,188,81.988,12.717,NA,0,0,0,0
2097,16,24,689.141,655.303,21600.729,2,219,93.516,7.508,NA,11.528,0.038,118.811,118.811
2098,16,25,688.131,652.778,21900.74,2,175,96.236,9.529,NA,2.72,0.009,-111.801,129.388
2099,16,26,688.131,652.778,22200.75,2,150,96.236,9.529,NA,0,0,0,111.801
2100,16,27,688.131,650.758,22500.76,2,146,98.256,10.738,NA,2.02,0.007,-90,-90
2101,16,28,692.677,650.758,22800.77,2,222,102.802,7.905,NA,4.545,0.015,0,90
2102,16,29,692.677,654.798,23100.78,2,121,106.842,4.656,NA,4.04,0.013,90,90
2103,16,30,687.626,655.303,23400.79,2,251,111.918,8.95,NA,5.076,0.017,174.289,84.289
2104,16,31,687.626,655.303,23700.8,2,226,111.918,8.95,NA,0,0,0,-174.289
2105,16,32,687.626,655.303,24000.811,2,255,111.918,8.95,NA,0,0,0,0
2106,16,33,691.667,663.889,24300.821,2,84,121.407,7.576,NA,9.489,0.032,64.799,64.799
2107,16,34,691.667,663.889,24600.831,2,65,121.407,7.576,NA,0,0,0,-64.799
2108,16,35,692.172,663.889,24900.841,2,139,121.912,7.284,NA,0.505,0.002,0,0
2109,16,36,692.172,658.838,25200.851,2,220,126.962,4.165,NA,5.051,0.017,-90,-90
2110,16,37,694.697,656.313,25500.861,2,153,130.534,2.143,NA,3.571,0.012,-45,45
2111,16,38,697.222,650.758,25800.871,2,166,136.636,7.142,NA,6.103,0.02,-65.556,-20.556
2112,16,39,697.222,650.758,26100.881,2,140,136.636,7.142,NA,0,0,0,65.556
2113,16,40,697.222,647.727,26400.892,2,156,139.667,10.151,NA,3.03,0.01,-90,-90
2114,16,41,701.768,647.727,26700.902,2,157,144.212,11.528,NA,4.545,0.015,0,90
2115,16,42,697.222,641.162,27000.912,2,185,152.198,16.697,NA,7.986,0.027,-124.695,-124.695
2116,16,43,697.222,637.121,27300.922,2,160,156.238,20.732,NA,4.04,0.013,-90,34.695
2117,16,44,698.232,632.576,27600.932,2,208,160.894,25.333,NA,4.656,0.016,-77.471,12.529
2118,16,45,702.273,621.465,27900.942,2,130,172.717,36.865,NA,11.823,0.039,-70.017,7.454
2119,16,46,698.737,610.859,28200.952,2,110,183.897,47.038,NA,11.18,0.037,-108.435,-38.418
2120,16,47,704.798,611.869,28500.963,2,225,190.041,46.755,NA,6.144,0.02,9.462,117.897
2121,16,48,706.313,610.354,28800.973,2,199,192.184,48.537,NA,2.143,0.007,-45,-54.462
2122,16,49,707.828,605.808,29100.983,2,165,196.975,53.301,NA,4.791,0.016,-71.565,-26.565
2123,16,50,707.828,605.808,29400.993,2,143,196.975,53.301,NA,0,0,0,71.565
2124,16,51,710.354,608.333,29701.003,2,227,200.547,51.476,NA,3.571,0.012,45,45
2125,16,52,708.333,610.354,30001.013,2,205,203.404,48.998,NA,2.857,0.01,135,90
2126,16,53,702.273,607.828,30301.023,2,235,209.969,50.366,NA,6.566,0.022,-157.38,67.62
2127,16,54,702.273,607.828,30601.033,2,230,209.969,50.366,NA,0,0,0,157.38
2128,16,55,705.808,611.364,30901.044,2,173,214.969,47.445,NA,5,0.017,45,45
2129,16,56,708.333,615.909,31201.054,2,251,220.169,43.636,NA,5.2,0.017,60.945,15.945
2130,16,57,708.333,615.909,31501.064,2,206,220.169,43.636,NA,0,0,0,-60.945
2131,16,58,711.364,618.939,31801.074,2,93,224.454,41.736,NA,4.285,0.014,45,45
2132,16,59,712.374,613.384,32101.084,2,110,230.101,47.292,NA,5.647,0.019,-79.695,-124.695
2133,16,60,714.899,610.859,32401.094,2,185,233.672,50.55,NA,3.571,0.012,-45,34.695
2134,16,61,714.899,605.808,32701.104,2,152,238.723,55.275,NA,5.051,0.017,-90,-45
2135,16,62,714.899,605.808,33001.115,2,139,238.723,55.275,NA,0,0,0,90
2136,16,63,717.424,605.808,33301.125,2,109,241.248,56.179,NA,2.525,0.008,0,0
2137,16,64,717.424,602.778,33601.135,2,102,244.278,58.996,NA,3.03,0.01,-90,-90
2138,16,65,717.424,602.778,33901.145,2,158,244.278,58.996,NA,0,0,0,90
2139,16,66,724.495,603.788,34201.155,2,179,251.421,60.994,NA,7.142,0.024,8.13,8.13
2140,16,67,728.03,603.788,34501.165,2,167,254.956,62.712,NA,3.535,0.012,0,-8.13
2141,16,68,728.03,603.788,34801.175,2,114,254.956,62.712,NA,0,0,0,0
2142,16,69,729.04,597.222,35101.185,2,143,261.599,68.926,NA,6.643,0.022,-81.254,-81.254
2143,16,70,729.04,592.172,35401.196,2,111,266.649,73.406,NA,5.051,0.017,-90,-8.746
2144,16,71,720.96,592.172,35701.206,2,99,274.73,70.166,NA,8.081,0.027,180,-90
2145,16,72,720.96,586.616,36001.216,2,136,280.286,75.39,NA,5.556,0.019,-90,90
2146,16,73,729.545,588.131,36301.226,2,138,289.004,77.258,NA,8.719,0.029,10.008,100.008
2147,16,74,729.545,583.586,36601.236,2,210,293.55,81.382,NA,4.545,0.015,-90,-100.008
2148,16,75,729.545,579.545,36901.246,2,255,297.59,85.084,NA,4.04,0.013,-90,0
2149,16,76,729.545,579.545,37201.256,2,255,297.59,85.084,NA,0,0,0,90
2150,16,77,728.535,573.99,37501.266,2,197,303.237,89.854,NA,5.647,0.019,-100.305,-100.305
2151,16,78,728.03,564.899,37801.277,2,215,312.342,98.226,NA,9.105,0.03,-93.18,7.125
2152,16,79,725.505,556.313,38101.287,2,170,321.291,105.657,NA,8.95,0.03,-106.39,-13.21
2153,16,80,725.505,556.313,38401.297,2,153,321.291,105.657,NA,0,0,0,106.39
2154,16,81,718.939,557.828,38701.307,2,219,328.029,102.55,NA,6.738,0.022,167.005,167.005
2155,16,82,708.838,557.828,39001.317,2,186,338.131,100.794,NA,10.101,0.034,180,12.995
2156,16,83,703.283,554.293,39301.327,2,165,344.716,103.777,NA,6.585,0.022,-147.529,32.471
2157,16,84,703.283,554.293,39601.337,2,240,344.716,103.777,NA,0,0,0,147.529
2158,16,85,695.707,540.152,39901.348,2,244,360.758,117.678,NA,16.043,0.053,-118.179,-118.179
2159,16,86,693.687,538.131,40201.358,2,255,363.615,119.724,NA,2.857,0.01,-135,-16.821
2160,16,87,695.707,539.141,40501.368,2,237,365.874,118.688,NA,2.259,0.008,26.565,161.565
2161,16,88,695.707,539.141,40801.378,2,205,365.874,118.688,NA,0,0,0,-26.565
2162,16,89,704.293,531.061,41101.388,2,145,377.665,127.025,NA,11.791,0.039,-43.264,-43.264
2163,16,90,704.798,529.545,41401.398,2,229,379.262,128.57,NA,1.597,0.005,-71.565,-28.301
2164,16,91,701.263,524.495,41701.408,2,229,385.427,133.429,NA,6.165,0.021,-124.992,-53.427
2165,16,92,701.263,516.414,42001.418,2,229,393.507,141.504,NA,8.081,0.027,-90,34.992
2166,16,93,701.263,516.414,42301.429,2,192,393.507,141.504,NA,0,0,0,90
2167,16,94,706.313,523.99,42601.439,2,227,402.612,134.219,NA,9.105,0.03,56.31,56.31
2168,16,95,708.838,530.051,42901.449,2,244,409.178,128.4,NA,6.566,0.022,67.38,11.07
2169,16,96,708.838,530.051,43201.459,2,202,409.178,128.4,NA,0,0,0,-67.38
2170,16,97,715.404,530.051,43501.469,2,238,415.744,129.211,NA,6.566,0.022,0,0
2171,16,98,719.444,538.131,43801.479,2,213,424.778,121.931,NA,9.035,0.03,63.435,63.435
2172,16,99,719.444,538.131,44101.489,2,152,424.778,121.931,NA,0,0,0,-63.435
2173,16,100,719.444,525.505,44401.5,2,255,437.405,134.347,NA,12.626,0.042,-90,-90
2174,16,101,719.949,523.99,44701.51,2,255,439.002,135.927,NA,1.597,0.005,-71.565,18.435
2175,16,102,719.949,511.364,45001.52,2,255,451.628,148.376,NA,12.626,0.042,-90,-18.435
2176,16,103,719.949,511.364,45301.53,2,247,451.628,148.376,NA,0,0,0,90
2177,16,104,721.97,500.253,45601.54,2,248,462.921,159.667,NA,11.293,0.038,-79.695,-79.695
2178,16,105,728.03,487.626,45901.55,2,219,476.927,173.151,NA,14.005,0.047,-64.359,15.336
2179,16,106,729.545,476.01,46201.56,2,255,488.641,184.848,NA,11.715,0.039,-82.569,-18.21
2180,16,107,729.545,476.01,46501.57,2,255,488.641,184.848,NA,0,0,0,82.569
2181,16,108,729.545,463.889,46801.581,2,255,500.762,196.783,NA,12.121,0.04,-90,-90
2182,16,109,731.566,447.727,47101.591,2,255,517.05,213.055,NA,16.287,0.054,-82.875,7.125
2183,16,110,734.596,423.99,47401.601,2,255,540.98,236.968,NA,23.93,0.08,-82.725,0.15
2184,16,111,734.596,423.99,47701.611,2,255,540.98,236.968,NA,0,0,0,82.725
2185,16,112,733.586,403.788,48001.621,2,255,561.207,256.775,NA,20.227,0.067,-92.862,-92.862
2186,16,113,720.96,394.192,48301.631,2,255,577.066,264.795,NA,15.859,0.053,-142.765,-49.903
2187,16,114,709.343,382.576,48601.641,2,255,593.494,275.566,NA,16.428,0.055,-135,7.765
2188,16,115,705.808,386.111,48901.651,2,255,598.493,271.887,NA,5,0.017,135,-90
2189,16,116,698.232,385.101,49201.662,2,255,606.136,272.735,NA,7.643,0.025,-172.405,52.595
2190,16,117,689.646,383.586,49501.672,2,255,614.855,274.321,NA,8.719,0.029,-169.992,2.413
2191,16,118,683.586,368.939,49801.682,2,255,630.706,289.165,NA,15.851,0.053,-112.479,57.513
2192,16,119,678.03,361.364,50101.692,2,255,640.1,297.022,NA,9.394,0.031,-126.254,-13.774
2193,16,120,677.525,360.859,50401.702,2,255,640.814,297.557,NA,0.714,0.002,-135,-8.746
2194,16,121,677.02,350.253,50701.712,2,255,651.432,308.174,NA,10.618,0.035,-92.726,42.274
2195,16,122,668.939,347.222,51001.722,2,119,660.063,311.801,NA,8.63,0.029,-159.444,-66.718
2196,16,123,668.434,347.222,51301.733,2,64,660.568,311.846,NA,0.505,0.002,180,-20.556
2197,16,124,657.323,347.222,51601.743,2,119,671.679,313.031,NA,11.111,0.037,180,0
2198,16,125,657.323,352.273,51901.753,2,255,676.729,308.02,NA,5.051,0.017,90,-90
2199,16,126,655.303,354.293,52201.763,2,159,679.586,306.28,NA,2.857,0.01,135,45
2200,16,127,655.303,354.293,52501.773,2,255,679.586,306.28,NA,0,0,0,-135
2201,16,128,639.141,352.778,52801.783,2,232,695.819,310.343,NA,16.232,0.054,-174.644,-174.644
2202,16,129,629.04,350.253,53101.793,2,255,706.231,314.825,NA,10.412,0.035,-165.964,8.68
2203,16,130,627.525,341.667,53401.803,2,255,714.949,323.537,NA,8.719,0.029,-100.008,65.956
2204,16,131,617.929,332.576,53701.814,2,150,728.168,334.541,NA,13.218,0.044,-136.548,-36.54
2205,16,132,602.273,330.051,54001.824,2,255,744.027,340.973,NA,15.859,0.053,-170.838,-34.289
2206,16,133,588.636,315.909,54301.834,2,127,763.672,358.443,NA,19.645,0.065,-133.958,36.879
2207,16,134,570.96,302.778,54601.844,2,255,785.692,376.496,NA,22.02,0.073,-143.393,-9.435
2208,16,135,570.96,283.586,54901.854,2,255,804.884,394.646,NA,19.192,0.064,-90,53.393
2209,16,136,568.939,265.909,55201.864,2,120,822.676,412.067,NA,17.792,0.059,-96.52,-6.52
2210,16,137,537.626,247.727,55501.874,2,255,858.885,439.696,NA,36.209,0.121,-149.859,-53.339
2211,16,138,523.99,255.303,55801.885,2,236,874.484,437.821,NA,15.599,0.052,150.945,-59.196
2212,16,139,522.98,267.929,56101.895,2,255,887.151,426.651,NA,12.667,0.042,94.574,-56.371
2213,16,140,522.98,267.929,56401.905,2,255,887.151,426.651,NA,0,0,0,-94.574
2214,16,141,514.899,267.929,56701.915,2,222,895.232,429.995,NA,8.081,0.027,180,180
2215,16,142,514.899,267.929,57001.925,2,255,895.232,429.995,NA,0,0,0,-180
2216,16,143,514.899,267.929,57301.935,2,223,895.232,429.995,NA,0,0,0,0
2217,16,144,514.899,261.869,57601.945,2,255,901.292,435.498,NA,6.061,0.02,-90,-90
2218,16,145,514.899,254.293,57901.955,2,255,908.868,442.397,NA,7.576,0.025,-90,0
2219,16,146,510.354,254.293,58201.966,2,223,913.414,444.279,NA,4.545,0.015,180,-90
2220,16,147,509.343,247.222,58501.976,2,255,920.556,451.129,NA,7.142,0.024,-98.13,81.87
2221,16,148,509.343,247.222,58801.986,2,247,920.556,451.129,NA,0,0,0,98.13
2222,16,149,501.263,240.152,59101.996,2,248,931.294,460.933,NA,10.738,0.036,-138.814,-138.814
2223,16,150,493.687,236.616,59402.006,2,173,939.654,467.372,NA,8.36,0.028,-154.983,-16.169
2224,16,151,493.687,236.616,59702.016,2,188,939.654,467.372,NA,0,0,0,154.983
2225,16,152,493.687,236.616,60002.026,2,186,939.654,467.372,NA,0,0,0,0
2226,16,153,493.687,236.616,60302.036,2,162,939.654,467.372,NA,0,0,0,0
2227,16,154,486.616,229.04,60602.047,2,141,950.016,477.273,NA,10.363,0.035,-133.025,-133.025
2228,16,155,486.616,219.444,60902.057,2,224,959.612,485.912,NA,9.596,0.032,-90,43.025
2229,16,156,486.616,219.444,61202.067,2,186,959.612,485.912,NA,0,0,0,90
2230,16,157,486.616,219.444,61502.077,2,159,959.612,485.912,NA,0,0,0,0
2231,16,158,486.616,219.444,61802.087,2,255,959.612,485.912,NA,0,0,0,0
2232,16,159,482.576,202.273,62102.097,2,255,977.253,503.161,NA,17.641,0.059,-103.241,-103.241
2233,16,160,465.404,184.091,62402.107,2,129,1002.262,526.972,NA,25.009,0.083,-133.363,-30.123
2234,16,161,459.343,177.02,62702.118,2,138,1011.575,535.988,NA,9.313,0.031,-130.601,2.762
2235,16,162,455.808,172.475,63002.128,2,255,1017.333,541.629,NA,5.758,0.019,-127.875,2.726
2236,16,163,448.737,166.414,63302.138,2,252,1026.646,550.211,NA,9.313,0.031,-139.399,-11.524
2237,16,164,431.061,153.788,63602.148,2,201,1048.369,569.528,NA,21.723,0.072,-144.462,-5.064
2238,16,165,407.828,151.768,63902.158,2,239,1071.689,582.463,NA,23.32,0.078,-175.03,-30.568
2239,17,1,910.354,556.818,13800.466,2,32,0,0,NA,NA,NA,NA,NA
2240,17,2,910.859,548.737,14100.476,2,54,8.097,8.097,NA,8.097,0.027,-86.424,NA
2241,17,3,901.768,540.657,14400.486,2,78,20.26,18.301,NA,12.163,0.041,-138.366,-51.943
2242,17,4,901.768,540.657,14700.496,2,53,20.26,18.301,NA,0,0,0,138.366
2243,17,5,889.646,536.616,15000.507,2,90,33.037,28.929,NA,12.777,0.043,-161.565,-161.565
2244,17,6,889.141,536.616,15300.517,2,80,33.542,29.293,NA,0.505,0.002,180,-18.435
2245,17,7,887.121,531.566,15600.527,2,86,38.981,34.314,NA,5.44,0.018,-111.801,68.199
2246,17,8,884.091,525,15900.537,2,130,46.213,41.257,NA,7.231,0.024,-114.775,-2.974
2247,17,9,884.091,525,16200.547,2,103,46.213,41.257,NA,0,0,0,114.775
2248,17,10,884.091,525,16500.557,2,92,46.213,41.257,NA,0,0,0,0
2249,17,11,872.98,523.485,16800.567,2,70,57.426,50.079,NA,11.214,0.037,-172.235,-172.235
2250,17,12,868.434,516.919,17100.578,2,146,65.412,57.872,NA,7.986,0.027,-124.695,47.54
2251,17,13,855.303,516.919,17400.588,2,125,78.543,67.989,NA,13.131,0.044,180,-55.305
2252,17,14,854.798,516.919,17700.598,2,128,79.048,68.398,NA,0.505,0.002,180,0
2253,17,15,856.818,517.424,18000.608,2,121,81.131,66.467,NA,2.082,0.007,14.036,-165.964
2254,17,16,863.889,521.465,18300.618,2,138,89.274,58.385,NA,8.144,0.027,29.745,15.709
2255,17,17,869.444,518.939,18600.628,2,184,95.377,55.753,NA,6.103,0.02,-24.444,-54.189
2256,17,18,869.444,515.909,18900.638,2,192,98.407,57.854,NA,3.03,0.01,-90,-65.556
2257,17,19,869.444,515.909,19200.648,2,162,98.407,57.854,NA,0,0,0,90
2258,17,20,869.444,519.444,19500.659,2,60,101.943,55.411,NA,3.535,0.012,90,90
2259,17,21,867.424,521.97,19800.669,2,86,105.177,55.293,NA,3.234,0.011,128.66,38.66
2260,17,22,862.879,521.97,20100.679,2,153,109.722,58.892,NA,4.545,0.015,180,51.34
2261,17,23,862.879,523.485,20400.689,2,120,111.237,58.008,NA,1.515,0.005,90,-90
2262,17,24,849.747,518.434,20700.699,2,156,125.306,71.739,NA,14.069,0.047,-158.962,111.038
2263,17,25,843.182,518.434,21000.709,2,107,131.872,77.365,NA,6.566,0.022,180,-21.038
2264,17,26,837.121,511.364,21300.719,2,116,141.185,86.192,NA,9.313,0.031,-130.601,49.399
2265,17,27,835.606,501.768,21600.729,2,253,150.899,92.832,NA,9.715,0.032,-98.973,31.629
2266,17,28,835.606,501.263,21900.74,2,235,151.404,93.132,NA,0.505,0.002,-90,8.973
2267,17,29,826.515,492.677,22200.75,2,209,163.909,105.56,NA,12.504,0.042,-136.637,-46.637
2268,17,30,823.485,493.687,22500.76,2,255,167.103,107.386,NA,3.194,0.011,161.565,-61.798
2269,17,31,827.02,494.697,22800.77,2,255,170.78,103.94,NA,3.677,0.012,15.945,-145.62
2270,17,32,827.02,512.879,23100.78,2,255,188.962,94.208,NA,18.182,0.061,90,74.055
2271,17,33,818.939,509.848,23400.79,2,255,197.592,102.775,NA,8.63,0.029,-159.444,110.556
2272,17,34,817.929,508.838,23700.8,2,50,199.021,104.136,NA,1.428,0.005,-135,24.444
2273,17,35,828.535,508.838,24000.811,2,229,209.627,94.849,NA,10.606,0.035,0,135
2274,17,36,828.535,512.374,24300.821,2,255,213.162,93.11,NA,3.535,0.012,90,90
2275,17,37,822.475,503.788,24600.831,2,242,223.671,102.64,NA,10.509,0.035,-125.218,144.782
2276,17,38,821.97,495.707,24900.841,2,255,231.768,107.454,NA,8.097,0.027,-93.576,31.641
2277,17,39,821.97,494.192,25200.851,2,255,233.283,108.322,NA,1.515,0.005,-90,3.576
2278,17,40,821.97,494.192,25500.861,2,255,233.283,108.322,NA,0,0,0,90
2279,17,41,821.465,496.212,25800.871,2,255,235.366,107.584,NA,2.082,0.007,104.036,104.036
2280,17,42,817.424,500.253,26100.881,2,255,241.08,108.791,NA,5.714,0.019,135,30.964
2281,17,43,817.424,500.253,26400.892,2,255,241.08,108.791,NA,0,0,0,-135
2282,17,44,816.414,504.293,26700.902,2,255,245.244,107.627,NA,4.165,0.014,104.036,104.036
2283,17,45,816.414,510.354,27000.912,2,233,251.305,104.803,NA,6.061,0.02,90,-14.036
2284,17,46,812.374,508.333,27300.922,2,229,255.822,109.32,NA,4.517,0.015,-153.435,116.565
2285,17,47,821.465,508.333,27600.932,2,255,264.913,101.252,NA,9.091,0.03,0,153.435
2286,17,48,828.03,498.737,27900.942,2,255,276.54,100.75,NA,11.627,0.039,-55.62,-55.62
2287,17,49,829.04,495.202,28200.952,2,255,280.217,102.021,NA,3.677,0.012,-74.055,-18.435
2288,17,50,831.566,488.636,28500.963,2,255,287.252,104.194,NA,7.035,0.023,-68.962,5.092
2289,17,51,836.111,488.636,28800.973,2,255,291.797,100.8,NA,4.545,0.015,0,68.962
2290,17,52,836.111,472.98,29100.983,2,254,307.454,111.986,NA,15.657,0.052,-90,-90
2291,17,53,826.515,470.455,29400.993,2,255,317.376,120.364,NA,9.923,0.033,-165.256,-75.256
2292,17,54,815.909,466.919,29701.003,2,255,328.556,130.39,NA,11.18,0.037,-161.565,3.691
2293,17,55,807.323,464.394,30001.013,2,255,337.506,138.411,NA,8.95,0.03,-163.61,-2.045
2294,17,56,796.717,460.354,30301.023,2,253,348.855,149.059,NA,11.35,0.038,-159.146,4.465
2295,17,57,796.717,460.354,30601.033,2,247,348.855,149.059,NA,0,0,0,159.146
2296,17,58,796.717,453.788,30901.044,2,255,355.421,153.39,NA,6.566,0.022,-90,-90
2297,17,59,796.717,453.788,31201.054,2,255,355.421,153.39,NA,0,0,0,90
2298,17,60,786.111,451.263,31501.064,2,255,366.323,163.028,NA,10.903,0.036,-166.608,-166.608
2299,17,61,777.02,453.283,31801.074,2,244,375.636,168.812,NA,9.313,0.031,167.471,-25.921
2300,17,62,775.505,460.354,32101.084,2,255,382.867,165.8,NA,7.231,0.024,102.095,-65.376
2301,17,63,767.424,460.354,32401.094,2,241,390.948,172.436,NA,8.081,0.027,180,77.905
2302,17,64,764.899,459.343,32701.104,2,255,393.668,175.095,NA,2.72,0.009,-158.199,21.801
2303,17,65,764.899,459.343,33001.115,2,255,393.668,175.095,NA,0,0,0,158.199
2304,17,66,771.97,456.818,33301.125,2,255,401.176,170.734,NA,7.508,0.025,-19.654,-19.654
2305,17,67,771.97,444.697,33601.135,2,255,413.297,178.105,NA,12.121,0.04,-90,-70.346
2306,17,68,768.939,442.172,33901.145,2,255,417.242,182.049,NA,3.945,0.013,-140.194,-50.194
2307,17,69,760.354,442.172,34201.155,2,255,425.828,188.796,NA,8.586,0.029,180,-39.806
2308,17,70,756.313,442.172,34501.165,2,243,429.868,192.022,NA,4.04,0.013,180,0
2309,17,71,756.313,442.172,34801.175,2,255,429.868,192.022,NA,0,0,0,-180
2310,17,72,747.222,442.172,35101.185,2,255,438.959,199.388,NA,9.091,0.03,180,180
2311,17,73,747.222,442.172,35401.196,2,255,438.959,199.388,NA,0,0,0,-180
2312,17,74,738.636,439.646,35701.206,2,255,447.908,207.885,NA,8.95,0.03,-163.61,-163.61
2313,17,75,736.616,407.828,36001.216,2,255,479.791,228.873,NA,31.882,0.106,-93.633,69.978
2314,17,76,733.081,403.788,36301.226,2,255,485.159,234.188,NA,5.369,0.018,-131.186,-37.553
2315,17,77,734.091,398.232,36601.236,2,255,490.806,237.103,NA,5.647,0.019,-79.695,51.491
2316,17,78,734.091,389.646,36901.246,2,255,499.392,242.93,NA,8.586,0.029,-90,-10.305
2317,17,79,736.616,380.556,37201.256,2,255,508.827,247.494,NA,9.435,0.031,-74.476,15.524
2318,17,80,738.636,373.99,37501.266,2,255,515.696,250.825,NA,6.869,0.023,-72.897,1.579
2319,17,81,738.636,373.99,37801.277,2,255,515.696,250.825,NA,0,0,0,72.897
2320,17,82,738.636,373.99,38101.287,2,255,515.696,250.825,NA,0,0,0,0
2321,17,83,738.636,373.99,38401.297,2,225,515.696,250.825,NA,0,0,0,0
2322,17,84,736.111,349.747,38701.307,2,255,540.07,270.626,NA,24.374,0.081,-95.947,-95.947
2323,17,85,722.98,342.677,39001.317,2,231,554.984,284.544,NA,14.914,0.05,-151.699,-55.752
2324,17,86,722.98,342.677,39301.327,2,255,554.984,284.544,NA,0,0,0,151.699
2325,17,87,722.98,335.606,39601.337,2,195,562.055,289.903,NA,7.071,0.024,-90,-90
2326,17,88,725,331.566,39901.348,2,255,566.572,291.71,NA,4.517,0.015,-63.435,26.565
2327,17,89,725.505,331.566,40201.358,2,255,567.077,291.389,NA,0.505,0.002,0,63.435
2328,17,90,729.04,334.596,40501.368,2,255,571.733,286.805,NA,4.656,0.016,40.601,40.601
2329,17,91,729.04,338.636,40801.378,2,255,575.774,283.686,NA,4.04,0.013,90,49.399
2330,17,92,725.505,338.636,41101.388,2,255,579.309,285.959,NA,3.535,0.012,180,90
2331,17,93,714.394,336.616,41401.398,2,255,590.602,294.77,NA,11.293,0.038,-169.695,10.305
2332,17,94,714.394,336.616,41701.408,2,255,590.602,294.77,NA,0,0,0,169.695
2333,17,95,714.394,336.616,42001.418,2,255,590.602,294.77,NA,0,0,0,0
2334,17,96,714.394,313.384,42301.429,2,135,613.835,312.507,NA,23.232,0.077,-90,-90
2335,17,97,720.455,308.333,42601.439,2,196,621.724,312.74,NA,7.889,0.026,-39.806,50.194
2336,17,98,729.04,293.182,42901.449,2,236,639.139,319.967,NA,17.415,0.058,-60.461,-20.656
2337,17,99,741.162,279.04,43201.459,2,129,657.764,325.248,NA,18.625,0.062,-49.399,11.063
2338,17,100,746.212,261.364,43501.469,2,251,676.148,337.988,NA,18.384,0.061,-74.055,-24.656
2339,17,101,747.222,251.768,43801.479,2,255,685.797,345.93,NA,9.649,0.032,-83.991,-9.936
2340,17,102,759.343,252.273,44101.489,2,255,697.929,339.929,NA,12.132,0.04,2.386,86.377
2341,17,103,758.838,243.687,44401.5,2,255,706.53,347.862,NA,8.601,0.029,-93.366,-95.752
2342,17,104,759.848,240.657,44701.51,2,255,709.724,350.157,NA,3.194,0.011,-71.565,21.801
2343,17,105,759.848,240.657,45001.52,2,255,709.724,350.157,NA,0,0,0,71.565
2344,17,106,759.848,240.657,45301.53,2,255,709.724,350.157,NA,0,0,0,0
2345,17,107,764.394,232.071,45601.54,2,255,719.439,356.041,NA,9.715,0.032,-62.103,-62.103
2346,17,108,767.929,228.535,45901.55,2,185,724.439,357.847,NA,5,0.017,-45,17.103
2347,17,109,767.929,225,46201.56,2,255,727.974,361.093,NA,3.535,0.012,-90,-45
2348,17,110,765.404,225,46501.57,2,255,730.499,362.096,NA,2.525,0.008,180,-90
2349,17,111,759.343,232.071,46801.581,2,255,739.812,358.141,NA,9.313,0.031,130.601,-49.399
2350,17,112,757.828,244.697,47101.591,2,255,752.529,347.395,NA,12.717,0.042,96.843,-33.759
2351,17,113,755.808,245.202,47401.601,2,255,754.611,347.835,NA,2.082,0.007,165.964,69.121
2352,17,114,755.808,252.273,47701.611,2,255,761.682,341.515,NA,7.071,0.024,90,-75.964
2353,17,115,755.808,252.273,48001.621,2,255,761.682,341.515,NA,0,0,0,-90
2354,17,116,749.242,244.192,48301.631,2,255,772.094,351.699,NA,10.412,0.035,-129.094,-129.094
2355,17,117,752.273,241.667,48601.641,2,255,776.038,352.576,NA,3.945,0.013,-39.806,89.288
2356,17,118,752.778,241.667,48901.651,2,255,776.543,352.35,NA,0.505,0.002,0,39.806
2357,17,119,754.293,244.697,49201.662,2,255,779.931,348.962,NA,3.388,0.011,63.435,63.435
2358,17,120,754.293,244.697,49501.672,2,255,779.931,348.962,NA,0,0,0,-63.435
2359,17,121,754.293,244.697,49801.682,2,255,779.931,348.962,NA,0,0,0,0
2360,17,122,754.293,244.697,50101.692,2,255,779.931,348.962,NA,0,0,0,0
2361,17,123,754.293,244.697,50401.702,2,255,779.931,348.962,NA,0,0,0,0
2362,17,124,754.293,247.727,50701.712,2,255,782.962,346.254,NA,3.03,0.01,90,90
2363,17,125,754.293,247.727,51001.722,2,255,782.962,346.254,NA,0,0,0,-90
2364,17,126,758.838,240.152,51301.733,2,255,791.796,351.048,NA,8.835,0.029,-59.036,-59.036
2365,17,127,759.343,240.152,51601.743,2,255,792.302,350.83,NA,0.505,0.002,0,59.036
2366,17,128,753.788,240.152,51901.753,2,255,797.857,353.257,NA,5.556,0.019,180,180
2367,17,129,753.788,236.111,52201.763,2,255,801.897,356.883,NA,4.04,0.013,-90,90
2368,17,130,747.222,237.121,52501.773,2,255,808.54,358.912,NA,6.643,0.022,171.254,-98.746
2369,17,131,745.202,242.172,52801.783,2,255,813.98,355.355,NA,5.44,0.018,111.801,-59.452
2370,17,132,745.202,243.687,53101.793,2,255,815.495,354.014,NA,1.515,0.005,90,-21.801
2371,17,133,758.333,243.687,53401.803,2,255,828.626,348.082,NA,13.131,0.044,0,-90
2372,17,134,759.848,245.202,53701.814,2,255,830.769,346.058,NA,2.143,0.007,45,45
2373,17,135,759.848,251.263,54001.824,2,255,836.83,340.611,NA,6.061,0.02,90,45
2374,17,136,759.848,251.263,54301.834,2,255,836.83,340.611,NA,0,0,0,-90
2375,17,137,751.263,251.263,54601.844,2,190,845.416,344.491,NA,8.586,0.029,180,180
2376,17,138,751.263,235.101,54901.854,2,183,861.577,358.904,NA,16.162,0.054,-90,90
2377,17,139,755.303,235.101,55201.864,2,225,865.618,357.131,NA,4.04,0.013,0,90
2378,17,140,755.303,235.101,55501.874,2,226,865.618,357.131,NA,0,0,0,0
2379,17,141,755.303,235.101,55801.885,2,255,865.618,357.131,NA,0,0,0,0
2380,17,142,755.303,235.101,56101.895,2,215,865.618,357.131,NA,0,0,0,0
2381,17,143,763.889,235.101,56401.905,2,246,874.204,353.488,NA,8.586,0.029,0,0
2382,17,144,763.889,244.192,56701.915,2,255,883.294,345.235,NA,9.091,0.03,90,90
2383,17,145,755.808,244.192,57001.925,2,255,891.375,348.74,NA,8.081,0.027,180,90
2384,17,146,745.707,244.192,57301.935,2,255,901.476,353.332,NA,10.101,0.034,180,0
2385,17,147,738.636,244.192,57601.945,2,255,908.547,356.682,NA,7.071,0.024,180,0
2386,17,148,738.636,239.646,57901.955,2,255,913.092,360.673,NA,4.545,0.015,-90,90
2387,17,149,743.182,239.646,58201.966,2,255,917.638,358.531,NA,4.545,0.015,0,90
2388,17,150,741.162,234.596,58501.976,2,255,923.077,363.941,NA,5.44,0.018,-111.801,-111.801
2389,17,151,741.162,234.091,58801.986,2,255,923.582,364.388,NA,0.505,0.002,-90,21.801
2390,17,152,740.152,230.556,59101.996,2,255,927.259,367.989,NA,3.677,0.012,-105.945,-15.945
2391,17,153,729.545,219.949,59402.006,2,112,942.259,382.325,NA,14.999,0.05,-135,-29.055
2392,17,154,732.576,212.879,59702.016,2,146,949.951,387.168,NA,7.693,0.026,-66.801,68.199
2393,17,155,734.596,207.323,60002.026,2,221,955.863,391.2,NA,5.911,0.02,-70.017,-3.215
2394,17,156,741.162,202.778,60302.036,2,255,963.848,392.391,NA,7.986,0.027,-34.695,35.322
2395,17,157,761.869,187.121,60602.047,2,255,989.808,398.401,NA,25.96,0.087,-37.093,-2.398
2396,17,158,773.99,185.101,60902.057,2,255,1002.096,395.94,NA,12.288,0.041,-9.462,27.631
2397,17,159,784.091,183.586,61202.067,2,255,1012.31,394.011,NA,10.214,0.034,-8.531,0.932
2398,17,160,794.697,191.667,61502.077,2,192,1025.644,383.03,NA,13.334,0.044,37.304,45.835
2399,17,161,807.828,190.152,61802.087,2,131,1038.863,380.731,NA,13.218,0.044,-6.582,-43.886
2400,17,162,808.838,187.626,62102.097,2,74,1041.582,382.894,NA,2.72,0.009,-68.199,-61.617
2401,17,163,804.293,187.626,62402.107,2,233,1046.128,384.124,NA,4.545,0.015,180,-111.801
2402,17,164,804.293,187.626,62702.118,2,255,1046.128,384.124,NA,0,0,0,-180
2403,17,165,804.293,187.626,63002.128,2,105,1046.128,384.124,NA,0,0,0,0
2404,17,166,794.697,183.586,63302.138,2,255,1056.54,390.741,NA,10.412,0.035,-157.166,-157.166
2405,17,167,796.212,181.566,63602.148,2,255,1059.065,392.228,NA,2.525,0.008,-53.13,104.036
2406,17,168,796.212,181.566,63902.158,2,255,1059.065,392.228,NA,0,0,0,53.13
2407,17,169,796.212,181.566,64202.168,2,250,1059.065,392.228,NA,0,0,0,0
2408,17,170,809.848,175,64502.178,2,255,1074.2,394.825,NA,15.135,0.05,-25.71,-25.71
2409,17,171,814.394,171.97,64802.188,2,255,1079.663,396.632,NA,5.463,0.018,-33.69,-7.98
2410,17,172,814.394,172.475,65102.199,2,149,1080.168,396.142,NA,0.505,0.002,90,123.69
2411,17,173,831.566,163.889,65402.209,2,44,1099.366,400.75,NA,19.199,0.064,-26.565,-116.565
2412,17,174,837.626,145.707,65702.219,2,200,1118.532,417.494,NA,19.165,0.064,-71.565,-45
2413,17,175,833.081,124.495,66002.229,2,158,1140.225,439.175,NA,21.694,0.072,-102.095,-30.53
2414,17,176,827.525,122.475,66302.239,2,255,1146.137,442.17,NA,5.911,0.02,-160.017,-57.922
2415,17,177,827.02,115.909,66602.249,2,170,1152.722,448.715,NA,6.585,0.022,-94.399,65.618
2416,17,178,827.02,130.051,66902.259,2,255,1166.863,434.828,NA,14.141,0.047,90,-175.601
2417,17,179,827.02,136.111,67202.27,2,210,1172.924,428.881,NA,6.061,0.02,90,0
2418,17,180,843.687,141.667,67502.28,2,253,1190.492,420.47,NA,17.568,0.059,18.435,-71.565
2419,17,181,852.273,144.192,67802.29,2,255,1199.441,416.694,NA,8.95,0.03,16.39,-2.045
2420,17,182,861.364,142.677,68102.3,2,255,1208.658,417.029,NA,9.216,0.031,-9.462,-25.852
2421,17,183,869.444,140.657,68402.31,2,189,1216.987,418.167,NA,8.33,0.028,-14.036,-4.574
2422,17,184,869.444,134.091,68702.32,2,248,1223.553,424.702,NA,6.566,0.022,-90,-75.964
2423,17,185,871.97,150.253,69002.33,2,84,1239.911,408.374,NA,16.358,0.055,81.119,171.119
2424,17,186,874.495,155.808,69302.34,2,247,1246.013,402.61,NA,6.103,0.02,65.556,-15.563
2425,17,187,874.495,155.808,69602.351,2,115,1246.013,402.61,NA,0,0,0,-65.556
2426,17,188,876.01,147.727,69902.361,2,180,1254.235,410.53,NA,8.222,0.027,-79.38,-79.38
2427,17,189,876.01,147.727,70202.371,2,115,1254.235,410.53,NA,0,0,0,79.38
2428,17,190,876.01,158.333,70502.381,2,255,1264.841,399.962,NA,10.606,0.035,90,90
2429,17,191,873.485,157.828,70802.391,2,213,1267.416,400.69,NA,2.575,0.009,-168.69,101.31
2430,17,192,873.485,145.707,71102.401,2,188,1279.537,412.761,NA,12.121,0.04,-90,78.69
2431,17,193,878.03,145.202,71402.411,2,165,1284.111,412.883,NA,4.573,0.015,-6.34,83.66
2432,17,194,884.596,139.646,71702.422,2,156,1292.711,417.966,NA,8.601,0.029,-40.236,-33.896
2433,17,196,880.556,119.444,72002.432,2,192,1313.314,438.388,NA,20.602,0.069,-101.31,-61.074
2434,18,1,893.182,558.838,31801.074,2,34,0,0,NA,NA,NA,NA,NA
2435,18,2,883.081,549.242,32101.084,2,58,13.932,13.932,NA,13.932,0.046,-136.469,NA
2436,18,3,871.97,544.697,32401.094,2,167,25.937,25.494,NA,12.005,0.04,-157.751,-21.282
2437,18,4,871.465,544.192,32701.104,2,59,26.652,26.195,NA,0.714,0.002,-135,22.751
2438,18,5,865.909,539.646,33001.115,2,65,33.83,33.349,NA,7.178,0.024,-140.711,-5.711
2439,18,6,856.818,511.364,33301.125,2,156,63.538,59.801,NA,29.708,0.099,-107.819,32.892
2440,18,7,856.818,510.859,33601.135,2,203,64.043,60.203,NA,0.505,0.002,-90,17.819
2441,18,8,856.818,501.768,33901.145,2,255,73.134,67.671,NA,9.091,0.03,-90,0
2442,18,9,856.818,497.727,34201.155,2,255,77.174,71.112,NA,4.04,0.013,-90,0
2443,18,10,856.818,497.727,34501.165,2,255,77.174,71.112,NA,0,0,0,90
2444,18,11,856.818,489.141,34801.175,2,255,85.76,78.613,NA,8.586,0.029,-90,-90
2445,18,12,863.384,482.576,35101.185,2,255,95.045,81.877,NA,9.285,0.031,-45,45
2446,18,13,863.384,482.071,35401.196,2,255,95.55,82.348,NA,0.505,0.002,-90,-45
2447,18,14,868.939,478.535,35701.206,2,255,102.135,83.882,NA,6.585,0.022,-32.471,57.529
2448,18,15,869.949,475.505,36001.216,2,255,105.329,86.511,NA,3.194,0.011,-71.565,-39.094
2449,18,16,869.949,461.364,36301.226,2,255,119.471,100.205,NA,14.141,0.047,-90,-18.435
2450,18,17,866.919,440.657,36601.236,2,255,140.399,121.065,NA,20.928,0.07,-98.326,-8.326
2451,18,18,873.485,419.444,36901.246,2,255,162.604,140.779,NA,22.205,0.074,-72.801,25.524
2452,18,19,876.515,409.848,37201.256,2,255,172.667,149.919,NA,10.063,0.034,-72.474,0.327
2453,18,20,877.525,397.222,37501.266,2,3,185.333,162.373,NA,12.667,0.042,-85.426,-12.952
2454,18,21,885.101,395.707,37801.277,2,255,193.059,163.331,NA,7.726,0.026,-11.31,74.116
2455,18,22,880.556,381.566,38101.287,2,255,207.913,177.722,NA,14.854,0.05,-107.819,-96.509
2456,18,23,880.556,382.071,38401.297,2,255,208.418,177.218,NA,0.505,0.002,90,-162.181
2457,18,24,880.556,381.566,38701.307,2,255,208.923,177.722,NA,0.505,0.002,-90,-180
2458,18,25,878.535,370.96,39001.317,2,255,219.72,188.449,NA,10.797,0.036,-100.784,-10.784
2459,18,26,877.525,366.919,39301.327,2,255,223.885,192.557,NA,4.165,0.014,-104.036,-3.252
2460,18,27,877.525,366.919,39601.337,2,255,223.885,192.557,NA,0,0,0,104.036
2461,18,28,875.505,355.303,39901.348,2,255,235.675,204.302,NA,11.791,0.039,-99.866,-99.866
2462,18,29,878.535,341.162,40201.358,2,255,250.138,218.169,NA,14.462,0.048,-77.905,21.961
2463,18,30,882.071,330.556,40501.368,2,255,261.317,228.553,NA,11.18,0.037,-71.565,6.34
2464,18,31,886.616,312.879,40801.378,2,255,279.569,246.047,NA,18.252,0.061,-75.579,-4.014
2465,18,32,893.182,307.323,41101.388,2,255,288.17,251.515,NA,8.601,0.029,-40.236,35.343
2466,18,33,899.747,306.818,41401.398,2,255,294.755,252.106,NA,6.585,0.022,-4.399,35.838
2467,18,34,895.707,304.293,41701.408,2,255,299.519,254.558,NA,4.765,0.016,-147.995,-143.596
2468,18,35,895.707,304.293,42001.418,2,255,299.519,254.558,NA,0,0,0,147.995
2469,18,36,895.707,304.293,42301.429,2,255,299.519,254.558,NA,0,0,0,0
2470,18,37,895.707,304.293,42601.439,2,255,299.519,254.558,NA,0,0,0,0
2471,18,38,887.121,302.273,42901.449,2,255,308.34,256.637,NA,8.82,0.029,-166.759,-166.759
2472,18,39,893.687,299.747,43201.459,2,255,315.374,259.091,NA,7.035,0.023,-21.038,145.722
2473,18,40,891.162,295.707,43501.469,2,255,320.139,263.139,NA,4.765,0.016,-122.005,-100.968
2474,18,41,884.091,293.182,43801.479,2,255,327.647,265.812,NA,7.508,0.025,-160.346,-38.341
2475,18,42,866.414,292.172,44101.489,2,255,345.353,268.007,NA,17.706,0.059,-176.73,-16.383
2476,18,43,865.909,284.596,44401.5,2,255,352.945,275.595,NA,7.593,0.025,-93.814,82.915
2477,18,44,852.778,284.596,44701.51,2,255,366.077,277.203,NA,13.131,0.044,180,-86.186
2478,18,45,852.778,279.545,45001.52,2,255,371.127,282.2,NA,5.051,0.017,-90,90
2479,18,46,850.253,273.99,45301.53,2,255,377.23,288.065,NA,6.103,0.02,-114.444,-24.444
2480,18,47,859.848,271.465,45601.54,2,255,387.152,289.3,NA,9.923,0.033,-14.744,99.7
2481,18,48,866.414,254.798,45901.55,2,255,405.066,305.216,NA,17.913,0.06,-68.499,-53.755
2482,18,49,858.333,243.182,46201.56,2,255,419.216,317.574,NA,14.15,0.047,-124.824,-56.326
2483,18,50,855.808,229.04,46501.57,2,255,433.581,331.909,NA,14.365,0.048,-100.125,24.7
2484,18,51,848.737,218.939,46801.581,2,255,445.911,342.792,NA,12.33,0.041,-124.992,-24.867
2485,18,52,848.232,218.939,47101.591,2,255,446.416,342.858,NA,0.505,0.002,180,-55.008
2486,18,53,842.677,212.374,47401.601,2,255,455.017,350.126,NA,8.601,0.029,-130.236,49.764
2487,18,54,836.616,206.818,47701.611,2,255,463.238,356.536,NA,8.222,0.027,-137.49,-7.253
2488,18,55,836.616,206.818,48001.621,2,255,463.238,356.536,NA,0,0,0,137.49
2489,18,56,836.616,206.818,48301.631,2,255,463.238,356.536,NA,0,0,0,0
2490,18,57,848.737,206.818,48601.641,2,255,475.36,354.815,NA,12.121,0.04,0,0
2491,18,58,849.747,208.333,48901.651,2,255,477.181,353.186,NA,1.821,0.006,56.31,56.31
2492,18,59,849.747,208.333,49201.662,2,255,477.181,353.186,NA,0,0,0,-56.31
2493,18,60,849.747,208.333,49501.672,2,255,477.181,353.186,NA,0,0,0,0
2494,18,61,843.182,214.394,49801.682,2,255,486.116,348.055,NA,8.935,0.03,137.291,137.291
2495,18,62,840.657,211.364,50101.692,2,255,490.06,351.422,NA,3.945,0.013,-129.806,92.904
2496,18,63,840.657,211.364,50401.702,2,255,490.06,351.422,NA,0,0,0,129.806
2497,18,64,840.657,201.768,50701.712,2,255,499.656,360.913,NA,9.596,0.032,-90,-90
2498,18,65,840.657,192.677,51001.722,2,255,508.747,369.91,NA,9.091,0.03,-90,0
2499,18,66,834.596,180.556,51301.733,2,255,522.299,382.793,NA,13.552,0.045,-116.565,-26.565
2500,18,67,825,179.04,51601.743,2,255,532.014,385.869,NA,9.715,0.032,-171.027,-54.462
2501,18,68,825,179.04,51901.753,2,255,532.014,385.869,NA,0,0,0,171.027
2502,18,69,804.293,162.374,52201.763,2,228,558.595,406.307,NA,26.581,0.089,-141.17,-141.17
2503,18,70,795.707,156.818,52501.773,2,255,568.822,413.668,NA,10.226,0.034,-147.095,-5.925
2504,18,71,793.687,145.707,52801.783,2,255,580.115,424.943,NA,11.293,0.038,-100.305,46.79
2505,18,72,787.626,140.152,53101.793,2,255,588.337,431.788,NA,8.222,0.027,-137.49,-37.185
2506,18,73,797.222,127.525,53401.803,2,233,604.196,441.859,NA,15.859,0.053,-52.765,84.724
2507,18,74,800.253,103.788,53701.814,2,245,628.126,464.442,NA,23.93,0.08,-82.725,-29.96
2508,18,75,801.768,91.162,54001.824,2,179,640.842,476.527,NA,12.717,0.042,-83.157,-0.432
2509,18,76,806.818,81.061,54301.834,2,185,652.136,485.521,NA,11.293,0.038,-63.435,19.722
2510,18,77,806.818,83.081,54601.844,2,199,654.156,483.533,NA,2.02,0.007,90,153.435
2511,18,78,803.788,65.404,54901.854,2,255,672.091,501.467,NA,17.935,0.06,-99.728,170.272
2512,18,79,811.742,42.045,55201.864,2,223,696.766,523.17,NA,24.676,0.082,-71.194,28.533
2513,18,80,824.242,21.212,55501.874,2,68,721.062,542.028,NA,24.296,0.081,-59.036,12.158
2514,18,81,832.197,24.242,55801.885,2,169,729.574,538.063,NA,8.512,0.028,20.854,79.891
2515,18,82,828.03,31.061,56101.895,2,213,737.565,531.784,NA,7.991,0.027,121.43,100.575
2516,18,83,822.348,18.939,56401.905,2,215,750.952,544.526,NA,13.387,0.045,-115.115,123.456
2517,18,84,818.561,10.985,56701.915,2,255,759.762,552.912,NA,8.81,0.029,-115.463,-0.349
2518,18,85,818.939,4.545,57001.925,2,255,766.212,559.243,NA,6.451,0.022,-86.634,28.83
2519,19,1,614.394,811.869,25200.851,2,61,0,0,NA,NA,NA,NA,NA
2520,19,2,606.313,811.364,25500.861,2,185,8.097,8.097,NA,8.097,0.027,-176.424,NA
2521,19,3,606.313,811.364,25800.871,2,201,8.097,8.097,NA,0,0,0,176.424
2522,19,4,606.313,805.303,26100.881,2,114,14.157,10.412,NA,6.061,0.02,-90,-90
2523,19,5,606.313,805.303,26400.892,2,90,14.157,10.412,NA,0,0,0,90
2524,19,6,601.263,799.242,26700.902,2,171,22.046,18.217,NA,7.889,0.026,-129.806,-129.806
2525,19,7,598.737,799.242,27000.912,2,222,24.572,20.113,NA,2.525,0.008,180,-50.194
2526,19,8,593.687,799.242,27300.922,2,234,29.622,24.253,NA,5.051,0.017,180,0
2527,19,9,590.657,798.737,27600.932,2,250,32.694,27.127,NA,3.072,0.01,-170.538,9.462
2528,19,10,590.657,794.697,27900.942,2,190,36.735,29.297,NA,4.04,0.013,-90,80.538
2529,19,11,590.657,794.697,28200.952,2,173,36.735,29.297,NA,0,0,0,90
2530,19,12,590.657,794.697,28500.963,2,157,36.735,29.297,NA,0,0,0,0
2531,19,13,590.657,794.697,28800.973,2,231,36.735,29.297,NA,0,0,0,0
2532,19,14,592.677,794.697,29100.983,2,138,38.755,27.686,NA,2.02,0.007,0,0
2533,19,15,589.141,792.172,29400.993,2,94,43.099,32.026,NA,4.345,0.014,-144.462,-144.462
2534,19,16,584.596,786.111,29701.003,2,208,50.675,39.387,NA,7.576,0.025,-126.87,17.592
2535,19,17,581.061,779.545,30001.013,2,193,58.132,46.432,NA,7.457,0.025,-118.301,8.569
2536,19,18,580.051,768.434,30301.023,2,160,69.289,55.372,NA,11.157,0.037,-95.194,23.106
2537,19,19,569.949,765.404,30601.033,2,248,79.835,64.298,NA,10.546,0.035,-163.301,-68.106
2538,19,20,569.949,765.404,30901.044,2,255,79.835,64.298,NA,0,0,0,163.301
2539,19,21,569.949,762.879,31201.054,2,249,82.36,66.146,NA,2.525,0.008,-90,-90
2540,19,22,569.949,762.879,31501.064,2,255,82.36,66.146,NA,0,0,0,90
2541,19,23,562.879,748.232,31801.074,2,255,98.624,81.874,NA,16.264,0.054,-115.769,-115.769
2542,19,24,561.364,742.677,32101.084,2,223,104.382,87.176,NA,5.758,0.019,-105.255,10.514
2543,19,25,556.313,734.596,32401.094,2,255,113.912,96.667,NA,9.529,0.032,-122.005,-16.75
2544,19,26,555.808,734.596,32701.104,2,161,114.417,96.971,NA,0.505,0.002,180,-57.995
2545,19,27,547.222,740.657,33001.115,2,221,124.926,97.894,NA,10.509,0.035,144.782,-35.218
2546,19,28,547.222,742.677,33301.125,2,209,126.946,96.434,NA,2.02,0.007,90,-54.782
2547,19,29,533.586,742.677,33601.135,2,255,140.583,106.384,NA,13.636,0.045,180,90
2548,19,30,526.515,742.172,33901.145,2,255,147.671,112.162,NA,7.089,0.024,-175.914,4.086
2549,19,31,519.949,742.172,34201.155,2,255,154.237,117.377,NA,6.566,0.022,180,-4.086
2550,19,32,519.949,742.172,34501.165,2,255,154.237,117.377,NA,0,0,0,-180
2551,19,33,516.414,732.071,34801.175,2,255,164.939,126.364,NA,10.702,0.036,-109.29,-109.29
2552,19,34,503.788,726.01,35101.185,2,255,178.944,140.019,NA,14.005,0.047,-154.359,-45.069
2553,19,35,503.788,726.01,35401.196,2,255,178.944,140.019,NA,0,0,0,154.359
2554,19,36,494.697,719.444,35701.206,2,255,190.158,151.227,NA,11.214,0.037,-144.162,-144.162
2555,19,37,494.697,719.444,36001.216,2,255,190.158,151.227,NA,0,0,0,144.162
2556,19,38,494.697,719.444,36301.226,2,255,190.158,151.227,NA,0,0,0,0
2557,19,39,491.162,717.929,36601.236,2,255,194.005,154.954,NA,3.846,0.013,-156.801,-156.801
2558,19,40,491.162,715.909,36901.246,2,195,196.025,156.187,NA,2.02,0.007,-90,66.801
2559,19,41,502.778,707.323,37201.256,2,255,210.47,152.931,NA,14.445,0.048,-36.469,53.531
2560,19,42,502.778,707.323,37501.266,2,255,210.47,152.931,NA,0,0,0,36.469
2561,19,43,502.778,711.869,37801.277,2,255,215.015,149.86,NA,4.545,0.015,90,90
2562,19,44,496.717,711.869,38101.287,2,255,221.076,154.427,NA,6.061,0.02,180,90
2563,19,45,496.717,711.869,38401.297,2,255,221.076,154.427,NA,0,0,0,-180
2564,19,46,493.182,711.869,38701.307,2,255,224.611,157.138,NA,3.535,0.012,180,180
2565,19,47,491.667,713.889,39001.317,2,240,227.136,157.041,NA,2.525,0.008,126.87,-53.13
2566,19,48,484.091,713.889,39301.327,2,255,234.712,163.03,NA,7.576,0.025,180,53.13
2567,19,49,483.586,713.889,39601.337,2,255,235.217,163.434,NA,0.505,0.002,180,0
2568,19,50,468.939,714.899,39901.348,2,255,249.898,174.815,NA,14.681,0.049,176.055,-3.945
2569,19,51,465.404,713.384,40201.358,2,250,253.745,178.598,NA,3.846,0.013,-156.801,27.144
2570,19,52,458.333,713.384,40501.368,2,255,260.815,184.538,NA,7.071,0.024,180,-23.199
2571,19,53,467.929,713.384,40801.378,2,255,270.411,176.497,NA,9.596,0.032,0,-180
2572,19,54,467.929,717.424,41101.388,2,255,274.452,174.275,NA,4.04,0.013,90,90
2573,19,55,467.929,717.424,41401.398,2,162,274.452,174.275,NA,0,0,0,-90
2574,19,56,465.404,717.424,41701.408,2,255,276.977,176.402,NA,2.525,0.008,180,180
2575,19,57,460.354,717.424,42001.418,2,244,282.028,180.688,NA,5.051,0.017,180,0
2576,19,58,455.303,717.424,42301.429,2,255,287.078,185.013,NA,5.051,0.017,180,0
2577,19,59,445.202,733.081,42601.439,2,255,305.71,186.637,NA,18.632,0.062,122.829,-57.171
2578,19,60,455.808,730.556,42901.449,2,253,316.613,178.217,NA,10.903,0.036,-13.392,-136.221
2579,19,61,456.313,723.485,43201.459,2,255,323.702,181.111,NA,7.089,0.024,-85.914,-72.522
2580,19,62,450.758,720.96,43501.469,2,185,329.804,187.193,NA,6.103,0.02,-155.556,-69.642
2581,19,63,450.758,720.96,43801.479,2,255,329.804,187.193,NA,0,0,0,155.556
2582,19,64,441.162,715.404,44101.489,2,255,340.892,198.28,NA,11.088,0.037,-149.931,-149.931
2583,19,65,441.162,715.404,44401.5,2,225,340.892,198.28,NA,0,0,0,149.931
2584,19,66,439.141,722.98,44701.51,2,253,348.733,196.506,NA,7.84,0.026,104.931,104.931
2585,19,67,434.596,723.99,45001.52,2,255,353.389,200.125,NA,4.656,0.016,167.471,62.54
2586,19,68,434.596,723.99,45301.53,2,255,353.389,200.125,NA,0,0,0,-167.471
2587,19,69,434.596,723.99,45601.54,2,246,353.389,200.125,NA,0,0,0,0
2588,19,70,424.495,714.394,45901.55,2,254,367.322,213.455,NA,13.932,0.046,-136.469,-136.469
2589,19,71,412.374,708.333,46201.56,2,225,380.873,227.006,NA,13.552,0.045,-153.435,-16.966
2590,19,72,407.323,702.273,46501.57,2,255,388.763,234.285,NA,7.889,0.026,-129.806,23.629
2591,19,73,404.293,703.283,46801.581,2,255,391.957,236.502,NA,3.194,0.011,161.565,-68.629
2592,19,74,404.293,710.859,47101.591,2,255,399.533,233.121,NA,7.576,0.025,90,-71.565
2593,19,75,404.293,710.859,47401.601,2,255,399.533,233.121,NA,0,0,0,-90
2594,19,76,387.121,711.869,47701.611,2,255,416.734,248.3,NA,17.201,0.057,176.634,176.634
2595,19,77,372.98,711.869,48001.621,2,255,430.875,261.306,NA,14.141,0.047,180,3.366
2596,19,78,362.879,711.869,48301.631,2,255,440.976,270.666,NA,10.101,0.034,180,0
2597,19,79,350.253,711.869,48601.641,2,255,453.603,282.437,NA,12.626,0.042,180,0
2598,19,80,334.091,717.424,48901.651,2,176,470.692,295.786,NA,17.09,0.057,161.03,-18.97
2599,19,81,323.99,717.424,49201.662,2,255,480.793,305.376,NA,10.101,0.034,180,18.97
2600,19,82,318.939,728.535,49501.672,2,194,492.999,306.982,NA,12.205,0.041,114.444,-65.556
2601,19,83,318.939,728.535,49801.682,2,245,492.999,306.982,NA,0,0,0,-114.444
2602,19,84,312.374,728.535,50101.692,2,255,499.564,313.306,NA,6.566,0.022,180,180
2603,19,85,325.505,735.101,50401.702,2,181,514.245,298.915,NA,14.681,0.049,26.565,-153.435
2604,19,86,325.505,737.121,50701.712,2,255,516.266,298.402,NA,2.02,0.007,90,63.435
2605,19,87,304.293,743.182,51001.722,2,255,538.327,317.617,NA,22.061,0.074,164.055,74.055
2606,19,88,291.162,743.182,51301.733,2,186,551.458,330.45,NA,13.131,0.044,180,15.945
2607,19,89,302.273,736.616,51601.743,2,255,564.364,321.065,NA,12.906,0.043,-30.579,149.421
2608,19,90,287.626,735.606,51901.753,2,241,579.045,335.549,NA,14.681,0.049,-176.055,-145.476
2609,19,91,277.02,729.04,52201.763,2,255,591.519,347.393,NA,12.474,0.042,-148.241,27.814
2610,19,92,277.02,728.535,52501.773,2,255,592.024,347.513,NA,0.505,0.002,-90,58.241
2611,19,93,277.02,728.535,52801.783,2,255,592.024,347.513,NA,0,0,0,90
2612,19,94,277.02,728.535,53101.793,2,255,592.024,347.513,NA,0,0,0,0
2613,19,95,258.838,725.505,53401.803,2,209,610.457,365.894,NA,18.433,0.061,-170.538,-170.538
2614,19,96,244.697,725.505,53701.814,2,201,624.598,379.651,NA,14.141,0.047,180,-9.462
2615,19,97,237.121,725.505,54001.824,2,255,632.174,387.032,NA,7.576,0.025,180,0
2616,19,98,242.172,740.152,54301.834,2,255,647.667,379.068,NA,15.493,0.052,70.974,-109.026
2617,19,99,242.172,755.303,54601.844,2,209,662.818,376.496,NA,15.152,0.051,90,19.026
2618,19,100,252.778,751.768,54901.854,2,255,673.998,366.577,NA,11.18,0.037,-18.435,-108.435
2619,19,101,258.838,751.768,55201.864,2,255,680.059,360.599,NA,6.061,0.02,0,18.435
2620,19,102,266.919,744.697,55501.874,2,255,690.796,353.908,NA,10.738,0.036,-41.186,-41.186
2621,19,103,267.424,732.576,55801.885,2,156,702.928,355.915,NA,12.132,0.04,-87.614,-46.428
2622,19,104,267.424,727.02,56101.895,2,121,708.483,357.194,NA,5.556,0.019,-90,-2.386
2623,19,105,265.404,727.525,56401.905,2,248,710.566,359.037,NA,2.082,0.007,165.964,-104.036
2624,19,106,246.717,717.929,56701.915,2,236,731.572,379.488,NA,21.007,0.07,-152.819,41.217
2625,19,107,231.566,717.929,57001.925,2,255,746.724,394.185,NA,15.152,0.051,180,-27.181
2626,19,108,231.566,717.929,57301.935,2,255,746.724,394.185,NA,0,0,0,-180
2627,19,109,231.566,727.02,57601.945,2,255,755.815,392.118,NA,9.091,0.03,90,90
2628,19,110,228.03,728.535,57901.955,2,255,759.661,395.248,NA,3.846,0.013,156.801,66.801
2629,19,111,222.98,736.111,58201.966,2,255,768.766,398.678,NA,9.105,0.03,123.69,-33.111
2630,19,112,211.869,749.747,58501.976,2,237,786.356,407.291,NA,17.59,0.059,129.174,5.484
2631,19,113,206.313,758.333,58801.986,2,210,796.583,411.577,NA,10.226,0.034,122.905,-6.268
2632,19,114,197.727,763.384,59101.996,2,223,806.544,419.478,NA,9.961,0.033,149.534,26.629
2633,19,115,191.667,757.323,59402.006,2,255,815.115,426.232,NA,8.571,0.029,-135,75.466
2634,19,116,182.071,738.131,59702.016,2,234,836.572,438.567,NA,21.457,0.072,-116.565,18.435
2635,19,117,165.404,709.343,60002.026,2,255,869.836,460.547,NA,33.264,0.111,-120.069,-3.504
2636,19,118,162.374,704.798,60302.036,2,250,875.299,464.528,NA,5.463,0.018,-123.69,-3.621
2637,19,119,152.273,698.737,60602.047,2,255,887.079,475.767,NA,11.78,0.039,-149.036,-25.346
2638,19,120,113.889,697.727,60902.057,2,254,925.476,513.355,NA,38.397,0.128,-178.493,-29.456
2639,19,121,102.778,697.222,61202.067,2,71,936.599,524.304,NA,11.123,0.037,-177.397,1.095
2640,19,122,84.596,702.778,61502.077,2,255,955.61,540.913,NA,19.012,0.063,163.009,-19.593
2641,19,123,60.859,702.778,61802.087,2,216,979.348,564.183,NA,23.737,0.079,180,16.991
2642,19,124,47.727,707.828,62102.097,2,130,993.417,576.138,NA,14.069,0.047,158.962,-21.038
2643,19,125,15.404,722.98,62402.107,2,60,1029.115,605.549,NA,35.698,0.119,154.885,-4.077
2644,19,126,0.758,725.505,62702.118,2,141,1043.978,619.684,NA,14.863,0.05,170.218,15.332
2645,20,1,655.303,731.818,30001.013,2,95,0,0,NA,NA,NA,NA,NA
2646,20,2,652.652,731.061,30301.023,2,207,2.758,2.758,NA,2.758,0.009,-164.055,NA
2647,20,3,652.652,731.061,30601.033,2,193,2.758,2.758,NA,0,0,0,164.055
2648,20,4,644.697,729.545,30901.044,2,255,10.855,10.847,NA,8.098,0.027,-169.216,-169.216
2649,20,5,644.318,729.545,31201.054,2,211,11.234,11.217,NA,0.379,0.001,180,-10.784
2650,20,6,637.5,729.545,31501.064,2,225,18.052,17.948,NA,6.818,0.023,180,0
2651,20,7,632.576,726.515,31801.074,2,218,23.834,23.338,NA,5.782,0.019,-148.392,31.608
2652,20,8,631.818,725.758,32101.084,2,223,24.905,24.254,NA,1.071,0.004,-135,13.392
2653,20,9,627.273,725.758,32401.094,2,218,29.451,28.678,NA,4.545,0.015,180,-45
2654,20,10,624.242,722.727,32701.104,2,223,33.736,32.364,NA,4.285,0.014,-135,45
2655,20,11,614.773,714.015,33001.115,2,165,46.604,44.268,NA,12.868,0.043,-137.386,-2.386
2656,20,12,608.333,703.788,33301.125,2,255,58.69,54.698,NA,12.086,0.04,-122.196,15.19
2657,20,13,607.576,703.409,33601.135,2,255,59.537,55.542,NA,0.847,0.003,-153.435,-31.239
2658,20,14,605.303,698.106,33901.145,2,255,65.306,60.303,NA,5.77,0.019,-113.199,40.236
2659,20,15,602.652,693.561,34201.155,2,255,70.569,65.083,NA,5.262,0.018,-120.256,-7.058
2660,20,16,592.803,689.015,34501.165,2,255,81.415,75.752,NA,10.847,0.036,-155.225,-34.968
2661,20,17,592.424,687.121,34801.175,2,255,83.347,77.146,NA,1.931,0.006,-101.31,53.915
2662,20,18,589.394,683.333,35101.185,2,250,88.198,81.822,NA,4.851,0.016,-128.66,-27.35
2663,20,19,585.985,678.788,35401.196,2,216,93.879,87.277,NA,5.682,0.019,-126.87,1.79
2664,20,20,578.03,670.076,35701.206,2,255,105.677,98.91,NA,11.797,0.039,-132.397,-5.528
2665,20,21,573.864,663.258,36001.216,2,255,113.667,106.456,NA,7.991,0.027,-121.43,10.968
2666,20,22,573.864,663.258,36301.226,2,243,113.667,106.456,NA,0,0,0,121.43
2667,20,23,571.591,651.136,36601.236,2,255,126,116.264,NA,12.332,0.041,-100.62,-100.62
2668,20,24,572.727,637.121,36901.246,2,255,140.061,125.643,NA,14.061,0.047,-85.365,15.255
2669,20,25,572.727,626.515,37201.256,2,255,150.667,133.819,NA,10.606,0.035,-90,-4.635
2670,20,26,565.152,620.455,37501.266,2,255,160.369,143.28,NA,9.702,0.032,-141.34,-51.34
2671,20,27,565.152,620.833,37801.277,2,255,160.747,142.986,NA,0.379,0.001,90,-128.66
2672,20,28,545.833,604.545,38101.287,2,255,186.016,167.875,NA,25.268,0.084,-139.865,130.135
2673,20,29,537.5,602.273,38401.297,2,255,194.653,175.099,NA,8.638,0.029,-164.745,-24.88
2674,20,30,534.47,604.545,38701.307,2,255,198.441,175.497,NA,3.788,0.013,143.13,-52.125
2675,20,31,529.167,603.03,39001.317,2,255,203.957,180.268,NA,5.515,0.018,-164.055,52.815
2676,20,32,528.409,607.955,39301.327,2,255,208.939,177.325,NA,4.982,0.017,98.746,-97.199
2677,20,33,521.212,606.818,39601.337,2,255,216.225,183.318,NA,7.286,0.024,-171.027,90.226
2678,20,34,520.076,599.242,39901.348,2,255,223.885,189.375,NA,7.661,0.026,-98.531,72.497
2679,20,35,519.697,588.636,40201.358,2,255,234.498,197.206,NA,10.613,0.035,-92.045,6.485
2680,20,36,506.439,587.121,40501.368,2,255,247.842,207.6,NA,13.344,0.044,-173.48,-81.435
2681,20,37,505.682,581.818,40801.378,2,255,253.199,211.864,NA,5.357,0.018,-98.13,75.35
2682,20,38,503.03,574.621,41101.388,2,255,260.869,218.856,NA,7.67,0.026,-110.225,-12.095
2683,20,39,496.97,568.182,41401.398,2,255,269.712,227.698,NA,8.843,0.029,-133.264,-23.039
2684,20,40,495.076,565.152,41701.408,2,255,273.285,231.194,NA,3.573,0.012,-122.005,11.259
2685,20,41,495.076,565.152,42001.418,2,255,273.285,231.194,NA,0,0,0,122.005
2686,20,42,495.076,560.985,42301.429,2,255,277.452,234.215,NA,4.167,0.014,-90,-90
2687,20,43,487.5,560.985,42601.439,2,255,285.028,239.462,NA,7.576,0.025,180,-90
2688,20,44,487.5,557.955,42901.449,2,255,288.058,241.633,NA,3.03,0.01,-90,90
2689,20,45,487.5,557.955,43201.459,2,255,288.058,241.633,NA,0,0,0,90
2690,20,46,487.5,557.955,43501.469,2,255,288.058,241.633,NA,0,0,0,0
2691,20,47,484.091,554.167,43801.479,2,255,293.154,246.726,NA,5.096,0.017,-131.987,-131.987
2692,20,48,475.758,554.167,44101.489,2,255,301.487,252.58,NA,8.333,0.028,180,-48.013
2693,20,49,472.348,554.167,44401.5,2,255,304.896,255.015,NA,3.409,0.011,180,0
2694,20,50,472.348,554.167,44701.51,2,255,304.896,255.015,NA,0,0,0,-180
2695,20,51,479.545,552.273,45001.52,2,255,312.338,251.251,NA,7.442,0.025,-14.744,-14.744
2696,20,52,480.303,557.576,45301.53,2,255,317.695,246.952,NA,5.357,0.018,81.87,96.613
2697,20,53,466.288,562.121,45601.54,2,255,332.429,254.015,NA,14.734,0.049,162.031,80.161
2698,20,54,455.303,562.5,45901.55,2,255,343.42,262.047,NA,10.991,0.037,178.025,15.994
2699,20,55,451.136,569.697,46201.56,2,255,351.737,260.705,NA,8.316,0.028,120.069,-57.956
2700,20,56,437.879,571.212,46501.57,2,255,365.08,270.31,NA,13.344,0.044,173.48,53.412
2701,20,57,437.879,571.212,46801.581,2,255,365.08,270.31,NA,0,0,0,-173.48
2702,20,58,430.682,578.409,47101.591,2,255,375.258,272.009,NA,10.178,0.034,135,135
2703,20,59,412.5,575.379,47401.601,2,255,393.691,288.837,NA,18.433,0.061,-170.538,54.462
2704,20,60,412.879,570.076,47701.611,2,255,399.008,291.428,NA,5.317,0.018,-85.914,84.623
2705,20,61,385.606,545.833,48001.621,2,255,435.497,327.608,NA,36.49,0.122,-138.366,-52.452
2706,20,62,381.061,545.076,48301.631,2,255,440.105,331.786,NA,4.608,0.015,-170.538,-32.171
2707,20,63,381.439,553.409,48601.641,2,255,448.447,326.85,NA,8.342,0.028,87.397,-102.065
2708,20,64,372.348,553.409,48901.651,2,255,457.538,334.504,NA,9.091,0.03,180,92.603
2709,20,65,364.394,553.409,49201.662,2,255,465.493,341.259,NA,7.955,0.027,180,0
2710,20,66,364.394,553.409,49501.672,2,255,465.493,341.259,NA,0,0,0,-180
2711,20,67,366.288,547.727,49801.682,2,255,471.482,342.665,NA,5.989,0.02,-71.565,-71.565
2712,20,68,362.879,543.939,50101.692,2,255,476.578,347.578,NA,5.096,0.017,-131.987,-60.422
2713,20,69,354.924,543.939,50401.702,2,255,484.533,354.296,NA,7.955,0.027,180,-48.013
2714,20,70,354.924,543.939,50701.712,2,255,484.533,354.296,NA,0,0,0,-180
2715,20,71,354.924,543.939,51001.722,2,255,484.533,354.296,NA,0,0,0,0
2716,20,72,354.924,550,51301.733,2,255,490.593,351.12,NA,6.061,0.02,90,90
2717,20,73,345.076,550.379,51601.743,2,255,500.449,359.39,NA,9.856,0.033,177.797,87.797
2718,20,74,345.076,550.379,51901.753,2,255,500.449,359.39,NA,0,0,0,-177.797
2719,20,75,334.091,540.152,52201.763,2,255,515.458,374.05,NA,15.009,0.05,-137.045,-137.045
2720,20,76,329.167,537.879,52501.773,2,255,520.881,379.444,NA,5.423,0.018,-155.225,-18.179
2721,20,77,326.894,537.5,52801.783,2,255,523.185,381.592,NA,2.304,0.008,-170.538,-15.313
2722,20,78,318.182,538.258,53101.793,2,255,531.93,388.737,NA,8.745,0.029,175.03,-14.432
2723,20,79,316.667,542.803,53401.803,2,255,536.722,387.816,NA,4.791,0.016,108.435,-66.595
2724,20,80,314.015,554.545,53701.814,2,246,548.76,384.582,NA,12.038,0.04,102.724,-5.711
2725,20,81,303.409,565.53,54001.824,2,255,564.029,389.206,NA,15.269,0.051,133.995,31.271
2726,20,82,305.682,571.591,54301.834,2,255,570.502,384.588,NA,6.473,0.022,69.444,-64.551
2727,20,83,298.106,578.788,54601.844,2,255,580.951,388.597,NA,10.449,0.035,136.469,67.025
2728,20,84,287.5,581.061,54901.854,2,255,591.798,397.501,NA,10.847,0.036,167.905,31.436
2729,20,85,285.227,577.273,55201.864,2,255,596.215,401.049,NA,4.417,0.015,-120.964,71.131
2730,20,86,280.682,566.667,55501.874,2,255,607.754,409.409,NA,11.539,0.038,-113.199,7.765
2731,20,87,268.939,561.742,55801.885,2,255,620.488,422.141,NA,12.733,0.042,-157.249,-44.05
2732,20,88,260.227,560.227,56101.895,2,255,629.33,430.73,NA,8.843,0.029,-170.134,-12.885
2733,20,89,250.758,556.439,56401.905,2,255,639.53,440.925,NA,10.199,0.034,-158.199,11.936
2734,20,90,239.015,558.712,56701.915,2,255,651.49,450.845,NA,11.96,0.04,169.046,-32.755
2735,20,91,232.955,550.379,57001.925,2,255,661.794,459.672,NA,10.304,0.034,-126.027,64.927
2736,20,92,243.561,565.53,57301.935,2,255,680.289,444.053,NA,18.495,0.062,55.008,-178.965
2737,20,93,255.682,567.045,57601.945,2,255,692.504,432.258,NA,12.216,0.041,7.125,-47.883
2738,20,94,258.712,573.864,57901.955,2,255,699.966,426.889,NA,7.461,0.025,66.038,58.912
2739,20,95,261.742,580.682,58201.966,2,255,707.427,421.583,NA,7.461,0.025,66.038,0
2740,20,96,261.742,580.682,58501.976,2,255,707.427,421.583,NA,0,0,0,-66.038
2741,20,97,257.955,587.879,58801.986,2,255,715.56,422.616,NA,8.133,0.027,117.759,117.759
2742,20,98,234.091,598.106,59101.996,2,255,741.523,441.926,NA,25.963,0.087,156.801,39.043
2743,20,99,233.333,598.106,59402.006,2,255,742.28,442.648,NA,0.758,0.003,180,23.199
2744,20,100,226.894,602.652,59702.016,2,255,750.162,447.458,NA,7.882,0.026,144.782,-35.218
2745,20,101,214.394,617.803,60002.026,2,255,769.805,455.412,NA,19.642,0.065,129.523,-15.26
2746,20,102,202.273,626.894,60302.036,2,255,784.956,465.022,NA,15.152,0.051,143.13,13.607
2747,20,103,193.182,637.879,60602.047,2,255,799.215,471.573,NA,14.259,0.048,129.611,-13.519
2748,20,104,192.045,644.318,60902.057,2,255,805.754,471.449,NA,6.539,0.022,100.008,-29.603
2749,20,105,189.394,664.773,61202.067,2,255,826.379,470.708,NA,20.626,0.069,97.386,-2.622
2750,20,106,159.47,681.818,61502.077,2,247,860.818,498.348,NA,34.438,0.115,150.333,52.947
2751,20,107,140.152,691.667,61802.087,2,255,882.502,516.714,NA,21.684,0.072,152.987,2.654
2752,20,108,116.667,701.894,62102.097,2,255,908.117,539.467,NA,25.615,0.085,156.468,3.48
2753,20,109,81.818,701.894,62402.107,2,254,942.965,574.265,NA,34.848,0.116,180,23.532
2754,20,110,81.061,732.576,62702.118,2,217,973.656,574.243,NA,30.691,0.102,91.414,-88.586
2755,20,111,77.273,743.939,63002.128,2,255,985.635,578.157,NA,11.978,0.04,108.435,17.021
2756,20,112,59.091,765.53,63302.138,2,231,1013.862,597.164,NA,28.227,0.094,130.101,21.666
2757,20,113,37.879,771.97,63602.148,2,243,1036.029,618.728,NA,22.168,0.074,163.113,33.012
2758,20,114,20.833,781.818,63902.158,2,255,1055.716,636.437,NA,19.686,0.066,149.982,-13.132
2759,20,115,10.606,799.621,64202.168,2,245,1076.247,648.253,NA,20.532,0.068,119.876,-30.106
2760,21,1,670.833,729.924,31801.074,2,106,0,0,NA,NA,NA,NA,NA
2761,21,2,661.742,728.409,32101.084,2,92,9.216,9.216,NA,9.216,0.031,-170.538,NA
2762,21,3,660.985,728.409,32401.094,2,87,9.974,9.964,NA,0.758,0.003,180,-9.462
2763,21,4,649.242,715.53,32701.104,2,134,27.402,25.949,NA,17.428,0.058,-132.357,47.643
2764,21,5,643.561,710.606,33001.115,2,246,34.921,33.421,NA,7.519,0.025,-139.086,-6.728
2765,21,6,643.561,710.606,33301.125,2,193,34.921,33.421,NA,0,0,0,139.086
2766,21,7,635.227,709.091,33601.135,2,255,43.391,41.253,NA,8.47,0.028,-169.695,-169.695
2767,21,8,634.47,700,33901.145,2,253,52.513,47.093,NA,9.122,0.03,-94.764,74.932
2768,21,9,631.061,687.5,34201.155,2,228,65.47,58.152,NA,12.957,0.043,-105.255,-10.491
2769,21,10,621.212,671.591,34501.165,2,231,84.181,76.584,NA,18.711,0.062,-121.759,-16.504
2770,21,11,619.318,655.682,34801.175,2,255,100.202,90.365,NA,16.021,0.053,-96.789,24.971
2771,21,12,619.318,655.303,35101.185,2,184,100.581,90.676,NA,0.379,0.001,-90,6.789
2772,21,13,608.333,646.591,35401.196,2,229,114.601,104.167,NA,14.02,0.047,-141.582,-51.582
2773,21,14,602.652,640.909,35701.206,2,255,122.636,112.127,NA,8.035,0.027,-135,6.582
2774,21,15,602.652,640.53,36001.216,2,255,123.015,112.428,NA,0.379,0.001,-90,45
2775,21,16,599.621,632.197,36301.226,2,255,131.882,120.921,NA,8.867,0.03,-109.983,-19.983
2776,21,17,598.485,622.727,36601.236,2,255,141.42,129.327,NA,9.538,0.032,-96.843,13.14
2777,21,18,598.106,606.061,36901.246,2,255,158.091,143.637,NA,16.671,0.056,-91.302,5.541
2778,21,19,586.364,593.182,37201.256,2,255,175.519,160.728,NA,17.428,0.058,-132.357,-41.056
2779,21,20,577.652,585.227,37501.266,2,255,187.317,172.105,NA,11.797,0.039,-137.603,-5.245
2780,21,21,572.348,578.788,37801.277,2,255,195.659,180.393,NA,8.342,0.028,-129.472,8.13
2781,21,22,572.348,578.409,38101.287,2,229,196.037,180.71,NA,0.379,0.001,-90,39.472
2782,21,23,558.712,568.939,38401.297,2,222,212.639,196.182,NA,16.602,0.055,-145.222,-55.222
2783,21,24,559.091,543.561,38701.307,2,255,238.021,217.297,NA,25.382,0.085,-89.145,56.077
2784,21,25,559.47,534.47,39001.317,2,255,247.12,224.954,NA,9.099,0.03,-87.614,1.531
2785,21,26,559.848,529.924,39301.327,2,255,251.681,228.73,NA,4.561,0.015,-85.236,2.378
2786,21,27,563.636,529.924,39601.337,2,255,255.469,226.917,NA,3.788,0.013,0,85.236
2787,21,28,563.636,529.924,39901.348,2,255,255.469,226.917,NA,0,0,0,0
2788,21,29,563.636,529.924,40201.358,2,255,255.469,226.917,NA,0,0,0,0
2789,21,30,554.545,528.788,40501.368,2,255,264.63,232.333,NA,9.162,0.031,-172.875,-172.875
2790,21,31,546.591,526.515,40801.378,2,255,272.903,238.352,NA,8.273,0.028,-164.055,8.82
2791,21,32,546.591,526.515,41101.388,2,214,272.903,238.352,NA,0,0,0,164.055
2792,21,33,536.742,526.515,41401.398,2,255,282.752,243.63,NA,9.848,0.033,180,180
2793,21,34,532.955,520.455,41701.408,2,255,289.899,250.775,NA,7.147,0.024,-122.005,57.995
2794,21,35,532.955,509.47,42001.418,2,255,300.884,260.021,NA,10.985,0.037,-90,32.005
2795,21,36,541.667,503.409,42301.429,2,255,311.496,260.755,NA,10.613,0.035,-34.824,55.176
2796,21,37,541.667,503.409,42601.439,2,194,311.496,260.755,NA,0,0,0,34.824
2797,21,38,532.197,476.136,42901.449,2,255,340.366,289.186,NA,28.87,0.096,-109.148,-109.148
2798,21,39,528.788,467.424,43201.459,2,251,349.722,298.468,NA,9.355,0.031,-111.371,-2.222
2799,21,40,519.318,462.121,43501.469,2,255,360.575,307.694,NA,10.853,0.036,-150.751,-39.381
2800,21,41,506.818,460.985,43801.479,2,255,373.127,315.007,NA,12.552,0.042,-174.806,-24.054
2801,21,42,486.742,447.727,44101.489,2,255,397.185,336.934,NA,24.058,0.08,-146.56,28.245
2802,21,43,482.955,440.909,44401.5,2,255,404.985,344.715,NA,7.8,0.026,-119.055,27.506
2803,21,44,473.106,434.848,44701.51,2,255,416.549,355.198,NA,11.564,0.039,-148.392,-29.338
2804,21,45,465.152,429.924,45001.52,2,255,425.904,363.738,NA,9.355,0.031,-148.241,0.152
2805,21,46,454.545,401.515,45301.53,2,255,456.228,393.234,NA,30.324,0.101,-110.472,37.768
2806,21,47,445.833,391.288,45601.54,2,255,469.663,406.571,NA,13.435,0.045,-130.426,-19.954
2807,21,48,431.439,384.47,45901.55,2,255,485.59,420.295,NA,15.927,0.053,-154.654,-24.228
2808,21,49,412.121,403.788,46201.56,2,255,512.91,416.289,NA,27.32,0.091,135,-70.346
2809,21,50,393.561,413.636,46501.57,2,255,533.922,420.616,NA,21.012,0.07,152.049,17.049
2810,21,51,394.318,418.939,46801.581,2,255,539.279,416.14,NA,5.357,0.018,81.87,-70.179
2811,21,52,387.5,421.97,47101.591,2,255,546.74,418.466,NA,7.461,0.025,156.038,74.168
2812,21,53,382.576,421.97,47401.601,2,255,551.665,421.816,NA,4.924,0.016,180,23.962
2813,21,54,386.742,422.348,47701.611,2,255,555.848,418.701,NA,4.184,0.014,5.194,-174.806
2814,21,55,386.742,422.348,48001.621,2,255,555.848,418.701,NA,0,0,0,-5.194
2815,21,56,390.53,413.258,48301.631,2,255,565.697,422.904,NA,9.848,0.033,-67.38,-67.38
2816,21,57,390.53,422.348,48601.641,2,255,574.788,416.14,NA,9.091,0.03,90,157.38
2817,21,58,380.303,411.364,48901.651,2,255,589.797,431.148,NA,15.009,0.05,-132.955,137.045
2818,21,59,378.409,407.955,49201.662,2,255,593.696,434.944,NA,3.9,0.013,-119.055,13.9
2819,21,60,378.03,407.955,49501.672,2,114,594.075,435.199,NA,0.379,0.001,180,-60.945
2820,21,61,371.212,408.712,49801.682,2,255,600.935,439.261,NA,6.86,0.023,173.66,-6.34
2821,21,62,379.167,419.318,50101.692,2,255,614.193,426.082,NA,13.258,0.044,53.13,-120.53
2822,21,63,376.515,417.803,50401.702,2,255,617.247,429.002,NA,3.054,0.01,-150.255,156.615
2823,21,64,376.515,417.803,50701.712,2,255,617.247,429.002,NA,0,0,0,150.255
2824,21,65,376.894,417.803,51001.722,2,255,617.626,428.742,NA,0.379,0.001,0,0
2825,21,66,376.894,416.288,51301.733,2,255,619.141,429.847,NA,1.515,0.005,-90,-90
2826,21,67,376.894,416.288,51601.743,2,255,619.141,429.847,NA,0,0,0,90
2827,21,68,376.894,416.288,51901.753,2,255,619.141,429.847,NA,0,0,0,0
2828,21,69,376.894,416.288,52201.763,2,255,619.141,429.847,NA,0,0,0,0
2829,21,70,376.894,422.348,52501.773,2,255,625.201,425.445,NA,6.061,0.02,90,90
2830,21,71,379.545,427.652,52801.783,2,255,631.13,419.783,NA,5.929,0.02,63.435,-26.565
2831,21,72,381.061,426.515,53101.793,2,255,633.024,419.554,NA,1.894,0.006,-36.87,-100.305
2832,21,73,381.061,426.515,53401.803,2,255,633.024,419.554,NA,0,0,0,36.87
2833,21,74,381.061,426.515,53701.814,2,221,633.024,419.554,NA,0,0,0,0
2834,21,75,376.136,406.818,54001.824,2,255,653.327,437.314,NA,20.303,0.068,-104.036,-104.036
2835,21,76,370.455,406.818,54301.834,2,255,659.009,441.163,NA,5.682,0.019,180,-75.964
2836,21,77,370.455,406.818,54601.844,2,255,659.009,441.163,NA,0,0,0,-180
2837,21,78,370.455,414.394,54901.854,2,255,666.585,435.645,NA,7.576,0.025,90,90
2838,21,79,374.621,414.394,55201.864,2,255,670.752,432.783,NA,4.167,0.014,0,-90
2839,21,80,375,413.258,55501.874,2,255,671.949,433.353,NA,1.198,0.004,-71.565,-71.565
2840,21,81,371.591,410.606,55801.885,2,255,676.268,437.619,NA,4.319,0.014,-142.125,-70.56
2841,21,82,369.318,410.606,56101.895,2,255,678.541,439.176,NA,2.273,0.008,180,-37.875
2842,21,83,369.318,410.606,56401.905,2,255,678.541,439.176,NA,0,0,0,-180
2843,21,84,369.318,415.152,56701.915,2,255,683.087,435.882,NA,4.545,0.015,90,90
2844,21,85,371.591,415.152,57001.925,2,255,685.359,434.313,NA,2.273,0.008,0,-90
2845,21,86,364.773,398.106,57301.935,2,255,703.718,451.416,NA,18.359,0.061,-111.801,-111.801
2846,21,87,364.773,397.727,57601.945,2,214,704.097,451.694,NA,0.379,0.001,-90,21.801
2847,21,88,364.773,400.379,57901.955,2,255,706.748,449.748,NA,2.652,0.009,90,180
2848,21,89,364.773,410.227,58201.966,2,255,716.597,442.582,NA,9.848,0.033,90,0
2849,21,90,370.833,410.985,58501.976,2,255,722.704,437.861,NA,6.108,0.02,7.125,-82.875
2850,21,91,370.833,410.985,58801.986,2,224,722.704,437.861,NA,0,0,0,-7.125
2851,21,92,363.258,399.242,59101.996,2,255,736.678,451.612,NA,13.974,0.047,-122.829,-122.829
2852,21,93,363.258,399.242,59402.006,2,255,736.678,451.612,NA,0,0,0,122.829
2853,21,94,363.258,399.242,59702.016,2,255,736.678,451.612,NA,0,0,0,0
2854,21,95,363.258,399.242,60002.026,2,243,736.678,451.612,NA,0,0,0,0
2855,21,96,363.258,409.848,60302.036,2,234,747.285,443.905,NA,10.606,0.035,90,90
2856,21,97,374.621,411.364,60602.047,2,224,758.749,434.997,NA,11.464,0.038,7.595,-82.405
2857,21,98,377.652,411.364,60902.057,2,240,761.779,432.939,NA,3.03,0.01,0,-7.595
2858,21,99,377.652,411.364,61202.067,2,253,761.779,432.939,NA,0,0,0,0
2859,21,100,377.273,403.788,61502.077,2,255,769.364,438.797,NA,7.585,0.025,-92.862,-92.862
2860,21,101,370.076,404.167,61802.087,2,255,776.571,443.366,NA,7.207,0.024,176.987,-90.15
2861,21,102,362.5,404.167,62102.097,2,255,784.147,448.539,NA,7.576,0.025,180,3.013
2862,21,103,354.545,404.167,62402.107,2,255,792.101,454.044,NA,7.955,0.027,180,0
2863,21,104,353.03,400.379,62702.118,2,255,796.181,457.82,NA,4.08,0.014,-111.801,68.199
2864,21,105,351.136,394.697,63002.128,2,255,802.17,463.232,NA,5.989,0.02,-108.435,3.366
2865,21,106,351.136,394.697,63302.138,2,255,802.17,463.232,NA,0,0,0,108.435
2866,21,107,351.136,394.697,63602.148,2,255,802.17,463.232,NA,0,0,0,0
2867,21,108,351.136,394.697,63902.158,2,255,802.17,463.232,NA,0,0,0,0
2868,21,109,346.97,394.697,64202.168,2,255,806.337,466.117,NA,4.167,0.014,180,180
2869,21,110,346.97,394.697,64502.178,2,255,806.337,466.117,NA,0,0,0,-180
2870,21,111,346.97,386.742,64802.188,2,255,814.292,471.87,NA,7.955,0.027,-90,-90
2871,21,112,346.97,386.742,65102.199,2,255,814.292,471.87,NA,0,0,0,90
2872,21,113,343.182,386.742,65402.209,2,255,818.079,474.478,NA,3.788,0.013,180,180
2873,21,114,342.045,392.424,65702.219,2,255,823.874,471.177,NA,5.794,0.019,101.31,-78.69
2874,21,115,338.258,392.424,66002.229,2,255,827.662,473.828,NA,3.788,0.013,180,78.69
2875,21,116,338.258,392.424,66302.239,2,129,827.662,473.828,NA,0,0,0,-180
2876,21,117,336.364,376.894,66602.249,2,255,843.307,486.313,NA,15.645,0.052,-96.953,-96.953
2877,21,118,336.364,363.636,66902.259,2,225,856.565,496.021,NA,13.258,0.044,-90,6.953
2878,21,119,346.212,357.197,67202.27,2,223,868.331,494.272,NA,11.767,0.039,-33.179,56.821
2879,21,120,346.212,357.576,67502.28,2,230,868.71,493.986,NA,0.379,0.001,90,123.179
2880,21,121,339.394,351.515,67802.29,2,239,877.833,503.036,NA,9.122,0.03,-138.366,131.634
2881,21,122,339.394,335.985,68102.3,2,178,893.363,514.821,NA,15.53,0.052,-90,48.366
2882,21,123,347.348,328.409,68402.31,2,255,904.348,515.613,NA,10.985,0.037,-43.603,46.397
2883,21,124,348.106,319.318,68702.32,2,230,913.47,522.255,NA,9.122,0.03,-85.236,-41.634
2884,21,125,348.864,309.848,69002.33,2,202,922.97,529.271,NA,9.5,0.032,-85.426,-0.19
2885,21,126,343.182,312.121,69302.34,2,255,929.09,530.957,NA,6.12,0.02,158.199,-116.375
2886,21,127,339.394,305.682,69602.351,2,191,936.561,538.362,NA,7.471,0.025,-120.466,81.336
2887,21,128,342.045,296.97,69902.361,2,190,945.667,543.646,NA,9.107,0.03,-73.072,47.393
2888,21,129,342.803,286.742,70202.371,2,188,955.922,551.375,NA,10.255,0.034,-85.764,-12.691
2889,21,130,344.318,274.621,70502.381,2,255,968.138,560.279,NA,12.216,0.041,-82.875,2.889
2890,21,131,340.152,260.985,70802.391,2,189,982.397,573.807,NA,14.259,0.048,-106.991,-24.116
2891,21,132,340.152,257.197,71102.401,2,175,986.185,576.907,NA,3.788,0.013,-90,16.991
2892,21,133,334.47,249.621,71402.411,2,194,995.654,586.371,NA,9.47,0.032,-126.87,-36.87
2893,21,134,334.47,249.621,71702.422,2,201,995.654,586.371,NA,0,0,0,126.87
2894,21,136,329.545,255.303,72002.432,2,253,1003.173,584.588,NA,7.519,0.025,130.914,130.914
2895,22,1,973.485,539.646,32101.084,2,86,0,0,NA,NA,NA,NA,NA
2896,22,2,968.939,532.071,32401.094,2,212,8.835,8.835,NA,8.835,0.029,-120.964,NA
2897,22,3,967.424,528.535,32701.104,2,186,12.681,12.657,NA,3.846,0.013,-113.199,7.765
2898,22,4,967.424,528.03,33001.115,2,167,13.186,13.102,NA,0.505,0.002,-90,23.199
2899,22,5,976.515,526.515,33301.125,2,174,22.402,13.476,NA,9.216,0.031,-9.462,80.538
2900,22,6,977.02,518.939,33601.135,2,133,29.995,21.007,NA,7.593,0.025,-86.186,-76.724
2901,22,7,980.051,507.323,33901.145,2,233,42,32.983,NA,12.005,0.04,-75.379,10.807
2902,22,8,980.051,507.828,34201.155,2,12,42.505,32.489,NA,0.505,0.002,90,165.379
2903,22,9,986.111,487.121,34501.165,2,255,64.081,54.022,NA,21.576,0.072,-73.686,-163.686
2904,22,10,989.141,484.091,34801.175,2,255,68.366,57.72,NA,4.285,0.014,-45,28.686
2905,22,11,989.646,485.101,35101.185,2,255,69.496,56.889,NA,1.129,0.004,63.435,108.435
2906,22,12,997.222,489.141,35401.196,2,255,78.081,55.805,NA,8.586,0.029,28.072,-35.362
2907,22,13,997.222,492.172,35701.206,2,255,81.112,53.078,NA,3.03,0.01,90,61.928
2908,22,14,997.222,487.121,36001.216,2,255,86.162,57.64,NA,5.051,0.017,-90,-180
2909,22,15,997.222,487.121,36301.226,2,255,86.162,57.64,NA,0,0,0,90
2910,22,16,997.222,487.121,36601.236,2,248,86.162,57.64,NA,0,0,0,0
2911,22,17,991.162,475,36901.246,2,255,99.714,67.02,NA,13.552,0.045,-116.565,-116.565
2912,22,18,991.162,475,37201.256,2,255,99.714,67.02,NA,0,0,0,116.565
2913,22,19,991.162,453.788,37501.266,2,210,120.926,87.659,NA,21.212,0.071,-90,-90
2914,22,20,990.657,435.101,37801.277,2,255,139.62,105.946,NA,18.694,0.062,-91.548,-1.548
2915,22,21,982.071,435.101,38101.287,2,255,148.206,104.897,NA,8.586,0.029,180,-88.452
2916,22,22,979.04,435.101,38401.297,2,255,151.236,104.693,NA,3.03,0.01,180,0
2917,22,23,974.495,423.99,38701.307,2,255,163.241,115.661,NA,12.005,0.04,-112.249,67.751
2918,22,24,974.495,423.99,39001.317,2,187,163.241,115.661,NA,0,0,0,112.249
2919,22,25,974.495,423.99,39301.327,2,255,163.241,115.661,NA,0,0,0,0
2920,22,26,979.545,416.919,39601.337,2,189,171.93,122.877,NA,8.689,0.029,-54.462,-54.462
2921,22,27,993.687,407.323,39901.348,2,243,189.02,133.856,NA,17.09,0.057,-34.16,20.303
2922,22,28,999.242,403.788,40201.358,2,255,195.605,138.279,NA,6.585,0.022,-32.471,1.689
2923,22,29,999.242,403.788,40501.368,2,167,195.605,138.279,NA,0,0,0,32.471
2924,22,30,1013.384,394.697,40801.378,2,239,212.417,150.341,NA,16.811,0.056,-32.735,-32.735
2925,22,31,1013.384,379.04,41101.388,2,255,228.073,165.488,NA,15.657,0.052,-90,-57.265
2926,22,32,1015.404,369.444,41401.398,2,255,237.879,175.288,NA,9.806,0.033,-78.111,11.889
2927,22,33,1014.899,356.818,41701.408,2,255,250.516,187.46,NA,12.636,0.042,-92.291,-14.179
2928,22,34,1014.899,340.152,42001.418,2,255,267.183,203.748,NA,16.667,0.056,-90,2.291
2929,22,35,1007.323,334.596,42301.429,2,255,276.577,207.824,NA,9.394,0.031,-143.746,-53.746
2930,22,36,1004.293,317.929,42601.439,2,255,293.517,223.847,NA,16.94,0.056,-100.305,43.441
2931,22,37,1004.293,317.929,42901.449,2,255,293.517,223.847,NA,0,0,0,100.305
2932,22,38,989.141,304.293,43201.459,2,255,313.901,235.874,NA,20.384,0.068,-138.013,-138.013
2933,22,39,975.505,304.293,43501.469,2,255,327.538,235.362,NA,13.636,0.045,180,-41.987
2934,22,40,975.505,304.293,43801.479,2,255,327.538,235.362,NA,0,0,0,-180
2935,22,41,975.505,300.253,44101.489,2,255,331.578,239.402,NA,4.04,0.013,-90,-90
2936,22,42,975.505,300.253,44401.5,2,255,331.578,239.402,NA,0,0,0,90
2937,22,43,980.051,294.192,44701.51,2,255,339.154,245.542,NA,7.576,0.025,-53.13,-53.13
2938,22,44,980.051,294.192,45001.52,2,214,339.154,245.542,NA,0,0,0,53.13
2939,22,45,986.111,295.707,45301.53,2,255,345.401,244.266,NA,6.247,0.021,14.036,14.036
2940,22,46,985.606,283.081,45601.54,2,255,358.037,256.852,NA,12.636,0.042,-92.291,-106.327
2941,22,47,977.02,282.071,45901.55,2,255,366.682,257.6,NA,8.645,0.029,-173.29,-81
2942,22,48,977.02,282.071,46201.56,2,23,366.682,257.6,NA,0,0,0,173.29
2943,22,49,955.303,265.404,46501.57,2,255,394.058,274.844,NA,27.375,0.091,-142.496,-142.496
2944,22,50,964.899,243.687,46801.581,2,255,417.8,296.084,NA,23.743,0.079,-66.161,76.335
2945,22,51,973.99,243.182,47101.591,2,255,426.905,296.465,NA,9.105,0.03,-3.18,62.981
2946,22,52,976.01,238.636,47401.601,2,230,431.88,301.021,NA,4.974,0.017,-66.038,-62.858
2947,22,53,976.515,219.949,47701.611,2,255,450.573,319.711,NA,18.694,0.062,-88.452,-22.414
2948,22,54,971.97,215.909,48001.621,2,255,456.655,323.741,NA,6.082,0.02,-138.366,-49.915
2949,22,55,971.97,199.747,48301.631,2,255,472.816,339.902,NA,16.162,0.054,-90,48.366
2950,22,56,972.475,185.606,48601.641,2,255,486.967,354.042,NA,14.15,0.047,-87.955,2.045
2951,22,57,985.606,175,48901.651,2,255,503.846,364.848,NA,16.88,0.056,-38.928,49.027
2952,22,58,995.707,150.758,49201.662,2,255,530.109,389.523,NA,26.263,0.088,-67.38,-28.453
2953,22,59,1010.354,120.96,49501.672,2,255,563.312,420.307,NA,33.203,0.111,-63.825,3.555
2954,22,60,1005.808,107.828,49801.682,2,255,577.208,433.026,NA,13.896,0.046,-109.093,-45.269
2955,22,61,1001.263,94.192,50101.692,2,252,591.582,446.32,NA,14.374,0.048,-108.435,0.659
2956,22,62,993.687,85.101,50401.702,2,137,603.416,454.994,NA,11.834,0.039,-129.806,-21.371
2957,22,63,984.091,82.576,50701.712,2,255,613.338,457.194,NA,9.923,0.033,-165.256,-35.451
2958,22,64,967.929,82.071,51001.722,2,238,629.508,457.609,NA,16.17,0.054,-178.21,-12.954
2959,22,65,954.798,76.515,51301.733,2,255,643.766,463.508,NA,14.258,0.048,-157.068,21.142
2960,22,66,947.727,71.465,51601.743,2,255,652.455,468.89,NA,8.689,0.029,-144.462,12.606
2961,22,67,951.263,70.96,51901.753,2,255,656.026,469.213,NA,3.571,0.012,-8.13,136.332
2962,22,68,937.121,61.869,52201.763,2,255,672.838,479.16,NA,16.811,0.056,-147.265,-139.135
2963,22,69,925,46.212,52501.773,2,229,692.638,495.811,NA,19.8,0.066,-127.747,19.518
2964,22,70,914.899,36.111,52801.783,2,238,706.923,506.932,NA,14.285,0.048,-135,-7.253
2965,22,71,903.283,24.495,53101.793,2,255,723.351,519.913,NA,16.428,0.055,-135,0
2966,22,72,896.212,11.869,53401.803,2,123,737.822,533.405,NA,14.471,0.048,-119.249,15.751
2967,22,73,892.677,2.778,53701.814,2,224,747.576,542.916,NA,9.754,0.033,-111.251,7.998
2968,23,1,718.939,1067.424,22800.77,2,30,0,0,NA,NA,NA,NA,NA
2969,23,2,716.414,1076.515,23100.78,2,46,9.435,9.435,NA,9.435,0.031,105.524,NA
2970,23,3,719.444,1087.121,23400.79,2,206,20.466,19.703,NA,11.03,0.037,74.055,-31.47
2971,23,4,719.444,1089.646,23700.8,2,152,22.991,22.228,NA,2.525,0.008,90,15.945
2972,23,5,721.97,1087.121,24000.811,2,249,26.562,19.929,NA,3.571,0.012,-45,-135
2973,23,6,727.525,1091.162,24300.821,2,80,33.432,25.242,NA,6.869,0.023,36.027,81.027
2974,23,7,727.525,1101.768,24600.831,2,203,44.038,35.4,NA,10.606,0.035,90,53.973
2975,23,8,727.525,1103.283,24900.841,2,255,45.553,36.872,NA,1.515,0.005,90,0
2976,23,9,721.97,1103.283,25200.851,2,255,51.108,35.986,NA,5.556,0.019,180,90
2977,23,10,712.879,1103.283,25500.861,2,255,60.199,36.367,NA,9.091,0.03,180,0
2978,23,11,710.859,1102.273,25800.871,2,255,62.458,35.773,NA,2.259,0.008,-153.435,26.565
2979,23,12,709.343,1106.313,26100.881,2,255,66.773,40.055,NA,4.315,0.014,110.556,-96.009
2980,23,13,708.838,1106.313,26400.892,2,255,67.278,40.179,NA,0.505,0.002,180,69.444
2981,23,14,706.313,1108.838,26700.902,2,255,70.849,43.296,NA,3.571,0.012,135,-45
2982,23,15,706.313,1108.838,27000.912,2,255,70.849,43.296,NA,0,0,0,-135
2983,23,16,701.263,1108.838,27300.922,2,239,75.9,45.029,NA,5.051,0.017,180,180
2984,23,17,701.263,1108.838,27600.932,2,255,75.9,45.029,NA,0,0,0,-180
2985,23,18,707.323,1114.899,27900.942,2,255,84.471,48.875,NA,8.571,0.029,45,45
2986,23,19,707.323,1119.949,28200.952,2,242,89.521,53.794,NA,5.051,0.017,90,45
2987,23,20,701.768,1123.99,28500.963,2,255,96.391,59.115,NA,6.869,0.023,143.973,53.973
2988,23,21,698.232,1125.505,28800.973,2,255,100.237,61.662,NA,3.846,0.013,156.801,12.829
2989,23,22,698.232,1125.505,29100.983,2,255,100.237,61.662,NA,0,0,0,-156.801
2990,23,23,688.636,1129.04,29400.993,2,246,110.464,68.665,NA,10.226,0.034,159.775,159.775
2991,23,24,686.616,1132.576,29701.003,2,154,114.535,72.729,NA,4.072,0.014,119.745,-40.03
2992,23,25,681.566,1138.131,30001.013,2,247,122.044,79.977,NA,7.508,0.025,132.274,12.529
2993,23,26,676.515,1135.101,30301.023,2,145,127.933,79.875,NA,5.89,0.02,-149.036,78.69
2994,23,27,676.515,1135.101,30601.033,2,206,127.933,79.875,NA,0,0,0,149.036
2995,23,28,669.444,1134.091,30901.044,2,198,135.076,83.031,NA,7.142,0.024,-171.87,-171.87
2996,23,29,669.444,1134.091,31201.054,2,255,135.076,83.031,NA,0,0,0,171.87
2997,23,30,669.444,1130.051,31501.064,2,255,139.116,79.824,NA,4.04,0.013,-90,-90
2998,23,31,669.444,1130.051,31801.074,2,255,139.116,79.824,NA,0,0,0,90
2999,23,32,662.374,1130.051,32101.084,2,206,146.187,84.39,NA,7.071,0.024,180,180
3000,23,33,653.788,1130.051,32401.094,2,131,154.773,90.37,NA,8.586,0.029,180,0
3001,23,34,651.768,1134.596,32701.104,2,156,159.747,94.995,NA,4.974,0.017,113.962,-66.038
3002,23,35,651.768,1134.596,33001.115,2,166,159.747,94.995,NA,0,0,0,-113.962
3003,23,36,651.768,1134.596,33301.125,2,184,159.747,94.995,NA,0,0,0,0
3004,23,37,651.768,1134.596,33601.135,2,255,159.747,94.995,NA,0,0,0,0
3005,23,38,651.768,1134.596,33901.145,2,255,159.747,94.995,NA,0,0,0,0
3006,23,39,645.707,1134.596,34201.155,2,202,165.808,99.373,NA,6.061,0.02,180,180
3007,23,40,645.707,1134.596,34501.165,2,4,165.808,99.373,NA,0,0,0,-180
3008,23,41,645.707,1149.242,34801.175,2,255,180.454,109.805,NA,14.646,0.049,90,90
3009,23,42,634.596,1167.929,35101.185,2,97,202.195,131.206,NA,21.741,0.072,120.735,30.735
3010,23,43,620.96,1184.091,35401.196,2,121,223.341,152.352,NA,21.146,0.07,130.156,9.421
3011,23,44,620.96,1190.657,35701.206,2,128,229.906,157.436,NA,6.566,0.022,90,-40.156
3012,23,45,617.929,1197.727,36001.216,2,83,237.599,164.869,NA,7.693,0.026,113.199,23.199
3013,23,46,609.848,1198.737,36301.226,2,168,245.743,170.716,NA,8.144,0.027,172.875,59.676
3014,23,47,609.848,1198.737,36601.236,2,104,245.743,170.716,NA,0,0,0,-172.875
3015,23,48,609.848,1206.313,36901.246,2,137,253.318,176.61,NA,7.576,0.025,90,90
3016,23,49,607.323,1206.313,37201.256,2,104,255.844,178.181,NA,2.525,0.008,180,90
3017,23,50,607.323,1206.313,37501.266,2,108,255.844,178.181,NA,0,0,0,-180
3018,23,51,602.273,1209.343,37801.277,2,109,261.734,183.718,NA,5.89,0.02,149.036,149.036
3019,23,52,602.273,1209.343,38101.287,2,87,261.734,183.718,NA,0,0,0,-149.036
3020,23,53,602.273,1218.434,38401.297,2,162,270.824,190.828,NA,9.091,0.03,90,90
3021,23,54,602.273,1222.98,38701.307,2,125,275.37,194.444,NA,4.545,0.015,90,0
3022,23,55,600.758,1226.515,39001.317,2,188,279.216,198.184,NA,3.846,0.013,113.199,23.199
3023,23,56,595.202,1226.515,39301.327,2,205,284.772,201.546,NA,5.556,0.019,180,66.801
3024,23,57,590.152,1226.515,39601.337,2,173,289.822,204.686,NA,5.051,0.017,180,0
3025,23,58,586.616,1221.465,39901.348,2,220,295.987,203.071,NA,6.165,0.021,-124.992,55.008
3026,23,59,583.586,1222.475,40201.358,2,236,299.181,205.818,NA,3.194,0.011,161.565,-73.443
3027,23,60,560.354,1222.98,40501.368,2,22,322.419,222.142,NA,23.238,0.077,178.755,17.19
3028,23,61,550.758,1221.97,40801.378,2,31,332.068,228.406,NA,9.649,0.032,-173.991,7.254
3029,23,62,550.758,1221.97,41101.388,2,21,332.068,228.406,NA,0,0,0,173.991
3030,23,63,550.758,1245.707,41401.398,2,33,355.806,245.092,NA,23.737,0.079,90,90
3031,23,64,542.677,1245.707,41701.408,2,42,363.886,250.706,NA,8.081,0.027,180,90
3032,23,65,527.02,1253.283,42001.418,2,11,381.28,267.164,NA,17.393,0.058,154.179,-25.821
3033,24,1,630.303,880.682,26700.902,2,81,0,0,NA,NA,NA,NA,NA
3034,24,2,624.621,877.273,27000.912,2,118,6.626,6.626,NA,6.626,0.022,-149.036,NA
3035,24,3,623.106,870.076,27300.922,2,75,13.981,12.817,NA,7.355,0.025,-101.889,47.148
3036,24,4,618.561,866.667,27600.932,2,112,19.663,18.284,NA,5.682,0.019,-143.13,-41.241
3037,24,5,618.561,865.909,27900.942,2,122,20.42,18.871,NA,0.758,0.003,-90,53.13
3038,24,6,609.47,865.53,28200.952,2,186,29.519,25.76,NA,9.099,0.03,-177.614,-87.614
3039,24,7,603.03,865.53,28500.963,2,114,35.958,31.199,NA,6.439,0.021,180,-2.386
3040,24,8,593.939,857.576,28800.973,2,168,48.038,43.084,NA,12.08,0.04,-138.814,41.186
3041,24,9,593.939,857.576,29100.983,2,116,48.038,43.084,NA,0,0,0,138.814
3042,24,10,587.5,843.939,29400.993,2,182,63.118,56.41,NA,15.08,0.05,-115.278,-115.278
3043,24,11,583.333,843.561,29701.003,2,202,67.302,59.868,NA,4.184,0.014,-174.806,-59.528
3044,24,12,582.955,841.667,30001.013,2,239,69.234,61.352,NA,1.931,0.006,-101.31,73.496
3045,24,13,582.955,841.667,30301.023,2,178,69.234,61.352,NA,0,0,0,101.31
3046,24,14,573.864,841.667,30601.033,2,170,78.325,68.612,NA,9.091,0.03,180,180
3047,24,15,563.636,833.333,30901.044,2,204,91.517,81.77,NA,13.192,0.044,-140.826,39.174
3048,24,16,555.682,833.333,31201.054,2,249,99.472,88.375,NA,7.955,0.027,180,-39.174
3049,24,17,554.167,833.333,31501.064,2,210,100.987,89.658,NA,1.515,0.005,180,0
3050,24,18,531.061,820.455,31801.074,2,255,127.44,116.088,NA,26.453,0.088,-150.866,29.134
3051,24,19,515.909,812.5,32101.084,2,255,144.552,133.172,NA,17.113,0.057,-152.301,-1.435
3052,24,20,508.333,807.197,32401.094,2,255,153.8,142.396,NA,9.247,0.031,-145.008,7.293
3053,24,21,508.333,806.818,32701.104,2,255,154.179,142.592,NA,0.379,0.001,-90,55.008
3054,24,22,485.985,806.818,33001.115,2,255,176.527,162.122,NA,22.348,0.074,180,-90
3055,24,23,481.439,807.197,33301.125,2,255,181.088,166.013,NA,4.561,0.015,175.236,-4.764
3056,24,24,475,796.212,33601.135,2,253,193.821,176.788,NA,12.733,0.042,-120.379,64.385
3057,24,25,473.864,794.697,33901.145,2,251,195.715,178.512,NA,1.894,0.006,-126.87,-6.491
3058,24,26,462.5,793.939,34201.155,2,255,207.104,188.897,NA,11.389,0.038,-176.186,-49.316
3059,24,27,454.167,794.318,34501.165,2,255,215.446,196.17,NA,8.342,0.028,177.397,-6.417
3060,24,28,447.348,792.803,34801.175,2,255,222.431,202.966,NA,6.985,0.023,-167.471,15.131
3061,24,29,430.682,796.97,35101.185,2,255,239.61,216.463,NA,17.18,0.057,165.964,-26.565
3062,24,30,430.682,796.97,35401.196,2,247,239.61,216.463,NA,0,0,0,-165.964
3063,24,31,408.333,796.97,35701.206,2,255,261.959,237.23,NA,22.348,0.074,180,180
3064,24,32,408.333,793.561,36001.216,2,255,265.368,238.455,NA,3.409,0.011,-90,90
3065,24,33,411.742,792.045,36301.226,2,255,269.098,235.85,NA,3.731,0.012,-23.962,66.038
3066,24,34,403.788,785.606,36601.236,2,255,279.333,245.659,NA,10.234,0.034,-141.009,-117.047
3067,24,35,403.409,784.091,36901.246,2,255,280.894,246.598,NA,1.562,0.005,-104.036,36.973
3068,24,36,396.97,773.864,37201.256,2,255,292.98,256.621,NA,12.086,0.04,-122.196,-18.159
3069,24,37,389.773,773.864,37501.266,2,255,300.177,263.182,NA,7.197,0.024,180,-57.804
3070,24,38,389.394,773.864,37801.277,2,255,300.556,263.529,NA,0.379,0.001,180,0
3071,24,39,389.394,779.167,38101.287,2,255,305.859,261.424,NA,5.303,0.018,90,-90
3072,24,40,385.985,784.848,38401.297,2,165,312.485,262.441,NA,6.626,0.022,120.964,30.964
3073,24,41,382.576,774.621,38701.307,2,255,323.265,269.477,NA,10.78,0.036,-108.435,130.601
3074,24,42,382.576,774.242,39001.317,2,255,323.644,269.626,NA,0.379,0.001,-90,18.435
3075,24,43,370.455,763.636,39301.327,2,247,339.751,284.993,NA,16.106,0.054,-138.814,-48.814
3076,24,44,364.773,760.985,39601.337,2,255,346.021,291.262,NA,6.27,0.021,-154.983,-16.169
3077,24,45,357.955,757.197,39901.348,2,255,353.82,299.035,NA,7.8,0.026,-150.945,4.038
3078,24,46,345.455,754.924,40201.358,2,255,366.525,311.374,NA,12.705,0.042,-169.695,-18.75
3079,24,47,336.364,756.439,40501.368,2,255,375.742,319.118,NA,9.216,0.031,170.538,-19.767
3080,24,48,329.924,759.848,40801.378,2,255,383.028,323.772,NA,7.286,0.024,152.103,-18.435
3081,24,49,329.545,759.848,41101.388,2,255,383.406,324.123,NA,0.379,0.001,180,27.897
3082,24,50,307.197,756.061,41401.398,2,252,406.074,346.306,NA,22.667,0.076,-170.38,9.62
3083,24,51,291.667,754.924,41701.408,2,226,421.646,361.233,NA,15.572,0.052,-175.815,-5.435
3084,24,52,276.136,753.409,42001.418,2,255,437.25,376.341,NA,15.604,0.052,-174.428,1.387
3085,24,53,280.682,750.379,42301.429,2,255,442.712,373.114,NA,5.463,0.018,-33.69,140.738
3086,24,54,278.03,745.833,42601.439,2,255,447.975,377.2,NA,5.262,0.018,-120.256,-86.566
3087,24,55,267.803,737.121,42901.449,2,255,461.41,389.892,NA,13.435,0.045,-139.574,-19.317
3088,24,56,257.576,737.5,43201.459,2,245,471.644,399.283,NA,10.234,0.034,177.879,-42.547
3089,24,57,229.545,737.5,43501.469,2,159,499.674,425.567,NA,28.03,0.093,180,2.121
3090,24,58,221.591,738.636,43801.479,2,255,507.71,432.692,NA,8.035,0.027,171.87,-8.13
3091,24,59,215.53,738.636,44101.489,2,255,513.77,438.421,NA,6.061,0.02,180,8.13
3092,24,60,215.53,735.606,44401.5,2,255,516.801,439.413,NA,3.03,0.01,-90,90
3093,24,61,210.985,735.606,44701.51,2,255,521.346,443.706,NA,4.545,0.015,180,-90
3094,24,62,210.985,735.606,45001.52,2,255,521.346,443.706,NA,0,0,0,-180
3095,24,63,203.788,734.47,45301.53,2,255,528.632,450.88,NA,7.286,0.024,-171.027,-171.027
3096,24,64,203.788,740.152,45601.54,2,255,534.314,449.07,NA,5.682,0.019,90,-98.973
3097,24,65,203.788,746.212,45901.55,2,238,540.375,447.211,NA,6.061,0.02,90,0
3098,24,66,193.182,740.53,46201.56,2,255,552.407,459.04,NA,12.032,0.04,-151.821,118.179
3099,24,67,181.439,740.53,46501.57,2,255,564.149,470.235,NA,11.742,0.039,180,-28.179
3100,24,68,181.061,740.53,46801.581,2,255,564.528,470.597,NA,0.379,0.001,180,0
3101,24,69,172.348,741.667,47101.591,2,199,573.314,478.589,NA,8.786,0.029,172.569,-7.431
3102,24,70,172.348,749.242,47401.601,2,255,580.89,476.444,NA,7.576,0.025,90,-82.569
3103,24,71,167.045,742.045,47701.611,2,255,589.829,483.557,NA,8.94,0.03,-126.384,143.616
3104,24,72,165.152,729.167,48001.621,2,255,602.847,489.206,NA,13.017,0.043,-98.366,28.018
3105,24,73,165.152,729.167,48301.631,2,252,602.847,489.206,NA,0,0,0,98.366
3106,24,74,153.788,729.167,48601.641,2,255,614.21,500.024,NA,11.364,0.038,180,180
3107,24,75,153.788,731.818,48901.651,2,255,616.862,499.226,NA,2.652,0.009,90,-90
3108,24,76,153.788,731.818,49201.662,2,255,616.862,499.226,NA,0,0,0,-90
3109,24,77,142.045,731.818,49501.672,2,255,628.604,510.447,NA,11.742,0.039,180,180
3110,24,78,136.742,744.697,49801.682,2,255,642.532,511.951,NA,13.928,0.046,112.38,-67.62
3111,24,79,123.485,751.136,50101.692,2,255,657.271,523.113,NA,14.739,0.049,154.093,41.713
3112,24,80,116.288,762.5,50401.702,2,255,670.722,527.426,NA,13.451,0.045,122.347,-31.746
3113,24,81,116.288,763.258,50701.712,2,255,671.479,527.257,NA,0.758,0.003,90,-32.347
3114,24,82,107.576,771.212,51001.722,2,255,683.277,534.067,NA,11.797,0.039,137.603,47.603
3115,24,83,103.409,757.197,51301.733,2,216,697.898,541.171,NA,14.621,0.049,-106.557,115.84
3116,24,84,112.5,757.197,51601.743,2,255,706.989,532.324,NA,9.091,0.03,0,106.557
3117,24,85,112.5,761.364,51901.753,2,255,711.156,531.373,NA,4.167,0.014,90,90
3118,24,86,112.5,761.364,52201.763,2,255,711.156,531.373,NA,0,0,0,-90
3119,24,87,101.515,762.879,52501.773,2,255,722.244,541.751,NA,11.089,0.037,172.147,172.147
3120,24,88,95.833,754.167,52801.783,2,255,732.646,549.239,NA,10.401,0.035,-123.111,64.742
3121,24,89,95.076,754.167,53101.793,2,255,733.403,549.977,NA,0.758,0.003,180,-56.889
3122,24,90,89.773,756.818,53401.803,2,255,739.332,554.541,NA,5.929,0.02,153.435,-26.565
3123,24,91,83.712,767.424,53701.814,2,255,751.548,558.201,NA,12.216,0.041,119.745,-33.69
3124,24,92,54.545,765.152,54001.824,2,180,780.803,587.234,NA,29.255,0.098,-175.544,64.711
3125,24,93,44.697,755.303,54301.834,2,202,794.731,598.878,NA,13.928,0.046,-135,40.544
3126,24,94,35.606,755.303,54601.844,2,203,803.821,607.77,NA,9.091,0.03,180,-45
3127,24,95,35.606,755.303,54901.854,2,209,803.821,607.77,NA,0,0,0,-180
3128,24,96,35.606,755.303,55201.864,2,240,803.821,607.77,NA,0,0,0,0
3129,24,97,32.197,758.712,55501.874,2,234,808.643,610.416,NA,4.821,0.016,135,135
3130,24,98,32.197,758.712,55801.885,2,42,808.643,610.416,NA,0,0,0,-135
3131,24,99,16.288,758.712,56101.895,2,166,824.552,626.012,NA,15.909,0.053,180,180
3132,24,100,23.864,755.303,56401.905,2,237,832.859,619.265,NA,8.307,0.028,-24.228,155.772
3133,24,101,26.515,757.955,56701.915,2,228,836.609,616.135,NA,3.75,0.012,45,69.228
3134,24,102,27.273,756.439,57001.925,2,228,838.303,615.696,NA,1.694,0.006,-63.435,-108.435
3135,24,103,29.167,754.545,57301.935,2,216,840.981,614.227,NA,2.678,0.009,-45,18.435
3136,24,104,29.167,757.955,57601.945,2,236,844.391,613.536,NA,3.409,0.011,90,135
3137,24,105,29.167,761.364,57901.955,2,255,847.8,612.864,NA,3.409,0.011,90,0
3138,24,106,33.333,758.712,58201.966,2,244,852.738,609.302,NA,4.939,0.016,-32.471,-122.471
3139,24,107,34.091,755.682,58501.976,2,255,855.862,609.175,NA,3.124,0.01,-75.964,-43.493
3140,24,108,34.091,753.788,58801.986,2,189,857.756,609.566,NA,1.894,0.006,-90,-14.036
3141,24,109,29.167,753.788,59101.996,2,248,862.68,614.383,NA,4.924,0.016,180,-90
3142,24,110,29.167,751.515,59402.006,2,255,864.953,614.857,NA,2.273,0.008,-90,90
3143,24,111,29.167,748.485,59702.016,2,233,867.983,615.501,NA,3.03,0.01,-90,0
3144,24,112,29.167,753.409,60002.026,2,255,872.907,614.462,NA,4.924,0.016,90,180
3145,24,113,29.167,753.409,60302.036,2,251,872.907,614.462,NA,0,0,0,-90
3146,24,114,35.227,757.197,60602.047,2,255,880.054,607.753,NA,7.147,0.024,32.005,32.005
3147,24,115,35.227,757.197,60902.057,2,255,880.054,607.753,NA,0,0,0,-32.005
3148,24,116,35.227,757.197,61202.067,2,255,880.054,607.753,NA,0,0,0,0
3149,24,117,35.227,757.197,61502.077,2,255,880.054,607.753,NA,0,0,0,0
3150,24,118,35.227,757.197,61802.087,2,255,880.054,607.753,NA,0,0,0,0
3151,24,119,25,761.742,62102.097,2,255,891.246,616.878,NA,11.192,0.037,156.038,156.038
3152,24,120,16.667,764.773,62402.107,2,141,900.113,624.487,NA,8.867,0.03,160.017,3.979
3153,24,121,14.773,767.803,62702.118,2,250,903.687,625.795,NA,3.573,0.012,122.005,-38.012
3154,24,122,14.773,772.348,63002.128,2,226,908.232,624.991,NA,4.545,0.015,90,-32.005
3155,24,123,6.439,777.273,63302.138,2,83,917.912,632.376,NA,9.679,0.032,149.421,59.421
3156,25,2,1073.99,913.889,17700.598,2,197,0,0,NA,NA,NA,NA,NA
3157,25,3,1073.99,913.889,18000.608,2,203,0,0,NA,0,0,0,NA
3158,25,4,1073.99,918.434,18300.618,2,168,4.545,4.545,NA,4.545,0.015,90,90
3159,25,5,1076.01,918.434,18600.628,2,254,6.566,4.974,NA,2.02,0.007,0,-90
3160,25,6,1076.01,916.414,18900.638,2,234,8.586,3.234,NA,2.02,0.007,-90,-90
3161,25,7,1076.01,914.394,19200.648,2,225,10.606,2.082,NA,2.02,0.007,-90,0
3162,25,8,1076.01,907.828,19500.659,2,255,17.172,6.388,NA,6.566,0.022,-90,0
3163,25,9,1076.515,904.293,19800.669,2,255,20.743,9.923,NA,3.571,0.012,-81.87,8.13
3164,25,10,1076.515,904.293,20100.679,2,208,20.743,9.923,NA,0,0,0,81.87
3165,25,11,1083.081,906.313,20400.689,2,255,27.612,11.834,NA,6.869,0.023,17.103,17.103
3166,25,12,1086.616,910.354,20700.699,2,251,32.981,13.112,NA,5.369,0.018,48.814,31.711
3167,25,13,1094.192,910.859,21000.709,2,255,40.574,20.428,NA,7.593,0.025,3.814,-45
3168,25,14,1094.192,910.859,21300.719,2,237,40.574,20.428,NA,0,0,0,-3.814
3169,25,15,1099.747,925,21600.729,2,215,55.767,28.052,NA,15.194,0.051,68.552,68.552
3170,25,16,1106.818,925,21900.74,2,250,62.838,34.658,NA,7.071,0.024,0,-68.552
3171,25,17,1107.323,921.465,22200.75,2,237,66.409,34.183,NA,3.571,0.012,-81.87,-81.87
3172,25,18,1108.333,911.364,22500.76,2,130,76.561,34.436,NA,10.151,0.034,-84.289,-2.42
3173,25,19,1113.384,911.364,22800.77,2,230,81.611,39.475,NA,5.051,0.017,0,84.289
3174,25,20,1113.384,911.364,23100.78,2,224,81.611,39.475,NA,0,0,0,0
3175,25,21,1117.929,922.475,23400.79,2,205,93.616,44.77,NA,12.005,0.04,67.751,67.751
3176,25,22,1129.04,922.475,23700.8,2,255,104.727,55.716,NA,11.111,0.037,0,-67.751
3177,25,23,1129.04,922.475,24000.811,2,255,104.727,55.716,NA,0,0,0,0
3178,25,24,1136.616,922.475,24300.821,2,255,112.303,63.212,NA,7.576,0.025,0,0
3179,25,25,1146.212,922.475,24600.831,2,231,121.899,72.731,NA,9.596,0.032,0,0
3180,25,26,1146.212,922.475,24900.841,2,166,121.899,72.731,NA,0,0,0,0
3181,25,27,1146.212,915.404,25200.851,2,172,128.97,72.238,NA,7.071,0.024,-90,-90
3182,25,28,1146.212,914.394,25500.861,2,255,129.98,72.224,NA,1.01,0.003,-90,0
3183,25,29,1146.212,914.394,25800.871,2,206,129.98,72.224,NA,0,0,0,90
3184,25,30,1148.737,914.394,26100.881,2,230,132.505,74.749,NA,2.525,0.008,0,0
3185,25,31,1148.737,914.394,26400.892,2,212,132.505,74.749,NA,0,0,0,0
3186,25,32,1157.828,914.394,26700.902,2,177,141.596,83.84,NA,9.091,0.03,0,0
3187,25,33,1160.354,912.374,27000.912,2,216,144.83,86.377,NA,3.234,0.011,-38.66,-38.66
3188,25,34,1163.384,912.374,27300.922,2,255,147.86,89.407,NA,3.03,0.01,0,38.66
3189,25,35,1166.919,912.374,27600.932,2,251,151.395,92.942,NA,3.535,0.012,0,0
3190,25,36,1164.394,912.879,27900.942,2,211,153.971,90.41,NA,2.575,0.009,168.69,168.69
3191,25,37,1164.394,902.273,28200.952,2,208,164.577,91.147,NA,10.606,0.035,-90,101.31
3192,25,38,1164.394,902.273,28500.963,2,255,164.577,91.147,NA,0,0,0,90
3193,25,39,1164.394,902.273,28800.973,2,243,164.577,91.147,NA,0,0,0,0
3194,25,40,1162.879,908.838,29100.983,2,255,171.315,89.032,NA,6.738,0.022,102.995,102.995
3195,25,41,1164.899,908.838,29400.993,2,255,173.335,91.049,NA,2.02,0.007,0,-102.995
3196,25,42,1166.414,908.838,29701.003,2,255,174.85,92.562,NA,1.515,0.005,0,0
3197,25,43,1166.414,908.838,30001.013,2,244,174.85,92.562,NA,0,0,0,0
3198,25,44,1166.414,908.838,30301.023,2,255,174.85,92.562,NA,0,0,0,0
3199,25,45,1159.848,908.838,30601.033,2,219,181.416,86.007,NA,6.566,0.022,180,180
3200,25,46,1156.313,902.778,30901.044,2,255,188.432,83.07,NA,7.016,0.023,-120.256,59.744
3201,25,47,1154.293,902.273,31201.054,2,255,190.515,81.139,NA,2.082,0.007,-165.964,-45.707
3202,25,48,1156.818,900.758,31501.064,2,205,193.46,83.863,NA,2.945,0.01,-30.964,135
3203,25,49,1161.869,897.727,31801.074,2,208,199.349,89.353,NA,5.89,0.02,-30.964,0
3204,25,50,1165.909,895.707,32101.084,2,255,203.867,93.7,NA,4.517,0.015,-26.565,4.399
3205,25,51,1169.444,891.667,32401.094,2,252,209.236,98.007,NA,5.369,0.018,-48.814,-22.249
3206,25,52,1169.444,891.667,32701.104,2,223,209.236,98.007,NA,0,0,0,48.814
3207,25,53,1184.596,891.667,33001.115,2,226,224.387,112.816,NA,15.152,0.051,0,0
3208,25,54,1184.596,901.263,33301.125,2,216,233.983,111.324,NA,9.596,0.032,90,90
3209,25,55,1185.101,901.263,33601.135,2,249,234.488,111.826,NA,0.505,0.002,0,-90
3210,25,56,1181.566,898.232,33901.145,2,219,239.144,108.709,NA,4.656,0.016,-139.399,-139.399
3211,25,57,1178.535,889.646,34201.155,2,255,248.249,107.319,NA,9.105,0.03,-109.44,29.959
3212,25,58,1178.535,889.646,34501.165,2,255,248.249,107.319,NA,0,0,0,109.44
3213,25,59,1170.455,889.646,34801.175,2,255,256.33,99.464,NA,8.081,0.027,180,180
3214,25,60,1170.455,883.081,35101.185,2,249,262.896,101.265,NA,6.566,0.022,-90,90
3215,25,61,1170.455,877.525,35401.196,2,255,268.451,103.091,NA,5.556,0.019,-90,0
3216,25,62,1170.96,877.525,35701.206,2,255,268.956,103.564,NA,0.505,0.002,0,90
3217,25,63,1171.465,876.01,36001.216,2,255,270.554,104.576,NA,1.597,0.005,-71.565,-71.565
3218,25,64,1171.97,873.99,36301.226,2,209,272.636,105.792,NA,2.082,0.007,-75.964,-4.399
3219,25,65,1171.97,868.434,36601.236,2,255,278.191,108.01,NA,5.556,0.019,-90,-14.036
3220,25,66,1171.97,868.434,36901.246,2,246,278.191,108.01,NA,0,0,0,90
3221,25,67,1172.475,861.869,37201.256,2,255,284.776,111.379,NA,6.585,0.022,-85.601,-85.601
3222,25,68,1172.98,859.343,37501.266,2,255,287.352,113.023,NA,2.575,0.009,-78.69,6.911
3223,25,69,1178.535,863.889,37801.277,2,255,294.53,115.887,NA,7.178,0.024,39.289,117.979
3224,25,70,1178.535,866.414,38101.287,2,255,297.055,114.82,NA,2.525,0.008,90,50.711
3225,25,71,1180.051,866.919,38401.297,2,255,298.652,115.996,NA,1.597,0.005,18.435,-71.565
3226,25,72,1180.556,866.919,38701.307,2,255,299.157,116.458,NA,0.505,0.002,0,-18.435
3227,25,73,1183.586,867.424,39001.317,2,255,302.229,119.039,NA,3.072,0.01,9.462,9.462
3228,25,74,1183.586,867.424,39301.327,2,255,302.229,119.039,NA,0,0,0,-9.462
3229,25,75,1187.626,869.444,39601.337,2,255,306.747,122.019,NA,4.517,0.015,26.565,26.565
3230,25,76,1187.626,869.444,39901.348,2,255,306.747,122.019,NA,0,0,0,-26.565
3231,25,77,1181.061,869.444,40201.358,2,253,313.312,115.929,NA,6.566,0.022,180,180
3232,25,78,1173.485,869.444,40501.368,2,237,320.888,108.97,NA,7.576,0.025,180,0
3233,25,79,1172.98,864.394,40801.378,2,254,325.964,110.674,NA,5.076,0.017,-95.711,84.289
3234,25,80,1172.98,859.848,41101.388,2,255,330.509,112.78,NA,4.545,0.015,-90,5.711
3235,25,81,1172.98,856.818,41401.398,2,241,333.54,114.263,NA,3.03,0.01,-90,0
3236,25,82,1167.929,850.253,41701.408,2,255,341.823,113.465,NA,8.283,0.028,-127.569,-37.569
3237,25,83,1167.424,850.253,42001.418,2,255,342.328,113.047,NA,0.505,0.002,180,-52.431
3238,25,84,1163.384,850.253,42301.429,2,255,346.368,109.731,NA,4.04,0.013,180,0
3239,25,85,1166.414,849.242,42601.439,2,251,349.563,112.789,NA,3.194,0.011,-18.435,161.565
3240,25,86,1166.414,843.687,42901.449,2,244,355.118,116.063,NA,5.556,0.019,-90,-71.565
3241,25,87,1166.414,840.657,43201.459,2,255,358.149,117.92,NA,3.03,0.01,-90,0
3242,25,88,1165.404,839.141,43501.469,2,255,359.97,118.084,NA,1.821,0.006,-123.69,-33.69
3243,25,89,1167.929,839.141,43801.479,2,255,362.495,120.049,NA,2.525,0.008,0,123.69
3244,25,90,1167.929,839.141,44101.489,2,255,362.495,120.049,NA,0,0,0,0
3245,25,91,1167.929,839.141,44401.5,2,225,362.495,120.049,NA,0,0,0,0
3246,25,92,1167.929,833.586,44701.51,2,255,368.05,123.585,NA,5.556,0.019,-90,-90
3247,25,93,1172.475,833.586,45001.52,2,255,372.596,127.074,NA,4.545,0.015,0,90
3248,25,94,1178.03,833.586,45301.53,2,255,378.151,131.427,NA,5.556,0.019,0,0
3249,25,95,1180.556,833.586,45601.54,2,231,380.677,133.435,NA,2.525,0.008,0,0
3250,25,96,1180.556,833.586,45901.55,2,255,380.677,133.435,NA,0,0,0,0
3251,25,97,1178.535,830.556,46201.56,2,255,384.319,133.694,NA,3.642,0.012,-123.69,-123.69
3252,25,98,1178.535,823.99,46501.57,2,255,390.884,137.882,NA,6.566,0.022,-90,33.69
3253,25,99,1178.535,823.99,46801.581,2,255,390.884,137.882,NA,0,0,0,90
3254,25,100,1177.02,823.99,47101.591,2,255,392.399,136.737,NA,1.515,0.005,180,180
3255,25,101,1176.01,823.99,47401.601,2,255,393.409,135.978,NA,1.01,0.003,180,0
3256,25,102,1176.01,823.99,47701.611,2,214,393.409,135.978,NA,0,0,0,-180
3257,25,103,1169.949,825.505,48001.621,2,255,399.657,130.461,NA,6.247,0.021,165.964,165.964
3258,25,104,1167.929,828.03,48301.631,2,255,402.891,127.265,NA,3.234,0.011,128.66,-37.304
3259,25,105,1166.414,828.03,48601.641,2,244,404.406,126.15,NA,1.515,0.005,180,51.34
3260,25,106,1166.414,819.444,48901.651,2,239,412.992,132.144,NA,8.586,0.029,-90,90
3261,25,107,1165.909,819.444,49201.662,2,240,413.497,131.791,NA,0.505,0.002,180,-90
3262,25,108,1178.03,833.081,49501.672,2,125,431.741,131.736,NA,18.245,0.061,48.366,-131.634
3263,25,109,1183.586,833.081,49801.682,2,131,437.297,136.166,NA,5.556,0.019,0,-48.366
3264,25,110,1184.596,831.566,50101.692,2,132,439.118,137.88,NA,1.821,0.006,-56.31,-56.31
3265,25,111,1184.596,829.545,50401.702,2,255,441.138,139.095,NA,2.02,0.007,-90,-33.69
3266,25,112,1185.606,829.545,50701.712,2,255,442.148,139.9,NA,1.01,0.003,0,90
3267,25,113,1186.111,829.545,51001.722,2,255,442.653,140.303,NA,0.505,0.002,0,0
3268,25,114,1188.636,829.545,51301.733,2,248,445.179,142.329,NA,2.525,0.008,0,0
3269,25,115,1188.636,829.545,51601.743,2,151,445.179,142.329,NA,0,0,0,0
3270,25,116,1196.212,806.818,51901.753,2,255,469.135,162.488,NA,23.957,0.08,-71.565,-71.565
3271,25,117,1189.141,804.798,52201.763,2,255,476.489,158.621,NA,7.354,0.025,-164.055,-92.49
3272,25,118,1189.141,801.263,52501.773,2,255,480.024,161.073,NA,3.535,0.012,-90,74.055
3273,25,119,1189.141,796.717,52801.783,2,255,484.57,164.284,NA,4.545,0.015,-90,0
3274,25,120,1189.141,796.717,53101.793,2,213,484.57,164.284,NA,0,0,0,90
3275,25,121,1206.818,796.717,53401.803,2,179,502.246,177.123,NA,17.677,0.059,0,0
3276,25,122,1233.081,807.828,53701.814,2,220,530.763,191.203,NA,28.516,0.095,22.932,22.932
3277,25,123,1241.667,807.828,54001.824,2,136,539.349,198.405,NA,8.586,0.029,0,-22.932
3278,25,124,1264.394,807.828,54301.834,2,103,562.076,217.951,NA,22.727,0.076,0,0
3279,25,125,1296.212,807.323,54601.844,2,160,593.898,246.453,NA,31.822,0.106,-0.909,-0.909
3280,25,126,1340.152,804.798,54901.854,2,217,637.91,287.651,NA,44.012,0.147,-3.289,-2.38
3281,25,127,1367.424,830.051,55201.864,2,224,675.078,305.176,NA,37.168,0.124,42.797,46.087
3282,25,128,1378.535,838.131,55501.874,2,252,688.817,313.827,NA,13.739,0.046,36.027,-6.77
3283,25,129,1404.293,844.697,55801.885,2,255,715.398,337.472,NA,26.581,0.089,14.3,-21.727
3284,25,130,1420.96,857.828,56101.895,2,255,736.617,351.469,NA,21.218,0.071,38.234,23.934
3285,25,131,1439.141,856.818,56401.905,2,200,754.826,369.584,NA,18.21,0.061,-3.18,-41.414
3286,25,132,1456.313,870.455,56701.915,2,229,776.754,384.783,NA,21.928,0.073,38.454,41.634
3287,25,133,1466.919,876.515,57001.925,2,101,788.97,394.703,NA,12.216,0.041,29.745,-8.709
3288,25,134,1466.919,876.515,57301.935,2,157,788.97,394.703,NA,0,0,0,-29.745
3289,25,135,1491.667,887.626,57601.945,2,254,816.097,418.502,NA,27.127,0.09,24.179,24.179
3290,25,136,1519.949,896.212,57901.955,2,230,845.654,446.31,NA,29.557,0.099,16.887,-7.292
3291,25,137,1528.03,897.222,58201.966,2,220,853.798,454.346,NA,8.144,0.027,7.125,-9.762
3292,26,1,1120.96,743.687,30901.044,2,137,0,0,NA,NA,NA,NA,NA
3293,26,2,1120.96,740.152,31201.054,2,110,3.535,3.535,NA,3.535,0.012,-90,NA
3294,26,3,1124.495,734.596,31501.064,2,181,10.12,9.754,NA,6.585,0.022,-57.529,32.471
3295,26,4,1124.495,734.596,31801.074,2,138,10.12,9.754,NA,0,0,0,57.529
3296,26,5,1125,722.98,32101.084,2,165,21.748,21.098,NA,11.627,0.039,-87.51,-87.51
3297,26,6,1125,722.98,32401.094,2,142,21.748,21.098,NA,0,0,0,87.51
3298,26,7,1125,722.98,32701.104,2,193,21.748,21.098,NA,0,0,0,0
3299,26,8,1133.081,722.98,33001.115,2,245,29.828,23.994,NA,8.081,0.027,0,0
3300,26,9,1134.091,722.98,33301.125,2,133,30.838,24.52,NA,1.01,0.003,0,0
3301,26,10,1141.162,725,33601.135,2,255,38.192,27.519,NA,7.354,0.025,15.945,15.945
3302,26,11,1141.162,725,33901.145,2,213,38.192,27.519,NA,0,0,0,-15.945
3303,26,12,1141.162,725,34201.155,2,240,38.192,27.519,NA,0,0,0,0
3304,26,13,1141.162,725,34501.165,2,255,38.192,27.519,NA,0,0,0,0
3305,26,14,1138.131,733.586,34801.175,2,254,47.297,19.922,NA,9.105,0.03,109.44,109.44
3306,26,15,1138.131,733.586,35101.185,2,255,47.297,19.922,NA,0,0,0,-109.44
3307,26,16,1138.131,733.586,35401.196,2,222,47.297,19.922,NA,0,0,0,0
3308,26,17,1138.131,733.586,35701.206,2,214,47.297,19.922,NA,0,0,0,0
3309,26,18,1138.636,742.677,36001.216,2,231,56.402,17.706,NA,9.105,0.03,86.82,86.82
3310,26,19,1141.162,749.242,36301.226,2,230,63.436,20.952,NA,7.035,0.023,68.962,-17.858
3311,26,20,1141.162,749.242,36601.236,2,158,63.436,20.952,NA,0,0,0,-68.962
3312,26,21,1147.222,748.232,36901.246,2,218,69.581,26.653,NA,6.144,0.02,-9.462,-9.462
3313,26,22,1147.222,748.232,37201.256,2,191,69.581,26.653,NA,0,0,0,9.462
3314,26,23,1147.222,748.232,37501.266,2,200,69.581,26.653,NA,0,0,0,0
3315,26,24,1147.222,742.172,37801.277,2,255,75.641,26.306,NA,6.061,0.02,-90,-90
3316,26,25,1147.222,740.152,38101.287,2,202,77.662,26.5,NA,2.02,0.007,-90,0
3317,26,26,1148.232,740.152,38401.297,2,236,78.672,27.501,NA,1.01,0.003,0,90
3318,26,27,1148.232,737.626,38701.307,2,249,81.197,27.938,NA,2.525,0.008,-90,-90
3319,26,28,1154.293,735.606,39001.317,2,255,87.585,34.299,NA,6.388,0.021,-18.435,71.565
3320,26,29,1167.929,736.111,39301.327,2,189,101.231,47.577,NA,13.646,0.045,2.121,20.556
3321,26,30,1168.434,736.111,39601.337,2,162,101.736,48.075,NA,0.505,0.002,0,-2.121
3322,26,31,1168.434,736.111,39901.348,2,239,101.736,48.075,NA,0,0,0,0
3323,26,32,1168.434,736.111,40201.358,2,255,101.736,48.075,NA,0,0,0,0
3324,26,33,1168.434,736.111,40501.368,2,145,101.736,48.075,NA,0,0,0,0
3325,26,34,1168.434,721.97,40801.378,2,255,115.877,52.206,NA,14.141,0.047,-90,-90
3326,26,35,1168.434,716.414,41101.388,2,255,121.433,54.751,NA,5.556,0.019,-90,0
3327,26,36,1168.434,716.414,41401.398,2,255,121.433,54.751,NA,0,0,0,90
3328,26,37,1168.434,716.414,41701.408,2,255,121.433,54.751,NA,0,0,0,0
3329,26,38,1168.434,716.414,42001.418,2,255,121.433,54.751,NA,0,0,0,0
3330,26,39,1163.384,711.869,42301.429,2,255,128.228,53.03,NA,6.795,0.023,-138.013,-138.013
3331,26,40,1163.384,711.869,42601.439,2,255,128.228,53.03,NA,0,0,0,138.013
3332,26,41,1159.343,711.364,42901.449,2,255,132.3,50.181,NA,4.072,0.014,-172.875,-172.875
3333,26,42,1159.343,694.697,43201.459,2,219,148.966,62.236,NA,16.667,0.056,-90,82.875
3334,26,43,1166.414,694.697,43501.469,2,232,156.037,66.829,NA,7.071,0.024,0,90
3335,26,44,1172.98,698.232,43801.479,2,255,163.494,69.081,NA,7.457,0.025,28.301,28.301
3336,26,45,1172.98,698.232,44101.489,2,170,163.494,69.081,NA,0,0,0,-28.301
3337,26,46,1177.525,688.636,44401.5,2,193,174.112,78.932,NA,10.618,0.035,-64.654,-64.654
3338,26,47,1177.525,682.071,44701.51,2,202,180.678,83.643,NA,6.566,0.022,-90,-25.346
3339,26,48,1177.525,686.111,45001.52,2,203,184.718,80.713,NA,4.04,0.013,90,180
3340,26,49,1181.566,686.111,45301.53,2,255,188.759,83.595,NA,4.04,0.013,0,-90
3341,26,50,1187.121,681.061,45601.54,2,255,196.267,91.101,NA,7.508,0.025,-42.274,-42.274
3342,26,51,1192.677,664.899,45901.55,2,194,213.356,106.541,NA,17.09,0.057,-71.03,-28.756
3343,26,52,1193.687,655.303,46201.56,2,177,223.005,114.459,NA,9.649,0.032,-83.991,-12.961
3344,26,53,1198.737,655.303,46501.57,2,199,228.056,117.733,NA,5.051,0.017,0,83.991
3345,26,54,1200.758,649.242,46801.581,2,255,234.444,123.643,NA,6.388,0.021,-71.565,-71.565
3346,26,55,1204.798,637.626,47101.591,2,239,246.743,135.195,NA,12.299,0.041,-70.821,0.744
3347,26,56,1204.798,638.131,47401.601,2,255,247.248,134.799,NA,0.505,0.002,90,160.821
3348,26,57,1213.384,633.586,47701.611,2,255,256.963,143.751,NA,9.715,0.032,-27.897,-117.897
3349,26,58,1216.414,630.556,48001.621,2,255,261.249,148.021,NA,4.285,0.014,-45,-17.103
3350,26,59,1218.434,627.525,48301.631,2,255,264.891,151.641,NA,3.642,0.012,-56.31,-11.31
3351,26,60,1240.657,610.859,48601.641,2,255,292.668,178.804,NA,27.778,0.093,-36.87,19.44
3352,26,61,1240.657,610.859,48901.651,2,4,292.668,178.804,NA,0,0,0,36.87
3353,26,62,1241.162,571.465,49201.662,2,255,332.065,210.021,NA,39.397,0.131,-89.265,-89.265
3354,26,63,1255.303,541.162,49501.672,2,255,365.506,243.032,NA,33.44,0.111,-64.983,24.282
3355,26,64,1251.768,523.99,49801.682,2,255,383.038,255.69,NA,17.532,0.058,-101.634,-36.651
3356,26,65,1251.768,517.929,50101.692,2,255,389.098,260.916,NA,6.061,0.02,-90,11.634
3357,26,66,1251.768,517.929,50401.702,2,255,389.098,260.916,NA,0,0,0,90
3358,26,67,1250.758,534.091,50701.712,2,207,405.291,246.532,NA,16.193,0.054,93.576,93.576
3359,26,68,1255.808,534.091,51001.722,2,198,410.342,249.228,NA,5.051,0.017,0,-93.576
3360,26,69,1242.677,536.111,51301.733,2,219,423.628,240.63,NA,13.286,0.044,171.254,171.254
3361,26,70,1242.677,536.111,51601.743,2,241,423.628,240.63,NA,0,0,0,-171.254
3362,26,71,1242.677,536.111,51901.753,2,255,423.628,240.63,NA,0,0,0,0
3363,26,72,1252.778,539.646,52201.763,2,255,434.33,242.917,NA,10.702,0.036,19.29,19.29
3364,26,73,1274.495,537.121,52501.773,2,239,456.193,257.376,NA,21.863,0.073,-6.633,-25.923
3365,26,74,1274.495,537.121,52801.783,2,3,456.193,257.376,NA,0,0,0,6.633
3366,26,75,1300.253,535.606,53101.793,2,255,481.995,274.67,NA,25.802,0.086,-3.366,-3.366
3367,26,76,1300.253,518.939,53401.803,2,225,498.662,287.502,NA,16.667,0.056,-90,-86.634
3368,26,77,1295.707,502.273,53701.814,2,89,515.937,298.023,NA,17.275,0.058,-105.255,-15.255
3369,26,78,1295.707,502.273,54001.824,2,255,515.937,298.023,NA,0,0,0,105.255
3370,26,79,1289.646,501.263,54301.834,2,255,522.081,295.338,NA,6.144,0.02,-170.538,-170.538
3371,26,80,1295.202,497.727,54601.844,2,255,528.666,301.424,NA,6.585,0.022,-32.471,138.066
3372,26,81,1295.202,480.556,54901.854,2,253,545.838,315.592,NA,17.172,0.057,-90,-57.529
3373,26,82,1303.788,475,55201.864,2,211,556.065,324.99,NA,10.226,0.034,-32.905,57.095
3374,26,83,1291.162,460.859,55501.874,2,204,575.023,330.092,NA,18.958,0.063,-131.76,-98.855
3375,26,84,1290.152,460.354,55801.885,2,227,576.152,330.006,NA,1.129,0.004,-153.435,-21.675
3376,26,85,1278.535,456.818,56101.895,2,255,588.294,327.298,NA,12.142,0.04,-163.072,-9.638
3377,26,86,1277.02,435.606,56401.905,2,255,609.56,345.353,NA,21.266,0.071,-94.086,68.987
3378,26,87,1277.02,435.101,56701.915,2,243,610.065,345.804,NA,0.505,0.002,-90,4.086
3379,26,88,1277.02,428.03,57001.925,2,218,617.136,352.128,NA,7.071,0.024,-90,0
3380,26,89,1284.596,428.03,57301.935,2,252,624.712,355.55,NA,7.576,0.025,0,90
3381,26,90,1300.253,420.455,57601.945,2,168,642.105,369.628,NA,17.393,0.058,-25.821,-25.821
3382,26,91,1310.354,419.444,57901.955,2,177,652.256,375.504,NA,10.151,0.034,-5.711,20.11
3383,26,92,1306.818,427.525,58201.966,2,255,661.077,366.745,NA,8.82,0.029,113.629,119.34
3384,26,93,1306.818,427.02,58501.976,2,255,661.582,367.18,NA,0.505,0.002,-90,156.371
3385,26,94,1292.172,419.949,58801.986,2,167,677.846,366.223,NA,16.264,0.054,-154.231,-64.231
3386,26,95,1284.596,413.889,59101.996,2,239,687.547,368.162,NA,9.702,0.032,-141.34,12.89
3387,26,96,1284.596,413.889,59402.006,2,255,687.547,368.162,NA,0,0,0,141.34
3388,26,97,1284.091,410.859,59702.016,2,255,690.619,370.657,NA,3.072,0.01,-99.462,-99.462
3389,26,98,1272.475,415.404,60002.026,2,154,703.093,361.561,NA,12.474,0.042,158.629,-101.908
3390,26,99,1272.475,421.465,60302.036,2,255,709.154,356.067,NA,6.061,0.02,90,-68.629
3391,26,100,1279.545,421.465,60602.047,2,255,716.225,359.133,NA,7.071,0.024,0,-90
3392,26,101,1279.545,412.879,60902.057,2,255,724.81,366.856,NA,8.586,0.029,-90,-90
3393,26,102,1277.02,397.727,61202.067,2,255,740.171,379.53,NA,15.361,0.051,-99.462,-9.462
3394,26,103,1280.556,397.727,61502.077,2,255,743.706,380.997,NA,3.535,0.012,0,99.462
3395,26,104,1286.111,397.727,61802.087,2,255,749.262,383.358,NA,5.556,0.019,0,0
3396,26,105,1285.606,393.182,62102.097,2,255,753.835,387.25,NA,4.573,0.015,-96.34,-96.34
3397,26,106,1285.606,393.182,62402.107,2,255,753.835,387.25,NA,0,0,0,96.34
3398,26,107,1285.606,393.182,62702.118,2,255,753.835,387.25,NA,0,0,0,0
3399,26,108,1275.505,380.051,63002.128,2,242,770.402,395.115,NA,16.567,0.055,-127.569,-127.569
3400,26,109,1275.505,380.051,63302.138,2,242,770.402,395.115,NA,0,0,0,127.569
3401,26,110,1279.545,369.444,63602.148,2,10,781.752,406.456,NA,11.35,0.038,-69.146,-69.146
3402,26,111,1294.192,368.939,63902.158,2,154,796.407,412.85,NA,14.655,0.049,-1.975,67.171
3403,26,112,1293.687,352.778,64202.168,2,35,812.576,427.369,NA,16.17,0.054,-91.79,-89.815
3404,26,113,1293.687,352.778,64502.178,2,181,812.576,427.369,NA,0,0,0,91.79
3405,26,114,1281.566,350.253,64802.188,2,255,824.958,424.953,NA,12.381,0.041,-168.232,-168.232
3406,26,115,1275,350.253,65102.199,2,255,831.524,422.515,NA,6.566,0.022,180,-11.768
3407,26,116,1281.061,348.737,65402.209,2,212,837.771,426.166,NA,6.247,0.021,-14.036,165.964
3408,26,117,1286.616,348.737,65702.219,2,250,843.326,428.284,NA,5.556,0.019,0,14.036
3409,26,118,1286.616,362.374,66002.229,2,255,856.963,415.742,NA,13.636,0.045,90,90
3410,26,119,1284.596,362.374,66302.239,2,147,858.983,414.942,NA,2.02,0.007,180,90
3411,26,120,1282.576,374.495,66602.249,2,174,871.271,403.017,NA,12.288,0.041,99.462,-80.538
3412,26,121,1273.99,371.465,66902.259,2,255,880.376,402.452,NA,9.105,0.03,-160.56,99.978
3413,26,122,1271.97,359.343,67202.27,2,255,892.665,412.945,NA,12.288,0.041,-99.462,61.098
3414,26,123,1277.02,356.313,67502.28,2,255,898.554,417.628,NA,5.89,0.02,-30.964,68.499
3415,26,124,1279.04,351.768,67802.29,2,255,903.529,422.599,NA,4.974,0.017,-66.038,-35.074
3416,26,125,1280.556,342.677,68102.3,2,247,912.745,431.602,NA,9.216,0.031,-80.538,-14.5
3417,26,126,1280.556,343.182,68402.31,2,255,913.25,431.132,NA,0.505,0.002,90,170.538
3418,26,127,1292.172,343.687,68702.32,2,225,924.877,435.102,NA,11.627,0.039,2.49,-87.51
3419,26,128,1298.737,348.737,69002.33,2,100,933.16,433.117,NA,8.283,0.028,37.569,35.079
3420,26,129,1298.737,335.101,69302.34,2,255,946.797,445.587,NA,13.636,0.045,-90,-127.569
3421,26,130,1289.141,331.566,69602.351,2,228,957.023,445.117,NA,10.226,0.034,-159.775,-69.775
3422,26,131,1275,330.556,69902.361,2,217,971.201,440.915,NA,14.177,0.047,-175.914,-16.139
3423,26,132,1268.939,320.96,70202.371,2,245,982.55,447.88,NA,11.35,0.038,-122.276,53.639
3424,26,133,1268.939,319.949,70502.381,2,97,983.56,448.833,NA,1.01,0.003,-90,32.276
3425,26,134,1258.333,300.758,70802.391,2,83,1005.488,463.743,NA,21.928,0.073,-118.926,-28.926
3426,26,135,1255.808,267.929,71102.401,2,111,1038.413,494.499,NA,32.925,0.11,-94.399,24.528
3427,26,136,1258.333,257.828,71402.411,2,136,1048.825,504.906,NA,10.412,0.035,-75.964,18.435
3428,26,137,1258.333,242.172,71702.422,2,255,1064.482,519.989,NA,15.657,0.052,-90,-14.036
3429,26,139,1276.01,214.394,72002.432,2,255,1097.407,551.536,NA,32.925,0.11,-57.529,32.471
3430,27,1,677.273,703.03,33901.145,2,134,0,0,NA,NA,NA,NA,NA
3431,27,2,672.727,700.758,34201.155,2,255,5.082,5.082,NA,5.082,0.017,-153.435,NA
3432,27,3,672.727,693.182,34501.165,2,236,12.658,10.847,NA,7.576,0.025,-90,63.435
3433,27,4,671.97,687.121,34801.175,2,255,18.766,16.77,NA,6.108,0.02,-97.125,-7.125
3434,27,5,668.939,677.273,35101.185,2,255,29.07,27.072,NA,10.304,0.034,-107.103,-9.978
3435,27,6,668.939,676.515,35401.196,2,4,29.827,27.794,NA,0.758,0.003,-90,17.103
3436,27,7,668.939,661.364,35701.206,2,35,44.979,42.492,NA,15.152,0.051,-90,0
3437,27,8,668.939,646.212,36001.216,2,255,60.13,57.426,NA,15.152,0.051,-90,0
3438,27,9,657.576,630.303,36301.226,2,186,79.681,75.347,NA,19.551,0.065,-125.538,-35.538
3439,27,10,657.576,630.303,36601.236,2,249,79.681,75.347,NA,0,0,0,125.538
3440,27,11,657.576,628.788,36901.246,2,255,81.196,76.811,NA,1.515,0.005,-90,-90
3441,27,12,652.273,628.788,37201.256,2,233,86.499,78.339,NA,5.303,0.018,180,-90
3442,27,13,652.273,628.788,37501.266,2,187,86.499,78.339,NA,0,0,0,-180
3443,27,14,652.273,621.97,37801.277,2,253,93.317,84.828,NA,6.818,0.023,-90,-90
3444,27,15,643.182,610.354,38101.287,2,255,108.068,98.748,NA,14.751,0.049,-128.047,-38.047
3445,27,16,636.616,602.778,38401.297,2,210,118.093,108.183,NA,10.025,0.033,-130.914,-2.867
3446,27,17,633.586,600.253,38701.307,2,252,122.037,111.677,NA,3.945,0.013,-140.194,-9.28
3447,27,18,633.586,592.172,39001.317,2,255,130.118,119.156,NA,8.081,0.027,-90,50.194
3448,27,19,625.505,588.131,39301.327,2,255,139.153,126.022,NA,9.035,0.03,-153.435,-63.435
3449,27,20,616.414,580.051,39601.337,2,255,151.316,137.214,NA,12.163,0.041,-138.366,15.068
3450,27,21,616.414,580.051,39901.348,2,255,151.316,137.214,NA,0,0,0,138.366
3451,27,22,599.242,578.03,40201.358,2,3,168.606,147.356,NA,17.29,0.058,-173.29,-173.29
3452,27,23,599.242,564.899,40501.368,2,241,181.738,158.647,NA,13.131,0.044,-90,83.29
3453,27,24,599.242,559.848,40801.378,2,249,186.788,163.064,NA,5.051,0.017,-90,0
3454,27,25,599.242,559.848,41101.388,2,189,186.788,163.064,NA,0,0,0,90
3455,27,26,605.808,559.343,41401.398,2,10,193.373,160.478,NA,6.585,0.022,-4.399,-4.399
3456,27,27,598.232,539.646,41701.408,2,255,214.477,181.498,NA,21.104,0.07,-111.038,-106.639
3457,27,28,596.717,539.141,42001.418,2,255,216.074,182.616,NA,1.597,0.005,-161.565,-50.528
3458,27,29,596.717,539.141,42301.429,2,255,216.074,182.616,NA,0,0,0,161.565
3459,27,30,592.172,534.091,42601.439,2,241,222.869,189.163,NA,6.795,0.023,-131.987,-131.987
3460,27,31,592.172,534.091,42901.449,2,255,222.869,189.163,NA,0,0,0,131.987
3461,27,32,590.152,523.99,43201.459,2,255,233.17,199.112,NA,10.301,0.034,-101.31,-101.31
3462,27,33,587.626,513.889,43501.469,2,255,243.582,209.311,NA,10.412,0.035,-104.036,-2.726
3463,27,34,587.626,513.384,43801.479,2,255,244.087,209.767,NA,0.505,0.002,-90,14.036
3464,27,35,585.606,509.343,44101.489,2,255,248.604,214.283,NA,4.517,0.015,-116.565,-26.565
3465,27,36,562.879,501.136,44401.5,2,255,272.768,232.05,NA,24.164,0.081,-160.145,-43.58
3466,27,37,555.682,496.97,44701.51,2,255,281.084,239.26,NA,8.316,0.028,-149.931,10.213
3467,27,38,547.727,487.879,45001.52,2,255,293.163,251.142,NA,12.08,0.04,-131.186,18.745
3468,27,39,547.727,487.879,45301.53,2,255,293.163,251.142,NA,0,0,0,131.186
3469,27,40,547.727,487.879,45601.54,2,247,293.163,251.142,NA,0,0,0,0
3470,27,41,547.727,487.879,45901.55,2,234,293.163,251.142,NA,0,0,0,0
3471,27,42,538.258,487.879,46201.56,2,196,302.633,256.155,NA,9.47,0.032,180,180
3472,27,43,529.545,487.879,46501.57,2,255,311.345,260.986,NA,8.712,0.029,180,0
3473,27,44,510.606,479.167,46801.581,2,255,332.192,279.093,NA,20.847,0.069,-155.298,24.702
3474,27,45,500.758,478.03,47101.591,2,255,342.106,285.977,NA,9.914,0.033,-173.418,-18.12
3475,27,46,500.758,478.03,47401.601,2,187,342.106,285.977,NA,0,0,0,173.418
3476,27,47,506.061,481.061,47701.611,2,255,348.214,280.329,NA,6.108,0.02,29.745,29.745
3477,27,48,506.061,481.061,48001.621,2,255,348.214,280.329,NA,0,0,0,-29.745
3478,27,49,500.758,491.667,48301.631,2,255,360.072,275.376,NA,11.858,0.04,116.565,116.565
3479,27,50,487.121,496.212,48601.641,2,244,374.446,280.947,NA,14.374,0.048,161.565,45
3480,27,51,468.561,496.212,48901.651,2,168,393.006,293.827,NA,18.561,0.062,180,18.435
3481,27,52,458.333,491.288,49201.662,2,255,404.358,304.581,NA,11.351,0.038,-154.29,25.71
3482,27,53,458.333,491.288,49501.672,2,255,404.358,304.581,NA,0,0,0,154.29
3483,27,54,451.136,481.439,49801.682,2,113,416.555,316.607,NA,12.198,0.041,-126.158,-126.158
3484,27,55,426.136,484.47,50101.692,2,255,441.738,332.924,NA,25.183,0.084,173.089,-60.753
3485,27,56,419.697,484.47,50401.702,2,255,448.178,337.808,NA,6.439,0.021,180,6.911
3486,27,57,412.121,489.773,50701.712,2,255,457.425,340.271,NA,9.247,0.031,145.008,-34.992
3487,27,58,387.5,489.773,51001.722,2,255,482.046,359.787,NA,24.621,0.082,180,34.992
3488,27,59,381.061,493.182,51301.733,2,255,489.333,363.012,NA,7.286,0.024,152.103,-27.897
3489,27,60,381.061,493.182,51601.743,2,255,489.333,363.012,NA,0,0,0,-152.103
3490,27,61,362.5,492.803,51901.753,2,242,507.897,378.52,NA,18.564,0.062,-178.831,-178.831
3491,27,62,355.682,484.091,52201.763,2,255,518.96,389.044,NA,11.063,0.037,-128.047,50.784
3492,27,63,355.682,484.091,52501.773,2,255,518.96,389.044,NA,0,0,0,128.047
3493,27,64,355.682,476.136,52801.783,2,255,526.914,393.575,NA,7.955,0.027,-90,-90
3494,27,65,346.97,476.136,53101.793,2,255,535.627,400.726,NA,8.712,0.029,180,-90
3495,27,66,337.5,476.136,53401.803,2,255,545.096,408.566,NA,9.47,0.032,180,0
3496,27,67,323.106,493.561,53701.814,2,255,567.697,411.475,NA,22.601,0.075,129.56,-50.44
3497,27,68,313.636,495.455,54001.824,2,255,577.354,418.711,NA,9.657,0.032,168.69,39.13
3498,27,69,304.924,496.212,54301.834,2,203,586.099,425.931,NA,8.745,0.029,175.03,6.34
3499,27,70,310.985,492.424,54601.844,2,255,593.246,422.518,NA,7.147,0.024,-32.005,152.964
3500,27,71,312.879,478.03,54901.854,2,255,607.764,428.262,NA,14.518,0.048,-82.504,-50.499
3501,27,72,311.742,469.697,55201.864,2,255,616.175,433.655,NA,8.41,0.028,-97.765,-15.261
3502,27,73,311.742,469.697,55501.874,2,255,616.175,433.655,NA,0,0,0,97.765
3503,27,74,300.758,448.485,55801.885,2,255,640.062,454.485,NA,23.888,0.08,-117.378,-117.378
3504,27,75,300.379,448.106,56101.895,2,245,640.598,455.011,NA,0.536,0.002,-135,-17.622
3505,27,76,289.015,448.106,56401.905,2,235,651.962,464.468,NA,11.364,0.038,180,-45
3506,27,77,272.727,460.985,56701.915,2,216,672.726,471.427,NA,20.764,0.069,141.667,-38.333
3507,27,78,272.727,460.985,57001.925,2,153,672.726,471.427,NA,0,0,0,-141.667
3508,27,79,256.061,424.242,57301.935,2,255,713.072,505.116,NA,40.346,0.134,-114.399,-114.399
3509,27,80,234.091,396.97,57601.945,2,255,748.093,538.594,NA,35.021,0.117,-128.853,-14.454
3510,27,81,209.091,388.636,57901.955,2,180,774.445,563.948,NA,26.352,0.088,-161.565,-32.712
3511,27,82,170.833,355.303,58201.966,2,195,825.187,614.325,NA,50.742,0.169,-138.935,22.63
3512,27,83,168.182,334.848,58501.976,2,39,845.813,628.277,NA,20.626,0.069,-97.386,41.549
3513,27,84,171.97,332.955,58801.986,2,166,850.048,626.328,NA,4.235,0.014,-26.565,70.821
3514,27,85,171.97,332.955,59101.996,2,171,850.048,626.328,NA,0,0,0,26.565
3515,27,86,171.97,332.955,59402.006,2,212,850.048,626.328,NA,0,0,0,0
3516,27,87,157.955,346.97,59702.016,2,168,869.868,629.659,NA,19.82,0.066,135,135
3517,27,88,132.576,345.833,60002.026,2,180,895.272,651.371,NA,25.404,0.085,-177.436,47.564
3518,27,89,120.455,343.561,60302.036,2,255,907.605,662.771,NA,12.332,0.041,-169.38,8.056
3519,27,90,110.606,340.152,60602.047,2,118,918.027,672.898,NA,10.422,0.035,-160.907,8.474
3520,28,1,814.899,546.717,30901.044,2,86,0,0,NA,NA,NA,NA,NA
3521,28,2,812.879,541.162,31201.054,2,194,5.911,5.911,NA,5.911,0.02,-109.983,NA
3522,28,3,811.364,535.101,31501.064,2,54,12.159,12.142,NA,6.247,0.021,-104.036,5.947
3523,28,4,810.859,513.384,31801.074,2,229,33.882,33.577,NA,21.723,0.072,-91.332,12.704
3524,28,5,803.283,501.263,32101.084,2,255,48.176,46.915,NA,14.294,0.048,-122.005,-30.673
3525,28,6,803.283,501.263,32401.094,2,6,48.176,46.915,NA,0,0,0,122.005
3526,28,7,793.182,501.263,32701.104,2,253,58.277,50.376,NA,10.101,0.034,180,180
3527,28,8,779.545,499.747,33001.115,2,255,71.997,58.788,NA,13.72,0.046,-173.66,6.34
3528,28,9,774.495,487.626,33301.125,2,255,85.128,71.584,NA,13.131,0.044,-112.62,61.04
3529,28,10,774.495,487.121,33601.135,2,255,85.633,72.001,NA,0.505,0.002,-90,22.62
3530,28,11,769.949,487.121,33901.145,2,255,90.179,74.647,NA,4.545,0.015,180,-90
3531,28,12,769.949,488.131,34201.155,2,255,91.189,73.843,NA,1.01,0.003,90,-90
3532,28,13,765.909,491.162,34501.165,2,255,96.239,74.07,NA,5.051,0.017,143.13,53.13
3533,28,14,765.909,498.232,34801.175,2,255,103.31,68.926,NA,7.071,0.024,90,-53.13
3534,28,15,763.889,498.737,35101.185,2,255,105.392,70.029,NA,2.082,0.007,165.964,75.964
3535,28,16,749.747,492.172,35401.196,2,255,120.984,84.97,NA,15.591,0.052,-155.095,38.941
3536,28,17,748.737,479.04,35701.206,2,255,134.154,94.644,NA,13.17,0.044,-94.399,60.697
3537,28,18,748.737,479.04,36001.216,2,255,134.154,94.644,NA,0,0,0,94.399
3538,28,19,746.717,469.444,36301.226,2,255,143.96,103.053,NA,9.806,0.033,-101.889,-101.889
3539,28,20,745.707,460.354,36601.236,2,255,153.107,110.663,NA,9.147,0.03,-96.34,5.548
3540,28,21,744.697,452.273,36901.246,2,255,161.251,117.678,NA,8.144,0.027,-97.125,-0.785
3541,28,22,744.697,445.707,37201.256,2,255,167.816,123.01,NA,6.566,0.022,-90,7.125
3542,28,23,744.192,441.667,37501.266,2,255,171.888,126.63,NA,4.072,0.014,-97.125,-7.125
3543,28,24,732.071,441.667,37801.277,2,255,184.009,133.776,NA,12.121,0.04,180,-82.875
3544,28,25,732.071,441.667,38101.287,2,255,184.009,133.776,NA,0,0,0,-180
3545,28,26,751.768,443.687,38401.297,2,255,203.81,120.834,NA,19.8,0.066,5.856,5.856
3546,28,27,750.253,446.212,38701.307,2,255,206.755,119.501,NA,2.945,0.01,120.964,115.108
3547,28,28,746.212,451.263,39001.317,2,255,213.222,117.599,NA,6.468,0.022,128.66,7.696
3548,28,29,746.212,439.141,39301.327,2,255,225.344,127.634,NA,12.121,0.04,-90,141.34
3549,28,30,751.263,439.141,39601.337,2,255,230.394,124.989,NA,5.051,0.017,0,90
3550,28,31,751.263,439.141,39901.348,2,245,230.394,124.989,NA,0,0,0,0
3551,28,32,751.263,439.141,40201.358,2,255,230.394,124.989,NA,0,0,0,0
3552,28,33,747.222,443.182,40501.368,2,255,236.108,123.692,NA,5.714,0.019,135,135
3553,28,34,741.162,432.071,40801.378,2,255,248.765,136.312,NA,12.657,0.042,-118.61,106.39
3554,28,35,738.636,425,41101.388,2,255,256.273,143.635,NA,7.508,0.025,-109.654,8.957
3555,28,36,733.081,422.475,41401.398,2,255,262.375,148.763,NA,6.103,0.02,-155.556,-45.902
3556,28,37,733.081,422.475,41701.408,2,255,262.375,148.763,NA,0,0,0,155.556
3557,28,38,729.04,408.333,42001.418,2,255,277.083,162.855,NA,14.707,0.049,-105.945,-105.945
3558,28,39,725.253,407.576,42301.429,2,255,280.945,165.52,NA,3.863,0.013,-168.69,-62.745
3559,28,40,724.242,401.515,42601.439,2,255,287.09,171.179,NA,6.144,0.02,-99.462,69.228
3560,28,41,726.768,401.515,42901.449,2,255,289.615,169.855,NA,2.525,0.008,0,99.462
3561,28,42,727.273,401.515,43201.459,2,255,290.12,169.594,NA,0.505,0.002,0,0
3562,28,43,727.273,396.465,43501.469,2,255,295.17,173.937,NA,5.051,0.017,-90,-90
3563,28,44,727.273,377.525,43801.479,2,255,314.11,190.537,NA,18.939,0.063,-90,0
3564,28,45,724.242,363.636,44101.489,2,255,328.325,204.297,NA,14.216,0.047,-102.308,-12.308
3565,28,46,722.98,355.808,44401.5,2,255,336.255,211.885,NA,7.929,0.026,-99.162,3.146
3566,28,47,717.424,354.924,44701.51,2,255,341.88,215.141,NA,5.625,0.019,-170.961,-71.798
3567,28,48,717.045,347.727,45001.52,2,255,349.087,221.748,NA,7.207,0.024,-93.013,77.948
3568,28,49,714.015,337.879,45301.53,2,255,359.391,231.929,NA,10.304,0.034,-107.103,-14.09
3569,28,50,708.333,331.818,45601.54,2,255,367.699,239.87,NA,8.307,0.028,-133.152,-26.05
3570,28,51,705.303,329.924,45901.55,2,255,371.272,242.921,NA,3.573,0.012,-147.995,-14.842
3571,28,52,705.303,329.924,46201.56,2,255,371.272,242.921,NA,0,0,0,147.995
3572,28,53,705.303,326.515,46501.57,2,255,374.681,245.968,NA,3.409,0.011,-90,-90
3573,28,54,699.242,323.864,46801.581,2,255,381.297,251.078,NA,6.615,0.022,-156.371,-66.371
3574,28,55,699.242,323.864,47101.591,2,255,381.297,251.078,NA,0,0,0,156.371
3575,28,56,703.03,320.076,47401.601,2,255,386.654,252.747,NA,5.357,0.018,-45,-45
3576,28,57,707.197,320.076,47701.611,2,255,390.82,250.93,NA,4.167,0.014,0,45
3577,28,58,709.848,318.561,48001.621,2,255,393.874,251.179,NA,3.054,0.01,-29.745,-29.745
3578,28,59,709.848,309.47,48301.631,2,255,402.965,259.465,NA,9.091,0.03,-90,-60.255
3579,28,60,709.848,310.606,48601.641,2,255,404.101,258.426,NA,1.136,0.004,90,180
3580,28,61,709.848,287.879,48901.651,2,255,426.829,279.344,NA,22.727,0.076,-90,-180
3581,28,62,720.455,272.727,49201.662,2,255,445.323,289.811,NA,18.495,0.062,-55.008,34.992
3582,28,63,724.621,253.03,49501.672,2,255,465.456,307.249,NA,20.133,0.067,-78.056,-23.048
3583,28,64,731.818,241.667,49801.682,2,255,478.907,316.162,NA,13.451,0.045,-57.653,20.403
3584,28,65,729.167,230.303,50101.692,2,255,490.576,327.823,NA,11.669,0.039,-103.134,-45.481
3585,28,66,728.03,230.303,50401.702,2,255,491.712,328.122,NA,1.136,0.004,180,-76.866
3586,28,67,719.318,224.242,50701.712,2,255,502.325,336.342,NA,10.613,0.035,-145.176,34.824
3587,28,68,719.318,224.242,51001.722,2,255,502.325,336.342,NA,0,0,0,145.176
3588,28,69,712.879,208.333,51301.733,2,212,519.488,353.429,NA,17.163,0.057,-112.036,-112.036
3589,28,70,696.212,180.682,51601.743,2,245,551.774,384.797,NA,32.286,0.108,-121.079,-9.043
3590,28,71,695.833,180.303,51901.753,2,255,552.31,385.274,NA,0.536,0.002,-135,-13.921
3591,28,72,695.833,180.303,52201.763,2,255,552.31,385.274,NA,0,0,0,135
3592,28,73,695.833,180.303,52501.773,2,255,552.31,385.274,NA,0,0,0,0
3593,28,74,698.106,167.803,52801.783,2,255,565.015,396.505,NA,12.705,0.042,-79.695,-79.695
3594,28,75,706.061,154.924,53101.793,2,255,580.152,406.629,NA,15.137,0.05,-58.299,21.397
3595,28,76,709.47,142.803,53401.803,2,194,592.744,417.447,NA,12.591,0.042,-74.291,-15.993
3596,28,77,701.136,116.667,53701.814,2,141,620.176,444.843,NA,27.433,0.091,-107.684,-33.393
3597,28,78,679.545,91.667,54001.824,2,255,653.209,474.754,NA,33.033,0.11,-130.815,-23.131
3598,28,79,660.985,91.288,54301.834,2,244,671.774,480.734,NA,18.564,0.062,-178.831,-48.016
3599,28,80,651.515,90.909,54601.844,2,174,681.251,484.206,NA,9.477,0.032,-177.709,1.121
3600,28,81,639.394,99.621,54901.854,2,229,696.178,480.309,NA,14.927,0.05,144.293,-37.997
3601,28,82,617.424,106.818,55201.864,2,197,719.297,482.19,NA,23.118,0.077,161.862,17.569
3602,28,83,589.394,110.606,55501.874,2,141,747.582,490.964,NA,28.285,0.094,172.304,10.442
3603,28,84,570.96,112.879,55801.885,2,233,766.156,497.717,NA,18.574,0.062,172.972,0.668
3604,28,85,565.404,111.869,56101.895,2,255,771.802,501.339,NA,5.647,0.019,-169.695,17.333
3605,28,86,550.758,111.869,56401.905,2,255,786.449,508.787,NA,14.646,0.049,180,-10.305
3606,28,87,536.111,93.182,56701.915,2,255,810.192,532.369,NA,23.743,0.079,-128.089,51.911
3607,28,88,526.01,84.596,57001.925,2,255,823.448,544.989,NA,13.257,0.044,-139.635,-11.547
3608,28,89,517.929,79.545,57301.935,2,244,832.978,553.571,NA,9.529,0.032,-147.995,-8.359
3609,28,90,511.364,79.545,57601.945,2,252,839.543,557.12,NA,6.566,0.022,180,-32.005
3610,29,1,637.626,758.333,34801.175,2,142,0,0,NA,NA,NA,NA,NA
3611,29,2,632.576,742.677,35101.185,2,111,16.451,16.451,NA,16.451,0.055,-107.879,NA
3612,29,3,620.455,732.071,35401.196,2,201,32.557,31.378,NA,16.106,0.054,-138.814,-30.935
3613,29,4,619.949,731.061,35701.206,2,191,33.687,32.5,NA,1.129,0.004,-116.565,22.249
3614,29,5,619.949,731.061,36001.216,2,255,33.687,32.5,NA,0,0,0,116.565
3615,29,6,613.889,731.061,36301.226,2,230,39.747,36.156,NA,6.061,0.02,180,180
3616,29,7,613.889,717.929,36601.236,2,255,52.879,46.861,NA,13.131,0.044,-90,90
3617,29,8,603.788,710.354,36901.246,2,255,65.505,58.712,NA,12.626,0.042,-143.13,-53.13
3618,29,9,583.586,702.273,37201.256,2,247,87.263,77.866,NA,21.758,0.073,-158.199,-15.068
3619,29,10,566.919,684.091,37501.266,2,241,111.928,102.525,NA,24.665,0.082,-132.51,25.688
3620,29,11,560.859,675,37801.277,2,143,122.854,113.304,NA,10.926,0.036,-123.69,8.82
3621,29,12,560.859,667.929,38101.287,2,218,129.925,118.601,NA,7.071,0.024,-90,33.69
3622,29,13,560.859,669.444,38401.297,2,255,131.44,117.45,NA,1.515,0.005,90,180
3623,29,14,557.323,650.253,38701.307,2,255,150.955,134.648,NA,19.515,0.065,-100.437,169.563
3624,29,15,557.323,650.253,39001.317,2,255,150.955,134.648,NA,0,0,0,100.437
3625,29,16,561.364,627.02,39301.327,2,238,174.536,151.852,NA,23.581,0.079,-80.134,-80.134
3626,29,17,558.333,605.808,39601.337,2,255,195.963,171.905,NA,21.427,0.071,-98.13,-17.996
3627,29,18,569.444,588.131,39901.348,2,255,216.842,183.351,NA,20.879,0.07,-57.848,40.282
3628,29,19,554.293,572.98,40201.358,2,255,238.269,203.225,NA,21.427,0.071,-135,-77.152
3629,29,20,551.263,565.909,40501.368,2,255,245.962,210.916,NA,7.693,0.026,-113.199,21.801
3630,29,21,552.778,554.293,40801.378,2,255,257.677,220.979,NA,11.715,0.039,-82.569,30.63
3631,29,22,555.808,550.253,41101.388,2,255,262.727,223.589,NA,5.051,0.017,-53.13,29.438
3632,29,23,560.354,546.717,41401.398,2,255,268.486,225.283,NA,5.758,0.019,-37.875,15.255
3633,29,24,562.374,538.636,41701.408,2,255,276.815,232.228,NA,8.33,0.028,-75.964,-38.089
3634,29,25,564.899,505.303,42001.418,2,181,310.244,263.275,NA,33.429,0.111,-85.668,-9.704
3635,29,26,569.444,492.172,42301.429,2,219,324.14,274.756,NA,13.896,0.046,-70.907,14.761
3636,29,27,564.899,491.667,42601.439,2,255,328.713,276.406,NA,4.573,0.015,-173.66,-102.753
3637,29,28,564.899,491.667,42901.449,2,255,328.713,276.406,NA,0,0,0,173.66
3638,29,29,559.343,462.879,43201.459,2,255,358.032,305.649,NA,29.319,0.098,-100.923,-100.923
3639,29,30,558.838,434.596,43501.469,2,255,386.319,333.187,NA,28.287,0.094,-91.023,9.9
3640,29,31,549.242,434.596,43801.479,2,255,395.915,335.585,NA,9.596,0.032,180,-88.977
3641,29,32,538.131,433.586,44101.489,2,255,407.072,339.647,NA,11.157,0.037,-174.806,5.194
3642,29,33,529.04,430.051,44401.5,2,255,416.827,345.775,NA,9.754,0.033,-158.749,16.056
3643,29,34,528.535,430.051,44701.51,2,178,417.332,345.934,NA,0.505,0.002,180,-21.251
3644,29,35,504.798,429.545,45001.52,2,183,441.074,354.605,NA,23.743,0.079,-178.781,1.219
3645,29,36,497.727,419.949,45301.53,2,255,452.994,366.163,NA,11.92,0.04,-126.384,52.397
3646,29,37,497.727,419.949,45601.54,2,255,452.994,366.163,NA,0,0,0,126.384
3647,29,38,490.152,406.818,45901.55,2,255,468.154,381.198,NA,15.16,0.051,-119.982,-119.982
3648,29,39,473.99,399.242,46201.56,2,255,486.003,394.618,NA,17.849,0.059,-154.885,-34.904
3649,29,40,457.828,389.646,46501.57,2,255,504.799,410.192,NA,18.796,0.063,-149.3,5.585
3650,29,41,446.212,374.495,46801.581,2,255,523.891,428.919,NA,19.092,0.064,-127.476,21.824
3651,29,42,438.131,355.303,47101.591,2,247,544.714,449.702,NA,20.824,0.069,-112.834,14.643
3652,29,43,438.131,346.212,47401.601,2,255,553.805,457.867,NA,9.091,0.03,-90,22.834
3653,29,44,423.485,343.687,47701.611,2,255,568.668,466.678,NA,14.863,0.05,-170.218,-80.218
3654,29,45,412.374,341.667,48001.621,2,212,579.961,473.656,NA,11.293,0.038,-169.695,0.522
3655,29,46,410.859,335.101,48301.631,2,255,586.699,480.155,NA,6.738,0.022,-102.995,66.701
3656,29,47,379.04,313.384,48601.641,2,255,625.223,514.633,NA,38.523,0.128,-145.685,-42.69
3657,29,48,369.444,311.869,48901.651,2,211,634.937,520.819,NA,9.715,0.032,-171.027,-25.342
3658,29,49,369.444,311.869,49201.662,2,217,634.937,520.819,NA,0,0,0,171.027
3659,29,50,375,314.394,49501.672,2,255,641.04,515.805,NA,6.103,0.02,24.444,24.444
3660,29,51,375,314.899,49801.682,2,255,641.545,515.37,NA,0.505,0.002,90,65.556
3661,29,52,375,314.899,50101.692,2,255,641.545,515.37,NA,0,0,0,-90
3662,29,53,375,314.899,50401.702,2,255,641.545,515.37,NA,0,0,0,0
3663,29,54,375,314.899,50701.712,2,255,641.545,515.37,NA,0,0,0,0
3664,29,55,375,314.899,51001.722,2,255,641.545,515.37,NA,0,0,0,0
3665,29,56,375,309.343,51301.733,2,255,647.101,520.158,NA,5.556,0.019,-90,-90
3666,29,57,375,309.343,51601.743,2,255,647.101,520.158,NA,0,0,0,90
3667,29,58,375,309.343,51901.753,2,255,647.101,520.158,NA,0,0,0,0
3668,29,59,377.02,304.798,52201.763,2,255,652.075,523.077,NA,4.974,0.017,-66.038,-66.038
3669,29,60,383.081,304.798,52501.773,2,255,658.135,520.084,NA,6.061,0.02,0,66.038
3670,29,61,389.141,308.838,52801.783,2,255,665.419,513.605,NA,7.284,0.024,33.69,33.69
3671,29,62,389.141,310.859,53101.793,2,255,667.439,511.838,NA,2.02,0.007,90,56.31
3672,29,63,391.162,324.495,53401.803,2,255,681.225,498.959,NA,13.785,0.046,81.573,-8.427
3673,29,64,391.162,324.495,53701.814,2,255,681.225,498.959,NA,0,0,0,-81.573
3674,29,65,395.707,327.525,54001.824,2,255,686.688,494.086,NA,5.463,0.018,33.69,33.69
3675,29,66,396.717,327.525,54301.834,2,255,687.698,493.592,NA,1.01,0.003,0,-33.69
3676,29,67,387.121,332.071,54601.844,2,255,698.316,494.421,NA,10.618,0.035,154.654,154.654
3677,29,68,381.061,332.071,54901.854,2,255,704.376,497.52,NA,6.061,0.02,180,25.346
3678,29,69,368.939,330.051,55201.864,2,229,716.665,505.588,NA,12.288,0.041,-170.538,9.462
3679,29,70,351.768,330.051,55501.874,2,255,733.837,514.919,NA,17.172,0.057,180,-9.462
3680,29,71,345.202,331.566,55801.885,2,255,740.575,517.342,NA,6.738,0.022,167.005,-12.995
3681,29,72,336.111,331.061,56101.895,2,255,749.68,522.947,NA,9.105,0.03,-176.82,16.174
3682,29,73,336.111,331.061,56401.905,2,229,749.68,522.947,NA,0,0,0,176.82
3683,29,74,313.384,331.061,56701.915,2,219,772.407,536.372,NA,22.727,0.076,180,180
3684,29,75,303.283,337.121,57001.925,2,255,784.187,537.778,NA,11.78,0.039,149.036,-30.964
3685,29,76,278.535,337.626,57301.935,2,255,808.939,553.119,NA,24.753,0.083,178.831,29.795
3686,29,77,255.808,334.596,57601.945,2,255,831.868,570.385,NA,22.928,0.076,-172.405,8.764
3687,29,78,243.687,334.596,57901.955,2,206,843.989,578.569,NA,12.121,0.04,180,-7.595
3688,29,79,231.061,330.556,58201.966,2,219,857.246,590.161,NA,13.257,0.044,-162.255,17.745
3689,29,80,215.909,322.98,58501.976,2,115,874.186,606.117,NA,16.94,0.056,-153.435,8.82
3690,29,81,207.323,320.96,58801.986,2,245,883.006,613.56,NA,8.82,0.029,-166.759,-13.325
3691,29,82,207.323,322.475,59101.996,2,169,884.521,612.481,NA,1.515,0.005,90,-103.241
3692,29,83,205.808,306.818,59402.006,2,255,900.251,624.766,NA,15.73,0.052,-95.528,174.472
3693,29,84,194.697,303.788,59702.016,2,251,911.768,634.664,NA,11.517,0.038,-164.745,-69.217
3694,29,85,189.646,300.758,60002.026,2,185,917.658,640.36,NA,5.89,0.02,-149.036,15.709
3695,29,86,182.576,296.717,60302.036,2,145,925.801,648.198,NA,8.144,0.027,-150.255,-1.219
3696,29,87,185.101,279.545,60602.047,2,83,943.158,658.8,NA,17.356,0.058,-81.634,68.621
3697,29,88,191.162,272.475,60902.057,2,133,952.471,659.84,NA,9.313,0.031,-49.399,32.235
3698,30,1,1056.313,877.02,23100.78,2,128,0,0,NA,NA,NA,NA,NA
3699,30,2,1057.828,877.02,23400.79,2,29,1.515,1.515,NA,1.515,0.005,0,NA
3700,30,3,1068.434,877.02,23700.8,2,73,12.121,12.121,NA,10.606,0.035,0,0
3701,30,4,1076.01,877.02,24000.811,2,156,19.697,19.697,NA,7.576,0.025,0,0
3702,30,5,1077.525,877.02,24300.821,2,125,21.212,21.212,NA,1.515,0.005,0,0
3703,30,6,1077.525,884.596,24600.831,2,231,28.788,22.524,NA,7.576,0.025,90,90
3704,30,7,1077.02,883.586,24900.841,2,255,29.917,21.723,NA,1.129,0.004,-116.565,153.435
3705,30,8,1077.02,883.586,25200.851,2,181,29.917,21.723,NA,0,0,0,116.565
3706,30,9,1085.101,882.576,25500.861,2,207,38.061,29.319,NA,8.144,0.027,-7.125,-7.125
3707,30,10,1085.101,882.576,25800.871,2,174,38.061,29.319,NA,0,0,0,7.125
3708,30,11,1085.101,889.646,26100.881,2,190,45.132,31.435,NA,7.071,0.024,90,90
3709,30,12,1085.101,893.687,26400.892,2,235,49.172,33.264,NA,4.04,0.013,90,0
3710,30,13,1085.101,893.687,26700.902,2,180,49.172,33.264,NA,0,0,0,-90
3711,30,14,1085.101,900.758,27000.912,2,246,56.243,37.312,NA,7.071,0.024,90,90
3712,30,15,1084.091,899.747,27300.922,2,249,57.671,35.891,NA,1.428,0.005,-135,135
3713,30,16,1088.131,899.747,27600.932,2,240,61.712,39.101,NA,4.04,0.013,0,135
3714,30,17,1088.131,899.747,27900.942,2,255,61.712,39.101,NA,0,0,0,0
3715,30,18,1088.131,899.747,28200.952,2,237,61.712,39.101,NA,0,0,0,0
3716,30,19,1094.192,899.747,28500.963,2,198,67.772,44.174,NA,6.061,0.02,0,0
3717,30,20,1100.758,899.747,28800.973,2,255,74.338,49.918,NA,6.566,0.022,0,0
3718,30,21,1100.758,899.747,29100.983,2,255,74.338,49.918,NA,0,0,0,0
3719,30,22,1100.758,899.747,29400.993,2,242,74.338,49.918,NA,0,0,0,0
3720,30,23,1100.758,891.667,29701.003,2,255,82.419,46.796,NA,8.081,0.027,-90,-90
3721,30,24,1100.758,891.667,30001.013,2,255,82.419,46.796,NA,0,0,0,90
3722,30,25,1101.768,891.162,30301.023,2,189,83.548,47.604,NA,1.129,0.004,-26.565,-26.565
3723,30,26,1108.333,887.626,30601.033,2,255,91.005,53.09,NA,7.457,0.025,-28.301,-1.736
3724,30,27,1108.333,887.626,30901.044,2,94,91.005,53.09,NA,0,0,0,28.301
3725,30,28,1095.707,887.626,31201.054,2,255,103.631,40.797,NA,12.626,0.042,180,180
3726,30,29,1087.121,887.626,31501.064,2,255,112.217,32.583,NA,8.586,0.029,180,0
3727,30,30,1077.02,887.626,31801.074,2,240,122.318,23.265,NA,10.101,0.034,180,0
3728,30,31,1072.475,887.626,32101.084,2,229,126.864,19.331,NA,4.545,0.015,180,0
3729,30,32,1071.97,887.626,32401.094,2,255,127.369,18.911,NA,0.505,0.002,180,0
3730,30,33,1055.303,887.626,32701.104,2,254,144.035,10.654,NA,16.667,0.056,180,0
3731,30,34,1054.293,878.03,33001.115,2,228,153.684,2.259,NA,9.649,0.032,-96.009,83.991
3732,30,35,1063.889,878.03,33301.125,2,255,163.28,7.643,NA,9.596,0.032,0,96.009
3733,30,36,1063.889,886.616,33601.135,2,215,171.866,12.226,NA,8.586,0.029,90,90
3734,30,37,1068.939,880.051,33901.145,2,203,180.15,12.985,NA,8.283,0.028,-52.431,-142.431
3735,30,38,1081.061,879.04,34201.155,2,204,192.313,24.83,NA,12.163,0.041,-4.764,47.668
3736,30,39,1088.636,875,34501.165,2,255,200.899,32.386,NA,8.586,0.029,-28.072,-23.309
3737,30,40,1088.636,875,34801.175,2,10,200.899,32.386,NA,0,0,0,28.072
3738,30,41,1117.929,864.899,35101.185,2,238,231.884,62.797,NA,30.986,0.103,-19.026,-19.026
3739,30,42,1118.434,855.808,35401.196,2,217,240.989,65.643,NA,9.105,0.03,-86.82,-67.795
3740,30,43,1121.465,855.808,35701.206,2,178,244.019,68.518,NA,3.03,0.01,0,86.82
3741,30,44,1123.485,849.242,36001.216,2,212,250.889,72.689,NA,6.869,0.023,-72.897,-72.897
3742,30,45,1123.485,849.747,36301.226,2,13,251.394,72.497,NA,0.505,0.002,90,162.897
3743,30,46,1157.828,817.424,36601.236,2,255,298.556,117.716,NA,47.162,0.157,-43.264,-133.264
3744,30,47,1165.909,810.354,36901.246,2,231,309.294,128.28,NA,10.738,0.036,-41.186,2.078
3745,30,48,1169.949,807.323,37201.256,2,255,314.344,133.308,NA,5.051,0.017,-36.87,4.316
3746,30,49,1169.949,808.838,37501.266,2,255,315.859,132.522,NA,1.515,0.005,90,126.87
3747,30,50,1179.04,806.313,37801.277,2,255,325.294,141.639,NA,9.435,0.031,-15.524,-105.524
3748,30,51,1182.071,796.717,38101.287,2,212,335.357,149.21,NA,10.063,0.034,-72.474,-56.95
3749,30,52,1182.071,790.657,38401.297,2,255,341.418,152.557,NA,6.061,0.02,-90,-17.526
3750,30,53,1182.576,790.657,38701.307,2,241,341.923,152.974,NA,0.505,0.002,0,90
3751,30,54,1186.616,790.657,39001.317,2,255,345.963,156.325,NA,4.04,0.013,0,0
3752,30,55,1186.616,798.232,39301.327,2,255,353.539,152.271,NA,7.576,0.025,90,90
3753,30,56,1188.131,790.657,39601.337,2,255,361.265,157.59,NA,7.726,0.026,-78.69,-168.69
3754,30,57,1188.131,790.657,39901.348,2,255,361.265,157.59,NA,0,0,0,78.69
3755,30,58,1188.131,790.657,40201.358,2,255,361.265,157.59,NA,0,0,0,0
3756,30,59,1192.677,795.707,40501.368,2,255,368.06,158.767,NA,6.795,0.023,48.013,48.013
3757,30,60,1196.717,795.707,40801.378,2,244,372.1,162.25,NA,4.04,0.013,0,-48.013
3758,30,61,1197.727,793.182,41101.388,2,255,374.82,164.398,NA,2.72,0.009,-68.199,-68.199
3759,30,62,1200.253,790.152,41401.398,2,255,378.764,168.121,NA,3.945,0.013,-50.194,18.004
3760,30,63,1200.253,790.657,41701.408,2,244,379.27,167.861,NA,0.505,0.002,90,140.194
3761,30,64,1205.303,784.596,42001.418,2,255,387.159,175.329,NA,7.889,0.026,-50.194,-140.194
3762,30,65,1210.354,784.091,42301.429,2,243,392.234,179.901,NA,5.076,0.017,-5.711,44.484
3763,30,66,1213.889,780.556,42601.439,2,248,397.234,184.758,NA,5,0.017,-45,-39.289
3764,30,67,1212.879,780.556,42901.449,2,255,398.244,183.897,NA,1.01,0.003,180,-135
3765,30,68,1221.465,779.545,43201.459,2,255,406.889,191.772,NA,8.645,0.029,-6.71,173.29
3766,30,69,1221.465,779.545,43501.469,2,255,406.889,191.772,NA,0,0,0,6.71
3767,30,70,1218.434,787.626,43801.479,2,247,415.52,185.134,NA,8.63,0.029,110.556,110.556
3768,30,71,1211.869,787.626,44101.489,2,255,422.085,179.412,NA,6.566,0.022,180,69.444
3769,30,72,1204.798,787.626,44401.5,2,255,429.156,173.318,NA,7.071,0.024,180,0
3770,30,73,1204.798,800.253,44701.51,2,255,441.782,167.156,NA,12.626,0.042,90,-90
3771,30,74,1204.798,812.374,45001.52,2,224,453.903,161.947,NA,12.121,0.04,90,0
3772,30,75,1204.798,812.374,45301.53,2,254,453.903,161.947,NA,0,0,0,-90
3773,30,76,1204.798,827.525,45601.54,2,255,469.055,156.517,NA,15.152,0.051,90,90
3774,30,77,1204.798,827.525,45901.55,2,255,469.055,156.517,NA,0,0,0,-90
3775,30,78,1204.798,827.525,46201.56,2,255,469.055,156.517,NA,0,0,0,0
3776,30,79,1204.798,827.525,46501.57,2,226,469.055,156.517,NA,0,0,0,0
3777,30,80,1203.788,837.626,46801.581,2,199,479.206,152.646,NA,10.151,0.034,95.711,95.711
3778,30,81,1199.242,841.667,47101.591,2,255,485.288,147.237,NA,6.082,0.02,138.366,42.656
3779,30,82,1199.242,841.667,47401.601,2,231,485.288,147.237,NA,0,0,0,-138.366
3780,30,83,1213.384,841.667,47701.611,2,179,499.429,161,NA,14.141,0.047,0,0
3781,30,84,1207.323,832.071,48001.621,2,240,510.779,157.558,NA,11.35,0.038,-122.276,-122.276
3782,30,85,1202.778,832.071,48301.631,2,255,515.324,153.207,NA,4.545,0.015,180,-57.724
3783,30,86,1199.242,827.02,48601.641,2,255,521.489,151.423,NA,6.165,0.021,-124.992,55.008
3784,30,87,1199.242,821.465,48901.651,2,243,527.045,153.347,NA,5.556,0.019,-90,34.992
3785,30,88,1199.242,821.465,49201.662,2,251,527.045,153.347,NA,0,0,0,90
3786,30,89,1199.242,810.354,49501.672,2,255,538.156,157.712,NA,11.111,0.037,-90,-90
3787,30,90,1199.242,811.364,49801.682,2,255,539.166,157.288,NA,1.01,0.003,90,180
3788,30,91,1201.263,807.828,50101.692,2,255,543.238,160.617,NA,4.072,0.014,-60.255,-150.255
3789,30,92,1217.929,809.848,50401.702,2,255,560.027,175.019,NA,16.789,0.056,6.911,67.166
3790,30,93,1235.606,810.859,50701.712,2,255,577.732,191.111,NA,17.706,0.059,3.27,-3.641
3791,30,94,1246.212,812.879,51001.722,2,255,588.529,200.439,NA,10.797,0.036,10.784,7.514
3792,30,95,1269.444,820.455,51301.733,2,255,612.965,220.51,NA,24.436,0.081,18.06,7.276
3793,30,96,1292.677,820.455,51601.743,2,255,636.198,243.038,NA,23.232,0.077,0,-18.06
3794,30,97,1303.788,820.455,51901.753,2,255,647.309,253.857,NA,11.111,0.037,0,0
3795,30,98,1320.455,825.505,52201.763,2,237,664.724,269.118,NA,17.415,0.058,16.858,16.858
3796,30,99,1335.606,829.04,52501.773,2,255,680.282,283.384,NA,15.559,0.052,13.134,-3.724
3797,30,100,1353.788,844.192,52801.783,2,232,703.95,299.281,NA,23.667,0.079,39.806,26.672
3798,30,101,1368.434,861.364,53101.793,2,174,726.519,312.514,NA,22.57,0.075,49.538,9.732
3799,30,102,1405.808,838.636,53401.803,2,237,770.261,351.596,NA,43.742,0.146,-31.304,-80.842
3800,30,103,1428.03,838.636,53701.814,2,136,792.483,373.694,NA,22.222,0.074,0,31.304
3801,30,104,1456.818,824.495,54001.824,2,179,824.557,403.935,NA,32.074,0.107,-26.162,-26.162
3802,30,105,1462.879,820.455,54301.834,2,196,831.841,410.482,NA,7.284,0.024,-33.69,-7.529
3803,30,106,1462.879,800.253,54601.844,2,205,852.043,413.75,NA,20.202,0.067,-90,-56.31
3804,30,107,1469.444,782.576,54901.854,2,214,870.899,423.789,NA,18.857,0.063,-69.624,20.376
3805,30,108,1479.545,783.081,55201.864,2,203,881.013,433.532,NA,10.114,0.034,2.862,72.486
3806,30,109,1480.556,783.081,55501.874,2,59,882.023,434.518,NA,1.01,0.003,0,-2.862
3807,30,110,1467.929,806.313,55801.885,2,230,908.465,417.645,NA,26.442,0.088,118.523,118.523
3808,30,111,1471.465,827.525,56101.895,2,255,929.97,418.092,NA,21.505,0.072,80.538,-37.985
3809,30,112,1471.465,827.525,56401.905,2,196,929.97,418.092,NA,0,0,0,-80.538
3810,30,113,1489.141,849.747,56701.915,2,216,958.365,433.687,NA,28.395,0.095,51.499,51.499
3811,30,114,1514.394,860.859,57001.925,2,193,985.954,458.366,NA,27.589,0.092,23.749,-27.75
3812,31,1,1024.621,962.879,22200.75,2,200,0,0,NA,NA,NA,NA,NA
3813,31,2,1024.621,962.879,22500.76,2,205,0,0,NA,0,0,0,NA
3814,31,3,1024.621,962.121,22800.77,2,126,0.758,0.758,NA,0.758,0.003,-90,-90
3815,31,4,1020.455,962.121,23100.78,2,199,4.924,4.235,NA,4.167,0.014,180,-90
3816,31,5,1021.212,965.909,23400.79,2,128,8.787,4.561,NA,3.863,0.013,78.69,-101.31
3817,31,6,1021.212,968.939,23700.8,2,148,11.817,6.954,NA,3.03,0.01,90,11.31
3818,31,7,1028.788,967.803,24000.811,2,153,19.478,6.451,NA,7.661,0.026,-8.531,-98.531
3819,31,8,1040.909,959.47,24300.821,2,46,34.187,16.641,NA,14.709,0.049,-34.509,-25.978
3820,31,9,1056.061,959.47,24600.831,2,229,49.339,31.624,NA,15.152,0.051,0,34.509
3821,31,10,1055.682,959.091,24900.841,2,143,49.875,31.291,NA,0.536,0.002,-135,-135
3822,31,11,1054.167,965.909,25200.851,2,204,56.859,29.7,NA,6.985,0.023,102.529,-122.471
3823,31,12,1054.167,968.182,25500.861,2,255,59.132,30.018,NA,2.273,0.008,90,-12.529
3824,31,13,1054.167,970.833,25800.871,2,255,61.783,30.598,NA,2.652,0.009,90,0
3825,31,14,1054.167,970.833,26100.881,2,255,61.783,30.598,NA,0,0,0,-90
3826,31,15,1054.167,970.833,26400.892,2,255,61.783,30.598,NA,0,0,0,0
3827,31,16,1054.167,970.833,26700.902,2,171,61.783,30.598,NA,0,0,0,0
3828,31,17,1068.939,970.455,27000.912,2,255,76.561,44.961,NA,14.778,0.049,-1.469,-1.469
3829,31,18,1072.348,970.455,27300.922,2,255,79.97,48.325,NA,3.409,0.011,0,1.469
3830,31,19,1064.394,969.697,27600.932,2,174,87.961,40.353,NA,7.991,0.027,-174.56,-174.56
3831,31,20,1064.394,972.727,27900.942,2,255,90.991,40.974,NA,3.03,0.01,90,-95.44
3832,31,21,1064.394,973.106,28200.952,2,255,91.37,41.067,NA,0.379,0.001,90,0
3833,31,22,1064.394,973.106,28500.963,2,255,91.37,41.067,NA,0,0,0,-90
3834,31,23,1064.394,973.106,28800.973,2,255,91.37,41.067,NA,0,0,0,0
3835,31,24,1064.394,970.833,29100.983,2,149,93.642,40.56,NA,2.273,0.008,-90,-90
3836,31,25,1069.318,970.833,29400.993,2,231,98.567,45.399,NA,4.924,0.016,0,90
3837,31,26,1069.318,968.939,29701.003,2,247,100.461,45.106,NA,1.894,0.006,-90,-90
3838,31,27,1069.318,968.939,30001.013,2,255,100.461,45.106,NA,0,0,0,90
3839,31,28,1069.318,968.939,30301.023,2,255,100.461,45.106,NA,0,0,0,0
3840,31,29,1069.318,975.379,30601.033,2,228,106.9,46.412,NA,6.439,0.021,90,90
3841,31,30,1064.773,975.758,30901.044,2,253,111.461,42.166,NA,4.561,0.015,175.236,85.236
3842,31,31,1064.773,980.303,31201.054,2,219,116.007,43.769,NA,4.545,0.015,90,-85.236
3843,31,32,1065.152,980.303,31501.064,2,198,116.385,44.117,NA,0.379,0.001,0,-90
3844,31,33,1076.136,982.197,31801.074,2,162,127.532,55.018,NA,11.147,0.037,9.782,9.782
3845,31,34,1075.758,982.197,32101.084,2,255,127.911,54.664,NA,0.379,0.001,180,170.218
3846,31,35,1075.758,981.439,32401.094,2,212,128.669,54.401,NA,0.758,0.003,-90,90
3847,31,36,1083.333,981.439,32701.104,2,255,136.244,61.576,NA,7.576,0.025,0,90
3848,31,37,1086.364,982.576,33001.115,2,255,139.481,64.808,NA,3.236,0.011,20.556,20.556
3849,31,38,1086.364,988.636,33301.125,2,255,145.541,66.9,NA,6.061,0.02,90,69.444
3850,31,39,1086.364,989.015,33601.135,2,255,145.92,67.047,NA,0.379,0.001,90,0
3851,31,40,1079.924,989.015,33901.145,2,225,152.36,61.168,NA,6.439,0.021,180,90
3852,31,41,1079.924,989.015,34201.155,2,187,152.36,61.168,NA,0,0,0,-180
3853,31,42,1080.682,994.697,34501.165,2,211,158.092,64.461,NA,5.732,0.019,82.405,82.405
3854,31,43,1085.985,999.621,34801.175,2,160,165.328,71.523,NA,7.237,0.024,42.879,-39.526
3855,31,44,1085.985,999.621,35101.185,2,150,165.328,71.523,NA,0,0,0,-42.879
3856,31,45,1085.985,999.621,35401.196,2,255,165.328,71.523,NA,0,0,0,0
3857,31,46,1085.985,999.621,35701.206,2,150,165.328,71.523,NA,0,0,0,0
3858,31,47,1087.121,1006.061,36001.216,2,227,171.867,75.967,NA,6.539,0.022,79.992,79.992
3859,31,48,1096.97,1003.788,36301.226,2,192,181.975,83.114,NA,10.107,0.034,-12.995,-92.987
3860,31,49,1104.167,1000.758,36601.236,2,175,189.784,88.104,NA,7.809,0.026,-22.834,-9.839
3861,31,50,1107.197,1000,36901.246,2,255,192.907,90.536,NA,3.124,0.01,-14.036,8.797
3862,31,51,1107.955,1000.379,37201.256,2,239,193.754,91.382,NA,0.847,0.003,26.565,40.601
3863,31,52,1107.955,1000,37501.266,2,255,194.133,91.227,NA,0.379,0.001,-90,-116.565
3864,31,53,1107.955,1000,37801.277,2,255,194.133,91.227,NA,0,0,0,90
3865,31,54,1107.955,995.455,38101.287,2,255,198.678,89.474,NA,4.545,0.015,-90,-90
3866,31,55,1107.955,995.455,38401.297,2,255,198.678,89.474,NA,0,0,0,90
3867,31,56,1107.955,995.455,38701.307,2,255,198.678,89.474,NA,0,0,0,0
3868,31,57,1107.955,995.455,39001.317,2,252,198.678,89.474,NA,0,0,0,0
3869,31,58,1111.364,1003.788,39301.327,2,255,207.682,95.905,NA,9.004,0.03,67.751,67.751
3870,31,59,1111.364,1008.712,39601.337,2,247,212.606,98.107,NA,4.924,0.016,90,22.249
3871,31,60,1111.364,1008.712,39901.348,2,232,212.606,98.107,NA,0,0,0,-90
3872,31,61,1116.288,1013.636,40201.358,2,218,219.57,104.781,NA,6.964,0.023,45,45
3873,31,62,1116.288,1013.636,40501.368,2,255,219.57,104.781,NA,0,0,0,-45
3874,31,63,1123.485,1019.318,40801.378,2,194,228.74,113.839,NA,9.169,0.031,38.29,38.29
3875,31,64,1139.394,1017.045,41101.388,2,255,244.81,126.913,NA,16.071,0.054,-8.13,-46.42
3876,31,65,1141.667,1012.5,41401.398,2,161,249.892,127.129,NA,5.082,0.017,-63.435,-55.305
3877,31,66,1141.667,1012.5,41701.408,2,188,249.892,127.129,NA,0,0,0,63.435
3878,31,67,1144.318,1009.848,42001.418,2,255,253.642,128.583,NA,3.75,0.012,-45,-45
3879,31,68,1142.045,1014.773,42301.429,2,255,259.066,128.38,NA,5.423,0.018,114.775,159.775
3880,31,69,1142.045,1014.773,42601.439,2,255,259.066,128.38,NA,0,0,0,-114.775
3881,31,70,1144.697,1014.773,42901.449,2,255,261.717,130.81,NA,2.652,0.009,0,0
3882,31,71,1152.652,1015.909,43201.459,2,184,269.752,138.578,NA,8.035,0.027,8.13,8.13
3883,31,72,1152.652,1015.909,43501.469,2,200,269.752,138.578,NA,0,0,0,-8.13
3884,31,73,1153.788,1018.561,43801.479,2,235,272.637,140.657,NA,2.885,0.01,66.801,66.801
3885,31,74,1157.576,1024.621,44101.489,2,255,279.784,146.591,NA,7.147,0.024,57.995,-8.807
3886,31,75,1157.576,1024.621,44401.5,2,255,279.784,146.591,NA,0,0,0,-57.995
3887,31,76,1157.576,1029.167,44701.51,2,240,284.33,148.563,NA,4.545,0.015,90,90
3888,31,77,1167.424,1030.303,45001.52,2,255,294.243,157.92,NA,9.914,0.033,6.582,-83.418
3889,31,78,1167.424,1030.303,45301.53,2,201,294.243,157.92,NA,0,0,0,-6.582
3890,31,79,1181.061,1032.197,45601.54,2,202,308.011,171.109,NA,13.767,0.046,7.907,7.907
3891,31,80,1187.879,1031.061,45901.55,2,255,314.923,176.923,NA,6.912,0.023,-9.462,-17.369
3892,31,81,1182.576,1028.788,46201.56,2,237,320.692,171.154,NA,5.77,0.019,-156.801,-147.339
3893,31,82,1192.045,1028.788,46501.57,2,255,330.162,179.93,NA,9.47,0.032,0,156.801
3894,31,83,1197.727,1026.136,46801.581,2,254,336.432,184.302,NA,6.27,0.021,-25.017,-25.017
3895,31,84,1197.727,1026.136,47101.591,2,156,336.432,184.302,NA,0,0,0,25.017
3896,31,85,1212.879,1026.136,47401.601,2,255,351.584,198.601,NA,15.152,0.051,0,0
3897,31,86,1213.636,1040.909,47701.611,2,75,366.376,204.488,NA,14.792,0.049,87.064,87.064
3898,31,87,1221.591,1034.091,48001.621,2,250,376.853,209.447,NA,10.477,0.035,-40.601,-127.666
3899,31,88,1222.348,1034.091,48301.631,2,255,377.61,210.16,NA,0.758,0.003,0,40.601
3900,31,89,1234.848,1039.773,48601.641,2,181,391.341,223.849,NA,13.731,0.046,24.444,24.444
3901,31,90,1234.848,1039.773,48901.651,2,255,391.341,223.849,NA,0,0,0,-24.444
3902,31,91,1234.848,1039.773,49201.662,2,255,391.341,223.849,NA,0,0,0,0
3903,31,92,1244.318,1040.152,49501.672,2,255,400.818,232.89,NA,9.477,0.032,2.291,2.291
3904,31,93,1244.697,1045.455,49801.682,2,233,406.135,235.058,NA,5.317,0.018,85.914,83.624
3905,31,94,1245.076,1062.121,50101.692,2,151,422.806,241.763,NA,16.671,0.056,88.698,2.784
3906,31,95,1258.712,1070.076,50401.702,2,255,438.592,257.468,NA,15.787,0.053,30.256,-58.442
3907,31,96,1260.227,1071.212,50701.712,2,235,440.486,259.319,NA,1.894,0.006,36.87,6.613
3908,31,97,1271.97,1076.515,51001.722,2,216,453.371,272.203,NA,12.884,0.043,24.305,-12.565
3909,31,98,1290.152,1079.545,51301.733,2,168,471.803,290.03,NA,18.433,0.061,9.462,-14.842
3910,31,99,1290.53,1079.924,51601.743,2,251,472.339,290.529,NA,0.536,0.002,45,35.538
3911,31,100,1298.485,1079.924,51901.753,2,216,480.294,297.827,NA,7.955,0.027,0,-45
3912,31,101,1303.788,1091.667,52201.763,2,65,493.178,307.442,NA,12.884,0.043,65.695,65.695
3913,31,102,1311.364,1094.318,52501.773,2,58,501.204,315.432,NA,8.026,0.027,19.29,-46.405
3914,31,103,1302.273,1085.227,52801.783,2,226,514.061,303.413,NA,12.856,0.043,-135,-154.29
3915,31,104,1302.273,1085.227,53101.793,2,220,514.061,303.413,NA,0,0,0,135
3916,31,105,1302.273,1085.227,53401.803,2,242,514.061,303.413,NA,0,0,0,0
3917,31,106,1307.576,1085.227,53701.814,2,230,519.364,308.273,NA,5.303,0.018,0,0
3918,31,107,1313.258,1085.227,54001.824,2,154,525.046,313.497,NA,5.682,0.019,0,0
3919,31,108,1313.258,1085.227,54301.834,2,114,525.046,313.497,NA,0,0,0,0
3920,31,109,1333.712,1089.015,54601.844,2,155,545.848,333.838,NA,20.802,0.069,10.491,10.491
3921,31,110,1360.227,1101.894,54901.854,2,142,575.325,363.258,NA,29.477,0.098,25.907,15.415
3922,31,111,1369.318,1101.894,55201.864,2,255,584.416,371.674,NA,9.091,0.03,0,-25.907
3923,31,112,1383.333,1094.318,55501.874,2,89,600.348,382.035,NA,15.932,0.053,-28.393,-28.393
3924,31,113,1380.303,1101.136,55801.885,2,100,607.809,381.608,NA,7.461,0.025,113.962,142.356
3925,31,114,1380.303,1101.515,56101.895,2,93,608.188,381.745,NA,0.379,0.001,90,-23.962
3926,31,115,1369.697,1107.576,56401.905,2,53,620.404,374.185,NA,12.216,0.041,150.255,60.255
3927,31,116,1376.136,1107.576,56701.915,2,73,626.843,380.132,NA,6.439,0.021,0,-150.255
3928,32,1,985.606,906.818,33301.125,2,123,0,0,NA,NA,NA,NA,NA
3929,32,2,985.606,906.818,33601.135,2,133,0,0,NA,0,0,0,NA
3930,32,3,989.773,902.652,33901.145,2,150,5.893,5.893,NA,5.893,0.02,-45,-45
3931,32,4,993.939,901.136,34201.155,2,158,10.326,10.086,NA,4.434,0.015,-19.983,25.017
3932,32,5,999.242,899.621,34501.165,2,241,15.841,15.419,NA,5.515,0.018,-15.945,4.038
3933,32,6,1004.167,896.97,34801.175,2,241,21.434,21.012,NA,5.593,0.019,-28.301,-12.355
3934,32,7,1004.545,894.697,35101.185,2,228,23.738,22.486,NA,2.304,0.008,-80.538,-52.237
3935,32,8,1004.545,890.909,35401.196,2,255,27.526,24.735,NA,3.788,0.013,-90,-9.462
3936,32,9,1004.545,890.909,35701.206,2,209,27.526,24.735,NA,0,0,0,90
3937,32,10,1008.333,890.909,36001.216,2,165,31.314,27.742,NA,3.788,0.013,0,0
3938,32,11,1016.288,890.909,36301.226,2,196,39.269,34.561,NA,7.955,0.027,0,0
3939,32,12,1016.288,890.909,36601.236,2,191,39.269,34.561,NA,0,0,0,0
3940,32,13,1018.182,890.909,36901.246,2,154,41.162,36.253,NA,1.894,0.006,0,0
3941,32,14,1022.348,890.909,37201.256,2,221,45.329,40.039,NA,4.167,0.014,0,0
3942,32,15,1022.348,890.909,37501.266,2,108,45.329,40.039,NA,0,0,0,0
3943,32,16,1032.955,887.5,37801.277,2,255,56.47,51.138,NA,11.14,0.037,-17.819,-17.819
3944,32,17,1032.955,887.5,38101.287,2,232,56.47,51.138,NA,0,0,0,17.819
3945,32,18,1034.47,883.333,38401.297,2,253,60.903,54.214,NA,4.434,0.015,-70.017,-70.017
3946,32,19,1034.47,876.136,38701.307,2,240,68.1,57.698,NA,7.197,0.024,-90,-19.983
3947,32,20,1039.773,876.136,39001.317,2,184,73.403,62.253,NA,5.303,0.018,0,90
3948,32,21,1045.455,874.242,39301.327,2,162,79.392,68.14,NA,5.989,0.02,-18.435,-18.435
3949,32,22,1045.455,874.242,39601.337,2,209,79.392,68.14,NA,0,0,0,18.435
3950,32,23,1047.348,866.667,39901.348,2,221,87.201,73.65,NA,7.809,0.026,-75.964,-75.964
3951,32,24,1047.348,866.667,40201.358,2,211,87.201,73.65,NA,0,0,0,75.964
3952,32,25,1047.348,866.667,40501.368,2,204,87.201,73.65,NA,0,0,0,0
3953,32,26,1051.136,863.258,40801.378,2,255,92.297,78.688,NA,5.096,0.017,-41.987,-41.987
3954,32,27,1056.818,862.879,41101.388,2,255,97.992,83.677,NA,5.694,0.019,-3.814,38.173
3955,32,28,1058.333,862.121,41401.398,2,172,99.686,85.364,NA,1.694,0.006,-26.565,-22.751
3956,32,29,1064.773,859.848,41701.408,2,224,106.514,92.052,NA,6.829,0.023,-19.44,7.125
3957,32,30,1064.773,859.848,42001.418,2,133,106.514,92.052,NA,0,0,0,19.44
3958,32,31,1065.152,852.652,42301.429,2,184,113.721,96.237,NA,7.207,0.024,-86.987,-86.987
3959,32,32,1067.045,849.242,42601.439,2,180,117.621,99.736,NA,3.9,0.013,-60.945,26.042
3960,32,33,1070.076,847.727,42901.449,2,255,121.009,103.087,NA,3.388,0.011,-26.565,34.38
3961,32,34,1065.53,846.97,43201.459,2,234,125.617,99.849,NA,4.608,0.015,-170.538,-143.973
3962,32,35,1065.53,846.591,43501.469,2,220,125.996,100.076,NA,0.379,0.001,-90,80.538
3963,32,36,1067.424,842.045,43801.479,2,255,130.92,104.354,NA,4.924,0.016,-67.38,22.62
3964,32,37,1068.939,842.045,44101.489,2,255,132.436,105.546,NA,1.515,0.005,0,67.38
3965,32,38,1068.939,842.045,44401.5,2,248,132.436,105.546,NA,0,0,0,0
3966,32,39,1068.939,842.045,44701.51,2,255,132.436,105.546,NA,0,0,0,0
3967,32,40,1068.939,842.045,45001.52,2,180,132.436,105.546,NA,0,0,0,0
3968,32,41,1058.712,840.53,45301.53,2,255,142.774,98.684,NA,10.339,0.034,-171.573,-171.573
3969,32,42,1055.682,840.53,45601.54,2,252,145.805,96.461,NA,3.03,0.01,180,-8.427
3970,32,43,1051.136,842.424,45901.55,2,245,150.729,91.874,NA,4.924,0.016,157.38,-22.62
3971,32,44,1049.242,840.909,46201.56,2,255,153.154,91.617,NA,2.425,0.008,-141.34,61.28
3972,32,45,1049.242,840.909,46501.57,2,190,153.154,91.617,NA,0,0,0,141.34
3973,32,46,1065.53,843.939,46801.581,2,243,169.722,101.694,NA,16.567,0.055,10.539,10.539
3974,32,47,1061.364,843.939,47101.591,2,255,173.888,98.453,NA,4.167,0.014,180,169.461
3975,32,48,1059.091,842.045,47401.601,2,241,176.847,97.957,NA,2.958,0.01,-140.194,39.806
3976,32,49,1056.818,839.394,47701.611,2,229,180.339,98.067,NA,3.492,0.012,-130.601,9.593
3977,32,50,1056.818,839.394,48001.621,2,255,180.339,98.067,NA,0,0,0,130.601
3978,32,51,1056.818,842.803,48301.631,2,255,183.748,95.755,NA,3.409,0.011,90,90
3979,32,52,1067.424,843.561,48601.641,2,218,194.381,103.42,NA,10.633,0.035,4.086,-85.914
3980,32,53,1077.652,848.106,48901.651,2,255,205.573,109.176,NA,11.192,0.037,23.962,19.877
3981,32,54,1077.652,848.106,49201.662,2,137,205.573,109.176,NA,0,0,0,-23.962
3982,32,55,1096.212,858.333,49501.672,2,160,226.765,120.766,NA,21.192,0.071,28.856,28.856
3983,32,56,1114.394,858.712,49801.682,2,255,244.951,137.479,NA,18.186,0.061,1.193,-27.662
3984,32,57,1126.136,856.818,50101.692,2,255,256.845,149.16,NA,11.894,0.04,-9.162,-10.356
3985,32,58,1125.758,856.818,50401.702,2,255,257.224,148.803,NA,0.379,0.001,180,-170.838
3986,32,59,1125.758,856.818,50701.712,2,255,257.224,148.803,NA,0,0,0,-180
3987,32,60,1118.182,865.152,51001.722,2,255,268.486,138.969,NA,11.262,0.038,132.274,132.274
3988,32,61,1115.152,873.864,51301.733,2,255,277.71,133.671,NA,9.224,0.031,109.179,-23.095
3989,32,62,1115.152,873.864,51601.743,2,254,277.71,133.671,NA,0,0,0,-109.179
3990,32,63,1107.576,873.864,51901.753,2,196,285.286,126.343,NA,7.576,0.025,180,180
3991,32,64,1107.576,879.167,52201.763,2,255,290.589,125.065,NA,5.303,0.018,90,-90
3992,32,65,1104.167,887.121,52501.773,2,109,299.243,120.186,NA,8.654,0.029,113.199,23.199
3993,32,66,1104.167,887.121,52801.783,2,214,299.243,120.186,NA,0,0,0,-113.199
3994,32,67,1112.5,885.606,53101.793,2,175,307.713,128.655,NA,8.47,0.028,-10.305,-10.305
3995,32,68,1112.5,885.606,53401.803,2,185,307.713,128.655,NA,0,0,0,10.305
3996,32,69,1115.152,880.682,53701.814,2,235,313.306,132.156,NA,5.593,0.019,-61.699,-61.699
3997,32,70,1118.182,876.515,54001.824,2,200,318.458,135.995,NA,5.152,0.017,-53.973,7.727
3998,32,71,1123.106,876.515,54301.834,2,186,323.382,140.8,NA,4.924,0.016,0,53.973
3999,32,72,1124.242,871.212,54601.844,2,232,328.806,143.136,NA,5.423,0.018,-77.905,-77.905
4000,32,73,1128.409,867.424,54901.854,2,255,334.437,148.137,NA,5.631,0.019,-42.274,35.632
4001,32,74,1128.409,867.424,55201.864,2,255,334.437,148.137,NA,0,0,0,42.274
4002,32,75,1133.712,864.015,55501.874,2,249,340.741,154.167,NA,6.304,0.021,-32.735,-32.735
4003,32,76,1133.712,860.985,55801.885,2,225,343.771,155.036,NA,3.03,0.01,-90,-57.265
4004,32,77,1129.167,857.197,56101.895,2,255,349.688,151.894,NA,5.917,0.02,-140.194,-50.194
4005,32,78,1128.03,848.106,56401.905,2,183,358.85,154.051,NA,9.162,0.031,-97.125,43.069
4006,32,79,1139.015,842.424,56701.915,2,219,371.217,166.376,NA,12.367,0.041,-27.35,69.775
4007,32,80,1148.485,830.682,57001.925,2,138,386.302,179.795,NA,15.085,0.05,-51.116,-23.766
4008,32,81,1162.879,831.061,57301.935,2,197,400.701,192.782,NA,14.399,0.048,1.507,52.623
4009,32,82,1168.939,832.955,57601.945,2,195,407.051,197.654,NA,6.35,0.021,17.354,15.847
4010,32,83,1168.939,832.955,57901.955,2,7,407.051,197.654,NA,0,0,0,-17.354
4011,32,84,1205.682,840.152,58201.966,2,245,444.491,229.952,NA,37.441,0.125,11.083,11.083
4012,32,85,1224.621,834.848,58501.976,2,244,464.159,249.615,NA,19.668,0.066,-15.642,-26.725
4013,32,86,1231.439,815.909,58801.986,2,255,484.288,262.104,NA,20.129,0.067,-70.201,-54.559
4014,32,87,1234.091,812.879,59101.996,2,247,488.315,265.649,NA,4.027,0.013,-48.814,21.387
4015,32,88,1233.333,804.545,59402.006,2,239,496.683,268.008,NA,8.368,0.028,-95.194,-46.38
4016,32,89,1233.333,804.545,59702.016,2,255,496.683,268.008,NA,0,0,0,95.194
4017,32,90,1246.591,817.803,60002.026,2,243,515.432,275.748,NA,18.749,0.062,45,45
4018,32,91,1272.727,833.333,60302.036,2,200,545.834,296.376,NA,30.402,0.101,30.719,-14.281
4019,32,92,1286.742,837.879,60602.047,2,255,560.568,308.927,NA,14.734,0.049,17.969,-12.75
4020,32,93,1296.591,837.879,60902.057,2,192,570.416,318.534,NA,9.848,0.033,0,-17.969
4021,32,94,1314.015,832.576,61202.067,2,157,588.63,336.696,NA,18.213,0.061,-16.928,-16.928
4022,32,95,1341.667,818.182,61502.077,2,219,619.803,366.927,NA,31.174,0.104,-27.499,-10.572
4023,32,96,1379.924,835.227,61802.087,2,81,661.686,400.764,NA,41.883,0.14,24.015,51.514
4024,32,97,1384.47,834.848,62102.097,2,192,666.248,405.305,NA,4.561,0.015,-4.764,-28.779
4025,32,98,1383.712,838.636,62402.107,2,196,670.11,403.902,NA,3.863,0.013,101.31,106.074
4026,32,99,1407.197,828.788,62702.118,2,89,695.577,428.751,NA,25.466,0.085,-22.751,-124.061
4027,32,100,1426.136,831.061,63002.128,2,227,714.652,446.997,NA,19.075,0.064,6.843,29.594
4028,32,101,1448.864,824.621,63302.138,2,33,738.274,470.493,NA,23.622,0.079,-15.819,-22.662
4029,32,102,1473.485,812.879,63602.148,2,226,765.552,496.84,NA,27.278,0.091,-25.498,-9.678
4030,32,103,1485.227,828.788,63902.158,2,112,785.325,505.678,NA,19.773,0.066,53.569,79.067
4031,32,104,1498.485,849.621,64202.168,2,126,810.019,516.058,NA,24.694,0.082,57.529,3.96
4032,32,105,1520.833,863.258,64502.178,2,226,836.199,536.997,NA,26.18,0.087,31.39,-26.139
4033,32,106,1534.848,863.258,64802.188,2,61,850.214,550.967,NA,14.015,0.047,0,-31.39
4034,32,107,1532.576,865.909,65102.199,2,118,853.707,548.497,NA,3.492,0.012,130.601,130.601
4035,32,108,1539.394,865.909,65402.209,2,116,860.525,555.297,NA,6.818,0.023,0,-130.601
4036,32,109,1544.318,875,65702.219,2,137,870.864,559.617,NA,10.339,0.034,61.557,61.557
4037,33,1,703.409,1030.682,31501.064,2,49,0,0,NA,NA,NA,NA,NA
4038,33,2,701.894,1034.47,31801.074,2,122,4.08,4.08,NA,4.08,0.014,111.801,NA
4039,33,3,701.515,1035.606,32101.084,2,147,5.278,5.276,NA,1.198,0.004,108.435,-3.366
4040,33,4,697.727,1035.985,32401.094,2,107,9.084,7.772,NA,3.807,0.013,174.289,65.854
4041,33,5,691.288,1035.985,32701.104,2,115,15.524,13.23,NA,6.439,0.021,180,5.711
4042,33,6,691.288,1036.742,33001.115,2,116,16.281,13.552,NA,0.758,0.003,90,-90
4043,33,7,691.288,1043.182,33301.125,2,68,22.721,17.412,NA,6.439,0.021,90,0
4044,33,8,691.288,1043.182,33601.135,2,159,22.721,17.412,NA,0,0,0,-90
4045,33,9,691.288,1043.182,33901.145,2,96,22.721,17.412,NA,0,0,0,0
4046,33,10,691.288,1043.182,34201.155,2,252,22.721,17.412,NA,0,0,0,0
4047,33,11,686.742,1045.833,34501.165,2,153,27.983,22.524,NA,5.262,0.018,149.744,149.744
4048,33,12,686.742,1045.833,34801.175,2,111,27.983,22.524,NA,0,0,0,-149.744
4049,33,13,686.742,1046.212,35101.185,2,153,28.362,22.781,NA,0.379,0.001,90,90
4050,33,14,686.742,1050,35401.196,2,211,32.15,25.514,NA,3.788,0.013,90,0
4051,33,15,686.742,1050,35701.206,2,127,32.15,25.514,NA,0,0,0,-90
4052,33,16,680.682,1050,36001.216,2,124,38.21,29.828,NA,6.061,0.02,180,180
4053,33,17,681.061,1050,36301.226,2,142,38.589,29.541,NA,0.379,0.001,0,-180
4054,33,18,681.061,1050,36601.236,2,147,38.589,29.541,NA,0,0,0,0
4055,33,19,681.061,1050,36901.246,2,138,38.589,29.541,NA,0,0,0,0
4056,33,20,681.061,1050,37201.256,2,130,38.589,29.541,NA,0,0,0,0
4057,33,21,681.061,1050,37501.266,2,200,38.589,29.541,NA,0,0,0,0
4058,33,22,681.061,1050,37801.277,2,133,38.589,29.541,NA,0,0,0,0
4059,33,23,681.061,1050,38101.287,2,101,38.589,29.541,NA,0,0,0,0
4060,33,24,681.061,1050,38401.297,2,144,38.589,29.541,NA,0,0,0,0
4061,33,25,681.061,1045.833,38701.307,2,137,42.756,27,NA,4.167,0.014,-90,-90
4062,33,26,681.061,1045.833,39001.317,2,140,42.756,27,NA,0,0,0,90
4063,33,27,681.061,1051.136,39301.327,2,255,48.059,30.296,NA,5.303,0.018,90,90
4064,33,28,679.545,1051.136,39601.337,2,145,49.574,31.43,NA,1.515,0.005,180,90
4065,33,29,679.545,1051.515,39901.348,2,198,49.953,31.678,NA,0.379,0.001,90,-90
4066,33,30,674.621,1054.924,40201.358,2,245,55.942,37.636,NA,5.989,0.02,145.305,55.305
4067,33,31,670.455,1060.606,40501.368,2,200,62.988,44.514,NA,7.046,0.023,126.254,-19.051
4068,33,32,663.636,1060.606,40801.378,2,210,69.806,49.773,NA,6.818,0.023,180,53.746
4069,33,33,663.636,1060.606,41101.388,2,195,69.806,49.773,NA,0,0,0,-180
4070,33,34,662.5,1064.015,41401.398,2,195,73.399,52.77,NA,3.593,0.012,108.435,108.435
4071,33,35,662.5,1064.015,41701.408,2,255,73.399,52.77,NA,0,0,0,-108.435
4072,33,36,662.5,1064.015,42001.418,2,154,73.399,52.77,NA,0,0,0,0
4073,33,37,659.091,1071.97,42301.429,2,204,82.054,60.571,NA,8.654,0.029,113.199,113.199
4074,33,38,659.091,1071.97,42601.439,2,207,82.054,60.571,NA,0,0,0,-113.199
4075,33,39,669.697,1071.97,42901.449,2,245,92.66,53.303,NA,10.606,0.035,0,0
4076,33,40,669.697,1071.97,43201.459,2,234,92.66,53.303,NA,0,0,0,0
4077,33,41,669.697,1070.076,43501.469,2,220,94.554,51.85,NA,1.894,0.006,-90,-90
4078,33,42,669.697,1070.076,43801.479,2,162,94.554,51.85,NA,0,0,0,90
4079,33,43,669.697,1070.076,44101.489,2,222,94.554,51.85,NA,0,0,0,0
4080,33,44,665.53,1071.591,44401.5,2,255,98.987,55.753,NA,4.434,0.015,160.017,160.017
4081,33,45,664.015,1074.621,44701.51,2,255,102.375,59.013,NA,3.388,0.011,116.565,-43.452
4082,33,46,657.955,1081.818,45001.52,2,240,111.784,68.418,NA,9.409,0.031,130.101,13.536
4083,33,47,642.045,1092.045,45301.53,2,217,130.697,86.781,NA,18.913,0.063,147.265,17.164
4084,33,48,628.788,1097.727,45601.54,2,231,145.121,100.317,NA,14.424,0.048,156.801,9.537
4085,33,49,620.833,1112.5,45901.55,2,193,161.899,116.245,NA,16.778,0.056,118.301,-38.501
4086,33,50,610.227,1134.091,46201.56,2,251,185.954,139.199,NA,24.055,0.08,116.162,-2.139
4087,33,51,590.152,1159.091,46501.57,2,255,218.017,171.22,NA,32.063,0.107,128.766,12.604
4088,33,52,571.591,1165.53,46801.581,2,204,237.663,188.574,NA,19.646,0.065,160.866,32.101
4089,33,53,552.273,1165.53,47101.591,2,244,256.981,202.55,NA,19.318,0.064,180,19.134
4090,33,54,540.53,1164.015,47401.601,2,193,268.821,210.493,NA,11.84,0.039,-172.648,7.352
4091,33,55,541.288,1165.152,47701.611,2,148,270.187,210.631,NA,1.366,0.005,56.31,-131.042
4092,33,56,528.03,1165.152,48001.621,2,209,283.444,220.997,NA,13.258,0.044,180,123.69
4093,33,57,516.288,1172.727,48301.631,2,169,297.419,234.928,NA,13.974,0.047,147.171,-32.829
4094,33,58,499.242,1173.106,48601.641,2,129,314.468,248.935,NA,17.05,0.057,178.727,31.556
4095,33,59,498.485,1185.606,48901.651,2,255,326.991,256.896,NA,12.523,0.042,93.468,-85.259
4096,33,60,490.53,1187.121,49201.662,2,105,335.089,264.179,NA,8.098,0.027,169.216,75.747
4097,33,61,484.848,1187.121,49501.672,2,153,340.771,268.779,NA,5.682,0.019,180,10.784
4098,33,62,481.818,1187.5,49801.682,2,156,343.824,271.467,NA,3.054,0.01,172.875,-7.125
4099,33,63,473.864,1181.061,50101.692,2,72,354.059,274.417,NA,10.234,0.034,-141.009,46.116
4100,33,64,444.318,1187.121,50401.702,2,156,384.219,302.657,NA,30.161,0.101,168.408,-50.583
4101,33,65,437.5,1189.773,50701.712,2,220,391.535,309.867,NA,7.316,0.024,158.749,-9.658
4102,33,66,433.333,1191.288,51001.722,2,225,395.969,314.222,NA,4.434,0.015,160.017,1.267
4103,33,67,433.333,1191.288,51301.733,2,168,395.969,314.222,NA,0,0,0,-160.017
4104,33,68,433.333,1191.288,51601.743,2,241,395.969,314.222,NA,0,0,0,0
4105,33,69,433.333,1191.288,51901.753,2,213,395.969,314.222,NA,0,0,0,0
4106,33,70,431.818,1197.727,52201.763,2,235,402.584,318.851,NA,6.615,0.022,103.241,103.241
4107,33,71,431.818,1197.727,52501.773,2,255,402.584,318.851,NA,0,0,0,-103.241
4108,33,72,431.818,1206.439,52801.783,2,154,411.296,323.5,NA,8.712,0.029,90,90
4109,33,73,431.818,1218.939,53101.793,2,229,423.796,330.458,NA,12.5,0.042,90,0
4110,33,74,418.561,1241.667,53401.803,2,255,450.107,354.476,NA,26.311,0.088,120.256,30.256
4111,33,75,400.758,1259.091,53701.814,2,238,475.018,379.168,NA,24.911,0.083,135.616,15.36
4112,33,76,366.667,1246.97,54001.824,2,184,511.2,400.22,NA,36.182,0.121,-160.427,63.957
4113,33,77,355.682,1246.591,54301.834,2,207,522.191,409.305,NA,10.991,0.037,-178.025,-17.598
4114,33,78,339.773,1246.591,54601.844,2,170,538.1,422.904,NA,15.909,0.053,180,-1.975
4115,33,79,320.076,1247.348,54901.854,2,174,557.812,440.328,NA,19.712,0.066,177.797,-2.203
4116,33,80,298.864,1255.303,55201.864,2,203,580.467,462.722,NA,22.655,0.076,159.444,-18.353
4117,33,81,298.864,1255.303,55501.874,2,156,580.467,462.722,NA,0,0,0,-159.444
4118,33,82,295.455,1270.076,55801.885,2,204,595.627,473.008,NA,15.161,0.051,102.995,102.995
4119,33,83,281.439,1291.667,56101.895,2,191,621.368,496.157,NA,25.741,0.086,122.989,19.994
4120,33,84,270.833,1309.848,56401.905,2,166,642.417,514.836,NA,21.049,0.07,120.256,-2.732
4121,33,85,270.833,1309.848,56701.915,2,127,642.417,514.836,NA,0,0,0,-120.256
4122,33,86,270.833,1309.848,57001.925,2,185,642.417,514.836,NA,0,0,0,0
4123,33,87,270.833,1309.848,57301.935,2,134,642.417,514.836,NA,0,0,0,0
4124,33,88,266.667,1313.258,57601.945,2,76,647.801,520.186,NA,5.384,0.018,140.711,140.711
4125,33,89,266.288,1332.576,57901.955,2,120,667.123,531.239,NA,19.322,0.064,91.123,-49.587
4126,33,90,251.136,1353.788,58201.966,2,62,693.191,555.831,NA,26.068,0.087,125.538,34.414
4127,33,91,240.53,1364.394,58501.976,2,78,708.19,570.632,NA,14.999,0.05,135,9.462
4128,33,92,228.03,1367.045,58801.986,2,157,720.968,582.345,NA,12.778,0.043,168.024,33.024
4129,34,1,955.808,535.101,34501.165,2,121,0,0,NA,NA,NA,NA,NA
4130,34,2,952.778,522.98,34801.175,2,98,12.494,12.494,NA,12.494,0.042,-104.036,NA
4131,34,3,944.192,501.768,35101.185,2,146,35.378,35.299,NA,22.884,0.076,-112.036,-8
4132,34,4,943.182,486.111,35401.196,2,197,51.067,50.591,NA,15.689,0.052,-93.691,18.345
4133,34,5,943.687,472.475,35701.206,2,255,64.713,63.788,NA,13.646,0.045,-87.879,5.812
4134,34,6,948.232,484.596,36001.216,2,255,77.658,51.07,NA,12.945,0.043,69.444,157.323
4135,34,7,950.758,485.101,36301.226,2,255,80.234,50.254,NA,2.575,0.009,11.31,-58.134
4136,34,8,938.131,470.455,36601.236,2,249,99.571,67.02,NA,19.338,0.064,-130.764,-142.074
4137,34,9,931.566,459.343,36901.246,2,255,112.477,79.542,NA,12.906,0.043,-120.579,10.184
4138,34,10,931.061,458.838,37201.256,2,255,113.191,80.177,NA,0.714,0.002,-135,-14.421
4139,34,11,931.061,446.212,37501.266,2,255,125.818,92.27,NA,12.626,0.042,-90,45
4140,34,12,928.535,430.051,37801.277,2,206,142.175,108.533,NA,16.358,0.055,-98.881,-8.881
4141,34,13,928.535,418.939,38101.287,2,255,153.287,119.32,NA,11.111,0.037,-90,8.881
4142,34,14,928.535,419.444,38401.297,2,255,153.792,118.829,NA,0.505,0.002,90,180
4143,34,15,933.081,414.899,38701.307,2,249,160.22,122.332,NA,6.428,0.021,-45,-135
4144,34,16,933.081,395.707,39001.317,2,245,179.412,141.235,NA,19.192,0.064,-90,-45
4145,34,17,933.081,378.535,39301.327,2,255,196.583,158.207,NA,17.172,0.057,-90,0
4146,34,18,933.081,378.535,39601.337,2,197,196.583,158.207,NA,0,0,0,90
4147,34,19,933.081,365.404,39901.348,2,255,209.715,171.212,NA,13.131,0.044,-90,-90
4148,34,20,933.081,345.707,40201.358,2,254,229.412,190.753,NA,19.697,0.066,-90,0
4149,34,21,931.566,314.394,40501.368,2,255,260.762,222.034,NA,31.35,0.104,-92.77,-2.77
4150,34,22,934.596,304.293,40801.378,2,255,271.307,231.781,NA,10.546,0.035,-73.301,19.469
4151,34,23,934.596,297.727,41101.388,2,255,277.873,238.32,NA,6.566,0.022,-90,-16.699
4152,34,24,934.596,297.727,41401.398,2,255,277.873,238.32,NA,0,0,0,90
4153,34,25,934.596,297.727,41701.408,2,255,277.873,238.32,NA,0,0,0,0
4154,34,26,929.545,297.727,42001.418,2,255,282.923,238.822,NA,5.051,0.017,180,180
4155,34,27,929.545,297.727,42301.429,2,255,282.923,238.822,NA,0,0,0,-180
4156,34,28,940.152,297.727,42601.439,2,255,293.53,237.89,NA,10.606,0.035,0,0
4157,34,29,940.152,290.152,42901.449,2,255,301.105,245.449,NA,7.576,0.025,-90,-90
4158,34,30,946.717,285.606,43201.459,2,255,309.091,249.661,NA,7.986,0.027,-34.695,55.305
4159,34,31,949.242,283.081,43501.469,2,255,312.662,252.106,NA,3.571,0.012,-45,-10.305
4160,34,32,949.242,283.081,43801.479,2,255,312.662,252.106,NA,0,0,0,45
4161,34,33,949.242,283.081,44101.489,2,255,312.662,252.106,NA,0,0,0,0
4162,34,34,949.242,275,44401.5,2,255,320.743,260.184,NA,8.081,0.027,-90,-90
4163,34,35,943.687,267.929,44701.51,2,255,329.735,267.447,NA,8.992,0.03,-128.157,-38.157
4164,34,36,941.162,234.091,45001.52,2,139,363.668,301.366,NA,33.932,0.113,-94.268,33.889
4165,34,37,940.657,234.091,45301.53,2,255,364.173,301.391,NA,0.505,0.002,180,-85.732
4166,34,38,927.525,227.525,45601.54,2,212,378.854,308.873,NA,14.681,0.049,-153.435,26.565
4167,34,39,929.545,220.96,45901.55,2,255,385.723,315.237,NA,6.869,0.023,-72.897,80.538
4168,34,40,929.545,207.828,46201.56,2,255,398.855,328.325,NA,13.131,0.044,-90,-17.103
4169,34,41,929.545,207.828,46501.57,2,246,398.855,328.325,NA,0,0,0,90
4170,34,42,933.081,190.657,46801.581,2,244,416.386,345.193,NA,17.532,0.058,-78.366,-78.366
4171,34,43,942.172,187.121,47101.591,2,255,426.141,348.247,NA,9.754,0.033,-21.251,57.116
4172,34,44,945.707,183.586,47401.601,2,255,431.14,351.66,NA,5,0.017,-45,-23.749
4173,34,45,941.162,166.919,47701.611,2,255,448.416,368.473,NA,17.275,0.058,-105.255,-60.255
4174,34,46,925.505,140.152,48001.621,2,242,479.426,396.11,NA,31.01,0.103,-120.324,-15.068
4175,34,47,906.313,132.071,48301.631,2,255,500.25,406.058,NA,20.824,0.069,-157.166,-36.843
4176,34,48,887.121,114.899,48601.641,2,233,526.002,425.779,NA,25.753,0.086,-138.18,18.987
4177,34,49,871.97,114.394,48901.651,2,255,541.162,428.979,NA,15.16,0.051,-178.091,-39.911
4178,34,50,866.919,104.798,49201.662,2,255,552.006,439.388,NA,10.844,0.036,-117.759,60.332
4179,34,51,866.414,101.263,49501.672,2,239,555.577,442.953,NA,3.571,0.012,-98.13,19.628
4180,34,52,876.01,101.768,49801.682,2,255,565.187,440.619,NA,9.609,0.032,3.013,101.143
4181,34,53,876.01,106.818,50101.692,2,255,570.237,435.653,NA,5.051,0.017,90,86.987
4182,34,54,876.01,106.818,50401.702,2,255,570.237,435.653,NA,0,0,0,-90
4183,34,55,876.01,106.818,50701.712,2,255,570.237,435.653,NA,0,0,0,0
4184,34,56,876.01,106.818,51001.722,2,255,570.237,435.653,NA,0,0,0,0
4185,34,57,880.051,95.707,51301.733,2,255,582.06,445.877,NA,11.823,0.039,-70.017,-70.017
4186,34,58,880.051,76.01,51601.743,2,241,601.757,465.3,NA,19.697,0.066,-90,-19.983
4187,34,59,880.051,76.01,51901.753,2,238,601.757,465.3,NA,0,0,0,90
4188,34,60,880.051,65.909,52201.763,2,255,611.858,475.269,NA,10.101,0.034,-90,-90
4189,34,61,886.616,59.343,52501.773,2,209,621.143,480.763,NA,9.285,0.031,-45,45
4190,34,62,889.141,51.263,52801.783,2,236,629.61,488.41,NA,8.466,0.028,-72.646,-27.646
4191,34,63,889.646,63.384,53101.793,2,173,641.741,476.334,NA,12.132,0.04,87.614,160.26
4192,34,64,889.646,63.384,53401.803,2,239,641.741,476.334,NA,0,0,0,-87.614
4193,34,65,892.677,48.737,53701.814,2,255,656.698,490.444,NA,14.957,0.05,-78.311,-78.311
4194,34,66,880.051,33.081,54001.824,2,255,676.811,507.704,NA,20.113,0.067,-128.884,-50.574
4195,34,67,874.495,15.404,54301.834,2,255,695.341,526.02,NA,18.529,0.062,-107.447,21.437
4196,34,68,859.343,7.323,54601.844,2,255,712.512,536.521,NA,17.172,0.057,-151.928,-44.48
4197,34,69,843.687,6.313,54901.854,2,191,728.201,540.544,NA,15.689,0.052,-176.309,-24.381
4198,34,70,837.121,2.273,55201.864,2,249,735.911,545.887,NA,7.709,0.026,-148.392,27.916
4199,35,1,1045.833,584.47,38701.307,2,176,0,0,NA,NA,NA,NA,NA
4200,35,2,1045.076,578.788,39001.317,2,112,5.732,5.732,NA,5.732,0.019,-97.595,NA
4201,35,3,1045.076,575,39301.327,2,255,9.52,9.5,NA,3.788,0.013,-90,7.595
4202,35,4,1040.53,569.697,39601.337,2,227,16.504,15.696,NA,6.985,0.023,-130.601,-40.601
4203,35,5,1037.879,560.985,39901.348,2,255,25.611,24.795,NA,9.107,0.03,-106.928,23.674
4204,35,6,1037.879,560.985,40201.358,2,255,25.611,24.795,NA,0,0,0,106.928
4205,35,7,1029.545,558.712,40501.368,2,181,34.249,30.475,NA,8.638,0.029,-164.745,-164.745
4206,35,8,1025,538.258,40801.378,2,177,55.202,50.691,NA,20.954,0.07,-102.529,62.216
4207,35,9,1024.621,526.515,41101.388,2,176,66.951,61.715,NA,11.749,0.039,-91.848,10.681
4208,35,10,1025.758,518.939,41401.398,2,158,74.611,68.537,NA,7.661,0.026,-81.469,10.378
4209,35,11,1025.379,503.03,41701.408,2,255,90.525,83.969,NA,15.914,0.053,-91.364,-9.895
4210,35,12,1017.045,489.773,42001.418,2,207,106.184,98.976,NA,15.659,0.052,-122.152,-30.788
4211,35,13,1017.045,475.758,42301.429,2,255,120.199,112.459,NA,14.015,0.047,-90,32.152
4212,35,14,1022.727,460.227,42601.439,2,255,136.736,126.373,NA,16.537,0.055,-69.905,20.095
4213,35,15,1028.03,450.379,42901.449,2,222,147.922,135.268,NA,11.185,0.037,-61.699,8.206
4214,35,16,1044.697,445.833,43201.459,2,255,165.197,138.641,NA,17.275,0.058,-15.255,46.444
4215,35,17,1056.439,439.015,43501.469,2,255,178.776,145.841,NA,13.578,0.045,-30.141,-14.886
4216,35,18,1056.061,439.015,43801.479,2,255,179.154,145.814,NA,0.379,0.001,180,-149.859
4217,35,19,1055.682,430.303,44101.489,2,255,187.875,154.481,NA,8.72,0.029,-92.49,87.51
4218,35,20,1055.682,410.606,44401.5,2,255,207.572,174.142,NA,19.697,0.066,-90,2.49
4219,35,21,1064.015,407.576,44701.51,2,255,216.439,177.826,NA,8.867,0.03,-19.983,70.017
4220,35,22,1068.182,400.758,45001.52,2,255,224.429,185.066,NA,7.991,0.027,-58.57,-38.587
4221,35,23,1064.015,397.727,45301.53,2,255,229.581,187.625,NA,5.152,0.017,-143.973,-85.402
4222,35,24,1070.455,384.596,45601.54,2,245,244.207,201.384,NA,14.625,0.049,-63.877,80.095
4223,35,25,1080.556,364.394,45901.55,2,159,266.793,222.798,NA,22.587,0.075,-63.435,0.442
4224,35,26,1092.677,355.808,46201.56,2,255,281.647,233.41,NA,14.854,0.05,-35.311,28.124
4225,35,27,1098.232,342.172,46501.57,2,255,296.372,247.899,NA,14.725,0.049,-67.834,-32.522
4226,35,28,1114.899,332.576,46801.581,2,255,315.604,261.191,NA,19.232,0.064,-29.932,37.902
4227,35,29,1122.98,343.182,47101.591,2,255,328.937,253.321,NA,13.334,0.044,52.696,82.628
4228,35,30,1133.586,343.182,47401.601,2,243,339.543,256.75,NA,10.606,0.035,0,-52.696
4229,35,31,1133.586,333.586,47701.611,2,141,349.139,265.788,NA,9.596,0.032,-90,-90
4230,35,32,1133.586,325.505,48001.621,2,255,357.22,273.429,NA,8.081,0.027,-90,0
4231,35,33,1133.586,325,48301.631,2,241,357.725,273.907,NA,0.505,0.002,-90,0
4232,35,34,1133.586,317.929,48601.641,2,215,364.796,280.614,NA,7.071,0.024,-90,0
4233,35,35,1142.677,317.929,48901.651,2,255,373.887,283.589,NA,9.091,0.03,0,90
4234,35,36,1142.677,317.929,49201.662,2,255,373.887,283.589,NA,0,0,0,0
4235,35,37,1148.232,316.414,49501.672,2,246,379.645,286.948,NA,5.758,0.019,-15.255,-15.255
4236,35,38,1163.889,300.758,49801.682,2,255,401.787,307.294,NA,22.142,0.074,-45,-29.745
4237,35,39,1162.879,298.737,50101.692,2,255,404.046,308.776,NA,2.259,0.008,-116.565,-71.565
4238,35,40,1162.879,298.737,50401.702,2,248,404.046,308.776,NA,0,0,0,116.565
4239,35,41,1156.313,299.242,50701.712,2,255,410.631,305.876,NA,6.585,0.022,175.601,175.601
4240,35,42,1150.758,307.323,51001.722,2,255,420.437,296.343,NA,9.806,0.033,124.509,-51.093
4241,35,43,1138.131,306.818,51301.733,2,255,433.073,292.591,NA,12.636,0.042,-177.709,57.782
4242,35,44,1136.616,294.697,51601.743,2,255,445.289,303.661,NA,12.216,0.041,-97.125,80.584
4243,35,45,1136.616,294.697,51901.753,2,179,445.289,303.661,NA,0,0,0,97.125
4244,35,46,1137.121,281.566,52201.763,2,197,458.43,316.361,NA,13.141,0.044,-87.797,-87.797
4245,35,47,1140.152,278.535,52501.773,2,255,462.715,320.143,NA,4.285,0.014,-45,42.797
4246,35,48,1129.04,269.444,52801.783,2,223,477.072,325.829,NA,14.356,0.048,-140.711,-95.711
4247,35,49,1129.04,269.444,53101.793,2,237,477.072,325.829,NA,0,0,0,140.711
4248,35,50,1129.04,261.869,53401.803,2,130,484.647,333.159,NA,7.576,0.025,-90,-90
4249,35,51,1138.636,258.333,53701.814,2,255,494.874,339.083,NA,10.226,0.034,-20.225,69.775
4250,35,52,1149.242,263.384,54001.824,2,97,506.621,337.327,NA,11.747,0.039,25.463,45.688
4251,35,53,1159.848,263.384,54301.834,2,255,517.227,340.728,NA,10.606,0.035,0,-25.463
4252,35,54,1170.96,246.717,54601.844,2,231,537.258,360.185,NA,20.031,0.067,-56.31,-56.31
4253,35,55,1172.475,242.172,54901.854,2,236,542.049,364.974,NA,4.791,0.016,-71.565,-15.255
4254,35,56,1193.687,235.606,55201.864,2,255,564.254,378.902,NA,22.205,0.074,-17.199,54.367
4255,35,57,1200.253,232.576,55501.874,2,255,571.486,384.285,NA,7.231,0.024,-24.775,-7.577
4256,35,58,1205.808,228.535,55801.885,2,174,578.355,390.232,NA,6.869,0.023,-36.027,-11.252
4257,35,59,1216.414,225.505,56101.895,2,231,589.385,397.434,NA,11.03,0.037,-15.945,20.082
4258,35,60,1227.525,219.949,56401.905,2,209,601.808,407.292,NA,12.423,0.041,-26.565,-10.62
4259,35,61,1229.04,215.404,56701.915,2,145,606.599,412.037,NA,4.791,0.016,-71.565,-45
4260,35,62,1208.838,209.343,57001.925,2,255,627.691,409.011,NA,21.092,0.07,-163.301,-91.736
4261,35,63,1198.737,212.374,57301.935,2,211,638.237,402.287,NA,10.546,0.035,163.301,-33.398
4262,35,64,1189.646,210.859,57601.945,2,239,647.453,400.334,NA,9.216,0.031,-170.538,26.162
4263,35,65,1182.071,206.313,57901.955,2,225,656.288,401.949,NA,8.835,0.029,-149.036,21.501
4264,35,66,1182.071,199.242,58201.966,2,217,663.358,408.608,NA,7.071,0.024,-90,59.036
4265,35,67,1197.727,205.808,58501.976,2,213,680.336,407.991,NA,16.978,0.057,22.751,112.751
4266,35,68,1206.818,206.818,58801.986,2,201,689.483,410.532,NA,9.147,0.03,6.34,-16.411
4267,35,69,1214.899,202.273,59101.996,2,25,698.754,417.921,NA,9.271,0.031,-29.358,-35.698
4268,35,70,1233.586,194.697,59402.006,2,216,718.918,432.636,NA,20.164,0.067,-22.068,7.29
4269,35,71,1233.586,194.697,59702.016,2,73,718.918,432.636,NA,0,0,0,22.068
4270,35,72,1245.707,187.121,60002.026,2,84,733.212,444.787,NA,14.294,0.048,-32.005,-32.005
4271,35,73,1258.838,180.051,60302.036,2,158,748.126,457.084,NA,14.914,0.05,-28.301,3.705
4272,35,74,1257.828,167.424,60602.047,2,212,760.793,467.834,NA,12.667,0.042,-94.574,-66.273
4273,35,75,1246.717,151.768,60902.057,2,205,779.991,477.059,NA,19.199,0.064,-125.362,-30.789
4274,35,76,1243.182,137.121,61202.067,2,209,795.059,488.945,NA,15.067,0.05,-103.57,21.792
4275,35,77,1243.182,129.545,61502.077,2,224,802.634,495.886,NA,7.576,0.025,-90,13.57
4276,35,78,1243.182,129.545,61802.087,2,193,802.634,495.886,NA,0,0,0,90
4277,35,79,1246.717,112.879,62102.097,2,102,819.672,512.594,NA,17.038,0.057,-78.024,-78.024
4278,35,80,1256.313,110.354,62402.107,2,181,829.594,518.737,NA,9.923,0.033,-14.744,63.28
4279,36,1,757.197,1081.439,23700.8,2,21,0,0,NA,NA,NA,NA,NA
4280,36,2,757.197,1089.015,24000.811,2,211,7.576,7.576,NA,7.576,0.025,90,NA
4281,36,3,757.197,1089.015,24300.821,2,132,7.576,7.576,NA,0,0,0,-90
4282,36,4,757.197,1089.015,24600.831,2,124,7.576,7.576,NA,0,0,0,0
4283,36,5,757.197,1094.697,24900.841,2,88,13.258,13.258,NA,5.682,0.019,90,90
4284,36,6,756.061,1094.697,25200.851,2,146,14.394,13.306,NA,1.136,0.004,180,90
4285,36,7,756.061,1094.697,25500.861,2,148,14.394,13.306,NA,0,0,0,-180
4286,36,8,751.136,1094.697,25800.871,2,184,19.318,14.577,NA,4.924,0.016,180,180
4287,36,9,748.485,1096.212,26100.881,2,119,22.372,17.15,NA,3.054,0.01,150.255,-29.745
4288,36,10,748.106,1101.894,26400.892,2,200,28.066,22.384,NA,5.694,0.019,93.814,-56.441
4289,36,11,748.106,1101.894,26700.902,2,176,28.066,22.384,NA,0,0,0,-93.814
4290,36,12,748.106,1106.061,27000.912,2,212,32.233,26.246,NA,4.167,0.014,90,90
4291,36,13,748.106,1107.576,27300.922,2,243,33.748,27.672,NA,1.515,0.005,90,0
4292,36,14,748.106,1107.576,27600.932,2,247,33.748,27.672,NA,0,0,0,-90
4293,36,15,748.106,1107.576,27900.942,2,168,33.748,27.672,NA,0,0,0,0
4294,36,16,748.106,1113.636,28200.952,2,193,39.809,33.456,NA,6.061,0.02,90,90
4295,36,17,748.106,1114.015,28500.963,2,205,40.188,33.82,NA,0.379,0.001,90,0
4296,36,18,748.106,1117.424,28800.973,2,233,43.597,37.115,NA,3.409,0.011,90,0
4297,36,19,748.106,1120.076,29100.983,2,255,46.248,39.691,NA,2.652,0.009,90,0
4298,36,20,748.106,1120.076,29400.993,2,244,46.248,39.691,NA,0,0,0,-90
4299,36,21,748.106,1120.076,29701.003,2,255,46.248,39.691,NA,0,0,0,0
4300,36,22,748.106,1123.106,30001.013,2,255,49.279,42.647,NA,3.03,0.01,90,90
4301,36,23,748.106,1123.106,30301.023,2,255,49.279,42.647,NA,0,0,0,-90
4302,36,24,746.591,1123.106,30601.033,2,255,50.794,42.995,NA,1.515,0.005,180,180
4303,36,25,739.773,1123.106,30901.044,2,226,57.612,45.163,NA,6.818,0.023,180,0
4304,36,26,739.773,1123.106,31201.054,2,235,57.612,45.163,NA,0,0,0,-180
4305,36,27,737.121,1124.621,31501.064,2,167,60.666,47.62,NA,3.054,0.01,150.255,150.255
4306,36,28,736.742,1129.924,31801.074,2,206,65.982,52.623,NA,5.317,0.018,94.086,-56.17
4307,36,29,737.121,1132.955,32101.084,2,255,69.036,55.289,NA,3.054,0.01,82.875,-11.211
4308,36,30,737.121,1132.955,32401.094,2,233,69.036,55.289,NA,0,0,0,-82.875
4309,36,31,737.121,1140.152,32701.104,2,255,76.233,62.05,NA,7.197,0.024,90,90
4310,36,32,737.121,1142.803,33001.115,2,241,78.885,64.564,NA,2.652,0.009,90,0
4311,36,33,733.712,1145.455,33301.125,2,254,83.204,68.187,NA,4.319,0.014,142.125,52.125
4312,36,34,733.712,1145.455,33601.135,2,255,83.204,68.187,NA,0,0,0,-142.125
4313,36,35,729.924,1149.621,33901.145,2,255,88.835,73.434,NA,5.631,0.019,132.274,132.274
4314,36,36,729.924,1150,34201.155,2,255,89.213,73.786,NA,0.379,0.001,90,-42.274
4315,36,37,729.924,1150,34501.165,2,255,89.213,73.786,NA,0,0,0,-90
4316,36,38,726.136,1152.273,34801.175,2,255,93.631,77.344,NA,4.417,0.015,149.036,149.036
4317,36,39,724.242,1152.273,35101.185,2,255,95.525,78.124,NA,1.894,0.006,180,30.964
4318,36,40,720.833,1154.545,35401.196,2,255,99.622,81.651,NA,4.097,0.014,146.31,-33.69
4319,36,41,720.455,1158.333,35701.206,2,232,103.429,85.221,NA,3.807,0.013,95.711,-50.599
4320,36,42,718.561,1159.091,36001.216,2,255,105.469,86.732,NA,2.04,0.007,158.199,62.488
4321,36,43,711.742,1159.848,36301.226,2,220,112.329,90.632,NA,6.86,0.023,173.66,15.461
4322,36,44,698.106,1178.788,36601.236,2,255,135.667,113.879,NA,23.338,0.078,125.754,-47.906
4323,36,45,697.727,1182.576,36901.246,2,255,139.473,117.325,NA,3.807,0.013,95.711,-30.043
4324,36,46,696.212,1188.258,37201.256,2,255,145.354,123.001,NA,5.88,0.02,104.931,9.221
4325,36,47,696.212,1191.288,37501.266,2,241,148.384,125.642,NA,3.03,0.01,90,-14.931
4326,36,48,688.636,1201.515,37801.277,2,255,161.111,138.271,NA,12.727,0.042,126.529,36.529
4327,36,49,686.364,1212.121,38101.287,2,255,171.958,148.644,NA,10.847,0.036,102.095,-24.434
4328,36,50,671.97,1213.258,38401.297,2,242,186.397,156.97,NA,14.439,0.048,175.486,73.391
4329,36,51,653.788,1220.455,38701.307,2,255,205.951,173.259,NA,19.554,0.065,158.405,-17.081
4330,36,52,634.848,1220.455,39001.317,2,212,224.891,185.187,NA,18.939,0.063,180,21.595
4331,36,53,628.409,1223.485,39301.327,2,218,232.008,191.737,NA,7.117,0.024,154.799,-25.201
4332,36,54,635.606,1236.742,39601.337,2,245,247.093,197.239,NA,15.085,0.05,61.504,-93.295
4333,36,55,632.197,1241.288,39901.348,2,252,252.775,202.92,NA,5.682,0.019,126.87,65.366
4334,36,56,631.061,1240.152,40201.358,2,255,254.382,202.731,NA,1.607,0.005,-135,98.13
4335,36,57,624.242,1241.667,40501.368,2,255,261.366,208.206,NA,6.985,0.023,167.471,-57.529
4336,36,58,616.667,1241.667,40801.378,2,255,268.942,213.123,NA,7.576,0.025,180,12.529
4337,36,59,614.015,1241.667,41101.388,2,255,271.593,214.881,NA,2.652,0.009,180,0
4338,36,60,614.015,1241.667,41401.398,2,255,271.593,214.881,NA,0,0,0,-180
4339,36,61,617.045,1250.379,41701.408,2,255,280.817,219.506,NA,9.224,0.031,70.821,70.821
4340,36,62,617.045,1250.379,42001.418,2,255,280.817,219.506,NA,0,0,0,-70.821
4341,36,63,607.197,1250.379,42301.429,2,255,290.666,225.921,NA,9.848,0.033,180,180
4342,36,64,607.197,1262.121,42601.439,2,210,302.408,234.832,NA,11.742,0.039,90,-90
4343,36,65,607.197,1262.5,42901.449,2,255,302.787,235.123,NA,0.379,0.001,90,0
4344,36,66,604.924,1268.561,43201.459,2,255,309.26,241.25,NA,6.473,0.022,110.556,20.556
4345,36,67,598.485,1282.955,43501.469,2,255,325.029,256.511,NA,15.769,0.053,114.102,3.546
4346,36,68,595.455,1282.955,43801.479,2,255,328.059,258.397,NA,3.03,0.01,180,65.898
4347,36,69,594.697,1289.015,44101.489,2,140,334.167,263.617,NA,6.108,0.02,97.125,-82.875
4348,36,70,592.424,1292.803,44401.5,2,255,338.584,268.001,NA,4.417,0.015,120.964,23.839
4349,36,71,592.424,1292.803,44701.51,2,235,338.584,268.001,NA,0,0,0,-120.964
4350,36,72,590.152,1298.485,45001.52,2,190,344.704,273.885,NA,6.12,0.02,111.801,111.801
4351,36,73,584.47,1300.379,45301.53,2,255,350.693,278.871,NA,5.989,0.02,161.565,49.764
4352,36,74,577.273,1300.379,45601.54,2,225,357.89,283.385,NA,7.197,0.024,180,18.435
4353,36,75,576.515,1302.652,45901.55,2,255,360.285,285.623,NA,2.396,0.008,108.435,-71.565
4354,36,76,570.833,1305.303,46201.56,2,108,366.555,291.284,NA,6.27,0.021,154.983,46.548
4355,36,77,561.742,1305.303,46501.57,2,169,375.646,297.182,NA,9.091,0.03,180,25.017
4356,36,78,561.742,1305.303,46801.581,2,130,375.646,297.182,NA,0,0,0,-180
4357,36,79,557.576,1310.606,47101.591,2,125,382.39,303.918,NA,6.744,0.022,128.157,128.157
4358,36,80,560.985,1313.258,47401.601,2,177,386.709,303.709,NA,4.319,0.014,37.875,-90.282
4359,36,81,560.985,1313.258,47701.611,2,139,386.709,303.709,NA,0,0,0,-37.875
4360,36,82,553.409,1318.561,48001.621,2,97,395.957,312.66,NA,9.247,0.031,145.008,145.008
4361,36,83,545.455,1321.97,48301.631,2,108,404.611,320.452,NA,8.654,0.029,156.801,11.793
4362,36,84,545.455,1321.97,48601.641,2,166,404.611,320.452,NA,0,0,0,-156.801
4363,36,85,545.455,1321.97,48901.651,2,99,404.611,320.452,NA,0,0,0,0
4364,36,86,545.455,1321.97,49201.662,2,71,404.611,320.452,NA,0,0,0,0
4365,36,87,539.773,1321.97,49501.672,2,138,410.293,324.235,NA,5.682,0.019,180,180
4366,36,88,539.015,1329.167,49801.682,2,73,417.529,330.109,NA,7.237,0.024,96.009,-83.991
4367,36,89,531.818,1331.439,50101.692,2,14,425.077,336.594,NA,7.547,0.025,162.474,66.465
4368,36,90,531.818,1331.439,50401.702,2,21,425.077,336.594,NA,0,0,0,-162.474
4369,36,91,532.197,1331.439,50701.712,2,43,425.456,336.341,NA,0.379,0.001,0,0
4370,36,92,532.197,1331.439,51001.722,2,64,425.456,336.341,NA,0,0,0,0
4371,36,93,532.197,1331.439,51301.733,2,65,425.456,336.341,NA,0,0,0,0
4372,36,94,532.197,1331.439,51601.743,2,149,425.456,336.341,NA,0,0,0,0
4373,36,95,529.924,1335.985,51901.753,2,131,430.538,341.242,NA,5.082,0.017,116.565,116.565
4374,36,96,527.652,1335.985,52201.763,2,187,432.81,342.76,NA,2.273,0.008,180,63.435
4375,36,97,527.652,1335.985,52501.773,2,151,432.81,342.76,NA,0,0,0,-180
4376,36,98,518.939,1335.985,52801.783,2,110,441.522,348.655,NA,8.712,0.029,180,180
4377,36,99,518.939,1335.985,53101.793,2,82,441.522,348.655,NA,0,0,0,-180
4378,36,100,514.015,1335.985,53401.803,2,41,446.447,352.038,NA,4.924,0.016,180,180
4379,36,101,513.636,1342.424,53701.814,2,66,452.897,356.98,NA,6.451,0.022,93.366,-86.634
4380,36,102,509.091,1338.258,54001.824,2,28,459.063,357.088,NA,6.166,0.021,-137.49,129.144
4381,36,103,509.091,1338.258,54301.834,2,24,459.063,357.088,NA,0,0,0,137.49
4382,36,104,501.894,1332.197,54601.844,2,143,468.472,357.853,NA,9.409,0.031,-139.899,-139.899
4383,36,105,495.833,1332.197,54901.854,2,80,474.533,362.202,NA,6.061,0.02,180,-40.101
4384,36,106,483.712,1343.561,55201.864,2,80,491.148,378.816,NA,16.615,0.055,136.848,-43.152
4385,36,107,473.485,1352.652,55501.874,2,57,504.831,392.49,NA,13.684,0.046,138.366,1.519
4386,37,1,723.485,646.717,35701.206,2,125,0,0,NA,NA,NA,NA,NA
4387,37,2,721.465,637.121,36001.216,2,150,9.806,9.806,NA,9.806,0.033,-101.889,NA
4388,37,3,716.414,628.03,36301.226,2,107,20.206,19.98,NA,10.4,0.035,-119.055,-17.166
4389,37,4,716.414,610.354,36601.236,2,142,37.883,37.045,NA,17.677,0.059,-90,29.055
4390,37,5,707.828,604.798,36901.246,2,239,48.109,44.748,NA,10.226,0.034,-147.095,-57.095
4391,37,6,707.828,604.798,37201.256,2,244,48.109,44.748,NA,0,0,0,147.095
4392,37,7,705.303,602.273,37501.266,2,224,51.68,48.02,NA,3.571,0.012,-135,-135
4393,37,8,704.798,589.646,37801.277,2,253,64.317,60.052,NA,12.636,0.042,-92.291,42.709
4394,37,9,704.798,581.566,38101.287,2,232,72.398,67.778,NA,8.081,0.027,-90,2.291
4395,37,10,697.222,562.374,38401.297,2,207,93.031,88.338,NA,20.633,0.069,-111.541,-21.541
4396,37,11,700.253,543.687,38701.307,2,163,111.962,105.617,NA,18.931,0.063,-80.789,30.752
4397,37,12,700.253,523.485,39001.317,2,255,132.164,125.403,NA,20.202,0.067,-90,-9.211
4398,37,13,693.182,506.313,39301.327,2,155,150.734,143.637,NA,18.57,0.062,-112.38,-22.38
4399,37,14,692.677,506.313,39601.337,2,255,151.239,143.744,NA,0.505,0.002,180,-67.62
4400,37,15,682.576,494.697,39901.348,2,255,166.633,157.428,NA,15.394,0.051,-131.009,48.991
4401,37,16,673.99,494.192,40201.358,2,255,175.234,160.355,NA,8.601,0.029,-176.634,-45.624
4402,37,17,673.99,494.192,40501.368,2,255,175.234,160.355,NA,0,0,0,176.634
4403,37,18,665.404,462.374,40801.378,2,255,208.19,193.277,NA,32.956,0.11,-105.101,-105.101
4404,37,19,666.667,457.955,41101.388,2,239,212.786,197.128,NA,4.596,0.015,-74.055,31.046
4405,37,20,660.606,456.061,41401.398,2,255,219.135,200.758,NA,6.35,0.021,-162.646,-88.591
4406,37,21,660.227,456.061,41701.408,2,255,219.514,200.877,NA,0.379,0.001,180,-17.354
4407,37,22,645.833,454.545,42001.418,2,238,233.988,207.267,NA,14.473,0.048,-173.991,6.009
4408,37,23,642.803,442.803,42301.429,2,255,246.115,219.296,NA,12.127,0.04,-104.47,69.521
4409,37,24,642.803,424.621,42601.439,2,255,264.297,236.297,NA,18.182,0.061,-90,14.47
4410,37,25,642.803,424.242,42901.449,2,255,264.675,236.653,NA,0.379,0.001,-90,0
4411,37,26,634.091,420.833,43201.459,2,255,274.031,242.93,NA,9.355,0.031,-158.629,-68.629
4412,37,27,618.939,416.667,43501.469,2,255,289.745,252.691,NA,15.714,0.052,-164.624,-5.994
4413,37,28,601.136,402.273,43801.479,2,255,312.639,273.354,NA,22.894,0.076,-141.044,23.58
4414,37,29,601.136,390.152,44101.489,2,255,324.76,284.245,NA,12.121,0.04,-90,51.044
4415,37,30,601.894,379.545,44401.5,2,255,335.393,293.539,NA,10.633,0.035,-85.914,4.086
4416,37,31,601.894,379.924,44701.51,2,255,335.772,293.194,NA,0.379,0.001,90,175.914
4417,37,32,597.348,370.833,45001.52,2,255,345.936,303.352,NA,10.164,0.034,-116.565,153.435
4418,37,33,582.197,355.303,45301.53,2,255,367.633,323.859,NA,21.697,0.072,-134.293,-17.728
4419,37,34,573.864,354.167,45601.54,2,255,376.043,328.591,NA,8.41,0.028,-172.235,-37.942
4420,37,35,569.697,347.727,45901.55,2,255,383.713,336.223,NA,7.67,0.026,-122.905,49.33
4421,37,36,569.697,338.636,46201.56,2,255,392.804,344.332,NA,9.091,0.03,-90,32.905
4422,37,37,558.712,319.318,46501.57,2,199,415.027,366.524,NA,22.223,0.074,-119.624,-29.624
4423,37,38,548.485,295.455,46801.581,2,255,440.99,392.442,NA,25.963,0.087,-113.199,6.425
4424,37,39,542.424,285.985,47101.591,2,255,452.233,403.622,NA,11.243,0.037,-122.619,-9.421
4425,37,40,542.424,285.985,47401.601,2,255,452.233,403.622,NA,0,0,0,122.619
4426,37,41,536.364,285.227,47701.611,2,253,458.341,407.049,NA,6.108,0.02,-172.875,-172.875
4427,37,42,533.333,290.53,48001.621,2,255,464.448,403.766,NA,6.108,0.02,119.745,-67.38
4428,37,43,522.348,274.242,48301.631,2,255,484.094,423.312,NA,19.646,0.065,-123.996,116.259
4429,37,44,522.348,274.242,48601.641,2,255,484.094,423.312,NA,0,0,0,123.996
4430,37,45,524.242,266.288,48901.651,2,255,492.271,429.446,NA,8.177,0.027,-76.608,-76.608
4431,37,46,526.515,260.606,49201.662,2,255,498.391,433.45,NA,6.12,0.02,-68.199,8.409
4432,37,47,527.652,260.606,49501.672,2,255,499.527,432.935,NA,1.136,0.004,0,68.199
4433,37,48,527.652,260.606,49801.682,2,255,499.527,432.935,NA,0,0,0,0
4434,37,49,527.652,260.606,50101.692,2,255,499.527,432.935,NA,0,0,0,0
4435,37,50,521.591,262.121,50401.702,2,255,505.774,434.368,NA,6.247,0.021,165.964,165.964
4436,37,51,512.879,260.606,50701.712,2,255,514.617,439.814,NA,8.843,0.029,-170.134,23.902
4437,37,52,514.773,249.242,51001.722,2,255,526.137,448.94,NA,11.52,0.038,-80.538,89.597
4438,37,53,522.727,245.455,51301.733,2,255,534.948,448.682,NA,8.81,0.029,-25.463,55.074
4439,37,54,526.136,234.47,51601.743,2,130,546.45,457.05,NA,11.502,0.038,-72.759,-47.295
4440,37,55,535.985,221.591,51901.753,2,227,562.662,464.638,NA,16.213,0.054,-52.595,20.164
4441,37,56,535.985,212.5,52201.763,2,255,571.753,472.97,NA,9.091,0.03,-90,-37.405
4442,37,57,532.197,201.515,52501.773,2,255,583.373,484.557,NA,11.62,0.039,-109.026,-19.026
4443,37,58,525,184.091,52801.783,2,255,602.225,503.408,NA,18.852,0.063,-112.443,-3.417
4444,37,59,514.015,169.318,53101.793,2,255,620.634,521.332,NA,18.409,0.061,-126.634,-14.191
4445,37,60,501.136,170.076,53401.803,2,255,633.535,525.952,NA,12.901,0.043,176.634,-56.732
4446,37,61,470.076,170.076,53701.814,2,221,664.596,539.818,NA,31.061,0.104,180,3.366
4447,37,62,443.939,164.773,54001.824,2,216,691.265,557.15,NA,26.669,0.089,-168.53,11.47
4448,38,1,664.394,753.409,30901.044,2,9,0,0,NA,NA,NA,NA,NA
4449,38,2,652.273,754.167,31201.054,2,25,12.145,12.145,NA,12.145,0.04,176.424,NA
4450,38,3,640.53,753.788,31501.064,2,36,23.893,23.867,NA,11.749,0.039,-178.152,5.424
4451,38,4,633.712,745.076,31801.074,2,103,34.956,31.793,NA,11.063,0.037,-128.047,50.105
4452,38,5,620.455,742.424,32101.084,2,206,48.476,45.292,NA,13.52,0.045,-168.69,-40.643
4453,38,6,611.742,742.424,32401.094,2,255,57.189,53.785,NA,8.712,0.029,180,-11.31
4454,38,7,611.742,742.424,32701.104,2,210,57.189,53.785,NA,0,0,0,-180
4455,38,8,604.167,738.636,33001.115,2,255,65.659,62.013,NA,8.47,0.028,-153.435,-153.435
4456,38,9,596.212,732.576,33301.125,2,240,75.659,71.294,NA,10,0.033,-142.696,10.739
4457,38,10,596.212,732.576,33601.135,2,255,75.659,71.294,NA,0,0,0,142.696
4458,38,11,592.424,740.53,33901.145,2,255,84.469,73.113,NA,8.81,0.029,115.463,115.463
4459,38,12,592.424,741.288,34201.155,2,255,85.227,72.983,NA,0.758,0.003,90,-25.463
4460,38,13,582.576,738.258,34501.165,2,255,95.531,83.209,NA,10.304,0.034,-162.897,107.103
4461,38,14,568.939,715.152,34801.175,2,252,122.361,102.836,NA,26.83,0.089,-120.548,42.35
4462,38,15,566.667,703.409,35101.185,2,255,134.321,109.775,NA,11.96,0.04,-100.954,19.594
4463,38,16,567.424,700.758,35401.196,2,255,137.079,110.342,NA,2.758,0.009,-74.055,26.899
4464,38,17,567.424,696.591,35701.206,2,255,141.245,112.39,NA,4.167,0.014,-90,-15.945
4465,38,18,560.606,693.939,36001.216,2,255,148.561,119.618,NA,7.316,0.024,-158.749,-68.749
4466,38,19,560.606,693.939,36301.226,2,255,148.561,119.618,NA,0,0,0,158.749
4467,38,20,547.727,693.939,36601.236,2,255,161.44,130.949,NA,12.879,0.043,180,180
4468,38,21,541.288,694.697,36901.246,2,255,167.924,136.39,NA,6.484,0.022,173.29,-6.71
4469,38,22,541.288,694.697,37201.256,2,255,167.924,136.39,NA,0,0,0,-173.29
4470,38,23,538.258,701.894,37501.266,2,255,175.733,136.25,NA,7.809,0.026,112.834,112.834
4471,38,24,527.652,701.894,37801.277,2,255,186.339,146.124,NA,10.606,0.035,180,67.166
4472,38,25,519.697,692.803,38101.287,2,255,198.418,156.877,NA,12.08,0.04,-131.186,48.814
4473,38,26,513.636,688.258,38401.297,2,171,205.994,164.233,NA,7.576,0.025,-143.13,-11.944
4474,38,27,513.636,688.258,38701.307,2,250,205.994,164.233,NA,0,0,0,143.13
4475,38,28,508.712,674.621,39001.317,2,255,220.492,174.483,NA,14.498,0.048,-109.855,-109.855
4476,38,29,502.652,673.864,39301.327,2,255,226.6,180.245,NA,6.108,0.02,-172.875,-63.02
4477,38,30,492.424,663.258,39601.337,2,255,241.334,194.167,NA,14.734,0.049,-133.958,38.917
4478,38,31,492.424,663.258,39901.348,2,255,241.334,194.167,NA,0,0,0,133.958
4479,38,32,483.712,661.364,40201.358,2,199,250.249,202.776,NA,8.916,0.03,-167.735,-167.735
4480,38,33,482.197,655.682,40501.368,2,236,256.13,206.752,NA,5.88,0.02,-104.931,62.804
4481,38,34,474.242,641.288,40801.378,2,255,272.576,220.746,NA,16.446,0.055,-118.926,-13.995
4482,38,35,467.424,631.818,41101.388,2,255,284.244,231.477,NA,11.669,0.039,-125.754,-6.827
4483,38,36,470.076,628.409,41401.398,2,255,288.563,231.051,NA,4.319,0.014,-52.125,73.629
4484,38,37,465.152,623.106,41701.408,2,255,295.8,238.068,NA,7.237,0.024,-132.879,-80.754
4485,38,38,465.152,623.106,42001.418,2,51,295.8,238.068,NA,0,0,0,132.879
4486,38,39,464.773,600,42301.429,2,236,318.909,251.76,NA,23.109,0.077,-90.939,-90.939
4487,38,40,452.273,589.394,42601.439,2,255,335.302,268.135,NA,16.393,0.055,-139.686,-48.747
4488,38,41,451.136,592.424,42901.449,2,255,338.539,267.198,NA,3.236,0.011,110.556,-109.758
4489,38,42,442.045,592.045,43201.459,2,255,347.638,274.731,NA,9.099,0.03,-177.614,71.83
4490,38,43,435.985,586.364,43501.469,2,231,355.945,282.975,NA,8.307,0.028,-136.848,40.766
4491,38,44,428.788,582.576,43801.479,2,255,364.078,291.023,NA,8.133,0.027,-152.241,-15.394
4492,38,45,428.788,582.576,44101.489,2,255,364.078,291.023,NA,0,0,0,152.241
4493,38,46,425,578.409,44401.5,2,255,369.709,296.537,NA,5.631,0.019,-132.274,-132.274
4494,38,47,425,575,44701.51,2,255,373.118,298.562,NA,3.409,0.011,-90,42.274
4495,38,48,425,558.333,45001.52,2,255,389.785,308.811,NA,16.667,0.056,-90,0
4496,38,49,414.773,540.152,45301.53,2,255,410.646,328.313,NA,20.861,0.07,-119.358,-29.358
4497,38,50,414.773,540.152,45601.54,2,255,410.646,328.313,NA,0,0,0,119.358
4498,38,51,408.712,540.152,45901.55,2,255,416.706,332.944,NA,6.061,0.02,180,180
4499,38,52,387.879,540.152,46201.56,2,244,437.54,349.198,NA,20.833,0.069,180,0
4500,38,53,375.379,546.97,46501.57,2,255,451.778,355.172,NA,14.239,0.047,151.39,-28.61
4501,38,54,374.242,546.97,46801.581,2,255,452.915,356.097,NA,1.136,0.004,180,28.61
4502,38,55,358.712,542.803,47101.591,2,255,468.994,371.209,NA,16.08,0.054,-164.982,15.018
4503,38,56,347.348,536.364,47401.601,2,255,482.055,384.222,NA,13.061,0.044,-150.461,14.52
4504,38,57,333.333,540.909,47701.611,2,255,496.789,393.392,NA,14.734,0.049,162.031,-47.508
4505,38,58,317.803,541.288,48001.621,2,255,512.324,406.35,NA,15.535,0.052,178.603,16.572
4506,38,59,312.121,552.652,48301.631,2,255,525.029,405.462,NA,12.705,0.042,116.565,-62.038
4507,38,60,326.515,544.318,48601.641,2,255,541.661,397.343,NA,16.632,0.055,-30.069,-146.634
4508,38,61,321.212,533.712,48901.651,2,151,553.519,407.481,NA,11.858,0.04,-116.565,-86.496
4509,38,62,314.394,529.167,49201.662,2,255,561.714,415.674,NA,8.194,0.027,-146.31,-29.745
4510,38,63,326.136,513.258,49501.672,2,255,581.487,414.838,NA,19.773,0.066,-53.569,92.741
4511,38,64,308.712,513.636,49801.682,2,162,598.915,428.953,NA,17.428,0.058,178.755,-127.676
4512,38,65,308.333,536.742,50101.692,2,255,622.024,416.802,NA,23.109,0.077,90.939,-87.815
4513,38,66,307.576,548.485,50401.702,2,255,633.791,411.477,NA,11.767,0.039,93.691,2.752
4514,38,67,311.364,554.545,50701.712,2,238,640.938,405.188,NA,7.147,0.024,57.995,-35.697
4515,38,68,306.061,559.47,51001.722,2,255,648.175,407.45,NA,7.237,0.024,137.121,79.126
4516,38,69,295.455,560.606,51301.733,2,255,658.842,416.28,NA,10.667,0.036,173.884,36.763
4517,38,70,292.424,561.364,51601.743,2,255,661.965,418.62,NA,3.124,0.01,165.964,-7.921
4518,38,71,272.348,561.364,51901.753,2,177,682.041,436.556,NA,20.076,0.067,180,14.036
4519,38,72,272.348,561.364,52201.763,2,255,682.041,436.556,NA,0,0,0,-180
4520,38,73,272.348,561.364,52501.773,2,240,682.041,436.556,NA,0,0,0,0
4521,38,74,249.621,562.121,52801.783,2,255,704.781,456.758,NA,22.74,0.076,178.091,178.091
4522,38,75,235.227,565.909,53101.793,2,255,719.665,468.338,NA,14.884,0.05,165.256,-12.834
4523,38,76,235.227,559.848,53401.803,2,255,725.726,470.797,NA,6.061,0.02,-90,104.744
4524,38,77,219.697,560.985,53701.814,2,206,741.297,484.544,NA,15.572,0.052,175.815,-94.185
4525,38,78,198.864,550.758,54001.824,2,237,764.506,507.726,NA,23.208,0.077,-153.853,30.332
4526,38,79,196.212,550.379,54301.834,2,255,767.184,510.309,NA,2.678,0.009,-171.87,-18.017
4527,38,80,185.227,550.379,54601.844,2,255,778.169,520.406,NA,10.985,0.037,180,-8.13
4528,38,81,179.545,541.288,54901.854,2,255,788.889,529.22,NA,10.72,0.036,-122.005,57.995
4529,38,82,179.545,541.288,55201.864,2,255,788.889,529.22,NA,0,0,0,122.005
4530,38,83,176.136,542.045,55501.874,2,255,792.382,532.043,NA,3.492,0.012,167.471,167.471
4531,38,84,174.621,539.773,55801.885,2,255,795.113,534.339,NA,2.731,0.009,-123.69,68.839
4532,38,85,170.455,533.333,56101.895,2,255,802.783,540.749,NA,7.67,0.026,-122.905,0.785
4533,38,86,173.106,533.333,56401.905,2,248,805.435,538.328,NA,2.652,0.009,0,122.905
4534,38,87,177.652,533.333,56701.915,2,255,809.98,534.183,NA,4.545,0.015,0,0
4535,38,88,177.652,533.333,57001.925,2,234,809.98,534.183,NA,0,0,0,0
4536,38,89,177.652,526.136,57301.935,2,255,817.177,537.188,NA,7.197,0.024,-90,-90
4537,38,90,177.652,526.136,57601.945,2,213,817.177,537.188,NA,0,0,0,90
4538,38,91,177.652,523.106,57901.955,2,255,820.207,538.477,NA,3.03,0.01,-90,-90
4539,38,92,182.955,523.106,58201.966,2,255,825.51,533.688,NA,5.303,0.018,0,90
4540,38,93,182.955,523.106,58501.976,2,239,825.51,533.688,NA,0,0,0,0
4541,38,94,182.955,523.106,58801.986,2,253,825.51,533.688,NA,0,0,0,0
4542,38,95,182.955,523.106,59101.996,2,255,825.51,533.688,NA,0,0,0,0
4543,38,96,171.212,523.485,59402.006,2,6,837.259,544.145,NA,11.749,0.039,178.152,178.152
4544,38,97,157.576,523.485,59702.016,2,3,850.895,556.534,NA,13.636,0.045,180,1.848
4545,38,98,144.318,531.439,60002.026,2,243,866.356,565.464,NA,15.461,0.052,149.036,-30.964
4546,38,99,135.227,526.894,60302.036,2,199,876.52,575.61,NA,10.164,0.034,-153.435,57.529
4547,38,100,121.97,516.667,60602.047,2,237,893.264,591.837,NA,16.744,0.056,-142.352,11.083
4548,38,101,120.96,522.475,60902.057,2,210,899.159,590.467,NA,5.895,0.02,99.866,-117.782
4549,38,102,103.788,519.949,61202.067,2,53,916.516,607.275,NA,17.356,0.058,-171.634,88.5
4550,38,103,80.051,506.818,61502.077,2,105,943.643,634.243,NA,27.127,0.09,-151.049,20.585
4551,38,104,63.384,495.202,61802.087,2,139,963.958,654.128,NA,20.315,0.068,-145.125,5.924
4552,38,105,42.677,476.01,62102.097,2,111,992.192,680.795,NA,28.233,0.094,-137.175,7.95
4553,38,106,27.525,467.424,62402.107,2,78,1009.607,698.133,NA,17.415,0.058,-150.461,-13.286
4554,39,1,842.172,545.707,30901.044,2,16,0,0,NA,NA,NA,NA,NA
4555,39,2,835.101,532.071,31201.054,2,95,15.361,15.361,NA,15.361,0.051,-117.408,NA
4556,39,3,831.566,531.566,31501.064,2,123,18.932,17.677,NA,3.571,0.012,-171.87,-54.462
4557,39,4,831.566,523.485,31801.074,2,250,27.013,24.623,NA,8.081,0.027,-90,81.87
4558,39,5,831.566,523.485,32101.084,2,136,27.013,24.623,NA,0,0,0,90
4559,39,6,825.505,521.465,32401.094,2,154,33.401,29.419,NA,6.388,0.021,-161.565,-161.565
4560,39,7,822.98,520.455,32701.104,2,160,36.121,31.718,NA,2.72,0.009,-158.199,3.366
4561,39,8,822.98,507.323,33001.115,2,223,49.252,42.914,NA,13.131,0.044,-90,68.199
4562,39,9,822.98,507.323,33301.125,2,177,49.252,42.914,NA,0,0,0,90
4563,39,10,822.98,494.697,33601.135,2,144,61.878,54.501,NA,12.626,0.042,-90,-90
4564,39,11,816.414,481.566,33901.145,2,174,76.56,69.12,NA,14.681,0.049,-116.565,-26.565
4565,39,12,816.414,481.566,34201.155,2,222,76.56,69.12,NA,0,0,0,116.565
4566,39,13,814.394,477.02,34501.165,2,243,81.534,74.091,NA,4.974,0.017,-113.962,-113.962
4567,39,14,813.889,477.02,34801.175,2,255,82.039,74.282,NA,0.505,0.002,180,-66.038
4568,39,15,813.889,477.02,35101.185,2,255,82.039,74.282,NA,0,0,0,-180
4569,39,16,809.343,489.141,35401.196,2,161,94.984,65.402,NA,12.945,0.043,110.556,110.556
4570,39,17,805.303,489.141,35701.206,2,255,99.025,67.52,NA,4.04,0.013,180,69.444
4571,39,18,805.303,489.141,36001.216,2,214,99.025,67.52,NA,0,0,0,-180
4572,39,19,800.758,489.141,36301.226,2,255,103.57,70.106,NA,4.545,0.015,180,180
4573,39,20,800.253,489.141,36601.236,2,251,104.075,70.405,NA,0.505,0.002,180,0
4574,39,21,800.253,489.141,36901.246,2,255,104.075,70.405,NA,0,0,0,-180
4575,39,22,800.758,489.141,37201.256,2,255,104.58,70.106,NA,0.505,0.002,0,0
4576,39,23,804.798,483.081,37501.266,2,255,111.864,72.93,NA,7.284,0.024,-56.31,-56.31
4577,39,24,803.788,472.475,37801.277,2,252,122.518,82.682,NA,10.654,0.036,-95.44,-39.13
4578,39,25,804.798,476.01,38101.287,2,255,126.195,79.085,NA,3.677,0.012,74.055,169.495
4579,39,26,802.778,487.626,38401.297,2,255,137.986,70.18,NA,11.791,0.039,99.866,25.811
4580,39,27,797.222,487.626,38701.307,2,247,143.541,73.443,NA,5.556,0.019,180,80.134
4581,39,28,793.687,487.626,39001.317,2,255,147.077,75.658,NA,3.535,0.012,180,0
4582,39,29,793.687,487.626,39301.327,2,240,147.077,75.658,NA,0,0,0,-180
4583,39,30,788.131,479.545,39601.337,2,240,156.883,85.427,NA,9.806,0.033,-124.509,-124.509
4584,39,31,781.566,464.394,39901.348,2,255,173.396,101.415,NA,16.513,0.055,-113.429,11.08
4585,39,32,781.566,464.394,40201.358,2,229,173.396,101.415,NA,0,0,0,113.429
4586,39,33,773.485,472.475,40501.368,2,255,184.824,100.403,NA,11.428,0.038,135,135
4587,39,34,769.444,462.879,40801.378,2,255,195.236,110.226,NA,10.412,0.035,-112.834,112.166
4588,39,35,769.444,456.313,41101.388,2,255,201.801,115.241,NA,6.566,0.022,-90,22.834
4589,39,36,769.444,455.303,41401.398,2,251,202.811,116.026,NA,1.01,0.003,-90,0
4590,39,37,766.919,450.758,41701.408,2,237,208.011,121.154,NA,5.2,0.017,-119.055,-29.055
4591,39,38,767.424,459.343,42001.418,2,240,216.612,114.218,NA,8.601,0.029,86.634,-154.312
4592,39,39,776.515,450.758,42301.429,2,255,229.116,115.439,NA,12.504,0.042,-43.363,-129.997
4593,39,40,776.515,443.687,42601.439,2,170,236.187,121.321,NA,7.071,0.024,-90,-46.637
4594,39,41,776.515,443.182,42901.449,2,109,236.692,121.747,NA,0.505,0.002,-90,0
4595,39,42,773.99,433.586,43201.459,2,236,246.615,131.225,NA,9.923,0.033,-104.744,-14.744
4596,39,43,770.455,428.535,43501.469,2,217,252.78,137.377,NA,6.165,0.021,-124.992,-20.248
4597,39,44,770.455,428.535,43801.479,2,214,252.78,137.377,NA,0,0,0,124.992
4598,39,45,766.919,418.939,44101.489,2,150,263.006,147.421,NA,10.226,0.034,-110.225,-110.225
4599,39,46,766.919,418.939,44401.5,2,3,263.006,147.421,NA,0,0,0,110.225
4600,39,47,766.919,388.131,44701.51,2,255,293.814,174.623,NA,30.808,0.103,-90,-90
4601,39,48,774.495,376.515,45001.52,2,255,307.682,182.225,NA,13.868,0.046,-56.889,33.111
4602,39,49,774.495,364.899,45301.53,2,255,319.299,193.059,NA,11.616,0.039,-90,-33.111
4603,39,50,772.475,352.273,45601.54,2,255,332.085,205.608,NA,12.787,0.043,-99.09,-9.09
4604,39,51,772.475,352.273,45901.55,2,255,332.085,205.608,NA,0,0,0,99.09
4605,39,52,772.475,341.162,46201.56,2,207,343.197,216.094,NA,11.111,0.037,-90,-90
4606,39,53,778.535,328.535,46501.57,2,255,357.202,226.303,NA,14.005,0.047,-64.359,25.641
4607,39,54,778.535,306.313,46801.581,2,255,379.424,247.708,NA,22.222,0.074,-90,-25.641
4608,39,55,779.04,326.515,47101.591,2,231,399.633,228.102,NA,20.208,0.067,88.568,178.568
4609,39,56,786.616,325,47401.601,2,255,407.358,227.592,NA,7.726,0.026,-11.31,-99.878
4610,39,57,786.616,316.919,47701.611,2,245,415.439,235.436,NA,8.081,0.027,-90,-78.69
4611,39,58,786.616,305.303,48001.621,2,255,427.055,246.74,NA,11.616,0.039,-90,0
4612,39,59,786.616,305.303,48301.631,2,255,427.055,246.74,NA,0,0,0,90
4613,39,60,793.687,288.131,48601.641,2,255,445.626,262.099,NA,18.57,0.062,-67.62,-67.62
4614,39,61,794.697,282.071,48901.651,2,239,451.77,267.877,NA,6.144,0.02,-80.538,-12.918
4615,39,62,794.697,272.98,49201.662,2,255,460.861,276.828,NA,9.091,0.03,-90,-9.462
4616,39,63,794.697,272.475,49501.672,2,255,461.366,277.326,NA,0.505,0.002,-90,0
4617,39,64,794.697,262.879,49801.682,2,231,470.962,286.785,NA,9.596,0.032,-90,0
4618,39,65,788.636,253.788,50101.692,2,255,481.888,296.788,NA,10.926,0.036,-123.69,-33.69
4619,39,66,785.606,231.566,50401.702,2,255,504.316,319.194,NA,22.428,0.075,-97.765,25.925
4620,39,67,781.061,215.404,50701.712,2,255,521.104,335.909,NA,16.789,0.056,-105.709,-7.943
4621,39,68,778.535,202.778,51001.722,2,255,533.981,348.784,NA,12.876,0.043,-101.31,4.399
4622,39,69,783.081,203.788,51301.733,2,255,538.637,346.988,NA,4.656,0.016,12.529,113.839
4623,39,70,776.01,201.263,51601.743,2,255,546.145,350.741,NA,7.508,0.025,-160.346,-172.875
4624,39,71,757.323,197.727,51901.753,2,255,565.164,358.175,NA,19.018,0.063,-169.287,-8.941
4625,39,72,750.758,178.535,52201.763,2,204,585.447,378.38,NA,20.284,0.068,-108.886,60.401
4626,39,73,750.253,174.495,52501.773,2,255,589.519,382.423,NA,4.072,0.014,-97.125,11.761
4627,39,74,755.808,174.495,52801.783,2,255,595.075,381.126,NA,5.556,0.019,0,97.125
4628,39,75,743.687,174.495,53101.793,2,255,607.196,384.054,NA,12.121,0.04,180,180
4629,39,76,741.667,167.929,53401.803,2,178,614.066,390.919,NA,6.869,0.023,-107.103,72.897
4630,39,77,746.717,160.859,53701.814,2,255,622.755,396.51,NA,8.689,0.029,-54.462,52.64
4631,39,78,748.737,152.273,54001.824,2,143,631.575,404.377,NA,8.82,0.029,-76.759,-22.297
4632,39,79,752.273,138.131,54301.834,2,150,646.152,417.373,NA,14.577,0.049,-75.964,0.796
4633,39,80,752.273,140.152,54601.844,2,255,648.172,415.4,NA,2.02,0.007,90,165.964
4634,39,81,749.242,157.323,54901.854,2,247,665.609,399.347,NA,17.437,0.058,100.008,10.008
4635,39,82,737.626,157.323,55201.864,2,166,677.225,402.209,NA,11.616,0.039,180,79.992
4636,39,83,738.636,159.343,55501.874,2,255,679.484,399.996,NA,2.259,0.008,63.435,-116.565
4637,39,84,714.394,159.343,55801.885,2,255,703.726,406.945,NA,24.242,0.081,180,116.565
4638,39,85,713.889,159.343,56101.895,2,255,704.231,407.104,NA,0.505,0.002,180,0
4639,39,86,699.747,161.364,56401.905,2,225,718.516,409.884,NA,14.285,0.048,171.87,-8.13
4640,39,87,699.747,158.333,56701.915,2,181,721.547,412.726,NA,3.03,0.01,-90,98.13
4641,39,88,699.747,173.99,57001.925,2,255,737.203,398.068,NA,15.657,0.052,90,180
4642,39,89,699.747,173.99,57301.935,2,238,737.203,398.068,NA,0,0,0,-90
4643,39,90,704.798,161.869,57601.945,2,235,750.334,407.681,NA,13.131,0.044,-67.38,-67.38
4644,39,91,704.293,145.202,57901.955,2,237,767.009,423.574,NA,16.674,0.056,-91.736,-24.356
4645,39,92,692.677,120.455,58201.966,2,54,794.347,450.764,NA,27.338,0.091,-115.145,-23.409
4646,39,93,687.121,102.778,58501.976,2,240,812.876,469.284,NA,18.529,0.062,-107.447,7.698
4647,39,94,687.121,102.273,58801.986,2,194,813.381,469.76,NA,0.505,0.002,-90,17.447
4648,39,95,666.919,86.616,59101.996,2,248,838.94,491.404,NA,25.559,0.085,-142.224,-52.224
4649,39,96,644.697,59.848,59402.006,2,191,873.73,524.457,NA,34.79,0.116,-129.699,12.525
4650,39,97,627.02,29.545,59702.016,2,150,908.812,559.207,NA,35.082,0.117,-120.256,9.443
4651,39,98,632.071,13.889,60002.026,2,150,925.263,571.816,NA,16.451,0.055,-72.121,48.135
4652,39,99,632.576,5.303,60302.036,2,119,933.863,579.627,NA,8.601,0.029,-86.634,-14.512
4653,40,1,1118.939,776.515,29701.003,2,255,0,0,NA,NA,NA,NA,NA
4654,40,2,1120.96,774.495,30001.013,2,239,2.857,2.857,NA,2.857,0.01,-45,NA
4655,40,3,1124.495,769.949,30301.023,2,255,8.615,8.601,NA,5.758,0.019,-52.125,-7.125
4656,40,4,1124.495,765.909,30601.033,2,255,12.656,11.973,NA,4.04,0.013,-90,-37.875
4657,40,5,1127.525,757.323,30901.044,2,253,21.761,21.025,NA,9.105,0.03,-70.56,19.44
4658,40,6,1128.535,757.323,31201.054,2,183,22.771,21.457,NA,1.01,0.003,0,70.56
4659,40,7,1136.111,757.323,31501.064,2,230,30.347,25.753,NA,7.576,0.025,0,0
4660,40,8,1136.111,757.323,31801.074,2,247,30.347,25.753,NA,0,0,0,0
4661,40,9,1136.111,757.323,32101.084,2,210,30.347,25.753,NA,0,0,0,0
4662,40,10,1136.111,757.323,32401.094,2,242,30.347,25.753,NA,0,0,0,0
4663,40,11,1132.576,755.303,32701.104,2,252,34.418,25.217,NA,4.072,0.014,-150.255,-150.255
4664,40,12,1131.566,753.788,33001.115,2,255,36.239,25.999,NA,1.821,0.006,-123.69,26.565
4665,40,13,1131.566,753.788,33301.125,2,255,36.239,25.999,NA,0,0,0,123.69
4666,40,14,1137.121,757.323,33601.135,2,212,42.825,26.437,NA,6.585,0.022,32.471,32.471
4667,40,15,1137.626,762.879,33901.145,2,189,48.403,23.133,NA,5.578,0.019,84.806,52.334
4668,40,16,1143.687,767.929,34201.155,2,248,56.292,26.195,NA,7.889,0.026,39.806,-45
4669,40,17,1143.687,767.929,34501.165,2,255,56.292,26.195,NA,0,0,0,-39.806
4670,40,18,1143.687,768.434,34801.175,2,229,56.797,26.033,NA,0.505,0.002,90,90
4671,40,19,1143.687,769.949,35101.185,2,237,58.312,25.604,NA,1.515,0.005,90,0
4672,40,20,1154.798,769.444,35401.196,2,255,69.435,36.549,NA,11.123,0.037,-2.603,-92.603
4673,40,21,1161.869,769.444,35701.206,2,203,76.506,43.508,NA,7.071,0.024,0,2.603
4674,40,22,1166.414,757.323,36001.216,2,229,89.451,51.207,NA,12.945,0.043,-69.444,-69.444
4675,40,23,1166.414,757.323,36301.226,2,241,89.451,51.207,NA,0,0,0,69.444
4676,40,24,1155.808,760.354,36601.236,2,235,100.482,40.255,NA,11.03,0.037,164.055,164.055
4677,40,25,1164.394,764.394,36901.246,2,232,109.971,47.043,NA,9.489,0.032,25.201,-138.853
4678,40,26,1164.394,764.899,37201.256,2,224,110.476,46.915,NA,0.505,0.002,90,64.799
4679,40,27,1164.394,764.899,37501.266,2,192,110.476,46.915,NA,0,0,0,-90
4680,40,28,1164.394,764.899,37801.277,2,255,110.476,46.915,NA,0,0,0,0
4681,40,29,1164.394,764.899,38101.287,2,208,110.476,46.915,NA,0,0,0,0
4682,40,30,1160.354,764.899,38401.297,2,255,114.516,43.012,NA,4.04,0.013,180,180
4683,40,31,1160.354,764.899,38701.307,2,255,114.516,43.012,NA,0,0,0,-180
4684,40,32,1160.354,764.899,39001.317,2,255,114.516,43.012,NA,0,0,0,0
4685,40,33,1167.929,764.899,39301.327,2,255,122.092,50.348,NA,7.576,0.025,0,0
4686,40,34,1172.98,762.879,39601.337,2,244,127.531,55.734,NA,5.44,0.018,-21.801,-21.801
4687,40,35,1172.98,762.879,39901.348,2,255,127.531,55.734,NA,0,0,0,21.801
4688,40,36,1176.515,761.364,40201.358,2,212,131.378,59.536,NA,3.846,0.013,-23.199,-23.199
4689,40,37,1176.515,757.323,40501.368,2,255,135.418,60.69,NA,4.04,0.013,-90,-66.801
4690,40,38,1176.515,757.323,40801.378,2,255,135.418,60.69,NA,0,0,0,90
4691,40,39,1176.515,757.323,41101.388,2,252,135.418,60.69,NA,0,0,0,0
4692,40,40,1176.515,757.323,41401.398,2,255,135.418,60.69,NA,0,0,0,0
4693,40,41,1176.515,757.323,41701.408,2,255,135.418,60.69,NA,0,0,0,0
4694,40,42,1181.061,757.323,42001.418,2,254,139.964,65.018,NA,4.545,0.015,0,0
4695,40,43,1181.061,757.323,42301.429,2,255,139.964,65.018,NA,0,0,0,0
4696,40,44,1181.061,757.323,42601.439,2,255,139.964,65.018,NA,0,0,0,0
4697,40,45,1181.061,757.323,42901.449,2,196,139.964,65.018,NA,0,0,0,0
4698,40,46,1171.465,752.273,43201.459,2,220,150.807,57.85,NA,10.844,0.036,-152.241,-152.241
4699,40,47,1171.465,752.273,43501.469,2,128,150.807,57.85,NA,0,0,0,152.241
4700,40,48,1180.051,752.273,43801.479,2,255,159.393,65.744,NA,8.586,0.029,0,0
4701,40,49,1180.051,752.273,44101.489,2,255,159.393,65.744,NA,0,0,0,0
4702,40,50,1184.091,751.768,44401.5,2,255,163.465,69.693,NA,4.072,0.014,-7.125,-7.125
4703,40,51,1184.091,751.768,44701.51,2,255,163.465,69.693,NA,0,0,0,7.125
4704,40,52,1184.091,751.768,45001.52,2,255,163.465,69.693,NA,0,0,0,0
4705,40,53,1181.061,752.273,45301.53,2,255,166.537,66.684,NA,3.072,0.01,170.538,170.538
4706,40,54,1177.525,752.778,45601.54,2,252,170.109,63.212,NA,3.571,0.012,171.87,1.332
4707,40,55,1178.535,750.253,45901.55,2,255,172.828,65.126,NA,2.72,0.009,-68.199,119.932
4708,40,56,1182.576,747.727,46201.56,2,255,177.593,69.845,NA,4.765,0.016,-32.005,36.193
4709,40,57,1183.081,743.182,46501.57,2,252,182.166,72.286,NA,4.573,0.015,-83.66,-51.654
4710,40,58,1183.081,743.182,46801.581,2,255,182.166,72.286,NA,0,0,0,83.66
4711,40,59,1185.606,737.626,47101.591,2,255,188.269,77.18,NA,6.103,0.02,-65.556,-65.556
4712,40,60,1185.606,737.626,47401.601,2,255,188.269,77.18,NA,0,0,0,65.556
4713,40,61,1188.131,737.626,47701.611,2,241,190.794,79.372,NA,2.525,0.008,0,0
4714,40,62,1188.131,737.626,48001.621,2,255,190.794,79.372,NA,0,0,0,0
4715,40,63,1188.131,737.626,48301.631,2,255,190.794,79.372,NA,0,0,0,0
4716,40,64,1188.131,737.626,48601.641,2,255,190.794,79.372,NA,0,0,0,0
4717,40,65,1188.131,737.626,48901.651,2,255,190.794,79.372,NA,0,0,0,0
4718,40,66,1188.131,737.626,49201.662,2,255,190.794,79.372,NA,0,0,0,0
4719,40,67,1193.182,727.02,49501.672,2,214,202.541,89.228,NA,11.747,0.039,-64.537,-64.537
4720,40,68,1194.697,725,49801.682,2,235,205.067,91.613,NA,2.525,0.008,-53.13,11.407
4721,40,69,1194.697,725,50101.692,2,255,205.067,91.613,NA,0,0,0,53.13
4722,40,70,1207.323,706.818,50401.702,2,255,227.203,112.558,NA,22.136,0.074,-55.222,-55.222
4723,40,71,1207.323,707.323,50701.712,2,159,227.708,112.246,NA,0.505,0.002,90,145.222
4724,40,72,1207.323,707.323,51001.722,2,212,227.708,112.246,NA,0,0,0,-90
4725,40,73,1207.323,707.828,51301.733,2,181,228.213,111.936,NA,0.505,0.002,90,90
4726,40,74,1214.394,700.253,51601.743,2,255,238.575,122.178,NA,10.363,0.035,-46.975,-136.975
4727,40,75,1214.394,699.242,51901.753,2,209,239.586,122.811,NA,1.01,0.003,-90,-43.025
4728,40,76,1214.394,691.162,52201.763,2,255,247.666,128.05,NA,8.081,0.027,-90,0
4729,40,77,1214.899,704.798,52501.773,2,255,261.312,119.798,NA,13.646,0.045,87.879,177.879
4730,40,78,1217.929,708.333,52801.783,2,155,265.968,120.199,NA,4.656,0.016,49.399,-38.48
4731,40,79,1218.434,721.465,53101.793,2,255,279.109,113.709,NA,13.141,0.044,87.797,38.399
4732,40,80,1218.434,721.465,53401.803,2,255,279.109,113.709,NA,0,0,0,-87.797
4733,40,81,1222.98,722.475,53701.814,2,247,283.766,117.238,NA,4.656,0.016,12.529,12.529
4734,40,82,1222.98,712.374,54001.824,2,215,293.867,122.223,NA,10.101,0.034,-90,-102.529
4735,40,83,1222.98,704.798,54301.834,2,255,301.443,126.364,NA,7.576,0.025,-90,0
4736,40,84,1229.04,693.182,54601.844,2,221,314.545,138.082,NA,13.102,0.044,-62.447,27.553
4737,40,85,1243.687,680.556,54901.854,2,255,333.882,157.385,NA,19.338,0.064,-40.764,21.684
4738,40,86,1262.374,676.515,55201.864,2,255,353.001,174.853,NA,19.119,0.064,-12.2,28.563
4739,40,87,1278.03,676.515,55501.874,2,150,368.657,187.909,NA,15.657,0.052,0,12.2
4740,40,88,1284.596,676.515,55801.885,2,89,375.223,193.5,NA,6.566,0.022,0,0
4741,40,89,1284.596,676.515,56101.895,2,239,375.223,193.5,NA,0,0,0,0
4742,40,90,1284.596,676.515,56401.905,2,216,375.223,193.5,NA,0,0,0,0
4743,40,91,1293.182,669.444,56701.915,2,171,386.346,204.511,NA,11.123,0.037,-39.472,-39.472
4744,40,92,1316.919,630.051,57001.925,2,214,432.339,246.268,NA,45.993,0.153,-58.928,-19.456
4745,40,93,1330.051,582.576,57301.935,2,219,481.596,286.671,NA,49.257,0.164,-74.539,-15.61
4746,40,94,1342.172,567.929,57601.945,2,255,500.608,305.517,NA,19.012,0.063,-50.389,24.149
4747,40,95,1347.727,564.899,57901.955,2,101,506.936,311.649,NA,6.328,0.021,-28.61,21.779
4748,40,96,1348.737,564.899,58201.966,2,212,507.946,312.392,NA,1.01,0.003,0,28.61
4749,40,97,1345.707,576.515,58501.976,2,95,519.951,302.363,NA,12.005,0.04,104.621,104.621
4750,40,98,1345.707,562.374,58801.986,2,255,534.092,311.898,NA,14.141,0.047,-90,165.379
4751,40,99,1345.707,562.374,59101.996,2,187,534.092,311.898,NA,0,0,0,90
4752,40,100,1359.343,550.758,59402.006,2,130,552.006,329.789,NA,17.913,0.06,-40.426,-40.426
4753,40,101,1392.172,532.576,59702.016,2,3,589.533,366.282,NA,37.527,0.125,-28.98,11.446
4754,40,102,1392.172,532.576,60002.026,2,10,589.533,366.282,NA,0,0,0,28.98
4755,40,103,1392.172,532.071,60302.036,2,255,590.038,366.618,NA,0.505,0.002,-90,-90
4756,40,104,1392.172,532.071,60602.047,2,124,590.038,366.618,NA,0,0,0,90
4757,40,105,1392.172,522.98,60902.057,2,32,599.128,372.741,NA,9.091,0.03,-90,-90
4758,40,106,1394.192,522.98,61202.067,2,171,601.149,374.225,NA,2.02,0.007,0,90
4759,40,107,1394.192,522.98,61502.077,2,86,601.149,374.225,NA,0,0,0,0
4760,40,108,1394.192,522.98,61802.087,2,231,601.149,374.225,NA,0,0,0,0
4761,40,109,1396.717,523.485,62102.097,2,187,603.724,375.746,NA,2.575,0.009,11.31,11.31
4762,40,110,1412.374,523.485,62402.107,2,116,619.381,387.464,NA,15.657,0.052,0,-11.31
4763,40,111,1427.02,521.97,62702.118,2,169,634.105,399.634,NA,14.725,0.049,-5.906,-5.906
4764,40,112,1428.03,505.808,63002.128,2,196,650.298,410.877,NA,16.193,0.054,-86.424,-80.518
4765,40,113,1428.03,505.303,63302.138,2,76,650.803,411.209,NA,0.505,0.002,-90,-3.576
4766,40,114,1439.141,485.606,63602.148,2,121,673.418,432.617,NA,22.615,0.075,-60.573,29.427
4767,40,115,1447.727,475.505,63902.158,2,177,686.675,445.767,NA,13.257,0.044,-49.635,10.937
4768,40,116,1444.192,475.505,64202.168,2,253,690.21,443.166,NA,3.535,0.012,180,-130.365
4769,40,117,1475,471.465,64502.178,2,165,721.282,468.866,NA,31.072,0.104,-7.472,172.528
4770,40,118,1500.253,448.737,64802.188,2,118,755.256,502.83,NA,33.974,0.113,-41.987,-34.516
4771,40,119,1501.263,436.616,65102.199,2,199,767.419,511.569,NA,12.163,0.041,-85.236,-43.249
4772,40,120,1501.263,436.616,65402.209,2,185,767.419,511.569,NA,0,0,0,85.236
4773,40,121,1488.131,420.96,65702.219,2,8,787.854,512.565,NA,20.434,0.068,-129.987,-129.987
4774,40,122,1505.808,434.596,66002.229,2,194,810.179,516.31,NA,22.325,0.074,37.648,167.635
4775,40,123,1509.848,444.192,66302.239,2,147,820.591,513.078,NA,10.412,0.035,67.166,29.519
4776,40,124,1515.909,453.283,66602.249,2,109,831.517,511.922,NA,10.926,0.036,56.31,-10.856
4777,40,125,1523.485,460.859,66902.259,2,183,842.23,513.124,NA,10.714,0.036,45,-11.31
4778,40,126,1534.091,458.333,67202.27,2,175,853.133,523.059,NA,10.903,0.036,-13.392,-58.392
4779,40,127,1529.04,446.717,67502.28,2,111,865.8,526.26,NA,12.667,0.042,-113.499,-100.106
4780,40,128,1529.04,442.172,67802.29,2,99,870.345,529.12,NA,4.545,0.015,-90,23.499
4781,40,129,1517.424,435.101,68102.3,2,212,883.944,524.742,NA,13.599,0.045,-148.671,-58.671
4782,40,130,1518.434,434.596,68402.31,2,139,885.073,525.837,NA,1.129,0.004,-26.565,122.106
4783,40,131,1523.99,425,68702.32,2,190,896.161,536.31,NA,11.088,0.037,-59.931,-33.366
4784,40,132,1523.99,432.071,69002.33,2,202,903.232,531.703,NA,7.071,0.024,90,149.931
4785,40,133,1532.071,434.091,69302.34,2,137,911.562,536.593,NA,8.33,0.028,14.036,-75.964
4786,40,134,1540.657,436.616,69602.351,2,101,920.511,541.643,NA,8.95,0.03,16.39,2.353
4787,41,1,1027.525,1034.091,21600.729,2,155,0,0,NA,NA,NA,NA,NA
4788,41,2,1027.525,1038.131,21900.74,2,208,4.04,4.04,NA,4.04,0.013,90,NA
4789,41,3,1027.525,1038.131,22200.75,2,213,4.04,4.04,NA,0,0,0,-90
4790,41,4,1027.525,1034.596,22500.76,2,149,7.576,0.505,NA,3.535,0.012,-90,-90
4791,41,5,1030.556,1031.566,22800.77,2,203,11.861,3.945,NA,4.285,0.014,-45,45
4792,41,6,1032.576,1031.566,23100.78,2,164,13.881,5.647,NA,2.02,0.007,0,45
4793,41,7,1040.152,1031.566,23400.79,2,175,21.457,12.876,NA,7.576,0.025,0,0
4794,41,8,1040.152,1031.566,23700.8,2,255,21.457,12.876,NA,0,0,0,0
4795,41,9,1040.152,1031.566,24000.811,2,255,21.457,12.876,NA,0,0,0,0
4796,41,10,1034.596,1031.566,24300.821,2,173,27.013,7.508,NA,5.556,0.019,180,180
4797,41,11,1034.596,1031.566,24600.831,2,173,27.013,7.508,NA,0,0,0,-180
4798,41,12,1034.596,1031.566,24900.841,2,145,27.013,7.508,NA,0,0,0,0
4799,41,13,1034.596,1031.566,25200.851,2,158,27.013,7.508,NA,0,0,0,0
4800,41,14,1036.616,1029.04,25500.861,2,151,30.247,10.4,NA,3.234,0.011,-51.34,-51.34
4801,41,15,1047.222,1029.04,25800.871,2,243,40.853,20.334,NA,10.606,0.035,0,51.34
4802,41,16,1047.222,1033.081,26100.881,2,245,44.893,19.723,NA,4.04,0.013,90,90
4803,41,17,1047.222,1035.101,26400.892,2,255,46.913,19.723,NA,2.02,0.007,90,0
4804,41,18,1043.687,1035.101,26700.902,2,236,50.449,16.193,NA,3.535,0.012,180,90
4805,41,19,1047.222,1034.596,27000.912,2,240,54.02,19.703,NA,3.571,0.012,-8.13,171.87
4806,41,20,1049.747,1031.061,27300.922,2,196,58.365,22.428,NA,4.345,0.014,-54.462,-46.332
4807,41,21,1049.747,1031.061,27600.932,2,255,58.365,22.428,NA,0,0,0,54.462
4808,41,22,1049.747,1031.061,27900.942,2,134,58.365,22.428,NA,0,0,0,0
4809,41,23,1049.747,1034.596,28200.952,2,255,61.9,22.228,NA,3.535,0.012,90,90
4810,41,24,1049.747,1034.596,28500.963,2,253,61.9,22.228,NA,0,0,0,-90
4811,41,25,1049.747,1034.596,28800.973,2,255,61.9,22.228,NA,0,0,0,0
4812,41,26,1045.707,1031.061,29100.983,2,242,67.269,18.433,NA,5.369,0.018,-138.814,-138.814
4813,41,27,1048.737,1031.061,29400.993,2,252,70.299,21.427,NA,3.03,0.01,0,138.814
4814,41,28,1054.293,1031.061,29701.003,2,255,75.855,26.939,NA,5.556,0.019,0,0
4815,41,29,1057.828,1031.061,30001.013,2,255,79.39,30.454,NA,3.535,0.012,0,0
4816,41,30,1057.828,1031.061,30301.023,2,255,79.39,30.454,NA,0,0,0,0
4817,41,31,1062.879,1027.525,30601.033,2,255,85.555,35.958,NA,6.165,0.021,-34.992,-34.992
4818,41,32,1062.879,1027.525,30901.044,2,246,85.555,35.958,NA,0,0,0,34.992
4819,41,33,1062.879,1027.525,31201.054,2,205,85.555,35.958,NA,0,0,0,0
4820,41,34,1062.879,1027.525,31501.064,2,255,85.555,35.958,NA,0,0,0,0
4821,41,35,1065.909,1023.99,31801.074,2,255,90.211,39.691,NA,4.656,0.016,-49.399,-49.399
4822,41,36,1065.909,1023.99,32101.084,2,254,90.211,39.691,NA,0,0,0,49.399
4823,41,37,1065.909,1023.99,32401.094,2,204,90.211,39.691,NA,0,0,0,0
4824,41,38,1057.323,1023.99,32701.104,2,255,98.797,31.463,NA,8.586,0.029,180,180
4825,41,39,1057.323,1023.99,33001.115,2,222,98.797,31.463,NA,0,0,0,-180
4826,41,40,1052.778,1023.99,33301.125,2,246,103.342,27.198,NA,4.545,0.015,180,180
4827,41,41,1048.737,1021.97,33601.135,2,248,107.86,24.431,NA,4.517,0.015,-153.435,26.565
4828,41,42,1048.737,1021.97,33901.145,2,234,107.86,24.431,NA,0,0,0,153.435
4829,41,43,1048.737,1021.97,34201.155,2,192,107.86,24.431,NA,0,0,0,0
4830,41,44,1048.232,1029.04,34501.165,2,245,114.948,21.314,NA,7.089,0.024,94.086,94.086
4831,41,45,1048.232,1038.636,34801.175,2,136,124.544,21.2,NA,9.596,0.032,90,-4.086
4832,41,46,1044.697,1038.636,35101.185,2,255,128.08,17.763,NA,3.535,0.012,180,90
4833,41,47,1044.697,1038.636,35401.196,2,179,128.08,17.763,NA,0,0,0,-180
4834,41,48,1044.697,1038.636,35701.206,2,253,128.08,17.763,NA,0,0,0,0
4835,41,49,1035.101,1045.707,36001.216,2,241,139.999,13.868,NA,11.92,0.04,143.616,143.616
4836,41,50,1035.101,1045.707,36301.226,2,255,139.999,13.868,NA,0,0,0,-143.616
4837,41,51,1040.152,1045.707,36601.236,2,249,145.05,17.157,NA,5.051,0.017,0,0
4838,41,52,1042.172,1047.727,36901.246,2,245,147.907,20.012,NA,2.857,0.01,45,45
4839,41,53,1032.071,1047.727,37201.256,2,177,158.008,14.374,NA,10.101,0.034,180,135
4840,41,54,1028.535,1047.727,37501.266,2,210,161.543,13.674,NA,3.535,0.012,180,0
4841,41,55,1028.535,1039.141,37801.277,2,250,170.129,5.151,NA,8.586,0.029,-90,90
4842,41,56,1028.535,1039.141,38101.287,2,232,170.129,5.151,NA,0,0,0,90
4843,41,57,1028.535,1039.141,38401.297,2,230,170.129,5.151,NA,0,0,0,0
4844,41,58,1034.596,1039.141,38701.307,2,216,176.19,8.689,NA,6.061,0.02,0,0
4845,41,59,1034.596,1039.141,39001.317,2,227,176.19,8.689,NA,0,0,0,0
4846,41,60,1034.596,1039.141,39301.327,2,255,176.19,8.689,NA,0,0,0,0
4847,41,61,1034.596,1039.141,39601.337,2,224,176.19,8.689,NA,0,0,0,0
4848,41,62,1034.596,1039.141,39901.348,2,255,176.19,8.689,NA,0,0,0,0
4849,41,63,1034.596,1039.141,40201.358,2,216,176.19,8.689,NA,0,0,0,0
4850,41,64,1034.596,1039.141,40501.368,2,255,176.19,8.689,NA,0,0,0,0
4851,41,65,1034.596,1040.657,40801.378,2,255,177.705,9.649,NA,1.515,0.005,90,90
4852,41,66,1033.586,1042.172,41101.388,2,255,179.526,10.101,NA,1.821,0.006,123.69,33.69
4853,41,67,1033.586,1047.222,41401.398,2,255,184.576,14.462,NA,5.051,0.017,90,-33.69
4854,41,68,1033.586,1049.747,41701.408,2,241,187.102,16.789,NA,2.525,0.008,90,0
4855,41,69,1033.586,1049.747,42001.418,2,255,187.102,16.789,NA,0,0,0,-90
4856,41,70,1033.586,1053.283,42301.429,2,255,190.637,20.126,NA,3.535,0.012,90,90
4857,41,71,1034.596,1053.283,42601.439,2,255,191.647,20.453,NA,1.01,0.003,0,-90
4858,41,72,1034.596,1053.283,42901.449,2,255,191.647,20.453,NA,0,0,0,0
4859,41,73,1034.596,1053.283,43201.459,2,255,191.647,20.453,NA,0,0,0,0
4860,41,74,1034.596,1053.283,43501.469,2,255,191.647,20.453,NA,0,0,0,0
4861,41,75,1034.596,1053.283,43801.479,2,217,191.647,20.453,NA,0,0,0,0
4862,41,76,1034.596,1053.283,44101.489,2,222,191.647,20.453,NA,0,0,0,0
4863,41,77,1036.111,1049.747,44401.5,2,221,195.493,17.856,NA,3.846,0.013,-66.801,-66.801
4864,41,78,1037.121,1049.242,44701.51,2,229,196.623,17.935,NA,1.129,0.004,-26.565,40.236
4865,41,79,1037.121,1049.242,45001.52,2,255,196.623,17.935,NA,0,0,0,26.565
4866,41,80,1031.566,1049.242,45301.53,2,255,202.178,15.681,NA,5.556,0.019,180,180
4867,41,81,1031.566,1049.242,45601.54,2,252,202.178,15.681,NA,0,0,0,-180
4868,41,82,1031.566,1049.242,45901.55,2,255,202.178,15.681,NA,0,0,0,0
4869,41,83,1031.566,1056.818,46201.56,2,232,209.754,23.084,NA,7.576,0.025,90,90
4870,41,84,1031.061,1059.343,46501.57,2,255,212.329,25.499,NA,2.575,0.009,101.31,11.31
4871,41,85,1031.061,1059.343,46801.581,2,255,212.329,25.499,NA,0,0,0,-101.31
4872,41,86,1031.061,1059.343,47101.591,2,218,212.329,25.499,NA,0,0,0,0
4873,41,87,1031.061,1059.343,47401.601,2,255,212.329,25.499,NA,0,0,0,0
4874,41,88,1031.061,1060.859,47701.611,2,255,213.844,27,NA,1.515,0.005,90,90
4875,41,89,1031.061,1060.859,48001.621,2,255,213.844,27,NA,0,0,0,-90
4876,41,90,1031.061,1060.859,48301.631,2,255,213.844,27,NA,0,0,0,0
4877,41,91,1026.515,1059.343,48601.641,2,255,218.636,25.273,NA,4.791,0.016,-161.565,-161.565
4878,41,92,1026.01,1054.798,48901.651,2,232,223.209,20.762,NA,4.573,0.015,-96.34,65.225
4879,41,93,1028.535,1049.747,49201.662,2,181,228.856,15.689,NA,5.647,0.019,-63.435,32.905
4880,41,94,1034.596,1049.747,49501.672,2,175,234.916,17.179,NA,6.061,0.02,0,63.435
4881,41,95,1034.596,1049.747,49801.682,2,165,234.916,17.179,NA,0,0,0,0
4882,41,96,1038.636,1058.838,50101.692,2,216,244.865,27.127,NA,9.948,0.033,66.038,66.038
4883,41,97,1038.636,1058.838,50401.702,2,240,244.865,27.127,NA,0,0,0,-66.038
4884,41,98,1061.869,1060.859,50701.712,2,108,268.185,43.543,NA,23.32,0.078,4.97,4.97
4885,41,99,1076.01,1072.98,51001.722,2,104,286.81,62.154,NA,18.625,0.062,40.601,35.632
4886,41,100,1119.444,1090.657,51301.733,2,201,333.704,107.93,NA,46.894,0.156,22.145,-18.456
4887,41,101,1144.192,1093.687,51601.743,2,242,358.636,131.007,NA,24.932,0.083,6.981,-15.164
4888,41,102,1170.96,1103.788,51901.753,2,168,387.246,159.471,NA,28.61,0.095,20.674,13.693
4889,41,103,1180.051,1126.515,52201.763,2,162,411.724,178.343,NA,24.478,0.082,68.199,47.524
4890,41,104,1181.061,1137.121,52501.773,2,150,422.378,184.901,NA,10.654,0.036,84.56,16.361
4891,41,105,1180.556,1153.283,52801.783,2,153,438.548,193.972,NA,16.17,0.054,91.79,7.23
4892,41,106,1172.98,1181.061,53101.793,2,81,467.34,206.778,NA,28.792,0.096,105.255,13.465
4893,41,107,1196.212,1214.899,53401.803,2,129,508.386,247.279,NA,41.046,0.137,55.528,-49.727
4894,41,108,1209.343,1225,53701.814,2,216,524.953,263.636,NA,16.567,0.055,37.569,-17.959
4895,41,109,1214.394,1228.535,54001.824,2,118,531.118,269.682,NA,6.165,0.021,34.992,-2.577
4896,41,110,1229.545,1233.586,54301.834,2,33,547.089,283.92,NA,15.971,0.053,18.435,-16.557
4897,41,111,1245.707,1253.283,54601.844,2,140,572.568,309.271,NA,25.479,0.085,50.631,32.196
4898,41,112,1246.212,1259.343,54901.854,2,252,578.649,313.947,NA,6.082,0.02,85.236,34.606
4899,41,113,1233.586,1256.313,55201.864,2,117,591.634,303.057,NA,12.985,0.043,-166.504,108.259
4900,41,114,1268.939,1267.424,55501.874,2,205,628.693,335.746,NA,37.058,0.124,17.447,-176.049
4901,42,1,716.414,1059.848,17700.598,2,44,0,0,NA,NA,NA,NA,NA
4902,42,2,715.909,1061.869,18000.608,2,94,2.082,2.082,NA,2.082,0.007,104.036,NA
4903,42,3,712.374,1063.384,18300.618,2,37,5.929,5.369,NA,3.846,0.013,156.801,52.765
4904,42,4,703.283,1063.384,18600.628,2,96,15.02,13.599,NA,9.091,0.03,180,23.199
4905,42,5,692.677,1063.384,18900.638,2,164,25.626,23.999,NA,10.606,0.035,180,0
4906,42,6,691.667,1063.384,19200.648,2,176,26.636,24.999,NA,1.01,0.003,180,0
4907,42,7,685.606,1063.384,19500.659,2,209,32.696,31.01,NA,6.061,0.02,180,0
4908,42,8,681.061,1066.414,19800.669,2,218,38.159,35.958,NA,5.463,0.018,146.31,-33.69
4909,42,9,680.556,1066.414,20100.679,2,200,38.664,36.455,NA,0.505,0.002,180,33.69
4910,42,10,678.535,1068.434,20400.689,2,153,41.521,38.84,NA,2.857,0.01,135,-45
4911,42,11,678.535,1077.525,20700.699,2,162,50.612,41.8,NA,9.091,0.03,90,-45
4912,42,12,672.98,1077.525,21000.709,2,165,56.168,46.894,NA,5.556,0.019,180,90
4913,42,13,672.98,1077.525,21300.719,2,234,56.168,46.894,NA,0,0,0,-180
4914,42,14,668.939,1077.525,21600.729,2,245,60.208,50.659,NA,4.04,0.013,180,180
4915,42,15,668.434,1077.525,21900.74,2,136,60.713,51.132,NA,0.505,0.002,180,0
4916,42,16,660.859,1069.949,22200.75,2,243,71.427,56.466,NA,10.714,0.036,-135,45
4917,42,17,660.859,1069.949,22500.76,2,224,71.427,56.466,NA,0,0,0,135
4918,42,18,660.859,1069.949,22800.77,2,255,71.427,56.466,NA,0,0,0,0
4919,42,19,655.808,1063.889,23100.78,2,147,79.316,60.741,NA,7.889,0.026,-129.806,-129.806
4920,42,20,650.253,1060.354,23400.79,2,255,85.901,66.164,NA,6.585,0.022,-147.529,-17.723
4921,42,21,650.253,1060.354,23700.8,2,201,85.901,66.164,NA,0,0,0,147.529
4922,42,22,647.727,1053.788,24000.811,2,255,92.936,68.954,NA,7.035,0.023,-111.038,-111.038
4923,42,23,647.727,1053.788,24300.821,2,221,92.936,68.954,NA,0,0,0,111.038
4924,42,24,651.263,1053.283,24600.831,2,255,96.507,65.482,NA,3.571,0.012,-8.13,-8.13
4925,42,25,650.758,1053.283,24900.841,2,255,97.012,65.984,NA,0.505,0.002,180,-171.87
4926,42,26,644.697,1051.768,25200.851,2,255,103.259,72.171,NA,6.247,0.021,-165.964,14.036
4927,42,27,640.657,1051.768,25500.861,2,255,107.3,76.187,NA,4.04,0.013,180,-14.036
4928,42,28,640.657,1044.192,25800.871,2,240,114.875,77.359,NA,7.576,0.025,-90,90
4929,42,29,640.657,1044.192,26100.881,2,211,114.875,77.359,NA,0,0,0,90
4930,42,30,638.636,1044.192,26400.892,2,199,116.896,79.338,NA,2.02,0.007,180,180
4931,42,31,630.051,1036.111,26700.902,2,255,128.686,89.566,NA,11.791,0.039,-136.736,43.264
4932,42,32,625,1036.111,27000.912,2,255,133.737,94.446,NA,5.051,0.017,180,-43.264
4933,42,33,619.444,1036.111,27300.922,2,255,139.292,99.833,NA,5.556,0.019,180,0
4934,42,34,615.909,1039.646,27600.932,2,249,144.292,102.515,NA,5,0.017,135,-45
4935,42,35,619.949,1039.646,27900.942,2,196,148.332,98.557,NA,4.04,0.013,0,-135
4936,42,36,619.949,1039.646,28200.952,2,253,148.332,98.557,NA,0,0,0,0
4937,42,37,610.354,1039.646,28500.963,2,255,157.928,107.967,NA,9.596,0.032,180,180
4938,42,38,595.707,1045.707,28800.973,2,157,173.779,121.533,NA,15.851,0.053,157.521,-22.479
4939,42,39,580.051,1045.707,29100.983,2,231,189.436,137.095,NA,15.657,0.052,180,22.479
4940,42,40,565.909,1049.242,29400.993,2,255,204.012,150.878,NA,14.577,0.049,165.964,-14.036
4941,42,41,560.354,1048.737,29701.003,2,221,209.591,156.456,NA,5.578,0.019,-174.806,19.231
4942,42,42,567.929,1041.667,30001.013,2,255,219.954,149.594,NA,10.363,0.035,-43.025,131.781
4943,42,43,567.929,1041.667,30301.023,2,255,219.954,149.594,NA,0,0,0,43.025
4944,42,44,567.929,1041.667,30601.033,2,214,219.954,149.594,NA,0,0,0,0
4945,42,45,563.889,1041.667,30901.044,2,255,223.994,153.605,NA,4.04,0.013,180,180
4946,42,46,563.889,1041.667,31201.054,2,214,223.994,153.605,NA,0,0,0,-180
4947,42,47,563.889,1041.667,31501.064,2,194,223.994,153.605,NA,0,0,0,0
4948,42,48,547.222,1044.697,31801.074,2,223,240.934,169.869,NA,16.94,0.056,169.695,169.695
4949,42,49,522.98,1052.273,32101.084,2,255,266.332,193.583,NA,25.399,0.085,162.646,-7.049
4950,42,50,507.323,1051.768,32401.094,2,239,281.997,209.247,NA,15.665,0.052,-178.152,19.202
4951,42,51,506.313,1046.717,32701.104,2,255,287.148,210.511,NA,5.151,0.017,-101.31,76.842
4952,42,52,506.313,1049.242,33001.115,2,255,289.673,210.369,NA,2.525,0.008,90,-168.69
4953,42,53,506.313,1054.798,33301.125,2,255,295.229,210.162,NA,5.556,0.019,90,0
4954,42,54,506.313,1054.798,33601.135,2,244,295.229,210.162,NA,0,0,0,-90
4955,42,55,488.636,1053.788,33901.145,2,255,312.934,227.858,NA,17.706,0.059,-176.73,-176.73
4956,42,56,481.061,1052.273,34201.155,2,255,320.66,235.475,NA,7.726,0.026,-168.69,8.039
4957,42,57,481.061,1045.707,34501.165,2,249,327.226,235.778,NA,6.566,0.022,-90,78.69
4958,42,58,481.061,1045.707,34801.175,2,255,327.226,235.778,NA,0,0,0,90
4959,42,59,481.061,1045.707,35101.185,2,255,327.226,235.778,NA,0,0,0,0
4960,42,60,474.495,1041.162,35401.196,2,255,335.211,242.64,NA,7.986,0.027,-145.305,-145.305
4961,42,61,474.495,1041.162,35701.206,2,255,335.211,242.64,NA,0,0,0,145.305
4962,42,62,472.98,1039.646,36001.216,2,255,337.354,244.271,NA,2.143,0.007,-135,-135
4963,42,63,475,1039.646,36301.226,2,255,339.374,242.258,NA,2.02,0.007,0,135
4964,42,64,462.374,1039.646,36601.236,2,254,352,254.842,NA,12.626,0.042,180,180
4965,42,65,462.374,1039.646,36901.246,2,231,352,254.842,NA,0,0,0,-180
4966,42,66,462.374,1039.646,37201.256,2,255,352,254.842,NA,0,0,0,0
4967,42,67,462.374,1039.646,37501.266,2,255,352,254.842,NA,0,0,0,0
4968,42,68,462.374,1039.646,37801.277,2,255,352,254.842,NA,0,0,0,0
4969,42,69,449.242,1039.141,38101.287,2,238,365.141,267.973,NA,13.141,0.044,-177.797,-177.797
4970,42,70,449.242,1039.141,38401.297,2,231,365.141,267.973,NA,0,0,0,177.797
4971,42,71,449.242,1039.141,38701.307,2,255,365.141,267.973,NA,0,0,0,0
4972,42,72,449.242,1039.141,39001.317,2,237,365.141,267.973,NA,0,0,0,0
4973,42,73,449.242,1039.141,39301.327,2,255,365.141,267.973,NA,0,0,0,0
4974,42,74,449.242,1034.091,39601.337,2,255,370.192,268.41,NA,5.051,0.017,-90,-90
4975,42,75,443.182,1034.091,39901.348,2,237,376.252,274.444,NA,6.061,0.02,180,-90
4976,42,76,435.606,1034.091,40201.358,2,255,383.828,281.987,NA,7.576,0.025,180,0
4977,42,77,435.101,1034.091,40501.368,2,255,384.333,282.49,NA,0.505,0.002,180,0
4978,42,78,421.97,1034.091,40801.378,2,225,397.465,295.569,NA,13.131,0.044,180,0
4979,42,79,421.97,1034.091,41101.388,2,255,397.465,295.569,NA,0,0,0,-180
4980,42,80,422.475,1039.141,41401.398,2,255,402.54,294.668,NA,5.076,0.017,84.289,84.289
4981,42,81,416.414,1039.141,41701.408,2,255,408.601,300.714,NA,6.061,0.02,180,95.711
4982,42,82,416.414,1039.646,42001.418,2,255,409.106,300.679,NA,0.505,0.002,90,-90
4983,42,83,416.414,1039.646,42301.429,2,255,409.106,300.679,NA,0,0,0,-90
4984,42,84,416.414,1045.707,42601.439,2,255,415.167,300.333,NA,6.061,0.02,90,90
4985,42,85,416.414,1046.212,42901.449,2,219,415.672,300.31,NA,0.505,0.002,90,0
4986,42,86,415.909,1056.313,43201.459,2,255,425.785,300.526,NA,10.114,0.034,92.862,2.862
4987,42,87,415.909,1056.313,43501.469,2,249,425.785,300.526,NA,0,0,0,-92.862
4988,42,88,414.394,1060.859,43801.479,2,255,430.577,302.022,NA,4.791,0.016,108.435,108.435
4989,42,89,412.879,1063.889,44101.489,2,255,433.965,303.562,NA,3.388,0.011,116.565,8.13
4990,42,90,406.313,1063.889,44401.5,2,191,440.53,310.127,NA,6.566,0.022,180,63.435
4991,42,91,406.313,1063.889,44701.51,2,255,440.53,310.127,NA,0,0,0,-180
4992,42,92,406.313,1081.061,45001.52,2,241,457.702,310.826,NA,17.172,0.057,90,90
4993,42,93,396.717,1098.737,45301.53,2,255,477.815,322.054,NA,20.113,0.067,118.496,28.496
4994,42,94,392.677,1104.798,45601.54,2,255,485.099,326.843,NA,7.284,0.024,123.69,5.194
4995,42,95,390.657,1109.343,45901.55,2,255,490.073,329.496,NA,4.974,0.017,113.962,-9.728
4996,42,96,394.697,1118.434,46201.56,2,255,500.022,327.008,NA,9.948,0.033,66.038,-47.925
4997,42,97,388.636,1116.919,46501.57,2,237,506.269,332.709,NA,6.247,0.021,-165.964,127.999
4998,42,98,388.636,1118.434,46801.581,2,255,507.784,332.972,NA,1.515,0.005,90,-104.036
4999,42,99,388.636,1126.515,47101.591,2,244,515.865,334.489,NA,8.081,0.027,90,0
5000,42,100,388.636,1126.515,47401.601,2,243,515.865,334.489,NA,0,0,0,-90
5001,42,101,395.202,1137.626,47701.611,2,255,528.771,330.494,NA,12.906,0.043,59.421,59.421
5002,42,102,394.192,1146.717,48001.621,2,220,537.918,333.726,NA,9.147,0.03,96.34,36.919
5003,42,103,385.101,1157.828,48301.631,2,251,552.274,345.497,NA,14.356,0.048,129.289,32.949
5004,42,104,396.717,1167.424,48601.641,2,255,567.341,337.311,NA,15.067,0.05,39.56,-89.73
5005,42,105,396.717,1172.98,48901.651,2,255,572.897,339.124,NA,5.556,0.019,90,50.44
5006,42,106,396.717,1172.98,49201.662,2,217,572.897,339.124,NA,0,0,0,-90
5007,42,107,390.152,1174.495,49501.672,2,255,579.635,345.819,NA,6.738,0.022,167.005,167.005
5008,42,108,390.152,1178.03,49801.682,2,255,583.17,347.008,NA,3.535,0.012,90,-77.005
5009,42,109,383.586,1182.576,50101.692,2,255,591.156,354.735,NA,7.986,0.027,145.305,55.305
5010,42,110,383.586,1182.576,50401.702,2,255,591.156,354.735,NA,0,0,0,-145.305
5011,42,111,382.071,1184.596,50701.712,2,220,593.681,356.858,NA,2.525,0.008,126.87,126.87
5012,42,112,376.01,1184.596,51001.722,2,157,599.742,362.542,NA,6.061,0.02,180,53.13
5013,42,113,378.03,1178.535,51301.733,2,11,606.13,358.595,NA,6.388,0.021,-71.565,108.435
5014,42,114,391.667,1178.535,51601.743,2,143,619.766,345.756,NA,13.636,0.045,0,71.565
5015,42,115,391.667,1190.657,51901.753,2,248,631.888,350.102,NA,12.121,0.04,90,90
5016,42,116,396.212,1198.737,52201.763,2,127,641.159,349.026,NA,9.271,0.031,60.642,-29.358
5017,42,117,404.798,1198.737,52501.773,2,189,649.745,341.167,NA,8.586,0.029,0,-60.642
5018,42,118,409.343,1198.232,52801.783,2,245,654.318,336.812,NA,4.573,0.015,-6.34,-6.34
5019,42,119,409.343,1207.828,53101.793,2,174,663.914,340.867,NA,9.596,0.032,90,96.34
5020,42,120,400.253,1203.283,53401.803,2,230,674.078,347.177,NA,10.164,0.034,-153.435,116.565
5021,42,121,380.556,1203.283,53701.814,2,255,693.775,365.205,NA,19.697,0.066,180,-26.565
5022,42,122,378.535,1203.283,54001.824,2,255,695.795,367.063,NA,2.02,0.007,180,0
5023,42,123,378.535,1203.283,54301.834,2,255,695.795,367.063,NA,0,0,0,-180
5024,42,124,373.99,1210.354,54601.844,2,215,704.201,374.04,NA,8.406,0.028,122.735,122.735
5025,42,125,373.99,1218.939,54901.854,2,247,712.787,377.577,NA,8.586,0.029,90,-32.735
5026,42,126,366.414,1259.343,55201.864,2,255,753.895,402.863,NA,41.108,0.137,100.62,10.62
5027,42,127,378.535,1263.384,55501.874,2,221,766.672,394.447,NA,12.777,0.043,18.435,-82.185
5028,42,128,375,1272.98,55801.885,2,255,776.899,402.478,NA,10.226,0.034,110.225,91.79
5029,42,129,357.828,1274.495,56101.895,2,195,794.137,417.92,NA,17.238,0.057,174.958,64.733
5030,42,130,351.768,1275,56401.905,2,161,800.219,423.388,NA,6.082,0.02,175.236,0.279
5031,42,131,351.768,1275,56701.915,2,243,800.219,423.388,NA,0,0,0,-175.236
5032,42,132,351.263,1278.535,57001.925,2,225,803.79,425.628,NA,3.571,0.012,98.13,98.13
5033,42,133,344.192,1283.081,57301.935,2,244,812.196,434.03,NA,8.406,0.028,147.265,49.135
5034,42,134,344.192,1270.455,57601.945,2,255,824.822,427.673,NA,12.626,0.042,-90,122.735
5035,42,135,344.192,1269.949,57901.955,2,255,825.327,427.425,NA,0.505,0.002,-90,0
5036,42,136,337.121,1269.949,58201.966,2,255,832.398,433.596,NA,7.071,0.024,180,-90
5037,42,137,335.101,1269.949,58501.976,2,255,834.418,435.364,NA,2.02,0.007,180,0
5038,42,138,335.101,1269.949,58801.986,2,255,834.418,435.364,NA,0,0,0,-180
5039,42,139,335.101,1269.949,59101.996,2,255,834.418,435.364,NA,0,0,0,0
5040,42,140,335.101,1266.414,59402.006,2,252,837.953,433.669,NA,3.535,0.012,-90,-90
5041,42,141,335.101,1266.414,59702.016,2,247,837.953,433.669,NA,0,0,0,90
5042,42,142,341.667,1263.889,60002.026,2,255,844.988,426.694,NA,7.035,0.023,-21.038,-21.038
5043,42,143,341.667,1263.889,60302.036,2,255,844.988,426.694,NA,0,0,0,21.038
5044,42,144,341.667,1263.889,60602.047,2,255,844.988,426.694,NA,0,0,0,0
5045,42,145,323.99,1267.929,60902.057,2,132,863.12,444.178,NA,18.133,0.06,167.125,167.125
5046,42,146,323.99,1267.929,61202.067,2,240,863.12,444.178,NA,0,0,0,-167.125
5047,42,147,323.99,1280.051,61502.077,2,255,875.242,449.984,NA,12.121,0.04,90,90
5048,42,148,312.879,1282.071,61802.087,2,255,886.535,460.677,NA,11.293,0.038,169.695,79.695
5049,42,149,312.879,1282.071,62102.097,2,243,886.535,460.677,NA,0,0,0,-169.695
5050,42,150,313.384,1303.788,62402.107,2,255,908.258,471.105,NA,21.723,0.072,88.668,88.668
5051,42,151,313.889,1318.434,62702.118,2,137,922.913,478.428,NA,14.655,0.049,88.025,-0.643
5052,42,152,313.889,1335.101,63002.128,2,164,939.58,487.638,NA,16.667,0.056,90,1.975
5053,42,153,314.394,1345.202,63302.138,2,255,949.693,492.998,NA,10.114,0.034,87.138,-2.862
5054,42,154,314.394,1345.202,63602.148,2,255,949.693,492.998,NA,0,0,0,-87.138
5055,42,155,314.394,1356.313,63902.158,2,165,960.804,499.511,NA,11.111,0.037,90,90
5056,42,156,308.333,1356.818,64202.168,2,255,966.886,504.699,NA,6.082,0.02,175.236,85.236
5057,42,157,303.788,1356.818,64502.178,2,242,971.431,508.381,NA,4.545,0.015,180,4.764
5058,42,158,301.768,1362.374,64802.188,2,255,977.343,513.277,NA,5.911,0.02,109.983,-70.017
5059,42,159,300.253,1379.04,65102.199,2,182,994.078,524.475,NA,16.735,0.056,95.194,-14.789
5060,42,160,298.232,1383.081,65402.209,2,103,998.596,528.541,NA,4.517,0.015,116.565,21.371
5061,42,161,292.677,1383.081,65702.219,2,105,1004.151,532.947,NA,5.556,0.019,180,63.435
5062,42,162,292.677,1390.657,66002.229,2,127,1011.727,537.575,NA,7.576,0.025,90,-90
5063,42,163,305.303,1401.263,66302.239,2,221,1028.217,534.393,NA,16.49,0.055,40.03,-49.97
5064,42,164,312.374,1399.747,66602.249,2,209,1035.448,527.996,NA,7.231,0.024,-12.095,-52.125
5065,42,165,312.374,1409.848,66902.259,2,172,1045.549,534.555,NA,10.101,0.034,90,102.095
5066,42,166,310.859,1425.505,67202.27,2,132,1061.279,546.059,NA,15.73,0.052,95.528,5.528
5067,42,167,310.354,1438.636,67502.28,2,166,1074.42,555.307,NA,13.141,0.044,92.203,-3.325
5068,42,168,309.343,1443.687,67802.29,2,103,1079.57,559.498,NA,5.151,0.017,101.31,9.107
5069,42,169,309.343,1464.899,68102.3,2,28,1100.782,574.258,NA,21.212,0.071,90,-11.31
5070,42,170,315.909,1474.495,68402.31,2,247,1112.409,576.486,NA,11.627,0.039,55.62,-34.38
5071,43,1,677.273,735.985,40501.368,2,24,0,0,NA,NA,NA,NA,NA
5072,43,2,667.803,723.864,40801.378,2,75,15.382,15.382,NA,15.382,0.051,-127.999,NA
5073,43,3,667.803,723.864,41101.388,2,74,15.382,15.382,NA,0,0,0,127.999
5074,43,4,662.121,721.212,41401.398,2,87,21.652,21.161,NA,6.27,0.021,-154.983,-154.983
5075,43,5,650.758,720.076,41701.408,2,166,33.072,30.922,NA,11.42,0.038,-174.289,-19.306
5076,43,6,642.803,714.015,42001.418,2,234,43.072,40.876,NA,10,0.033,-142.696,31.593
5077,43,7,642.803,714.015,42301.429,2,201,43.072,40.876,NA,0,0,0,142.696
5078,43,8,618.561,714.015,42601.439,2,175,67.315,62.688,NA,24.242,0.081,180,180
5079,43,9,606.439,718.561,42901.449,2,152,80.26,72.945,NA,12.945,0.043,159.444,-20.556
5080,43,10,590.53,722.348,43201.459,2,255,96.614,87.808,NA,16.354,0.055,166.608,7.164
5081,43,11,573.485,720.833,43501.469,2,255,113.727,104.888,NA,17.113,0.057,-174.92,18.472
5082,43,12,564.015,698.864,43801.479,2,255,137.65,119.186,NA,23.924,0.08,-113.318,61.603
5083,43,13,554.167,690.909,44101.489,2,255,150.31,131.099,NA,12.66,0.042,-141.072,-27.755
5084,43,14,546.212,689.773,44401.5,2,255,158.345,138.969,NA,8.035,0.027,-171.87,-30.797
5085,43,15,515.53,681.061,44701.51,2,199,190.24,170.814,NA,31.895,0.106,-164.148,7.722
5086,43,16,497.727,669.318,45001.52,2,252,211.567,191.523,NA,21.327,0.071,-146.592,17.556
5087,43,17,476.894,648.485,45301.53,2,219,241.03,218.65,NA,29.463,0.098,-135,11.592
5088,43,18,459.848,648.864,45601.54,2,255,258.079,234.229,NA,17.05,0.057,178.727,-46.273
5089,43,19,444.697,648.485,45901.55,2,255,273.236,248.491,NA,15.156,0.051,-178.568,2.705
5090,43,20,416.288,643.939,46201.56,2,232,302.006,276.741,NA,28.77,0.096,-170.91,7.658
5091,43,21,410.985,632.576,46501.57,2,214,314.546,285.662,NA,12.54,0.042,-115.017,55.893
5092,43,22,419.697,625,46801.581,2,255,326.092,280.469,NA,11.545,0.038,-41.009,74.008
5093,43,23,425.379,618.561,47101.591,2,252,334.679,277.919,NA,8.588,0.029,-48.576,-7.567
5094,43,24,423.106,603.409,47401.601,2,255,350,286.665,NA,15.321,0.051,-98.531,-49.954
5095,43,25,413.258,595.076,47701.611,2,255,362.901,299.265,NA,12.901,0.043,-139.764,-41.233
5096,43,26,376.894,595.076,48001.621,2,247,399.265,331.787,NA,36.364,0.121,180,-40.236
5097,43,27,360.985,595.455,48301.631,2,242,415.179,346.102,NA,15.914,0.053,178.636,-1.364
5098,43,28,354.545,600,48601.641,2,255,423.061,350.207,NA,7.882,0.026,144.782,-33.854
5099,43,29,339.773,619.318,48901.651,2,255,447.38,357.096,NA,24.319,0.081,127.405,-17.377
5100,43,30,319.318,614.773,49201.662,2,255,468.333,377.92,NA,20.954,0.07,-167.471,65.123
5101,43,31,307.576,609.091,49501.672,2,254,481.378,390.868,NA,13.045,0.043,-154.179,13.292
5102,43,32,284.848,597.348,49801.682,2,225,506.96,416.193,NA,25.582,0.085,-152.676,1.503
5103,43,33,273.485,588.258,50101.692,2,255,521.512,429.963,NA,14.553,0.049,-141.34,11.336
5104,43,34,264.015,584.848,50401.702,2,239,531.577,440.027,NA,10.065,0.034,-160.201,-18.861
5105,43,35,256.439,594.318,50701.712,2,255,543.704,444.038,NA,12.127,0.04,128.66,-71.139
5106,43,36,240.909,598.106,51001.722,2,247,559.69,457.628,NA,15.986,0.053,166.293,37.633
5107,43,37,231.818,589.015,51301.733,2,242,572.546,469.073,NA,12.856,0.043,-135,58.707
5108,43,38,218.182,587.5,51601.743,2,255,586.266,482.506,NA,13.72,0.046,-173.66,-38.66
5109,43,39,210.606,575.758,51901.753,2,255,600.24,493.407,NA,13.974,0.047,-122.829,50.831
5110,43,40,210.606,575.758,52201.763,2,255,600.24,493.407,NA,0,0,0,122.829
5111,43,41,194.697,566.288,52501.773,2,255,618.755,511.543,NA,18.514,0.062,-149.237,-149.237
5112,43,42,188.258,550,52801.783,2,213,636.269,523.188,NA,17.515,0.058,-111.571,37.666
5113,43,43,187.879,549.621,53101.793,2,247,636.805,523.677,NA,0.536,0.002,-135,-23.429
5114,43,44,187.879,536.364,53401.803,2,210,650.063,528.54,NA,13.258,0.044,-90,45
5115,43,45,185.985,536.364,53701.814,2,213,651.956,530.295,NA,1.894,0.006,180,-90
5116,43,46,186.742,536.364,54001.824,2,191,652.714,529.593,NA,0.758,0.003,0,-180
5117,43,47,197.727,535.606,54301.834,2,225,663.725,519.726,NA,11.011,0.037,-3.945,-3.945
5118,43,48,193.561,529.167,54601.844,2,236,671.395,526.071,NA,7.67,0.026,-122.905,-118.96
5119,43,49,188.636,526.136,54901.854,2,237,677.177,531.791,NA,5.782,0.019,-148.392,-25.487
5120,43,50,188.636,526.136,55201.864,2,248,677.177,531.791,NA,0,0,0,148.392
5121,43,51,186.364,523.864,55501.874,2,239,680.391,534.778,NA,3.214,0.011,-135,-135
5122,43,52,180.682,521.212,55801.885,2,230,686.661,541.045,NA,6.27,0.021,-154.983,-19.983
5123,43,53,180.682,521.212,56101.895,2,255,686.661,541.045,NA,0,0,0,154.983
5124,43,54,177.652,526.136,56401.905,2,255,692.443,541.902,NA,5.782,0.019,121.608,121.608
5125,43,55,179.924,520.076,56701.915,2,255,698.916,542.192,NA,6.473,0.022,-69.444,168.949
5126,43,56,184.091,520.076,57001.925,2,255,703.082,538.373,NA,4.167,0.014,0,69.444
5127,43,57,184.091,518.561,57301.935,2,255,704.597,538.982,NA,1.515,0.005,-90,-90
5128,43,58,187.879,518.561,57601.945,2,255,708.385,535.518,NA,3.788,0.013,0,90
5129,43,59,195.455,530.303,57901.955,2,250,722.359,523.883,NA,13.974,0.047,57.171,57.171
5130,43,60,187.121,531.061,58201.966,2,255,730.727,531.265,NA,8.368,0.028,174.806,117.634
5131,43,61,203.788,529.167,58501.976,2,255,747.501,516.683,NA,16.774,0.056,-6.483,178.711
5132,43,62,197.727,525,58801.986,2,255,754.856,523.907,NA,7.355,0.025,-145.491,-139.008
5133,43,63,197.348,525,59101.996,2,199,755.235,524.254,NA,0.379,0.001,180,-34.509
5134,43,64,185.985,525,59402.006,2,255,766.598,534.676,NA,11.364,0.038,180,0
5135,43,65,181.818,520.455,59702.016,2,255,772.764,540.304,NA,6.166,0.021,-132.51,47.49
5136,43,66,181.818,520.455,60002.026,2,255,772.764,540.304,NA,0,0,0,132.51
5137,43,67,181.818,520.455,60302.036,2,255,772.764,540.304,NA,0,0,0,0
5138,43,68,181.818,525.379,60602.047,2,255,777.689,538.359,NA,4.924,0.016,90,90
5139,43,69,181.818,525.379,60902.057,2,255,777.689,538.359,NA,0,0,0,-90
5140,43,70,181.818,525.379,61202.067,2,255,777.689,538.359,NA,0,0,0,0
5141,43,71,179.167,517.803,61502.077,2,255,785.715,543.795,NA,8.026,0.027,-109.29,-109.29
5142,43,72,179.167,517.803,61802.087,2,255,785.715,543.795,NA,0,0,0,109.29
5143,43,73,181.061,512.879,62102.097,2,255,790.991,544.061,NA,5.276,0.018,-68.962,-68.962
5144,43,74,181.061,512.879,62402.107,2,244,790.991,544.061,NA,0,0,0,68.962
5145,43,75,181.061,512.879,62702.118,2,255,790.991,544.061,NA,0,0,0,0
5146,43,76,181.061,512.879,63002.128,2,254,790.991,544.061,NA,0,0,0,0
5147,43,77,181.061,512.879,63302.138,2,255,790.991,544.061,NA,0,0,0,0
5148,43,78,181.061,512.879,63602.148,2,255,790.991,544.061,NA,0,0,0,0
5149,43,79,181.061,518.939,63902.158,2,255,797.052,541.604,NA,6.061,0.02,90,90
5150,43,80,182.955,531.439,64202.168,2,220,809.694,534.967,NA,12.643,0.042,81.384,-8.616
5151,43,81,182.955,531.439,64502.178,2,255,809.694,534.967,NA,0,0,0,-81.384
5152,43,82,185.227,529.924,64802.188,2,255,812.426,533.451,NA,2.731,0.009,-33.69,-33.69
5153,43,83,170.833,521.212,65102.199,2,255,829.251,550.098,NA,16.825,0.056,-148.815,-115.125
5154,43,84,161.742,515.53,65402.209,2,236,839.971,560.689,NA,10.72,0.036,-147.995,0.82
5155,43,85,161.742,515.152,65702.219,2,255,840.35,560.838,NA,0.379,0.001,-90,57.995
5156,43,86,155.303,505.682,66002.229,2,255,851.802,570.519,NA,11.452,0.038,-124.216,-34.216
5157,43,87,152.652,500,66302.239,2,255,858.072,575.253,NA,6.27,0.021,-115.017,9.199
5158,43,88,152.652,500,66602.249,2,255,858.072,575.253,NA,0,0,0,115.017
5159,43,89,144.697,493.561,66902.259,2,255,868.306,585.155,NA,10.234,0.034,-141.009,-141.009
5160,43,90,144.318,494.318,67202.27,2,255,869.153,585.187,NA,0.847,0.003,116.565,-102.426
5161,43,91,144.318,482.576,67502.28,2,255,880.896,590.133,NA,11.742,0.039,-90,153.435
5162,43,92,144.318,482.576,67802.29,2,176,880.896,590.133,NA,0,0,0,90
5163,43,93,135.227,478.788,68102.3,2,228,890.744,599.97,NA,9.848,0.033,-157.38,-157.38
5164,43,94,122.727,478.788,68402.31,2,243,903.244,611.286,NA,12.5,0.042,180,-22.62
5165,43,95,114.394,474.242,68702.32,2,191,912.736,620.759,NA,9.492,0.032,-151.39,28.61
5166,43,96,99.621,457.955,69002.33,2,143,934.726,641.079,NA,21.989,0.073,-132.207,19.182
5167,43,97,87.879,451.894,69302.34,2,255,947.94,654.288,NA,13.214,0.044,-152.7,-20.493
5168,43,98,87.879,451.515,69602.351,2,239,948.319,654.453,NA,0.379,0.001,-90,62.7
5169,43,99,85.227,442.045,69902.361,2,232,958.153,660.998,NA,9.834,0.033,-105.642,-15.642
5170,43,100,84.848,432.955,70202.371,2,226,967.251,665.428,NA,9.099,0.03,-92.386,13.256
5171,43,101,84.47,421.97,70502.381,2,172,978.243,670.836,NA,10.991,0.037,-91.975,0.411
5172,43,102,77.273,413.636,70802.391,2,255,989.254,681.108,NA,11.011,0.037,-130.815,-38.84
5173,43,103,64.015,403.409,71102.401,2,190,1005.998,697.633,NA,16.744,0.056,-142.352,-11.537
5174,43,104,44.318,399.242,71402.411,2,131,1026.131,716.957,NA,20.133,0.067,-168.056,-25.703
5175,43,105,29.545,390.53,71702.422,2,207,1043.281,734.091,NA,17.15,0.057,-149.47,18.586
5176,44,1,718.434,667.929,34501.165,2,40,0,0,NA,NA,NA,NA,NA
5177,44,2,707.828,660.859,34801.175,2,85,12.747,12.747,NA,12.747,0.042,-146.31,NA
5178,44,3,697.222,658.838,35101.185,2,181,23.544,23.078,NA,10.797,0.036,-169.216,-22.906
5179,44,4,697.222,656.313,35401.196,2,146,26.069,24.184,NA,2.525,0.008,-90,79.216
5180,44,5,697.222,645.202,35701.206,2,184,37.18,31.088,NA,11.111,0.037,-90,0
5181,44,6,697.222,645.202,36001.216,2,188,37.18,31.088,NA,0,0,0,90
5182,44,7,693.687,645.202,36301.226,2,178,40.715,33.6,NA,3.535,0.012,180,180
5183,44,8,690.657,642.677,36601.236,2,187,44.66,37.541,NA,3.945,0.013,-140.194,39.806
5184,44,9,690.657,633.586,36901.246,2,211,53.751,44.171,NA,9.091,0.03,-90,50.194
5185,44,10,690.657,633.586,37201.256,2,199,53.751,44.171,NA,0,0,0,90
5186,44,11,688.636,636.111,37501.266,2,255,56.985,43.593,NA,3.234,0.011,128.66,128.66
5187,44,12,680.556,636.111,37801.277,2,239,65.066,49.469,NA,8.081,0.027,180,51.34
5188,44,13,680.051,634.596,38101.287,2,149,66.663,50.837,NA,1.597,0.005,-108.435,71.565
5189,44,14,678.03,628.535,38401.297,2,57,73.051,56.43,NA,6.388,0.021,-108.435,0
5190,44,15,678.03,628.03,38701.307,2,255,73.556,56.784,NA,0.505,0.002,-90,18.435
5191,44,16,672.475,622.98,39001.317,2,240,81.064,64.286,NA,7.508,0.025,-137.726,-47.726
5192,44,17,662.374,609.343,39301.327,2,183,98.034,81.087,NA,16.97,0.057,-126.529,11.197
5193,44,18,661.364,599.747,39601.337,2,241,107.683,88.915,NA,9.649,0.032,-96.009,30.52
5194,44,19,650.253,591.667,39901.348,2,234,121.422,102.297,NA,13.739,0.046,-143.973,-47.964
5195,44,20,643.182,589.646,40201.358,2,255,128.776,108.587,NA,7.354,0.025,-164.055,-20.082
5196,44,21,644.697,596.212,40501.368,2,255,135.514,102.862,NA,6.738,0.022,77.005,-118.94
5197,44,22,650.253,596.212,40801.378,2,255,141.07,98.955,NA,5.556,0.019,0,-77.005
5198,44,23,650.253,596.212,41101.388,2,220,141.07,98.955,NA,0,0,0,0
5199,44,24,650.253,596.212,41401.398,2,245,141.07,98.955,NA,0,0,0,0
5200,44,25,642.677,587.121,41701.408,2,149,152.903,110.766,NA,11.834,0.039,-129.806,-129.806
5201,44,26,633.586,577.02,42001.418,2,254,166.493,124.353,NA,13.59,0.045,-131.987,-2.182
5202,44,27,633.586,577.02,42301.429,2,225,166.493,124.353,NA,0,0,0,131.987
5203,44,28,630.051,574.495,42601.439,2,243,170.837,128.614,NA,4.345,0.014,-144.462,-144.462
5204,44,29,635.101,574.495,42901.449,2,255,175.888,125.198,NA,5.051,0.017,0,144.462
5205,44,30,636.111,582.576,43201.459,2,244,184.032,118.585,NA,8.144,0.027,82.875,82.875
5206,44,31,636.111,582.576,43501.469,2,255,184.032,118.585,NA,0,0,0,-82.875
5207,44,32,616.919,582.071,43801.479,2,255,203.23,132.955,NA,19.199,0.064,-178.493,-178.493
5208,44,33,610.354,575.505,44101.489,2,157,212.515,142.21,NA,9.285,0.031,-135,43.493
5209,44,34,595.707,575.505,44401.5,2,145,227.162,153.637,NA,14.646,0.049,180,-45
5210,44,35,595.707,575.505,44701.51,2,232,227.162,153.637,NA,0,0,0,-180
5211,44,36,585.606,572.475,45001.52,2,255,237.708,163.569,NA,10.546,0.035,-163.301,-163.301
5212,44,37,589.141,564.394,45301.53,2,178,246.528,165.639,NA,8.82,0.029,-66.371,96.93
5213,44,38,589.141,558.333,45601.54,2,255,252.589,169.493,NA,6.061,0.02,-90,-23.629
5214,44,39,586.111,552.273,45901.55,2,220,259.364,175.744,NA,6.776,0.023,-116.565,-26.565
5215,44,40,586.111,552.778,46201.56,2,251,259.87,175.412,NA,0.505,0.002,90,-153.435
5216,44,41,596.212,542.677,46501.57,2,255,274.155,175.004,NA,14.285,0.048,-45,-135
5217,44,42,603.788,544.192,46801.581,2,174,281.88,168.685,NA,7.726,0.026,11.31,56.31
5218,44,43,610.859,539.141,47101.591,2,219,290.57,167.806,NA,8.689,0.029,-35.538,-46.848
5219,44,44,614.899,544.697,47401.601,2,255,297.439,160.953,NA,6.869,0.023,53.973,89.51
5220,44,45,614.899,544.697,47701.611,2,255,297.439,160.953,NA,0,0,0,-53.973
5221,44,46,615.909,551.768,48001.621,2,214,304.581,154.935,NA,7.142,0.024,81.87,81.87
5222,44,47,607.828,551.768,48301.631,2,255,312.662,160.397,NA,8.081,0.027,180,98.13
5223,44,48,609.343,560.354,48601.641,2,178,321.381,153.21,NA,8.719,0.029,79.992,-100.008
5224,44,49,610.354,560.354,48901.651,2,231,322.391,152.493,NA,1.01,0.003,0,-79.992
5225,44,50,612.879,560.354,49201.662,2,148,324.916,150.713,NA,2.525,0.008,0,0
5226,44,51,619.949,555.303,49501.672,2,255,333.605,149.613,NA,8.689,0.029,-35.538,-35.538
5227,44,52,622.475,554.798,49801.682,2,239,336.181,148.347,NA,2.575,0.009,-11.31,24.228
5228,44,53,629.04,543.687,50101.692,2,96,349.087,153.06,NA,12.906,0.043,-59.421,-48.111
5229,44,54,629.04,543.687,50401.702,2,168,349.087,153.06,NA,0,0,0,59.421
5230,44,55,638.131,541.162,50701.712,2,255,358.522,150.062,NA,9.435,0.031,-15.524,-15.524
5231,44,56,638.131,541.162,51001.722,2,154,358.522,150.062,NA,0,0,0,15.524
5232,44,57,634.596,517.929,51301.733,2,255,382.022,171.84,NA,23.5,0.078,-98.653,-98.653
5233,44,58,618.434,506.818,51601.743,2,109,401.634,189.623,NA,19.613,0.065,-145.491,-46.839
5234,44,59,617.929,506.818,51901.753,2,248,402.139,189.89,NA,0.505,0.002,180,-34.509
5235,44,60,602.273,502.778,52201.763,2,142,418.309,201.912,NA,16.17,0.054,-165.53,14.47
5236,44,61,593.687,493.182,52501.773,2,206,431.185,214.706,NA,12.876,0.043,-131.82,33.71
5237,44,62,593.687,493.182,52801.783,2,199,431.185,214.706,NA,0,0,0,131.82
5238,44,63,593.687,493.182,53101.793,2,236,431.185,214.706,NA,0,0,0,0
5239,44,64,606.313,492.677,53401.803,2,255,443.821,208.05,NA,12.636,0.042,-2.291,-2.291
5240,44,65,606.313,515.909,53701.814,2,172,467.054,188.895,NA,23.232,0.077,90,92.291
5241,44,66,606.818,515.909,54001.824,2,177,467.559,188.596,NA,0.505,0.002,0,-90
5242,44,67,608.838,515.909,54301.834,2,186,469.579,187.407,NA,2.02,0.007,0,0
5243,44,68,608.838,515.909,54601.844,2,254,469.579,187.407,NA,0,0,0,0
5244,44,69,608.838,515.909,54901.854,2,255,469.579,187.407,NA,0,0,0,0
5245,44,70,608.838,515.909,55201.864,2,255,469.579,187.407,NA,0,0,0,0
5246,44,71,608.838,523.485,55501.874,2,254,477.155,181.316,NA,7.576,0.025,90,90
5247,44,72,612.374,529.04,55801.885,2,255,483.74,174.754,NA,6.585,0.022,57.529,-32.471
5248,44,73,612.374,529.04,56101.895,2,231,483.74,174.754,NA,0,0,0,-57.529
5249,44,74,612.374,513.889,56401.905,2,246,498.891,187.022,NA,15.152,0.051,-90,-90
5250,44,75,601.263,512.374,56701.915,2,194,510.105,194.748,NA,11.214,0.037,-172.235,-82.235
5251,44,76,601.263,499.747,57001.925,2,182,522.731,204.974,NA,12.626,0.042,-90,82.235
5252,44,77,611.364,481.566,57301.935,2,255,543.531,214.931,NA,20.799,0.069,-60.945,29.055
5253,44,78,611.364,481.566,57601.945,2,111,543.531,214.931,NA,0,0,0,60.945
5254,44,79,614.394,465.404,57901.955,2,239,559.974,227.686,NA,16.443,0.055,-79.38,-79.38
5255,44,80,611.869,441.162,58201.966,2,255,584.348,250.559,NA,24.374,0.081,-95.947,-16.567
5256,44,81,606.818,427.525,58501.976,2,219,598.889,265.051,NA,14.542,0.048,-110.323,-14.376
5257,44,82,594.697,414.394,58801.986,2,247,616.76,282.119,NA,17.871,0.06,-132.709,-22.386
5258,44,83,586.111,379.545,59101.996,2,204,652.65,317.293,NA,35.891,0.12,-103.841,28.869
5259,44,84,586.111,379.04,59402.006,2,244,653.155,317.752,NA,0.505,0.002,-90,13.841
5260,44,85,579.545,372.475,59702.016,2,255,662.441,326.471,NA,9.285,0.031,-135,-45
5261,44,86,570.96,375,60002.026,2,255,671.39,327.958,NA,8.95,0.03,163.61,-61.39
5262,44,87,560.354,363.889,60302.036,2,255,686.751,342.681,NA,15.361,0.051,-133.668,62.722
5263,44,88,559.848,363.384,60602.047,2,255,687.465,343.362,NA,0.714,0.002,-135,-1.332
5264,44,89,559.848,354.798,60902.057,2,255,696.051,351,NA,8.586,0.029,-90,45
5265,44,90,559.848,350.253,61202.067,2,255,700.596,355.061,NA,4.545,0.015,-90,0
5266,44,91,556.313,346.212,61502.077,2,255,705.965,360.257,NA,5.369,0.018,-131.186,-41.186
5267,44,92,556.313,346.212,61802.087,2,255,705.965,360.257,NA,0,0,0,131.186
5268,44,93,556.313,341.667,62102.097,2,255,710.51,364.322,NA,4.545,0.015,-90,-90
5269,44,94,556.313,333.081,62402.107,2,187,719.096,372.031,NA,8.586,0.029,-90,0
5270,44,95,563.889,319.949,62702.118,2,167,734.256,380.755,NA,15.16,0.051,-60.018,29.982
5271,44,96,567.929,313.384,63002.128,2,255,741.965,385.168,NA,7.709,0.026,-58.392,1.626
5272,44,97,567.929,313.384,63302.138,2,255,741.965,385.168,NA,0,0,0,58.392
5273,44,98,551.768,305.303,63602.148,2,191,760.035,399.093,NA,18.069,0.06,-153.435,-153.435
5274,44,99,536.616,287.121,63902.158,2,227,783.702,421.987,NA,23.667,0.079,-129.806,23.629
5275,44,100,530.051,272.98,64202.168,2,122,799.293,437.577,NA,15.591,0.052,-114.905,14.901
5276,44,101,520.96,271.465,64502.178,2,213,808.51,442.923,NA,9.216,0.031,-170.538,-55.633
5277,44,102,531.061,271.465,64802.188,2,255,818.611,438.512,NA,10.101,0.034,0,170.538
5278,44,103,531.061,280.556,65102.199,2,194,827.702,430.311,NA,9.091,0.03,90,90
5279,44,104,511.869,280.556,65402.209,2,181,846.893,439.008,NA,19.192,0.064,180,90
5280,44,105,511.869,282.071,65702.219,2,218,848.409,437.671,NA,1.515,0.005,90,-90
5281,44,106,509.343,277.525,66002.229,2,255,853.608,442.871,NA,5.2,0.017,-119.055,150.945
5282,44,107,509.343,271.97,66302.239,2,255,859.164,447.776,NA,5.556,0.019,-90,29.055
5283,44,108,509.848,268.939,66602.249,2,255,862.236,450.223,NA,3.072,0.01,-80.538,9.462
5284,44,109,512.879,268.939,66902.259,2,255,865.266,448.827,NA,3.03,0.01,0,80.538
5285,44,110,512.879,269.949,67202.27,2,255,866.276,447.93,NA,1.01,0.003,90,90
5286,44,111,510.859,274.495,67502.28,2,255,871.251,444.835,NA,4.974,0.017,113.962,23.962
5287,44,112,518.939,274.495,67802.29,2,255,879.331,441.122,NA,8.081,0.027,0,-113.962
5288,44,113,518.939,274.495,68102.3,2,255,879.331,441.122,NA,0,0,0,0
5289,44,114,518.939,274.495,68402.31,2,255,879.331,441.122,NA,0,0,0,0
5290,44,115,518.939,274.495,68702.32,2,255,879.331,441.122,NA,0,0,0,0
5291,44,116,518.939,269.949,69002.33,2,171,883.877,445.181,NA,4.545,0.015,-90,-90
5292,44,117,518.434,278.535,69302.34,2,255,892.478,437.753,NA,8.601,0.029,93.366,-176.634
5293,44,118,510.859,285.101,69602.351,2,241,902.503,435.483,NA,10.025,0.033,139.086,45.719
5294,44,119,510.859,272.98,69902.361,2,255,914.624,446.176,NA,12.121,0.04,-90,130.914
5295,44,120,499.242,268.434,70202.371,2,86,927.098,455.677,NA,12.474,0.042,-158.629,-68.629
5296,44,121,499.242,259.343,70502.381,2,246,936.189,463.667,NA,9.091,0.03,-90,68.629
5297,44,122,499.242,259.343,70802.391,2,83,936.189,463.667,NA,0,0,0,90
5298,44,123,499.242,242.172,71102.401,2,254,953.36,478.868,NA,17.172,0.057,-90,-90
5299,44,124,499.242,242.172,71402.411,2,169,953.36,478.868,NA,0,0,0,90
5300,44,125,494.697,238.636,71702.422,2,180,959.119,484.098,NA,5.758,0.019,-142.125,-142.125
5301,44,127,489.646,232.576,72002.432,2,206,967.008,491.81,NA,7.889,0.026,-129.806,12.319
5302,45,1,914.394,518.182,36301.226,2,119,0,0,NA,NA,NA,NA,NA
5303,45,2,914.394,510.606,36601.236,2,169,7.576,7.576,NA,7.576,0.025,-90,NA
5304,45,3,912.121,508.333,36901.246,2,181,10.79,10.107,NA,3.214,0.011,-135,-45
5305,45,4,905.303,497.727,37201.256,2,111,23.398,22.384,NA,12.609,0.042,-122.735,12.265
5306,45,5,909.091,481.818,37501.266,2,255,39.752,36.748,NA,16.354,0.055,-76.608,46.128
5307,45,6,909.091,481.818,37801.277,2,255,39.752,36.748,NA,0,0,0,76.608
5308,45,7,900,481.818,38101.287,2,255,48.843,39.109,NA,9.091,0.03,180,180
5309,45,8,896.212,481.061,38401.297,2,255,52.706,41.335,NA,3.863,0.013,-168.69,11.31
5310,45,9,895.455,466.667,38701.307,2,255,67.12,54.886,NA,14.414,0.048,-93.013,75.677
5311,45,10,895.455,450,39001.317,2,255,83.787,70.763,NA,16.667,0.056,-90,3.013
5312,45,11,895.455,450,39301.327,2,255,83.787,70.763,NA,0,0,0,90
5313,45,12,889.394,448.485,39601.337,2,255,90.034,74.045,NA,6.247,0.021,-165.964,-165.964
5314,45,13,889.394,433.333,39901.348,2,248,105.185,88.455,NA,15.152,0.051,-90,75.964
5315,45,14,889.394,408.333,40201.358,2,255,130.185,112.657,NA,25,0.083,-90,0
5316,45,15,889.394,408.333,40501.368,2,255,130.185,112.657,NA,0,0,0,90
5317,45,16,891.667,395.455,40801.378,2,255,143.263,124.814,NA,13.078,0.044,-79.992,-79.992
5318,45,17,900.758,395.455,41101.388,2,255,152.354,123.483,NA,9.091,0.03,0,79.992
5319,45,18,907.576,371.97,41401.398,2,255,176.809,146.371,NA,24.455,0.082,-73.811,-73.811
5320,45,19,910.606,364.394,41701.408,2,44,184.968,153.835,NA,8.159,0.027,-68.199,5.612
5321,45,20,910.606,374.242,42001.418,2,255,194.816,143.989,NA,9.848,0.033,90,158.199
5322,45,21,909.848,365.909,42301.429,2,255,203.184,152.341,NA,8.368,0.028,-95.194,174.806
5323,45,22,909.848,351.515,42601.439,2,255,217.578,166.729,NA,14.394,0.048,-90,5.194
5324,45,23,912.879,340.657,42901.449,2,255,228.851,177.532,NA,11.273,0.038,-74.407,15.593
5325,45,24,908.838,331.061,43201.459,2,255,239.263,187.204,NA,10.412,0.035,-112.834,-38.426
5326,45,25,905.808,321.465,43501.469,2,250,249.326,196.904,NA,10.063,0.034,-107.526,5.308
5327,45,26,905.303,321.465,43801.479,2,255,249.831,196.927,NA,0.505,0.002,180,-72.474
5328,45,27,893.687,311.869,44101.489,2,25,264.899,207.35,NA,15.067,0.05,-140.44,39.56
5329,45,28,898.737,267.929,44401.5,2,236,309.127,250.742,NA,44.229,0.147,-83.443,56.997
5330,45,29,906.818,251.768,44701.51,2,255,327.196,266.522,NA,18.069,0.06,-63.435,20.008
5331,45,30,905.808,248.737,45001.52,2,255,330.391,269.581,NA,3.194,0.011,-108.435,-45
5332,45,31,901.768,246.717,45301.53,2,255,334.908,271.758,NA,4.517,0.015,-153.435,-45
5333,45,32,893.687,219.444,45601.54,2,255,363.353,299.454,NA,28.445,0.095,-106.504,46.931
5334,45,33,893.687,219.444,45901.55,2,237,363.353,299.454,NA,0,0,0,106.504
5335,45,34,887.626,201.768,46201.56,2,255,382.04,317.544,NA,18.687,0.062,-108.925,-108.925
5336,45,35,879.04,201.768,46501.57,2,255,390.625,318.383,NA,8.586,0.029,180,-71.075
5337,45,36,879.04,201.768,46801.581,2,255,390.625,318.383,NA,0,0,0,-180
5338,45,37,879.04,201.768,47101.591,2,255,390.625,318.383,NA,0,0,0,0
5339,45,38,863.889,199.242,47401.601,2,255,405.986,322.913,NA,15.361,0.051,-170.538,-170.538
5340,45,39,863.384,198.737,47701.611,2,209,406.7,323.492,NA,0.714,0.002,-135,35.538
5341,45,40,851.768,194.192,48001.621,2,255,419.174,329.987,NA,12.474,0.042,-158.629,-23.629
5342,45,41,842.172,189.646,48301.631,2,252,429.792,336.38,NA,10.618,0.035,-154.654,3.976
5343,45,42,831.566,189.141,48601.641,2,255,440.41,339.305,NA,10.618,0.035,-177.274,-22.62
5344,45,43,824.495,189.141,48901.651,2,255,447.481,341.1,NA,7.071,0.024,180,-2.726
5345,45,44,824.495,189.141,49201.662,2,255,447.481,341.1,NA,0,0,0,-180
5346,45,45,810.859,185.606,49501.672,2,255,461.568,348.319,NA,14.087,0.047,-165.466,-165.466
5347,45,46,810.859,172.98,49801.682,2,241,474.194,360.394,NA,12.626,0.042,-90,75.466
5348,45,47,810.859,172.475,50101.692,2,255,474.699,360.878,NA,0.505,0.002,-90,0
5349,45,48,823.99,159.343,50401.702,2,255,493.27,370.051,NA,18.57,0.062,-45,45
5350,45,49,845.202,148.737,50701.712,2,255,516.986,375.868,NA,23.716,0.079,-26.565,18.435
5351,45,50,850.253,138.636,51001.722,2,255,528.279,384.927,NA,11.293,0.038,-63.435,-36.87
5352,45,51,855.808,119.444,51301.733,2,125,548.259,403.018,NA,19.98,0.067,-73.856,-10.421
5353,45,52,855.808,115.404,51601.743,2,252,552.299,407.016,NA,4.04,0.013,-90,-16.144
5354,45,53,863.384,113.384,51901.753,2,255,560.14,407.999,NA,7.84,0.026,-14.931,75.069
5355,45,54,865.909,114.394,52201.763,2,255,562.86,406.688,NA,2.72,0.009,21.801,36.733
5356,45,55,875.505,109.848,52501.773,2,255,573.478,410.181,NA,10.618,0.035,-25.346,-47.148
5357,45,56,875.505,109.848,52801.783,2,190,573.478,410.181,NA,0,0,0,25.346
5358,45,57,877.02,88.131,53101.793,2,239,595.248,431.671,NA,21.77,0.073,-86.009,-86.009
5359,45,58,880.051,81.566,53401.803,2,155,602.479,437.965,NA,7.231,0.024,-65.225,20.784
5360,45,59,880.051,81.566,53701.814,2,168,602.479,437.965,NA,0,0,0,65.225
5361,45,60,869.444,81.566,54001.824,2,255,613.085,438.924,NA,10.606,0.035,180,180
5362,45,61,865.404,69.949,54301.834,2,255,625.384,450.902,NA,12.299,0.041,-109.179,70.821
5363,45,62,859.848,49.242,54601.844,2,126,646.823,472.101,NA,21.439,0.071,-105.018,4.161
5364,45,63,874.495,63.889,54901.854,2,255,667.536,456.042,NA,20.713,0.069,45,150.018
5365,45,64,873.99,74.495,55201.864,2,255,678.154,445.523,NA,10.618,0.035,92.726,47.726
5366,45,65,872.98,75,55501.874,2,161,679.284,445.113,NA,1.129,0.004,153.435,60.709
5367,45,66,872.98,83.586,55801.885,2,235,687.87,436.565,NA,8.586,0.029,90,-63.435
5368,45,67,872.98,83.586,56101.895,2,255,687.87,436.565,NA,0,0,0,-90
5369,45,68,877.02,83.586,56401.905,2,255,691.91,436.2,NA,4.04,0.013,0,0
5370,45,69,877.02,83.586,56701.915,2,255,691.91,436.2,NA,0,0,0,0
5371,45,70,869.444,83.586,57001.925,2,255,699.486,436.914,NA,7.576,0.025,180,180
5372,45,71,869.444,70.455,57301.935,2,242,712.617,449.978,NA,13.131,0.044,-90,90
5373,45,72,873.99,90.152,57601.945,2,255,732.832,429.933,NA,20.215,0.067,77.005,167.005
5374,45,73,876.515,90.657,57901.955,2,255,735.407,429.2,NA,2.575,0.009,11.31,-65.695
5375,45,74,876.515,90.657,58201.966,2,255,735.407,429.2,NA,0,0,0,-11.31
5376,45,75,884.596,90.657,58501.976,2,255,743.488,428.562,NA,8.081,0.027,0,0
5377,45,76,884.596,90.657,58801.986,2,255,743.488,428.562,NA,0,0,0,0
5378,45,77,884.596,90.657,59101.996,2,227,743.488,428.562,NA,0,0,0,0
5379,45,78,877.525,90.657,59402.006,2,253,750.558,429.112,NA,7.071,0.024,180,180
5380,45,79,877.525,90.657,59702.016,2,255,750.558,429.112,NA,0,0,0,-180
5381,45,80,873.485,90.657,60002.026,2,255,754.599,429.478,NA,4.04,0.013,180,180
5382,45,81,873.485,89.646,60302.036,2,255,755.609,430.484,NA,1.01,0.003,-90,90
5383,45,82,877.525,83.081,60602.047,2,255,763.318,436.66,NA,7.709,0.026,-58.392,31.608
5384,45,83,877.525,83.081,60902.057,2,242,763.318,436.66,NA,0,0,0,58.392
5385,45,84,878.535,77.02,61202.067,2,255,769.462,442.617,NA,6.144,0.02,-80.538,-80.538
5386,45,85,882.576,77.02,61502.077,2,255,773.503,442.308,NA,4.04,0.013,0,80.538
5387,45,86,884.596,89.646,61802.087,2,255,786.29,429.57,NA,12.787,0.043,80.91,80.91
5388,45,87,888.636,89.646,62102.097,2,242,790.33,429.309,NA,4.04,0.013,0,-80.91
5389,45,88,888.636,89.646,62402.107,2,255,790.33,429.309,NA,0,0,0,0
5390,45,89,886.111,94.192,62702.118,2,255,795.53,424.932,NA,5.2,0.017,119.055,119.055
5391,45,90,886.111,94.192,63002.128,2,242,795.53,424.932,NA,0,0,0,-119.055
5392,45,91,883.081,94.192,63302.138,2,255,798.56,425.145,NA,3.03,0.01,180,180
5393,45,92,872.98,94.192,63602.148,2,249,808.661,426.008,NA,10.101,0.034,180,0
5394,45,93,872.98,92.677,63902.158,2,255,810.176,427.516,NA,1.515,0.005,-90,90
5395,45,94,870.96,85.606,64202.168,2,255,817.53,434.751,NA,7.354,0.025,-105.945,-15.945
5396,45,95,867.424,85.606,64502.178,2,255,821.065,435.118,NA,3.535,0.012,180,-74.055
5397,45,96,861.364,85.606,64802.188,2,186,827.126,435.814,NA,6.061,0.02,180,0
5398,45,97,861.364,85.606,65102.199,2,255,827.126,435.814,NA,0,0,0,-180
5399,45,98,861.364,85.606,65402.209,2,233,827.126,435.814,NA,0,0,0,0
5400,45,99,870.455,100.253,65702.219,2,255,844.364,420.233,NA,17.238,0.057,58.173,58.173
5401,45,100,870.455,100.253,66002.229,2,209,844.364,420.233,NA,0,0,0,-58.173
5402,45,101,870.455,100.253,66302.239,2,255,844.364,420.233,NA,0,0,0,0
5403,45,102,869.949,103.283,66602.249,2,255,847.436,417.273,NA,3.072,0.01,99.462,99.462
5404,45,103,869.949,112.374,66902.259,2,166,856.527,408.235,NA,9.091,0.03,90,-9.462
5405,45,104,861.869,126.01,67202.27,2,156,872.378,395.674,NA,15.851,0.053,120.651,30.651
5406,45,105,858.333,126.01,67502.28,2,255,875.914,396.158,NA,3.535,0.012,180,59.349
5407,45,106,861.364,126.01,67802.29,2,255,878.944,395.741,NA,3.03,0.01,0,-180
5408,45,107,870.96,126.515,68102.3,2,255,888.553,394.068,NA,9.609,0.032,3.013,3.013
5409,45,108,870.96,126.515,68402.31,2,255,888.553,394.068,NA,0,0,0,-3.013
5410,45,109,872.475,117.929,68702.32,2,255,897.272,402.442,NA,8.719,0.029,-79.992,-79.992
5411,45,110,872.475,111.364,69002.33,2,255,903.837,408.972,NA,6.566,0.022,-90,-10.008
5412,45,111,872.475,101.263,69302.34,2,255,913.938,419.021,NA,10.101,0.034,-90,0
5413,45,112,872.475,101.263,69602.351,2,255,913.938,419.021,NA,0,0,0,90
5414,45,113,862.374,101.263,69902.361,2,255,924.039,420.152,NA,10.101,0.034,180,180
5415,45,114,861.364,95.202,70202.371,2,255,930.184,426.291,NA,6.144,0.02,-99.462,80.538
5416,45,115,861.869,87.626,70502.381,2,255,937.776,433.748,NA,7.593,0.025,-86.186,13.276
5417,45,116,861.869,87.626,70802.391,2,255,937.776,433.748,NA,0,0,0,86.186
5418,45,117,861.869,87.626,71102.401,2,255,937.776,433.748,NA,0,0,0,0
5419,45,118,857.828,94.192,71402.411,2,235,945.485,427.747,NA,7.709,0.026,121.608,121.608
5420,45,119,853.283,88.636,71702.422,2,255,952.664,433.871,NA,7.178,0.024,-129.289,109.103
5421,45,120,853.283,88.636,72002.432,2,196,952.664,433.871,NA,0,0,0,129.289
5422,46,1,750,545.455,38401.297,2,180,0,0,NA,NA,NA,NA,NA
5423,46,2,742.424,537.879,38701.307,2,79,10.714,10.714,NA,10.714,0.036,-135,NA
5424,46,3,740.909,528.788,39001.317,2,89,19.93,18.985,NA,9.216,0.031,-99.462,35.538
5425,46,4,733.333,522.727,39301.327,2,114,29.632,28.183,NA,9.702,0.032,-141.34,-41.878
5426,46,5,728.03,511.364,39601.337,2,162,42.172,40.557,NA,12.54,0.042,-115.017,26.323
5427,46,6,727.273,510.606,39901.348,2,205,43.243,41.605,NA,1.071,0.004,-135,-19.983
5428,46,7,728.788,501.515,40201.358,2,216,52.46,48.792,NA,9.216,0.031,-80.538,54.462
5429,46,8,719.697,495.455,40501.368,2,255,63.385,58.466,NA,10.926,0.036,-146.31,-65.772
5430,46,9,719.697,484.091,40801.378,2,228,74.749,68.438,NA,11.364,0.038,-90,56.31
5431,46,10,719.697,484.091,41101.388,2,221,74.749,68.438,NA,0,0,0,90
5432,46,11,719.697,482.576,41401.398,2,250,76.264,69.8,NA,1.515,0.005,-90,-90
5433,46,12,719.697,473.485,41701.408,2,255,85.355,78.089,NA,9.091,0.03,-90,0
5434,46,13,698.485,457.576,42001.418,2,255,111.87,101.865,NA,26.515,0.088,-143.13,-53.13
5435,46,14,692.424,446.212,42301.429,2,197,124.749,114.735,NA,12.879,0.043,-118.072,25.058
5436,46,15,692.424,446.212,42601.439,2,255,124.749,114.735,NA,0,0,0,118.072
5437,46,16,690.152,437.121,42901.449,2,255,134.12,123.766,NA,9.371,0.031,-104.036,-104.036
5438,46,17,669.697,415.909,43201.459,2,181,163.587,152.416,NA,29.468,0.098,-133.958,-29.922
5439,46,18,668.939,393.939,43501.469,2,227,185.57,171.836,NA,21.983,0.073,-91.975,41.983
5440,46,19,668.939,390.152,43801.479,2,216,189.358,175.185,NA,3.788,0.013,-90,1.975
5441,46,20,668.939,390.152,44101.489,2,255,189.358,175.185,NA,0,0,0,90
5442,46,21,668.939,390.152,44401.5,2,255,189.358,175.185,NA,0,0,0,0
5443,46,22,653.03,371.97,44701.51,2,255,213.517,198.746,NA,24.159,0.081,-131.186,-131.186
5444,46,23,638.636,359.091,45001.52,2,180,232.832,217.102,NA,19.314,0.064,-138.18,-6.994
5445,46,24,642.677,365.404,45301.53,2,255,240.327,209.61,NA,7.495,0.025,57.381,-164.439
5446,46,25,639.141,365.404,45601.54,2,171,243.863,211.442,NA,3.535,0.012,180,122.619
5447,46,26,647.727,359.343,45901.55,2,191,254.372,212.361,NA,10.509,0.035,-35.218,144.782
5448,46,27,650.758,350.253,46201.56,2,255,263.955,218.981,NA,9.583,0.032,-71.565,-36.347
5449,46,28,650.758,337.626,46501.57,2,255,276.581,230.308,NA,12.626,0.042,-90,-18.435
5450,46,29,647.727,328.03,46801.581,2,255,286.644,240.277,NA,10.063,0.034,-107.526,-17.526
5451,46,30,647.727,328.03,47101.591,2,228,286.644,240.277,NA,0,0,0,107.526
5452,46,31,628.03,313.384,47401.601,2,125,311.19,262.171,NA,24.546,0.082,-143.366,-143.366
5453,46,32,614.394,292.677,47701.611,2,255,335.984,286.855,NA,24.794,0.083,-123.366,20
5454,46,33,614.394,292.677,48001.621,2,255,335.984,286.855,NA,0,0,0,123.366
5455,46,34,602.273,271.465,48301.631,2,255,360.415,311.278,NA,24.431,0.081,-119.745,-119.745
5456,46,35,597.727,257.323,48601.641,2,250,375.269,325.894,NA,14.854,0.05,-107.819,11.926
5457,46,36,581.566,238.131,48901.651,2,255,400.359,350.454,NA,25.09,0.084,-130.101,-22.282
5458,46,37,573.99,219.444,49201.662,2,249,420.523,370.489,NA,20.164,0.067,-112.068,18.033
5459,46,38,573.485,205.808,49501.672,2,238,434.169,382.776,NA,13.646,0.045,-92.121,19.947
5460,46,39,573.485,205.808,49801.682,2,201,434.169,382.776,NA,0,0,0,92.121
5461,46,40,564.394,205.808,50101.692,2,255,443.26,387.052,NA,9.091,0.03,180,180
5462,46,41,558.838,201.263,50401.702,2,255,450.438,393.714,NA,7.178,0.024,-140.711,39.289
5463,46,42,558.838,187.121,50701.712,2,255,464.579,406.135,NA,14.141,0.047,-90,50.711
5464,46,43,564.394,185.606,51001.722,2,255,470.338,404.896,NA,5.758,0.019,-15.255,74.745
5465,46,44,560.859,180.556,51301.733,2,255,476.503,411.006,NA,6.165,0.021,-124.992,-109.737
5466,46,45,543.182,173.485,51601.743,2,236,495.541,425.6,NA,19.038,0.063,-158.199,-33.207
5467,46,46,530.556,161.869,51901.753,2,255,512.698,441.921,NA,17.157,0.057,-137.386,20.813
5468,46,47,514.394,146.717,52201.763,2,244,534.851,463.143,NA,22.153,0.074,-136.848,0.538
5469,46,48,494.192,146.717,52501.773,2,255,555.053,473.74,NA,20.202,0.067,180,-43.152
5470,46,49,459.343,137.626,52801.783,2,255,591.068,500.805,NA,36.015,0.12,-165.379,14.621
5471,47,1,603.283,838.131,39001.317,2,74,0,0,NA,NA,NA,NA,NA
5472,47,2,602.273,838.636,39301.327,2,75,1.129,1.129,NA,1.129,0.004,153.435,NA
5473,47,3,593.687,838.636,39601.337,2,174,9.715,9.609,NA,8.586,0.029,180,26.565
5474,47,4,592.677,833.586,39901.348,2,155,14.866,11.539,NA,5.151,0.017,-101.31,78.69
5475,47,5,571.97,831.566,40201.358,2,109,35.671,31.994,NA,20.805,0.069,-174.428,-73.118
5476,47,6,564.394,816.919,40501.368,2,255,52.161,44.298,NA,16.49,0.055,-117.35,57.078
5477,47,7,551.263,816.919,40801.378,2,255,65.292,56.179,NA,13.131,0.044,180,-62.65
5478,47,8,536.616,816.919,41101.388,2,255,79.939,69.96,NA,14.646,0.049,180,0
5479,47,9,536.111,816.919,41401.398,2,169,80.444,70.441,NA,0.505,0.002,180,0
5480,47,10,520.96,816.919,41701.408,2,255,95.595,85.012,NA,15.152,0.051,180,0
5481,47,11,506.818,813.384,42001.418,2,243,110.172,99.588,NA,14.577,0.049,-165.964,14.036
5482,47,12,489.141,811.364,42301.429,2,118,127.964,117.238,NA,17.792,0.059,-173.48,-7.516
5483,47,13,478.03,801.768,42601.439,2,255,142.645,130.424,NA,14.681,0.049,-139.185,34.295
5484,47,14,478.03,801.768,42901.449,2,228,142.645,130.424,NA,0,0,0,139.185
5485,47,15,468.434,798.737,43201.459,2,255,152.708,140.485,NA,10.063,0.034,-162.474,-162.474
5486,47,16,468.434,798.737,43501.469,2,255,152.708,140.485,NA,0,0,0,162.474
5487,47,17,447.727,798.737,43801.479,2,237,173.415,160.466,NA,20.707,0.069,180,180
5488,47,18,420.96,790.152,44101.489,2,255,201.526,188.531,NA,28.111,0.094,-162.216,17.784
5489,47,19,401.263,798.232,44401.5,2,255,222.816,205.923,NA,21.29,0.071,157.694,-40.09
5490,47,20,388.636,798.232,44701.51,2,255,235.442,218.323,NA,12.626,0.042,180,22.306
5491,47,21,382.576,798.232,45001.52,2,255,241.503,224.285,NA,6.061,0.02,180,0
5492,47,22,354.798,797.727,45301.53,2,219,269.285,251.748,NA,27.782,0.093,-178.958,1.042
5493,47,23,332.576,785.101,45601.54,2,255,294.844,275.852,NA,25.559,0.085,-150.396,28.563
5494,47,24,322.98,787.121,45901.55,2,255,304.65,284.907,NA,9.806,0.033,168.111,-41.493
5495,47,25,316.414,787.121,46201.56,2,255,311.216,291.369,NA,6.566,0.022,180,11.889
5496,47,26,316.414,787.121,46501.57,2,252,311.216,291.369,NA,0,0,0,-180
5497,47,27,310.354,787.121,46801.581,2,255,317.277,297.338,NA,6.061,0.02,180,180
5498,47,28,311.364,795.707,47101.591,2,255,325.922,294.986,NA,8.645,0.029,83.29,-96.71
5499,47,29,311.364,781.061,47401.601,2,255,340.568,297.446,NA,14.646,0.049,-90,-173.29
5500,47,30,307.828,782.071,47701.611,2,182,344.245,300.726,NA,3.677,0.012,164.055,-105.945
5501,47,31,303.283,791.667,48001.621,2,255,354.863,303.577,NA,10.618,0.035,115.346,-48.708
5502,47,32,296.212,791.667,48301.631,2,255,361.934,310.566,NA,7.071,0.024,180,64.654
5503,47,33,294.697,786.111,48601.641,2,230,367.692,312.94,NA,5.758,0.019,-105.255,74.745
5504,47,34,294.697,785.606,48901.651,2,245,368.197,313.024,NA,0.505,0.002,-90,15.255
5505,47,35,264.394,780.051,49201.662,2,154,399.005,343.83,NA,30.808,0.103,-169.611,-79.611
5506,47,36,249.747,783.586,49501.672,2,255,414.073,357.718,NA,15.067,0.05,166.43,-23.959
5507,47,37,240.657,789.646,49801.682,2,243,424.998,365.853,NA,10.926,0.036,146.31,-20.12
5508,47,38,240.657,789.646,50101.692,2,223,424.998,365.853,NA,0,0,0,-146.31
5509,47,39,241.667,806.818,50401.702,2,205,442.2,362.969,NA,17.201,0.057,86.634,86.634
5510,47,40,241.667,816.919,50701.712,2,250,452.301,362.238,NA,10.101,0.034,90,3.366
5511,47,41,239.141,816.919,51001.722,2,255,454.826,364.759,NA,2.525,0.008,180,90
5512,47,42,237.626,809.343,51301.733,2,255,462.552,366.788,NA,7.726,0.026,-101.31,78.69
5513,47,43,229.545,805.808,51601.743,2,253,471.372,375.133,NA,8.82,0.029,-156.371,-55.061
5514,47,44,235.606,803.283,51901.753,2,231,477.938,369.325,NA,6.566,0.022,-22.62,133.751
5515,47,45,243.182,802.273,52201.763,2,255,485.581,361.882,NA,7.643,0.025,-7.595,15.025
5516,47,46,243.182,802.273,52501.773,2,255,485.581,361.882,NA,0,0,0,7.595
5517,47,47,243.182,802.273,52801.783,2,255,485.581,361.882,NA,0,0,0,0
5518,47,48,243.182,802.273,53101.793,2,255,485.581,361.882,NA,0,0,0,0
5519,47,49,241.667,795.202,53401.803,2,255,492.812,364.155,NA,7.231,0.024,-102.095,-102.095
5520,47,50,238.636,790.657,53701.814,2,255,498.275,367.724,NA,5.463,0.018,-123.69,-21.595
5521,47,51,238.636,790.657,54001.824,2,255,498.275,367.724,NA,0,0,0,123.69
5522,47,52,238.636,790.657,54301.834,2,255,498.275,367.724,NA,0,0,0,0
5523,47,53,238.636,790.657,54601.844,2,255,498.275,367.724,NA,0,0,0,0
5524,47,54,238.636,790.657,54901.854,2,255,498.275,367.724,NA,0,0,0,0
5525,47,55,238.636,790.657,55201.864,2,255,498.275,367.724,NA,0,0,0,0
5526,47,56,233.586,795.202,55501.874,2,255,505.07,372.181,NA,6.795,0.023,138.013,138.013
5527,47,57,230.051,796.212,55801.885,2,255,508.746,375.579,NA,3.677,0.012,164.055,26.042
5528,47,58,227.02,796.212,56101.895,2,255,511.777,378.591,NA,3.03,0.01,180,15.945
5529,47,59,227.02,796.212,56401.905,2,247,511.777,378.591,NA,0,0,0,-180
5530,47,60,227.02,796.212,56701.915,2,255,511.777,378.591,NA,0,0,0,0
5531,47,61,209.848,796.212,57001.925,2,247,528.948,395.661,NA,17.172,0.057,180,180
5532,47,62,221.465,796.212,57301.935,2,255,540.565,384.112,NA,11.616,0.039,0,-180
5533,47,63,223.99,806.818,57601.945,2,103,551.467,380.583,NA,10.903,0.036,76.608,76.608
5534,47,64,225,795.707,57901.955,2,255,562.624,380.654,NA,11.157,0.037,-84.806,-161.413
5535,47,65,231.566,795.707,58201.966,2,255,569.19,374.13,NA,6.566,0.022,0,84.806
5536,47,66,234.091,795.707,58501.976,2,255,571.715,371.621,NA,2.525,0.008,0,0
5537,47,67,234.091,795.707,58801.986,2,255,571.715,371.621,NA,0,0,0,0
5538,47,68,232.071,796.212,59101.996,2,255,573.797,373.571,NA,2.082,0.007,165.964,165.964
5539,47,69,227.525,800.253,59402.006,2,255,579.879,377.662,NA,6.082,0.02,138.366,-27.597
5540,47,70,225,797.727,59702.016,2,255,583.45,380.434,NA,3.571,0.012,-135,86.634
5541,47,71,225,797.727,60002.026,2,255,583.45,380.434,NA,0,0,0,135
5542,47,72,233.586,793.687,60302.036,2,255,592.939,372.359,NA,9.489,0.032,-25.201,-25.201
5543,47,73,235.101,793.687,60602.047,2,249,594.454,370.855,NA,1.515,0.005,0,25.201
5544,47,74,236.616,793.687,60902.057,2,255,595.97,369.35,NA,1.515,0.005,0,0
5545,47,75,236.616,800.758,61202.067,2,255,603.04,368.566,NA,7.071,0.024,90,90
5546,47,76,236.616,800.758,61502.077,2,228,603.04,368.566,NA,0,0,0,-90
5547,47,77,236.616,800.758,61802.087,2,255,603.04,368.566,NA,0,0,0,0
5548,47,78,236.616,800.758,62102.097,2,255,603.04,368.566,NA,0,0,0,0
5549,47,79,236.616,800.758,62402.107,2,255,603.04,368.566,NA,0,0,0,0
5550,47,80,236.616,800.758,62702.118,2,255,603.04,368.566,NA,0,0,0,0
5551,47,81,230.051,801.768,63002.128,2,255,609.683,375,NA,6.643,0.022,171.254,171.254
5552,47,82,220.96,803.788,63302.138,2,255,618.996,383.863,NA,9.313,0.031,167.471,-3.783
5553,47,83,220.96,803.788,63602.148,2,245,618.996,383.863,NA,0,0,0,-167.471
5554,47,84,222.475,803.788,63902.158,2,255,620.511,382.354,NA,1.515,0.005,0,0
5555,47,85,227.02,804.293,64202.168,2,245,625.084,377.781,NA,4.573,0.015,6.34,6.34
5556,47,86,227.02,796.717,64502.178,2,252,632.66,378.535,NA,7.576,0.025,-90,-96.34
5557,47,87,228.03,796.717,64802.188,2,255,633.67,377.531,NA,1.01,0.003,0,90
5558,47,88,228.535,795.707,65102.199,2,248,634.8,377.141,NA,1.129,0.004,-63.435,-63.435
5559,47,89,231.061,792.172,65402.209,2,255,639.144,375.049,NA,4.345,0.014,-54.462,8.973
5560,47,90,231.061,792.172,65702.219,2,255,639.144,375.049,NA,0,0,0,54.462
5561,47,91,232.576,792.172,66002.229,2,255,640.659,373.545,NA,1.515,0.005,0,0
5562,47,92,232.576,792.172,66302.239,2,255,640.659,373.545,NA,0,0,0,0
5563,47,93,226.01,792.172,66602.249,2,255,647.225,380.062,NA,6.566,0.022,180,180
5564,47,94,224.495,790.152,66902.259,2,253,649.75,381.815,NA,2.525,0.008,-126.87,53.13
5565,47,95,222.98,790.152,67202.27,2,255,651.265,383.318,NA,1.515,0.005,180,-53.13
5566,47,96,216.414,790.152,67502.28,2,255,657.831,389.833,NA,6.566,0.022,180,0
5567,47,97,212.374,793.687,67802.29,2,255,663.2,393.428,NA,5.369,0.018,138.814,-41.186
5568,47,98,212.374,793.687,68102.3,2,255,663.2,393.428,NA,0,0,0,-138.814
5569,47,99,211.364,792.677,68402.31,2,255,664.628,394.546,NA,1.428,0.005,-135,-135
5570,47,100,219.949,791.162,68702.32,2,192,673.347,386.2,NA,8.719,0.029,-10.008,124.992
5571,47,101,211.364,789.646,69002.33,2,255,682.065,394.907,NA,8.719,0.029,-169.992,-159.984
5572,47,102,209.848,786.111,69302.34,2,255,685.912,396.859,NA,3.846,0.013,-113.199,56.793
5573,47,103,209.848,786.111,69602.351,2,255,685.912,396.859,NA,0,0,0,113.199
5574,47,104,209.343,778.03,69902.361,2,255,694.008,398.498,NA,8.097,0.027,-93.576,-93.576
5575,47,105,209.343,778.03,70202.371,2,255,694.008,398.498,NA,0,0,0,93.576
5576,47,106,214.394,778.03,70502.381,2,255,699.059,393.506,NA,5.051,0.017,0,0
5577,47,107,215.909,784.596,70802.391,2,255,705.797,391.056,NA,6.738,0.022,77.005,77.005
5578,47,108,216.919,784.596,71102.401,2,255,706.807,390.055,NA,1.01,0.003,0,-77.005
5579,47,109,216.919,785.606,71402.411,2,255,707.817,389.918,NA,1.01,0.003,90,90
5580,47,110,215.404,786.111,71702.422,2,255,709.414,391.352,NA,1.597,0.005,161.565,71.565
5581,47,112,224.495,790.657,72002.432,2,255,719.578,381.751,NA,10.164,0.034,26.565,-135
5582,48,1,615.404,929.04,32701.104,2,31,0,0,NA,NA,NA,NA,NA
5583,48,2,610.354,929.04,33001.115,2,40,5.051,5.051,NA,5.051,0.017,180,NA
5584,48,3,603.283,929.04,33301.125,2,26,12.121,12.121,NA,7.071,0.024,180,0
5585,48,4,603.283,929.04,33601.135,2,54,12.121,12.121,NA,0,0,0,-180
5586,48,5,603.283,924.495,33901.145,2,144,16.667,12.945,NA,4.545,0.015,-90,-90
5587,48,6,590.657,917.424,34201.155,2,79,31.138,27.338,NA,14.471,0.048,-150.751,-60.751
5588,48,7,590.657,917.424,34501.165,2,91,31.138,27.338,NA,0,0,0,150.751
5589,48,8,590.657,917.424,34801.175,2,49,31.138,27.338,NA,0,0,0,0
5590,48,9,578.03,917.424,35101.185,2,181,43.764,39.137,NA,12.626,0.042,180,180
5591,48,10,578.03,917.424,35401.196,2,157,43.764,39.137,NA,0,0,0,-180
5592,48,11,577.02,916.919,35701.206,2,181,44.894,40.252,NA,1.129,0.004,-153.435,-153.435
5593,48,12,569.444,909.343,36001.216,2,118,55.607,50.003,NA,10.714,0.036,-135,18.435
5594,48,13,558.333,896.717,36301.226,2,249,72.426,65.589,NA,16.819,0.056,-131.348,3.652
5595,48,14,553.788,894.192,36601.236,2,160,77.626,70.788,NA,5.2,0.017,-150.945,-19.598
5596,48,15,553.788,894.192,36901.246,2,255,77.626,70.788,NA,0,0,0,150.945
5597,48,16,559.848,907.828,37201.256,2,160,92.549,59.467,NA,14.923,0.05,66.038,66.038
5598,48,17,551.263,908.333,37501.266,2,165,101.149,67.401,NA,8.601,0.029,176.634,110.596
5599,48,18,534.091,908.333,37801.277,2,222,118.321,83.908,NA,17.172,0.057,180,3.366
5600,48,19,513.384,917.424,38101.287,2,207,140.936,102.679,NA,22.615,0.075,156.297,-23.703
5601,48,20,501.768,917.929,38401.297,2,231,152.563,114.178,NA,11.627,0.039,177.51,21.213
5602,48,21,489.141,921.97,38701.307,2,255,165.82,126.46,NA,13.257,0.044,162.255,-15.255
5603,48,22,480.556,914.899,39001.317,2,255,176.942,135.588,NA,11.123,0.037,-140.528,57.217
5604,48,23,480.051,913.889,39301.327,2,255,178.072,136.199,NA,1.129,0.004,-116.565,23.962
5605,48,24,469.444,913.889,39601.337,2,255,188.678,146.744,NA,10.606,0.035,180,-63.435
5606,48,25,451.263,912.879,39901.348,2,255,206.888,164.935,NA,18.21,0.061,-176.82,3.18
5607,48,26,452.778,909.848,40201.358,2,255,210.276,163.755,NA,3.388,0.011,-63.435,113.385
5608,48,27,441.667,908.333,40501.368,2,255,221.49,174.967,NA,11.214,0.037,-172.235,-108.8
5609,48,28,435.101,903.283,40801.378,2,255,229.773,182.134,NA,8.283,0.028,-142.431,29.803
5610,48,29,430.556,903.283,41101.388,2,255,234.319,186.634,NA,4.545,0.015,180,-37.569
5611,48,30,418.939,903.283,41401.398,2,255,245.935,198.146,NA,11.616,0.039,180,0
5612,48,31,411.364,893.687,41701.408,2,255,258.161,207.081,NA,12.226,0.041,-128.29,51.71
5613,48,32,403.283,885.606,42001.418,2,255,269.589,216.522,NA,11.428,0.038,-135,-6.71
5614,48,33,391.667,880.556,42301.429,2,255,282.255,228.931,NA,12.667,0.042,-156.501,-21.501
5615,48,34,391.162,880.556,42601.439,2,255,282.76,229.424,NA,0.505,0.002,180,-23.499
5616,48,35,385.606,880.051,42901.449,2,255,288.339,234.962,NA,5.578,0.019,-174.806,5.194
5617,48,36,372.98,880.051,43201.459,2,255,300.965,247.325,NA,12.626,0.042,180,-5.194
5618,48,37,363.384,880.051,43501.469,2,255,310.561,256.738,NA,9.596,0.032,180,0
5619,48,38,359.343,880.556,43801.479,2,255,314.633,260.61,NA,4.072,0.014,172.875,-7.125
5620,48,39,359.343,880.556,44101.489,2,255,314.633,260.61,NA,0,0,0,-172.875
5621,48,40,359.343,880.556,44401.5,2,255,314.633,260.61,NA,0,0,0,0
5622,48,41,359.343,880.556,44701.51,2,252,314.633,260.61,NA,0,0,0,0
5623,48,42,354.293,892.677,45001.52,2,255,327.764,263.631,NA,13.131,0.044,112.62,112.62
5624,48,43,354.293,892.677,45301.53,2,255,327.764,263.631,NA,0,0,0,-112.62
5625,48,44,351.263,898.232,45601.54,2,255,334.092,265.932,NA,6.328,0.021,118.61,118.61
5626,48,45,340.152,898.737,45901.55,2,255,345.215,276.916,NA,11.123,0.037,177.397,58.787
5627,48,46,332.576,898.737,46201.56,2,255,352.791,284.447,NA,7.576,0.025,180,2.603
5628,48,47,327.02,899.242,46501.57,2,226,358.369,289.919,NA,5.578,0.019,174.806,-5.194
5629,48,48,333.586,903.283,46801.581,2,250,366.078,282.993,NA,7.709,0.026,31.608,-143.198
5630,48,49,328.03,896.717,47101.591,2,246,374.679,289.186,NA,8.601,0.029,-130.236,-161.844
5631,48,50,328.03,896.717,47401.601,2,255,374.679,289.186,NA,0,0,0,130.236
5632,48,51,328.03,896.717,47701.611,2,219,374.679,289.186,NA,0,0,0,0
5633,48,52,328.03,896.717,48001.621,2,255,374.679,289.186,NA,0,0,0,0
5634,48,53,328.03,912.374,48301.631,2,255,390.336,287.857,NA,15.657,0.052,90,90
5635,48,54,341.667,913.384,48601.641,2,248,404.009,274.185,NA,13.674,0.046,4.236,-85.764
5636,48,55,344.697,913.384,48901.651,2,255,407.04,271.159,NA,3.03,0.01,0,-4.236
5637,48,56,344.697,916.414,49201.662,2,251,410.07,271.001,NA,3.03,0.01,90,90
5638,48,57,344.697,926.515,49501.672,2,255,420.171,270.719,NA,10.101,0.034,90,0
5639,48,58,344.697,926.515,49801.682,2,255,420.171,270.719,NA,0,0,0,-90
5640,48,59,339.646,928.535,50101.692,2,255,425.611,275.758,NA,5.44,0.018,158.199,158.199
5641,48,60,335.101,929.04,50401.702,2,255,430.184,280.303,NA,4.573,0.015,173.66,15.461
5642,48,61,328.535,929.04,50701.712,2,255,436.75,286.869,NA,6.566,0.022,180,6.34
5643,48,62,328.535,929.04,51001.722,2,255,436.75,286.869,NA,0,0,0,-180
5644,48,63,328.535,929.04,51301.733,2,255,436.75,286.869,NA,0,0,0,0
5645,48,64,319.949,931.061,51601.743,2,255,445.57,295.461,NA,8.82,0.029,166.759,166.759
5646,48,65,319.949,931.061,51901.753,2,255,445.57,295.461,NA,0,0,0,-166.759
5647,48,66,309.343,931.566,52201.763,2,255,456.188,306.071,NA,10.618,0.035,177.274,177.274
5648,48,67,297.222,931.566,52501.773,2,255,468.309,318.192,NA,12.121,0.04,180,2.726
5649,48,68,297.222,931.566,52801.783,2,255,468.309,318.192,NA,0,0,0,-180
5650,48,69,296.717,939.141,53101.793,2,255,475.902,318.847,NA,7.593,0.025,93.814,93.814
5651,48,70,289.646,946.212,53401.803,2,255,485.901,326.21,NA,9.999,0.033,135,41.186
5652,48,71,289.646,946.212,53701.814,2,255,485.901,326.21,NA,0,0,0,-135
5653,48,72,280.556,946.212,54001.824,2,255,494.992,335.288,NA,9.091,0.03,180,180
5654,48,73,273.99,946.717,54301.834,2,242,501.577,341.871,NA,6.585,0.022,175.601,-4.399
5655,48,74,264.394,953.283,54601.844,2,255,513.205,351.846,NA,11.627,0.039,145.62,-29.982
5656,48,75,255.303,959.848,54901.854,2,255,524.418,361.416,NA,11.214,0.037,144.162,-1.457
5657,48,76,243.687,959.848,55201.864,2,217,536.035,372.992,NA,11.616,0.039,180,35.838
5658,48,77,243.687,959.848,55501.874,2,255,536.035,372.992,NA,0,0,0,-180
5659,48,78,226.515,963.889,55801.885,2,255,553.675,390.447,NA,17.641,0.059,166.759,166.759
5660,48,79,212.879,969.444,56101.895,2,158,568.4,404.548,NA,14.725,0.049,157.834,-8.926
5661,48,80,199.747,969.444,56401.905,2,212,581.531,417.616,NA,13.131,0.044,180,22.166
5662,48,81,182.071,961.364,56701.915,2,250,600.967,434.537,NA,19.436,0.065,-155.433,24.567
5663,48,82,158.333,954.798,57001.925,2,133,625.596,457.796,NA,24.629,0.082,-164.539,-9.106
5664,48,83,144.192,948.737,57301.935,2,255,640.982,471.624,NA,15.385,0.051,-156.801,7.737
5665,48,84,149.242,941.162,57601.945,2,196,650.086,466.319,NA,9.105,0.03,-56.31,100.491
5666,48,85,147.222,928.03,57901.955,2,161,663.372,468.183,NA,13.286,0.044,-98.746,-42.436
5667,48,86,140.657,910.354,58201.966,2,255,682.229,475.115,NA,18.857,0.063,-110.376,-11.63
5668,48,87,140.657,910.354,58501.976,2,232,682.229,475.115,NA,0,0,0,110.376
5669,48,88,126.01,912.374,58801.986,2,255,697.014,489.678,NA,14.785,0.049,172.147,172.147
5670,48,89,113.889,912.374,59101.996,2,112,709.135,501.792,NA,12.121,0.04,180,7.853
5671,48,90,113.889,908.838,59402.006,2,202,712.671,501.922,NA,3.535,0.012,-90,90
5672,48,91,106.313,909.343,59702.016,2,127,720.263,509.472,NA,7.593,0.025,176.186,-93.814
5673,48,92,97.222,909.343,60002.026,2,203,729.354,518.556,NA,9.091,0.03,180,3.814
5674,48,93,97.222,909.343,60302.036,2,194,729.354,518.556,NA,0,0,0,-180
5675,48,94,83.586,909.343,60602.047,2,150,742.991,532.183,NA,13.636,0.045,180,180
5676,48,95,61.869,900.253,60902.057,2,84,766.534,554.283,NA,23.543,0.078,-157.286,22.714
5677,48,96,42.172,892.172,61202.067,2,213,787.824,574.417,NA,21.29,0.071,-157.694,-0.408
5678,48,97,28.03,901.768,61502.077,2,183,804.914,588.007,NA,17.09,0.057,145.84,-56.466
5679,48,98,31.566,886.616,61802.087,2,231,820.472,585.378,NA,15.559,0.052,-76.866,137.294
5680,48,99,17.929,870.455,62102.097,2,188,841.618,600.34,NA,21.146,0.07,-130.156,-53.29
5681,48,100,9.848,850.253,62402.107,2,181,863.376,610.66,NA,21.758,0.073,-111.801,18.355
5682,48,101,0.253,842.172,62702.118,2,200,875.921,621.255,NA,12.545,0.042,-139.899,-28.098
5683,49,1,1107.323,708.838,27000.912,2,97,0,0,NA,NA,NA,NA,NA
5684,49,2,1107.323,708.333,27300.922,2,78,0.505,0.505,NA,0.505,0.002,-90,NA
5685,49,3,1111.364,708.333,27600.932,2,107,4.545,4.072,NA,4.04,0.013,0,90
5686,49,4,1118.939,707.323,27900.942,2,122,12.188,11.715,NA,7.643,0.025,-7.595,-7.595
5687,49,5,1124.495,707.323,28200.952,2,161,17.744,17.238,NA,5.556,0.019,0,7.595
5688,49,6,1131.061,704.798,28500.963,2,136,24.778,24.079,NA,7.035,0.023,-21.038,-21.038
5689,49,7,1131.061,704.798,28800.973,2,135,24.778,24.079,NA,0,0,0,21.038
5690,49,8,1131.061,698.737,29100.983,2,110,30.839,25.797,NA,6.061,0.02,-90,-90
5691,49,9,1135.101,694.192,29400.993,2,223,36.921,31.403,NA,6.082,0.02,-48.366,41.634
5692,49,10,1135.101,690.152,29701.003,2,88,40.961,33.478,NA,4.04,0.013,-90,-41.634
5693,49,11,1145.202,687.121,30001.013,2,136,51.507,43.663,NA,10.546,0.035,-16.699,73.301
5694,49,12,1145.202,676.01,30301.023,2,255,62.618,50.125,NA,11.111,0.037,-90,-73.301
5695,49,13,1145.202,676.01,30601.033,2,190,62.618,50.125,NA,0,0,0,90
5696,49,14,1145.202,676.01,30901.044,2,213,62.618,50.125,NA,0,0,0,0
5697,49,15,1145.202,676.01,31201.054,2,217,62.618,50.125,NA,0,0,0,0
5698,49,16,1145.202,681.061,31501.064,2,148,67.668,46.972,NA,5.051,0.017,90,90
5699,49,17,1154.798,685.101,31801.074,2,216,78.08,53.078,NA,10.412,0.035,22.834,-67.166
5700,49,18,1160.354,685.101,32101.084,2,210,83.636,58.101,NA,5.556,0.019,0,-22.834
5701,49,19,1171.465,687.121,32401.094,2,105,94.929,67.718,NA,11.293,0.038,10.305,10.305
5702,49,20,1169.444,685.606,32701.104,2,166,97.454,66.323,NA,2.525,0.008,-143.13,-153.435
5703,49,21,1168.939,690.152,33001.115,2,255,102.028,64.388,NA,4.573,0.015,96.34,-120.53
5704,49,22,1168.939,690.152,33301.125,2,255,102.028,64.388,NA,0,0,0,-96.34
5705,49,23,1168.939,690.152,33601.135,2,254,102.028,64.388,NA,0,0,0,0
5706,49,24,1168.939,690.152,33901.145,2,222,102.028,64.388,NA,0,0,0,0
5707,49,25,1175,682.576,34201.155,2,202,111.729,72.594,NA,9.702,0.032,-51.34,-51.34
5708,49,26,1178.535,677.525,34501.165,2,255,117.894,77.793,NA,6.165,0.021,-55.008,-3.668
5709,49,27,1188.636,666.919,34801.175,2,222,132.541,91.482,NA,14.646,0.049,-46.397,8.611
5710,49,28,1203.283,652.273,35101.185,2,195,153.254,111.391,NA,20.713,0.069,-45,1.397
5711,49,29,1203.283,652.273,35401.196,2,224,153.254,111.391,NA,0,0,0,45
5712,49,30,1205.303,641.667,35701.206,2,220,164.051,118.794,NA,10.797,0.036,-79.216,-79.216
5713,49,31,1211.869,633.081,36001.216,2,241,174.859,129.108,NA,10.809,0.036,-52.595,26.621
5714,49,32,1216.919,630.051,36301.226,2,210,180.749,134.977,NA,5.89,0.02,-30.964,21.631
5715,49,33,1224.495,625.505,36601.236,2,255,189.584,143.783,NA,8.835,0.029,-30.964,0
5716,49,34,1224.495,625.505,36901.246,2,162,189.584,143.783,NA,0,0,0,30.964
5717,49,35,1230.556,617.424,37201.256,2,188,199.685,153.436,NA,10.101,0.034,-53.13,-53.13
5718,49,36,1233.586,611.364,37501.266,2,126,206.461,159.51,NA,6.776,0.023,-63.435,-10.305
5719,49,37,1241.162,606.313,37801.277,2,89,215.566,168.595,NA,9.105,0.03,-33.69,29.745
5720,49,38,1243.687,596.717,38101.287,2,139,225.489,176.54,NA,9.923,0.033,-75.256,-41.566
5721,49,39,1243.687,586.616,38401.297,2,142,235.59,183.121,NA,10.101,0.034,-90,-14.744
5722,49,40,1250.758,586.616,38701.307,2,238,242.66,188.445,NA,7.071,0.024,0,90
5723,49,41,1253.283,586.616,39001.317,2,231,245.186,190.375,NA,2.525,0.008,0,0
5724,49,42,1253.283,586.616,39301.327,2,149,245.186,190.375,NA,0,0,0,0
5725,49,43,1253.283,586.616,39601.337,2,142,245.186,190.375,NA,0,0,0,0
5726,49,44,1259.343,579.545,39901.348,2,255,254.498,199.567,NA,9.313,0.031,-49.399,-49.399
5727,49,45,1259.343,579.545,40201.358,2,218,254.498,199.567,NA,0,0,0,49.399
5728,49,46,1259.343,579.545,40501.368,2,255,254.498,199.567,NA,0,0,0,0
5729,49,47,1259.343,579.545,40801.378,2,186,254.498,199.567,NA,0,0,0,0
5730,49,48,1269.444,582.576,41101.388,2,164,265.044,205.489,NA,10.546,0.035,16.699,16.699
5731,49,49,1273.99,578.03,41401.398,2,202,271.472,211.869,NA,6.428,0.021,-45,-61.699
5732,49,50,1278.535,573.99,41701.408,2,137,277.554,217.94,NA,6.082,0.02,-41.634,3.366
5733,49,51,1278.535,562.374,42001.418,2,217,289.17,225.312,NA,11.616,0.039,-90,-48.366
5734,49,52,1279.545,557.828,42301.429,2,125,293.826,229.051,NA,4.656,0.016,-77.471,12.529
5735,49,53,1285.101,543.182,42601.439,2,91,309.491,242.996,NA,15.665,0.052,-69.228,8.243
5736,49,54,1292.172,531.566,42901.449,2,162,323.09,256.114,NA,13.599,0.045,-58.671,10.556
5737,49,55,1297.727,531.566,43201.459,2,209,328.645,260.152,NA,5.556,0.019,0,58.671
5738,49,56,1300.758,521.97,43501.469,2,209,338.709,268.955,NA,10.063,0.034,-72.474,-72.474
5739,49,57,1300.758,509.343,43801.479,2,172,351.335,277.876,NA,12.626,0.042,-90,-17.526
5740,49,58,1300.758,509.343,44101.489,2,180,351.335,277.876,NA,0,0,0,90
5741,49,59,1311.869,509.343,44401.5,2,113,362.446,285.722,NA,11.111,0.037,0,0
5742,49,60,1311.869,489.646,44701.51,2,149,382.143,299.807,NA,19.697,0.066,-90,-90
5743,49,61,1314.899,456.313,45001.52,2,124,415.614,326.889,NA,33.471,0.112,-84.806,5.194
5744,49,62,1331.566,451.263,45301.53,2,157,433.029,341.511,NA,17.415,0.058,-16.858,67.947
5745,49,63,1340.657,448.737,45601.54,2,179,442.464,349.424,NA,9.435,0.031,-15.524,1.334
5746,49,64,1341.162,449.242,45901.55,2,243,443.178,349.386,NA,0.714,0.002,45,60.524
5747,49,65,1341.667,449.242,46201.56,2,191,443.683,349.724,NA,0.505,0.002,0,-45
5748,49,66,1347.727,448.232,46501.57,2,223,449.827,354.556,NA,6.144,0.02,-9.462,-9.462
5749,49,67,1347.727,448.232,46801.581,2,139,449.827,354.556,NA,0,0,0,9.462
5750,49,68,1352.273,435.606,47101.591,2,202,463.247,366.955,NA,13.42,0.045,-70.201,-70.201
5751,49,69,1352.273,435.606,47401.601,2,255,463.247,366.955,NA,0,0,0,70.201
5752,49,70,1376.01,432.576,47701.611,2,134,487.177,385.375,NA,23.93,0.08,-7.275,-7.275
5753,49,71,1390.152,427.02,48001.621,2,110,502.37,399.266,NA,15.194,0.051,-21.448,-14.173
5754,49,72,1391.162,424.495,48301.631,2,144,505.09,401.765,NA,2.72,0.009,-68.199,-46.751
5755,49,73,1401.768,408.838,48601.641,2,176,524.001,420.354,NA,18.911,0.063,-55.886,12.313
5756,49,74,1401.263,405.808,48901.651,2,205,527.073,422.17,NA,3.072,0.01,-99.462,-43.577
5757,49,75,1402.273,404.293,49201.662,2,143,528.894,423.961,NA,1.821,0.006,-56.31,43.152
5758,49,76,1404.798,404.293,49501.672,2,185,531.419,425.722,NA,2.525,0.008,0,56.31
5759,49,77,1408.838,407.323,49801.682,2,180,536.47,426.407,NA,5.051,0.017,36.87,36.87
5760,49,78,1408.838,407.323,50101.692,2,142,536.47,426.407,NA,0,0,0,-36.87
5761,49,79,1408.838,407.323,50401.702,2,134,536.47,426.407,NA,0,0,0,0
5762,49,80,1408.838,401.768,50701.712,2,103,542.025,430.353,NA,5.556,0.019,-90,-90
5763,49,81,1408.838,401.768,51001.722,2,54,542.025,430.353,NA,0,0,0,90
5764,49,82,1408.838,401.768,51301.733,2,152,542.025,430.353,NA,0,0,0,0
5765,49,83,1408.838,401.768,51601.743,2,129,542.025,430.353,NA,0,0,0,0
5766,49,84,1408.838,401.768,51901.753,2,149,542.025,430.353,NA,0,0,0,0
5767,49,85,1408.838,401.768,52201.763,2,172,542.025,430.353,NA,0,0,0,0
5768,49,86,1403.283,401.768,52501.773,2,245,547.581,426.479,NA,5.556,0.019,180,180
5769,49,87,1403.283,401.768,52801.783,2,129,547.581,426.479,NA,0,0,0,-180
5770,49,88,1397.727,401.768,53101.793,2,185,553.137,422.643,NA,5.556,0.019,180,180
5771,49,89,1400.253,397.727,53401.803,2,132,557.901,427.315,NA,4.765,0.016,-57.995,122.005
5772,49,90,1400.253,397.727,53701.814,2,160,557.901,427.315,NA,0,0,0,57.995
5773,49,91,1400.253,397.727,54001.824,2,177,557.901,427.315,NA,0,0,0,0
5774,49,92,1404.798,397.727,54301.834,2,232,562.447,430.443,NA,4.545,0.015,0,0
5775,49,93,1404.798,397.727,54601.844,2,201,562.447,430.443,NA,0,0,0,0
5776,49,94,1404.798,397.727,54901.854,2,129,562.447,430.443,NA,0,0,0,0
5777,49,95,1404.798,397.727,55201.864,2,92,562.447,430.443,NA,0,0,0,0
5778,49,96,1411.364,396.717,55501.874,2,215,569.09,435.73,NA,6.643,0.022,-8.746,-8.746
5779,49,97,1414.899,396.717,55801.885,2,255,572.625,438.204,NA,3.535,0.012,0,8.746
5780,49,98,1414.899,398.737,56101.895,2,255,574.645,436.767,NA,2.02,0.007,90,90
5781,49,99,1417.929,397.727,56401.905,2,170,577.839,439.621,NA,3.194,0.011,-18.435,-108.435
5782,49,100,1435.101,386.616,56701.915,2,214,598.292,459.636,NA,20.453,0.068,-32.905,-14.47
5783,49,101,1435.101,386.111,57001.925,2,183,598.797,459.99,NA,0.505,0.002,-90,-57.095
5784,49,102,1443.687,379.545,57301.935,2,88,609.606,470.717,NA,10.809,0.036,-37.405,52.595
5785,49,103,1460.354,379.545,57601.945,2,100,626.273,482.767,NA,16.667,0.056,0,37.405
5786,49,104,1470.96,367.424,57901.955,2,157,642.379,498.794,NA,16.106,0.054,-48.814,-48.814
5787,49,105,1470.96,367.424,58201.966,2,109,642.379,498.794,NA,0,0,0,48.814
5788,49,106,1472.475,363.384,58501.976,2,33,646.694,502.667,NA,4.315,0.014,-69.444,-69.444
5789,49,107,1482.576,353.788,58801.986,2,79,660.626,516.6,NA,13.932,0.046,-43.531,25.913
5790,49,108,1488.636,349.242,59101.996,2,220,668.202,524.127,NA,7.576,0.025,-36.87,6.661
5791,49,109,1482.576,354.798,59402.006,2,206,676.424,515.906,NA,8.222,0.027,137.49,174.359
5792,49,110,1487.626,337.626,59702.016,2,154,694.323,531.44,NA,17.899,0.06,-73.61,148.9
5793,49,111,1494.192,337.626,60002.026,2,192,700.889,536.158,NA,6.566,0.022,0,73.61
5794,49,112,1496.717,336.111,60302.036,2,131,703.833,539.03,NA,2.945,0.01,-30.964,-30.964
5795,49,113,1501.768,333.081,60602.047,2,119,709.723,544.775,NA,5.89,0.02,-30.964,0
5796,49,114,1501.768,333.081,60902.057,2,158,709.723,544.775,NA,0,0,0,30.964
5797,49,115,1502.273,326.01,61202.067,2,227,716.812,550.039,NA,7.089,0.024,-85.914,-85.914
5798,50,1,1024.495,946.212,23700.8,2,84,0,0,NA,NA,NA,NA,NA
5799,50,2,1024.495,946.212,24000.811,2,77,0,0,NA,0,0,0,NA
5800,50,3,1032.071,943.687,24300.821,2,134,7.986,7.986,NA,7.986,0.027,-18.435,-18.435
5801,50,4,1030.556,941.162,24600.831,2,255,10.93,7.889,NA,2.945,0.01,-120.964,-102.529
5802,50,5,1023.485,941.162,24900.841,2,255,18.001,5.151,NA,7.071,0.024,180,-59.036
5803,50,6,1023.485,941.162,25200.851,2,224,18.001,5.151,NA,0,0,0,-180
5804,50,7,1023.485,941.162,25500.861,2,193,18.001,5.151,NA,0,0,0,0
5805,50,8,1023.485,941.162,25800.871,2,222,18.001,5.151,NA,0,0,0,0
5806,50,9,1023.485,941.162,26100.881,2,249,18.001,5.151,NA,0,0,0,0
5807,50,10,1023.485,941.162,26400.892,2,169,18.001,5.151,NA,0,0,0,0
5808,50,11,1019.949,940.657,26700.902,2,167,21.572,7.178,NA,3.571,0.012,-171.87,-171.87
5809,50,12,1019.949,934.596,27000.912,2,255,27.633,12.474,NA,6.061,0.02,-90,81.87
5810,50,13,1019.949,934.596,27300.922,2,227,27.633,12.474,NA,0,0,0,90
5811,50,14,1019.949,934.596,27600.932,2,255,27.633,12.474,NA,0,0,0,0
5812,50,15,1019.949,934.596,27900.942,2,199,27.633,12.474,NA,0,0,0,0
5813,50,16,1016.414,938.636,28200.952,2,205,33.002,11.077,NA,5.369,0.018,131.186,131.186
5814,50,17,1017.929,938.636,28500.963,2,247,34.517,10.025,NA,1.515,0.005,0,-131.186
5815,50,18,1020.455,947.222,28800.973,2,208,43.466,4.165,NA,8.95,0.03,73.61,73.61
5816,50,19,1020.455,947.222,29100.983,2,207,43.466,4.165,NA,0,0,0,-73.61
5817,50,20,1020.455,947.222,29400.993,2,173,43.466,4.165,NA,0,0,0,0
5818,50,21,1013.889,947.222,29701.003,2,137,50.032,10.654,NA,6.566,0.022,180,180
5819,50,22,1011.364,943.687,30001.013,2,140,54.377,13.372,NA,4.345,0.014,-125.538,54.462
5820,50,23,1006.818,941.667,30301.023,2,235,59.351,18.252,NA,4.974,0.017,-156.038,-30.5
5821,50,24,1006.818,940.152,30601.033,2,168,60.866,18.687,NA,1.515,0.005,-90,66.038
5822,50,25,1006.818,935.101,30901.044,2,239,65.917,20.879,NA,5.051,0.017,-90,0
5823,50,26,1011.869,934.596,31201.054,2,222,70.992,17.157,NA,5.076,0.017,-5.711,84.289
5824,50,27,1013.889,934.596,31501.064,2,241,73.012,15.73,NA,2.02,0.007,0,5.711
5825,50,28,1015.404,934.596,31801.074,2,244,74.528,14.751,NA,1.515,0.005,0,0
5826,50,29,1015.404,942.172,32101.084,2,212,82.103,9.948,NA,7.576,0.025,90,90
5827,50,30,1018.434,942.172,32401.094,2,255,85.134,7.284,NA,3.03,0.01,0,-90
5828,50,31,1020.96,942.172,32701.104,2,213,87.659,5.369,NA,2.525,0.008,0,0
5829,50,32,1027.525,942.172,33001.115,2,239,94.225,5.051,NA,6.566,0.022,0,0
5830,50,33,1027.525,942.172,33301.125,2,244,94.225,5.051,NA,0,0,0,0
5831,50,34,1027.525,942.172,33601.135,2,255,94.225,5.051,NA,0,0,0,0
5832,50,35,1027.525,942.172,33901.145,2,246,94.225,5.051,NA,0,0,0,0
5833,50,36,1027.525,935.606,34201.155,2,91,100.79,11.03,NA,6.566,0.022,-90,-90
5834,50,37,1024.495,933.586,34501.165,2,165,104.432,12.626,NA,3.642,0.012,-146.31,-56.31
5835,50,38,1021.465,933.586,34801.175,2,223,107.463,12.985,NA,3.03,0.01,180,-33.69
5836,50,39,1019.444,931.566,35101.185,2,103,110.32,15.493,NA,2.857,0.01,-135,45
5837,50,40,1024.495,924.495,35401.196,2,128,119.009,21.717,NA,8.689,0.029,-54.462,80.538
5838,50,41,1028.03,923.99,35701.206,2,189,122.58,22.502,NA,3.571,0.012,-8.13,46.332
5839,50,42,1028.03,917.424,36001.216,2,215,129.146,29.004,NA,6.566,0.022,-90,-81.87
5840,50,43,1029.545,913.889,36301.226,2,219,132.992,32.715,NA,3.846,0.013,-66.801,23.199
5841,50,44,1029.545,913.889,36601.236,2,198,132.992,32.715,NA,0,0,0,66.801
5842,50,45,1041.162,913.889,36901.246,2,181,144.608,36.367,NA,11.616,0.039,0,0
5843,50,46,1054.798,913.889,37201.256,2,255,158.244,44.306,NA,13.636,0.045,0,0
5844,50,47,1054.798,913.889,37501.266,2,255,158.244,44.306,NA,0,0,0,0
5845,50,48,1060.354,913.889,37801.277,2,255,163.8,48.277,NA,5.556,0.019,0,0
5846,50,49,1058.838,913.889,38101.287,2,255,165.315,47.162,NA,1.515,0.005,180,180
5847,50,50,1057.828,907.323,38401.297,2,194,171.958,51.22,NA,6.643,0.022,-98.746,81.254
5848,50,51,1057.828,907.323,38701.307,2,197,171.958,51.22,NA,0,0,0,98.746
5849,50,52,1057.828,907.323,39001.317,2,209,171.958,51.22,NA,0,0,0,0
5850,50,53,1056.818,912.374,39301.327,2,232,177.109,46.796,NA,5.151,0.017,101.31,101.31
5851,50,54,1056.818,917.929,39601.337,2,224,182.664,42.95,NA,5.556,0.019,90,-11.31
5852,50,55,1056.818,917.929,39901.348,2,202,182.664,42.95,NA,0,0,0,-90
5853,50,56,1056.818,917.929,40201.358,2,137,182.664,42.95,NA,0,0,0,0
5854,50,57,1056.818,917.929,40501.368,2,128,182.664,42.95,NA,0,0,0,0
5855,50,58,1060.859,912.374,40801.378,2,235,189.534,49.672,NA,6.869,0.023,-53.973,-53.973
5856,50,59,1060.859,912.374,41101.388,2,253,189.534,49.672,NA,0,0,0,53.973
5857,50,60,1060.859,912.374,41401.398,2,200,189.534,49.672,NA,0,0,0,0
5858,50,61,1060.354,906.818,41701.408,2,255,195.112,53.27,NA,5.578,0.019,-95.194,-95.194
5859,50,62,1053.283,906.818,42001.418,2,244,202.183,48.792,NA,7.071,0.024,180,-84.806
5860,50,63,1049.747,904.798,42301.429,2,224,206.255,48.506,NA,4.072,0.014,-150.255,29.745
5861,50,64,1049.747,904.798,42601.439,2,192,206.255,48.506,NA,0,0,0,150.255
5862,50,65,1049.747,898.232,42901.449,2,105,212.82,54.219,NA,6.566,0.022,-90,-90
5863,50,66,1047.727,895.202,43201.459,2,163,216.462,56.052,NA,3.642,0.012,-123.69,-33.69
5864,50,67,1041.667,894.192,43501.469,2,210,222.606,54.781,NA,6.144,0.02,-170.538,-46.848
5865,50,68,1041.667,894.697,43801.479,2,181,223.112,54.302,NA,0.505,0.002,90,-99.462
5866,50,69,1039.141,890.657,44101.489,2,255,227.876,57.454,NA,4.765,0.016,-122.005,147.995
5867,50,70,1039.141,889.646,44401.5,2,255,228.886,58.431,NA,1.01,0.003,-90,32.005
5868,50,71,1041.162,888.131,44701.51,2,255,231.412,60.425,NA,2.525,0.008,-36.87,53.13
5869,50,72,1041.667,888.131,45001.52,2,232,231.917,60.566,NA,0.505,0.002,0,36.87
5870,50,73,1046.212,886.616,45301.53,2,171,236.708,63.43,NA,4.791,0.016,-18.435,-18.435
5871,50,74,1046.212,884.596,45601.54,2,114,238.728,65.331,NA,2.02,0.007,-90,-71.565
5872,50,75,1046.212,885.101,45901.55,2,181,239.233,64.855,NA,0.505,0.002,90,180
5873,50,76,1046.212,879.04,46201.56,2,124,245.294,70.595,NA,6.061,0.02,-90,-180
5874,50,77,1046.212,870.455,46501.57,2,255,253.88,78.809,NA,8.586,0.029,-90,0
5875,50,78,1041.162,866.919,46801.581,2,238,260.045,81.026,NA,6.165,0.021,-145.008,-55.008
5876,50,79,1041.162,866.414,47101.591,2,193,260.55,81.52,NA,0.505,0.002,-90,55.008
5877,50,80,1047.727,866.414,47401.601,2,255,267.115,83.111,NA,6.566,0.022,0,90
5878,50,81,1047.222,866.414,47701.611,2,255,267.62,82.971,NA,0.505,0.002,180,180
5879,50,82,1047.222,866.414,48001.621,2,255,267.62,82.971,NA,0,0,0,-180
5880,50,83,1047.222,866.414,48301.631,2,201,267.62,82.971,NA,0,0,0,0
5881,50,84,1051.768,866.414,48601.641,2,255,272.166,84.33,NA,4.545,0.015,0,0
5882,50,85,1053.788,866.414,48901.651,2,234,274.186,85.005,NA,2.02,0.007,0,0
5883,50,86,1053.788,866.414,49201.662,2,244,274.186,85.005,NA,0,0,0,0
5884,50,87,1053.788,866.414,49501.672,2,255,274.186,85.005,NA,0,0,0,0
5885,50,88,1053.788,866.414,49801.682,2,194,274.186,85.005,NA,0,0,0,0
5886,50,89,1050.758,862.374,50101.692,2,204,279.236,87.856,NA,5.051,0.017,-126.87,-126.87
5887,50,90,1049.747,855.303,50401.702,2,227,286.379,94.351,NA,7.142,0.024,-98.13,28.74
5888,50,91,1049.747,855.303,50701.712,2,230,286.379,94.351,NA,0,0,0,98.13
5889,50,92,1049.747,850.758,51001.722,2,255,290.924,98.738,NA,4.545,0.015,-90,-90
5890,50,93,1050.253,850.253,51301.733,2,229,291.639,99.356,NA,0.714,0.002,-45,45
5891,50,94,1052.273,850.253,51601.743,2,255,293.659,99.899,NA,2.02,0.007,0,45
5892,50,95,1061.364,852.778,51901.753,2,251,303.094,100.445,NA,9.435,0.031,15.524,15.524
5893,50,96,1063.384,860.354,52201.763,2,255,310.934,94.255,NA,7.84,0.026,75.069,59.544
5894,50,97,1068.939,864.394,52501.773,2,215,317.804,93.11,NA,6.869,0.023,36.027,-39.041
5895,50,98,1068.939,864.394,52801.783,2,109,317.804,93.11,NA,0,0,0,-36.027
5896,50,99,1076.515,873.99,53101.793,2,200,330.03,89.006,NA,12.226,0.041,51.71,51.71
5897,50,100,1076.515,881.061,53401.803,2,158,337.101,83.372,NA,7.071,0.024,90,38.29
5898,50,101,1076.515,881.061,53701.814,2,207,337.101,83.372,NA,0,0,0,-90
5899,50,102,1076.515,881.061,54001.824,2,130,337.101,83.372,NA,0,0,0,0
5900,50,103,1073.485,889.141,54301.834,2,250,345.731,75.214,NA,8.63,0.029,110.556,110.556
5901,50,104,1068.939,892.172,54601.844,2,255,351.194,69.969,NA,5.463,0.018,146.31,35.754
5902,50,105,1068.939,892.172,54901.854,2,152,351.194,69.969,NA,0,0,0,-146.31
5903,50,106,1061.364,892.172,55201.864,2,255,358.77,65.419,NA,7.576,0.025,180,180
5904,50,107,1061.364,892.172,55501.874,2,233,358.77,65.419,NA,0,0,0,-180
5905,50,108,1061.364,892.172,55801.885,2,128,358.77,65.419,NA,0,0,0,0
5906,50,109,1055.303,898.232,56101.895,2,255,367.341,57.019,NA,8.571,0.029,135,135
5907,50,110,1050.253,898.232,56401.905,2,255,372.391,54.457,NA,5.051,0.017,180,45
5908,50,111,1050.253,894.192,56701.915,2,255,376.432,58.048,NA,4.04,0.013,-90,90
5909,50,112,1063.384,896.212,57001.925,2,200,389.717,63.343,NA,13.286,0.044,8.746,98.746
5910,50,113,1070.455,908.838,57301.935,2,255,404.189,59.237,NA,14.471,0.048,60.751,52.005
5911,50,114,1076.515,908.838,57601.945,2,207,410.249,64.054,NA,6.061,0.02,0,-60.751
5912,50,115,1076.515,911.364,57901.955,2,188,412.774,62.614,NA,2.525,0.008,90,90
5913,50,116,1076.515,911.364,58201.966,2,156,412.774,62.614,NA,0,0,0,-90
5914,50,117,1085.101,927.02,58501.976,2,245,430.631,63.572,NA,17.856,0.06,61.26,61.26
5915,50,118,1092.677,927.02,58801.986,2,202,438.206,70.831,NA,7.576,0.025,0,-61.26
5916,50,119,1092.677,927.02,59101.996,2,54,438.206,70.831,NA,0,0,0,0
5917,50,120,1103.283,927.02,59402.006,2,246,448.812,81.092,NA,10.606,0.035,0,0
5918,50,121,1108.838,926.515,59702.016,2,255,454.391,86.613,NA,5.578,0.019,-5.194,-5.194
5919,50,122,1111.869,926.515,60002.026,2,134,457.421,89.566,NA,3.03,0.01,0,5.194
5920,50,123,1123.99,926.515,60302.036,2,255,469.542,101.426,NA,12.121,0.04,0,0
5921,50,124,1123.99,926.515,60602.047,2,211,469.542,101.426,NA,0,0,0,0
5922,50,125,1123.99,933.081,60902.057,2,208,476.108,100.358,NA,6.566,0.022,90,90
5923,50,126,1138.636,937.626,61202.067,2,226,491.444,114.464,NA,15.336,0.051,17.241,-72.759
5924,50,127,1152.273,939.141,61502.077,2,151,505.164,127.973,NA,13.72,0.046,6.34,-10.901
5925,50,128,1184.091,953.283,61802.087,2,125,539.983,159.753,NA,34.819,0.116,23.962,17.622
5926,50,129,1200.758,957.323,62102.097,2,101,557.133,176.612,NA,17.149,0.057,13.627,-10.335
5927,50,130,1222.98,957.323,62402.107,2,216,579.355,198.796,NA,22.222,0.074,0,-13.627
5928,50,131,1222.98,957.323,62702.118,2,74,579.355,198.796,NA,0,0,0,0
5929,50,132,1258.333,958.333,63002.128,2,199,614.723,234.152,NA,35.368,0.118,1.637,1.637
5930,50,133,1287.626,964.899,63302.138,2,234,644.742,263.794,NA,30.02,0.1,12.633,10.997
5931,50,134,1303.283,980.051,63602.148,2,165,666.53,280.834,NA,21.788,0.073,44.061,31.427
5932,50,135,1326.515,1006.818,63902.158,2,194,701.974,308.041,NA,35.444,0.118,49.044,4.984
5933,50,136,1329.545,1012.374,64202.168,2,97,708.302,312.143,NA,6.328,0.021,61.39,12.345
5934,50,137,1329.545,1012.374,64502.178,2,123,708.302,312.143,NA,0,0,0,-61.39
5935,50,138,1333.586,1023.485,64802.188,2,248,720.125,318.604,NA,11.823,0.039,70.017,70.017
5936,50,139,1333.586,1023.485,65102.199,2,172,720.125,318.604,NA,0,0,0,-70.017
5937,50,140,1332.071,1030.556,65402.209,2,129,727.356,318.93,NA,7.231,0.024,102.095,102.095
5938,50,141,1311.869,1031.061,65702.219,2,198,747.564,299.638,NA,20.208,0.067,178.568,76.473
5939,50,142,1307.323,1044.192,66002.229,2,202,761.46,299.319,NA,13.896,0.046,109.093,-69.474
5940,50,143,1303.283,1052.778,66302.239,2,255,770.949,298.461,NA,9.489,0.032,115.201,6.108
5941,50,144,1303.283,1059.343,66602.249,2,220,777.515,300.868,NA,6.566,0.022,90,-25.201
5942,50,145,1310.354,1068.434,66902.259,2,168,789.032,310.891,NA,11.517,0.038,52.125,-37.875
5943,50,146,1316.414,1072.98,67202.27,2,95,796.608,318.256,NA,7.576,0.025,36.87,-15.255
5944,50,147,1316.414,1061.869,67502.28,2,245,807.719,313.996,NA,11.111,0.037,-90,-126.87
5945,50,148,1316.414,1061.869,67802.29,2,254,807.719,313.996,NA,0,0,0,90
5946,50,149,1316.414,1061.869,68102.3,2,255,807.719,313.996,NA,0,0,0,0
5947,50,150,1316.414,1061.869,68402.31,2,179,807.719,313.996,NA,0,0,0,0
5948,50,151,1320.96,1061.869,68702.32,2,148,812.264,318.226,NA,4.545,0.015,0,0
5949,50,152,1322.98,1061.869,69002.33,2,255,814.284,320.109,NA,2.02,0.007,0,0
5950,50,153,1328.03,1061.869,69302.34,2,167,819.335,324.823,NA,5.051,0.017,0,0
5951,50,154,1328.03,1061.869,69602.351,2,144,819.335,324.823,NA,0,0,0,0
5952,50,155,1345.202,1061.869,69902.361,2,250,836.507,340.924,NA,17.172,0.057,0,0
5953,50,156,1353.788,1061.869,70202.371,2,157,845.092,349.013,NA,8.586,0.029,0,0
5954,50,157,1353.788,1061.869,70502.381,2,155,845.092,349.013,NA,0,0,0,0
5955,50,158,1353.788,1061.869,70802.391,2,255,845.092,349.013,NA,0,0,0,0
5956,50,159,1353.788,1061.869,71102.401,2,175,845.092,349.013,NA,0,0,0,0
5957,50,160,1366.414,1052.778,71402.411,2,138,860.651,358.141,NA,15.559,0.052,-35.754,-35.754
5958,50,161,1377.02,1052.778,71702.422,2,204,871.257,368.28,NA,10.606,0.035,0,35.754
5959,50,163,1383.081,1052.778,72002.432,2,84,877.318,374.086,NA,6.061,0.02,0,0
