Nr,TID,PID,x [micron],y [micron],t [sec],c [idx],I [val],Len [micron],D2S [micron],D2R [micron],D2P [micron],v [micron/sec],α [deg],Δα [deg]
1,1,1,653.788,560.985,12900.434,2,19,0,0,NA,NA,NA,NA,NA
2,1,2,653.788,551.894,13200.444,2,18,9.091,9.091,NA,9.091,0.03,-90,NA
3,1,3,653.788,541.667,13500.455,2,80,19.318,19.318,NA,10.227,0.034,-90,0
4,1,4,653.788,526.136,13800.465,2,158,34.848,34.848,NA,15.53,0.052,-90,0
5,1,5,653.788,526.136,14100.475,2,164,34.848,34.848,NA,0,0,0,90
6,1,6,651.894,517.803,14400.485,2,252,43.394,43.223,NA,8.546,0.028,-102.804,-102.804
7,1,7,651.894,509.47,14700.495,2,159,51.728,51.55,NA,8.333,0.028,-90,12.804
8,1,8,651.894,509.47,15000.505,2,114,51.728,51.55,NA,0,0,0,90
9,1,9,651.894,509.47,15300.515,2,226,51.728,51.55,NA,0,0,0,0
10,1,10,649.621,501.894,15600.525,2,146,59.637,59.238,NA,7.909,0.026,-106.699,-106.699
11,1,11,649.621,501.894,15900.535,2,243,59.637,59.238,NA,0,0,0,106.699
12,1,12,645.455,501.136,16200.545,2,184,63.872,60.426,NA,4.235,0.014,-169.695,-169.695
13,1,13,642.803,501.136,16500.556,2,234,66.523,60.848,NA,2.652,0.009,180,-10.305
14,1,14,636.364,491.667,16800.566,2,255,77.975,71.475,NA,11.452,0.038,-124.216,55.784
15,1,15,630.303,490.909,17100.576,2,251,84.083,73.906,NA,6.108,0.02,-172.875,-48.659
16,1,16,625,490.909,17400.586,2,250,89.386,75.759,NA,5.303,0.018,180,-7.125
17,1,17,619.318,490.909,17700.596,2,233,95.068,78.095,NA,5.682,0.019,180,0
18,1,18,616.667,493.182,18000.606,2,173,98.56,77.3,NA,3.492,0.012,139.399,-40.601
19,1,19,607.576,493.939,18300.616,2,223,107.682,81.429,NA,9.122,0.03,175.236,35.838
20,1,20,607.576,493.939,18600.626,2,208,107.682,81.429,NA,0,0,0,-175.236
21,1,21,607.576,493.939,18900.636,2,237,107.682,81.429,NA,0,0,0,0
22,1,22,599.621,494.697,19200.646,2,194,115.673,85.604,NA,7.991,0.027,174.56,174.56
23,1,23,599.621,504.545,19500.657,2,255,125.521,78.227,NA,9.848,0.033,90,-84.56
24,1,24,599.621,504.545,19800.667,2,255,125.521,78.227,NA,0,0,0,-90
25,1,25,599.621,504.545,20100.677,2,255,125.521,78.227,NA,0,0,0,0
26,1,26,603.409,495.833,20400.687,2,255,135.021,82.357,NA,9.5,0.032,-66.501,-66.501
27,1,27,603.788,492.424,20700.697,2,255,138.451,84.856,NA,3.43,0.011,-83.66,-17.158
28,1,28,603.788,489.773,21000.707,2,176,141.103,87.012,NA,2.652,0.009,-90,-6.34
29,1,29,603.788,489.773,21300.717,2,255,141.103,87.012,NA,0,0,0,90
30,1,30,603.788,489.773,21600.727,2,255,141.103,87.012,NA,0,0,0,0
31,1,31,603.788,489.773,21900.737,2,255,141.103,87.012,NA,0,0,0,0
32,1,32,603.788,489.773,22200.747,2,255,141.103,87.012,NA,0,0,0,0
33,1,33,603.788,489.773,22500.758,2,249,141.103,87.012,NA,0,0,0,0
34,1,34,607.197,489.773,22800.768,2,255,144.512,85.099,NA,3.409,0.011,0,0
35,1,35,607.576,489.773,23100.778,2,255,144.891,84.892,NA,0.379,0.001,0,0
36,1,36,607.576,489.773,23400.788,2,255,144.891,84.892,NA,0,0,0,0
37,1,37,607.576,489.773,23700.798,2,255,144.891,84.892,NA,0,0,0,0
38,1,38,607.576,485.227,24000.808,2,245,149.436,88.74,NA,4.545,0.015,-90,-90
39,1,39,605.303,483.333,24300.818,2,236,152.395,91.545,NA,2.958,0.01,-140.194,-50.194
40,1,40,605.303,482.955,24600.828,2,255,152.774,91.867,NA,0.379,0.001,-90,50.194
41,1,41,605.303,482.955,24900.838,2,255,152.774,91.867,NA,0,0,0,90
42,1,42,610.606,483.712,25200.849,2,255,158.13,88.52,NA,5.357,0.018,8.13,8.13
43,1,43,615.152,484.848,25500.859,2,255,162.816,85.379,NA,4.685,0.016,14.036,5.906
44,1,44,615.152,484.848,25800.869,2,255,162.816,85.379,NA,0,0,0,-14.036
45,1,45,615.152,484.848,26100.879,2,255,162.816,85.379,NA,0,0,0,0
46,1,46,607.197,490.152,26400.889,2,255,172.376,84.783,NA,9.56,0.032,146.31,146.31
47,1,47,594.697,490.152,26700.899,2,253,184.876,92.245,NA,12.5,0.042,180,33.69
48,1,48,577.273,476.515,27000.909,2,255,207.002,113.972,NA,22.126,0.074,-141.953,38.047
49,1,49,571.212,469.697,27300.919,2,255,216.124,123.094,NA,9.122,0.03,-131.634,10.319
50,1,50,553.788,461.742,27600.929,2,227,235.278,140.887,NA,19.154,0.064,-155.462,-23.829
51,1,51,544.318,457.576,27900.939,2,255,245.624,150.589,NA,10.346,0.034,-156.251,-0.788
52,1,52,541.288,457.576,28200.95,2,255,248.654,152.806,NA,3.03,0.01,180,-23.749
53,1,53,545.455,453.409,28500.96,2,255,254.547,152.672,NA,5.893,0.02,-45,135
54,1,54,540.152,452.273,28800.97,2,139,259.97,157.263,NA,5.423,0.018,-167.905,-122.905
55,1,55,540.152,441.288,29100.98,2,184,270.955,165.047,NA,10.985,0.037,-90,77.905
56,1,56,540.152,440.909,29400.99,2,251,271.334,165.322,NA,0.379,0.001,-90,0
57,1,57,540.152,434.091,29701,2,255,278.152,170.339,NA,6.818,0.023,-90,0
58,1,58,521.97,428.788,30001.01,2,252,297.092,186.687,NA,18.939,0.063,-163.74,-73.74
59,1,59,519.697,423.485,30301.02,2,229,302.861,192.059,NA,5.77,0.019,-113.199,50.541
60,1,60,520.076,420.076,30601.03,2,255,306.291,194.253,NA,3.43,0.011,-83.66,29.539
61,1,61,510.606,412.5,30901.04,2,255,318.418,206.274,NA,12.127,0.04,-141.34,-57.68
62,1,62,498.485,410.985,31201.051,2,246,330.634,215.914,NA,12.216,0.041,-172.875,-31.535
63,1,63,496.97,400.379,31501.061,2,255,341.348,224.469,NA,10.714,0.036,-98.13,74.745
64,1,64,501.768,392.172,31801.071,2,241,350.854,227.174,NA,9.507,0.032,-59.689,38.441
65,1,65,496.717,383.081,32101.081,2,255,361.254,237.321,NA,10.4,0.035,-119.055,-59.366
66,1,66,491.162,364.899,32401.091,2,255,380.266,254.749,NA,19.012,0.063,-106.991,12.064
67,1,67,491.162,356.313,32701.101,2,255,388.851,261.415,NA,8.586,0.029,-90,16.991
68,1,68,492.803,354.167,33001.111,2,255,391.554,262.088,NA,2.702,0.009,-52.595,37.405
69,1,69,493.182,348.864,33301.121,2,255,396.87,266.063,NA,5.317,0.018,-85.914,-33.32
70,1,70,492.803,355.303,33601.131,2,255,403.321,261.192,NA,6.451,0.022,93.366,179.281
71,1,71,490.152,357.197,33901.141,2,255,406.579,261.355,NA,3.258,0.011,144.462,51.096
72,1,72,480.682,334.848,34201.152,2,255,430.851,284.787,NA,24.272,0.081,-112.964,102.574
73,1,73,468.561,310.985,34501.162,2,229,457.617,311.142,NA,26.766,0.089,-116.928,-3.964
74,1,74,458.333,313.258,34801.172,2,255,468.093,315.549,NA,10.477,0.035,167.471,-75.601
75,1,75,446.591,313.636,35101.182,2,255,479.842,322.664,NA,11.749,0.039,178.152,10.681
76,1,76,441.667,325.758,35401.192,2,255,492.925,316.745,NA,13.083,0.044,112.109,-66.043
77,1,77,417.045,335.227,35701.202,2,184,519.305,327.129,NA,26.38,0.088,158.962,46.853
78,1,78,398.485,317.803,36001.212,2,255,544.763,352.586,NA,25.458,0.085,-136.809,64.229
79,1,79,406.061,316.667,36301.222,2,255,552.423,347.937,NA,7.661,0.026,-8.531,128.278
80,1,80,402.652,316.667,36601.232,2,255,555.832,350.372,NA,3.409,0.011,180,-171.469
81,1,81,400.379,327.273,36901.242,2,255,566.679,344.728,NA,10.847,0.036,102.095,-77.905
82,1,82,387.5,327.273,37201.253,2,233,579.558,354.303,NA,12.879,0.043,180,77.905
83,1,83,376.894,329.924,37501.263,2,195,590.49,360.637,NA,10.932,0.036,165.964,-14.036
84,1,84,365.152,335.606,37801.273,2,255,603.535,366.206,NA,13.045,0.043,154.179,-11.785
85,1,85,346.212,353.409,38101.283,2,255,629.528,371.067,NA,25.993,0.087,136.771,-17.408
86,1,86,331.818,370.076,38401.293,2,255,651.55,374.314,NA,22.022,0.073,130.815,-5.956
87,1,87,317.424,381.818,38701.303,2,255,670.126,381.105,NA,18.576,0.062,140.793,9.978
88,1,88,289.394,399.242,39001.313,2,255,703.131,398.677,NA,33.005,0.11,148.134,7.341
89,1,89,278.03,410.985,39301.323,2,255,719.472,404.591,NA,16.341,0.054,134.061,-14.073
90,1,90,278.03,420.833,39601.333,2,176,729.32,401.044,NA,9.848,0.033,90,-44.061
91,1,91,281.439,421.97,39901.343,2,255,732.914,397.453,NA,3.593,0.012,18.435,-71.565
92,1,92,285.227,439.394,40201.354,2,255,750.745,388.1,NA,17.831,0.059,77.735,59.3
93,1,93,279.167,443.182,40501.364,2,255,757.892,392.707,NA,7.147,0.024,147.995,70.259
94,1,94,270.076,443.182,40801.374,2,255,766.983,401.388,NA,9.091,0.03,180,32.005
95,1,95,253.788,447.727,41101.384,2,255,783.893,415.725,NA,16.91,0.056,164.407,-15.593
96,1,96,250,461.742,41401.394,2,112,798.411,415.805,NA,14.518,0.048,105.124,-59.283
97,1,97,237.5,475,41701.404,2,255,816.632,425.075,NA,18.221,0.061,133.315,28.191
98,1,98,231.061,475.758,42001.414,2,255,823.116,431.233,NA,6.484,0.022,173.29,39.975
99,1,99,230.682,470.455,42301.424,2,255,828.432,432.683,NA,5.317,0.018,-94.086,92.624
100,1,100,233.333,477.273,42601.434,2,255,835.748,428.707,NA,7.316,0.024,68.749,162.835
101,1,101,251.894,462.879,42901.444,2,148,859.236,413.695,NA,23.488,0.078,-37.794,-106.543
102,1,102,240.909,460.985,43201.455,2,255,870.383,424.816,NA,11.147,0.037,-170.218,-132.424
103,1,103,233.333,460.606,43501.465,2,255,877.968,432.271,NA,7.585,0.025,-177.138,-6.92
104,1,104,232.955,460.606,43801.475,2,255,878.347,432.639,NA,0.379,0.001,180,-2.862
105,1,105,246.591,467.045,44101.485,2,255,893.427,417.892,NA,15.08,0.05,25.278,-154.722
106,1,106,257.955,471.97,44401.495,2,255,905.812,405.719,NA,12.385,0.041,23.429,-1.849
107,1,107,254.545,475,44701.505,2,235,910.373,408.397,NA,4.561,0.015,138.366,114.938
108,1,108,243.182,475,45001.515,2,253,921.737,419.512,NA,11.364,0.038,180,41.634
109,1,109,228.409,467.045,45301.525,2,216,938.515,435.628,NA,16.778,0.056,-151.699,28.301
110,1,110,214.394,454.924,45601.535,2,246,957.045,452.013,NA,18.53,0.062,-139.145,12.555
111,1,111,213.258,451.894,45901.546,2,255,960.281,453.837,NA,3.236,0.011,-110.556,28.589
112,1,112,225,451.515,46201.556,2,255,972.029,442.541,NA,11.749,0.039,-1.848,108.708
113,1,113,225.758,444.318,46501.566,2,246,979.266,443.645,NA,7.237,0.024,-83.991,-82.143
114,1,114,213.636,441.288,46801.576,2,229,991.76,456.137,NA,12.494,0.042,-165.964,-81.973
115,1,115,198.485,422.727,47101.586,2,187,1015.72,475.832,NA,23.96,0.08,-129.226,36.738
116,1,116,191.667,411.364,47401.596,2,242,1028.972,485.739,NA,13.252,0.044,-120.964,8.262
117,1,117,188.258,410.985,47701.606,2,255,1032.402,489.1,NA,3.43,0.011,-173.66,-52.696
118,1,118,183.712,409.848,48001.616,2,255,1037.088,493.775,NA,4.685,0.016,-165.964,7.696
119,1,119,187.5,407.955,48301.626,2,255,1041.323,490.757,NA,4.235,0.014,-26.565,139.399
120,1,120,187.5,407.955,48601.636,2,255,1041.323,490.757,NA,0,0,0,26.565
121,1,121,182.197,391.667,48901.647,2,255,1058.452,501.065,NA,17.129,0.057,-108.034,-108.034
122,1,122,182.576,379.167,49201.657,2,165,1070.958,505.073,NA,12.506,0.042,-88.264,19.77
123,1,123,189.394,383.333,49501.667,2,255,1078.948,497.214,NA,7.991,0.027,31.43,119.694
124,1,124,189.394,379.545,49801.677,2,201,1082.736,498.58,NA,3.788,0.013,-90,-121.43
125,1,125,176.136,378.788,50101.687,2,255,1096.015,511.221,NA,13.279,0.044,-176.73,-86.73
126,1,126,170.455,379.545,50401.697,2,147,1101.748,516.267,NA,5.732,0.019,172.405,-10.865
127,1,127,172.727,384.091,50701.707,2,255,1106.83,512.553,NA,5.082,0.017,63.435,-108.97
128,1,128,175.758,383.333,51001.717,2,255,1109.953,509.974,NA,3.124,0.01,-14.036,-77.471
129,1,129,178.409,378.03,51301.727,2,255,1115.882,509.37,NA,5.929,0.02,-63.435,-49.399
130,1,130,178.409,373.106,51601.737,2,255,1120.806,511.159,NA,4.924,0.016,-90,-26.565
131,1,131,180.682,373.106,51901.748,2,246,1123.079,509.046,NA,2.273,0.008,0,90
132,1,132,180.682,373.106,52201.758,2,255,1123.079,509.046,NA,0,0,0,0
133,1,133,180.682,373.106,52501.768,2,255,1123.079,509.046,NA,0,0,0,0
134,1,134,173.864,371.212,52801.778,2,255,1130.155,516.082,NA,7.076,0.024,-164.476,-164.476
135,1,135,181.818,367.424,53101.788,2,231,1138.966,510.119,NA,8.81,0.029,-25.463,139.013
136,1,136,179.167,367.424,53401.798,2,228,1141.617,512.573,NA,2.652,0.009,180,-154.537
137,1,137,176.515,367.424,53701.808,2,246,1144.269,515.029,NA,2.652,0.009,180,0
138,1,138,172.348,366.288,54001.818,2,255,1148.588,519.318,NA,4.319,0.014,-164.745,15.255
139,1,139,172.348,366.288,54301.828,2,149,1148.588,519.318,NA,0,0,0,164.745
140,1,140,172.348,366.288,54601.838,2,253,1148.588,519.318,NA,0,0,0,0
141,1,141,164.015,364.015,54901.849,2,186,1157.225,527.896,NA,8.638,0.029,-164.745,-164.745
142,1,142,162.121,358.712,55201.859,2,206,1162.856,531.649,NA,5.631,0.019,-109.654,55.091
143,1,143,162.121,358.712,55501.869,2,175,1162.856,531.649,NA,0,0,0,109.654
144,1,144,155.303,360.985,55801.879,2,144,1170.043,537.11,NA,7.187,0.024,161.565,161.565
145,1,145,155.303,364.773,56101.889,2,183,1173.831,535.711,NA,3.788,0.013,90,-71.565
146,1,146,155.303,364.773,56401.899,2,210,1173.831,535.711,NA,0,0,0,-90
147,1,147,153.03,364.773,56701.909,2,156,1176.104,537.827,NA,2.273,0.008,180,180
148,1,148,148.106,365.53,57001.919,2,179,1181.086,542.141,NA,4.982,0.017,171.254,-8.746
149,1,149,153.03,370.076,57301.929,2,205,1187.788,535.915,NA,6.701,0.022,42.709,-128.544
150,1,150,153.03,370.076,57601.939,2,246,1187.788,535.915,NA,0,0,0,-42.709
151,1,151,146.591,370.076,57901.95,2,168,1194.227,541.936,NA,6.439,0.021,180,180
152,1,152,146.212,370.076,58201.96,2,230,1194.606,542.291,NA,0.379,0.001,180,0
153,1,153,146.212,370.076,58501.97,2,231,1194.606,542.291,NA,0,0,0,-180
154,1,154,145.076,365.152,58801.98,2,254,1199.659,545.104,NA,5.054,0.017,-102.995,-102.995
155,1,155,145.076,365.152,59101.99,2,250,1199.659,545.104,NA,0,0,0,102.995
156,1,156,145.076,365.152,59402,2,223,1199.659,545.104,NA,0,0,0,0
157,1,157,139.015,362.121,59702.01,2,189,1206.435,551.849,NA,6.776,0.023,-153.435,-153.435
158,1,158,139.015,359.47,60002.02,2,214,1209.087,552.81,NA,2.652,0.009,-90,63.435
159,1,159,139.015,359.47,60302.03,2,255,1209.087,552.81,NA,0,0,0,90
160,1,160,139.015,359.47,60602.04,2,255,1209.087,552.81,NA,0,0,0,0
161,1,161,139.015,365.152,60902.051,2,255,1214.769,550.765,NA,5.682,0.019,90,90
162,1,162,139.015,365.152,61202.061,2,114,1214.769,550.765,NA,0,0,0,-90
163,1,163,149.621,369.318,61502.071,2,245,1226.164,539.37,NA,11.395,0.038,21.448,21.448
164,1,164,149.621,369.318,61802.081,2,158,1226.164,539.37,NA,0,0,0,-21.448
165,1,165,159.848,369.318,62102.091,2,255,1236.391,529.823,NA,10.227,0.034,0,0
166,1,166,162.121,369.318,62402.101,2,209,1238.664,527.705,NA,2.273,0.008,0,0
167,1,167,165.909,358.333,62702.111,2,255,1250.284,528.293,NA,11.62,0.039,-70.974,-70.974
168,1,168,171.591,355.303,63002.121,2,255,1256.723,524.232,NA,6.439,0.021,-28.072,42.902
169,1,169,164.394,360.985,63302.131,2,255,1265.892,528.684,NA,9.169,0.031,141.71,169.782
170,1,170,175.758,359.47,63602.141,2,255,1277.357,518.769,NA,11.464,0.038,-7.595,-149.304
171,1,171,182.955,359.47,63902.152,2,255,1284.554,512.145,NA,7.197,0.024,0,7.595
172,1,172,192.045,359.47,64202.162,2,243,1293.644,503.8,NA,9.091,0.03,0,0
173,1,173,192.045,359.47,64502.172,2,220,1293.644,503.8,NA,0,0,0,0
174,1,174,192.045,367.424,64802.182,2,255,1301.599,500.671,NA,7.955,0.027,90,90
175,1,175,192.045,351.894,65102.192,2,121,1317.129,506.878,NA,15.53,0.052,-90,-180
176,1,176,192.045,351.515,65402.202,2,77,1317.508,507.034,NA,0.379,0.001,-90,0
177,1,177,192.045,351.515,65702.212,2,82,1317.508,507.034,NA,0,0,0,90
178,1,178,200,348.485,66002.222,2,221,1326.02,501.079,NA,8.512,0.028,-20.854,-20.854
179,1,179,197.348,348.106,66302.232,2,255,1328.699,503.641,NA,2.678,0.009,-171.87,-151.015
180,1,180,190.53,345.833,66602.242,2,218,1335.886,510.782,NA,7.187,0.024,-161.565,10.305
181,1,181,179.924,340.152,66902.253,2,98,1347.918,522.795,NA,12.032,0.04,-151.821,9.744
182,1,182,179.924,340.152,67202.263,2,118,1347.918,522.795,NA,0,0,0,151.821
183,1,183,181.818,333.333,67502.273,2,213,1354.994,524.004,NA,7.076,0.024,-74.476,-74.476
184,1,184,175.758,318.182,67802.283,2,64,1371.313,536.159,NA,16.319,0.054,-111.801,-37.326
185,1,185,175.758,317.803,68102.293,2,94,1371.692,536.33,NA,0.379,0.001,-90,21.801
186,1,186,174.621,312.121,68402.303,2,245,1377.486,539.939,NA,5.794,0.019,-101.31,-11.31
187,1,187,171.97,306.439,68702.313,2,255,1383.756,544.924,NA,6.27,0.021,-115.017,-13.707
188,1,188,171.97,302.652,69002.323,2,203,1387.544,546.704,NA,3.788,0.013,-90,25.017
189,1,189,171.97,302.652,69302.333,2,140,1387.544,546.704,NA,0,0,0,90
190,1,190,166.667,303.788,69602.344,2,223,1392.967,550.851,NA,5.423,0.018,167.905,167.905
191,1,191,166.667,301.515,69902.354,2,218,1395.24,551.916,NA,2.273,0.008,-90,102.095
192,1,192,154.545,301.515,70202.364,2,231,1407.361,562.643,NA,12.121,0.04,180,-90
193,1,193,154.545,304.167,70502.374,2,228,1410.013,561.425,NA,2.652,0.009,90,-90
194,1,194,149.621,291.288,70802.384,2,225,1423.801,571.77,NA,13.788,0.046,-110.925,159.075
195,1,195,139.394,273.864,71102.394,2,191,1444.005,589.101,NA,20.204,0.067,-120.411,-9.487
196,1,196,141.667,268.939,71402.404,2,254,1449.428,589.541,NA,5.423,0.018,-65.225,55.186
197,1,197,141.667,268.939,71702.414,2,255,1449.428,589.541,NA,0,0,0,65.225
198,1,199,134.47,264.394,72002.424,2,179,1457.941,598.045,NA,8.512,0.028,-147.724,-147.724
199,2,1,605.303,605.682,1200.04,2,43,0,0,NA,NA,NA,NA,NA
200,2,2,603.409,603.03,1500.051,2,95,3.258,3.258,NA,3.258,0.011,-125.538,NA
201,2,3,603.409,596.591,1800.061,2,103,9.698,9.286,NA,6.439,0.021,-90,35.538
202,2,4,603.03,590.53,2100.071,2,124,15.77,15.321,NA,6.072,0.02,-93.576,-3.576
203,2,5,603.03,590.53,2400.081,2,40,15.77,15.321,NA,0,0,0,93.576
204,2,6,589.773,585.985,2700.091,2,134,29.785,25.083,NA,14.015,0.047,-161.075,-161.075
205,2,7,584.47,580.682,3000.101,2,64,37.285,32.543,NA,7.5,0.025,-135,26.075
206,2,8,578.409,571.591,3300.111,2,72,48.211,43.422,NA,10.926,0.036,-123.69,11.31
207,2,9,578.409,571.591,3600.121,2,89,48.211,43.422,NA,0,0,0,123.69
208,2,10,564.015,571.591,3900.131,2,118,62.605,53.543,NA,14.394,0.048,180,180
209,2,11,563.258,573.485,4200.141,2,198,64.645,52.957,NA,2.04,0.007,111.801,-68.199
210,2,12,562.5,576.515,4500.152,2,97,67.768,51.796,NA,3.124,0.01,104.036,-7.765
211,2,13,561.364,579.167,4800.162,2,45,70.653,51.32,NA,2.885,0.01,113.199,9.162
212,2,14,557.197,577.652,5100.172,2,148,75.087,55.677,NA,4.434,0.015,-160.017,86.785
213,2,15,557.197,577.652,5400.182,2,185,75.087,55.677,NA,0,0,0,160.017
214,2,16,557.197,577.652,5700.192,2,222,75.087,55.677,NA,0,0,0,0
215,2,17,557.197,577.652,6000.202,2,94,75.087,55.677,NA,0,0,0,0
216,2,18,550.758,577.652,6300.212,2,80,81.526,61.326,NA,6.439,0.021,180,180
217,2,19,550.758,577.652,6600.222,2,80,81.526,61.326,NA,0,0,0,-180
218,2,20,542.424,578.788,6900.232,2,212,89.937,68.389,NA,8.41,0.028,172.235,172.235
219,2,21,539.773,576.136,7200.242,2,232,93.686,71.883,NA,3.75,0.012,-135,52.765
220,2,22,538.258,573.485,7500.253,2,177,96.74,74.376,NA,3.054,0.01,-119.745,15.255
221,2,23,536.742,572.348,7800.263,2,204,98.634,76.234,NA,1.894,0.006,-143.13,-23.385
222,2,24,534.47,571.212,8100.273,2,255,101.175,78.775,NA,2.541,0.008,-153.435,-10.305
223,2,25,534.47,571.212,8400.283,2,255,101.175,78.775,NA,0,0,0,153.435
224,2,26,534.47,571.212,8700.293,2,235,101.175,78.775,NA,0,0,0,0
225,2,27,534.091,571.212,9000.303,2,255,101.554,79.116,NA,0.379,0.001,180,180
226,2,28,534.091,571.212,9300.313,2,214,101.554,79.116,NA,0,0,0,-180
227,2,29,528.788,568.939,9600.323,2,255,107.323,84.88,NA,5.77,0.019,-156.801,-156.801
228,2,30,528.788,565.53,9900.333,2,255,110.733,86.41,NA,3.409,0.011,-90,66.801
229,2,31,523.485,565.53,10200.343,2,255,116.036,91.139,NA,5.303,0.018,180,-90
230,2,32,522.348,565.152,10500.354,2,255,117.233,92.326,NA,1.198,0.004,-161.565,18.435
231,2,33,515.53,559.47,10800.364,2,255,126.109,100.969,NA,8.875,0.03,-140.194,21.371
232,2,34,515.53,559.47,11100.374,2,255,126.109,100.969,NA,0,0,0,140.194
233,2,35,515.53,557.955,11400.384,2,255,127.624,101.671,NA,1.515,0.005,-90,-90
234,2,36,509.848,551.894,11700.394,2,255,135.931,109.566,NA,8.307,0.028,-133.152,-43.152
235,2,37,512.121,550.379,12000.404,2,234,138.663,108.357,NA,2.731,0.009,-33.69,99.462
236,2,38,506.061,550.379,12300.414,2,237,144.723,113.611,NA,6.061,0.02,180,-146.31
237,2,39,506.061,545.455,12600.424,2,239,149.648,116.088,NA,4.924,0.016,-90,90
238,2,40,510.985,537.5,12900.434,2,76,159.003,116.382,NA,9.355,0.031,-58.241,31.759
239,2,41,510.985,537.5,13200.444,2,241,159.003,116.382,NA,0,0,0,58.241
240,2,42,521.212,530.303,13500.455,2,230,171.509,112.93,NA,12.506,0.042,-35.134,-35.134
241,2,43,523.864,518.939,13800.465,2,201,183.178,118.982,NA,11.669,0.039,-76.866,-41.732
242,2,44,526.136,507.955,14100.475,2,206,194.395,125.77,NA,11.217,0.037,-78.311,-1.445
243,2,45,526.894,525,14400.485,2,201,211.457,112.506,NA,17.062,0.057,87.455,165.766
244,2,46,519.318,521.212,14700.495,2,255,219.927,120.534,NA,8.47,0.028,-153.435,119.11
245,2,47,509.47,521.212,15000.505,2,255,229.776,127.746,NA,9.848,0.033,180,-26.565
246,2,48,507.197,521.212,15300.515,2,255,232.049,129.46,NA,2.273,0.008,180,0
247,2,49,514.394,520.076,15600.525,2,255,239.335,124.871,NA,7.286,0.024,-8.973,171.027
248,2,50,505.303,513.636,15900.535,2,255,250.475,135.913,NA,11.14,0.037,-144.689,-135.716
249,2,51,504.924,513.258,16200.545,2,255,251.011,136.448,NA,0.536,0.002,-135,9.689
250,2,52,504.924,509.47,16500.556,2,255,254.799,139.042,NA,3.788,0.013,-90,45
251,2,53,507.955,506.061,16800.566,2,244,259.36,139.288,NA,4.561,0.015,-48.366,41.634
252,2,54,508.712,505.303,17100.576,2,255,260.431,139.304,NA,1.071,0.004,-45,3.366
253,2,55,504.924,501.515,17400.586,2,255,265.788,144.66,NA,5.357,0.018,-135,-90
254,2,56,487.879,487.879,17700.596,2,255,287.617,166.331,NA,21.829,0.073,-141.34,-6.34
255,2,57,490.909,491.667,18000.606,2,255,292.468,161.51,NA,4.851,0.016,51.34,-167.32
256,2,58,485.227,491.288,18300.616,2,255,298.162,165.844,NA,5.694,0.019,-176.186,132.474
257,2,59,485.227,491.288,18600.626,2,255,298.162,165.844,NA,0,0,0,176.186
258,2,60,485.227,491.288,18900.636,2,5,298.162,165.844,NA,0,0,0,0
259,2,61,506.818,482.955,19200.646,2,255,321.306,157.357,NA,23.143,0.077,-21.105,-21.105
260,2,62,506.818,479.545,19500.657,2,255,324.715,160.03,NA,3.409,0.011,-90,-68.895
261,2,63,506.818,475.379,19800.667,2,244,328.881,163.334,NA,4.167,0.014,-90,0
262,2,64,506.818,475.379,20100.677,2,255,328.881,163.334,NA,0,0,0,90
263,2,65,505.303,460.227,20400.687,2,255,344.108,176.514,NA,15.227,0.051,-95.711,-95.711
264,2,66,498.106,455.682,20700.697,2,255,352.621,184.367,NA,8.512,0.028,-147.724,-52.014
265,2,67,485.606,450.379,21000.707,2,255,366.199,196.078,NA,13.578,0.045,-157.011,-9.287
266,2,68,478.788,439.773,21300.717,2,255,378.808,208.643,NA,12.609,0.042,-122.735,34.276
267,2,69,478.788,439.773,21600.727,2,255,378.808,208.643,NA,0,0,0,122.735
268,2,70,475.379,430.682,21900.737,2,255,388.517,217.957,NA,9.709,0.032,-110.556,-110.556
269,2,71,470.833,424.621,22200.747,2,255,396.092,225.533,NA,7.576,0.025,-126.87,-16.314
270,2,72,466.288,419.318,22500.758,2,255,403.077,232.501,NA,6.985,0.023,-130.601,-3.731
271,2,73,466.288,420.076,22800.768,2,206,403.835,231.894,NA,0.758,0.003,90,-139.399
272,2,74,464.015,422.727,23100.778,2,193,407.327,231.159,NA,3.492,0.012,130.601,40.601
273,2,75,459.47,404.545,23400.788,2,249,426.068,248.442,NA,18.741,0.062,-104.036,125.362
274,2,76,457.576,394.318,23700.798,2,255,436.469,257.872,NA,10.401,0.035,-100.491,3.545
275,2,77,452.273,401.515,24000.808,2,225,445.409,255.152,NA,8.94,0.03,126.384,-133.124
276,2,78,448.485,409.848,24300.818,2,140,454.563,250.884,NA,9.154,0.031,114.444,-11.94
277,2,79,443.939,423.485,24600.828,2,243,468.937,243.38,NA,14.374,0.048,108.435,-6.009
278,2,80,444.697,435.985,24900.838,2,255,481.46,233.648,NA,12.523,0.042,86.532,-21.903
279,2,81,437.879,445.833,25200.849,2,255,493.438,231.479,NA,11.978,0.04,124.695,38.163
280,2,82,433.333,446.212,25500.859,2,255,497.999,234.53,NA,4.561,0.015,175.236,50.541
281,2,83,433.333,446.212,25800.869,2,239,497.999,234.53,NA,0,0,0,-175.236
282,2,84,430.303,443.182,26100.879,2,255,502.285,238.812,NA,4.285,0.014,-135,-135
283,2,85,430.303,442.803,26400.889,2,108,502.664,239.07,NA,0.379,0.001,-90,45
284,2,86,430.303,438.258,26700.899,2,223,507.209,242.19,NA,4.545,0.015,-90,0
285,2,87,430.303,438.258,27000.909,2,255,507.209,242.19,NA,0,0,0,90
286,2,88,430.303,438.258,27300.919,2,255,507.209,242.19,NA,0,0,0,0
287,2,89,430.303,438.258,27600.929,2,255,507.209,242.19,NA,0,0,0,0
288,2,90,430.303,434.47,27900.939,2,255,510.997,244.824,NA,3.788,0.013,-90,-90
289,2,91,430.303,432.197,28200.95,2,255,513.27,246.418,NA,2.273,0.008,-90,0
290,2,92,434.47,440.53,28500.96,2,255,522.587,237.611,NA,9.317,0.031,63.435,153.435
291,2,93,433.333,443.182,28800.97,2,255,525.471,236.601,NA,2.885,0.01,113.199,49.764
292,2,94,433.333,446.97,29100.98,2,255,529.259,234.015,NA,3.788,0.013,90,-23.199
293,2,95,424.242,446.97,29400.99,2,255,538.35,240.775,NA,9.091,0.03,180,90
294,2,96,424.242,442.045,29701,2,255,543.274,244.049,NA,4.924,0.016,-90,90
295,2,97,424.242,442.045,30001.01,2,255,543.274,244.049,NA,0,0,0,90
296,2,98,424.242,442.045,30301.02,2,255,543.274,244.049,NA,0,0,0,0
297,2,99,424.242,442.045,30601.03,2,255,543.274,244.049,NA,0,0,0,0
298,2,100,424.242,442.045,30901.04,2,255,543.274,244.049,NA,0,0,0,0
299,2,101,429.545,443.939,31201.051,2,255,548.905,238.854,NA,5.631,0.019,19.654,19.654
300,2,102,429.545,443.939,31501.061,2,255,548.905,238.854,NA,0,0,0,-19.654
301,2,103,429.545,443.939,31801.071,2,255,548.905,238.854,NA,0,0,0,0
302,2,104,429.545,443.939,32101.081,2,255,548.905,238.854,NA,0,0,0,0
303,2,105,429.545,443.939,32401.091,2,255,548.905,238.854,NA,0,0,0,0
304,2,106,429.545,443.939,32701.101,2,255,548.905,238.854,NA,0,0,0,0
305,2,107,429.545,443.939,33001.111,2,255,548.905,238.854,NA,0,0,0,0
306,2,108,429.545,443.939,33301.121,2,255,548.905,238.854,NA,0,0,0,0
307,2,109,431.439,443.939,33601.131,2,255,550.799,237.464,NA,1.894,0.006,0,0
308,2,110,431.439,443.939,33901.141,2,255,550.799,237.464,NA,0,0,0,0
309,2,111,431.439,443.939,34201.152,2,255,550.799,237.464,NA,0,0,0,0
310,2,112,431.439,443.939,34501.162,2,255,550.799,237.464,NA,0,0,0,0
311,2,113,431.439,443.939,34801.172,2,255,550.799,237.464,NA,0,0,0,0
312,2,114,431.439,443.939,35101.182,2,255,550.799,237.464,NA,0,0,0,0
313,2,115,431.439,443.939,35401.192,2,255,550.799,237.464,NA,0,0,0,0
314,2,116,431.439,443.939,35701.202,2,255,550.799,237.464,NA,0,0,0,0
315,2,117,428.409,443.939,36001.212,2,255,553.83,239.692,NA,3.03,0.01,180,180
316,2,118,424.621,439.773,36301.222,2,255,559.461,245.299,NA,5.631,0.019,-132.274,47.726
317,2,119,421.97,437.121,36601.232,2,255,563.211,249.046,NA,3.75,0.012,-135,-2.726
318,2,120,421.97,437.121,36901.242,2,255,563.211,249.046,NA,0,0,0,135
319,2,121,421.97,437.121,37201.253,2,255,563.211,249.046,NA,0,0,0,0
320,2,122,421.97,437.121,37501.263,2,255,563.211,249.046,NA,0,0,0,0
321,2,123,421.97,437.121,37801.273,2,255,563.211,249.046,NA,0,0,0,0
322,2,124,421.97,437.121,38101.283,2,255,563.211,249.046,NA,0,0,0,0
323,2,125,426.136,437.121,38401.293,2,255,567.377,245.995,NA,4.167,0.014,0,0
324,2,126,426.136,441.667,38701.303,2,255,571.923,242.903,NA,4.545,0.015,90,90
325,2,127,426.136,441.667,39001.313,2,253,571.923,242.903,NA,0,0,0,-90
326,2,128,426.894,448.106,39301.323,2,235,578.407,238.033,NA,6.484,0.022,83.29,83.29
327,2,129,426.894,448.106,39601.333,2,249,578.407,238.033,NA,0,0,0,-83.29
328,2,130,426.894,443.561,39901.343,2,255,582.952,241.067,NA,4.545,0.015,-90,-90
329,2,131,422.348,443.561,40201.354,2,255,587.497,244.45,NA,4.545,0.015,180,-90
330,2,132,422.348,442.424,40501.364,2,255,588.634,245.205,NA,1.136,0.004,-90,90
331,2,133,431.818,442.424,40801.374,2,255,598.104,238.223,NA,9.47,0.032,0,90
332,2,134,431.818,444.318,41101.384,2,255,599.997,236.929,NA,1.894,0.006,90,90
333,2,135,431.818,444.318,41401.394,2,255,599.997,236.929,NA,0,0,0,-90
334,2,136,431.061,437.879,41701.404,2,255,606.481,241.906,NA,6.484,0.022,-96.71,-96.71
335,2,137,431.061,437.879,42001.414,2,255,606.481,241.906,NA,0,0,0,96.71
336,2,138,431.061,437.879,42301.424,2,248,606.481,241.906,NA,0,0,0,0
337,2,139,431.061,444.697,42601.434,2,255,613.299,237.227,NA,6.818,0.023,90,90
338,2,140,431.061,441.667,42901.444,2,255,616.33,239.294,NA,3.03,0.01,-90,-180
339,2,141,432.955,441.667,43201.455,2,255,618.224,237.918,NA,1.894,0.006,0,90
340,2,142,432.955,438.636,43501.465,2,255,621.254,240.017,NA,3.03,0.01,-90,-90
341,2,143,432.955,435.985,43801.475,2,255,623.906,241.87,NA,2.652,0.009,-90,0
342,2,144,431.439,433.712,44101.485,2,255,626.637,244.545,NA,2.731,0.009,-123.69,-33.69
343,2,145,430.303,429.167,44401.495,2,255,631.322,248.561,NA,4.685,0.016,-104.036,19.654
344,2,146,430.303,429.167,44701.505,2,255,631.322,248.561,NA,0,0,0,104.036
345,2,147,426.136,428.788,45001.515,2,255,635.506,251.778,NA,4.184,0.014,-174.806,-174.806
346,2,148,422.727,431.818,45301.525,2,255,640.067,252.116,NA,4.561,0.015,138.366,-46.828
347,2,149,411.364,419.697,45601.535,2,255,656.682,268.706,NA,16.615,0.055,-133.152,88.481
348,2,150,411.364,419.318,45901.546,2,224,657.061,268.968,NA,0.379,0.001,-90,43.152
349,2,151,407.955,412.121,46201.556,2,240,665.025,276.427,NA,7.964,0.027,-115.346,-25.346
350,2,152,408.333,409.848,46501.566,2,222,667.329,277.755,NA,2.304,0.008,-80.538,34.808
351,2,153,406.061,404.924,46801.576,2,224,672.752,282.845,NA,5.423,0.018,-114.775,-34.237
352,2,154,406.061,409.47,47101.586,2,255,677.298,279.637,NA,4.545,0.015,90,-155.225
353,2,155,401.136,409.47,47401.596,2,255,682.222,283.166,NA,4.924,0.016,180,90
354,2,156,397.348,409.47,47701.606,2,255,686.01,285.91,NA,3.788,0.013,180,0
355,2,157,394.318,409.47,48001.616,2,253,689.04,288.121,NA,3.03,0.01,180,0
356,2,158,392.045,407.576,48301.626,2,255,691.998,291.075,NA,2.958,0.01,-140.194,39.806
357,2,159,383.333,407.197,48601.636,2,255,700.719,297.77,NA,8.72,0.029,-177.51,-37.316
358,2,160,383.333,402.273,48901.647,2,241,705.643,301.074,NA,4.924,0.016,-90,87.51
359,2,161,383.333,396.212,49201.657,2,255,711.704,305.202,NA,6.061,0.02,-90,0
360,2,162,383.333,390.152,49501.667,2,255,717.764,309.393,NA,6.061,0.02,-90,0
361,2,163,383.333,390.53,49801.677,2,255,718.143,309.129,NA,0.379,0.001,90,180
362,2,164,391.288,393.561,50101.687,2,255,726.655,301.327,NA,8.512,0.028,20.854,-69.146
363,2,165,391.288,393.561,50401.697,2,255,726.655,301.327,NA,0,0,0,-20.854
364,2,166,383.712,391.667,50701.707,2,238,734.464,308.067,NA,7.809,0.026,-165.964,-165.964
365,2,167,378.788,385.227,51001.717,2,255,742.571,316.084,NA,8.106,0.027,-127.405,38.558
366,2,168,378.788,385.227,51301.727,2,255,742.571,316.084,NA,0,0,0,127.405
367,2,169,377.273,385.606,51601.737,2,255,744.132,316.909,NA,1.562,0.005,165.964,165.964
368,2,170,375.379,384.091,51901.748,2,255,746.558,319.324,NA,2.425,0.008,-141.34,52.696
369,2,171,375.379,384.091,52201.758,2,255,746.558,319.324,NA,0,0,0,141.34
370,2,172,372.727,381.439,52501.768,2,255,750.308,323.073,NA,3.75,0.012,-135,-135
371,2,173,366.667,375,52801.778,2,242,759.15,331.906,NA,8.843,0.029,-133.264,1.736
372,2,174,366.667,375,53101.788,2,255,759.15,331.906,NA,0,0,0,133.264
373,2,175,365.909,375,53401.798,2,255,759.908,332.451,NA,0.758,0.003,180,180
374,2,176,365.909,371.97,53701.808,2,218,762.938,334.561,NA,3.03,0.01,-90,90
375,2,177,368.561,372.727,54001.818,2,255,765.696,332.137,NA,2.758,0.009,15.945,105.945
376,2,178,368.561,372.727,54301.828,2,255,765.696,332.137,NA,0,0,0,-15.945
377,2,179,368.561,372.727,54601.838,2,255,765.696,332.137,NA,0,0,0,0
378,2,180,368.561,372.727,54901.849,2,255,765.696,332.137,NA,0,0,0,0
379,2,181,368.561,372.727,55201.859,2,255,765.696,332.137,NA,0,0,0,0
380,2,182,358.333,367.803,55501.869,2,255,777.047,342.9,NA,11.351,0.038,-154.29,-154.29
381,2,183,348.864,357.197,55801.879,2,255,791.265,357.08,NA,14.218,0.047,-131.76,22.53
382,2,184,348.485,356.818,56101.889,2,255,791.801,357.615,NA,0.536,0.002,-135,-3.24
383,2,185,344.318,352.652,56401.899,2,255,797.694,363.507,NA,5.893,0.02,-135,0
384,2,186,343.561,349.242,56701.909,2,246,801.186,366.429,NA,3.492,0.012,-102.529,32.471
385,2,187,341.288,342.424,57001.919,2,255,808.373,372.839,NA,7.187,0.024,-108.435,-5.906
386,2,188,336.364,334.47,57301.929,2,255,817.728,381.948,NA,9.355,0.031,-121.759,-13.325
387,2,189,331.439,332.197,57601.939,2,255,823.152,387.034,NA,5.423,0.018,-155.225,-33.465
388,2,190,322.727,321.591,57901.95,2,255,836.877,400.695,NA,13.726,0.046,-129.401,25.824
389,2,191,321.212,322.348,58201.96,2,255,838.571,401.23,NA,1.694,0.006,153.435,-77.164
390,2,192,321.212,316.288,58501.97,2,255,844.632,405.532,NA,6.061,0.02,-90,116.565
391,2,193,320.076,313.636,58801.98,2,226,847.517,408.222,NA,2.885,0.01,-113.199,-23.199
392,2,194,301.515,307.576,59101.99,2,205,867.042,425.622,NA,19.525,0.065,-161.917,-48.718
393,2,195,294.318,296.212,59402,2,254,880.493,438.729,NA,13.451,0.045,-122.347,39.569
394,2,196,293.939,295.833,59702.01,2,255,881.028,439.265,NA,0.536,0.002,-135,-12.653
395,2,197,282.576,295.455,60002.02,2,255,892.398,447.654,NA,11.37,0.038,-178.091,-43.091
396,2,198,280.682,296.591,60302.03,2,203,894.607,448.237,NA,2.209,0.007,149.036,-32.873
397,2,199,270.833,303.788,60602.04,2,107,906.805,450.566,NA,12.198,0.041,143.842,-5.194
398,2,200,245.455,303.788,60902.051,2,119,932.184,469.714,NA,25.379,0.085,180,36.158
399,2,201,245.076,303.788,61202.061,2,255,932.562,470.004,NA,0.379,0.001,180,0
400,2,202,226.515,303.788,61502.071,2,96,951.123,484.376,NA,18.561,0.062,180,0
401,2,203,223.106,307.955,61802.081,2,255,956.507,484.475,NA,5.384,0.018,129.289,-50.711
402,2,204,220.076,307.576,62102.091,2,255,959.56,487.101,NA,3.054,0.01,-172.875,57.836
403,2,205,212.879,307.576,62402.101,2,246,966.757,492.812,NA,7.197,0.024,180,-7.125
404,2,206,212.879,307.576,62702.111,2,255,966.757,492.812,NA,0,0,0,-180
405,2,207,212.879,307.576,63002.121,2,255,966.757,492.812,NA,0,0,0,0
406,2,208,214.015,307.576,63302.131,2,248,967.894,491.908,NA,1.136,0.004,0,0
407,2,209,216.288,307.576,63602.141,2,255,970.167,490.102,NA,2.273,0.008,0,0
408,2,210,217.803,307.576,63902.152,2,255,971.682,488.9,NA,1.515,0.005,0,0
409,2,211,218.561,306.439,64202.162,2,255,973.047,488.995,NA,1.366,0.005,-56.31,-56.31
410,2,212,217.803,305.303,64502.172,2,255,974.413,490.289,NA,1.366,0.005,-123.69,-67.38
411,2,213,217.803,304.545,64802.182,2,255,975.171,490.754,NA,0.758,0.003,-90,33.69
412,2,214,217.803,304.545,65102.192,2,255,975.171,490.754,NA,0,0,0,90
413,2,215,217.803,304.545,65402.202,2,255,975.171,490.754,NA,0,0,0,0
414,2,216,216.288,306.439,65702.212,2,255,977.596,490.794,NA,2.425,0.008,128.66,128.66
415,2,217,216.288,306.439,66002.222,2,255,977.596,490.794,NA,0,0,0,-128.66
416,2,218,216.288,306.439,66302.232,2,255,977.596,490.794,NA,0,0,0,0
417,2,219,216.288,306.439,66602.242,2,255,977.596,490.794,NA,0,0,0,0
418,2,220,216.288,306.439,66902.253,2,255,977.596,490.794,NA,0,0,0,0
419,2,221,216.288,306.439,67202.263,2,255,977.596,490.794,NA,0,0,0,0
420,2,222,214.773,305.303,67502.273,2,217,979.49,492.688,NA,1.894,0.006,-143.13,-143.13
421,2,223,210.606,300.758,67802.283,2,255,985.656,498.763,NA,6.166,0.021,-132.51,10.62
422,2,224,210.606,300.758,68102.293,2,254,985.656,498.763,NA,0,0,0,132.51
423,2,225,210.606,300.758,68402.303,2,255,985.656,498.763,NA,0,0,0,0
424,2,226,210.606,300.758,68702.313,2,255,985.656,498.763,NA,0,0,0,0
425,2,227,210.606,300.758,69002.323,2,255,985.656,498.763,NA,0,0,0,0
426,2,228,210.606,300.758,69302.333,2,255,985.656,498.763,NA,0,0,0,0
427,2,229,210.606,300.758,69602.344,2,255,985.656,498.763,NA,0,0,0,0
428,2,230,207.576,296.97,69902.354,2,255,990.507,503.478,NA,4.851,0.016,-128.66,-128.66
429,2,231,207.576,293.561,70202.364,2,255,993.916,505.576,NA,3.409,0.011,-90,38.66
430,2,232,207.576,293.561,70502.374,2,223,993.916,505.576,NA,0,0,0,90
431,2,233,204.545,295.076,70802.384,2,200,997.304,507.033,NA,3.388,0.011,153.435,153.435
432,2,234,198.485,300,71102.394,2,239,1005.113,508.864,NA,7.809,0.026,140.906,-12.529
433,2,235,199.242,307.197,71402.404,2,246,1012.35,503.963,NA,7.237,0.024,83.991,-56.915
434,2,236,205.682,312.879,71702.414,2,255,1020.938,495.41,NA,8.588,0.029,41.424,-42.567
435,2,238,205.682,312.879,72002.424,2,255,1020.938,495.41,NA,0,0,0,-41.424
436,3,1,598.864,796.212,12600.424,2,22,0,0,NA,NA,NA,NA,NA
437,3,2,594.318,796.212,12900.434,2,54,4.545,4.545,NA,4.545,0.015,180,NA
438,3,3,593.561,796.212,13200.444,2,37,5.303,5.303,NA,0.758,0.003,180,0
439,3,4,592.424,796.591,13500.455,2,27,6.501,6.451,NA,1.198,0.004,161.565,-18.435
440,3,5,591.288,796.97,13800.465,2,27,7.699,7.614,NA,1.198,0.004,161.565,0
441,3,6,581.061,796.97,14100.475,2,93,17.926,17.819,NA,10.227,0.034,180,18.435
442,3,7,581.061,796.97,14400.485,2,119,17.926,17.819,NA,0,0,0,-180
443,3,8,581.061,801.515,14700.495,2,152,22.471,18.576,NA,4.545,0.015,90,90
444,3,9,576.894,801.515,15000.505,2,113,26.638,22.601,NA,4.167,0.014,180,90
445,3,10,576.894,801.894,15300.515,2,129,27.017,22.693,NA,0.379,0.001,90,-90
446,3,11,573.106,805.682,15600.525,2,205,32.374,27.443,NA,5.357,0.018,135,45
447,3,12,559.091,805.682,15900.535,2,171,46.389,40.885,NA,14.015,0.047,180,45
448,3,13,559.091,805.682,16200.545,2,157,46.389,40.885,NA,0,0,0,-180
449,3,14,551.136,805.682,16500.556,2,135,54.343,48.658,NA,7.955,0.027,180,180
450,3,15,550,806.061,16800.566,2,197,55.541,49.846,NA,1.198,0.004,161.565,-18.435
451,3,16,544.697,806.061,17100.576,2,213,60.844,55.055,NA,5.303,0.018,180,18.435
452,3,17,541.667,806.061,17400.586,2,225,63.875,58.039,NA,3.03,0.01,180,0
453,3,18,539.015,806.061,17700.596,2,95,66.526,60.653,NA,2.652,0.009,180,0
454,3,19,537.5,806.439,18000.606,2,188,68.088,62.21,NA,1.562,0.005,165.964,-14.036
455,3,20,530.682,806.818,18300.616,2,118,74.917,69.002,NA,6.829,0.023,176.82,10.856
456,3,21,520.455,806.818,18600.626,2,118,85.144,79.123,NA,10.227,0.034,180,3.18
457,3,22,520.833,806.818,18900.636,2,154,85.523,78.748,NA,0.379,0.001,0,-180
458,3,23,512.5,806.818,19200.646,2,211,93.856,87.012,NA,8.333,0.028,180,180
459,3,24,502.652,806.818,19500.657,2,199,103.704,96.795,NA,9.848,0.033,180,0
460,3,25,491.288,806.818,19800.667,2,170,115.068,108.097,NA,11.364,0.038,180,0
461,3,26,490.53,798.485,20100.677,2,181,123.436,108.357,NA,8.368,0.028,-95.194,84.806
462,3,27,483.712,792.045,20400.687,2,100,132.814,115.227,NA,9.378,0.031,-136.637,-41.442
463,3,28,477.273,787.5,20700.697,2,184,140.696,121.903,NA,7.882,0.026,-144.782,-8.146
464,3,29,478.03,787.5,21000.707,2,133,141.454,121.147,NA,0.758,0.003,0,144.782
465,3,30,477.273,787.5,21300.717,2,255,142.211,121.903,NA,0.758,0.003,180,180
466,3,31,477.273,787.5,21600.727,2,255,142.211,121.903,NA,0,0,0,-180
467,3,32,477.273,787.5,21900.737,2,243,142.211,121.903,NA,0,0,0,0
468,3,33,474.621,786.364,22200.747,2,195,145.096,124.632,NA,2.885,0.01,-156.801,-156.801
469,3,34,468.182,780.303,22500.758,2,210,153.939,131.647,NA,8.843,0.029,-136.736,20.066
470,3,35,457.955,773.485,22800.768,2,154,166.231,142.73,NA,12.292,0.041,-146.31,-9.574
471,3,36,457.576,772.727,23100.778,2,173,167.078,143.226,NA,0.847,0.003,-116.565,29.745
472,3,37,457.576,765.53,23400.788,2,225,174.275,144.581,NA,7.197,0.024,-90,26.565
473,3,38,451.136,757.955,23700.798,2,204,184.217,152.601,NA,9.943,0.033,-130.365,-40.365
474,3,39,442.045,756.818,24000.808,2,255,193.379,161.691,NA,9.162,0.031,-172.875,-42.51
475,3,40,445.833,756.818,24300.818,2,232,197.167,158.019,NA,3.788,0.013,0,172.875
476,3,41,449.621,762.121,24600.828,2,255,203.684,153.087,NA,6.517,0.022,54.462,54.462
477,3,42,449.621,776.515,24900.838,2,255,218.078,150.537,NA,14.394,0.048,90,35.538
478,3,43,435.606,772.727,25200.849,2,255,232.596,164.938,NA,14.518,0.048,-164.876,105.124
479,3,44,428.409,761.742,25500.859,2,100,245.728,173.905,NA,13.133,0.044,-123.232,41.644
480,3,45,428.409,761.742,25800.869,2,255,245.728,173.905,NA,0,0,0,123.232
481,3,46,438.636,761.364,26100.879,2,195,255.963,163.973,NA,10.234,0.034,-2.121,-2.121
482,3,47,438.636,761.364,26400.889,2,179,255.963,163.973,NA,0,0,0,2.121
483,3,48,434.848,760.227,26700.899,2,255,259.917,167.916,NA,3.955,0.013,-163.301,-163.301
484,3,49,421.212,748.106,27000.909,2,111,278.162,184.05,NA,18.245,0.061,-138.366,24.934
485,3,50,414.394,743.561,27300.919,2,181,286.357,191.837,NA,8.194,0.027,-146.31,-7.943
486,3,51,410.227,742.803,27600.929,2,158,290.592,196.052,NA,4.235,0.014,-169.695,-23.385
487,3,52,399.242,742.424,27900.939,2,238,301.583,206.741,NA,10.991,0.037,-178.025,-8.33
488,3,53,391.288,735.606,28200.95,2,244,312.06,216.242,NA,10.477,0.035,-139.399,38.626
489,3,54,378.788,736.364,28500.96,2,174,324.583,228.068,NA,12.523,0.042,176.532,-44.07
490,3,55,365.53,736.364,28800.97,2,166,337.84,240.886,NA,13.258,0.044,180,3.468
491,3,56,365.152,735.985,29100.98,2,123,338.376,241.348,NA,0.536,0.002,-135,45
492,3,57,363.636,735.985,29400.99,2,255,339.891,242.815,NA,1.515,0.005,180,-45
493,3,58,368.182,733.333,29701,2,214,345.153,239.098,NA,5.262,0.018,-30.256,149.744
494,3,59,370.455,733.333,30001.01,2,203,347.426,236.906,NA,2.273,0.008,0,30.256
495,3,60,370.076,731.061,30301.02,2,223,349.73,237.884,NA,2.304,0.008,-99.462,-99.462
496,3,61,362.5,728.788,30601.03,2,164,357.639,245.792,NA,7.909,0.026,-163.301,-63.838
497,3,62,365.909,725.758,30901.04,2,202,362.201,243.376,NA,4.561,0.015,-41.634,121.667
498,3,63,362.121,722.348,31201.051,2,252,367.297,247.998,NA,5.096,0.017,-138.013,-96.379
499,3,64,362.121,711.742,31501.061,2,163,377.903,251.361,NA,10.606,0.035,-90,48.013
500,3,65,362.121,711.742,31801.071,2,231,377.903,251.361,NA,0,0,0,90
501,3,66,362.121,704.167,32101.081,2,255,385.478,254.007,NA,7.576,0.025,-90,-90
502,3,67,361.742,703.03,32401.091,2,119,386.676,254.773,NA,1.198,0.004,-108.435,-18.435
503,3,68,361.742,703.03,32701.101,2,164,386.676,254.773,NA,0,0,0,108.435
504,3,69,361.742,703.03,33001.111,2,132,386.676,254.773,NA,0,0,0,0
505,3,70,360.606,703.03,33301.121,2,172,387.813,255.831,NA,1.136,0.004,180,180
506,3,71,360.606,703.03,33601.131,2,255,387.813,255.831,NA,0,0,0,-180
507,3,72,360.606,703.03,33901.141,2,255,387.813,255.831,NA,0,0,0,0
508,3,73,360.606,703.03,34201.152,2,233,387.813,255.831,NA,0,0,0,0
509,3,74,359.091,703.03,34501.162,2,238,389.328,257.243,NA,1.515,0.005,180,180
510,3,75,359.091,703.03,34801.172,2,255,389.328,257.243,NA,0,0,0,-180
511,3,76,359.091,703.03,35101.182,2,137,389.328,257.243,NA,0,0,0,0
512,3,77,359.091,703.03,35401.192,2,115,389.328,257.243,NA,0,0,0,0
513,3,78,359.091,703.03,35701.202,2,187,389.328,257.243,NA,0,0,0,0
514,3,79,359.091,703.03,36001.212,2,176,389.328,257.243,NA,0,0,0,0
515,3,80,359.091,703.03,36301.222,2,189,389.328,257.243,NA,0,0,0,0
516,3,81,357.955,704.167,36601.232,2,179,390.935,257.894,NA,1.607,0.005,135,135
517,3,82,357.955,704.167,36901.242,2,229,390.935,257.894,NA,0,0,0,-135
518,3,83,357.955,704.167,37201.253,2,255,390.935,257.894,NA,0,0,0,0
519,3,84,357.955,704.167,37501.263,2,255,390.935,257.894,NA,0,0,0,0
520,3,85,357.955,704.167,37801.273,2,255,390.935,257.894,NA,0,0,0,0
521,3,86,357.955,704.167,38101.283,2,255,390.935,257.894,NA,0,0,0,0
522,3,87,357.955,704.167,38401.293,2,255,390.935,257.894,NA,0,0,0,0
523,3,88,357.955,704.167,38701.303,2,223,390.935,257.894,NA,0,0,0,0
524,3,89,357.955,704.545,39001.313,2,255,391.314,257.76,NA,0.379,0.001,90,90
525,3,90,357.955,705.682,39301.323,2,248,392.45,257.358,NA,1.136,0.004,90,0
526,3,91,357.955,706.818,39601.333,2,255,393.586,256.96,NA,1.136,0.004,90,0
527,3,92,357.955,706.818,39901.343,2,255,393.586,256.96,NA,0,0,0,-90
528,3,93,356.439,706.818,40201.354,2,255,395.102,258.381,NA,1.515,0.005,180,180
529,3,94,352.652,707.955,40501.364,2,234,399.056,261.553,NA,3.955,0.013,163.301,-16.699
530,3,95,352.652,707.955,40801.374,2,250,399.056,261.553,NA,0,0,0,-163.301
531,3,96,352.652,704.545,41101.384,2,231,402.465,262.723,NA,3.409,0.011,-90,-90
532,3,97,355.682,706.061,41401.394,2,185,405.853,259.354,NA,3.388,0.011,26.565,116.565
533,3,98,357.955,705.682,41701.404,2,255,408.157,257.358,NA,2.304,0.008,-9.462,-36.027
534,3,99,361.364,705.682,42001.414,2,255,411.566,254.169,NA,3.409,0.011,0,9.462
535,3,100,361.364,705.682,42301.424,2,255,411.566,254.169,NA,0,0,0,0
536,3,101,361.364,705.682,42601.434,2,240,411.566,254.169,NA,0,0,0,0
537,3,102,361.364,705.682,42901.444,2,255,411.566,254.169,NA,0,0,0,0
538,3,103,362.121,705.682,43201.455,2,255,412.324,253.461,NA,0.758,0.003,0,0
539,3,104,362.5,704.545,43501.465,2,255,413.522,253.516,NA,1.198,0.004,-71.565,-71.565
540,3,105,362.5,704.167,43801.475,2,255,413.901,253.654,NA,0.379,0.001,-90,-18.435
541,3,106,362.5,701.136,44101.485,2,189,416.931,254.769,NA,3.03,0.01,-90,0
542,3,107,362.5,701.136,44401.495,2,255,416.931,254.769,NA,0,0,0,90
543,3,108,362.5,701.136,44701.505,2,255,416.931,254.769,NA,0,0,0,0
544,3,109,357.576,701.136,45001.515,2,211,421.855,259.344,NA,4.924,0.016,180,180
545,3,110,357.576,701.136,45301.525,2,217,421.855,259.344,NA,0,0,0,-180
546,3,111,357.576,706.061,45601.535,2,176,426.779,257.579,NA,4.924,0.016,90,90
547,3,112,357.576,710.606,45901.546,2,217,431.325,256.024,NA,4.545,0.015,90,0
548,3,113,357.576,710.606,46201.556,2,255,431.325,256.024,NA,0,0,0,-90
549,3,114,356.061,709.47,46501.566,2,255,433.219,257.832,NA,1.894,0.006,-143.13,-143.13
550,3,115,356.061,706.061,46801.576,2,255,436.628,258.999,NA,3.409,0.011,-90,53.13
551,3,116,356.439,706.061,47101.586,2,205,437.007,258.644,NA,0.379,0.001,0,90
552,3,117,357.197,706.061,47401.596,2,255,437.764,257.934,NA,0.758,0.003,0,0
553,3,118,356.439,700.758,47701.606,2,255,443.121,260.54,NA,5.357,0.018,-98.13,-98.13
554,3,119,356.439,700.758,48001.616,2,255,443.121,260.54,NA,0,0,0,98.13
555,3,120,356.439,700.758,48301.626,2,255,443.121,260.54,NA,0,0,0,0
556,3,121,354.924,700.758,48601.636,2,255,444.636,261.95,NA,1.515,0.005,180,180
557,3,122,353.409,701.136,48901.647,2,255,446.198,263.225,NA,1.562,0.005,165.964,-14.036
558,3,123,352.652,703.03,49201.657,2,214,448.238,263.255,NA,2.04,0.007,111.801,-54.162
559,3,124,358.712,702.273,49501.667,2,192,454.346,257.871,NA,6.108,0.02,-7.125,-118.926
560,3,125,360.606,702.273,49801.677,2,255,456.24,256.108,NA,1.894,0.006,0,7.125
561,3,126,360.606,700.758,50101.687,2,203,457.755,256.668,NA,1.515,0.005,-90,-90
562,3,127,364.773,700.379,50401.697,2,255,461.939,252.948,NA,4.184,0.014,-5.194,84.806
563,3,128,364.773,700.379,50701.707,2,255,461.939,252.948,NA,0,0,0,5.194
564,3,129,364.773,702.652,51001.717,2,255,464.211,252.095,NA,2.273,0.008,90,90
565,3,130,365.152,707.576,51301.727,2,246,469.15,249.956,NA,4.939,0.016,85.601,-4.399
566,3,131,373.106,717.803,51601.737,2,255,482.107,238.986,NA,12.957,0.043,52.125,-33.476
567,3,132,373.106,726.515,51901.748,2,239,490.819,236.271,NA,8.712,0.029,90,37.875
568,3,133,373.106,739.773,52201.758,2,103,504.076,232.706,NA,13.258,0.044,90,0
569,3,134,363.258,744.697,52501.768,2,130,515.087,241.172,NA,11.011,0.037,153.435,63.435
570,3,135,347.348,744.697,52801.778,2,221,530.996,256.737,NA,15.909,0.053,180,26.565
571,3,136,329.167,746.97,53101.788,2,222,549.32,274.156,NA,18.323,0.061,172.875,-7.125
572,3,137,312.879,752.273,53401.798,2,187,566.449,289.341,NA,17.129,0.057,161.966,-10.909
573,3,138,296.591,752.652,53701.808,2,232,582.741,305.395,NA,16.292,0.054,178.668,16.702
574,3,139,284.848,759.091,54001.818,2,238,596.134,316.202,NA,13.392,0.045,151.26,-27.408
575,3,140,266.667,760.985,54301.828,2,255,614.414,334.06,NA,18.28,0.061,174.053,22.793
576,3,141,240.909,769.697,54601.838,2,198,641.605,358.935,NA,27.191,0.091,161.313,-12.74
577,3,142,226.515,764.773,54901.849,2,192,656.818,373.673,NA,15.213,0.051,-161.114,37.573
578,3,143,215.53,754.167,55201.859,2,255,672.087,385.632,NA,15.269,0.051,-136.005,25.109
579,3,144,208.333,739.773,55501.869,2,239,688.18,394.588,NA,16.093,0.054,-116.565,19.44
580,3,145,203.788,731.439,55801.879,2,179,697.673,400.35,NA,9.492,0.032,-118.61,-2.045
581,3,146,159.848,709.848,56101.889,2,187,746.63,447.429,NA,48.958,0.163,-153.831,-35.221
582,3,147,155.303,706.818,56401.899,2,255,752.093,452.479,NA,5.463,0.018,-146.31,7.522
583,3,148,140.909,692.045,56701.909,2,96,772.719,469.652,NA,20.626,0.069,-134.256,12.054
584,3,149,130.682,685.985,57001.919,2,70,784.607,480.983,NA,11.888,0.04,-149.349,-15.093
585,3,150,124.621,673.864,57301.929,2,255,798.159,489.77,NA,13.552,0.045,-116.565,32.784
586,3,151,127.273,651.894,57601.939,2,173,820.288,493.179,NA,22.129,0.074,-83.118,33.447
587,3,152,127.273,640.53,57901.95,2,187,831.652,496.623,NA,11.364,0.038,-90,-6.882
588,3,153,134.848,639.773,58201.96,2,255,839.265,489.677,NA,7.614,0.025,-5.711,84.289
589,3,154,139.394,643.182,58501.97,2,209,844.947,484.284,NA,5.682,0.019,36.87,42.58
590,3,155,135.606,646.97,58801.98,2,255,850.304,486.704,NA,5.357,0.018,135,98.13
591,3,156,143.561,635.985,59101.99,2,254,863.866,482.673,NA,13.563,0.045,-54.09,170.91
592,3,157,135.227,629.167,59402,2,255,874.633,492.811,NA,10.767,0.036,-140.711,-86.62
593,3,158,125.379,626.894,59702.01,2,255,884.741,502.848,NA,10.107,0.034,-167.005,-26.295
594,3,159,112.5,623.485,60002.02,2,255,898.063,516.124,NA,13.322,0.044,-165.174,1.832
595,3,160,119.318,625.758,60302.03,2,255,905.25,508.939,NA,7.187,0.024,18.435,-176.392
596,3,161,112.121,621.591,60602.04,2,181,913.566,517.118,NA,8.316,0.028,-149.931,-168.366
597,3,162,93.182,618.939,60902.051,2,161,932.69,535.854,NA,19.124,0.064,-172.03,-22.099
598,3,163,92.424,618.939,61202.061,2,121,933.448,536.569,NA,0.758,0.003,180,-7.97
599,3,164,92.424,618.939,61502.071,2,141,933.448,536.569,NA,0,0,0,-180
600,3,165,92.424,618.939,61802.081,2,176,933.448,536.569,NA,0,0,0,0
601,3,166,100.379,619.318,62102.091,2,94,941.411,528.941,NA,7.964,0.027,2.726,2.726
602,3,167,100.379,621.97,62402.101,2,192,944.063,528.06,NA,2.652,0.009,90,87.274
603,3,168,100.379,626.136,62702.111,2,142,948.23,526.7,NA,4.167,0.014,90,0
604,3,169,100.379,626.136,63002.121,2,179,948.23,526.7,NA,0,0,0,-90
605,3,170,86.742,626.136,63302.131,2,254,961.866,539.624,NA,13.636,0.045,180,180
606,3,171,83.333,621.97,63602.141,2,157,967.25,544.18,NA,5.384,0.018,-129.289,50.711
607,3,172,83.333,621.97,63902.152,2,130,967.25,544.18,NA,0,0,0,129.289
608,3,173,77.652,621.97,64202.162,2,139,972.931,549.566,NA,5.682,0.019,180,180
609,3,174,77.273,621.97,64502.172,2,188,973.31,549.925,NA,0.379,0.001,180,0
610,3,175,68.939,614.394,64802.182,2,132,984.572,560.248,NA,11.262,0.038,-137.726,42.274
611,3,176,62.121,607.576,65102.192,2,134,994.215,568.925,NA,9.642,0.032,-135,2.726
612,3,177,58.712,597.348,65402.202,2,107,1004.995,575.596,NA,10.78,0.036,-108.435,26.565
613,3,178,42.424,579.545,65702.212,2,126,1029.125,597.134,NA,24.13,0.08,-132.455,-24.02
614,3,179,35.227,579.167,66002.222,2,238,1036.332,603.982,NA,7.207,0.024,-176.987,-44.532
615,3,180,35.227,584.47,66302.232,2,255,1041.635,602.097,NA,5.303,0.018,90,-93.013
616,3,181,30.303,569.697,66602.242,2,255,1057.207,612.021,NA,15.572,0.052,-108.435,161.565
617,3,182,29.545,566.288,66902.253,2,112,1060.699,613.994,NA,3.492,0.012,-102.529,5.906
618,3,183,23.485,566.288,67202.263,2,165,1066.76,619.618,NA,6.061,0.02,180,-77.471
619,3,184,17.045,566.288,67502.273,2,213,1073.199,625.602,NA,6.439,0.021,180,0
620,3,185,17.045,566.288,67802.283,2,139,1073.199,625.602,NA,0,0,0,-180
621,3,186,17.045,566.288,68102.293,2,100,1073.199,625.602,NA,0,0,0,0
622,3,187,6.061,562.879,68402.303,2,234,1084.701,637.071,NA,11.502,0.038,-162.759,-162.759
623,3,188,2.652,561.364,68702.313,2,215,1088.431,640.798,NA,3.731,0.012,-156.038,6.721
624,4,1,606.818,834.091,9600.323,2,128,0,0,NA,NA,NA,NA,NA
625,4,2,606.818,834.091,9900.333,2,129,0,0,NA,0,0,0,NA
626,4,3,606.818,839.141,10200.343,2,116,5.051,5.051,NA,5.051,0.017,90,90
627,4,4,606.818,839.141,10500.354,2,157,5.051,5.051,NA,0,0,0,-90
628,4,5,604.293,842.172,10800.364,2,249,8.995,8.466,NA,3.945,0.013,129.806,129.806
629,4,6,598.232,842.677,11100.374,2,255,15.077,12.142,NA,6.082,0.02,175.236,45.431
630,4,7,598.232,842.677,11400.384,2,255,15.077,12.142,NA,0,0,0,-175.236
631,4,8,598.232,842.677,11700.394,2,255,15.077,12.142,NA,0,0,0,0
632,4,9,594.192,844.192,12000.404,2,255,19.392,16.17,NA,4.315,0.014,159.444,159.444
633,4,10,594.192,844.192,12300.414,2,255,19.392,16.17,NA,0,0,0,-159.444
634,4,11,594.192,849.242,12600.424,2,255,24.442,19.723,NA,5.051,0.017,90,90
635,4,12,588.131,859.848,12900.434,2,255,36.658,31.822,NA,12.216,0.041,119.745,29.745
636,4,13,588.131,859.848,13200.444,2,255,36.658,31.822,NA,0,0,0,-119.745
637,4,14,582.071,858.333,13500.455,2,202,42.905,34.643,NA,6.247,0.021,-165.964,-165.964
638,4,15,582.071,858.333,13800.465,2,219,42.905,34.643,NA,0,0,0,165.964
639,4,16,582.071,858.333,14100.475,2,255,42.905,34.643,NA,0,0,0,0
640,4,17,582.071,858.333,14400.485,2,255,42.905,34.643,NA,0,0,0,0
641,4,18,582.071,854.798,14700.495,2,255,46.44,32.268,NA,3.535,0.012,-90,-90
642,4,19,585.101,854.798,15000.505,2,255,49.471,30.007,NA,3.03,0.01,0,90
643,4,20,585.101,855.808,15300.515,2,255,50.481,30.713,NA,1.01,0.003,90,90
644,4,21,585.101,857.828,15600.525,2,255,52.501,32.173,NA,2.02,0.007,90,0
645,4,22,585.101,860.859,15900.535,2,255,55.531,34.469,NA,3.03,0.01,90,0
646,4,23,583.081,864.394,16200.545,2,255,59.603,38.493,NA,4.072,0.014,119.745,29.745
647,4,24,581.566,866.414,16500.556,2,255,62.128,41.018,NA,2.525,0.008,126.87,7.125
648,4,25,578.03,868.434,16800.566,2,255,66.2,44.813,NA,4.072,0.014,150.255,23.385
649,4,26,578.03,868.434,17100.576,2,255,66.2,44.813,NA,0,0,0,-150.255
650,4,27,573.485,878.535,17400.586,2,255,77.277,55.556,NA,11.077,0.037,114.228,114.228
651,4,28,573.485,878.535,17700.596,2,255,77.277,55.556,NA,0,0,0,-114.228
652,4,29,571.465,886.111,18000.606,2,255,85.117,62.897,NA,7.84,0.026,104.931,104.931
653,4,30,568.434,897.727,18300.616,2,255,97.122,74.316,NA,12.005,0.04,104.621,-0.311
654,4,31,565.909,902.778,18600.626,2,255,102.769,79.946,NA,5.647,0.019,116.565,11.944
655,4,32,560.354,908.333,18900.636,2,255,110.626,87.584,NA,7.857,0.026,135,18.435
656,4,33,552.778,916.919,19200.646,2,255,122.076,98.898,NA,11.45,0.038,131.424,-3.576
657,4,34,552.778,916.919,19500.657,2,255,122.076,98.898,NA,0,0,0,-131.424
658,4,35,549.242,922.98,19800.667,2,255,129.092,105.907,NA,7.016,0.023,120.256,120.256
659,4,36,547.222,926.01,20100.677,2,255,132.734,109.548,NA,3.642,0.012,123.69,3.434
660,4,37,543.182,929.04,20400.687,2,255,137.785,114.302,NA,5.051,0.017,143.13,19.44
661,4,38,543.182,934.596,20700.697,2,255,143.34,118.957,NA,5.556,0.019,90,-53.13
662,4,39,543.687,940.152,21000.707,2,255,148.919,123.428,NA,5.578,0.019,84.806,-5.194
663,4,40,543.687,943.687,21300.717,2,255,152.454,126.479,NA,3.535,0.012,90,5.194
664,4,41,543.687,948.737,21600.727,2,255,157.505,130.879,NA,5.051,0.017,90,0
665,4,42,543.687,948.737,21900.737,2,255,157.505,130.879,NA,0,0,0,-90
666,4,43,543.687,954.798,22200.747,2,255,163.565,136.22,NA,6.061,0.02,90,90
667,4,44,543.687,954.798,22500.758,2,255,163.565,136.22,NA,0,0,0,-90
668,4,45,546.717,959.848,22800.768,2,239,169.455,139.381,NA,5.89,0.02,59.036,59.036
669,4,46,546.717,965.404,23100.778,2,255,175.011,144.414,NA,5.556,0.019,90,30.964
670,4,47,546.717,971.97,23400.788,2,255,181.576,150.408,NA,6.566,0.022,90,0
671,4,48,546.717,971.97,23700.798,2,255,181.576,150.408,NA,0,0,0,-90
672,4,49,546.717,978.535,24000.808,2,255,188.142,156.449,NA,6.566,0.022,90,90
673,4,50,546.212,986.616,24300.818,2,255,196.239,164.125,NA,8.097,0.027,93.576,3.576
674,4,51,541.667,1000.253,24600.828,2,255,210.613,178.478,NA,14.374,0.048,108.435,14.859
675,4,52,536.616,996.212,24900.838,2,255,217.08,176.668,NA,6.468,0.022,-141.34,110.225
676,4,53,536.616,999.242,25200.849,2,255,220.111,179.453,NA,3.03,0.01,90,-128.66
677,4,54,536.616,1008.333,25500.859,2,255,229.202,187.853,NA,9.091,0.03,90,0
678,4,55,536.616,1008.333,25800.869,2,255,229.202,187.853,NA,0,0,0,-90
679,4,56,522.475,1036.111,26100.879,2,255,260.372,218.92,NA,31.17,0.104,116.98,116.98
680,4,57,526.01,1040.657,26400.889,2,255,266.13,221.809,NA,5.758,0.019,52.125,-64.855
681,4,58,528.535,1043.687,26700.899,2,255,270.075,223.738,NA,3.945,0.013,50.194,-1.931
682,4,59,528.535,1045.707,27000.909,2,255,272.095,225.632,NA,2.02,0.007,90,39.806
683,4,60,528.535,1049.242,27300.919,2,255,275.63,228.951,NA,3.535,0.012,90,0
684,4,61,528.535,1049.242,27600.929,2,255,275.63,228.951,NA,0,0,0,-90
685,4,62,528.535,1053.788,27900.939,2,255,280.176,233.227,NA,4.545,0.015,90,90
686,4,63,529.04,1054.293,28200.95,2,255,280.89,233.534,NA,0.714,0.002,45,-45
687,4,64,529.04,1054.293,28500.96,2,255,280.89,233.534,NA,0,0,0,-45
688,4,65,536.111,1054.293,28800.97,2,255,287.961,231.276,NA,7.071,0.024,0,0
689,4,66,535.606,1056.818,29100.98,2,255,290.536,233.835,NA,2.575,0.009,101.31,101.31
690,4,67,535.606,1057.323,29400.99,2,255,291.041,234.316,NA,0.505,0.002,90,-11.31
691,4,68,535.606,1057.323,29701,2,255,291.041,234.316,NA,0,0,0,-90
692,4,69,535.606,1057.323,30001.01,2,255,291.041,234.316,NA,0,0,0,0
693,4,70,537.626,1061.364,30301.02,2,255,295.558,237.572,NA,4.517,0.015,63.435,63.435
694,4,71,537.121,1060.354,30601.03,2,255,296.688,236.754,NA,1.129,0.004,-116.565,-180
695,4,72,537.121,1066.919,30901.04,2,255,303.253,243.036,NA,6.566,0.022,90,-153.435
696,4,73,537.121,1069.949,31201.051,2,255,306.284,245.941,NA,3.03,0.01,90,0
697,4,74,544.192,1079.04,31501.061,2,255,317.801,252.829,NA,11.517,0.038,52.125,-37.875
698,4,75,544.192,1079.04,31801.071,2,255,317.801,252.829,NA,0,0,0,-52.125
699,4,76,544.192,1095.707,32101.081,2,255,334.467,269.008,NA,16.667,0.056,90,90
700,4,77,544.192,1096.212,32401.091,2,255,334.972,269.499,NA,0.505,0.002,90,0
701,4,78,551.263,1100.758,32701.101,2,255,343.378,272.392,NA,8.406,0.028,32.735,-57.265
702,4,79,552.273,1100.758,33001.111,2,255,344.388,272.188,NA,1.01,0.003,0,-32.735
703,4,80,556.818,1098.232,33301.121,2,255,349.588,268.832,NA,5.2,0.017,-29.055,-29.055
704,4,81,563.384,1098.232,33601.131,2,255,356.154,267.689,NA,6.566,0.022,0,29.055
705,4,82,555.808,1105.808,33901.141,2,255,366.867,276.464,NA,10.714,0.036,135,135
706,4,83,555.303,1112.374,34201.152,2,255,373.452,283.011,NA,6.585,0.022,94.399,-40.601
707,4,84,555.303,1112.374,34501.162,2,255,373.452,283.011,NA,0,0,0,-94.399
708,4,85,555.303,1112.374,34801.172,2,255,373.452,283.011,NA,0,0,0,0
709,4,86,546.212,1112.374,35101.182,2,255,382.543,284.806,NA,9.091,0.03,180,180
710,4,87,546.212,1112.374,35401.192,2,255,382.543,284.806,NA,0,0,0,-180
711,4,88,546.212,1116.919,35701.202,2,255,387.089,289.249,NA,4.545,0.015,90,90
712,4,89,541.162,1120.455,36001.212,2,255,393.254,293.794,NA,6.165,0.021,145.008,55.008
713,4,90,537.626,1125.505,36301.222,2,255,399.419,299.516,NA,6.165,0.021,124.992,-20.016
714,4,91,545.707,1126.01,36601.232,2,255,407.515,298.247,NA,8.097,0.027,3.576,-121.416
715,4,92,545.707,1128.535,36901.242,2,255,410.04,300.719,NA,2.525,0.008,90,86.424
716,4,93,545.707,1135.101,37201.253,2,255,416.606,307.151,NA,6.566,0.022,90,0
717,4,94,543.687,1137.121,37501.263,2,255,419.463,309.537,NA,2.857,0.01,135,45
718,4,95,534.596,1137.121,37801.273,2,255,428.554,311.518,NA,9.091,0.03,180,45
719,4,96,534.596,1139.141,38101.283,2,255,430.574,313.483,NA,2.02,0.007,90,-90
720,4,97,536.111,1139.141,38401.293,2,255,432.089,313.138,NA,1.515,0.005,0,-90
721,4,98,536.111,1140.152,38701.303,2,255,433.1,314.122,NA,1.01,0.003,90,90
722,4,99,529.04,1154.293,39001.313,2,255,448.91,329.513,NA,15.811,0.053,116.565,26.565
723,4,100,525.505,1154.293,39301.323,2,255,452.445,330.365,NA,3.535,0.012,180,63.435
724,4,101,525.505,1154.293,39601.333,2,255,452.445,330.365,NA,0,0,0,-180
725,4,102,525.505,1160.354,39901.343,2,255,458.506,336.243,NA,6.061,0.02,90,90
726,4,103,524.495,1173.99,40201.354,2,255,472.18,349.726,NA,13.674,0.046,94.236,4.236
727,4,104,520.96,1178.03,40501.364,2,255,477.549,354.494,NA,5.369,0.018,131.186,36.95
728,4,105,513.384,1180.556,40801.374,2,255,485.534,358.842,NA,7.986,0.027,161.565,30.379
729,4,106,516.414,1180.556,41101.384,2,255,488.564,358.065,NA,3.03,0.01,0,-161.565
730,4,107,516.414,1185.101,41401.394,2,255,493.11,362.465,NA,4.545,0.015,90,90
731,4,108,516.414,1185.101,41701.404,2,255,493.11,362.465,NA,0,0,0,-90
732,4,109,516.414,1185.101,42001.414,2,255,493.11,362.465,NA,0,0,0,0
733,4,110,516.414,1185.101,42301.424,2,255,493.11,362.465,NA,0,0,0,0
734,4,111,516.414,1189.646,42601.434,2,255,497.655,366.869,NA,4.545,0.015,90,90
735,4,112,516.414,1189.646,42901.444,2,255,497.655,366.869,NA,0,0,0,-90
736,4,113,515.909,1189.646,43201.455,2,255,498.16,366.993,NA,0.505,0.002,180,180
737,4,114,515.909,1197.727,43501.465,2,255,506.241,374.828,NA,8.081,0.027,90,-90
738,4,115,511.869,1202.778,43801.475,2,255,512.709,380.717,NA,6.468,0.022,128.66,38.66
739,4,116,511.869,1208.838,44101.485,2,255,518.77,386.589,NA,6.061,0.02,90,-38.66
740,4,117,511.869,1208.838,44401.495,2,255,518.77,386.589,NA,0,0,0,-90
741,4,118,511.869,1208.838,44701.505,2,255,518.77,386.589,NA,0,0,0,0
742,4,119,507.828,1208.838,45001.515,2,255,522.81,387.601,NA,4.04,0.013,180,180
743,4,120,507.323,1208.838,45301.525,2,255,523.315,387.73,NA,0.505,0.002,180,0
744,4,121,516.919,1209.343,45601.535,2,255,532.924,385.871,NA,9.609,0.032,3.013,-176.987
745,4,122,523.485,1209.343,45901.546,2,255,539.49,384.394,NA,6.566,0.022,0,-3.013
746,4,123,513.384,1214.899,46201.556,2,255,551.018,392.103,NA,11.528,0.038,151.189,151.189
747,4,124,512.374,1218.434,46501.566,2,255,554.695,395.777,NA,3.677,0.012,105.945,-45.244
748,4,125,512.374,1221.97,46801.576,2,255,558.23,399.211,NA,3.535,0.012,90,-15.945
749,4,126,512.374,1221.97,47101.586,2,255,558.23,399.211,NA,0,0,0,-90
750,4,127,515.909,1223.485,47401.596,2,255,562.076,399.865,NA,3.846,0.013,23.199,23.199
751,4,128,516.919,1236.111,47701.606,2,255,574.743,411.949,NA,12.667,0.042,85.426,62.227
752,4,129,516.919,1236.111,48001.616,2,255,574.743,411.949,NA,0,0,0,-85.426
753,4,130,516.919,1227.02,48301.626,2,255,583.834,403.082,NA,9.091,0.03,-90,-90
754,4,131,516.919,1215.404,48601.636,2,255,595.45,391.767,NA,11.616,0.039,-90,0
755,4,132,520.96,1221.97,48901.647,2,255,603.159,397.268,NA,7.709,0.026,58.392,148.392
756,4,133,520.96,1220.96,49201.657,2,255,604.169,396.282,NA,1.01,0.003,-90,-148.392
757,4,134,520.96,1220.96,49501.667,2,255,604.169,396.282,NA,0,0,0,90
758,4,135,520.96,1226.01,49801.677,2,2,609.22,401.214,NA,5.051,0.017,90,90
759,4,136,506.818,1236.111,50101.687,2,82,626.598,414.271,NA,17.378,0.058,144.462,54.462
760,4,137,501.263,1239.646,50401.697,2,255,633.183,419.067,NA,6.585,0.022,147.529,3.066
761,4,138,495.202,1248.737,50701.707,2,255,644.109,429.406,NA,10.926,0.036,123.69,-23.839
762,4,139,491.162,1249.242,51001.717,2,255,648.181,430.961,NA,4.072,0.014,172.875,49.185
763,4,140,489.646,1259.343,51301.727,2,255,658.395,441.1,NA,10.214,0.034,98.531,-74.344
764,4,141,489.646,1259.343,51601.737,2,255,658.395,441.1,NA,0,0,0,-98.531
765,4,142,489.646,1260.354,51901.748,2,255,659.405,442.074,NA,1.01,0.003,90,90
766,4,143,489.646,1263.384,52201.758,2,255,662.436,444.996,NA,3.03,0.01,90,0
767,4,144,489.646,1268.939,52501.768,2,255,667.991,450.358,NA,5.556,0.019,90,0
768,4,145,490.152,1270.96,52801.778,2,255,670.074,452.178,NA,2.082,0.007,75.964,-14.036
769,4,146,490.152,1285.606,53101.788,2,255,684.72,466.344,NA,14.646,0.049,90,14.036
770,4,147,490.152,1285.606,53401.798,2,255,684.72,466.344,NA,0,0,0,-90
771,4,148,492.172,1282.071,53701.808,2,255,688.792,462.417,NA,4.072,0.014,-60.255,-60.255
772,4,149,492.172,1286.111,54001.818,2,255,692.832,466.333,NA,4.04,0.013,90,150.255
773,4,150,489.141,1288.131,54301.828,2,255,696.474,469.042,NA,3.642,0.012,146.31,56.31
774,4,151,485.101,1288.131,54601.838,2,255,700.515,470.072,NA,4.04,0.013,180,33.69
775,4,152,484.091,1288.131,54901.849,2,255,701.525,470.335,NA,1.01,0.003,180,0
776,4,153,486.111,1279.04,55201.859,2,255,710.837,461.032,NA,9.313,0.031,-77.471,102.529
777,4,154,486.111,1278.535,55501.869,2,255,711.342,460.544,NA,0.505,0.002,-90,-12.529
778,4,155,493.687,1278.535,55801.879,2,255,718.918,458.617,NA,7.576,0.025,0,90
779,4,156,493.687,1276.01,56101.889,2,255,721.443,456.17,NA,2.525,0.008,-90,-90
780,4,157,493.687,1274.495,56401.899,2,255,722.959,454.703,NA,1.515,0.005,-90,0
781,4,158,493.687,1268.939,56701.909,2,255,728.514,449.324,NA,5.556,0.019,-90,0
782,4,159,493.687,1268.939,57001.919,2,255,728.514,449.324,NA,0,0,0,90
783,4,160,493.687,1268.939,57301.929,2,255,728.514,449.324,NA,0,0,0,0
784,4,161,493.687,1268.939,57601.939,2,255,728.514,449.324,NA,0,0,0,0
785,4,162,493.687,1268.939,57901.95,2,255,728.514,449.324,NA,0,0,0,0
786,4,163,490.657,1268.939,58201.96,2,255,731.545,450.096,NA,3.03,0.01,180,180
787,4,164,488.131,1266.919,58501.97,2,255,734.778,448.806,NA,3.234,0.011,-141.34,38.66
788,4,165,488.131,1266.919,58801.98,2,255,734.778,448.806,NA,0,0,0,141.34
789,4,166,481.566,1262.879,59101.99,2,255,742.488,446.707,NA,7.709,0.026,-148.392,-148.392
790,4,167,489.646,1262.879,59402,2,255,750.568,444.509,NA,8.081,0.027,0,148.392
791,4,168,489.646,1271.97,59702.01,2,255,759.659,453.285,NA,9.091,0.03,90,90
792,4,169,490.152,1279.04,60002.02,2,255,766.748,459.99,NA,7.089,0.024,85.914,-4.086
793,4,170,491.162,1279.04,60302.03,2,255,767.758,459.735,NA,1.01,0.003,0,-85.914
794,4,171,484.091,1294.192,60602.04,2,255,784.478,476.188,NA,16.72,0.056,115.017,115.017
795,4,172,476.515,1294.697,60902.051,2,255,792.071,478.682,NA,7.593,0.025,176.186,61.169
796,4,173,481.566,1307.323,61202.061,2,255,805.67,489.527,NA,13.599,0.045,68.199,-107.987
797,4,174,484.596,1330.051,61502.071,2,255,828.598,510.798,NA,22.928,0.076,82.405,14.207
798,4,175,493.182,1331.566,61802.081,2,255,837.317,510.288,NA,8.719,0.029,10.008,-72.397
799,4,176,497.727,1340.152,62102.091,2,255,847.032,517.685,NA,9.715,0.032,62.103,52.095
800,4,177,502.778,1352.273,62402.101,2,255,860.163,528.523,NA,13.131,0.044,67.38,5.277
801,4,178,502.778,1352.273,62702.111,2,255,860.163,528.523,NA,0,0,0,-67.38
802,4,179,518.434,1352.273,63002.121,2,255,875.819,525.665,NA,15.657,0.052,0,0
803,4,180,519.444,1348.737,63302.131,2,255,879.496,522.011,NA,3.677,0.012,-74.055,-74.055
804,4,181,521.97,1355.303,63602.141,2,255,886.531,528.073,NA,7.035,0.023,68.962,143.017
805,4,182,526.515,1356.818,63902.152,2,255,891.322,528.86,NA,4.791,0.016,18.435,-50.528
806,4,183,526.515,1356.818,64202.162,2,255,891.322,528.86,NA,0,0,0,-18.435
807,4,184,527.02,1351.263,64502.172,2,255,896.901,523.292,NA,5.578,0.019,-84.806,-84.806
808,4,185,530.051,1351.263,64802.182,2,255,899.931,522.838,NA,3.03,0.01,0,84.806
809,4,186,519.949,1351.263,65102.192,2,255,910.032,524.417,NA,10.101,0.034,180,180
810,4,187,516.919,1351.768,65402.202,2,255,913.104,525.425,NA,3.072,0.01,170.538,-9.462
811,4,188,516.919,1357.323,65702.212,2,255,918.66,530.899,NA,5.556,0.019,90,-80.538
812,4,189,516.919,1357.323,66002.222,2,255,918.66,530.899,NA,0,0,0,-90
813,4,190,516.919,1363.889,66302.232,2,255,925.225,537.371,NA,6.566,0.022,90,90
814,4,191,515.404,1364.899,66602.242,2,255,927.046,538.622,NA,1.821,0.006,146.31,56.31
815,4,192,516.414,1371.97,66902.253,2,255,934.189,545.423,NA,7.142,0.024,81.87,-64.44
816,4,193,507.323,1380.051,67202.263,2,255,946.352,554.951,NA,12.163,0.041,138.366,56.497
817,4,194,507.323,1380.051,67502.273,2,255,946.352,554.951,NA,0,0,0,-138.366
818,4,195,507.323,1384.596,67802.283,2,255,950.897,559.424,NA,4.545,0.015,90,90
819,4,196,508.333,1385.101,68102.293,2,255,952.027,559.742,NA,1.129,0.004,26.565,-63.435
820,4,197,511.869,1385.101,68402.303,2,255,955.562,559.131,NA,3.535,0.012,0,-26.565
821,4,198,515.909,1381.061,68702.313,2,255,961.276,554.473,NA,5.714,0.019,-45,-45
822,4,199,515.909,1381.566,69002.323,2,255,961.781,554.971,NA,0.505,0.002,90,135
823,4,200,515.909,1381.566,69302.333,2,255,961.781,554.971,NA,0,0,0,-90
824,4,201,514.899,1381.566,69602.344,2,255,962.791,555.138,NA,1.01,0.003,180,180
825,4,202,514.899,1381.566,69902.354,2,255,962.791,555.138,NA,0,0,0,-180
826,4,203,514.899,1381.566,70202.364,2,255,962.791,555.138,NA,0,0,0,0
827,4,204,509.848,1390.657,70502.374,2,255,973.191,564.95,NA,10.4,0.035,119.055,119.055
828,4,205,507.323,1391.162,70802.384,2,255,975.766,565.886,NA,2.575,0.009,168.69,49.635
829,4,206,507.323,1391.162,71102.394,2,255,975.766,565.886,NA,0,0,0,-168.69
830,4,207,525.505,1402.778,71402.404,2,255,997.342,574.471,NA,21.576,0.072,32.574,32.574
831,4,208,529.04,1405.808,71702.414,2,255,1001.998,576.983,NA,4.656,0.016,40.601,8.027
832,4,210,544.192,1408.838,72002.424,2,255,1017.45,578.149,NA,15.452,0.052,11.31,-29.291
833,5,1,686.364,887.879,11100.374,2,28,0,0,NA,NA,NA,NA,NA
834,5,2,685.606,898.485,11400.384,2,155,10.633,10.633,NA,10.633,0.035,94.086,NA
835,5,3,684.848,898.485,11700.394,2,139,11.391,10.714,NA,0.758,0.003,180,85.914
836,5,4,679.924,901.515,12000.404,2,154,17.173,15.08,NA,5.782,0.019,148.392,-31.608
837,5,5,676.894,909.47,12300.414,2,233,25.685,23.576,NA,8.512,0.028,110.854,-37.538
838,5,6,673.485,922.348,12600.424,2,165,39.007,36.797,NA,13.322,0.044,104.826,-6.028
839,5,7,667.803,926.515,12900.434,2,255,46.053,42.863,NA,7.046,0.023,143.746,38.92
840,5,8,663.636,927.273,13200.444,2,255,50.288,45.48,NA,4.235,0.014,169.695,25.949
841,5,9,668.182,927.273,13500.455,2,255,54.833,43.387,NA,4.545,0.015,0,-169.695
842,5,10,672.727,933.712,13800.465,2,255,62.716,47.819,NA,7.882,0.026,54.782,54.782
843,5,11,672.727,933.712,14100.475,2,255,62.716,47.819,NA,0,0,0,-54.782
844,5,12,681.818,934.848,14400.485,2,238,71.877,47.189,NA,9.162,0.031,7.125,7.125
845,5,13,681.818,934.848,14700.495,2,241,71.877,47.189,NA,0,0,0,-7.125
846,5,14,681.439,938.636,15000.505,2,255,75.684,50.996,NA,3.807,0.013,95.711,95.711
847,5,15,681.439,938.636,15300.515,2,255,75.684,50.996,NA,0,0,0,-95.711
848,5,16,686.742,941.288,15600.525,2,255,81.613,53.41,NA,5.929,0.02,26.565,26.565
849,5,17,686.742,948.106,15900.535,2,255,88.431,60.228,NA,6.818,0.023,90,63.435
850,5,18,686.742,950.758,16200.545,2,255,91.083,62.88,NA,2.652,0.009,90,0
851,5,19,686.742,957.576,16500.556,2,255,97.901,69.698,NA,6.818,0.023,90,0
852,5,20,693.182,965.909,16800.566,2,214,108.432,78.328,NA,10.531,0.035,52.306,-37.694
853,5,21,698.106,975,17100.576,2,255,118.771,87.909,NA,10.339,0.034,61.557,9.251
854,5,22,698.106,981.818,17400.586,2,255,125.589,94.67,NA,6.818,0.023,90,28.443
855,5,23,693.561,978.03,17700.596,2,255,131.506,90.438,NA,5.917,0.02,-140.194,129.806
856,5,24,685.606,978.03,18000.606,2,255,139.461,90.155,NA,7.955,0.027,180,-39.806
857,5,25,681.439,978.409,18300.616,2,255,143.645,90.664,NA,4.184,0.014,174.806,-5.194
858,5,26,670.455,980.303,18600.626,2,189,154.791,93.783,NA,11.147,0.037,170.218,-4.588
859,5,27,670.455,980.303,18900.636,2,218,154.791,93.783,NA,0,0,0,-170.218
860,5,28,662.121,987.5,19200.646,2,255,165.802,102.528,NA,11.011,0.037,139.185,139.185
861,5,29,656.818,987.5,19500.657,2,255,171.105,103.91,NA,5.303,0.018,180,40.815
862,5,30,656.818,987.5,19800.667,2,255,171.105,103.91,NA,0,0,0,-180
863,5,31,650.379,990.53,20100.677,2,255,178.222,108.776,NA,7.117,0.024,154.799,154.799
864,5,32,650,1002.273,20400.687,2,255,189.971,120.035,NA,11.749,0.039,91.848,-62.951
865,5,33,645.833,1009.091,20700.697,2,255,197.961,127.809,NA,7.991,0.027,121.43,29.582
866,5,34,639.015,998.106,21000.707,2,255,210.89,119.966,NA,12.929,0.043,-121.827,116.743
867,5,35,635.227,998.106,21300.717,2,255,214.678,121.511,NA,3.788,0.013,180,-58.173
868,5,36,635.227,996.212,21600.727,2,255,216.572,119.796,NA,1.894,0.006,-90,90
869,5,37,621.212,996.212,21900.737,2,255,230.587,126.415,NA,14.015,0.047,180,-90
870,5,38,612.5,990.152,22200.747,2,255,241.2,126.157,NA,10.613,0.035,-145.176,34.824
871,5,39,606.061,987.5,22500.758,2,255,248.164,127.957,NA,6.964,0.023,-157.62,-12.444
872,5,40,606.061,987.5,22800.768,2,255,248.164,127.957,NA,0,0,0,157.62
873,5,41,627.652,1016.288,23100.778,2,255,284.149,141.195,NA,35.985,0.12,53.13,53.13
874,5,42,628.788,1020.076,23400.788,2,255,288.103,144.191,NA,3.955,0.013,73.301,20.171
875,5,43,632.197,1029.167,23700.798,2,255,297.812,151.315,NA,9.709,0.032,69.444,-3.857
876,5,44,632.197,1039.015,24000.808,2,255,307.661,160.55,NA,9.848,0.033,90,20.556
877,5,45,625.379,1039.015,24300.818,2,255,314.479,162.977,NA,6.818,0.023,180,90
878,5,46,622.727,1044.697,24600.828,2,255,320.749,169.238,NA,6.27,0.021,115.017,-64.983
879,5,47,615.53,1060.606,24900.838,2,223,338.21,186.687,NA,17.461,0.058,114.341,-0.676
880,5,48,606.439,1053.788,25200.849,2,255,349.574,184.157,NA,11.364,0.038,-143.13,102.529
881,5,49,601.136,1053.788,25500.859,2,255,354.877,186.519,NA,5.303,0.018,180,-36.87
882,5,50,601.515,1065.53,25800.869,2,255,366.626,196.874,NA,11.749,0.039,88.152,-91.848
883,5,51,596.97,1076.515,26100.879,2,255,378.514,208.746,NA,11.888,0.04,112.479,24.327
884,5,52,603.409,1091.288,26400.889,2,255,394.629,219.674,NA,16.115,0.054,66.448,-46.032
885,5,53,603.409,1100.758,26700.899,2,255,404.099,228.471,NA,9.47,0.032,90,23.552
886,5,54,603.409,1106.818,27000.909,2,255,410.159,234.128,NA,6.061,0.02,90,0
887,5,55,603.03,1103.409,27300.919,2,255,413.589,231.08,NA,3.43,0.011,-96.34,173.66
888,5,56,595.455,1103.409,27600.929,2,255,421.165,233.918,NA,7.576,0.025,180,-83.66
889,5,57,584.848,1103.409,27900.939,2,255,431.771,238.241,NA,10.606,0.035,180,0
890,5,58,582.576,1110.606,28200.95,2,255,439.318,245.722,NA,7.547,0.025,107.526,-72.474
891,5,59,573.485,1120.833,28500.96,2,255,453.002,258.862,NA,13.684,0.046,131.634,24.108
892,5,60,565.53,1120.833,28800.97,2,255,460.957,262.428,NA,7.955,0.027,180,48.366
893,5,61,565.53,1120.833,29100.98,2,244,460.957,262.428,NA,0,0,0,-180
894,5,62,551.515,1120.833,29400.99,2,255,474.972,269.169,NA,14.015,0.047,180,180
895,5,63,539.015,1125.758,29701,2,255,488.407,279.818,NA,13.435,0.045,158.499,-21.501
896,5,64,529.167,1139.394,30001.01,2,255,505.228,296.599,NA,16.821,0.056,125.838,-32.661
897,5,65,524.621,1128.03,30301.02,2,255,517.467,289.54,NA,12.239,0.041,-111.801,122.361
898,5,66,521.212,1128.03,30601.03,2,255,520.876,291.458,NA,3.409,0.011,180,-68.199
899,5,67,517.424,1144.318,30901.04,2,255,537.598,307.086,NA,16.723,0.056,103.092,-76.908
900,5,68,516.667,1160.985,31201.051,2,255,554.282,321.534,NA,16.684,0.056,92.603,-10.489
901,5,69,511.364,1154.545,31501.061,2,255,562.624,318.961,NA,8.342,0.028,-129.472,137.925
902,5,70,510.606,1153.788,31801.071,2,255,563.695,318.745,NA,1.071,0.004,-135,-5.528
903,5,71,510.227,1156.818,32101.081,2,255,566.749,321.485,NA,3.054,0.01,97.125,-127.875
904,5,72,503.409,1161.364,32401.091,2,255,574.944,329.038,NA,8.194,0.027,146.31,49.185
905,5,73,503.409,1162.879,32701.101,2,255,576.459,330.299,NA,1.515,0.005,90,-56.31
906,5,74,503.409,1162.879,33001.111,2,255,576.459,330.299,NA,0,0,0,-90
907,5,75,496.591,1167.045,33301.121,2,255,584.449,337.561,NA,7.991,0.027,148.57,148.57
908,5,76,496.212,1167.045,33601.131,2,237,584.828,337.775,NA,0.379,0.001,180,31.43
909,5,77,490.152,1167.045,33901.141,2,255,590.889,341.223,NA,6.061,0.02,180,0
910,5,78,486.364,1170.455,34201.152,2,255,595.985,346.192,NA,5.096,0.017,138.013,-41.987
911,5,79,479.924,1178.409,34501.162,2,215,606.219,356.406,NA,10.234,0.034,128.991,-9.022
912,5,80,465.152,1187.121,34801.172,2,255,623.37,372.13,NA,17.15,0.057,149.47,20.479
913,5,81,456.061,1187.121,35101.182,2,255,632.46,377.605,NA,9.091,0.03,180,30.53
914,5,82,454.924,1185.985,35401.192,2,255,634.068,377.401,NA,1.607,0.005,-135,45
915,5,83,458.712,1203.788,35701.202,2,255,652.269,389.389,NA,18.202,0.061,77.989,-147.011
916,5,84,456.818,1215.152,36001.212,2,255,663.789,399.748,NA,11.52,0.038,99.462,21.474
917,5,85,447.727,1222.727,36301.222,2,255,675.623,411.182,NA,11.834,0.039,140.194,40.732
918,5,86,447.727,1222.727,36601.232,2,255,675.623,411.182,NA,0,0,0,-140.194
919,5,87,447.727,1222.727,36901.242,2,255,675.623,411.182,NA,0,0,0,0
920,5,88,449.621,1227.652,37201.253,2,255,680.899,414.117,NA,5.276,0.018,68.962,68.962
921,5,89,449.621,1229.924,37501.263,2,255,683.172,415.983,NA,2.273,0.008,90,21.038
922,5,90,449.621,1229.924,37801.273,2,255,683.172,415.983,NA,0,0,0,-90
923,5,91,449.621,1236.364,38101.283,2,255,689.611,421.294,NA,6.439,0.021,90,90
924,5,92,449.621,1236.364,38401.293,2,255,689.611,421.294,NA,0,0,0,-90
925,5,93,454.545,1235.227,38701.303,2,255,694.665,417.601,NA,5.054,0.017,-12.995,-12.995
926,5,94,454.545,1235.227,39001.313,2,255,694.665,417.601,NA,0,0,0,12.995
927,5,95,454.545,1235.227,39301.323,2,255,694.665,417.601,NA,0,0,0,0
928,5,96,440.53,1231.439,39601.333,2,255,709.183,422.455,NA,14.518,0.048,-164.876,-164.876
929,5,97,438.258,1224.621,39901.343,2,255,716.37,418.273,NA,7.187,0.024,-108.435,56.441
930,5,98,438.258,1224.621,40201.354,2,255,716.37,418.273,NA,0,0,0,108.435
931,5,99,438.258,1224.621,40501.364,2,255,716.37,418.273,NA,0,0,0,0
932,5,100,430.682,1220.455,40801.374,2,255,725.016,419.499,NA,8.646,0.029,-151.189,-151.189
933,5,101,425.758,1204.924,41101.384,2,255,741.308,410.406,NA,16.292,0.054,-107.592,43.597
934,5,102,421.97,1197.348,41401.394,2,255,749.778,407.033,NA,8.47,0.028,-116.565,-8.973
935,5,103,421.97,1197.348,41701.404,2,255,749.778,407.033,NA,0,0,0,116.565
936,5,104,418.561,1191.667,42001.414,2,255,756.404,404.976,NA,6.626,0.022,-120.964,-120.964
937,5,105,418.561,1191.667,42301.424,2,255,756.404,404.976,NA,0,0,0,120.964
938,5,106,418.561,1191.667,42601.434,2,255,756.404,404.976,NA,0,0,0,0
939,5,107,418.939,1191.667,42901.444,2,255,756.783,404.726,NA,0.379,0.001,0,0
940,5,108,423.106,1194.697,43201.455,2,255,761.935,404.28,NA,5.152,0.017,36.027,36.027
941,5,109,423.106,1194.697,43501.465,2,255,761.935,404.28,NA,0,0,0,-36.027
942,5,110,423.106,1194.697,43801.475,2,223,761.935,404.28,NA,0,0,0,0
943,5,111,423.106,1202.273,44101.485,2,255,769.511,410.059,NA,7.576,0.025,90,90
944,5,112,424.621,1206.818,44401.495,2,255,774.302,412.591,NA,4.791,0.016,71.565,-18.435
945,5,113,424.621,1206.818,44701.505,2,255,774.302,412.591,NA,0,0,0,-71.565
946,5,114,425.758,1206.818,45001.515,2,255,775.438,411.871,NA,1.136,0.004,0,0
947,5,115,425.758,1206.818,45301.525,2,255,775.438,411.871,NA,0,0,0,0
948,5,116,425.758,1206.818,45601.535,2,255,775.438,411.871,NA,0,0,0,0
949,5,117,423.106,1199.621,45901.546,2,255,783.108,408.029,NA,7.67,0.026,-110.225,-110.225
950,5,118,417.424,1199.621,46201.556,2,255,788.79,411.718,NA,5.682,0.019,180,-69.775
951,5,119,417.424,1197.348,46501.566,2,255,791.063,410,NA,2.273,0.008,-90,90
952,5,120,418.182,1193.561,46801.576,2,255,794.926,406.648,NA,3.863,0.013,-78.69,11.31
953,5,121,418.182,1193.561,47101.586,2,255,794.926,406.648,NA,0,0,0,78.69
954,5,122,418.182,1193.561,47401.596,2,255,794.926,406.648,NA,0,0,0,0
955,5,123,425.758,1201.894,47701.606,2,255,806.188,408.07,NA,11.262,0.038,47.726,47.726
956,5,124,425.758,1203.409,48001.616,2,255,807.703,409.237,NA,1.515,0.005,90,42.274
957,5,125,425.758,1203.409,48301.626,2,255,807.703,409.237,NA,0,0,0,-90
958,5,126,425.758,1203.409,48601.636,2,255,807.703,409.237,NA,0,0,0,0
959,5,127,425.758,1203.409,48901.647,2,255,807.703,409.237,NA,0,0,0,0
960,5,128,425.758,1203.409,49201.657,2,255,807.703,409.237,NA,0,0,0,0
961,5,129,425.758,1203.409,49501.667,2,255,807.703,409.237,NA,0,0,0,0
962,5,130,425.758,1203.409,49801.677,2,255,807.703,409.237,NA,0,0,0,0
963,5,131,426.515,1213.258,50101.687,2,255,817.581,416.404,NA,9.878,0.033,85.601,85.601
964,5,132,427.273,1218.182,50401.697,2,255,822.563,419.795,NA,4.982,0.017,81.254,-4.347
965,5,133,427.273,1218.182,50701.707,2,255,822.563,419.795,NA,0,0,0,-81.254
966,5,134,427.273,1218.182,51001.717,2,255,822.563,419.795,NA,0,0,0,0
967,5,135,427.273,1218.182,51301.727,2,255,822.563,419.795,NA,0,0,0,0
968,5,136,427.273,1218.182,51601.737,2,255,822.563,419.795,NA,0,0,0,0
969,5,137,427.273,1218.182,51901.748,2,255,822.563,419.795,NA,0,0,0,0
970,5,138,427.273,1218.182,52201.758,2,255,822.563,419.795,NA,0,0,0,0
971,5,139,427.273,1218.182,52501.768,2,255,822.563,419.795,NA,0,0,0,0
972,5,140,427.273,1218.182,52801.778,2,255,822.563,419.795,NA,0,0,0,0
973,5,141,427.273,1218.182,53101.788,2,255,822.563,419.795,NA,0,0,0,0
974,5,142,426.894,1218.182,53401.798,2,255,822.942,420.029,NA,0.379,0.001,180,180
975,5,143,426.894,1222.348,53701.808,2,255,827.108,423.314,NA,4.167,0.014,90,-90
976,5,144,426.894,1222.348,54001.818,2,255,827.108,423.314,NA,0,0,0,-90
977,5,145,426.894,1222.348,54301.828,2,255,827.108,423.314,NA,0,0,0,0
978,5,146,426.894,1222.348,54601.838,2,255,827.108,423.314,NA,0,0,0,0
979,5,147,419.318,1219.318,54901.849,2,255,835.268,425.635,NA,8.159,0.027,-158.199,-158.199
980,5,148,419.318,1217.045,55201.859,2,255,837.54,423.868,NA,2.273,0.008,-90,68.199
981,5,149,420.833,1217.045,55501.869,2,255,839.056,422.915,NA,1.515,0.005,0,90
982,5,150,420.833,1217.045,55801.879,2,255,839.056,422.915,NA,0,0,0,0
983,5,151,422.348,1215.152,56101.889,2,255,841.481,420.49,NA,2.425,0.008,-51.34,-51.34
984,5,152,422.348,1215.152,56401.899,2,255,841.481,420.49,NA,0,0,0,51.34
985,5,153,422.348,1215.152,56701.909,2,255,841.481,420.49,NA,0,0,0,0
986,5,154,421.591,1211.364,57001.919,2,255,845.344,418.028,NA,3.863,0.013,-101.31,-101.31
987,5,155,421.591,1211.364,57301.929,2,255,845.344,418.028,NA,0,0,0,101.31
988,5,156,421.591,1211.364,57601.939,2,255,845.344,418.028,NA,0,0,0,0
989,5,157,424.242,1211.364,57901.95,2,255,847.995,416.353,NA,2.652,0.009,0,0
990,5,158,424.242,1211.364,58201.96,2,255,847.995,416.353,NA,0,0,0,0
991,5,159,424.242,1211.364,58501.97,2,255,847.995,416.353,NA,0,0,0,0
992,5,160,424.242,1211.364,58801.98,2,255,847.995,416.353,NA,0,0,0,0
993,5,161,424.242,1211.364,59101.99,2,255,847.995,416.353,NA,0,0,0,0
994,5,162,428.788,1219.318,59402,2,255,857.157,419.759,NA,9.162,0.031,60.255,60.255
995,5,163,428.788,1222.727,59702.01,2,255,860.566,422.456,NA,3.409,0.011,90,29.745
996,5,164,428.788,1222.727,60002.02,2,255,860.566,422.456,NA,0,0,0,-90
997,5,165,428.788,1222.727,60302.03,2,255,860.566,422.456,NA,0,0,0,0
998,5,166,423.485,1218.939,60602.04,2,255,867.083,422.737,NA,6.517,0.022,-144.462,-144.462
999,5,167,423.485,1218.939,60902.051,2,255,867.083,422.737,NA,0,0,0,144.462
1000,5,168,423.485,1218.939,61202.061,2,255,867.083,422.737,NA,0,0,0,0
1001,5,169,423.485,1218.939,61502.071,2,255,867.083,422.737,NA,0,0,0,0
1002,5,170,423.485,1218.561,61802.081,2,255,867.462,422.44,NA,0.379,0.001,-90,-90
1003,5,171,423.485,1211.364,62102.091,2,255,874.659,416.831,NA,7.197,0.024,-90,0
1004,5,172,423.485,1211.364,62402.101,2,255,874.659,416.831,NA,0,0,0,90
1005,5,173,421.212,1211.364,62702.111,2,255,876.931,418.268,NA,2.273,0.008,180,180
1006,5,174,418.182,1203.409,63002.121,2,255,885.444,414.102,NA,8.512,0.028,-110.854,69.146
1007,5,175,414.394,1195.076,63302.131,2,255,894.598,410.29,NA,9.154,0.031,-114.444,-3.589
1008,5,176,409.47,1189.773,63602.141,2,255,901.834,409.646,NA,7.237,0.024,-132.879,-18.435
1009,5,177,405.682,1189.773,63902.152,2,255,905.622,412.216,NA,3.788,0.013,180,-47.121
1010,5,178,405.682,1189.773,64202.162,2,255,905.622,412.216,NA,0,0,0,-180
1011,5,179,403.03,1189.773,64502.172,2,255,908.274,414.026,NA,2.652,0.009,180,180
1012,5,180,403.03,1189.773,64802.182,2,255,908.274,414.026,NA,0,0,0,-180
1013,5,181,403.03,1189.773,65102.192,2,255,908.274,414.026,NA,0,0,0,0
1014,5,182,403.03,1189.773,65402.202,2,255,908.274,414.026,NA,0,0,0,0
1015,5,183,403.03,1182.197,65702.212,2,255,915.849,408.535,NA,7.576,0.025,-90,-90
1016,5,184,403.03,1182.197,66002.222,2,255,915.849,408.535,NA,0,0,0,90
1017,5,185,404.545,1180.303,66302.232,2,255,918.275,406.12,NA,2.425,0.008,-51.34,-51.34
1018,5,186,401.894,1182.197,66602.242,2,255,921.533,409.324,NA,3.258,0.011,144.462,-164.197
1019,5,187,401.894,1182.197,66902.253,2,255,921.533,409.324,NA,0,0,0,-144.462
1020,5,188,401.894,1182.197,67202.263,2,255,921.533,409.324,NA,0,0,0,0
1021,5,189,396.97,1182.197,67502.273,2,255,926.458,412.761,NA,4.924,0.016,180,180
1022,5,190,396.97,1182.197,67802.283,2,255,926.458,412.761,NA,0,0,0,-180
1023,5,191,398.485,1176.894,68102.293,2,255,931.973,407.926,NA,5.515,0.018,-74.055,-74.055
1024,5,192,400,1176.894,68402.303,2,255,933.488,406.859,NA,1.515,0.005,0,74.055
1025,5,193,400,1176.894,68702.313,2,255,933.488,406.859,NA,0,0,0,0
1026,5,194,400,1176.894,69002.323,2,255,933.488,406.859,NA,0,0,0,0
1027,5,195,400.758,1182.576,69302.333,2,255,939.22,410.387,NA,5.732,0.019,82.405,82.405
1028,5,196,403.03,1182.576,69602.344,2,255,941.493,408.808,NA,2.273,0.008,0,-82.405
1029,5,197,403.03,1184.848,69902.354,2,255,943.765,410.449,NA,2.273,0.008,90,90
1030,5,198,403.03,1184.848,70202.364,2,255,943.765,410.449,NA,0,0,0,-90
1031,5,199,403.03,1184.848,70502.374,2,174,943.765,410.449,NA,0,0,0,0
1032,5,200,405.303,1193.182,70802.384,2,255,952.403,414.976,NA,8.638,0.029,74.745,74.745
1033,5,201,405.303,1193.182,71102.394,2,255,952.403,414.976,NA,0,0,0,-74.745
1034,5,202,407.576,1193.182,71402.404,2,255,954.676,413.44,NA,2.273,0.008,0,0
1035,5,203,408.333,1192.424,71702.414,2,255,955.747,412.37,NA,1.071,0.004,-45,-45
1036,5,204,411.742,1201.136,72002.424,2,255,965.103,416.59,NA,9.355,0.031,68.629,113.629
1037,6,1,773.99,897.222,10200.343,2,29,0,0,NA,NA,NA,NA,NA
1038,6,2,775.505,904.293,10500.354,2,15,7.231,7.231,NA,7.231,0.024,77.905,NA
1039,6,3,775.505,904.293,10800.364,2,55,7.231,7.231,NA,0,0,0,-77.905
1040,6,4,775.505,904.293,11100.374,2,31,7.231,7.231,NA,0,0,0,0
1041,6,5,775.505,904.293,11400.384,2,61,7.231,7.231,NA,0,0,0,0
1042,6,6,775.505,909.343,11700.394,2,67,12.282,12.216,NA,5.051,0.017,90,90
1043,6,7,775.505,909.343,12000.404,2,93,12.282,12.216,NA,0,0,0,-90
1044,6,8,775.505,909.343,12300.414,2,86,12.282,12.216,NA,0,0,0,0
1045,6,9,775.505,909.343,12600.424,2,67,12.282,12.216,NA,0,0,0,0
1046,6,10,775.505,909.343,12900.434,2,73,12.282,12.216,NA,0,0,0,0
1047,6,11,775.505,905.303,13200.444,2,73,16.322,8.222,NA,4.04,0.013,-90,-90
1048,6,12,775.505,905.303,13500.455,2,79,16.322,8.222,NA,0,0,0,90
1049,6,13,775.505,905.303,13800.465,2,64,16.322,8.222,NA,0,0,0,0
1050,6,14,778.03,905.303,14100.475,2,116,18.847,9.035,NA,2.525,0.008,0,0
1051,6,15,779.545,905.808,14400.485,2,60,20.444,10.226,NA,1.597,0.005,18.435,18.435
1052,6,16,779.545,905.808,14700.495,2,90,20.444,10.226,NA,0,0,0,-18.435
1053,6,17,783.586,904.293,15000.505,2,127,24.76,11.92,NA,4.315,0.014,-20.556,-20.556
1054,6,18,784.091,904.293,15300.515,2,102,25.265,12.33,NA,0.505,0.002,0,20.556
1055,6,19,784.091,904.293,15600.525,2,163,25.265,12.33,NA,0,0,0,0
1056,6,20,784.091,904.293,15900.535,2,139,25.265,12.33,NA,0,0,0,0
1057,6,21,784.091,909.343,16200.545,2,179,30.315,15.778,NA,5.051,0.017,90,90
1058,6,22,784.596,909.343,16500.556,2,204,30.82,16.106,NA,0.505,0.002,0,-90
1059,6,23,784.596,909.343,16800.566,2,236,30.82,16.106,NA,0,0,0,0
1060,6,24,784.596,909.343,17100.576,2,247,30.82,16.106,NA,0,0,0,0
1061,6,25,784.596,909.343,17400.586,2,154,30.82,16.106,NA,0,0,0,0
1062,6,26,784.596,909.343,17700.596,2,211,30.82,16.106,NA,0,0,0,0
1063,6,27,784.596,909.343,18000.606,2,199,30.82,16.106,NA,0,0,0,0
1064,6,28,784.596,912.374,18300.616,2,255,33.851,18.495,NA,3.03,0.01,90,90
1065,6,29,784.596,912.374,18600.626,2,252,33.851,18.495,NA,0,0,0,-90
1066,6,30,784.596,912.374,18900.636,2,243,33.851,18.495,NA,0,0,0,0
1067,6,31,785.606,917.929,19200.646,2,255,39.497,23.743,NA,5.647,0.019,79.695,79.695
1068,6,32,785.606,917.929,19500.657,2,155,39.497,23.743,NA,0,0,0,-79.695
1069,6,33,785.606,917.929,19800.667,2,249,39.497,23.743,NA,0,0,0,0
1070,6,34,785.606,917.929,20100.677,2,242,39.497,23.743,NA,0,0,0,0
1071,6,35,785.606,917.929,20400.687,2,255,39.497,23.743,NA,0,0,0,0
1072,6,36,785.606,917.929,20700.697,2,207,39.497,23.743,NA,0,0,0,0
1073,6,37,785.606,923.485,21000.707,2,255,45.053,28.717,NA,5.556,0.019,90,90
1074,6,38,785.606,927.525,21300.717,2,255,49.093,32.453,NA,4.04,0.013,90,0
1075,6,39,787.121,927.525,21600.727,2,252,50.608,33.026,NA,1.515,0.005,0,-90
1076,6,40,788.131,931.061,21900.737,2,255,54.285,36.674,NA,3.677,0.012,74.055,74.055
1077,6,41,788.131,931.061,22200.747,2,255,54.285,36.674,NA,0,0,0,-74.055
1078,6,42,788.131,931.061,22500.758,2,255,54.285,36.674,NA,0,0,0,0
1079,6,43,788.131,931.061,22800.768,2,236,54.285,36.674,NA,0,0,0,0
1080,6,44,778.535,926.515,23100.778,2,175,64.903,29.643,NA,10.618,0.035,-154.654,-154.654
1081,6,45,778.03,923.99,23400.788,2,238,67.478,27.071,NA,2.575,0.009,-101.31,53.344
1082,6,46,778.03,923.99,23700.798,2,140,67.478,27.071,NA,0,0,0,101.31
1083,6,47,778.03,923.99,24000.808,2,172,67.478,27.071,NA,0,0,0,0
1084,6,48,778.03,920.455,24300.818,2,177,71.014,23.581,NA,3.535,0.012,-90,-90
1085,6,49,776.01,917.929,24600.828,2,119,74.248,20.805,NA,3.234,0.011,-128.66,-38.66
1086,6,50,776.01,917.929,24900.838,2,60,74.248,20.805,NA,0,0,0,128.66
1087,6,51,778.535,917.929,25200.849,2,230,76.773,21.2,NA,2.525,0.008,0,0
1088,6,52,779.545,929.04,25500.859,2,250,87.93,32.3,NA,11.157,0.037,84.806,84.806
1089,6,53,781.061,928.535,25800.869,2,255,89.527,32.102,NA,1.597,0.005,-18.435,-103.241
1090,6,54,781.061,925,26100.879,2,224,93.062,28.664,NA,3.535,0.012,-90,-71.565
1091,6,55,784.091,925.505,26400.889,2,243,96.134,30.032,NA,3.072,0.01,9.462,99.462
1092,6,56,784.091,925.505,26700.899,2,255,96.134,30.032,NA,0,0,0,-9.462
1093,6,57,784.091,936.616,27000.909,2,247,107.246,40.668,NA,11.111,0.037,90,90
1094,6,58,784.091,936.616,27300.919,2,253,107.246,40.668,NA,0,0,0,-90
1095,6,59,784.091,940.152,27600.929,2,226,110.781,44.102,NA,3.535,0.012,90,90
1096,6,60,784.091,941.667,27900.939,2,164,112.296,45.578,NA,1.515,0.005,90,0
1097,6,61,784.091,942.172,28200.95,2,192,112.801,46.07,NA,0.505,0.002,90,0
1098,6,62,783.081,946.212,28500.96,2,255,116.966,49.826,NA,4.165,0.014,104.036,14.036
1099,6,63,783.081,946.212,28800.97,2,253,116.966,49.826,NA,0,0,0,-104.036
1100,6,64,783.586,946.212,29100.98,2,235,117.471,49.921,NA,0.505,0.002,0,0
1101,6,65,783.586,946.212,29400.99,2,219,117.471,49.921,NA,0,0,0,0
1102,6,66,783.586,946.212,29701,2,190,117.471,49.921,NA,0,0,0,0
1103,6,67,786.616,951.263,30001.01,2,160,123.361,55.496,NA,5.89,0.02,59.036,59.036
1104,6,68,791.162,956.313,30301.02,2,255,130.156,61.535,NA,6.795,0.023,48.013,-11.023
1105,6,69,791.162,956.313,30601.03,2,237,130.156,61.535,NA,0,0,0,-48.013
1106,6,70,791.162,956.313,30901.04,2,255,130.156,61.535,NA,0,0,0,0
1107,6,71,791.162,956.313,31201.051,2,255,130.156,61.535,NA,0,0,0,0
1108,6,72,791.162,956.313,31501.061,2,236,130.156,61.535,NA,0,0,0,0
1109,6,73,790.152,956.818,31801.071,2,203,131.285,61.748,NA,1.129,0.004,153.435,153.435
1110,6,74,790.152,961.869,32101.081,2,255,136.335,66.636,NA,5.051,0.017,90,-63.435
1111,6,75,790.152,961.869,32401.091,2,255,136.335,66.636,NA,0,0,0,-90
1112,6,76,789.646,966.919,32701.101,2,255,141.411,71.434,NA,5.076,0.017,95.711,95.711
1113,6,77,789.646,971.97,33001.111,2,255,146.462,76.37,NA,5.051,0.017,90,-5.711
1114,6,78,789.646,972.98,33301.121,2,255,147.472,77.359,NA,1.01,0.003,90,0
1115,6,79,789.646,978.03,33601.131,2,255,152.522,82.311,NA,5.051,0.017,90,0
1116,6,80,789.646,978.03,33901.141,2,247,152.522,82.311,NA,0,0,0,-90
1117,6,81,792.172,977.525,34201.152,2,255,155.097,82.336,NA,2.575,0.009,-11.31,-11.31
1118,6,82,792.172,977.525,34501.162,2,255,155.097,82.336,NA,0,0,0,11.31
1119,6,83,796.212,982.576,34801.172,2,204,161.565,88.199,NA,6.468,0.022,51.34,51.34
1120,6,84,796.212,984.596,35101.182,2,190,163.585,90.155,NA,2.02,0.007,90,38.66
1121,6,85,796.212,989.141,35401.192,2,255,168.131,94.567,NA,4.545,0.015,90,0
1122,6,86,798.232,990.657,35701.202,2,251,170.656,96.528,NA,2.525,0.008,36.87,-53.13
1123,6,87,802.778,992.677,36001.212,2,175,175.63,99.701,NA,4.974,0.017,23.962,-12.907
1124,6,88,802.778,992.677,36301.222,2,215,175.63,99.701,NA,0,0,0,-23.962
1125,6,89,802.778,992.677,36601.232,2,251,175.63,99.701,NA,0,0,0,0
1126,6,90,806.818,997.727,36901.242,2,203,182.098,105.731,NA,6.468,0.022,51.34,51.34
1127,6,91,807.323,998.232,37201.253,2,180,182.812,106.368,NA,0.714,0.002,45,-6.34
1128,6,92,807.323,1003.283,37501.263,2,255,187.863,111.175,NA,5.051,0.017,90,45
1129,6,93,812.374,1003.283,37801.273,2,222,192.913,112.793,NA,5.051,0.017,0,-90
1130,6,94,813.384,1003.283,38101.283,2,255,193.923,113.14,NA,1.01,0.003,0,0
1131,6,95,813.384,1003.283,38401.293,2,217,193.923,113.14,NA,0,0,0,0
1132,6,96,815.909,1013.889,38701.303,2,194,204.826,123.969,NA,10.903,0.036,76.608,76.608
1133,6,97,817.929,1013.889,39001.313,2,223,206.846,124.667,NA,2.02,0.007,0,-76.608
1134,6,98,817.929,1013.889,39301.323,2,255,206.846,124.667,NA,0,0,0,0
1135,6,99,819.949,1022.98,39601.333,2,243,216.159,133.893,NA,9.313,0.031,77.471,77.471
1136,6,100,819.949,1022.98,39901.343,2,255,216.159,133.893,NA,0,0,0,-77.471
1137,6,101,819.949,1027.525,40201.354,2,255,220.704,138.171,NA,4.545,0.015,90,90
1138,6,102,819.949,1032.071,40501.364,2,252,225.25,142.465,NA,4.545,0.015,90,0
1139,6,103,821.97,1036.111,40801.374,2,180,229.767,146.943,NA,4.517,0.015,63.435,-26.565
1140,6,104,821.97,1045.202,41101.384,2,251,238.858,155.564,NA,9.091,0.03,90,26.565
1141,6,105,821.97,1045.202,41401.394,2,255,238.858,155.564,NA,0,0,0,-90
1142,6,106,821.97,1055.808,41701.404,2,239,249.464,165.685,NA,10.606,0.035,90,90
1143,6,107,821.97,1070.96,42001.414,2,182,264.616,180.241,NA,15.152,0.051,90,0
1144,6,108,827.02,1070.96,42301.424,2,255,269.666,181.65,NA,5.051,0.017,0,-90
1145,6,109,831.061,1070.96,42601.434,2,255,273.707,182.871,NA,4.04,0.013,0,0
1146,6,110,832.576,1076.01,42901.444,2,255,278.979,188.142,NA,5.273,0.018,73.301,73.301
1147,6,111,829.545,1083.081,43201.455,2,255,286.672,193.984,NA,7.693,0.026,113.199,39.898
1148,6,112,836.111,1093.182,43501.465,2,255,298.719,205.57,NA,12.047,0.04,56.976,-56.222
1149,6,113,836.616,1095.202,43801.475,2,255,300.802,207.649,NA,2.082,0.007,75.964,18.988
1150,6,114,836.616,1100.253,44101.485,2,181,305.852,212.47,NA,5.051,0.017,90,14.036
1151,6,115,836.616,1100.253,44401.495,2,218,305.852,212.47,NA,0,0,0,-90
1152,6,116,844.192,1100.253,44701.505,2,255,313.428,214.825,NA,7.576,0.025,0,0
1153,6,117,844.192,1101.768,45001.515,2,255,314.943,216.257,NA,1.515,0.005,90,90
1154,6,118,839.646,1101.768,45301.525,2,255,319.489,214.825,NA,4.545,0.015,180,90
1155,6,119,839.646,1103.283,45601.535,2,165,321.004,216.268,NA,1.515,0.005,90,-90
1156,6,120,830.556,1103.283,45901.546,2,202,330.095,213.684,NA,9.091,0.03,180,90
1157,6,121,821.97,1103.283,46201.556,2,163,338.681,211.573,NA,8.586,0.029,180,0
1158,6,122,816.414,1105.808,46501.566,2,227,344.783,212.856,NA,6.103,0.02,155.556,-24.444
1159,6,123,816.414,1105.808,46801.576,2,255,344.783,212.856,NA,0,0,0,-155.556
1160,6,124,816.414,1105.808,47101.586,2,255,344.783,212.856,NA,0,0,0,0
1161,6,125,829.04,1107.323,47401.596,2,255,357.5,217.193,NA,12.717,0.042,6.843,6.843
1162,6,126,834.091,1111.364,47701.606,2,255,363.968,222.416,NA,6.468,0.022,38.66,31.817
1163,6,127,834.091,1111.364,48001.616,2,255,363.968,222.416,NA,0,0,0,-38.66
1164,6,128,841.667,1128.03,48301.626,2,255,382.275,240.525,NA,18.308,0.061,65.556,65.556
1165,6,129,841.667,1135.606,48601.636,2,242,389.851,247.804,NA,7.576,0.025,90,24.444
1166,6,130,841.667,1135.606,48901.647,2,255,389.851,247.804,NA,0,0,0,-90
1167,6,131,841.667,1135.606,49201.657,2,255,389.851,247.804,NA,0,0,0,0
1168,6,132,841.667,1135.606,49501.667,2,246,389.851,247.804,NA,0,0,0,0
1169,6,133,873.99,1131.566,49801.677,2,164,422.426,254.788,NA,32.575,0.109,-7.125,-7.125
1170,6,134,886.111,1125,50101.687,2,173,436.211,253.878,NA,13.785,0.046,-28.443,-21.318
1171,6,135,887.626,1125,50401.697,2,134,437.726,254.55,NA,1.515,0.005,0,28.443
1172,6,136,877.525,1121.465,50701.707,2,220,448.428,246.99,NA,10.702,0.036,-160.71,-160.71
1173,6,137,877.525,1119.949,51001.717,2,247,449.943,245.616,NA,1.515,0.005,-90,70.71
1174,6,138,874.495,1124.495,51301.727,2,255,455.406,248.504,NA,5.463,0.018,123.69,-146.31
1175,6,139,868.434,1132.071,51601.737,2,255,465.108,253.128,NA,9.702,0.032,128.66,4.97
1176,6,140,856.313,1139.646,51901.748,2,232,479.402,256.021,NA,14.294,0.048,147.995,19.335
1177,6,141,850.758,1148.737,52201.758,2,169,490.056,262.97,NA,10.654,0.036,121.43,-26.565
1178,6,142,850.758,1148.737,52501.768,2,240,490.056,262.97,NA,0,0,0,-121.43
1179,6,143,841.162,1148.737,52801.778,2,166,499.652,260.33,NA,9.596,0.032,180,180
1180,6,144,838.131,1163.384,53101.788,2,255,514.609,273.781,NA,14.957,0.05,101.689,-78.311
1181,6,145,827.02,1165.909,53401.798,2,255,526.003,273.87,NA,11.394,0.038,167.196,65.506
1182,6,146,812.879,1191.162,53701.808,2,251,554.946,296.501,NA,28.943,0.096,119.249,-47.947
1183,6,147,805.808,1201.768,54001.818,2,255,567.692,306.203,NA,12.747,0.042,123.69,4.441
1184,6,148,805.808,1208.333,54301.828,2,255,574.258,312.734,NA,6.566,0.022,90,-33.69
1185,6,149,805.808,1208.333,54601.838,2,255,574.258,312.734,NA,0,0,0,-90
1186,6,150,812.374,1210.859,54901.849,2,255,581.293,315.976,NA,7.035,0.023,21.038,21.038
1187,6,151,823.99,1222.475,55201.859,2,255,597.72,329.073,NA,16.428,0.055,45,23.962
1188,6,152,831.566,1228.535,55501.869,2,214,607.422,336.279,NA,9.702,0.032,38.66,-6.34
1189,6,153,831.566,1243.182,55801.879,2,241,622.069,350.718,NA,14.646,0.049,90,51.34
1190,6,154,832.071,1249.747,56101.889,2,251,628.654,357.278,NA,6.585,0.022,85.601,-4.399
1191,6,155,832.071,1267.424,56401.899,2,255,646.33,374.73,NA,17.677,0.059,90,4.399
1192,6,156,832.071,1283.081,56701.909,2,255,661.987,390.205,NA,15.657,0.052,90,0
1193,6,157,827.525,1283.081,57001.919,2,255,666.532,389.555,NA,4.545,0.015,180,90
1194,6,158,827.525,1295.202,57301.929,2,255,678.654,401.564,NA,12.121,0.04,90,-90
1195,6,159,827.525,1306.313,57601.939,2,246,689.765,412.579,NA,11.111,0.037,90,0
1196,6,160,827.525,1306.313,57901.95,2,255,689.765,412.579,NA,0,0,0,-90
1197,6,161,841.667,1306.313,58201.96,2,255,703.906,414.651,NA,14.141,0.047,0,0
1198,6,162,841.667,1317.424,58501.97,2,229,715.017,425.617,NA,11.111,0.037,90,90
1199,6,163,843.182,1332.071,58801.98,2,255,729.742,440.319,NA,14.725,0.049,84.094,-5.906
1200,6,164,845.707,1332.071,59101.99,2,255,732.267,440.723,NA,2.525,0.008,0,-84.094
1201,6,165,845.707,1332.071,59402,2,255,732.267,440.723,NA,0,0,0,0
1202,6,166,845.707,1332.071,59702.01,2,255,732.267,440.723,NA,0,0,0,0
1203,6,167,835.101,1332.071,60002.02,2,255,742.873,439.122,NA,10.606,0.035,180,180
1204,6,168,834.596,1332.071,60302.03,2,255,743.378,439.052,NA,0.505,0.002,180,0
1205,6,169,834.596,1334.091,60602.04,2,255,745.398,441.053,NA,2.02,0.007,90,-90
1206,6,170,834.596,1334.091,60902.051,2,255,745.398,441.053,NA,0,0,0,-90
1207,6,171,834.596,1334.091,61202.061,2,248,745.398,441.053,NA,0,0,0,0
1208,6,172,835.101,1338.636,61502.071,2,241,749.972,445.624,NA,4.573,0.015,83.66,83.66
1209,6,173,838.636,1339.646,61802.081,2,229,753.649,447.122,NA,3.677,0.012,15.945,-67.714
1210,6,174,839.141,1345.202,62102.091,2,238,759.227,452.693,NA,5.578,0.019,84.806,68.86
1211,6,175,841.667,1364.394,62402.101,2,255,778.584,472.048,NA,19.357,0.065,82.504,-2.301
1212,6,176,842.677,1369.444,62702.111,2,255,783.735,477.191,NA,5.151,0.017,78.69,-3.814
1213,6,177,850.253,1369.444,63002.121,2,255,791.311,478.341,NA,7.576,0.025,0,-78.69
1214,6,178,853.788,1375.505,63302.131,2,255,798.327,484.894,NA,7.016,0.023,59.744,59.744
1215,6,179,869.949,1378.03,63602.141,2,217,814.685,490.29,NA,16.358,0.055,8.881,-50.863
1216,6,180,881.061,1384.091,63902.152,2,200,827.341,498.503,NA,12.657,0.042,28.61,19.73
1217,6,181,884.596,1391.162,64202.162,2,197,835.247,506.172,NA,7.905,0.026,63.435,34.824
1218,6,182,890.152,1394.697,64502.172,2,2,841.832,510.857,NA,6.585,0.022,32.471,-30.964
1219,7,1,814.773,847.727,21000.707,2,51,0,0,NA,NA,NA,NA,NA
1220,7,2,820.455,851.894,21300.717,2,61,7.046,7.046,NA,7.046,0.023,36.254,NA
1221,7,3,820.455,856.061,21600.727,2,85,11.213,10.086,NA,4.167,0.014,90,53.746
1222,7,4,820.455,859.848,21900.737,2,99,15,13.387,NA,3.788,0.013,90,0
1223,7,5,820.455,859.848,22200.747,2,114,15,13.387,NA,0,0,0,-90
1224,7,6,823.106,861.742,22500.758,2,113,18.259,16.305,NA,3.258,0.011,35.538,35.538
1225,7,7,825,863.636,22800.768,2,118,20.937,18.913,NA,2.678,0.009,45,9.462
1226,7,8,826.894,870.455,23100.778,2,131,28.014,25.758,NA,7.076,0.024,74.476,29.476
1227,7,9,826.894,870.455,23400.788,2,157,28.014,25.758,NA,0,0,0,-74.476
1228,7,10,826.894,870.455,23700.798,2,148,28.014,25.758,NA,0,0,0,0
1229,7,11,826.894,872.727,24000.808,2,161,30.286,27.784,NA,2.273,0.008,90,90
1230,7,12,826.894,875.379,24300.818,2,104,32.938,30.192,NA,2.652,0.009,90,0
1231,7,13,826.894,875.379,24600.828,2,214,32.938,30.192,NA,0,0,0,-90
1232,7,14,826.894,875.379,24900.838,2,165,32.938,30.192,NA,0,0,0,0
1233,7,15,826.894,875.379,25200.849,2,186,32.938,30.192,NA,0,0,0,0
1234,7,16,825,878.03,25500.859,2,232,36.196,31.982,NA,3.258,0.011,125.538,125.538
1235,7,17,819.318,880.682,25800.869,2,150,42.466,33.267,NA,6.27,0.021,154.983,29.445
1236,7,18,819.318,889.773,26100.879,2,248,51.557,42.29,NA,9.091,0.03,90,-64.983
1237,7,19,819.318,889.773,26400.889,2,232,51.557,42.29,NA,0,0,0,-90
1238,7,20,820.455,897.727,26700.899,2,232,59.593,50.322,NA,8.035,0.027,81.87,81.87
1239,7,21,821.591,902.652,27000.909,2,137,64.646,55.346,NA,5.054,0.017,77.005,-4.865
1240,7,22,821.591,902.652,27300.919,2,190,64.646,55.346,NA,0,0,0,-77.005
1241,7,23,824.242,902.652,27600.929,2,242,67.298,55.735,NA,2.652,0.009,0,0
1242,7,24,828.03,907.197,27900.939,2,255,73.215,60.93,NA,5.917,0.02,50.194,50.194
1243,7,25,828.788,907.197,28200.95,2,255,73.972,61.099,NA,0.758,0.003,0,-50.194
1244,7,26,833.333,915.909,28500.96,2,255,83.799,70.663,NA,9.827,0.033,62.447,62.447
1245,7,27,833.333,924.242,28800.97,2,238,92.132,78.734,NA,8.333,0.028,90,27.553
1246,7,28,833.333,929.167,29100.98,2,255,97.056,83.528,NA,4.924,0.016,90,0
1247,7,29,833.333,933.333,29400.99,2,255,101.223,87.595,NA,4.167,0.014,90,0
1248,7,30,833.333,933.333,29701,2,255,101.223,87.595,NA,0,0,0,-90
1249,7,31,833.333,933.333,30001.01,2,255,101.223,87.595,NA,0,0,0,0
1250,7,32,833.333,933.333,30301.02,2,255,101.223,87.595,NA,0,0,0,0
1251,7,33,833.333,933.333,30601.03,2,255,101.223,87.595,NA,0,0,0,0
1252,7,34,829.924,930.682,30901.04,2,255,105.542,84.327,NA,4.319,0.014,-142.125,-142.125
1253,7,35,829.545,930.682,31201.051,2,255,105.921,84.26,NA,0.379,0.001,180,-37.875
1254,7,36,836.364,931.439,31501.061,2,255,112.781,86.452,NA,6.86,0.023,6.34,-173.66
1255,7,37,838.636,933.333,31801.071,2,255,115.739,88.87,NA,2.958,0.01,39.806,33.465
1256,7,38,840.53,940.53,32101.081,2,255,123.181,96.311,NA,7.442,0.025,75.256,35.451
1257,7,39,842.045,943.561,32401.091,2,255,126.569,99.638,NA,3.388,0.011,63.435,-11.821
1258,7,40,845.076,946.591,32701.101,2,255,130.855,103.404,NA,4.285,0.014,45,-18.435
1259,7,41,845.076,946.591,33001.111,2,255,130.855,103.404,NA,0,0,0,-45
1260,7,42,851.515,949.621,33301.121,2,255,137.972,108.316,NA,7.117,0.024,25.201,25.201
1261,7,43,851.515,955.303,33601.131,2,255,143.653,113.677,NA,5.682,0.019,90,64.799
1262,7,44,851.894,968.182,33901.141,2,255,156.538,126.045,NA,12.884,0.043,88.315,-1.685
1263,7,45,852.273,1004.924,34201.152,2,255,193.282,161.608,NA,36.744,0.122,89.409,1.094
1264,7,46,851.894,1011.364,34501.162,2,255,199.733,167.794,NA,6.451,0.022,93.366,3.957
1265,7,47,851.894,1020.455,34801.172,2,255,208.824,176.671,NA,9.091,0.03,90,-3.366
1266,7,48,851.894,1018.561,35101.182,2,221,210.717,174.82,NA,1.894,0.006,-90,-180
1267,7,49,847.727,1018.561,35401.192,2,255,214.884,173.983,NA,4.167,0.014,180,-90
1268,7,50,846.97,1024.242,35701.202,2,255,220.616,179.428,NA,5.732,0.019,97.595,-82.405
1269,7,51,846.97,1024.242,36001.212,2,255,220.616,179.428,NA,0,0,0,-97.595
1270,7,52,845.455,1029.545,36301.222,2,255,226.131,184.389,NA,5.515,0.018,105.945,105.945
1271,7,53,845.455,1046.97,36601.232,2,255,243.556,201.591,NA,17.424,0.058,90,-15.945
1272,7,54,847.727,1070.833,36901.242,2,255,267.527,225.527,NA,23.972,0.08,84.56,-5.44
1273,7,55,850.379,1090.152,37201.253,2,251,287.027,245.025,NA,19.499,0.065,82.185,-2.375
1274,7,56,851.136,1111.364,37501.263,2,255,308.252,266.132,NA,21.226,0.071,87.955,5.77
1275,7,57,851.136,1123.106,37801.273,2,255,319.995,277.769,NA,11.742,0.039,90,2.045
1276,7,58,861.742,1123.106,38101.283,2,255,330.601,279.356,NA,10.606,0.035,0,-90
1277,7,59,861.742,1123.106,38401.293,2,255,330.601,279.356,NA,0,0,0,0
1278,7,60,867.803,1124.621,38701.303,2,255,336.848,281.926,NA,6.247,0.021,14.036,14.036
1279,7,61,869.697,1130.303,39001.313,2,255,342.837,287.864,NA,5.989,0.02,71.565,57.529
1280,7,62,871.212,1130.303,39301.323,2,252,344.352,288.157,NA,1.515,0.005,0,-71.565
1281,7,63,871.212,1141.667,39601.333,2,255,355.716,299.309,NA,11.364,0.038,90,90
1282,7,64,871.212,1141.667,39901.343,2,255,355.716,299.309,NA,0,0,0,-90
1283,7,65,871.212,1145.076,40201.354,2,255,359.125,302.657,NA,3.409,0.011,90,90
1284,7,66,871.212,1145.076,40501.364,2,255,359.125,302.657,NA,0,0,0,-90
1285,7,67,877.652,1150.758,40801.374,2,255,367.713,309.485,NA,8.588,0.029,41.424,41.424
1286,7,68,879.924,1158.333,41101.384,2,255,375.622,317.365,NA,7.909,0.026,73.301,31.877
1287,7,69,878.788,1164.015,41401.394,2,213,381.416,322.701,NA,5.794,0.019,101.31,28.009
1288,7,70,874.242,1175.758,41701.404,2,243,394.008,333.377,NA,12.591,0.042,111.161,9.851
1289,7,71,874.242,1186.364,42001.414,2,254,404.614,343.819,NA,10.606,0.035,90,-21.161
1290,7,72,868.561,1202.652,42301.424,2,255,421.864,358.977,NA,17.25,0.057,109.231,19.231
1291,7,73,851.136,1221.212,42601.434,2,255,447.322,375.251,NA,25.458,0.085,133.191,23.961
1292,7,74,850.379,1226.136,42901.444,2,241,452.304,380.081,NA,4.982,0.017,98.746,-34.445
1293,7,75,854.924,1232.955,43201.455,2,255,460.499,387.314,NA,8.194,0.027,56.31,-42.436
1294,7,76,866.667,1232.955,43501.465,2,255,472.241,388.707,NA,11.742,0.039,0,-56.31
1295,7,77,867.045,1243.561,43801.475,2,244,482.854,399.27,NA,10.613,0.035,87.955,87.955
1296,7,78,867.045,1243.561,44101.485,2,255,482.854,399.27,NA,0,0,0,-87.955
1297,7,79,871.97,1243.561,44401.495,2,255,487.778,399.944,NA,4.924,0.016,0,0
1298,7,80,871.97,1243.561,44701.505,2,255,487.778,399.944,NA,0,0,0,0
1299,7,81,872.348,1240.909,45001.515,2,255,490.457,397.375,NA,2.678,0.009,-81.87,-81.87
1300,7,82,878.03,1237.121,45301.525,2,255,497.285,394.499,NA,6.829,0.023,-33.69,48.18
1301,7,83,879.545,1238.258,45601.535,2,255,499.179,395.865,NA,1.894,0.006,36.87,70.56
1302,7,84,883.333,1250,45901.546,2,255,511.518,408.073,NA,12.338,0.041,72.121,35.251
1303,7,85,883.333,1263.636,46201.556,2,248,525.154,421.522,NA,13.636,0.045,90,17.879
1304,7,86,883.333,1263.636,46501.566,2,255,525.154,421.522,NA,0,0,0,-90
1305,7,87,883.333,1263.636,46801.576,2,255,525.154,421.522,NA,0,0,0,0
1306,7,88,883.333,1263.636,47101.586,2,250,525.154,421.522,NA,0,0,0,0
1307,7,89,875,1272.348,47401.596,2,255,537.21,428.871,NA,12.056,0.04,133.727,133.727
1308,7,90,873.106,1272.727,47701.606,2,255,539.141,428.985,NA,1.931,0.006,168.69,34.963
1309,7,91,867.803,1281.439,48001.616,2,255,549.34,436.942,NA,10.199,0.034,121.329,-47.361
1310,7,92,867.803,1280.303,48301.626,2,255,550.477,435.814,NA,1.136,0.004,-90,148.671
1311,7,93,867.803,1280.682,48601.636,2,255,550.856,436.19,NA,0.379,0.001,90,180
1312,7,94,868.939,1287.121,48901.647,2,255,557.394,442.72,NA,6.539,0.022,79.992,-10.008
1313,7,95,869.697,1290.909,49201.657,2,255,561.257,446.572,NA,3.863,0.013,78.69,-1.302
1314,7,96,871.591,1298.485,49501.667,2,255,569.066,454.324,NA,7.809,0.026,75.964,-2.726
1315,7,97,878.409,1315.152,49801.677,2,255,587.074,471.736,NA,18.007,0.06,67.751,-8.213
1316,7,98,884.47,1339.015,50101.687,2,255,611.695,496.207,NA,24.621,0.082,75.75,7.999
1317,8,1,783.081,510.354,1200.04,2,54,0,0,NA,NA,NA,NA,NA
1318,8,2,781.566,502.273,1500.051,2,52,8.222,8.222,NA,8.222,0.027,-100.62,NA
1319,8,3,781.566,502.273,1800.061,2,83,8.222,8.222,NA,0,0,0,100.62
1320,8,4,781.566,499.242,2100.071,2,80,11.252,11.214,NA,3.03,0.01,-90,-90
1321,8,5,781.566,495.202,2400.081,2,68,15.292,15.227,NA,4.04,0.013,-90,0
1322,8,6,781.566,488.636,2700.091,2,198,21.858,21.77,NA,6.566,0.022,-90,0
1323,8,7,780.051,479.04,3000.101,2,169,31.573,31.459,NA,9.715,0.032,-98.973,-8.973
1324,8,8,780.051,479.04,3300.111,2,241,31.573,31.459,NA,0,0,0,98.973
1325,8,9,779.545,477.02,3600.121,2,92,33.655,33.52,NA,2.082,0.007,-104.036,-104.036
1326,8,10,771.465,466.414,3900.131,2,188,46.989,45.449,NA,13.334,0.044,-127.304,-23.268
1327,8,11,766.414,456.313,4200.141,2,255,58.282,56.552,NA,11.293,0.038,-116.565,10.739
1328,8,12,766.414,456.313,4500.152,2,135,58.282,56.552,NA,0,0,0,116.565
1329,8,13,757.323,448.737,4800.162,2,209,70.116,66.783,NA,11.834,0.039,-140.194,-140.194
1330,8,14,744.697,435.606,5100.172,2,255,88.333,84.027,NA,18.217,0.061,-133.877,6.318
1331,8,15,744.697,436.111,5400.182,2,255,88.838,83.578,NA,0.505,0.002,90,-136.123
1332,8,16,744.697,429.04,5700.192,2,255,95.909,89.917,NA,7.071,0.024,-90,-180
1333,8,17,744.697,421.465,6000.202,2,234,103.484,96.822,NA,7.576,0.025,-90,0
1334,8,18,744.697,416.919,6300.212,2,243,108.03,101.011,NA,4.545,0.015,-90,0
1335,8,19,744.697,413.384,6600.222,2,200,111.565,104.29,NA,3.535,0.012,-90,0
1336,8,20,744.697,410.354,6900.232,2,228,114.595,107.114,NA,3.03,0.01,-90,0
1337,8,21,744.697,410.354,7200.242,2,199,114.595,107.114,NA,0,0,0,90
1338,8,22,744.697,405.303,7500.253,2,255,119.646,111.843,NA,5.051,0.017,-90,-90
1339,8,23,740.657,404.798,7800.263,2,230,123.718,113.762,NA,4.072,0.014,-172.875,-82.875
1340,8,24,738.131,404.798,8100.273,2,212,126.243,114.728,NA,2.525,0.008,180,-7.125
1341,8,25,732.071,407.323,8400.283,2,255,132.809,114.966,NA,6.566,0.022,157.38,-22.62
1342,8,26,725,407.323,8700.293,2,255,139.879,118.274,NA,7.071,0.024,180,22.62
1343,8,27,720.455,407.323,9000.303,2,255,144.425,120.571,NA,4.545,0.015,180,0
1344,8,28,719.949,407.323,9300.313,2,223,144.93,120.834,NA,0.505,0.002,180,0
1345,8,29,717.424,407.323,9600.323,2,229,147.455,122.172,NA,2.525,0.008,180,0
1346,8,30,712.374,407.828,9900.333,2,255,152.531,124.543,NA,5.076,0.017,174.289,-5.711
1347,8,31,715.404,399.747,10200.343,2,255,161.161,129.668,NA,8.63,0.029,-69.444,116.267
1348,8,32,715.404,399.747,10500.354,2,254,161.161,129.668,NA,0,0,0,69.444
1349,8,33,715.404,399.747,10800.364,2,250,161.161,129.668,NA,0,0,0,0
1350,8,34,715.404,399.747,11100.374,2,255,161.161,129.668,NA,0,0,0,0
1351,8,35,715.404,399.747,11400.384,2,255,161.161,129.668,NA,0,0,0,0
1352,8,36,711.364,405.303,11700.394,2,255,168.031,127.197,NA,6.869,0.023,126.027,126.027
1353,8,37,710.354,411.364,12000.404,2,255,174.175,122.834,NA,6.144,0.02,99.462,-26.565
1354,8,38,710.354,411.364,12300.414,2,226,174.175,122.834,NA,0,0,0,-99.462
1355,8,39,710.354,411.364,12600.424,2,241,174.175,122.834,NA,0,0,0,0
1356,8,40,710.354,411.364,12900.434,2,255,174.175,122.834,NA,0,0,0,0
1357,8,41,710.354,411.364,13200.444,2,255,174.175,122.834,NA,0,0,0,0
1358,8,42,704.798,411.364,13500.455,2,255,179.73,126.203,NA,5.556,0.019,180,180
1359,8,43,704.798,411.364,13800.465,2,230,179.73,126.203,NA,0,0,0,-180
1360,8,44,699.747,407.323,14100.475,2,255,186.198,132.513,NA,6.468,0.022,-141.34,-141.34
1361,8,45,699.747,407.323,14400.485,2,238,186.198,132.513,NA,0,0,0,141.34
1362,8,46,699.747,405.808,14700.495,2,255,187.713,133.694,NA,1.515,0.005,-90,-90
1363,8,47,704.798,393.182,15000.505,2,220,201.312,140.916,NA,13.599,0.045,-68.199,21.801
1364,8,48,710.354,379.545,15300.515,2,237,216.037,149.666,NA,14.725,0.049,-67.834,0.365
1365,8,49,710.354,379.545,15600.525,2,255,216.037,149.666,NA,0,0,0,67.834
1366,8,50,710.354,379.545,15900.535,2,255,216.037,149.666,NA,0,0,0,0
1367,8,51,710.354,379.545,16200.545,2,255,216.037,149.666,NA,0,0,0,0
1368,8,52,711.364,381.061,16500.556,2,255,217.858,147.851,NA,1.821,0.006,56.31,56.31
1369,8,53,710.354,381.061,16800.566,2,215,218.868,148.344,NA,1.01,0.003,180,123.69
1370,8,54,713.889,382.576,17100.576,2,229,222.714,145.309,NA,3.846,0.013,23.199,-156.801
1371,8,55,710.354,382.576,17400.586,2,255,226.25,147.025,NA,3.535,0.012,180,156.801
1372,8,56,701.768,380.556,17700.596,2,255,235.07,153.164,NA,8.82,0.029,-166.759,13.241
1373,8,57,701.263,380.556,18000.606,2,209,235.575,153.433,NA,0.505,0.002,180,-13.241
1374,8,58,697.727,386.111,18300.616,2,255,242.16,150.736,NA,6.585,0.022,122.471,-57.529
1375,8,59,697.727,392.677,18600.626,2,255,248.726,145.372,NA,6.566,0.022,90,-32.471
1376,8,60,694.192,384.091,18900.636,2,255,258.011,154.413,NA,9.285,0.031,-112.38,157.62
1377,8,61,694.192,377.02,19200.646,2,228,265.082,160.247,NA,7.071,0.024,-90,22.38
1378,8,62,692.172,367.929,19500.657,2,255,274.394,168.965,NA,9.313,0.031,-102.529,-12.529
1379,8,63,694.192,361.869,19800.667,2,255,280.783,173.058,NA,6.388,0.021,-71.565,30.964
1380,8,64,689.141,358.333,20100.677,2,255,286.948,178.703,NA,6.165,0.021,-145.008,-73.443
1381,8,65,688.131,350.253,20400.687,2,255,295.091,186.139,NA,8.144,0.027,-97.125,47.883
1382,8,66,687.626,344.697,20700.697,2,255,300.67,191.19,NA,5.578,0.019,-95.194,1.931
1383,8,67,687.626,344.192,21000.707,2,255,301.175,191.628,NA,0.505,0.002,-90,5.194
1384,8,68,681.061,337.121,21300.717,2,220,310.824,201.041,NA,9.649,0.032,-132.879,-42.879
1385,8,69,680.051,337.121,21600.727,2,255,311.834,201.556,NA,1.01,0.003,180,-47.121
1386,8,70,672.475,336.111,21900.737,2,255,319.477,206.383,NA,7.643,0.025,-172.405,7.595
1387,8,71,675.505,332.071,22200.747,2,255,324.527,208.224,NA,5.051,0.017,-53.13,119.275
1388,8,72,675.505,332.071,22500.758,2,255,324.527,208.224,NA,0,0,0,53.13
1389,8,73,675.505,332.071,22800.768,2,253,324.527,208.224,NA,0,0,0,0
1390,8,74,672.98,332.071,23100.778,2,254,327.052,209.54,NA,2.525,0.008,180,180
1391,8,75,670.455,332.071,23400.788,2,255,329.578,210.878,NA,2.525,0.008,180,0
1392,8,76,667.424,330.556,23700.798,2,221,332.966,213.784,NA,3.388,0.011,-153.435,26.565
1393,8,77,667.424,330.556,24000.808,2,156,332.966,213.784,NA,0,0,0,153.435
1394,8,78,667.424,330.556,24300.818,2,191,332.966,213.784,NA,0,0,0,0
1395,8,79,667.424,330.556,24600.828,2,255,332.966,213.784,NA,0,0,0,0
1396,8,80,667.424,321.465,24900.838,2,255,342.057,221.485,NA,9.091,0.03,-90,-90
1397,8,81,667.424,321.465,25200.849,2,239,342.057,221.485,NA,0,0,0,90
1398,8,82,667.424,315.909,25500.859,2,173,347.612,226.241,NA,5.556,0.019,-90,-90
1399,8,83,668.434,311.869,25800.869,2,255,351.777,229.216,NA,4.165,0.014,-75.964,14.036
1400,8,84,668.434,299.242,26100.879,2,241,364.403,240.233,NA,12.626,0.042,-90,-14.036
1401,8,85,663.384,292.172,26400.889,2,205,373.092,248.859,NA,8.689,0.029,-125.538,-35.538
1402,8,86,663.384,292.172,26700.899,2,251,373.092,248.859,NA,0,0,0,125.538
1403,8,87,663.384,287.121,27000.909,2,255,378.143,253.298,NA,5.051,0.017,-90,-90
1404,8,88,663.384,287.121,27300.919,2,252,378.143,253.298,NA,0,0,0,90
1405,8,89,663.384,287.121,27600.929,2,209,378.143,253.298,NA,0,0,0,0
1406,8,90,653.788,287.121,27900.939,2,255,387.739,257.972,NA,9.596,0.032,180,180
1407,8,91,653.788,287.121,28200.95,2,247,387.739,257.972,NA,0,0,0,-180
1408,8,92,653.788,287.121,28500.96,2,210,387.739,257.972,NA,0,0,0,0
1409,8,93,653.788,287.121,28800.97,2,255,387.739,257.972,NA,0,0,0,0
1410,8,94,651.768,287.121,29100.98,2,255,389.759,258.99,NA,2.02,0.007,180,180
1411,8,95,648.232,287.121,29400.99,2,255,393.294,260.8,NA,3.535,0.012,180,0
1412,8,96,652.778,282.576,29701,2,255,399.723,262.415,NA,6.428,0.021,-45,135
1413,8,97,656.818,281.061,30001.01,2,255,404.038,261.758,NA,4.315,0.014,-20.556,24.444
1414,8,98,657.828,278.03,30301.02,2,255,407.232,263.936,NA,3.194,0.011,-71.565,-51.009
1415,8,99,657.828,272.98,30601.03,2,255,412.283,268.392,NA,5.051,0.017,-90,-18.435
1416,8,100,657.828,273.485,30901.04,2,244,412.788,267.946,NA,0.505,0.002,90,180
1417,8,101,658.333,264.394,31201.051,2,255,421.893,275.786,NA,9.105,0.03,-86.82,-176.82
1418,8,102,659.848,253.283,31501.061,2,255,433.106,285.082,NA,11.214,0.037,-82.235,4.585
1419,8,103,663.889,245.707,31801.071,2,255,441.692,290.249,NA,8.586,0.029,-61.928,20.307
1420,8,104,663.889,241.162,32101.081,2,224,446.238,294.399,NA,4.545,0.015,-90,-28.072
1421,8,105,661.364,241.162,32401.091,2,240,448.763,295.431,NA,2.525,0.008,180,-90
1422,8,106,661.364,241.162,32701.101,2,255,448.763,295.431,NA,0,0,0,-180
1423,8,107,661.364,235.101,33001.111,2,255,454.824,300.963,NA,6.061,0.02,-90,-90
1424,8,108,653.788,231.566,33301.121,2,255,463.184,307.31,NA,8.36,0.028,-154.983,-64.983
1425,8,109,653.788,217.929,33601.131,2,255,476.82,319.732,NA,13.636,0.045,-90,64.983
1426,8,110,654.293,207.323,33901.141,2,255,487.438,329.262,NA,10.618,0.035,-87.274,2.726
1427,8,111,653.283,202.273,34201.152,2,255,492.589,334.307,NA,5.151,0.017,-101.31,-14.036
1428,8,112,653.283,201.768,34501.162,2,255,493.094,334.773,NA,0.505,0.002,-90,11.31
1429,8,113,648.737,195.707,34801.172,2,255,500.67,342.127,NA,7.576,0.025,-126.87,-36.87
1430,8,114,648.737,195.707,35101.182,2,255,500.67,342.127,NA,0,0,0,126.87
1431,8,115,648.737,195.707,35401.192,2,255,500.67,342.127,NA,0,0,0,0
1432,8,116,648.737,184.091,35701.202,2,234,512.286,352.839,NA,11.616,0.039,-90,-90
1433,8,117,648.737,179.04,36001.212,2,146,517.336,357.514,NA,5.051,0.017,-90,0
1434,8,118,648.737,179.04,36301.222,2,218,517.336,357.514,NA,0,0,0,90
1435,8,119,648.737,179.04,36601.232,2,255,517.336,357.514,NA,0,0,0,0
1436,8,120,653.283,170.96,36901.242,2,255,526.608,363.367,NA,9.271,0.031,-60.642,-60.642
1437,8,121,659.343,154.798,37201.253,2,255,543.868,376.471,NA,17.261,0.058,-69.444,-8.802
1438,8,122,659.343,154.798,37501.263,2,255,543.868,376.471,NA,0,0,0,69.444
1439,8,123,652.778,153.283,37801.273,2,255,550.607,380.103,NA,6.738,0.022,-167.005,-167.005
1440,8,124,650.758,149.242,38101.283,2,255,555.124,384.592,NA,4.517,0.015,-116.565,50.44
1441,8,125,661.869,146.212,38401.293,2,243,566.641,383.786,NA,11.517,0.038,-15.255,101.31
1442,8,126,674.495,146.212,38701.303,2,255,579.267,379.987,NA,12.626,0.042,0,15.255
1443,8,127,679.545,144.697,39001.313,2,255,584.54,380.032,NA,5.273,0.018,-16.699,-16.699
1444,8,128,689.141,145.202,39301.323,2,255,594.149,377.041,NA,9.609,0.032,3.013,19.712
1445,8,129,696.212,145.202,39601.333,2,255,601.22,375.342,NA,7.071,0.024,0,-3.013
1446,8,130,696.212,145.202,39901.343,2,255,601.22,375.342,NA,0,0,0,0
1447,8,131,693.182,136.616,40201.354,2,220,610.325,384.398,NA,9.105,0.03,-109.44,-109.44
1448,8,132,685.606,133.081,40501.364,2,202,618.685,389.661,NA,8.36,0.028,-154.983,-45.543
1449,8,133,685.606,133.081,40801.374,2,255,618.685,389.661,NA,0,0,0,154.983
1450,8,134,676.515,123.485,41101.384,2,255,631.903,401.277,NA,13.218,0.044,-133.452,-133.452
1451,8,135,673.485,111.364,41401.394,2,186,644.398,413.768,NA,12.494,0.042,-104.036,29.416
1452,8,136,674.495,100.253,41701.404,2,255,655.554,424.233,NA,11.157,0.037,-84.806,19.231
1453,8,137,677.02,93.687,42001.414,2,255,662.589,429.953,NA,7.035,0.023,-68.962,15.843
1454,8,138,682.576,90.152,42301.424,2,255,669.174,432.054,NA,6.585,0.022,-32.471,36.491
1455,8,139,682.576,87.121,42601.434,2,230,672.204,435.002,NA,3.03,0.01,-90,-57.529
1456,8,140,682.576,83.081,42901.444,2,255,676.245,438.934,NA,4.04,0.013,-90,0
1457,8,141,682.576,83.081,43201.455,2,255,676.245,438.934,NA,0,0,0,90
1458,8,142,682.576,83.081,43501.465,2,255,676.245,438.934,NA,0,0,0,0
1459,8,143,682.576,83.081,43801.475,2,241,676.245,438.934,NA,0,0,0,0
1460,8,144,682.576,83.081,44101.485,2,255,676.245,438.934,NA,0,0,0,0
1461,8,145,675.505,81.566,44401.495,2,255,683.476,442.076,NA,7.231,0.024,-167.905,-167.905
1462,8,146,675.505,80.051,44701.505,2,255,684.991,443.546,NA,1.515,0.005,-90,77.905
1463,8,147,675.505,80.051,45001.515,2,255,684.991,443.546,NA,0,0,0,90
1464,8,148,664.394,80.051,45301.525,2,226,696.102,446.371,NA,11.111,0.037,180,180
1465,8,149,664.394,78.535,45601.535,2,255,697.617,447.832,NA,1.515,0.005,-90,90
1466,8,150,665.404,76.01,45901.546,2,255,700.337,450.002,NA,2.72,0.009,-68.199,21.801
1467,8,151,665.404,76.01,46201.556,2,255,700.337,450.002,NA,0,0,0,68.199
1468,8,152,672.475,76.01,46501.566,2,255,707.408,448.205,NA,7.071,0.024,0,0
1469,8,153,673.99,76.01,46801.576,2,255,708.923,447.834,NA,1.515,0.005,0,0
1470,8,154,673.99,76.01,47101.586,2,255,708.923,447.834,NA,0,0,0,0
1471,8,155,673.99,76.01,47401.596,2,254,708.923,447.834,NA,0,0,0,0
1472,8,156,673.99,76.01,47701.606,2,255,708.923,447.834,NA,0,0,0,0
1473,8,157,675,80.051,48001.616,2,255,713.088,443.669,NA,4.165,0.014,75.964,75.964
1474,8,158,675,80.051,48301.626,2,255,713.088,443.669,NA,0,0,0,-75.964
1475,8,159,675,80.051,48601.636,2,250,713.088,443.669,NA,0,0,0,0
1476,8,160,668.939,79.04,48901.647,2,255,719.232,446.161,NA,6.144,0.02,-170.538,-170.538
1477,8,161,666.919,74.495,49201.657,2,255,724.206,451.072,NA,4.974,0.017,-113.962,56.575
1478,8,162,666.919,70.96,49501.667,2,255,727.742,454.489,NA,3.535,0.012,-90,23.962
1479,8,163,666.919,70.96,49801.677,2,255,727.742,454.489,NA,0,0,0,90
1480,8,164,666.919,70.96,50101.687,2,255,727.742,454.489,NA,0,0,0,0
1481,8,165,666.919,70.96,50401.697,2,255,727.742,454.489,NA,0,0,0,0
1482,8,166,666.919,70.96,50701.707,2,255,727.742,454.489,NA,0,0,0,0
1483,8,167,666.919,70.96,51001.717,2,222,727.742,454.489,NA,0,0,0,0
1484,8,168,663.384,70.96,51301.727,2,255,731.277,455.406,NA,3.535,0.012,180,180
1485,8,169,655.808,70.96,51601.737,2,252,738.853,457.455,NA,7.576,0.025,180,0
1486,8,170,651.768,71.465,51901.748,2,255,742.924,458.112,NA,4.072,0.014,172.875,-7.125
1487,8,171,649.747,71.465,52201.758,2,255,744.945,458.695,NA,2.02,0.007,180,7.125
1488,8,172,649.747,71.97,52501.768,2,255,745.45,458.212,NA,0.505,0.002,90,-90
1489,8,173,649.747,73.99,52801.778,2,255,747.47,456.28,NA,2.02,0.007,90,0
1490,8,174,643.182,73.99,53101.788,2,255,754.036,458.241,NA,6.566,0.022,180,90
1491,8,175,643.182,67.929,53401.798,2,255,760.096,464.016,NA,6.061,0.02,-90,90
1492,8,176,643.182,67.929,53701.808,2,255,760.096,464.016,NA,0,0,0,90
1493,8,177,649.242,60.354,54001.818,2,154,769.798,469.481,NA,9.702,0.032,-51.34,-51.34
1494,8,178,649.242,60.354,54301.828,2,222,769.798,469.481,NA,0,0,0,51.34
1495,8,179,646.212,57.323,54601.838,2,225,774.083,473.254,NA,4.285,0.014,-135,-135
1496,8,180,646.212,53.788,54901.849,2,255,777.619,476.64,NA,3.535,0.012,-90,45
1497,8,181,646.212,46.717,55201.859,2,225,784.689,483.417,NA,7.071,0.024,-90,0
1498,8,182,646.717,38.131,55501.869,2,214,793.29,491.517,NA,8.601,0.029,-86.634,3.366
1499,8,183,651.263,33.081,55801.879,2,207,800.085,495.142,NA,6.795,0.023,-48.013,38.621
1500,8,184,659.343,22.98,56101.889,2,109,813.021,502.836,NA,12.936,0.043,-51.34,-3.327
1501,8,185,664.394,12.879,56401.899,2,254,824.314,511.437,NA,11.293,0.038,-63.435,-12.095
1502,8,186,664.394,5.303,56701.909,2,124,831.89,518.809,NA,7.576,0.025,-90,-26.565
1503,8,187,666.414,4.798,57001.919,2,194,833.972,518.842,NA,2.082,0.007,-14.036,75.964
1504,8,188,667.929,3.788,57301.929,2,252,835.793,519.489,NA,1.821,0.006,-33.69,-19.654
1505,9,1,929.167,525,14100.475,2,48,0,0,NA,NA,NA,NA,NA
1506,9,2,931.439,519.318,14400.485,2,90,6.12,6.12,NA,6.12,0.02,-68.199,NA
1507,9,3,931.439,519.318,14700.495,2,73,6.12,6.12,NA,0,0,0,68.199
1508,9,4,931.439,515.53,15000.505,2,147,9.907,9.739,NA,3.788,0.013,-90,-90
1509,9,5,931.439,509.091,15300.515,2,114,16.347,16.071,NA,6.439,0.021,-90,0
1510,9,6,931.439,507.955,15600.525,2,232,17.483,17.196,NA,1.136,0.004,-90,0
1511,9,7,932.955,504.545,15900.535,2,255,21.214,20.802,NA,3.731,0.012,-66.038,23.962
1512,9,8,932.955,501.515,16200.545,2,249,24.244,23.788,NA,3.03,0.01,-90,-23.962
1513,9,9,932.955,501.515,16500.556,2,216,24.244,23.788,NA,0,0,0,90
1514,9,10,936.364,496.97,16800.566,2,255,29.926,28.939,NA,5.682,0.019,-53.13,-53.13
1515,9,11,937.121,496.97,17100.576,2,255,30.683,29.137,NA,0.758,0.003,0,53.13
1516,9,12,939.015,493.182,17400.586,2,255,34.918,33.307,NA,4.235,0.014,-63.435,-63.435
1517,9,13,939.015,493.182,17700.596,2,255,34.918,33.307,NA,0,0,0,63.435
1518,9,14,939.015,493.182,18000.606,2,255,34.918,33.307,NA,0,0,0,0
1519,9,15,940.909,492.803,18300.616,2,255,36.85,34.271,NA,1.931,0.006,-11.31,-11.31
1520,9,16,941.667,489.015,18600.626,2,255,40.713,38.094,NA,3.863,0.013,-78.69,-67.38
1521,9,17,941.667,489.015,18900.636,2,255,40.713,38.094,NA,0,0,0,78.69
1522,9,18,941.667,489.015,19200.646,2,243,40.713,38.094,NA,0,0,0,0
1523,9,19,941.667,489.015,19500.657,2,255,40.713,38.094,NA,0,0,0,0
1524,9,20,941.667,484.091,19800.667,2,255,45.637,42.776,NA,4.924,0.016,-90,-90
1525,9,21,940.152,483.712,20100.677,2,232,47.199,42.724,NA,1.562,0.005,-165.964,-75.964
1526,9,22,940.152,483.333,20400.687,2,255,47.578,43.09,NA,0.379,0.001,-90,75.964
1527,9,23,940.152,483.333,20700.697,2,255,47.578,43.09,NA,0,0,0,90
1528,9,24,934.47,482.197,21000.707,2,255,53.372,43.13,NA,5.794,0.019,-168.69,-168.69
1529,9,25,933.712,478.788,21300.717,2,255,56.864,46.435,NA,3.492,0.012,-102.529,66.161
1530,9,26,933.712,477.652,21600.727,2,255,58.001,47.566,NA,1.136,0.004,-90,12.529
1531,9,27,933.712,477.652,21900.737,2,255,58.001,47.566,NA,0,0,0,90
1532,9,28,932.955,473.864,22200.747,2,255,61.863,51.276,NA,3.863,0.013,-101.31,-101.31
1533,9,29,930.303,473.864,22500.758,2,255,64.515,51.149,NA,2.652,0.009,180,-78.69
1534,9,30,930.303,472.348,22800.768,2,252,66.03,52.664,NA,1.515,0.005,-90,90
1535,9,31,937.5,472.348,23100.778,2,255,73.227,53.307,NA,7.197,0.024,0,90
1536,9,32,938.636,472.348,23400.788,2,251,74.363,53.496,NA,1.136,0.004,0,0
1537,9,33,938.636,472.348,23700.798,2,255,74.363,53.496,NA,0,0,0,0
1538,9,34,938.636,471.212,24000.808,2,255,75.5,54.615,NA,1.136,0.004,-90,-90
1539,9,35,938.636,470.833,24300.818,2,255,75.879,54.988,NA,0.379,0.001,-90,0
1540,9,36,943.182,464.773,24600.828,2,238,83.454,61.836,NA,7.576,0.025,-53.13,36.87
1541,9,37,950.379,464.773,24900.838,2,255,90.651,63.854,NA,7.197,0.024,0,53.13
1542,9,38,966.288,464.394,25200.849,2,255,106.565,71.071,NA,15.914,0.053,-1.364,-1.364
1543,9,39,970.833,462.121,25500.859,2,255,111.647,75.431,NA,5.082,0.017,-26.565,-25.201
1544,9,40,970.455,462.121,25800.869,2,255,112.026,75.223,NA,0.379,0.001,180,-153.435
1545,9,41,983.333,462.121,26100.879,2,232,124.904,82.993,NA,12.879,0.043,0,-180
1546,9,42,976.894,462.121,26400.889,2,255,131.344,78.941,NA,6.439,0.021,180,180
1547,9,43,976.136,461.742,26700.899,2,255,132.191,78.789,NA,0.847,0.003,-153.435,26.565
1548,9,44,976.136,459.848,27000.909,2,255,134.085,80.317,NA,1.894,0.006,-90,63.435
1549,9,45,978.409,459.848,27300.919,2,255,136.358,81.667,NA,2.273,0.008,0,90
1550,9,46,984.848,459.848,27600.929,2,255,142.797,85.704,NA,6.439,0.021,0,0
1551,9,47,991.288,459.848,27900.939,2,233,149.236,90.021,NA,6.439,0.021,0,0
1552,9,48,997.348,459.848,28200.95,2,255,155.297,94.305,NA,6.061,0.02,0,0
1553,9,49,997.348,459.848,28500.96,2,255,155.297,94.305,NA,0,0,0,0
1554,9,50,993.561,464.015,28800.97,2,255,160.928,88.689,NA,5.631,0.019,132.274,132.274
1555,9,51,993.561,464.015,29100.98,2,255,160.928,88.689,NA,0,0,0,-132.274
1556,9,52,993.561,464.015,29400.99,2,255,160.928,88.689,NA,0,0,0,0
1557,9,53,993.561,457.576,29701,2,255,167.367,93.234,NA,6.439,0.021,-90,-90
1558,9,54,993.561,457.576,30001.01,2,255,167.367,93.234,NA,0,0,0,90
1559,9,55,993.561,455.682,30301.02,2,255,169.261,94.613,NA,1.894,0.006,-90,-90
1560,9,56,993.561,454.545,30601.03,2,255,170.398,95.449,NA,1.136,0.004,-90,0
1561,9,57,993.561,454.545,30901.04,2,255,170.398,95.449,NA,0,0,0,90
1562,9,58,993.561,454.545,31201.051,2,255,170.398,95.449,NA,0,0,0,0
1563,9,59,993.939,453.409,31501.061,2,255,171.596,96.544,NA,1.198,0.004,-71.565,-71.565
1564,9,60,995.076,450.758,31801.071,2,255,174.48,99.277,NA,2.885,0.01,-66.801,4.764
1565,9,61,1003.788,450.758,32101.081,2,255,183.192,105.263,NA,8.712,0.029,0,66.801
1566,9,62,1007.197,450.758,32401.091,2,255,186.602,107.706,NA,3.409,0.011,0,0
1567,9,63,1003.788,446.591,32701.101,2,255,191.985,108.242,NA,5.384,0.018,-129.289,-129.289
1568,9,64,1001.136,442.424,33001.111,2,255,196.924,109.537,NA,4.939,0.016,-122.471,6.818
1569,9,65,994.697,434.091,33301.121,2,244,207.455,112.066,NA,10.531,0.035,-127.694,-5.223
1570,9,66,994.697,434.091,33601.131,2,255,207.455,112.066,NA,0,0,0,127.694
1571,9,67,991.667,432.197,33901.141,2,255,211.029,111.887,NA,3.573,0.012,-147.995,-147.995
1572,9,68,987.121,420.833,34201.152,2,245,223.268,119.203,NA,12.239,0.041,-111.801,36.193
1573,9,69,986.742,415.909,34501.162,2,255,228.207,123.352,NA,4.939,0.016,-94.399,17.403
1574,9,70,986.364,413.636,34801.172,2,250,230.511,125.193,NA,2.304,0.008,-99.462,-5.064
1575,9,71,986.364,408.712,35101.182,2,255,235.435,129.593,NA,4.924,0.016,-90,9.462
1576,9,72,986.364,404.167,35401.192,2,255,239.98,133.687,NA,4.545,0.015,-90,0
1577,9,73,986.364,400.758,35701.202,2,236,243.389,136.776,NA,3.409,0.011,-90,0
1578,9,74,987.121,399.242,36001.212,2,255,245.083,138.469,NA,1.694,0.006,-63.435,26.565
1579,9,75,989.394,393.561,36301.222,2,255,251.203,144.581,NA,6.12,0.02,-68.199,-4.764
1580,9,76,989.394,393.939,36601.232,2,255,251.582,144.237,NA,0.379,0.001,90,158.199
1581,9,77,996.591,391.288,36901.242,2,255,259.252,149.75,NA,7.67,0.026,-20.225,-110.225
1582,9,78,996.591,390.53,37201.253,2,255,260.009,150.426,NA,0.758,0.003,-90,-69.775
1583,9,79,995.833,385.227,37501.263,2,255,265.366,154.858,NA,5.357,0.018,-98.13,-8.13
1584,9,80,995.833,383.333,37801.273,2,255,267.26,156.569,NA,1.894,0.006,-90,8.13
1585,9,81,995.833,380.682,38101.283,2,255,269.911,158.972,NA,2.652,0.009,-90,0
1586,9,82,989.394,377.652,38401.293,2,255,277.028,159.182,NA,7.117,0.024,-154.799,-64.799
1587,9,83,989.394,378.409,38701.303,2,255,277.786,158.481,NA,0.758,0.003,90,-115.201
1588,9,84,985.227,373.485,39001.313,2,255,284.236,161.554,NA,6.451,0.022,-130.236,139.764
1589,9,85,985.227,366.288,39301.323,2,255,291.433,168.322,NA,7.197,0.024,-90,40.236
1590,9,86,985.227,362.879,39601.333,2,255,294.842,171.54,NA,3.409,0.011,-90,0
1591,9,87,982.576,355.682,39901.343,2,255,302.512,177.542,NA,7.67,0.026,-110.225,-20.225
1592,9,88,982.576,355.682,40201.354,2,255,302.512,177.542,NA,0,0,0,110.225
1593,9,89,979.167,354.167,40501.364,2,255,306.243,178,NA,3.731,0.012,-156.038,-156.038
1594,9,90,973.485,349.242,40801.374,2,255,313.762,181.259,NA,7.519,0.025,-139.086,16.952
1595,9,91,971.212,346.97,41101.384,2,255,316.976,182.928,NA,3.214,0.011,-135,4.086
1596,9,92,965.909,343.182,41401.394,2,255,323.493,185.494,NA,6.517,0.022,-144.462,-9.462
1597,9,93,965.53,343.182,41701.404,2,255,323.871,185.419,NA,0.379,0.001,180,-35.538
1598,9,94,965.53,343.182,42001.414,2,255,323.871,185.419,NA,0,0,0,-180
1599,9,95,965.53,332.955,42301.424,2,255,334.099,195.458,NA,10.227,0.034,-90,-90
1600,9,96,969.318,326.515,42601.434,2,255,341.57,202.505,NA,7.471,0.025,-59.534,30.466
1601,9,97,969.318,318.561,42901.444,2,255,349.524,210.308,NA,7.955,0.027,-90,-30.466
1602,9,98,969.318,318.561,43201.455,2,255,349.524,210.308,NA,0,0,0,90
1603,9,99,969.318,318.561,43501.465,2,255,349.524,210.308,NA,0,0,0,0
1604,9,100,965.152,308.712,43801.475,2,255,360.218,219.261,NA,10.694,0.036,-112.932,-112.932
1605,9,101,959.848,307.955,44101.485,2,255,365.575,219.203,NA,5.357,0.018,-171.87,-58.938
1606,9,102,954.545,303.03,44401.495,2,255,372.811,223.416,NA,7.237,0.024,-137.121,34.749
1607,9,103,950.758,300.379,44701.505,2,255,377.435,225.657,NA,4.624,0.015,-145.008,-7.887
1608,9,104,944.318,295.833,45001.515,2,255,385.317,229.667,NA,7.882,0.026,-144.782,0.226
1609,9,105,942.045,292.424,45301.525,2,255,389.414,232.932,NA,4.097,0.014,-123.69,21.092
1610,9,106,947.348,292.424,45601.535,2,255,394.717,233.285,NA,5.303,0.018,0,123.69
1611,9,107,951.515,296.97,45901.546,2,255,400.884,229.123,NA,6.166,0.021,47.49,47.49
1612,9,108,947.348,296.97,46201.556,2,255,405.05,228.754,NA,4.167,0.014,180,132.51
1613,9,109,939.394,293.182,46501.566,2,255,413.861,232.044,NA,8.81,0.029,-154.537,25.463
1614,9,110,939.394,290.909,46801.576,2,255,416.133,234.314,NA,2.273,0.008,-90,64.537
1615,9,111,939.394,290.909,47101.586,2,255,416.133,234.314,NA,0,0,0,90
1616,9,112,939.394,290.909,47401.596,2,255,416.133,234.314,NA,0,0,0,0
1617,9,113,939.394,290.909,47701.606,2,255,416.133,234.314,NA,0,0,0,0
1618,9,114,939.394,290.909,48001.616,2,255,416.133,234.314,NA,0,0,0,0
1619,9,115,950.379,290.909,48301.626,2,255,427.118,235.05,NA,10.985,0.037,0,0
1620,9,116,956.439,290.909,48601.636,2,255,433.179,235.674,NA,6.061,0.02,0,0
1621,9,117,956.439,288.258,48901.647,2,255,435.83,238.308,NA,2.652,0.009,-90,-90
1622,9,118,959.091,283.333,49201.657,2,255,441.423,243.512,NA,5.593,0.019,-61.699,28.301
1623,9,119,959.47,282.576,49501.667,2,255,442.27,244.311,NA,0.847,0.003,-63.435,-1.736
1624,9,120,959.47,268.939,49801.677,2,248,455.906,257.847,NA,13.636,0.045,-90,-26.565
1625,9,121,963.636,253.788,50101.687,2,255,471.62,273.394,NA,15.714,0.052,-74.624,15.376
1626,9,122,967.045,250,50401.697,2,255,476.717,277.596,NA,5.096,0.017,-48.013,26.611
1627,9,123,969.318,244.318,50701.707,2,255,482.836,283.539,NA,6.12,0.02,-68.199,-20.186
1628,9,124,973.485,240.53,51001.717,2,255,488.467,287.901,NA,5.631,0.019,-42.274,25.925
1629,9,125,973.485,240.53,51301.727,2,255,488.467,287.901,NA,0,0,0,42.274
1630,9,126,977.652,232.576,51601.737,2,255,497.447,296.416,NA,8.98,0.03,-62.354,-62.354
1631,9,127,990.909,223.864,51901.748,2,255,513.311,307.401,NA,15.864,0.053,-33.311,29.043
1632,9,128,998.485,223.864,52201.758,2,255,520.887,309.012,NA,7.576,0.025,0,33.311
1633,9,129,1000,216.288,52501.768,2,255,528.612,316.734,NA,7.726,0.026,-78.69,-78.69
1634,9,130,1009.848,206.061,52801.778,2,255,542.811,328.986,NA,14.198,0.047,-46.081,32.609
1635,9,131,1013.258,200.379,53101.788,2,255,549.437,335.336,NA,6.626,0.022,-59.036,-12.955
1636,9,132,1020.833,197.348,53401.798,2,255,557.596,340.233,NA,8.159,0.027,-21.801,37.235
1637,9,133,1029.545,190.53,53701.808,2,255,568.659,349.208,NA,11.063,0.037,-38.047,-16.246
1638,9,134,1034.091,185.985,54001.818,2,255,575.087,354.881,NA,6.428,0.021,-45,-6.953
1639,9,135,1034.091,185.985,54301.828,2,255,575.087,354.881,NA,0,0,0,45
1640,9,136,1034.091,176.515,54601.838,2,255,584.557,363.938,NA,9.47,0.032,-90,-90
1641,9,137,1034.091,176.515,54901.849,2,255,584.557,363.938,NA,0,0,0,90
1642,9,138,1034.47,168.182,55201.859,2,255,592.899,372.032,NA,8.342,0.028,-87.397,-87.397
1643,9,139,1034.47,165.909,55501.869,2,255,595.172,374.213,NA,2.273,0.008,-90,-2.603
1644,9,140,1032.955,165.909,55801.879,2,255,596.687,373.789,NA,1.515,0.005,180,-90
1645,9,141,1032.955,165.909,56101.889,2,255,596.687,373.789,NA,0,0,0,-180
1646,9,142,1032.955,165.909,56401.899,2,255,596.687,373.789,NA,0,0,0,0
1647,9,143,1039.394,167.045,56701.909,2,255,603.226,374.542,NA,6.539,0.022,10.008,10.008
1648,9,144,1039.394,167.045,57001.919,2,255,603.226,374.542,NA,0,0,0,-10.008
1649,9,145,1040.53,169.318,57301.929,2,255,605.767,372.708,NA,2.541,0.008,63.435,63.435
1650,9,146,1040.53,172.348,57601.939,2,255,608.797,369.817,NA,3.03,0.01,90,26.565
1651,9,147,1040.53,172.348,57901.95,2,255,608.797,369.817,NA,0,0,0,-90
1652,9,148,1040.53,172.348,58201.96,2,255,608.797,369.817,NA,0,0,0,0
1653,9,149,1040.53,172.348,58501.97,2,255,608.797,369.817,NA,0,0,0,0
1654,9,150,1040.53,172.348,58801.98,2,255,608.797,369.817,NA,0,0,0,0
1655,9,151,1040.53,172.348,59101.99,2,255,608.797,369.817,NA,0,0,0,0
1656,9,152,1040.53,172.348,59402,2,255,608.797,369.817,NA,0,0,0,0
1657,9,153,1040.53,172.348,59702.01,2,255,608.797,369.817,NA,0,0,0,0
1658,9,154,1040.53,172.348,60002.02,2,255,608.797,369.817,NA,0,0,0,0
1659,9,155,1039.015,172.348,60302.03,2,255,610.312,369.364,NA,1.515,0.005,180,180
1660,9,156,1038.258,172.348,60602.04,2,255,611.07,369.139,NA,0.758,0.003,180,0
1661,9,157,1038.258,172.348,60902.051,2,255,611.07,369.139,NA,0,0,0,-180
1662,9,158,1038.258,167.045,61202.061,2,255,616.373,374.209,NA,5.303,0.018,-90,-90
1663,9,159,1036.364,157.955,61502.071,2,255,625.659,382.379,NA,9.286,0.031,-101.768,-11.768
1664,9,160,1033.333,156.061,61802.081,2,255,629.232,383.363,NA,3.573,0.012,-147.995,-46.226
1665,9,161,1033.333,156.061,62102.091,2,255,629.232,383.363,NA,0,0,0,147.995
1666,9,162,1033.333,166.288,62402.101,2,255,639.459,373.531,NA,10.227,0.034,90,90
1667,9,163,1034.848,169.318,62702.111,2,255,642.847,371.05,NA,3.388,0.011,63.435,-26.565
1668,9,164,1042.045,172.348,63002.121,2,255,650.656,370.277,NA,7.809,0.026,22.834,-40.601
1669,9,165,1042.045,172.348,63302.131,2,255,650.656,370.277,NA,0,0,0,-22.834
1670,9,166,1042.045,167.424,63602.141,2,255,655.581,374.969,NA,4.924,0.016,-90,-90
1671,9,167,1042.803,166.288,63902.152,2,255,656.946,376.281,NA,1.366,0.005,-56.31,33.69
1672,9,168,1043.939,165.152,64202.162,2,255,658.553,377.709,NA,1.607,0.005,-45,11.31
1673,9,169,1046.212,165.152,64502.172,2,255,660.826,378.405,NA,2.273,0.008,0,45
1674,9,170,1051.894,164.015,64802.182,2,255,666.62,381.277,NA,5.794,0.019,-11.31,-11.31
1675,9,171,1051.894,164.015,65102.192,2,255,666.62,381.277,NA,0,0,0,11.31
1676,9,172,1054.545,158.333,65402.202,2,255,672.891,387.51,NA,6.27,0.021,-64.983,-64.983
1677,9,173,1063.636,154.545,65702.212,2,255,682.739,394.105,NA,9.848,0.033,-22.62,42.363
1678,9,174,1081.061,150.379,66002.222,2,255,700.655,404.244,NA,17.916,0.06,-13.449,9.171
1679,9,175,1081.439,150.379,66302.232,2,255,701.033,404.386,NA,0.379,0.001,0,13.449
1680,9,176,1087.121,146.212,66602.242,2,255,708.079,410.402,NA,7.046,0.023,-36.254,-36.254
1681,9,177,1097.727,146.212,66902.253,2,255,718.685,414.6,NA,10.606,0.035,0,36.254
1682,9,178,1101.894,141.667,67202.263,2,255,724.851,420.451,NA,6.166,0.021,-47.49,-47.49
1683,9,179,1104.545,126.515,67502.273,2,255,740.233,435.371,NA,15.382,0.051,-80.074,-32.584
1684,9,180,1106.061,121.97,67802.283,2,255,745.025,440.142,NA,4.791,0.016,-71.565,8.509
1685,9,181,1103.409,121.97,68102.293,2,255,747.676,439.083,NA,2.652,0.009,180,-108.435
1686,9,182,1097.348,120.455,68402.303,2,255,753.923,438.112,NA,6.247,0.021,-165.964,14.036
1687,9,183,1095.833,109.091,68702.313,2,255,765.387,448.06,NA,11.464,0.038,-97.595,68.369
1688,9,184,1095.833,94.318,69002.323,2,238,780.16,461.806,NA,14.773,0.049,-90,7.595
1689,9,185,1095.833,94.318,69302.333,2,226,780.16,461.806,NA,0,0,0,90
1690,9,186,1095.833,79.167,69602.344,2,255,795.312,475.968,NA,15.152,0.051,-90,-90
1691,9,187,1096.97,75,69902.354,2,255,799.63,480.269,NA,4.319,0.014,-74.745,15.255
1692,9,188,1096.212,58.712,70202.364,2,255,815.936,495.307,NA,16.305,0.054,-92.663,-17.918
1693,9,189,1096.591,58.712,70502.374,2,129,816.315,495.434,NA,0.379,0.001,0,92.663
1694,9,190,1110.606,64.015,70802.384,2,255,831.3,495.406,NA,14.985,0.05,20.726,20.726
1695,9,191,1125,57.197,71102.394,2,255,847.227,507.139,NA,15.927,0.053,-25.346,-46.072
1696,9,192,1128.03,53.409,71402.404,2,255,852.078,511.805,NA,4.851,0.016,-51.34,-25.994
1697,9,193,1137.5,53.409,71702.414,2,255,861.547,515.559,NA,9.47,0.032,0,51.34
1698,9,194,1143.182,36.742,72002.424,2,255,879.156,533.102,NA,17.609,0.059,-71.175,-71.175
1699,10,1,788.636,511.364,24300.818,2,78,0,0,NA,NA,NA,NA,NA
1700,10,2,788.636,500.758,24600.828,2,109,10.606,10.606,NA,10.606,0.035,-90,NA
1701,10,3,789.646,500.253,24900.838,2,185,11.735,11.157,NA,1.129,0.004,-26.565,63.435
1702,10,4,789.646,500.253,25200.849,2,158,11.735,11.157,NA,0,0,0,26.565
1703,10,5,789.646,489.141,25500.859,2,224,22.846,22.245,NA,11.111,0.037,-90,-90
1704,10,6,789.646,475,25800.869,2,145,36.988,36.378,NA,14.141,0.047,-90,0
1705,10,7,789.646,475,26100.879,2,143,36.988,36.378,NA,0,0,0,90
1706,10,8,789.646,469.949,26400.889,2,202,42.038,41.426,NA,5.051,0.017,-90,-90
1707,10,9,789.646,450.253,26700.899,2,255,61.735,61.119,NA,19.697,0.066,-90,0
1708,10,10,789.646,447.222,27000.909,2,255,64.766,64.149,NA,3.03,0.01,-90,0
1709,10,11,789.646,447.222,27300.919,2,243,64.766,64.149,NA,0,0,0,90
1710,10,12,789.646,447.222,27600.929,2,225,64.766,64.149,NA,0,0,0,0
1711,10,13,789.646,447.222,27900.939,2,247,64.766,64.149,NA,0,0,0,0
1712,10,14,792.172,447.222,28200.95,2,156,67.291,64.239,NA,2.525,0.008,0,0
1713,10,15,792.172,442.677,28500.96,2,182,71.836,68.778,NA,4.545,0.015,-90,-90
1714,10,16,792.172,431.566,28800.97,2,242,82.948,79.876,NA,11.111,0.037,-90,0
1715,10,17,787.626,410.354,29100.98,2,168,104.641,101.015,NA,21.694,0.072,-102.095,-12.095
1716,10,18,778.535,402.273,29400.99,2,222,116.804,109.558,NA,12.163,0.041,-138.366,-36.272
1717,10,19,772.98,399.747,29701,2,238,122.907,112.709,NA,6.103,0.02,-155.556,-17.19
1718,10,20,762.374,398.737,30001.01,2,147,133.561,115.648,NA,10.654,0.036,-174.56,-19.004
1719,10,21,753.283,390.152,30301.02,2,200,146.065,126.263,NA,12.504,0.042,-136.637,37.923
1720,10,22,751.263,389.141,30601.03,2,132,148.324,127.809,NA,2.259,0.008,-153.435,-16.798
1721,10,23,751.263,389.141,30901.04,2,158,148.324,127.809,NA,0,0,0,153.435
1722,10,24,749.242,384.091,31201.051,2,219,153.764,133.23,NA,5.44,0.018,-111.801,-111.801
1723,10,25,745.707,379.04,31501.061,2,227,159.929,139.113,NA,6.165,0.021,-124.992,-13.191
1724,10,26,739.646,376.01,31801.071,2,245,166.705,143.946,NA,6.776,0.023,-153.435,-28.443
1725,10,27,728.788,373.106,32101.081,2,207,177.945,150.655,NA,11.24,0.037,-165.027,-11.592
1726,10,28,728.409,369.318,32401.091,2,204,181.752,154.286,NA,3.807,0.013,-95.711,69.317
1727,10,29,742.045,370.455,32701.101,2,255,195.435,148.412,NA,13.684,0.046,4.764,100.474
1728,10,30,743.182,370.076,33001.111,2,220,196.633,148.42,NA,1.198,0.004,-18.435,-23.199
1729,10,31,743.182,370.076,33301.121,2,154,196.633,148.42,NA,0,0,0,18.435
1730,10,32,749.621,366.667,33601.131,2,196,203.919,149.865,NA,7.286,0.024,-27.897,-27.897
1731,10,33,756.439,364.394,33901.141,2,236,211.106,150.455,NA,7.187,0.024,-18.435,9.462
1732,10,34,757.197,363.636,34201.152,2,219,212.178,151.036,NA,1.071,0.004,-45,-26.565
1733,10,35,756.061,363.636,34501.162,2,230,213.314,151.276,NA,1.136,0.004,180,-135
1734,10,36,756.061,363.636,34801.172,2,201,213.314,151.276,NA,0,0,0,-180
1735,10,37,756.061,363.636,35101.182,2,255,213.314,151.276,NA,0,0,0,0
1736,10,38,753.409,359.848,35401.192,2,255,217.938,155.556,NA,4.624,0.015,-124.992,-124.992
1737,10,39,753.409,350.379,35701.202,2,144,227.407,164.794,NA,9.47,0.032,-90,34.992
1738,10,40,762.879,348.485,36001.212,2,255,237.065,164.903,NA,9.657,0.032,-11.31,78.69
1739,10,41,768.182,340.53,36301.222,2,237,246.625,172.054,NA,9.56,0.032,-56.31,-45
1740,10,42,782.197,330.682,36601.232,2,255,263.754,180.797,NA,17.129,0.057,-35.096,21.214
1741,10,43,792.424,325.758,36901.242,2,255,275.105,185.645,NA,11.351,0.038,-25.71,9.386
1742,10,44,800.758,320.833,37201.253,2,163,284.785,190.915,NA,9.679,0.032,-30.579,-4.869
1743,10,45,813.636,313.636,37501.263,2,219,299.538,199.301,NA,14.753,0.049,-29.197,1.382
1744,10,46,815.53,307.576,37801.273,2,255,305.888,205.555,NA,6.35,0.021,-72.646,-43.448
1745,10,47,813.258,309.091,38101.283,2,240,308.619,203.766,NA,2.731,0.009,146.31,-141.044
1746,10,48,808.333,307.576,38401.293,2,188,313.771,204.738,NA,5.152,0.017,-162.897,50.793
1747,10,49,805.303,295.833,38701.303,2,253,325.898,216.174,NA,12.127,0.04,-104.47,58.427
1748,10,50,809.091,282.955,39001.313,2,255,339.322,229.323,NA,13.424,0.045,-73.61,30.86
1749,10,51,817.045,281.439,39301.323,2,255,347.42,231.673,NA,8.098,0.027,-10.784,62.826
1750,10,52,820.833,280.303,39601.333,2,179,351.375,233.293,NA,3.955,0.013,-16.699,-5.915
1751,10,53,825,277.273,39901.343,2,214,356.527,236.898,NA,5.152,0.017,-36.027,-19.328
1752,10,54,815.152,272.727,40201.354,2,222,367.374,240.105,NA,10.847,0.036,-155.225,-119.197
1753,10,55,810.606,265.53,40501.364,2,235,375.886,246.813,NA,8.512,0.028,-122.276,32.949
1754,10,56,810.606,252.652,40801.374,2,239,388.765,259.643,NA,12.879,0.043,-90,32.276
1755,10,57,810.606,240.53,41101.384,2,207,400.886,271.723,NA,12.121,0.04,-90,0
1756,10,58,810.606,240.53,41401.394,2,250,400.886,271.723,NA,0,0,0,90
1757,10,59,800.379,237.879,41701.404,2,218,411.451,273.737,NA,10.565,0.035,-165.466,-165.466
1758,10,60,796.212,237.5,42001.414,2,255,415.635,273.968,NA,4.184,0.014,-174.806,-9.34
1759,10,61,788.258,229.167,42301.424,2,242,427.155,282.197,NA,11.52,0.038,-133.668,41.138
1760,10,62,779.924,213.636,42601.434,2,127,444.78,297.855,NA,17.625,0.059,-118.217,15.45
1761,10,63,789.015,180.303,42901.444,2,255,479.331,331.061,NA,34.551,0.115,-74.745,43.472
1762,10,64,787.5,173.485,43201.455,2,255,486.316,337.881,NA,6.985,0.023,-102.529,-27.784
1763,10,65,787.879,173.106,43501.465,2,255,486.851,338.258,NA,0.536,0.002,-45,57.529
1764,10,66,793.182,173.485,43801.475,2,247,492.168,337.909,NA,5.317,0.018,4.086,49.086
1765,10,67,787.879,165.53,44101.485,2,255,501.728,345.834,NA,9.56,0.032,-123.69,-127.776
1766,10,68,784.47,150.758,44401.495,2,255,516.889,360.63,NA,15.161,0.051,-102.995,20.695
1767,10,69,789.015,142.803,44701.505,2,255,526.051,368.561,NA,9.162,0.031,-60.255,42.739
1768,10,70,793.561,136.364,45001.515,2,255,533.933,375.032,NA,7.882,0.026,-54.782,5.473
1769,10,71,810.227,124.621,45301.525,2,255,554.32,387.345,NA,20.388,0.068,-35.166,19.616
1770,10,72,819.697,126.894,45601.535,2,186,564.059,385.722,NA,9.739,0.032,13.496,48.662
1771,10,73,825,129.167,45901.546,2,255,569.829,383.923,NA,5.77,0.019,23.199,9.703
1772,10,74,825,129.167,46201.556,2,255,569.829,383.923,NA,0,0,0,-23.199
1773,10,75,819.697,115.53,46501.566,2,238,584.46,397.05,NA,14.631,0.049,-111.251,-111.251
1774,10,76,812.5,112.5,46801.576,2,232,592.269,399.577,NA,7.809,0.026,-157.166,-45.916
1775,10,77,810.985,108.712,47101.586,2,255,596.348,403.271,NA,4.08,0.014,-111.801,45.365
1776,10,78,810.985,108.712,47401.596,2,232,596.348,403.271,NA,0,0,0,111.801
1777,10,79,800.379,108.712,47701.606,2,217,606.954,402.823,NA,10.606,0.035,180,180
1778,10,80,788.636,107.955,48001.616,2,247,618.721,403.409,NA,11.767,0.039,-176.309,3.691
1779,10,81,784.47,107.197,48301.626,2,255,622.956,404.188,NA,4.235,0.014,-169.695,6.613
1780,10,82,784.47,107.197,48601.636,2,255,622.956,404.188,NA,0,0,0,169.695
1781,10,83,781.061,102.652,48901.647,2,216,628.638,408.782,NA,5.682,0.019,-126.87,-126.87
1782,10,84,763.636,107.197,49201.657,2,255,646.645,404.939,NA,18.007,0.06,165.379,-67.751
1783,10,85,748.485,112.121,49501.667,2,255,662.577,401.256,NA,15.932,0.053,161.996,-3.383
1784,10,86,747.727,112.121,49801.677,2,255,663.335,401.333,NA,0.758,0.003,180,18.004
1785,10,87,747.727,112.121,50101.687,2,217,663.335,401.333,NA,0,0,0,-180
1786,10,88,729.924,112.121,50401.697,2,220,681.138,403.536,NA,17.803,0.059,180,180
1787,10,89,710.606,113.258,50701.707,2,193,700.489,405.681,NA,19.352,0.065,176.634,-3.366
1788,10,90,701.515,114.015,51001.717,2,255,709.612,406.787,NA,9.122,0.03,175.236,-1.397
1789,10,91,707.197,110.985,51301.727,2,255,716.051,408.577,NA,6.439,0.021,-28.072,156.691
1790,10,92,705.682,109.848,51601.737,2,255,717.945,409.995,NA,1.894,0.006,-143.13,-115.058
1791,10,93,696.591,109.47,51901.748,2,255,727.044,412.3,NA,9.099,0.03,-177.614,-34.484
1792,10,94,692.803,113.258,52201.758,2,255,732.401,409.478,NA,5.357,0.018,135,-47.386
1793,10,95,689.015,115.152,52501.768,2,255,736.636,408.544,NA,4.235,0.014,153.435,18.435
1794,10,96,686.742,120.076,52801.778,2,251,742.059,404.337,NA,5.423,0.018,114.775,-38.66
1795,10,97,686.364,120.076,53101.788,2,255,742.438,404.433,NA,0.379,0.001,180,65.225
1796,10,98,685.985,120.076,53401.798,2,219,742.817,404.529,NA,0.379,0.001,180,0
1797,10,99,685.985,120.076,53701.808,2,247,742.817,404.529,NA,0,0,0,-180
1798,10,100,689.394,120.076,54001.818,2,255,746.226,403.677,NA,3.409,0.011,0,0
1799,10,101,689.394,117.045,54301.828,2,186,749.256,406.615,NA,3.03,0.01,-90,-90
1800,10,102,685.985,116.667,54601.838,2,233,752.686,407.827,NA,3.43,0.011,-173.66,-83.66
1801,10,103,709.47,105.682,54901.849,2,172,778.613,413.334,NA,25.927,0.086,-25.067,148.592
1802,10,104,725.758,104.924,55201.859,2,207,794.919,411.275,NA,16.305,0.054,-2.663,22.404
1803,10,105,725.379,104.924,55501.869,2,255,795.297,411.333,NA,0.379,0.001,180,-177.337
1804,10,106,742.045,100.379,55801.879,2,243,812.573,413.617,NA,17.275,0.058,-15.255,164.745
1805,10,107,754.167,96.97,56101.889,2,244,825.164,415.825,NA,12.591,0.042,-15.709,-0.454
1806,10,108,759.848,90.152,56401.899,2,158,834.039,422.195,NA,8.875,0.03,-50.194,-34.486
1807,10,109,773.864,82.197,56701.909,2,213,850.155,429.421,NA,16.115,0.054,-29.578,20.617
1808,10,110,780.303,73.106,57001.919,2,150,861.295,438.337,NA,11.14,0.037,-54.689,-25.111
1809,10,111,798.485,40.909,57301.929,2,159,898.271,470.558,NA,36.976,0.123,-60.546,-5.858
1810,10,112,805.682,19.318,57601.939,2,219,921.03,492.341,NA,22.759,0.076,-71.565,-11.019
1811,10,113,811.742,7.576,57901.95,2,255,934.244,504.317,NA,13.214,0.044,-62.7,8.865
1812,10,114,808.712,10.985,58201.96,2,189,938.805,500.781,NA,4.561,0.015,131.634,-165.666
1813,10,115,811.364,15.152,58501.97,2,235,943.744,496.732,NA,4.939,0.016,57.529,-74.105
1814,10,116,817.803,15.53,58801.98,2,185,950.195,496.69,NA,6.451,0.022,3.366,-54.162
1815,10,117,828.409,10.606,59101.99,2,225,961.888,502.335,NA,11.693,0.039,-24.905,-28.271
1816,10,118,840.53,1.136,59402,2,240,977.27,512.859,NA,15.382,0.051,-37.999,-13.094
1817,11,1,1023.99,628.535,8700.293,2,25,0,0,NA,NA,NA,NA,NA
1818,11,2,1035.101,628.535,9000.303,2,76,11.111,11.111,NA,11.111,0.037,0,NA
1819,11,3,1047.727,628.535,9300.313,2,118,23.737,23.737,NA,12.626,0.042,0,0
1820,11,4,1053.788,628.03,9600.323,2,185,29.819,29.802,NA,6.082,0.02,-4.764,-4.764
1821,11,5,1053.788,628.03,9900.333,2,142,29.819,29.802,NA,0,0,0,4.764
1822,11,6,1055.808,634.091,10200.343,2,153,36.207,32.3,NA,6.388,0.021,71.565,71.565
1823,11,7,1064.394,634.091,10500.354,2,254,44.793,40.784,NA,8.586,0.029,0,-71.565
1824,11,8,1064.015,631.439,10800.364,2,197,47.472,40.13,NA,2.678,0.009,-98.13,-98.13
1825,11,9,1066.288,631.818,11100.374,2,255,49.776,42.425,NA,2.304,0.008,9.462,107.592
1826,11,10,1066.288,631.818,11400.384,2,255,49.776,42.425,NA,0,0,0,-9.462
1827,11,11,1066.288,631.818,11700.394,2,204,49.776,42.425,NA,0,0,0,0
1828,11,12,1069.697,634.848,12000.404,2,140,54.337,46.141,NA,4.561,0.015,41.634,41.634
1829,11,13,1074.621,636.742,12300.414,2,225,59.613,51.292,NA,5.276,0.018,21.038,-20.596
1830,11,14,1080.682,643.939,12600.424,2,220,69.022,58.747,NA,9.409,0.031,49.899,28.862
1831,11,15,1102.273,640.53,12900.434,2,173,90.88,79.196,NA,21.858,0.073,-8.973,-58.872
1832,11,16,1110.985,638.258,13200.444,2,255,99.884,87.537,NA,9.004,0.03,-14.621,-5.648
1833,11,17,1110.985,638.258,13500.455,2,249,99.884,87.537,NA,0,0,0,14.621
1834,11,18,1115.53,639.773,13800.465,2,255,104.675,92.228,NA,4.791,0.016,18.435,18.435
1835,11,19,1122.348,639.773,14100.475,2,255,111.493,98.998,NA,6.818,0.023,0,-18.435
1836,11,20,1122.727,650.758,14400.485,2,255,122.485,101.207,NA,10.991,0.037,88.025,88.025
1837,11,21,1116.667,660.606,14700.495,2,217,134.049,98.069,NA,11.564,0.039,121.608,33.582
1838,11,22,1116.667,662.879,15000.505,2,143,136.321,98.835,NA,2.273,0.008,90,-31.608
1839,11,23,1116.667,662.879,15300.515,2,246,136.321,98.835,NA,0,0,0,-90
1840,11,24,1118.561,662.879,15600.525,2,190,138.215,100.614,NA,1.894,0.006,0,0
1841,11,25,1125.758,662.879,15900.535,2,220,145.412,107.406,NA,7.197,0.024,0,0
1842,11,26,1137.121,698.106,16200.545,2,230,182.427,132.811,NA,37.015,0.123,72.121,72.121
1843,11,27,1142.803,704.924,16500.556,2,246,191.302,141.251,NA,8.875,0.03,50.194,-21.927
1844,11,28,1145.076,714.015,16800.566,2,255,200.673,148.218,NA,9.371,0.031,75.964,25.769
1845,11,29,1150.758,719.697,17100.576,2,255,208.708,156.143,NA,8.035,0.027,45,-30.964
1846,11,30,1155.682,720.833,17400.586,2,255,213.762,160.816,NA,5.054,0.017,12.995,-32.005
1847,11,31,1158.333,722.727,17700.596,2,255,217.02,164.074,NA,3.258,0.011,35.538,22.543
1848,11,32,1158.333,722.727,18000.606,2,239,217.02,164.074,NA,0,0,0,-35.538
1849,11,33,1148.864,717.803,18300.616,2,255,227.694,153.5,NA,10.673,0.036,-152.526,-152.526
1850,11,34,1145.076,717.424,18600.626,2,255,231.501,150.21,NA,3.807,0.013,-174.289,-21.764
1851,11,35,1144.318,700.758,18900.636,2,255,248.185,140.339,NA,16.684,0.056,-92.603,81.687
1852,11,36,1144.318,700,19200.646,2,251,248.942,139.95,NA,0.758,0.003,-90,2.603
1853,11,37,1144.318,709.848,19500.657,2,255,258.791,145.226,NA,9.848,0.033,90,180
1854,11,38,1148.864,709.848,19800.667,2,255,263.336,149.014,NA,4.545,0.015,0,-90
1855,11,39,1148.864,709.848,20100.677,2,255,263.336,149.014,NA,0,0,0,0
1856,11,40,1148.864,709.848,20400.687,2,248,263.336,149.014,NA,0,0,0,0
1857,11,41,1153.788,709.091,20700.697,2,255,268.318,152.764,NA,4.982,0.017,-8.746,-8.746
1858,11,42,1159.091,708.712,21000.707,2,255,273.635,157.101,NA,5.317,0.018,-4.086,4.661
1859,11,43,1159.091,711.364,21300.717,2,255,276.286,158.47,NA,2.652,0.009,90,94.086
1860,11,44,1161.742,704.545,21600.727,2,255,283.602,157.332,NA,7.316,0.024,-68.749,-158.749
1861,11,45,1164.394,701.515,21900.737,2,255,287.629,158.238,NA,4.027,0.013,-48.814,19.935
1862,11,46,1155.303,691.667,22200.747,2,242,301.031,145.701,NA,13.403,0.045,-132.709,-83.895
1863,11,47,1153.788,686.364,22500.758,2,233,306.547,142.097,NA,5.515,0.018,-105.945,26.764
1864,11,48,1156.818,682.955,22800.768,2,200,311.108,143.544,NA,4.561,0.015,-48.366,57.579
1865,11,49,1160.606,652.273,23100.778,2,130,342.023,138.663,NA,30.915,0.103,-82.962,-34.596
1866,11,50,1171.212,642.803,23400.788,2,255,356.241,147.912,NA,14.218,0.047,-41.76,41.202
1867,11,51,1175,641.288,23700.798,2,255,360.321,151.548,NA,4.08,0.014,-21.801,19.959
1868,11,52,1175,635.606,24000.808,2,255,366.003,151.176,NA,5.682,0.019,-90,-68.199
1869,11,53,1177.652,629.924,24300.818,2,255,372.273,153.668,NA,6.27,0.021,-64.983,25.017
1870,11,54,1193.561,607.576,24600.828,2,255,399.705,170.861,NA,27.433,0.091,-54.554,10.429
1871,11,55,1206.061,603.409,24900.838,2,253,412.881,183.796,NA,13.176,0.044,-18.435,36.119
1872,11,56,1206.061,603.409,25200.849,2,255,412.881,183.796,NA,0,0,0,18.435
1873,11,57,1223.106,609.848,25500.859,2,255,431.103,199.991,NA,18.221,0.061,20.695,20.695
1874,11,58,1229.545,606.061,25800.869,2,255,438.574,206.781,NA,7.471,0.025,-30.466,-51.161
1875,11,59,1234.47,606.818,26100.879,2,255,443.556,211.597,NA,4.982,0.017,8.746,39.212
1876,11,60,1242.424,606.818,26400.889,2,200,451.51,219.511,NA,7.955,0.027,0,-8.746
1877,11,61,1255.303,607.197,26700.899,2,187,464.395,232.295,NA,12.884,0.043,1.685,1.685
1878,11,62,1255.303,607.197,27000.909,2,83,464.395,232.295,NA,0,0,0,-1.685
1879,11,63,1250.758,612.121,27300.919,2,22,471.096,227.361,NA,6.701,0.022,132.709,132.709
1880,11,64,1250.758,612.121,27600.929,2,130,471.096,227.361,NA,0,0,0,-132.709
1881,11,65,1252.652,612.121,27900.939,2,130,472.99,229.25,NA,1.894,0.006,0,0
1882,11,66,1256.061,612.5,28200.95,2,209,476.42,232.624,NA,3.43,0.011,6.34,6.34
1883,11,67,1259.091,612.5,28500.96,2,244,479.45,235.647,NA,3.03,0.01,0,-6.34
1884,11,68,1259.091,612.5,28800.97,2,208,479.45,235.647,NA,0,0,0,0
1885,11,69,1259.091,617.045,29100.98,2,120,483.996,235.382,NA,4.545,0.015,90,90
1886,11,70,1259.091,617.045,29400.99,2,189,483.996,235.382,NA,0,0,0,-90
1887,11,71,1259.091,617.045,29701,2,164,483.996,235.382,NA,0,0,0,0
1888,11,72,1259.091,617.045,30001.01,2,255,483.996,235.382,NA,0,0,0,0
1889,11,73,1260.985,621.212,30301.02,2,255,488.573,237.108,NA,4.577,0.015,65.556,65.556
1890,11,74,1250,640.152,30601.03,2,252,510.467,226.308,NA,21.894,0.073,120.114,54.558
1891,11,75,1246.97,650.379,30901.04,2,255,521.134,224.047,NA,10.667,0.036,106.504,-13.609
1892,11,76,1245.076,660.227,31201.051,2,255,531.163,223.346,NA,10.029,0.033,100.886,-5.619
1893,11,77,1243.182,667.045,31501.061,2,255,538.239,222.549,NA,7.076,0.024,105.524,4.639
1894,11,78,1260.606,667.045,31801.071,2,243,555.664,239.73,NA,17.424,0.058,0,-105.524
1895,11,79,1294.318,676.894,32101.081,2,255,590.785,274.62,NA,35.121,0.117,16.285,16.285
1896,11,80,1301.515,695.833,32401.091,2,255,611.045,285.568,NA,20.261,0.068,69.193,52.908
1897,11,81,1299.621,699.621,32701.101,2,255,615.28,284.65,NA,4.235,0.014,116.565,47.372
1898,11,82,1299.621,699.621,33001.111,2,255,615.28,284.65,NA,0,0,0,-116.565
1899,11,83,1299.621,699.621,33301.121,2,255,615.28,284.65,NA,0,0,0,0
1900,11,84,1299.621,699.621,33601.131,2,255,615.28,284.65,NA,0,0,0,0
1901,11,85,1299.621,699.621,33901.141,2,255,615.28,284.65,NA,0,0,0,0
1902,11,86,1299.621,699.621,34201.152,2,255,615.28,284.65,NA,0,0,0,0
1903,11,87,1296.591,704.924,34501.162,2,255,621.388,283.102,NA,6.108,0.02,119.745,119.745
1904,11,88,1294.697,716.288,34801.172,2,255,632.909,284.575,NA,11.52,0.038,99.462,-20.283
1905,11,89,1295.833,719.318,35101.182,2,254,636.145,286.601,NA,3.236,0.011,69.444,-30.018
1906,11,90,1295.833,719.318,35401.192,2,255,636.145,286.601,NA,0,0,0,-69.444
1907,11,91,1295.833,719.318,35701.202,2,255,636.145,286.601,NA,0,0,0,0
1908,11,92,1292.045,719.318,36001.212,2,255,639.933,283.011,NA,3.788,0.013,180,180
1909,11,93,1292.045,719.318,36301.222,2,241,639.933,283.011,NA,0,0,0,-180
1910,11,94,1300.379,720.455,36601.232,2,211,648.343,291.273,NA,8.41,0.028,7.765,7.765
1911,11,95,1301.136,729.167,36901.242,2,255,657.088,294.851,NA,8.745,0.029,85.03,77.265
1912,11,96,1301.515,718.561,37201.253,2,255,667.701,291.762,NA,10.613,0.035,-87.955,-172.985
1913,11,97,1304.545,722.727,37501.263,2,255,672.853,295.945,NA,5.152,0.017,53.973,141.927
1914,11,98,1307.955,726.894,37801.273,2,255,678.237,300.517,NA,5.384,0.018,50.711,-3.262
1915,11,99,1304.167,713.258,38101.283,2,255,692.389,292.706,NA,14.153,0.047,-105.524,-156.235
1916,11,100,1303.788,712.879,38401.293,2,255,692.925,292.234,NA,0.536,0.002,-135,-29.476
1917,11,101,1311.742,716.667,38701.303,2,255,701.736,300.946,NA,8.81,0.029,25.463,160.463
1918,11,102,1314.015,728.03,39001.313,2,250,713.324,306.617,NA,11.589,0.039,78.69,53.227
1919,11,103,1314.015,728.03,39301.323,2,255,713.324,306.617,NA,0,0,0,-78.69
1920,11,104,1304.167,716.288,39601.333,2,252,728.65,293.598,NA,15.326,0.051,-129.987,-129.987
1921,11,105,1304.167,710.985,39901.343,2,255,733.953,292.056,NA,5.303,0.018,-90,39.987
1922,11,106,1310.985,721.97,40201.354,2,198,746.882,301.821,NA,12.929,0.043,58.173,148.173
1923,11,107,1310.227,726.515,40501.364,2,203,751.49,302.542,NA,4.608,0.015,99.462,41.29
1924,11,108,1310.227,726.515,40801.374,2,255,751.49,302.542,NA,0,0,0,-99.462
1925,11,109,1302.652,716.667,41101.384,2,255,763.915,292.266,NA,12.425,0.041,-127.569,-127.569
1926,11,110,1309.47,726.894,41401.394,2,255,776.207,301.949,NA,12.292,0.041,56.31,-176.121
1927,11,111,1309.47,735.227,41701.404,2,255,784.54,304.765,NA,8.333,0.028,90,33.69
1928,11,112,1309.47,735.227,42001.414,2,255,784.54,304.765,NA,0,0,0,-90
1929,11,113,1300,712.879,42301.424,2,255,808.812,288.609,NA,24.272,0.081,-112.964,-112.964
1930,11,114,1299.621,707.955,42601.434,2,255,813.751,286.845,NA,4.939,0.016,-94.399,18.565
1931,11,115,1303.03,704.167,42901.444,2,223,818.847,289.108,NA,5.096,0.017,-48.013,46.386
1932,11,116,1307.197,695.455,43201.455,2,239,828.504,291.006,NA,9.657,0.032,-64.44,-16.427
1933,11,117,1307.197,684.848,43501.465,2,255,839.11,288.751,NA,10.606,0.035,-90,-25.56
1934,11,118,1307.197,678.03,43801.475,2,255,845.928,287.5,NA,6.818,0.023,-90,0
1935,11,119,1307.197,678.03,44101.485,2,255,845.928,287.5,NA,0,0,0,90
1936,11,120,1307.197,678.03,44401.495,2,255,845.928,287.5,NA,0,0,0,0
1937,11,121,1316.288,686.742,44701.505,2,255,858.52,298.037,NA,12.591,0.042,43.781,43.781
1938,11,122,1322.348,692.045,45001.515,2,255,866.573,305.043,NA,8.053,0.027,41.186,-2.595
1939,11,123,1333.333,704.924,45301.525,2,255,883.5,318.636,NA,16.927,0.056,49.538,8.352
1940,11,124,1342.803,707.197,45601.535,2,123,893.239,328.374,NA,9.739,0.032,13.496,-36.042
1941,11,125,1345.455,714.015,45901.546,2,186,900.554,332.635,NA,7.316,0.024,68.749,55.254
1942,11,126,1343.182,717.424,46201.556,2,255,904.652,331.338,NA,4.097,0.014,123.69,54.941
1943,11,127,1340.53,717.424,46501.566,2,249,907.303,328.784,NA,2.652,0.009,180,56.31
1944,11,128,1350.379,721.212,46801.576,2,222,917.855,339.291,NA,10.552,0.035,21.038,-158.962
1945,11,129,1342.045,725.379,47101.586,2,255,927.172,332.473,NA,9.317,0.031,153.435,132.397
1946,11,130,1323.106,725.379,47401.596,2,194,946.111,314.403,NA,18.939,0.063,180,26.565
1947,11,131,1312.879,728.03,47701.606,2,62,956.677,305.542,NA,10.565,0.035,165.466,-14.534
1948,11,132,1329.545,733.712,48001.616,2,255,974.285,323.151,NA,17.609,0.059,18.825,-146.641
1949,11,133,1330.682,734.848,48301.626,2,189,975.892,324.596,NA,1.607,0.005,45,26.175
1950,11,134,1330.682,734.848,48601.636,2,255,975.892,324.596,NA,0,0,0,-45
1951,11,135,1325.758,728.788,48901.647,2,193,983.701,317.985,NA,7.809,0.026,-129.094,-129.094
1952,11,136,1326.136,715.53,49201.657,2,196,996.964,314.421,NA,13.263,0.044,-88.363,40.73
1953,11,137,1339.773,702.273,49501.667,2,255,1015.983,324.278,NA,19.019,0.063,-44.193,44.17
1954,11,138,1356.818,692.803,49801.677,2,255,1035.482,338.976,NA,19.499,0.065,-29.055,15.138
1955,11,139,1372.348,682.576,50101.687,2,255,1054.078,352.525,NA,18.595,0.062,-33.366,-4.312
1956,11,140,1379.924,682.197,50401.697,2,255,1061.663,359.957,NA,7.585,0.025,-2.862,30.504
1957,11,141,1387.879,682.197,50701.707,2,255,1069.617,367.824,NA,7.955,0.027,0,2.862
1958,11,142,1400.758,682.576,51001.717,2,255,1082.502,380.623,NA,12.884,0.043,1.685,1.685
1959,11,143,1417.424,682.197,51301.727,2,255,1099.173,397.077,NA,16.671,0.056,-1.302,-2.987
1960,11,144,1426.515,681.818,51601.737,2,255,1108.272,406.036,NA,9.099,0.03,-2.386,-1.084
1961,11,145,1430.682,680.682,51901.748,2,255,1112.59,410.021,NA,4.319,0.014,-15.255,-12.869
1962,11,146,1435.985,682.955,52201.758,2,255,1118.36,415.573,NA,5.77,0.019,23.199,38.454
1963,11,147,1439.773,682.576,52501.768,2,255,1122.167,419.28,NA,3.807,0.013,-5.711,-28.909
1964,11,148,1439.773,682.576,52801.778,2,255,1122.167,419.28,NA,0,0,0,5.711
1965,11,149,1445.076,687.121,53101.788,2,255,1129.151,425.142,NA,6.985,0.023,40.601,40.601
1966,11,150,1445.076,687.121,53401.798,2,138,1129.151,425.142,NA,0,0,0,-40.601
1967,11,151,1445.833,689.394,53701.808,2,167,1131.547,426.211,NA,2.396,0.008,71.565,71.565
1968,11,152,1445.833,689.394,54001.818,2,255,1131.547,426.211,NA,0,0,0,-71.565
1969,11,153,1445.833,689.394,54301.828,2,231,1131.547,426.211,NA,0,0,0,0
1970,11,154,1445.833,689.394,54601.838,2,255,1131.547,426.211,NA,0,0,0,0
1971,11,155,1449.621,688.636,54901.849,2,255,1135.41,429.854,NA,3.863,0.013,-11.31,-11.31
1972,11,156,1449.621,688.636,55201.859,2,255,1135.41,429.854,NA,0,0,0,11.31
1973,11,157,1449.621,688.636,55501.869,2,253,1135.41,429.854,NA,0,0,0,0
1974,11,158,1453.409,691.667,55801.879,2,255,1140.261,434.035,NA,4.851,0.016,38.66,38.66
1975,11,159,1453.788,691.667,56101.889,2,255,1140.639,434.41,NA,0.379,0.001,0,-38.66
1976,11,160,1459.47,691.288,56401.899,2,255,1146.334,439.978,NA,5.694,0.019,-3.814,-3.814
1977,11,161,1462.879,689.394,56701.909,2,255,1150.234,443.088,NA,3.9,0.013,-29.055,-25.241
1978,11,162,1465.53,687.5,57001.919,2,255,1153.492,445.46,NA,3.258,0.011,-35.538,-6.483
1979,11,163,1465.53,687.5,57301.929,2,248,1153.492,445.46,NA,0,0,0,35.538
1980,11,164,1465.53,687.5,57601.939,2,230,1153.492,445.46,NA,0,0,0,0
1981,11,165,1468.561,687.5,57901.95,2,206,1156.522,448.464,NA,3.03,0.01,0,0
1982,11,166,1470.833,684.091,58201.96,2,240,1160.62,450.284,NA,4.097,0.014,-56.31,-56.31
1983,11,167,1477.273,677.273,58501.97,2,255,1169.998,455.895,NA,9.378,0.031,-46.637,9.673
1984,12,1,993.561,723.485,9300.313,2,34,0,0,NA,NA,NA,NA,NA
1985,12,2,1000,724.621,9600.323,2,56,6.539,6.539,NA,6.539,0.022,10.008,NA
1986,12,3,1000.379,732.576,9900.333,2,87,14.502,11.364,NA,7.964,0.027,87.274,77.266
1987,12,4,1001.515,732.955,10200.343,2,104,15.7,12.367,NA,1.198,0.004,18.435,-68.839
1988,12,5,1001.515,732.955,10500.354,2,104,15.7,12.367,NA,0,0,0,-18.435
1989,12,6,1001.515,732.955,10800.364,2,110,15.7,12.367,NA,0,0,0,0
1990,12,7,1001.515,732.955,11100.374,2,78,15.7,12.367,NA,0,0,0,0
1991,12,8,1003.409,742.803,11400.384,2,89,25.729,21.684,NA,10.029,0.033,79.114,79.114
1992,12,9,1003.409,742.803,11700.394,2,71,25.729,21.684,NA,0,0,0,-79.114
1993,12,10,1003.788,744.697,12000.404,2,92,27.661,23.549,NA,1.931,0.006,78.69,78.69
1994,12,11,1005.303,747.348,12300.414,2,80,30.715,26.596,NA,3.054,0.01,60.255,-18.435
1995,12,12,1009.47,752.273,12600.424,2,125,37.165,32.891,NA,6.451,0.022,49.764,-10.491
1996,12,13,1011.364,752.273,12900.434,2,156,39.059,33.848,NA,1.894,0.006,0,-49.764
1997,12,14,1011.364,754.545,13200.444,2,150,41.332,35.801,NA,2.273,0.008,90,90
1998,12,15,1011.364,754.545,13500.455,2,178,41.332,35.801,NA,0,0,0,-90
1999,12,16,1011.364,754.545,13800.465,2,255,41.332,35.801,NA,0,0,0,0
2000,12,17,1011.364,754.545,14100.475,2,179,41.332,35.801,NA,0,0,0,0
2001,12,18,1011.364,754.545,14400.485,2,162,41.332,35.801,NA,0,0,0,0
2002,12,19,1011.364,754.545,14700.495,2,177,41.332,35.801,NA,0,0,0,0
2003,12,20,1012.5,757.197,15000.505,2,255,44.217,38.668,NA,2.885,0.01,66.801,66.801
2004,12,21,1017.045,757.197,15300.515,2,215,48.762,41.086,NA,4.545,0.015,0,-66.801
2005,12,22,1020.076,757.197,15600.525,2,255,51.792,42.89,NA,3.03,0.01,0,0
2006,12,23,1020.076,757.197,15900.535,2,236,51.792,42.89,NA,0,0,0,0
2007,12,24,1020.076,757.197,16200.545,2,191,51.792,42.89,NA,0,0,0,0
2008,12,25,1022.727,753.03,16500.556,2,205,56.731,41.517,NA,4.939,0.016,-57.529,-57.529
2009,12,26,1022.727,751.894,16800.566,2,124,57.867,40.716,NA,1.136,0.004,-90,-32.471
2010,12,27,1017.803,751.515,17100.576,2,162,62.806,37.059,NA,4.939,0.016,-175.601,-85.601
2011,12,28,1017.803,749.242,17400.586,2,106,65.079,35.372,NA,2.273,0.008,-90,85.601
2012,12,29,1017.803,745.833,17700.596,2,185,68.488,32.972,NA,3.409,0.011,-90,0
2013,12,30,1018.561,745.833,18000.606,2,241,69.246,33.533,NA,0.758,0.003,0,90
2014,12,31,1019.318,745.833,18300.616,2,212,70.003,34.101,NA,0.758,0.003,0,0
2015,12,32,1019.318,745.833,18600.626,2,245,70.003,34.101,NA,0,0,0,0
2016,12,33,1021.97,745.833,18900.636,2,255,72.655,36.146,NA,2.652,0.009,0,0
2017,12,34,1025.758,749.621,19200.646,2,255,78.012,41.47,NA,5.357,0.018,45,45
2018,12,35,1025.758,755.682,19500.657,2,254,84.072,45.533,NA,6.061,0.02,90,45
2019,12,36,1025.758,755.682,19800.667,2,253,84.072,45.533,NA,0,0,0,-90
2020,12,37,1027.652,754.924,20100.677,2,255,86.112,46.375,NA,2.04,0.007,-21.801,-21.801
2021,12,38,1033.333,753.788,20400.687,2,219,91.906,50.001,NA,5.794,0.019,-11.31,10.491
2022,12,39,1033.333,753.788,20700.697,2,151,91.906,50.001,NA,0,0,0,11.31
2023,12,40,1033.333,753.788,21000.707,2,163,91.906,50.001,NA,0,0,0,0
2024,12,41,1033.333,753.788,21300.717,2,228,91.906,50.001,NA,0,0,0,0
2025,12,42,1033.333,751.515,21600.727,2,255,94.179,48.658,NA,2.273,0.008,-90,-90
2026,12,43,1041.667,751.515,21900.737,2,255,102.512,55.677,NA,8.333,0.028,0,90
2027,12,44,1045.833,751.515,22200.747,2,219,106.679,59.314,NA,4.167,0.014,0,0
2028,12,45,1045.833,751.515,22500.758,2,226,106.679,59.314,NA,0,0,0,0
2029,12,46,1051.515,751.515,22800.768,2,233,112.361,64.377,NA,5.682,0.019,0,0
2030,12,47,1056.818,754.545,23100.778,2,178,118.469,70.472,NA,6.108,0.02,29.745,29.745
2031,12,48,1066.288,754.545,23400.788,2,129,127.938,79.082,NA,9.47,0.032,0,-29.745
2032,12,49,1061.742,759.47,23700.798,2,184,134.64,77.095,NA,6.701,0.022,132.709,132.709
2033,12,50,1065.152,762.879,24000.808,2,205,139.461,81.714,NA,4.821,0.016,45,-87.709
2034,12,51,1065.152,762.879,24300.818,2,255,139.461,81.714,NA,0,0,0,-45
2035,12,52,1068.561,763.636,24600.828,2,119,142.953,85.071,NA,3.492,0.012,12.529,12.529
2036,12,53,1070.455,768.939,24900.838,2,192,148.584,89.324,NA,5.631,0.019,70.346,57.817
2037,12,54,1070.455,768.939,25200.849,2,255,148.584,89.324,NA,0,0,0,-70.346
2038,12,55,1066.667,771.212,25500.859,2,255,153.002,87.306,NA,4.417,0.015,149.036,149.036
2039,12,56,1066.667,775.758,25800.869,2,231,157.547,89.872,NA,4.545,0.015,90,-59.036
2040,12,57,1066.667,784.091,26100.879,2,129,165.881,94.961,NA,8.333,0.028,90,0
2041,12,58,1066.667,784.091,26400.889,2,246,165.881,94.961,NA,0,0,0,-90
2042,12,59,1066.667,795.455,26700.899,2,255,177.244,102.587,NA,11.364,0.038,90,90
2043,12,60,1070.833,799.242,27000.909,2,255,182.875,108.214,NA,5.631,0.019,42.274,-47.726
2044,12,61,1084.091,817.045,27300.919,2,169,205.072,130.19,NA,22.197,0.074,53.326,11.052
2045,12,62,1095.076,814.015,27600.929,2,142,216.467,136.019,NA,11.395,0.038,-15.422,-68.748
2046,12,63,1096.97,818.561,27900.939,2,182,221.392,140.474,NA,4.924,0.016,67.38,82.802
2047,12,64,1096.97,825,28200.95,2,255,227.831,144.91,NA,6.439,0.021,90,22.62
2048,12,65,1096.97,829.924,28500.96,2,224,232.755,148.401,NA,4.924,0.016,90,0
2049,12,66,1093.939,849.621,28800.97,2,5,252.684,161.203,NA,19.929,0.066,98.746,8.746
2050,12,67,1093.939,863.258,29100.98,2,186,266.32,172.082,NA,13.636,0.045,90,-8.746
2051,12,68,1094.318,871.97,29400.99,2,87,275.041,179.443,NA,8.72,0.029,87.51,-2.49
2052,12,69,1093.182,871.97,29701,2,188,276.177,178.808,NA,1.136,0.004,180,92.49
2053,12,70,1093.182,878.03,30001.01,2,247,282.238,183.871,NA,6.061,0.02,90,-90
2054,12,71,1090.53,879.924,30301.02,2,216,285.496,184.055,NA,3.258,0.011,144.462,54.462
2055,12,72,1093.939,886.364,30601.03,2,239,292.782,191.325,NA,7.286,0.024,62.103,-82.36
2056,12,73,1096.97,894.318,30901.04,2,199,301.295,199.693,NA,8.512,0.028,69.146,7.043
2057,12,74,1104.167,901.515,31201.051,2,221,311.473,209.591,NA,10.178,0.034,45,-24.146
2058,12,75,1115.152,912.5,31501.061,2,255,327.008,224.747,NA,15.535,0.052,45,0
2059,12,76,1115.152,912.5,31801.071,2,255,327.008,224.747,NA,0,0,0,-45
2060,12,77,1115.152,912.5,32101.081,2,255,327.008,224.747,NA,0,0,0,0
2061,12,78,1115.152,903.409,32401.091,2,255,336.098,217.157,NA,9.091,0.03,-90,-90
2062,12,79,1122.348,912.879,32701.101,2,221,347.993,229.034,NA,11.894,0.04,52.765,142.765
2063,12,80,1126.136,929.545,33001.111,2,112,365.084,245.025,NA,17.092,0.057,77.196,24.431
2064,12,81,1133.586,938.636,33301.121,2,205,376.838,256.705,NA,11.753,0.039,50.667,-26.528
2065,12,82,1145.202,938.636,33601.131,2,249,388.454,263.221,NA,11.616,0.039,0,-50.667
2066,12,83,1152.273,939.646,33901.141,2,255,395.596,268.17,NA,7.142,0.024,8.13,8.13
2067,12,84,1151.768,954.798,34201.152,2,239,410.756,280.241,NA,15.16,0.051,91.909,83.779
2068,12,85,1157.323,954.798,34501.162,2,255,416.312,283.415,NA,5.556,0.019,0,-91.909
2069,12,86,1159.848,960.859,34801.172,2,170,422.877,289.824,NA,6.566,0.022,67.38,67.38
2070,12,87,1170.96,973.99,35101.182,2,255,440.079,306.958,NA,17.201,0.057,49.764,-17.616
2071,12,88,1170.96,981.061,35401.192,2,250,447.149,312.755,NA,7.071,0.024,90,40.236
2072,12,89,1170.96,981.061,35701.202,2,228,447.149,312.755,NA,0,0,0,-90
2073,12,90,1170.96,991.667,36001.212,2,169,457.756,321.546,NA,10.606,0.035,90,90
2074,12,91,1170.455,998.737,36301.222,2,235,464.844,327.193,NA,7.089,0.024,94.086,4.086
2075,12,92,1170.455,1002.778,36601.232,2,201,468.885,330.599,NA,4.04,0.013,90,-4.086
2076,12,93,1162.879,1015.404,36901.242,2,255,483.609,337.469,NA,14.725,0.049,120.964,30.964
2077,12,94,1155.303,1015.404,37201.253,2,230,491.185,333.733,NA,7.576,0.025,180,59.036
2078,12,95,1153.283,1010.859,37501.263,2,255,496.159,328.778,NA,4.974,0.017,-113.962,66.038
2079,12,96,1156.313,1010.354,37801.273,2,255,499.231,329.821,NA,3.072,0.01,-9.462,104.5
2080,12,97,1152.778,1010.354,38101.283,2,229,502.767,328.091,NA,3.535,0.012,180,-170.538
2081,12,98,1157.828,1023.99,38401.293,2,145,517.308,342.472,NA,14.542,0.048,69.677,-110.323
2082,12,99,1164.394,1028.03,38701.303,2,224,525.018,349.188,NA,7.709,0.026,31.608,-38.069
2083,12,100,1167.929,1032.071,39001.313,2,185,530.386,354.443,NA,5.369,0.018,48.814,17.207
2084,12,101,1151.263,1037.121,39301.323,2,252,547.801,351.052,NA,17.415,0.058,163.142,114.328
2085,12,102,1144.192,1042.677,39601.333,2,255,556.794,352.949,NA,8.992,0.03,141.843,-21.299
2086,12,103,1144.192,1042.677,39901.343,2,255,556.794,352.949,NA,0,0,0,-141.843
2087,12,104,1144.192,1042.677,40201.354,2,255,556.794,352.949,NA,0,0,0,0
2088,12,105,1144.192,1042.677,40501.364,2,156,556.794,352.949,NA,0,0,0,0
2089,12,106,1137.121,1041.667,40801.374,2,255,563.936,349.069,NA,7.142,0.024,-171.87,-171.87
2090,12,107,1137.121,1041.162,41101.384,2,255,564.441,348.609,NA,0.505,0.002,-90,81.87
2091,12,108,1132.071,1045.202,41401.394,2,255,570.909,350.267,NA,6.468,0.022,141.34,-128.66
2092,12,109,1133.081,1045.202,41701.404,2,255,571.919,350.668,NA,1.01,0.003,0,-141.34
2093,12,110,1143.182,1045.202,42001.414,2,255,582.02,354.808,NA,10.101,0.034,0,0
2094,12,111,1143.182,1046.717,42301.424,2,255,583.535,356.182,NA,1.515,0.005,90,90
2095,12,112,1143.182,1046.717,42601.434,2,255,583.535,356.182,NA,0,0,0,-90
2096,12,113,1148.737,1046.717,42901.444,2,255,589.091,358.551,NA,5.556,0.019,0,0
2097,12,114,1148.737,1051.768,43201.455,2,251,594.141,363.111,NA,5.051,0.017,90,90
2098,12,115,1160.859,1052.273,43501.465,2,219,606.273,368.904,NA,12.132,0.04,2.386,-87.614
2099,12,116,1173.485,1053.283,43801.475,2,232,618.94,375.685,NA,12.667,0.042,4.574,2.188
2100,12,117,1183.586,1053.788,44101.485,2,255,629.053,381.064,NA,10.114,0.034,2.862,-1.712
2101,12,118,1181.566,1056.313,44401.495,2,255,632.287,382.257,NA,3.234,0.011,128.66,125.797
2102,12,119,1179.04,1058.333,44701.505,2,255,635.521,382.787,NA,3.234,0.011,141.34,12.68
2103,12,120,1186.111,1058.333,45001.515,2,171,642.592,386.263,NA,7.071,0.024,0,-141.34
2104,12,121,1195.707,1058.333,45301.525,2,255,652.188,391.135,NA,9.596,0.032,0,0
2105,12,122,1202.778,1061.364,45601.535,2,163,659.88,397.409,NA,7.693,0.026,23.199,23.199
2106,12,123,1217.929,1069.444,45901.546,2,255,677.052,412.346,NA,17.172,0.057,28.072,4.874
2107,12,124,1220.96,1079.04,46201.556,2,233,687.115,422.055,NA,10.063,0.034,72.474,44.402
2108,12,125,1221.97,1083.081,46501.566,2,249,691.28,426.005,NA,4.165,0.014,75.964,3.489
2109,12,126,1221.97,1083.081,46801.576,2,3,691.28,426.005,NA,0,0,0,-75.964
2110,12,127,1256.313,1100.758,47101.586,2,219,729.906,459.754,NA,38.626,0.129,27.235,27.235
2111,13,1,981.439,694.697,11700.394,2,30,0,0,NA,NA,NA,NA,NA
2112,13,2,985.227,695.833,12000.404,2,53,3.955,3.955,NA,3.955,0.013,16.699,NA
2113,13,3,985.227,701.136,12300.414,2,102,9.258,7.471,NA,5.303,0.018,90,73.301
2114,13,4,985.227,701.515,12600.424,2,79,9.636,7.8,NA,0.379,0.001,90,0
2115,13,5,985.227,701.515,12900.434,2,73,9.636,7.8,NA,0,0,0,-90
2116,13,6,985.227,701.515,13200.444,2,103,9.636,7.8,NA,0,0,0,0
2117,13,7,987.879,698.106,13500.455,2,95,13.955,7.286,NA,4.319,0.014,-52.125,-52.125
2118,13,8,987.879,698.106,13800.465,2,119,13.955,7.286,NA,0,0,0,52.125
2119,13,9,993.939,698.106,14100.475,2,167,20.016,12.957,NA,6.061,0.02,0,0
2120,13,10,993.939,698.106,14400.485,2,116,20.016,12.957,NA,0,0,0,0
2121,13,11,995.076,697.348,14700.495,2,184,21.382,13.892,NA,1.366,0.005,-33.69,-33.69
2122,13,12,994.697,696.591,15000.505,2,160,22.229,13.392,NA,0.847,0.003,-116.565,-82.875
2123,13,13,994.697,696.591,15300.515,2,123,22.229,13.392,NA,0,0,0,116.565
2124,13,14,994.697,696.591,15600.525,2,176,22.229,13.392,NA,0,0,0,0
2125,13,15,994.697,696.591,15900.535,2,179,22.229,13.392,NA,0,0,0,0
2126,13,16,994.697,696.591,16200.545,2,153,22.229,13.392,NA,0,0,0,0
2127,13,17,994.697,696.591,16500.556,2,117,22.229,13.392,NA,0,0,0,0
2128,13,18,994.697,696.591,16800.566,2,120,22.229,13.392,NA,0,0,0,0
2129,13,19,998.106,693.939,17100.576,2,180,26.548,16.684,NA,4.319,0.014,-37.875,-37.875
2130,13,20,998.106,693.939,17400.586,2,213,26.548,16.684,NA,0,0,0,37.875
2131,13,21,998.106,693.939,17700.596,2,151,26.548,16.684,NA,0,0,0,0
2132,13,22,998.106,693.939,18000.606,2,175,26.548,16.684,NA,0,0,0,0
2133,13,23,1001.136,693.939,18300.616,2,244,29.578,19.712,NA,3.03,0.01,0,0
2134,13,24,1002.273,693.939,18600.626,2,155,30.714,20.847,NA,1.136,0.004,0,0
2135,13,25,1001.894,698.106,18900.636,2,171,34.898,20.737,NA,4.184,0.014,95.194,95.194
2136,13,26,1001.894,698.106,19200.646,2,180,34.898,20.737,NA,0,0,0,-95.194
2137,13,27,1001.894,698.106,19500.657,2,115,34.898,20.737,NA,0,0,0,0
2138,13,28,1001.894,698.106,19800.667,2,230,34.898,20.737,NA,0,0,0,0
2139,13,29,1000,698.106,20100.677,2,255,36.792,18.871,NA,1.894,0.006,180,180
2140,13,30,1000.758,696.212,20400.687,2,255,38.832,19.378,NA,2.04,0.007,-68.199,111.801
2141,13,31,1000.758,696.212,20700.697,2,248,38.832,19.378,NA,0,0,0,68.199
2142,13,32,1000.758,696.212,21000.707,2,220,38.832,19.378,NA,0,0,0,0
2143,13,33,1000.758,696.212,21300.717,2,168,38.832,19.378,NA,0,0,0,0
2144,13,34,997.348,696.212,21600.727,2,221,42.241,15.981,NA,3.409,0.011,180,180
2145,13,35,993.939,696.212,21900.737,2,190,45.65,12.591,NA,3.409,0.011,180,0
2146,13,36,988.258,697.348,22200.747,2,169,51.444,7.316,NA,5.794,0.019,168.69,-11.31
2147,13,37,988.258,697.348,22500.758,2,187,51.444,7.316,NA,0,0,0,-168.69
2148,13,38,985.227,705.303,22800.768,2,234,59.957,11.262,NA,8.512,0.028,110.854,110.854
2149,13,39,983.333,705.303,23100.778,2,200,61.85,10.774,NA,1.894,0.006,180,69.146
2150,13,40,979.167,705.303,23400.788,2,218,66.017,10.847,NA,4.167,0.014,180,0
2151,13,41,979.167,705.303,23700.798,2,202,66.017,10.847,NA,0,0,0,-180
2152,13,42,979.167,705.303,24000.808,2,255,66.017,10.847,NA,0,0,0,0
2153,13,43,979.545,705.303,24300.818,2,250,66.396,10.774,NA,0.379,0.001,0,0
2154,13,44,984.47,705.303,24600.828,2,146,71.32,11.03,NA,4.924,0.016,0,0
2155,13,45,978.409,702.273,24900.838,2,218,78.096,8.159,NA,6.776,0.023,-153.435,-153.435
2156,13,46,974.621,701.136,25200.849,2,161,82.051,9.378,NA,3.955,0.013,-163.301,-9.866
2157,13,47,966.667,701.136,25500.859,2,221,90.005,16.115,NA,7.955,0.027,180,-16.699
2158,13,48,965.909,700.758,25800.869,2,156,90.852,16.671,NA,0.847,0.003,-153.435,26.565
2159,13,49,959.47,700.758,26100.879,2,71,97.292,22.79,NA,6.439,0.021,180,-26.565
2160,13,50,959.47,697.348,26400.889,2,97,100.701,22.129,NA,3.409,0.011,-90,90
2161,13,51,962.879,697.348,26700.899,2,103,104.11,18.749,NA,3.409,0.011,0,90
2162,13,52,963.636,699.242,27000.909,2,174,106.15,18.374,NA,2.04,0.007,68.199,68.199
2163,13,53,963.636,699.242,27300.919,2,168,106.15,18.374,NA,0,0,0,-68.199
2164,13,54,963.636,699.242,27600.929,2,194,106.15,18.374,NA,0,0,0,0
2165,13,55,963.636,699.242,27900.939,2,171,106.15,18.374,NA,0,0,0,0
2166,13,56,969.697,699.242,28200.95,2,152,112.21,12.591,NA,6.061,0.02,0,0
2167,13,57,976.894,699.242,28500.96,2,176,119.407,6.428,NA,7.197,0.024,0,0
2168,13,58,982.197,702.652,28800.97,2,255,125.712,7.991,NA,6.304,0.021,32.735,32.735
2169,13,59,981.439,702.652,29100.98,2,217,126.469,7.955,NA,0.758,0.003,180,147.265
2170,13,60,981.439,698.864,29400.99,2,197,130.257,4.167,NA,3.788,0.013,-90,90
2171,13,61,982.197,696.591,29701,2,255,132.653,2.04,NA,2.396,0.008,-71.565,18.435
2172,13,62,984.848,708.712,30001.01,2,255,145.061,14.424,NA,12.408,0.041,77.661,149.226
2173,13,63,988.258,713.258,30301.02,2,255,150.742,19.773,NA,5.682,0.019,53.13,-24.531
2174,13,64,990.909,714.015,30601.03,2,255,153.5,21.514,NA,2.758,0.009,15.945,-37.185
2175,13,65,990.909,714.015,30901.04,2,246,153.5,21.514,NA,0,0,0,-15.945
2176,13,66,989.773,716.667,31201.051,2,246,156.385,23.497,NA,2.885,0.01,113.199,113.199
2177,13,67,994.318,716.667,31501.061,2,255,160.93,25.466,NA,4.545,0.015,0,-113.199
2178,13,68,994.318,716.667,31801.071,2,255,160.93,25.466,NA,0,0,0,0
2179,13,69,995.076,716.667,32101.081,2,255,161.688,25.858,NA,0.758,0.003,0,0
2180,13,70,997.727,718.939,32401.091,2,255,165.18,29.206,NA,3.492,0.012,40.601,40.601
2181,13,71,997.727,718.939,32701.101,2,255,165.18,29.206,NA,0,0,0,-40.601
2182,13,72,997.727,717.045,33001.111,2,217,167.074,27.654,NA,1.894,0.006,-90,-90
2183,13,73,990.152,718.182,33301.121,2,227,174.734,25.049,NA,7.661,0.026,171.469,-98.531
2184,13,74,990.152,718.182,33601.131,2,255,174.734,25.049,NA,0,0,0,-171.469
2185,13,75,990.152,718.182,33901.141,2,255,174.734,25.049,NA,0,0,0,0
2186,13,76,990.152,718.182,34201.152,2,255,174.734,25.049,NA,0,0,0,0
2187,13,77,988.258,717.424,34501.162,2,255,176.774,23.728,NA,2.04,0.007,-158.199,-158.199
2188,13,78,988.258,716.288,34801.172,2,244,177.911,22.642,NA,1.136,0.004,-90,68.199
2189,13,79,988.258,716.288,35101.182,2,255,177.911,22.642,NA,0,0,0,90
2190,13,80,988.258,716.288,35401.192,2,255,177.911,22.642,NA,0,0,0,0
2191,13,81,988.258,716.288,35701.202,2,173,177.911,22.642,NA,0,0,0,0
2192,13,82,991.667,716.288,36001.212,2,255,181.32,23.891,NA,3.409,0.011,0,0
2193,13,83,991.667,717.803,36301.222,2,225,182.835,25.268,NA,1.515,0.005,90,90
2194,13,84,991.667,721.591,36601.232,2,209,186.623,28.773,NA,3.788,0.013,90,0
2195,13,85,995.455,727.652,36901.242,2,240,193.77,35.811,NA,7.147,0.024,57.995,-32.005
2196,13,86,996.591,727.273,37201.253,2,255,194.968,35.927,NA,1.198,0.004,-18.435,-76.43
2197,13,87,996.212,723.106,37501.263,2,244,199.151,32.02,NA,4.184,0.014,-95.194,-76.759
2198,13,88,996.212,723.106,37801.273,2,255,199.151,32.02,NA,0,0,0,95.194
2199,13,89,996.212,723.106,38101.283,2,219,199.151,32.02,NA,0,0,0,0
2200,13,90,992.045,721.97,38401.293,2,255,203.47,29.262,NA,4.319,0.014,-164.745,-164.745
2201,13,91,992.045,721.97,38701.303,2,255,203.47,29.262,NA,0,0,0,164.745
2202,13,92,992.045,721.97,39001.313,2,249,203.47,29.262,NA,0,0,0,0
2203,13,93,992.045,725.379,39301.323,2,255,206.879,32.463,NA,3.409,0.011,90,90
2204,13,94,992.045,726.515,39601.333,2,219,208.016,33.539,NA,1.136,0.004,90,0
2205,13,95,993.182,726.515,39901.343,2,255,209.152,33.916,NA,1.136,0.004,0,-90
2206,13,96,993.182,726.515,40201.354,2,255,209.152,33.916,NA,0,0,0,0
2207,13,97,993.182,726.515,40501.364,2,255,209.152,33.916,NA,0,0,0,0
2208,13,98,993.182,736.742,40801.374,2,255,219.379,43.654,NA,10.227,0.034,90,90
2209,13,99,993.182,739.773,41101.384,2,255,222.41,46.58,NA,3.03,0.01,90,0
2210,13,100,995.455,741.667,41401.394,2,255,225.368,49.016,NA,2.958,0.01,39.806,-50.194
2211,13,101,995.833,745.076,41701.404,2,255,228.798,52.395,NA,3.43,0.011,83.66,43.854
2212,13,102,995.833,752.652,42001.414,2,255,236.374,59.715,NA,7.576,0.025,90,6.34
2213,13,103,995.833,756.439,42301.424,2,255,240.162,63.398,NA,3.788,0.013,90,0
2214,13,104,996.591,757.576,42601.434,2,240,241.528,64.679,NA,1.366,0.005,56.31,-33.69
2215,13,105,996.591,757.576,42901.444,2,255,241.528,64.679,NA,0,0,0,-56.31
2216,13,106,996.591,763.258,43201.455,2,239,247.209,70.215,NA,5.682,0.019,90,90
2217,13,107,996.591,772.348,43501.465,2,255,256.3,79.116,NA,9.091,0.03,90,0
2218,13,108,996.591,774.242,43801.475,2,255,258.194,80.976,NA,1.894,0.006,90,0
2219,13,109,996.591,774.242,44101.485,2,204,258.194,80.976,NA,0,0,0,-90
2220,13,110,993.182,776.894,44401.495,2,188,262.513,83.031,NA,4.319,0.014,142.125,142.125
2221,13,111,993.182,784.091,44701.505,2,253,269.71,90.162,NA,7.197,0.024,90,-52.125
2222,13,112,993.182,790.909,45001.515,2,217,276.528,96.926,NA,6.818,0.023,90,0
2223,13,113,989.773,787.121,45301.525,2,241,281.624,92.799,NA,5.096,0.017,-131.987,138.013
2224,13,114,989.773,787.121,45601.535,2,230,281.624,92.799,NA,0,0,0,131.987
2225,13,115,989.773,787.121,45901.546,2,255,281.624,92.799,NA,0,0,0,0
2226,13,116,997.727,788.636,46201.556,2,255,289.722,95.341,NA,8.098,0.027,10.784,10.784
2227,13,117,998.485,790.152,46501.566,2,255,291.416,96.965,NA,1.694,0.006,63.435,52.651
2228,13,118,1004.545,791.667,46801.576,2,255,297.663,99.685,NA,6.247,0.021,14.036,-49.399
2229,13,119,1007.197,799.621,47101.586,2,213,306.048,108.04,NA,8.385,0.028,71.565,57.529
2230,13,120,1010.985,799.621,47401.596,2,255,309.836,109.005,NA,3.788,0.013,0,-71.565
2231,13,121,1010.985,799.621,47701.606,2,220,309.836,109.005,NA,0,0,0,0
2232,13,122,1017.045,799.621,48001.616,2,255,315.896,110.801,NA,6.061,0.02,0,0
2233,13,123,1025.379,797.348,48301.626,2,176,324.534,111.66,NA,8.638,0.029,-15.255,-15.255
2234,13,124,1044.318,799.621,48601.636,2,255,343.609,122.323,NA,19.075,0.064,6.843,22.098
2235,13,125,1051.515,803.03,48901.647,2,206,351.573,129.022,NA,7.964,0.027,25.346,18.503
2236,13,126,1054.924,807.197,49201.657,2,247,356.956,134.374,NA,5.384,0.018,50.711,25.364
2237,13,127,1059.47,802.273,49501.667,2,255,363.658,132.896,NA,6.701,0.022,-47.291,-98.001
2238,13,128,1054.167,803.788,49801.677,2,246,369.173,131.111,NA,5.515,0.018,164.055,-148.655
2239,13,129,1048.864,799.621,50101.687,2,255,375.917,124.72,NA,6.744,0.022,-141.843,54.103
2240,13,130,1050.379,797.727,50401.697,2,161,378.343,123.967,NA,2.425,0.008,-51.34,90.503
2241,13,131,1069.697,797.727,50701.707,2,118,397.661,135.664,NA,19.318,0.064,0,51.34
2242,13,132,1078.788,797.727,51001.717,2,199,406.752,141.746,NA,9.091,0.03,0,0
2243,13,133,1089.773,795.076,51301.727,2,136,418.052,147.689,NA,11.3,0.038,-13.57,-13.57
2244,13,134,1117.045,787.5,51601.737,2,174,446.357,164.321,NA,28.305,0.094,-15.524,-1.954
2245,13,135,1129.545,789.015,51901.748,2,255,458.949,175.589,NA,12.591,0.042,6.911,22.435
2246,13,136,1141.667,789.015,52201.758,2,136,471.07,185.927,NA,12.121,0.04,0,-6.911
2247,13,137,1171.212,815.909,52501.768,2,204,511.023,225.18,NA,39.953,0.133,42.31,42.31
2248,13,138,1201.894,794.697,52801.778,2,82,548.323,242.075,NA,37.301,0.124,-34.658,-76.969
2249,13,139,1218.182,789.015,53101.788,2,144,565.574,254.839,NA,17.25,0.057,-19.231,15.428
2250,13,140,1229.167,789.015,53401.798,2,236,576.559,265.075,NA,10.985,0.037,0,19.231
2251,13,141,1222.727,795.833,53701.808,2,235,585.937,261.626,NA,9.378,0.031,133.363,133.363
2252,13,142,1221.212,795.833,54001.818,2,226,587.452,260.23,NA,1.515,0.005,180,46.637
2253,13,143,1221.212,795.833,54301.828,2,255,587.452,260.23,NA,0,0,0,-180
2254,13,144,1221.212,795.833,54601.838,2,253,587.452,260.23,NA,0,0,0,0
2255,13,145,1225,791.288,54901.849,2,255,593.369,262.014,NA,5.917,0.02,-50.194,-50.194
2256,13,146,1235.985,780.682,55201.859,2,255,608.638,268.676,NA,15.269,0.051,-43.995,6.2
2257,13,147,1235.985,780.682,55501.869,2,255,608.638,268.676,NA,0,0,0,43.995
2258,13,148,1245.455,774.242,55801.879,2,255,620.09,275.738,NA,11.452,0.038,-34.216,-34.216
2259,13,149,1262.879,776.894,56101.889,2,186,637.715,293.197,NA,17.625,0.059,8.653,42.868
2260,13,150,1262.879,790.152,56401.899,2,206,650.972,297.186,NA,13.258,0.044,90,81.347
2261,13,151,1262.879,790.152,56701.909,2,144,650.972,297.186,NA,0,0,0,-90
2262,13,152,1266.667,788.258,57001.919,2,240,655.207,300.18,NA,4.235,0.014,-26.565,-26.565
2263,13,153,1269.318,786.742,57301.929,2,120,658.261,302.236,NA,3.054,0.01,-29.745,-3.18
2264,13,154,1271.591,789.773,57601.939,2,216,662.049,305.331,NA,3.788,0.013,53.13,82.875
2265,13,155,1277.273,801.894,57901.95,2,255,675.436,314.656,NA,13.387,0.045,64.885,11.755
2266,13,156,1289.015,815.53,58201.96,2,255,693.431,330.46,NA,17.995,0.06,49.268,-15.617
2267,13,157,1289.773,825.379,58501.97,2,222,703.309,334.884,NA,9.878,0.033,85.601,36.333
2268,13,158,1298.485,840.53,58801.98,2,133,720.787,348.977,NA,17.478,0.058,60.101,-25.5
2269,13,159,1306.439,847.348,59101.99,2,224,731.263,359.065,NA,10.477,0.035,40.601,-19.5
2270,13,160,1327.273,847.348,59402,2,255,752.097,378.025,NA,20.833,0.069,0,-40.601
2271,13,161,1350,851.515,59702.01,2,136,775.203,400.536,NA,23.106,0.077,10.389,10.389
2272,13,162,1370.076,859.091,60002.02,2,255,796.66,421.976,NA,21.458,0.072,20.674,10.286
2273,13,163,1372.348,872.348,60302.03,2,255,810.111,429.383,NA,13.451,0.045,80.272,59.598
2274,13,164,1375.379,873.106,60602.04,2,255,813.235,432.456,NA,3.124,0.01,14.036,-66.236
2275,13,165,1375.379,873.106,60902.051,2,176,813.235,432.456,NA,0,0,0,-14.036
2276,13,166,1385.985,873.106,61202.061,2,255,823.841,442.139,NA,10.606,0.035,0,0
2277,13,167,1385.985,873.106,61502.071,2,180,823.841,442.139,NA,0,0,0,0
2278,13,168,1394.697,869.318,61802.081,2,255,833.341,448.636,NA,9.5,0.032,-23.499,-23.499
2279,13,169,1393.939,870.455,62102.091,2,234,834.707,448.383,NA,1.366,0.005,123.69,147.189
2280,13,170,1396.97,865.909,62402.101,2,158,840.17,449.421,NA,5.463,0.018,-56.31,-180
2281,13,171,1403.409,860.985,62702.111,2,125,848.276,453.553,NA,8.106,0.027,-37.405,18.905
2282,13,172,1403.409,860.985,63002.121,2,164,848.276,453.553,NA,0,0,0,37.405
2283,13,173,1403.409,860.985,63302.131,2,120,848.276,453.553,NA,0,0,0,0
2284,13,174,1408.712,857.197,63602.141,2,174,854.793,457.13,NA,6.517,0.022,-35.538,-35.538
2285,13,175,1420.455,854.545,63902.152,2,164,866.831,467.211,NA,12.038,0.04,-12.724,22.813
2286,13,176,1427.652,849.621,64202.162,2,104,875.551,472.342,NA,8.72,0.029,-34.38,-21.656
2287,13,177,1437.5,849.621,64502.172,2,11,885.4,481.656,NA,9.848,0.033,0,34.38
2288,13,178,1456.061,850.758,64802.182,2,234,903.995,499.62,NA,18.595,0.062,3.504,3.504
2289,13,179,1465.53,852.273,65102.192,2,255,913.585,509.091,NA,9.59,0.032,9.09,5.587
2290,13,180,1474.242,852.652,65402.202,2,255,922.306,517.498,NA,8.72,0.029,2.49,-6.601
2291,14,1,749.747,894.697,19200.646,2,136,0,0,NA,NA,NA,NA,NA
2292,14,2,751.263,894.697,19500.657,2,156,1.515,1.515,NA,1.515,0.005,0,NA
2293,14,3,751.263,894.697,19800.667,2,160,1.515,1.515,NA,0,0,0,0
2294,14,4,756.818,892.677,20100.677,2,173,7.427,7.354,NA,5.911,0.02,-19.983,-19.983
2295,14,5,759.343,892.677,20400.687,2,104,9.952,9.806,NA,2.525,0.008,0,19.983
2296,14,6,759.343,895.707,20700.697,2,195,12.982,9.649,NA,3.03,0.01,90,90
2297,14,7,759.343,895.707,21000.707,2,100,12.982,9.649,NA,0,0,0,-90
2298,14,8,762.374,903.283,21300.717,2,112,21.142,15.269,NA,8.159,0.027,68.199,68.199
2299,14,9,762.374,907.828,21600.727,2,237,25.687,18.217,NA,4.545,0.015,90,21.801
2300,14,10,762.374,907.828,21900.737,2,163,25.687,18.217,NA,0,0,0,-90
2301,14,11,762.879,906.313,22200.747,2,181,27.284,17.532,NA,1.597,0.005,-71.565,-71.565
2302,14,12,762.879,906.313,22500.758,2,250,27.284,17.532,NA,0,0,0,71.565
2303,14,13,762.879,906.313,22800.768,2,233,27.284,17.532,NA,0,0,0,0
2304,14,14,762.879,906.313,23100.778,2,131,27.284,17.532,NA,0,0,0,0
2305,14,15,755.808,906.313,23400.788,2,155,34.355,13.102,NA,7.071,0.024,180,180
2306,14,16,755.808,906.313,23700.798,2,163,34.355,13.102,NA,0,0,0,-180
2307,14,17,755.808,907.828,24000.808,2,235,35.87,14.462,NA,1.515,0.005,90,90
2308,14,18,755.808,911.869,24300.818,2,194,39.91,18.21,NA,4.04,0.013,90,0
2309,14,19,755.808,910.354,24600.828,2,237,41.425,16.789,NA,1.515,0.005,-90,-180
2310,14,20,753.788,909.848,24900.838,2,190,43.508,15.681,NA,2.082,0.007,-165.964,-75.964
2311,14,21,753.788,909.848,25200.849,2,255,43.508,15.681,NA,0,0,0,165.964
2312,14,22,751.768,910.859,25500.859,2,237,45.767,16.287,NA,2.259,0.008,153.435,153.435
2313,14,23,750.253,914.394,25800.869,2,255,49.613,19.703,NA,3.846,0.013,113.199,-40.236
2314,14,24,746.717,918.434,26100.879,2,255,54.982,23.93,NA,5.369,0.018,131.186,17.987
2315,14,25,746.717,918.434,26400.889,2,255,54.982,23.93,NA,0,0,0,-131.186
2316,14,26,741.667,921.465,26700.899,2,255,60.871,27.961,NA,5.89,0.02,149.036,149.036
2317,14,27,739.141,921.465,27000.909,2,251,63.397,28.792,NA,2.525,0.008,180,30.964
2318,14,28,739.141,921.465,27300.919,2,170,63.397,28.792,NA,0,0,0,-180
2319,14,29,739.141,921.465,27600.929,2,190,63.397,28.792,NA,0,0,0,0
2320,14,30,739.141,921.465,27900.939,2,215,63.397,28.792,NA,0,0,0,0
2321,14,31,739.141,921.465,28200.95,2,231,63.397,28.792,NA,0,0,0,0
2322,14,32,739.141,919.949,28500.96,2,255,64.912,27.389,NA,1.515,0.005,-90,-90
2323,14,33,739.141,917.424,28800.97,2,255,67.437,25.08,NA,2.525,0.008,-90,0
2324,14,34,739.141,917.424,29100.98,2,255,67.437,25.08,NA,0,0,0,90
2325,14,35,739.141,917.424,29400.99,2,255,67.437,25.08,NA,0,0,0,0
2326,14,36,739.141,914.394,29701,2,255,70.467,22.371,NA,3.03,0.01,-90,-90
2327,14,37,739.141,913.889,30001.01,2,255,70.972,21.928,NA,0.505,0.002,-90,0
2328,14,38,739.141,913.384,30301.02,2,255,71.478,21.487,NA,0.505,0.002,-90,0
2329,14,39,739.141,909.848,30601.03,2,192,75.013,18.495,NA,3.535,0.012,-90,0
2330,14,40,739.141,909.848,30901.04,2,255,75.013,18.495,NA,0,0,0,90
2331,14,41,739.141,909.848,31201.051,2,255,75.013,18.495,NA,0,0,0,0
2332,14,42,742.172,914.899,31501.061,2,235,80.903,21.576,NA,5.89,0.02,59.036,59.036
2333,14,43,742.172,915.404,31801.071,2,15,81.408,22.049,NA,0.505,0.002,90,30.964
2334,14,44,735.606,936.111,32101.081,2,233,103.131,43.762,NA,21.723,0.072,107.592,17.592
2335,14,45,730.556,941.162,32401.091,2,223,110.273,50.272,NA,7.142,0.024,135,27.408
2336,14,46,723.106,956.061,32701.101,2,255,126.931,66.897,NA,16.658,0.056,116.565,-18.435
2337,14,47,722.727,964.773,33001.111,2,255,135.651,75.105,NA,8.72,0.029,92.49,-24.075
2338,14,48,722.727,958.712,33301.121,2,255,141.712,69.484,NA,6.061,0.02,-90,177.51
2339,14,49,725,956.818,33601.131,2,255,144.67,66.869,NA,2.958,0.01,-39.806,50.194
2340,14,50,725,956.061,33901.141,2,255,145.428,66.166,NA,0.758,0.003,-90,-50.194
2341,14,51,725,956.061,34201.152,2,255,145.428,66.166,NA,0,0,0,90
2342,14,52,723.106,956.061,34501.162,2,255,147.322,66.897,NA,1.894,0.006,180,180
2343,14,53,723.106,962.879,34801.172,2,255,154.14,73.202,NA,6.818,0.023,90,-90
2344,14,54,723.106,970.076,35101.182,2,255,161.337,79.948,NA,7.197,0.024,90,0
2345,14,55,727.273,970.076,35401.192,2,188,165.504,78.658,NA,4.167,0.014,0,-90
2346,14,56,727.273,970.076,35701.202,2,255,165.504,78.658,NA,0,0,0,0
2347,14,57,724.621,970.455,36001.212,2,255,168.182,79.816,NA,2.678,0.009,171.87,171.87
2348,14,58,720.833,981.439,36301.222,2,255,179.802,91.435,NA,11.62,0.039,109.026,-62.844
2349,14,59,704.545,991.288,36601.232,2,240,198.836,106.644,NA,19.034,0.063,148.841,39.815
2350,14,60,690.152,1007.955,36901.242,2,239,220.857,127.98,NA,22.022,0.073,130.815,-18.026
2351,14,61,680.682,1015.152,37201.253,2,255,232.752,138.85,NA,11.894,0.04,142.765,11.95
2352,14,62,669.697,1026.136,37501.263,2,255,248.286,153.897,NA,15.535,0.052,135,-7.765
2353,14,63,661.742,1022.348,37801.273,2,255,257.097,155.048,NA,8.81,0.029,-154.537,70.463
2354,14,64,661.742,1026.136,38101.283,2,255,260.885,158.181,NA,3.788,0.013,90,-115.463
2355,14,65,662.121,1026.136,38401.293,2,255,261.264,157.97,NA,0.379,0.001,0,-90
2356,14,66,662.121,1026.136,38701.303,2,251,261.264,157.97,NA,0,0,0,0
2357,14,67,650.379,1026.515,39001.313,2,200,273.012,165.076,NA,11.749,0.039,178.152,178.152
2358,14,68,627.273,1042.045,39301.323,2,255,300.852,191.603,NA,27.84,0.093,146.094,-32.059
2359,14,69,626.515,1055.682,39601.333,2,255,314.51,202.737,NA,13.657,0.046,93.18,-52.914
2360,14,70,629.167,1059.47,39901.343,2,255,319.133,204.181,NA,4.624,0.015,55.008,-38.172
2361,14,71,621.97,1066.667,40201.354,2,255,329.311,214.245,NA,10.178,0.034,135,79.992
2362,14,72,621.97,1075,40501.364,2,255,337.645,220.989,NA,8.333,0.028,90,-45
2363,14,73,620.455,1084.091,40801.374,2,216,346.861,229.318,NA,9.216,0.031,99.462,9.462
2364,14,74,608.712,1101.515,41101.384,2,255,367.873,250.329,NA,21.012,0.07,123.977,24.514
2365,14,75,607.955,1100.379,41401.394,2,255,369.238,249.82,NA,1.366,0.005,-123.69,112.333
2366,14,76,606.061,1100.758,41701.404,2,255,371.17,251.211,NA,1.931,0.006,168.69,-67.62
2367,14,77,606.061,1100,42001.414,2,255,371.928,250.59,NA,0.758,0.003,-90,101.31
2368,14,78,612.5,1100,42301.424,2,255,378.367,246.954,NA,6.439,0.021,0,90
2369,14,79,612.5,1104.167,42601.434,2,255,382.534,250.428,NA,4.167,0.014,90,90
2370,14,80,609.848,1118.939,42901.444,2,255,397.542,264.304,NA,15.009,0.05,100.176,10.176
2371,14,81,601.515,1123.106,43201.455,2,255,406.859,272.293,NA,9.317,0.031,153.435,53.259
2372,14,82,601.515,1123.106,43501.465,2,255,406.859,272.293,NA,0,0,0,-153.435
2373,14,83,593.939,1123.106,43801.475,2,255,414.435,276.49,NA,7.576,0.025,180,180
2374,14,84,593.939,1123.106,44101.485,2,255,414.435,276.49,NA,0,0,0,-180
2375,14,85,601.136,1135.985,44401.495,2,255,429.188,283.382,NA,14.753,0.049,60.803,60.803
2376,14,86,601.515,1142.045,44701.505,2,255,435.261,288.365,NA,6.072,0.02,86.424,25.621
2377,14,87,592.424,1132.955,45001.515,2,255,448.117,285.512,NA,12.856,0.043,-135,138.576
2378,14,88,597.348,1131.818,45301.525,2,255,453.171,281.872,NA,5.054,0.017,-12.995,122.005
2379,14,89,597.727,1128.409,45601.535,2,255,456.601,278.804,NA,3.43,0.011,-83.66,-70.665
2380,14,90,597.727,1128.409,45901.546,2,255,456.601,278.804,NA,0,0,0,83.66
2381,14,91,592.424,1140.152,46201.556,2,255,469.485,291.545,NA,12.884,0.043,114.305,114.305
2382,14,92,592.045,1147.727,46501.566,2,255,477.071,298.151,NA,7.585,0.025,92.862,-21.442
2383,14,93,587.5,1150.379,46801.576,2,255,482.333,302.816,NA,5.262,0.018,149.744,56.881
2384,14,94,589.015,1157.955,47101.586,2,255,490.059,308.447,NA,7.726,0.026,78.69,-71.053
2385,14,95,589.015,1161.742,47401.596,2,255,493.847,311.686,NA,3.788,0.013,90,11.31
2386,14,96,587.5,1175,47701.606,2,255,507.19,323.873,NA,13.344,0.044,96.52,6.52
2387,14,97,585.985,1185.606,48001.616,2,255,517.904,333.836,NA,10.714,0.036,98.13,1.61
2388,14,98,586.364,1184.47,48301.626,2,255,519.102,332.66,NA,1.198,0.004,-71.565,-169.695
2389,14,99,588.258,1184.47,48601.636,2,255,520.996,331.734,NA,1.894,0.006,0,71.565
2390,14,100,588.636,1184.47,48901.647,2,255,521.375,331.549,NA,0.379,0.001,0,0
2391,14,101,588.636,1184.47,49201.657,2,255,521.375,331.549,NA,0,0,0,0
2392,14,102,588.258,1204.167,49501.667,2,255,541.075,349.071,NA,19.701,0.066,91.102,91.102
2393,14,103,584.091,1213.636,49801.677,2,255,551.421,359.395,NA,10.346,0.034,113.749,22.648
2394,14,104,581.818,1213.636,50101.687,2,255,553.694,360.448,NA,2.273,0.008,180,66.251
2395,14,105,581.439,1213.636,50401.697,2,255,554.073,360.624,NA,0.379,0.001,180,0
2396,14,106,579.924,1203.03,50701.707,2,255,564.786,352.008,NA,10.714,0.036,-98.13,81.87
2397,14,107,581.439,1192.045,51001.717,2,255,575.875,341.678,NA,11.089,0.037,-82.147,15.983
2398,14,108,579.924,1184.47,51301.727,2,242,583.601,335.869,NA,7.726,0.026,-101.31,-19.163
2399,14,109,579.167,1181.818,51601.737,2,80,586.359,333.971,NA,2.758,0.009,-105.945,-4.635
2400,14,110,582.576,1194.697,51901.748,2,255,599.681,343.433,NA,13.322,0.044,75.174,-178.881
2401,14,111,578.409,1204.167,52201.758,2,255,610.027,353.735,NA,10.346,0.034,113.749,38.576
2402,14,112,576.515,1210.227,52501.768,2,255,616.377,359.957,NA,6.35,0.021,107.354,-6.395
2403,14,113,576.515,1210.227,52801.778,2,255,616.377,359.957,NA,0,0,0,-107.354
2404,14,114,587.121,1217.424,53101.788,2,255,629.194,361.386,NA,12.817,0.043,34.16,34.16
2405,14,115,590.909,1224.621,53401.798,2,255,637.327,366.169,NA,8.133,0.027,62.241,28.082
2406,14,116,590.909,1234.848,53701.808,2,255,647.554,375.41,NA,10.227,0.034,90,27.759
2407,14,117,589.394,1236.364,54001.818,2,255,649.697,377.425,NA,2.143,0.007,135,45
2408,14,118,589.394,1239.773,54301.828,2,255,653.106,380.514,NA,3.409,0.011,90,-45
2409,14,119,589.394,1248.485,54601.838,2,255,661.818,388.432,NA,8.712,0.029,90,0
2410,14,120,578.409,1269.697,54901.849,2,209,685.706,412.289,NA,23.888,0.08,117.378,27.378
2411,14,121,576.515,1283.333,55201.859,2,255,699.473,425.497,NA,13.767,0.046,97.907,-19.471
2412,14,122,560.227,1303.03,55501.869,2,222,725.032,450.171,NA,25.559,0.085,129.588,31.681
2413,14,123,562.879,1341.667,55801.879,2,215,763.759,484.46,NA,38.727,0.129,86.074,-43.514
2414,14,124,563.258,1339.773,56101.889,2,255,765.691,482.567,NA,1.931,0.006,-78.69,-164.764
2415,14,125,562.121,1343.182,56401.899,2,255,769.284,486.15,NA,3.593,0.012,108.435,-172.875
2416,14,126,566.288,1342.424,56701.909,2,221,773.519,483.857,NA,4.235,0.014,-10.305,-118.74
2417,14,127,563.636,1342.424,57001.919,2,255,776.171,484.868,NA,2.652,0.009,180,-169.695
2418,14,128,563.636,1377.652,57301.929,2,255,811.398,517.574,NA,35.227,0.117,90,-90
2419,14,129,561.742,1390.152,57601.939,2,255,824.041,529.926,NA,12.643,0.042,98.616,8.616
2420,14,130,553.409,1393.561,57901.95,2,255,833.044,536.11,NA,9.004,0.03,157.751,59.135
2421,14,131,529.167,1382.576,58201.96,2,124,859.659,535.427,NA,26.615,0.089,-155.624,46.625
2422,14,132,503.788,1373.106,58501.97,2,255,886.747,537.933,NA,27.088,0.09,-159.538,-3.914
2423,14,133,484.848,1370.076,58801.98,2,253,905.928,544.203,NA,19.18,0.064,-170.91,-11.372
2424,14,134,474.621,1367.424,59101.99,2,255,916.493,546.96,NA,10.565,0.035,-165.466,5.444
2425,14,135,476.894,1365.152,59402,2,255,919.707,543.853,NA,3.214,0.011,-45,120.466
2426,14,136,482.576,1365.152,59702.01,2,255,925.389,541.025,NA,5.682,0.019,0,45
2427,14,137,484.848,1376.894,60002.02,2,255,937.349,550.169,NA,11.96,0.04,79.046,79.046
2428,14,138,486.742,1376.894,60302.03,2,255,939.243,549.259,NA,1.894,0.006,0,-79.046
2429,14,139,486.742,1376.894,60602.04,2,255,939.243,549.259,NA,0,0,0,0
2430,14,140,489.394,1376.894,60902.051,2,255,941.895,547.994,NA,2.652,0.009,0,0
2431,14,141,491.667,1382.955,61202.061,2,255,948.368,552.269,NA,6.473,0.022,69.444,69.444
2432,14,142,487.5,1382.955,61502.071,2,255,952.534,554.228,NA,4.167,0.014,180,110.556
2433,14,143,481.818,1382.576,61802.081,2,255,958.229,556.607,NA,5.694,0.019,-176.186,3.814
2434,14,144,480.303,1396.212,62102.091,2,255,971.949,569.313,NA,13.72,0.046,96.34,-87.474
2435,14,145,475.379,1401.515,62402.101,2,255,979.186,576.318,NA,7.237,0.024,132.879,36.539
2436,14,146,483.333,1395.455,62702.111,2,255,989.186,567.217,NA,10,0.033,-37.304,-170.183
2437,14,147,486.364,1395.455,63002.121,2,255,992.216,565.8,NA,3.03,0.01,0,37.304
2438,14,148,486.364,1404.167,63302.131,2,255,1000.928,573.525,NA,8.712,0.029,90,90
2439,14,149,496.591,1421.591,63602.141,2,255,1021.132,584.556,NA,20.204,0.067,59.589,-30.411
2440,14,150,496.591,1421.591,63902.152,2,250,1021.132,584.556,NA,0,0,0,-59.589
2441,14,151,496.591,1421.591,64202.162,2,239,1021.132,584.556,NA,0,0,0,0
2442,14,152,492.424,1423.864,64502.172,2,255,1025.879,588.415,NA,4.746,0.016,151.39,151.39
2443,14,153,492.424,1423.864,64802.182,2,255,1025.879,588.415,NA,0,0,0,-151.39
2444,14,154,492.424,1423.864,65102.192,2,255,1025.879,588.415,NA,0,0,0,0
2445,14,155,487.5,1424.242,65402.202,2,255,1030.817,590.925,NA,4.939,0.016,175.601,175.601
2446,14,156,487.5,1426.894,65702.212,2,255,1033.469,593.302,NA,2.652,0.009,90,-85.601
2447,14,157,487.5,1426.894,66002.222,2,255,1033.469,593.302,NA,0,0,0,-90
2448,14,158,487.5,1434.848,66302.232,2,255,1041.423,600.448,NA,7.955,0.027,90,90
2449,14,159,496.212,1423.864,66602.242,2,255,1055.444,586.769,NA,14.02,0.047,-51.582,-141.582
2450,14,160,502.273,1422.727,66902.253,2,255,1061.61,583.146,NA,6.166,0.021,-10.62,40.962
2451,14,161,499.242,1422.727,67202.263,2,255,1064.64,584.439,NA,3.03,0.01,180,-169.38
2452,14,162,499.242,1420.833,67502.273,2,255,1066.534,582.728,NA,1.894,0.006,-90,90
2453,14,163,504.924,1420.833,67802.283,2,255,1072.216,580.308,NA,5.682,0.019,0,90
2454,14,164,504.545,1420.833,68102.293,2,255,1072.595,580.468,NA,0.379,0.001,180,180
2455,14,165,504.545,1420.833,68402.303,2,255,1072.595,580.468,NA,0,0,0,-180
2456,14,166,503.03,1418.182,68702.313,2,255,1075.649,578.71,NA,3.054,0.01,-119.745,-119.745
2457,14,167,496.212,1418.561,69002.323,2,255,1082.477,581.991,NA,6.829,0.023,176.82,-63.435
2458,14,168,496.212,1413.258,69302.333,2,214,1087.78,577.222,NA,5.303,0.018,-90,93.18
2459,14,169,496.212,1413.258,69602.344,2,243,1087.78,577.222,NA,0,0,0,90
2460,14,170,495.833,1426.894,69902.354,2,255,1101.422,589.666,NA,13.642,0.045,91.591,91.591
2461,14,171,495.833,1431.061,70202.364,2,218,1105.589,593.429,NA,4.167,0.014,90,-1.591
2462,14,172,498.485,1427.273,70502.374,2,255,1110.212,588.872,NA,4.624,0.015,-55.008,-145.008
2463,14,173,498.485,1427.273,70802.384,2,255,1110.212,588.872,NA,0,0,0,55.008
2464,14,174,498.485,1427.273,71102.394,2,255,1110.212,588.872,NA,0,0,0,0
2465,14,175,493.939,1427.273,71402.404,2,255,1114.758,590.825,NA,4.545,0.015,180,180
2466,14,176,497.348,1424.242,71702.414,2,255,1119.319,586.621,NA,4.561,0.015,-41.634,138.366
2467,14,178,497.348,1424.242,72002.424,2,255,1119.319,586.621,NA,0,0,0,41.634
2468,15,1,590.657,758.838,14400.485,2,47,0,0,NA,NA,NA,NA,NA
2469,15,2,590.657,758.838,14700.495,2,84,0,0,NA,0,0,0,NA
2470,15,3,582.576,758.838,15000.505,2,126,8.081,8.081,NA,8.081,0.027,180,180
2471,15,4,582.576,758.838,15300.515,2,81,8.081,8.081,NA,0,0,0,-180
2472,15,5,582.576,758.838,15600.525,2,84,8.081,8.081,NA,0,0,0,0
2473,15,6,582.576,758.838,15900.535,2,108,8.081,8.081,NA,0,0,0,0
2474,15,7,582.576,758.838,16200.545,2,131,8.081,8.081,NA,0,0,0,0
2475,15,8,582.576,758.838,16500.556,2,104,8.081,8.081,NA,0,0,0,0
2476,15,9,582.576,758.838,16800.566,2,95,8.081,8.081,NA,0,0,0,0
2477,15,10,582.576,763.384,17100.576,2,159,12.626,9.271,NA,4.545,0.015,90,90
2478,15,11,582.576,763.384,17400.586,2,161,12.626,9.271,NA,0,0,0,-90
2479,15,12,582.576,763.384,17700.596,2,148,12.626,9.271,NA,0,0,0,0
2480,15,13,581.566,762.879,18000.606,2,166,13.756,9.948,NA,1.129,0.004,-153.435,-153.435
2481,15,14,581.566,762.879,18300.616,2,47,13.756,9.948,NA,0,0,0,153.435
2482,15,15,579.545,751.263,18600.626,2,230,25.546,13.448,NA,11.791,0.039,-99.866,-99.866
2483,15,16,579.545,751.768,18900.636,2,129,26.051,13.17,NA,0.505,0.002,90,-170.134
2484,15,17,570.96,749.747,19200.646,2,115,34.871,21.694,NA,8.82,0.029,-166.759,103.241
2485,15,18,570.96,749.747,19500.657,2,161,34.871,21.694,NA,0,0,0,166.759
2486,15,19,570.96,749.747,19800.667,2,154,34.871,21.694,NA,0,0,0,0
2487,15,20,570.96,749.747,20100.677,2,166,34.871,21.694,NA,0,0,0,0
2488,15,21,568.939,746.717,20400.687,2,105,38.513,24.871,NA,3.642,0.012,-123.69,-123.69
2489,15,22,567.929,746.717,20700.697,2,173,39.524,25.758,NA,1.01,0.003,180,-56.31
2490,15,23,567.929,746.717,21000.707,2,177,39.524,25.758,NA,0,0,0,-180
2491,15,24,567.929,746.717,21300.717,2,175,39.524,25.758,NA,0,0,0,0
2492,15,25,567.929,743.182,21600.727,2,255,43.059,27.598,NA,3.535,0.012,-90,-90
2493,15,26,567.929,743.182,21900.737,2,201,43.059,27.598,NA,0,0,0,90
2494,15,27,567.929,735.101,22200.747,2,222,51.14,32.863,NA,8.081,0.027,-90,-90
2495,15,28,567.929,735.101,22500.758,2,255,51.14,32.863,NA,0,0,0,90
2496,15,29,567.929,735.101,22800.768,2,203,51.14,32.863,NA,0,0,0,0
2497,15,30,561.364,735.606,23100.778,2,229,57.725,37.387,NA,6.585,0.022,175.601,175.601
2498,15,31,556.818,738.131,23400.788,2,228,62.925,39.671,NA,5.2,0.017,150.945,-24.656
2499,15,32,554.798,745.707,23700.798,2,255,70.765,38.187,NA,7.84,0.026,104.931,-46.014
2500,15,33,549.242,747.222,24000.808,2,225,76.524,43.012,NA,5.758,0.019,164.745,59.813
2501,15,34,549.242,747.222,24300.818,2,253,76.524,43.012,NA,0,0,0,-164.745
2502,15,35,548.232,750.253,24600.828,2,171,79.718,43.284,NA,3.194,0.011,108.435,108.435
2503,15,36,548.232,751.263,24900.838,2,164,80.728,43.095,NA,1.01,0.003,90,-18.435
2504,15,37,548.232,752.778,25200.849,2,242,82.243,42.855,NA,1.515,0.005,90,0
2505,15,38,548.232,752.778,25500.859,2,255,82.243,42.855,NA,0,0,0,-90
2506,15,39,544.697,753.283,25800.869,2,255,85.814,46.294,NA,3.571,0.012,171.87,171.87
2507,15,40,539.646,756.313,26100.879,2,233,91.704,51.073,NA,5.89,0.02,149.036,-22.834
2508,15,41,539.646,756.313,26400.889,2,255,91.704,51.073,NA,0,0,0,-149.036
2509,15,42,537.626,765.909,26700.899,2,226,101.51,53.5,NA,9.806,0.033,101.889,101.889
2510,15,43,537.121,765.909,27000.909,2,230,102.015,54,NA,0.505,0.002,180,78.111
2511,15,44,537.121,765.909,27300.919,2,255,102.015,54,NA,0,0,0,-180
2512,15,45,537.121,765.909,27600.929,2,255,102.015,54,NA,0,0,0,0
2513,15,46,536.111,768.939,27900.939,2,255,105.21,55.473,NA,3.194,0.011,108.435,108.435
2514,15,47,536.111,770.455,28200.95,2,255,106.725,55.769,NA,1.515,0.005,90,-18.435
2515,15,48,535.101,773.485,28500.96,2,255,109.919,57.454,NA,3.194,0.011,108.435,18.435
2516,15,49,519.444,775.505,28800.97,2,247,125.705,73.136,NA,15.786,0.053,172.648,64.213
2517,15,50,514.394,778.535,29100.98,2,254,131.595,78.765,NA,5.89,0.02,149.036,-23.611
2518,15,51,502.273,778.535,29400.99,2,255,143.716,90.552,NA,12.121,0.04,180,30.964
2519,15,52,488.131,775,29701,2,241,158.293,103.791,NA,14.577,0.049,-165.964,14.036
2520,15,53,478.03,775,30001.01,2,225,168.394,113.78,NA,10.101,0.034,180,-14.036
2521,15,54,478.03,775,30301.02,2,255,168.394,113.78,NA,0,0,0,-180
2522,15,55,478.03,775,30601.03,2,255,168.394,113.78,NA,0,0,0,0
2523,15,56,469.949,779.04,30901.04,2,239,177.429,122.386,NA,9.035,0.03,153.435,153.435
2524,15,57,444.192,779.04,31201.051,2,255,203.186,147.851,NA,25.758,0.086,180,26.565
2525,15,58,440.657,776.515,31501.061,2,255,207.531,151.038,NA,4.345,0.014,-144.462,35.538
2526,15,59,432.071,776.515,31801.071,2,255,216.117,159.568,NA,8.586,0.029,180,-35.538
2527,15,60,430.556,776.515,32101.081,2,255,217.632,161.074,NA,1.515,0.005,180,0
2528,15,61,430.556,776.515,32401.091,2,255,217.632,161.074,NA,0,0,0,-180
2529,15,62,430.556,776.515,32701.101,2,255,217.632,161.074,NA,0,0,0,0
2530,15,63,423.485,776.515,33001.111,2,255,224.703,168.104,NA,7.071,0.024,180,180
2531,15,64,423.485,776.515,33301.121,2,255,224.703,168.104,NA,0,0,0,-180
2532,15,65,423.485,776.515,33601.131,2,255,224.703,168.104,NA,0,0,0,0
2533,15,66,423.485,776.515,33901.141,2,255,224.703,168.104,NA,0,0,0,0
2534,15,67,423.485,776.515,34201.152,2,255,224.703,168.104,NA,0,0,0,0
2535,15,68,417.929,779.04,34501.162,2,255,230.805,173.905,NA,6.103,0.02,155.556,155.556
2536,15,69,414.394,781.566,34801.172,2,255,235.15,177.722,NA,4.345,0.014,144.462,-11.094
2537,15,70,414.394,781.566,35101.182,2,255,235.15,177.722,NA,0,0,0,-144.462
2538,15,71,403.283,785.101,35401.192,2,240,246.81,189.205,NA,11.66,0.039,162.35,162.35
2539,15,72,403.283,785.101,35701.202,2,246,246.81,189.205,NA,0,0,0,-162.35
2540,15,73,402.273,787.121,36001.212,2,250,249.068,190.495,NA,2.259,0.008,116.565,116.565
2541,15,74,400.253,791.162,36301.222,2,224,253.586,193.128,NA,4.517,0.015,116.565,0
2542,15,75,400.253,791.162,36601.232,2,255,253.586,193.128,NA,0,0,0,-116.565
2543,15,76,400.253,794.697,36901.242,2,240,257.121,193.751,NA,3.535,0.012,90,90
2544,15,77,400.253,794.697,37201.253,2,255,257.121,193.751,NA,0,0,0,-90
2545,15,78,400.253,794.697,37501.263,2,255,257.121,193.751,NA,0,0,0,0
2546,15,79,400.253,794.697,37801.273,2,255,257.121,193.751,NA,0,0,0,0
2547,15,80,400.253,794.697,38101.283,2,255,257.121,193.751,NA,0,0,0,0
2548,15,81,400.758,803.283,38401.293,2,255,265.722,195.031,NA,8.601,0.029,86.634,86.634
2549,15,82,408.838,813.384,38701.303,2,255,278.657,189.824,NA,12.936,0.043,51.34,-35.293
2550,15,83,408.838,813.889,39001.313,2,255,279.162,189.969,NA,0.505,0.002,90,38.66
2551,15,84,409.343,810.354,39301.323,2,255,282.734,188.489,NA,3.571,0.012,-81.87,-171.87
2552,15,85,407.828,810.354,39601.333,2,255,284.249,189.947,NA,1.515,0.005,180,-98.13
2553,15,86,404.798,807.323,39901.343,2,255,288.534,192.079,NA,4.285,0.014,-135,45
2554,15,87,402.778,806.313,40201.354,2,255,290.793,193.784,NA,2.259,0.008,-153.435,-18.435
2555,15,88,402.778,806.313,40501.364,2,255,290.793,193.784,NA,0,0,0,153.435
2556,15,89,401.263,806.313,40801.374,2,255,292.308,195.253,NA,1.515,0.005,180,180
2557,15,90,401.263,809.343,41101.384,2,255,295.338,196.012,NA,3.03,0.01,90,-90
2558,15,91,393.687,812.374,41401.394,2,255,303.498,204.115,NA,8.159,0.027,158.199,68.199
2559,15,92,388.131,821.465,41701.404,2,255,314.152,211.987,NA,10.654,0.036,121.43,-36.769
2560,15,93,376.515,834.091,42001.414,2,255,331.309,226.979,NA,17.157,0.057,132.614,11.184
2561,15,94,364.899,836.616,42301.424,2,255,343.196,238.78,NA,11.887,0.04,167.735,35.121
2562,15,95,364.899,825,42601.434,2,255,354.812,235.253,NA,11.616,0.039,-90,102.265
2563,15,96,365.404,825,42901.444,2,255,355.317,234.768,NA,0.505,0.002,0,90
2564,15,97,365.404,825,43201.455,2,255,355.317,234.768,NA,0,0,0,0
2565,15,98,365.404,825,43501.465,2,255,355.317,234.768,NA,0,0,0,0
2566,15,99,352.778,825,43801.475,2,255,367.944,246.908,NA,12.626,0.042,180,180
2567,15,100,351.263,833.586,44101.485,2,255,376.662,250.792,NA,8.719,0.029,100.008,-79.992
2568,15,101,349.242,838.636,44401.495,2,255,382.102,254.261,NA,5.44,0.018,111.801,11.793
2569,15,102,351.768,838.636,44701.505,2,255,384.627,251.864,NA,2.525,0.008,0,-111.801
2570,15,103,368.939,838.636,45001.515,2,255,401.799,235.64,NA,17.172,0.057,0,0
2571,15,104,368.939,838.636,45301.525,2,255,401.799,235.64,NA,0,0,0,0
2572,15,105,368.939,838.636,45601.535,2,255,401.799,235.64,NA,0,0,0,0
2573,15,106,364.394,836.616,45901.546,2,255,406.773,239.258,NA,4.974,0.017,-156.038,-156.038
2574,15,107,364.394,836.616,46201.556,2,255,406.773,239.258,NA,0,0,0,156.038
2575,15,108,361.869,851.263,46501.566,2,255,421.635,246.751,NA,14.863,0.05,99.782,99.782
2576,15,109,354.798,857.323,46801.576,2,255,430.948,255.594,NA,9.313,0.031,139.399,39.616
2577,15,110,342.677,859.848,47101.586,2,255,443.33,267.763,NA,12.381,0.041,168.232,28.833
2578,15,111,337.121,850.253,47401.596,2,255,454.418,269.512,NA,11.088,0.037,-120.069,71.7
2579,15,112,329.04,848.232,47701.606,2,255,462.747,276.468,NA,8.33,0.028,-165.964,-45.895
2580,15,113,325,847.222,48001.616,2,255,466.912,279.973,NA,4.165,0.014,-165.964,0
2581,15,114,321.97,841.162,48301.626,2,255,473.688,281.016,NA,6.776,0.023,-116.565,49.399
2582,15,115,321.97,841.162,48601.636,2,255,473.688,281.016,NA,0,0,0,116.565
2583,15,116,314.899,838.636,48901.647,2,255,481.196,287.071,NA,7.508,0.025,-160.346,-160.346
2584,15,117,297.727,838.636,49201.657,2,255,498.368,303.604,NA,17.172,0.057,180,-19.654
2585,15,118,292.172,834.091,49501.667,2,255,505.546,307.825,NA,7.178,0.024,-140.711,39.289
2586,15,119,269.444,835.101,49801.677,2,255,528.296,330.141,NA,22.75,0.076,177.455,-41.834
2587,15,120,264.394,851.263,50101.687,2,255,545.228,339.101,NA,16.932,0.056,107.354,-70.101
2588,15,121,264.394,851.263,50401.697,2,255,545.228,339.101,NA,0,0,0,-107.354
2589,15,122,264.394,851.263,50701.707,2,255,545.228,339.101,NA,0,0,0,0
2590,15,123,251.768,860.859,51001.717,2,255,561.087,353.912,NA,15.859,0.053,142.765,142.765
2591,15,124,233.586,869.949,51301.727,2,255,581.415,373.959,NA,20.328,0.068,153.435,10.67
2592,15,125,232.071,869.949,51601.737,2,255,582.93,375.406,NA,1.515,0.005,180,26.565
2593,15,126,218.939,880.556,51901.748,2,255,599.81,391.138,NA,16.88,0.056,141.072,-38.928
2594,15,127,205.303,884.091,52201.758,2,255,613.897,405.198,NA,14.087,0.047,165.466,24.393
2595,15,128,198.737,888.131,52501.768,2,255,621.606,412.695,NA,7.709,0.026,148.392,-17.073
2596,15,129,193.182,887.626,52801.778,2,255,627.184,417.819,NA,5.578,0.019,-174.806,36.802
2597,15,130,185.606,887.626,53101.788,2,255,634.76,425.032,NA,7.576,0.025,180,-5.194
2598,15,131,179.545,887.626,53401.798,2,201,640.821,430.812,NA,6.061,0.02,180,0
2599,15,132,162.374,887.626,53701.808,2,253,657.993,447.228,NA,17.172,0.057,180,0
2600,15,133,159.848,879.545,54001.818,2,255,666.459,447.399,NA,8.466,0.028,-107.354,72.646
2601,15,134,152.778,873.485,54301.828,2,235,675.771,452.639,NA,9.313,0.031,-139.399,-32.045
2602,15,135,142.677,866.414,54601.838,2,255,688.101,460.715,NA,12.33,0.041,-145.008,-5.609
2603,15,136,137.121,866.414,54901.849,2,255,693.657,466.119,NA,5.556,0.019,180,-34.992
2604,15,137,137.121,866.414,55201.859,2,255,693.657,466.119,NA,0,0,0,-180
2605,15,138,137.121,865.404,55501.869,2,255,694.667,465.887,NA,1.01,0.003,-90,-90
2606,15,139,130.556,864.394,55801.879,2,255,701.31,472.054,NA,6.643,0.022,-171.254,-81.254
2607,15,140,130.556,864.394,56101.889,2,255,701.31,472.054,NA,0,0,0,171.254
2608,15,141,133.586,869.444,56401.899,2,255,707.2,470.263,NA,5.89,0.02,59.036,59.036
2609,15,142,133.586,869.949,56701.909,2,255,707.705,470.382,NA,0.505,0.002,90,30.964
2610,15,143,142.677,875.505,57001.919,2,255,718.359,462.922,NA,10.654,0.036,31.43,-58.57
2611,15,144,142.677,879.04,57301.929,2,255,721.894,463.826,NA,3.535,0.012,90,58.57
2612,15,145,142.677,879.04,57601.939,2,255,721.894,463.826,NA,0,0,0,-90
2613,15,146,135.101,879.04,57901.95,2,255,729.47,471.147,NA,7.576,0.025,180,180
2614,15,147,135.101,873.99,58201.96,2,255,734.52,469.884,NA,5.051,0.017,-90,90
2615,15,148,134.091,866.414,58501.97,2,255,742.163,469.068,NA,7.643,0.025,-97.595,-7.595
2616,15,149,134.091,863.384,58801.98,2,255,745.193,468.382,NA,3.03,0.01,-90,7.595
2617,15,150,134.091,863.384,59101.99,2,255,745.193,468.382,NA,0,0,0,90
2618,15,151,130.556,879.545,59402,2,255,761.737,475.671,NA,16.544,0.055,102.339,102.339
2619,15,152,122.475,880.051,59702.01,2,255,769.834,483.618,NA,8.097,0.027,176.424,74.085
2620,15,153,115.909,880.051,60002.02,2,255,776.399,489.977,NA,6.566,0.022,180,3.576
2621,15,154,115.909,880.051,60302.03,2,255,776.399,489.977,NA,0,0,0,-180
2622,15,155,115.909,880.051,60602.04,2,255,776.399,489.977,NA,0,0,0,0
2623,15,156,107.828,880.556,60902.051,2,255,784.496,497.934,NA,8.097,0.027,176.424,176.424
2624,15,157,107.828,880.556,61202.061,2,255,784.496,497.934,NA,0,0,0,-176.424
2625,15,158,102.778,880.556,61502.071,2,255,789.547,502.833,NA,5.051,0.017,180,180
2626,15,159,99.747,880.556,61802.081,2,255,792.577,505.773,NA,3.03,0.01,180,0
2627,15,160,99.747,880.556,62102.091,2,255,792.577,505.773,NA,0,0,0,-180
2628,15,161,99.747,880.556,62402.101,2,255,792.577,505.773,NA,0,0,0,0
2629,15,162,99.747,880.556,62702.111,2,255,792.577,505.773,NA,0,0,0,0
2630,15,163,99.747,880.556,63002.121,2,255,792.577,505.773,NA,0,0,0,0
2631,15,164,99.747,880.556,63302.131,2,255,792.577,505.773,NA,0,0,0,0
2632,15,165,99.747,883.586,63602.141,2,255,795.607,506.511,NA,3.03,0.01,90,90
2633,15,166,99.747,883.586,63902.152,2,255,795.607,506.511,NA,0,0,0,-90
2634,15,167,94.697,884.091,64202.162,2,255,800.683,511.531,NA,5.076,0.017,174.289,174.289
2635,15,168,94.697,884.091,64502.172,2,255,800.683,511.531,NA,0,0,0,-174.289
2636,15,169,91.162,881.566,64802.182,2,255,805.027,514.351,NA,4.345,0.014,-144.462,-144.462
2637,15,170,91.162,881.566,65102.192,2,255,805.027,514.351,NA,0,0,0,144.462
2638,15,171,89.646,883.586,65402.202,2,255,807.553,516.307,NA,2.525,0.008,126.87,126.87
2639,15,172,81.566,885.606,65702.212,2,255,815.882,524.637,NA,8.33,0.028,165.964,39.094
2640,15,173,81.566,881.061,66002.222,2,226,820.428,523.557,NA,4.545,0.015,-90,104.036
2641,15,174,79.545,881.061,66302.232,2,241,822.448,525.521,NA,2.02,0.007,180,-90
2642,15,175,79.545,881.061,66602.242,2,255,822.448,525.521,NA,0,0,0,-180
2643,15,176,79.545,881.061,66902.253,2,255,822.448,525.521,NA,0,0,0,0
2644,15,177,79.545,890.152,67202.263,2,255,831.539,527.71,NA,9.091,0.03,90,90
2645,15,178,79.545,897.727,67502.273,2,255,839.115,529.646,NA,7.576,0.025,90,0
2646,15,179,76.515,901.768,67802.283,2,255,844.165,533.639,NA,5.051,0.017,126.87,36.87
2647,15,180,76.515,901.768,68102.293,2,255,844.165,533.639,NA,0,0,0,-126.87
2648,15,181,75.505,903.788,68402.303,2,255,846.424,535.156,NA,2.259,0.008,116.565,116.565
2649,15,182,75,897.727,68702.313,2,255,852.505,534.034,NA,6.082,0.02,-94.764,148.671
2650,15,183,75,897.727,69002.323,2,255,852.505,534.034,NA,0,0,0,94.764
2651,15,184,75,897.727,69302.333,2,199,852.505,534.034,NA,0,0,0,0
2652,15,185,83.586,904.798,69602.344,2,255,863.628,527.66,NA,11.123,0.037,39.472,39.472
2653,15,186,83.586,915.404,69902.354,2,255,874.234,530.692,NA,10.606,0.035,90,50.528
2654,15,187,70.455,913.889,70202.364,2,255,887.452,542.817,NA,13.218,0.044,-173.418,96.582
2655,15,188,70.455,913.889,70502.374,2,255,887.452,542.817,NA,0,0,0,173.418
2656,15,189,72.475,919.444,70802.384,2,236,893.364,542.5,NA,5.911,0.02,70.017,70.017
2657,15,190,67.929,928.03,71102.394,2,255,903.079,549.427,NA,9.715,0.032,117.897,47.88
2658,15,191,74.495,929.04,71402.404,2,247,909.722,543.499,NA,6.643,0.022,8.746,-109.151
2659,15,192,79.04,929.04,71702.414,2,248,914.267,539.184,NA,4.545,0.015,0,-8.746
2660,15,194,75,929.545,72002.424,2,184,918.339,543.178,NA,4.072,0.014,172.875,172.875
2661,16,1,821.97,511.364,1500.051,2,38,0,0,NA,NA,NA,NA,NA
2662,16,2,821.212,505.303,1800.061,2,47,6.108,6.108,NA,6.108,0.02,-97.125,NA
2663,16,3,821.212,500.758,2100.071,2,44,10.653,10.633,NA,4.545,0.015,-90,7.125
2664,16,4,821.212,498.485,2400.081,2,39,12.926,12.901,NA,2.273,0.008,-90,0
2665,16,5,821.212,489.394,2700.091,2,148,22.017,21.983,NA,9.091,0.03,-90,0
2666,16,6,819.697,472.727,3000.101,2,230,38.752,38.703,NA,16.735,0.056,-95.194,-5.194
2667,16,7,819.697,467.424,3300.111,2,183,44.055,43.998,NA,5.303,0.018,-90,5.194
2668,16,8,819.697,464.394,3600.121,2,255,47.086,47.025,NA,3.03,0.01,-90,0
2669,16,9,819.697,458.333,3900.131,2,255,53.146,53.079,NA,6.061,0.02,-90,0
2670,16,10,824.242,452.273,4200.141,2,255,60.722,59.135,NA,7.576,0.025,-53.13,36.87
2671,16,11,824.242,453.03,4500.152,2,255,61.48,58.378,NA,0.758,0.003,90,143.13
2672,16,12,828.788,439.394,4800.162,2,255,75.854,72.292,NA,14.374,0.048,-71.565,-161.565
2673,16,13,828.788,432.576,5100.172,2,237,82.672,79.082,NA,6.818,0.023,-90,-18.435
2674,16,14,828.788,427.273,5400.182,2,250,87.975,84.367,NA,5.303,0.018,-90,0
2675,16,15,829.545,418.939,5700.192,2,231,96.342,92.734,NA,8.368,0.028,-84.806,5.194
2676,16,16,829.545,412.879,6000.202,2,225,102.403,98.776,NA,6.061,0.02,-90,-5.194
2677,16,17,829.545,412.879,6300.212,2,255,102.403,98.776,NA,0,0,0,90
2678,16,18,829.545,412.879,6600.222,2,255,102.403,98.776,NA,0,0,0,0
2679,16,19,829.545,412.879,6900.232,2,255,102.403,98.776,NA,0,0,0,0
2680,16,20,829.545,412.879,7200.242,2,255,102.403,98.776,NA,0,0,0,0
2681,16,21,833.333,415.152,7500.253,2,246,106.82,96.881,NA,4.417,0.015,30.964,30.964
2682,16,22,834.848,415.152,7800.263,2,222,108.336,97.07,NA,1.515,0.005,0,-30.964
2683,16,23,838.636,414.394,8100.273,2,207,112.198,98.392,NA,3.863,0.013,-11.31,-11.31
2684,16,24,843.182,414.394,8400.283,2,164,116.744,99.263,NA,4.545,0.015,0,11.31
2685,16,25,843.182,414.394,8700.293,2,134,116.744,99.263,NA,0,0,0,0
2686,16,26,843.939,414.394,9000.303,2,221,117.501,99.427,NA,0.758,0.003,0,0
2687,16,27,844.697,414.394,9300.313,2,236,118.259,99.597,NA,0.758,0.003,0,0
2688,16,28,844.697,414.394,9600.323,2,215,118.259,99.597,NA,0,0,0,0
2689,16,29,844.697,414.394,9900.333,2,199,118.259,99.597,NA,0,0,0,0
2690,16,30,844.697,406.061,10200.343,2,255,126.592,107.728,NA,8.333,0.028,-90,-90
2691,16,31,846.97,399.242,10500.354,2,255,133.779,114.875,NA,7.187,0.024,-71.565,18.435
2692,16,32,846.97,390.909,10800.364,2,239,142.113,123.022,NA,8.333,0.028,-90,-18.435
2693,16,33,846.97,390.909,11100.374,2,255,142.113,123.022,NA,0,0,0,90
2694,16,34,846.97,390.152,11400.384,2,255,142.87,123.763,NA,0.758,0.003,-90,-90
2695,16,35,846.97,386.364,11700.394,2,255,146.658,127.475,NA,3.788,0.013,-90,0
2696,16,36,846.212,385.606,12000.404,2,233,147.73,128.073,NA,1.071,0.004,-135,-45
2697,16,37,843.939,379.545,12300.414,2,255,154.202,133.636,NA,6.473,0.022,-110.556,24.444
2698,16,38,843.939,373.485,12600.424,2,255,160.263,139.618,NA,6.061,0.02,-90,20.556
2699,16,39,843.939,367.424,12900.434,2,255,166.324,145.606,NA,6.061,0.02,-90,0
2700,16,40,843.939,367.424,13200.444,2,255,166.324,145.606,NA,0,0,0,90
2701,16,41,843.939,359.848,13500.455,2,255,173.899,153.1,NA,7.576,0.025,-90,-90
2702,16,42,843.182,355.303,13800.465,2,255,178.507,157.496,NA,4.608,0.015,-99.462,-9.462
2703,16,43,843.939,355.303,14100.475,2,255,179.265,157.599,NA,0.758,0.003,0,99.462
2704,16,44,843.939,355.303,14400.485,2,255,179.265,157.599,NA,0,0,0,0
2705,16,45,843.939,355.303,14700.495,2,255,179.265,157.599,NA,0,0,0,0
2706,16,46,837.121,355.303,15000.505,2,255,186.083,156.794,NA,6.818,0.023,180,180
2707,16,47,834.848,355.303,15300.515,2,255,188.356,156.591,NA,2.273,0.008,180,0
2708,16,48,833.333,355.303,15600.525,2,255,189.871,156.474,NA,1.515,0.005,180,0
2709,16,49,831.818,362.121,15900.535,2,255,196.856,149.567,NA,6.985,0.023,102.529,-77.471
2710,16,50,821.212,362.121,16200.545,2,215,207.462,149.244,NA,10.606,0.035,180,77.471
2711,16,51,820.455,362.121,16500.556,2,255,208.219,149.25,NA,0.758,0.003,180,0
2712,16,52,812.879,362.121,16800.566,2,227,215.795,149.519,NA,7.576,0.025,180,0
2713,16,53,812.879,362.121,17100.576,2,251,215.795,149.519,NA,0,0,0,-180
2714,16,54,806.061,362.879,17400.586,2,255,222.655,149.335,NA,6.86,0.023,173.66,173.66
2715,16,55,803.788,365.152,17700.596,2,243,225.869,147.338,NA,3.214,0.011,135,-38.66
2716,16,56,800,366.667,18000.606,2,255,229.949,146.355,NA,4.08,0.014,158.199,23.199
2717,16,57,794.697,368.182,18300.616,2,255,235.464,145.756,NA,5.515,0.018,164.055,5.856
2718,16,58,794.697,368.182,18600.626,2,255,235.464,145.756,NA,0,0,0,-164.055
2719,16,59,794.697,368.182,18900.636,2,233,235.464,145.756,NA,0,0,0,0
2720,16,60,791.667,368.182,19200.646,2,255,238.494,146.353,NA,3.03,0.01,180,180
2721,16,61,784.091,370.455,19500.657,2,255,246.404,145.912,NA,7.909,0.026,163.301,-16.699
2722,16,62,784.091,370.455,19800.667,2,255,246.404,145.912,NA,0,0,0,-163.301
2723,16,63,784.091,369.697,20100.677,2,255,247.161,146.643,NA,0.758,0.003,-90,-90
2724,16,64,784.091,366.667,20400.687,2,255,250.192,149.573,NA,3.03,0.01,-90,0
2725,16,65,783.333,365.909,20700.697,2,255,251.263,150.498,NA,1.071,0.004,-135,-45
2726,16,66,780.303,359.091,21000.707,2,255,258.724,157.87,NA,7.461,0.025,-113.962,21.038
2727,16,67,775,359.091,21300.717,2,255,264.027,159.352,NA,5.303,0.018,180,-66.038
2728,16,68,775,359.091,21600.727,2,255,264.027,159.352,NA,0,0,0,-180
2729,16,69,774.242,359.091,21900.737,2,255,264.785,159.577,NA,0.758,0.003,180,180
2730,16,70,767.424,359.091,22200.747,2,255,271.603,161.747,NA,6.818,0.023,180,0
2731,16,71,753.03,359.091,22500.758,2,255,285.997,167.151,NA,14.394,0.048,180,0
2732,16,72,748.485,359.091,22800.768,2,248,290.542,169.077,NA,4.545,0.015,180,0
2733,16,73,749.242,356.818,23100.778,2,255,292.938,170.803,NA,2.396,0.008,-71.565,108.435
2734,16,74,756.061,356.818,23400.788,2,255,299.756,168.013,NA,6.818,0.023,0,71.565
2735,16,75,756.818,350,23700.798,2,255,306.616,174.02,NA,6.86,0.023,-83.66,-83.66
2736,16,76,756.818,347.727,24000.808,2,125,308.889,176.129,NA,2.273,0.008,-90,-6.34
2737,16,77,753.788,347.727,24300.818,2,255,311.919,177.273,NA,3.03,0.01,180,-90
2738,16,78,749.242,346.212,24600.828,2,255,316.711,180.456,NA,4.791,0.016,-161.565,18.435
2739,16,79,743.939,337.121,24900.838,2,255,327.235,190.917,NA,10.525,0.035,-120.256,41.309
2740,16,80,749.747,337.626,25200.849,2,255,333.065,188.151,NA,5.83,0.019,4.97,125.226
2741,16,81,749.747,337.626,25500.859,2,255,333.065,188.151,NA,0,0,0,-4.97
2742,16,82,749.747,337.626,25800.869,2,255,333.065,188.151,NA,0,0,0,0
2743,16,83,749.747,337.626,26100.879,2,255,333.065,188.151,NA,0,0,0,0
2744,16,84,749.747,337.626,26400.889,2,255,333.065,188.151,NA,0,0,0,0
2745,16,85,746.717,337.121,26700.899,2,255,336.137,189.798,NA,3.072,0.01,-170.538,-170.538
2746,16,86,741.667,337.121,27000.909,2,255,341.188,191.857,NA,5.051,0.017,180,-9.462
2747,16,87,741.667,335.101,27300.919,2,255,343.208,193.693,NA,2.02,0.007,-90,90
2748,16,88,738.131,333.081,27600.929,2,255,347.28,197.012,NA,4.072,0.014,-150.255,-60.255
2749,16,89,738.131,333.081,27900.939,2,255,347.28,197.012,NA,0,0,0,150.255
2750,16,90,729.545,333.081,28200.95,2,217,355.866,200.816,NA,8.586,0.029,180,180
2751,16,91,722.475,333.081,28500.96,2,255,362.937,204.167,NA,7.071,0.024,180,0
2752,16,92,722.475,331.566,28800.97,2,255,364.452,205.491,NA,1.515,0.005,-90,90
2753,16,93,722.475,331.566,29100.98,2,255,364.452,205.491,NA,0,0,0,90
2754,16,94,722.475,331.566,29400.99,2,255,364.452,205.491,NA,0,0,0,0
2755,16,95,722.475,331.566,29701,2,255,364.452,205.491,NA,0,0,0,0
2756,16,96,722.475,331.566,30001.01,2,255,364.452,205.491,NA,0,0,0,0
2757,16,97,725.505,331.566,30301.02,2,255,367.482,204.041,NA,3.03,0.01,0,0
2758,16,98,726.515,331.566,30601.03,2,255,368.492,203.565,NA,1.01,0.003,0,0
2759,16,99,726.515,331.061,30901.04,2,255,368.997,204.012,NA,0.505,0.002,-90,-90
2760,16,100,729.545,323.485,31201.051,2,255,377.157,209.382,NA,8.159,0.027,-68.199,21.801
2761,16,101,730.556,323.485,31501.061,2,255,378.167,208.938,NA,1.01,0.003,0,68.199
2762,16,102,734.091,326.515,31801.071,2,255,382.823,204.674,NA,4.656,0.016,40.601,40.601
2763,16,103,736.111,333.081,32101.081,2,255,389.692,197.88,NA,6.869,0.023,72.897,32.296
2764,16,104,736.111,333.081,32401.091,2,255,389.692,197.88,NA,0,0,0,-72.897
2765,16,105,730.556,331.566,32701.101,2,242,395.451,201.702,NA,5.758,0.019,-164.745,-164.745
2766,16,106,730.556,328.535,33001.111,2,255,398.481,204.408,NA,3.03,0.01,-90,74.745
2767,16,107,735.101,328.535,33301.121,2,235,403.027,202.416,NA,4.545,0.015,0,90
2768,16,108,735.101,327.525,33601.131,2,255,404.037,203.329,NA,1.01,0.003,-90,-90
2769,16,109,735.101,321.465,33901.141,2,255,410.097,208.825,NA,6.061,0.02,-90,0
2770,16,110,735.101,321.465,34201.152,2,221,410.097,208.825,NA,0,0,0,90
2771,16,111,736.616,320.96,34501.162,2,202,411.694,208.66,NA,1.597,0.005,-18.435,-18.435
2772,16,112,735.606,319.444,34801.172,2,161,413.515,210.456,NA,1.821,0.006,-123.69,-105.255
2773,16,113,734.091,318.434,35101.182,2,255,415.336,212.001,NA,1.821,0.006,-146.31,-22.62
2774,16,114,734.091,318.434,35401.192,2,231,415.336,212.001,NA,0,0,0,146.31
2775,16,115,734.091,311.869,35701.202,2,215,421.902,217.993,NA,6.566,0.022,-90,-90
2776,16,116,737.121,306.313,36001.212,2,255,428.23,221.912,NA,6.328,0.021,-61.39,28.61
2777,16,117,742.677,295.707,36301.222,2,255,440.203,229.772,NA,11.973,0.04,-62.354,-0.964
2778,16,118,752.273,288.636,36601.232,2,255,452.123,233.378,NA,11.92,0.04,-36.384,25.97
2779,16,119,752.273,289.141,36901.242,2,26,452.628,232.896,NA,0.505,0.002,90,126.384
2780,16,120,770.455,274.495,37201.253,2,248,475.975,242.406,NA,23.347,0.078,-38.853,-128.853
2781,16,121,774.495,265.909,37501.263,2,231,485.464,250.004,NA,9.489,0.032,-64.799,-25.946
2782,16,122,775,264.394,37801.273,2,210,487.061,251.396,NA,1.597,0.005,-71.565,-6.766
2783,16,123,780.051,264.394,38101.283,2,255,492.112,250.502,NA,5.051,0.017,0,71.565
2784,16,124,780.051,262.374,38401.293,2,255,494.132,252.494,NA,2.02,0.007,-90,-90
2785,16,125,780.051,263.384,38701.303,2,255,495.142,251.498,NA,1.01,0.003,90,180
2786,16,126,785.606,245.707,39001.313,2,192,513.671,268.134,NA,18.529,0.062,-72.553,-162.553
2787,16,127,785.606,242.172,39301.323,2,255,517.207,271.637,NA,3.535,0.012,-90,-17.447
2788,16,128,783.081,242.172,39601.333,2,201,519.732,271.986,NA,2.525,0.008,180,-90
2789,16,129,783.081,241.162,39901.343,2,255,520.742,272.986,NA,1.01,0.003,-90,90
2790,16,130,782.071,234.091,40201.354,2,255,527.885,280.129,NA,7.142,0.024,-98.13,-8.13
2791,16,131,778.535,224.495,40501.364,2,255,538.111,290.138,NA,10.226,0.034,-110.225,-12.095
2792,16,132,778.535,217.424,40801.374,2,234,545.182,297.131,NA,7.071,0.024,-90,20.225
2793,16,133,778.535,212.879,41101.384,2,255,549.727,301.628,NA,4.545,0.015,-90,0
2794,16,134,778.535,212.879,41401.394,2,229,549.727,301.628,NA,0,0,0,90
2795,16,135,780.556,206.818,41701.404,2,255,556.116,307.348,NA,6.388,0.021,-71.565,-71.565
2796,16,136,782.071,196.717,42001.414,2,217,566.33,317.166,NA,10.214,0.034,-81.469,-9.904
2797,16,137,786.111,193.687,42301.424,2,235,571.38,319.694,NA,5.051,0.017,-36.87,44.599
2798,16,138,786.111,193.687,42601.434,2,240,571.38,319.694,NA,0,0,0,36.87
2799,16,139,788.131,191.667,42901.444,2,234,574.237,321.483,NA,2.857,0.01,-45,-45
2800,16,140,796.212,191.667,43201.455,2,255,582.318,320.733,NA,8.081,0.027,0,45
2801,16,141,796.212,191.667,43501.465,2,255,582.318,320.733,NA,0,0,0,0
2802,16,142,796.212,193.182,43801.475,2,255,583.833,319.223,NA,1.515,0.005,90,90
2803,16,143,795.202,193.687,44101.485,2,113,584.963,318.803,NA,1.129,0.004,153.435,63.435
2804,16,144,777.02,192.677,44401.495,2,208,603.172,321.841,NA,18.21,0.061,-176.82,29.745
2805,16,145,769.444,191.667,44701.505,2,247,610.815,323.983,NA,7.643,0.025,-172.405,4.415
2806,16,146,769.444,191.667,45001.515,2,236,610.815,323.983,NA,0,0,0,172.405
2807,16,147,769.444,191.667,45301.525,2,255,610.815,323.983,NA,0,0,0,0
2808,16,148,763.384,190.152,45601.535,2,177,617.062,326.511,NA,6.247,0.021,-165.964,-165.964
2809,16,149,763.384,190.152,45901.546,2,255,617.062,326.511,NA,0,0,0,165.964
2810,16,150,763.384,188.636,46201.556,2,255,618.578,328.002,NA,1.515,0.005,-90,-90
2811,16,151,768.434,188.636,46501.566,2,255,623.628,327.137,NA,5.051,0.017,0,90
2812,16,152,769.949,186.616,46801.576,2,255,626.153,328.888,NA,2.525,0.008,-53.13,-53.13
2813,16,153,772.475,183.586,47101.586,2,255,630.098,331.494,NA,3.945,0.013,-50.194,2.936
2814,16,154,783.586,174.495,47401.596,2,255,644.454,339.048,NA,14.356,0.048,-39.289,10.905
2815,16,155,783.586,174.495,47701.606,2,255,644.454,339.048,NA,0,0,0,39.289
2816,16,156,795.707,168.434,48001.616,2,234,658.006,343.933,NA,13.552,0.045,-26.565,-26.565
2817,16,157,789.646,168.434,48301.626,2,255,664.067,344.449,NA,6.061,0.02,180,-153.435
2818,16,158,779.545,167.929,48601.636,2,255,674.18,346.045,NA,10.114,0.034,-177.138,2.862
2819,16,159,779.545,167.929,48901.647,2,255,674.18,346.045,NA,0,0,0,177.138
2820,16,160,777.525,162.374,49201.657,2,255,680.092,351.809,NA,5.911,0.02,-109.983,-109.983
2821,16,161,763.384,162.374,49501.667,2,255,694.233,353.873,NA,14.141,0.047,180,-70.017
2822,16,162,757.828,162.374,49801.677,2,255,699.789,354.835,NA,5.556,0.019,180,0
2823,16,163,757.828,162.374,50101.687,2,255,699.789,354.835,NA,0,0,0,-180
2824,16,164,757.828,156.818,50401.697,2,255,705.344,360.301,NA,5.556,0.019,-90,-90
2825,16,165,757.828,155.808,50701.707,2,255,706.354,361.295,NA,1.01,0.003,-90,0
2826,16,166,747.222,155.808,51001.717,2,255,716.96,363.328,NA,10.606,0.035,180,-90
2827,16,167,746.717,152.778,51301.727,2,255,720.033,366.397,NA,3.072,0.01,-99.462,80.538
2828,16,168,746.212,152.778,51601.737,2,255,720.538,366.501,NA,0.505,0.002,180,-80.538
2829,16,169,744.192,142.172,51901.748,2,255,731.334,377.296,NA,10.797,0.036,-100.784,79.216
2830,16,170,743.182,139.646,52201.758,2,255,734.054,379.975,NA,2.72,0.009,-111.801,-11.017
2831,16,171,741.162,139.646,52501.768,2,224,736.074,380.399,NA,2.02,0.007,180,-68.199
2832,16,172,741.162,139.646,52801.778,2,255,736.074,380.399,NA,0,0,0,-180
2833,16,173,741.162,139.646,53101.788,2,255,736.074,380.399,NA,0,0,0,0
2834,16,174,741.162,139.646,53401.798,2,255,736.074,380.399,NA,0,0,0,0
2835,16,175,741.162,139.646,53701.808,2,255,736.074,380.399,NA,0,0,0,0
2836,16,176,741.162,145.202,54001.818,2,255,741.63,374.972,NA,5.556,0.019,90,90
2837,16,177,741.162,145.202,54301.828,2,222,741.63,374.972,NA,0,0,0,-90
2838,16,178,751.263,138.131,54601.838,2,255,753.96,379.871,NA,12.33,0.041,-34.992,-34.992
2839,16,179,751.263,138.131,54901.849,2,255,753.96,379.871,NA,0,0,0,34.992
2840,16,180,760.354,131.566,55201.859,2,255,765.174,384.764,NA,11.214,0.037,-35.838,-35.838
2841,16,181,760.354,131.566,55501.869,2,255,765.174,384.764,NA,0,0,0,35.838
2842,16,182,760.354,131.566,55801.879,2,216,765.174,384.764,NA,0,0,0,0
2843,16,183,760.859,128.03,56101.889,2,255,768.745,388.174,NA,3.571,0.012,-81.87,-81.87
2844,16,184,768.939,128.03,56401.899,2,255,776.826,386.984,NA,8.081,0.027,0,81.87
2845,16,185,768.939,128.03,56701.909,2,255,776.826,386.984,NA,0,0,0,0
2846,16,186,775.505,128.03,57001.919,2,255,783.391,386.139,NA,6.566,0.022,0,0
2847,16,187,775,128.535,57301.929,2,255,784.106,385.699,NA,0.714,0.002,135,135
2848,16,188,778.03,119.949,57601.939,2,255,793.211,393.873,NA,9.105,0.03,-70.56,154.44
2849,16,189,783.081,118.939,57901.95,2,255,798.361,394.346,NA,5.151,0.017,-11.31,59.25
2850,16,190,782.071,113.889,58201.96,2,255,803.512,399.472,NA,5.151,0.017,-101.31,-90
2851,16,191,782.071,113.889,58501.97,2,255,803.512,399.472,NA,0,0,0,101.31
2852,16,192,786.111,100.253,58801.98,2,239,817.734,412.672,NA,14.222,0.047,-73.496,-73.496
2853,16,193,789.141,92.172,59101.99,2,232,826.364,420.475,NA,8.63,0.029,-69.444,4.052
2854,16,194,798.737,83.586,59402,2,226,839.241,428.408,NA,12.876,0.043,-41.82,27.624
2855,16,195,798.737,83.586,59702.01,2,234,839.241,428.408,NA,0,0,0,41.82
2856,16,196,807.323,70.96,60002.02,2,255,854.509,440.648,NA,15.269,0.051,-55.784,-55.784
2857,16,197,807.323,66.414,60302.03,2,255,859.055,445.19,NA,4.545,0.015,-90,-34.216
2858,16,198,810.859,60.354,60602.04,2,255,866.071,451.147,NA,7.016,0.023,-59.744,30.256
2859,16,199,815.404,49.242,60902.051,2,255,878.076,462.168,NA,12.005,0.04,-67.751,-8.007
2860,16,200,814.899,33.586,61202.061,2,255,893.741,477.83,NA,15.665,0.052,-91.848,-24.097
2861,16,201,812.879,23.485,61502.071,2,250,904.042,487.963,NA,10.301,0.034,-101.31,-9.462
2862,16,202,812.879,14.899,61802.081,2,255,912.628,496.548,NA,8.586,0.029,-90,11.31
2863,16,203,815.404,11.869,62102.091,2,255,916.572,499.538,NA,3.945,0.013,-50.194,39.806
2864,16,204,822.475,10.859,62402.101,2,211,923.715,500.505,NA,7.142,0.024,-8.13,42.064
2865,16,205,823.485,6.818,62702.111,2,218,927.88,504.548,NA,4.165,0.014,-75.964,-67.834
2866,16,206,823.485,6.818,63002.121,2,253,927.88,504.548,NA,0,0,0,75.964
2867,16,207,823.485,6.818,63302.131,2,255,927.88,504.548,NA,0,0,0,0
2868,16,208,823.485,6.818,63602.141,2,255,927.88,504.548,NA,0,0,0,0
2869,16,209,830.051,4.293,63902.152,2,185,934.914,507.135,NA,7.035,0.023,-21.038,-21.038
2870,16,210,830.051,0.253,64202.162,2,238,938.955,511.175,NA,4.04,0.013,-90,-68.962
2871,17,1,979.167,606.439,24900.838,2,33,0,0,NA,NA,NA,NA,NA
2872,17,2,979.167,605.682,25200.849,2,50,0.758,0.758,NA,0.758,0.003,-90,NA
2873,17,3,979.167,605.682,25500.859,2,21,0.758,0.758,NA,0,0,0,90
2874,17,4,979.167,605.682,25800.869,2,57,0.758,0.758,NA,0,0,0,0
2875,17,5,980.303,602.273,26100.879,2,60,4.351,4.319,NA,3.593,0.012,-71.565,-71.565
2876,17,6,980.303,602.273,26400.889,2,32,4.351,4.319,NA,0,0,0,71.565
2877,17,7,985.606,596.212,26700.899,2,25,12.404,12.086,NA,8.053,0.027,-48.814,-48.814
2878,17,8,997.727,593.939,27000.909,2,119,24.737,22.377,NA,12.332,0.041,-10.62,38.194
2879,17,9,999.242,593.939,27300.919,2,96,26.252,23.649,NA,1.515,0.005,0,10.62
2880,17,10,999.242,593.939,27600.929,2,150,26.252,23.649,NA,0,0,0,0
2881,17,11,999.242,593.939,27900.939,2,154,26.252,23.649,NA,0,0,0,0
2882,17,12,999.242,593.939,28200.95,2,220,26.252,23.649,NA,0,0,0,0
2883,17,13,1001.894,590.53,28500.96,2,90,30.571,27.742,NA,4.319,0.014,-52.125,-52.125
2884,17,14,1001.894,590.53,28800.97,2,104,30.571,27.742,NA,0,0,0,52.125
2885,17,15,1001.894,589.015,29100.98,2,136,32.086,28.638,NA,1.515,0.005,-90,-90
2886,17,16,995.076,585.985,29400.99,2,106,39.547,25.913,NA,7.461,0.025,-156.038,-66.038
2887,17,17,995.076,578.409,29701,2,102,47.123,32.23,NA,7.576,0.025,-90,66.038
2888,17,18,998.864,575.758,30001.01,2,139,51.747,36.46,NA,4.624,0.015,-34.992,55.008
2889,17,19,1001.515,574.242,30301.02,2,128,54.8,39.193,NA,3.054,0.01,-29.745,5.247
2890,17,20,1012.5,563.258,30601.03,2,250,70.335,54.551,NA,15.535,0.052,-45,-15.255
2891,17,21,1012.5,563.258,30901.04,2,255,70.335,54.551,NA,0,0,0,45
2892,17,22,1012.5,556.818,31201.051,2,255,76.775,59.778,NA,6.439,0.021,-90,-90
2893,17,23,1012.5,556.818,31501.061,2,255,76.775,59.778,NA,0,0,0,90
2894,17,24,1012.5,556.818,31801.071,2,255,76.775,59.778,NA,0,0,0,0
2895,17,25,1012.5,556.818,32101.081,2,230,76.775,59.778,NA,0,0,0,0
2896,17,26,1015.53,553.409,32401.091,2,236,81.336,64.3,NA,4.561,0.015,-48.366,-48.366
2897,17,27,1015.53,553.409,32701.101,2,224,81.336,64.3,NA,0,0,0,48.366
2898,17,28,1017.803,553.409,33001.111,2,255,83.609,65.612,NA,2.273,0.008,0,0
2899,17,29,1020.455,553.409,33301.121,2,255,86.26,67.208,NA,2.652,0.009,0,0
2900,17,30,1020.455,553.409,33601.131,2,241,86.26,67.208,NA,0,0,0,0
2901,17,31,1012.5,553.03,33901.141,2,255,94.224,62.957,NA,7.964,0.027,-177.274,-177.274
2902,17,32,1012.5,553.03,34201.152,2,226,94.224,62.957,NA,0,0,0,177.274
2903,17,33,1017.424,556.439,34501.162,2,224,100.213,62.957,NA,5.989,0.02,34.695,34.695
2904,17,34,1017.424,558.333,34801.172,2,255,102.107,61.464,NA,1.894,0.006,90,55.305
2905,17,35,1021.212,551.136,35101.182,2,199,110.24,69.471,NA,8.133,0.027,-62.241,-152.241
2906,17,36,1025,551.136,35401.192,2,235,114.028,71.827,NA,3.788,0.013,0,62.241
2907,17,37,1025,551.136,35701.202,2,255,114.028,71.827,NA,0,0,0,0
2908,17,38,1025,555.682,36001.212,2,248,118.573,68.389,NA,4.545,0.015,90,90
2909,17,39,1025.379,555.303,36301.222,2,250,119.109,68.924,NA,0.536,0.002,-45,-135
2910,17,40,1029.167,545.833,36601.232,2,255,129.308,78.569,NA,10.199,0.034,-68.199,-23.199
2911,17,41,1029.924,543.561,36901.242,2,255,131.704,80.809,NA,2.396,0.008,-71.565,-3.366
2912,17,42,1033.333,543.561,37201.253,2,255,135.113,82.993,NA,3.409,0.011,0,71.565
2913,17,43,1033.333,543.561,37501.263,2,255,135.113,82.993,NA,0,0,0,0
2914,17,44,1036.364,541.288,37801.273,2,255,138.901,86.696,NA,3.788,0.013,-36.87,-36.87
2915,17,45,1036.364,541.288,38101.283,2,255,138.901,86.696,NA,0,0,0,36.87
2916,17,46,1039.394,541.288,38401.293,2,255,141.931,88.725,NA,3.03,0.01,0,0
2917,17,47,1045.833,541.288,38701.303,2,255,148.37,93.216,NA,6.439,0.021,0,0
2918,17,48,1045.833,541.288,39001.313,2,255,148.37,93.216,NA,0,0,0,0
2919,17,49,1053.788,541.288,39301.323,2,255,156.325,99.061,NA,7.955,0.027,0,0
2920,17,50,1059.848,541.288,39601.333,2,255,162.385,103.703,NA,6.061,0.02,0,0
2921,17,51,1060.606,539.015,39901.343,2,255,164.781,105.728,NA,2.396,0.008,-71.565,-71.565
2922,17,52,1060.606,537.5,40201.354,2,255,166.296,106.701,NA,1.515,0.005,-90,-18.435
2923,17,53,1063.258,536.742,40501.364,2,255,169.054,109.22,NA,2.758,0.009,-15.945,74.055
2924,17,54,1063.258,536.742,40801.374,2,255,169.054,109.22,NA,0,0,0,15.945
2925,17,55,1066.288,535.227,41101.384,2,255,172.442,112.522,NA,3.388,0.011,-26.565,-26.565
2926,17,56,1076.515,533.333,41401.394,2,255,182.843,121.742,NA,10.401,0.035,-10.491,16.074
2927,17,57,1076.136,533.333,41701.404,2,255,183.222,121.44,NA,0.379,0.001,180,-169.509
2928,17,58,1089.773,533.333,42001.414,2,255,196.858,132.583,NA,13.636,0.045,0,-180
2929,17,59,1099.242,533.333,42301.424,2,255,206.328,140.58,NA,9.47,0.032,0,0
2930,17,60,1103.788,533.333,42601.434,2,255,210.873,144.482,NA,4.545,0.015,0,0
2931,17,61,1103.788,533.333,42901.444,2,255,210.873,144.482,NA,0,0,0,0
2932,17,62,1109.091,534.091,43201.455,2,255,216.23,148.71,NA,5.357,0.018,8.13,8.13
2933,17,63,1139.015,533.712,43501.465,2,255,246.157,175.615,NA,29.927,0.1,-0.725,-8.855
2934,17,64,1146.591,534.47,43801.475,2,255,253.77,182.238,NA,7.614,0.025,5.711,6.436
2935,17,65,1148.485,532.197,44101.485,2,255,256.729,184.88,NA,2.958,0.01,-50.194,-55.905
2936,17,66,1148.485,532.197,44401.495,2,255,256.729,184.88,NA,0,0,0,50.194
2937,17,67,1148.485,532.197,44701.505,2,255,256.729,184.88,NA,0,0,0,0
2938,17,68,1148.864,531.818,45001.515,2,255,257.264,185.379,NA,0.536,0.002,-45,-45
2939,17,69,1153.03,528.788,45301.525,2,204,262.417,190.416,NA,5.152,0.017,-36.027,8.973
2940,17,70,1153.03,528.788,45601.535,2,255,262.417,190.416,NA,0,0,0,36.027
2941,17,71,1156.818,528.788,45901.546,2,255,266.204,193.881,NA,3.788,0.013,0,0
2942,17,72,1156.818,528.788,46201.556,2,255,266.204,193.881,NA,0,0,0,0
2943,17,73,1156.818,528.788,46501.566,2,255,266.204,193.881,NA,0,0,0,0
2944,17,74,1159.47,527.273,46801.576,2,255,269.258,196.918,NA,3.054,0.01,-29.745,-29.745
2945,17,75,1166.667,527.273,47101.586,2,255,276.455,203.528,NA,7.197,0.024,0,29.745
2946,17,76,1174.242,527.273,47401.596,2,255,284.031,210.528,NA,7.576,0.025,0,0
2947,17,77,1174.242,527.273,47701.606,2,238,284.031,210.528,NA,0,0,0,0
2948,17,78,1181.439,513.636,48001.616,2,255,299.45,222.546,NA,15.419,0.051,-62.176,-62.176
2949,17,79,1185.606,509.091,48301.626,2,255,305.616,228.241,NA,6.166,0.021,-47.49,14.686
2950,17,80,1185.985,511.364,48601.636,2,255,307.92,227.625,NA,2.304,0.008,80.538,128.027
2951,17,81,1203.03,507.576,48901.647,2,255,325.382,244.722,NA,17.461,0.058,-12.529,-93.066
2952,17,82,1212.5,510.227,49201.657,2,255,335.216,252.391,NA,9.834,0.033,15.642,28.171
2953,17,83,1223.106,510.227,49501.667,2,255,345.822,262.227,NA,10.606,0.035,0,-15.642
2954,17,84,1230.303,510.227,49801.677,2,255,353.019,268.935,NA,7.197,0.024,0,0
2955,17,85,1236.742,522.348,50101.687,2,255,366.744,270.955,NA,13.726,0.046,62.021,62.021
2956,17,86,1242.424,524.242,50401.697,2,255,372.733,275.791,NA,5.989,0.02,18.435,-43.586
2957,17,87,1250.379,524.242,50701.707,2,255,380.688,283.394,NA,7.955,0.027,0,-18.435
2958,17,88,1279.924,520.833,51001.717,2,255,410.429,312.704,NA,29.741,0.099,-6.582,-6.582
2959,17,89,1275.758,512.5,51301.727,2,255,419.746,311.112,NA,9.317,0.031,-116.565,-109.983
2960,17,90,1275,496.212,51601.737,2,255,436.052,315.701,NA,16.305,0.054,-92.663,23.902
2961,17,91,1295.076,491.288,51901.748,2,255,456.723,336.242,NA,20.671,0.069,-13.782,78.881
2962,17,92,1306.818,486.364,52201.758,2,255,469.456,348.961,NA,12.733,0.042,-22.751,-8.969
2963,17,93,1317.045,486.364,52501.768,2,255,479.683,358.581,NA,10.227,0.034,0,22.751
2964,17,94,1317.045,486.364,52801.778,2,255,479.683,358.581,NA,0,0,0,0
2965,17,95,1318.561,484.848,53101.788,2,255,481.826,360.517,NA,2.143,0.007,-45,-45
2966,17,96,1330.682,494.697,53401.798,2,255,497.444,368.849,NA,15.618,0.052,39.094,84.094
2967,17,97,1330.682,494.697,53701.808,2,255,497.444,368.849,NA,0,0,0,-39.094
2968,17,98,1339.773,494.697,54001.818,2,255,506.534,377.522,NA,9.091,0.03,0,0
2969,17,99,1339.773,494.697,54301.828,2,255,506.534,377.522,NA,0,0,0,0
2970,17,100,1339.773,494.697,54601.838,2,255,506.534,377.522,NA,0,0,0,0
2971,17,101,1343.182,478.788,54901.849,2,255,522.805,385.749,NA,16.27,0.054,-77.905,-77.905
2972,17,102,1332.197,471.212,55201.859,2,241,536.149,378.043,NA,13.344,0.044,-145.408,-67.502
2973,17,103,1322.348,461.364,55501.869,2,255,550.076,372.587,NA,13.928,0.046,-135,10.408
2974,17,104,1321.591,453.03,55801.879,2,255,558.444,375.218,NA,8.368,0.028,-95.194,39.806
2975,17,105,1321.591,453.03,56101.889,2,255,558.444,375.218,NA,0,0,0,95.194
2976,17,106,1321.591,453.03,56401.899,2,255,558.444,375.218,NA,0,0,0,0
2977,17,107,1327.273,446.212,56701.909,2,255,567.319,383.211,NA,8.875,0.03,-50.194,-50.194
2978,17,108,1340.152,446.212,57001.919,2,255,580.198,394.947,NA,12.879,0.043,0,50.194
2979,17,109,1332.576,429.04,57301.929,2,255,598.967,395.434,NA,18.769,0.063,-113.806,-113.806
2980,17,110,1328.03,418.434,57601.939,2,255,610.506,396.298,NA,11.539,0.038,-113.199,0.607
2981,17,111,1313.384,411.364,57901.95,2,255,626.77,386.983,NA,16.264,0.054,-154.231,-41.032
2982,17,112,1312.374,411.364,58201.96,2,255,627.78,386.111,NA,1.01,0.003,180,-25.769
2983,17,113,1312.374,411.364,58501.97,2,255,627.78,386.111,NA,0,0,0,-180
2984,17,114,1319.949,402.778,58801.98,2,13,639.23,397.003,NA,11.45,0.038,-48.576,-48.576
2985,17,115,1333.586,402.778,59101.99,2,255,652.866,408.768,NA,13.636,0.045,0,48.576
2986,17,116,1335.101,398.232,59402,2,255,657.658,412.358,NA,4.791,0.016,-71.565,-71.565
2987,17,117,1335.101,396.717,59702.01,2,255,659.173,413.125,NA,1.515,0.005,-90,-18.435
2988,17,118,1357.828,398.232,60002.02,2,255,681.951,432.128,NA,22.778,0.076,3.814,93.814
2989,17,119,1358.838,398.737,60302.03,2,255,683.08,432.771,NA,1.129,0.004,26.565,22.751
2990,17,120,1358.838,398.737,60602.04,2,255,683.08,432.771,NA,0,0,0,-26.565
2991,17,121,1358.838,390.657,60902.051,2,255,691.161,436.707,NA,8.081,0.027,-90,-90
2992,17,122,1345.707,387.626,61202.061,2,255,704.637,426.885,NA,13.476,0.045,-167.005,-77.005
2993,17,123,1345.202,367.424,61502.071,2,216,724.846,437.161,NA,20.208,0.067,-91.432,75.573
2994,17,124,1349.242,366.414,61802.081,2,253,729.01,441.099,NA,4.165,0.014,-14.036,77.396
2995,17,125,1365.909,364.899,62102.091,2,255,745.746,455.973,NA,16.735,0.056,-5.194,8.842
2996,17,126,1384.091,367.929,62402.101,2,255,764.178,469.948,NA,18.433,0.061,9.462,14.657
2997,17,127,1406.313,369.949,62702.111,2,255,786.492,488.243,NA,22.314,0.074,5.194,-4.268
2998,17,128,1412.374,364.394,63002.121,2,255,794.714,496.24,NA,8.222,0.027,-42.51,-47.705
2999,17,129,1418.939,363.889,63302.131,2,255,801.299,502.226,NA,6.585,0.022,-4.399,38.112
3000,17,130,1418.939,363.889,63602.141,2,255,801.299,502.226,NA,0,0,0,4.399
3001,17,131,1418.939,363.889,63902.152,2,255,801.299,502.226,NA,0,0,0,0
3002,17,132,1418.939,363.889,64202.162,2,255,801.299,502.226,NA,0,0,0,0
3003,17,133,1425.505,362.374,64502.172,2,255,808.037,508.71,NA,6.738,0.022,-12.995,-12.995
3004,17,134,1435.606,359.343,64802.182,2,255,818.583,519.031,NA,10.546,0.035,-16.699,-3.705
3005,17,135,1435.606,359.343,65102.192,2,233,818.583,519.031,NA,0,0,0,16.699
3006,17,136,1441.667,355.808,65402.202,2,255,825.599,526.044,NA,7.016,0.023,-30.256,-30.256
3007,17,137,1445.707,345.202,65702.212,2,244,836.949,534.701,NA,11.35,0.038,-69.146,-38.889
3008,17,138,1450.758,341.162,66002.222,2,255,843.417,541.083,NA,6.468,0.022,-38.66,30.486
3009,18,1,989.015,730.682,16500.556,2,104,0,0,NA,NA,NA,NA,NA
3010,18,2,990.909,722.348,16800.566,2,177,8.546,8.546,NA,8.546,0.028,-77.196,NA
3011,18,3,990.53,721.97,17100.576,2,229,9.082,8.843,NA,0.536,0.002,-135,-57.804
3012,18,4,990.53,720.455,17400.586,2,220,10.597,10.339,NA,1.515,0.005,-90,45
3013,18,5,992.803,720.455,17700.596,2,190,12.869,10.906,NA,2.273,0.008,0,90
3014,18,6,992.803,723.864,18000.606,2,214,16.279,7.8,NA,3.409,0.011,90,90
3015,18,7,993.939,725.379,18300.616,2,255,18.172,7.237,NA,1.894,0.006,53.13,-36.87
3016,18,8,995.455,725.379,18600.626,2,236,19.688,8.342,NA,1.515,0.005,0,-53.13
3017,18,9,995.455,725.758,18900.636,2,255,20.066,8.106,NA,0.379,0.001,90,90
3018,18,10,1000.758,725.758,19200.646,2,255,25.369,12.733,NA,5.303,0.018,0,-90
3019,18,11,1004.545,729.545,19500.657,2,255,30.726,15.572,NA,5.357,0.018,45,45
3020,18,12,1004.545,729.924,19800.667,2,255,31.105,15.549,NA,0.379,0.001,90,45
3021,18,13,1008.712,729.924,20100.677,2,255,35.272,19.712,NA,4.167,0.014,0,-90
3022,18,14,1009.848,729.924,20400.687,2,62,36.408,20.847,NA,1.136,0.004,0,0
3023,18,15,1021.212,726.894,20700.697,2,255,48.169,32.419,NA,11.761,0.039,-14.931,-14.931
3024,18,16,1030.682,719.318,21000.707,2,225,60.296,43.188,NA,12.127,0.04,-38.66,-23.728
3025,18,17,1034.848,714.773,21300.717,2,255,66.462,48.516,NA,6.166,0.021,-47.49,-8.83
3026,18,18,1040.909,710.227,21600.727,2,255,74.038,55.78,NA,7.576,0.025,-36.87,10.62
3027,18,19,1048.864,710.227,21900.737,2,255,81.992,63.247,NA,7.955,0.027,0,36.87
3028,18,20,1048.864,710.227,22200.747,2,255,81.992,63.247,NA,0,0,0,0
3029,18,21,1059.47,710.606,22500.758,2,255,92.605,73.259,NA,10.613,0.035,2.045,2.045
3030,18,22,1066.667,714.773,22800.768,2,255,100.921,79.264,NA,8.316,0.028,30.069,28.023
3031,18,23,1078.409,714.773,23100.778,2,255,112.664,90.799,NA,11.742,0.039,0,-30.069
3032,18,24,1078.409,714.773,23400.788,2,255,112.664,90.799,NA,0,0,0,0
3033,18,25,1085.227,714.773,23700.798,2,255,119.482,97.519,NA,6.818,0.023,0,0
3034,18,26,1085.227,722.727,24000.808,2,255,127.437,96.54,NA,7.955,0.027,90,90
3035,18,27,1085.227,724.242,24300.818,2,255,128.952,96.427,NA,1.515,0.005,90,0
3036,18,28,1085.985,725.379,24600.828,2,255,130.317,97.115,NA,1.366,0.005,56.31,-33.69
3037,18,29,1087.5,728.409,24900.838,2,255,133.705,98.511,NA,3.388,0.011,63.435,7.125
3038,18,30,1093.561,738.258,25200.849,2,255,145.269,104.82,NA,11.564,0.039,58.392,-5.042
3039,18,31,1094.697,740.53,25500.859,2,182,147.81,106.14,NA,2.541,0.008,63.435,5.042
3040,18,32,1096.97,746.97,25800.869,2,255,154.639,109.176,NA,6.829,0.023,70.56,7.125
3041,18,33,1101.894,746.97,26100.879,2,255,159.563,114.048,NA,4.924,0.016,0,-70.56
3042,18,34,1097.348,738.636,26400.889,2,255,169.056,108.625,NA,9.492,0.032,-118.61,-118.61
3043,18,35,1097.348,738.636,26700.899,2,255,169.056,108.625,NA,0,0,0,118.61
3044,18,36,1087.5,732.576,27000.909,2,255,180.62,98.503,NA,11.564,0.039,-148.392,-148.392
3045,18,37,1086.364,725.758,27300.919,2,255,187.532,97.473,NA,6.912,0.023,-99.462,48.93
3046,18,38,1097.348,711.742,27600.929,2,255,205.339,109.976,NA,17.807,0.059,-51.911,47.551
3047,18,39,1105.682,709.091,27900.939,2,255,214.084,118.648,NA,8.745,0.029,-17.65,34.261
3048,18,40,1106.818,718.561,28200.95,2,255,223.621,118.425,NA,9.538,0.032,83.157,100.807
3049,18,41,1110.606,718.561,28500.96,2,255,227.409,122.194,NA,3.788,0.013,0,-83.157
3050,18,42,1119.697,712.5,28800.97,2,255,238.335,131.941,NA,10.926,0.036,-33.69,-33.69
3051,18,43,1123.485,712.5,29100.98,2,255,242.123,135.693,NA,3.788,0.013,0,33.69
3052,18,44,1134.47,712.5,29400.99,2,255,253.108,146.587,NA,10.985,0.037,0,0
3053,18,45,1132.576,711.742,29701,2,255,255.148,144.805,NA,2.04,0.007,-158.199,-158.199
3054,18,46,1127.652,711.364,30001.01,2,255,260.087,139.976,NA,4.939,0.016,-175.601,-17.403
3055,18,47,1126.515,710.606,30301.02,2,255,261.452,138.958,NA,1.366,0.005,-146.31,29.291
3056,18,48,1126.515,717.803,30601.03,2,240,268.649,138.102,NA,7.197,0.024,90,-123.69
3057,18,49,1120.455,721.591,30901.04,2,255,275.796,131.753,NA,7.147,0.024,147.995,57.995
3058,18,50,1120.076,718.561,31201.051,2,255,278.85,131.62,NA,3.054,0.01,-97.125,114.88
3059,18,51,1121.97,718.561,31501.061,2,255,280.744,133.506,NA,1.894,0.006,0,97.125
3060,18,52,1121.97,718.561,31801.071,2,255,280.744,133.506,NA,0,0,0,0
3061,18,53,1121.97,718.561,32101.081,2,255,280.744,133.506,NA,0,0,0,0
3062,18,54,1133.333,718.561,32401.091,2,255,292.108,144.826,NA,11.364,0.038,0,0
3063,18,55,1133.333,725,32701.101,2,255,298.547,144.43,NA,6.439,0.021,90,90
3064,18,56,1129.545,727.652,33001.111,2,255,303.171,140.563,NA,4.624,0.015,145.008,55.008
3065,18,57,1129.545,727.652,33301.121,2,255,303.171,140.563,NA,0,0,0,-145.008
3066,18,58,1129.545,735.227,33601.131,2,255,310.747,140.604,NA,7.576,0.025,90,90
3067,18,59,1129.924,737.5,33901.141,2,255,313.051,141.074,NA,2.304,0.008,80.538,-9.462
3068,18,60,1129.924,745.833,34201.152,2,255,321.384,141.721,NA,8.333,0.028,90,9.462
3069,18,61,1129.924,745.833,34501.162,2,255,321.384,141.721,NA,0,0,0,-90
3070,18,62,1131.818,742.803,34801.172,2,255,324.957,143.317,NA,3.573,0.012,-57.995,-57.995
3071,18,63,1143.939,726.894,35101.182,2,255,344.958,154.971,NA,20.001,0.067,-52.696,5.299
3072,18,64,1181.818,718.939,35401.192,2,255,383.663,193.16,NA,38.705,0.129,-11.86,40.836
3073,18,65,1203.03,724.621,35701.202,2,255,405.623,214.101,NA,21.96,0.073,14.995,26.855
3074,18,66,1228.03,708.712,36001.212,2,255,435.256,240.023,NA,29.633,0.099,-32.471,-47.466
3075,18,67,1208.712,687.879,36301.222,2,255,463.667,223.828,NA,28.412,0.095,-132.839,-100.368
3076,18,68,1206.061,680.303,36601.232,2,255,471.694,222.816,NA,8.026,0.027,-109.29,23.549
3077,18,69,1202.652,680.682,36901.242,2,255,475.124,219.409,NA,3.43,0.011,173.66,-77.05
3078,18,70,1191.667,698.485,37201.253,2,255,496.043,205.193,NA,20.919,0.07,121.675,-51.984
3079,18,71,1190.53,705.682,37501.263,2,255,503.329,203.06,NA,7.286,0.024,98.973,-22.703
3080,18,72,1198.485,714.773,37801.273,2,255,515.409,210.073,NA,12.08,0.04,48.814,-50.159
3081,18,73,1201.136,717.045,38101.283,2,255,518.901,212.559,NA,3.492,0.012,40.601,-8.213
3082,18,74,1211.742,711.364,38401.293,2,255,530.933,223.563,NA,12.032,0.04,-28.179,-68.78
3083,18,75,1213.636,696.591,38701.303,2,255,545.827,227.193,NA,14.894,0.05,-82.694,-54.516
3084,18,76,1219.318,686.742,39001.313,2,255,557.197,234.457,NA,11.37,0.038,-60.018,22.676
3085,18,77,1217.045,682.576,39301.323,2,255,561.943,233.049,NA,4.746,0.016,-118.61,-58.592
3086,18,78,1221.97,689.394,39601.333,2,255,570.353,236.585,NA,8.41,0.028,54.162,172.773
3087,18,79,1225,696.97,39901.343,2,255,578.513,238.381,NA,8.159,0.027,68.199,14.036
3088,18,80,1225.758,704.924,40201.354,2,255,586.503,238.14,NA,7.991,0.027,84.56,16.361
3089,18,81,1231.439,702.652,40501.364,2,255,592.623,244.039,NA,6.12,0.02,-21.801,-106.361
3090,18,82,1231.818,702.273,40801.374,2,255,593.158,244.459,NA,0.536,0.002,-45,-23.199
3091,18,83,1237.5,716.288,41101.384,2,240,608.282,248.901,NA,15.123,0.05,67.932,112.932
3092,18,84,1240.909,725,41401.394,2,255,617.637,251.958,NA,9.355,0.031,68.629,0.697
3093,18,85,1246.212,736.364,41701.404,2,255,630.177,257.26,NA,12.54,0.042,64.983,-3.646
3094,18,86,1253.03,741.667,42001.414,2,255,638.815,264.244,NA,8.638,0.029,37.875,-27.108
3095,18,87,1258.333,751.515,42301.424,2,255,650,270.123,NA,11.185,0.037,61.699,23.824
3096,18,88,1264.394,761.742,42601.434,2,255,661.888,277.125,NA,11.888,0.04,59.349,-2.35
3097,18,89,1295.076,767.803,42901.444,2,255,693.163,308.304,NA,31.275,0.104,11.174,-48.175
3098,18,90,1328.409,757.955,43201.455,2,255,727.921,340.488,NA,34.758,0.116,-16.46,-27.634
3099,18,91,1334.47,768.939,43501.465,2,255,740.467,347.567,NA,12.546,0.042,61.113,77.573
3100,18,92,1335.606,780.682,43801.475,2,255,752.264,350.179,NA,11.797,0.039,84.472,23.359
3101,18,93,1323.864,799.242,44101.485,2,255,774.227,341.795,NA,21.963,0.073,122.32,37.847
3102,18,94,1313.636,799.621,44401.495,2,255,784.461,331.861,NA,10.234,0.034,177.879,55.559
3103,18,95,1310.985,799.621,44701.505,2,255,787.113,329.268,NA,2.652,0.009,180,2.121
3104,18,96,1339.015,820.455,45001.515,2,255,822.037,361.33,NA,34.925,0.116,36.621,-143.379
3105,18,97,1346.591,828.03,45301.525,2,255,832.751,370.59,NA,10.714,0.036,45,8.379
3106,18,98,1332.576,826.515,45601.535,2,210,846.848,356.676,NA,14.097,0.047,-173.83,141.17
3107,18,99,1332.197,821.97,45901.546,2,255,851.409,355.116,NA,4.561,0.015,-94.764,79.066
3108,18,100,1331.818,828.03,46201.556,2,255,857.482,356.357,NA,6.072,0.02,93.576,-171.66
3109,18,101,1330.303,839.015,46501.566,2,255,868.571,358.069,NA,11.089,0.037,97.853,4.277
3110,18,102,1324.621,871.591,46801.576,2,187,901.638,363.987,NA,33.068,0.11,99.894,2.041
3111,18,103,1307.197,914.015,47101.586,2,255,947.501,367.22,NA,45.863,0.153,112.329,12.435
3112,18,104,1306.061,921.212,47401.596,2,194,954.787,369.891,NA,7.286,0.024,98.973,-13.356
3113,18,105,1305.682,926.515,47701.606,2,255,960.104,372.328,NA,5.317,0.018,94.086,-4.887
3114,18,106,1314.394,934.091,48001.616,2,255,971.649,383.727,NA,11.545,0.038,41.009,-53.077
3115,18,107,1344.697,932.576,48301.626,2,255,1001.99,408.987,NA,30.341,0.101,-2.862,-43.871
3116,19,1,551.136,645.833,22500.758,2,44,0,0,NA,NA,NA,NA,NA
3117,19,2,546.97,643.561,22800.768,2,104,4.746,4.746,NA,4.746,0.016,-151.39,NA
3118,19,3,543.939,639.394,23100.778,2,82,9.898,9.657,NA,5.152,0.017,-126.027,25.362
3119,19,4,543.939,635.227,23400.788,2,222,14.065,12.817,NA,4.167,0.014,-90,36.027
3120,19,5,543.939,635.227,23700.798,2,158,14.065,12.817,NA,0,0,0,90
3121,19,6,543.939,629.545,24000.808,2,229,19.747,17.807,NA,5.682,0.019,-90,-90
3122,19,7,543.939,624.621,24300.818,2,188,24.671,22.4,NA,4.924,0.016,-90,0
3123,19,8,540.909,621.212,24600.828,2,173,29.232,26.661,NA,4.561,0.015,-131.634,-41.634
3124,19,9,540.909,621.212,24900.838,2,115,29.232,26.661,NA,0,0,0,131.634
3125,19,10,533.712,613.636,25200.849,2,167,39.682,36.609,NA,10.449,0.035,-133.531,-133.531
3126,19,11,537.121,613.636,25500.859,2,200,43.091,35.115,NA,3.409,0.011,0,133.531
3127,19,12,538.258,603.409,25800.869,2,142,53.381,44.336,NA,10.29,0.034,-83.66,-83.66
3128,19,13,543.939,591.288,26100.879,2,204,66.768,55.018,NA,13.387,0.045,-64.885,18.775
3129,19,14,543.939,601.894,26400.889,2,180,77.374,44.525,NA,10.606,0.035,90,154.885
3130,19,15,541.667,602.273,26700.899,2,99,79.678,44.578,NA,2.304,0.008,170.538,80.538
3131,19,16,541.667,602.273,27000.909,2,119,79.678,44.578,NA,0,0,0,-170.538
3132,19,17,541.667,602.273,27300.919,2,195,79.678,44.578,NA,0,0,0,0
3133,19,18,541.667,607.197,27600.929,2,182,84.602,39.78,NA,4.924,0.016,90,90
3134,19,19,542.424,610.227,27900.939,2,102,87.726,36.656,NA,3.124,0.01,75.964,-14.036
3135,19,20,542.424,611.364,28200.95,2,162,88.862,35.554,NA,1.136,0.004,90,14.036
3136,19,21,542.424,611.742,28500.96,2,184,89.241,35.187,NA,0.379,0.001,90,0
3137,19,22,542.424,611.742,28800.97,2,202,89.241,35.187,NA,0,0,0,-90
3138,19,23,542.424,611.742,29100.98,2,147,89.241,35.187,NA,0,0,0,0
3139,19,24,547.727,611.742,29400.99,2,127,94.544,34.261,NA,5.303,0.018,0,0
3140,19,25,552.652,611.364,29701,2,124,99.483,34.503,NA,4.939,0.016,-4.399,-4.399
3141,19,26,552.652,611.364,30001.01,2,101,99.483,34.503,NA,0,0,0,4.399
3142,19,27,552.652,611.364,30301.02,2,105,99.483,34.503,NA,0,0,0,0
3143,19,28,552.652,611.364,30601.03,2,129,99.483,34.503,NA,0,0,0,0
3144,19,29,546.97,612.5,30901.04,2,209,105.277,33.593,NA,5.794,0.019,168.69,168.69
3145,19,30,543.939,608.333,31201.051,2,216,110.429,38.184,NA,5.152,0.017,-126.027,65.283
3146,19,31,543.939,595.833,31501.061,2,222,122.929,50.515,NA,12.5,0.042,-90,36.027
3147,19,32,538.258,592.803,31801.071,2,175,129.368,54.572,NA,6.439,0.021,-151.928,-61.928
3148,19,33,537.879,592.803,32101.081,2,185,129.747,54.662,NA,0.379,0.001,180,-28.072
3149,19,34,537.879,592.803,32401.091,2,160,129.747,54.662,NA,0,0,0,-180
3150,19,35,537.879,592.803,32701.101,2,255,129.747,54.662,NA,0,0,0,0
3151,19,36,532.576,593.182,33001.111,2,255,135.064,55.827,NA,5.317,0.018,175.914,175.914
3152,19,37,525,593.182,33301.121,2,255,142.639,58.782,NA,7.576,0.025,180,4.086
3153,19,38,515.152,582.197,33601.131,2,255,157.393,73.106,NA,14.753,0.049,-131.878,48.122
3154,19,39,508.712,579.924,33901.141,2,255,164.221,78.383,NA,6.829,0.023,-160.56,-28.682
3155,19,40,500.758,575.758,34201.152,2,255,173.201,86.305,NA,8.98,0.03,-152.354,8.206
3156,19,41,488.258,575,34501.162,2,255,185.724,94.716,NA,12.523,0.042,-176.532,-24.178
3157,19,42,481.439,568.182,34801.172,2,255,195.366,104.343,NA,9.642,0.032,-135,41.532
3158,19,43,480.303,568.182,35101.182,2,255,196.503,105.105,NA,1.136,0.004,180,-45
3159,19,44,479.924,568.182,35401.192,2,255,196.882,105.361,NA,0.379,0.001,180,0
3160,19,45,479.924,568.182,35701.202,2,255,196.882,105.361,NA,0,0,0,-180
3161,19,46,479.924,570.833,36001.212,2,244,199.533,103.422,NA,2.652,0.009,90,90
3162,19,47,479.167,572.727,36301.222,2,255,201.573,102.587,NA,2.04,0.007,111.801,21.801
3163,19,48,479.167,572.727,36601.232,2,255,201.573,102.587,NA,0,0,0,-111.801
3164,19,49,470.076,572.727,36901.242,2,255,210.664,109.157,NA,9.091,0.03,180,180
3165,19,50,459.47,572.727,37201.253,2,255,221.27,117.249,NA,10.606,0.035,180,0
3166,19,51,452.652,570.833,37501.263,2,255,228.346,123.791,NA,7.076,0.024,-164.476,15.524
3167,19,52,434.47,566.288,37801.273,2,255,247.088,141.204,NA,18.741,0.062,-165.964,-1.488
3168,19,53,426.515,569.318,38101.283,2,255,255.6,146.236,NA,8.512,0.028,159.146,-34.891
3169,19,54,417.803,573.864,38401.293,2,255,265.427,151.517,NA,9.827,0.033,152.447,-6.698
3170,19,55,416.288,573.864,38701.303,2,255,266.942,152.852,NA,1.515,0.005,180,27.553
3171,19,56,402.273,592.045,39001.313,2,225,289.898,158.283,NA,22.957,0.077,127.626,-52.374
3172,19,57,402.273,592.045,39301.323,2,253,289.898,158.283,NA,0,0,0,-127.626
3173,19,58,402.273,592.045,39601.333,2,255,289.898,158.283,NA,0,0,0,0
3174,19,59,396.212,620.833,39901.343,2,255,319.317,156.928,NA,29.419,0.098,101.889,101.889
3175,19,60,387.5,623.485,40201.354,2,255,328.424,165.155,NA,9.107,0.03,163.072,61.184
3176,19,61,373.106,623.485,40501.364,2,255,342.818,179.428,NA,14.394,0.048,180,16.928
3177,19,62,374.621,623.485,40801.374,2,255,344.333,177.924,NA,1.515,0.005,0,-180
3178,19,63,359.848,623.485,41101.384,2,255,359.106,192.589,NA,14.773,0.049,180,180
3179,19,64,339.015,623.485,41401.394,2,255,379.939,213.295,NA,20.833,0.069,180,0
3180,19,65,327.652,625.758,41701.404,2,255,391.528,224.385,NA,11.589,0.039,168.69,-11.31
3181,19,66,327.652,625.758,42001.414,2,255,391.528,224.385,NA,0,0,0,-168.69
3182,19,67,326.515,629.167,42301.424,2,255,395.121,225.239,NA,3.593,0.012,108.435,108.435
3183,19,68,318.182,637.879,42601.434,2,255,407.177,233.09,NA,12.056,0.04,133.727,25.292
3184,19,69,316.288,641.288,42901.444,2,255,411.077,234.892,NA,3.9,0.013,119.055,-14.672
3185,19,70,311.364,660.606,43201.455,2,255,431.013,240.227,NA,19.936,0.066,104.3,-14.754
3186,19,71,311.364,670.076,43501.465,2,255,440.483,240.995,NA,9.47,0.032,90,-14.3
3187,19,72,311.364,676.515,43801.475,2,255,446.922,241.728,NA,6.439,0.021,90,0
3188,19,73,301.136,677.652,44101.485,2,255,457.212,252.017,NA,10.29,0.034,173.66,83.66
3189,19,74,292.045,681.818,44401.495,2,255,467.212,261.578,NA,10,0.033,155.376,-18.283
3190,19,75,292.803,683.333,44701.505,2,255,468.906,261.041,NA,1.694,0.006,63.435,-91.941
3191,19,76,291.667,683.333,45001.515,2,255,470.043,262.166,NA,1.136,0.004,180,116.565
3192,19,77,291.667,676.894,45301.525,2,255,476.482,261.322,NA,6.439,0.021,-90,90
3193,19,78,294.697,701.515,45601.535,2,255,501.289,262.415,NA,24.807,0.083,82.983,172.983
3194,19,79,301.136,719.318,45901.546,2,255,520.221,260.576,NA,18.932,0.063,70.115,-12.869
3195,19,80,296.97,720.455,46201.556,2,255,524.54,264.894,NA,4.319,0.014,164.745,94.63
3196,19,81,294.697,730.303,46501.566,2,255,534.647,269.993,NA,10.107,0.034,102.995,-61.75
3197,19,82,286.364,741.288,46801.576,2,255,548.435,281.454,NA,13.788,0.046,127.185,24.19
3198,19,83,285.606,741.288,47101.586,2,255,549.193,282.166,NA,0.758,0.003,180,52.815
3199,19,84,277.652,743.561,47401.596,2,255,557.466,290.421,NA,8.273,0.028,164.055,-15.945
3200,19,85,277.652,754.167,47701.606,2,255,568.072,294.16,NA,10.606,0.035,90,-74.055
3201,19,86,274.242,762.879,48001.616,2,255,577.427,300.616,NA,9.355,0.031,111.371,21.371
3202,19,87,265.53,773.864,48301.626,2,217,591.447,312.99,NA,14.02,0.047,128.418,17.047
3203,19,88,259.848,773.864,48601.636,2,255,597.129,318.183,NA,5.682,0.019,180,51.582
3204,19,89,251.894,771.591,48901.647,2,255,605.402,324.594,NA,8.273,0.028,-164.055,15.945
3205,19,90,236.742,771.591,49201.657,2,255,620.554,338.613,NA,15.152,0.051,180,-15.945
3206,19,91,236.742,771.591,49501.667,2,238,620.554,338.613,NA,0,0,0,-180
3207,19,92,236.742,771.591,49801.677,2,255,620.554,338.613,NA,0,0,0,0
3208,19,93,236.742,771.591,50101.687,2,255,620.554,338.613,NA,0,0,0,0
3209,19,94,238.636,768.939,50401.697,2,255,623.812,335.874,NA,3.258,0.011,-54.462,-54.462
3210,19,95,208.712,769.318,50701.707,2,226,653.739,364.009,NA,29.927,0.1,179.275,-126.263
3211,19,96,185.227,765.909,51001.717,2,255,677.47,385.107,NA,23.731,0.079,-171.741,8.985
3212,19,97,165.152,760.985,51301.727,2,255,698.14,402.795,NA,20.671,0.069,-166.218,5.522
3213,19,98,156.439,760.606,51601.737,2,255,706.861,411.046,NA,8.72,0.029,-177.51,-11.292
3214,19,99,162.121,757.197,51901.748,2,255,713.487,404.641,NA,6.626,0.022,-30.964,146.547
3215,19,100,157.955,754.545,52201.758,2,255,718.426,407.934,NA,4.939,0.016,-147.529,-116.565
3216,19,101,157.576,754.545,52501.768,2,255,718.804,408.299,NA,0.379,0.001,180,-32.471
3217,19,102,149.621,756.061,52801.778,2,255,726.902,416.371,NA,8.098,0.027,169.216,-10.784
3218,19,103,131.439,756.061,53101.788,2,255,745.084,433.93,NA,18.182,0.061,180,10.784
3219,19,104,127.652,758.712,53401.798,2,255,749.708,438.271,NA,4.624,0.015,145.008,-34.992
3220,19,105,142.803,759.091,53701.808,2,241,764.864,423.749,NA,15.156,0.051,1.432,-143.576
3221,19,106,143.182,761.742,54001.818,2,255,767.542,424.101,NA,2.678,0.009,81.87,80.438
3222,19,107,142.803,755.682,54301.828,2,255,773.615,422.851,NA,6.072,0.02,-93.576,-175.446
3223,19,108,133.712,755.682,54601.838,2,255,782.706,431.636,NA,9.091,0.03,180,-86.424
3224,19,109,114.773,757.576,54901.849,2,131,801.739,450.444,NA,19.034,0.063,174.289,-5.711
3225,19,110,103.788,768.561,55201.859,2,255,817.274,463.878,NA,15.535,0.052,135,-39.289
3226,19,111,83.712,761.742,55501.869,2,255,838.476,481.581,NA,21.202,0.071,-161.241,63.759
3227,19,112,78.03,761.742,55801.879,2,255,844.158,487.098,NA,5.682,0.019,180,-18.759
3228,19,113,64.394,761.742,56101.889,2,255,857.795,500.353,NA,13.636,0.045,180,0
3229,19,114,56.439,760.227,56401.899,2,255,865.892,507.751,NA,8.098,0.027,-169.216,10.784
3230,19,115,46.97,751.136,56701.909,2,255,879.019,515.046,NA,13.127,0.044,-136.169,33.047
3231,19,116,39.394,747.348,57001.919,2,248,887.489,521.714,NA,8.47,0.028,-153.435,-17.266
3232,19,117,39.394,747.348,57301.929,2,255,887.489,521.714,NA,0,0,0,153.435
3233,19,118,37.121,745.833,57601.939,2,253,890.221,523.652,NA,2.731,0.009,-146.31,-146.31
3234,19,119,29.924,743.182,57901.95,2,255,897.89,530.225,NA,7.67,0.026,-159.775,-13.465
3235,19,120,29.924,743.182,58201.96,2,255,897.89,530.225,NA,0,0,0,159.775
3236,19,121,24.621,739.015,58501.97,2,255,904.635,534.697,NA,6.744,0.022,-141.843,-141.843
3237,19,122,20.076,738.258,58801.98,2,255,909.243,539.043,NA,4.608,0.015,-170.538,-28.695
3238,19,123,20.076,737.879,59101.99,2,255,909.622,538.978,NA,0.379,0.001,-90,80.538
3239,19,124,17.424,733.712,59402,2,255,914.56,540.899,NA,4.939,0.016,-122.471,-32.471
3240,19,125,17.424,730.682,59702.01,2,255,917.591,540.415,NA,3.03,0.01,-90,32.471
3241,19,126,17.424,730.682,60002.02,2,255,917.591,540.415,NA,0,0,0,90
3242,19,127,14.015,730.682,60302.03,2,194,921,543.782,NA,3.409,0.011,180,180
3243,19,128,10.985,730.682,60602.04,2,244,924.03,546.775,NA,3.03,0.01,180,0
3244,19,129,7.197,730.303,60902.051,2,196,927.837,550.459,NA,3.807,0.013,-174.289,5.711
3245,19,130,7.197,730.303,61202.061,2,166,927.837,550.459,NA,0,0,0,174.289
3246,19,131,3.788,730.303,61502.071,2,219,931.246,553.828,NA,3.409,0.011,180,180
3247,20,1,573.106,587.5,22800.768,2,64,0,0,NA,NA,NA,NA,NA
3248,20,2,570.076,587.5,23100.778,2,39,3.03,3.03,NA,3.03,0.01,180,NA
3249,20,3,565.909,585.606,23400.788,2,42,7.607,7.442,NA,4.577,0.015,-155.556,24.444
3250,20,4,554.167,583.333,23700.798,2,67,19.568,19.392,NA,11.96,0.04,-169.046,-13.49
3251,20,5,552.273,580.303,24000.808,2,96,23.141,22.041,NA,3.573,0.012,-122.005,47.041
3252,20,6,549.621,574.621,24300.818,2,82,29.411,26.784,NA,6.27,0.021,-115.017,6.988
3253,20,7,549.621,574.621,24600.828,2,88,29.411,26.784,NA,0,0,0,115.017
3254,20,8,536.364,570.076,24900.838,2,97,43.426,40.665,NA,14.015,0.047,-161.075,-161.075
3255,20,9,536.364,570.076,25200.849,2,120,43.426,40.665,NA,0,0,0,161.075
3256,20,10,528.788,561.364,25500.859,2,165,54.972,51.451,NA,11.545,0.038,-131.009,-131.009
3257,20,11,521.212,556.061,25800.869,2,214,64.219,60.675,NA,9.247,0.031,-145.008,-13.999
3258,20,12,521.212,556.061,26100.879,2,179,64.219,60.675,NA,0,0,0,145.008
3259,20,13,513.258,560.227,26400.889,2,158,73.199,65.77,NA,8.98,0.03,152.354,152.354
3260,20,14,505.303,560.227,26700.899,2,225,81.153,73.083,NA,7.955,0.027,180,27.646
3261,20,15,486.742,560.227,27000.909,2,197,99.714,90.568,NA,18.561,0.062,180,0
3262,20,16,455.303,567.803,27300.919,2,255,132.053,119.438,NA,32.339,0.108,166.452,-13.548
3263,20,17,448.106,567.424,27600.929,2,238,139.26,126.602,NA,7.207,0.024,-176.987,16.561
3264,20,18,446.97,571.97,27900.939,2,237,143.945,127.089,NA,4.685,0.016,104.036,-78.977
3265,20,19,427.273,570.076,28200.95,2,202,163.733,146.871,NA,19.788,0.066,-174.508,81.456
3266,20,20,417.803,558.712,28500.96,2,243,178.525,157.949,NA,14.792,0.049,-129.806,44.702
3267,20,21,417.803,545.076,28800.97,2,219,192.162,160.993,NA,13.636,0.045,-90,39.806
3268,20,22,417.803,545.076,29100.98,2,255,192.162,160.993,NA,0,0,0,90
3269,20,23,431.818,532.955,29400.99,2,221,210.691,151.451,NA,18.53,0.062,-40.855,-40.855
3270,20,24,432.576,536.742,29701,2,255,214.554,149.416,NA,3.863,0.013,78.69,119.545
3271,20,25,431.439,528.03,30001.01,2,255,223.34,153.643,NA,8.786,0.029,-97.431,-176.121
3272,20,26,421.591,531.439,30301.02,2,255,233.762,161.554,NA,10.422,0.035,160.907,-101.662
3273,20,27,421.591,537.5,30601.03,2,219,239.823,159.552,NA,6.061,0.02,90,-70.907
3274,20,28,430.682,537.5,30901.04,2,156,248.913,150.946,NA,9.091,0.03,0,-90
3275,20,29,430.682,531.439,31201.051,2,255,254.974,153.06,NA,6.061,0.02,-90,-90
3276,20,30,429.167,531.439,31501.061,2,255,256.489,154.471,NA,1.515,0.005,180,-90
3277,20,31,418.182,532.576,31801.071,2,255,267.533,164.372,NA,11.043,0.037,174.094,-5.906
3278,20,32,410.606,532.955,32101.081,2,255,275.118,171.41,NA,7.585,0.025,177.138,3.044
3279,20,33,403.409,534.848,32401.091,2,227,282.56,177.677,NA,7.442,0.025,165.256,-11.881
3280,20,34,401.515,547.727,32701.101,2,255,295.577,176.14,NA,13.017,0.043,98.366,-66.891
3281,20,35,401.515,547.727,33001.111,2,244,295.577,176.14,NA,0,0,0,-98.366
3282,20,36,391.667,557.576,33301.121,2,255,309.505,183.89,NA,13.928,0.046,135,135
3283,20,37,379.167,571.591,33601.131,2,202,328.285,194.591,NA,18.78,0.063,131.73,-3.27
3284,20,38,375.758,575.379,33901.141,2,255,333.381,197.72,NA,5.096,0.017,131.987,0.258
3285,20,39,375.758,575.379,34201.152,2,255,333.381,197.72,NA,0,0,0,-131.987
3286,20,40,371.212,581.818,34501.162,2,255,341.263,201.974,NA,7.882,0.026,125.218,125.218
3287,20,41,371.212,581.818,34801.172,2,255,341.263,201.974,NA,0,0,0,-125.218
3288,20,42,371.212,581.818,35101.182,2,255,341.263,201.974,NA,0,0,0,0
3289,20,43,371.212,581.818,35401.192,2,255,341.263,201.974,NA,0,0,0,0
3290,20,44,371.212,581.818,35701.202,2,240,341.263,201.974,NA,0,0,0,0
3291,20,45,371.212,581.818,36001.212,2,255,341.263,201.974,NA,0,0,0,0
3292,20,46,367.045,579.924,36301.222,2,255,345.84,206.2,NA,4.577,0.015,-155.556,-155.556
3293,20,47,367.045,579.924,36601.232,2,255,345.84,206.2,NA,0,0,0,155.556
3294,20,48,367.045,579.924,36901.242,2,255,345.84,206.2,NA,0,0,0,0
3295,20,49,367.045,579.924,37201.253,2,255,345.84,206.2,NA,0,0,0,0
3296,20,50,364.394,577.273,37501.263,2,250,349.59,208.963,NA,3.75,0.012,-135,-135
3297,20,51,370.455,590.53,37801.273,2,255,364.167,202.674,NA,14.577,0.049,65.433,-159.567
3298,20,52,369.697,593.561,38101.283,2,215,367.29,203.499,NA,3.124,0.01,104.036,38.603
3299,20,53,367.803,606.818,38401.293,2,255,380.682,206.21,NA,13.392,0.045,98.13,-5.906
3300,20,54,367.803,606.818,38701.303,2,124,380.682,206.21,NA,0,0,0,-98.13
3301,20,55,366.288,603.788,39001.313,2,248,384.07,207.459,NA,3.388,0.011,-116.565,-116.565
3302,20,56,366.288,602.652,39301.323,2,255,385.207,207.372,NA,1.136,0.004,-90,26.565
3303,20,57,366.288,610.606,39601.333,2,255,393.161,208.105,NA,7.955,0.027,90,180
3304,20,58,356.061,609.848,39901.343,2,253,403.417,218.193,NA,10.255,0.034,-175.764,94.236
3305,20,59,353.03,604.167,40201.354,2,255,409.856,220.706,NA,6.439,0.021,-118.072,57.691
3306,20,60,343.939,593.939,40501.364,2,255,423.54,229.257,NA,13.684,0.046,-131.634,-13.561
3307,20,61,338.636,589.773,40801.374,2,254,430.284,234.481,NA,6.744,0.022,-141.843,-10.209
3308,20,62,335.606,589.015,41101.384,2,255,433.407,237.505,NA,3.124,0.01,-165.964,-24.121
3309,20,63,332.576,585.985,41401.394,2,191,437.693,240.535,NA,4.285,0.014,-135,30.964
3310,20,64,332.576,585.985,41701.404,2,255,437.693,240.535,NA,0,0,0,135
3311,20,65,332.576,585.985,42001.414,2,255,437.693,240.535,NA,0,0,0,0
3312,20,66,332.576,585.985,42301.424,2,255,437.693,240.535,NA,0,0,0,0
3313,20,67,338.258,585.985,42601.434,2,255,443.375,234.853,NA,5.682,0.019,0,0
3314,20,68,339.773,585.985,42901.444,2,248,444.89,233.338,NA,1.515,0.005,0,0
3315,20,69,339.773,585.985,43201.455,2,255,444.89,233.338,NA,0,0,0,0
3316,20,70,339.773,585.985,43501.465,2,255,444.89,233.338,NA,0,0,0,0
3317,20,71,337.5,585.985,43801.475,2,249,447.163,235.611,NA,2.273,0.008,180,180
3318,20,72,331.061,585.985,44101.485,2,249,453.602,242.05,NA,6.439,0.021,180,0
3319,20,73,331.061,583.712,44401.495,2,255,455.875,242.075,NA,2.273,0.008,-90,90
3320,20,74,329.545,583.712,44701.505,2,236,457.39,243.59,NA,1.515,0.005,180,-90
3321,20,75,329.545,583.712,45001.515,2,255,457.39,243.59,NA,0,0,0,-180
3322,20,76,329.545,583.712,45301.525,2,255,457.39,243.59,NA,0,0,0,0
3323,20,77,329.545,583.712,45601.535,2,255,457.39,243.59,NA,0,0,0,0
3324,20,78,329.545,583.712,45901.546,2,255,457.39,243.59,NA,0,0,0,0
3325,20,79,329.545,583.712,46201.556,2,255,457.39,243.59,NA,0,0,0,0
3326,20,80,329.545,583.712,46501.566,2,255,457.39,243.59,NA,0,0,0,0
3327,20,81,332.955,580.682,46801.576,2,255,461.951,240.248,NA,4.561,0.015,-41.634,-41.634
3328,20,82,332.955,580.682,47101.586,2,195,461.951,240.248,NA,0,0,0,41.634
3329,20,83,335.227,585.985,47401.596,2,255,467.721,237.884,NA,5.77,0.019,66.801,66.801
3330,20,84,335.227,585.985,47701.606,2,255,467.721,237.884,NA,0,0,0,-66.801
3331,20,85,335.227,585.985,48001.616,2,255,467.721,237.884,NA,0,0,0,0
3332,20,86,335.227,585.985,48301.626,2,255,467.721,237.884,NA,0,0,0,0
3333,20,87,335.227,590.152,48601.636,2,255,471.887,237.894,NA,4.167,0.014,90,90
3334,20,88,335.227,590.152,48901.647,2,255,471.887,237.894,NA,0,0,0,-90
3335,20,89,335.227,590.152,49201.657,2,255,471.887,237.894,NA,0,0,0,0
3336,20,90,335.227,590.152,49501.667,2,255,471.887,237.894,NA,0,0,0,0
3337,20,91,335.227,590.152,49801.677,2,244,471.887,237.894,NA,0,0,0,0
3338,20,92,335.227,590.152,50101.687,2,255,471.887,237.894,NA,0,0,0,0
3339,20,93,336.742,589.394,50401.697,2,255,473.581,236.371,NA,1.694,0.006,-26.565,-26.565
3340,20,94,336.742,589.394,50701.707,2,255,473.581,236.371,NA,0,0,0,26.565
3341,20,95,328.788,589.394,51001.717,2,255,481.536,244.326,NA,7.955,0.027,180,180
3342,20,96,318.561,587.879,51301.727,2,255,491.875,254.546,NA,10.339,0.034,-171.573,8.427
3343,20,97,311.742,586.364,51601.737,2,255,498.859,261.366,NA,6.985,0.023,-167.471,4.102
3344,20,98,299.242,585.985,51901.748,2,255,511.365,273.868,NA,12.506,0.042,-178.264,-10.793
3345,20,99,298.864,585.985,52201.758,2,255,511.744,274.247,NA,0.379,0.001,180,-1.736
3346,20,100,280.303,584.47,52501.768,2,255,530.366,292.819,NA,18.622,0.062,-175.333,4.667
3347,20,101,271.212,584.47,52801.778,2,255,539.457,301.909,NA,9.091,0.03,180,-4.667
3348,20,102,269.318,589.394,53101.788,2,255,544.733,303.794,NA,5.276,0.018,111.038,-68.962
3349,20,103,268.561,595.455,53401.798,2,226,550.841,304.649,NA,6.108,0.02,97.125,-13.912
3350,20,104,241.288,582.576,53701.808,2,255,581.001,331.855,NA,30.161,0.101,-154.722,108.153
3351,20,105,229.924,580.682,54001.818,2,214,592.522,343.25,NA,11.52,0.038,-170.538,-15.815
3352,20,106,219.697,570.833,54301.828,2,243,606.72,353.802,NA,14.198,0.047,-136.081,34.457
3353,20,107,218.939,556.061,54601.838,2,157,621.512,355.559,NA,14.792,0.049,-92.936,43.145
3354,20,108,217.803,542.045,54901.849,2,214,635.573,358.199,NA,14.061,0.047,-94.635,-1.7
3355,20,109,210.606,519.697,55201.859,2,255,659.052,368.787,NA,23.479,0.078,-107.85,-13.215
3356,20,110,199.621,513.258,55501.869,2,183,671.785,380.792,NA,12.733,0.042,-149.621,-41.771
3357,20,111,175.379,513.258,55801.879,2,222,696.027,404.597,NA,24.242,0.081,180,-30.379
3358,20,112,150.758,513.258,56101.889,2,255,720.649,428.824,NA,24.621,0.082,180,0
3359,20,113,127.273,513.258,56401.899,2,255,744.134,451.973,NA,23.485,0.078,180,0
3360,20,114,119.318,513.258,56701.909,2,164,752.088,459.821,NA,7.955,0.027,180,0
3361,20,115,117.045,510.606,57001.919,2,218,755.58,462.498,NA,3.492,0.012,-130.601,49.399
3362,20,116,117.045,510.606,57301.929,2,220,755.58,462.498,NA,0,0,0,130.601
3363,20,117,115.53,513.636,57601.939,2,124,758.968,463.499,NA,3.388,0.011,116.565,116.565
3364,20,118,111.364,513.636,57901.95,2,153,763.135,467.613,NA,4.167,0.014,180,63.435
3365,20,119,111.364,513.636,58201.96,2,255,763.135,467.613,NA,0,0,0,-180
3366,20,120,111.364,513.636,58501.97,2,255,763.135,467.613,NA,0,0,0,0
3367,20,121,116.288,514.773,58801.98,2,174,768.189,462.571,NA,5.054,0.017,12.995,12.995
3368,20,122,116.288,514.773,59101.99,2,235,768.189,462.571,NA,0,0,0,-12.995
3369,20,123,116.288,512.121,59402,2,176,770.84,462.995,NA,2.652,0.009,-90,-90
3370,20,124,111.364,511.742,59702.01,2,255,775.779,467.916,NA,4.939,0.016,-175.601,-85.601
3371,20,125,111.364,511.742,60002.02,2,235,775.779,467.916,NA,0,0,0,175.601
3372,20,126,115.53,506.439,60302.03,2,255,782.523,464.7,NA,6.744,0.022,-51.843,-51.843
3373,20,127,120.833,506.439,60602.04,2,255,787.826,459.48,NA,5.303,0.018,0,51.843
3374,20,128,123.864,506.439,60902.051,2,185,790.856,456.497,NA,3.03,0.01,0,0
3375,20,129,123.864,512.879,61202.061,2,208,797.296,455.398,NA,6.439,0.021,90,90
3376,20,130,123.864,512.879,61502.071,2,233,797.296,455.398,NA,0,0,0,-90
3377,20,131,122.348,516.667,61802.081,2,255,801.375,456.289,NA,4.08,0.014,111.801,111.801
3378,20,132,122.348,521.97,62102.091,2,255,806.679,455.496,NA,5.303,0.018,90,-21.801
3379,20,133,110.985,529.924,62402.101,2,255,820.55,465.694,NA,13.871,0.046,145.008,55.008
3380,20,134,102.652,530.303,62702.111,2,255,828.892,473.919,NA,8.342,0.028,177.397,32.389
3381,20,135,102.652,532.197,63002.121,2,255,830.785,473.694,NA,1.894,0.006,90,-87.397
3382,20,136,103.788,537.5,63302.131,2,255,836.209,471.974,NA,5.423,0.018,77.905,-12.095
3383,20,137,103.788,537.5,63602.141,2,227,836.209,471.974,NA,0,0,0,-77.905
3384,20,138,98.485,537.5,63902.152,2,255,841.512,477.248,NA,5.303,0.018,180,180
3385,20,139,108.712,539.394,64202.162,2,101,851.913,466.879,NA,10.401,0.035,10.491,-169.509
3386,20,140,114.773,539.394,64502.172,2,192,857.974,460.851,NA,6.061,0.02,0,-10.491
3387,20,141,114.773,539.394,64802.182,2,196,857.974,460.851,NA,0,0,0,0
3388,20,142,124.242,539.394,65102.192,2,253,867.443,451.434,NA,9.47,0.032,0,0
3389,20,143,123.864,540.152,65402.202,2,255,868.29,451.731,NA,0.847,0.003,116.565,116.565
3390,20,144,116.288,540.152,65702.212,2,255,875.866,459.265,NA,7.576,0.025,180,63.435
3391,20,145,110.227,542.803,66002.222,2,255,882.481,465.032,NA,6.615,0.022,156.371,-23.629
3392,20,146,94.318,537.879,66302.232,2,255,899.135,481.352,NA,16.654,0.056,-162.801,40.828
3393,20,147,84.47,522.348,66602.242,2,255,917.525,492.961,NA,18.39,0.061,-122.381,40.421
3394,20,148,82.576,517.045,66902.253,2,246,923.156,495.564,NA,5.631,0.019,-109.654,12.727
3395,20,149,75,514.773,67202.263,2,233,931.065,503.387,NA,7.909,0.026,-163.301,-53.647
3396,20,150,64.394,509.091,67502.273,2,228,943.097,514.719,NA,12.032,0.04,-151.821,11.479
3397,20,151,62.121,504.167,67802.283,2,255,948.521,517.735,NA,5.423,0.018,-114.775,37.046
3398,20,152,53.03,492.045,68102.293,2,163,963.672,528.763,NA,15.152,0.051,-126.87,-12.095
3399,20,153,49.242,476.894,68402.303,2,108,979.29,535.413,NA,15.618,0.052,-104.036,22.834
3400,20,154,33.712,455.682,68702.313,2,71,1005.58,555.267,NA,26.29,0.088,-126.209,-22.173
3401,20,155,26.515,451.894,69002.323,2,31,1013.713,563.161,NA,8.133,0.027,-152.241,-26.032
3402,20,156,18.939,451.894,69302.333,2,255,1021.288,570.517,NA,7.576,0.025,180,-27.759
3403,21,1,953.283,773.485,23100.778,2,23,0,0,NA,NA,NA,NA,NA
3404,21,2,956.313,773.485,23400.788,2,53,3.03,3.03,NA,3.03,0.01,0,NA
3405,21,3,957.828,773.485,23700.798,2,40,4.545,4.545,NA,1.515,0.005,0,0
3406,21,4,959.343,773.485,24000.808,2,70,6.061,6.061,NA,1.515,0.005,0,0
3407,21,5,962.374,773.485,24300.818,2,17,9.091,9.091,NA,3.03,0.01,0,0
3408,21,6,964.394,779.545,24600.828,2,81,15.479,12.657,NA,6.388,0.021,71.565,71.565
3409,21,7,964.394,779.545,24900.838,2,56,15.479,12.657,NA,0,0,0,-71.565
3410,21,8,964.394,787.626,25200.849,2,177,23.56,17.984,NA,8.081,0.027,90,90
3411,21,9,967.929,791.162,25500.859,2,113,28.56,22.956,NA,5,0.017,45,-45
3412,21,10,967.929,791.162,25800.869,2,151,28.56,22.956,NA,0,0,0,-45
3413,21,11,967.929,791.162,26100.879,2,174,28.56,22.956,NA,0,0,0,0
3414,21,12,967.929,791.162,26400.889,2,146,28.56,22.956,NA,0,0,0,0
3415,21,13,960.859,785.606,26700.899,2,141,37.552,14.294,NA,8.992,0.03,-141.843,-141.843
3416,21,14,964.394,785.606,27000.909,2,125,41.087,16.443,NA,3.535,0.012,0,141.843
3417,21,15,964.899,785.606,27300.919,2,75,41.592,16.789,NA,0.505,0.002,0,0
3418,21,16,964.899,785.606,27600.929,2,141,41.592,16.789,NA,0,0,0,0
3419,21,17,966.414,785.606,27900.939,2,112,43.108,17.871,NA,1.515,0.005,0,0
3420,21,18,973.485,785.606,28200.95,2,110,50.178,23.559,NA,7.071,0.024,0,0
3421,21,19,973.485,793.182,28500.96,2,215,57.754,28.215,NA,7.576,0.025,90,90
3422,21,20,976.01,793.182,28800.97,2,207,60.279,30.075,NA,2.525,0.008,0,-90
3423,21,21,976.01,793.182,29100.98,2,209,60.279,30.075,NA,0,0,0,0
3424,21,22,978.03,792.172,29400.99,2,119,62.538,31.01,NA,2.259,0.008,-26.565,-26.565
3425,21,23,982.576,796.212,29701,2,123,68.62,37.076,NA,6.082,0.02,41.634,68.199
3426,21,24,986.616,805.303,30001.01,2,179,78.568,46.082,NA,9.948,0.033,66.038,24.404
3427,21,25,1002.273,805.303,30301.02,2,215,94.225,58.416,NA,15.657,0.052,0,-66.038
3428,21,26,1011.364,815.909,30601.03,2,220,108.194,71.925,NA,13.969,0.047,49.399,49.399
3429,21,27,1007.955,815.152,30901.04,2,182,111.686,68.739,NA,3.492,0.012,-167.471,143.13
3430,21,28,1010.606,814.015,31201.051,2,204,114.571,70.204,NA,2.885,0.01,-23.199,144.273
3431,21,29,1014.015,814.015,31501.061,2,195,117.98,73.015,NA,3.409,0.011,0,23.199
3432,21,30,1007.197,831.439,31801.071,2,222,136.69,79.155,NA,18.711,0.062,111.371,111.371
3433,21,31,1004.545,840.909,32101.081,2,123,146.524,84.699,NA,9.834,0.033,105.642,-5.728
3434,21,32,999.621,848.864,32401.091,2,149,155.88,88.483,NA,9.355,0.031,121.759,16.117
3435,21,33,999.242,851.515,32701.101,2,130,158.558,90.559,NA,2.678,0.009,98.13,-23.629
3436,21,34,1001.136,855.303,33001.111,2,158,162.793,94.785,NA,4.235,0.014,63.435,-34.695
3437,21,35,997.727,858.712,33301.121,2,135,167.614,96.12,NA,4.821,0.016,135,71.565
3438,21,36,997.727,860.227,33601.131,2,168,169.129,97.466,NA,1.515,0.005,90,-45
3439,21,37,1007.576,866.288,33901.141,2,123,180.693,107.518,NA,11.564,0.039,31.608,-58.392
3440,21,38,1023.485,873.864,34201.152,2,123,198.314,122.492,NA,17.621,0.059,25.463,-6.144
3441,21,39,1035.985,877.652,34501.162,2,127,211.375,133.005,NA,13.061,0.044,16.858,-8.605
3442,21,40,1033.333,878.03,34801.172,2,203,214.054,131.673,NA,2.678,0.009,171.87,155.011
3443,21,41,1047.727,878.03,35101.182,2,172,228.448,140.888,NA,14.394,0.048,0,-171.87
3444,21,42,1047.727,878.03,35401.192,2,156,228.448,140.888,NA,0,0,0,0
3445,21,43,1062.879,878.03,35701.202,2,207,243.599,151.463,NA,15.152,0.051,0,0
3446,21,44,1062.879,883.712,36001.212,2,222,249.281,155.439,NA,5.682,0.019,90,90
3447,21,45,1060.606,892.803,36301.222,2,122,258.652,160.484,NA,9.371,0.031,104.036,14.036
3448,21,46,1056.439,898.864,36601.232,2,227,266.006,162.361,NA,7.355,0.025,124.509,20.472
3449,21,47,1056.818,903.03,36901.242,2,162,270.19,165.836,NA,4.184,0.014,84.806,-39.703
3450,21,48,1052.273,907.828,37201.253,2,170,276.8,166.875,NA,6.609,0.022,133.452,48.646
3451,21,49,1052.273,910.859,37501.263,2,189,279.83,169.324,NA,3.03,0.01,90,-43.452
3452,21,50,1052.273,910.859,37801.273,2,254,279.83,169.324,NA,0,0,0,-90
3453,21,51,1042.677,918.434,38101.283,2,201,292.056,170.299,NA,12.226,0.041,141.71,141.71
3454,21,52,1032.071,935.606,38401.293,2,212,312.239,180.252,NA,20.183,0.067,121.701,-20.008
3455,21,53,1031.566,960.354,38701.303,2,120,336.992,202.603,NA,24.753,0.083,91.169,-30.532
3456,21,54,1033.081,993.687,39001.313,2,67,370.359,234.215,NA,33.368,0.111,87.397,-3.772
3457,21,55,1045.076,1017.424,39301.323,2,108,396.955,260.638,NA,26.596,0.089,63.192,-24.206
3458,21,56,1052.273,1028.788,39601.333,2,230,410.406,273.822,NA,13.451,0.045,57.653,-5.539
3459,21,57,1059.47,1025.379,39901.343,2,238,418.37,273.361,NA,7.964,0.027,-25.346,-82.999
3460,21,58,1059.47,1025.379,40201.354,2,255,418.37,273.361,NA,0,0,0,25.346
3461,21,59,1043.939,1027.652,40501.364,2,146,434.065,269.851,NA,15.696,0.052,171.674,171.674
3462,21,60,1043.939,1035.606,40801.374,2,191,442.02,277.356,NA,7.955,0.027,90,-81.674
3463,21,61,1046.591,1047.348,41101.384,2,200,454.058,289.323,NA,12.038,0.04,77.276,-12.724
3464,21,62,1051.136,1054.545,41401.394,2,99,462.57,297.608,NA,8.512,0.028,57.724,-19.551
3465,21,63,1056.818,1058.333,41701.404,2,49,469.399,303.081,NA,6.829,0.023,33.69,-24.034
3466,21,64,1059.848,1062.121,42001.414,2,97,474.25,307.68,NA,4.851,0.016,51.34,17.65
3467,21,65,1056.818,1069.318,42301.424,2,72,482.059,313.428,NA,7.809,0.026,112.834,61.493
3468,21,66,1054.924,1073.106,42601.434,2,103,486.294,316.392,NA,4.235,0.014,116.565,3.731
3469,21,67,1054.924,1077.652,42901.444,2,64,490.839,320.7,NA,4.545,0.015,90,-26.565
3470,21,68,1062.5,1084.47,43201.455,2,69,501.031,329.606,NA,10.192,0.034,41.987,-48.013
3471,21,69,1072.727,1096.97,43501.465,2,48,517.182,344.832,NA,16.151,0.054,50.711,8.723
3472,21,70,1075.758,1096.97,43801.475,2,81,520.212,345.894,NA,3.03,0.01,0,-50.711
3473,21,71,1075.758,1096.97,44101.485,2,40,520.212,345.894,NA,0,0,0,0
3474,21,72,1059.848,1096.97,44401.495,2,48,536.121,340.586,NA,15.909,0.053,180,180
3475,21,73,1050,1092.424,44701.505,2,139,546.968,333.281,NA,10.847,0.036,-155.225,24.775
3476,21,74,1049.621,1088.258,45001.515,2,127,551.152,329.185,NA,4.184,0.014,-95.194,60.03
3477,21,75,1051.136,1091.667,45301.525,2,142,554.883,332.889,NA,3.731,0.012,66.038,161.232
3478,21,76,1045.455,1091.667,45601.535,2,5,560.565,331.263,NA,5.682,0.019,180,113.962
3479,21,77,1042.803,1114.773,45901.546,2,86,583.822,352.833,NA,23.258,0.078,96.546,-83.454
3480,21,78,1042.424,1129.167,46201.556,2,52,598.221,366.682,NA,14.399,0.048,91.507,-5.039
3481,21,79,1033.712,1134.091,46501.566,2,28,608.229,369.467,NA,10.007,0.033,150.524,59.017
3482,21,80,1033.333,1132.197,46801.576,2,33,610.16,367.536,NA,1.931,0.006,-101.31,108.166
3483,21,81,1036.364,1143.182,47101.586,2,9,621.555,378.917,NA,11.395,0.038,74.578,175.888
3484,22,1,714.394,870.96,25500.859,2,72,0,0,NA,NA,NA,NA,NA
3485,22,2,714.394,885.101,25800.869,2,92,14.141,14.141,NA,14.141,0.047,90,NA
3486,22,3,714.394,888.131,26100.879,2,141,17.172,17.172,NA,3.03,0.01,90,0
3487,22,4,719.949,889.646,26400.889,2,108,22.93,19.495,NA,5.758,0.019,15.255,-74.745
3488,22,5,719.444,896.717,26700.899,2,230,30.019,26.248,NA,7.089,0.024,94.086,78.83
3489,22,6,715.404,903.788,27000.909,2,255,38.163,32.844,NA,8.144,0.027,119.745,25.659
3490,22,7,710.354,905.808,27300.919,2,255,43.602,35.082,NA,5.44,0.018,158.199,38.454
3491,22,8,710.354,910.354,27600.929,2,255,48.148,39.601,NA,4.545,0.015,90,-68.199
3492,22,9,710.354,910.354,27900.939,2,192,48.148,39.601,NA,0,0,0,-90
3493,22,10,705.808,911.869,28200.95,2,255,52.939,41.8,NA,4.791,0.016,161.565,161.565
3494,22,11,700.758,918.434,28500.96,2,255,61.222,49.394,NA,8.283,0.028,127.569,-33.996
3495,22,12,700.758,924.495,28800.97,2,255,67.283,55.245,NA,6.061,0.02,90,-37.569
3496,22,13,700.758,924.495,29100.98,2,255,67.283,55.245,NA,0,0,0,-90
3497,22,14,693.687,931.566,29400.99,2,255,77.282,64.046,NA,9.999,0.033,135,135
3498,22,15,693.687,938.636,29701,2,255,84.353,70.774,NA,7.071,0.024,90,-45
3499,22,16,693.687,942.172,30001.01,2,255,87.889,74.162,NA,3.535,0.012,90,0
3500,22,17,693.687,942.172,30301.02,2,255,87.889,74.162,NA,0,0,0,-90
3501,22,18,693.687,951.263,30601.03,2,255,96.979,82.93,NA,9.091,0.03,90,90
3502,22,19,697.222,952.273,30901.04,2,255,100.656,83.107,NA,3.677,0.012,15.945,-74.055
3503,22,20,692.172,954.798,31201.051,2,255,106.303,86.734,NA,5.647,0.019,153.435,137.49
3504,22,21,687.121,957.323,31501.061,2,255,111.95,90.568,NA,5.647,0.019,153.435,0
3505,22,22,684.596,971.465,31801.071,2,255,126.315,104.829,NA,14.365,0.048,100.125,-53.31
3506,22,23,684.596,971.465,32101.081,2,255,126.315,104.829,NA,0,0,0,-100.125
3507,22,24,686.616,970.96,32401.091,2,255,128.397,103.786,NA,2.082,0.007,-14.036,-14.036
3508,22,25,692.172,970.96,32701.101,2,255,133.953,102.439,NA,5.556,0.019,0,14.036
3509,22,26,695.707,970.96,33001.111,2,255,137.488,101.731,NA,3.535,0.012,0,0
3510,22,27,695.707,979.04,33301.121,2,255,145.569,109.684,NA,8.081,0.027,90,90
3511,22,28,695.707,990.657,33601.131,2,255,157.185,121.147,NA,11.616,0.039,90,0
3512,22,29,695.707,990.152,33901.141,2,86,157.69,120.648,NA,0.505,0.002,-90,-180
3513,22,30,704.293,1001.768,34201.152,2,255,172.135,131.198,NA,14.445,0.048,53.531,143.531
3514,22,31,704.293,1001.768,34501.162,2,255,172.135,131.198,NA,0,0,0,-53.531
3515,22,32,704.293,1001.768,34801.172,2,255,172.135,131.198,NA,0,0,0,0
3516,22,33,712.374,1001.768,35101.182,2,255,180.216,130.824,NA,8.081,0.027,0,0
3517,22,34,712.374,1003.788,35401.192,2,255,182.236,132.844,NA,2.02,0.007,90,90
3518,22,35,712.374,1005.303,35701.202,2,255,183.751,134.359,NA,1.515,0.005,90,0
3519,22,36,710.354,1010.859,36001.212,2,255,189.662,139.957,NA,5.911,0.02,109.983,19.983
3520,22,37,709.343,1023.485,36301.222,2,255,202.329,152.609,NA,12.667,0.042,94.574,-15.409
3521,22,38,705.808,1027.525,36601.232,2,255,207.698,156.801,NA,5.369,0.018,131.186,36.612
3522,22,39,713.384,1030.051,36901.242,2,255,215.683,159.094,NA,7.986,0.027,18.435,-112.751
3523,22,40,720.455,1030.051,37201.253,2,255,222.754,159.206,NA,7.071,0.024,0,-18.435
3524,22,41,720.455,1037.626,37501.263,2,255,230.33,166.777,NA,7.576,0.025,90,90
3525,22,42,720.455,1039.141,37801.273,2,255,231.845,168.291,NA,1.515,0.005,90,0
3526,22,43,720.455,1049.242,38101.283,2,255,241.946,178.386,NA,10.101,0.034,90,0
3527,22,44,721.465,1073.99,38401.293,2,255,266.714,203.153,NA,24.768,0.083,87.663,-2.337
3528,22,45,722.98,1086.111,38701.303,2,255,278.93,215.323,NA,12.216,0.041,82.875,-4.788
3529,22,46,718.939,1099.242,39001.313,2,13,292.668,228.328,NA,13.739,0.046,107.103,24.228
3530,22,47,709.343,1130.556,39301.323,2,255,325.419,259.645,NA,32.75,0.109,107.038,-0.065
3531,22,48,715.909,1150.253,39601.333,2,255,346.181,279.297,NA,20.762,0.069,71.565,-35.473
3532,22,49,722.475,1174.495,39901.343,2,255,371.297,303.643,NA,25.116,0.084,74.846,3.281
3533,22,50,723.485,1192.172,40201.354,2,255,389.003,321.341,NA,17.706,0.059,86.73,11.884
3534,22,51,692.677,1211.869,40501.364,2,255,425.569,341.6,NA,36.566,0.122,147.407,60.678
3535,22,52,690.657,1232.576,40801.374,2,255,446.375,362.394,NA,20.805,0.069,95.572,-51.835
3536,22,53,690.657,1234.091,41101.384,2,255,447.89,363.906,NA,1.515,0.005,90,-5.572
3537,22,54,690.657,1234.091,41401.394,2,255,447.89,363.906,NA,0,0,0,-90
3538,22,55,690.657,1234.091,41701.404,2,255,447.89,363.906,NA,0,0,0,0
3539,22,56,683.586,1234.091,42001.414,2,255,454.96,364.436,NA,7.071,0.024,180,180
3540,22,57,675,1234.091,42301.424,2,255,463.546,365.262,NA,8.586,0.029,180,0
3541,22,58,656.818,1259.343,42601.434,2,255,494.663,392.628,NA,31.117,0.104,125.754,-54.246
3542,22,59,636.111,1279.545,42901.444,2,255,523.593,416.018,NA,28.929,0.096,135.707,9.953
3543,22,60,622.475,1288.636,43201.455,2,255,539.982,427.672,NA,16.389,0.055,146.31,10.603
3544,22,61,622.475,1293.182,43501.465,2,255,544.527,432.112,NA,4.545,0.015,90,-56.31
3545,22,62,629.545,1287.626,43801.475,2,255,553.519,425.218,NA,8.992,0.03,-38.157,-128.157
3546,22,63,633.586,1292.172,44101.485,2,255,559.601,428.893,NA,6.082,0.02,48.366,86.524
3547,22,64,634.091,1301.768,44401.495,2,255,569.21,438.228,NA,9.609,0.032,86.987,38.621
3548,22,65,636.111,1322.98,44701.505,2,255,590.518,458.749,NA,21.308,0.071,84.56,-2.428
3549,22,66,637.121,1350.758,45001.515,2,255,618.314,485.981,NA,27.796,0.093,87.917,3.358
3550,22,67,640.152,1365.909,45301.525,2,255,633.766,500.487,NA,15.452,0.052,78.69,-9.227
3551,23,1,627.02,817.929,15000.505,2,51,0,0,NA,NA,NA,NA,NA
3552,23,2,621.465,822.98,15300.515,2,62,7.508,7.508,NA,7.508,0.025,137.726,NA
3553,23,3,621.465,822.98,15600.525,2,123,7.508,7.508,NA,0,0,0,-137.726
3554,23,4,620.455,822.98,15900.535,2,133,8.518,8.283,NA,1.01,0.003,180,180
3555,23,5,620.455,822.98,16200.545,2,130,8.518,8.283,NA,0,0,0,-180
3556,23,6,620.455,822.98,16500.556,2,149,8.518,8.283,NA,0,0,0,0
3557,23,7,620.455,826.01,16800.566,2,179,11.549,10.412,NA,3.03,0.01,90,90
3558,23,8,620.455,830.051,17100.576,2,255,15.589,13.785,NA,4.04,0.013,90,0
3559,23,9,620.455,830.051,17400.586,2,232,15.589,13.785,NA,0,0,0,-90
3560,23,10,620.455,830.051,17700.596,2,199,15.589,13.785,NA,0,0,0,0
3561,23,11,614.899,829.04,18000.606,2,220,21.236,16.443,NA,5.647,0.019,-169.695,-169.695
3562,23,12,614.899,828.535,18300.616,2,181,21.741,16.106,NA,0.505,0.002,-90,79.695
3563,23,13,614.899,822.98,18600.626,2,155,27.296,13.131,NA,5.556,0.019,-90,0
3564,23,14,620.96,822.98,18900.636,2,210,33.357,7.889,NA,6.061,0.02,0,90
3565,23,15,620.96,822.98,19200.646,2,177,33.357,7.889,NA,0,0,0,0
3566,23,16,620.96,822.98,19500.657,2,161,33.357,7.889,NA,0,0,0,0
3567,23,17,614.394,821.465,19800.667,2,214,40.095,13.112,NA,6.738,0.022,-167.005,-167.005
3568,23,18,613.889,817.929,20100.677,2,255,43.666,13.131,NA,3.571,0.012,-98.13,68.875
3569,23,19,613.889,817.929,20400.687,2,250,43.666,13.131,NA,0,0,0,98.13
3570,23,20,608.838,818.939,20700.697,2,255,48.817,18.21,NA,5.151,0.017,168.69,168.69
3571,23,21,608.838,818.939,21000.707,2,255,48.817,18.21,NA,0,0,0,-168.69
3572,23,22,608.838,818.939,21300.717,2,232,48.817,18.21,NA,0,0,0,0
3573,23,23,603.788,821.465,21600.727,2,223,54.463,23.5,NA,5.647,0.019,153.435,153.435
3574,23,24,603.788,821.465,21900.737,2,255,54.463,23.5,NA,0,0,0,-153.435
3575,23,25,603.788,821.465,22200.747,2,255,54.463,23.5,NA,0,0,0,0
3576,23,26,603.788,821.465,22500.758,2,255,54.463,23.5,NA,0,0,0,0
3577,23,27,603.788,821.465,22800.768,2,255,54.463,23.5,NA,0,0,0,0
3578,23,28,603.788,821.465,23100.778,2,255,54.463,23.5,NA,0,0,0,0
3579,23,29,600.758,821.97,23400.788,2,255,57.535,26.572,NA,3.072,0.01,170.538,170.538
3580,23,30,600.758,821.97,23700.798,2,255,57.535,26.572,NA,0,0,0,-170.538
3581,23,31,600.758,821.97,24000.808,2,255,57.535,26.572,NA,0,0,0,0
3582,23,32,600.758,821.97,24300.818,2,255,57.535,26.572,NA,0,0,0,0
3583,23,33,598.737,826.515,24600.828,2,255,62.51,29.557,NA,4.974,0.017,113.962,113.962
3584,23,34,596.212,832.576,24900.838,2,255,69.075,34.112,NA,6.566,0.022,112.62,-1.343
3585,23,35,596.212,839.646,25200.849,2,247,76.146,37.693,NA,7.071,0.024,90,-22.62
3586,23,36,596.212,841.162,25500.859,2,116,77.661,38.586,NA,1.515,0.005,90,0
3587,23,37,596.212,848.232,25800.869,2,220,84.732,43.214,NA,7.071,0.024,90,0
3588,23,38,596.212,853.788,26100.879,2,255,90.287,47.276,NA,5.556,0.019,90,0
3589,23,39,596.212,859.343,26400.889,2,128,95.843,51.617,NA,5.556,0.019,90,0
3590,23,40,592.172,864.394,26700.899,2,255,102.311,58.081,NA,6.468,0.022,128.66,38.66
3591,23,41,592.172,864.899,27000.909,2,255,102.816,58.486,NA,0.505,0.002,90,-38.66
3592,23,42,592.172,864.899,27300.919,2,255,102.816,58.486,NA,0,0,0,-90
3593,23,43,592.172,870.455,27600.929,2,249,108.371,63.034,NA,5.556,0.019,90,90
3594,23,44,586.616,863.889,27900.939,2,241,116.972,61.195,NA,8.601,0.029,-130.236,139.764
3595,23,45,583.081,863.889,28200.95,2,241,120.507,63.584,NA,3.535,0.012,180,-49.764
3596,23,46,583.081,867.424,28500.96,2,255,124.043,66.185,NA,3.535,0.012,90,-90
3597,23,47,583.081,867.424,28800.97,2,245,124.043,66.185,NA,0,0,0,-90
3598,23,48,583.081,867.424,29100.98,2,255,124.043,66.185,NA,0,0,0,0
3599,23,49,583.081,880.556,29400.99,2,229,137.174,76.503,NA,13.131,0.044,90,90
3600,23,50,575.505,894.697,29701,2,255,153.217,92.45,NA,16.043,0.053,118.179,28.179
3601,23,51,575.505,898.232,30001.01,2,255,156.752,95.406,NA,3.535,0.012,90,-28.179
3602,23,52,579.04,898.232,30301.02,2,255,160.288,93.545,NA,3.535,0.012,0,-90
3603,23,53,579.04,915.404,30601.03,2,255,177.459,108.643,NA,17.172,0.057,90,90
3604,23,54,579.04,915.404,30901.04,2,243,177.459,108.643,NA,0,0,0,-90
3605,23,55,579.04,928.535,31201.051,2,226,190.591,120.564,NA,13.131,0.044,90,90
3606,23,56,579.04,931.566,31501.061,2,255,193.621,123.35,NA,3.03,0.01,90,0
3607,23,57,578.03,931.566,31801.071,2,249,194.631,123.747,NA,1.01,0.003,180,90
3608,23,58,569.949,939.141,32101.081,2,15,205.708,133.976,NA,11.077,0.037,136.848,-43.152
3609,23,59,561.364,960.354,32401.091,2,255,228.592,156.829,NA,22.884,0.076,112.036,-24.811
3610,23,60,556.313,960.354,32701.101,2,255,233.642,159.01,NA,5.051,0.017,180,67.964
3611,23,61,550.758,966.919,33001.111,2,255,242.243,167.374,NA,8.601,0.029,130.236,-49.764
3612,23,62,550.758,966.919,33301.121,2,255,242.243,167.374,NA,0,0,0,-130.236
3613,23,63,550.758,966.919,33601.131,2,255,242.243,167.374,NA,0,0,0,0
3614,23,64,550.758,975.505,33901.141,2,255,250.829,175.06,NA,8.586,0.029,90,90
3615,23,65,550.758,992.677,34201.152,2,255,268,190.664,NA,17.172,0.057,90,0
3616,23,66,542.677,992.677,34501.162,2,255,276.081,194.037,NA,8.081,0.027,180,90
3617,23,67,540.657,1002.778,34801.172,2,255,286.382,204.029,NA,10.301,0.034,101.31,-78.69
3618,23,68,540.657,1002.778,35101.182,2,255,286.382,204.029,NA,0,0,0,-101.31
3619,23,69,537.121,1015.909,35401.192,2,255,299.981,217.435,NA,13.599,0.045,105.068,105.068
3620,23,70,536.111,1021.465,35701.202,2,255,305.628,222.915,NA,5.647,0.019,100.305,-4.764
3621,23,71,531.061,1038.131,36001.212,2,255,323.043,240.202,NA,17.415,0.058,106.858,6.554
3622,23,72,528.535,1045.202,36301.222,2,255,330.551,247.694,NA,7.508,0.025,109.654,2.795
3623,23,73,528.409,1058.333,36601.232,2,255,343.683,259.843,NA,13.132,0.044,90.551,-19.103
3624,23,74,527.273,1058.333,36901.242,2,255,344.819,260.276,NA,1.136,0.004,180,89.449
3625,23,75,523.864,1059.091,37201.253,2,255,348.311,262.298,NA,3.492,0.012,167.471,-12.529
3626,23,76,522.727,1060.606,37501.263,2,255,350.205,264.138,NA,1.894,0.006,126.87,-40.601
3627,23,77,520.455,1063.636,37801.273,2,236,353.993,267.821,NA,3.788,0.013,126.87,0
3628,23,78,509.091,1067.424,38101.283,2,245,365.972,275.962,NA,11.978,0.04,161.565,34.695
3629,23,79,508.333,1067.424,38401.293,2,255,366.729,276.287,NA,0.758,0.003,180,18.435
3630,23,80,503.03,1069.697,38701.303,2,255,372.499,280.643,NA,5.77,0.019,156.801,-23.199
3631,23,81,498.106,1073.485,39001.313,2,255,378.711,286.23,NA,6.213,0.021,142.431,-14.37
3632,23,82,487.121,1073.485,39301.323,2,255,389.696,291.342,NA,10.985,0.037,180,37.569
3633,23,83,486.742,1073.485,39601.333,2,255,390.075,291.524,NA,0.379,0.001,180,0
3634,23,84,475,1078.409,39901.343,2,255,402.808,301.596,NA,12.733,0.042,157.249,-22.751
3635,23,85,461.364,1078.409,40201.354,2,255,416.444,308.694,NA,13.636,0.045,180,22.751
3636,23,86,454.924,1078.409,40501.364,2,255,422.884,312.197,NA,6.439,0.021,180,0
3637,23,87,456.439,1071.591,40801.374,2,255,429.868,305.683,NA,6.985,0.023,-77.471,102.529
3638,23,88,456.061,1071.591,41101.384,2,255,430.247,305.894,NA,0.379,0.001,180,-102.529
3639,23,89,456.061,1071.591,41401.394,2,255,430.247,305.894,NA,0,0,0,-180
3640,23,90,456.061,1071.591,41701.404,2,141,430.247,305.894,NA,0,0,0,0
3641,23,91,439.394,1072.348,42001.414,2,255,446.931,316.121,NA,16.684,0.056,177.397,177.397
3642,23,92,428.409,1072.348,42301.424,2,255,457.916,322.762,NA,10.985,0.037,180,2.603
3643,23,93,423.106,1076.136,42601.434,2,255,464.433,329.017,NA,6.517,0.022,144.462,-35.538
3644,23,94,423.106,1082.576,42901.444,2,255,470.872,334.094,NA,6.439,0.021,90,-54.462
3645,23,95,410.606,1088.636,43201.455,2,253,484.764,346.58,NA,13.892,0.046,154.134,64.134
3646,23,96,408.333,1089.773,43501.465,2,201,487.305,348.888,NA,2.541,0.008,153.435,-0.699
3647,23,97,408.333,1089.773,43801.475,2,255,487.305,348.888,NA,0,0,0,-153.435
3648,23,98,408.333,1091.667,44101.485,2,255,489.199,350.366,NA,1.894,0.006,90,90
3649,23,99,405.682,1094.318,44401.495,2,255,492.949,354.092,NA,3.75,0.012,135,45
3650,23,100,405.682,1096.591,44701.505,2,255,495.221,355.869,NA,2.273,0.008,90,-45
3651,23,101,405.682,1096.97,45001.515,2,255,495.6,356.166,NA,0.379,0.001,90,0
3652,23,102,405.682,1096.97,45301.525,2,255,495.6,356.166,NA,0,0,0,-90
3653,23,103,403.788,1096.97,45601.535,2,255,497.494,357.346,NA,1.894,0.006,180,180
3654,23,104,397.727,1097.727,45901.546,2,255,503.602,361.749,NA,6.108,0.02,172.875,-7.125
3655,23,105,397.727,1097.727,46201.556,2,255,503.602,361.749,NA,0,0,0,-172.875
3656,23,106,395.076,1101.136,46501.566,2,255,507.921,366.066,NA,4.319,0.014,127.875,127.875
3657,23,107,395.076,1106.439,46801.576,2,255,513.224,370.184,NA,5.303,0.018,90,-37.875
3658,23,108,395.076,1106.439,47101.586,2,255,513.224,370.184,NA,0,0,0,-90
3659,23,109,391.667,1106.439,47401.596,2,255,516.633,372.33,NA,3.409,0.011,180,180
3660,23,110,384.47,1106.439,47701.606,2,255,523.83,376.92,NA,7.197,0.024,180,0
3661,23,111,381.061,1106.439,48001.616,2,255,527.239,379.123,NA,3.409,0.011,180,0
3662,23,112,380.682,1111.364,48301.626,2,255,532.178,383.127,NA,4.939,0.016,94.399,-85.601
3663,23,113,378.409,1117.424,48601.636,2,255,538.65,389.236,NA,6.473,0.022,110.556,16.157
3664,23,114,378.409,1117.424,48901.647,2,255,538.65,389.236,NA,0,0,0,-110.556
3665,23,115,369.697,1117.424,49201.657,2,255,547.363,394.858,NA,8.712,0.029,180,180
3666,23,116,369.697,1117.424,49501.667,2,255,547.363,394.858,NA,0,0,0,-180
3667,23,117,369.697,1117.424,49801.677,2,255,547.363,394.858,NA,0,0,0,0
3668,23,118,369.697,1113.636,50101.687,2,255,551.15,391.992,NA,3.788,0.013,-90,-90
3669,23,119,369.697,1123.106,50401.697,2,255,560.62,399.184,NA,9.47,0.032,90,180
3670,23,120,369.697,1130.303,50701.707,2,255,567.817,404.713,NA,7.197,0.024,90,0
3671,23,121,369.318,1130.303,51001.717,2,255,568.196,404.954,NA,0.379,0.001,180,90
3672,23,122,364.394,1133.712,51301.727,2,255,574.185,410.721,NA,5.989,0.02,145.305,-34.695
3673,23,123,364.394,1133.712,51601.737,2,255,574.185,410.721,NA,0,0,0,-145.305
3674,23,124,364.394,1143.561,51901.748,2,255,584.034,418.34,NA,9.848,0.033,90,90
3675,23,125,362.879,1149.242,52201.758,2,255,589.914,423.721,NA,5.88,0.02,104.931,14.931
3676,23,126,352.273,1155.682,52501.768,2,255,602.322,435.388,NA,12.408,0.041,148.736,43.805
3677,23,127,352.778,1160.354,52801.778,2,255,607.021,438.706,NA,4.699,0.016,83.83,-64.906
3678,23,128,349.242,1167.424,53101.788,2,255,614.926,446.438,NA,7.905,0.026,116.565,32.735
3679,23,129,349.242,1167.424,53401.798,2,255,614.926,446.438,NA,0,0,0,-116.565
3680,23,130,330.051,1167.929,53701.808,2,255,634.125,459.011,NA,19.199,0.064,178.493,178.493
3681,23,131,315.909,1170.455,54001.818,2,255,648.49,470.175,NA,14.365,0.048,169.875,-8.617
3682,23,132,315.404,1170.455,54301.828,2,255,648.995,470.509,NA,0.505,0.002,180,10.125
3683,23,133,311.869,1178.535,54601.838,2,2,657.815,478.913,NA,8.82,0.029,113.629,-66.371
3684,23,134,308.838,1200.253,54901.849,2,167,679.743,497.404,NA,21.928,0.073,97.943,-15.686
3685,23,135,298.737,1225.505,55201.859,2,41,706.94,523.343,NA,27.198,0.091,111.801,13.858
3686,23,136,298.232,1230.051,55501.869,2,255,711.514,527.205,NA,4.573,0.015,96.34,-15.461
3687,23,137,294.192,1238.636,55801.879,2,255,721.003,536.441,NA,9.489,0.032,115.201,18.861
3688,23,138,291.162,1246.212,56101.889,2,255,729.162,544.268,NA,8.159,0.027,111.801,-3.4
3689,23,139,283.081,1258.838,56401.899,2,255,744.153,559.191,NA,14.991,0.05,122.619,10.818
3690,23,140,281.566,1275.505,56701.909,2,255,760.888,573.336,NA,16.735,0.056,95.194,-27.425
3691,23,141,277.525,1285.606,57001.919,2,201,771.767,583.839,NA,10.879,0.036,111.801,16.607
3692,23,142,277.525,1285.606,57301.929,2,189,771.767,583.839,NA,0,0,0,-111.801
3693,23,143,273.485,1284.091,57601.939,2,255,776.083,585.059,NA,4.315,0.014,-159.444,-159.444
3694,23,144,267.424,1282.071,57901.95,2,255,782.471,587.143,NA,6.388,0.021,-161.565,-2.121
3695,23,145,267.424,1282.071,58201.96,2,247,782.471,587.143,NA,0,0,0,161.565
3696,23,146,259.343,1282.071,58501.97,2,148,790.552,592.126,NA,8.081,0.027,180,180
3697,23,147,259.343,1289.141,58801.98,2,255,797.623,597.685,NA,7.071,0.024,90,-90
3698,23,148,253.283,1290.657,59101.99,2,218,803.87,602.62,NA,6.247,0.021,165.964,75.964
3699,23,149,239.646,1308.838,59402,2,84,826.597,625.34,NA,22.727,0.076,126.87,-39.094
3700,23,150,234.091,1311.364,59702.01,2,255,832.699,630.77,NA,6.103,0.02,155.556,28.686
3701,23,151,228.535,1320.455,60002.02,2,255,843.354,641.344,NA,10.654,0.036,121.43,-34.126
3702,24,1,592.424,724.621,32701.101,2,50,0,0,NA,NA,NA,NA,NA
3703,24,2,589.394,734.091,33001.111,2,126,9.943,9.943,NA,9.943,0.033,107.745,NA
3704,24,3,589.394,734.091,33301.121,2,75,9.943,9.943,NA,0,0,0,-107.745
3705,24,4,589.394,740.152,33601.131,2,89,16.003,15.823,NA,6.061,0.02,90,90
3706,24,5,589.394,749.242,33901.141,2,56,25.094,24.807,NA,9.091,0.03,90,0
3707,24,6,579.924,765.53,34201.152,2,145,43.935,42.776,NA,18.841,0.063,120.174,30.174
3708,24,7,578.03,768.939,34501.162,2,188,47.835,46.597,NA,3.9,0.013,119.055,-1.119
3709,24,8,578.03,776.136,34801.172,2,213,55.032,53.488,NA,7.197,0.024,90,-29.055
3710,24,9,564.394,794.318,35101.182,2,164,77.759,75.122,NA,22.727,0.076,126.87,36.87
3711,24,10,556.439,799.621,35401.192,2,206,87.319,83.186,NA,9.56,0.032,146.31,19.44
3712,24,11,551.894,799.621,35701.202,2,109,91.865,85.251,NA,4.545,0.015,180,33.69
3713,24,12,547.348,810.606,36001.212,2,255,103.753,97.084,NA,11.888,0.04,112.479,-67.521
3714,24,13,541.288,811.742,36301.222,2,255,109.919,101.02,NA,6.166,0.021,169.38,56.901
3715,24,14,525.758,821.591,36601.232,2,222,128.309,117.676,NA,18.39,0.061,147.619,-21.761
3716,24,15,518.939,826.515,36901.242,2,255,136.719,125.628,NA,8.41,0.028,144.162,-3.457
3717,24,16,510.985,839.394,37201.253,2,131,151.857,140.731,NA,15.137,0.05,121.701,-22.461
3718,24,17,496.97,858.712,37501.263,2,124,175.723,164.596,NA,23.867,0.08,125.961,4.259
3719,24,18,492.424,863.636,37801.273,2,228,182.425,171.246,NA,6.701,0.022,132.709,6.749
3720,24,19,481.439,864.773,38101.283,2,248,193.468,178.774,NA,11.043,0.037,174.094,41.384
3721,24,20,466.667,874.621,38401.293,2,194,211.223,195.742,NA,17.755,0.059,146.31,-27.784
3722,24,21,452.273,876.515,38701.303,2,238,225.741,206.674,NA,14.518,0.048,172.504,26.194
3723,24,22,451.515,876.515,39001.313,2,255,226.498,207.189,NA,0.758,0.003,180,7.496
3724,24,23,445.076,876.515,39301.323,2,255,232.938,211.621,NA,6.439,0.021,180,0
3725,24,24,445.076,871.591,39601.333,2,152,237.862,208.115,NA,4.924,0.016,-90,90
3726,24,25,445.076,871.591,39901.343,2,255,237.862,208.115,NA,0,0,0,90
3727,24,26,445.076,880.682,40201.354,2,174,246.953,214.631,NA,9.091,0.03,90,90
3728,24,27,427.273,912.5,40501.364,2,228,283.413,250.147,NA,36.46,0.122,119.228,29.228
3729,24,28,412.879,929.167,40801.374,2,235,305.435,272.168,NA,22.022,0.073,130.815,11.587
3730,24,29,405.303,933.712,41101.384,2,229,314.27,280.595,NA,8.835,0.029,149.036,18.221
3731,24,30,409.848,930.682,41401.394,2,255,319.733,275.309,NA,5.463,0.018,-33.69,177.274
3732,24,31,407.955,928.788,41701.404,2,255,322.411,275.16,NA,2.678,0.009,-135,-101.31
3733,24,32,404.545,928.788,42001.414,2,255,325.82,277.457,NA,3.409,0.011,180,-45
3734,24,33,393.939,928.788,42301.424,2,255,336.426,284.746,NA,10.606,0.035,180,0
3735,24,34,393.939,928.788,42601.434,2,255,336.426,284.746,NA,0,0,0,-180
3736,24,35,397.348,925.758,42901.444,2,254,340.987,280.197,NA,4.561,0.015,-41.634,-41.634
3737,24,36,397.348,925.758,43201.455,2,240,340.987,280.197,NA,0,0,0,41.634
3738,24,37,393.939,931.818,43501.465,2,181,347.941,286.927,NA,6.954,0.023,119.358,119.358
3739,24,38,378.409,931.818,43801.475,2,255,363.471,297.881,NA,15.53,0.052,180,60.642
3740,24,39,368.939,931.818,44101.485,2,255,372.941,304.756,NA,9.47,0.032,180,0
3741,24,40,368.939,931.818,44401.495,2,255,372.941,304.756,NA,0,0,0,-180
3742,24,41,367.803,935.985,44701.505,2,255,377.26,308.43,NA,4.319,0.014,105.255,105.255
3743,24,42,367.045,947.727,45001.515,2,255,389.027,317.131,NA,11.767,0.039,93.691,-11.564
3744,24,43,357.955,948.864,45301.525,2,255,398.188,324.439,NA,9.162,0.031,172.875,79.184
3745,24,44,354.167,948.864,45601.535,2,224,401.976,327.187,NA,3.788,0.013,180,7.125
3746,24,45,344.318,954.924,45901.546,2,120,413.54,338.52,NA,11.564,0.039,148.392,-31.608
3747,24,46,344.318,954.924,46201.556,2,172,413.54,338.52,NA,0,0,0,-148.392
3748,24,47,347.348,956.061,46501.566,2,255,416.776,337.085,NA,3.236,0.011,20.556,20.556
3749,24,48,347.348,956.061,46801.576,2,255,416.776,337.085,NA,0,0,0,-20.556
3750,24,49,336.364,956.061,47101.586,2,255,427.761,345.154,NA,10.985,0.037,180,180
3751,24,50,332.955,981.439,47401.596,2,233,453.368,365.075,NA,25.607,0.085,97.651,-82.349
3752,24,51,329.167,984.091,47701.606,2,255,457.992,369.634,NA,4.624,0.015,145.008,47.357
3753,24,52,329.167,984.091,48001.616,2,255,457.992,369.634,NA,0,0,0,-145.008
3754,24,53,329.167,992.424,48301.626,2,255,466.325,375.53,NA,8.333,0.028,90,90
3755,24,54,329.167,996.591,48601.636,2,250,470.492,378.513,NA,4.167,0.014,90,0
3756,24,55,329.167,996.591,48901.647,2,63,470.492,378.513,NA,0,0,0,-90
3757,24,56,321.212,1001.136,49201.657,2,148,479.653,387.32,NA,9.162,0.031,150.255,150.255
3758,24,57,321.212,1017.424,49501.667,2,255,495.941,399.111,NA,16.288,0.054,90,-60.255
3759,24,58,321.212,1017.424,49801.677,2,145,495.941,399.111,NA,0,0,0,-90
3760,24,59,310.227,1023.864,50101.687,2,255,508.674,411.316,NA,12.733,0.042,149.621,149.621
3761,24,60,307.955,1023.864,50401.697,2,255,510.947,412.879,NA,2.273,0.008,180,30.379
3762,24,61,323.106,1035.985,50701.707,2,194,530.351,411.679,NA,19.403,0.065,38.66,-141.34
3763,24,62,323.106,1038.636,51001.717,2,244,533.002,413.688,NA,2.652,0.009,90,51.34
3764,24,63,323.106,1046.97,51301.727,2,220,541.335,420.049,NA,8.333,0.028,90,0
3765,24,64,323.106,1047.348,51601.737,2,212,541.714,420.339,NA,0.379,0.001,90,0
3766,24,65,321.212,1051.515,51901.748,2,108,546.291,424.754,NA,4.577,0.015,114.444,24.444
3767,24,66,315.53,1059.47,52201.758,2,255,556.066,434.504,NA,9.775,0.033,125.538,11.094
3768,24,67,306.439,1067.803,52501.768,2,215,568.399,446.723,NA,12.332,0.041,137.49,11.952
3769,24,68,303.788,1076.136,52801.778,2,126,577.144,454.834,NA,8.745,0.029,107.65,-29.839
3770,24,69,298.864,1075.379,53101.788,2,207,582.126,457.393,NA,4.982,0.017,-171.254,81.096
3771,24,70,294.318,1065.909,53401.798,2,255,592.63,453.15,NA,10.504,0.035,-115.641,55.613
3772,24,71,294.318,1065.152,53701.808,2,226,593.388,452.579,NA,0.758,0.003,-90,25.641
3773,24,72,287.121,1075,54001.818,2,199,605.586,464.731,NA,12.198,0.041,126.158,-143.842
3774,24,73,285.606,1076.894,54301.828,2,189,608.011,467.155,NA,2.425,0.008,128.66,2.502
3775,24,74,285.227,1076.894,54601.838,2,255,608.39,467.404,NA,0.379,0.001,180,51.34
3776,24,75,276.136,1081.439,54901.849,2,184,618.554,476.82,NA,10.164,0.034,153.435,-26.565
3777,24,76,263.258,1081.439,55201.859,2,140,631.433,485.458,NA,12.879,0.043,180,26.565
3778,24,77,250,1091.667,55501.869,2,197,648.177,501.973,NA,16.744,0.056,142.352,-37.648
3779,24,78,234.848,1092.424,55801.879,2,178,663.347,512.971,NA,15.17,0.051,177.138,34.785
3780,24,79,224.621,1100.758,56101.889,2,143,676.54,526.078,NA,13.192,0.044,140.826,-36.311
3781,24,80,216.288,1100.758,56401.899,2,77,684.873,531.937,NA,8.333,0.028,180,39.174
3782,24,81,220.076,1101.136,56701.909,2,123,688.68,529.535,NA,3.807,0.013,5.711,-174.289
3783,24,82,218.561,1104.167,57001.919,2,65,692.068,532.756,NA,3.388,0.011,116.565,110.854
3784,24,83,218.561,1104.924,57301.929,2,67,692.825,533.296,NA,0.758,0.003,90,-26.565
3785,24,84,218.561,1104.924,57601.939,2,71,692.825,533.296,NA,0,0,0,-90
3786,24,85,218.561,1104.924,57901.95,2,228,692.825,533.296,NA,0,0,0,0
3787,24,86,210.606,1104.924,58201.96,2,183,700.78,538.902,NA,7.955,0.027,180,180
3788,24,87,184.47,1137.879,58501.97,2,181,742.841,580.697,NA,42.061,0.14,128.418,-51.582
3789,25,1,570.96,689.646,33601.131,2,45,0,0,NA,NA,NA,NA,NA
3790,25,2,567.424,691.667,33901.141,2,72,4.072,4.072,NA,4.072,0.014,150.255,NA
3791,25,3,567.424,696.212,34201.152,2,140,8.617,7.457,NA,4.545,0.015,90,-60.255
3792,25,4,565.909,700.253,34501.162,2,165,12.932,11.747,NA,4.315,0.014,110.556,20.556
3793,25,5,554.798,700.253,34801.172,2,186,24.044,19.331,NA,11.111,0.037,180,69.444
3794,25,6,554.798,700.253,35101.182,2,118,24.044,19.331,NA,0,0,0,-180
3795,25,7,554.798,700.253,35401.192,2,255,24.044,19.331,NA,0,0,0,0
3796,25,8,554.798,700.253,35701.202,2,255,24.044,19.331,NA,0,0,0,0
3797,25,9,554.798,700.253,36001.212,2,255,24.044,19.331,NA,0,0,0,0
3798,25,10,554.798,700.253,36301.222,2,255,24.044,19.331,NA,0,0,0,0
3799,25,11,554.798,700.253,36601.232,2,255,24.044,19.331,NA,0,0,0,0
3800,25,12,554.798,700.253,36901.242,2,249,24.044,19.331,NA,0,0,0,0
3801,25,13,543.182,705.303,37201.253,2,221,36.71,31.886,NA,12.667,0.042,156.501,156.501
3802,25,14,529.04,705.303,37501.263,2,220,50.852,44.748,NA,14.141,0.047,180,23.499
3803,25,15,513.889,708.333,37801.273,2,224,66.303,60.052,NA,15.452,0.052,168.69,-11.31
3804,25,16,483.586,734.091,38101.283,2,206,106.074,98.028,NA,39.771,0.133,139.635,-29.055
3805,25,17,471.465,734.091,38401.293,2,237,118.195,108.97,NA,12.121,0.04,180,40.365
3806,25,18,471.465,734.091,38701.303,2,241,118.195,108.97,NA,0,0,0,-180
3807,25,19,460.354,738.636,39001.313,2,255,130.2,120.97,NA,12.005,0.04,157.751,157.751
3808,25,20,441.667,746.717,39301.323,2,248,150.559,141.328,NA,20.359,0.068,156.615,-1.136
3809,25,21,434.596,744.192,39601.333,2,255,158.068,146.868,NA,7.508,0.025,-160.346,43.039
3810,25,22,434.091,743.687,39901.343,2,255,158.782,147.151,NA,0.714,0.002,-135,25.346
3811,25,23,409.848,745.202,40201.354,2,255,183.072,170.421,NA,24.29,0.081,176.424,-48.576
3812,25,24,407.955,747.348,40501.364,2,255,185.934,172.917,NA,2.863,0.01,131.424,-45
3813,25,25,395.833,748.485,40801.374,2,234,198.108,184.746,NA,12.174,0.041,174.644,43.221
3814,25,26,395.833,748.485,41101.384,2,255,198.108,184.746,NA,0,0,0,-174.644
3815,25,27,395.833,748.485,41401.394,2,230,198.108,184.746,NA,0,0,0,0
3816,25,28,385.985,751.136,41701.404,2,255,208.308,194.927,NA,10.199,0.034,164.932,164.932
3817,25,29,370.076,761.364,42001.414,2,235,227.221,213.302,NA,18.913,0.063,147.265,-17.667
3818,25,30,366.288,769.318,42301.424,2,233,236.031,219.632,NA,8.81,0.029,115.463,-31.801
3819,25,31,362.5,776.515,42601.434,2,227,244.164,225.835,NA,8.133,0.027,117.759,2.295
3820,25,32,362.5,776.515,42901.444,2,255,244.164,225.835,NA,0,0,0,-117.759
3821,25,33,362.5,780.682,43201.455,2,255,248.33,227.471,NA,4.167,0.014,90,90
3822,25,34,371.97,782.197,43501.465,2,255,257.921,219.46,NA,9.59,0.032,9.09,-80.91
3823,25,35,371.97,782.197,43801.475,2,255,257.921,219.46,NA,0,0,0,-9.09
3824,25,36,371.212,795.076,44101.485,2,8,270.822,225.864,NA,12.901,0.043,93.366,93.366
3825,25,37,349.242,815.909,44401.495,2,144,301.099,255.148,NA,30.277,0.101,136.521,43.154
3826,25,38,341.288,827.273,44701.505,2,212,314.97,267.75,NA,13.871,0.046,124.992,-11.529
3827,25,39,341.288,834.848,45001.515,2,255,322.545,271.722,NA,7.576,0.025,90,-34.992
3828,25,40,341.288,845.455,45301.525,2,208,333.152,277.534,NA,10.606,0.035,90,0
3829,25,41,328.409,852.273,45601.535,2,180,347.724,292.024,NA,14.572,0.049,152.103,62.103
3830,25,42,328.409,855.303,45901.546,2,255,350.754,293.722,NA,3.03,0.01,90,-62.103
3831,25,43,336.742,853.788,46201.556,2,255,359.224,286.007,NA,8.47,0.028,-10.305,-100.305
3832,25,44,331.439,850.379,46501.566,2,255,365.528,288.452,NA,6.304,0.021,-147.265,-136.96
3833,25,45,324.242,856.061,46801.576,2,255,374.698,297.595,NA,9.169,0.031,141.71,-71.025
3834,25,46,314.773,873.485,47101.586,2,208,394.529,315.322,NA,19.831,0.066,118.523,-23.187
3835,25,47,317.045,873.485,47401.596,2,218,396.802,313.479,NA,2.273,0.008,0,-118.523
3836,25,48,312.5,893.939,47701.606,2,255,417.755,329.449,NA,20.954,0.07,102.529,102.529
3837,25,49,305.303,908.333,48001.616,2,246,433.848,344.089,NA,16.093,0.054,116.565,14.036
3838,25,50,305.303,908.333,48301.626,2,255,433.848,344.089,NA,0,0,0,-116.565
3839,25,51,305.303,920.455,48601.636,2,255,445.969,351.917,NA,12.121,0.04,90,90
3840,25,52,288.258,930.303,48901.647,2,250,465.656,371.263,NA,19.686,0.066,149.982,59.982
3841,25,53,268.939,942.045,49201.657,2,253,488.263,393.601,NA,22.607,0.075,148.707,-1.275
3842,25,54,270.96,949.242,49501.667,2,255,495.738,396.724,NA,7.475,0.025,74.32,-74.386
3843,25,55,264.899,948.737,49801.677,2,255,501.819,401,NA,6.082,0.02,-175.236,110.443
3844,25,56,260.859,946.212,50101.687,2,255,506.584,402.478,NA,4.765,0.016,-147.995,27.242
3845,25,57,260.354,942.172,50401.697,2,255,510.656,400.306,NA,4.072,0.014,-97.125,50.87
3846,25,58,256.313,940.657,50701.707,2,255,514.971,402.503,NA,4.315,0.014,-159.444,-62.319
3847,25,59,253.283,929.04,51001.717,2,255,526.976,397.779,NA,12.005,0.04,-104.621,54.823
3848,25,60,253.283,929.04,51301.727,2,243,526.976,397.779,NA,0,0,0,104.621
3849,25,61,246.717,925,51601.737,2,255,534.685,400.655,NA,7.709,0.026,-148.392,-148.392
3850,25,62,236.616,925,51901.748,2,255,544.786,408.873,NA,10.101,0.034,180,-31.608
3851,25,63,236.616,925,52201.758,2,248,544.786,408.873,NA,0,0,0,-180
3852,25,64,236.616,948.232,52501.768,2,215,568.018,422.673,NA,23.232,0.077,90,90
3853,25,65,214.899,948.232,52801.778,2,232,589.736,440.052,NA,21.717,0.072,180,90
3854,25,66,195.707,963.889,53101.788,2,250,614.504,464.783,NA,24.768,0.083,140.793,-39.207
3855,25,67,179.545,972.475,53401.798,2,166,632.804,482.905,NA,18.301,0.061,152.021,11.228
3856,25,68,158.838,979.04,53701.808,2,255,654.527,503.58,NA,21.723,0.072,162.408,10.387
3857,25,69,157.828,979.04,54001.818,2,255,655.537,504.407,NA,1.01,0.003,180,17.592
3858,25,70,148.737,982.576,54301.828,2,255,665.292,513.886,NA,9.754,0.033,158.749,-21.251
3859,25,71,137.626,975,54601.838,2,255,678.74,518.849,NA,13.448,0.045,-145.713,55.537
3860,25,72,132.071,969.949,54901.849,2,255,686.248,520.762,NA,7.508,0.025,-137.726,7.987
3861,25,73,124.495,961.869,55201.859,2,255,697.324,522.911,NA,11.077,0.037,-133.152,4.574
3862,25,74,115.404,955.303,55501.869,2,255,708.538,527.356,NA,11.214,0.037,-144.162,-11.01
3863,25,75,115.404,955.303,55801.879,2,245,708.538,527.356,NA,0,0,0,144.162
3864,25,76,107.828,945.202,56101.889,2,255,721.165,528.961,NA,12.626,0.042,-126.87,-126.87
3865,25,77,109.343,935.606,56401.899,2,252,730.879,523.054,NA,9.715,0.032,-81.027,45.843
3866,25,78,120.96,926.515,56701.909,2,255,745.63,508.534,NA,14.751,0.049,-38.047,42.98
3867,25,79,120.96,926.515,57001.919,2,255,745.63,508.534,NA,0,0,0,38.047
3868,25,80,122.475,934.596,57301.929,2,255,753.852,511.018,NA,8.222,0.027,79.38,79.38
3869,25,81,122.475,934.596,57601.939,2,255,753.852,511.018,NA,0,0,0,-79.38
3870,25,82,114.899,935.101,57901.95,2,255,761.444,517.918,NA,7.593,0.025,176.186,176.186
3871,25,83,114.899,935.101,58201.96,2,255,761.444,517.918,NA,0,0,0,-176.186
3872,25,84,115.909,912.374,58501.97,2,242,784.194,506.634,NA,22.75,0.076,-87.455,-87.455
3873,25,85,105.808,931.061,58801.98,2,255,805.436,524.067,NA,21.242,0.071,118.393,-154.152
3874,25,86,103.283,937.626,59101.99,2,255,812.471,529.354,NA,7.035,0.023,111.038,-7.356
3875,25,87,92.172,940.657,59402,2,255,823.988,540.596,NA,11.517,0.038,164.745,53.707
3876,25,88,103.788,942.677,59702.01,2,228,835.778,531.294,NA,11.791,0.039,9.866,-154.879
3877,25,89,97.222,942.677,60002.02,2,255,842.344,537.077,NA,6.566,0.022,180,170.134
3878,25,90,93.687,953.788,60302.03,2,255,854.004,545.491,NA,11.66,0.039,107.65,-72.35
3879,25,91,90.152,952.778,60602.04,2,255,857.681,548.101,NA,3.677,0.012,-164.055,88.295
3880,25,92,91.667,951.768,60902.051,2,255,859.502,546.287,NA,1.821,0.006,-33.69,130.365
3881,25,93,91.667,951.768,61202.061,2,255,859.502,546.287,NA,0,0,0,33.69
3882,25,94,91.667,951.768,61502.071,2,255,859.502,546.287,NA,0,0,0,0
3883,25,95,87.121,951.768,61802.081,2,255,864.047,550.279,NA,4.545,0.015,180,180
3884,25,96,87.121,951.768,62102.091,2,255,864.047,550.279,NA,0,0,0,-180
3885,25,97,87.121,951.768,62402.101,2,255,864.047,550.279,NA,0,0,0,0
3886,25,98,84.091,955.303,62702.111,2,255,868.703,554.63,NA,4.656,0.016,130.601,130.601
3887,25,99,84.091,955.303,63002.121,2,255,868.703,554.63,NA,0,0,0,-130.601
3888,25,100,80.556,951.263,63302.131,2,255,874.072,555.823,NA,5.369,0.018,-131.186,-131.186
3889,25,101,80.556,951.263,63602.141,2,255,874.072,555.823,NA,0,0,0,131.186
3890,25,102,80.556,951.263,63902.152,2,255,874.072,555.823,NA,0,0,0,0
3891,25,103,68.939,951.263,64202.162,2,255,885.688,566.098,NA,11.616,0.039,180,180
3892,25,104,68.434,951.263,64502.172,2,255,886.193,566.546,NA,0.505,0.002,180,0
3893,25,105,64.394,951.768,64802.182,2,255,890.265,570.365,NA,4.072,0.014,172.875,-7.125
3894,25,106,60.354,956.818,65102.192,2,255,896.733,576.281,NA,6.468,0.022,128.66,-44.215
3895,25,107,60.859,959.343,65402.202,2,225,899.308,577.009,NA,2.575,0.009,78.69,-49.97
3896,25,108,63.889,965.404,65702.212,2,221,906.084,577.203,NA,6.776,0.023,63.435,-15.255
3897,25,109,63.889,968.434,66002.222,2,255,909.114,578.657,NA,3.03,0.01,90,26.565
3898,25,110,49.747,984.596,66302.232,2,255,930.59,598.88,NA,21.475,0.072,131.186,41.186
3899,25,111,48.232,987.626,66602.242,2,255,933.977,601.694,NA,3.388,0.011,116.565,-14.621
3900,25,112,48.232,990.657,66902.253,2,255,937.008,603.201,NA,3.03,0.01,90,-26.565
3901,25,113,48.232,997.222,67202.263,2,255,943.573,606.504,NA,6.566,0.022,90,0
3902,25,114,48.232,997.222,67502.273,2,225,943.573,606.504,NA,0,0,0,-90
3903,25,115,50.758,998.737,67802.283,2,225,946.518,605.101,NA,2.945,0.01,30.964,30.964
3904,25,116,50.758,998.737,68102.293,2,208,946.518,605.101,NA,0,0,0,-30.964
3905,25,117,50.758,1001.263,68402.303,2,219,949.044,606.395,NA,2.525,0.008,90,90
3906,25,118,50.758,1003.788,68702.313,2,191,951.569,607.696,NA,2.525,0.008,90,0
3907,25,119,50.758,1003.788,69002.323,2,159,951.569,607.696,NA,0,0,0,-90
3908,25,120,59.848,1004.798,69302.333,2,255,960.716,600.462,NA,9.147,0.03,6.34,6.34
3909,25,121,59.848,1004.798,69602.344,2,255,960.716,600.462,NA,0,0,0,-6.34
3910,25,122,59.343,1003.788,69902.354,2,255,961.845,600.363,NA,1.129,0.004,-116.565,-116.565
3911,25,123,51.768,1002.778,70202.364,2,191,969.488,606.31,NA,7.643,0.025,-172.405,-55.84
3912,25,124,50.253,998.232,70502.374,2,255,974.279,605.278,NA,4.791,0.016,-108.435,63.97
3913,25,125,42.677,1003.283,70802.384,2,254,983.384,614.37,NA,9.105,0.03,146.31,-105.255
3914,25,126,38.636,1012.879,71102.394,2,161,993.796,622.774,NA,10.412,0.035,112.834,-33.476
3915,25,127,38.636,1012.879,71402.404,2,255,993.796,622.774,NA,0,0,0,-112.834
3916,25,128,36.111,1012.879,71702.414,2,167,996.321,624.934,NA,2.525,0.008,180,180
3917,25,130,36.111,1014.899,72002.424,2,255,998.341,625.981,NA,2.02,0.007,90,-90
3918,26,1,604.545,535.985,38401.293,2,119,0,0,NA,NA,NA,NA,NA
3919,26,2,604.545,529.924,38701.303,2,227,6.061,6.061,NA,6.061,0.02,-90,NA
3920,26,3,604.545,529.924,39001.313,2,111,6.061,6.061,NA,0,0,0,90
3921,26,4,604.924,525.758,39301.323,2,124,10.244,10.234,NA,4.184,0.014,-84.806,-84.806
3922,26,5,610.985,519.318,39601.333,2,173,19.087,17.867,NA,8.843,0.029,-46.736,38.07
3923,26,6,609.848,517.045,39901.343,2,155,21.628,19.668,NA,2.541,0.008,-116.565,-69.829
3924,26,7,609.848,517.045,40201.354,2,88,21.628,19.668,NA,0,0,0,116.565
3925,26,8,609.848,503.409,40501.364,2,255,35.265,33.005,NA,13.636,0.045,-90,-90
3926,26,9,613.258,503.409,40801.374,2,238,38.674,33.721,NA,3.409,0.011,0,90
3927,26,10,624.621,491.667,41101.384,2,211,55.014,48.653,NA,16.341,0.054,-45.939,-45.939
3928,26,11,632.576,484.091,41401.394,2,139,65.999,58.98,NA,10.985,0.037,-43.603,2.336
3929,26,12,632.576,484.47,41701.404,2,255,66.378,58.647,NA,0.379,0.001,90,133.603
3930,26,13,632.576,488.636,42001.414,2,255,70.545,55.023,NA,4.167,0.014,90,0
3931,26,14,632.576,488.636,42301.424,2,255,70.545,55.023,NA,0,0,0,-90
3932,26,15,632.576,488.636,42601.434,2,251,70.545,55.023,NA,0,0,0,0
3933,26,16,632.576,486.742,42901.444,2,255,72.439,56.661,NA,1.894,0.006,-90,-90
3934,26,17,632.576,483.712,43201.455,2,255,75.469,59.314,NA,3.03,0.01,-90,0
3935,26,18,637.121,482.955,43501.465,2,255,80.077,62.237,NA,4.608,0.015,-9.462,80.538
3936,26,19,637.121,478.788,43801.475,2,255,84.244,65.823,NA,4.167,0.014,-90,-80.538
3937,26,20,634.848,468.939,44101.485,2,255,94.351,73.576,NA,10.107,0.034,-102.995,-12.995
3938,26,21,619.697,448.485,44401.495,2,255,119.806,88.802,NA,25.455,0.085,-126.529,-23.534
3939,26,22,604.924,437.5,44701.505,2,160,138.215,98.486,NA,18.409,0.061,-143.366,-16.837
3940,26,23,592.045,413.258,45001.515,2,255,165.666,123.362,NA,27.451,0.092,-117.979,25.386
3941,26,24,585.985,401.136,45301.525,2,211,179.218,136.12,NA,13.552,0.045,-116.565,1.414
3942,26,25,568.434,371.97,45601.535,2,252,213.258,167.943,NA,34.04,0.113,-121.037,-4.472
3943,26,26,555.808,364.394,45901.546,2,214,227.983,178.378,NA,14.725,0.049,-149.036,-28
3944,26,27,538.636,354.798,46201.556,2,255,247.654,192.802,NA,19.671,0.066,-150.803,-1.766
3945,26,28,528.535,352.273,46501.566,2,128,258.066,198.816,NA,10.412,0.035,-165.964,-15.161
3946,26,29,507.323,349.747,46801.576,2,255,279.428,210.087,NA,21.362,0.071,-173.211,-7.247
3947,26,30,498.737,333.586,47101.586,2,255,297.728,228.387,NA,18.301,0.061,-117.979,55.232
3948,26,31,493.182,323.99,47401.596,2,255,308.816,239.465,NA,11.088,0.037,-120.069,-2.089
3949,26,32,480.051,307.323,47701.606,2,255,330.035,260.356,NA,21.218,0.071,-128.234,-8.165
3950,26,33,460.354,278.535,48001.616,2,248,364.916,295.079,NA,34.881,0.116,-124.38,3.853
3951,26,34,463.889,288.131,48301.626,2,253,375.143,284.984,NA,10.226,0.034,69.775,-165.845
3952,26,35,446.717,283.586,48601.636,2,255,392.906,297.683,NA,17.763,0.059,-165.174,125.051
3953,26,36,439.141,282.576,48901.647,2,255,400.548,302.613,NA,7.643,0.025,-172.405,-7.232
3954,26,37,423.485,283.333,49201.657,2,255,416.223,310.831,NA,15.675,0.052,177.23,-10.365
3955,26,38,416.288,280.682,49501.667,2,226,423.893,317.207,NA,7.67,0.026,-159.775,22.995
3956,26,39,400.758,273.106,49801.677,2,193,441.173,332.618,NA,17.28,0.058,-153.997,5.778
3957,26,40,397.727,268.182,50101.687,2,255,446.955,338.367,NA,5.782,0.019,-121.608,32.389
3958,26,41,399.242,259.848,50401.697,2,255,455.425,344.094,NA,8.47,0.028,-79.695,41.912
3959,26,42,399.242,248.485,50701.707,2,255,466.788,353.278,NA,11.364,0.038,-90,-10.305
3960,26,43,399.242,248.485,51001.717,2,255,466.788,353.278,NA,0,0,0,90
3961,26,44,398.864,248.485,51301.727,2,142,467.167,353.499,NA,0.379,0.001,180,180
3962,26,45,377.273,248.485,51601.737,2,239,488.758,366.482,NA,21.591,0.072,180,0
3963,26,46,371.97,248.485,51901.748,2,156,494.061,369.794,NA,5.303,0.018,180,0
3964,26,47,356.061,248.106,52201.758,2,221,509.975,380.288,NA,15.914,0.053,-178.636,1.364
3965,26,48,356.061,233.712,52501.768,2,255,524.369,391.297,NA,14.394,0.048,-90,88.636
3966,26,49,351.136,233.712,52801.778,2,190,529.293,394.443,NA,4.924,0.016,180,-90
3967,26,50,339.015,234.848,53101.788,2,255,541.467,401.484,NA,12.174,0.041,174.644,-5.356
3968,26,51,331.061,230.682,53401.798,2,185,550.447,409.883,NA,8.98,0.03,-152.354,33.002
3969,26,52,312.121,215.909,53701.808,2,255,574.466,433.544,NA,24.019,0.08,-142.046,10.308
3970,26,53,300.758,210.227,54001.818,2,130,587.171,445.427,NA,12.705,0.042,-153.435,-11.389
3971,26,54,293.561,215.152,54301.828,2,242,595.892,446.817,NA,8.72,0.029,145.62,-60.945
3972,26,55,281.818,211.364,54601.838,2,213,608.23,457.746,NA,12.338,0.041,-162.121,52.259
3973,26,56,272.727,201.136,54901.849,2,112,621.914,471.409,NA,13.684,0.046,-131.634,30.488
3974,26,57,250,188.258,55201.859,2,106,648.036,496.605,NA,26.123,0.087,-150.461,-18.828
3975,26,58,240.909,189.015,55501.869,2,198,657.159,502.613,NA,9.122,0.03,175.236,-34.302
3976,26,59,231.439,184.091,55801.879,2,179,667.832,512.872,NA,10.673,0.036,-152.526,32.238
3977,27,1,540.53,617.045,36601.232,2,255,0,0,NA,NA,NA,NA,NA
3978,27,2,537.121,617.045,36901.242,2,130,3.409,3.409,NA,3.409,0.011,180,NA
3979,27,3,537.121,622.348,37201.253,2,66,8.712,6.304,NA,5.303,0.018,90,-90
3980,27,4,526.515,627.273,37501.263,2,118,20.406,17.35,NA,11.693,0.039,155.095,65.095
3981,27,5,526.136,625.379,37801.273,2,146,22.337,16.632,NA,1.931,0.006,-101.31,103.595
3982,27,6,503.409,640.53,38101.283,2,183,49.652,43.926,NA,27.315,0.091,146.31,-112.38
3983,27,7,485.606,648.485,38401.293,2,255,69.151,63.286,NA,19.499,0.065,155.925,9.615
3984,27,8,477.652,658.712,38701.303,2,255,82.108,75.431,NA,12.957,0.043,127.875,-28.05
3985,27,9,456.439,658.333,39001.313,2,255,103.323,93.68,NA,21.216,0.071,-178.977,53.148
3986,27,10,430.682,660.606,39301.323,2,255,129.181,118.17,NA,25.858,0.086,174.958,-6.065
3987,27,11,417.045,664.394,39601.333,2,255,143.333,132.251,NA,14.153,0.047,164.476,-10.482
3988,27,12,419.318,678.03,39901.343,2,255,157.158,135.689,NA,13.824,0.046,80.538,-83.938
3989,27,13,412.879,685.985,40201.354,2,255,167.392,145.078,NA,10.234,0.034,128.991,48.453
3990,27,14,388.258,700.379,40501.364,2,255,195.912,173.584,NA,28.52,0.095,149.689,20.698
3991,27,15,379.924,701.894,40801.374,2,142,204.382,181.641,NA,8.47,0.028,169.695,20.006
3992,27,16,375.758,713.636,41101.384,2,204,216.842,190.997,NA,12.46,0.042,109.537,-60.158
3993,27,17,341.288,730.682,41401.394,2,255,255.296,229.37,NA,38.454,0.128,153.687,44.151
3994,27,18,327.273,745.455,41701.404,2,252,275.659,248.933,NA,20.363,0.068,133.493,-20.195
3995,27,19,312.121,767.803,42001.414,2,248,302.659,273.676,NA,27,0.09,124.136,-9.357
3996,27,20,280.682,785.985,42301.424,2,255,338.978,309.938,NA,36.318,0.121,149.959,25.823
3997,27,21,270.833,776.894,42601.434,2,255,352.381,313.509,NA,13.403,0.045,-137.291,72.751
3998,27,22,270.833,776.515,42901.444,2,201,352.759,313.316,NA,0.379,0.001,-90,47.291
3999,27,23,262.121,776.515,43201.455,2,255,361.471,320.846,NA,8.712,0.029,180,-90
4000,27,24,262.121,776.515,43501.465,2,255,361.471,320.846,NA,0,0,0,-180
4001,27,25,252.652,787.5,43801.475,2,238,375.975,334.558,NA,14.503,0.048,130.764,130.764
4002,27,26,237.879,787.879,44101.485,2,129,390.752,347.537,NA,14.778,0.049,178.531,47.768
4003,27,27,237.5,787.879,44401.495,2,255,391.131,347.867,NA,0.379,0.001,180,1.469
4004,27,28,257.955,790.152,44701.505,2,255,411.711,331.383,NA,20.58,0.069,6.34,-173.66
4005,27,29,269.318,807.576,45001.515,2,255,432.514,331.448,NA,20.802,0.069,56.889,50.548
4006,27,30,278.788,818.182,45301.525,2,235,446.732,330.098,NA,14.218,0.047,48.24,-8.649
4007,27,31,280.303,837.879,45601.535,2,255,466.487,341.3,NA,19.755,0.066,85.601,37.362
4008,27,32,288.258,860.985,45901.546,2,255,490.924,350.924,NA,24.437,0.081,71.003,-14.598
4009,27,33,273.485,878.788,46201.556,2,255,514.058,373.928,NA,23.134,0.077,129.685,58.682
4010,27,34,257.576,885.227,46501.566,2,228,531.221,389.852,NA,17.163,0.057,157.964,28.278
4011,27,35,244.318,899.621,46801.576,2,255,550.79,409.378,NA,19.569,0.065,132.647,-25.317
4012,27,36,228.03,891.288,47101.586,2,255,569.086,415.771,NA,18.296,0.061,-152.904,74.449
4013,27,37,218.182,889.773,47401.596,2,255,579.051,422.242,NA,9.964,0.033,-171.254,-18.349
4014,27,38,206.439,893.939,47701.606,2,255,591.51,433.92,NA,12.46,0.042,160.463,-28.283
4015,27,39,186.364,899.242,48001.616,2,255,612.275,452.846,NA,20.764,0.069,165.203,4.74
4016,27,40,170.076,928.03,48301.626,2,255,645.351,483.682,NA,33.076,0.11,119.501,-45.703
4017,27,41,160.606,933.712,48601.636,2,255,656.394,494.591,NA,11.043,0.037,149.036,29.536
4018,27,42,148.864,947.727,48901.647,2,255,674.678,512.595,NA,18.284,0.061,129.958,-19.079
4019,27,43,148.864,961.742,49201.657,2,255,688.694,521.746,NA,14.015,0.047,90,-39.958
4020,27,44,148.485,972.348,49501.667,2,255,699.306,529.093,NA,10.613,0.035,92.045,2.045
4021,27,45,148.485,973.106,49801.677,2,255,700.064,529.602,NA,0.758,0.003,90,-2.045
4022,27,46,148.485,982.955,50101.687,2,255,709.912,536.273,NA,9.848,0.033,90,0
4023,27,47,145.076,997.727,50401.697,2,255,725.073,548.911,NA,15.161,0.051,102.995,12.995
4024,27,48,141.667,1007.576,50701.707,2,255,735.495,558.217,NA,10.422,0.035,109.093,6.099
4025,27,49,140.909,1012.5,51001.717,2,255,740.477,562.211,NA,4.982,0.017,98.746,-10.347
4026,27,50,134.848,1016.288,51301.727,2,172,747.624,569.186,NA,7.147,0.024,147.995,49.248
4027,27,51,139.773,1014.394,51601.737,2,220,752.9,564.351,NA,5.276,0.018,-21.038,-169.032
4028,27,52,142.803,1014.773,51901.748,2,199,755.954,562.471,NA,3.054,0.01,7.125,28.163
4029,27,53,142.803,1014.773,52201.758,2,255,755.954,562.471,NA,0,0,0,-7.125
4030,27,54,142.803,1014.773,52501.768,2,177,755.954,562.471,NA,0,0,0,0
4031,27,55,142.803,1014.773,52801.778,2,255,755.954,562.471,NA,0,0,0,0
4032,27,56,143.182,1016.667,53101.788,2,237,757.886,563.545,NA,1.931,0.006,78.69,78.69
4033,27,57,148.106,1016.667,53401.798,2,132,762.81,560.084,NA,4.924,0.016,0,-78.69
4034,27,58,148.106,1016.667,53701.808,2,231,762.81,560.084,NA,0,0,0,0
4035,27,59,151.515,1017.424,54001.818,2,255,766.302,558.244,NA,3.492,0.012,12.529,12.529
4036,27,60,151.515,1017.424,54301.828,2,250,766.302,558.244,NA,0,0,0,-12.529
4037,27,61,151.515,1017.424,54601.838,2,219,766.302,558.244,NA,0,0,0,0
4038,27,62,143.939,1022.348,54901.849,2,255,775.338,567.058,NA,9.036,0.03,146.976,146.976
4039,27,63,137.5,1022.348,55201.859,2,166,781.777,571.58,NA,6.439,0.021,180,33.024
4040,27,64,137.5,1027.652,55501.869,2,255,787.08,575.353,NA,5.303,0.018,90,-90
4041,27,65,129.924,1021.212,55801.879,2,219,797.023,576.149,NA,9.943,0.033,-139.635,130.365
4042,27,66,123.106,1021.212,56101.889,2,182,803.841,581.028,NA,6.818,0.023,180,-40.365
4043,27,67,118.939,1021.212,56401.899,2,225,808.008,584.029,NA,4.167,0.014,180,0
4044,27,68,104.924,1018.561,56701.909,2,68,822.271,592.425,NA,14.264,0.048,-169.287,10.713
4045,27,69,96.212,1018.939,57001.919,2,172,830.992,599.114,NA,8.72,0.029,177.51,-13.203
4046,27,70,84.091,1019.697,57301.929,2,89,843.137,608.658,NA,12.145,0.04,176.424,-1.087
4047,27,71,72.727,1025.758,57601.939,2,217,856.015,621.197,NA,12.879,0.043,151.928,-24.496
4048,28,1,874.621,769.318,38101.283,2,34,0,0,NA,NA,NA,NA,NA
4049,28,2,876.136,773.485,38401.293,2,84,4.434,4.434,NA,4.434,0.015,70.017,NA
4050,28,3,876.136,773.485,38701.303,2,50,4.434,4.434,NA,0,0,0,-70.017
4051,28,4,876.136,773.485,39001.313,2,63,4.434,4.434,NA,0,0,0,0
4052,28,5,882.576,769.318,39301.323,2,94,12.103,7.955,NA,7.67,0.026,-32.905,-32.905
4053,28,6,882.576,775,39601.333,2,109,17.785,9.775,NA,5.682,0.019,90,122.905
4054,28,7,884.848,779.167,39901.343,2,92,22.531,14.198,NA,4.746,0.016,61.39,-28.61
4055,28,8,884.848,779.167,40201.354,2,91,22.531,14.198,NA,0,0,0,-61.39
4056,28,9,892.045,779.167,40501.364,2,87,29.728,20.015,NA,7.197,0.024,0,0
4057,28,10,895.455,785.985,40801.374,2,170,37.351,26.68,NA,7.623,0.025,63.435,63.435
4058,28,11,900,787.121,41101.384,2,92,42.037,31,NA,4.685,0.016,14.036,-49.399
4059,28,12,901.515,789.015,41401.394,2,127,44.462,33.335,NA,2.425,0.008,51.34,37.304
4060,28,13,904.545,793.561,41701.404,2,157,49.925,38.512,NA,5.463,0.018,56.31,4.97
4061,28,14,904.545,793.561,42001.414,2,220,49.925,38.512,NA,0,0,0,-56.31
4062,28,15,898.106,791.667,42301.424,2,111,56.637,32.419,NA,6.712,0.022,-163.61,-163.61
4063,28,16,900.758,786.742,42601.434,2,240,62.23,31.412,NA,5.593,0.019,-61.699,101.911
4064,28,17,902.652,786.742,42901.444,2,152,64.124,33.005,NA,1.894,0.006,0,61.699
4065,28,18,900.758,787.879,43201.455,2,104,66.333,32.056,NA,2.209,0.007,149.036,149.036
4066,28,19,894.697,787.879,43501.465,2,179,72.393,27.341,NA,6.061,0.02,180,30.964
4067,28,20,894.697,789.773,43801.475,2,162,74.287,28.661,NA,1.894,0.006,90,-90
4068,28,21,905.303,796.591,44101.485,2,235,86.896,41.051,NA,12.609,0.042,32.735,-57.265
4069,28,22,905.303,804.167,44401.495,2,180,94.472,46.43,NA,7.576,0.025,90,57.265
4070,28,23,906.818,804.545,44701.505,2,240,96.033,47.724,NA,1.562,0.005,14.036,-75.964
4071,28,24,906.818,804.545,45001.515,2,255,96.033,47.724,NA,0,0,0,-14.036
4072,28,25,911.364,806.818,45301.525,2,255,101.115,52.5,NA,5.082,0.017,26.565,26.565
4073,28,26,911.364,810.227,45601.535,2,255,104.524,54.987,NA,3.409,0.011,90,63.435
4074,28,27,911.364,815.152,45901.546,2,231,109.449,58.743,NA,4.924,0.016,90,0
4075,28,28,930.303,815.53,46201.556,2,255,128.392,72.36,NA,18.943,0.063,1.146,-88.854
4076,28,29,930.303,815.53,46501.566,2,255,128.392,72.36,NA,0,0,0,-1.146
4077,28,30,940.53,819.697,46801.576,2,255,139.435,82.958,NA,11.043,0.037,22.166,22.166
4078,28,31,935.227,819.697,47101.586,2,182,144.738,78.811,NA,5.303,0.018,180,157.834
4079,28,32,946.212,826.136,47401.596,2,238,157.471,91.398,NA,12.733,0.042,30.379,-149.621
4080,28,33,956.818,835.227,47701.606,2,236,171.44,105.358,NA,13.969,0.047,40.601,10.222
4081,28,34,964.015,835.227,48001.616,2,240,178.637,111.064,NA,7.197,0.024,0,-40.601
4082,28,35,964.015,835.227,48301.626,2,255,178.637,111.064,NA,0,0,0,0
4083,28,36,967.045,835.227,48601.636,2,255,181.668,113.518,NA,3.03,0.01,0,0
4084,28,37,969.697,842.424,48901.647,2,229,189.338,119.933,NA,7.67,0.026,69.775,69.775
4085,28,38,979.545,867.803,49201.657,2,240,216.56,143.904,NA,27.223,0.091,68.791,-0.984
4086,28,39,962.879,892.424,49501.667,2,232,246.292,151.474,NA,29.732,0.099,124.095,55.304
4087,28,40,956.818,895.076,49801.677,2,197,252.907,150.238,NA,6.615,0.022,156.371,32.276
4088,28,41,965.53,903.409,50101.687,2,250,264.963,162.003,NA,12.056,0.04,43.727,-112.644
4089,28,42,962.879,906.061,50401.697,2,255,268.713,162.751,NA,3.75,0.012,135,91.273
4090,28,43,962.879,926.515,50701.707,2,255,289.168,180.278,NA,20.455,0.068,90,-45
4091,28,44,966.667,937.879,51001.717,2,255,301.146,192.055,NA,11.978,0.04,71.565,-18.435
4092,28,45,973.106,953.409,51301.727,2,250,317.958,208.779,NA,16.812,0.056,67.479,-4.086
4093,28,46,978.03,954.167,51601.737,2,255,322.941,211.807,NA,4.982,0.017,8.746,-58.733
4094,28,47,995.455,966.667,51901.748,2,255,344.385,231.403,NA,21.444,0.071,35.655,26.909
4095,28,48,1010.227,967.045,52201.758,2,227,359.162,239.76,NA,14.778,0.049,1.469,-34.187
4096,28,49,1020.076,964.394,52501.768,2,210,369.361,243.334,NA,10.199,0.034,-15.068,-16.537
4097,28,50,1033.712,964.394,52801.778,2,246,382.998,251.723,NA,13.636,0.045,0,15.068
4098,28,51,1033.712,964.394,53101.788,2,246,382.998,251.723,NA,0,0,0,0
4099,28,52,1039.773,964.394,53401.798,2,255,389.058,255.597,NA,6.061,0.02,0,0
4100,28,53,1039.394,960.985,53701.808,2,255,392.489,252.757,NA,3.43,0.011,-96.34,-96.34
4101,28,54,1035.606,953.409,54001.818,2,255,400.958,244.552,NA,8.47,0.028,-116.565,-20.225
4102,28,55,1038.636,947.727,54301.828,2,255,407.398,242.344,NA,6.439,0.021,-61.928,54.638
4103,28,56,1053.788,947.727,54601.838,2,255,422.549,252.845,NA,15.152,0.051,0,61.928
4104,28,57,1046.212,956.439,54901.849,2,255,434.095,253.885,NA,11.545,0.038,131.009,131.009
4105,28,58,1045.833,958.333,55201.859,2,255,436.026,255.03,NA,1.931,0.006,101.31,-29.699
4106,28,59,1048.106,958.333,55501.869,2,253,438.299,256.561,NA,2.273,0.008,0,-101.31
4107,28,60,1056.439,958.333,55801.879,2,255,446.632,262.268,NA,8.333,0.028,0,0
4108,28,61,1056.439,958.333,56101.889,2,255,446.632,262.268,NA,0,0,0,0
4109,28,62,1069.318,962.879,56401.899,2,255,460.29,274.541,NA,13.657,0.046,19.44,19.44
4110,28,63,1099.621,958.333,56701.909,2,181,490.932,293.857,NA,30.642,0.102,-8.531,-27.971
4111,28,64,1112.121,969.697,57001.919,2,183,507.825,310.738,NA,16.893,0.056,42.274,50.804
4112,28,65,1125.758,971.97,57301.929,2,255,521.649,322.703,NA,13.824,0.046,9.462,-32.811
4113,28,66,1130.682,975.758,57601.939,2,255,527.862,328.914,NA,6.213,0.021,37.569,28.106
4114,28,67,1101.136,987.121,57901.95,2,255,559.517,314.241,NA,31.655,0.106,158.962,121.394
4115,28,68,1106.061,987.879,58201.96,2,255,564.5,318.328,NA,4.982,0.017,8.746,-150.216
4116,28,69,1111.364,987.879,58501.97,2,255,569.803,322.204,NA,5.303,0.018,0,-8.746
4117,28,70,1117.424,976.515,58801.98,2,190,582.681,319.193,NA,12.879,0.043,-61.928,-61.928
4118,28,71,1127.652,976.515,59101.99,2,137,592.909,327.04,NA,10.227,0.034,0,61.928
4119,28,72,1140.152,963.258,59402,2,255,611.13,328.814,NA,18.221,0.061,-46.685,-46.685
4120,28,73,1126.136,954.924,59702.01,2,217,627.435,312.585,NA,16.305,0.054,-149.265,-102.58
4121,28,74,1119.318,951.515,60002.02,2,255,635.058,305.078,NA,7.623,0.025,-153.435,-4.17
4122,28,75,1119.318,951.515,60302.03,2,255,635.058,305.078,NA,0,0,0,153.435
4123,28,76,1128.03,942.045,60602.04,2,237,647.926,306.677,NA,12.868,0.043,-47.386,-47.386
4124,28,77,1137.879,937.121,60902.051,2,255,658.937,312.19,NA,11.011,0.037,-26.565,20.821
4125,28,78,1153.409,942.424,61202.061,2,255,675.348,328.159,NA,16.411,0.055,18.853,45.418
4126,28,79,1181.439,956.439,61502.071,2,255,706.686,359.377,NA,31.339,0.104,26.565,7.712
4127,28,80,1193.939,962.121,61802.081,2,232,720.417,373.011,NA,13.731,0.046,24.444,-2.121
4128,28,81,1218.561,975.379,62102.091,2,255,748.381,400.943,NA,27.964,0.093,28.301,3.857
4129,28,82,1236.742,975.758,62402.101,2,255,766.567,416.832,NA,18.186,0.061,1.193,-27.107
4130,28,83,1237.879,992.424,62702.111,2,255,783.272,426.301,NA,16.705,0.056,86.1,84.906
4131,28,84,1240.53,1002.652,63002.121,2,186,793.837,433.975,NA,10.565,0.035,75.466,-10.634
4132,28,85,1256.818,1015.909,63302.131,2,242,814.839,454.842,NA,21.001,0.07,39.144,-36.322
4133,28,86,1264.773,1027.273,63602.141,2,245,828.71,467.717,NA,13.871,0.046,55.008,15.864
4134,28,87,1275,1028.788,63902.152,2,255,839.049,477.103,NA,10.339,0.034,8.427,-46.581
4135,28,88,1278.788,1037.879,64202.162,2,255,848.897,485.258,NA,9.848,0.033,67.38,58.953
4136,28,89,1287.121,1041.667,64502.172,2,255,858.051,494.297,NA,9.154,0.031,24.444,-42.936
4137,28,90,1289.773,1046.591,64802.182,2,193,863.644,499.23,NA,5.593,0.019,61.699,37.255
4138,28,91,1279.167,1046.591,65102.192,2,255,874.25,490.446,NA,10.606,0.035,180,118.301
4139,28,92,1295.076,1048.106,65402.202,2,238,890.231,504.485,NA,15.981,0.053,5.44,-174.56
4140,28,93,1294.318,1053.03,65702.212,2,255,895.213,506.595,NA,4.982,0.017,98.746,93.306
4141,28,94,1285.985,1053.03,66002.222,2,235,903.546,499.713,NA,8.333,0.028,180,81.254
4142,28,95,1270.455,1053.03,66302.232,2,252,919.077,487.008,NA,15.53,0.052,180,0
4143,28,96,1267.803,1057.576,66602.242,2,255,924.339,487.529,NA,5.262,0.018,120.256,-59.744
4144,28,97,1275.758,1061.364,66902.253,2,255,933.149,496.186,NA,8.81,0.029,25.463,-94.793
4145,28,98,1276.136,1061.364,67202.263,2,255,933.528,496.493,NA,0.379,0.001,0,-25.463
4146,28,99,1284.091,1062.5,67502.273,2,223,941.564,503.608,NA,8.035,0.027,8.13,8.13
4147,28,100,1284.848,1073.106,67802.283,2,255,952.197,510.464,NA,10.633,0.035,85.914,77.784
4148,28,101,1284.848,1073.106,68102.293,2,255,952.197,510.464,NA,0,0,0,-85.914
4149,28,102,1296.212,1074.621,68402.303,2,171,963.661,520.527,NA,11.464,0.038,7.595,7.595
4150,28,103,1296.212,1074.621,68702.313,2,242,963.661,520.527,NA,0,0,0,-7.595
4151,28,104,1306.061,1078.409,69002.323,2,161,974.213,530.733,NA,10.552,0.035,21.038,21.038
4152,28,105,1313.258,1082.576,69302.333,2,255,982.529,539.01,NA,8.316,0.028,30.069,9.031
4153,28,106,1313.258,1082.576,69602.344,2,255,982.529,539.01,NA,0,0,0,-30.069
4154,28,107,1334.091,1081.061,69902.354,2,255,1003.417,555.244,NA,20.888,0.07,-4.16,-4.16
4155,28,108,1334.091,1070.076,70202.364,2,83,1014.402,549.152,NA,10.985,0.037,-90,-85.84
4156,28,109,1339.394,1070.076,70502.374,2,200,1019.705,553.596,NA,5.303,0.018,0,90
4157,28,110,1324.242,1070.076,70802.384,2,255,1034.856,540.938,NA,15.152,0.051,180,180
4158,28,111,1327.273,1064.394,71102.394,2,255,1041.296,540.336,NA,6.439,0.021,-61.928,118.072
4159,28,112,1338.258,1064.394,71402.404,2,255,1052.281,549.571,NA,10.985,0.037,0,61.928
4160,28,113,1336.742,1060.606,71702.414,2,242,1056.36,546.264,NA,4.08,0.014,-111.801,-111.801
4161,28,115,1353.409,1066.667,72002.424,2,107,1074.095,563.608,NA,17.734,0.059,19.983,131.785
4162,29,1,759.848,519.444,18600.626,2,99,0,0,NA,NA,NA,NA,NA
4163,29,2,754.798,515.404,18900.636,2,127,6.468,6.468,NA,6.468,0.022,-141.34,NA
4164,29,3,751.768,511.869,19200.646,2,136,11.124,11.077,NA,4.656,0.016,-130.601,10.739
4165,29,4,751.768,508.838,19500.657,2,100,14.154,13.334,NA,3.03,0.01,-90,40.601
4166,29,5,751.768,504.798,19800.667,2,193,18.195,16.728,NA,4.04,0.013,-90,0
4167,29,6,751.263,499.242,20100.677,2,255,23.773,21.951,NA,5.578,0.019,-95.194,-5.194
4168,29,7,751.263,499.242,20400.687,2,149,23.773,21.951,NA,0,0,0,95.194
4169,29,8,751.263,497.727,20700.697,2,138,25.288,23.353,NA,1.515,0.005,-90,-90
4170,29,9,752.778,493.182,21000.707,2,238,30.08,27.198,NA,4.791,0.016,-71.565,18.435
4171,29,10,752.778,493.182,21300.717,2,197,30.08,27.198,NA,0,0,0,71.565
4172,29,11,752.778,493.182,21600.727,2,229,30.08,27.198,NA,0,0,0,0
4173,29,12,752.778,489.646,21900.737,2,246,33.615,30.625,NA,3.535,0.012,-90,-90
4174,29,13,752.778,485.101,22200.747,2,154,38.161,35.064,NA,4.545,0.015,-90,0
4175,29,14,752.778,481.566,22500.758,2,242,41.696,38.533,NA,3.535,0.012,-90,0
4176,29,15,756.313,469.949,22800.768,2,126,53.838,49.621,NA,12.142,0.04,-73.072,16.928
4177,29,16,756.313,464.394,23100.778,2,166,59.394,55.164,NA,5.556,0.019,-90,-16.928
4178,29,17,763.384,464.394,23400.788,2,224,66.464,55.164,NA,7.071,0.024,0,90
4179,29,18,762.374,458.333,23700.798,2,173,72.609,61.163,NA,6.144,0.02,-99.462,-99.462
4180,29,19,757.323,458.333,24000.808,2,213,77.659,61.163,NA,5.051,0.017,180,-80.538
4181,29,20,757.323,458.333,24300.818,2,191,77.659,61.163,NA,0,0,0,-180
4182,29,21,749.242,457.323,24600.828,2,205,85.803,63.02,NA,8.144,0.027,-172.875,-172.875
4183,29,22,746.212,445.707,24900.838,2,255,97.808,74.988,NA,12.005,0.04,-104.621,68.254
4184,29,23,745.202,444.697,25200.849,2,255,99.236,76.169,NA,1.428,0.005,-135,-30.379
4185,29,24,745.202,442.677,25500.859,2,234,101.256,78.152,NA,2.02,0.007,-90,45
4186,29,25,743.182,441.162,25800.869,2,212,103.782,80.037,NA,2.525,0.008,-143.13,-53.13
4187,29,26,743.182,441.162,26100.879,2,213,103.782,80.037,NA,0,0,0,143.13
4188,29,27,742.677,437.626,26400.889,2,208,107.353,83.601,NA,3.571,0.012,-98.13,-98.13
4189,29,28,738.636,434.596,26700.899,2,197,112.403,87.46,NA,5.051,0.017,-143.13,-45
4190,29,29,738.636,429.04,27000.909,2,187,117.959,92.859,NA,5.556,0.019,-90,53.13
4191,29,30,730.051,429.04,27300.919,2,135,126.545,95.188,NA,8.586,0.029,180,-90
4192,29,31,730.051,429.04,27600.929,2,154,126.545,95.188,NA,0,0,0,-180
4193,29,32,722.98,427.02,27900.939,2,127,133.899,99.506,NA,7.354,0.025,-164.055,-164.055
4194,29,33,715.909,425,28200.95,2,240,141.252,104.165,NA,7.354,0.025,-164.055,0
4195,29,34,710.859,418.434,28500.96,2,255,149.536,112.263,NA,8.283,0.028,-127.569,36.486
4196,29,35,710.354,418.434,28800.97,2,255,150.041,112.485,NA,0.505,0.002,180,-52.431
4197,29,36,703.788,411.364,29100.98,2,236,159.69,121.755,NA,9.649,0.032,-132.879,47.121
4198,29,37,699.242,405.303,29400.99,2,226,167.265,129.234,NA,7.576,0.025,-126.87,6.009
4199,29,38,692.677,401.263,29701,2,255,174.975,135.937,NA,7.709,0.026,-148.392,-21.523
4200,29,39,692.677,401.263,30001.01,2,255,174.975,135.937,NA,0,0,0,148.392
4201,29,40,684.091,400.758,30301.02,2,255,183.575,140.804,NA,8.601,0.029,-176.634,-176.634
4202,29,41,680.556,398.232,30601.03,2,255,187.92,144.844,NA,4.345,0.014,-144.462,32.171
4203,29,42,676.01,397.222,30901.04,2,255,192.576,148.213,NA,4.656,0.016,-167.471,-23.009
4204,29,43,668.939,396.717,31201.051,2,255,199.665,152.73,NA,7.089,0.024,-175.914,-8.443
4205,29,44,668.434,396.717,31501.061,2,195,200.17,153.031,NA,0.505,0.002,180,-4.086
4206,29,45,668.434,394.697,31801.071,2,192,202.19,154.656,NA,2.02,0.007,-90,90
4207,29,46,675,392.677,32101.081,2,255,209.06,152.543,NA,6.869,0.023,-17.103,72.897
4208,29,47,684.596,392.677,32401.091,2,178,218.656,147.421,NA,9.596,0.032,0,17.103
4209,29,48,695.202,390.152,32701.101,2,179,229.558,144.554,NA,10.903,0.036,-13.392,-13.392
4210,29,49,709.343,376.515,33001.111,2,163,249.203,151.59,NA,19.645,0.065,-43.958,-30.566
4211,29,50,726.515,355.303,33301.121,2,255,276.495,167.492,NA,27.291,0.091,-51.009,-7.051
4212,29,51,735.985,348.106,33601.131,2,255,288.389,172.992,NA,11.894,0.04,-37.235,13.774
4213,29,52,735.985,348.106,33901.141,2,253,288.389,172.992,NA,0,0,0,37.235
4214,29,53,735.227,348.106,34201.152,2,205,289.147,173.098,NA,0.758,0.003,180,180
4215,29,54,745.455,343.182,34501.162,2,251,300.498,176.849,NA,11.351,0.038,-25.71,154.29
4216,29,55,756.439,341.667,34801.172,2,255,311.586,177.81,NA,11.089,0.037,-7.853,17.857
4217,29,56,775.379,337.879,35101.182,2,239,330.901,182.229,NA,19.314,0.064,-11.31,-3.457
4218,29,57,782.955,337.879,35401.192,2,163,338.477,183.03,NA,7.576,0.025,0,11.31
4219,29,58,817.045,317.045,35701.202,2,255,378.429,210.326,NA,39.953,0.133,-31.43,-31.43
4220,29,59,822.348,308.712,36001.212,2,255,388.307,219.805,NA,9.878,0.033,-57.529,-26.099
4221,29,60,801.515,299.242,36301.222,2,255,411.191,224.109,NA,22.885,0.076,-155.556,-98.027
4222,29,61,799.242,284.091,36601.232,2,199,426.512,238.628,NA,15.321,0.051,-98.531,57.025
4223,29,62,796.591,275.758,36901.242,2,255,435.257,246.441,NA,8.745,0.029,-107.65,-9.119
4224,29,63,796.591,275.758,37201.253,2,178,435.257,246.441,NA,0,0,0,107.65
4225,29,64,804.167,266.288,37501.263,2,255,447.385,257.007,NA,12.127,0.04,-51.34,-51.34
4226,29,65,804.545,253.788,37801.273,2,197,459.89,269.39,NA,12.506,0.042,-88.264,-36.924
4227,29,66,810.606,232.955,38101.283,2,175,481.587,290.952,NA,21.697,0.072,-73.78,14.484
4228,29,67,814.015,225.379,38401.293,2,188,489.895,299.013,NA,8.307,0.028,-65.772,8.008
4229,29,68,823.106,216.288,38701.303,2,245,502.751,309.686,NA,12.856,0.043,-45,20.772
4230,29,69,831.439,206.818,39001.313,2,232,515.365,320.719,NA,12.614,0.042,-48.652,-3.652
4231,29,70,827.652,189.773,39301.323,2,200,532.827,336.572,NA,17.461,0.058,-102.529,-53.877
4232,29,71,816.288,164.394,39601.333,2,255,560.633,359.508,NA,27.807,0.093,-114.121,-11.592
4233,29,72,811.364,154.545,39901.343,2,255,571.644,368.517,NA,11.011,0.037,-116.565,-2.444
4234,29,73,811.364,152.273,40201.354,2,255,573.917,370.768,NA,2.273,0.008,-90,26.565
4235,29,74,811.364,144.697,40501.364,2,255,581.493,378.272,NA,7.576,0.025,-90,0
4236,29,75,811.364,140.909,40801.374,2,248,585.281,382.025,NA,3.788,0.013,-90,0
4237,29,76,797.727,129.167,41101.384,2,255,603.276,392.112,NA,17.995,0.06,-139.268,-49.268
4238,29,77,792.424,120.076,41401.394,2,255,613.801,400.695,NA,10.525,0.035,-120.256,19.011
4239,29,78,792.424,106.061,41701.404,2,255,627.816,414.665,NA,14.015,0.047,-90,30.256
4240,29,79,789.015,101.136,42001.414,2,255,633.805,419.324,NA,5.989,0.02,-124.695,-34.695
4241,29,80,784.47,72.348,42301.424,2,143,662.95,447.773,NA,29.145,0.097,-98.973,25.723
4242,29,81,777.273,60.606,42601.434,2,248,676.722,459.169,NA,13.772,0.046,-121.504,-22.532
4243,29,82,777.273,45.833,42901.444,2,234,691.495,473.932,NA,14.773,0.049,-90,31.504
4244,29,83,786.742,44.697,43201.455,2,255,701.032,475.509,NA,9.538,0.032,-6.843,83.157
4245,29,84,790.909,43.561,43501.465,2,255,705.351,476.896,NA,4.319,0.014,-15.255,-8.412
4246,29,85,812.879,48.864,43801.475,2,10,727.952,473.559,NA,22.601,0.075,13.57,28.826
4247,29,86,831.439,42.045,44101.485,2,4,747.725,482.737,NA,19.773,0.066,-20.171,-33.741
4248,29,87,829.924,28.788,44401.495,2,15,761.069,495.635,NA,13.344,0.044,-96.52,-76.349
4249,29,88,829.924,15.909,44701.505,2,83,773.948,508.388,NA,12.879,0.043,-90,6.52
4250,29,89,825.758,21.212,45001.515,2,165,780.692,502.573,NA,6.744,0.022,128.157,-141.843
4251,29,90,814.015,26.136,45301.525,2,49,793.425,496.273,NA,12.733,0.042,157.249,29.092
4252,29,91,810.227,11.364,45601.535,2,77,808.676,510.572,NA,15.251,0.051,-104.381,98.37
4253,29,92,818.561,10.985,45901.546,2,31,817.018,511.838,NA,8.342,0.028,-2.603,101.779
4254,29,93,817.803,8.333,46201.556,2,159,819.775,514.386,NA,2.758,0.009,-105.945,-103.343
4255,29,94,811.364,5.303,46501.566,2,255,826.892,516.716,NA,7.117,0.024,-154.799,-48.853
4256,29,95,819.697,0.758,46801.576,2,255,836.385,522.128,NA,9.492,0.032,-28.61,126.188
4257,29,96,821.591,4.545,47101.586,2,255,840.62,518.588,NA,4.235,0.014,63.435,92.045
4258,29,97,821.591,4.545,47401.596,2,255,840.62,518.588,NA,0,0,0,-63.435
4259,29,98,813.258,3.788,47701.606,2,255,848.987,518.415,NA,8.368,0.028,-174.806,-174.806
4260,29,99,812.879,3.788,48001.616,2,255,849.366,518.376,NA,0.379,0.001,180,-5.194
4261,29,100,805.682,3.788,48301.626,2,255,856.563,517.689,NA,7.197,0.024,180,0
4262,30,1,701.768,548.232,9600.323,2,95,0,0,NA,NA,NA,NA,NA
4263,30,2,701.768,542.172,9900.333,2,100,6.061,6.061,NA,6.061,0.02,-90,NA
4264,30,3,701.768,542.172,10200.343,2,90,6.061,6.061,NA,0,0,0,90
4265,30,4,693.687,542.172,10500.354,2,114,14.141,10.101,NA,8.081,0.027,180,180
4266,30,5,693.687,538.131,10800.364,2,105,18.182,12.936,NA,4.04,0.013,-90,90
4267,30,6,693.687,532.071,11100.374,2,189,24.242,18.069,NA,6.061,0.02,-90,0
4268,30,7,693.687,521.97,11400.384,2,117,34.343,27.478,NA,10.101,0.034,-90,0
4269,30,8,693.687,521.97,11700.394,2,185,34.343,27.478,NA,0,0,0,90
4270,30,9,689.646,530.051,12000.404,2,255,43.378,21.852,NA,9.035,0.03,116.565,116.565
4271,30,10,688.131,530.051,12300.414,2,255,44.893,22.727,NA,1.515,0.005,180,63.435
4272,30,11,688.131,527.525,12600.424,2,255,47.418,24.794,NA,2.525,0.008,-90,90
4273,30,12,688.131,525,12900.434,2,255,49.944,26.939,NA,2.525,0.008,-90,0
4274,30,13,694.697,525,13200.444,2,255,56.509,24.284,NA,6.566,0.022,0,90
4275,30,14,693.182,521.97,13500.455,2,255,59.897,27.63,NA,3.388,0.011,-116.565,-116.565
4276,30,15,693.182,521.465,13800.465,2,255,60.402,28.111,NA,0.505,0.002,-90,26.565
4277,30,16,693.687,521.465,14100.475,2,255,60.907,27.961,NA,0.505,0.002,0,90
4278,30,17,695.202,521.465,14400.485,2,255,62.423,27.561,NA,1.515,0.005,0,0
4279,30,18,695.202,518.939,14700.495,2,255,64.948,30.02,NA,2.525,0.008,-90,-90
4280,30,19,695.202,518.939,15000.505,2,255,64.948,30.02,NA,0,0,0,90
4281,30,20,688.636,518.939,15300.515,2,255,71.514,32.102,NA,6.566,0.022,180,180
4282,30,21,692.677,518.939,15600.525,2,196,75.554,30.671,NA,4.04,0.013,0,-180
4283,30,22,696.717,518.434,15900.535,2,255,79.626,30.223,NA,4.072,0.014,-7.125,-7.125
4284,30,23,698.737,515.909,16200.545,2,255,82.86,32.465,NA,3.234,0.011,-51.34,-44.215
4285,30,24,701.263,514.394,16500.556,2,255,85.805,33.842,NA,2.945,0.01,-30.964,20.376
4286,30,25,698.232,511.364,16800.566,2,255,90.09,37.038,NA,4.285,0.014,-135,-104.036
4287,30,26,698.232,511.364,17100.576,2,255,90.09,37.038,NA,0,0,0,135
4288,30,27,698.232,507.323,17400.586,2,255,94.13,41.062,NA,4.04,0.013,-90,-90
4289,30,28,695.707,496.212,17700.596,2,255,105.525,52.372,NA,11.394,0.038,-102.804,-12.804
4290,30,29,683.081,494.697,18000.606,2,255,118.242,56.703,NA,12.717,0.042,-173.157,-70.353
4291,30,30,683.081,495.202,18300.616,2,255,118.747,56.226,NA,0.505,0.002,90,-96.843
4292,30,31,683.081,484.091,18600.626,2,255,129.858,66.808,NA,11.111,0.037,-90,-180
4293,30,32,684.091,481.061,18900.636,2,255,133.052,69.459,NA,3.194,0.011,-71.565,18.435
4294,30,33,684.091,472.475,19200.646,2,255,141.638,77.793,NA,8.586,0.029,-90,-18.435
4295,30,34,684.091,472.475,19500.657,2,247,141.638,77.793,NA,0,0,0,90
4296,30,35,684.091,459.848,19800.667,2,255,154.264,90.134,NA,12.626,0.042,-90,-90
4297,30,36,684.091,454.293,20100.677,2,255,159.82,95.588,NA,5.556,0.019,-90,0
4298,30,37,676.01,451.768,20400.687,2,255,168.286,99.844,NA,8.466,0.028,-162.646,-72.646
4299,30,38,676.01,451.768,20700.697,2,255,168.286,99.844,NA,0,0,0,162.646
4300,30,39,676.01,460.859,21000.707,2,255,177.377,91.091,NA,9.091,0.03,90,90
4301,30,40,675,460.859,21300.717,2,255,178.387,91.382,NA,1.01,0.003,180,90
4302,30,41,671.97,460.859,21600.727,2,255,181.417,92.315,NA,3.03,0.01,180,0
4303,30,42,670.455,460.354,21900.737,2,255,183.014,93.291,NA,1.597,0.005,-161.565,18.435
4304,30,43,669.444,452.778,22200.747,2,255,190.657,100.779,NA,7.643,0.025,-97.595,63.97
4305,30,44,667.929,451.263,22500.758,2,255,192.8,102.704,NA,2.143,0.007,-135,-37.405
4306,30,45,667.929,451.263,22800.768,2,255,192.8,102.704,NA,0,0,0,135
4307,30,46,667.929,443.687,23100.778,2,255,200.376,109.885,NA,7.576,0.025,-90,-90
4308,30,47,673.99,447.727,23400.788,2,255,207.66,104.273,NA,7.284,0.024,33.69,123.69
4309,30,48,673.99,446.717,23700.798,2,255,208.67,105.247,NA,1.01,0.003,-90,-123.69
4310,30,49,673.99,444.192,24000.808,2,255,211.195,107.685,NA,2.525,0.008,-90,0
4311,30,50,673.99,441.667,24300.818,2,255,213.72,110.126,NA,2.525,0.008,-90,0
4312,30,51,673.99,435.101,24600.828,2,255,220.286,116.492,NA,6.566,0.022,-90,0
4313,30,52,673.99,435.606,24900.838,2,255,220.791,116.001,NA,0.505,0.002,90,180
4314,30,53,673.99,429.545,25200.849,2,255,226.852,121.894,NA,6.061,0.02,-90,-180
4315,30,54,668.434,427.525,25500.859,2,255,232.763,125.225,NA,5.911,0.02,-160.017,-70.017
4316,30,55,665.909,412.374,25800.869,2,255,248.124,140.511,NA,15.361,0.051,-99.462,60.555
4317,30,56,671.465,409.848,26100.879,2,255,254.226,141.663,NA,6.103,0.02,-24.444,75.018
4318,30,57,673.485,408.838,26400.889,2,255,256.485,142.234,NA,2.259,0.008,-26.565,-2.121
4319,30,58,673.485,400.758,26700.899,2,255,264.566,150.162,NA,8.081,0.027,-90,-63.435
4320,30,59,680.051,394.192,27000.909,2,255,273.851,155.564,NA,9.285,0.031,-45,45
4321,30,60,686.742,383.712,27300.919,2,255,286.285,165.205,NA,12.434,0.041,-57.44,-12.44
4322,30,61,687.121,378.409,27600.929,2,255,291.602,170.454,NA,5.317,0.018,-85.914,-28.475
4323,30,62,678.03,374.621,27900.939,2,255,301.45,175.226,NA,9.848,0.033,-157.38,-71.466
4324,30,63,670.833,368.182,28200.95,2,255,311.107,182.689,NA,9.657,0.032,-138.18,19.2
4325,30,64,670.833,368.182,28500.96,2,255,311.107,182.689,NA,0,0,0,138.18
4326,30,65,689.015,369.318,28800.97,2,255,329.325,179.368,NA,18.217,0.061,3.576,3.576
4327,30,66,689.015,365.152,29100.98,2,255,333.491,183.524,NA,4.167,0.014,-90,-93.576
4328,30,67,676.136,352.652,29400.99,2,255,351.439,197.253,NA,17.948,0.06,-135.855,-45.855
4329,30,68,675.758,352.273,29701,2,255,351.974,197.678,NA,0.536,0.002,-135,0.855
4330,30,69,669.697,350.758,30001.01,2,255,358.222,200.062,NA,6.247,0.021,-165.964,-30.964
4331,30,70,669.697,353.409,30301.02,2,255,360.873,197.445,NA,2.652,0.009,90,-104.036
4332,30,71,671.97,344.697,30601.03,2,255,369.877,205.705,NA,9.004,0.03,-75.379,-165.379
4333,30,72,671.97,340.53,30901.04,2,255,374.043,209.829,NA,4.167,0.014,-90,-14.621
4334,30,73,678.788,340.53,31201.051,2,253,380.862,208.969,NA,6.818,0.023,0,90
4335,30,74,687.879,335.227,31501.061,2,255,391.386,213.457,NA,10.525,0.035,-30.256,-30.256
4336,30,75,692.803,329.545,31801.071,2,255,398.905,218.871,NA,7.519,0.025,-49.086,-18.829
4337,30,76,692.803,326.515,32101.081,2,255,401.935,221.898,NA,3.03,0.01,-90,-40.914
4338,30,77,692.803,330.682,32401.091,2,255,406.102,217.735,NA,4.167,0.014,90,180
4339,30,78,693.561,321.591,32701.101,2,255,415.224,226.79,NA,9.122,0.03,-85.236,-175.236
4340,30,79,693.561,312.879,33001.111,2,255,423.936,235.497,NA,8.712,0.029,-90,-4.764
4341,30,80,693.939,310.606,33301.121,2,255,426.24,237.755,NA,2.304,0.008,-80.538,9.462
4342,30,81,695.455,308.712,33601.131,2,255,428.666,239.603,NA,2.425,0.008,-51.34,29.197
4343,30,82,695.455,308.712,33901.141,2,255,428.666,239.603,NA,0,0,0,51.34
4344,30,83,694.318,302.273,34201.152,2,255,435.205,246.072,NA,6.539,0.022,-100.008,-100.008
4345,30,84,688.636,279.924,34501.162,2,255,458.264,268.629,NA,23.059,0.077,-104.265,-4.257
4346,30,85,690.909,261.742,34801.172,2,255,476.588,286.696,NA,18.323,0.061,-82.875,21.39
4347,30,86,691.667,254.167,35101.182,2,255,484.201,294.239,NA,7.614,0.025,-84.289,-1.414
4348,30,87,705.682,246.212,35401.192,2,255,500.316,302.046,NA,16.115,0.054,-29.578,54.712
4349,30,88,713.258,236.364,35701.202,2,255,512.741,312.08,NA,12.425,0.041,-52.431,-22.854
4350,30,89,713.258,236.364,36001.212,2,255,512.741,312.08,NA,0,0,0,52.431
4351,30,90,720.833,225.379,36301.222,2,255,526.085,323.416,NA,13.344,0.044,-55.408,-55.408
4352,30,91,723.864,226.136,36601.232,2,255,529.209,322.853,NA,3.124,0.01,14.036,69.444
4353,30,92,720.833,226.136,36901.242,2,255,532.239,322.66,NA,3.03,0.01,180,165.964
4354,30,93,720.833,230.303,37201.253,2,255,536.406,318.5,NA,4.167,0.014,90,-90
4355,30,94,720.833,230.303,37501.263,2,255,536.406,318.5,NA,0,0,0,-90
4356,30,95,720.833,230.303,37801.273,2,255,536.406,318.5,NA,0,0,0,0
4357,30,96,720.833,230.303,38101.283,2,255,536.406,318.5,NA,0,0,0,0
4358,30,97,720.833,230.303,38401.293,2,255,536.406,318.5,NA,0,0,0,0
4359,30,98,720.833,230.303,38701.303,2,255,536.406,318.5,NA,0,0,0,0
4360,30,99,720.833,230.303,39001.313,2,255,536.406,318.5,NA,0,0,0,0
4361,30,100,715.909,230.303,39301.323,2,255,541.33,318.244,NA,4.924,0.016,180,180
4362,30,101,714.394,229.924,39601.333,2,255,542.892,318.558,NA,1.562,0.005,-165.964,14.036
4363,30,102,716.667,229.924,39901.343,2,255,545.165,318.657,NA,2.273,0.008,0,165.964
4364,30,103,716.667,229.924,40201.354,2,255,545.165,318.657,NA,0,0,0,0
4365,30,104,716.667,229.924,40501.364,2,255,545.165,318.657,NA,0,0,0,0
4366,30,105,716.667,229.924,40801.374,2,255,545.165,318.657,NA,0,0,0,0
4367,30,106,716.667,229.924,41101.384,2,255,545.165,318.657,NA,0,0,0,0
4368,30,107,719.318,228.03,41401.394,2,255,548.423,320.683,NA,3.258,0.011,-35.538,-35.538
4369,30,108,719.318,226.894,41701.404,2,255,549.559,321.817,NA,1.136,0.004,-90,-54.462
4370,30,109,719.318,225,42001.414,2,255,551.453,323.708,NA,1.894,0.006,-90,0
4371,30,110,720.076,229.545,42301.424,2,255,556.062,319.212,NA,4.608,0.015,80.538,170.538
4372,30,111,720.076,229.545,42601.434,2,255,556.062,319.212,NA,0,0,0,-80.538
4373,30,112,721.97,229.545,42901.444,2,255,557.955,319.327,NA,1.894,0.006,0,0
4374,30,113,721.212,224.621,43201.455,2,255,562.938,324.195,NA,4.982,0.017,-98.746,-98.746
4375,30,114,721.212,226.136,43501.465,2,255,564.453,322.682,NA,1.515,0.005,90,-171.254
4376,30,115,721.212,228.788,43801.475,2,255,567.104,320.036,NA,2.652,0.009,90,0
4377,30,116,717.424,228.788,44101.485,2,255,570.892,319.828,NA,3.788,0.013,180,90
4378,30,117,717.424,227.652,44401.495,2,255,572.029,320.963,NA,1.136,0.004,-90,90
4379,30,118,717.424,227.652,44701.505,2,255,572.029,320.963,NA,0,0,0,90
4380,30,119,717.424,227.652,45001.515,2,255,572.029,320.963,NA,0,0,0,0
4381,30,120,717.424,227.652,45301.525,2,255,572.029,320.963,NA,0,0,0,0
4382,30,121,717.424,229.924,45601.535,2,255,574.301,318.693,NA,2.273,0.008,90,90
4383,30,122,717.424,229.924,45901.546,2,255,574.301,318.693,NA,0,0,0,-90
4384,30,123,720.455,232.955,46201.556,2,255,578.587,315.831,NA,4.285,0.014,45,45
4385,30,124,720.455,232.955,46501.566,2,255,578.587,315.831,NA,0,0,0,-45
4386,30,125,720.455,232.576,46801.576,2,255,578.966,316.209,NA,0.379,0.001,-90,-90
4387,30,126,723.485,232.576,47101.586,2,255,581.996,316.403,NA,3.03,0.01,0,90
4388,30,127,723.485,232.576,47401.596,2,255,581.996,316.403,NA,0,0,0,0
4389,30,128,726.136,240.53,47701.606,2,255,590.381,308.665,NA,8.385,0.028,71.565,71.565
4390,30,129,726.136,240.53,48001.616,2,255,590.381,308.665,NA,0,0,0,-71.565
4391,30,130,727.273,239.015,48301.626,2,255,592.275,310.267,NA,1.894,0.006,-53.13,-53.13
4392,30,131,727.273,234.47,48601.636,2,255,596.82,314.798,NA,4.545,0.015,-90,-36.87
4393,30,132,721.212,236.364,48901.647,2,255,603.17,312.474,NA,6.35,0.021,162.646,-107.354
4394,30,133,716.288,236.364,49201.657,2,255,608.094,312.207,NA,4.924,0.016,180,17.354
4395,30,134,700.758,236.742,49501.667,2,255,623.629,311.492,NA,15.535,0.052,178.603,-1.397
4396,30,135,683.333,233.333,49801.677,2,255,641.384,315.438,NA,17.755,0.059,-168.93,12.467
4397,30,136,673.485,231.439,50101.687,2,255,651.412,318.053,NA,10.029,0.033,-169.114,-0.185
4398,30,137,670.076,212.5,50401.697,2,255,670.656,337.225,NA,19.244,0.064,-100.204,68.91
4399,30,138,670.076,195.833,50701.707,2,255,687.323,353.821,NA,16.667,0.056,-90,10.204
4400,30,139,670.076,181.439,51001.717,2,255,701.717,368.16,NA,14.394,0.048,-90,0
4401,30,140,667.424,177.652,51301.727,2,255,706.341,372.169,NA,4.624,0.015,-124.992,-34.992
4402,30,141,654.545,185.227,51601.737,2,255,721.282,366.064,NA,14.942,0.05,149.534,-85.474
4403,30,142,650.758,190.53,51901.748,2,255,727.799,361.321,NA,6.517,0.022,125.538,-23.997
4404,30,143,650.758,196.212,52201.758,2,255,733.481,355.697,NA,5.682,0.019,90,-35.538
4405,30,144,660.227,202.273,52501.768,2,255,744.724,348.445,NA,11.243,0.037,32.619,-57.381
4406,30,145,667.045,215.53,52801.778,2,255,759.632,334.509,NA,14.908,0.05,62.784,30.165
4407,30,146,667.803,196.97,53101.788,2,255,778.208,352.901,NA,18.576,0.062,-87.663,-150.447
4408,30,147,672.727,185.985,53401.798,2,219,790.246,363.41,NA,12.038,0.04,-65.854,21.808
4409,30,148,673.106,183.333,53701.808,2,243,792.925,366.023,NA,2.678,0.009,-81.87,-16.015
4410,30,149,678.03,178.03,54001.818,2,255,800.161,370.962,NA,7.237,0.024,-47.121,34.749
4411,30,150,678.409,193.182,54301.828,2,255,815.318,355.818,NA,15.156,0.051,88.568,135.689
4412,30,151,681.439,200,54601.838,2,255,822.779,348.825,NA,7.461,0.025,66.038,-22.53
4413,30,152,685.227,205.682,54901.849,2,255,829.608,342.95,NA,6.829,0.023,56.31,-9.728
4414,30,153,688.258,206.061,55201.859,2,255,832.661,342.438,NA,3.054,0.01,7.125,-49.185
4415,30,154,701.136,206.061,55501.869,2,240,845.54,342.172,NA,12.879,0.043,0,-7.125
4416,30,155,710.985,207.576,55801.879,2,248,855.505,340.781,NA,9.964,0.033,8.746,8.746
4417,30,156,715.909,218.939,56101.889,2,255,867.889,329.596,NA,12.385,0.041,66.571,57.825
4418,30,157,719.697,220.076,56401.899,2,255,871.844,328.646,NA,3.955,0.013,16.699,-49.872
4419,30,158,721.212,204.167,56701.909,2,255,887.825,344.615,NA,15.981,0.053,-84.56,-101.259
4420,30,159,731.061,203.409,57001.919,2,255,897.703,346.065,NA,9.878,0.033,-4.399,80.161
4421,30,160,740.152,205.682,57301.929,2,255,907.073,344.694,NA,9.371,0.031,14.036,18.435
4422,30,161,739.394,200.758,57601.939,2,255,912.056,349.506,NA,4.982,0.017,-98.746,-112.782
4423,30,162,727.652,200.758,57901.95,2,255,923.798,348.437,NA,11.742,0.039,180,-81.254
4424,30,163,723.864,200.758,58201.96,2,255,927.586,348.177,NA,3.788,0.013,180,0
4425,30,164,750.758,194.318,58501.97,2,255,955.24,357.289,NA,27.654,0.092,-13.465,166.535
4426,30,165,773.864,180.303,58801.98,2,255,982.264,374.926,NA,27.024,0.09,-31.239,-17.774
4427,30,166,799.621,164.394,59101.99,2,255,1012.539,396.115,NA,30.275,0.101,-31.701,-0.462
4428,30,167,824.621,145.833,59402,2,255,1043.676,420.735,NA,31.137,0.104,-36.591,-4.89
4429,30,168,837.5,129.545,59702.01,2,255,1064.44,440.139,NA,20.764,0.069,-51.667,-15.076
4430,30,169,852.273,119.697,60002.02,2,255,1082.195,454.196,NA,17.755,0.059,-33.69,17.977
4431,30,170,859.848,119.697,60302.03,2,255,1089.77,456.763,NA,7.576,0.025,0,33.69
4432,30,171,859.848,119.318,60602.04,2,255,1090.149,457.118,NA,0.379,0.001,-90,-90
4433,30,172,864.773,113.636,60902.051,2,255,1097.668,464.16,NA,7.519,0.025,-49.086,40.914
4434,30,173,864.773,113.636,61202.061,2,255,1097.668,464.16,NA,0,0,0,49.086
4435,30,174,862.5,110.227,61502.071,2,255,1101.765,466.565,NA,4.097,0.014,-123.69,-123.69
4436,30,175,857.955,110.985,61802.081,2,255,1106.373,464.306,NA,4.608,0.015,170.538,-65.772
4437,30,176,862.5,114.773,62102.091,2,255,1112.29,462.301,NA,5.917,0.02,39.806,-130.732
4438,30,177,865.152,115.909,62402.101,2,255,1115.175,462.166,NA,2.885,0.01,23.199,-16.607
4439,30,178,865.152,115.909,62702.111,2,255,1115.175,462.166,NA,0,0,0,-23.199
4440,30,179,865.152,115.909,63002.121,2,255,1115.175,462.166,NA,0,0,0,0
4441,30,180,857.197,110.985,63302.131,2,255,1124.53,464.051,NA,9.355,0.031,-148.241,-148.241
4442,30,181,842.424,110.985,63602.141,2,255,1139.303,459.314,NA,14.773,0.049,180,-31.759
4443,30,182,831.818,105.682,63902.152,2,255,1151.161,461.264,NA,11.858,0.04,-153.435,26.565
4444,30,183,831.439,94.318,64202.162,2,255,1162.531,472.073,NA,11.37,0.038,-91.909,61.526
4445,30,184,830.682,88.636,64502.172,2,255,1168.263,477.334,NA,5.732,0.019,-97.595,-5.685
4446,30,185,824.621,79.545,64802.182,2,255,1179.189,484.521,NA,10.926,0.036,-123.69,-26.095
4447,30,186,825,72.348,65102.192,2,255,1186.396,491.581,NA,7.207,0.024,-86.987,36.703
4448,30,187,824.621,65.909,65402.202,2,226,1192.846,497.724,NA,6.451,0.022,-93.366,-6.379
4449,30,188,824.621,65.909,65702.212,2,255,1192.846,497.724,NA,0,0,0,93.366
4450,30,189,822.727,62.879,66002.222,2,197,1196.42,500.199,NA,3.573,0.012,-122.005,-122.005
4451,30,190,822.727,62.5,66302.232,2,255,1196.799,500.567,NA,0.379,0.001,-90,32.005
4452,30,191,828.03,52.652,66602.242,2,245,1207.984,511.412,NA,11.185,0.037,-61.699,28.301
4453,30,192,827.652,42.803,66902.253,2,251,1217.84,520.87,NA,9.856,0.033,-92.203,-30.503
4454,30,193,827.652,42.803,67202.263,2,180,1217.84,520.87,NA,0,0,0,92.203
4455,30,194,821.97,45.076,67502.273,2,250,1223.959,517.315,NA,6.12,0.02,158.199,158.199
4456,30,195,814.394,52.652,67802.283,2,238,1234.673,508.217,NA,10.714,0.036,135,-23.199
4457,30,196,814.015,52.652,68102.293,2,206,1235.052,508.134,NA,0.379,0.001,180,45
4458,30,197,803.409,59.091,68402.303,2,255,1247.46,499.59,NA,12.408,0.041,148.736,-31.264
4459,30,198,803.409,51.894,68702.313,2,255,1254.657,506.639,NA,7.197,0.024,-90,121.264
4460,30,199,803.788,71.591,69002.323,2,255,1274.357,487.437,NA,19.701,0.066,88.898,178.898
4461,30,200,803.788,78.409,69302.333,2,237,1281.175,480.772,NA,6.818,0.023,90,1.102
4462,30,201,798.864,75.758,69602.344,2,229,1286.768,482.348,NA,5.593,0.019,-151.699,118.301
4463,30,202,802.273,67.045,69902.354,2,255,1296.123,491.571,NA,9.355,0.031,-68.629,83.07
4464,30,203,810.606,67.045,70202.364,2,255,1304.457,493.342,NA,8.333,0.028,0,68.629
4465,30,204,815.909,56.061,70502.374,2,255,1316.655,505.234,NA,12.198,0.041,-64.231,-64.231
4466,30,205,816.667,48.485,70802.384,2,147,1324.268,512.786,NA,7.614,0.025,-84.289,-20.059
4467,30,206,816.667,48.485,71102.394,2,112,1324.268,512.786,NA,0,0,0,84.289
4468,30,207,811.364,50.379,71402.404,2,255,1329.899,509.774,NA,5.631,0.019,160.346,160.346
4469,30,208,811.364,37.879,71702.414,2,210,1342.399,521.989,NA,12.5,0.042,-90,109.654
4470,30,209,811.364,36.742,72002.424,2,255,1343.536,523.1,NA,1.136,0.004,-90,0
4471,31,1,956.061,862.879,9600.323,2,34,0,0,NA,NA,NA,NA,NA
4472,31,2,955.303,862.879,9900.333,2,50,0.758,0.758,NA,0.758,0.003,180,NA
4473,31,3,956.818,865.152,10200.343,2,63,3.489,2.396,NA,2.731,0.009,56.31,-123.69
4474,31,4,956.818,865.152,10500.354,2,55,3.489,2.396,NA,0,0,0,-56.31
4475,31,5,956.818,865.152,10800.364,2,84,3.489,2.396,NA,0,0,0,0
4476,31,6,956.818,865.152,11100.374,2,45,3.489,2.396,NA,0,0,0,0
4477,31,7,962.121,865.152,11400.384,2,100,8.792,6.473,NA,5.303,0.018,0,0
4478,31,8,965.909,865.152,11700.394,2,132,12.58,10.107,NA,3.788,0.013,0,0
4479,31,9,965.909,865.152,12000.404,2,198,12.58,10.107,NA,0,0,0,0
4480,31,10,965.909,868.939,12300.414,2,193,16.368,11.564,NA,3.788,0.013,90,90
4481,31,11,965.909,868.939,12600.424,2,121,16.368,11.564,NA,0,0,0,-90
4482,31,12,965.909,868.939,12900.434,2,92,16.368,11.564,NA,0,0,0,0
4483,31,13,965.909,872.727,13200.444,2,135,20.156,13.928,NA,3.788,0.013,90,90
4484,31,14,965.909,872.727,13500.455,2,132,20.156,13.928,NA,0,0,0,-90
4485,31,15,965.909,872.727,13800.465,2,132,20.156,13.928,NA,0,0,0,0
4486,31,16,965.909,872.727,14100.475,2,147,20.156,13.928,NA,0,0,0,0
4487,31,17,969.697,878.788,14400.485,2,154,27.303,20.954,NA,7.147,0.024,57.995,57.995
4488,31,18,971.212,882.576,14700.495,2,137,31.382,24.85,NA,4.08,0.014,68.199,10.204
4489,31,19,971.212,882.576,15000.505,2,231,31.382,24.85,NA,0,0,0,-68.199
4490,31,20,974.242,888.636,15300.515,2,86,38.158,31.528,NA,6.776,0.023,63.435,63.435
4491,31,21,984.848,896.97,15600.525,2,145,51.647,44.62,NA,13.488,0.045,38.157,-25.278
4492,31,22,984.848,897.727,15900.535,2,171,52.404,45.201,NA,0.758,0.003,90,51.843
4493,31,23,987.121,903.03,16200.545,2,120,58.174,50.763,NA,5.77,0.019,66.801,-23.199
4494,31,24,987.121,903.03,16500.556,2,134,58.174,50.763,NA,0,0,0,-66.801
4495,31,25,990.152,904.545,16800.566,2,155,61.562,53.836,NA,3.388,0.011,26.565,26.565
4496,31,26,990.152,907.576,17100.576,2,104,64.592,56.214,NA,3.03,0.01,90,63.435
4497,31,27,990.152,909.848,17400.586,2,82,66.865,58.037,NA,2.273,0.008,90,0
4498,31,28,994.697,912.879,17700.596,2,130,72.328,63.188,NA,5.463,0.018,33.69,-56.31
4499,31,29,995.455,915.152,18000.606,2,106,74.723,65.455,NA,2.396,0.008,71.565,37.875
4500,31,30,995.455,915.152,18300.616,2,255,74.723,65.455,NA,0,0,0,-71.565
4501,31,31,995.455,923.485,18600.626,2,74,83.057,72.284,NA,8.333,0.028,90,90
4502,31,32,995.455,923.485,18900.636,2,67,83.057,72.284,NA,0,0,0,-90
4503,31,33,995.455,926.515,19200.646,2,117,86.087,74.843,NA,3.03,0.01,90,90
4504,31,34,995.455,926.515,19500.657,2,111,86.087,74.843,NA,0,0,0,-90
4505,31,35,995.455,932.576,19800.667,2,92,92.148,80.06,NA,6.061,0.02,90,90
4506,31,36,989.394,932.576,20100.677,2,168,98.208,77.258,NA,6.061,0.02,180,90
4507,31,37,989.394,932.576,20400.687,2,105,98.208,77.258,NA,0,0,0,-180
4508,31,38,986.364,928.03,20700.697,2,120,103.671,71.854,NA,5.463,0.018,-123.69,-123.69
4509,31,39,986.364,928.03,21000.707,2,62,103.671,71.854,NA,0,0,0,123.69
4510,31,40,978.03,932.576,21300.717,2,96,113.163,73.078,NA,9.492,0.032,151.39,151.39
4511,31,41,978.03,938.636,21600.727,2,68,119.224,78.879,NA,6.061,0.02,90,-61.39
4512,31,42,978.03,949.242,21900.737,2,123,129.83,89.114,NA,10.606,0.035,90,0
4513,31,43,978.03,954.545,22200.747,2,148,135.133,94.263,NA,5.303,0.018,90,0
4514,31,44,978.03,954.545,22500.758,2,151,135.133,94.263,NA,0,0,0,-90
4515,31,45,978.03,965.909,22800.768,2,132,146.497,105.347,NA,11.364,0.038,90,90
4516,31,46,979.545,968.939,23100.778,2,81,149.885,108.63,NA,3.388,0.011,63.435,-26.565
4517,31,47,992.424,988.636,23400.788,2,22,173.418,130.909,NA,23.534,0.078,56.821,-6.613
4518,31,48,978.03,992.424,23700.798,2,21,188.302,131.395,NA,14.884,0.05,165.256,108.435
4519,31,49,977.273,997.727,24000.808,2,16,193.659,136.507,NA,5.357,0.018,98.13,-67.126
4520,31,50,977.273,998.485,24300.818,2,14,194.417,137.255,NA,0.758,0.003,90,-8.13
4521,31,51,982.576,1005.303,24600.828,2,26,203.055,144.871,NA,8.638,0.029,52.125,-37.875
4522,31,52,983.081,998.737,24900.838,2,48,209.64,138.519,NA,6.585,0.022,-85.601,-137.726
4523,31,53,983.081,998.737,25200.849,2,22,209.64,138.519,NA,0,0,0,85.601
4524,31,54,983.081,998.737,25500.859,2,15,209.64,138.519,NA,0,0,0,0
4525,31,55,983.586,1010.859,25800.869,2,20,221.771,150.518,NA,12.132,0.04,87.614,87.614
4526,31,56,983.586,1010.859,26100.879,2,21,221.771,150.518,NA,0,0,0,-87.614
4527,31,57,989.646,1005.303,26400.889,2,12,229.993,146.331,NA,8.222,0.027,-42.51,-42.51
4528,31,58,989.646,1007.828,26700.899,2,18,232.518,148.79,NA,2.525,0.008,90,132.51
4529,31,59,989.646,1007.828,27000.909,2,13,232.518,148.79,NA,0,0,0,-90
4530,31,60,991.667,1013.384,27300.919,2,4,238.43,154.66,NA,5.911,0.02,70.017,70.017
4531,31,61,991.667,1012.374,27600.929,2,14,239.44,153.677,NA,1.01,0.003,-90,-160.017
4532,31,62,991.162,1012.374,27900.939,2,24,239.945,153.56,NA,0.505,0.002,180,-90
4533,31,63,991.162,1026.01,28200.95,2,8,253.581,166.865,NA,13.636,0.045,90,-90
4534,31,64,991.162,1039.646,28500.96,2,6,267.218,180.219,NA,13.636,0.045,90,0
4535,31,65,997.222,1052.273,28800.97,2,17,281.223,193.815,NA,14.005,0.047,64.359,-25.641
4536,31,66,1000.253,1062.879,29100.98,2,32,292.254,204.824,NA,11.03,0.037,74.055,9.696
4537,31,67,1001.768,1064.899,29400.99,2,36,294.779,207.126,NA,2.525,0.008,53.13,-20.925
4538,31,68,1001.768,1064.899,29701,2,22,294.779,207.126,NA,0,0,0,-53.13
4539,32,1,557.323,658.333,27300.919,2,53,0,0,NA,NA,NA,NA,NA
4540,32,2,551.263,655.808,27600.929,2,76,6.566,6.566,NA,6.566,0.022,-157.38,NA
4541,32,3,548.232,653.283,27900.939,2,55,10.51,10.4,NA,3.945,0.013,-140.194,17.186
4542,32,4,545.202,652.273,28200.95,2,22,13.704,13.552,NA,3.194,0.011,-161.565,-21.371
4543,32,5,521.465,651.768,28500.96,2,255,37.447,36.455,NA,23.743,0.079,-178.781,-17.216
4544,32,6,499.242,641.162,28800.97,2,255,62.071,60.566,NA,24.623,0.082,-154.486,24.295
4545,32,7,491.162,641.162,29100.98,2,255,70.151,68.354,NA,8.081,0.027,180,-25.514
4546,32,8,485.606,641.667,29400.99,2,138,75.73,73.628,NA,5.578,0.019,174.806,-5.194
4547,32,9,485.606,649.242,29701,2,255,83.306,72.291,NA,7.576,0.025,90,-84.806
4548,32,10,481.061,649.242,30001.01,2,244,87.851,76.803,NA,4.545,0.015,180,90
4549,32,11,472.98,637.121,30301.02,2,255,102.419,86.97,NA,14.568,0.049,-123.69,56.31
4550,32,12,468.434,632.576,30601.03,2,181,108.847,92.546,NA,6.428,0.021,-135,-11.31
4551,32,13,460.354,629.04,30901.04,2,234,117.668,101.298,NA,8.82,0.029,-156.371,-21.371
4552,32,14,458.838,627.525,31201.051,2,200,119.81,103.191,NA,2.143,0.007,-135,21.371
4553,32,15,455.808,614.899,31501.061,2,156,132.795,110.417,NA,12.985,0.043,-103.496,31.504
4554,32,16,448.737,614.899,31801.071,2,232,139.866,116.951,NA,7.071,0.024,180,-76.504
4555,32,17,422.475,615.909,32101.081,2,188,166.148,141.365,NA,26.282,0.088,177.797,-2.203
4556,32,18,415.404,621.97,32401.091,2,255,175.461,146.504,NA,9.313,0.031,139.399,-38.399
4557,32,19,408.333,617.929,32701.101,2,255,183.604,154.371,NA,8.144,0.027,-150.255,70.346
4558,32,20,403.788,614.899,33001.111,2,207,189.067,159.561,NA,5.463,0.018,-146.31,3.945
4559,32,21,400.253,607.828,33301.121,2,233,196.973,164.991,NA,7.905,0.026,-116.565,29.745
4560,32,22,400.253,607.828,33601.131,2,255,196.973,164.991,NA,0,0,0,116.565
4561,32,23,398.737,605.303,33901.141,2,255,199.917,167.217,NA,2.945,0.01,-120.964,-120.964
4562,32,24,398.737,605.303,34201.152,2,216,199.917,167.217,NA,0,0,0,120.964
4563,32,25,391.162,605.303,34501.162,2,255,207.493,174.419,NA,7.576,0.025,180,180
4564,32,26,388.636,603.283,34801.172,2,187,210.727,177.442,NA,3.234,0.011,-141.34,38.66
4565,32,27,388.636,603.283,35101.182,2,255,210.727,177.442,NA,0,0,0,141.34
4566,32,28,379.04,606.818,35401.192,2,251,220.954,185.576,NA,10.226,0.034,159.775,159.775
4567,32,29,363.889,606.818,35701.202,2,171,236.105,200.177,NA,15.152,0.051,180,20.225
4568,32,30,359.343,607.323,36001.212,2,238,240.679,204.446,NA,4.573,0.015,173.66,-6.34
4569,32,31,342.677,607.323,36301.222,2,230,257.345,220.624,NA,16.667,0.056,180,6.34
4570,32,32,339.646,614.899,36601.232,2,212,265.505,221.968,NA,8.159,0.027,111.801,-68.199
4571,32,33,325,621.97,36901.242,2,255,281.768,235.152,NA,16.264,0.054,154.231,42.429
4572,32,34,325,621.97,37201.253,2,165,281.768,235.152,NA,0,0,0,-154.231
4573,32,35,316.414,625,37501.263,2,255,290.873,243.204,NA,9.105,0.03,160.56,160.56
4574,32,36,316.414,622.98,37801.273,2,255,292.894,243.489,NA,2.02,0.007,-90,109.44
4575,32,37,316.414,622.98,38101.283,2,221,292.894,243.489,NA,0,0,0,90
4576,32,38,306.313,629.04,38401.293,2,252,304.673,252.714,NA,11.78,0.039,149.036,149.036
4577,32,39,299.747,631.566,38701.303,2,255,311.708,258.963,NA,7.035,0.023,158.962,9.926
4578,32,40,299.747,631.566,39001.313,2,189,311.708,258.963,NA,0,0,0,-158.962
4579,32,41,281.061,636.616,39301.323,2,255,331.065,277.115,NA,19.357,0.065,164.876,164.876
4580,32,42,281.061,644.697,39601.333,2,255,339.146,276.599,NA,8.081,0.027,90,-74.876
4581,32,43,283.586,655.303,39901.343,2,255,350.049,273.754,NA,10.903,0.036,76.608,-13.392
4582,32,44,291.667,665.909,40201.354,2,167,363.382,265.765,NA,13.334,0.044,52.696,-23.911
4583,32,45,284.091,673.99,40501.364,2,159,374.459,273.681,NA,11.077,0.037,133.152,80.456
4584,32,46,274.495,675,40801.374,2,255,384.108,283.319,NA,9.649,0.032,173.991,40.839
4585,32,47,264.899,683.586,41101.384,2,255,396.984,293.513,NA,12.876,0.043,138.18,-35.811
4586,32,48,255.808,685.101,41401.394,2,236,406.2,302.701,NA,9.216,0.031,170.538,32.358
4587,32,49,249.747,709.343,41701.404,2,203,431.189,311.777,NA,24.989,0.083,104.036,-66.501
4588,32,50,239.646,711.869,42001.414,2,216,441.601,322.156,NA,10.412,0.035,165.964,61.928
4589,32,51,239.646,711.869,42301.424,2,139,441.601,322.156,NA,0,0,0,-165.964
4590,32,52,227.02,715.909,42601.434,2,129,454.858,335.284,NA,13.257,0.044,162.255,162.255
4591,32,53,222.98,737.626,42901.444,2,167,476.948,343.617,NA,22.09,0.074,100.539,-61.716
4592,32,54,200.253,760.859,43201.455,2,130,509.448,371.498,NA,32.5,0.108,134.37,33.831
4593,32,55,194.192,760.859,43501.465,2,255,515.509,377.327,NA,6.061,0.02,180,45.63
4594,32,56,196.717,777.02,43801.475,2,174,531.866,379.636,NA,16.358,0.055,81.119,-98.881
4595,32,57,192.172,785.101,44101.485,2,216,541.138,386.53,NA,9.271,0.031,119.358,38.238
4596,32,58,192.172,795.202,44401.495,2,255,551.239,389.96,NA,10.101,0.034,90,-29.358
4597,32,59,188.636,796.212,44701.505,2,121,554.916,393.625,NA,3.677,0.012,164.055,74.055
4598,32,60,180.556,797.727,45001.515,2,255,563.137,401.727,NA,8.222,0.027,169.38,5.326
4599,32,61,174.495,811.869,45301.525,2,255,578.523,412.469,NA,15.385,0.051,113.199,-56.182
4600,32,62,168.434,811.869,45601.535,2,189,584.583,418.1,NA,6.061,0.02,180,66.801
4601,32,63,167.424,806.818,45901.546,2,255,589.734,417.216,NA,5.151,0.017,-101.31,78.69
4602,32,64,163.889,806.818,46201.556,2,255,593.269,420.522,NA,3.535,0.012,180,-78.69
4603,32,65,163.889,806.818,46501.566,2,234,593.269,420.522,NA,0,0,0,-180
4604,32,66,163.384,826.01,46801.576,2,249,612.468,428.14,NA,19.199,0.064,91.507,91.507
4605,32,67,160.859,831.061,47101.586,2,183,618.114,432.457,NA,5.647,0.019,116.565,25.058
4606,32,68,144.192,812.879,47401.596,2,166,642.779,441.092,NA,24.665,0.082,-132.51,110.925
4607,32,69,144.697,804.293,47701.606,2,205,651.38,437.681,NA,8.601,0.029,-86.634,45.877
4608,32,70,130.556,800.758,48001.616,2,255,665.957,449.906,NA,14.577,0.049,-165.964,-79.33
4609,32,71,114.394,811.869,48301.626,2,200,685.569,468.785,NA,19.613,0.065,145.491,-48.545
4610,32,72,102.778,813.889,48601.636,2,182,697.36,480.426,NA,11.791,0.039,170.134,24.643
4611,32,73,102.778,813.889,48901.647,2,217,697.36,480.426,NA,0,0,0,-170.134
4612,32,74,94.192,822.98,49201.657,2,238,709.864,491.527,NA,12.504,0.042,133.363,133.363
4613,32,75,94.192,825.505,49501.667,2,255,712.389,492.379,NA,2.525,0.008,90,-43.363
4614,32,76,87.121,825.505,49801.677,2,255,719.46,499.035,NA,7.071,0.024,180,90
4615,32,77,87.121,825.505,50101.687,2,255,719.46,499.035,NA,0,0,0,-180
4616,32,78,94.697,817.424,50401.697,2,122,730.537,489.217,NA,11.077,0.037,-46.848,-46.848
4617,32,79,87.626,806.818,50701.707,2,255,743.284,492.608,NA,12.747,0.042,-123.69,-76.842
4618,32,80,87.626,806.818,51001.717,2,255,743.284,492.608,NA,0,0,0,123.69
4619,32,81,86.616,804.293,51301.727,2,255,746.003,492.818,NA,2.72,0.009,-111.801,-111.801
4620,32,82,82.576,794.192,51601.737,2,252,756.882,493.804,NA,10.879,0.036,-111.801,0
4621,32,83,82.576,795.202,51901.748,2,253,757.893,494.083,NA,1.01,0.003,90,-158.199
4622,32,84,84.091,812.374,52201.758,2,246,775.131,497.672,NA,17.238,0.057,84.958,-5.042
4623,32,85,84.091,819.444,52501.768,2,255,782.202,499.906,NA,7.071,0.024,90,5.042
4624,32,86,84.091,819.444,52801.778,2,255,782.202,499.906,NA,0,0,0,-90
4625,32,87,84.091,822.475,53101.788,2,233,785.232,500.89,NA,3.03,0.01,90,90
4626,32,88,84.091,826.01,53401.798,2,227,788.767,502.06,NA,3.535,0.012,90,0
4627,32,89,81.566,829.545,53701.808,2,184,793.112,505.627,NA,4.345,0.014,125.538,35.538
4628,32,90,83.081,833.081,54001.818,2,229,796.958,505.413,NA,3.846,0.013,66.801,-58.736
4629,32,91,89.646,846.717,54301.828,2,83,812.093,504.192,NA,15.135,0.05,64.29,-2.511
4630,32,92,83.081,846.717,54601.838,2,170,818.659,510.288,NA,6.566,0.022,180,115.71
4631,32,93,80.051,849.747,54901.849,2,59,822.944,514.226,NA,4.285,0.014,135,-45
4632,32,94,78.535,853.788,55201.859,2,14,827.259,517.146,NA,4.315,0.014,110.556,-24.444
4633,32,95,70.455,864.394,55501.869,2,33,840.593,528.68,NA,13.334,0.044,127.304,16.748
4634,32,96,51.263,868.434,55801.879,2,80,860.206,547.941,NA,19.613,0.065,168.111,40.807
4635,32,97,51.263,868.434,56101.889,2,153,860.206,547.941,NA,0,0,0,-168.111
4636,32,98,46.212,876.515,56401.899,2,113,869.735,555.732,NA,9.529,0.032,122.005,122.005
4637,32,99,46.212,876.515,56701.909,2,95,869.735,555.732,NA,0,0,0,-122.005
4638,32,100,35.101,876.515,57001.919,2,96,880.846,565.968,NA,11.111,0.037,180,180
4639,32,101,31.566,884.596,57301.929,2,127,889.666,572.377,NA,8.82,0.029,113.629,-66.371
4640,32,102,24.495,881.061,57601.939,2,218,897.572,577.506,NA,7.905,0.026,-153.435,92.936
4641,32,103,7.323,892.172,57901.95,2,101,918.025,597.646,NA,20.453,0.068,147.095,-59.47
4642,32,104,4.798,895.202,58201.96,2,255,921.969,601.158,NA,3.945,0.013,129.806,-17.289
4643,32,105,2.273,888.636,58501.97,2,230,929.004,600.933,NA,7.035,0.023,-111.038,119.157
4644,33,1,679.04,854.293,24600.828,2,31,0,0,NA,NA,NA,NA,NA
4645,33,2,673.485,862.374,24900.838,2,52,9.806,9.806,NA,9.806,0.033,124.509,NA
4646,33,3,673.485,862.374,25200.849,2,39,9.806,9.806,NA,0,0,0,-124.509
4647,33,4,672.98,862.374,25500.859,2,29,10.311,10.101,NA,0.505,0.002,180,180
4648,33,5,670.455,863.889,25800.869,2,59,13.256,12.876,NA,2.945,0.01,149.036,-30.964
4649,33,6,670.455,868.434,26100.879,2,129,17.802,16.544,NA,4.545,0.015,90,-59.036
4650,33,7,670.455,868.434,26400.889,2,96,17.802,16.544,NA,0,0,0,-90
4651,33,8,670.455,874.495,26700.899,2,178,23.862,21.951,NA,6.061,0.02,90,90
4652,33,9,670.455,881.061,27000.909,2,148,30.428,28.111,NA,6.566,0.022,90,0
4653,33,10,667.424,887.121,27300.919,2,203,37.204,34.823,NA,6.776,0.023,116.565,26.565
4654,33,11,666.919,887.121,27600.929,2,219,37.709,34.995,NA,0.505,0.002,180,63.435
4655,33,12,664.394,886.111,27900.939,2,234,40.429,35.027,NA,2.72,0.009,-158.199,21.801
4656,33,13,664.394,886.111,28200.95,2,175,40.429,35.027,NA,0,0,0,158.199
4657,33,14,664.394,886.111,28500.96,2,213,40.429,35.027,NA,0,0,0,0
4658,33,15,658.333,886.111,28800.97,2,149,46.489,37.963,NA,6.061,0.02,180,180
4659,33,16,654.293,889.141,29100.98,2,157,51.54,42.742,NA,5.051,0.017,143.13,-36.87
4660,33,17,654.293,892.677,29400.99,2,100,55.075,45.67,NA,3.535,0.012,90,-53.13
4661,33,18,654.293,892.677,29701,2,82,55.075,45.67,NA,0,0,0,-90
4662,33,19,645.707,894.697,30001.01,2,156,63.896,52.379,NA,8.82,0.029,166.759,166.759
4663,33,20,645.707,894.697,30301.02,2,254,63.896,52.379,NA,0,0,0,-166.759
4664,33,21,657.323,894.697,30601.03,2,225,75.512,45.871,NA,11.616,0.039,0,0
4665,33,22,660.859,894.697,30901.04,2,170,79.047,44.306,NA,3.535,0.012,0,0
4666,33,23,660.859,891.667,31201.051,2,130,82.077,41.562,NA,3.03,0.01,-90,-90
4667,33,24,652.273,891.667,31501.061,2,134,90.663,45.971,NA,8.586,0.029,180,-90
4668,33,25,652.273,891.667,31801.071,2,135,90.663,45.971,NA,0,0,0,-180
4669,33,26,652.273,891.667,32101.081,2,168,90.663,45.971,NA,0,0,0,0
4670,33,27,657.828,893.687,32401.091,2,155,96.575,44.742,NA,5.911,0.02,19.983,19.983
4671,33,28,657.828,896.717,32701.101,2,137,99.605,47.432,NA,3.03,0.01,90,70.017
4672,33,29,657.828,902.273,33001.111,2,197,105.161,52.46,NA,5.556,0.019,90,0
4673,33,30,654.293,914.394,33301.121,2,140,117.787,64.997,NA,12.626,0.042,106.26,16.26
4674,33,31,651.263,916.414,33601.131,2,180,121.429,68.049,NA,3.642,0.012,146.31,40.05
4675,33,32,646.212,928.03,33901.141,2,3,134.095,80.715,NA,12.667,0.042,113.499,-32.811
4676,33,33,633.586,950.253,34201.152,2,176,159.654,106.181,NA,25.559,0.085,119.604,6.106
4677,33,34,620.455,957.323,34501.162,2,236,174.568,118.522,NA,14.914,0.05,151.699,32.095
4678,33,35,618.434,964.899,34801.172,2,118,182.409,126.122,NA,7.84,0.026,104.931,-46.768
4679,33,36,610.354,964.899,35101.182,2,145,190.489,130.198,NA,8.081,0.027,180,75.069
4680,33,37,606.818,975.505,35401.192,2,201,201.669,141.097,NA,11.18,0.037,108.435,-71.565
4681,33,38,606.818,975.505,35701.202,2,211,201.669,141.097,NA,0,0,0,-108.435
4682,33,39,597.727,975.505,36001.212,2,110,210.76,145.96,NA,9.091,0.03,180,180
4683,33,40,591.667,986.111,36301.222,2,163,222.976,158.146,NA,12.216,0.041,119.745,-60.255
4684,33,41,591.667,989.141,36601.232,2,127,226.006,160.681,NA,3.03,0.01,90,-29.745
4685,33,42,587.121,988.131,36901.242,2,167,230.662,162.363,NA,4.656,0.016,-167.471,102.529
4686,33,43,581.061,988.131,37201.253,2,240,236.723,165.87,NA,6.061,0.02,180,-12.529
4687,33,44,564.899,991.667,37501.263,2,255,253.267,178.605,NA,16.544,0.055,167.661,-12.339
4688,33,45,550.253,1003.788,37801.273,2,255,272.278,197.32,NA,19.012,0.063,140.389,-27.272
4689,33,46,541.667,1003.788,38101.283,2,181,280.864,203.028,NA,8.586,0.029,180,39.611
4690,33,47,541.162,1010.859,38401.293,2,234,287.953,208.623,NA,7.089,0.024,94.086,-85.914
4691,33,48,541.162,1014.394,38701.303,2,196,291.488,211.289,NA,3.535,0.012,90,-4.086
4692,33,49,549.242,1014.394,39001.313,2,127,299.569,206.106,NA,8.081,0.027,0,-90
4693,33,50,532.576,1043.687,39301.323,2,71,333.271,239.42,NA,33.702,0.112,119.638,119.638
4694,33,51,523.485,1053.283,39601.333,2,159,346.49,252.576,NA,13.218,0.044,133.452,13.813
4695,33,52,518.434,1056.313,39901.343,2,163,352.38,258.082,NA,5.89,0.02,149.036,15.584
4696,33,53,518.939,1059.848,40201.354,2,244,355.951,260.548,NA,3.571,0.012,81.87,-67.166
4697,33,54,503.788,1059.848,40501.364,2,192,371.103,270.123,NA,15.152,0.051,180,98.13
4698,33,55,479.545,1080.051,40801.374,2,148,402.659,301.272,NA,31.557,0.105,140.194,-39.806
4699,33,56,473.485,1088.131,41101.384,2,139,412.76,311.341,NA,10.101,0.034,126.87,-13.325
4700,33,57,467.424,1092.677,41401.394,2,141,420.336,318.76,NA,7.576,0.025,143.13,16.26
4701,33,58,465.909,1094.697,41701.404,2,212,422.861,321.277,NA,2.525,0.008,126.87,-16.26
4702,33,59,456.818,1101.263,42001.414,2,134,434.075,332.23,NA,11.214,0.037,144.162,17.292
4703,33,60,438.636,1108.333,42301.424,2,179,453.583,349.758,NA,19.508,0.065,158.749,14.587
4704,33,61,438.131,1108.333,42601.434,2,214,454.088,350.105,NA,0.505,0.002,180,21.251
4705,33,62,438.131,1108.333,42901.444,2,244,454.088,350.105,NA,0,0,0,-180
4706,33,63,438.131,1108.333,43201.455,2,225,454.088,350.105,NA,0,0,0,0
4707,33,64,427.525,1115.404,43501.465,2,238,466.835,362.545,NA,12.747,0.042,146.31,146.31
4708,33,65,407.828,1122.98,43801.475,2,111,487.939,381.77,NA,21.104,0.07,158.962,12.653
4709,33,66,393.687,1122.98,44101.485,2,133,502.08,391.943,NA,14.141,0.047,180,21.038
4710,33,67,393.182,1122.98,44401.495,2,86,502.585,392.311,NA,0.505,0.002,180,0
4711,33,68,393.182,1125.505,44701.505,2,125,505.111,394.045,NA,2.525,0.008,90,-90
4712,33,69,391.667,1129.04,45001.515,2,93,508.957,397.58,NA,3.846,0.013,113.199,23.199
4713,33,70,383.586,1137.121,45301.525,2,247,520.385,409.005,NA,11.428,0.038,135,21.801
4714,33,71,383.586,1137.121,45601.535,2,217,520.385,409.005,NA,0,0,0,-135
4715,33,72,378.535,1137.121,45901.546,2,149,525.435,412.668,NA,5.051,0.017,180,180
4716,33,73,362.374,1137.121,46201.556,2,151,541.597,424.582,NA,16.162,0.054,180,0
4717,33,74,346.212,1137.121,46501.566,2,139,557.759,436.768,NA,16.162,0.054,180,0
4718,33,75,340.657,1129.04,46801.576,2,200,567.565,435.878,NA,9.806,0.033,-124.509,55.491
4719,33,76,332.576,1129.04,47101.586,2,255,575.646,442.181,NA,8.081,0.027,180,-55.491
4720,33,77,327.02,1129.04,47401.596,2,255,581.201,446.547,NA,5.556,0.019,180,0
4721,33,78,322.98,1129.04,47701.606,2,246,585.242,449.739,NA,4.04,0.013,180,0
4722,33,79,323.99,1129.04,48001.616,2,255,586.252,448.94,NA,1.01,0.003,0,-180
4723,33,80,329.04,1135.101,48301.626,2,234,594.141,448.724,NA,7.889,0.026,50.194,50.194
4724,33,81,331.566,1135.101,48601.636,2,255,596.666,446.757,NA,2.525,0.008,0,-50.194
4725,33,82,331.566,1135.101,48901.647,2,255,596.666,446.757,NA,0,0,0,0
4726,33,83,331.566,1135.101,49201.657,2,255,596.666,446.757,NA,0,0,0,0
4727,33,84,331.566,1135.101,49501.667,2,255,596.666,446.757,NA,0,0,0,0
4728,33,85,331.566,1135.101,49801.677,2,216,596.666,446.757,NA,0,0,0,0
4729,33,86,329.04,1136.111,50101.687,2,226,599.386,449.357,NA,2.72,0.009,158.199,158.199
4730,33,87,325,1136.111,50401.697,2,255,603.426,452.511,NA,4.04,0.013,180,21.801
4731,33,88,323.485,1136.111,50701.707,2,244,604.942,453.697,NA,1.515,0.005,180,0
4732,33,89,323.485,1136.111,51001.717,2,255,604.942,453.697,NA,0,0,0,-180
4733,33,90,323.485,1136.111,51301.727,2,250,604.942,453.697,NA,0,0,0,0
4734,33,91,323.485,1136.111,51601.737,2,254,604.942,453.697,NA,0,0,0,0
4735,33,92,323.485,1141.162,51901.748,2,225,609.992,456.852,NA,5.051,0.017,90,90
4736,33,93,321.97,1141.162,52201.758,2,225,611.507,458.032,NA,1.515,0.005,180,90
4737,33,94,320.96,1137.626,52501.768,2,241,615.184,456.618,NA,3.677,0.012,-105.945,74.055
4738,33,95,318.434,1137.626,52801.778,2,255,617.709,458.601,NA,2.525,0.008,180,-74.055
4739,33,96,318.434,1138.131,53101.788,2,255,618.214,458.913,NA,0.505,0.002,90,-90
4740,33,97,318.434,1135.606,53401.798,2,255,620.74,457.355,NA,2.525,0.008,-90,-180
4741,33,98,318.434,1135.606,53701.808,2,241,620.74,457.355,NA,0,0,0,90
4742,33,99,318.434,1135.606,54001.818,2,255,620.74,457.355,NA,0,0,0,0
4743,33,100,318.434,1135.606,54301.828,2,255,620.74,457.355,NA,0,0,0,0
4744,33,101,318.434,1135.606,54601.838,2,255,620.74,457.355,NA,0,0,0,0
4745,33,102,318.434,1135.606,54901.849,2,255,620.74,457.355,NA,0,0,0,0
4746,33,103,321.97,1135.606,55201.859,2,255,624.275,454.573,NA,3.535,0.012,0,0
4747,33,104,321.97,1135.606,55501.869,2,255,624.275,454.573,NA,0,0,0,0
4748,33,105,321.97,1135.606,55801.879,2,255,624.275,454.573,NA,0,0,0,0
4749,33,106,321.97,1135.606,56101.889,2,255,624.275,454.573,NA,0,0,0,0
4750,33,107,320.455,1135.606,56401.899,2,248,625.79,455.764,NA,1.515,0.005,180,180
4751,33,108,320.455,1134.596,56701.909,2,255,626.8,455.141,NA,1.01,0.003,-90,90
4752,33,109,320.455,1134.596,57001.919,2,252,626.8,455.141,NA,0,0,0,90
4753,33,110,320.455,1134.596,57301.929,2,255,626.8,455.141,NA,0,0,0,0
4754,33,111,320.455,1134.596,57601.939,2,255,626.8,455.141,NA,0,0,0,0
4755,33,112,320.455,1134.596,57901.95,2,239,626.8,455.141,NA,0,0,0,0
4756,33,113,319.949,1124.495,58201.96,2,126,636.914,449.394,NA,10.114,0.034,-92.862,-92.862
4757,33,114,319.949,1124.495,58501.97,2,181,636.914,449.394,NA,0,0,0,92.862
4758,33,115,319.949,1122.475,58801.98,2,209,638.934,448.183,NA,2.02,0.007,-90,-90
4759,33,116,319.949,1118.939,59101.99,2,255,642.469,446.076,NA,3.535,0.012,-90,0
4760,33,117,319.949,1118.939,59402,2,255,642.469,446.076,NA,0,0,0,90
4761,33,118,319.949,1118.939,59702.01,2,196,642.469,446.076,NA,0,0,0,0
4762,33,119,319.949,1118.939,60002.02,2,184,642.469,446.076,NA,0,0,0,0
4763,33,120,314.899,1118.939,60302.03,2,171,647.52,450.152,NA,5.051,0.017,180,180
4764,33,121,308.838,1118.939,60602.04,2,151,653.581,455.068,NA,6.061,0.02,180,0
4765,33,122,308.838,1112.374,60902.051,2,182,660.146,451.282,NA,6.566,0.022,-90,90
4766,33,123,308.838,1112.879,61202.061,2,148,660.651,451.571,NA,0.505,0.002,90,180
4767,33,124,308.838,1108.838,61502.071,2,123,664.692,449.269,NA,4.04,0.013,-90,-180
4768,33,125,304.798,1111.364,61802.081,2,255,669.456,454.029,NA,4.765,0.016,147.995,-122.005
4769,33,126,291.162,1112.879,62102.091,2,136,683.177,466.172,NA,13.72,0.046,173.66,25.665
4770,33,127,277.02,1112.879,62402.101,2,93,697.318,478.003,NA,14.141,0.047,180,6.34
4771,33,128,259.848,1139.646,62702.111,2,220,729.12,507.098,NA,31.802,0.106,122.681,-57.319
4772,33,129,245.707,1142.172,63002.121,2,147,743.485,520.242,NA,14.365,0.048,169.875,47.195
4773,33,130,233.081,1135.101,63302.131,2,195,757.957,527.004,NA,14.471,0.048,-150.751,39.373
4774,33,131,221.97,1132.576,63602.141,2,191,769.351,535.121,NA,11.394,0.038,-167.196,-16.445
4775,33,132,221.97,1132.576,63902.152,2,138,769.351,535.121,NA,0,0,0,167.196
4776,33,133,217.929,1132.576,64202.162,2,181,773.391,538.577,NA,4.04,0.013,180,180
4777,33,134,214.394,1132.576,64502.172,2,176,776.927,541.607,NA,3.535,0.012,180,0
4778,33,135,209.343,1129.04,64802.182,2,240,783.092,544.152,NA,6.165,0.021,-145.008,34.992
4779,33,136,209.343,1129.04,65102.192,2,126,783.092,544.152,NA,0,0,0,145.008
4780,33,137,209.343,1137.121,65402.202,2,157,791.172,548.276,NA,8.081,0.027,90,90
4781,33,138,193.687,1158.333,65702.212,2,124,817.537,572.72,NA,26.364,0.088,126.431,36.431
4782,33,139,187.626,1158.333,66002.222,2,254,823.597,577.865,NA,6.061,0.02,180,53.569
4783,34,1,892.172,506.313,36901.242,2,69,0,0,NA,NA,NA,NA,NA
4784,34,2,892.172,504.293,37201.253,2,94,2.02,2.02,NA,2.02,0.007,-90,NA
4785,34,3,892.172,501.263,37501.263,2,49,5.051,5.051,NA,3.03,0.01,-90,0
4786,34,4,892.172,495.707,37801.273,2,108,10.606,10.606,NA,5.556,0.019,-90,0
4787,34,5,892.677,493.182,38101.283,2,82,13.181,13.141,NA,2.575,0.009,-78.69,11.31
4788,34,6,894.192,489.646,38401.293,2,98,17.028,16.789,NA,3.846,0.013,-66.801,11.889
4789,34,7,901.263,489.646,38701.303,2,179,24.098,18.985,NA,7.071,0.024,0,66.801
4790,34,8,902.273,489.646,39001.313,2,205,25.108,19.489,NA,1.01,0.003,0,0
4791,34,9,906.313,486.111,39301.323,2,185,30.477,24.66,NA,5.369,0.018,-41.186,-41.186
4792,34,10,906.313,486.111,39601.333,2,196,30.477,24.66,NA,0,0,0,41.186
4793,34,11,906.313,478.03,39901.343,2,255,38.558,31.621,NA,8.081,0.027,-90,-90
4794,34,12,906.818,473.99,40201.354,2,214,42.63,35.487,NA,4.072,0.014,-82.875,7.125
4795,34,13,910.354,468.434,40501.364,2,235,49.215,42.016,NA,6.585,0.022,-57.529,25.346
4796,34,14,910.354,462.879,40801.374,2,159,54.771,47.086,NA,5.556,0.019,-90,-32.471
4797,34,15,910.354,462.879,41101.384,2,204,54.771,47.086,NA,0,0,0,90
4798,34,16,909.343,453.788,41401.394,2,131,63.917,55.261,NA,9.147,0.03,-96.34,-96.34
4799,34,17,911.364,442.677,41701.404,2,204,75.211,66.467,NA,11.293,0.038,-79.695,16.645
4800,34,18,912.879,442.677,42001.414,2,246,76.726,66.921,NA,1.515,0.005,0,79.695
4801,34,19,917.424,442.677,42301.424,2,255,81.271,68.464,NA,4.545,0.015,0,0
4802,34,20,918.939,438.131,42601.434,2,216,86.063,73.248,NA,4.791,0.016,-71.565,-71.565
4803,34,21,924.495,434.091,42901.444,2,255,92.932,79.125,NA,6.869,0.023,-36.027,35.538
4804,34,22,924.495,434.091,43201.455,2,255,92.932,79.125,NA,0,0,0,36.027
4805,34,23,924.495,426.515,43501.465,2,242,100.508,86.096,NA,7.576,0.025,-90,-90
4806,34,24,924.495,426.515,43801.475,2,241,100.508,86.096,NA,0,0,0,90
4807,34,25,924.495,418.434,44101.485,2,228,108.589,93.635,NA,8.081,0.027,-90,-90
4808,34,26,924.495,418.434,44401.495,2,255,108.589,93.635,NA,0,0,0,90
4809,34,27,924.495,418.434,44701.505,2,255,108.589,93.635,NA,0,0,0,0
4810,34,28,929.545,411.364,45001.515,2,255,117.278,102.04,NA,8.689,0.029,-54.462,-54.462
4811,34,29,929.545,411.364,45301.525,2,255,117.278,102.04,NA,0,0,0,54.462
4812,34,30,929.545,411.364,45601.535,2,199,117.278,102.04,NA,0,0,0,0
4813,34,31,929.545,411.364,45901.546,2,231,117.278,102.04,NA,0,0,0,0
4814,34,32,933.081,404.293,46201.556,2,255,125.183,109.917,NA,7.905,0.026,-63.435,-63.435
4815,34,33,933.081,404.293,46501.566,2,255,125.183,109.917,NA,0,0,0,63.435
4816,34,34,936.616,396.717,46801.576,2,255,133.543,118.265,NA,8.36,0.028,-64.983,-64.983
4817,34,35,942.677,396.212,47101.586,2,255,139.625,121.132,NA,6.082,0.02,-4.764,60.219
4818,34,36,948.737,387.626,47401.596,2,227,150.134,131.477,NA,10.509,0.035,-54.782,-50.019
4819,34,37,959.343,372.475,47701.606,2,255,168.629,149.749,NA,18.495,0.062,-55.008,-0.226
4820,34,38,959.343,372.98,48001.616,2,255,169.134,149.298,NA,0.505,0.002,90,145.008
4821,34,39,961.364,358.333,48301.626,2,255,183.919,163.357,NA,14.785,0.049,-82.147,-172.147
4822,34,40,964.394,357.828,48601.636,2,249,186.991,165.118,NA,3.072,0.01,-9.462,72.684
4823,34,41,964.394,357.828,48901.647,2,197,186.991,165.118,NA,0,0,0,9.462
4824,34,42,964.394,357.828,49201.657,2,255,186.991,165.118,NA,0,0,0,0
4825,34,43,967.424,350.758,49501.667,2,166,194.684,172.802,NA,7.693,0.026,-66.801,-66.801
4826,34,44,972.475,349.747,49801.677,2,230,199.834,175.958,NA,5.151,0.017,-11.31,55.491
4827,34,45,972.475,349.747,50101.687,2,255,199.834,175.958,NA,0,0,0,11.31
4828,34,46,972.475,349.747,50401.697,2,210,199.834,175.958,NA,0,0,0,0
4829,34,47,969.444,346.212,50701.707,2,128,204.491,177.773,NA,4.656,0.016,-130.601,-130.601
4830,34,48,969.444,335.606,51001.717,2,109,215.097,187.382,NA,10.606,0.035,-90,40.601
4831,34,49,959.848,335.606,51301.727,2,149,224.693,183.633,NA,9.596,0.032,180,-90
4832,34,50,959.848,329.545,51601.737,2,255,230.753,189.28,NA,6.061,0.02,-90,90
4833,34,51,964.394,329.545,51901.748,2,235,235.299,190.953,NA,4.545,0.015,0,90
4834,34,52,969.949,317.424,52201.758,2,255,248.633,204.275,NA,13.334,0.044,-65.376,-65.376
4835,34,53,968.939,314.899,52501.768,2,193,251.352,206.234,NA,2.72,0.009,-111.801,-46.425
4836,34,54,968.939,314.899,52801.778,2,213,251.352,206.234,NA,0,0,0,111.801
4837,34,55,969.444,311.364,53101.788,2,156,254.924,209.705,NA,3.571,0.012,-81.87,-81.87
4838,34,56,986.111,311.364,53401.798,2,255,271.59,216.402,NA,16.667,0.056,0,81.87
4839,34,57,989.141,310.354,53701.808,2,255,274.785,218.64,NA,3.194,0.011,-18.435,-18.435
4840,34,58,989.141,310.354,54001.818,2,255,274.785,218.64,NA,0,0,0,18.435
4841,34,59,983.586,303.788,54301.828,2,255,283.385,222.2,NA,8.601,0.029,-130.236,-130.236
4842,34,60,983.586,303.283,54601.838,2,255,283.89,222.661,NA,0.505,0.002,-90,40.236
4843,34,61,983.586,303.283,54901.849,2,136,283.89,222.661,NA,0,0,0,90
4844,34,62,977.02,295.707,55201.859,2,234,293.915,227.055,NA,10.025,0.033,-130.914,-130.914
4845,34,63,976.515,295.707,55501.869,2,255,294.42,226.867,NA,0.505,0.002,180,-49.086
4846,34,64,971.465,295.707,55801.879,2,255,299.471,225.038,NA,5.051,0.017,180,0
4847,34,65,971.465,288.131,56101.889,2,255,307.047,232.144,NA,7.576,0.025,-90,90
4848,34,66,961.364,288.131,56401.899,2,255,317.148,228.89,NA,10.101,0.034,180,-90
4849,34,67,956.818,278.03,56701.909,2,255,328.224,237.26,NA,11.077,0.037,-114.228,65.772
4850,34,68,957.828,276.01,57001.919,2,255,330.483,239.479,NA,2.259,0.008,-63.435,50.793
4851,34,69,959.343,265.909,57301.929,2,255,340.697,249.612,NA,10.214,0.034,-81.469,-18.034
4852,34,70,962.879,261.364,57601.939,2,255,346.455,254.95,NA,5.758,0.019,-52.125,29.344
4853,34,71,962.879,256.818,57901.95,2,255,351.001,259.321,NA,4.545,0.015,-90,-37.875
4854,34,72,962.879,257.323,58201.96,2,255,351.506,258.835,NA,0.505,0.002,90,180
4855,34,73,980.051,258.838,58501.97,2,255,368.744,262.615,NA,17.238,0.057,5.042,-84.958
4856,34,74,980.051,263.889,58801.98,2,255,373.795,257.861,NA,5.051,0.017,90,84.958
4857,34,75,983.586,263.889,59101.99,2,225,377.33,259.087,NA,3.535,0.012,0,-90
4858,34,76,994.192,263.889,59402,2,255,387.936,263.016,NA,10.606,0.035,0,0
4859,34,77,994.192,263.889,59702.01,2,255,387.936,263.016,NA,0,0,0,0
4860,34,78,994.192,263.889,60002.02,2,255,387.936,263.016,NA,0,0,0,0
4861,34,79,992.172,256.313,60302.03,2,255,395.777,269.258,NA,7.84,0.026,-104.931,-104.931
4862,34,80,991.162,245.707,60602.04,2,255,406.431,278.773,NA,10.654,0.036,-95.44,9.491
4863,34,81,991.162,245.707,60902.051,2,247,406.431,278.773,NA,0,0,0,95.44
4864,34,82,985.606,245.707,61202.061,2,255,411.986,276.849,NA,5.556,0.019,180,180
4865,34,83,985.606,244.192,61502.071,2,255,413.501,278.276,NA,1.515,0.005,-90,90
4866,34,84,991.667,244.192,61802.081,2,255,419.562,280.369,NA,6.061,0.02,0,90
4867,34,85,1000.758,253.283,62102.091,2,255,432.419,275.346,NA,12.856,0.043,45,45
4868,34,86,1006.818,253.283,62402.101,2,255,438.479,277.792,NA,6.061,0.02,0,-45
4869,34,87,1006.818,253.283,62702.111,2,241,438.479,277.792,NA,0,0,0,0
4870,34,88,1018.434,249.747,63002.121,2,255,450.621,285.951,NA,12.142,0.04,-16.928,-16.928
4871,34,89,1033.081,249.747,63302.131,2,255,465.268,292.714,NA,14.646,0.049,0,16.928
4872,34,90,1041.162,249.747,63602.141,2,255,473.349,296.688,NA,8.081,0.027,0,0
4873,34,91,1041.162,249.747,63902.152,2,255,473.349,296.688,NA,0,0,0,0
4874,34,92,1041.162,258.333,64202.162,2,241,481.934,289.296,NA,8.586,0.029,90,90
4875,34,93,1043.687,264.899,64502.172,2,255,488.969,285.022,NA,7.035,0.023,68.962,-21.038
4876,34,94,1043.687,264.899,64802.182,2,255,488.969,285.022,NA,0,0,0,-68.962
4877,34,95,1043.687,264.899,65102.192,2,255,488.969,285.022,NA,0,0,0,0
4878,34,96,1058.838,264.899,65402.202,2,255,504.121,293.357,NA,15.152,0.051,0,0
4879,34,97,1062.879,264.899,65702.212,2,255,508.161,295.672,NA,4.04,0.013,0,0
4880,34,98,1062.879,264.899,66002.222,2,255,508.161,295.672,NA,0,0,0,0
4881,34,99,1062.879,255.303,66302.232,2,255,517.757,303.557,NA,9.596,0.032,-90,-90
4882,34,100,1060.859,255.303,66602.242,2,255,519.777,302.426,NA,2.02,0.007,180,-90
4883,34,101,1062.374,247.222,66902.253,2,255,527.999,309.995,NA,8.222,0.027,-79.38,100.62
4884,34,102,1062.374,247.727,67202.263,2,255,528.504,309.573,NA,0.505,0.002,90,169.38
4885,34,103,1065.404,243.182,67502.273,2,238,533.967,315.036,NA,5.463,0.018,-56.31,-146.31
4886,35,1,935.101,514.394,36901.242,2,81,0,0,NA,NA,NA,NA,NA
4887,35,2,930.051,508.838,37201.253,2,164,7.508,7.508,NA,7.508,0.025,-132.274,NA
4888,35,3,929.545,506.818,37501.263,2,141,9.59,9.394,NA,2.082,0.007,-104.036,28.237
4889,35,4,929.545,504.293,37801.273,2,97,12.116,11.528,NA,2.525,0.008,-90,14.036
4890,35,5,931.566,504.293,38101.283,2,92,14.136,10.702,NA,2.02,0.007,0,90
4891,35,6,928.03,500.758,38401.293,2,142,19.136,15.361,NA,5,0.017,-135,-135
4892,35,7,928.03,500.758,38701.303,2,126,19.136,15.361,NA,0,0,0,135
4893,35,8,929.545,498.232,39001.313,2,159,22.081,17.09,NA,2.945,0.01,-59.036,-59.036
4894,35,9,931.566,494.192,39301.323,2,174,26.598,20.509,NA,4.517,0.015,-63.435,-4.399
4895,35,10,931.566,493.687,39601.333,2,129,27.103,21.007,NA,0.505,0.002,-90,-26.565
4896,35,11,925.505,493.687,39901.343,2,104,33.164,22.822,NA,6.061,0.02,180,-90
4897,35,12,925.505,493.687,40201.354,2,90,33.164,22.822,NA,0,0,0,-180
4898,35,13,934.091,492.677,40501.364,2,128,41.809,21.741,NA,8.645,0.029,-6.71,-6.71
4899,35,14,936.616,493.687,40801.374,2,138,44.528,20.762,NA,2.72,0.009,21.801,28.511
4900,35,15,939.141,489.141,41101.384,2,233,49.728,25.574,NA,5.2,0.017,-60.945,-82.747
4901,35,16,943.182,487.626,41401.394,2,173,54.043,27.961,NA,4.315,0.014,-20.556,40.389
4902,35,17,943.687,487.626,41701.404,2,149,54.548,28.111,NA,0.505,0.002,0,20.556
4903,35,18,943.687,491.667,42001.414,2,127,58.589,24.295,NA,4.04,0.013,90,90
4904,35,19,943.687,498.232,42301.424,2,162,65.155,18.301,NA,6.566,0.022,90,0
4905,35,20,943.687,498.232,42601.434,2,192,65.155,18.301,NA,0,0,0,-90
4906,35,21,946.212,498.232,42901.444,2,162,67.68,19.613,NA,2.525,0.008,0,0
4907,35,22,946.212,495.202,43201.455,2,155,70.71,22.176,NA,3.03,0.01,-90,-90
4908,35,23,946.212,494.697,43501.465,2,146,71.215,22.615,NA,0.505,0.002,-90,0
4909,35,24,946.212,492.172,43801.475,2,205,73.74,24.845,NA,2.525,0.008,-90,0
4910,35,25,946.212,488.131,44101.485,2,209,77.781,28.516,NA,4.04,0.013,-90,0
4911,35,26,946.717,482.576,44401.495,2,250,83.359,33.872,NA,5.578,0.019,-84.806,5.194
4912,35,27,948.737,474.495,44701.505,2,210,91.689,42.165,NA,8.33,0.028,-75.964,8.842
4913,35,28,948.737,474.495,45001.515,2,221,91.689,42.165,NA,0,0,0,75.964
4914,35,29,957.828,483.081,45301.525,2,145,104.193,38.692,NA,12.504,0.042,43.363,43.363
4915,35,30,957.828,483.081,45601.535,2,215,104.193,38.692,NA,0,0,0,-43.363
4916,35,31,972.475,485.606,45901.546,2,140,119.056,47.176,NA,14.863,0.05,9.782,9.782
4917,35,32,978.03,492.677,46201.556,2,255,128.048,48.11,NA,8.992,0.03,51.843,42.06
4918,35,33,978.535,492.677,46501.566,2,202,128.553,48.561,NA,0.505,0.002,0,-51.843
4919,35,34,995.202,492.677,46801.576,2,255,145.22,63.904,NA,16.667,0.056,0,0
4920,35,35,995.707,493.687,47101.586,2,255,146.349,64.046,NA,1.129,0.004,63.435,63.435
4921,35,36,1003.283,496.212,47401.596,2,255,154.335,70.564,NA,7.986,0.027,18.435,-45
4922,35,37,1017.929,496.717,47701.606,2,248,168.99,84.694,NA,14.655,0.049,1.975,-16.46
4923,35,38,1009.343,484.596,48001.616,2,178,183.844,79.999,NA,14.854,0.05,-125.311,-127.286
4924,35,39,1001.263,484.596,48301.626,2,203,191.924,72.562,NA,8.081,0.027,180,-54.689
4925,35,40,1006.818,474.495,48601.636,2,181,203.452,82.069,NA,11.528,0.038,-61.189,118.811
4926,35,41,1043.182,464.899,48901.647,2,147,241.061,118.875,NA,37.608,0.125,-14.783,46.406
4927,35,42,1064.899,453.788,49201.657,2,255,265.455,143.25,NA,24.395,0.081,-27.096,-12.313
4928,35,43,1087.121,453.788,49501.667,2,255,287.678,163.656,NA,22.222,0.074,0,27.096
4929,35,44,1108.838,436.616,49801.677,2,255,315.363,190.352,NA,27.686,0.092,-38.333,-38.333
4930,35,45,1131.566,422.98,50101.687,2,224,341.868,216.691,NA,26.504,0.088,-30.964,7.37
4931,35,46,1139.646,417.929,50401.697,2,255,351.397,226.151,NA,9.529,0.032,-32.005,-1.042
4932,35,47,1154.798,417.929,50701.707,2,255,366.549,239.942,NA,15.152,0.051,0,32.005
4933,35,48,1171.97,406.313,51001.717,2,255,387.28,260.362,NA,20.732,0.069,-34.077,-34.077
4934,35,49,1177.02,387.121,51301.727,2,235,407.126,273.356,NA,19.845,0.066,-75.256,-41.179
4935,35,50,1188.636,382.071,51601.737,2,152,419.792,285.989,NA,12.667,0.042,-23.499,51.758
4936,35,51,1189.646,379.04,51901.748,2,197,422.986,288.295,NA,3.194,0.011,-71.565,-48.066
4937,35,52,1189.646,391.162,52201.758,2,196,435.108,282.807,NA,12.121,0.04,90,161.565
4938,35,53,1186.111,387.121,52501.768,2,255,440.476,281.433,NA,5.369,0.018,-131.186,138.814
4939,35,54,1186.111,374.495,52801.778,2,255,453.103,287.364,NA,12.626,0.042,-90,41.186
4940,35,55,1179.04,374.495,53101.788,2,255,460.173,281.208,NA,7.071,0.024,180,-90
4941,35,56,1176.515,373.99,53401.798,2,255,462.749,279.274,NA,2.575,0.009,-168.69,11.31
4942,35,57,1175.505,360.859,53701.808,2,255,475.919,285.249,NA,13.17,0.044,-94.399,74.291
4943,35,58,1171.97,353.788,54001.818,2,205,483.824,286.184,NA,7.905,0.026,-116.565,-22.166
4944,35,59,1164.394,350.253,54301.828,2,255,492.184,281.989,NA,8.36,0.028,-154.983,-38.418
4945,35,60,1164.394,346.212,54601.838,2,255,496.225,284.36,NA,4.04,0.013,-90,64.983
4946,35,61,1176.01,346.212,54901.849,2,255,507.841,293.807,NA,11.616,0.039,0,90
4947,35,62,1176.01,339.141,55201.859,2,255,514.911,297.91,NA,7.071,0.024,-90,-90
4948,35,63,1176.01,339.141,55501.869,2,255,514.911,297.91,NA,0,0,0,90
4949,35,64,1177.02,334.596,55801.879,2,255,519.568,301.417,NA,4.656,0.016,-77.471,-77.471
4950,35,65,1179.04,333.081,56101.889,2,255,522.093,303.942,NA,2.525,0.008,-36.87,40.601
4951,35,66,1179.04,333.081,56401.899,2,255,522.093,303.942,NA,0,0,0,36.87
4952,35,67,1179.04,342.677,56701.909,2,255,531.689,298.317,NA,9.596,0.032,90,90
4953,35,68,1183.081,342.677,57001.919,2,198,535.729,301.63,NA,4.04,0.013,0,-90
4954,35,69,1172.475,342.677,57301.929,2,255,546.335,292.973,NA,10.606,0.035,180,180
4955,35,70,1175,335.606,57601.939,2,255,553.844,299.193,NA,7.508,0.025,-70.346,109.654
4956,35,71,1176.01,335.606,57901.95,2,192,554.854,300.004,NA,1.01,0.003,0,70.346
4957,35,72,1173.485,335.101,58201.96,2,255,557.429,298.283,NA,2.575,0.009,-168.69,-168.69
4958,35,73,1173.485,326.515,58501.97,2,255,566.015,303.521,NA,8.586,0.029,-90,78.69
4959,35,74,1173.485,326.515,58801.98,2,255,566.015,303.521,NA,0,0,0,90
4960,35,75,1179.545,326.515,59101.99,2,255,572.075,308.304,NA,6.061,0.02,0,0
4961,35,76,1184.596,326.515,59402,2,255,577.126,312.324,NA,5.051,0.017,0,0
4962,35,77,1186.111,326.515,59702.01,2,255,578.641,313.535,NA,1.515,0.005,0,0
4963,35,78,1186.111,317.929,60002.02,2,255,587.227,318.754,NA,8.586,0.029,-90,-90
4964,35,79,1186.111,317.929,60302.03,2,255,587.227,318.754,NA,0,0,0,90
4965,35,80,1186.111,311.869,60602.04,2,255,593.287,322.525,NA,6.061,0.02,-90,-90
4966,35,81,1186.111,308.333,60902.051,2,255,596.823,324.757,NA,3.535,0.012,-90,0
4967,35,82,1186.111,302.273,61202.061,2,255,602.883,328.636,NA,6.061,0.02,-90,0
4968,35,83,1203.283,289.646,61502.071,2,255,624.198,349.904,NA,21.314,0.071,-36.327,53.673
4969,35,84,1216.414,289.646,61802.081,2,255,637.329,360.067,NA,13.131,0.044,0,36.327
4970,35,85,1241.667,283.586,62102.091,2,255,663.298,383.738,NA,25.97,0.087,-13.496,-13.496
4971,35,86,1245.707,280.051,62402.101,2,255,668.667,389.092,NA,5.369,0.018,-41.186,-27.69
4972,35,87,1259.848,279.545,62702.111,2,253,682.818,400.768,NA,14.15,0.047,-2.045,39.141
4973,35,88,1259.848,279.545,63002.121,2,188,682.818,400.768,NA,0,0,0,2.045
4974,35,89,1262.879,267.424,63302.131,2,210,695.312,410.405,NA,12.494,0.042,-75.964,-75.964
4975,35,90,1262.879,241.162,63602.141,2,210,721.575,426.725,NA,26.263,0.088,-90,-14.036
4976,35,91,1272.475,228.535,63902.152,2,236,737.433,442.195,NA,15.859,0.053,-52.765,37.235
4977,35,92,1286.111,222.475,64202.162,2,151,752.356,456.536,NA,14.923,0.05,-23.962,28.803
4978,35,93,1282.071,233.586,64502.172,2,128,764.179,446.364,NA,11.823,0.039,109.983,133.946
4979,35,94,1282.576,233.586,64802.182,2,223,764.684,446.757,NA,0.505,0.002,0,-109.983
4980,35,95,1290.657,230.051,65102.192,2,210,773.504,455.27,NA,8.82,0.029,-23.629,-23.629
4981,35,96,1316.414,220.455,65402.202,2,255,800.991,481.456,NA,27.487,0.092,-20.433,3.197
4982,35,97,1339.141,207.323,65702.212,2,214,827.239,507.485,NA,26.248,0.087,-30.018,-9.586
4983,36,1,984.596,740.657,15600.525,2,73,0,0,NA,NA,NA,NA,NA
4984,36,2,988.131,740.657,15900.535,2,115,3.535,3.535,NA,3.535,0.012,0,NA
4985,36,3,992.677,748.232,16200.545,2,147,12.37,11.077,NA,8.835,0.029,59.036,59.036
4986,36,4,993.687,750.758,16500.556,2,63,15.09,13.59,NA,2.72,0.009,68.199,9.162
4987,36,5,993.687,750.758,16800.566,2,142,15.09,13.59,NA,0,0,0,-68.199
4988,36,6,993.687,750.758,17100.576,2,156,15.09,13.59,NA,0,0,0,0
4989,36,7,982.071,750.758,17400.586,2,86,26.706,10.412,NA,11.616,0.039,180,180
4990,36,8,982.071,752.273,17700.596,2,104,28.221,11.887,NA,1.515,0.005,90,-90
4991,36,9,982.071,754.798,18000.606,2,96,30.746,14.365,NA,2.525,0.008,90,0
4992,36,10,982.576,751.768,18300.616,2,114,33.819,11.293,NA,3.072,0.01,-80.538,-170.538
4993,36,11,984.091,751.768,18600.626,2,111,35.334,11.123,NA,1.515,0.005,0,80.538
4994,36,12,987.626,751.768,18900.636,2,128,38.869,11.517,NA,3.535,0.012,0,0
4995,36,13,987.626,751.768,19200.646,2,104,38.869,11.517,NA,0,0,0,0
4996,36,14,987.626,751.768,19500.657,2,169,38.869,11.517,NA,0,0,0,0
4997,36,15,984.596,752.778,19800.667,2,193,42.063,12.121,NA,3.194,0.011,161.565,161.565
4998,36,16,980.051,752.778,20100.677,2,135,46.609,12.945,NA,4.545,0.015,180,18.435
4999,36,17,980.051,752.778,20400.687,2,143,46.609,12.945,NA,0,0,0,-180
5000,36,18,980.051,752.778,20700.697,2,67,46.609,12.945,NA,0,0,0,0
5001,36,19,980.051,752.778,21000.707,2,148,46.609,12.945,NA,0,0,0,0
5002,36,20,985.606,752.778,21300.717,2,152,52.164,12.163,NA,5.556,0.019,0,0
5003,36,21,985.606,752.778,21600.727,2,176,52.164,12.163,NA,0,0,0,0
5004,36,22,992.677,749.242,21900.737,2,146,60.07,11.791,NA,7.905,0.026,-26.565,-26.565
5005,36,23,992.677,746.212,22200.747,2,218,63.1,9.806,NA,3.03,0.01,-90,-63.435
5006,36,24,998.737,746.212,22500.758,2,255,69.161,15.194,NA,6.061,0.02,0,90
5007,36,25,1004.293,746.212,22800.768,2,235,74.716,20.465,NA,5.556,0.019,0,0
5008,36,26,1004.293,746.212,23100.778,2,146,74.716,20.465,NA,0,0,0,0
5009,36,27,1006.313,744.192,23400.788,2,139,77.573,22.003,NA,2.857,0.01,-45,-45
5010,36,28,1007.828,744.192,23700.798,2,197,79.088,23.5,NA,1.515,0.005,0,45
5011,36,29,1007.828,741.162,24000.808,2,255,82.119,23.238,NA,3.03,0.01,-90,-90
5012,36,30,1009.848,740.152,24300.818,2,194,84.377,25.258,NA,2.259,0.008,-26.565,63.435
5013,36,31,1015.404,740.152,24600.828,2,215,89.933,30.812,NA,5.556,0.019,0,26.565
5014,36,32,1015.404,742.172,24900.838,2,155,91.953,30.845,NA,2.02,0.007,90,90
5015,36,33,1018.434,742.172,25200.849,2,243,94.983,33.872,NA,3.03,0.01,0,-90
5016,36,34,1018.434,742.172,25500.859,2,169,94.983,33.872,NA,0,0,0,0
5017,36,35,1018.434,742.172,25800.869,2,201,94.983,33.872,NA,0,0,0,0
5018,36,36,1018.434,742.172,26100.879,2,190,94.983,33.872,NA,0,0,0,0
5019,36,37,1018.434,742.172,26400.889,2,255,94.983,33.872,NA,0,0,0,0
5020,36,38,1017.929,746.717,26700.899,2,228,99.557,33.88,NA,4.573,0.015,96.34,96.34
5021,36,39,1017.929,746.717,27000.909,2,255,99.557,33.88,NA,0,0,0,-96.34
5022,36,40,1025,746.717,27300.919,2,255,106.627,40.856,NA,7.071,0.024,0,0
5023,36,41,1025,744.697,27600.929,2,239,108.648,40.606,NA,2.02,0.007,-90,-90
5024,36,42,1025,740.657,27900.939,2,228,112.688,40.404,NA,4.04,0.013,-90,0
5025,36,43,1030.556,740.152,28200.95,2,218,118.266,45.962,NA,5.578,0.019,-5.194,84.806
5026,36,44,1035.101,738.636,28500.96,2,221,123.058,50.545,NA,4.791,0.016,-18.435,-13.241
5027,36,45,1035.101,738.636,28800.97,2,255,123.058,50.545,NA,0,0,0,18.435
5028,36,46,1039.646,732.576,29100.98,2,231,130.634,55.64,NA,7.576,0.025,-53.13,-53.13
5029,36,47,1039.646,731.566,29400.99,2,193,131.644,55.796,NA,1.01,0.003,-90,-36.87
5030,36,48,1045.707,731.566,29701,2,171,137.704,61.784,NA,6.061,0.02,0,90
5031,36,49,1045.707,731.566,30001.01,2,163,137.704,61.784,NA,0,0,0,0
5032,36,50,1053.788,731.566,30301.02,2,240,145.785,69.787,NA,8.081,0.027,0,0
5033,36,51,1053.788,731.566,30601.03,2,242,145.785,69.787,NA,0,0,0,0
5034,36,52,1050.758,730.556,30901.04,2,203,148.979,66.928,NA,3.194,0.011,-161.565,-161.565
5035,36,53,1050.253,725,31201.051,2,255,154.558,67.498,NA,5.578,0.019,-95.194,66.371
5036,36,54,1053.283,722.475,31501.061,2,255,158.502,71.053,NA,3.945,0.013,-39.806,55.389
5037,36,55,1061.869,722.475,31801.071,2,159,167.088,79.383,NA,8.586,0.029,0,39.806
5038,36,56,1068.939,722.98,32101.081,2,241,174.177,86.176,NA,7.089,0.024,4.086,4.086
5039,36,57,1069.949,724.495,32401.091,2,220,175.998,86.87,NA,1.821,0.006,56.31,52.224
5040,36,58,1069.949,724.495,32701.101,2,255,175.998,86.87,NA,0,0,0,-56.31
5041,36,59,1069.949,724.495,33001.111,2,198,175.998,86.87,NA,0,0,0,0
5042,36,60,1075,729.545,33301.121,2,246,183.14,91.084,NA,7.142,0.024,45,45
5043,36,61,1073.99,729.545,33601.131,2,237,184.15,90.082,NA,1.01,0.003,180,135
5044,36,62,1073.99,738.131,33901.141,2,255,192.736,89.43,NA,8.586,0.029,90,-90
5045,36,63,1076.515,738.131,34201.152,2,213,195.262,91.954,NA,2.525,0.008,0,-90
5046,36,64,1081.566,738.131,34501.162,2,187,200.312,97.003,NA,5.051,0.017,0,0
5047,36,65,1084.091,738.636,34801.172,2,255,202.887,99.515,NA,2.575,0.009,11.31,11.31
5048,36,66,1084.091,738.636,35101.182,2,255,202.887,99.515,NA,0,0,0,-11.31
5049,36,67,1084.091,738.636,35401.192,2,232,202.887,99.515,NA,0,0,0,0
5050,36,68,1084.091,737.121,35701.202,2,164,204.402,99.558,NA,1.515,0.005,-90,-90
5051,36,69,1084.091,737.121,36001.212,2,186,204.402,99.558,NA,0,0,0,90
5052,36,70,1089.646,741.667,36301.222,2,255,211.581,105.055,NA,7.178,0.024,39.289,39.289
5053,36,71,1089.646,746.717,36601.232,2,190,216.631,105.225,NA,5.051,0.017,90,50.711
5054,36,72,1089.646,746.717,36901.242,2,160,216.631,105.225,NA,0,0,0,-90
5055,36,73,1095.202,746.717,37201.253,2,168,222.187,110.772,NA,5.556,0.019,0,0
5056,36,74,1095.202,748.737,37501.263,2,250,224.207,110.901,NA,2.02,0.007,90,90
5057,36,75,1096.212,751.263,37801.273,2,214,226.927,112.119,NA,2.72,0.009,68.199,-21.801
5058,36,76,1100.253,754.293,38101.283,2,220,231.977,116.458,NA,5.051,0.017,36.87,-31.329
5059,36,77,1100.253,754.293,38401.293,2,248,231.977,116.458,NA,0,0,0,-36.87
5060,36,78,1109.848,753.283,38701.303,2,255,241.626,125.887,NA,9.649,0.032,-6.009,-6.009
5061,36,79,1122.98,750.758,39001.313,2,125,254.998,138.752,NA,13.372,0.045,-10.886,-4.877
5062,36,80,1118.434,747.727,39301.323,2,255,260.461,134.025,NA,5.463,0.018,-146.31,-135.424
5063,36,81,1118.434,758.333,39601.333,2,208,271.067,135.001,NA,10.606,0.035,90,-123.69
5064,36,82,1115.909,760.859,39901.343,2,180,274.638,132.858,NA,3.571,0.012,135,45
5065,36,83,1113.384,758.333,40201.354,2,224,278.21,129.995,NA,3.571,0.012,-135,90
5066,36,84,1113.384,758.333,40501.364,2,148,278.21,129.995,NA,0,0,0,135
5067,36,85,1111.364,758.838,40801.374,2,255,280.292,128.065,NA,2.082,0.007,165.964,165.964
5068,36,86,1111.364,760.859,41101.384,2,255,282.312,128.367,NA,2.02,0.007,90,-75.964
5069,36,87,1111.869,756.818,41401.394,2,180,286.384,128.295,NA,4.072,0.014,-82.875,-172.875
5070,36,88,1111.869,756.818,41701.404,2,185,286.384,128.295,NA,0,0,0,82.875
5071,36,89,1116.414,756.818,42001.414,2,240,290.929,132.805,NA,4.545,0.015,0,0
5072,36,90,1113.384,760.354,42301.424,2,172,295.586,130.285,NA,4.656,0.016,130.601,130.601
5073,36,91,1113.384,762.879,42601.434,2,255,298.111,130.691,NA,2.525,0.008,90,-40.601
5074,36,92,1116.414,764.394,42901.444,2,174,301.499,133.938,NA,3.388,0.011,26.565,-63.435
5075,36,93,1120.96,765.404,43201.455,2,250,306.155,138.591,NA,4.656,0.016,12.529,-14.036
5076,36,94,1130.556,765.404,43501.465,2,255,315.751,148.043,NA,9.596,0.032,0,-12.529
5077,36,95,1128.03,763.384,43801.475,2,228,318.985,145.224,NA,3.234,0.011,-141.34,-141.34
5078,36,96,1128.03,763.384,44101.485,2,230,318.985,145.224,NA,0,0,0,141.34
5079,36,97,1126.515,763.889,44401.495,2,217,320.582,143.808,NA,1.597,0.005,161.565,161.565
5080,36,98,1126.01,766.414,44701.505,2,213,323.158,143.741,NA,2.575,0.009,101.31,-60.255
5081,36,99,1128.03,766.414,45001.515,2,242,325.178,145.729,NA,2.02,0.007,0,-101.31
5082,36,100,1127.525,766.414,45301.525,2,255,325.683,145.232,NA,0.505,0.002,180,180
5083,36,101,1130.051,768.939,45601.535,2,254,329.254,148.179,NA,3.571,0.012,45,-135
5084,36,102,1141.667,768.939,45901.546,2,255,340.87,159.597,NA,11.616,0.039,0,-45
5085,36,103,1155.808,763.384,46201.556,2,255,356.064,172.714,NA,15.194,0.051,-21.448,-21.448
5086,36,104,1172.98,746.212,46501.566,2,245,380.348,188.466,NA,24.284,0.081,-45,-23.552
5087,36,105,1175,743.182,46801.576,2,193,383.99,190.421,NA,3.642,0.012,-56.31,-11.31
5088,36,106,1175,732.071,47101.586,2,209,395.101,190.598,NA,11.111,0.037,-90,-33.69
5089,36,107,1178.03,741.162,47401.596,2,255,404.684,193.435,NA,9.583,0.032,71.565,161.565
5090,36,108,1178.03,748.232,47701.606,2,255,411.755,193.583,NA,7.071,0.024,90,18.435
5091,36,109,1178.03,748.232,48001.616,2,160,411.755,193.583,NA,0,0,0,-90
5092,36,110,1195.202,761.364,48301.626,2,154,433.372,211.622,NA,21.617,0.072,37.405,37.405
5093,36,111,1202.778,770.96,48601.636,2,218,445.598,220.276,NA,12.226,0.041,51.71,14.304
5094,36,112,1202.778,770.96,48901.647,2,255,445.598,220.276,NA,0,0,0,-51.71
5095,36,113,1208.838,770.96,49201.657,2,219,451.658,226.281,NA,6.061,0.02,0,0
5096,36,114,1208.838,789.141,49501.667,2,255,469.84,229.424,NA,18.182,0.061,90,90
5097,36,115,1221.465,796.717,49801.677,2,145,484.565,243.412,NA,14.725,0.049,30.964,-59.036
5098,36,116,1221.465,797.222,50101.687,2,211,485.07,243.529,NA,0.505,0.002,90,59.036
5099,36,117,1234.596,803.788,50401.697,2,190,499.751,257.848,NA,14.681,0.049,26.565,-63.435
5100,36,118,1244.697,803.788,50701.707,2,3,509.852,267.653,NA,10.101,0.034,0,-26.565
5101,36,119,1272.475,788.636,51001.717,2,249,541.493,291.85,NA,31.641,0.105,-28.61,-28.61
5102,36,120,1286.111,769.949,51301.727,2,255,564.627,302.935,NA,23.133,0.077,-53.881,-25.27
5103,36,121,1294.697,769.949,51601.737,2,255,573.213,311.481,NA,8.586,0.029,0,53.881
5104,36,122,1322.475,745.707,51901.748,2,255,610.081,337.917,NA,36.869,0.123,-41.112,-41.112
5105,36,123,1322.98,741.162,52201.758,2,255,614.655,338.384,NA,4.573,0.015,-83.66,-42.548
5106,36,124,1312.879,742.172,52501.768,2,159,624.806,328.286,NA,10.151,0.034,174.289,-102.051
5107,36,125,1313.384,749.747,52801.778,2,215,632.399,328.914,NA,7.593,0.025,86.186,-88.103
5108,36,126,1319.949,753.788,53101.788,2,244,640.108,335.611,NA,7.709,0.026,31.608,-54.578
5109,36,127,1325.505,766.919,53401.798,2,255,654.366,341.919,NA,14.258,0.048,67.068,35.46
5110,36,128,1339.646,767.929,53701.808,2,219,668.544,356.096,NA,14.177,0.047,4.086,-62.982
5111,36,129,1345.707,767.929,54001.818,2,250,674.604,362.14,NA,6.061,0.02,0,-4.086
5112,36,130,1345.707,780.556,54301.828,2,255,687.23,363.309,NA,12.626,0.042,90,90
5113,36,131,1337.121,772.475,54601.838,2,255,699.021,353.958,NA,11.791,0.039,-136.736,133.264
5114,36,132,1344.192,766.919,54901.849,2,255,708.013,360.554,NA,8.992,0.03,-38.157,98.578
5115,36,133,1350.758,763.889,55201.859,2,255,715.244,366.898,NA,7.231,0.024,-24.775,13.382
5116,36,134,1360.354,763.889,55501.869,2,210,724.84,376.475,NA,9.596,0.032,0,24.775
5117,36,135,1360.354,763.889,55801.879,2,255,724.84,376.475,NA,0,0,0,0
5118,36,136,1369.949,767.424,56101.889,2,253,735.067,386.282,NA,10.226,0.034,20.225,20.225
5119,36,137,1383.081,788.131,56401.899,2,255,759.586,401.303,NA,24.52,0.082,57.619,37.394
5120,36,138,1383.586,788.131,56701.909,2,255,760.092,401.804,NA,0.505,0.002,0,-57.619
5121,36,139,1396.212,796.212,57001.919,2,225,775.082,415.348,NA,14.991,0.05,32.619,32.619
5122,36,140,1396.212,802.778,57301.929,2,237,781.648,416.277,NA,6.566,0.022,90,57.381
5123,36,141,1396.212,813.384,57601.939,2,196,792.254,417.992,NA,10.606,0.035,90,0
5124,36,142,1396.212,813.384,57901.95,2,255,792.254,417.992,NA,0,0,0,-90
5125,36,143,1404.798,813.384,58201.96,2,237,800.84,426.449,NA,8.586,0.029,0,0
5126,36,144,1408.838,813.384,58501.97,2,229,804.88,430.431,NA,4.04,0.013,0,0
5127,36,145,1412.374,813.384,58801.98,2,165,808.416,433.916,NA,3.535,0.012,0,0
5128,36,146,1421.97,800.758,59101.99,2,141,824.275,441.484,NA,15.859,0.053,-52.765,-52.765
5129,36,147,1427.525,800.758,59402,2,176,829.83,446.988,NA,5.556,0.019,0,52.765
5130,36,148,1427.525,800.758,59702.01,2,252,829.83,446.988,NA,0,0,0,0
5131,36,149,1434.596,801.263,60002.02,2,255,836.919,454.063,NA,7.089,0.024,4.086,4.086
5132,36,150,1441.162,801.263,60302.03,2,255,843.484,460.571,NA,6.566,0.022,0,-4.086
5133,36,151,1452.273,813.384,60602.04,2,255,859.928,473.298,NA,16.443,0.055,47.49,47.49
5134,37,1,584.091,739.141,38701.303,2,58,0,0,NA,NA,NA,NA,NA
5135,37,2,577.525,749.242,39001.313,2,115,12.047,12.047,NA,12.047,0.04,123.024,NA
5136,37,3,570.96,753.788,39301.323,2,3,20.033,19.671,NA,7.986,0.027,145.305,22.281
5137,37,4,558.333,781.061,39601.333,2,130,50.087,49.2,NA,30.054,0.1,114.842,-30.462
5138,37,5,537.626,802.778,39901.343,2,245,80.094,78.794,NA,30.007,0.1,133.636,18.794
5139,37,6,533.586,802.778,40201.354,2,221,84.134,81.243,NA,4.04,0.013,180,46.364
5140,37,7,513.889,802.778,40501.364,2,196,103.831,94.752,NA,19.697,0.066,180,0
5141,37,8,508.333,808.333,40801.374,2,255,111.688,102.6,NA,7.857,0.026,135,-45
5142,37,9,508.333,808.838,41101.384,2,166,112.193,102.941,NA,0.505,0.002,90,-45
5143,37,10,508.333,820.455,41401.394,2,204,123.809,111.135,NA,11.616,0.039,90,0
5144,37,11,496.212,837.626,41701.404,2,148,144.828,131.992,NA,21.019,0.07,125.218,35.218
5145,37,12,489.646,837.626,42001.414,2,180,151.393,136.452,NA,6.566,0.022,180,54.782
5146,37,13,489.646,837.626,42301.424,2,255,151.393,136.452,NA,0,0,0,-180
5147,37,14,478.03,844.192,42601.434,2,177,164.737,149.28,NA,13.343,0.044,150.524,150.524
5148,37,15,465.909,854.293,42901.444,2,203,180.515,165.005,NA,15.778,0.053,140.194,-10.33
5149,37,16,444.697,876.515,43201.455,2,255,211.236,195.71,NA,30.721,0.102,133.668,-6.527
5150,37,17,432.955,879.545,43501.465,2,255,223.363,206.29,NA,12.127,0.04,165.53,31.862
5151,37,18,400.379,882.197,43801.475,2,255,256.047,232.841,NA,32.683,0.109,175.347,9.817
5152,37,19,391.667,882.197,44101.485,2,210,264.759,239.775,NA,8.712,0.029,180,4.653
5153,37,20,380.682,898.106,44401.495,2,255,284.092,258.157,NA,19.333,0.064,124.624,-55.376
5154,37,21,372.348,902.273,44701.505,2,214,293.409,267.295,NA,9.317,0.031,153.435,28.811
5155,37,22,385.227,901.894,45001.515,2,252,306.293,256.973,NA,12.884,0.043,-1.685,-155.12
5156,37,23,369.697,901.894,45301.525,2,218,321.823,269.171,NA,15.53,0.052,180,-178.315
5157,37,24,362.121,902.273,45601.535,2,227,329.409,275.468,NA,7.585,0.025,177.138,-2.862
5158,37,25,362.121,902.273,45901.546,2,255,329.409,275.468,NA,0,0,0,-177.138
5159,37,26,362.121,902.273,46201.556,2,192,329.409,275.468,NA,0,0,0,0
5160,37,27,357.197,902.273,46501.566,2,255,334.333,279.451,NA,4.924,0.016,180,180
5161,37,28,361.742,913.636,46801.576,2,131,346.572,282.643,NA,12.239,0.041,68.199,-111.801
5162,37,29,360.227,917.803,47101.586,2,164,351.005,286.417,NA,4.434,0.015,109.983,41.785
5163,37,30,354.545,921.591,47401.596,2,183,357.834,293.222,NA,6.829,0.023,146.31,36.327
5164,37,31,349.242,921.212,47701.606,2,175,363.151,297.159,NA,5.317,0.018,-175.914,37.776
5165,37,32,339.394,935.606,48001.616,2,123,380.591,313.807,NA,17.441,0.058,124.38,-59.705
5166,37,33,344.318,934.091,48301.626,2,255,385.743,309.025,NA,5.152,0.017,-17.103,-141.483
5167,37,34,329.167,937.879,48601.636,2,255,401.361,323.238,NA,15.618,0.052,165.964,-176.934
5168,37,35,307.576,951.894,48901.647,2,221,427.102,348.89,NA,25.741,0.086,147.011,-18.952
5169,37,36,290.53,968.182,49201.657,2,255,450.678,372.34,NA,23.576,0.079,136.302,-10.71
5170,37,37,279.924,968.182,49501.667,2,255,461.284,380.758,NA,10.606,0.035,180,43.698
5171,37,38,274.242,967.424,49801.677,2,255,467.017,384.862,NA,5.732,0.019,-172.405,7.595
5172,37,39,242.424,964.773,50101.687,2,174,498.945,409.445,NA,31.928,0.106,-175.236,-2.831
5173,37,40,231.061,961.364,50401.697,2,255,510.809,417.149,NA,11.864,0.04,-163.301,11.936
5174,37,41,220.455,962.121,50701.707,2,255,521.442,426.558,NA,10.633,0.035,175.914,-20.785
5175,37,42,213.258,970.076,51001.717,2,91,532.169,436.862,NA,10.727,0.036,132.138,-43.777
5176,37,43,196.212,984.091,51301.727,2,226,554.237,458.749,NA,22.067,0.074,140.572,8.435
5177,37,44,181.818,989.773,51601.737,2,243,569.711,473.961,NA,15.475,0.052,158.459,17.887
5178,37,45,157.576,980.303,51901.748,2,255,595.738,489.974,NA,26.026,0.087,-158.663,42.878
5179,37,46,141.667,982.955,52201.758,2,226,611.866,505.157,NA,16.129,0.054,170.538,-30.799
5180,37,47,126.894,1000.758,52501.768,2,98,635,526.756,NA,23.134,0.077,129.685,-40.852
5181,37,48,137.5,1004.924,52801.778,2,169,646.395,519.696,NA,11.395,0.038,21.448,-108.238
5182,37,49,133.333,1010.227,53101.788,2,218,653.14,525.994,NA,6.744,0.022,128.157,106.709
5183,37,50,134.091,1019.318,53401.798,2,194,662.262,530.093,NA,9.122,0.03,85.236,-42.921
5184,37,51,134.091,1020.076,53701.808,2,211,663.02,530.494,NA,0.758,0.003,90,4.764
5185,37,52,134.091,1020.076,54001.818,2,192,663.02,530.494,NA,0,0,0,-90
5186,37,53,139.394,1020.076,54301.828,2,180,668.323,526.003,NA,5.303,0.018,0,0
5187,37,54,134.848,1014.015,54601.838,2,195,675.898,526.663,NA,7.576,0.025,-126.87,-126.87
5188,37,55,124.242,1005.682,54901.849,2,107,689.387,531.511,NA,13.488,0.045,-141.843,-14.973
5189,37,56,123.864,1005.682,55201.859,2,150,689.765,531.839,NA,0.379,0.001,180,-38.157
5190,37,57,116.288,1003.03,55501.869,2,152,697.792,537.101,NA,8.026,0.027,-160.71,19.29
5191,37,58,109.848,1004.545,55801.879,2,168,704.407,543.457,NA,6.615,0.022,166.759,-32.531
5192,37,59,101.515,1009.848,56101.889,2,84,714.285,553.319,NA,9.878,0.033,147.529,-19.231
5193,37,60,87.879,1015.909,56401.899,2,132,729.207,568.179,NA,14.923,0.05,156.038,8.509
5194,38,1,764.899,888.131,24300.818,2,62,0,0,NA,NA,NA,NA,NA
5195,38,2,764.899,893.687,24600.828,2,131,5.556,5.556,NA,5.556,0.019,90,NA
5196,38,3,764.899,896.212,24900.838,2,95,8.081,8.081,NA,2.525,0.008,90,0
5197,38,4,761.869,896.212,25200.849,2,123,11.111,8.63,NA,3.03,0.01,180,90
5198,38,5,761.869,898.232,25500.859,2,111,13.131,10.546,NA,2.02,0.007,90,-90
5199,38,6,761.869,902.273,25800.869,2,197,17.172,14.462,NA,4.04,0.013,90,0
5200,38,7,761.869,902.273,26100.879,2,197,17.172,14.462,NA,0,0,0,-90
5201,38,8,761.869,910.354,26400.889,2,255,25.253,22.428,NA,8.081,0.027,90,90
5202,38,9,761.869,910.354,26700.899,2,255,25.253,22.428,NA,0,0,0,-90
5203,38,10,761.869,910.354,27000.909,2,242,25.253,22.428,NA,0,0,0,0
5204,38,11,761.869,910.354,27300.919,2,215,25.253,22.428,NA,0,0,0,0
5205,38,12,759.343,911.869,27600.929,2,255,28.197,24.379,NA,2.945,0.01,149.036,149.036
5206,38,13,759.343,916.414,27900.939,2,255,32.743,28.823,NA,4.545,0.015,90,-59.036
5207,38,14,759.343,916.414,28200.95,2,255,32.743,28.823,NA,0,0,0,-90
5208,38,15,759.343,921.97,28500.96,2,255,38.298,34.291,NA,5.556,0.019,90,90
5209,38,16,761.364,922.475,28800.97,2,255,40.381,34.525,NA,2.082,0.007,14.036,-75.964
5210,38,17,761.364,922.475,29100.98,2,255,40.381,34.525,NA,0,0,0,-14.036
5211,38,18,761.364,916.919,29400.99,2,225,45.936,29.004,NA,5.556,0.019,-90,-90
5212,38,19,761.364,914.394,29701,2,255,48.462,26.5,NA,2.525,0.008,-90,0
5213,38,20,761.364,914.899,30001.01,2,216,48.967,27,NA,0.505,0.002,90,180
5214,38,21,761.364,920.455,30301.02,2,255,54.522,32.516,NA,5.556,0.019,90,0
5215,38,22,760.354,921.465,30601.03,2,255,55.951,33.642,NA,1.428,0.005,135,45
5216,38,23,757.323,933.586,30901.04,2,255,68.445,46.082,NA,12.494,0.042,104.036,-30.964
5217,38,24,756.818,938.636,31201.051,2,255,73.521,51.147,NA,5.076,0.017,95.711,-8.326
5218,38,25,753.283,940.152,31501.061,2,255,77.367,53.301,NA,3.846,0.013,156.801,61.091
5219,38,26,751.768,943.687,31801.071,2,124,81.213,57.086,NA,3.846,0.013,113.199,-43.603
5220,38,27,749.747,951.768,32101.081,2,36,89.543,65.415,NA,8.33,0.028,104.036,-9.162
5221,38,28,749.747,964.899,32401.091,2,255,102.674,78.249,NA,13.131,0.044,90,-14.036
5222,38,29,744.697,983.081,32701.101,2,255,121.544,97.075,NA,18.87,0.063,105.524,15.524
5223,38,30,740.657,991.667,33001.111,2,255,131.034,106.336,NA,9.489,0.032,115.201,9.677
5224,38,31,740.657,997.222,33301.121,2,255,136.589,111.752,NA,5.556,0.019,90,-25.201
5225,38,32,740.657,997.222,33601.131,2,255,136.589,111.752,NA,0,0,0,-90
5226,38,33,740.657,997.222,33901.141,2,255,136.589,111.752,NA,0,0,0,0
5227,38,34,737.121,997.222,34201.152,2,255,140.124,112.572,NA,3.535,0.012,180,180
5228,38,35,737.121,997.222,34501.162,2,255,140.124,112.572,NA,0,0,0,-180
5229,38,36,737.121,1004.293,34801.172,2,255,147.195,119.437,NA,7.071,0.024,90,90
5230,38,37,746.212,1007.323,35101.182,2,255,156.778,120.648,NA,9.583,0.032,18.435,-71.565
5231,38,38,746.212,1007.323,35401.192,2,255,156.778,120.648,NA,0,0,0,-18.435
5232,38,39,746.212,1007.323,35701.202,2,255,156.778,120.648,NA,0,0,0,0
5233,38,40,746.212,1007.323,36001.212,2,255,156.778,120.648,NA,0,0,0,0
5234,38,41,746.212,1007.323,36301.222,2,255,156.778,120.648,NA,0,0,0,0
5235,38,42,746.212,1007.323,36601.232,2,255,156.778,120.648,NA,0,0,0,0
5236,38,43,742.677,1007.323,36901.242,2,255,160.313,121.246,NA,3.535,0.012,180,180
5237,38,44,742.677,1007.323,37201.253,2,255,160.313,121.246,NA,0,0,0,-180
5238,38,45,742.677,1009.343,37501.263,2,255,162.333,123.232,NA,2.02,0.007,90,90
5239,38,46,742.172,1012.879,37801.273,2,255,165.905,126.801,NA,3.571,0.012,98.13,8.13
5240,38,47,738.636,1012.879,38101.283,2,255,169.44,127.482,NA,3.535,0.012,180,81.87
5241,38,48,734.091,1012.879,38401.293,2,255,173.985,128.495,NA,4.545,0.015,180,0
5242,38,49,733.081,1016.919,38701.303,2,255,178.15,132.66,NA,4.165,0.014,104.036,-75.964
5243,38,50,733.081,1016.919,39001.313,2,255,178.15,132.66,NA,0,0,0,-104.036
5244,38,51,726.01,1016.414,39301.323,2,255,185.239,134.048,NA,7.089,0.024,-175.914,-175.914
5245,38,52,723.485,1010.859,39601.333,2,255,191.341,129.527,NA,6.103,0.02,-114.444,61.47
5246,38,53,720.96,1006.818,39901.343,2,255,196.106,126.559,NA,4.765,0.016,-122.005,-7.561
5247,38,54,720.96,1015.909,40201.354,2,255,205.197,135.122,NA,9.091,0.03,90,-147.995
5248,38,55,729.545,1015.909,40501.364,2,255,213.783,132.578,NA,8.586,0.029,0,-90
5249,38,56,727.02,1016.414,40801.374,2,255,216.358,133.758,NA,2.575,0.009,168.69,168.69
5250,38,57,727.02,1018.434,41101.384,2,255,218.378,135.697,NA,2.02,0.007,90,-78.69
5251,38,58,727.02,1018.434,41401.394,2,255,218.378,135.697,NA,0,0,0,-90
5252,38,59,730.556,1007.323,41701.404,2,255,230.038,124.041,NA,11.66,0.039,-72.35,-72.35
5253,38,60,730.556,1007.323,42001.414,2,255,230.038,124.041,NA,0,0,0,72.35
5254,38,61,736.111,1007.323,42301.424,2,255,235.594,122.619,NA,5.556,0.019,0,0
5255,38,62,736.111,1011.869,42601.434,2,255,240.139,127.042,NA,4.545,0.015,90,90
5256,38,63,735.101,1003.283,42901.444,2,255,248.784,118.944,NA,8.645,0.029,-96.71,173.29
5257,38,64,729.545,1003.283,43201.455,2,255,254.34,120.456,NA,5.556,0.019,180,-83.29
5258,38,65,729.545,1003.788,43501.465,2,255,254.845,120.939,NA,0.505,0.002,90,-90
5259,38,66,726.515,1007.828,43801.475,2,202,259.895,125.701,NA,5.051,0.017,126.87,36.87
5260,38,67,720.96,1020.455,44101.485,2,255,273.69,139.428,NA,13.794,0.046,113.749,-13.12
5261,38,68,715.404,1020.455,44401.495,2,63,279.245,141.277,NA,5.556,0.019,180,66.251
5262,38,69,731.061,1028.03,44701.505,2,255,296.639,143.933,NA,17.393,0.058,25.821,-154.179
5263,38,70,726.01,1028.03,45001.515,2,255,301.689,145.204,NA,5.051,0.017,180,154.179
5264,38,71,725.505,1034.596,45301.525,2,255,308.274,151.67,NA,6.585,0.022,94.399,-85.601
5265,38,72,719.444,1058.333,45601.535,2,255,332.773,176.167,NA,24.499,0.082,104.323,9.924
5266,38,73,709.343,1070.455,45901.546,2,255,348.551,190.6,NA,15.778,0.053,129.806,25.483
5267,38,74,706.313,1075.505,46201.556,2,255,354.441,196.319,NA,5.89,0.02,120.964,-8.842
5268,38,75,705.808,1094.192,46501.566,2,255,373.135,214.366,NA,18.694,0.062,91.548,-29.416
5269,38,76,684.596,1103.283,46801.576,2,255,396.213,229.649,NA,23.078,0.077,156.801,65.253
5270,38,77,680.556,1103.283,47101.586,2,255,400.253,231.093,NA,4.04,0.013,180,23.199
5271,38,78,694.192,1104.798,47401.596,2,255,413.974,227.912,NA,13.72,0.046,6.34,-173.66
5272,38,79,702.273,1105.808,47701.606,2,255,422.117,226.507,NA,8.144,0.027,7.125,0.785
5273,38,80,702.273,1105.808,48001.616,2,255,422.117,226.507,NA,0,0,0,-7.125
5274,38,81,702.273,1105.808,48301.626,2,255,422.117,226.507,NA,0,0,0,0
5275,38,82,702.273,1118.434,48601.636,2,255,434.744,238.666,NA,12.626,0.042,90,90
5276,38,83,707.323,1142.172,48901.647,2,240,459.012,260.483,NA,24.269,0.081,77.989,-12.011
5277,38,84,698.232,1149.747,49201.657,2,255,470.846,269.977,NA,11.834,0.039,140.194,62.206
5278,38,85,694.192,1155.303,49501.667,2,255,477.715,276.37,NA,6.869,0.023,126.027,-14.167
5279,38,86,695.707,1159.848,49801.677,2,255,482.507,280.389,NA,4.791,0.016,71.565,-54.462
5280,38,87,695.707,1165.404,50101.687,2,255,488.062,285.776,NA,5.556,0.019,90,18.435
5281,38,88,682.576,1177.02,50401.697,2,255,505.594,300.39,NA,17.532,0.058,138.504,48.504
5282,38,89,682.576,1177.02,50701.707,2,142,505.594,300.39,NA,0,0,0,-138.504
5283,38,90,674.495,1177.02,51001.717,2,255,513.675,302.704,NA,8.081,0.027,180,180
5284,38,91,669.949,1188.131,51301.727,2,255,525.68,314.667,NA,12.005,0.04,112.249,-67.751
5285,38,92,669.444,1197.727,51601.737,2,255,535.289,323.977,NA,9.609,0.032,93.013,-19.236
5286,38,93,665.404,1207.323,51901.748,2,255,545.701,334.339,NA,10.412,0.035,112.834,19.821
5287,38,94,665.404,1207.323,52201.758,2,255,545.701,334.339,NA,0,0,0,-112.834
5288,38,95,664.899,1212.879,52501.768,2,255,551.279,339.795,NA,5.578,0.019,95.194,95.194
5289,38,96,664.899,1212.879,52801.778,2,255,551.279,339.795,NA,0,0,0,-95.194
5290,38,97,660.354,1222.98,53101.788,2,255,562.356,350.789,NA,11.077,0.037,114.228,114.228
5291,38,98,660.354,1222.98,53401.798,2,255,562.356,350.789,NA,0,0,0,-114.228
5292,38,99,654.293,1241.162,53701.808,2,86,581.521,369.951,NA,19.165,0.064,108.435,108.435
5293,38,100,647.222,1259.848,54001.818,2,255,601.501,389.899,NA,19.98,0.067,110.726,2.291
5294,38,101,647.727,1265.909,54301.828,2,255,607.583,395.532,NA,6.082,0.02,85.236,-25.489
5295,38,102,645.202,1265.909,54601.838,2,255,610.108,396.287,NA,2.525,0.008,180,94.764
5296,38,103,645.202,1265.909,54901.849,2,255,610.108,396.287,NA,0,0,0,-180
5297,38,104,645.202,1265.909,55201.859,2,255,610.108,396.287,NA,0,0,0,0
5298,38,105,645.202,1293.182,55501.869,2,255,637.381,422.366,NA,27.273,0.091,90,90
5299,38,106,640.657,1314.899,55801.879,2,255,659.569,444.485,NA,22.188,0.074,101.821,11.821
5300,38,107,640.657,1318.434,56101.889,2,255,663.104,447.88,NA,3.535,0.012,90,-11.821
5301,38,108,643.687,1315.909,56401.899,2,255,667.049,444.619,NA,3.945,0.013,-39.806,-129.806
5302,38,109,646.212,1310.859,56701.909,2,255,672.695,439.073,NA,5.647,0.019,-63.435,-23.629
5303,38,110,652.273,1326.01,57001.919,2,255,689.014,452.131,NA,16.319,0.054,68.199,131.634
5304,38,111,654.798,1333.586,57301.929,2,255,696.999,458.859,NA,7.986,0.027,71.565,3.366
5305,38,112,654.798,1346.212,57601.939,2,255,709.626,471.127,NA,12.626,0.042,90,18.435
5306,38,113,654.798,1354.293,57901.95,2,255,717.706,478.987,NA,8.081,0.027,90,0
5307,38,114,649.747,1345.707,58201.96,2,255,727.668,471.843,NA,9.961,0.033,-120.466,149.534
5308,38,115,645.707,1332.576,58501.97,2,255,741.406,460.15,NA,13.739,0.046,-107.103,13.363
5309,38,116,638.636,1314.394,58801.98,2,255,760.915,444.57,NA,19.508,0.065,-111.251,-4.148
5310,38,117,630.051,1314.899,59101.99,2,255,769.515,447.565,NA,8.601,0.029,176.634,-72.116
5311,38,118,628.03,1316.414,59402,2,255,772.041,449.621,NA,2.525,0.008,143.13,-33.503
5312,38,119,628.03,1306.818,59702.01,2,255,781.637,440.49,NA,9.596,0.032,-90,126.87
5313,38,120,634.596,1306.818,60002.02,2,238,788.202,438.495,NA,6.566,0.022,0,90
5314,38,121,652.778,1308.333,60302.03,2,255,806.447,434.903,NA,18.245,0.061,4.764,4.764
5315,38,122,663.384,1308.333,60602.04,2,255,817.053,432.29,NA,10.606,0.035,0,-4.764
5316,38,123,666.414,1313.889,60902.051,2,255,823.382,437,NA,6.328,0.021,61.39,61.39
5317,38,124,665.909,1319.949,61202.061,2,255,829.463,443.019,NA,6.082,0.02,94.764,33.374
5318,38,125,677.525,1346.212,61502.071,2,255,858.18,466.339,NA,28.717,0.096,66.14,-28.624
5319,38,126,677.525,1346.717,61802.081,2,255,858.685,466.835,NA,0.505,0.002,90,23.86
5320,38,127,680.051,1349.242,62102.091,2,255,862.256,468.853,NA,3.571,0.012,45,-45
5321,38,128,712.879,1349.242,62402.101,2,255,895.085,464.036,NA,32.828,0.109,0,-45
5322,38,129,718.434,1355.808,62702.111,2,255,903.685,469.979,NA,8.601,0.029,49.764,49.764
5323,38,130,719.444,1361.364,63002.121,2,255,909.332,475.41,NA,5.647,0.019,79.695,29.932
5324,38,131,737.121,1374.495,63302.131,2,255,931.352,487.156,NA,22.02,0.073,36.607,-43.088
5325,38,132,739.141,1371.97,63602.141,2,255,934.586,484.524,NA,3.234,0.011,-51.34,-87.947
5326,38,133,752.273,1382.576,63902.152,2,255,951.466,494.606,NA,16.88,0.056,38.928,90.268
5327,38,134,755.303,1391.667,64202.162,2,255,961.049,503.627,NA,9.583,0.032,71.565,32.638
5328,38,135,767.929,1399.747,64502.172,2,255,976.039,511.625,NA,14.991,0.05,32.619,-38.946
5329,38,136,767.929,1399.747,64802.182,2,255,976.039,511.625,NA,0,0,0,-32.619
5330,38,137,773.99,1399.747,65102.192,2,255,982.1,511.697,NA,6.061,0.02,0,0
5331,38,138,785.606,1397.727,65402.202,2,255,993.89,510.016,NA,11.791,0.039,-9.866,-9.866
5332,38,139,785.606,1397.727,65702.212,2,255,993.89,510.016,NA,0,0,0,9.866
5333,38,140,790.152,1390.657,66002.222,2,183,1002.296,503.159,NA,8.406,0.028,-57.265,-57.265
5334,38,141,809.848,1392.172,66302.232,2,255,1022.051,506.041,NA,19.755,0.066,4.399,61.663
5335,38,142,811.364,1405.808,66602.242,2,255,1035.772,519.758,NA,13.72,0.046,83.66,79.261
5336,38,143,802.778,1405.303,66902.253,2,255,1044.372,518.557,NA,8.601,0.029,-176.634,99.707
5337,38,144,802.778,1407.323,67202.263,2,255,1046.392,520.572,NA,2.02,0.007,90,-93.366
5338,38,145,802.778,1416.919,67502.273,2,255,1055.988,530.143,NA,9.596,0.032,90,0
5339,38,146,808.333,1419.444,67802.283,2,255,1062.091,533.086,NA,6.103,0.02,24.444,-65.556
5340,38,147,800.758,1423.99,68102.293,2,255,1070.926,537.057,NA,8.835,0.029,149.036,124.592
5341,38,148,800.758,1423.99,68402.303,2,255,1070.926,537.057,NA,0,0,0,-149.036
5342,38,149,801.768,1439.141,68702.313,2,255,1086.111,552.242,NA,15.185,0.051,86.186,86.186
5343,38,150,801.768,1439.141,69002.323,2,255,1086.111,552.242,NA,0,0,0,-86.186
5344,38,151,795.707,1440.152,69302.333,2,255,1092.255,552.879,NA,6.144,0.02,170.538,170.538
5345,38,152,787.626,1434.596,69602.344,2,255,1102.061,546.937,NA,9.806,0.033,-145.491,43.971
5346,38,153,787.121,1434.596,69902.354,2,213,1102.566,546.916,NA,0.505,0.002,180,-34.509
5347,38,154,776.515,1435.101,70202.364,2,255,1113.185,547.093,NA,10.618,0.035,177.274,-2.726
5348,38,155,773.99,1438.636,70502.374,2,255,1117.529,550.58,NA,4.345,0.014,125.538,-51.736
5349,38,156,783.081,1447.727,70802.384,2,204,1130.386,559.891,NA,12.856,0.043,45,-80.538
5350,38,157,799.747,1447.222,71102.394,2,167,1147.06,560.176,NA,16.674,0.056,-1.736,-46.736
5351,38,158,799.747,1447.222,71402.404,2,255,1147.06,560.176,NA,0,0,0,1.736
5352,38,159,810.354,1447.222,71702.414,2,255,1157.666,560.936,NA,10.606,0.035,0,0
5353,38,161,821.97,1479.545,72002.424,2,255,1192.013,594.161,NA,34.347,0.114,70.233,70.233
5354,39,1,684.091,504.545,39001.313,2,96,0,0,NA,NA,NA,NA,NA
5355,39,2,684.091,500.379,39301.323,2,162,4.167,4.167,NA,4.167,0.014,-90,NA
5356,39,3,683.712,496.212,39601.333,2,142,8.351,8.342,NA,4.184,0.014,-95.194,-5.194
5357,39,4,679.924,495.833,39901.343,2,190,12.157,9.657,NA,3.807,0.013,-174.289,-79.095
5358,39,5,679.545,490.53,40201.354,2,167,17.474,14.734,NA,5.317,0.018,-94.086,80.204
5359,39,6,681.439,487.5,40501.364,2,246,21.047,17.25,NA,3.573,0.012,-57.995,36.091
5360,39,7,681.439,487.5,40801.374,2,204,21.047,17.25,NA,0,0,0,57.995
5361,39,8,674.621,490.909,41101.384,2,140,28.67,16.602,NA,7.623,0.025,153.435,153.435
5362,39,9,678.03,484.47,41401.394,2,140,35.956,20.971,NA,7.286,0.024,-62.103,144.462
5363,39,10,694.697,469.697,41701.404,2,163,58.228,36.427,NA,22.271,0.074,-41.553,20.55
5364,39,11,695.076,469.318,42001.414,2,162,58.763,36.9,NA,0.536,0.002,-45,-3.447
5365,39,12,695.076,455.303,42301.424,2,247,72.779,50.453,NA,14.015,0.047,-90,-45
5366,39,13,695.076,434.091,42601.434,2,255,93.991,71.306,NA,21.212,0.071,-90,0
5367,39,14,695.076,433.712,42901.444,2,184,94.369,71.68,NA,0.379,0.001,-90,0
5368,39,15,695.076,426.136,43201.455,2,246,101.945,79.175,NA,7.576,0.025,-90,0
5369,39,16,696.591,393.939,43501.465,2,196,134.178,111.31,NA,32.233,0.107,-87.306,2.694
5370,39,17,707.828,377.525,43801.475,2,249,154.07,129.219,NA,19.892,0.066,-55.604,31.702
5371,39,18,712.374,364.394,44101.485,2,235,167.966,142.977,NA,13.896,0.046,-70.907,-15.303
5372,39,19,709.343,349.242,44401.495,2,207,183.417,157.343,NA,15.452,0.052,-101.31,-30.403
5373,39,20,709.343,326.515,44701.505,2,255,206.145,179.812,NA,22.727,0.076,-90,11.31
5374,39,21,709.343,303.788,45001.515,2,248,228.872,202.34,NA,22.727,0.076,-90,0
5375,39,22,708.838,265.909,45301.525,2,3,266.754,239.916,NA,37.882,0.126,-90.764,-0.764
5376,39,23,689.141,265.909,45601.535,2,255,286.451,238.69,NA,19.697,0.066,180,-89.236
5377,39,24,656.313,252.273,45901.546,2,255,321.999,253.797,NA,35.548,0.118,-157.443,22.557
5378,39,25,640.152,237.5,46201.556,2,250,343.895,270.636,NA,21.896,0.073,-137.571,19.872
5379,39,26,637.879,211.364,46501.566,2,226,370.13,296.802,NA,26.235,0.087,-94.97,42.601
5380,39,27,659.091,190.909,46801.576,2,205,399.597,314.631,NA,29.468,0.098,-43.958,51.011
5381,39,28,648.106,192.803,47101.586,2,255,410.744,313.812,NA,11.147,0.037,170.218,-145.824
5382,39,29,631.061,184.091,47401.596,2,255,429.887,324.813,NA,19.143,0.064,-152.928,36.854
5383,39,30,630.682,183.712,47701.606,2,233,430.423,325.248,NA,0.536,0.002,-135,17.928
5384,39,31,624.621,175.758,48001.616,2,131,440.423,334.123,NA,10,0.033,-127.304,7.696
5385,39,32,639.773,174.621,48301.626,2,164,455.617,332.888,NA,15.194,0.051,-4.289,123.015
5386,39,33,644.318,154.924,48601.636,2,255,475.832,351.876,NA,20.215,0.067,-77.005,-72.716
5387,39,34,646.97,118.182,48901.647,2,250,512.67,388.143,NA,36.838,0.123,-85.872,-8.867
5388,39,35,638.258,104.924,49201.657,2,193,528.534,402.241,NA,15.864,0.053,-123.311,-37.438
5389,39,36,632.197,72.348,49501.667,2,181,561.669,435.301,NA,33.135,0.11,-100.539,22.771
5390,39,37,637.121,50.379,49801.677,2,237,584.183,456.589,NA,22.515,0.075,-77.367,23.173
5391,39,38,630.682,45.076,50101.687,2,255,592.525,462.563,NA,8.342,0.028,-140.528,-63.161
5392,39,39,609.848,35.985,50401.697,2,218,615.256,474.406,NA,22.73,0.076,-156.425,-15.898
5393,39,40,608.712,33.712,50701.707,2,162,617.797,476.829,NA,2.541,0.008,-116.565,39.86
5394,39,41,601.515,33.712,51001.717,2,211,624.994,478.02,NA,7.197,0.024,180,-63.435
5395,39,42,594.192,25.505,51301.727,2,133,635.993,487.403,NA,10.999,0.037,-131.743,48.257
5396,39,43,599.242,40.152,51601.737,2,255,651.486,472.082,NA,15.493,0.052,70.974,-157.283
5397,39,44,597.222,29.04,51901.748,2,255,662.779,483.375,NA,11.293,0.038,-100.305,-171.279
5398,39,45,596.212,21.97,52201.758,2,224,669.922,490.512,NA,7.142,0.024,-98.13,2.175
5399,39,46,595.202,20.455,52501.768,2,227,671.743,492.184,NA,1.821,0.006,-123.69,-25.56
5400,39,47,585.101,17.929,52801.778,2,210,682.154,496.583,NA,10.412,0.035,-165.964,-42.274
5401,39,48,585.101,21.465,53101.788,2,255,685.69,493.119,NA,3.535,0.012,90,-104.036
5402,39,49,581.061,15.909,53401.798,2,187,692.559,499.38,NA,6.869,0.023,-126.027,143.973
5403,39,50,581.061,15.909,53701.808,2,178,692.559,499.38,NA,0,0,0,126.027
5404,39,51,578.535,5.303,54001.818,2,141,703.462,510.279,NA,10.903,0.036,-103.392,-103.392
5405,39,52,572.98,6.313,54301.828,2,138,709.108,510.471,NA,5.647,0.019,169.695,-86.912
5406,39,53,572.98,13.889,54601.838,2,193,716.684,503.08,NA,7.576,0.025,90,-79.695
5407,39,54,572.98,13.889,54901.849,2,97,716.684,503.08,NA,0,0,0,-90
5408,39,55,570.96,7.323,55201.859,2,229,723.554,509.93,NA,6.869,0.023,-107.103,-107.103
5409,39,56,570.455,3.788,55501.869,2,163,727.125,513.489,NA,3.571,0.012,-98.13,8.973
5410,40,1,922.98,488.636,41401.394,2,169,0,0,NA,NA,NA,NA,NA
5411,40,2,922.98,478.535,41701.404,2,180,10.101,10.101,NA,10.101,0.034,-90,NA
5412,40,3,926.01,475.505,42001.414,2,127,14.387,13.476,NA,4.285,0.014,-45,45
5413,40,4,926.01,467.929,42301.424,2,156,21.962,20.928,NA,7.576,0.025,-90,-45
5414,40,5,912.374,456.818,42601.434,2,165,39.552,33.539,NA,17.59,0.059,-140.826,-50.826
5415,40,6,889.141,446.717,42901.444,2,213,64.885,53.873,NA,25.333,0.084,-156.501,-15.675
5416,40,7,877.525,445.202,43201.455,2,255,76.6,62.87,NA,11.715,0.039,-172.569,-16.067
5417,40,8,877.525,444.192,43501.465,2,255,77.61,63.572,NA,1.01,0.003,-90,82.569
5418,40,9,876.01,438.131,43801.475,2,242,83.857,68.97,NA,6.247,0.021,-104.036,-14.036
5419,40,10,875.505,437.121,44101.485,2,192,84.987,70.055,NA,1.129,0.004,-116.565,-12.529
5420,40,11,862.879,432.071,44401.495,2,228,98.585,82.534,NA,13.599,0.045,-158.199,-41.634
5421,40,12,862.374,432.071,44701.505,2,255,99.091,82.902,NA,0.505,0.002,180,-21.801
5422,40,13,855.303,422.98,45001.515,2,255,110.607,94.292,NA,11.517,0.038,-127.875,52.125
5423,40,14,850.253,410.354,45301.525,2,255,124.206,106.853,NA,13.599,0.045,-111.801,16.074
5424,40,15,850.253,409.343,45601.535,2,179,125.216,107.595,NA,1.01,0.003,-90,21.801
5425,40,16,839.141,409.343,45901.546,2,255,136.328,115.396,NA,11.111,0.037,180,-90
5426,40,17,835.101,406.818,46201.556,2,255,141.092,120.07,NA,4.765,0.016,-147.995,32.005
5427,40,18,835.101,393.687,46501.566,2,229,154.223,129.376,NA,13.131,0.044,-90,57.995
5428,40,19,849.242,385.101,46801.576,2,255,170.767,127.109,NA,16.544,0.055,-31.264,58.736
5429,40,20,850.758,378.03,47101.586,2,255,177.998,132.098,NA,7.231,0.024,-77.905,-46.642
5430,40,21,837.121,378.03,47401.596,2,255,191.635,140.019,NA,13.636,0.045,180,-102.095
5431,40,22,836.111,378.535,47701.606,2,248,192.764,140.244,NA,1.129,0.004,153.435,-26.565
5432,40,23,852.778,358.838,48001.616,2,205,218.566,147.566,NA,25.802,0.086,-49.764,156.801
5433,40,24,867.929,338.131,48301.626,2,251,244.225,160.257,NA,25.658,0.086,-53.807,-4.043
5434,40,25,888.131,325.505,48601.636,2,243,268.048,166.812,NA,23.823,0.079,-32.005,21.801
5435,40,26,909.848,323.485,48901.647,2,213,289.859,165.673,NA,21.811,0.073,-5.315,26.691
5436,40,27,916.919,314.394,49201.657,2,242,301.376,174.348,NA,11.517,0.038,-52.125,-46.81
5437,40,28,921.97,306.818,49501.667,2,255,310.481,181.821,NA,9.105,0.03,-56.31,-4.185
5438,40,29,921.97,295.202,49801.677,2,255,322.097,193.437,NA,11.616,0.039,-90,-33.69
5439,40,30,922.475,279.545,50101.687,2,255,337.761,209.092,NA,15.665,0.052,-88.152,1.848
5440,40,31,930.556,275,50401.697,2,240,347.033,213.771,NA,9.271,0.031,-29.358,58.795
5441,40,32,954.798,266.414,50701.707,2,255,372.751,224.489,NA,25.718,0.086,-19.502,9.855
5442,40,33,967.929,266.414,51001.717,2,241,385.882,226.723,NA,13.131,0.044,0,19.502
5443,40,34,951.768,249.242,51301.727,2,235,409.463,241.119,NA,23.581,0.079,-133.264,-133.264
5444,40,35,952.778,237.626,51601.737,2,198,421.123,252.773,NA,11.66,0.039,-85.03,48.234
5445,40,36,966.414,222.475,51901.748,2,223,441.508,269.682,NA,20.384,0.068,-48.013,37.017
5446,40,37,967.424,210.354,52201.758,2,255,453.671,281.81,NA,12.163,0.041,-85.236,-37.224
5447,40,38,972.475,208.838,52501.768,2,203,458.944,284.142,NA,5.273,0.018,-16.699,68.537
5448,40,39,975.505,193.182,52801.778,2,255,474.891,300.087,NA,15.947,0.053,-79.046,-62.347
5449,40,40,975.505,179.04,53101.788,2,255,489.032,314.02,NA,14.141,0.047,-90,-10.954
5450,40,41,962.374,161.869,53401.798,2,255,510.649,329.134,NA,21.617,0.072,-127.405,-37.405
5451,40,42,957.323,154.293,53701.808,2,255,519.754,336.103,NA,9.105,0.03,-123.69,3.715
5452,40,43,957.323,145.707,54001.818,2,255,528.34,344.645,NA,8.586,0.029,-90,33.69
5453,40,44,957.323,145.707,54301.828,2,255,528.34,344.645,NA,0,0,0,90
5454,40,45,957.323,138.636,54601.838,2,255,535.411,351.681,NA,7.071,0.024,-90,-90
5455,40,46,955.303,131.566,54901.849,2,255,542.764,358.531,NA,7.354,0.025,-105.945,-15.945
5456,40,47,969.949,125,55201.859,2,253,558.815,366.657,NA,16.051,0.054,-24.146,81.8
5457,40,48,969.949,118.434,55501.869,2,255,565.381,373.17,NA,6.566,0.022,-90,-65.854
5458,40,49,975.505,134.091,55801.879,2,255,581.994,358.415,NA,16.613,0.055,70.463,160.463
5459,40,50,977.02,134.091,56101.889,2,255,583.509,358.64,NA,1.515,0.005,0,-70.463
5460,40,51,989.141,134.091,56401.899,2,255,595.63,360.666,NA,12.121,0.04,0,0
5461,40,52,982.576,124.495,56701.909,2,255,607.257,368.986,NA,11.627,0.039,-124.38,-124.38
5462,40,53,980.051,113.384,57001.919,2,255,618.652,379.568,NA,11.394,0.038,-102.804,21.576
5463,40,54,991.667,104.798,57301.929,2,255,633.097,389.936,NA,14.445,0.048,-36.469,66.335
5464,40,55,998.232,101.768,57601.939,2,255,640.328,394.12,NA,7.231,0.024,-24.775,11.694
5465,40,56,1003.788,98.232,57901.95,2,255,646.913,398.679,NA,6.585,0.022,-32.471,-7.696
5466,40,57,1003.788,98.232,58201.96,2,115,646.913,398.679,NA,0,0,0,32.471
5467,40,58,1015.404,106.313,58501.97,2,255,661.063,393.336,NA,14.15,0.047,34.824,34.824
5468,40,59,1022.475,106.313,58801.98,2,255,668.134,395.057,NA,7.071,0.024,0,-34.824
5469,40,60,1022.475,106.313,59101.99,2,255,668.134,395.057,NA,0,0,0,0
5470,40,61,1035.101,98.232,59402,2,255,683.125,406.185,NA,14.991,0.05,-32.619,-32.619
5471,40,62,1035.101,78.03,59702.01,2,255,703.327,425.639,NA,20.202,0.067,-90,-57.381
5472,40,63,1035.606,59.848,60002.02,2,210,721.516,443.333,NA,18.189,0.061,-88.409,1.591
5473,40,64,1046.717,48.232,60302.03,2,50,737.59,457.457,NA,16.075,0.054,-46.273,42.136
5474,40,65,1069.949,34.596,60602.04,2,229,764.529,477.235,NA,26.939,0.09,-30.411,15.862
5475,41,1,749.621,506.818,37201.253,2,175,0,0,NA,NA,NA,NA,NA
5476,41,2,746.212,503.03,37501.263,2,136,5.096,5.096,NA,5.096,0.017,-131.987,NA
5477,41,3,749.242,500,37801.273,2,240,9.382,6.829,NA,4.285,0.014,-45,86.987
5478,41,4,745.076,498.106,38101.283,2,114,13.958,9.827,NA,4.577,0.015,-155.556,-110.556
5479,41,5,734.848,492.045,38401.293,2,150,25.847,20.892,NA,11.888,0.04,-149.349,6.207
5480,41,6,734.848,492.045,38701.303,2,157,25.847,20.892,NA,0,0,0,149.349
5481,41,7,734.848,492.045,39001.313,2,255,25.847,20.892,NA,0,0,0,0
5482,41,8,734.848,491.288,39301.323,2,244,26.604,21.434,NA,0.758,0.003,-90,-90
5483,41,9,737.121,487.879,39601.333,2,255,30.701,22.693,NA,4.097,0.014,-56.31,33.69
5484,41,10,740.53,487.879,39901.343,2,232,34.111,21.008,NA,3.409,0.011,0,56.31
5485,41,11,740.53,485.606,40201.354,2,251,36.383,23.078,NA,2.273,0.008,-90,-90
5486,41,12,740.53,479.545,40501.364,2,255,42.444,28.748,NA,6.061,0.02,-90,0
5487,41,13,740.53,479.545,40801.374,2,255,42.444,28.748,NA,0,0,0,90
5488,41,14,735.606,480.682,41101.384,2,255,47.498,29.657,NA,5.054,0.017,167.005,167.005
5489,41,15,732.955,480.303,41401.394,2,255,50.176,31.318,NA,2.678,0.009,-171.87,21.125
5490,41,16,736.364,479.924,41701.404,2,255,53.606,29.984,NA,3.43,0.011,-6.34,165.53
5491,41,17,737.879,476.136,42001.414,2,255,57.686,32.852,NA,4.08,0.014,-68.199,-61.858
5492,41,18,737.879,476.136,42301.424,2,255,57.686,32.852,NA,0,0,0,68.199
5493,41,19,737.879,476.136,42601.434,2,255,57.686,32.852,NA,0,0,0,0
5494,41,20,737.879,476.136,42901.444,2,255,57.686,32.852,NA,0,0,0,0
5495,41,21,737.879,476.136,43201.455,2,247,57.686,32.852,NA,0,0,0,0
5496,41,22,737.879,476.136,43501.465,2,255,57.686,32.852,NA,0,0,0,0
5497,41,23,737.879,473.106,43801.475,2,255,60.716,35.699,NA,3.03,0.01,-90,-90
5498,41,24,737.879,473.106,44101.485,2,255,60.716,35.699,NA,0,0,0,90
5499,41,25,732.576,473.106,44401.495,2,255,66.019,37.776,NA,5.303,0.018,180,180
5500,41,26,734.848,471.97,44701.505,2,252,68.56,37.85,NA,2.541,0.008,-26.565,153.435
5501,41,27,735.227,471.212,45001.515,2,255,69.407,38.405,NA,0.847,0.003,-63.435,-36.87
5502,41,28,734.47,471.212,45301.525,2,244,70.165,38.696,NA,0.758,0.003,180,-116.565
5503,41,29,734.47,471.212,45601.535,2,255,70.165,38.696,NA,0,0,0,-180
5504,41,30,734.47,471.212,45901.546,2,252,70.165,38.696,NA,0,0,0,0
5505,41,31,733.333,467.424,46201.556,2,255,74.119,42.628,NA,3.955,0.013,-106.699,-106.699
5506,41,32,730.303,466.288,46501.566,2,255,77.356,44.899,NA,3.236,0.011,-159.444,-52.745
5507,41,33,730.303,466.288,46801.576,2,255,77.356,44.899,NA,0,0,0,159.444
5508,41,34,733.333,466.288,47101.586,2,255,80.386,43.681,NA,3.03,0.01,0,0
5509,41,35,733.333,464.394,47401.596,2,255,82.28,45.443,NA,1.894,0.006,-90,-90
5510,41,36,731.061,463.258,47701.606,2,255,84.821,47.35,NA,2.541,0.008,-153.435,-63.435
5511,41,37,723.864,463.258,48001.616,2,201,92.018,50.606,NA,7.197,0.024,180,-26.565
5512,41,38,723.864,463.258,48301.626,2,238,92.018,50.606,NA,0,0,0,-180
5513,41,39,726.894,461.742,48601.636,2,255,95.406,50.481,NA,3.388,0.011,-26.565,-26.565
5514,41,40,720.076,457.197,48901.647,2,255,103.6,57.751,NA,8.194,0.027,-146.31,-119.745
5515,41,41,719.697,456.818,49201.657,2,255,104.136,58.271,NA,0.536,0.002,-135,11.31
5516,41,42,717.803,455.303,49501.667,2,241,106.561,60.549,NA,2.425,0.008,-141.34,-6.34
5517,41,43,718.939,454.924,49801.677,2,255,107.759,60.286,NA,1.198,0.004,-18.435,122.905
5518,41,44,718.939,448.485,50101.687,2,255,114.199,65.91,NA,6.439,0.021,-90,-71.565
5519,41,45,719.697,455.682,50401.697,2,255,121.435,59.249,NA,7.237,0.024,83.991,173.991
5520,41,46,719.697,455.682,50701.707,2,255,121.435,59.249,NA,0,0,0,-83.991
5521,41,47,719.697,455.682,51001.717,2,255,121.435,59.249,NA,0,0,0,0
5522,41,48,719.697,455.682,51301.727,2,255,121.435,59.249,NA,0,0,0,0
5523,41,49,719.697,455.682,51601.737,2,255,121.435,59.249,NA,0,0,0,0
5524,41,50,718.182,449.621,51901.748,2,255,127.682,65.268,NA,6.247,0.021,-104.036,-104.036
5525,41,51,716.288,438.636,52201.758,2,255,138.829,75.894,NA,11.147,0.037,-99.782,4.254
5526,41,52,716.288,439.015,52501.768,2,255,139.208,75.554,NA,0.379,0.001,90,-170.218
5527,41,53,711.364,439.015,52801.778,2,255,144.132,77.852,NA,4.924,0.016,180,90
5528,41,54,711.364,430.303,53101.788,2,255,152.844,85.547,NA,8.712,0.029,-90,90
5529,41,55,717.424,422.348,53401.798,2,255,162.845,90.398,NA,10,0.033,-52.696,37.304
5530,41,56,717.045,420.076,53701.808,2,255,165.149,92.658,NA,2.304,0.008,-99.462,-46.766
5531,41,57,717.045,419.697,54001.818,2,255,165.528,93.012,NA,0.379,0.001,-90,9.462
5532,41,58,722.348,420.455,54301.828,2,255,170.885,90.568,NA,5.357,0.018,8.13,98.13
5533,41,59,729.545,404.545,54601.838,2,241,188.346,104.225,NA,17.461,0.058,-65.659,-73.789
5534,41,60,725,389.015,54901.849,2,246,204.528,120.348,NA,16.182,0.054,-106.314,-40.655
5535,41,61,723.106,356.439,55201.859,2,255,237.158,152.699,NA,32.631,0.109,-93.327,12.986
5536,41,62,713.636,342.424,55501.869,2,255,254.073,168.286,NA,16.914,0.056,-124.046,-30.719
5537,41,63,735.985,311.364,55801.879,2,255,292.338,195.93,NA,38.265,0.128,-54.265,69.781
5538,41,64,736.111,278.535,56101.889,2,229,325.166,228.682,NA,32.829,0.109,-89.78,-35.515
5539,41,65,737.121,271.97,56401.899,2,255,331.809,235.181,NA,6.643,0.022,-81.254,8.526
5540,41,66,750.253,271.97,56701.909,2,255,344.941,234.849,NA,13.131,0.044,0,81.254
5541,41,67,749.242,272.475,57001.919,2,255,346.07,234.344,NA,1.129,0.004,153.435,153.435
5542,41,68,763.889,272.475,57301.929,2,255,360.716,234.777,NA,14.646,0.049,0,-153.435
5543,41,69,763.889,272.475,57601.939,2,254,360.716,234.777,NA,0,0,0,0
5544,41,70,763.889,277.02,57901.95,2,255,365.262,230.24,NA,4.545,0.015,90,90
5545,41,71,761.869,271.465,58201.96,2,255,371.173,235.672,NA,5.911,0.02,-109.983,160.017
5546,41,72,759.343,266.919,58501.97,2,255,376.373,240.096,NA,5.2,0.017,-119.055,-9.071
5547,41,73,759.343,266.919,58801.98,2,255,376.373,240.096,NA,0,0,0,119.055
5548,41,74,759.343,270.96,59101.99,2,255,380.414,236.059,NA,4.04,0.013,90,90
5549,41,75,755.303,252.778,59402,2,245,399.039,254.104,NA,18.625,0.062,-102.529,167.471
5550,41,76,755.303,252.273,59702.01,2,255,399.544,254.609,NA,0.505,0.002,-90,12.529
5551,41,77,750.253,252.273,60002.02,2,255,404.594,254.546,NA,5.051,0.017,180,-90
5552,41,78,751.263,243.182,60302.03,2,255,413.741,263.641,NA,9.147,0.03,-83.66,96.34
5553,41,79,751.263,233.081,60602.04,2,255,423.842,273.742,NA,10.101,0.034,-90,-6.34
5554,41,80,756.313,229.04,60902.051,2,255,430.31,277.858,NA,6.468,0.022,-38.66,51.34
5555,41,81,756.313,229.04,61202.061,2,255,430.31,277.858,NA,0,0,0,38.66
5556,41,82,765.404,241.162,61502.071,2,255,445.462,266.125,NA,15.152,0.051,53.13,53.13
5557,41,83,769.949,241.162,61802.081,2,255,450.007,266.433,NA,4.545,0.015,0,-53.13
5558,41,84,758.333,241.162,62102.091,2,255,461.623,265.799,NA,11.616,0.039,180,180
5559,41,85,758.333,240.657,62402.101,2,255,462.128,266.304,NA,0.505,0.002,-90,90
5560,41,86,761.364,238.131,62702.111,2,255,466.073,268.943,NA,3.945,0.013,-39.806,50.194
5561,41,87,756.818,233.081,63002.121,2,255,472.868,273.832,NA,6.795,0.023,-131.987,-92.182
5562,41,88,756.818,233.081,63302.131,2,255,472.868,273.832,NA,0,0,0,131.987
5563,41,89,759.848,225,63602.141,2,255,481.498,282.004,NA,8.63,0.029,-69.444,-69.444
5564,41,90,771.465,221.97,63902.152,2,255,493.503,285.685,NA,12.005,0.04,-14.621,54.823
5565,41,91,775,213.384,64202.162,2,255,502.788,294.53,NA,9.285,0.031,-67.62,-52.999
5566,41,92,775,213.889,64502.172,2,222,503.293,294.027,NA,0.505,0.002,90,157.62
5567,41,93,768.434,213.384,64802.182,2,255,509.878,294.037,NA,6.585,0.022,-175.601,94.399
5568,41,94,768.434,201.768,65102.192,2,255,521.494,305.63,NA,11.616,0.039,-90,85.601
5569,41,95,770.96,207.828,65402.202,2,255,528.06,299.75,NA,6.566,0.022,67.38,157.38
5570,41,96,772.98,202.273,65702.212,2,255,533.972,305.44,NA,5.911,0.02,-70.017,-137.397
5571,41,97,772.98,215.909,66002.222,2,255,547.608,291.845,NA,13.636,0.045,90,160.017
5572,41,98,778.535,214.394,66302.232,2,255,553.366,293.85,NA,5.758,0.019,-15.255,-105.255
5573,41,99,779.545,210.354,66602.242,2,255,557.531,297.971,NA,4.165,0.014,-75.964,-60.709
5574,41,100,780.051,210.354,66902.253,2,255,558.036,298.022,NA,0.505,0.002,0,75.964
5575,41,101,780.051,210.354,67202.263,2,255,558.036,298.022,NA,0,0,0,0
5576,41,102,790.152,213.889,67502.273,2,255,568.738,295.72,NA,10.702,0.036,19.29,19.29
5577,41,103,790.152,220.96,67802.283,2,255,575.809,288.718,NA,7.071,0.024,90,70.71
5578,41,104,796.212,218.939,68102.293,2,255,582.197,291.625,NA,6.388,0.021,-18.435,-108.435
5579,41,105,796.212,218.939,68402.303,2,255,582.197,291.625,NA,0,0,0,18.435
5580,41,106,796.212,215.404,68702.313,2,255,585.732,295.115,NA,3.535,0.012,-90,-90
5581,41,107,800.253,215.404,69002.323,2,255,589.773,295.78,NA,4.04,0.013,0,90
5582,41,108,800.253,211.364,69302.333,2,255,593.813,299.761,NA,4.04,0.013,-90,-90
5583,41,109,794.697,206.313,69602.344,2,255,601.321,303.867,NA,7.508,0.025,-137.726,-47.726
5584,41,110,794.697,206.818,69902.354,2,255,601.826,303.367,NA,0.505,0.002,90,-132.274
5585,41,111,786.111,206.818,70202.364,2,255,610.412,302.211,NA,8.586,0.029,180,90
5586,41,112,786.111,202.273,70502.374,2,255,614.958,306.724,NA,4.545,0.015,-90,90
5587,41,113,792.172,202.273,70802.384,2,41,621.018,307.504,NA,6.061,0.02,0,90
5588,41,114,812.879,208.333,71102.394,2,255,642.594,305.114,NA,21.576,0.072,16.314,16.314
5589,41,115,821.97,211.364,71402.404,2,209,652.177,304.184,NA,9.583,0.032,18.435,2.121
5590,41,116,835.606,211.364,71702.414,2,241,665.813,307.712,NA,13.636,0.045,0,-18.435
5591,41,118,838.636,205.303,72002.424,2,255,672.589,314.38,NA,6.776,0.023,-63.435,-63.435
5592,42,1,613.889,755.808,40501.364,2,105,0,0,NA,NA,NA,NA,NA
5593,42,2,607.323,759.343,40801.374,2,91,7.457,7.457,NA,7.457,0.025,151.699,NA
5594,42,3,602.778,764.394,41101.384,2,27,14.252,14.042,NA,6.795,0.023,131.987,-19.712
5595,42,4,573.485,764.394,41401.394,2,87,43.545,41.306,NA,29.293,0.098,180,48.013
5596,42,5,569.444,770.455,41701.404,2,147,50.829,46.796,NA,7.284,0.024,123.69,-56.31
5597,42,6,569.444,770.455,42001.414,2,156,50.829,46.796,NA,0,0,0,-123.69
5598,42,7,566.919,777.525,42301.424,2,107,58.337,51.747,NA,7.508,0.025,109.654,109.654
5599,42,8,555.303,778.535,42601.434,2,217,69.997,62.84,NA,11.66,0.039,175.03,65.376
5600,42,9,555.303,792.677,42901.444,2,118,84.138,69.221,NA,14.141,0.047,90,-85.03
5601,42,10,548.737,811.869,43201.455,2,255,104.422,85.951,NA,20.284,0.068,108.886,18.886
5602,42,11,532.071,812.879,43501.465,2,126,121.119,99.756,NA,16.697,0.056,176.532,67.646
5603,42,12,502.273,824.495,43801.475,2,172,153.101,131.057,NA,31.982,0.107,158.703,-17.829
5604,42,13,477.525,830.051,44101.485,2,255,178.465,155.264,NA,25.363,0.085,167.347,8.645
5605,42,14,472.475,828.03,44401.495,2,236,183.904,158.789,NA,5.44,0.018,-158.199,34.454
5606,42,15,472.475,827.525,44701.505,2,134,184.409,158.56,NA,0.505,0.002,-90,68.199
5607,42,16,463.384,841.162,45001.515,2,129,200.798,173.023,NA,16.389,0.055,123.69,-146.31
5608,42,17,444.192,840.657,45301.525,2,125,219.997,189.727,NA,19.199,0.064,-178.493,57.817
5609,42,18,415.404,822.475,45601.535,2,229,254.046,209.382,NA,34.049,0.113,-147.724,30.768
5610,42,19,409.343,831.566,45901.546,2,171,264.972,218.124,NA,10.926,0.036,123.69,-88.586
5611,42,20,395.202,848.737,46201.556,2,169,287.217,237.613,NA,22.245,0.074,129.472,5.782
5612,42,21,384.091,856.313,46501.566,2,144,300.665,250.815,NA,13.448,0.045,145.713,16.241
5613,42,22,378.03,876.01,46801.576,2,255,321.273,264.722,NA,20.608,0.069,107.103,-38.61
5614,42,23,348.232,899.747,47101.586,2,101,359.37,302.146,NA,38.097,0.127,141.459,34.356
5615,42,24,342.677,889.141,47401.596,2,193,371.343,302.215,NA,11.973,0.04,-117.646,100.895
5616,42,25,353.788,899.242,47701.606,2,167,386.359,297.029,NA,15.016,0.05,42.274,159.92
5617,42,26,345.707,923.485,48001.616,2,255,411.913,316.286,NA,25.554,0.085,108.435,66.161
5618,42,27,336.111,920.96,48301.626,2,235,421.836,323.165,NA,9.923,0.033,-165.256,86.309
5619,42,28,336.111,910.354,48601.636,2,255,432.442,317.875,NA,10.606,0.035,-90,75.256
5620,42,29,343.687,918.434,48901.647,2,245,443.518,315.367,NA,11.077,0.037,46.848,136.848
5621,42,30,343.182,926.01,49201.657,2,255,451.111,319.767,NA,7.593,0.025,93.814,46.966
5622,42,31,341.162,944.192,49501.667,2,135,469.405,331.464,NA,18.294,0.061,96.34,2.526
5623,42,32,341.162,944.192,49801.677,2,168,469.405,331.464,NA,0,0,0,-96.34
5624,42,33,343.182,943.687,50101.687,2,203,471.487,329.516,NA,2.082,0.007,-14.036,-14.036
5625,42,34,335.101,934.596,50401.697,2,111,483.65,331.191,NA,12.163,0.041,-131.634,-117.597
5626,42,35,325,922.475,50701.707,2,235,499.429,333.518,NA,15.778,0.053,-129.806,1.828
5627,42,36,325,921.465,51001.717,2,255,500.439,333.015,NA,1.01,0.003,-90,39.806
5628,42,37,325,939.646,51301.727,2,255,518.62,342.423,NA,18.182,0.061,90,180
5629,42,38,325,945.707,51601.737,2,255,524.681,345.714,NA,6.061,0.02,90,0
5630,42,39,325,945.707,51901.748,2,255,524.681,345.714,NA,0,0,0,-90
5631,42,40,318.434,951.263,52201.758,2,106,533.282,354.254,NA,8.601,0.029,139.764,139.764
5632,42,41,312.374,959.848,52501.768,2,172,543.791,364.066,NA,10.509,0.035,125.218,-14.546
5633,42,42,309.848,967.424,52801.778,2,255,551.777,370.435,NA,7.986,0.027,108.435,-16.783
5634,42,43,309.848,967.424,53101.788,2,255,551.777,370.435,NA,0,0,0,-108.435
5635,42,44,309.848,980.556,53401.798,2,255,564.908,378.09,NA,13.131,0.044,90,90
5636,42,45,309.848,980.556,53701.808,2,241,564.908,378.09,NA,0,0,0,-90
5637,42,46,287.626,957.828,54001.818,2,7,596.694,383.744,NA,31.786,0.106,-134.356,-134.356
5638,42,47,281.061,934.091,54301.828,2,237,621.323,377.57,NA,24.629,0.082,-105.461,28.895
5639,42,48,279.545,912.879,54601.838,2,231,642.589,369.401,NA,21.266,0.071,-94.086,11.376
5640,42,49,277.02,910.354,54901.849,2,131,646.16,370.628,NA,3.571,0.012,-135,-40.914
5641,42,50,276.515,903.788,55201.859,2,239,652.745,368.401,NA,6.585,0.022,-94.399,40.601
5642,42,51,276.515,891.667,55501.869,2,255,664.866,363.701,NA,12.121,0.04,-90,4.399
5643,42,52,267.929,910.859,55801.879,2,98,685.891,379.116,NA,21.025,0.07,114.102,-155.898
5644,42,53,258.838,900.758,56101.889,2,246,699.481,383.499,NA,13.59,0.045,-131.987,113.911
5645,42,54,259.848,898.737,56401.899,2,241,701.74,381.803,NA,2.259,0.008,-63.435,68.552
5646,42,55,251.768,896.717,56701.909,2,149,710.069,388.571,NA,8.33,0.028,-165.964,-102.529
5647,42,56,237.121,896.717,57001.919,2,255,724.716,402.255,NA,14.646,0.049,180,-14.036
5648,42,57,220.455,894.697,57301.929,2,189,741.504,417.23,NA,16.789,0.056,-173.089,6.911
5649,42,58,220.96,894.192,57601.939,2,253,742.218,416.586,NA,0.714,0.002,-45,128.089
5650,42,59,209.343,895.707,57901.95,2,255,753.933,428.052,NA,11.715,0.039,172.569,-142.431
5651,42,60,198.232,890.657,58201.96,2,254,766.138,436.983,NA,12.205,0.041,-155.556,31.875
5652,42,61,196.717,888.131,58501.97,2,177,769.083,437.655,NA,2.945,0.01,-120.964,34.592
5653,42,62,192.677,903.283,58801.98,2,229,784.764,446.283,NA,15.681,0.052,104.931,-134.105
5654,42,63,178.535,915.404,59101.99,2,255,803.389,463.685,NA,18.625,0.062,139.399,34.467
5655,42,64,178.535,915.404,59402,2,255,803.389,463.685,NA,0,0,0,-139.399
5656,42,65,175.505,915.404,59702.01,2,189,806.42,466.531,NA,3.03,0.01,180,180
5657,42,66,175.505,927.525,60002.02,2,254,818.541,470.815,NA,12.121,0.04,90,-90
5658,42,67,168.434,922.475,60302.03,2,223,827.23,475.613,NA,8.689,0.029,-144.462,125.538
5659,42,68,168.434,922.475,60602.04,2,192,827.23,475.613,NA,0,0,0,144.462
5660,42,69,162.879,923.485,60902.051,2,245,832.877,481.171,NA,5.647,0.019,169.695,169.695
5661,42,70,161.869,923.485,61202.061,2,132,833.887,482.118,NA,1.01,0.003,180,10.305
5662,42,71,161.869,915.909,61502.071,2,255,841.463,479.536,NA,7.576,0.025,-90,90
5663,42,72,158.333,939.646,61802.081,2,151,865.462,491.251,NA,23.999,0.08,98.471,-171.529
5664,42,73,147.727,938.636,62102.091,2,191,876.116,500.732,NA,10.654,0.036,-174.56,86.969
5665,42,74,145.707,946.212,62402.101,2,197,883.956,505.419,NA,7.84,0.026,104.931,-80.509
5666,42,75,145.707,946.212,62702.111,2,125,883.956,505.419,NA,0,0,0,-104.931
5667,42,76,139.141,945.707,63002.121,2,212,890.541,511.319,NA,6.585,0.022,-175.601,-175.601
5668,42,77,138.131,945.707,63302.131,2,255,891.551,512.257,NA,1.01,0.003,180,-4.399
5669,42,78,136.111,956.313,63602.141,2,207,902.348,518.145,NA,10.797,0.036,100.784,-79.216
5670,42,79,134.596,965.404,63902.152,2,181,911.565,523.118,NA,9.216,0.031,99.462,-1.322
5671,42,80,126.01,976.01,64202.162,2,255,925.21,535.271,NA,13.646,0.045,128.991,29.529
5672,42,81,126.01,995.202,64502.172,2,172,944.402,543.447,NA,19.192,0.064,90,-38.991
5673,42,82,129.04,1023.485,64802.182,2,154,972.847,553.831,NA,28.445,0.095,83.884,-6.116
5674,42,83,130.051,1028.03,65102.192,2,150,977.503,555.162,NA,4.656,0.016,77.471,-6.413
5675,42,84,121.465,1045.202,65402.202,2,140,996.702,571.166,NA,19.199,0.064,116.565,39.094
5676,42,85,104.293,1061.364,65702.212,2,73,1020.283,594.182,NA,23.581,0.079,136.736,20.171
5677,43,1,669.318,865.909,39001.313,2,124,0,0,NA,NA,NA,NA,NA
5678,43,2,668.182,871.212,39301.323,2,66,5.423,5.423,NA,5.423,0.018,102.095,NA
5679,43,3,668.182,871.212,39601.333,2,51,5.423,5.423,NA,0,0,0,-102.095
5680,43,4,669.318,874.242,39901.343,2,43,8.66,8.333,NA,3.236,0.011,69.444,69.444
5681,43,5,669.318,884.848,40201.354,2,70,19.266,18.939,NA,10.606,0.035,90,20.556
5682,43,6,648.106,903.788,40501.364,2,109,47.703,43.414,NA,28.437,0.095,138.24,48.24
5683,43,7,641.288,904.167,40801.374,2,255,54.531,47.427,NA,6.829,0.023,176.82,38.58
5684,43,8,629.167,902.273,41101.384,2,140,66.8,54.171,NA,12.268,0.041,-171.119,12.06
5685,43,9,621.97,899.621,41401.394,2,240,74.47,58.124,NA,7.67,0.026,-159.775,11.344
5686,43,10,619.318,899.242,41701.404,2,136,77.148,60.093,NA,2.678,0.009,-171.87,-12.095
5687,43,11,620.455,898.864,42001.414,2,200,78.346,58.938,NA,1.198,0.004,-18.435,153.435
5688,43,12,620.455,898.864,42301.424,2,226,78.346,58.938,NA,0,0,0,18.435
5689,43,13,620.455,898.864,42601.434,2,132,78.346,58.938,NA,0,0,0,0
5690,43,14,619.697,906.439,42901.444,2,166,85.959,64.07,NA,7.614,0.025,95.711,95.711
5691,43,15,619.697,906.439,43201.455,2,221,85.959,64.07,NA,0,0,0,-95.711
5692,43,16,612.879,907.197,43501.465,2,86,92.819,69.929,NA,6.86,0.023,173.66,173.66
5693,43,17,606.061,914.394,43801.475,2,203,102.733,79.701,NA,9.914,0.033,133.452,-40.208
5694,43,18,570.455,930.682,44101.485,2,250,141.888,118.193,NA,39.155,0.131,155.418,21.967
5695,43,19,570.076,931.061,44401.495,2,176,142.424,118.717,NA,0.536,0.002,135,-20.418
5696,43,20,556.439,945.076,44701.505,2,86,161.978,137.873,NA,19.554,0.065,134.215,-0.785
5697,43,21,549.621,959.47,45001.515,2,132,177.905,151.924,NA,15.927,0.053,115.346,-18.869
5698,43,22,544.318,985.606,45301.525,2,110,204.574,173.068,NA,26.669,0.089,101.47,-13.877
5699,43,23,532.071,1008.838,45601.535,2,217,230.837,198.156,NA,26.263,0.088,117.797,16.327
5700,43,24,516.919,1008.333,45901.546,2,236,245.997,208.591,NA,15.16,0.051,-178.091,64.112
5701,43,25,508.333,1011.364,46201.556,2,230,255.102,216.963,NA,9.105,0.03,160.56,-21.349
5702,43,26,502.778,1042.172,46501.566,2,64,286.407,242.496,NA,31.305,0.104,100.222,-60.338
5703,43,27,502.778,1054.293,46801.576,2,113,298.528,251.444,NA,12.121,0.04,90,-10.222
5704,43,28,499.242,1067.929,47101.586,2,89,312.615,264.079,NA,14.087,0.047,104.534,14.534
5705,43,29,496.212,1065.404,47401.596,2,255,316.56,264.129,NA,3.945,0.013,-140.194,115.271
5706,43,30,495.707,1072.475,47701.606,2,175,323.649,269.834,NA,7.089,0.024,94.086,-125.72
5707,43,31,495.707,1081.566,48001.616,2,140,332.739,276.855,NA,9.091,0.03,90,-4.086
5708,43,32,495.707,1081.566,48301.626,2,255,332.739,276.855,NA,0,0,0,-90
5709,43,33,504.293,1083.081,48601.636,2,207,341.458,272.758,NA,8.719,0.029,10.008,10.008
5710,43,34,509.848,1086.111,48901.647,2,255,347.786,271.881,NA,6.328,0.021,28.61,18.602
5711,43,35,525,1119.949,49201.657,2,204,384.862,292.172,NA,37.076,0.124,65.879,37.269
5712,43,36,522.475,1138.131,49501.667,2,168,403.218,309.302,NA,18.356,0.061,97.907,32.028
5713,43,37,517.424,1162.879,49801.677,2,255,428.476,333.561,NA,25.258,0.084,101.535,3.627
5714,43,38,512.5,1166.288,50101.687,2,255,434.465,338.85,NA,5.989,0.02,145.305,43.77
5715,43,39,495.833,1174.621,50401.697,2,246,453.099,354.119,NA,18.634,0.062,153.435,8.13
5716,43,40,492.803,1185.985,50701.707,2,255,464.86,365.522,NA,11.761,0.039,104.931,-48.504
5717,43,41,498.485,1206.061,51001.717,2,251,485.724,380.64,NA,20.864,0.07,74.197,-30.734
5718,43,42,501.136,1225,51301.727,2,184,504.848,396.524,NA,19.124,0.064,82.03,7.833
5719,43,43,501.136,1225.379,51601.737,2,130,505.227,396.867,NA,0.379,0.001,90,7.97
5720,43,44,507.576,1224.242,51901.748,2,150,511.766,393.146,NA,6.539,0.022,-10.008,-100.008
5721,43,45,511.742,1236.742,52201.758,2,114,524.942,402.924,NA,13.176,0.044,71.565,81.573
5722,43,46,524.242,1247.727,52501.768,2,255,541.583,408.451,NA,16.641,0.055,41.309,-30.256
5723,43,47,518.182,1251.515,52801.778,2,255,548.73,414.167,NA,7.147,0.024,147.995,106.686
5724,43,48,513.258,1251.515,53101.788,2,255,553.654,415.989,NA,4.924,0.016,180,32.005
5725,43,49,512.879,1233.333,53401.798,2,147,571.84,399.342,NA,18.186,0.061,-91.193,88.807
5726,43,50,512.879,1221.212,53701.808,2,255,583.961,388.218,NA,12.121,0.04,-90,1.193
5727,43,51,512.879,1221.212,54001.818,2,255,583.961,388.218,NA,0,0,0,90
5728,43,52,525.758,1221.591,54301.828,2,255,596.845,383.561,NA,12.884,0.043,1.685,1.685
5729,43,53,533.712,1221.97,54601.838,2,255,604.809,381.009,NA,7.964,0.027,2.726,1.042
5730,43,54,538.258,1238.258,54901.849,2,226,621.719,394.741,NA,16.91,0.056,74.407,71.681
5731,43,55,538.258,1258.333,55201.859,2,249,641.795,413.731,NA,20.076,0.067,90,15.593
5732,43,56,548.485,1281.439,55501.869,2,120,667.063,432.743,NA,25.268,0.084,66.125,-23.875
5733,43,57,548.485,1283.712,55801.879,2,255,669.336,434.925,NA,2.273,0.008,90,23.875
5734,43,58,538.258,1305.303,56101.889,2,73,693.227,458.524,NA,23.891,0.08,115.346,25.346
5735,43,59,528.409,1335.606,56401.899,2,255,725.09,490.378,NA,31.863,0.106,108.004,-7.342
5736,43,60,538.636,1367.929,56701.909,2,235,758.992,518.75,NA,33.903,0.113,72.442,-35.562
5737,43,61,547.727,1384.596,57001.919,2,184,777.977,532.748,NA,18.985,0.063,61.39,-11.053
5738,43,62,557.828,1394.697,57301.929,2,255,792.262,540.413,NA,14.285,0.048,45,-16.39
5739,43,63,544.697,1413.889,57601.939,2,156,815.516,561.972,NA,23.254,0.078,124.38,79.38
5740,43,64,531.061,1425,57901.95,2,191,833.106,575.932,NA,17.59,0.059,140.826,16.446
5741,43,65,517.929,1433.081,58201.96,2,53,848.525,587.028,NA,15.419,0.051,148.392,7.566
5742,43,66,517.424,1442.677,58501.97,2,255,858.134,596.433,NA,9.609,0.032,93.013,-55.38
5743,44,1,584.596,587.626,39001.313,2,118,0,0,NA,NA,NA,NA,NA
5744,44,2,581.061,581.061,39301.323,2,91,7.457,7.457,NA,7.457,0.025,-118.301,NA
5745,44,3,581.061,571.465,39601.333,2,150,17.053,16.544,NA,9.596,0.032,-90,28.301
5746,44,4,581.061,570.96,39901.343,2,126,17.558,17.038,NA,0.505,0.002,-90,0
5747,44,5,577.525,570.455,40201.354,2,108,21.129,18.57,NA,3.571,0.012,-171.87,-81.87
5748,44,6,568.434,570.455,40501.364,2,114,30.22,23.581,NA,9.091,0.03,180,-8.13
5749,44,7,568.434,570.455,40801.374,2,150,30.22,23.581,NA,0,0,0,-180
5750,44,8,568.434,570.455,41101.384,2,182,30.22,23.581,NA,0,0,0,0
5751,44,9,555.808,572.475,41401.394,2,249,43.007,32.532,NA,12.787,0.043,170.91,170.91
5752,44,10,551.768,572.475,41701.404,2,255,47.047,36.156,NA,4.04,0.013,180,9.09
5753,44,11,547.222,575.505,42001.414,2,255,52.51,39.29,NA,5.463,0.018,146.31,-33.69
5754,44,12,547.222,575.505,42301.424,2,255,52.51,39.29,NA,0,0,0,-146.31
5755,44,13,544.697,586.616,42601.434,2,255,63.905,39.912,NA,11.394,0.038,102.804,102.804
5756,44,14,536.616,578.535,42901.444,2,255,75.333,48.833,NA,11.428,0.038,-135,122.196
5757,44,15,536.616,570.455,43201.455,2,255,83.414,50.96,NA,8.081,0.027,-90,45
5758,44,16,539.141,566.919,43501.465,2,255,87.758,49.949,NA,4.345,0.014,-54.462,35.538
5759,44,17,538.636,561.364,43801.475,2,255,93.337,52.934,NA,5.578,0.019,-95.194,-40.732
5760,44,18,525.505,555.303,44101.485,2,255,107.799,67.354,NA,14.462,0.048,-155.225,-60.03
5761,44,19,524.495,554.293,44401.495,2,255,109.228,68.726,NA,1.428,0.005,-135,20.225
5762,44,20,498.232,529.04,44701.505,2,236,145.661,104.36,NA,36.434,0.121,-136.123,-1.123
5763,44,21,488.131,520.96,45001.515,2,255,158.597,117.26,NA,12.936,0.043,-141.34,-5.217
5764,44,22,472.98,512.374,45301.525,2,255,176.012,134.615,NA,17.415,0.058,-150.461,-9.121
5765,44,23,449.747,511.869,45601.535,2,255,199.25,154.672,NA,23.238,0.077,-178.755,-28.293
5766,44,24,429.04,510.859,45901.546,2,255,219.982,173.467,NA,20.732,0.069,-177.207,1.547
5767,44,25,400.253,502.778,46201.556,2,255,249.882,202.933,NA,29.901,0.1,-164.32,12.887
5768,44,26,386.616,502.273,46501.566,2,255,263.528,215.595,NA,13.646,0.045,-177.879,-13.558
5769,44,27,357.828,511.364,46801.576,2,255,293.717,239.248,NA,30.189,0.101,162.474,-19.647
5770,44,28,320.96,510.354,47101.586,2,255,330.599,274.728,NA,36.883,0.123,-178.431,19.095
5771,44,29,306.818,512.374,47401.596,2,255,344.884,287.791,NA,14.285,0.048,171.87,-9.699
5772,44,30,286.616,514.899,47701.606,2,255,365.244,306.727,NA,20.359,0.068,172.875,1.005
5773,44,31,272.98,515.404,48001.616,2,255,378.889,319.876,NA,13.646,0.045,177.879,5.004
5774,44,32,259.343,515.404,48301.626,2,255,392.526,333.175,NA,13.636,0.045,180,2.121
5775,44,33,250.253,537.121,48601.636,2,255,416.069,338.136,NA,23.543,0.078,112.714,-67.286
5776,44,34,248.232,542.677,48901.647,2,255,421.98,339.354,NA,5.911,0.02,109.983,-2.731
5777,44,35,239.646,541.667,49201.657,2,255,430.625,347.998,NA,8.645,0.029,-173.29,76.727
5778,44,36,232.071,532.576,49501.667,2,255,442.459,356.798,NA,11.834,0.039,-129.806,43.485
5779,44,37,233.081,522.98,49801.677,2,255,452.108,357.41,NA,9.649,0.032,-83.991,45.815
5780,44,38,233.081,507.323,50101.687,2,255,467.765,360.571,NA,15.657,0.052,-90,-6.009
5781,44,39,233.081,506.313,50401.697,2,255,468.775,360.797,NA,1.01,0.003,-90,0
5782,44,40,243.182,505.303,50701.707,2,255,478.926,351.199,NA,10.151,0.034,-5.711,84.289
5783,44,41,225.505,494.697,51001.717,2,255,499.541,370.921,NA,20.614,0.069,-149.036,-143.326
5784,44,42,213.384,493.687,51301.727,2,255,511.704,382.914,NA,12.163,0.041,-175.236,-26.2
5785,44,43,213.384,493.687,51601.737,2,255,511.704,382.914,NA,0,0,0,175.236
5786,44,44,201.263,477.02,51901.748,2,255,532.312,398.971,NA,20.608,0.069,-126.027,-126.027
5787,44,45,201.263,477.02,52201.758,2,255,532.312,398.971,NA,0,0,0,126.027
5788,44,46,189.141,477.525,52501.768,2,255,544.444,410.495,NA,12.132,0.04,177.614,177.614
5789,44,47,179.545,480.556,52801.778,2,255,554.507,418.963,NA,10.063,0.034,162.474,-15.14
5790,44,48,171.97,470.455,53101.788,2,255,567.133,428.94,NA,12.626,0.042,-126.87,70.656
5791,44,49,171.97,469.949,53401.798,2,255,567.638,429.078,NA,0.505,0.002,-90,36.87
5792,44,50,175.505,459.848,53701.808,2,255,578.34,428.582,NA,10.702,0.036,-70.71,19.29
5793,44,51,178.535,453.283,54001.818,2,255,585.571,427.707,NA,7.231,0.024,-65.225,5.485
5794,44,52,178.535,439.141,54301.828,2,255,599.713,432.357,NA,14.141,0.047,-90,-24.775
5795,44,53,178.535,439.141,54601.838,2,255,599.713,432.357,NA,0,0,0,90
5796,44,54,178.535,428.535,54901.849,2,248,610.319,436.114,NA,10.606,0.035,-90,-90
5797,44,55,178.535,428.535,55201.859,2,255,610.319,436.114,NA,0,0,0,90
5798,44,56,176.515,425.505,55501.869,2,255,613.961,439.105,NA,3.642,0.012,-123.69,-123.69
5799,44,57,166.919,422.98,55801.879,2,255,623.883,448.957,NA,9.923,0.033,-165.256,-41.566
5800,44,58,166.919,422.98,56101.889,2,255,623.883,448.957,NA,0,0,0,165.256
5801,44,59,160.354,430.051,56401.899,2,255,633.532,452.561,NA,9.649,0.032,132.879,132.879
5802,44,60,155.303,423.99,56701.909,2,255,641.422,459.423,NA,7.889,0.026,-129.806,97.316
5803,44,61,155.303,423.99,57001.919,2,255,641.422,459.423,NA,0,0,0,129.806
5804,44,62,144.192,427.02,57301.929,2,255,652.939,468.775,NA,11.517,0.038,164.745,164.745
5805,44,63,136.111,434.596,57601.939,2,255,664.015,473.874,NA,11.077,0.037,136.848,-27.897
5806,44,64,140.657,415.404,57901.95,2,255,683.738,476.175,NA,19.723,0.066,-76.675,146.477
5807,44,65,137.626,415.404,58201.96,2,255,686.768,479.001,NA,3.03,0.01,180,-103.325
5808,44,66,133.081,411.869,58501.97,2,255,692.527,484.517,NA,5.758,0.019,-142.125,37.875
5809,44,67,128.03,404.293,58801.98,2,255,701.632,491.999,NA,9.105,0.03,-123.69,18.435
5810,44,68,125,397.727,59101.99,2,219,708.863,497.283,NA,7.231,0.024,-114.775,8.915
5811,44,69,125,397.727,59402,2,255,708.863,497.283,NA,0,0,0,114.775
5812,44,70,116.919,403.283,59702.01,2,255,718.669,502.697,NA,9.806,0.033,145.491,145.491
5813,44,71,116.919,413.889,60002.02,2,255,729.275,498.905,NA,10.606,0.035,90,-55.491
5814,44,72,116.919,413.889,60302.03,2,255,729.275,498.905,NA,0,0,0,-90
5815,44,73,116.919,415.404,60602.04,2,255,730.79,498.379,NA,1.515,0.005,90,90
5816,44,74,105.808,423.485,60902.051,2,255,744.529,506.143,NA,13.739,0.046,143.973,53.973
5817,44,75,105.808,429.04,61202.061,2,255,750.085,504.368,NA,5.556,0.019,90,-53.973
5818,44,76,105.808,429.04,61502.071,2,255,750.085,504.368,NA,0,0,0,-90
5819,44,77,87.121,437.121,61802.081,2,255,770.444,519.743,NA,20.359,0.068,156.615,156.615
5820,44,78,80.051,441.162,62102.091,2,255,778.588,525.374,NA,8.144,0.027,150.255,-6.36
5821,44,79,80.051,441.162,62402.101,2,255,778.588,525.374,NA,0,0,0,-150.255
5822,44,80,71.97,445.202,62702.111,2,238,787.622,532.044,NA,9.035,0.03,153.435,153.435
5823,44,81,53.283,445.707,63002.121,2,255,806.316,549.941,NA,18.694,0.062,178.452,25.017
5824,44,82,42.677,427.02,63302.131,2,255,827.803,565.217,NA,21.487,0.072,-119.578,61.97
5825,44,83,37.626,426.515,63602.141,2,255,832.879,570.204,NA,5.076,0.017,-174.289,-54.712
5826,44,84,34.091,423.99,63902.152,2,255,837.223,574.311,NA,4.345,0.014,-144.462,29.827
5827,44,85,34.091,423.485,64202.162,2,255,837.728,574.455,NA,0.505,0.002,-90,54.462
5828,45,1,723.485,893.182,27000.909,2,77,0,0,NA,NA,NA,NA,NA
5829,45,2,723.485,903.788,27300.919,2,111,10.606,10.606,NA,10.606,0.035,90,NA
5830,45,3,722.475,915.909,27600.929,2,255,22.769,22.75,NA,12.163,0.041,94.764,4.764
5831,45,4,718.939,919.444,27900.939,2,237,27.769,26.653,NA,5,0.017,135,40.236
5832,45,5,722.475,919.444,28200.95,2,42,31.304,26.282,NA,3.535,0.012,0,-135
5833,45,6,722.475,934.091,28500.96,2,250,45.951,40.922,NA,14.646,0.049,90,90
5834,45,7,720.96,948.232,28800.97,2,255,60.173,55.108,NA,14.222,0.047,96.116,6.116
5835,45,8,720.96,966.919,29100.98,2,232,78.86,73.781,NA,18.687,0.062,90,-6.116
5836,45,9,727.02,975.505,29400.99,2,255,89.369,82.399,NA,10.509,0.035,54.782,-35.218
5837,45,10,727.02,975.505,29701,2,205,89.369,82.399,NA,0,0,0,-54.782
5838,45,11,731.061,990.657,30001.01,2,255,105.05,97.769,NA,15.681,0.052,75.069,75.069
5839,45,12,729.545,1005.808,30301.02,2,253,120.278,112.789,NA,15.227,0.051,95.711,20.642
5840,45,13,726.01,1012.374,30601.03,2,255,127.735,119.219,NA,7.457,0.025,118.301,22.59
5841,45,14,726.01,1012.374,30901.04,2,230,127.735,119.219,NA,0,0,0,-118.301
5842,45,15,708.333,1023.485,31201.051,2,255,148.613,131.181,NA,20.879,0.07,147.848,147.848
5843,45,16,696.212,1056.313,31501.061,2,157,183.608,165.395,NA,34.995,0.117,110.266,-37.582
5844,45,17,697.727,1067.929,31801.071,2,218,195.322,176.636,NA,11.715,0.039,82.569,-27.697
5845,45,18,697.727,1083.586,32101.081,2,168,210.979,192.138,NA,15.657,0.052,90,7.431
5846,45,19,692.172,1110.859,32401.091,2,229,238.812,219.917,NA,27.833,0.093,101.514,11.514
5847,45,20,685.606,1116.414,32701.101,2,255,247.413,226.423,NA,8.601,0.029,139.764,38.25
5848,45,21,675.505,1134.596,33001.111,2,214,268.212,246.136,NA,20.799,0.069,119.055,-20.709
5849,45,22,675.505,1140.152,33301.121,2,251,273.767,251.587,NA,5.556,0.019,90,-29.055
5850,45,23,675.505,1140.152,33601.131,2,255,273.767,251.587,NA,0,0,0,-90
5851,45,24,665.909,1144.697,33901.141,2,178,284.385,258.021,NA,10.618,0.035,154.654,154.654
5852,45,25,665.909,1143.182,34201.152,2,225,285.901,256.544,NA,1.515,0.005,-90,115.346
5853,45,26,670.455,1143.182,34501.162,2,255,290.446,255.563,NA,4.545,0.015,0,90
5854,45,27,670.455,1152.273,34801.172,2,215,299.537,264.462,NA,9.091,0.03,90,90
5855,45,28,662.879,1159.343,35101.182,2,220,309.9,272.975,NA,10.363,0.035,136.975,46.975
5856,45,29,662.374,1159.343,35401.192,2,171,310.405,273.087,NA,0.505,0.002,180,43.025
5857,45,30,662.374,1159.343,35701.202,2,166,310.405,273.087,NA,0,0,0,-180
5858,45,31,657.828,1152.778,36001.212,2,239,318.39,267.77,NA,7.986,0.027,-124.695,-124.695
5859,45,32,657.828,1152.778,36301.222,2,255,318.39,267.77,NA,0,0,0,124.695
5860,45,33,649.747,1159.343,36601.232,2,135,328.802,276.187,NA,10.412,0.035,140.906,140.906
5861,45,34,643.182,1159.848,36901.242,2,116,335.387,278.495,NA,6.585,0.022,175.601,34.695
5862,45,35,633.081,1171.465,37201.253,2,255,350.781,292.599,NA,15.394,0.051,131.009,-44.592
5863,45,36,602.778,1168.939,37501.263,2,255,381.189,301.019,NA,30.408,0.101,-175.236,53.755
5864,45,37,580.556,1174.495,37801.273,2,255,404.095,315.541,NA,22.906,0.076,165.964,-18.8
5865,45,38,573.99,1184.091,38101.283,2,236,415.722,327.073,NA,11.627,0.039,124.38,-41.583
5866,45,39,562.879,1194.697,38401.293,2,255,431.083,341.622,NA,15.361,0.051,136.332,11.952
5867,45,40,562.879,1199.242,38701.303,2,255,435.628,345.641,NA,4.545,0.015,90,-46.332
5868,45,41,565.404,1199.747,39001.313,2,255,438.204,344.923,NA,2.575,0.009,11.31,-78.69
5869,45,42,565.404,1206.313,39301.323,2,255,444.769,350.772,NA,6.566,0.022,90,78.69
5870,45,43,577.02,1216.919,39601.333,2,255,460.499,355.328,NA,15.73,0.052,42.397,-47.603
5871,45,44,577.525,1216.919,39901.343,2,255,461.004,355.12,NA,0.505,0.002,0,-42.397
5872,45,45,577.525,1216.919,40201.354,2,255,461.004,355.12,NA,0,0,0,0
5873,45,46,575.505,1208.333,40501.364,2,255,469.824,348.164,NA,8.82,0.029,-103.241,-103.241
5874,45,47,575.505,1208.333,40801.374,2,255,469.824,348.164,NA,0,0,0,103.241
5875,45,48,564.394,1237.121,41101.384,2,255,500.682,378.951,NA,30.858,0.103,111.105,111.105
5876,45,49,557.828,1240.657,41401.394,2,255,508.139,384.943,NA,7.457,0.025,151.699,40.594
5877,45,50,557.828,1240.657,41701.404,2,255,508.139,384.943,NA,0,0,0,-151.699
5878,45,51,558.838,1244.192,42001.414,2,255,511.816,387.707,NA,3.677,0.012,74.055,74.055
5879,45,52,581.566,1265.909,42301.424,2,255,543.251,398.832,NA,31.435,0.105,43.698,-30.357
5880,45,53,582.576,1275.505,42601.434,2,255,552.9,407.463,NA,9.649,0.032,83.991,40.293
5881,45,54,572.98,1297.727,42901.444,2,235,577.105,431.635,NA,24.206,0.081,113.356,29.365
5882,45,55,575,1308.333,43201.455,2,254,587.902,440.906,NA,10.797,0.036,79.216,-34.14
5883,45,56,570.96,1321.97,43501.465,2,192,602.125,455.108,NA,14.222,0.047,106.504,27.289
5884,45,57,553.283,1329.04,43801.475,2,243,621.163,467.912,NA,19.038,0.063,158.199,51.694
5885,45,58,547.222,1331.566,44101.485,2,255,627.729,472.492,NA,6.566,0.022,157.38,-0.818
5886,45,59,544.697,1316.414,44401.495,2,255,643.089,459.446,NA,15.361,0.051,-99.462,103.158
5887,45,60,548.232,1312.879,44701.505,2,255,648.089,454.818,NA,5,0.017,-45,54.462
5888,45,61,563.384,1318.939,45001.515,2,255,664.408,454.865,NA,16.319,0.054,21.801,66.801
5889,45,62,563.384,1330.556,45301.525,2,217,676.024,465.755,NA,11.616,0.039,90,68.199
5890,45,63,562.879,1329.545,45601.535,2,143,677.153,464.981,NA,1.129,0.004,-116.565,153.435
5891,45,64,567.929,1329.545,45901.546,2,255,682.204,463.261,NA,5.051,0.017,0,116.565
5892,45,65,572.475,1333.586,46201.556,2,255,688.285,465.575,NA,6.082,0.02,41.634,41.634
5893,45,66,590.657,1335.101,46501.566,2,159,706.53,461.45,NA,18.245,0.061,4.764,-36.87
5894,45,67,600.253,1340.152,46801.576,2,87,717.374,463.647,NA,10.844,0.036,27.759,22.995
5895,45,68,600.253,1340.152,47101.586,2,105,717.374,463.647,NA,0,0,0,-27.759
5896,45,69,597.727,1343.182,47401.596,2,154,721.319,467.242,NA,3.945,0.013,129.806,129.806
5897,45,70,597.222,1345.202,47701.606,2,128,723.401,469.323,NA,2.082,0.007,104.036,-25.769
5898,45,71,596.212,1341.162,48001.616,2,93,727.566,465.708,NA,4.165,0.014,-104.036,151.928
5899,45,72,596.212,1341.162,48301.626,2,120,727.566,465.708,NA,0,0,0,104.036
5900,45,73,596.212,1341.162,48601.636,2,255,727.566,465.708,NA,0,0,0,0
5901,45,74,597.727,1342.172,48901.647,2,240,729.387,466.269,NA,1.821,0.006,33.69,33.69
5902,45,75,600.253,1342.172,49201.657,2,178,731.912,465.594,NA,2.525,0.008,0,-33.69
5903,45,76,588.636,1342.172,49501.667,2,255,743.528,468.803,NA,11.616,0.039,180,180
5904,45,77,590.152,1341.162,49801.677,2,255,745.349,467.401,NA,1.821,0.006,-33.69,146.31
5905,45,78,592.677,1341.162,50101.687,2,255,747.874,466.687,NA,2.525,0.008,0,33.69
5906,45,79,593.182,1341.162,50401.697,2,255,748.379,466.546,NA,0.505,0.002,0,0
5907,45,80,593.687,1343.687,50701.707,2,255,750.955,468.831,NA,2.575,0.009,78.69,78.69
5908,45,81,593.687,1343.687,51001.717,2,255,750.955,468.831,NA,0,0,0,-78.69
5909,45,82,593.687,1343.687,51301.727,2,181,750.955,468.831,NA,0,0,0,0
5910,45,83,589.141,1344.192,51601.737,2,255,755.528,470.594,NA,4.573,0.015,173.66,173.66
5911,45,84,583.081,1344.697,51901.748,2,244,761.61,472.842,NA,6.082,0.02,175.236,1.577
5912,45,85,583.081,1350.758,52201.758,2,209,767.67,478.632,NA,6.061,0.02,90,-85.236
5913,45,86,583.081,1350.758,52501.768,2,255,767.67,478.632,NA,0,0,0,-90
5914,45,87,588.636,1355.303,52801.778,2,174,774.848,481.394,NA,7.178,0.024,39.289,39.289
5915,45,88,588.636,1355.303,53101.788,2,199,774.848,481.394,NA,0,0,0,-39.289
5916,45,89,588.636,1359.848,53401.798,2,255,779.394,485.759,NA,4.545,0.015,90,90
5917,45,90,589.646,1367.424,53701.808,2,160,787.037,492.766,NA,7.643,0.025,82.405,-7.595
5918,45,91,589.646,1367.424,54001.818,2,92,787.037,492.766,NA,0,0,0,-82.405
5919,45,92,589.646,1358.838,54301.828,2,221,795.622,484.509,NA,8.586,0.029,-90,-90
5920,45,93,585.101,1354.798,54601.838,2,255,801.704,481.912,NA,6.082,0.02,-138.366,-48.366
5921,45,94,588.636,1350.758,54901.849,2,255,807.073,477.032,NA,5.369,0.018,-48.814,89.552
5922,45,95,588.636,1350.758,55201.859,2,255,807.073,477.032,NA,0,0,0,48.814
5923,45,96,588.636,1350.758,55501.869,2,207,807.073,477.032,NA,0,0,0,0
5924,45,97,581.566,1350.758,55801.879,2,255,814.144,479.079,NA,7.071,0.024,180,180
5925,45,98,581.566,1350.758,56101.889,2,255,814.144,479.079,NA,0,0,0,-180
5926,45,99,585.101,1347.727,56401.899,2,255,818.8,475.144,NA,4.656,0.016,-40.601,-40.601
5927,45,100,585.101,1347.727,56701.909,2,255,818.8,475.144,NA,0,0,0,40.601
5928,45,101,585.101,1345.707,57001.919,2,255,820.82,473.212,NA,2.02,0.007,-90,-90
5929,45,102,585.101,1341.667,57301.929,2,255,824.86,469.349,NA,4.04,0.013,-90,0
5930,45,103,585.101,1342.172,57601.939,2,255,825.366,469.832,NA,0.505,0.002,90,180
5931,45,104,589.141,1342.172,57901.95,2,170,829.406,468.658,NA,4.04,0.013,0,-90
5932,45,105,581.566,1358.838,58201.96,2,255,847.714,486.803,NA,18.308,0.061,114.444,114.444
5933,45,106,579.545,1351.768,58501.97,2,255,855.067,480.645,NA,7.354,0.025,-105.945,139.611
5934,45,107,579.545,1351.768,58801.98,2,233,855.067,480.645,NA,0,0,0,105.945
5935,45,108,579.04,1352.273,59101.99,2,226,855.781,481.278,NA,0.714,0.002,135,135
5936,45,109,579.04,1365.404,59402,2,255,868.913,493.82,NA,13.131,0.044,90,-45
5937,45,110,579.04,1365.404,59702.01,2,255,868.913,493.82,NA,0,0,0,-90
5938,45,111,582.071,1365.404,60002.02,2,255,871.943,492.942,NA,3.03,0.01,0,0
5939,45,112,582.576,1366.919,60302.03,2,255,873.54,494.249,NA,1.597,0.005,71.565,71.565
5940,45,113,582.576,1353.788,60602.04,2,253,886.672,481.678,NA,13.131,0.044,-90,-161.565
5941,45,114,582.576,1349.242,60902.051,2,255,891.217,477.333,NA,4.545,0.015,-90,0
5942,45,115,575.505,1359.848,61202.061,2,232,903.964,489.567,NA,12.747,0.042,123.69,-146.31
5943,45,116,566.414,1369.949,61502.071,2,242,917.553,501.975,NA,13.59,0.045,131.987,8.297
5944,45,117,558.838,1379.04,61802.081,2,243,929.387,512.998,NA,11.834,0.039,129.806,-2.182
5945,45,118,543.182,1399.242,62102.091,2,214,954.946,537.221,NA,25.559,0.085,127.776,-2.03
5946,45,119,527.525,1414.394,62402.101,2,108,976.733,556.832,NA,21.788,0.073,135.939,8.164
5947,45,120,498.737,1445.707,62702.111,2,59,1019.269,596.486,NA,42.535,0.142,132.594,-3.345
5948,45,121,488.131,1456.818,63002.121,2,175,1034.629,610.8,NA,15.361,0.051,133.668,1.074
5949,46,1,721.591,891.667,30901.04,2,80,0,0,NA,NA,NA,NA,NA
5950,46,2,716.288,906.061,31201.051,2,255,15.34,15.34,NA,15.34,0.051,110.225,NA
5951,46,3,701.894,927.652,31501.061,2,255,41.289,41.023,NA,25.949,0.086,123.69,13.465
5952,46,4,701.515,927.652,31801.071,2,255,41.668,41.206,NA,0.379,0.001,180,56.31
5953,46,5,701.515,929.545,32101.081,2,255,43.562,42.87,NA,1.894,0.006,90,-90
5954,46,6,701.894,932.576,32401.091,2,255,46.615,45.404,NA,3.054,0.01,82.875,-7.125
5955,46,7,706.439,932.576,32701.101,2,255,51.161,43.625,NA,4.545,0.015,0,-82.875
5956,46,8,700,929.167,33001.111,2,255,58.447,43.271,NA,7.286,0.024,-152.103,-152.103
5957,46,9,700,929.167,33301.121,2,255,58.447,43.271,NA,0,0,0,152.103
5958,46,10,692.424,925.758,33601.131,2,255,66.754,44.865,NA,8.307,0.028,-155.772,-155.772
5959,46,11,687.879,925.758,33901.141,2,229,71.3,47.945,NA,4.545,0.015,180,-24.228
5960,46,12,681.061,947.727,34201.152,2,255,94.303,69.177,NA,23.003,0.077,107.241,-72.759
5961,46,13,667.803,959.47,34501.162,2,255,112.013,86.547,NA,17.71,0.059,138.468,31.227
5962,46,14,667.424,959.848,34801.172,2,255,112.549,87.079,NA,0.536,0.002,135,-3.468
5963,46,15,667.424,955.303,35101.182,2,255,117.095,83.568,NA,4.545,0.015,-90,135
5964,46,16,645.076,991.667,35401.192,2,255,159.777,125.915,NA,42.682,0.142,121.574,-148.426
5965,46,17,634.596,1001.263,35701.202,2,255,173.986,139.926,NA,14.209,0.047,137.521,15.947
5966,46,18,627.02,1023.99,36001.212,2,255,197.943,162.644,NA,23.957,0.08,108.435,-29.086
5967,46,19,623.99,1035.606,36301.222,2,255,209.948,173.909,NA,12.005,0.04,104.621,-3.814
5968,46,20,613.889,1054.293,36601.232,2,255,231.19,195.056,NA,21.242,0.071,118.393,13.772
5969,46,21,612.879,1067.929,36901.242,2,255,244.864,207.091,NA,13.674,0.046,94.236,-24.157
5970,46,22,600.758,1074.495,37201.253,2,255,258.649,219.15,NA,13.785,0.046,151.557,57.321
5971,46,23,584.596,1078.535,37501.263,2,255,275.308,231.706,NA,16.659,0.056,165.964,14.407
5972,46,24,584.596,1078.535,37801.273,2,255,275.308,231.706,NA,0,0,0,-165.964
5973,46,25,582.071,1101.768,38101.283,2,255,298.677,252.207,NA,23.369,0.078,96.203,96.203
5974,46,26,582.071,1113.384,38401.293,2,255,310.293,261.963,NA,11.616,0.039,90,-6.203
5975,46,27,562.374,1128.03,38701.303,2,255,334.839,284.988,NA,24.546,0.082,143.366,53.366
5976,46,28,555.303,1127.652,39001.313,2,255,341.92,288.688,NA,7.081,0.024,-176.934,39.701
5977,46,29,554.167,1132.576,39301.323,2,255,346.973,293.374,NA,5.054,0.017,102.995,-80.072
5978,46,30,556.818,1134.47,39601.333,2,255,350.232,293.434,NA,3.258,0.011,35.538,-67.457
5979,46,31,550.379,1148.106,39901.343,2,255,365.312,308.342,NA,15.08,0.05,115.278,79.74
5980,46,32,543.561,1148.106,40201.354,2,255,372.13,312.179,NA,6.818,0.023,180,64.722
5981,46,33,545.076,1185.227,40501.364,2,237,409.282,342.543,NA,37.152,0.124,87.663,-92.337
5982,46,34,544.318,1209.848,40801.374,2,255,433.915,364.232,NA,24.633,0.082,91.762,4.1
5983,46,35,541.667,1218.939,41101.384,2,254,443.385,373.47,NA,9.47,0.032,106.26,14.498
5984,46,36,539.773,1220.076,41401.394,2,255,445.594,375.38,NA,2.209,0.007,149.036,42.776
5985,46,37,532.576,1221.591,41701.404,2,255,452.948,380.232,NA,7.355,0.025,168.111,19.075
5986,46,38,521.591,1225.379,42001.414,2,255,464.568,389.055,NA,11.62,0.039,160.974,-7.137
5987,46,39,507.955,1225.379,42301.424,2,255,478.204,396.238,NA,13.636,0.045,180,19.026
5988,46,40,507.955,1225.379,42601.434,2,255,478.204,396.238,NA,0,0,0,-180
5989,46,41,515.152,1221.591,42901.444,2,255,486.337,389.188,NA,8.133,0.027,-27.759,-27.759
5990,46,42,489.015,1240.909,43201.455,2,255,518.838,419.597,NA,32.501,0.108,143.531,171.289
5991,46,43,487.5,1233.333,43501.465,2,255,526.564,414.167,NA,7.726,0.026,-101.31,115.159
5992,46,44,487.5,1233.333,43801.475,2,255,526.564,414.167,NA,0,0,0,101.31
5993,46,45,487.5,1232.955,44101.485,2,255,526.943,413.855,NA,0.379,0.001,-90,-90
5994,46,46,490.53,1244.318,44401.495,2,255,538.703,421.607,NA,11.761,0.039,75.069,165.069
5995,46,47,478.788,1252.273,44701.505,2,255,552.886,434.73,NA,14.183,0.047,145.886,70.817
5996,46,48,477.652,1273.864,45001.515,2,255,574.507,453.41,NA,21.621,0.072,93.013,-52.873
5997,46,49,476.894,1274.621,45301.525,2,255,575.579,454.457,NA,1.071,0.004,135,41.987
5998,46,50,473.485,1282.955,45601.535,2,255,584.582,463.317,NA,9.004,0.03,112.249,-22.751
5999,46,51,476.136,1284.091,45901.546,2,255,587.467,462.866,NA,2.885,0.01,23.199,-89.05
6000,46,52,474.621,1291.667,46201.556,2,255,595.193,470.1,NA,7.726,0.026,101.31,78.111
6001,46,53,469.697,1298.864,46501.566,2,255,603.913,478.811,NA,8.72,0.029,124.38,23.07
6002,46,54,469.697,1298.864,46801.576,2,255,603.913,478.811,NA,0,0,0,-124.38
6003,46,55,484.848,1301.515,47101.586,2,255,619.295,473.31,NA,15.382,0.051,9.926,9.926
6004,46,56,473.864,1318.182,47401.596,2,255,639.256,493.238,NA,19.961,0.067,123.389,113.462
6005,46,57,461.364,1309.091,47701.606,2,255,654.712,491.896,NA,15.456,0.052,-143.973,92.639
6006,46,58,439.015,1300.379,48001.616,2,255,678.699,496.885,NA,23.987,0.08,-158.703,-14.73
6007,46,59,420.455,1297.348,48301.626,2,255,697.505,505.233,NA,18.806,0.063,-170.727,-12.025
6008,46,60,413.636,1290.909,48601.636,2,255,706.884,504.213,NA,9.378,0.031,-136.637,34.091
6009,46,61,415.152,1293.561,48901.647,2,255,709.937,505.395,NA,3.054,0.01,60.255,-163.108
6010,46,62,415.152,1300,49201.657,2,255,716.377,510.53,NA,6.439,0.021,90,29.745
6011,46,63,420.833,1289.015,49501.667,2,255,728.744,498.338,NA,12.367,0.041,-62.65,-152.65
6012,46,64,413.258,1288.636,49801.677,2,255,736.329,502.647,NA,7.585,0.025,-177.138,-114.487
6013,46,65,403.03,1282.576,50101.687,2,255,748.217,504.273,NA,11.888,0.04,-149.349,27.788
6014,46,66,403.03,1282.197,50401.697,2,255,748.596,503.979,NA,0.379,0.001,-90,59.349
6015,46,67,403.03,1292.803,50701.707,2,255,759.202,512.241,NA,10.606,0.035,90,180
6016,46,68,403.03,1306.818,51001.717,2,255,773.217,523.289,NA,14.015,0.047,90,0
6017,46,69,390.152,1309.848,51301.727,2,12,786.448,533.599,NA,13.23,0.044,166.759,76.759
6018,46,70,420.455,1314.773,51601.737,2,255,817.148,519.328,NA,30.701,0.102,9.23,-157.53
6019,46,71,411.742,1323.864,51901.748,2,255,829.74,531.79,NA,12.591,0.042,133.781,124.551
6020,46,72,411.742,1329.167,52201.758,2,255,835.043,536.109,NA,5.303,0.018,90,-43.781
6021,46,73,409.848,1339.394,52501.768,2,255,845.444,545.567,NA,10.401,0.035,100.491,10.491
6022,46,74,409.848,1339.394,52801.778,2,255,845.444,545.567,NA,0,0,0,-100.491
6023,46,75,409.848,1352.652,53101.788,2,189,858.702,556.498,NA,13.258,0.044,90,90
6024,46,76,422.727,1388.636,53401.798,2,255,896.922,579.912,NA,38.22,0.127,70.308,-19.692
6025,47,1,795.076,873.106,28200.95,2,95,0,0,NA,NA,NA,NA,NA
6026,47,2,796.591,876.515,28500.96,2,148,3.731,3.731,NA,3.731,0.012,66.038,NA
6027,47,3,800.379,878.788,28800.97,2,226,8.148,7.772,NA,4.417,0.015,30.964,-35.074
6028,47,4,800.379,878.788,29100.98,2,235,8.148,7.772,NA,0,0,0,-30.964
6029,47,5,800.379,878.788,29400.99,2,197,8.148,7.772,NA,0,0,0,0
6030,47,6,801.515,883.333,29701,2,229,12.833,12.086,NA,4.685,0.016,75.964,75.964
6031,47,7,806.818,883.333,30001.01,2,201,18.136,15.572,NA,5.303,0.018,0,-75.964
6032,47,8,810.985,884.848,30301.02,2,255,22.57,19.773,NA,4.434,0.015,19.983,19.983
6033,47,9,810.985,884.848,30601.03,2,226,22.57,19.773,NA,0,0,0,-19.983
6034,47,10,818.561,884.848,30901.04,2,255,30.146,26.257,NA,7.576,0.025,0,0
6035,47,11,823.864,887.879,31201.051,2,255,36.254,32.357,NA,6.108,0.02,29.745,29.745
6036,47,12,827.652,893.939,31501.061,2,255,43.4,38.668,NA,7.147,0.024,57.995,28.25
6037,47,13,826.515,893.939,31801.071,2,255,44.537,37.716,NA,1.136,0.004,180,122.005
6038,47,14,836.742,896.97,32101.081,2,255,55.204,48.016,NA,10.667,0.036,16.504,-163.496
6039,47,15,836.742,896.97,32401.091,2,255,55.204,48.016,NA,0,0,0,-16.504
6040,47,16,841.667,896.97,32701.101,2,255,60.128,52.347,NA,4.924,0.016,0,0
6041,47,17,841.667,896.97,33001.111,2,255,60.128,52.347,NA,0,0,0,0
6042,47,18,845.455,896.97,33301.121,2,255,63.916,55.745,NA,3.788,0.013,0,0
6043,47,19,854.167,896.97,33601.131,2,255,72.628,63.728,NA,8.712,0.029,0,0
6044,47,20,854.167,896.97,33901.141,2,248,72.628,63.728,NA,0,0,0,0
6045,47,21,859.091,892.424,34201.152,2,255,79.329,66.867,NA,6.701,0.022,-42.709,-42.709
6046,47,22,867.045,892.424,34501.162,2,255,87.284,74.517,NA,7.955,0.027,0,42.709
6047,47,23,867.424,889.015,34801.172,2,255,90.714,74.077,NA,3.43,0.011,-83.66,-83.66
6048,47,24,865.909,889.015,35101.182,2,255,92.229,72.598,NA,1.515,0.005,180,-96.34
6049,47,25,854.545,892.045,35401.192,2,255,103.99,62.413,NA,11.761,0.039,165.069,-14.931
6050,47,26,854.545,901.136,35701.202,2,255,113.081,65.745,NA,9.091,0.03,90,-75.069
6051,47,27,854.545,901.136,36001.212,2,255,113.081,65.745,NA,0,0,0,-90
6052,47,28,855.682,901.136,36301.222,2,255,114.217,66.774,NA,1.136,0.004,0,0
6053,47,29,857.576,901.894,36601.232,2,255,116.257,68.811,NA,2.04,0.007,21.801,21.801
6054,47,30,859.091,918.939,36901.242,2,255,133.37,78.731,NA,17.113,0.057,84.92,63.119
6055,47,31,859.848,924.621,37201.253,2,255,139.102,82.761,NA,5.732,0.019,82.405,-2.515
6056,47,32,867.045,935.985,37501.263,2,255,152.553,95.569,NA,13.451,0.045,57.653,-24.753
6057,47,33,867.045,935.985,37801.273,2,255,152.553,95.569,NA,0,0,0,-57.653
6058,47,34,873.106,935.985,38101.283,2,255,158.613,100.212,NA,6.061,0.02,0,0
6059,47,35,872.348,942.803,38401.293,2,255,165.473,104.061,NA,6.86,0.023,96.34,96.34
6060,47,36,872.348,954.545,38701.303,2,255,177.216,112.265,NA,11.742,0.039,90,-6.34
6061,47,37,876.894,970.076,39001.313,2,255,193.398,126.875,NA,16.182,0.054,73.686,-16.314
6062,47,38,879.167,978.03,39301.323,2,255,201.67,134.463,NA,8.273,0.028,74.055,0.368
6063,47,39,878.788,983.333,39601.333,2,255,206.987,138.412,NA,5.317,0.018,94.086,20.031
6064,47,40,878.409,990.53,39901.343,2,255,214.194,143.989,NA,7.207,0.024,93.013,-1.073
6065,47,41,886.742,997.348,40201.354,2,255,224.961,154.399,NA,10.767,0.036,39.289,-53.723
6066,47,42,892.803,1009.47,40501.364,2,255,238.513,167.767,NA,13.552,0.045,63.435,24.146
6067,47,43,892.803,1009.47,40801.374,2,255,238.513,167.767,NA,0,0,0,-63.435
6068,47,44,892.803,1018.939,41101.384,2,255,247.983,175.551,NA,9.47,0.032,90,90
6069,47,45,890.152,1026.894,41401.394,2,255,256.368,180.804,NA,8.385,0.028,108.435,18.435
6070,47,46,892.424,1033.333,41701.404,2,255,263.196,187.482,NA,6.829,0.023,70.56,-37.875
6071,47,47,892.424,1054.545,42001.414,2,255,284.408,205.905,NA,21.212,0.071,90,19.44
6072,47,48,886.364,1078.788,42301.424,2,255,309.397,225.03,NA,24.989,0.083,104.036,14.036
6073,47,49,897.348,1082.955,42601.434,2,255,321.145,233.444,NA,11.749,0.039,20.772,-83.264
6074,47,50,897.348,1082.955,42901.444,2,255,321.145,233.444,NA,0,0,0,-20.772
6075,47,51,897.348,1085.227,43201.455,2,255,323.418,235.489,NA,2.273,0.008,90,90
6076,47,52,906.439,1099.242,43501.465,2,255,340.124,252.07,NA,16.705,0.056,57.031,-32.969
6077,47,53,917.045,1110.606,43801.475,2,240,355.668,266.988,NA,15.544,0.052,46.975,-10.056
6078,47,54,922.348,1134.091,44101.485,2,190,379.744,290.364,NA,24.076,0.08,77.276,30.301
6079,47,55,923.864,1145.833,44401.495,2,194,391.584,301.607,NA,11.84,0.039,82.648,5.372
6080,47,56,923.864,1145.833,44701.505,2,152,391.584,301.607,NA,0,0,0,-82.648
6081,47,57,923.864,1163.636,45001.515,2,127,409.387,317.796,NA,17.803,0.059,90,90
6082,47,58,923.864,1181.061,45301.525,2,96,426.811,333.8,NA,17.424,0.058,90,0
6083,47,59,910.985,1195.455,45601.535,2,133,446.125,342.554,NA,19.314,0.064,131.82,41.82
6084,47,60,910.985,1209.091,45901.546,2,255,459.762,355.416,NA,13.636,0.045,90,-41.82
6085,47,61,910.985,1222.348,46201.556,2,183,473.019,367.974,NA,13.258,0.044,90,0
6086,47,62,904.545,1210.985,46501.566,2,174,486.081,355.17,NA,13.061,0.044,-119.539,150.461
6087,47,63,915.152,1201.515,46801.576,2,245,500.299,349.672,NA,14.218,0.047,-41.76,77.778
6088,47,64,912.879,1196.591,47101.586,2,226,505.722,344.267,NA,5.423,0.018,-114.775,-73.015
6089,47,65,912.879,1196.591,47401.596,2,231,505.722,344.267,NA,0,0,0,114.775
6090,47,66,905.682,1189.394,47701.606,2,255,515.9,335.07,NA,10.178,0.034,-135,-135
6091,47,67,900.379,1193.939,48001.616,2,246,522.885,337.673,NA,6.985,0.023,139.399,-85.601
6092,47,68,900.379,1193.939,48301.626,2,237,522.885,337.673,NA,0,0,0,-139.399
6093,47,69,914.015,1232.197,48601.636,2,166,563.5,378.276,NA,40.615,0.135,70.382,70.382
6094,47,70,914.394,1232.197,48901.647,2,255,563.879,378.395,NA,0.379,0.001,0,-70.382
6095,47,71,914.015,1232.197,49201.657,2,255,564.258,378.276,NA,0.379,0.001,180,180
6096,47,72,914.015,1232.197,49501.667,2,255,564.258,378.276,NA,0,0,0,-180
6097,47,73,903.788,1232.197,49801.677,2,255,574.485,375.186,NA,10.227,0.034,180,180
6098,47,74,890.909,1212.5,50101.687,2,255,598.019,352.665,NA,23.534,0.078,-123.179,56.821
6099,47,75,889.394,1205.682,50401.697,2,255,605.003,345.691,NA,6.985,0.023,-102.529,20.65
6100,47,76,889.394,1205.682,50701.707,2,255,605.003,345.691,NA,0,0,0,102.529
6101,47,77,889.394,1201.515,51001.717,2,255,609.17,341.685,NA,4.167,0.014,-90,-90
6102,47,78,903.409,1195.833,51301.727,2,238,624.293,340.425,NA,15.123,0.05,-22.068,67.932
6103,47,79,911.364,1188.258,51601.737,2,255,635.278,335.922,NA,10.985,0.037,-43.603,-21.535
6104,47,80,911.364,1188.258,51901.748,2,255,635.278,335.922,NA,0,0,0,43.603
6105,47,81,911.364,1188.258,52201.758,2,255,635.278,335.922,NA,0,0,0,0
6106,47,82,911.364,1188.258,52501.768,2,255,635.278,335.922,NA,0,0,0,0
6107,47,83,911.364,1204.167,52801.778,2,255,651.187,350.89,NA,15.909,0.053,90,90
6108,47,84,911.364,1208.712,53101.788,2,255,655.732,355.182,NA,4.545,0.015,90,0
6109,47,85,911.364,1208.712,53401.798,2,255,655.732,355.182,NA,0,0,0,-90
6110,47,86,910.606,1225,53701.808,2,247,672.038,370.374,NA,16.305,0.054,92.663,92.663
6111,47,87,909.091,1234.848,54001.818,2,255,682.002,379.285,NA,9.964,0.033,98.746,6.083
6112,47,88,911.742,1253.03,54301.828,2,230,700.376,397.434,NA,18.374,0.061,81.703,-17.043
6113,47,89,919.318,1253.03,54601.838,2,255,707.952,399.723,NA,7.576,0.025,0,-81.703
6114,47,90,926.515,1246.212,54901.849,2,255,717.866,395.581,NA,9.914,0.033,-43.452,-43.452
6115,47,91,933.333,1246.212,55201.859,2,255,724.684,397.899,NA,6.818,0.023,0,43.452
6116,47,92,933.333,1246.212,55501.869,2,255,724.684,397.899,NA,0,0,0,0
6117,47,93,933.333,1246.212,55801.879,2,222,724.684,397.899,NA,0,0,0,0
6118,47,94,944.318,1253.409,56101.889,2,255,737.817,408.538,NA,13.133,0.044,33.232,33.232
6119,47,95,938.636,1257.576,56401.899,2,255,744.862,410.398,NA,7.046,0.023,143.746,110.514
6120,47,96,938.636,1257.576,56701.909,2,197,744.862,410.398,NA,0,0,0,-143.746
6121,47,97,938.636,1257.576,57001.919,2,73,744.862,410.398,NA,0,0,0,0
6122,47,98,938.636,1257.197,57301.929,2,174,745.241,410.043,NA,0.379,0.001,-90,-90
6123,47,99,937.5,1252.652,57601.939,2,255,749.927,405.388,NA,4.685,0.016,-104.036,-14.036
6124,47,100,937.5,1252.652,57901.95,2,255,749.927,405.388,NA,0,0,0,104.036
6125,47,101,930.682,1253.03,58201.96,2,255,756.755,403.4,NA,6.829,0.023,176.82,176.82
6126,47,102,930.682,1253.03,58501.97,2,255,756.755,403.4,NA,0,0,0,-176.82
6127,47,103,930.682,1253.03,58801.98,2,255,756.755,403.4,NA,0,0,0,0
6128,47,104,930.682,1253.03,59101.99,2,255,756.755,403.4,NA,0,0,0,0
6129,47,105,930.682,1253.03,59402,2,255,756.755,403.4,NA,0,0,0,0
6130,47,106,933.333,1248.864,59702.01,2,255,761.694,400.386,NA,4.939,0.016,-57.529,-57.529
6131,47,107,937.879,1247.348,60002.02,2,255,766.485,400.562,NA,4.791,0.016,-18.435,39.094
6132,47,108,937.879,1247.348,60302.03,2,255,766.485,400.562,NA,0,0,0,18.435
6133,47,109,937.879,1258.333,60602.04,2,255,777.47,410.844,NA,10.985,0.037,90,90
6134,47,110,931.439,1258.333,60902.051,2,255,783.91,408.65,NA,6.439,0.021,180,90
6135,47,111,931.439,1255.682,61202.061,2,255,786.561,406.152,NA,2.652,0.009,-90,90
6136,47,112,928.409,1252.273,61502.071,2,255,791.122,401.927,NA,4.561,0.015,-131.634,-41.634
6137,47,113,927.652,1253.788,61802.081,2,255,792.816,403.107,NA,1.694,0.006,116.565,-111.801
6138,47,114,931.061,1251.136,62102.091,2,255,797.135,401.745,NA,4.319,0.014,-37.875,-154.44
6139,47,115,938.636,1251.136,62402.101,2,255,804.711,404.372,NA,7.576,0.025,0,37.875
6140,47,116,938.636,1251.136,62702.111,2,255,804.711,404.372,NA,0,0,0,0
6141,47,117,942.424,1251.136,63002.121,2,255,808.499,405.732,NA,3.788,0.013,0,0
6142,47,118,945.076,1251.136,63302.131,2,255,811.15,406.702,NA,2.652,0.009,0,0
6143,47,119,948.485,1238.636,63602.141,2,255,824.107,396.417,NA,12.957,0.043,-74.745,-74.745
6144,47,120,952.652,1242.424,63902.152,2,255,829.738,401.53,NA,5.631,0.019,42.274,117.019
6145,47,121,952.652,1242.424,64202.162,2,255,829.738,401.53,NA,0,0,0,-42.274
6146,47,122,951.136,1251.136,64502.172,2,255,838.581,408.977,NA,8.843,0.029,99.866,99.866
6147,47,123,951.136,1259.848,64802.182,2,255,847.293,417.043,NA,8.712,0.029,90,-9.866
6148,47,124,950.379,1259.848,65102.192,2,255,848.051,416.76,NA,0.758,0.003,180,90
6149,47,125,952.273,1259.848,65402.202,2,255,849.945,417.469,NA,1.894,0.006,0,-180
6150,47,126,952.652,1255.303,65702.212,2,255,854.506,413.406,NA,4.561,0.015,-85.236,-85.236
6151,47,127,954.545,1255.303,66002.222,2,255,856.4,414.132,NA,1.894,0.006,0,85.236
6152,47,128,956.439,1259.47,66302.232,2,255,860.977,418.706,NA,4.577,0.015,65.556,65.556
6153,47,129,956.439,1259.47,66602.242,2,255,860.977,418.706,NA,0,0,0,-65.556
6154,47,130,956.439,1261.364,66902.253,2,255,862.871,420.455,NA,1.894,0.006,90,90
6155,47,131,956.439,1261.364,67202.263,2,255,862.871,420.455,NA,0,0,0,-90
6156,47,132,956.818,1261.364,67502.273,2,255,863.249,420.6,NA,0.379,0.001,0,0
6157,47,133,960.606,1261.364,67802.283,2,255,867.037,422.071,NA,3.788,0.013,0,0
6158,47,134,960.606,1263.636,68102.293,2,255,869.31,424.163,NA,2.273,0.008,90,90
6159,47,135,965.152,1269.318,68402.303,2,255,876.586,431.173,NA,7.276,0.024,51.34,-38.66
6160,47,136,965.152,1269.697,68702.313,2,255,876.965,431.521,NA,0.379,0.001,90,38.66
6161,47,137,965.53,1270.455,69002.323,2,255,877.812,432.366,NA,0.847,0.003,63.435,-26.565
6162,47,138,967.803,1277.273,69302.333,2,255,884.999,439.529,NA,7.187,0.024,71.565,8.13
6163,47,139,970.455,1282.576,69602.344,2,255,890.928,445.447,NA,5.929,0.02,63.435,-8.13
6164,47,140,979.924,1292.045,69902.354,2,98,904.32,457.907,NA,13.392,0.045,45,-18.435
6165,47,141,979.924,1292.045,70202.364,2,97,904.32,457.907,NA,0,0,0,-45
6166,47,142,987.5,1296.97,70502.374,2,118,913.356,465.497,NA,9.036,0.03,33.024,33.024
6167,47,143,987.5,1289.394,70802.384,2,215,920.931,458.61,NA,7.576,0.025,-90,-123.024
6168,47,144,990.53,1289.394,71102.394,2,74,923.962,459.889,NA,3.03,0.01,0,90
6169,47,145,1003.788,1302.273,71402.404,2,30,942.445,477.226,NA,18.483,0.062,44.17,44.17
6170,47,146,1010.606,1308.712,71702.414,2,62,951.823,486.01,NA,9.378,0.031,43.363,-0.806
6171,48,1,819.697,834.091,40201.354,2,150,0,0,NA,NA,NA,NA,NA
6172,48,2,826.515,841.667,40501.364,2,141,10.192,10.192,NA,10.192,0.034,48.013,NA
6173,48,3,835.606,850,40801.374,2,246,22.525,22.499,NA,12.332,0.041,42.51,-5.502
6174,48,4,835.606,856.061,41101.384,2,255,28.585,27.125,NA,6.061,0.02,90,47.49
6175,48,5,836.364,856.061,41401.394,2,15,29.343,27.576,NA,0.758,0.003,0,-90
6176,48,6,840.909,867.424,41701.404,2,255,41.582,39.51,NA,12.239,0.041,68.199,68.199
6177,48,7,840.909,867.424,42001.414,2,255,41.582,39.51,NA,0,0,0,-68.199
6178,48,8,838.258,866.667,42301.424,2,255,44.339,37.492,NA,2.758,0.009,-164.055,-164.055
6179,48,9,843.561,866.667,42601.434,2,255,49.642,40.381,NA,5.303,0.018,0,164.055
6180,48,10,843.561,865.53,42901.444,2,255,50.779,39.47,NA,1.136,0.004,-90,-90
6181,48,11,843.561,865.53,43201.455,2,255,50.779,39.47,NA,0,0,0,90
6182,48,12,843.561,874.621,43501.465,2,255,59.87,47.034,NA,9.091,0.03,90,90
6183,48,13,843.561,874.621,43801.475,2,255,59.87,47.034,NA,0,0,0,-90
6184,48,14,838.636,877.652,44101.485,2,255,65.652,47.5,NA,5.782,0.019,148.392,148.392
6185,48,15,838.636,877.652,44401.495,2,255,65.652,47.5,NA,0,0,0,-148.392
6186,48,16,838.636,877.652,44701.505,2,255,65.652,47.5,NA,0,0,0,0
6187,48,17,838.636,877.652,45001.515,2,255,65.652,47.5,NA,0,0,0,0
6188,48,18,838.636,871.212,45301.525,2,255,72.091,41.674,NA,6.439,0.021,-90,-90
6189,48,19,838.636,871.212,45601.535,2,255,72.091,41.674,NA,0,0,0,90
6190,48,20,838.636,871.212,45901.546,2,255,72.091,41.674,NA,0,0,0,0
6191,48,21,843.939,874.242,46201.556,2,255,78.199,46.902,NA,6.108,0.02,29.745,29.745
6192,48,22,843.939,878.409,46501.566,2,255,82.365,50.515,NA,4.167,0.014,90,60.255
6193,48,23,843.939,884.848,46801.576,2,255,88.805,56.25,NA,6.439,0.021,90,0
6194,48,24,850.379,892.803,47101.586,2,255,99.039,66.246,NA,10.234,0.034,51.009,-38.991
6195,48,25,850.379,892.803,47401.596,2,255,99.039,66.246,NA,0,0,0,-51.009
6196,48,26,851.515,901.515,47701.606,2,223,107.825,74.555,NA,8.786,0.029,82.569,82.569
6197,48,27,855.303,909.091,48001.616,2,255,116.295,83.023,NA,8.47,0.028,63.435,-19.134
6198,48,28,855.303,909.091,48301.626,2,255,116.295,83.023,NA,0,0,0,-63.435
6199,48,29,855.303,909.091,48601.636,2,255,116.295,83.023,NA,0,0,0,0
6200,48,30,855.303,909.091,48901.647,2,255,116.295,83.023,NA,0,0,0,0
6201,48,31,861.364,924.621,49201.657,2,255,132.966,99.659,NA,16.671,0.056,68.682,68.682
6202,48,32,867.045,926.515,49501.667,2,255,138.955,103.847,NA,5.989,0.02,18.435,-50.247
6203,48,33,867.424,926.515,49801.677,2,255,139.334,104.02,NA,0.379,0.001,0,-18.435
6204,48,34,867.424,926.515,50101.687,2,255,139.334,104.02,NA,0,0,0,0
6205,48,35,884.091,934.47,50401.697,2,255,157.802,119.258,NA,18.468,0.062,25.514,25.514
6206,48,36,893.182,942.803,50701.707,2,255,170.134,131.219,NA,12.332,0.041,42.51,16.997
6207,48,37,893.182,942.803,51001.717,2,255,170.134,131.219,NA,0,0,0,-42.51
6208,48,38,904.545,951.136,51301.727,2,255,184.226,144.565,NA,14.092,0.047,36.254,36.254
6209,48,39,922.727,960.985,51601.737,2,255,204.904,163.454,NA,20.678,0.069,28.443,-7.811
6210,48,40,935.227,965.53,51901.748,2,255,218.204,174.996,NA,13.301,0.044,19.983,-8.46
6211,48,41,936.364,977.273,52201.758,2,255,230.002,184.695,NA,11.797,0.039,84.472,64.489
6212,48,42,935.985,1000.379,52501.768,2,255,253.111,202.915,NA,23.109,0.077,90.939,6.467
6213,48,43,935.985,1000.379,52801.778,2,141,253.111,202.915,NA,0,0,0,-90.939
6214,48,44,936.364,1013.258,53101.788,2,255,265.995,213.803,NA,12.884,0.043,88.315,88.315
6215,48,45,932.576,1016.667,53401.798,2,255,271.091,214.652,NA,5.096,0.017,138.013,49.697
6216,48,46,934.091,1022.348,53701.808,2,255,276.972,220.288,NA,5.88,0.02,75.069,-62.944
6217,48,47,934.091,1022.348,54001.818,2,255,276.972,220.288,NA,0,0,0,-75.069
6218,48,48,937.879,1022.348,54301.828,2,255,280.759,222.279,NA,3.788,0.013,0,0
6219,48,49,937.879,1014.015,54601.838,2,255,289.093,215.267,NA,8.333,0.028,-90,-90
6220,48,50,942.803,1019.318,54901.849,2,255,296.329,222.406,NA,7.237,0.024,47.121,137.121
6221,48,51,942.803,1032.576,55201.859,2,255,309.587,233.562,NA,13.258,0.044,90,42.879
6222,48,52,931.818,1032.576,55501.869,2,255,320.572,227.964,NA,10.985,0.037,180,90
6223,48,53,927.273,1033.712,55801.879,2,255,325.257,226.762,NA,4.685,0.016,165.964,-14.036
6224,48,54,931.818,1035.985,56101.889,2,255,330.339,230.938,NA,5.082,0.017,26.565,-139.399
6225,48,55,944.697,1048.864,56401.899,2,141,348.553,248.5,NA,18.213,0.061,45,18.435
6226,48,56,981.439,1070.076,56701.909,2,255,390.979,286.093,NA,42.426,0.141,29.999,-15.001
6227,48,57,1008.333,1090.152,57001.919,2,255,424.539,318.042,NA,33.561,0.112,36.741,6.742
6228,48,58,1021.591,1095.833,57301.929,2,250,438.963,330.561,NA,14.424,0.048,23.199,-13.542
6229,48,59,1042.424,1118.561,57601.939,2,255,469.794,361.29,NA,30.831,0.103,47.49,24.291
6230,48,60,1043.939,1146.97,57901.95,2,242,498.244,384.939,NA,28.449,0.095,86.947,39.458
6231,48,61,1028.409,1154.545,58201.96,2,205,515.523,382.429,NA,17.28,0.058,153.997,67.05
6232,48,62,1021.212,1160.985,58501.97,2,255,525.18,384.016,NA,9.657,0.032,138.18,-15.817
6233,48,63,1027.652,1176.136,58801.98,2,97,541.643,400.3,NA,16.463,0.055,66.975,-71.205
6234,48,64,1030.303,1195.833,59101.99,2,110,561.518,418.584,NA,19.875,0.066,82.333,15.359
6235,48,65,1014.394,1229.924,59402,2,4,599.138,441.125,NA,37.62,0.125,115.017,32.684
6236,48,66,1017.424,1219.318,59702.01,2,13,610.169,433.008,NA,11.03,0.037,-74.055,170.929
6237,49,1,794.697,896.97,32101.081,2,145,0,0,NA,NA,NA,NA,NA
6238,49,2,795.833,900.758,32401.091,2,255,3.955,3.955,NA,3.955,0.013,73.301,NA
6239,49,3,801.136,906.061,32701.101,2,255,11.454,11.14,NA,7.5,0.025,45,-28.301
6240,49,4,801.894,907.197,33001.111,2,255,12.82,12.506,NA,1.366,0.005,56.31,11.31
6241,49,5,805.682,907.197,33301.121,2,244,16.608,15.009,NA,3.788,0.013,0,-56.31
6242,49,6,807.197,909.47,33601.131,2,255,19.339,17.678,NA,2.731,0.009,56.31,56.31
6243,49,7,803.03,909.47,33901.141,2,255,23.506,15.023,NA,4.167,0.014,180,123.69
6244,49,8,795.833,914.773,34201.152,2,255,32.446,17.839,NA,8.94,0.03,143.616,-36.384
6245,49,9,795.833,921.212,34501.162,2,255,38.885,24.269,NA,6.439,0.021,90,-53.616
6246,49,10,795.833,921.212,34801.172,2,252,38.885,24.269,NA,0,0,0,-90
6247,49,11,795.833,921.212,35101.182,2,198,38.885,24.269,NA,0,0,0,0
6248,49,12,806.061,923.106,35401.192,2,255,49.286,28.5,NA,10.401,0.035,10.491,10.491
6249,49,13,806.061,923.106,35701.202,2,255,49.286,28.5,NA,0,0,0,-10.491
6250,49,14,809.47,931.061,36001.212,2,239,57.941,37.154,NA,8.654,0.029,66.801,66.801
6251,49,15,809.47,931.061,36301.222,2,255,57.941,37.154,NA,0,0,0,-66.801
6252,49,16,819.697,931.061,36601.232,2,255,68.168,42.275,NA,10.227,0.034,0,0
6253,49,17,819.697,940.152,36901.242,2,255,77.259,49.897,NA,9.091,0.03,90,90
6254,49,18,819.697,940.152,37201.253,2,255,77.259,49.897,NA,0,0,0,-90
6255,49,19,819.697,940.152,37501.263,2,255,77.259,49.897,NA,0,0,0,0
6256,49,20,819.697,940.152,37801.273,2,255,77.259,49.897,NA,0,0,0,0
6257,49,21,819.697,943.182,38101.283,2,255,80.289,52.541,NA,3.03,0.01,90,90
6258,49,22,819.697,943.182,38401.293,2,255,80.289,52.541,NA,0,0,0,-90
6259,49,23,819.697,943.182,38701.303,2,255,80.289,52.541,NA,0,0,0,0
6260,49,24,818.561,943.182,39001.313,2,255,81.425,52.01,NA,1.136,0.004,180,180
6261,49,25,812.5,940.152,39301.323,2,255,88.201,46.708,NA,6.776,0.023,-153.435,26.565
6262,49,26,810.227,940.152,39601.333,2,255,90.474,45.89,NA,2.273,0.008,180,-26.565
6263,49,27,810.227,940.152,39901.343,2,240,90.474,45.89,NA,0,0,0,-180
6264,49,28,810.227,940.152,40201.354,2,255,90.474,45.89,NA,0,0,0,0
6265,49,29,810.227,940.152,40501.364,2,255,90.474,45.89,NA,0,0,0,0
6266,49,30,806.439,937.121,40801.374,2,255,95.325,41.833,NA,4.851,0.016,-141.34,-141.34
6267,49,31,802.273,931.061,41101.384,2,255,102.68,34.923,NA,7.355,0.025,-124.509,16.832
6268,49,32,802.273,925,41401.394,2,246,108.74,29.036,NA,6.061,0.02,-90,34.509
6269,49,33,802.273,925.379,41701.404,2,255,109.119,29.402,NA,0.379,0.001,90,180
6270,49,34,804.924,923.864,42001.414,2,255,112.173,28.773,NA,3.054,0.01,-29.745,-119.745
6271,49,35,804.924,923.864,42301.424,2,255,112.173,28.773,NA,0,0,0,29.745
6272,49,36,804.924,923.864,42601.434,2,255,112.173,28.773,NA,0,0,0,0
6273,49,37,804.924,934.091,42901.444,2,255,122.4,38.504,NA,10.227,0.034,90,90
6274,49,38,800.758,933.712,43201.455,2,255,126.584,37.239,NA,4.184,0.014,-174.806,95.194
6275,49,39,797.348,934.47,43501.465,2,255,130.076,37.594,NA,3.492,0.012,167.471,-17.723
6276,49,40,797.348,933.333,43801.475,2,255,131.213,36.46,NA,1.136,0.004,-90,102.529
6277,49,41,802.273,933.333,44101.485,2,255,136.137,37.144,NA,4.924,0.016,0,90
6278,49,42,803.03,941.288,44401.495,2,234,144.128,45.095,NA,7.991,0.027,84.56,84.56
6279,49,43,806.439,941.288,44701.505,2,255,147.537,45.847,NA,3.409,0.011,0,-84.56
6280,49,44,807.955,948.864,45001.515,2,255,155.262,53.561,NA,7.726,0.026,78.69,78.69
6281,49,45,815.53,963.636,45301.525,2,255,171.864,69.846,NA,16.602,0.055,62.85,-15.84
6282,49,46,822.348,967.803,45601.535,2,255,179.855,76.039,NA,7.991,0.027,31.43,-31.421
6283,49,47,824.621,975.758,45901.546,2,255,188.128,84.279,NA,8.273,0.028,74.055,42.625
6284,49,48,824.621,975.758,46201.556,2,255,188.128,84.279,NA,0,0,0,-74.055
6285,49,49,824.621,988.636,46501.566,2,255,201.007,96.427,NA,12.879,0.043,90,90
6286,49,50,827.652,996.591,46801.576,2,238,209.519,104.93,NA,8.512,0.028,69.146,-20.854
6287,49,51,840.53,1003.03,47101.586,2,255,223.918,115.54,NA,14.399,0.048,26.565,-42.58
6288,49,52,848.485,1006.061,47401.596,2,255,232.43,121.63,NA,8.512,0.028,20.854,-5.711
6289,49,53,856.818,1006.439,47701.606,2,255,240.772,125.868,NA,8.342,0.028,2.603,-18.252
6290,49,54,863.636,1017.045,48001.616,2,255,253.38,138.459,NA,12.609,0.042,57.265,54.662
6291,49,55,887.5,1020.455,48301.626,2,255,277.486,154.47,NA,24.106,0.08,8.13,-49.135
6292,49,56,891.667,1026.515,48601.636,2,255,284.841,161.818,NA,7.355,0.025,55.491,47.361
6293,49,57,885.606,1025.379,48901.647,2,209,291.007,157.332,NA,6.166,0.021,-169.38,135.128
6294,49,58,885.227,1025.379,49201.657,2,255,291.386,157.113,NA,0.379,0.001,180,-10.62
6295,49,59,893.939,1028.409,49501.667,2,255,300.61,164.698,NA,9.224,0.031,19.179,-160.821
6296,49,60,897.727,1032.955,49801.677,2,255,306.527,170.608,NA,5.917,0.02,50.194,31.015
6297,49,61,901.894,1049.621,50101.687,2,255,323.707,186.531,NA,17.18,0.057,75.964,25.769
6298,49,62,901.894,1049.621,50401.697,2,251,323.707,186.531,NA,0,0,0,-75.964
6299,49,63,901.894,1054.167,50701.707,2,255,328.252,190.268,NA,4.545,0.015,90,90
6300,49,64,928.788,1057.197,51001.717,2,255,355.316,208.933,NA,27.064,0.09,6.429,-83.571
6301,49,65,951.136,1067.045,51301.727,2,255,379.738,231.082,NA,24.422,0.081,23.782,17.353
6302,49,66,961.742,1068.182,51601.737,2,255,390.405,239.202,NA,10.667,0.036,6.116,-17.667
6303,49,67,962.5,1071.97,51901.748,2,255,394.268,242.452,NA,3.863,0.013,78.69,72.575
6304,49,68,962.5,1077.652,52201.758,2,255,399.95,246.584,NA,5.682,0.019,90,11.31
6305,49,69,959.848,1078.409,52501.768,2,255,402.708,245.347,NA,2.758,0.009,164.055,74.055
6306,49,70,959.848,1089.015,52801.778,2,255,413.314,253.291,NA,10.606,0.035,90,-74.055
6307,49,71,959.848,1089.015,53101.788,2,255,413.314,253.291,NA,0,0,0,-90
6308,49,72,956.061,1097.348,53401.798,2,255,422.467,257.274,NA,9.154,0.031,114.444,114.444
6309,49,73,953.03,1103.409,53701.808,2,255,429.243,260.167,NA,6.776,0.023,116.565,2.121
6310,49,74,951.894,1107.955,54001.818,2,255,433.929,263.107,NA,4.685,0.016,104.036,-12.529
6311,49,75,951.894,1127.273,54301.828,2,255,453.247,278.838,NA,19.318,0.064,90,-14.036
6312,49,76,944.318,1145.455,54601.838,2,248,472.944,290.054,NA,19.697,0.066,112.62,22.62
6313,49,77,942.045,1168.561,54901.849,2,124,496.161,308.987,NA,23.218,0.077,95.618,-17.002
6314,49,78,937.121,1202.273,55201.859,2,152,530.231,336.89,NA,34.07,0.114,98.31,2.693
6315,49,79,950.379,1235.985,55501.869,2,46,566.457,373.052,NA,36.225,0.121,68.532,-29.778
6316,49,80,959.47,1289.773,55801.879,2,74,621.007,425.963,NA,54.551,0.182,80.407,11.875
6317,49,81,963.636,1301.515,56101.889,2,255,633.467,438.403,NA,12.46,0.042,70.463,-9.944
6318,49,82,971.212,1333.712,56401.899,2,100,666.543,471.064,NA,33.076,0.11,76.759,6.296
6319,49,83,981.818,1342.424,56701.909,2,218,680.269,483.161,NA,13.726,0.046,39.401,-37.359
6320,49,84,988.258,1343.939,57001.919,2,227,686.884,487.081,NA,6.615,0.022,13.241,-26.16
6321,49,85,1012.121,1339.773,57301.929,2,255,711.109,493.303,NA,24.225,0.081,-9.904,-23.145
6322,49,86,1038.258,1346.591,57601.939,2,255,738.12,511.352,NA,27.011,0.09,14.621,24.525
6323,50,1,600,532.197,41701.404,2,182,0,0,NA,NA,NA,NA,NA
6324,50,2,595.833,531.818,42001.414,2,84,4.184,4.184,NA,4.184,0.014,-174.806,NA
6325,50,3,595.833,531.061,42301.424,2,149,4.941,4.319,NA,0.758,0.003,-90,84.806
6326,50,4,585.985,531.061,42601.434,2,126,14.79,14.061,NA,9.848,0.033,180,-90
6327,50,5,585.227,531.061,42901.444,2,172,15.547,14.816,NA,0.758,0.003,180,0
6328,50,6,581.818,529.167,43201.455,2,248,19.447,18.433,NA,3.9,0.013,-150.945,29.055
6329,50,7,581.439,521.591,43501.465,2,206,27.033,21.377,NA,7.585,0.025,-92.862,58.083
6330,50,8,579.545,513.636,43801.475,2,255,35.209,27.62,NA,8.177,0.027,-103.392,-10.53
6331,50,9,579.545,513.636,44101.485,2,217,35.209,27.62,NA,0,0,0,103.392
6332,50,10,560.606,513.258,44401.495,2,255,54.153,43.71,NA,18.943,0.063,-178.854,-178.854
6333,50,11,548.106,501.515,44701.505,2,255,71.303,60.286,NA,17.15,0.057,-136.79,42.064
6334,50,12,539.773,484.091,45001.515,2,234,90.617,77.081,NA,19.314,0.064,-115.56,21.23
6335,50,13,529.167,476.136,45301.525,2,255,103.875,90.334,NA,13.258,0.044,-143.13,-27.57
6336,50,14,529.167,476.136,45601.535,2,238,103.875,90.334,NA,0,0,0,143.13
6337,50,15,529.167,476.136,45901.546,2,255,103.875,90.334,NA,0,0,0,0
6338,50,16,509.848,466.667,46201.556,2,158,125.389,111.452,NA,21.514,0.072,-153.886,-153.886
6339,50,17,509.47,466.288,46501.566,2,255,125.925,111.981,NA,0.536,0.002,-135,18.886
6340,50,18,509.47,466.288,46801.576,2,229,125.925,111.981,NA,0,0,0,135
6341,50,19,490.152,462.121,47101.586,2,5,145.688,130.297,NA,19.762,0.066,-167.829,-167.829
6342,50,20,490.152,438.636,47401.596,2,229,169.172,144.292,NA,23.485,0.078,-90,77.829
6343,50,21,489.394,439.394,47701.606,2,255,170.244,144.382,NA,1.071,0.004,135,-135
6344,50,22,481.818,434.47,48001.616,2,255,179.279,153.354,NA,9.036,0.03,-146.976,78.024
6345,50,23,478.788,419.318,48301.626,2,238,194.731,165.632,NA,15.452,0.052,-101.31,45.666
6346,50,24,478.788,396.212,48601.636,2,234,217.837,182.165,NA,23.106,0.077,-90,11.31
6347,50,25,480.682,368.561,48901.647,2,173,245.553,202.518,NA,27.716,0.092,-86.082,3.918
6348,50,26,487.5,341.288,49201.657,2,226,273.665,221.591,NA,28.112,0.094,-75.964,10.118
6349,50,27,484.091,331.061,49501.667,2,214,284.446,232.144,NA,10.78,0.036,-108.435,-32.471
6350,50,28,474.495,296.212,49801.677,2,249,320.591,267.283,NA,36.146,0.12,-105.396,3.039
6351,50,29,453.283,286.616,50101.687,2,168,343.873,286.07,NA,23.282,0.078,-155.659,-50.263
6352,50,30,437.121,288.131,50401.697,2,109,360.105,293.424,NA,16.232,0.054,174.644,-29.697
6353,50,31,432.071,291.667,50701.707,2,255,366.27,293.351,NA,6.165,0.021,145.008,-29.636
6354,50,32,427.525,288.636,51001.717,2,255,371.733,298.445,NA,5.463,0.018,-146.31,68.682
6355,50,33,413.384,283.081,51301.727,2,125,386.927,311.263,NA,15.194,0.051,-158.552,-12.242
6356,50,34,412.879,283.081,51601.737,2,192,387.432,311.566,NA,0.505,0.002,180,-21.448
6357,50,35,408.333,280.556,51901.748,2,246,392.632,316.322,NA,5.2,0.017,-150.945,29.055
6358,50,36,415.404,270.96,52201.758,2,167,404.551,319.876,NA,11.92,0.04,-53.616,97.33
6359,50,37,415.404,254.798,52501.768,2,202,420.713,333.205,NA,16.162,0.054,-90,-36.384
6360,50,38,415.404,254.798,52801.778,2,203,420.713,333.205,NA,0,0,0,90
6361,50,39,410.859,250.253,53101.788,2,212,427.141,339.51,NA,6.428,0.021,-135,-135
6362,50,40,408.333,241.162,53401.798,2,193,436.576,348.479,NA,9.435,0.031,-105.524,29.476
6363,50,41,397.222,231.566,53701.808,2,209,451.258,362.627,NA,14.681,0.049,-139.185,-33.661
6364,50,42,396.717,231.061,54001.818,2,190,451.972,363.328,NA,0.714,0.002,-135,4.185
6365,50,43,389.141,237.121,54301.828,2,255,461.674,362.672,NA,9.702,0.032,141.34,-83.66
6366,50,44,371.97,236.616,54601.838,2,131,478.853,373.317,NA,17.179,0.057,-178.315,40.344
6367,50,45,370.455,236.616,54901.849,2,189,480.368,374.245,NA,1.515,0.005,180,-1.685
6368,50,46,370.96,236.616,55201.859,2,176,480.873,373.935,NA,0.505,0.002,0,-180
6369,50,47,383.586,237.121,55501.869,2,238,493.509,365.93,NA,12.636,0.042,2.291,2.291
6370,50,48,382.576,243.687,55801.879,2,255,500.152,361.264,NA,6.643,0.022,98.746,96.456
6371,50,49,372.475,243.687,56101.889,2,154,510.253,367.431,NA,10.101,0.034,180,81.254
6372,50,50,372.98,256.818,56401.899,2,224,523.394,356.892,NA,13.141,0.044,87.797,-92.203
6373,50,51,361.869,256.818,56701.909,2,255,534.505,364.06,NA,11.111,0.037,180,92.203
6374,50,52,361.364,256.818,57001.919,2,239,535.01,364.391,NA,0.505,0.002,180,0
6375,50,53,347.222,256.818,57301.929,2,176,549.152,373.805,NA,14.141,0.047,180,0
6376,50,54,342.172,271.465,57601.939,2,221,564.645,366.683,NA,15.493,0.052,109.026,-70.974
6377,50,55,334.091,268.434,57901.95,2,196,573.275,374.538,NA,8.63,0.029,-159.444,91.53
6378,50,56,340.152,258.838,58201.96,2,142,584.624,377.155,NA,11.35,0.038,-57.724,101.72
6379,50,57,330.556,259.343,58501.97,2,156,594.234,383.47,NA,9.609,0.032,176.987,-125.288
6380,50,58,319.949,252.778,58801.98,2,174,606.708,395.605,NA,12.474,0.042,-148.241,34.772
6381,50,59,303.283,252.273,59101.99,2,238,623.382,407.92,NA,16.674,0.056,-178.264,-30.024
6382,50,60,292.677,249.747,59402,2,246,634.284,417.403,NA,10.903,0.036,-166.608,11.657
6383,50,61,292.172,249.747,59702.01,2,245,634.789,417.775,NA,0.505,0.002,180,-13.392
6384,50,62,274.495,247.222,60002.02,2,147,652.646,432.625,NA,17.856,0.06,-171.87,8.13
6385,50,63,251.768,247.222,60302.03,2,172,675.373,449.974,NA,22.727,0.076,180,-8.13
6386,50,64,240.152,249.747,60602.04,2,82,687.26,457.459,NA,11.887,0.04,167.735,-12.265
6387,50,65,239.646,249.747,60902.051,2,190,687.765,457.856,NA,0.505,0.002,180,12.265
6388,50,66,233.081,253.788,61202.061,2,229,695.475,460.588,NA,7.709,0.026,148.392,-31.608
6389,50,67,231.061,251.768,61502.071,2,244,698.332,463.419,NA,2.857,0.01,-135,76.608
6390,50,68,230.556,247.727,61802.081,2,234,702.404,466.275,NA,4.072,0.014,-97.125,37.875
6391,50,69,230.051,247.727,62102.091,2,215,702.909,466.675,NA,0.505,0.002,180,-82.875
6392,50,70,225,247.727,62402.101,2,181,707.959,470.689,NA,5.051,0.017,180,0
6393,50,71,229.545,251.768,62702.111,2,219,714.041,464.626,NA,6.082,0.02,41.634,-138.366
6394,50,72,229.545,252.778,63002.121,2,158,715.051,464.017,NA,1.01,0.003,90,48.366
6395,50,73,222.475,262.374,63302.131,2,221,726.97,464.037,NA,11.92,0.04,126.384,36.384
6396,50,74,222.475,262.374,63602.141,2,211,726.97,464.037,NA,0,0,0,-126.384
6397,50,75,222.475,262.374,63902.152,2,248,726.97,464.037,NA,0,0,0,0
6398,50,76,222.475,262.374,64202.162,2,194,726.97,464.037,NA,0,0,0,0
6399,50,77,222.475,262.374,64502.172,2,255,726.97,464.037,NA,0,0,0,0
6400,50,78,227.02,262.374,64802.182,2,255,731.516,460.346,NA,4.545,0.015,0,0
6401,50,79,227.02,263.889,65102.192,2,255,733.031,459.46,NA,1.515,0.005,90,90
6402,50,80,223.485,267.929,65402.202,2,255,738.4,460.001,NA,5.369,0.018,131.186,41.186
6403,50,81,223.485,267.929,65702.212,2,255,738.4,460.001,NA,0,0,0,-131.186
6404,50,82,216.414,267.929,66002.222,2,215,745.471,465.806,NA,7.071,0.024,180,180
6405,50,83,216.414,267.929,66302.232,2,255,745.471,465.806,NA,0,0,0,-180
6406,50,84,216.414,267.929,66602.242,2,255,745.471,465.806,NA,0,0,0,0
6407,50,85,207.828,260.859,66902.253,2,121,756.593,476.889,NA,11.123,0.037,-140.528,-140.528
6408,50,86,203.283,258.333,67202.263,2,152,761.793,482.064,NA,5.2,0.017,-150.945,-10.418
6409,50,87,203.283,258.333,67502.273,2,114,761.793,482.064,NA,0,0,0,150.945
6410,50,88,203.283,250.253,67802.283,2,99,769.874,486.7,NA,8.081,0.027,-90,-90
6411,50,89,190.657,249.747,68102.293,2,189,782.51,497.333,NA,12.636,0.042,-177.709,-87.709
6412,50,90,178.535,249.242,68402.303,2,112,794.642,507.637,NA,12.132,0.04,-177.614,0.095
6413,50,91,177.525,249.242,68702.313,2,221,795.652,508.476,NA,1.01,0.003,180,-2.386
6414,50,92,176.01,249.242,69002.323,2,230,797.167,509.736,NA,1.515,0.005,180,0
6415,50,93,164.899,247.727,69302.333,2,205,808.381,519.842,NA,11.214,0.037,-172.235,7.765
6416,50,94,152.778,247.727,69602.344,2,217,820.502,530.029,NA,12.121,0.04,180,-7.765
6417,50,95,145.202,251.263,69902.354,2,255,828.862,534.57,NA,8.36,0.028,154.983,-25.017
6418,50,96,143.687,251.263,70202.364,2,200,830.377,535.86,NA,1.515,0.005,180,25.017
6419,50,97,143.687,251.263,70502.374,2,198,830.377,535.86,NA,0,0,0,-180
6420,50,98,138.636,250.758,70802.384,2,255,835.453,540.43,NA,5.076,0.017,-174.289,-174.289
6421,50,99,138.636,250.758,71102.394,2,233,835.453,540.43,NA,0,0,0,174.289
6422,50,100,138.636,250.758,71402.404,2,255,835.453,540.43,NA,0,0,0,0
6423,50,101,135.606,247.222,71702.414,2,212,840.109,544.86,NA,4.656,0.016,-130.601,-130.601
6424,50,103,135.606,239.646,72002.424,2,118,847.685,548.86,NA,7.576,0.025,-90,40.601
